episode,op_actual,category_id,generation_source,params_mutated,params_crossed,n_params_differ,ego_on_intersection,intersection_has_cars,distractor_cars,has_brake_checker,has_cluster,maximum_distractor_speed,distance_to_nearest,cluster_dist,brake_dist,intersection_cars,num_steps,reward_sum,pvl,failure,termination_reason
0,fresh,3,fresh,,,0,0,0,4,0,1,20.0,40.0,5.0,10.0,3,500,0.1951761245727539,0.19733274645358323,,crash_vehicle
1,fresh,6,fresh,,,0,0,0,18,1,1,5.0,40.0,5.0,55.0,2,1000,11.152142524719238,0.2543867528438568,,max_step
2,fresh,5,fresh,,,0,0,0,12,0,1,20.0,20.0,15.0,35.0,0,1000,11.867239952087402,0.25190494386572393,,max_step
3,fresh,0,fresh,,,0,0,0,0,0,0,15.0,20.0,10.0,10.0,0,655,2.1797127723693848,0.1998386601839243,,out_of_road
4,fresh,1,fresh,,,0,0,0,2,0,0,10.0,5.0,15.0,35.0,2,1000,14.990913391113281,0.27660763708502056,,max_step
5,fresh,5,fresh,,,0,1,0,12,1,0,10.0,5.0,10.0,35.0,1,801,4.060340881347656,0.1880316763021024,,out_of_road
6,fresh,2,fresh,,,0,0,0,3,0,0,20.0,40.0,15.0,35.0,0,774,5.700139999389648,0.22178571649949796,,out_of_road
7,fresh,1,fresh,,,0,0,0,2,1,0,20.0,40.0,15.0,55.0,2,231,-0.6392431259155273,0.2495456365505596,,crash_vehicle
8,fresh,1,fresh,,,0,0,0,2,1,1,5.0,5.0,15.0,35.0,1,1000,22.411211013793945,0.35375695434957743,,max_step
9,fresh,4,fresh,,,0,0,0,8,1,0,10.0,10.0,5.0,20.0,2,975,17.033061981201172,0.3543599982597889,,crash_vehicle
10,fresh,1,fresh,,,0,1,0,2,0,0,15.0,5.0,10.0,35.0,1,1000,32.34882736206055,0.474096761544235,,max_step
11,fresh,4,fresh,,,0,1,1,8,1,1,10.0,40.0,5.0,55.0,0,526,6.919264793395996,0.3084157817561477,,out_of_road
12,fresh,5,fresh,,,0,1,0,12,0,1,15.0,5.0,10.0,10.0,1,141,-0.4650263786315918,0.2472345185538767,,crash_vehicle
13,fresh,6,fresh,,,0,0,0,18,1,0,10.0,10.0,10.0,35.0,1,192,-0.8592076301574707,0.21026007869901756,,out_of_road
14,fresh,4,fresh,,,0,0,0,8,1,0,10.0,10.0,5.0,20.0,2,1000,28.5954647064209,0.41569634124450383,,max_step
15,fresh,0,fresh,,,0,1,0,0,0,0,10.0,40.0,15.0,20.0,0,585,13.907846450805664,0.44465962507658535,,out_of_road
16,fresh,4,fresh,,,0,1,0,8,0,1,5.0,20.0,15.0,10.0,1,187,2.1029014587402344,0.45469536883308287,,out_of_road
17,fresh,3,fresh,,,0,0,0,5,0,0,10.0,40.0,15.0,10.0,1,151,-0.4687361717224121,0.32315909623519967,,out_of_road
18,fresh,6,fresh,,,0,0,0,18,0,0,10.0,5.0,10.0,55.0,1,794,16.092334747314453,0.44217169357426184,,out_of_road
19,fresh,0,fresh,,,0,1,0,1,0,0,5.0,5.0,10.0,10.0,1,452,17.95693588256836,0.7135448087814503,,out_of_road
20,fresh,1,fresh,,,0,0,0,2,1,0,10.0,40.0,15.0,55.0,0,1000,10.863529205322266,0.2500797098320909,,max_step
21,fresh,3,fresh,,,0,1,1,4,0,0,10.0,10.0,10.0,35.0,2,500,23.36996078491211,0.7656317057162523,,crash_vehicle
22,fresh,1,fresh,,,0,0,0,2,0,1,10.0,10.0,5.0,10.0,1,335,20.94968032836914,1.0625653494649858,,out_of_road
23,fresh,0,fresh,,,0,1,1,0,0,0,20.0,40.0,5.0,10.0,0,168,4.91691780090332,0.7489290256829312,,out_of_road
24,fresh,4,fresh,,,0,0,0,8,1,1,10.0,20.0,15.0,35.0,2,471,2.9150772094726562,0.45298611237855346,,out_of_road
25,fresh,0,fresh,,,0,1,0,0,0,0,5.0,20.0,5.0,55.0,0,229,6.82215690612793,0.7623194942970691,,out_of_road
26,mutation,2,mutation,distance_to_nearest,,1,0,0,3,0,0,20.0,20.0,15.0,35.0,0,207,0.8176102638244629,0.30380844873722623,,out_of_road
27,fresh,4,fresh,,,0,1,1,8,1,1,5.0,40.0,10.0,55.0,3,406,-0.2343120574951172,0.3753617071532851,,out_of_road
28,crossover,1,crossover,,has_brake_checker|has_cluster|maximum_distractor_speed,1,0,0,2,0,0,15.0,5.0,15.0,35.0,2,132,4.98182487487793,0.836450029616103,,out_of_road
29,fresh,5,fresh,,,0,1,0,12,1,0,15.0,10.0,5.0,20.0,2,95,5.7412519454956055,1.00272947298853,,crash_vehicle
30,replay,5,replay,,,0,1,0,12,1,0,15.0,10.0,5.0,20.0,2,234,8.790788650512695,0.6131363132666064,,crash_vehicle
31,fresh,2,fresh,,,0,0,0,3,1,0,10.0,20.0,10.0,55.0,2,146,1.0439434051513672,0.47531441173018657,,out_of_road
32,crossover,0,crossover,,distractor_cars|intersection_cars|maximum_distractor_speed|distance_to_nearest|cluster_dist|brake_dist,3,1,1,0,0,0,10.0,40.0,15.0,20.0,0,72,-0.44199466705322266,0.48980582940081757,,out_of_road
33,fresh,3,fresh,,,0,1,0,5,0,0,5.0,10.0,10.0,35.0,0,152,0.6551418304443359,0.30415643961168826,,out_of_road
34,mutation,4,mutation,distance_to_nearest,,1,1,1,8,1,1,10.0,10.0,5.0,55.0,0,219,9.659621238708496,0.7724543401979964,,out_of_road
35,fresh,6,fresh,,,0,0,0,18,1,1,5.0,5.0,10.0,55.0,2,210,3.9946374893188477,0.5155785201560883,,out_of_road
36,mutation,1,mutation,intersection_cars,,1,0,0,2,0,1,10.0,10.0,5.0,10.0,0,257,15.408870697021484,0.9425295841253222,,out_of_road
37,fresh,1,fresh,,,0,0,0,2,0,1,20.0,20.0,15.0,55.0,1,114,1.2218432426452637,0.4862777622939463,,out_of_road
38,mutation,0,mutation,brake_dist,,0,1,0,0,0,0,5.0,20.0,5.0,55.0,0,523,27.034343719482422,0.8418801269898223,,out_of_road
39,fresh,0,fresh,,,0,1,1,0,1,0,20.0,5.0,10.0,55.0,0,113,2.9110922813415527,0.6989011707822833,,out_of_road
40,replay,0,replay,,,0,1,1,0,1,0,20.0,5.0,10.0,55.0,0,70,0.6455245018005371,0.44071750811168126,,out_of_road
41,fresh,6,fresh,,,0,1,1,18,1,0,20.0,40.0,10.0,55.0,2,551,39.23533248901367,1.1842992773478995,,out_of_road
42,crossover,0,crossover,,select_lane|ego_on_intersection|intersection_has_cars|has_cluster|distance_to_nearest|cluster_dist,3,1,0,0,0,0,15.0,20.0,5.0,10.0,0,68,1.4033308029174805,0.6742967402233797,,out_of_road
43,fresh,0,fresh,,,0,0,0,0,0,0,15.0,40.0,15.0,35.0,0,112,6.756207466125488,1.1160608605880822,,out_of_road
44,replay,0,replay,,,0,0,0,0,0,0,15.0,40.0,15.0,35.0,0,86,0.987861156463623,0.3994179465049921,,out_of_road
45,fresh,3,fresh,,,0,1,1,4,1,0,15.0,10.0,15.0,55.0,3,98,0.19130420684814453,0.30404397085004925,,out_of_road
46,crossover,3,crossover,,select_lane|ego_on_intersection|intersection_has_cars|intersection_cars|cluster_dist,4,1,1,5,0,0,5.0,10.0,15.0,35.0,3,64,1.0907888412475586,0.7010759776458144,,out_of_road
47,fresh,2,fresh,,,0,0,0,3,0,1,10.0,20.0,10.0,55.0,1,58,-1.1602404117584229,0.18320987283669668,,out_of_road
48,crossover,3,crossover,,select_lane|ego_on_intersection|intersection_has_cars|distractor_cars|has_cluster|maximum_distractor_speed|distance_to_nearest|brake_dist,8,0,0,4,0,1,20.0,40.0,15.0,10.0,3,164,4.541236877441406,0.712173291550177,,crash_vehicle
49,fresh,0,fresh,,,0,0,0,0,1,0,20.0,20.0,5.0,10.0,0,176,8.464703559875488,0.8910567936043001,,out_of_road
50,replay,0,replay,,,0,0,0,0,1,0,20.0,20.0,5.0,10.0,0,191,12.018239974975586,1.0447928940594509,,out_of_road
51,fresh,5,fresh,,,0,1,1,12,1,1,5.0,5.0,5.0,35.0,0,172,8.541677474975586,0.816845299979282,,out_of_road
52,mutation,0,mutation,cluster_dist,,8,0,0,0,0,0,10.0,5.0,5.0,20.0,0,94,1.2535228729248047,0.5431272546027569,rejection_fallback,out_of_road
53,fresh,1,fresh,,,0,0,0,2,1,0,5.0,5.0,10.0,20.0,0,133,8.071881294250488,0.9033993856799334,,out_of_road
54,crossover,4,crossover,,distractor_cars|intersection_cars|maximum_distractor_speed|cluster_dist,1,1,1,8,1,1,10.0,10.0,5.0,55.0,2,124,5.402754783630371,0.7022728810026762,,out_of_road
55,fresh,3,fresh,,,0,1,1,4,1,1,5.0,5.0,10.0,35.0,0,53,-0.8341927528381348,0.25835675886779463,,out_of_road
56,mutation,3,mutation,has_cluster,,1,0,0,4,0,0,20.0,40.0,5.0,10.0,3,162,5.387065887451172,0.7772851667286437,,out_of_road
57,fresh,3,fresh,,,0,0,0,5,0,1,5.0,5.0,15.0,55.0,3,130,5.385860443115234,0.607326545050511,,crash_vehicle
58,replay,3,replay,,,0,0,0,5,0,1,5.0,5.0,15.0,55.0,3,92,4.206127166748047,0.9697871621617157,,out_of_road
59,fresh,0,fresh,,,0,0,0,0,1,0,20.0,5.0,15.0,35.0,0,217,18.73501205444336,1.2578799634107523,,out_of_road
60,mutation,3,mutation,distractor_cars,,2,0,0,4,1,0,20.0,20.0,5.0,35.0,0,69,0.7369518280029297,0.3874108980315319,,out_of_road
61,fresh,0,fresh,,,0,1,0,1,0,1,10.0,40.0,5.0,55.0,1,428,21.02836036682129,0.7109122305551422,,out_of_road
62,replay,0,replay,,,0,1,0,1,0,1,10.0,40.0,5.0,55.0,1,98,4.090166091918945,0.9318331680735763,,out_of_road
63,fresh,3,fresh,,,0,1,1,5,0,0,5.0,10.0,10.0,10.0,1,88,1.489278793334961,0.32203452687033196,,out_of_road
64,replay,3,replay,,,0,1,1,5,0,0,5.0,10.0,10.0,10.0,1,101,6.721503257751465,0.9403682476518178,,out_of_road
65,fresh,4,fresh,,,0,0,0,8,0,1,20.0,40.0,5.0,35.0,1,341,13.52450180053711,0.6574925337494775,,out_of_road
66,replay,4,replay,,,0,0,0,8,0,1,20.0,40.0,5.0,35.0,1,120,4.181210517883301,0.5644661299418658,,crash_vehicle
67,fresh,0,fresh,,,0,1,0,0,0,0,5.0,5.0,5.0,55.0,0,130,3.469968795776367,0.585912696329447,,out_of_road
68,replay,0,replay,,,0,1,0,0,0,0,5.0,5.0,5.0,55.0,0,239,18.080516815185547,1.1141122272822648,,out_of_road
69,fresh,2,fresh,,,0,1,0,3,1,1,10.0,5.0,15.0,20.0,0,324,16.751937866210938,0.7627334578284695,,out_of_road
70,crossover,5,crossover,,distractor_cars|intersection_cars|maximum_distractor_speed|cluster_dist|brake_dist,3,1,0,12,0,1,15.0,5.0,5.0,20.0,2,59,-0.9832320213317871,0.14380827912334668,,crash_vehicle
71,fresh,3,fresh,,,0,0,0,4,0,1,20.0,40.0,10.0,35.0,3,139,5.080324172973633,0.7426741974924108,,out_of_road
72,replay,3,replay,,,0,0,0,4,0,1,20.0,40.0,10.0,35.0,3,47,-0.07863855361938477,0.08850692814969002,,crash_vehicle
73,fresh,3,fresh,,,0,1,0,4,1,0,10.0,20.0,10.0,55.0,1,222,9.021188735961914,0.7728603066675164,,out_of_road
74,replay,3,replay,,,0,1,0,4,1,0,10.0,20.0,10.0,55.0,1,59,0.42542266845703125,0.5767604269845,,out_of_road
75,fresh,6,fresh,,,0,1,1,18,0,0,20.0,5.0,10.0,20.0,3,69,1.4230866432189941,0.5100169620220212,,out_of_road
76,mutation,1,mutation,distractor_cars,,1,0,0,2,1,0,20.0,20.0,5.0,35.0,0,100,3.350226402282715,0.7212794373556971,,out_of_road
77,fresh,3,fresh,,,0,0,0,5,1,0,15.0,40.0,15.0,55.0,3,75,2.5722408294677734,0.873829528093338,,out_of_road
78,crossover,2,crossover,,select_lane|ego_on_intersection|intersection_has_cars|intersection_cars|has_cluster|cluster_dist|brake_dist,0,0,0,3,0,0,20.0,20.0,15.0,35.0,0,157,5.5794477462768555,0.7178206379958398,,out_of_road
79,fresh,1,fresh,,,0,0,0,2,1,0,15.0,40.0,5.0,55.0,2,248,21.604463577270508,1.2950952105344302,,out_of_road
80,crossover,4,crossover,,select_lane|ego_on_intersection|intersection_has_cars|has_brake_checker|intersection_cars|distance_to_nearest,5,0,0,8,0,1,5.0,40.0,10.0,55.0,1,218,13.872344970703125,0.9780799746855137,,out_of_road
81,fresh,6,fresh,,,0,1,1,18,1,0,5.0,5.0,15.0,55.0,2,34,-0.4713311195373535,0.12053492051713607,,crash_vehicle
82,mutation,1,mutation,distractor_cars,,1,0,0,2,0,0,10.0,5.0,10.0,55.0,1,53,1.863600730895996,0.38671210745595536,,crash_vehicle
83,fresh,0,fresh,,,0,1,0,0,1,0,10.0,10.0,5.0,55.0,0,73,0.7003955841064453,0.6252110930134173,,out_of_road
84,mutation,0,mutation,maximum_distractor_speed,,1,0,0,0,1,0,5.0,5.0,15.0,35.0,0,355,24.284778594970703,0.9922795351752093,,out_of_road
85,fresh,1,fresh,,,0,0,0,2,0,0,10.0,20.0,5.0,55.0,1,134,6.512416839599609,0.8502106796394089,,out_of_road
86,crossover,3,crossover,,select_lane|ego_on_intersection|intersection_has_cars|distractor_cars|has_brake_checker|has_cluster|cluster_dist,5,0,0,4,0,0,5.0,10.0,5.0,35.0,3,114,4.879321098327637,0.6164952578317178,,crash_vehicle
87,fresh,5,fresh,,,0,1,0,12,0,1,15.0,40.0,5.0,10.0,1,66,3.670452117919922,0.7145704956668796,,out_of_road
88,mutation,1,mutation,distractor_cars,,1,0,0,2,0,0,20.0,20.0,15.0,35.0,0,95,6.265380859375,1.1220745656051134,,out_of_road
89,fresh,3,fresh,,,0,1,0,4,0,0,5.0,5.0,15.0,55.0,0,40,-0.7433485984802246,0.05632303059101105,,crash_vehicle
90,replay,3,replay,,,0,1,0,4,0,0,5.0,5.0,15.0,55.0,0,249,22.969974517822266,1.3611680878752686,,out_of_road
91,fresh,0,fresh,,,0,0,0,1,1,0,10.0,40.0,5.0,55.0,1,97,3.863140106201172,0.726350286975503,,out_of_road
92,crossover,0,crossover,,has_brake_checker|intersection_cars|has_cluster|cluster_dist|brake_dist,1,1,0,0,0,0,10.0,10.0,5.0,55.0,0,182,16.364133834838867,1.4067846489967881,,out_of_road
93,fresh,1,fresh,,,0,0,0,2,1,1,5.0,20.0,15.0,55.0,0,86,-13.495367050170898,0.0,,crash_vehicle
94,replay,1,replay,,,0,0,0,2,1,1,5.0,20.0,15.0,55.0,0,62,1.4474821090698242,0.651614511205304,,out_of_road
95,fresh,0,fresh,,,0,0,0,1,0,1,20.0,5.0,5.0,55.0,1,50,-5.798972129821777,0.0,,out_of_road
96,mutation,3,mutation,brake_dist,,0,1,1,5,0,0,5.0,10.0,15.0,35.0,3,171,11.809667587280273,1.0167773855708495,,out_of_road
97,fresh,3,fresh,,,0,1,1,4,1,0,10.0,10.0,10.0,35.0,0,91,2.509004592895508,0.3709024401320206,,out_of_road
98,replay,3,replay,,,0,1,1,4,1,0,10.0,10.0,10.0,35.0,0,133,19.26506805419922,2.1424695630942967,,out_of_road
99,fresh,1,fresh,,,0,1,1,2,0,0,10.0,5.0,5.0,55.0,0,70,-0.048485755920410156,0.6688694487724985,,out_of_road
100,replay,1,replay,,,0,1,1,2,0,0,10.0,5.0,5.0,55.0,0,99,1.9944629669189453,0.27029948087051664,,out_of_road
101,fresh,3,fresh,,,0,0,0,4,1,0,20.0,40.0,15.0,55.0,0,76,1.1322441101074219,0.4709223950967977,,out_of_road
102,mutation,3,mutation,cluster_dist,,1,0,0,5,0,0,10.0,40.0,5.0,10.0,1,159,9.345529556274414,0.837828813858752,,out_of_road
103,fresh,3,fresh,,,0,1,1,5,1,0,20.0,10.0,5.0,35.0,0,50,0.3855438232421875,0.2023259699344635,,out_of_road
104,crossover,6,crossover,,maximum_distractor_speed|distance_to_nearest|cluster_dist,2,1,1,18,1,0,5.0,5.0,10.0,55.0,2,120,12.70146369934082,1.5680943874021371,,out_of_road
105,fresh,0,fresh,,,0,0,0,1,1,0,5.0,5.0,15.0,35.0,0,298,21.941633224487305,0.9554327933005239,,out_of_road
106,crossover,4,crossover,,intersection_cars|has_cluster|distance_to_nearest|cluster_dist|brake_dist,3,1,1,8,1,1,10.0,40.0,10.0,55.0,1,98,1.545499324798584,0.6173896378248321,,out_of_road
107,fresh,1,fresh,,,0,0,0,2,1,0,15.0,40.0,15.0,55.0,1,41,-1.9628455638885498,0.07815094183130962,,out_of_road
108,mutation,6,mutation,distractor_cars,,1,1,1,18,1,1,10.0,40.0,5.0,55.0,0,130,3.409841537475586,0.4282338420358988,,out_of_road
109,fresh,3,fresh,,,0,0,0,4,0,1,20.0,5.0,15.0,10.0,1,54,0.5796270370483398,0.49942650894323987,,crash_vehicle
110,replay,3,replay,,,0,0,0,4,0,1,20.0,5.0,15.0,10.0,1,116,-1.7870769500732422,0.4849095231500165,,out_of_road
111,fresh,3,fresh,,,0,1,1,4,1,1,15.0,40.0,10.0,55.0,1,168,13.932550430297852,1.1918469330828105,,out_of_road
112,crossover,0,crossover,,maximum_distractor_speed|brake_dist,2,0,0,1,1,0,20.0,5.0,15.0,20.0,0,42,0.05251598358154297,0.09636819256203515,,crash_vehicle
113,fresh,4,fresh,,,0,1,1,8,0,1,15.0,5.0,5.0,55.0,2,76,2.341304302215576,0.20859503719073377,,crash_vehicle
114,mutation,2,mutation,select_road|select_lane|ego_on_intersection|intersection_has_cars,,3,1,1,3,0,0,20.0,20.0,15.0,35.0,0,97,1.2866363525390625,0.5008755525785316,,out_of_road
115,fresh,4,fresh,,,0,0,0,8,0,0,15.0,5.0,15.0,55.0,2,65,4.695218086242676,0.8034738877644906,,out_of_road
116,mutation,0,mutation,brake_dist,,1,0,0,0,1,0,20.0,5.0,15.0,20.0,0,292,29.742008209228516,1.333895473906847,,out_of_road
117,fresh,6,fresh,,,0,0,0,18,1,0,10.0,5.0,5.0,20.0,2,44,-0.7833871841430664,0.082789731296626,,crash_vehicle
118,mutation,3,mutation,distractor_cars,,1,0,0,4,1,0,15.0,40.0,15.0,55.0,3,129,8.117574691772461,1.0682596503071082,,crash_vehicle
119,fresh,0,fresh,,,0,0,0,0,0,0,20.0,5.0,10.0,35.0,0,75,1.0101370811462402,0.44617262557148935,,out_of_road
120,crossover,6,crossover,,distractor_cars|has_brake_checker|has_cluster|distance_to_nearest|cluster_dist|brake_dist,3,1,1,18,1,0,20.0,5.0,5.0,20.0,2,91,9.49759578704834,1.5582453562663152,,out_of_road
121,fresh,0,fresh,,,0,0,0,1,1,1,20.0,5.0,10.0,35.0,1,88,3.241413116455078,0.6809017759832469,,out_of_road
122,mutation,3,mutation,cluster_dist,,1,1,1,4,1,1,15.0,40.0,5.0,55.0,1,298,32.79471969604492,1.524956472543062,,out_of_road
123,fresh,2,fresh,,,0,0,0,3,0,0,10.0,20.0,5.0,35.0,3,96,1.5110645294189453,0.43176286985787254,,out_of_road
124,crossover,6,crossover,,has_brake_checker|distance_to_nearest|cluster_dist,1,0,0,18,1,0,10.0,5.0,10.0,35.0,1,40,0.470120906829834,0.2513297628611326,,crash_vehicle
125,fresh,0,fresh,,,0,0,0,0,0,0,20.0,20.0,5.0,35.0,0,43,-3.4851694107055664,0.06563259639538997,,out_of_road
126,crossover,3,crossover,,select_lane|ego_on_intersection|intersection_has_cars|has_brake_checker|distance_to_nearest|cluster_dist,2,0,0,5,0,0,15.0,40.0,15.0,55.0,3,37,-1.9323832988739014,0.022635554542412627,,out_of_road
127,fresh,1,fresh,,,0,0,0,2,0,1,20.0,40.0,15.0,10.0,2,174,19.216777801513672,1.5993801071469127,,out_of_road
128,mutation,5,mutation,brake_dist,,1,1,1,12,1,1,5.0,5.0,5.0,20.0,0,141,8.070115089416504,0.8329785968183626,,out_of_road
129,fresh,4,fresh,,,0,0,0,8,1,1,20.0,40.0,10.0,55.0,0,78,3.3968467712402344,0.4657930063131528,,crash_vehicle
130,crossover,2,crossover,,select_lane|ego_on_intersection|intersection_has_cars|distractor_cars|distance_to_nearest|cluster_dist,0,0,0,3,0,0,20.0,20.0,15.0,35.0,0,171,21.319091796875,1.7420985732685055,,out_of_road
131,fresh,4,fresh,,,0,0,0,8,1,0,10.0,40.0,10.0,55.0,1,155,10.060635566711426,0.7513722894653198,,out_of_road
132,crossover,2,crossover,,distractor_cars|intersection_cars|maximum_distractor_speed,0,0,0,3,0,0,20.0,20.0,15.0,35.0,0,128,4.159946441650391,0.865096812020056,,out_of_road
133,fresh,6,fresh,,,0,0,0,18,0,0,20.0,20.0,5.0,10.0,0,124,7.84294319152832,0.8947729369805705,,out_of_road
134,mutation,1,mutation,select_road|select_lane|ego_on_intersection|intersection_has_cars,,1,0,0,2,0,0,10.0,20.0,5.0,55.0,1,363,34.26567459106445,1.2904304457063847,,out_of_road
135,fresh,3,fresh,,,0,1,1,4,0,1,10.0,5.0,5.0,20.0,0,42,-1.7207362651824951,0.08172794502405893,,out_of_road
136,mutation,2,mutation,cluster_dist,,1,1,0,3,1,1,10.0,5.0,5.0,20.0,0,145,12.144887924194336,0.9720919991361684,,crash_vehicle
137,fresh,5,fresh,,,0,1,1,12,1,1,20.0,20.0,15.0,55.0,1,100,8.606911659240723,1.115659305304289,,out_of_road
138,mutation,2,mutation,has_brake_checker,,0,0,0,3,0,0,20.0,20.0,15.0,35.0,0,188,16.858287811279297,0.9516332461597755,,out_of_road
139,fresh,0,fresh,,,0,1,1,1,0,1,20.0,5.0,5.0,10.0,0,100,6.6608991622924805,1.309128021672368,,out_of_road
140,replay,0,replay,,,0,1,1,1,0,1,20.0,5.0,5.0,10.0,0,97,4.7852020263671875,0.908431851065036,,out_of_road
141,fresh,3,fresh,,,0,0,0,5,1,0,20.0,5.0,10.0,20.0,3,329,31.684688568115234,1.3607644621158261,,out_of_road
142,crossover,0,crossover,,select_lane|ego_on_intersection|intersection_has_cars|distractor_cars|has_brake_checker|maximum_distractor_speed,3,1,0,0,1,0,10.0,20.0,5.0,10.0,0,286,33.20521926879883,1.4115975970936405,,out_of_road
143,fresh,2,fresh,,,0,0,0,3,0,0,5.0,5.0,5.0,10.0,3,63,-2.8287413120269775,0.13813976742445477,,out_of_road
144,crossover,4,crossover,,distractor_cars|intersection_cars|distance_to_nearest|cluster_dist,3,0,0,8,0,0,15.0,40.0,10.0,55.0,1,86,5.492654800415039,0.6722009672328483,,crash_vehicle
145,fresh,0,fresh,,,0,0,0,1,0,0,10.0,10.0,10.0,35.0,1,157,13.857316970825195,1.45263437055953,,out_of_road
146,replay,0,replay,,,0,0,0,1,0,0,10.0,10.0,10.0,35.0,1,82,4.256796836853027,0.4043251690341205,,out_of_road
147,fresh,3,fresh,,,0,1,0,5,1,0,5.0,20.0,5.0,35.0,2,80,1.8170428276062012,0.6254611032549292,,out_of_road
148,mutation,6,mutation,cluster_dist,,0,1,1,18,1,0,20.0,5.0,5.0,20.0,2,48,0.38094329833984375,0.2343672957892219,,crash_vehicle
149,fresh,0,fresh,,,0,0,0,1,0,1,5.0,5.0,10.0,55.0,1,86,-0.22707891464233398,0.37544320740325504,,out_of_road
150,mutation,4,mutation,maximum_distractor_speed,,1,0,0,8,0,0,20.0,40.0,10.0,55.0,1,90,3.104734420776367,0.6334086746805244,,out_of_road
151,fresh,0,fresh,,,0,0,0,1,0,1,15.0,5.0,10.0,35.0,1,54,-0.8348293304443359,0.4275580136864274,,out_of_road
152,replay,0,replay,,,0,0,0,1,0,1,15.0,5.0,10.0,35.0,1,58,0.36229991912841797,0.1491255509699213,,out_of_road
153,fresh,3,fresh,,,0,1,1,5,0,1,5.0,5.0,10.0,20.0,0,151,17.65547752380371,1.7796286368212164,,crash_vehicle
154,mutation,2,mutation,intersection_cars,,1,0,0,3,0,0,20.0,20.0,15.0,35.0,3,103,2.4871912002563477,0.6411787214716083,,out_of_road
155,fresh,2,fresh,,,0,0,0,3,0,1,20.0,40.0,5.0,10.0,2,49,1.316408634185791,0.36189696466436194,,out_of_road
156,replay,2,replay,,,0,0,0,3,0,1,20.0,40.0,5.0,10.0,2,236,13.712791442871094,1.0299499140799804,,crash_vehicle
157,fresh,6,fresh,,,0,1,1,18,1,0,10.0,40.0,10.0,55.0,3,112,6.1607208251953125,0.8129479418275878,,out_of_road
158,replay,6,replay,,,0,1,1,18,1,0,10.0,40.0,10.0,55.0,3,138,8.721668243408203,1.1484060531509095,,out_of_road
159,fresh,3,fresh,,,0,1,1,5,0,1,5.0,10.0,15.0,35.0,2,94,9.388894081115723,1.1991063131296888,,crash_vehicle
160,crossover,3,crossover,,select_lane|ego_on_intersection|intersection_has_cars|has_brake_checker|intersection_cars|has_cluster|cluster_dist|brake_dist,6,0,0,4,1,0,15.0,40.0,15.0,55.0,3,87,0.9716281890869141,0.4165790441991954,,out_of_road
161,fresh,1,fresh,,,0,0,0,2,1,1,10.0,10.0,5.0,55.0,2,323,20.946792602539062,1.1822335356990619,,out_of_road
162,crossover,3,crossover,,select_lane|ego_on_intersection|intersection_has_cars|distractor_cars|cluster_dist|brake_dist,4,0,0,5,0,1,20.0,40.0,5.0,10.0,3,59,0.6014513969421387,0.2525558409801984,,out_of_road
163,fresh,1,fresh,,,0,1,1,2,1,0,20.0,5.0,10.0,55.0,0,37,-0.7713074684143066,0.17587902779514725,,crash_vehicle
164,crossover,1,crossover,,distractor_cars|has_brake_checker|intersection_cars|brake_dist,2,0,0,2,0,1,10.0,10.0,5.0,55.0,1,85,0.5321826934814453,0.33366964078124833,,out_of_road
165,fresh,0,fresh,,,0,1,0,0,0,0,5.0,10.0,15.0,20.0,0,132,6.979707717895508,1.0783072096916537,,out_of_road
166,mutation,2,mutation,cluster_dist,,1,0,0,3,0,0,20.0,20.0,5.0,35.0,0,152,11.855998992919922,1.0765117166661902,,out_of_road
167,fresh,1,fresh,,,0,0,0,2,0,0,20.0,10.0,5.0,35.0,0,59,0.01643514633178711,0.30616830415644886,,out_of_road
168,replay,1,replay,,,0,0,0,2,0,0,20.0,10.0,5.0,35.0,0,266,26.37786293029785,1.3624778275791192,,out_of_road
169,fresh,2,fresh,,,0,1,0,3,0,0,5.0,40.0,10.0,35.0,3,106,9.941527366638184,1.147580404607755,,out_of_road
170,crossover,6,crossover,,select_lane|ego_on_intersection|intersection_has_cars|distractor_cars|has_brake_checker|intersection_cars|maximum_distractor_speed|distance_to_nearest|brake_dist,7,0,0,18,0,0,20.0,20.0,10.0,10.0,0,189,15.757625579833984,1.1934584239349952,,out_of_road
171,fresh,1,fresh,,,0,1,0,2,0,1,15.0,10.0,15.0,20.0,1,65,1.697418212890625,0.4247289808896872,,out_of_road
172,mutation,6,mutation,maximum_distractor_speed,,0,0,0,18,1,1,5.0,5.0,10.0,55.0,2,39,-0.8468194007873535,0.08999836564255066,,crash_vehicle
173,fresh,0,fresh,,,0,1,1,1,0,1,20.0,5.0,10.0,10.0,1,106,9.639525413513184,1.1636815270725287,,out_of_road
174,mutation,5,mutation,distractor_cars,,1,1,0,12,0,0,5.0,5.0,5.0,55.0,0,111,9.316515922546387,1.1316115744747557,,out_of_road
175,fresh,3,fresh,,,0,0,0,5,0,1,10.0,10.0,5.0,55.0,1,112,1.4105854034423828,0.3504375929145941,,out_of_road
176,mutation,2,mutation,has_cluster,,0,0,0,3,0,0,20.0,20.0,15.0,35.0,0,239,26.50731658935547,1.5384297044830841,,out_of_road
177,fresh,0,fresh,,,0,0,0,1,1,1,5.0,5.0,5.0,20.0,1,65,4.469534873962402,0.551654888689518,,crash_vehicle
178,crossover,3,crossover,,select_lane|ego_on_intersection|intersection_has_cars|intersection_cars|distance_to_nearest|cluster_dist,2,0,0,4,1,0,20.0,40.0,15.0,55.0,3,33,-1.4308722019195557,0.10963201522827148,,out_of_road
179,fresh,1,fresh,,,0,1,0,2,0,0,15.0,20.0,15.0,20.0,2,48,-0.9668350219726562,0.2657085087460776,,out_of_road
180,mutation,1,mutation,distance_to_nearest,,1,0,0,2,0,0,20.0,40.0,15.0,35.0,0,69,5.711361885070801,0.8764130397551302,,out_of_road
181,fresh,2,fresh,,,0,0,0,3,1,1,20.0,20.0,15.0,35.0,3,92,10.424431800842285,1.488069135857665,,out_of_road
182,mutation,4,mutation,intersection_cars,,1,1,1,8,1,1,10.0,10.0,5.0,55.0,1,230,13.689313888549805,0.8838150283240753,,out_of_road
183,fresh,3,fresh,,,0,1,0,5,1,0,15.0,40.0,10.0,55.0,2,58,0.2606024742126465,0.545988614767276,,out_of_road
184,replay,3,replay,,,0,1,0,5,1,0,15.0,40.0,10.0,55.0,2,234,22.5249080657959,1.238187383287228,,out_of_road
185,fresh,0,fresh,,,0,1,1,0,0,0,5.0,40.0,10.0,20.0,0,90,2.538970947265625,0.39759323116805817,,out_of_road
186,crossover,0,crossover,,select_lane|ego_on_intersection|intersection_has_cars|intersection_cars|has_cluster|cluster_dist,0,0,0,0,1,0,20.0,5.0,15.0,35.0,0,101,6.330753326416016,0.7300998772134876,,out_of_road
187,fresh,0,fresh,,,0,0,0,1,0,0,20.0,40.0,5.0,10.0,0,97,8.68310260772705,1.3709323768763197,,out_of_road
188,crossover,1,crossover,,select_lane|ego_on_intersection|intersection_has_cars|has_brake_checker|has_cluster|distance_to_nearest|cluster_dist|brake_dist,6,0,0,2,1,0,10.0,20.0,5.0,35.0,0,89,0.952141284942627,0.4260309397169713,,out_of_road
189,fresh,0,fresh,,,0,1,0,1,0,1,20.0,20.0,5.0,10.0,0,88,1.436478614807129,0.24114898041906682,,out_of_road
190,crossover,4,crossover,,select_lane|ego_on_intersection|intersection_has_cars|distractor_cars|maximum_distractor_speed,0,1,1,8,1,1,10.0,40.0,10.0,55.0,1,199,18.458080291748047,1.02890988252121,,out_of_road
191,fresh,0,fresh,,,0,0,0,0,0,0,10.0,5.0,5.0,20.0,0,165,11.649438858032227,0.92697674036026,rejection_fallback,out_of_road
192,replay,0,replay,,,0,0,0,0,0,0,10.0,5.0,5.0,20.0,0,61,-0.01858043670654297,0.3509404759426586,,out_of_road
193,fresh,3,fresh,,,0,1,0,5,0,1,15.0,5.0,10.0,10.0,1,117,2.8690080642700195,0.24128449525142837,,out_of_road
194,replay,3,replay,,,0,1,0,5,0,1,15.0,5.0,10.0,10.0,1,60,0.1248774528503418,0.10197678891321023,,crash_vehicle
195,fresh,1,fresh,,,0,0,0,2,0,1,15.0,40.0,10.0,35.0,0,64,1.5325288772583008,0.3480787045555189,,out_of_road
196,crossover,6,crossover,,intersection_cars|has_cluster|cluster_dist|brake_dist,2,0,0,18,0,1,20.0,20.0,5.0,55.0,0,79,1.7673254013061523,0.28050097705254073,,crash_vehicle
197,fresh,5,fresh,,,0,1,1,12,1,0,10.0,5.0,10.0,35.0,3,41,-0.47821664810180664,0.11291106045246124,,crash_vehicle
198,crossover,6,crossover,,select_lane|ego_on_intersection|intersection_has_cars|distractor_cars|has_cluster|brake_dist,5,0,0,18,1,1,20.0,5.0,5.0,55.0,2,48,-1.0884413719177246,0.12194512163599332,,crash_vehicle
199,fresh,1,fresh,,,0,0,0,2,0,1,10.0,20.0,10.0,20.0,2,164,15.106695175170898,1.2483423055581204,,out_of_road
200,mutation,3,mutation,select_road|select_lane|ego_on_intersection|intersection_has_cars,,1,0,0,5,0,1,5.0,5.0,15.0,55.0,3,58,4.1533098220825195,0.605845812965056,,crash_vehicle
201,fresh,5,fresh,,,0,1,0,12,0,0,20.0,40.0,5.0,10.0,2,100,11.263343811035156,1.5546670514345169,,out_of_road
202,mutation,1,mutation,cluster_dist,,0,0,0,2,1,1,10.0,10.0,5.0,55.0,2,115,9.633854866027832,1.1250860880250517,,out_of_road
203,fresh,2,fresh,,,0,0,0,3,0,1,15.0,5.0,10.0,10.0,2,66,1.9924511909484863,0.2023177875036543,,out_of_road
204,mutation,4,mutation,has_cluster,,0,0,0,8,0,1,20.0,40.0,5.0,35.0,1,273,26.12910270690918,1.2150794892629861,,crash_vehicle
205,fresh,3,fresh,,,0,0,0,4,1,0,15.0,5.0,10.0,20.0,3,39,1.1189227104187012,0.13134074968118697,,crash_vehicle
206,replay,3,replay,,,0,0,0,4,1,0,15.0,5.0,10.0,20.0,3,155,17.6209716796875,1.4689740240573883,,out_of_road
207,fresh,1,fresh,,,0,1,1,2,1,1,20.0,10.0,15.0,35.0,2,225,19.267898559570312,0.8713222305642234,,out_of_road
208,mutation,2,mutation,intersection_cars,,1,1,1,3,0,0,20.0,20.0,15.0,35.0,1,130,11.657358169555664,0.8738537488648525,,out_of_road
209,fresh,1,fresh,,,0,0,0,2,1,1,20.0,10.0,5.0,55.0,2,75,4.992753028869629,0.4757457669576009,,out_of_road
210,replay,1,replay,,,0,0,0,2,1,1,20.0,10.0,5.0,55.0,2,61,3.2888879776000977,0.44854738038094316,,crash_vehicle
211,fresh,0,fresh,,,0,1,0,1,0,0,10.0,40.0,5.0,20.0,1,83,0.3946828842163086,0.41917539091713457,,out_of_road
212,crossover,4,crossover,,distractor_cars|cluster_dist|brake_dist,0,1,1,8,1,1,10.0,40.0,10.0,55.0,1,221,17.30575942993164,1.0102894829746285,,out_of_road
213,fresh,3,fresh,,,0,1,1,4,0,1,20.0,20.0,15.0,35.0,1,163,17.833965301513672,1.3431341415899662,,out_of_road
214,mutation,6,mutation,intersection_cars,,1,1,1,18,1,0,5.0,5.0,10.0,55.0,1,51,1.3928747177124023,0.10156792752883013,,crash_vehicle
215,fresh,6,fresh,,,0,1,1,18,1,0,15.0,40.0,10.0,55.0,3,182,9.43974494934082,0.8497836323311696,,out_of_road
216,replay,6,replay,,,0,1,1,18,1,0,15.0,40.0,10.0,55.0,3,70,4.350946426391602,0.7208949033703123,,out_of_road
217,fresh,2,fresh,,,0,1,0,3,1,1,15.0,40.0,15.0,55.0,0,52,-1.39241361618042,0.14117175068419713,,out_of_road
218,replay,2,replay,,,0,1,0,3,1,1,15.0,40.0,15.0,55.0,0,86,2.0368971824645996,0.26603614733835984,,out_of_road
219,fresh,5,fresh,,,0,0,0,12,0,0,5.0,10.0,15.0,10.0,0,69,5.561412811279297,0.5316259291400944,,crash_vehicle
220,replay,5,replay,,,0,0,0,12,0,0,5.0,10.0,15.0,10.0,0,69,0.8558254241943359,0.0955343523292222,,out_of_road
221,fresh,0,fresh,,,0,0,0,0,1,0,20.0,10.0,5.0,20.0,0,94,3.8165245056152344,0.3972578345144049,,out_of_road
222,crossover,3,crossover,,has_brake_checker|intersection_cars,0,0,0,5,0,1,5.0,5.0,15.0,55.0,3,46,0.6049203872680664,0.0724161034045012,,crash_vehicle
223,fresh,1,fresh,,,0,1,0,2,0,0,10.0,5.0,5.0,10.0,2,220,20.419954299926758,1.2504639112813907,,out_of_road
224,crossover,1,crossover,,distractor_cars|intersection_cars|has_cluster|distance_to_nearest|cluster_dist,3,1,0,2,0,1,10.0,20.0,10.0,10.0,2,245,-4.80133056640625,0.3025385522492686,,out_of_road
225,fresh,4,fresh,,,0,1,0,8,1,1,10.0,20.0,15.0,55.0,2,68,5.004400253295898,1.0700505945612402,,out_of_road
226,replay,4,replay,,,0,1,0,8,1,1,10.0,20.0,15.0,55.0,2,332,22.11543083190918,1.066540295505021,,out_of_road
227,fresh,1,fresh,,,0,0,0,2,1,0,10.0,40.0,10.0,55.0,2,77,4.217360496520996,1.257119335717969,,out_of_road
228,replay,1,replay,,,0,0,0,2,1,0,10.0,40.0,10.0,55.0,2,166,13.983463287353516,1.2578718485422882,,out_of_road
229,fresh,3,fresh,,,0,1,1,5,1,1,5.0,5.0,10.0,35.0,0,41,0.20655441284179688,0.0808574106635117,,crash_vehicle
230,mutation,1,mutation,distractor_cars,,1,1,0,2,0,0,20.0,40.0,5.0,10.0,2,312,37.22783279418945,1.7459568000661256,,out_of_road
231,fresh,0,fresh,,,0,1,1,1,1,0,15.0,5.0,15.0,20.0,0,39,0.4965825080871582,0.4644325451973157,,out_of_road
232,mutation,3,mutation,distance_to_nearest,,1,1,1,4,1,0,15.0,5.0,15.0,55.0,3,44,-1.3925504684448242,0.38622629473155196,,out_of_road
233,fresh,4,fresh,,,0,1,1,8,0,0,5.0,5.0,5.0,55.0,2,68,-0.02153635025024414,0.9441998086541015,,out_of_road
234,replay,4,replay,,,0,1,1,8,0,0,5.0,5.0,5.0,55.0,2,102,4.774223327636719,0.45106766862319964,,out_of_road
235,fresh,3,fresh,,,0,1,1,5,0,1,10.0,20.0,10.0,10.0,0,2,10.0,10.084258079528809,,arrive_dest
236,mutation,3,mutation,distance_to_nearest,,0,0,0,5,0,0,10.0,40.0,5.0,10.0,1,421,35.13865280151367,0.9951930435334561,,out_of_road
237,fresh,0,fresh,,,0,1,1,1,1,1,10.0,20.0,10.0,35.0,1,135,6.68447208404541,0.48336751585205395,,out_of_road
238,crossover,1,crossover,,select_lane|ego_on_intersection|intersection_has_cars|maximum_distractor_speed|distance_to_nearest,2,0,0,2,0,1,20.0,20.0,10.0,20.0,2,196,12.543153762817383,0.9693363846412727,,out_of_road
239,fresh,4,fresh,,,0,0,0,8,1,1,20.0,20.0,15.0,35.0,3,101,2.2909421920776367,0.5699846771093878,,out_of_road
240,crossover,0,crossover,,intersection_cars|maximum_distractor_speed|distance_to_nearest|brake_dist,4,0,0,1,0,1,10.0,20.0,10.0,10.0,0,387,32.640987396240234,1.0977683718814406,,out_of_road
241,fresh,3,fresh,,,0,1,0,5,0,0,20.0,10.0,5.0,10.0,3,75,8.808662414550781,1.2525997598965963,,out_of_road
242,crossover,1,crossover,,select_lane|ego_on_intersection|intersection_has_cars|distractor_cars|has_cluster|distance_to_nearest,4,0,0,2,1,1,5.0,20.0,10.0,35.0,0,173,15.434417724609375,1.1190165603221152,,crash_vehicle
243,fresh,1,fresh,,,0,1,0,2,1,1,10.0,40.0,5.0,55.0,2,86,2.1176953315734863,0.5795148720661568,,out_of_road
244,crossover,0,crossover,,distractor_cars|has_brake_checker|intersection_cars|maximum_distractor_speed|cluster_dist|brake_dist,5,0,0,0,1,0,20.0,5.0,15.0,20.0,0,88,4.374929428100586,0.24141696095466614,,crash_vehicle
245,fresh,4,fresh,,,0,1,0,8,0,0,20.0,20.0,5.0,55.0,3,70,-0.9119925498962402,0.23881454401250396,,out_of_road
246,mutation,5,mutation,has_cluster,,1,1,0,12,0,1,5.0,5.0,5.0,55.0,0,39,-0.21935462951660156,0.10871620590870197,,crash_vehicle
247,fresh,1,fresh,,,0,0,0,2,0,0,10.0,5.0,15.0,35.0,2,65,0.4748973846435547,0.2409768853050012,,out_of_road
248,mutation,0,mutation,brake_dist,,0,0,0,0,1,0,20.0,5.0,15.0,35.0,0,181,12.5394287109375,0.7090173035613081,,out_of_road
249,fresh,4,fresh,,,0,1,1,8,1,1,15.0,5.0,5.0,20.0,2,132,13.949413299560547,1.5235061601481654,,crash_vehicle
250,crossover,3,crossover,,select_lane|ego_on_intersection|intersection_has_cars|distractor_cars|intersection_cars|has_cluster|distance_to_nearest|cluster_dist|brake_dist,7,0,0,5,0,1,10.0,5.0,15.0,55.0,3,47,1.1843667030334473,0.0833674263446889,,crash_vehicle
251,fresh,2,fresh,,,0,0,0,3,1,0,15.0,10.0,10.0,20.0,2,101,5.20278263092041,0.6843896750913988,,out_of_road
252,crossover,2,crossover,,distractor_cars|has_brake_checker|has_cluster|maximum_distractor_speed|cluster_dist|brake_dist,0,0,0,3,0,1,20.0,40.0,5.0,10.0,2,71,4.256406784057617,0.6145768295711195,,crash_vehicle
253,fresh,0,fresh,,,0,1,0,1,1,1,15.0,40.0,5.0,55.0,1,91,7.659604072570801,1.0365985281519838,,out_of_road
254,crossover,0,crossover,,select_lane|ego_on_intersection|intersection_has_cars|has_brake_checker|maximum_distractor_speed|distance_to_nearest|cluster_dist|brake_dist,0,1,0,0,0,0,5.0,20.0,5.0,55.0,0,54,0.20547866821289062,0.20531841422672625,,out_of_road
255,fresh,3,fresh,,,0,1,0,5,1,1,5.0,20.0,5.0,35.0,0,139,19.759361267089844,1.592941901666655,,crash_vehicle
256,replay,3,replay,,,0,1,0,5,1,1,5.0,20.0,5.0,35.0,0,352,28.567703247070312,1.1462934052105993,,out_of_road
257,fresh,6,fresh,,,0,0,0,18,1,1,10.0,5.0,15.0,20.0,3,80,1.140404224395752,0.15653682295233012,,crash_vehicle
258,crossover,2,crossover,,intersection_cars|maximum_distractor_speed|cluster_dist,1,0,0,3,1,1,20.0,20.0,15.0,35.0,0,199,16.302064895629883,0.9041745700503714,,crash_vehicle
259,fresh,0,fresh,,,0,0,0,1,1,0,10.0,40.0,15.0,55.0,0,77,1.3665509223937988,0.11037889461625706,,out_of_road
260,mutation,4,mutation,distance_to_nearest,,1,1,1,8,1,1,10.0,20.0,5.0,55.0,1,68,1.3255939483642578,0.07375509906149305,,out_of_road
261,fresh,5,fresh,,,0,1,1,12,0,1,5.0,5.0,15.0,55.0,2,51,-0.015674591064453125,0.15200550021494136,,crash_vehicle
262,replay,5,replay,,,0,1,1,12,0,1,5.0,5.0,15.0,55.0,2,94,8.257232666015625,0.7698936368873779,,out_of_road
263,fresh,4,fresh,,,0,0,0,8,1,0,20.0,10.0,15.0,20.0,1,180,21.949935913085938,1.4220137085972562,,out_of_road
264,crossover,6,crossover,,distractor_cars,0,1,1,18,1,0,20.0,5.0,5.0,20.0,2,652,68.0774154663086,1.4658523903148353,,crash_vehicle
265,fresh,6,fresh,,,0,1,1,18,1,0,20.0,5.0,10.0,35.0,2,108,2.430448055267334,0.6046104518075784,,out_of_road
266,crossover,3,crossover,,select_lane|ego_on_intersection|intersection_has_cars|distractor_cars|has_brake_checker|maximum_distractor_speed,3,1,1,5,0,1,10.0,20.0,15.0,35.0,1,68,3.144092559814453,0.20803667665185296,,out_of_road
267,fresh,0,fresh,,,0,1,0,0,1,0,5.0,10.0,5.0,55.0,0,75,0.14867925643920898,0.6319323587417602,,out_of_road
268,crossover,0,crossover,,select_lane|ego_on_intersection|intersection_has_cars|distractor_cars|has_brake_checker|distance_to_nearest|cluster_dist,4,1,1,1,0,0,5.0,5.0,5.0,20.0,0,44,0.050789833068847656,0.11700039289214394,,crash_vehicle
269,fresh,2,fresh,,,0,0,0,3,1,0,5.0,10.0,5.0,20.0,1,106,8.203030586242676,0.8481272869514969,,crash_vehicle
270,mutation,0,mutation,distractor_cars,,1,1,1,0,0,0,10.0,5.0,5.0,55.0,0,78,2.390908718109131,0.846968008348575,,out_of_road
271,fresh,1,fresh,,,0,1,1,2,0,1,10.0,40.0,15.0,55.0,1,99,14.235063552856445,1.9976190539321514,,out_of_road
272,mutation,1,mutation,intersection_cars,,1,1,1,2,0,1,10.0,40.0,15.0,55.0,2,99,3.984097480773926,0.28789240016479684,,out_of_road
273,fresh,3,fresh,,,0,0,0,5,1,0,20.0,40.0,5.0,55.0,1,144,11.347440719604492,1.168247056659311,,out_of_road
274,crossover,4,crossover,,select_lane|ego_on_intersection|intersection_has_cars|has_cluster|cluster_dist,4,0,0,8,1,1,10.0,10.0,10.0,55.0,1,45,1.625363826751709,0.09984121521313985,,out_of_road
275,fresh,6,fresh,,,0,0,0,18,1,0,15.0,10.0,10.0,20.0,3,87,-0.18794822692871094,0.4854298897687046,,out_of_road
276,mutation,0,mutation,brake_dist,,1,0,0,0,0,0,15.0,40.0,15.0,55.0,0,103,0.6463661193847656,0.4121146044395502,,out_of_road
277,fresh,0,fresh,,,0,0,0,0,1,0,20.0,5.0,15.0,10.0,0,140,7.848772048950195,0.514498152025044,,out_of_road
278,mutation,6,mutation,brake_dist,,1,1,1,18,1,0,20.0,5.0,5.0,55.0,2,45,-0.8080830574035645,0.3021516072253386,,crash_vehicle
279,fresh,5,fresh,,,0,0,0,12,1,1,10.0,40.0,10.0,55.0,2,95,5.5986433029174805,0.9819536530265682,,out_of_road
280,crossover,0,crossover,,intersection_cars|has_cluster|maximum_distractor_speed|distance_to_nearest|brake_dist,3,0,0,1,0,1,10.0,40.0,10.0,55.0,1,75,0.4486961364746094,0.7455235547324022,,out_of_road
281,fresh,3,fresh,,,0,0,0,4,0,0,15.0,5.0,10.0,55.0,2,80,1.2608304023742676,0.2525673421099782,,out_of_road
282,replay,3,replay,,,0,0,0,4,0,0,15.0,5.0,10.0,55.0,2,50,4.241254806518555,0.29991491213440896,,crash_vehicle
283,fresh,0,fresh,,,0,0,0,1,1,1,20.0,5.0,5.0,35.0,1,60,1.4786028861999512,0.4964565334841609,,out_of_road
284,replay,0,replay,,,0,0,0,1,1,1,20.0,5.0,5.0,35.0,1,63,3.0633983612060547,0.5433145647957212,,crash_vehicle
285,fresh,3,fresh,,,0,1,1,5,0,1,20.0,40.0,15.0,20.0,1,114,8.318933486938477,0.6056480661949568,,out_of_road
286,mutation,5,mutation,distractor_cars,,1,1,1,12,1,1,5.0,40.0,10.0,55.0,3,184,10.223819732666016,0.7863665698096156,,out_of_road
287,fresh,0,fresh,,,0,0,0,1,0,1,20.0,5.0,10.0,35.0,1,172,16.605484008789062,1.4594597246411234,,out_of_road
288,crossover,0,crossover,,select_lane|ego_on_intersection|intersection_has_cars|intersection_cars|maximum_distractor_speed|cluster_dist|brake_dist,4,0,0,1,1,1,5.0,5.0,15.0,35.0,0,61,1.4669609069824219,0.06851219220972452,,crash_vehicle
289,fresh,4,fresh,,,0,0,0,8,1,0,10.0,5.0,15.0,20.0,2,61,-0.7109909057617188,0.5249088426105312,,crash_vehicle
290,crossover,1,crossover,,distractor_cars|has_brake_checker|has_cluster|distance_to_nearest|brake_dist,3,0,0,2,0,1,20.0,20.0,15.0,20.0,0,211,21.697935104370117,1.4364892929721782,,out_of_road
291,fresh,6,fresh,,,0,0,0,18,0,1,5.0,40.0,15.0,20.0,3,40,-0.691380500793457,0.3505115732550621,,out_of_road
292,crossover,2,crossover,,select_lane|ego_on_intersection|intersection_has_cars|has_cluster|brake_dist,0,0,0,3,0,0,20.0,20.0,15.0,35.0,0,44,0.2791457176208496,0.10359238494526256,,out_of_road
293,fresh,2,fresh,,,0,1,1,3,1,1,20.0,20.0,15.0,35.0,2,451,40.19486999511719,1.17710185500312,,out_of_road
294,mutation,5,mutation,select_road|select_lane|ego_on_intersection|intersection_has_cars,,1,1,0,12,0,1,15.0,40.0,5.0,10.0,1,157,19.181060791015625,1.4336793214604733,,crash_vehicle
295,fresh,6,fresh,,,0,0,0,18,0,0,10.0,10.0,10.0,55.0,2,91,6.023618698120117,0.39680709174046147,,crash_vehicle
296,mutation,2,mutation,maximum_distractor_speed,,1,0,0,3,1,1,5.0,20.0,15.0,35.0,0,454,46.13518524169922,1.3804136770674835,,crash_vehicle
297,fresh,1,fresh,,,0,0,0,2,1,1,10.0,20.0,15.0,55.0,2,93,-2.356651782989502,0.2936725929299349,,out_of_road
298,mutation,3,mutation,cluster_dist,,1,0,0,4,0,1,20.0,40.0,10.0,10.0,3,84,2.637465000152588,0.8059255562367893,,out_of_road
299,fresh,6,fresh,,,0,0,0,18,0,0,20.0,10.0,5.0,55.0,3,88,6.886016845703125,0.7885506788099353,,out_of_road
300,crossover,5,crossover,,distractor_cars|has_brake_checker|intersection_cars|has_cluster|maximum_distractor_speed|cluster_dist,4,1,1,12,0,0,20.0,5.0,5.0,20.0,2,131,5.9844770431518555,0.6811583945314392,,out_of_road
301,fresh,5,fresh,,,0,1,1,12,0,1,5.0,40.0,15.0,20.0,2,74,2.944641590118408,0.9224235407403998,,out_of_road
302,replay,5,replay,,,0,1,1,12,0,1,5.0,40.0,15.0,20.0,2,95,5.935213088989258,1.180693458961813,,out_of_road
303,fresh,1,fresh,,,0,0,0,2,0,0,15.0,20.0,15.0,35.0,0,129,14.895151138305664,1.140821824124617,,out_of_road
304,mutation,0,mutation,intersection_cars,,1,1,1,1,1,0,15.0,5.0,15.0,20.0,1,316,33.943580627441406,1.1751927991244424,,out_of_road
305,fresh,1,fresh,,,0,0,0,2,0,0,15.0,40.0,10.0,55.0,0,2,10.0,7.71541690826416,,arrive_dest
306,mutation,5,mutation,select_road|select_lane|ego_on_intersection|intersection_has_cars,,2,0,0,12,0,0,5.0,5.0,5.0,55.0,0,9,10.251954078674316,7.131457805633545,,arrive_dest
307,fresh,3,fresh,,,0,0,0,5,0,0,10.0,5.0,15.0,20.0,0,101,3.3508615493774414,0.856365130015529,,out_of_road
308,mutation,5,mutation,has_brake_checker,,1,0,0,12,1,0,5.0,5.0,5.0,55.0,0,36,-0.7704668045043945,0.09457458390129937,,crash_vehicle
309,fresh,1,fresh,,,0,0,0,2,1,1,5.0,10.0,15.0,35.0,2,161,9.975805282592773,0.8385549306591845,,out_of_road
310,crossover,2,crossover,,select_lane|ego_on_intersection|intersection_has_cars|has_brake_checker|intersection_cars|maximum_distractor_speed|distance_to_nearest,4,0,0,3,0,0,20.0,20.0,10.0,35.0,3,67,1.4971427917480469,0.5873249421146378,,out_of_road
311,fresh,0,fresh,,,0,0,0,1,1,1,5.0,40.0,5.0,55.0,1,58,1.444749355316162,0.6798105895005423,,out_of_road
312,crossover,3,crossover,,select_lane|ego_on_intersection|intersection_has_cars|distractor_cars|has_cluster|maximum_distractor_speed|cluster_dist,6,1,1,5,1,1,10.0,40.0,10.0,55.0,1,43,-0.4570174217224121,0.09751582526883414,,out_of_road
313,fresh,5,fresh,,,0,0,0,12,0,0,15.0,40.0,15.0,20.0,3,175,38.617591857910156,2.766834643653461,,arrive_dest
314,mutation,4,mutation,cluster_dist,,1,1,1,8,1,1,10.0,40.0,15.0,55.0,1,98,10.83846664428711,1.2745909404997924,,out_of_road
315,fresh,2,fresh,,,0,1,0,3,0,0,5.0,20.0,5.0,20.0,2,280,23.74385643005371,1.0764852722042373,,out_of_road
316,mutation,1,mutation,distance_to_nearest,,1,1,0,2,0,0,20.0,5.0,5.0,10.0,2,2,10.0,7.180018424987793,,arrive_dest
317,fresh,6,fresh,,,0,0,0,18,0,0,15.0,40.0,10.0,55.0,2,53,1.3345251083374023,0.03249120975862134,,out_of_road
318,mutation,3,mutation,has_brake_checker,,2,1,1,5,1,1,20.0,40.0,15.0,55.0,1,111,9.650063514709473,0.9579730667509474,,out_of_road
319,fresh,1,fresh,,,0,0,0,2,0,0,10.0,40.0,10.0,55.0,1,401,44.47722244262695,1.2790138092718815,,out_of_road
320,replay,1,replay,,,0,0,0,2,0,0,10.0,40.0,10.0,55.0,1,170,24.991043090820312,1.7918878886629552,,out_of_road
321,fresh,1,fresh,,,0,1,0,2,0,0,20.0,5.0,15.0,20.0,1,97,15.458429336547852,2.1519050195659557,,out_of_road
322,crossover,5,crossover,,has_brake_checker|intersection_cars|has_cluster|maximum_distractor_speed|distance_to_nearest|brake_dist,3,1,0,12,0,0,15.0,40.0,5.0,20.0,3,163,8.632185935974121,0.6633205344569097,,out_of_road
323,fresh,5,fresh,,,0,0,0,12,0,1,10.0,20.0,10.0,10.0,0,108,10.977144241333008,0.725878963039981,,crash_vehicle
324,mutation,2,mutation,distance_to_nearest,,1,1,0,3,0,0,5.0,10.0,10.0,35.0,3,64,3.638944625854492,0.44208915531635284,,out_of_road
325,fresh,6,fresh,,,0,1,1,18,0,0,10.0,5.0,5.0,10.0,1,51,0.7388653755187988,0.09385997568275414,,crash_vehicle
326,replay,6,replay,,,0,1,1,18,0,0,10.0,5.0,5.0,10.0,1,230,44.39038848876953,2.4932695074573807,,out_of_road
327,fresh,3,fresh,,,0,0,0,5,1,1,5.0,5.0,10.0,20.0,0,66,-0.6212186813354492,0.05692215715393876,,out_of_road
328,mutation,5,mutation,distractor_cars,,1,0,0,12,0,0,15.0,40.0,10.0,55.0,0,79,-4.321606159210205,0.2621710788977297,,out_of_road
329,fresh,2,fresh,,,0,0,0,3,1,0,20.0,20.0,5.0,35.0,3,91,4.4575910568237305,0.8614102893478268,,out_of_road
330,mutation,3,mutation,distractor_cars,,1,1,1,4,1,0,15.0,40.0,10.0,55.0,3,175,22.536256790161133,1.5619317338083472,,out_of_road
331,fresh,2,fresh,,,0,1,0,3,1,1,10.0,5.0,15.0,20.0,1,71,-0.30320167541503906,0.04843402244675327,,crash_vehicle
332,crossover,6,crossover,,select_lane|ego_on_intersection|intersection_has_cars|distractor_cars|has_cluster|distance_to_nearest|brake_dist,5,1,1,18,1,0,10.0,40.0,10.0,55.0,1,225,24.596336364746094,1.0941363637314903,,crash_vehicle
333,fresh,1,fresh,,,0,0,0,2,0,0,15.0,40.0,5.0,10.0,2,55,-0.05793046951293945,0.14147407981482418,,out_of_road
334,replay,1,replay,,,0,0,0,2,0,0,15.0,40.0,5.0,10.0,2,286,22.574499130249023,1.0306633543719739,,out_of_road
335,fresh,1,fresh,,,0,1,1,2,0,0,20.0,20.0,5.0,10.0,2,44,-0.8324651718139648,0.10025366869839755,,out_of_road
336,replay,1,replay,,,0,1,1,2,0,0,20.0,20.0,5.0,10.0,2,81,9.499114990234375,0.8935968005730782,,out_of_road
337,fresh,1,fresh,,,0,0,0,2,1,0,5.0,5.0,5.0,20.0,2,168,25.193113327026367,1.666802888558734,,out_of_road
338,mutation,3,mutation,intersection_cars,,0,1,1,5,0,1,5.0,10.0,15.0,35.0,2,39,0.054558753967285156,0.08275597523420285,,out_of_road
339,fresh,1,fresh,,,0,0,0,2,1,1,10.0,40.0,15.0,55.0,1,217,34.149600982666016,1.8504646330522503,,out_of_road
340,crossover,2,crossover,,distractor_cars|has_brake_checker|intersection_cars|has_cluster|maximum_distractor_speed|distance_to_nearest|cluster_dist,3,0,0,3,0,0,20.0,20.0,15.0,35.0,0,117,20.040477752685547,2.0300824255005927,,out_of_road
341,fresh,2,fresh,,,0,0,0,3,0,1,20.0,10.0,5.0,35.0,3,44,2.1180381774902344,0.30589236395264213,,out_of_road
342,mutation,6,mutation,cluster_dist,,1,0,0,18,0,0,20.0,20.0,15.0,10.0,0,40,-2.922602653503418,0.13162173330783844,,out_of_road
343,fresh,2,fresh,,,0,1,0,3,0,1,10.0,20.0,5.0,35.0,1,89,7.526190757751465,0.5211907143003485,,crash_vehicle
344,mutation,3,mutation,intersection_cars,,0,1,0,5,1,0,15.0,40.0,10.0,55.0,2,152,22.703277587890625,1.7354663219793063,,out_of_road
345,fresh,0,fresh,,,0,0,0,0,1,0,20.0,40.0,10.0,55.0,0,67,1.4922547340393066,0.09731384978365543,,out_of_road
346,replay,0,replay,,,0,0,0,0,1,0,20.0,40.0,10.0,55.0,0,77,5.09809684753418,0.37376998519742644,,crash_vehicle
347,fresh,2,fresh,,,0,1,1,3,0,0,10.0,20.0,5.0,10.0,0,109,11.800230026245117,1.0460730751446627,,out_of_road
348,mutation,1,mutation,cluster_dist,,1,0,0,2,0,1,20.0,20.0,5.0,20.0,2,227,44.12716293334961,2.481157356947004,,out_of_road
349,fresh,6,fresh,,,0,0,0,18,1,1,15.0,40.0,5.0,55.0,2,106,8.77759075164795,1.0616521306757658,,crash_vehicle
350,crossover,4,crossover,,intersection_cars|distance_to_nearest|cluster_dist,4,0,0,8,1,0,10.0,20.0,15.0,35.0,1,227,34.77384567260742,1.7702543661983003,,out_of_road
351,fresh,5,fresh,,,0,1,0,12,0,0,10.0,20.0,5.0,10.0,3,86,9.220317840576172,0.7738174524071605,,out_of_road
352,crossover,0,crossover,,select_lane|ego_on_intersection|intersection_has_cars|has_brake_checker|has_cluster|distance_to_nearest|cluster_dist,5,1,1,0,0,0,20.0,5.0,5.0,20.0,0,65,-0.14948320388793945,0.2635502021473188,,out_of_road
353,fresh,1,fresh,,,0,0,0,2,1,0,15.0,40.0,15.0,55.0,1,157,20.560623168945312,1.4513106772284599,,out_of_road
354,crossover,2,crossover,,has_cluster|maximum_distractor_speed|distance_to_nearest|cluster_dist,1,0,0,3,0,0,20.0,20.0,5.0,35.0,0,53,0.6978611946105957,0.2661686809557789,,out_of_road
355,fresh,0,fresh,,,0,1,1,1,0,0,20.0,10.0,15.0,10.0,1,329,32.394493103027344,1.1476845491371799,,out_of_road
356,replay,0,replay,,,0,1,1,1,0,0,20.0,10.0,15.0,10.0,1,292,52.9007453918457,2.742803790861715,,out_of_road
357,fresh,2,fresh,,,0,1,0,3,0,0,20.0,5.0,10.0,10.0,0,46,2.5965003967285156,0.38509560149648914,,crash_vehicle
358,crossover,0,crossover,,has_brake_checker|intersection_cars|brake_dist,1,1,0,0,1,0,5.0,10.0,5.0,20.0,0,101,17.347152709960938,2.1158569239743867,,out_of_road
359,fresh,3,fresh,,,0,1,1,4,0,0,10.0,5.0,10.0,20.0,1,87,14.122163772583008,3.0285929862795204,,crash_vehicle
360,replay,3,replay,,,0,1,1,4,0,0,10.0,5.0,10.0,20.0,1,195,39.48246383666992,2.500602834117718,,out_of_road
361,fresh,6,fresh,,,0,1,1,18,1,0,10.0,40.0,10.0,55.0,0,372,51.61803436279297,1.5570914482557645,,crash_vehicle
362,replay,6,replay,,,0,1,1,18,1,0,10.0,40.0,10.0,55.0,0,101,13.822986602783203,1.2880273751250588,,out_of_road
363,fresh,6,fresh,,,0,1,1,18,1,1,10.0,10.0,15.0,20.0,3,176,31.276405334472656,2.0107619391584937,,crash_vehicle
364,replay,6,replay,,,0,1,1,18,1,1,10.0,10.0,15.0,20.0,3,321,34.14955139160156,1.158912039405414,,out_of_road
365,fresh,1,fresh,,,0,0,0,2,0,1,20.0,10.0,15.0,10.0,2,23,-4.126246929168701,0.0,,out_of_road
366,replay,1,replay,,,0,0,0,2,0,1,20.0,10.0,15.0,10.0,2,249,34.294803619384766,1.7007676561374263,,out_of_road
367,fresh,3,fresh,,,0,1,1,4,0,1,15.0,10.0,10.0,55.0,0,254,41.04981994628906,1.8634946473001495,,crash_vehicle
368,mutation,6,mutation,cluster_dist,,1,0,0,18,0,0,10.0,5.0,15.0,55.0,1,368,37.13474655151367,1.247447732410839,,out_of_road
369,fresh,0,fresh,,,0,1,0,0,0,0,15.0,40.0,5.0,10.0,0,110,9.824280738830566,0.9923159234564413,,out_of_road
370,replay,0,replay,,,0,1,0,0,0,0,15.0,40.0,5.0,10.0,0,234,30.281269073486328,1.9199910915623872,,out_of_road
371,fresh,6,fresh,,,0,1,1,18,0,1,5.0,20.0,15.0,10.0,0,71,2.909372329711914,0.5232826823919592,,out_of_road
372,mutation,0,mutation,distance_to_nearest,,0,0,0,0,1,0,20.0,5.0,15.0,35.0,0,123,13.543952941894531,1.058864889530147,,out_of_road
373,fresh,6,fresh,,,0,0,0,18,1,0,20.0,10.0,5.0,20.0,1,45,-0.5582423210144043,0.13461322916878593,,crash_vehicle
374,mutation,1,mutation,maximum_distractor_speed,,1,1,0,2,0,0,15.0,40.0,5.0,10.0,2,241,27.56401824951172,1.3026982879428448,,out_of_road
375,fresh,5,fresh,,,0,1,1,12,0,1,5.0,5.0,5.0,20.0,0,47,2.236107349395752,0.06561619233577809,,crash_vehicle
376,mutation,0,mutation,intersection_cars,,0,1,0,1,0,0,5.0,5.0,10.0,10.0,1,507,83.98384094238281,1.965529699223869,,out_of_road
377,fresh,0,fresh,,,0,0,0,1,0,0,5.0,5.0,5.0,55.0,1,76,6.385828971862793,0.5184851375065351,,out_of_road
378,crossover,5,crossover,,select_lane|ego_on_intersection|intersection_has_cars|has_brake_checker|maximum_distractor_speed|cluster_dist|brake_dist,0,0,0,12,0,0,15.0,40.0,15.0,20.0,3,104,11.866645812988281,1.2968731289013073,,out_of_road
379,fresh,0,fresh,,,0,1,0,1,0,0,15.0,40.0,15.0,35.0,1,154,17.835668563842773,1.155436879580284,,out_of_road
380,replay,0,replay,,,0,1,0,1,0,0,15.0,40.0,15.0,35.0,1,45,-1.8465304374694824,0.29914033942752416,,out_of_road
381,fresh,6,fresh,,,0,1,1,18,1,1,5.0,5.0,5.0,35.0,0,49,0.1337723731994629,0.09915271097300005,,crash_vehicle
382,replay,6,replay,,,0,1,1,18,1,1,5.0,5.0,5.0,35.0,0,109,14.581438064575195,1.4784926525359854,,out_of_road
383,fresh,2,fresh,,,0,1,1,3,1,1,10.0,20.0,5.0,35.0,1,156,21.796245574951172,1.1628352630501375,,crash_vehicle
384,crossover,1,crossover,,select_lane|ego_on_intersection|intersection_has_cars|distractor_cars|has_brake_checker,4,0,0,2,1,0,20.0,5.0,5.0,20.0,2,52,1.6932454109191895,0.38946353042354953,,out_of_road
385,fresh,2,fresh,,,0,1,0,3,1,1,10.0,5.0,10.0,55.0,0,33,-0.3323860168457031,0.1020267948959813,,crash_vehicle
386,replay,2,replay,,,0,1,0,3,1,1,10.0,5.0,10.0,55.0,0,93,7.622350692749023,0.8843819558700566,,crash_vehicle
387,fresh,5,fresh,,,0,0,0,12,1,0,15.0,5.0,10.0,20.0,1,55,0.7175984382629395,0.513383118130944,,crash_vehicle
388,replay,5,replay,,,0,0,0,12,1,0,15.0,5.0,10.0,20.0,1,140,14.944822311401367,1.2061939767428806,,out_of_road
389,fresh,1,fresh,,,0,0,0,2,1,0,20.0,20.0,10.0,35.0,0,204,52.28913879394531,3.1970789172485765,,out_of_road
390,crossover,1,crossover,,cluster_dist,1,0,0,2,0,0,10.0,5.0,5.0,55.0,1,272,49.3043327331543,2.2250465791234197,,out_of_road
391,fresh,0,fresh,,,0,1,1,0,0,0,20.0,5.0,15.0,10.0,0,324,62.50537109375,2.731875818889634,,out_of_road
392,replay,0,replay,,,0,1,1,0,0,0,20.0,5.0,15.0,10.0,0,183,31.241195678710938,1.8428399465123162,,out_of_road
393,fresh,0,fresh,,,0,1,1,0,1,0,20.0,40.0,10.0,55.0,0,189,30.509212493896484,1.8319043878603865,,out_of_road
394,replay,0,replay,,,0,1,1,0,1,0,20.0,40.0,10.0,55.0,0,111,10.095171928405762,0.8606258889509214,,out_of_road
395,fresh,6,fresh,,,0,1,1,18,1,0,15.0,5.0,5.0,55.0,0,35,0.08986997604370117,0.014130067825317384,,crash_vehicle
396,mutation,3,mutation,brake_dist,,0,1,1,4,1,1,15.0,40.0,5.0,55.0,1,198,30.88787078857422,1.388483331510515,,crash_vehicle
397,fresh,2,fresh,,,0,0,0,3,0,1,5.0,5.0,10.0,35.0,3,78,5.396533012390137,0.8640520238341429,,out_of_road
398,crossover,4,crossover,,has_cluster|distance_to_nearest|cluster_dist|brake_dist,3,0,0,8,0,1,15.0,40.0,10.0,55.0,2,38,-1.5154945850372314,0.09226275117773759,,out_of_road
399,fresh,3,fresh,,,0,1,0,4,1,1,20.0,40.0,10.0,55.0,2,55,0.7391858100891113,0.12208669199184938,,out_of_road
400,crossover,0,crossover,,select_lane|ego_on_intersection|intersection_has_cars|distractor_cars|maximum_distractor_speed|cluster_dist|brake_dist,7,1,1,0,0,0,20.0,40.0,15.0,10.0,0,98,15.265880584716797,2.331211489226137,,out_of_road
401,fresh,3,fresh,,,0,0,0,4,0,0,5.0,5.0,10.0,35.0,2,40,1.617882251739502,0.05014919489622116,,crash_vehicle
402,mutation,5,mutation,select_road|select_lane|ego_on_intersection|intersection_has_cars,,3,1,1,12,0,0,5.0,5.0,5.0,55.0,0,31,-1.4670696258544922,0.28148466637057645,,crash_vehicle
403,fresh,4,fresh,,,0,0,0,8,0,0,10.0,20.0,5.0,35.0,2,96,8.704876899719238,0.787288825706734,,out_of_road
404,mutation,2,mutation,intersection_cars,,1,0,0,3,0,0,20.0,20.0,15.0,35.0,3,172,26.077970504760742,2.1270799052923226,,out_of_road
405,fresh,0,fresh,,,0,0,0,1,1,1,15.0,20.0,15.0,55.0,1,40,-0.5514135360717773,0.05115761160850525,,out_of_road
406,replay,0,replay,,,0,0,0,1,1,1,15.0,20.0,15.0,55.0,1,24,-3.263239622116089,0.0,,crash_vehicle
407,fresh,5,fresh,,,0,1,0,12,0,1,10.0,40.0,5.0,10.0,3,192,35.383766174316406,1.8174426266923547,,crash_vehicle
408,crossover,1,crossover,,has_brake_checker|has_cluster|maximum_distractor_speed,3,0,0,2,0,1,20.0,20.0,5.0,35.0,0,83,4.998898506164551,0.8111762540886202,,out_of_road
409,fresh,0,fresh,,,0,1,0,0,0,0,15.0,5.0,15.0,20.0,0,216,35.87007141113281,1.908385273759012,,out_of_road
410,replay,0,replay,,,0,1,0,0,0,0,15.0,5.0,15.0,20.0,0,62,4.61641788482666,0.5395383524798578,,crash_vehicle
411,fresh,4,fresh,,,0,1,0,8,0,1,5.0,10.0,15.0,10.0,1,81,11.496610641479492,1.0505208586469108,,crash_vehicle
412,mutation,1,mutation,cluster_dist,,1,0,0,2,0,1,20.0,20.0,10.0,20.0,2,110,15.30748176574707,1.556721996854652,,out_of_road
413,fresh,5,fresh,,,0,0,0,12,0,0,10.0,20.0,10.0,35.0,0,163,34.40840148925781,2.4424029759651313,,out_of_road
414,replay,5,replay,,,0,0,0,12,0,0,10.0,20.0,10.0,35.0,0,86,14.435203552246094,1.0229840316744738,,crash_vehicle
415,fresh,5,fresh,,,0,1,1,12,1,0,10.0,20.0,10.0,35.0,1,145,20.91201400756836,1.4002722693928358,,out_of_road
416,crossover,3,crossover,,select_lane|ego_on_intersection|intersection_has_cars|maximum_distractor_speed|brake_dist,1,1,1,5,0,1,5.0,10.0,15.0,35.0,2,77,7.857596397399902,0.5573243434940066,,crash_vehicle
417,fresh,4,fresh,,,0,0,0,8,1,0,10.0,5.0,10.0,35.0,1,188,35.37472152709961,2.5347424891400845,,out_of_road
418,mutation,1,mutation,select_road|select_lane|ego_on_intersection|intersection_has_cars,,1,0,0,2,0,0,20.0,20.0,15.0,35.0,0,165,33.24351119995117,2.4824457598455023,,out_of_road
419,fresh,3,fresh,,,0,1,1,5,0,1,20.0,10.0,10.0,35.0,0,127,20.20839500427246,1.7803696638017188,,crash_vehicle
420,crossover,0,crossover,,select_lane|ego_on_intersection|intersection_has_cars|has_brake_checker|has_cluster,2,1,0,0,0,0,20.0,40.0,5.0,10.0,0,88,7.298073768615723,0.8928532039915974,,out_of_road
421,fresh,3,fresh,,,0,1,1,5,0,0,10.0,40.0,10.0,55.0,0,108,15.835128784179688,1.4663881286978722,,out_of_road
422,crossover,2,crossover,,distractor_cars|intersection_cars|has_cluster|maximum_distractor_speed,2,0,0,3,0,0,5.0,20.0,15.0,35.0,3,64,5.014044761657715,0.9244160861708224,,out_of_road
423,fresh,3,fresh,,,0,1,1,4,0,0,5.0,20.0,5.0,55.0,1,119,19.788455963134766,1.448989726790861,,crash_vehicle
424,crossover,5,crossover,,select_lane|ego_on_intersection|intersection_has_cars|has_brake_checker|intersection_cars|has_cluster|distance_to_nearest|cluster_dist|brake_dist,5,1,1,12,1,1,20.0,5.0,5.0,20.0,0,87,9.397538185119629,1.2705419764093968,,crash_vehicle
425,fresh,4,fresh,,,0,1,0,8,0,0,20.0,40.0,15.0,20.0,0,91,5.763411521911621,0.9451502618881372,,out_of_road
426,mutation,5,mutation,intersection_cars,,0,1,0,12,0,0,20.0,40.0,5.0,10.0,2,114,10.341523170471191,0.49313445297772424,,out_of_road
427,fresh,4,fresh,,,0,1,1,8,1,0,20.0,5.0,5.0,35.0,0,234,33.95242691040039,2.0414961155535827,,out_of_road
428,replay,4,replay,,,0,1,1,8,1,0,20.0,5.0,5.0,35.0,0,232,34.48762893676758,1.6850956135654245,,out_of_road
429,fresh,0,fresh,,,0,1,1,0,0,0,15.0,20.0,15.0,35.0,0,749,156.2954864501953,2.7259252955403444,,out_of_road
430,mutation,4,mutation,has_brake_checker,,1,1,1,8,0,1,10.0,10.0,5.0,55.0,1,57,5.896670341491699,0.12267524343833588,,crash_vehicle
431,fresh,6,fresh,,,0,1,0,18,0,1,20.0,40.0,10.0,20.0,0,124,22.223121643066406,1.6290962746547115,,crash_vehicle
432,mutation,0,mutation,brake_dist,,0,1,1,0,0,0,20.0,5.0,5.0,20.0,0,46,2.6804699897766113,0.39407627738040424,,out_of_road
433,fresh,4,fresh,,,0,0,0,8,1,1,15.0,5.0,10.0,20.0,1,24,-1.5693707466125488,0.024867202155292034,,crash_vehicle
434,mutation,1,mutation,intersection_cars,,1,1,0,2,0,0,15.0,40.0,5.0,10.0,1,91,3.734940528869629,0.823155253634348,,out_of_road
435,fresh,2,fresh,,,0,0,0,3,1,0,5.0,20.0,5.0,35.0,0,1000,244.76950073242188,3.154878612861037,,max_step
436,mutation,0,mutation,distractor_cars,,2,1,0,0,1,0,15.0,10.0,5.0,20.0,0,720,127.96604919433594,2.2925511316396294,,out_of_road
437,fresh,0,fresh,,,0,0,0,0,0,0,5.0,40.0,15.0,35.0,0,73,2.2405261993408203,0.5381940993135923,,out_of_road
438,crossover,1,crossover,,select_lane|ego_on_intersection|intersection_has_cars|distractor_cars|maximum_distractor_speed|cluster_dist,3,0,0,2,0,1,15.0,10.0,10.0,10.0,0,82,6.645626068115234,0.3957054196152745,,crash_vehicle
439,fresh,0,fresh,,,0,0,0,0,1,0,15.0,20.0,5.0,55.0,0,704,166.44386291503906,3.0591904218520294,,out_of_road
440,mutation,1,mutation,brake_dist,,1,0,0,2,0,1,10.0,10.0,5.0,55.0,1,81,8.632002830505371,0.7613081288190535,,out_of_road
441,fresh,1,fresh,,,0,1,1,2,1,0,20.0,40.0,5.0,55.0,1,359,65.70206451416016,1.9433015414350212,,out_of_road
442,mutation,3,mutation,distance_to_nearest,,0,0,0,4,1,0,15.0,40.0,15.0,55.0,3,40,-0.1830763816833496,0.0,,out_of_road
443,fresh,6,fresh,,,0,0,0,18,1,0,15.0,5.0,5.0,55.0,1,131,22.315204620361328,2.272398099331683,,crash_vehicle
444,crossover,5,crossover,,distance_to_nearest|cluster_dist,3,1,1,12,1,1,5.0,40.0,10.0,55.0,0,118,12.888700485229492,1.2235987478141057,,out_of_road
445,fresh,0,fresh,,,0,1,1,1,1,1,15.0,10.0,15.0,20.0,1,207,43.937896728515625,2.7756434378128696,,out_of_road
446,replay,0,replay,,,0,1,1,1,1,1,15.0,10.0,15.0,20.0,1,154,34.34318542480469,3.2146750172817864,,out_of_road
447,fresh,0,fresh,,,0,0,0,0,0,0,15.0,5.0,15.0,20.0,0,80,14.021919250488281,3.0334289707243443,,out_of_road
448,crossover,1,crossover,,distractor_cars|has_cluster|maximum_distractor_speed,2,0,0,2,0,1,20.0,40.0,10.0,55.0,0,84,9.690914154052734,0.7972626490961938,,crash_vehicle
449,fresh,0,fresh,,,0,1,1,0,0,0,10.0,20.0,15.0,10.0,0,61,7.979902267456055,1.4309854248508078,,out_of_road
450,crossover,1,crossover,,distractor_cars|cluster_dist|brake_dist,1,0,0,2,1,0,10.0,20.0,5.0,55.0,0,338,107.10499572753906,4.115753650665283,,arrive_dest
451,fresh,3,fresh,,,0,0,0,4,0,0,10.0,5.0,10.0,35.0,2,40,-0.8559350967407227,0.08514001742005348,,crash_vehicle
452,mutation,0,mutation,has_cluster,,6,0,0,0,0,0,10.0,5.0,5.0,20.0,0,52,0.5097513198852539,0.16346377564164308,rejection_fallback,out_of_road
453,fresh,3,fresh,,,0,1,1,5,1,0,5.0,5.0,10.0,55.0,2,178,33.109275817871094,2.750998740953006,,out_of_road
454,mutation,5,mutation,has_brake_checker,,1,1,1,12,1,0,5.0,5.0,5.0,55.0,0,41,-0.19617509841918945,0.07390537494566382,,crash_vehicle
455,fresh,0,fresh,,,0,1,0,1,1,1,5.0,10.0,10.0,20.0,1,70,7.3077592849731445,0.626713447698525,,out_of_road
456,replay,0,replay,,,0,1,0,1,1,1,5.0,10.0,10.0,20.0,1,162,37.3704719543457,2.6250986994048695,,out_of_road
457,fresh,6,fresh,,,0,1,0,18,1,1,20.0,40.0,5.0,55.0,3,48,-0.7292780876159668,0.07029754513253768,,out_of_road
458,mutation,0,mutation,select_road|select_lane|ego_on_intersection|intersection_has_cars,,3,1,1,0,1,0,20.0,5.0,15.0,35.0,0,359,111.53768920898438,3.925673857538813,,out_of_road
459,fresh,0,fresh,,,0,0,0,0,1,0,15.0,40.0,15.0,55.0,0,117,24.89640235900879,2.3001643528795648,,out_of_road
460,mutation,0,mutation,select_road|select_lane|ego_on_intersection|intersection_has_cars,,3,1,1,1,1,1,5.0,40.0,5.0,55.0,1,82,9.886863708496094,0.7021856362499842,,crash_vehicle
461,fresh,1,fresh,,,0,1,1,2,1,1,20.0,20.0,5.0,35.0,2,297,58.79408645629883,2.14343019150925,,out_of_road
462,crossover,1,crossover,,has_brake_checker|intersection_cars|has_cluster|distance_to_nearest,3,0,0,2,0,0,10.0,40.0,15.0,55.0,0,148,24.36699867248535,2.2425299814424,,out_of_road
463,fresh,1,fresh,,,0,1,0,2,1,1,5.0,20.0,15.0,35.0,2,234,58.43013000488281,2.973545754630851,,crash_vehicle
464,replay,1,replay,,,0,1,0,2,1,1,5.0,20.0,15.0,35.0,2,70,14.80630874633789,1.8816474412168775,,out_of_road
465,fresh,3,fresh,,,0,0,0,4,1,1,10.0,5.0,5.0,20.0,0,49,1.6191864013671875,0.10848279145299172,,crash_vehicle
466,mutation,1,mutation,distance_to_nearest,,0,0,0,2,0,0,10.0,5.0,5.0,55.0,1,38,1.8300118446350098,0.19387408051835864,,crash_vehicle
467,fresh,0,fresh,,,0,0,0,1,1,1,20.0,40.0,15.0,55.0,1,432,139.84197998046875,4.132269887943511,,out_of_road
468,mutation,1,mutation,brake_dist,,0,0,0,2,0,1,10.0,10.0,5.0,55.0,1,751,194.17201232910156,3.137190994425874,,out_of_road
469,fresh,3,fresh,,,0,0,0,4,1,1,20.0,10.0,5.0,20.0,3,82,5.4194841384887695,0.1360654813669077,,crash_vehicle
470,replay,3,replay,,,0,0,0,4,1,1,20.0,10.0,5.0,20.0,3,116,15.89193344116211,1.068677705584158,,out_of_road
471,fresh,6,fresh,,,0,0,0,18,0,1,10.0,20.0,5.0,20.0,2,104,15.106636047363281,0.8664372373873798,,crash_vehicle
472,mutation,4,mutation,intersection_cars,,0,0,0,8,0,0,10.0,20.0,5.0,35.0,2,383,118.24066162109375,3.8758035272593285,,out_of_road
473,fresh,3,fresh,,,0,0,0,4,1,1,20.0,5.0,10.0,35.0,1,127,14.609086990356445,1.289703910627703,,crash_vehicle
474,mutation,6,mutation,has_cluster,,1,0,0,18,1,1,15.0,5.0,5.0,55.0,1,83,3.628359794616699,0.40672264077577247,,crash_vehicle
475,fresh,3,fresh,,,0,1,0,4,1,0,5.0,10.0,15.0,35.0,2,65,11.199087142944336,0.8828295088731326,,crash_vehicle
476,crossover,6,crossover,,has_brake_checker|has_cluster|cluster_dist|brake_dist,3,1,1,18,1,1,20.0,5.0,10.0,55.0,2,92,4.741710662841797,0.7211640838371671,,out_of_road
477,fresh,3,fresh,,,0,1,0,5,1,1,20.0,20.0,15.0,35.0,3,71,14.63538932800293,1.0987869746668237,,crash_vehicle
478,crossover,4,crossover,,select_lane|ego_on_intersection|intersection_has_cars|has_brake_checker|maximum_distractor_speed|brake_dist,4,0,0,8,0,1,10.0,20.0,15.0,35.0,1,162,55.61234664916992,3.9186163324816725,,crash_vehicle
479,fresh,1,fresh,,,0,1,0,2,1,1,20.0,5.0,10.0,55.0,1,32,0.2737264633178711,0.12198984157294035,,crash_vehicle
480,crossover,6,crossover,,select_lane|ego_on_intersection|intersection_has_cars|distractor_cars|has_brake_checker|intersection_cars|has_cluster|maximum_distractor_speed,6,0,0,18,0,0,20.0,40.0,10.0,55.0,0,186,46.10456848144531,2.8503047921644744,,crash_vehicle
481,fresh,1,fresh,,,0,0,0,2,1,1,5.0,20.0,15.0,35.0,0,133,25.135217666625977,1.6718017821921443,,crash_vehicle
482,mutation,1,mutation,select_road|select_lane|ego_on_intersection|intersection_has_cars,,2,1,0,2,1,1,5.0,20.0,15.0,35.0,0,144,35.08108139038086,2.593162755585379,,out_of_road
483,fresh,0,fresh,,,0,1,1,0,0,0,5.0,20.0,15.0,20.0,0,64,12.326759338378906,1.6307731475681067,,out_of_road
484,mutation,0,mutation,has_cluster,,0,1,1,1,0,1,20.0,5.0,10.0,10.0,1,99,13.474956512451172,1.2022649173182671,,out_of_road
485,fresh,4,fresh,,,0,0,0,8,1,0,20.0,10.0,15.0,55.0,1,754,263.8615417480469,4.7162586334173815,,out_of_road
486,crossover,5,crossover,,select_lane|ego_on_intersection|intersection_has_cars|intersection_cars|distance_to_nearest|brake_dist,4,1,1,12,0,0,20.0,40.0,5.0,55.0,3,113,21.887950897216797,1.78528437466748,,out_of_road
487,fresh,6,fresh,,,0,1,0,18,1,0,10.0,40.0,5.0,55.0,2,65,8.632166862487793,0.41053061966712656,,crash_vehicle
488,replay,6,replay,,,0,1,0,18,1,0,10.0,40.0,5.0,55.0,2,292,103.7876968383789,4.4335620274690735,,out_of_road
489,fresh,3,fresh,,,0,0,0,4,0,0,20.0,5.0,5.0,35.0,2,53,-0.44925498962402344,0.27722151577472687,,crash_vehicle
490,replay,3,replay,,,0,0,0,4,0,0,20.0,5.0,5.0,35.0,2,230,67.10388946533203,3.4181087435101687,,crash_vehicle
491,fresh,0,fresh,,,0,1,1,0,0,0,15.0,10.0,10.0,55.0,0,345,121.51005554199219,4.487710264195567,,out_of_road
492,mutation,4,mutation,cluster_dist,,1,0,0,8,1,0,10.0,5.0,15.0,35.0,1,91,13.413267135620117,1.897710451221728,,crash_vehicle
493,fresh,1,fresh,,,0,1,0,2,0,1,10.0,10.0,5.0,20.0,2,306,96.28205871582031,4.081411947624064,,out_of_road
494,mutation,0,mutation,has_cluster,,0,1,0,0,1,0,5.0,10.0,5.0,55.0,0,51,3.8158531188964844,0.3259246453058486,,out_of_road
495,fresh,3,fresh,,,0,1,1,5,1,1,20.0,20.0,15.0,35.0,0,153,37.57313537597656,2.5155482321393254,,crash_vehicle
496,mutation,6,mutation,has_cluster,,1,1,1,18,1,1,10.0,40.0,10.0,55.0,0,138,34.16688537597656,2.304170392021753,,crash_vehicle
497,fresh,1,fresh,,,0,0,0,2,0,0,5.0,10.0,5.0,20.0,0,77,9.950003623962402,0.4688092671431504,,crash_vehicle
498,crossover,4,crossover,,distractor_cars|has_brake_checker|intersection_cars|cluster_dist|brake_dist,2,0,0,8,0,1,10.0,20.0,5.0,35.0,2,85,11.598852157592773,0.5398705282632043,,crash_vehicle
499,fresh,2,fresh,,,0,1,1,3,0,1,5.0,10.0,5.0,20.0,1,67,2.825314998626709,0.26297422125935555,,crash_vehicle
500,replay,2,replay,,,0,1,1,3,0,1,5.0,10.0,5.0,20.0,1,132,37.44425964355469,2.719777326861566,,crash_vehicle
501,fresh,0,fresh,,,0,0,0,1,1,1,15.0,10.0,5.0,20.0,1,281,71.5429916381836,2.7114131521711995,,out_of_road
502,crossover,3,crossover,,select_lane|ego_on_intersection|intersection_has_cars|intersection_cars|has_cluster,3,1,1,4,1,0,10.0,20.0,10.0,55.0,0,113,27.551280975341797,2.484984468833535,,out_of_road
503,fresh,5,fresh,,,0,1,1,12,0,0,15.0,5.0,5.0,55.0,2,35,-0.38694238662719727,0.0,,crash_vehicle
504,replay,5,replay,,,0,1,1,12,0,0,15.0,5.0,5.0,55.0,2,292,111.1653060913086,4.544778823852539,,arrive_dest
505,fresh,6,fresh,,,0,1,0,18,0,0,10.0,10.0,10.0,10.0,1,610,224.6775665283203,4.848093386751707,,out_of_road
506,mutation,4,mutation,maximum_distractor_speed,,1,1,1,8,1,1,5.0,40.0,10.0,55.0,1,127,42.64777374267578,3.697503176261121,,out_of_road
507,fresh,4,fresh,,,0,1,1,8,0,0,20.0,20.0,5.0,55.0,2,344,152.20950317382812,5.756535730692883,,out_of_road
508,crossover,2,crossover,,brake_dist,1,1,0,3,0,0,5.0,10.0,10.0,10.0,3,66,10.516619682312012,1.4437763416631655,,out_of_road
509,fresh,5,fresh,,,0,1,0,12,0,1,15.0,10.0,15.0,55.0,3,86,17.78353500366211,1.2474603997976628,,crash_vehicle
510,mutation,2,mutation,cluster_dist,,1,1,0,3,0,0,5.0,40.0,5.0,35.0,3,251,83.28694152832031,4.028994120330925,,out_of_road
511,fresh,0,fresh,,,0,0,0,0,1,0,5.0,20.0,15.0,20.0,0,216,88.08614349365234,4.917107704336996,,crash_vehicle
512,mutation,1,mutation,select_road|select_lane|ego_on_intersection|intersection_has_cars,,1,0,0,2,0,0,20.0,40.0,15.0,35.0,0,213,58.52556228637695,3.380682853221054,,out_of_road
513,fresh,0,fresh,,,0,1,0,0,0,0,10.0,5.0,5.0,20.0,0,115,26.200374603271484,2.0328280704176946,,out_of_road
514,mutation,5,mutation,intersection_cars,,1,0,0,12,0,0,15.0,40.0,15.0,20.0,1,126,17.144264221191406,1.4526047259569168,,out_of_road
515,fresh,0,fresh,,,0,0,0,0,1,0,20.0,5.0,15.0,10.0,0,120,29.44815444946289,2.372629267970721,,out_of_road
516,crossover,6,crossover,,select_lane|ego_on_intersection|intersection_has_cars|distractor_cars|has_brake_checker|distance_to_nearest|cluster_dist|brake_dist,6,1,1,18,1,0,20.0,5.0,10.0,55.0,0,28,-0.0762319564819336,0.0,,crash_vehicle
517,fresh,4,fresh,,,0,0,0,8,1,1,10.0,10.0,5.0,35.0,3,50,2.8513851165771484,0.3660461527109146,,out_of_road
518,mutation,5,mutation,brake_dist,,1,0,0,12,0,0,15.0,40.0,15.0,35.0,3,139,33.17922592163086,2.0666702209616736,,crash_vehicle
519,fresh,4,fresh,,,0,0,0,8,0,1,20.0,5.0,10.0,10.0,0,45,1.1702289581298828,0.46670355366335975,,out_of_road
520,mutation,4,mutation,select_road|select_lane|ego_on_intersection|intersection_has_cars,,3,0,0,8,1,1,10.0,10.0,5.0,55.0,0,44,1.6558012962341309,0.729401248422536,,crash_vehicle
521,fresh,1,fresh,,,0,0,0,2,0,1,5.0,10.0,5.0,10.0,0,59,8.84379768371582,0.5769753592499232,,crash_vehicle
522,crossover,5,crossover,,distractor_cars|has_brake_checker|intersection_cars|maximum_distractor_speed|distance_to_nearest|cluster_dist,2,1,1,12,1,0,20.0,20.0,15.0,35.0,1,133,28.83618927001953,1.7812267785009586,,out_of_road
523,fresh,0,fresh,,,0,1,0,1,0,1,5.0,20.0,5.0,35.0,1,68,7.671167373657227,0.5372699460781672,,out_of_road
524,replay,0,replay,,,0,1,0,1,0,1,5.0,20.0,5.0,35.0,1,70,6.086525917053223,0.09051497866000448,,crash_vehicle
525,fresh,0,fresh,,,0,0,0,0,0,0,10.0,40.0,10.0,10.0,0,562,196.06939697265625,4.4764853002655975,,out_of_road
526,mutation,4,mutation,distance_to_nearest,,0,0,0,8,1,1,20.0,20.0,15.0,35.0,3,120,34.31705856323242,2.8292806521058083,,crash_vehicle
527,fresh,0,fresh,,,0,0,0,0,0,0,20.0,10.0,15.0,10.0,0,50,3.2720556259155273,0.27303133487701414,,out_of_road
528,replay,0,replay,,,0,0,0,0,0,0,20.0,10.0,15.0,10.0,0,58,7.595582008361816,0.2704073450174825,,crash_vehicle
529,fresh,1,fresh,,,0,1,0,2,0,0,20.0,5.0,5.0,35.0,2,108,23.491497039794922,2.054493410995713,,out_of_road
530,mutation,2,mutation,distractor_cars,,1,0,0,3,0,1,5.0,40.0,15.0,20.0,3,160,36.661903381347656,2.251457743672654,,out_of_road
531,fresh,0,fresh,,,0,1,0,0,1,0,10.0,10.0,15.0,35.0,0,86,3.2185659408569336,0.41498637857825255,,out_of_road
532,mutation,6,mutation,distractor_cars,,1,0,0,18,0,1,10.0,20.0,15.0,35.0,1,105,25.03127670288086,2.2977350930372875,,crash_vehicle
533,fresh,5,fresh,,,0,1,0,12,1,1,15.0,5.0,5.0,35.0,1,37,1.4578514099121094,0.18135733660813924,,crash_vehicle
534,mutation,4,mutation,distance_to_nearest,,0,1,1,8,0,0,5.0,5.0,5.0,55.0,2,28,-0.08792304992675781,0.15051613535199845,,crash_vehicle
535,fresh,0,fresh,,,0,0,0,1,0,0,20.0,10.0,10.0,10.0,1,99,13.479347229003906,1.1411751367226997,,out_of_road
536,mutation,2,mutation,distractor_cars,,1,1,0,3,0,0,10.0,5.0,5.0,20.0,0,30,0.5811471939086914,0.033808380365371704,,crash_vehicle
537,fresh,5,fresh,,,0,0,0,12,0,1,15.0,20.0,15.0,20.0,3,72,4.070675849914551,0.2226951705912749,,out_of_road
538,crossover,4,crossover,,has_cluster|maximum_distractor_speed|cluster_dist|brake_dist,3,0,0,8,1,0,10.0,20.0,10.0,35.0,3,50,4.461264610290527,0.40984197944402695,,out_of_road
539,fresh,2,fresh,,,0,1,0,3,1,1,20.0,20.0,10.0,55.0,2,107,20.853721618652344,1.5289553707448122,,crash_vehicle
540,mutation,2,mutation,cluster_dist,,1,1,0,3,0,0,5.0,40.0,10.0,35.0,3,201,39.3489875793457,1.6001078857118218,,out_of_road
541,fresh,0,fresh,,,0,0,0,0,1,0,10.0,5.0,15.0,10.0,0,203,47.736751556396484,2.8804163539350913,,out_of_road
542,crossover,4,crossover,,select_lane|ego_on_intersection|intersection_has_cars|distractor_cars|intersection_cars|has_cluster|maximum_distractor_speed|distance_to_nearest|cluster_dist|brake_dist,6,0,0,8,0,0,10.0,10.0,5.0,20.0,2,175,44.43202209472656,3.010083202123642,,out_of_road
543,fresh,0,fresh,,,0,1,0,1,1,1,15.0,40.0,10.0,55.0,1,91,21.04087257385254,1.348994485788293,,crash_vehicle
544,mutation,5,mutation,distractor_cars,,1,1,0,12,0,1,20.0,40.0,10.0,20.0,0,196,50.49465560913086,3.333944613950289,,out_of_road
545,fresh,1,fresh,,,0,1,1,2,0,1,10.0,5.0,5.0,10.0,2,170,64.27401733398438,5.136976229092654,,out_of_road
546,crossover,0,crossover,,distractor_cars|has_brake_checker,3,0,0,0,0,0,10.0,40.0,10.0,55.0,0,152,33.836483001708984,2.430990284014689,,out_of_road
547,fresh,3,fresh,,,0,0,0,5,1,0,10.0,40.0,10.0,55.0,2,187,59.64189910888672,3.0599230788448915,,crash_vehicle
548,replay,3,replay,,,0,0,0,5,1,0,10.0,40.0,10.0,55.0,2,66,5.203534126281738,0.14793195507743143,,crash_vehicle
549,fresh,4,fresh,,,0,1,0,8,1,0,15.0,5.0,10.0,20.0,1,69,15.85429573059082,2.862281912478848,,crash_vehicle
550,crossover,0,crossover,,has_brake_checker|intersection_cars,0,1,1,0,0,0,20.0,40.0,15.0,10.0,0,52,4.9174394607543945,0.9462362287136225,,out_of_road
551,fresh,3,fresh,,,0,1,0,5,0,0,5.0,10.0,15.0,20.0,1,94,23.677589416503906,1.9445036285101098,,crash_vehicle
552,mutation,1,mutation,distractor_cars,,2,1,0,2,0,0,5.0,10.0,10.0,10.0,2,123,27.87723159790039,1.7743401185768406,,out_of_road
553,fresh,3,fresh,,,0,1,0,5,1,1,10.0,20.0,5.0,55.0,1,184,45.16084289550781,2.9446303181593185,,out_of_road
554,mutation,3,mutation,distance_to_nearest,,1,1,0,5,1,0,15.0,5.0,10.0,55.0,2,36,1.0157198905944824,0.34045977476570344,,crash_vehicle
555,fresh,1,fresh,,,0,0,0,2,1,1,15.0,20.0,5.0,35.0,2,508,190.5301513671875,4.517813282982101,,out_of_road
556,mutation,1,mutation,select_road|select_lane|ego_on_intersection|intersection_has_cars,,2,1,0,2,0,0,20.0,40.0,15.0,35.0,0,307,129.7584991455078,5.329639311867739,,out_of_road
557,fresh,3,fresh,,,0,0,0,4,0,1,15.0,5.0,15.0,20.0,2,71,10.26516056060791,1.333121358508795,,crash_vehicle
558,crossover,3,crossover,,select_lane|ego_on_intersection|intersection_has_cars|has_brake_checker|intersection_cars|cluster_dist|brake_dist,5,1,1,4,0,1,20.0,40.0,10.0,20.0,1,54,4.08155632019043,0.6573001419504484,,out_of_road
559,fresh,0,fresh,,,0,0,0,0,1,0,5.0,5.0,15.0,10.0,0,262,91.66771697998047,4.326049547614032,,crash_vehicle
560,crossover,2,crossover,,select_lane|ego_on_intersection|intersection_has_cars|has_cluster|maximum_distractor_speed|distance_to_nearest|cluster_dist,5,1,0,3,0,0,5.0,40.0,10.0,35.0,1,297,89.21785736083984,3.2391295189458114,,out_of_road
561,fresh,3,fresh,,,0,1,0,4,0,1,5.0,10.0,5.0,20.0,0,57,6.089730262756348,0.15439560747983164,,crash_vehicle
562,mutation,6,mutation,select_road|select_lane|ego_on_intersection|intersection_has_cars,,2,1,1,18,0,1,20.0,40.0,10.0,20.0,0,44,1.998115062713623,0.3402609879320318,,out_of_road
563,fresh,3,fresh,,,0,1,1,5,0,0,10.0,40.0,15.0,35.0,0,31,-1.7372827529907227,0.09797783051767657,,out_of_road
564,crossover,3,crossover,,has_brake_checker|has_cluster|maximum_distractor_speed,3,0,0,5,1,1,10.0,40.0,15.0,55.0,3,153,34.339500427246094,1.9148508852798176,,crash_vehicle
565,fresh,1,fresh,,,0,0,0,2,1,0,5.0,5.0,10.0,35.0,1,52,5.992348670959473,0.7108572352534304,,crash_vehicle
566,replay,1,replay,,,0,0,0,2,1,0,5.0,5.0,10.0,35.0,1,118,27.10196304321289,2.4540390235892797,,out_of_road
567,fresh,0,fresh,,,0,0,0,1,1,0,10.0,40.0,10.0,55.0,1,153,30.056747436523438,1.7453027154300726,,out_of_road
568,crossover,1,crossover,,has_brake_checker|intersection_cars|maximum_distractor_speed|cluster_dist,4,1,0,2,1,0,15.0,10.0,5.0,20.0,2,147,37.401039123535156,2.4847141800283574,,out_of_road
569,fresh,2,fresh,,,0,1,1,3,1,0,10.0,40.0,10.0,55.0,0,31,-0.7653789520263672,0.08109198847124653,,out_of_road
570,mutation,1,mutation,has_cluster,,0,1,0,2,1,1,5.0,20.0,15.0,35.0,2,119,26.837308883666992,1.8335295754696141,,out_of_road
571,fresh,3,fresh,,,0,0,0,4,0,1,10.0,5.0,10.0,55.0,1,65,8.063376426696777,1.0296078514594298,,crash_vehicle
572,mutation,5,mutation,has_brake_checker,,2,1,0,12,1,1,15.0,40.0,5.0,55.0,1,52,3.400705337524414,0.2798081311898736,,out_of_road
573,fresh,3,fresh,,,0,1,0,5,0,1,15.0,10.0,15.0,20.0,3,53,6.993048667907715,1.1602130057114475,,crash_vehicle
574,crossover,0,crossover,,has_cluster|maximum_distractor_speed|cluster_dist|brake_dist,3,1,1,0,0,0,5.0,40.0,5.0,55.0,0,95,17.237211227416992,1.3229410858922883,,out_of_road
575,fresh,1,fresh,,,0,1,1,2,0,1,15.0,5.0,10.0,10.0,1,152,34.6033935546875,3.261353961927326,,crash_vehicle
576,mutation,4,mutation,select_road|select_lane|ego_on_intersection|intersection_has_cars,,3,0,0,8,1,1,10.0,10.0,5.0,55.0,0,54,1.4327216148376465,0.16942048845467744,,out_of_road
577,fresh,3,fresh,,,0,1,0,4,0,1,20.0,10.0,15.0,20.0,3,56,1.9129972457885742,0.12710432069642202,,crash_vehicle
578,mutation,4,mutation,cluster_dist,,0,1,1,8,0,0,20.0,20.0,5.0,55.0,2,141,26.427385330200195,1.4807290324928066,,out_of_road
579,fresh,3,fresh,,,0,0,0,4,0,1,20.0,5.0,10.0,10.0,3,37,1.645805835723877,1.2307584986493394,,crash_vehicle
580,mutation,3,mutation,has_brake_checker,,0,1,0,5,1,1,10.0,20.0,5.0,55.0,1,75,12.27248764038086,0.3952942522366842,,crash_vehicle
581,fresh,1,fresh,,,0,1,1,2,1,0,20.0,40.0,5.0,55.0,0,185,31.925777435302734,1.3297332512365805,,out_of_road
582,replay,1,replay,,,0,1,1,2,1,0,20.0,40.0,5.0,55.0,0,2,10.0,3.0382471084594727,,arrive_dest
583,fresh,0,fresh,,,0,0,0,1,1,0,10.0,5.0,15.0,35.0,1,161,29.250179290771484,2.0409284640358103,,out_of_road
584,replay,0,replay,,,0,0,0,1,1,0,10.0,5.0,15.0,35.0,1,57,3.167330741882324,0.2113083773537686,,out_of_road
585,fresh,1,fresh,,,0,1,0,2,0,0,15.0,5.0,10.0,20.0,1,32,-1.8290274143218994,0.04667585249990225,,crash_vehicle
586,mutation,1,mutation,select_road|select_lane|ego_on_intersection|intersection_has_cars,,1,1,0,2,1,0,15.0,10.0,5.0,20.0,2,36,-0.3031435012817383,0.19577639632754856,,out_of_road
587,fresh,4,fresh,,,0,1,0,8,0,1,20.0,10.0,5.0,55.0,0,45,4.302883148193359,0.06483181317647298,,crash_vehicle
588,replay,4,replay,,,0,1,0,8,0,1,20.0,10.0,5.0,55.0,0,51,0.46727705001831055,0.12995652649916856,,out_of_road
589,fresh,4,fresh,,,0,1,1,8,1,0,20.0,40.0,15.0,55.0,0,125,25.114988327026367,1.5313384051322938,,crash_vehicle
590,replay,4,replay,,,0,1,1,8,1,0,20.0,40.0,15.0,55.0,0,53,0.30539703369140625,0.13457223604310234,,out_of_road
591,fresh,4,fresh,,,0,1,0,8,0,1,15.0,10.0,10.0,35.0,1,78,12.350250244140625,0.8863019699660631,,crash_vehicle
592,crossover,1,crossover,,has_brake_checker|intersection_cars|has_cluster|distance_to_nearest|cluster_dist,2,1,0,2,0,0,10.0,40.0,5.0,10.0,1,43,-0.3198533058166504,0.14703153870826544,,out_of_road
593,fresh,1,fresh,,,0,1,0,2,0,1,20.0,40.0,5.0,10.0,0,306,78.29963684082031,2.511381188212754,,out_of_road
594,replay,1,replay,,,0,1,0,2,0,1,20.0,40.0,5.0,10.0,0,30,0.2771778106689453,0.0,,crash_vehicle
595,fresh,0,fresh,,,0,0,0,1,1,1,10.0,5.0,15.0,20.0,1,50,1.4196505546569824,0.2070879054069519,,out_of_road
596,replay,0,replay,,,0,0,0,1,1,1,10.0,5.0,15.0,20.0,1,61,2.299095630645752,0.06636661779685099,,out_of_road
597,fresh,4,fresh,,,0,1,1,8,1,1,5.0,10.0,15.0,20.0,3,2,10.0,7.309390068054199,,arrive_dest
598,mutation,6,mutation,has_cluster,,1,1,1,18,1,1,20.0,5.0,10.0,35.0,2,33,0.2270359992980957,0.0,,crash_vehicle
599,fresh,0,fresh,,,0,1,0,1,1,0,20.0,20.0,10.0,35.0,0,51,2.671940326690674,0.42545418938000995,,out_of_road
600,mutation,0,mutation,distractor_cars,,2,0,0,0,0,0,15.0,40.0,15.0,20.0,0,29,-2.3923630714416504,0.0,,out_of_road
601,fresh,3,fresh,,,0,1,0,4,1,0,20.0,10.0,15.0,20.0,2,144,25.949872970581055,1.7538586125398676,,out_of_road
602,replay,3,replay,,,0,1,0,4,1,0,20.0,10.0,15.0,20.0,2,168,40.99684524536133,2.358477119356394,,out_of_road
603,fresh,3,fresh,,,0,0,0,5,1,0,5.0,5.0,10.0,20.0,0,29,0.4970703125,0.028024001368160904,,crash_vehicle
604,mutation,3,mutation,has_cluster,,0,1,0,4,1,0,10.0,20.0,10.0,55.0,1,116,24.13491439819336,1.463462546853156,,out_of_road
605,fresh,4,fresh,,,0,1,0,8,1,0,10.0,10.0,5.0,35.0,3,98,20.854263305664062,1.8304555641145122,,out_of_road
606,mutation,6,mutation,intersection_cars,,1,0,0,18,0,0,10.0,5.0,15.0,55.0,3,140,27.052001953125,2.4994998427374022,,crash_vehicle
607,fresh,4,fresh,,,0,1,1,8,1,0,10.0,40.0,15.0,55.0,0,41,-0.1827993392944336,0.21883238815679784,,out_of_road
608,replay,4,replay,,,0,1,1,8,1,0,10.0,40.0,15.0,55.0,0,64,1.96319580078125,1.0798980770632625,,crash_vehicle
609,fresh,3,fresh,,,0,0,0,5,0,1,20.0,10.0,5.0,10.0,2,65,4.527963638305664,0.15451462727326612,,crash_vehicle
610,mutation,3,mutation,distractor_cars,,1,1,0,5,0,1,15.0,5.0,5.0,20.0,2,40,1.4512109756469727,0.15631538927555083,,crash_vehicle
611,fresh,3,fresh,,,0,1,1,4,0,1,15.0,10.0,10.0,20.0,2,69,9.346330642700195,0.5125598328700964,,crash_vehicle
612,replay,3,replay,,,0,1,1,4,0,1,15.0,10.0,10.0,20.0,2,36,0.38463926315307617,0.12790904442469278,,crash_vehicle
613,fresh,4,fresh,,,0,0,0,8,1,0,15.0,5.0,15.0,20.0,3,35,-7.5934062004089355,0.0,,crash_vehicle
614,crossover,1,crossover,,select_lane|ego_on_intersection|intersection_has_cars|maximum_distractor_speed|distance_to_nearest,6,1,1,2,1,0,10.0,40.0,10.0,55.0,0,65,4.130926132202148,0.6902188915472764,,out_of_road
615,fresh,2,fresh,,,0,0,0,3,1,0,10.0,5.0,15.0,55.0,2,48,6.122091293334961,2.444318393866221,,crash_vehicle
616,replay,2,replay,,,0,0,0,3,1,0,10.0,5.0,15.0,55.0,2,196,57.27307891845703,3.2826456058846443,,out_of_road
617,fresh,3,fresh,,,0,1,0,4,0,0,5.0,20.0,10.0,20.0,0,91,18.550207138061523,0.729079157441527,,crash_vehicle
618,crossover,1,crossover,,has_brake_checker|intersection_cars|has_cluster,2,0,0,2,0,1,20.0,20.0,15.0,35.0,2,58,5.595210075378418,1.1092221140861511,,out_of_road
619,fresh,2,fresh,,,0,0,0,3,1,0,10.0,10.0,5.0,20.0,2,62,9.822675704956055,1.5141640392041975,,crash_vehicle
620,crossover,1,crossover,,distractor_cars|has_brake_checker|intersection_cars|cluster_dist,2,0,0,2,0,1,20.0,20.0,5.0,20.0,1,134,25.35894203186035,1.4473947187635436,,out_of_road
621,fresh,3,fresh,,,0,0,0,4,1,1,5.0,5.0,5.0,55.0,0,32,0.4600977897644043,0.08729066699743271,,crash_vehicle
622,mutation,1,mutation,select_road|select_lane|ego_on_intersection|intersection_has_cars,,2,0,0,2,1,0,15.0,10.0,5.0,20.0,2,805,267.28216552734375,3.80842335549941,,out_of_road
623,fresh,5,fresh,,,0,0,0,12,1,1,5.0,5.0,5.0,20.0,0,27,-1.3857262134552002,0.14781619525618023,,crash_vehicle
624,crossover,2,crossover,,select_lane|ego_on_intersection|intersection_has_cars|distractor_cars|has_brake_checker|intersection_cars|maximum_distractor_speed|distance_to_nearest|cluster_dist|brake_dist,4,0,0,3,1,1,5.0,20.0,5.0,35.0,0,88,15.04279899597168,0.39111517318947747,,crash_vehicle
625,fresh,0,fresh,,,0,1,0,0,1,0,10.0,10.0,15.0,10.0,0,168,44.94416809082031,3.006009131669998,,out_of_road
626,replay,0,replay,,,0,1,0,0,1,0,10.0,10.0,15.0,10.0,0,50,4.1277971267700195,0.709853680729866,,crash_vehicle
627,fresh,5,fresh,,,0,1,1,12,0,1,5.0,10.0,10.0,35.0,2,47,4.97380256652832,0.1266432823018825,,crash_vehicle
628,mutation,2,mutation,has_brake_checker,,1,1,0,3,1,1,10.0,20.0,5.0,35.0,1,139,32.823673248291016,2.053787127137184,,out_of_road
629,fresh,1,fresh,,,0,0,0,2,1,0,5.0,10.0,10.0,20.0,1,73,10.839176177978516,0.34231890840073154,,crash_vehicle
630,replay,1,replay,,,0,0,0,2,1,0,5.0,10.0,10.0,20.0,1,114,23.269453048706055,0.792342475370357,,crash_vehicle
631,fresh,1,fresh,,,0,0,0,2,1,0,10.0,40.0,15.0,55.0,0,79,3.0661048889160156,0.1546638540074795,,out_of_road
632,replay,1,replay,,,0,0,0,2,1,0,10.0,40.0,15.0,55.0,0,143,23.967660903930664,1.006996702585187,,crash_vehicle
633,fresh,5,fresh,,,0,1,1,12,0,0,15.0,40.0,5.0,35.0,0,217,42.96709442138672,1.2792512848114912,,crash_vehicle
634,mutation,2,mutation,brake_dist,,1,1,0,3,0,0,5.0,40.0,5.0,10.0,3,844,210.19972229003906,2.4467585862865806,,out_of_road
635,fresh,3,fresh,,,0,1,0,4,0,0,5.0,40.0,15.0,35.0,0,148,33.709842681884766,2.237644113600254,,crash_vehicle
636,mutation,1,mutation,distractor_cars,,1,0,0,2,1,1,5.0,5.0,5.0,20.0,1,30,-9.396817207336426,0.0,,crash_vehicle
637,fresh,4,fresh,,,0,0,0,8,0,1,15.0,10.0,5.0,10.0,0,50,1.5224723815917969,0.502306861281395,,crash_vehicle
638,replay,4,replay,,,0,0,0,8,0,1,15.0,10.0,5.0,10.0,0,125,26.915958404541016,1.298815837740898,,out_of_road
639,fresh,4,fresh,,,0,1,1,8,1,1,10.0,40.0,15.0,55.0,3,83,9.132206916809082,0.38321149986551467,,out_of_road
640,mutation,3,mutation,maximum_distractor_speed,,0,0,0,4,1,0,20.0,20.0,5.0,35.0,0,110,34.007442474365234,2.6305742399259047,,out_of_road
641,fresh,0,fresh,,,0,0,0,1,0,1,15.0,40.0,5.0,35.0,0,135,51.84165954589844,3.142828941345215,,arrive_dest
642,mutation,1,mutation,distractor_cars,,1,1,1,2,1,0,20.0,5.0,5.0,20.0,2,372,79.80976104736328,2.2421950441134233,,out_of_road
643,fresh,4,fresh,,,0,1,1,8,1,0,10.0,40.0,5.0,55.0,2,403,185.02992248535156,5.787708360341288,,crash_vehicle
644,crossover,2,crossover,,select_lane|ego_on_intersection|intersection_has_cars|distractor_cars|has_brake_checker|distance_to_nearest|cluster_dist|brake_dist,4,1,0,3,1,0,5.0,5.0,5.0,20.0,0,30,-0.08540582656860352,0.034265963236490886,,crash_vehicle
645,fresh,1,fresh,,,0,0,0,2,1,1,20.0,5.0,10.0,35.0,0,164,39.71366882324219,3.1000907363415493,,crash_vehicle
646,crossover,1,crossover,,distractor_cars|has_brake_checker|maximum_distractor_speed|cluster_dist,3,0,0,2,1,0,10.0,40.0,15.0,55.0,0,215,51.46388626098633,2.561003389469413,,out_of_road
647,fresh,6,fresh,,,0,1,1,18,1,1,10.0,10.0,10.0,20.0,2,59,-0.0545506477355957,0.01975060014401452,,out_of_road
648,crossover,1,crossover,,distance_to_nearest|cluster_dist|brake_dist,0,0,0,2,0,1,20.0,40.0,10.0,55.0,0,27,-7.494150638580322,0.10011182007966218,,out_of_road
649,fresh,1,fresh,,,0,0,0,2,1,1,15.0,40.0,5.0,55.0,1,193,56.13992691040039,2.7576836380007355,,out_of_road
650,replay,1,replay,,,0,0,0,2,1,1,15.0,40.0,5.0,55.0,1,224,48.20619201660156,2.4019666755172824,,out_of_road
651,fresh,0,fresh,,,0,0,0,0,1,0,10.0,5.0,15.0,10.0,0,220,82.0032730102539,4.456127846647393,,crash_vehicle
652,crossover,4,crossover,,select_lane|ego_on_intersection|intersection_has_cars|distractor_cars|intersection_cars|maximum_distractor_speed|cluster_dist|brake_dist,5,0,0,8,1,1,20.0,40.0,15.0,55.0,1,249,43.45085144042969,0.7054189447777338,,crash_vehicle
653,fresh,3,fresh,,,0,1,0,4,1,0,15.0,40.0,5.0,55.0,3,127,26.77802276611328,1.1714900844092444,,out_of_road
654,replay,3,replay,,,0,1,0,4,1,0,15.0,40.0,5.0,55.0,3,205,45.028541564941406,2.3617977172863194,,out_of_road
655,fresh,3,fresh,,,0,0,0,4,1,0,15.0,40.0,15.0,55.0,1,115,15.291326522827148,0.46741559175045594,,crash_vehicle
656,mutation,5,mutation,brake_dist,,0,1,1,12,1,1,20.0,5.0,5.0,20.0,0,268,57.14155197143555,3.2625135477187475,,crash_vehicle
657,fresh,4,fresh,,,0,1,0,8,1,1,15.0,20.0,10.0,35.0,1,83,18.222204208374023,0.6953816855528269,,crash_vehicle
658,mutation,4,mutation,has_cluster,,0,1,1,8,1,1,10.0,40.0,15.0,55.0,1,215,48.564720153808594,1.3429183506688407,,crash_vehicle
659,fresh,2,fresh,,,0,0,0,3,1,0,5.0,5.0,15.0,35.0,1,99,5.150895118713379,0.5211962319985785,,crash_vehicle
660,crossover,4,crossover,,distractor_cars|has_brake_checker|intersection_cars|has_cluster,3,1,1,8,0,0,5.0,10.0,15.0,20.0,0,133,32.8365364074707,1.6555571435089398,,crash_vehicle
661,fresh,0,fresh,,,0,0,0,1,0,0,15.0,5.0,15.0,20.0,1,1000,278.9785461425781,2.6935195187851786,,max_step
662,crossover,0,crossover,,select_lane|ego_on_intersection|intersection_has_cars|has_brake_checker|intersection_cars|has_cluster|maximum_distractor_speed|distance_to_nearest|cluster_dist,5,1,1,0,0,0,20.0,5.0,15.0,55.0,0,58,-0.30852794647216797,0.04734203733246902,,out_of_road
663,fresh,4,fresh,,,0,0,0,8,0,0,20.0,20.0,10.0,55.0,3,186,25.97359275817871,0.6400167773407633,,crash_vehicle
664,crossover,5,crossover,,distractor_cars|has_brake_checker|intersection_cars|has_cluster|maximum_distractor_speed|cluster_dist|brake_dist,2,1,1,12,1,0,20.0,20.0,15.0,35.0,1,288,73.9995346069336,2.1727340342218264,,out_of_road
665,fresh,0,fresh,,,0,1,1,0,1,0,10.0,20.0,15.0,10.0,0,150,46.99324417114258,3.0517757525046667,,out_of_road
666,crossover,0,crossover,,distractor_cars|has_brake_checker|has_cluster|distance_to_nearest|cluster_dist|brake_dist,1,1,0,0,0,0,15.0,40.0,5.0,10.0,0,157,35.96722412109375,1.6062361674893433,,out_of_road
667,fresh,6,fresh,,,0,1,0,18,0,0,15.0,40.0,10.0,10.0,2,115,23.419614791870117,0.8922241379385409,,crash_vehicle
668,crossover,4,crossover,,intersection_cars|cluster_dist|brake_dist,2,1,0,8,0,0,20.0,40.0,5.0,10.0,0,84,16.522218704223633,1.019695415028504,,out_of_road
669,fresh,0,fresh,,,0,0,0,0,1,0,20.0,40.0,15.0,20.0,0,401,125.15608215332031,3.380064518058538,,out_of_road
670,mutation,4,mutation,cluster_dist,,0,1,0,8,0,0,20.0,40.0,5.0,10.0,0,366,107.54607391357422,2.797910255649702,,out_of_road
671,fresh,5,fresh,,,0,0,0,12,0,0,20.0,10.0,15.0,35.0,3,144,25.369813919067383,0.9826177123209668,,out_of_road
672,replay,5,replay,,,0,0,0,12,0,0,20.0,10.0,15.0,35.0,3,116,22.342382431030273,3.5884305287537903,,crash_vehicle
673,fresh,3,fresh,,,0,1,0,5,1,1,10.0,5.0,10.0,20.0,2,64,-1.5687236785888672,0.38532066356856376,,crash_vehicle
674,crossover,1,crossover,,distractor_cars|has_brake_checker|intersection_cars|maximum_distractor_speed|cluster_dist,4,0,0,2,1,0,20.0,40.0,5.0,55.0,2,45,-0.7878274917602539,0.2776409996880425,,out_of_road
675,fresh,6,fresh,,,0,0,0,18,1,0,15.0,10.0,15.0,35.0,3,119,34.27543640136719,1.9780823753661467,,crash_vehicle
676,crossover,1,crossover,,distractor_cars|has_brake_checker|intersection_cars|maximum_distractor_speed|brake_dist,1,0,0,2,1,1,15.0,10.0,5.0,55.0,2,138,34.43075942993164,1.8828886461214742,,out_of_road
677,fresh,6,fresh,,,0,0,0,18,1,0,20.0,10.0,5.0,20.0,3,30,-1.3641362190246582,0.06208625833193461,,out_of_road
678,replay,6,replay,,,0,0,0,18,1,0,20.0,10.0,5.0,20.0,3,40,-0.4852890968322754,0.4818776547908783,,out_of_road
679,fresh,0,fresh,,,0,0,0,0,0,0,20.0,10.0,10.0,35.0,0,51,-0.27303075790405273,0.09717611939299341,,out_of_road
680,mutation,2,mutation,has_brake_checker,,1,0,0,3,0,0,10.0,5.0,15.0,55.0,2,30,-0.3571286201477051,0.0629364808400472,,crash_vehicle
681,fresh,4,fresh,,,0,0,0,8,1,0,5.0,40.0,10.0,55.0,0,390,116.10807037353516,2.9221980364658893,,out_of_road
682,crossover,1,crossover,,select_lane|ego_on_intersection|intersection_has_cars|intersection_cars|has_cluster,4,0,0,2,1,0,5.0,20.0,15.0,35.0,1,56,-0.20545673370361328,0.1697465521948678,,out_of_road
683,fresh,0,fresh,,,0,0,0,1,1,0,10.0,20.0,10.0,55.0,1,178,32.985382080078125,1.4469581579559305,,out_of_road
684,mutation,2,mutation,maximum_distractor_speed,,0,1,0,3,0,0,5.0,40.0,10.0,35.0,3,132,34.181522369384766,1.7046140798113563,,out_of_road
685,fresh,2,fresh,,,0,1,0,3,0,0,15.0,40.0,5.0,55.0,1,112,35.33926010131836,2.4289683156779835,,out_of_road
686,replay,2,replay,,,0,1,0,3,0,0,15.0,40.0,5.0,55.0,1,53,-1.6615872383117676,0.1913283366077351,,out_of_road
687,fresh,2,fresh,,,0,0,0,3,0,0,20.0,20.0,15.0,55.0,1,66,0.6292033195495605,0.12022162860993182,,out_of_road
688,mutation,6,mutation,distance_to_nearest,,1,0,0,18,0,0,10.0,40.0,15.0,55.0,3,51,1.517956256866455,0.07578330881455365,,out_of_road
689,fresh,1,fresh,,,0,0,0,2,0,1,15.0,20.0,5.0,20.0,1,40,-0.02186298370361328,0.0,,out_of_road
690,crossover,0,crossover,,distractor_cars|cluster_dist|brake_dist,1,0,0,0,1,0,20.0,5.0,15.0,35.0,0,117,18.02099609375,0.7946777211295234,,out_of_road
691,fresh,0,fresh,,,0,1,0,1,0,0,15.0,10.0,5.0,10.0,1,157,35.30487060546875,1.201355660607101,,out_of_road
692,mutation,4,mutation,select_road|select_lane|ego_on_intersection|intersection_has_cars,,1,1,1,8,1,0,10.0,40.0,5.0,55.0,2,33,-1.198131799697876,0.07031797640251392,,out_of_road
693,fresh,1,fresh,,,0,0,0,2,0,0,10.0,40.0,15.0,10.0,2,66,0.5169334411621094,0.27107765277226764,,out_of_road
694,replay,1,replay,,,0,0,0,2,0,0,10.0,40.0,15.0,10.0,2,52,-1.1101000308990479,0.044525227294518396,,out_of_road
695,fresh,0,fresh,,,0,0,0,0,1,0,10.0,10.0,5.0,20.0,0,50,0.184295654296875,0.03275796115398407,,out_of_road
696,mutation,0,mutation,maximum_distractor_speed,,1,1,1,0,1,0,15.0,5.0,15.0,35.0,0,196,55.362403869628906,2.3875854364311206,,out_of_road
697,fresh,5,fresh,,,0,0,0,12,0,1,20.0,20.0,5.0,35.0,3,118,19.56682014465332,0.5724931673099429,,crash_vehicle
698,replay,5,replay,,,0,0,0,12,0,1,20.0,20.0,5.0,35.0,3,299,58.55120086669922,1.4888892239053113,,crash_vehicle
699,fresh,5,fresh,,,0,1,0,12,0,1,15.0,20.0,5.0,35.0,1,71,13.344818115234375,0.38228543087000577,,crash_vehicle
700,replay,5,replay,,,0,1,0,12,0,1,15.0,20.0,5.0,35.0,1,39,-0.7750711441040039,0.21674965283809564,,out_of_road
701,fresh,3,fresh,,,0,0,0,4,1,1,5.0,5.0,5.0,55.0,2,50,5.745085716247559,0.6949142372608185,,crash_vehicle
702,mutation,4,mutation,select_road|select_lane|ego_on_intersection|intersection_has_cars,,2,1,1,8,0,0,20.0,40.0,15.0,20.0,0,45,1.0647311210632324,0.16911302738719516,,out_of_road
703,fresh,6,fresh,,,0,0,0,18,1,0,20.0,10.0,15.0,20.0,1,62,6.078653335571289,0.16019312027961977,,crash_vehicle
704,mutation,3,mutation,cluster_dist,,1,0,0,4,1,0,20.0,20.0,15.0,35.0,0,54,-0.6875414848327637,0.23022371199395922,,out_of_road
705,fresh,3,fresh,,,0,0,0,4,1,1,5.0,20.0,10.0,35.0,2,42,-1.4421155452728271,0.011186314480645316,,out_of_road
706,mutation,4,mutation,select_road|select_lane|ego_on_intersection|intersection_has_cars,,1,0,0,8,0,1,20.0,40.0,5.0,35.0,1,161,12.528425216674805,0.6706574302837716,,crash_vehicle
707,fresh,4,fresh,,,0,1,0,8,0,1,10.0,5.0,10.0,20.0,0,37,-0.053826332092285156,0.1480953256423409,,crash_vehicle
708,crossover,4,crossover,,select_lane|ego_on_intersection|intersection_has_cars|intersection_cars|maximum_distractor_speed|cluster_dist,5,0,0,8,1,1,10.0,10.0,15.0,20.0,1,211,37.667659759521484,1.77595133846405,,out_of_road
709,fresh,0,fresh,,,0,1,1,0,0,0,20.0,10.0,15.0,55.0,0,39,-0.947504997253418,0.2831246302678035,,out_of_road
710,crossover,0,crossover,,select_lane|ego_on_intersection|intersection_has_cars|distractor_cars|has_brake_checker|intersection_cars|cluster_dist,1,0,0,0,0,0,10.0,5.0,5.0,20.0,0,554,178.9742431640625,3.136871517356821,,out_of_road
711,fresh,3,fresh,,,0,1,1,5,1,1,5.0,5.0,10.0,20.0,3,34,0.07431697845458984,0.15988627777380102,,crash_vehicle
712,crossover,0,crossover,,has_brake_checker|intersection_cars|brake_dist,2,0,0,0,0,0,20.0,5.0,15.0,10.0,0,1000,299.1800537109375,3.0478113464862107,,max_step
713,fresh,0,fresh,,,0,1,0,0,0,0,15.0,40.0,15.0,20.0,0,61,0.31691503524780273,0.09031163669023358,,out_of_road
714,mutation,5,mutation,intersection_cars,,1,1,1,12,1,1,20.0,5.0,5.0,20.0,3,51,5.349401473999023,0.7239527234844133,,crash_vehicle
715,fresh,1,fresh,,,0,0,0,2,1,0,20.0,5.0,15.0,20.0,0,421,125.66998291015625,3.0509038031667544,,out_of_road
716,replay,1,replay,,,0,0,0,2,1,0,20.0,5.0,15.0,20.0,0,2,10.0,8.365411758422852,,arrive_dest
717,fresh,0,fresh,,,0,0,0,0,1,0,15.0,20.0,15.0,55.0,0,457,130.66400146484375,2.5746050468387174,,out_of_road
718,replay,0,replay,,,0,0,0,0,1,0,15.0,20.0,15.0,55.0,0,140,29.002750396728516,2.586678247260196,,out_of_road
719,fresh,1,fresh,,,0,0,0,2,1,1,5.0,5.0,10.0,55.0,1,34,-0.16472959518432617,0.09967475778916303,,crash_vehicle
720,crossover,4,crossover,,distractor_cars|has_brake_checker|intersection_cars|has_cluster|distance_to_nearest|cluster_dist,3,1,1,8,0,0,5.0,10.0,15.0,20.0,0,493,112.91426086425781,1.725948432743791,,out_of_road
721,fresh,3,fresh,,,0,0,0,4,0,0,5.0,10.0,10.0,20.0,3,149,28.425357818603516,1.0926668785962483,,out_of_road
722,mutation,1,mutation,intersection_cars,,1,0,0,2,0,0,10.0,20.0,5.0,55.0,0,699,200.97509765625,2.7508881389242044,,arrive_dest
723,fresh,4,fresh,,,0,1,1,8,1,1,15.0,10.0,10.0,20.0,2,102,11.714420318603516,0.8861397487275741,,crash_vehicle
724,crossover,3,crossover,,select_lane|ego_on_intersection|intersection_has_cars|distractor_cars|intersection_cars|brake_dist,3,1,0,4,1,0,20.0,10.0,5.0,35.0,0,65,1.9310240745544434,0.26165511424724874,,out_of_road
725,fresh,3,fresh,,,0,0,0,5,1,0,20.0,10.0,15.0,20.0,1,59,0.034698486328125,0.11993435934438544,,out_of_road
726,replay,3,replay,,,0,0,0,5,1,0,20.0,10.0,15.0,20.0,1,123,25.619462966918945,1.1971764840730807,,out_of_road
727,fresh,5,fresh,,,0,1,0,12,1,1,20.0,20.0,15.0,55.0,3,56,-0.7316470146179199,0.17661949193903378,,out_of_road
728,crossover,3,crossover,,select_lane|ego_on_intersection|intersection_has_cars|distractor_cars|has_brake_checker|intersection_cars|has_cluster|maximum_distractor_speed|cluster_dist,6,0,0,5,1,1,10.0,10.0,15.0,35.0,3,94,18.135425567626953,0.5925886293357991,,crash_vehicle
729,fresh,2,fresh,,,0,1,1,3,1,0,20.0,40.0,15.0,55.0,0,61,3.6288938522338867,0.32653092947162565,,crash_vehicle
730,mutation,6,mutation,distractor_cars,,1,1,1,18,1,1,20.0,20.0,15.0,35.0,0,54,-0.46810054779052734,0.11501371060256604,,out_of_road
731,fresh,0,fresh,,,0,0,0,0,1,0,20.0,5.0,5.0,35.0,0,20,11.261828422546387,1.917679750919342,,arrive_dest
732,mutation,0,mutation,brake_dist,,1,0,0,0,1,0,20.0,10.0,5.0,35.0,0,76,-0.08104085922241211,0.027500311010762266,,out_of_road
733,fresh,0,fresh,,,0,1,1,1,1,0,5.0,20.0,10.0,35.0,1,224,45.05806350708008,1.0000942836715174,,out_of_road
734,mutation,0,mutation,has_brake_checker,,1,0,0,0,1,0,10.0,40.0,10.0,10.0,0,135,29.689373016357422,1.4850079428266596,,out_of_road
735,fresh,0,fresh,,,0,0,0,0,1,0,20.0,5.0,5.0,10.0,0,59,-0.7828550338745117,0.1658109495952978,,out_of_road
736,replay,0,replay,,,0,0,0,0,1,0,20.0,5.0,5.0,10.0,0,37,-1.1354994773864746,0.24634267510594549,,out_of_road
737,fresh,6,fresh,,,0,0,0,18,1,1,5.0,40.0,15.0,55.0,3,63,1.9292497634887695,0.5329940011577,,out_of_road
738,replay,6,replay,,,0,0,0,18,1,1,5.0,40.0,15.0,55.0,3,529,154.26651000976562,2.444671909150532,,out_of_road
739,fresh,4,fresh,,,0,0,0,8,0,1,10.0,20.0,5.0,20.0,3,80,13.258134841918945,0.2548831781372428,,crash_vehicle
740,mutation,0,mutation,brake_dist,,1,1,1,0,0,0,5.0,40.0,5.0,10.0,0,134,19.982498168945312,0.4942580049357085,,out_of_road
741,fresh,3,fresh,,,0,0,0,5,1,1,20.0,40.0,10.0,55.0,3,134,17.153783798217773,0.9952837166501515,,out_of_road
742,mutation,4,mutation,brake_dist,,1,0,0,8,1,1,20.0,20.0,15.0,55.0,3,78,0.3798203468322754,0.20003087293261138,,out_of_road
743,fresh,1,fresh,,,0,0,0,2,0,1,10.0,40.0,10.0,35.0,2,102,21.526166915893555,1.9336016595947976,,arrive_dest
744,crossover,5,crossover,,select_lane|ego_on_intersection|intersection_has_cars|intersection_cars|distance_to_nearest|cluster_dist|brake_dist,5,1,1,12,0,1,15.0,5.0,5.0,20.0,0,36,-0.4305109977722168,0.14551125632392037,,crash_vehicle
745,fresh,6,fresh,,,0,0,0,18,0,1,20.0,5.0,15.0,55.0,2,204,37.454811096191406,2.2197151437913085,,crash_vehicle
746,crossover,0,crossover,,select_lane|ego_on_intersection|intersection_has_cars|intersection_cars|has_cluster|maximum_distractor_speed|distance_to_nearest|cluster_dist,3,1,0,0,0,0,10.0,10.0,5.0,10.0,0,46,0.086212158203125,0.322145938873291,,out_of_road
747,fresh,4,fresh,,,0,0,0,8,1,1,15.0,10.0,15.0,20.0,3,47,0.15104389190673828,0.06540653870460834,,out_of_road
748,replay,4,replay,,,0,0,0,8,1,1,15.0,10.0,15.0,20.0,3,43,0.9496011734008789,0.522627419510553,,out_of_road
749,fresh,3,fresh,,,0,0,0,4,1,0,20.0,10.0,15.0,20.0,0,215,39.6577033996582,1.8395596635896105,,out_of_road
750,crossover,3,crossover,,distractor_cars|intersection_cars|has_cluster|maximum_distractor_speed|brake_dist,2,0,0,5,1,0,5.0,40.0,15.0,55.0,1,704,176.27081298828125,2.0852175878350283,,arrive_dest
751,fresh,6,fresh,,,0,0,0,18,1,1,15.0,20.0,5.0,35.0,2,96,11.57022476196289,0.8392390996838609,,crash_vehicle
752,crossover,5,crossover,,distractor_cars|has_brake_checker|intersection_cars|distance_to_nearest,0,0,0,12,0,0,15.0,40.0,15.0,35.0,3,161,33.0638542175293,1.317434955457723,,crash_vehicle
753,fresh,5,fresh,,,0,0,0,12,0,0,5.0,40.0,5.0,10.0,3,41,-0.6518511772155762,0.21554892419314967,,out_of_road
754,mutation,4,mutation,brake_dist,,1,1,0,8,0,0,20.0,40.0,15.0,10.0,0,693,143.0924835205078,1.139470633291364,,out_of_road
755,fresh,4,fresh,,,0,1,0,8,0,1,20.0,20.0,5.0,55.0,2,84,12.095388412475586,0.3716113425436474,,crash_vehicle
756,crossover,2,crossover,,select_lane|ego_on_intersection|intersection_has_cars|distractor_cars|has_brake_checker|intersection_cars|maximum_distractor_speed|distance_to_nearest,5,0,0,3,1,0,5.0,20.0,5.0,35.0,0,164,32.252201080322266,0.8986123876600731,,out_of_road
757,fresh,2,fresh,,,0,1,0,3,0,0,20.0,40.0,10.0,20.0,1,104,18.614839553833008,0.6430401891031159,,out_of_road
758,mutation,2,mutation,select_road|select_lane|ego_on_intersection|intersection_has_cars,,1,0,0,3,0,0,20.0,20.0,15.0,35.0,0,116,24.186262130737305,1.0664939480865825,,out_of_road
759,fresh,2,fresh,,,0,1,0,3,0,1,10.0,10.0,15.0,35.0,0,36,-1.3831336498260498,0.17843051544494098,,out_of_road
760,replay,2,replay,,,0,1,0,3,0,1,10.0,10.0,15.0,35.0,0,55,-0.3036637306213379,0.23200436261567203,,out_of_road
761,fresh,6,fresh,,,0,1,0,18,0,1,10.0,20.0,15.0,20.0,0,45,-1.5908963680267334,0.015430537859598796,,out_of_road
762,crossover,4,crossover,,distractor_cars|cluster_dist,0,0,0,8,1,0,10.0,20.0,15.0,35.0,1,628,125.36515808105469,1.177860699499109,,crash_vehicle
763,fresh,2,fresh,,,0,1,0,3,1,1,15.0,40.0,10.0,55.0,1,189,32.101139068603516,0.5314746871984825,,crash_vehicle
764,crossover,4,crossover,,select_lane|ego_on_intersection|intersection_has_cars|intersection_cars|has_cluster|maximum_distractor_speed|cluster_dist,4,0,0,8,1,1,10.0,20.0,15.0,35.0,1,410,83.09938049316406,1.227230261320748,,crash_vehicle
765,fresh,0,fresh,,,0,1,1,1,1,0,20.0,40.0,5.0,55.0,1,52,-0.4015374183654785,0.27367439292944395,,out_of_road
766,mutation,1,mutation,intersection_cars,,1,0,0,2,0,0,15.0,40.0,10.0,55.0,2,65,1.635303020477295,0.13949028895451474,,out_of_road
767,fresh,4,fresh,,,0,0,0,8,1,1,5.0,5.0,5.0,35.0,3,62,4.899755477905273,0.5994608570491115,,crash_vehicle
768,crossover,1,crossover,,distractor_cars|has_brake_checker|has_cluster|distance_to_nearest|brake_dist,1,0,0,2,0,0,15.0,20.0,10.0,55.0,0,753,200.42910766601562,2.012718375369654,,out_of_road
769,fresh,6,fresh,,,0,0,0,18,1,1,15.0,40.0,15.0,55.0,2,36,-2.459275007247925,0.09459735696307486,,out_of_road
770,replay,6,replay,,,0,0,0,18,1,1,15.0,40.0,15.0,55.0,2,152,38.532745361328125,1.9484038256893033,,out_of_road
771,fresh,0,fresh,,,0,1,1,0,0,0,5.0,10.0,5.0,35.0,0,38,-0.7906813621520996,0.15075572246783658,,out_of_road
772,replay,0,replay,,,0,1,1,0,0,0,5.0,10.0,5.0,35.0,0,109,16.234952926635742,0.19100441927209907,,crash_vehicle
773,fresh,2,fresh,,,0,0,0,3,0,0,20.0,5.0,5.0,20.0,0,58,-0.18734407424926758,0.7824446420217382,,crash_vehicle
774,mutation,2,mutation,intersection_cars,,1,0,0,3,0,0,20.0,20.0,15.0,35.0,3,135,23.09661293029785,0.4406125698376585,,out_of_road
775,fresh,3,fresh,,,0,1,0,4,1,0,20.0,20.0,15.0,35.0,1,111,5.269646644592285,0.2998705449941996,,out_of_road
776,replay,3,replay,,,0,1,0,4,1,0,20.0,20.0,15.0,35.0,1,126,36.09394836425781,1.5825840439943095,,out_of_road
777,fresh,1,fresh,,,0,1,0,2,0,0,10.0,10.0,10.0,20.0,1,50,6.793274879455566,0.3109011268615723,,crash_vehicle
778,crossover,0,crossover,,select_lane|ego_on_intersection|intersection_has_cars|distractor_cars|has_brake_checker|intersection_cars|distance_to_nearest|brake_dist,5,1,0,0,1,0,5.0,10.0,10.0,10.0,0,152,41.927425384521484,2.4298598507517264,,out_of_road
779,fresh,2,fresh,,,0,1,1,3,1,1,15.0,20.0,10.0,55.0,1,58,-0.33318519592285156,0.2584483500184684,,out_of_road
780,replay,2,replay,,,0,1,1,3,1,1,15.0,20.0,10.0,55.0,1,52,0.5642294883728027,0.22303839601003206,,out_of_road
781,fresh,2,fresh,,,0,1,1,3,0,0,20.0,5.0,5.0,20.0,1,67,2.699744701385498,1.4971213033839839,,out_of_road
782,replay,2,replay,,,0,1,1,3,0,0,20.0,5.0,5.0,20.0,1,79,-0.7421436309814453,0.22328346590452555,,out_of_road
783,fresh,1,fresh,,,0,1,0,2,1,1,10.0,20.0,10.0,35.0,2,45,-0.9681711196899414,0.14640809959835477,,out_of_road
784,mutation,3,mutation,brake_dist,,0,1,1,4,1,1,15.0,40.0,5.0,55.0,1,147,33.05137634277344,0.6820970878359818,,crash_vehicle
785,fresh,5,fresh,,,0,1,0,12,1,0,5.0,10.0,10.0,55.0,3,96,20.159561157226562,0.8820437408673266,,crash_vehicle
786,replay,5,replay,,,0,1,0,12,1,0,5.0,10.0,10.0,55.0,3,85,14.330345153808594,0.3403801642796572,,out_of_road
787,fresh,2,fresh,,,0,0,0,3,0,0,5.0,20.0,5.0,35.0,2,141,12.487020492553711,0.5333898149906321,,crash_vehicle
788,mutation,0,mutation,cluster_dist,,0,1,1,0,1,0,20.0,5.0,10.0,55.0,0,145,30.271163940429688,0.8319556368836041,,out_of_road
789,fresh,5,fresh,,,0,0,0,12,0,1,5.0,5.0,15.0,20.0,0,74,9.109960556030273,1.32536733231029,,crash_vehicle
790,mutation,2,mutation,intersection_cars,,0,1,0,3,0,0,5.0,40.0,10.0,35.0,3,50,-0.30930471420288086,0.24547411054372786,,out_of_road
791,fresh,3,fresh,,,0,0,0,5,1,1,20.0,10.0,15.0,20.0,2,45,3.845004081726074,0.2804000695546468,,crash_vehicle
792,mutation,4,mutation,brake_dist,,0,0,0,8,1,1,20.0,40.0,15.0,55.0,1,347,76.64823150634766,1.6693744287055834,,out_of_road
793,fresh,6,fresh,,,0,0,0,18,0,0,10.0,40.0,15.0,55.0,1,556,101.59590911865234,0.6855509419583803,,crash_vehicle
794,mutation,0,mutation,maximum_distractor_speed,,0,1,1,1,1,0,5.0,20.0,10.0,35.0,1,347,132.79791259765625,3.4415828127854153,,out_of_road
795,fresh,1,fresh,,,0,1,1,2,1,0,5.0,40.0,10.0,55.0,1,59,0.9924077987670898,0.1939366227489407,,out_of_road
796,mutation,6,mutation,distance_to_nearest,,0,1,0,18,0,0,10.0,10.0,10.0,10.0,1,99,25.671463012695312,1.1052312817838457,,crash_vehicle
797,fresh,0,fresh,,,0,1,1,0,0,0,5.0,20.0,10.0,20.0,0,65,4.043693542480469,1.234437832924036,,out_of_road
798,replay,0,replay,,,0,1,1,0,0,0,5.0,20.0,10.0,20.0,0,59,6.592723846435547,0.2858169698866747,,crash_vehicle
799,fresh,2,fresh,,,0,0,0,3,0,0,5.0,5.0,15.0,35.0,2,48,1.6100497245788574,0.13551952441533408,,crash_vehicle
800,replay,2,replay,,,0,0,0,3,0,0,5.0,5.0,15.0,35.0,2,114,30.153095245361328,1.2589398242141072,,crash_vehicle
801,fresh,3,fresh,,,0,0,0,5,0,1,10.0,10.0,10.0,20.0,2,102,17.244707107543945,0.9516862587747621,,crash_vehicle
802,crossover,1,crossover,,has_brake_checker|maximum_distractor_speed|cluster_dist,2,0,0,2,1,1,20.0,10.0,5.0,55.0,1,151,45.44020080566406,2.3853384102417143,,out_of_road
803,fresh,5,fresh,,,0,1,1,12,0,1,15.0,5.0,15.0,35.0,1,39,-0.15487003326416016,0.04041441892966246,,crash_vehicle
804,crossover,1,crossover,,select_lane|ego_on_intersection|intersection_has_cars|has_brake_checker|maximum_distractor_speed|distance_to_nearest|cluster_dist|brake_dist,5,0,0,2,0,1,10.0,10.0,5.0,55.0,0,43,4.125143051147461,0.4236190901246182,,crash_vehicle
805,fresh,3,fresh,,,0,1,0,5,0,1,10.0,5.0,10.0,10.0,0,89,0.6785774230957031,0.9289309741991959,,out_of_road
806,mutation,1,mutation,has_brake_checker,,0,0,0,2,0,0,20.0,20.0,15.0,35.0,0,167,37.70485305786133,0.949394773273634,,out_of_road
807,fresh,5,fresh,,,0,1,0,12,1,1,10.0,10.0,15.0,20.0,2,205,38.19575119018555,1.5306079479615862,,crash_vehicle
808,crossover,1,crossover,,select_lane|ego_on_intersection|intersection_has_cars|distractor_cars|intersection_cars|distance_to_nearest,4,0,0,2,1,1,5.0,10.0,15.0,35.0,2,42,2.259054660797119,0.7426829302594775,,out_of_road
809,fresh,3,fresh,,,0,0,0,5,1,1,15.0,10.0,10.0,55.0,1,192,39.997432708740234,1.496710392801712,,out_of_road
810,replay,3,replay,,,0,0,0,5,1,1,15.0,10.0,10.0,55.0,1,156,33.581947326660156,1.8910260263543863,,crash_vehicle
811,fresh,0,fresh,,,0,0,0,0,0,0,10.0,5.0,5.0,20.0,0,153,37.32725143432617,1.3451582396439477,rejection_fallback,out_of_road
812,crossover,5,crossover,,select_lane|ego_on_intersection|intersection_has_cars|distractor_cars|has_brake_checker|has_cluster|distance_to_nearest|cluster_dist,2,1,1,12,1,0,20.0,20.0,10.0,35.0,1,67,5.166550636291504,0.4180056274826847,,out_of_road
813,fresh,6,fresh,,,0,0,0,18,0,1,20.0,10.0,15.0,20.0,2,91,19.8427791595459,1.338633316395047,,crash_vehicle
814,crossover,5,crossover,,select_lane|ego_on_intersection|intersection_has_cars|distractor_cars|has_brake_checker|intersection_cars|distance_to_nearest|cluster_dist|brake_dist,5,1,0,12,0,0,15.0,40.0,5.0,10.0,1,38,-0.44502735137939453,0.224456787109375,,out_of_road
815,fresh,6,fresh,,,0,1,1,18,1,0,15.0,10.0,10.0,55.0,0,57,0.5067481994628906,0.045734935456462074,,out_of_road
816,mutation,6,mutation,select_road|select_lane|ego_on_intersection|intersection_has_cars,,3,1,1,18,0,1,20.0,5.0,15.0,55.0,2,31,-0.29866504669189453,0.23743464869837608,,crash_vehicle
817,fresh,2,fresh,,,0,1,0,3,1,1,15.0,40.0,5.0,55.0,0,121,34.633209228515625,1.4502229210266397,,crash_vehicle
818,mutation,1,mutation,cluster_dist,,0,0,0,2,1,1,5.0,10.0,15.0,35.0,2,35,-0.8935513496398926,0.3362602881022862,,crash_vehicle
819,fresh,2,fresh,,,0,1,1,3,0,1,5.0,5.0,10.0,35.0,1,58,-0.4796595573425293,0.0821281476267453,,crash_vehicle
820,mutation,2,mutation,maximum_distractor_speed,,1,1,1,3,0,0,10.0,5.0,5.0,20.0,1,62,4.912458419799805,1.910570745987277,,out_of_road
821,fresh,0,fresh,,,0,1,0,1,1,1,15.0,40.0,10.0,55.0,1,149,28.27393341064453,0.6900581038438234,,out_of_road
822,mutation,0,mutation,has_brake_checker,,0,1,0,1,1,1,5.0,10.0,10.0,20.0,1,257,47.54817199707031,1.4716400296829555,,out_of_road
823,fresh,1,fresh,,,0,1,0,2,1,0,15.0,10.0,5.0,20.0,2,168,73.88860321044922,3.9024958353312242,,crash_vehicle
824,mutation,5,mutation,has_cluster,,1,1,0,12,1,0,15.0,5.0,5.0,35.0,1,36,-1.9919342994689941,0.0,,crash_vehicle
825,fresh,0,fresh,,,0,0,0,1,0,0,10.0,20.0,15.0,20.0,0,206,67.8734359741211,2.426897293481144,,out_of_road
826,mutation,3,mutation,cluster_dist,,1,0,0,4,0,0,5.0,10.0,10.0,35.0,3,118,27.461238861083984,2.1757161119731805,,crash_vehicle
827,fresh,0,fresh,,,0,1,0,1,0,0,20.0,10.0,15.0,20.0,0,2,10.0,5.068057537078857,,arrive_dest
828,replay,0,replay,,,0,1,0,1,0,0,20.0,10.0,15.0,20.0,0,361,122.21471405029297,2.645562600932623,,out_of_road
829,fresh,3,fresh,,,0,1,0,4,0,0,5.0,40.0,5.0,20.0,2,136,32.714847564697266,0.7091691701618188,,crash_vehicle
830,mutation,1,mutation,cluster_dist,,1,0,0,2,1,0,10.0,40.0,15.0,55.0,2,215,94.6070327758789,3.8192619886076034,,out_of_road
831,fresh,6,fresh,,,0,1,0,18,0,1,10.0,10.0,10.0,20.0,0,42,5.525250434875488,0.342733519417899,,crash_vehicle
832,crossover,1,crossover,,select_lane|ego_on_intersection|intersection_has_cars|intersection_cars|maximum_distractor_speed|cluster_dist,1,0,0,2,1,0,15.0,10.0,5.0,20.0,2,162,55.52106475830078,2.2984432900945344,,out_of_road
833,fresh,3,fresh,,,0,1,0,4,1,0,20.0,5.0,15.0,35.0,2,68,11.997228622436523,1.7625049646286404,,crash_vehicle
834,mutation,3,mutation,maximum_distractor_speed,,1,1,0,5,1,1,5.0,20.0,5.0,55.0,1,2,10.0,4.280580520629883,,arrive_dest
835,fresh,1,fresh,,,0,0,0,2,0,0,5.0,10.0,10.0,20.0,0,129,35.95289611816406,2.626452299398045,,crash_vehicle
836,mutation,3,mutation,select_road|select_lane|ego_on_intersection|intersection_has_cars,,2,1,0,4,0,1,10.0,5.0,10.0,55.0,1,36,0.80029296875,0.5277750144402186,,crash_vehicle
837,fresh,4,fresh,,,0,1,1,8,0,0,5.0,40.0,10.0,10.0,0,190,68.98291778564453,2.4017954609111736,,crash_vehicle
838,mutation,1,mutation,cluster_dist,,1,0,0,2,1,1,5.0,20.0,5.0,35.0,0,71,14.244661331176758,0.9081427946057118,,crash_vehicle
839,fresh,3,fresh,,,0,1,0,4,0,0,15.0,5.0,10.0,35.0,0,35,-0.354006290435791,0.13368867194013936,,crash_vehicle
840,replay,3,replay,,,0,1,0,4,0,0,15.0,5.0,10.0,35.0,0,47,2.954115867614746,1.034243142351191,,out_of_road
841,fresh,0,fresh,,,0,1,0,0,0,0,20.0,10.0,15.0,20.0,0,142,49.17085266113281,2.325231759376089,,out_of_road
842,crossover,0,crossover,,has_brake_checker|intersection_cars|distance_to_nearest|cluster_dist|brake_dist,3,1,1,0,1,0,5.0,40.0,15.0,20.0,0,120,33.11041259765625,1.3222086635728678,,out_of_road
843,fresh,0,fresh,,,0,1,0,1,1,1,15.0,40.0,15.0,55.0,1,44,3.2830047607421875,0.1652933575890281,,out_of_road
844,crossover,4,crossover,,select_lane|ego_on_intersection|intersection_has_cars|distractor_cars|has_brake_checker|intersection_cars|cluster_dist,5,1,0,8,1,0,20.0,20.0,10.0,55.0,1,174,63.4581298828125,2.5018988623358736,,crash_vehicle
845,fresh,4,fresh,,,0,0,0,8,0,1,15.0,20.0,5.0,20.0,1,55,0.8100495338439941,0.16982670467008243,,out_of_road
846,replay,4,replay,,,0,0,0,8,0,1,15.0,20.0,5.0,20.0,1,174,63.35057830810547,2.6803996994577606,,out_of_road
847,fresh,5,fresh,,,0,1,1,12,1,0,20.0,40.0,15.0,55.0,1,61,0.9825453758239746,0.27722080644281183,,out_of_road
848,replay,5,replay,,,0,1,1,12,1,0,20.0,40.0,15.0,55.0,1,104,19.620872497558594,0.8709060485259845,,out_of_road
849,fresh,2,fresh,,,0,0,0,3,0,1,10.0,20.0,10.0,35.0,2,42,-5.563174247741699,0.0026325320913678125,,out_of_road
850,mutation,2,mutation,has_brake_checker,,0,0,0,3,0,0,20.0,20.0,15.0,35.0,0,113,27.68630599975586,0.9221644828804826,,out_of_road
851,fresh,3,fresh,,,0,0,0,5,1,1,20.0,10.0,15.0,20.0,1,202,67.56419372558594,3.6185509273321323,,arrive_dest
852,crossover,0,crossover,,select_lane|ego_on_intersection|intersection_has_cars|has_brake_checker|intersection_cars|has_cluster|maximum_distractor_speed|cluster_dist,3,0,0,0,1,0,10.0,20.0,15.0,55.0,0,57,8.287184715270996,0.7790979126043487,,out_of_road
853,fresh,5,fresh,,,0,0,0,12,0,1,15.0,40.0,10.0,20.0,1,54,3.955439567565918,1.4155588580502405,,out_of_road
854,crossover,2,crossover,,has_brake_checker|distance_to_nearest,1,0,0,3,0,1,5.0,20.0,10.0,35.0,3,107,39.861106872558594,2.687026900526519,,out_of_road
855,fresh,0,fresh,,,0,1,1,1,1,1,20.0,5.0,10.0,20.0,1,199,47.913204193115234,1.179123964591242,,out_of_road
856,crossover,1,crossover,,select_lane|ego_on_intersection|intersection_has_cars|has_brake_checker|intersection_cars|maximum_distractor_speed|distance_to_nearest|brake_dist,6,0,0,2,0,1,5.0,10.0,10.0,10.0,0,63,12.87384033203125,0.9741536955984812,,crash_vehicle
857,fresh,5,fresh,,,0,0,0,12,1,0,10.0,10.0,10.0,55.0,3,96,19.431974411010742,0.2880392640751476,,crash_vehicle
858,crossover,0,crossover,,select_lane|ego_on_intersection|intersection_has_cars|distractor_cars|distance_to_nearest|cluster_dist|brake_dist,5,1,0,1,1,0,20.0,5.0,10.0,20.0,0,76,9.808562278747559,0.6227090906743941,,crash_vehicle
859,fresh,0,fresh,,,0,1,1,1,0,1,15.0,20.0,5.0,35.0,0,353,173.88673400878906,5.001449803961573,,out_of_road
860,crossover,1,crossover,,select_lane|ego_on_intersection|intersection_has_cars|has_brake_checker|maximum_distractor_speed|cluster_dist|brake_dist,5,1,0,2,0,0,20.0,10.0,5.0,35.0,2,207,50.86368942260742,2.759590692350254,,out_of_road
861,fresh,5,fresh,,,0,0,0,12,1,1,5.0,40.0,5.0,55.0,2,46,1.285062313079834,0.7259694237423979,,out_of_road
862,crossover,0,crossover,,has_brake_checker|maximum_distractor_speed,7,0,0,0,0,0,10.0,5.0,5.0,20.0,0,2,10.0,6.053520202636719,rejection_fallback,arrive_dest
863,fresh,4,fresh,,,0,0,0,8,0,0,20.0,5.0,5.0,10.0,1,167,36.77403259277344,2.208458084635392,,out_of_road
864,crossover,2,crossover,,select_lane|ego_on_intersection|intersection_has_cars|distractor_cars|intersection_cars|maximum_distractor_speed|distance_to_nearest|cluster_dist,4,1,0,3,1,1,15.0,40.0,5.0,55.0,0,145,33.67864227294922,2.546798226545597,,crash_vehicle
865,fresh,0,fresh,,,0,1,0,0,0,0,5.0,5.0,10.0,10.0,0,90,26.381031036376953,0.9180494777858257,,out_of_road
866,replay,0,replay,,,0,1,0,0,0,0,5.0,5.0,10.0,10.0,0,185,59.039222717285156,2.3011226584782474,,out_of_road
867,fresh,0,fresh,,,0,0,0,0,0,0,20.0,10.0,5.0,35.0,0,27,-4.716306209564209,0.0,,out_of_road
868,crossover,6,crossover,,select_lane|ego_on_intersection|intersection_has_cars|distractor_cars|intersection_cars|has_cluster|distance_to_nearest|cluster_dist,6,0,0,18,1,1,10.0,20.0,5.0,55.0,2,109,27.758529663085938,2.1662805579397655,,crash_vehicle
869,fresh,0,fresh,,,0,0,0,1,0,0,15.0,5.0,15.0,55.0,1,56,6.301137924194336,1.5069142867411887,,out_of_road
870,mutation,4,mutation,maximum_distractor_speed,,0,1,1,8,1,0,20.0,5.0,5.0,35.0,0,30,-0.47029876708984375,0.04956248203913371,,crash_vehicle
871,fresh,0,fresh,,,0,1,1,1,0,1,20.0,10.0,15.0,10.0,0,227,52.36603927612305,2.291911095643359,,out_of_road
872,crossover,0,crossover,,has_brake_checker|cluster_dist|brake_dist,2,1,1,0,0,0,20.0,40.0,10.0,35.0,0,52,3.81851863861084,1.3443494507899652,,out_of_road
873,fresh,1,fresh,,,0,0,0,2,0,0,5.0,40.0,5.0,35.0,2,141,42.278900146484375,2.7169293000343,,out_of_road
874,crossover,3,crossover,,distractor_cars|has_brake_checker|intersection_cars|has_cluster|maximum_distractor_speed|distance_to_nearest|cluster_dist,4,0,0,4,0,0,5.0,40.0,5.0,20.0,2,345,121.16889953613281,3.8096553247044054,,out_of_road
875,fresh,0,fresh,,,0,0,0,0,0,0,15.0,5.0,5.0,55.0,0,179,41.084800720214844,2.0543061308770874,,out_of_road
876,crossover,6,crossover,,distractor_cars|maximum_distractor_speed|cluster_dist,1,0,0,18,1,1,20.0,20.0,5.0,55.0,2,61,10.635089874267578,0.46902941655917246,,crash_vehicle
877,fresh,3,fresh,,,0,0,0,5,0,1,10.0,5.0,15.0,55.0,2,131,20.52574348449707,1.3189170609676202,,crash_vehicle
878,mutation,1,mutation,cluster_dist,,1,0,0,2,0,1,20.0,20.0,10.0,20.0,2,64,4.188359260559082,0.8459318820387125,,out_of_road
879,fresh,0,fresh,,,0,0,0,1,1,1,5.0,40.0,15.0,55.0,1,56,2.9724373817443848,0.6792130486241409,,out_of_road
880,crossover,2,crossover,,distractor_cars|has_cluster|distance_to_nearest|brake_dist,0,0,0,3,0,0,20.0,20.0,15.0,35.0,0,102,28.78498077392578,1.0009916864481627,,out_of_road
881,fresh,2,fresh,,,0,0,0,3,1,1,5.0,20.0,5.0,35.0,0,81,12.914239883422852,0.2627501075650439,,crash_vehicle
882,mutation,1,mutation,maximum_distractor_speed,,1,1,0,2,0,0,5.0,5.0,5.0,10.0,2,130,27.479583740234375,3.0956290843395085,,out_of_road
883,fresh,3,fresh,,,0,1,1,5,1,1,20.0,10.0,10.0,55.0,0,145,43.03898239135742,2.801010784506798,,crash_vehicle
884,crossover,1,crossover,,distractor_cars|has_brake_checker|intersection_cars|has_cluster|maximum_distractor_speed|distance_to_nearest|cluster_dist,4,0,0,2,1,1,15.0,40.0,5.0,55.0,1,184,63.333518981933594,2.449237048463977,,out_of_road
885,fresh,5,fresh,,,0,1,0,12,1,0,15.0,5.0,10.0,55.0,0,155,32.45471954345703,3.2174020397086296,,out_of_road
886,crossover,6,crossover,,has_brake_checker|intersection_cars|has_cluster|cluster_dist,2,0,0,18,1,1,10.0,20.0,15.0,55.0,3,95,23.975555419921875,1.76930004734742,,crash_vehicle
887,fresh,3,fresh,,,0,0,0,4,1,0,10.0,10.0,5.0,20.0,0,143,34.507686614990234,2.703885879081029,,crash_vehicle
888,mutation,4,mutation,has_brake_checker,,1,1,1,8,1,0,20.0,20.0,5.0,55.0,2,65,0.7574834823608398,0.24037654720819912,,out_of_road
889,fresh,3,fresh,,,0,0,0,5,1,1,20.0,40.0,15.0,55.0,3,56,1.745737075805664,0.3383011541196278,,out_of_road
890,mutation,3,mutation,distractor_cars,,1,1,0,5,1,0,15.0,5.0,10.0,20.0,1,269,70.72528839111328,3.6629334026912996,,crash_vehicle
891,fresh,2,fresh,,,0,0,0,3,0,0,5.0,20.0,15.0,20.0,0,173,59.75276184082031,2.1382577722472265,,crash_vehicle
892,crossover,3,crossover,,distractor_cars|intersection_cars|has_cluster|cluster_dist|brake_dist,2,0,0,4,1,1,20.0,5.0,10.0,20.0,3,35,-9.356220245361328,0.0,,crash_vehicle
893,fresh,3,fresh,,,0,0,0,5,1,1,10.0,20.0,15.0,55.0,2,102,20.36157989501953,0.1963220191936867,,crash_vehicle
894,mutation,1,mutation,distractor_cars,,1,0,0,2,1,0,5.0,40.0,10.0,55.0,0,263,94.11898040771484,2.531016201517428,,crash_vehicle
895,fresh,2,fresh,,,0,1,1,3,0,0,20.0,10.0,15.0,20.0,0,135,38.083797454833984,2.2199517984081196,,out_of_road
896,replay,2,replay,,,0,1,1,3,0,0,20.0,10.0,15.0,20.0,0,151,50.089778900146484,2.633544763389802,,out_of_road
897,fresh,4,fresh,,,0,1,0,8,1,0,10.0,5.0,15.0,55.0,0,39,-0.09416484832763672,0.06973973145851722,,crash_vehicle
898,replay,4,replay,,,0,1,0,8,1,0,10.0,5.0,15.0,55.0,0,58,3.5411338806152344,0.9227802095742061,,out_of_road
899,fresh,5,fresh,,,0,0,0,12,0,1,20.0,40.0,15.0,20.0,3,25,-5.580509185791016,0.0,,out_of_road
900,mutation,2,mutation,cluster_dist,,0,1,0,3,0,0,5.0,20.0,5.0,20.0,2,40,0.6888284683227539,0.20896904170513153,,out_of_road
901,fresh,1,fresh,,,0,0,0,2,0,1,5.0,10.0,5.0,35.0,1,66,8.923079490661621,0.23524728818147472,,crash_vehicle
902,crossover,1,crossover,,distractor_cars|cluster_dist,0,0,0,2,1,1,5.0,20.0,15.0,35.0,0,103,21.24500846862793,0.9780606592743142,,crash_vehicle
903,fresh,0,fresh,,,0,0,0,1,1,1,15.0,10.0,15.0,20.0,1,144,43.11795425415039,1.6697453026556306,,out_of_road
904,crossover,1,crossover,,distractor_cars|has_brake_checker|intersection_cars|brake_dist,3,0,0,2,0,1,15.0,40.0,5.0,35.0,2,265,111.93437194824219,4.369994233014449,,out_of_road
905,fresh,0,fresh,,,0,0,0,1,0,1,20.0,10.0,15.0,35.0,1,307,113.75067138671875,3.799057055725822,,out_of_road
906,crossover,5,crossover,,distractor_cars|has_brake_checker|intersection_cars|has_cluster|distance_to_nearest|cluster_dist|brake_dist,5,1,0,12,0,0,15.0,40.0,15.0,20.0,3,113,37.606895446777344,2.0563454729529607,,out_of_road
907,fresh,0,fresh,,,0,1,0,1,1,1,5.0,20.0,15.0,35.0,1,245,105.33948516845703,3.6165880511609876,,out_of_road
908,mutation,0,mutation,select_road|select_lane|ego_on_intersection|intersection_has_cars,,2,1,0,0,1,0,20.0,20.0,5.0,10.0,0,157,63.032081604003906,3.215642263555223,,crash_vehicle
909,fresh,0,fresh,,,0,1,1,1,1,0,5.0,20.0,10.0,35.0,1,72,15.005804061889648,1.7980378377768729,,out_of_road
910,replay,0,replay,,,0,1,1,1,1,0,5.0,20.0,10.0,35.0,1,184,57.24948501586914,2.2557183102421137,,out_of_road
911,fresh,6,fresh,,,0,0,0,18,1,0,10.0,5.0,10.0,20.0,2,86,4.860250473022461,0.5655784887629886,,crash_vehicle
912,crossover,5,crossover,,distractor_cars|has_brake_checker|intersection_cars|maximum_distractor_speed|cluster_dist,3,1,0,12,0,0,15.0,40.0,15.0,10.0,3,234,92.35581970214844,2.8504643322438254,,out_of_road
913,fresh,0,fresh,,,0,1,1,0,1,0,15.0,20.0,15.0,20.0,0,137,41.08757019042969,1.2331758084958486,,out_of_road
914,mutation,5,mutation,select_road|select_lane|ego_on_intersection|intersection_has_cars,,1,0,0,12,1,0,15.0,5.0,10.0,20.0,1,42,0.8235173225402832,0.14495963142031715,,crash_vehicle
915,fresh,6,fresh,,,0,0,0,18,0,1,10.0,5.0,15.0,20.0,1,192,42.627140045166016,2.5817275799733275,,crash_vehicle
916,replay,6,replay,,,0,0,0,18,0,1,10.0,5.0,15.0,20.0,1,151,39.59102249145508,2.4086254219345697,,out_of_road
917,fresh,2,fresh,,,0,1,1,3,1,1,20.0,20.0,10.0,35.0,2,417,181.1894073486328,4.86629211677493,,out_of_road
918,crossover,0,crossover,,select_lane|ego_on_intersection|intersection_has_cars|distractor_cars,9,0,0,0,0,0,10.0,5.0,5.0,20.0,0,302,133.75950622558594,4.684864081639723,rejection_fallback,out_of_road
919,fresh,1,fresh,,,0,1,0,2,0,0,15.0,40.0,10.0,35.0,1,116,28.399200439453125,0.6620906885584881,,out_of_road
920,replay,1,replay,,,0,1,0,2,0,0,15.0,40.0,10.0,35.0,1,137,43.21251678466797,1.455005878242698,,out_of_road
921,fresh,4,fresh,,,0,0,0,8,0,1,20.0,20.0,15.0,55.0,0,71,16.176761627197266,0.21618955907687334,,crash_vehicle
922,crossover,0,crossover,,select_lane|ego_on_intersection|intersection_has_cars|has_brake_checker|intersection_cars|maximum_distractor_speed|brake_dist,4,1,0,0,0,0,5.0,5.0,5.0,10.0,0,158,45.498939514160156,3.187827326758187,,out_of_road
923,fresh,6,fresh,,,0,0,0,18,0,1,10.0,10.0,15.0,10.0,0,50,4.563214302062988,0.11914003372192383,,crash_vehicle
924,replay,6,replay,,,0,0,0,18,0,1,10.0,10.0,15.0,10.0,0,110,40.612388610839844,1.998798077485778,,crash_vehicle
925,fresh,5,fresh,,,0,1,0,12,0,1,15.0,5.0,15.0,10.0,0,77,18.318052291870117,2.5108855304779945,,crash_vehicle
926,mutation,5,mutation,cluster_dist,,1,1,1,12,1,0,20.0,20.0,5.0,35.0,1,221,90.1958236694336,3.2837044945939096,,crash_vehicle
927,fresh,0,fresh,,,0,1,1,1,0,0,5.0,20.0,10.0,35.0,0,101,26.82764434814453,0.47334692177205984,,crash_vehicle
928,crossover,0,crossover,,select_lane|ego_on_intersection|intersection_has_cars|distractor_cars|has_brake_checker|intersection_cars|brake_dist,4,1,1,0,0,0,15.0,40.0,15.0,55.0,0,264,108.15062713623047,5.0860988542889105,,out_of_road
929,fresh,1,fresh,,,0,1,0,2,0,0,10.0,20.0,10.0,35.0,1,149,30.812957763671875,1.6324800376924091,,crash_vehicle
930,replay,1,replay,,,0,1,0,2,0,0,10.0,20.0,10.0,35.0,1,151,22.365440368652344,1.9688629598807026,,crash_vehicle
931,fresh,5,fresh,,,0,1,1,12,1,1,10.0,10.0,5.0,35.0,0,241,20.363529205322266,0.4477210678314767,,crash_vehicle
932,mutation,0,mutation,select_road|select_lane|ego_on_intersection|intersection_has_cars,,2,1,0,0,1,0,10.0,5.0,15.0,10.0,0,65,0.400784969329834,1.0656428149113288,,out_of_road
933,fresh,3,fresh,,,0,0,0,5,1,0,15.0,20.0,15.0,35.0,3,82,17.066890716552734,0.1903341630610024,,crash_vehicle
934,replay,3,replay,,,0,0,0,5,1,0,15.0,20.0,15.0,35.0,3,127,26.978269577026367,2.062879109828491,,crash_vehicle
935,fresh,3,fresh,,,0,1,0,4,1,1,5.0,5.0,5.0,35.0,3,100,15.747037887573242,0.9544200310111046,,crash_vehicle
936,mutation,0,mutation,distractor_cars,,2,1,0,0,0,0,20.0,40.0,5.0,10.0,0,387,169.4503173828125,4.142753434716423,,arrive_dest
937,fresh,4,fresh,,,0,1,0,8,0,0,20.0,20.0,5.0,55.0,3,161,42.20002365112305,1.5404755073304501,,crash_vehicle
938,replay,4,replay,,,0,1,0,8,0,0,20.0,20.0,5.0,55.0,3,34,1.821756362915039,0.18050923066980698,,crash_vehicle
939,fresh,1,fresh,,,0,1,1,2,1,1,10.0,5.0,15.0,35.0,1,399,99.10089111328125,3.503717583970617,,crash_vehicle
940,replay,1,replay,,,0,1,1,2,1,1,10.0,5.0,15.0,35.0,1,98,43.150211334228516,2.5874369144439697,,arrive_dest
941,fresh,0,fresh,,,0,1,0,0,1,0,5.0,10.0,5.0,20.0,0,188,39.64316177368164,1.3257033456354699,,out_of_road
942,mutation,2,mutation,distractor_cars,,1,1,1,3,0,1,20.0,5.0,5.0,10.0,0,61,4.481234550476074,0.3450367592397283,,crash_vehicle
943,fresh,3,fresh,,,0,1,0,5,1,1,15.0,10.0,15.0,35.0,3,76,5.084878921508789,0.7326891208557706,,out_of_road
944,replay,3,replay,,,0,1,0,5,1,1,15.0,10.0,15.0,35.0,3,33,0.06204366683959961,0.0,,crash_vehicle
945,fresh,2,fresh,,,0,0,0,3,0,0,20.0,20.0,5.0,20.0,1,74,9.63581657409668,0.44646227017447754,,crash_vehicle
946,replay,2,replay,,,0,0,0,3,0,0,20.0,20.0,5.0,20.0,1,110,33.41377639770508,0.9471064288507808,,crash_vehicle
947,fresh,0,fresh,,,0,1,1,1,1,1,5.0,40.0,10.0,55.0,1,39,1.8979949951171875,0.4136297989350099,,out_of_road
948,mutation,1,mutation,has_cluster,,0,0,0,2,1,0,15.0,10.0,5.0,20.0,2,185,68.63992309570312,2.923166115058435,,out_of_road
949,fresh,0,fresh,,,0,0,0,1,0,1,10.0,40.0,10.0,55.0,1,139,33.073177337646484,1.5026603712023592,,out_of_road
950,crossover,0,crossover,,select_lane|ego_on_intersection|intersection_has_cars|distractor_cars|intersection_cars|maximum_distractor_speed|cluster_dist|brake_dist,8,0,0,1,0,0,10.0,40.0,15.0,35.0,1,36,-5.8905839920043945,0.0,,out_of_road
951,fresh,4,fresh,,,0,1,0,8,0,1,10.0,5.0,15.0,20.0,2,35,0.5309329032897949,0.09809355395180838,,crash_vehicle
952,mutation,4,mutation,has_brake_checker,,0,0,0,8,0,1,10.0,20.0,5.0,20.0,3,2,10.0,5.987697601318359,,arrive_dest
953,fresh,1,fresh,,,0,1,0,2,0,0,10.0,20.0,15.0,10.0,1,558,215.92225646972656,3.903755485958096,,out_of_road
954,crossover,0,crossover,,select_lane|ego_on_intersection|intersection_has_cars|distractor_cars|intersection_cars|maximum_distractor_speed|distance_to_nearest|cluster_dist|brake_dist,8,0,0,0,0,0,10.0,5.0,5.0,20.0,0,297,194.6454315185547,7.461448843029613,,out_of_road
955,fresh,1,fresh,,,0,1,0,2,0,0,15.0,20.0,10.0,20.0,2,37,-0.5631918907165527,0.0,,out_of_road
956,replay,1,replay,,,0,1,0,2,0,0,15.0,20.0,10.0,20.0,2,139,31.272891998291016,1.19783176160116,,out_of_road
957,fresh,2,fresh,,,0,0,0,3,1,0,10.0,5.0,5.0,20.0,3,182,51.88883590698242,2.4138738134732614,,out_of_road
958,mutation,1,mutation,distractor_cars,,0,1,0,2,1,0,15.0,10.0,5.0,20.0,2,109,37.70140075683594,1.9757570471238652,,out_of_road
959,fresh,3,fresh,,,0,0,0,5,0,1,5.0,5.0,5.0,20.0,3,33,-0.03228187561035156,0.18251826230323676,,crash_vehicle
960,mutation,5,mutation,maximum_distractor_speed,,1,1,0,12,0,0,10.0,40.0,15.0,10.0,3,225,84.06753540039062,2.2186846312880517,,crash_vehicle
961,fresh,3,fresh,,,0,0,0,4,1,1,5.0,20.0,10.0,55.0,2,293,125.1685791015625,5.040354351033123,,out_of_road
962,mutation,0,mutation,has_cluster,,0,0,0,0,1,0,15.0,20.0,5.0,55.0,0,146,44.1783561706543,1.2719945578950724,,out_of_road
963,fresh,1,fresh,,,0,0,0,2,1,0,5.0,40.0,15.0,55.0,2,149,41.256385803222656,1.5782520933539275,,out_of_road
964,mutation,5,mutation,has_cluster,,1,1,0,12,0,0,20.0,40.0,10.0,20.0,0,125,31.331954956054688,2.025157996416092,,out_of_road
965,fresh,3,fresh,,,0,0,0,5,1,1,15.0,40.0,15.0,55.0,0,57,-0.23066139221191406,0.4317237703423751,,out_of_road
966,mutation,1,mutation,maximum_distractor_speed,,1,0,0,2,0,0,5.0,40.0,10.0,55.0,0,175,72.30728912353516,3.143154378873961,,crash_vehicle
967,fresh,6,fresh,,,0,0,0,18,0,1,15.0,5.0,5.0,55.0,1,50,1.7430310249328613,0.12441242218017579,,crash_vehicle
968,mutation,0,mutation,maximum_distractor_speed,,1,1,0,1,0,0,5.0,10.0,15.0,20.0,0,56,6.920044898986816,0.6233342752924987,,out_of_road
969,fresh,3,fresh,,,0,0,0,4,1,0,10.0,5.0,15.0,20.0,1,147,28.155685424804688,2.613317531387822,,out_of_road
970,mutation,3,mutation,distractor_cars,,1,0,0,4,1,1,20.0,20.0,15.0,35.0,3,328,140.43917846679688,4.4921974552477275,,crash_vehicle
971,fresh,1,fresh,,,0,1,0,2,1,0,20.0,20.0,10.0,35.0,2,122,34.66766357421875,0.5900458402504198,,out_of_road
972,crossover,3,crossover,,distractor_cars|has_brake_checker|intersection_cars|has_cluster|maximum_distractor_speed,3,1,0,5,1,0,20.0,10.0,5.0,20.0,1,155,46.02371597290039,2.8403556660298377,,out_of_road
973,fresh,0,fresh,,,0,0,0,0,0,0,20.0,20.0,5.0,35.0,0,128,47.74298095703125,3.781878635287285,,out_of_road
974,mutation,0,mutation,distance_to_nearest,,9,0,0,0,0,0,10.0,5.0,5.0,20.0,0,479,276.0572814941406,6.722896987933953,rejection_fallback,out_of_road
975,fresh,4,fresh,,,0,0,0,8,0,0,10.0,20.0,5.0,35.0,0,247,99.03527069091797,4.389847417079244,,out_of_road
976,replay,4,replay,,,0,0,0,8,0,0,10.0,20.0,5.0,35.0,0,138,42.61543273925781,2.7346187489836113,,out_of_road
977,fresh,2,fresh,,,0,0,0,3,0,1,15.0,10.0,5.0,20.0,2,94,20.78656005859375,0.9337759029040945,,crash_vehicle
978,crossover,0,crossover,,has_brake_checker|has_cluster|maximum_distractor_speed|cluster_dist|brake_dist,2,0,0,1,0,0,15.0,10.0,15.0,35.0,1,94,27.225017547607422,1.035260632634163,,out_of_road
979,fresh,2,fresh,,,0,0,0,3,1,0,10.0,10.0,10.0,35.0,1,96,22.235858917236328,0.8661587227446338,,crash_vehicle
980,crossover,4,crossover,,select_lane|ego_on_intersection|intersection_has_cars|distractor_cars|has_brake_checker|intersection_cars|has_cluster|cluster_dist|brake_dist,7,0,0,8,1,1,5.0,10.0,15.0,55.0,1,88,27.09402847290039,1.5844820810651237,,crash_vehicle
981,fresh,3,fresh,,,0,0,0,4,1,1,5.0,20.0,15.0,35.0,0,222,77.16817474365234,3.8490493250591262,,crash_vehicle
982,mutation,1,mutation,brake_dist,,1,0,0,2,1,1,10.0,10.0,5.0,20.0,2,117,48.82582473754883,3.333994389599205,,crash_vehicle
983,fresh,5,fresh,,,0,0,0,12,1,0,5.0,40.0,10.0,55.0,1,83,5.831324577331543,0.5353040145822319,,out_of_road
984,mutation,1,mutation,has_brake_checker,,0,0,0,2,0,0,10.0,40.0,15.0,55.0,0,85,19.780162811279297,4.831249604505651,,out_of_road
985,fresh,3,fresh,,,0,0,0,4,0,0,10.0,10.0,10.0,10.0,0,81,9.328577041625977,0.32754297030192836,,out_of_road
986,crossover,0,crossover,,select_lane|ego_on_intersection|intersection_has_cars|distractor_cars|intersection_cars|has_cluster|cluster_dist|brake_dist,5,1,0,0,0,0,15.0,40.0,5.0,20.0,0,333,168.50491333007812,4.851400204248972,,out_of_road
987,fresh,0,fresh,,,0,1,0,1,0,0,20.0,40.0,10.0,10.0,0,101,23.803361892700195,0.17025428943999923,,out_of_road
988,replay,0,replay,,,0,1,0,1,0,0,20.0,40.0,10.0,10.0,0,115,36.03042984008789,2.729306363929873,,out_of_road
989,fresh,0,fresh,,,0,1,0,1,0,0,10.0,10.0,15.0,35.0,1,328,188.73960876464844,5.683575209139324,,out_of_road
990,replay,0,replay,,,0,1,0,1,0,0,10.0,10.0,15.0,35.0,1,299,151.94956970214844,5.6405607463922784,,out_of_road
991,fresh,5,fresh,,,0,0,0,12,0,1,15.0,20.0,10.0,10.0,2,90,27.285781860351562,0.7312641974952486,,crash_vehicle
992,replay,5,replay,,,0,0,0,12,0,1,15.0,20.0,10.0,10.0,2,71,8.652338027954102,0.5983313607497954,,out_of_road
993,fresh,3,fresh,,,0,1,1,5,1,1,5.0,5.0,5.0,35.0,0,40,2.6513185501098633,0.09581505060195923,,crash_vehicle
994,replay,3,replay,,,0,1,1,5,1,1,5.0,5.0,5.0,35.0,0,77,18.047956466674805,0.5132217341429227,,crash_vehicle
995,fresh,3,fresh,,,0,1,0,5,1,1,15.0,10.0,15.0,55.0,0,117,11.747381210327148,0.2208447311169062,,crash_vehicle
996,crossover,3,crossover,,distractor_cars|has_cluster|maximum_distractor_speed|cluster_dist|brake_dist,3,0,0,4,1,1,20.0,20.0,15.0,35.0,2,381,200.03775024414062,6.134651902623064,,out_of_road
997,fresh,6,fresh,,,0,1,1,18,0,0,10.0,10.0,15.0,55.0,0,52,5.263617515563965,0.309325958100649,,out_of_road
998,replay,6,replay,,,0,1,1,18,0,0,10.0,10.0,15.0,55.0,0,112,23.537002563476562,1.8018818686583213,,crash_vehicle
999,fresh,3,fresh,,,0,0,0,4,0,0,20.0,20.0,10.0,35.0,2,92,30.877452850341797,0.9460781457955423,,crash_vehicle
1000,mutation,3,mutation,distance_to_nearest,,0,0,0,4,0,0,5.0,40.0,5.0,20.0,2,86,8.120759010314941,0.4456752650439739,,out_of_road
1001,fresh,3,fresh,,,0,0,0,5,0,0,15.0,10.0,15.0,20.0,1,156,55.41252517700195,2.4052494590481124,,out_of_road
1002,crossover,6,crossover,,select_lane|ego_on_intersection|intersection_has_cars|distractor_cars|cluster_dist,0,0,0,18,0,1,5.0,40.0,15.0,20.0,3,264,132.42782592773438,6.002898914683046,,out_of_road
1003,fresh,3,fresh,,,0,1,0,5,0,1,5.0,10.0,10.0,10.0,2,74,8.936616897583008,0.057476870866643416,,crash_vehicle
1004,replay,3,replay,,,0,1,0,5,0,1,5.0,10.0,10.0,10.0,2,378,192.9197540283203,4.652577442782266,,out_of_road
1005,fresh,0,fresh,,,0,1,1,0,1,0,20.0,40.0,5.0,10.0,0,82,13.879743576049805,1.7071992068029032,,out_of_road
1006,crossover,1,crossover,,distractor_cars|intersection_cars|maximum_distractor_speed|cluster_dist,2,0,0,2,1,1,10.0,40.0,5.0,55.0,2,159,44.08716583251953,0.8877108544111252,,out_of_road
1007,fresh,0,fresh,,,0,0,0,0,0,0,10.0,40.0,5.0,35.0,0,66,11.010169982910156,1.0937662770350773,,out_of_road
1008,mutation,4,mutation,maximum_distractor_speed,,0,0,0,8,0,1,10.0,20.0,15.0,35.0,1,122,30.00566864013672,1.553951948820079,,crash_vehicle
1009,fresh,3,fresh,,,0,1,1,5,0,1,10.0,20.0,15.0,20.0,0,227,91.01399993896484,2.7264672060238633,,out_of_road
1010,crossover,3,crossover,,distractor_cars|has_cluster|maximum_distractor_speed|distance_to_nearest,2,1,0,4,1,1,5.0,20.0,10.0,55.0,1,137,49.856971740722656,1.9009470479549282,,crash_vehicle
1011,fresh,5,fresh,,,0,0,0,12,0,0,5.0,5.0,10.0,55.0,2,194,48.244056701660156,3.12749998056397,,arrive_dest
1012,crossover,2,crossover,,select_lane|ego_on_intersection|intersection_has_cars|distractor_cars|intersection_cars|has_cluster|brake_dist,4,0,0,3,0,0,15.0,5.0,10.0,35.0,3,129,31.41939926147461,0.5613571191134379,,out_of_road
1013,fresh,3,fresh,,,0,0,0,5,1,1,5.0,5.0,5.0,20.0,1,80,5.702958106994629,2.131073792278767,,crash_vehicle
1014,mutation,4,mutation,brake_dist,,0,0,0,8,0,1,10.0,20.0,5.0,20.0,3,51,5.509744644165039,0.9923064825581569,,out_of_road
1015,fresh,3,fresh,,,0,1,1,4,0,0,15.0,20.0,10.0,10.0,0,134,43.27449035644531,0.9220799107048938,,crash_vehicle
1016,replay,3,replay,,,0,1,1,4,0,0,15.0,20.0,10.0,10.0,0,144,15.398788452148438,0.483244593306962,,crash_vehicle
1017,fresh,2,fresh,,,0,1,0,3,0,1,5.0,40.0,5.0,35.0,0,94,32.669864654541016,0.9248341088916393,,crash_vehicle
1018,crossover,4,crossover,,select_lane|ego_on_intersection|intersection_has_cars|distractor_cars|has_brake_checker|intersection_cars|has_cluster|maximum_distractor_speed|distance_to_nearest,5,0,0,8,1,0,10.0,20.0,5.0,35.0,1,66,22.567529678344727,0.4099332175471566,,crash_vehicle
1019,fresh,5,fresh,,,0,1,0,12,1,1,15.0,40.0,15.0,55.0,1,250,114.16481018066406,4.20745889121294,,crash_vehicle
1020,mutation,4,mutation,has_brake_checker,,1,1,0,8,0,0,15.0,5.0,10.0,20.0,1,151,57.90953826904297,3.859927218481405,,crash_vehicle
1021,fresh,2,fresh,,,0,1,1,3,1,0,20.0,40.0,5.0,55.0,0,90,28.746593475341797,0.9113684680726793,,crash_vehicle
1022,mutation,0,mutation,has_cluster,,0,0,0,0,1,0,15.0,20.0,15.0,55.0,0,193,82.84632873535156,3.521512392889033,,out_of_road
1023,fresh,3,fresh,,,0,1,0,5,0,1,20.0,10.0,15.0,55.0,1,68,14.212417602539062,0.7408597059547901,,crash_vehicle
1024,crossover,0,crossover,,intersection_cars|has_cluster|cluster_dist|brake_dist,1,0,0,1,1,1,20.0,40.0,10.0,55.0,1,194,67.19146728515625,2.1027557760016204,,out_of_road
1025,fresh,2,fresh,,,0,0,0,3,1,1,20.0,40.0,15.0,55.0,1,172,63.46190643310547,3.4904616232528243,,crash_vehicle
1026,replay,2,replay,,,0,0,0,3,1,1,20.0,40.0,15.0,55.0,1,142,48.48977279663086,4.064183774758392,,out_of_road
1027,fresh,1,fresh,,,0,1,0,2,0,1,5.0,10.0,5.0,55.0,1,127,38.892242431640625,2.7719613169356596,,crash_vehicle
1028,replay,1,replay,,,0,1,0,2,0,1,5.0,10.0,5.0,55.0,1,55,3.4138545989990234,0.2120223728093234,,crash_vehicle
1029,fresh,0,fresh,,,0,1,0,1,1,1,5.0,10.0,15.0,55.0,1,109,34.381813049316406,0.8729992525293193,,out_of_road
1030,crossover,4,crossover,,select_lane|ego_on_intersection|intersection_has_cars|intersection_cars|has_cluster|maximum_distractor_speed|distance_to_nearest,5,1,1,8,1,0,20.0,20.0,15.0,55.0,2,192,104.57272338867188,4.959062065929174,,crash_vehicle
1031,fresh,3,fresh,,,0,0,0,5,0,0,10.0,10.0,10.0,20.0,2,180,69.57527160644531,5.2170588632424675,,out_of_road
1032,mutation,3,mutation,distance_to_nearest,,1,0,0,5,0,1,5.0,40.0,15.0,55.0,3,132,43.82741165161133,1.8200182494792072,,out_of_road
1033,fresh,0,fresh,,,0,0,0,0,1,0,10.0,20.0,15.0,20.0,0,80,22.182817459106445,0.587041096482426,,out_of_road
1034,mutation,6,mutation,distance_to_nearest,,1,1,1,18,1,0,5.0,40.0,10.0,55.0,2,53,6.001958847045898,0.8925895224202354,,out_of_road
1035,fresh,1,fresh,,,0,0,0,2,0,0,5.0,5.0,10.0,10.0,1,39,0.06758451461791992,0.1756729468321189,,crash_vehicle
1036,crossover,4,crossover,,select_lane|ego_on_intersection|intersection_has_cars|distractor_cars|intersection_cars|maximum_distractor_speed|cluster_dist,3,1,1,8,1,1,20.0,10.0,15.0,20.0,2,55,0.5873618125915527,0.11678810336373069,,out_of_road
1037,fresh,0,fresh,,,0,1,1,1,0,0,15.0,10.0,15.0,10.0,1,76,14.001352310180664,1.974183993904214,,out_of_road
1038,crossover,1,crossover,,select_lane|ego_on_intersection|intersection_has_cars|has_brake_checker|intersection_cars|has_cluster|maximum_distractor_speed,6,1,0,2,0,1,5.0,40.0,10.0,55.0,1,145,44.168148040771484,1.7152974128723144,,out_of_road
1039,fresh,0,fresh,,,0,1,1,1,0,0,15.0,20.0,5.0,35.0,0,74,12.367860794067383,1.0629817691405077,,out_of_road
1040,mutation,2,mutation,maximum_distractor_speed,,1,0,0,3,0,0,15.0,20.0,15.0,35.0,0,95,19.05636215209961,0.40946907918704184,,out_of_road
1041,fresh,2,fresh,,,0,0,0,3,0,0,5.0,40.0,10.0,10.0,2,119,35.52239227294922,1.5259290360102133,,crash_vehicle
1042,replay,2,replay,,,0,0,0,3,0,0,5.0,40.0,10.0,10.0,2,332,233.8603515625,9.16169260918017,,out_of_road
1043,fresh,4,fresh,,,0,1,0,8,0,1,5.0,20.0,5.0,55.0,0,57,14.961238861083984,0.17847094619483278,,crash_vehicle
1044,mutation,3,mutation,cluster_dist,,1,0,0,4,1,1,20.0,20.0,10.0,35.0,2,106,21.340171813964844,0.3918032244129001,,crash_vehicle
1045,fresh,2,fresh,,,0,1,0,3,1,1,10.0,5.0,10.0,35.0,2,107,23.0869197845459,1.2746080967867486,,crash_vehicle
1046,mutation,1,mutation,distance_to_nearest,,1,0,0,2,0,1,10.0,20.0,10.0,35.0,2,81,1.9312353134155273,0.2797058098662047,,out_of_road
1047,fresh,0,fresh,,,0,0,0,1,1,0,20.0,5.0,5.0,35.0,1,126,43.43778610229492,3.1850537980596223,,out_of_road
1048,replay,0,replay,,,0,0,0,1,1,0,20.0,5.0,5.0,35.0,1,117,38.09303283691406,3.729683659397639,,crash_vehicle
1049,fresh,1,fresh,,,0,0,0,2,1,0,5.0,5.0,10.0,55.0,1,56,4.360586166381836,0.575147669762373,,crash_vehicle
1050,replay,1,replay,,,0,0,0,2,1,0,5.0,5.0,10.0,55.0,1,511,167.66615295410156,2.393398657164112,,out_of_road
1051,fresh,0,fresh,,,0,0,0,0,0,0,15.0,5.0,5.0,20.0,0,68,8.985858917236328,1.0780050430227728,,out_of_road
1052,replay,0,replay,,,0,0,0,0,0,0,15.0,5.0,5.0,20.0,0,528,272.1321105957031,5.4237791521079615,,out_of_road
1053,fresh,5,fresh,,,0,1,1,12,0,1,20.0,20.0,5.0,20.0,1,51,6.355756759643555,0.4118162054641574,,out_of_road
1054,mutation,2,mutation,distance_to_nearest,,1,0,0,3,0,1,5.0,40.0,10.0,35.0,3,118,29.120830535888672,1.1716680812759925,,out_of_road
1055,fresh,6,fresh,,,0,0,0,18,0,0,5.0,10.0,5.0,35.0,0,52,7.113626480102539,0.19053873075888708,,crash_vehicle
1056,replay,6,replay,,,0,0,0,18,0,0,5.0,10.0,5.0,35.0,0,69,2.4506583213806152,0.3854895674664041,,out_of_road
1057,fresh,3,fresh,,,0,0,0,5,0,1,5.0,5.0,15.0,20.0,2,85,16.3530330657959,1.6602082816993489,,crash_vehicle
1058,mutation,0,mutation,has_cluster,,0,1,1,1,1,1,15.0,10.0,15.0,20.0,1,61,1.4385242462158203,0.46003672529439454,,out_of_road
1059,fresh,0,fresh,,,0,0,0,0,0,0,10.0,5.0,5.0,20.0,0,213,67.99825286865234,3.1235967441483843,rejection_fallback,out_of_road
1060,crossover,6,crossover,,select_lane|ego_on_intersection|intersection_has_cars|has_brake_checker|intersection_cars|has_cluster|cluster_dist,2,0,0,18,0,1,5.0,40.0,15.0,20.0,1,158,49.333892822265625,0.923331327264822,,crash_vehicle
1061,fresh,6,fresh,,,0,0,0,18,1,0,5.0,5.0,15.0,35.0,0,179,53.447635650634766,3.5642124630885417,,crash_vehicle
1062,crossover,4,crossover,,select_lane|ego_on_intersection|intersection_has_cars|distractor_cars|intersection_cars|has_cluster|maximum_distractor_speed|cluster_dist|brake_dist,2,1,1,8,1,1,10.0,40.0,5.0,55.0,0,118,21.15262794494629,0.37373261987152745,,crash_vehicle
1063,fresh,3,fresh,,,0,1,0,5,1,0,20.0,5.0,15.0,20.0,3,84,19.741891860961914,2.4076164500521764,,crash_vehicle
1064,replay,3,replay,,,0,1,0,5,1,0,20.0,5.0,15.0,20.0,3,66,3.9667062759399414,0.5135016080104944,,out_of_road
1065,fresh,5,fresh,,,0,1,1,12,0,0,15.0,5.0,15.0,35.0,0,55,0.13945245742797852,0.38230990957130084,,out_of_road
1066,mutation,5,mutation,select_road|select_lane|ego_on_intersection|intersection_has_cars,,2,1,0,12,1,0,20.0,40.0,15.0,55.0,1,54,4.003349304199219,0.2412703655384205,,out_of_road
1067,fresh,2,fresh,,,0,0,0,3,1,0,5.0,5.0,5.0,20.0,3,120,21.472366333007812,0.23393768891692163,,out_of_road
1068,replay,2,replay,,,0,0,0,3,1,0,5.0,5.0,5.0,20.0,3,66,13.21322250366211,1.6032731329852885,,crash_vehicle
1069,fresh,2,fresh,,,0,0,0,3,1,0,10.0,20.0,10.0,35.0,3,2,10.0,5.636244297027588,,arrive_dest
1070,mutation,6,mutation,distractor_cars,,1,0,0,18,0,1,20.0,5.0,10.0,10.0,3,35,0.24398469924926758,0.05210974557059152,,crash_vehicle
1071,fresh,6,fresh,,,0,1,0,18,1,0,15.0,10.0,5.0,20.0,3,288,65.17534637451172,2.655734797900853,,crash_vehicle
1072,replay,6,replay,,,0,1,0,18,1,0,15.0,10.0,5.0,20.0,3,318,89.49846649169922,3.1664683852555617,,out_of_road
1073,fresh,1,fresh,,,0,0,0,2,0,1,5.0,5.0,10.0,20.0,0,28,-0.4256772994995117,0.0,,crash_vehicle
1074,mutation,0,mutation,brake_dist,,1,1,0,0,0,0,15.0,5.0,15.0,55.0,0,245,107.57201385498047,3.1481327198901954,,out_of_road
1075,fresh,0,fresh,,,0,1,0,1,0,1,20.0,10.0,10.0,55.0,1,99,28.460704803466797,1.0439270525568662,,out_of_road
1076,crossover,2,crossover,,has_cluster|maximum_distractor_speed|distance_to_nearest|brake_dist,2,0,0,3,0,0,20.0,10.0,15.0,20.0,0,120,27.69818878173828,1.6281206138432025,,out_of_road
1077,fresh,0,fresh,,,0,0,0,1,1,1,5.0,40.0,15.0,55.0,1,139,47.925296783447266,2.961680813230199,,out_of_road
1078,mutation,5,mutation,distractor_cars,,1,0,0,12,0,1,20.0,20.0,10.0,20.0,2,94,23.156097412109375,1.3113609371667212,,crash_vehicle
1079,fresh,3,fresh,,,0,1,1,5,1,0,5.0,20.0,5.0,35.0,3,51,2.1228408813476562,0.17081814157027825,,out_of_road
1080,replay,3,replay,,,0,1,1,5,1,0,5.0,20.0,5.0,35.0,3,139,49.05970764160156,1.860641224350003,,crash_vehicle
1081,fresh,3,fresh,,,0,1,0,4,1,0,15.0,20.0,15.0,35.0,2,101,25.138811111450195,0.32343446005984106,,crash_vehicle
1082,mutation,0,mutation,has_cluster,,0,0,0,0,0,0,20.0,20.0,5.0,35.0,0,152,72.25390625,4.8055187777469035,,out_of_road
1083,fresh,3,fresh,,,0,0,0,4,0,1,20.0,20.0,10.0,35.0,3,48,1.2969579696655273,0.28671710193157196,,crash_vehicle
1084,crossover,2,crossover,,select_lane|ego_on_intersection|intersection_has_cars|intersection_cars|maximum_distractor_speed|brake_dist,5,1,1,3,0,0,10.0,20.0,15.0,10.0,0,44,-0.6482291221618652,0.08967118913477118,,out_of_road
1085,fresh,1,fresh,,,0,1,0,2,0,0,15.0,5.0,5.0,10.0,2,254,126.4530029296875,4.400801056599993,,out_of_road
1086,mutation,4,mutation,cluster_dist,,1,0,0,8,0,0,10.0,10.0,10.0,20.0,2,129,33.5140380859375,1.6096832574915516,,out_of_road
1087,fresh,4,fresh,,,0,0,0,8,0,0,20.0,40.0,15.0,20.0,1,69,14.655298233032227,1.4222993628270384,,out_of_road
1088,replay,4,replay,,,0,0,0,8,0,0,20.0,40.0,15.0,20.0,1,158,55.01848220825195,3.275344727442989,,crash_vehicle
1089,fresh,0,fresh,,,0,0,0,0,1,0,10.0,10.0,15.0,55.0,0,155,44.9917106628418,3.492025535625796,,out_of_road
1090,replay,0,replay,,,0,0,0,0,1,0,10.0,10.0,15.0,55.0,0,116,22.64356803894043,1.9373680375002582,,out_of_road
1091,fresh,1,fresh,,,0,1,0,2,0,0,5.0,10.0,10.0,35.0,2,112,43.97780227661133,1.5999673147286688,,out_of_road
1092,replay,1,replay,,,0,1,0,2,0,0,5.0,10.0,10.0,35.0,2,232,70.52978515625,2.5159770860497295,,crash_vehicle
1093,fresh,3,fresh,,,0,0,0,5,1,0,10.0,40.0,15.0,55.0,0,60,3.6013402938842773,0.44786314765612284,,out_of_road
1094,crossover,1,crossover,,distractor_cars|has_brake_checker|intersection_cars|brake_dist,0,0,0,2,0,0,5.0,40.0,10.0,55.0,0,360,100.49701690673828,1.2290224163068666,,crash_vehicle
1095,fresh,0,fresh,,,0,0,0,1,1,1,20.0,40.0,5.0,55.0,0,176,38.98677444458008,1.8066998556764289,,crash_vehicle
1096,replay,0,replay,,,0,0,0,1,1,1,20.0,40.0,5.0,55.0,0,337,99.06915283203125,1.14465612986675,,out_of_road
1097,fresh,2,fresh,,,0,1,0,3,0,1,5.0,5.0,5.0,20.0,0,27,-0.49987173080444336,0.22692267100016275,,crash_vehicle
1098,replay,2,replay,,,0,1,0,3,0,1,5.0,5.0,5.0,20.0,0,62,13.241596221923828,0.2655391385478358,,crash_vehicle
1099,fresh,4,fresh,,,0,1,1,8,0,0,20.0,20.0,5.0,35.0,3,386,214.91050720214844,5.896174979410641,,crash_vehicle
1100,replay,4,replay,,,0,1,1,8,0,0,20.0,20.0,5.0,35.0,3,93,21.17353057861328,0.28218716703435426,,crash_vehicle
1101,fresh,6,fresh,,,0,1,0,18,0,0,15.0,20.0,15.0,20.0,3,38,2.4056968688964844,0.322993981210809,,crash_vehicle
1102,replay,6,replay,,,0,1,0,18,0,0,15.0,20.0,15.0,20.0,3,98,24.29085350036621,0.6517521243314354,,crash_vehicle
1103,fresh,0,fresh,,,0,0,0,0,0,0,10.0,5.0,5.0,20.0,0,122,41.439422607421875,3.294930428938299,rejection_fallback,out_of_road
1104,mutation,1,mutation,maximum_distractor_speed,,1,0,0,2,0,0,20.0,20.0,15.0,35.0,0,349,199.85911560058594,6.554674951770585,,out_of_road
1105,fresh,2,fresh,,,0,0,0,3,1,0,20.0,20.0,5.0,35.0,0,52,2.2684807777404785,0.438393741272963,,out_of_road
1106,mutation,4,mutation,intersection_cars,,1,0,0,8,0,1,10.0,20.0,5.0,20.0,2,75,12.228845596313477,0.22548049926757813,,crash_vehicle
1107,fresh,1,fresh,,,0,1,1,2,0,1,20.0,20.0,5.0,35.0,1,88,17.8709716796875,0.8023086847229437,,crash_vehicle
1108,mutation,1,mutation,brake_dist,,1,0,0,2,1,1,10.0,10.0,5.0,20.0,2,160,56.181785583496094,2.805732110515237,,crash_vehicle
1109,fresh,6,fresh,,,0,0,0,18,1,1,5.0,10.0,15.0,20.0,0,280,21.349071502685547,0.933153838132109,,crash_vehicle
1110,mutation,0,mutation,has_cluster,,1,1,1,1,0,0,15.0,20.0,5.0,35.0,0,38,0.8903717994689941,0.11242643155549702,,out_of_road
1111,fresh,0,fresh,,,0,0,0,0,1,0,20.0,20.0,5.0,55.0,0,132,33.203556060791016,2.9405594264919106,,out_of_road
1112,replay,0,replay,,,0,0,0,0,1,0,20.0,20.0,5.0,55.0,0,99,27.43790054321289,2.612368085769692,,crash_vehicle
1113,fresh,5,fresh,,,0,1,0,12,1,0,5.0,5.0,5.0,55.0,3,206,53.54848098754883,1.9442132867655708,,crash_vehicle
1114,mutation,0,mutation,has_cluster,,1,0,0,1,1,0,20.0,40.0,10.0,55.0,1,157,69.01246643066406,2.497149230188625,,out_of_road
1115,fresh,3,fresh,,,0,0,0,4,0,1,10.0,40.0,15.0,35.0,3,98,34.42989730834961,1.0552209591378972,,out_of_road
1116,replay,3,replay,,,0,0,0,4,0,1,10.0,40.0,15.0,35.0,3,378,184.94288635253906,5.1253793378355645,,out_of_road
1117,fresh,3,fresh,,,0,0,0,5,1,0,15.0,10.0,10.0,35.0,1,110,28.255786895751953,1.659750344265591,,out_of_road
1118,replay,3,replay,,,0,0,0,5,1,0,15.0,10.0,10.0,35.0,1,538,224.48605346679688,3.8226366586650835,,out_of_road
1119,fresh,1,fresh,,,0,1,0,2,1,0,10.0,40.0,15.0,55.0,2,131,49.48111343383789,1.9638573542123532,,out_of_road
1120,replay,1,replay,,,0,1,0,2,1,0,10.0,40.0,15.0,55.0,2,128,39.03956985473633,1.1582574980566278,,out_of_road
1121,fresh,1,fresh,,,0,1,1,2,1,0,10.0,5.0,5.0,20.0,2,142,51.39988327026367,2.975424802744053,,crash_vehicle
1122,crossover,5,crossover,,distractor_cars|intersection_cars|has_cluster|cluster_dist,3,1,1,12,1,0,20.0,5.0,15.0,20.0,3,36,0.33619022369384766,0.2483871512942844,,crash_vehicle
1123,fresh,4,fresh,,,0,1,1,8,0,0,10.0,10.0,5.0,35.0,2,136,32.5358772277832,1.6307103697429686,,crash_vehicle
1124,replay,4,replay,,,0,1,1,8,0,0,10.0,10.0,5.0,35.0,2,179,51.66959762573242,0.8042772956317363,,out_of_road
1125,fresh,3,fresh,,,0,0,0,4,1,1,5.0,10.0,15.0,35.0,2,109,5.521428108215332,0.39470064188909093,,crash_vehicle
1126,replay,3,replay,,,0,0,0,4,1,1,5.0,10.0,15.0,35.0,2,61,2.5062193870544434,0.230479112414063,,out_of_road
1127,fresh,0,fresh,,,0,1,0,0,0,0,10.0,20.0,5.0,10.0,0,309,139.5535430908203,3.221508830882199,,out_of_road
1128,crossover,4,crossover,,select_lane|ego_on_intersection|intersection_has_cars|intersection_cars|maximum_distractor_speed|brake_dist,4,1,0,8,1,0,20.0,20.0,5.0,35.0,0,29,-1.9182121753692627,0.27097925646551724,,out_of_road
1129,fresh,0,fresh,,,0,0,0,0,0,0,10.0,5.0,10.0,10.0,0,94,32.421329498291016,0.7743002737456179,,out_of_road
1130,crossover,1,crossover,,distractor_cars|has_brake_checker|cluster_dist,2,0,0,2,1,1,15.0,40.0,5.0,55.0,2,156,46.82913589477539,0.6678620539187716,,out_of_road
1131,fresh,3,fresh,,,0,0,0,4,0,0,15.0,5.0,5.0,35.0,3,49,3.351040840148926,0.16041846147605351,,crash_vehicle
1132,replay,3,replay,,,0,0,0,4,0,0,15.0,5.0,5.0,35.0,3,405,68.12542724609375,2.225506302015281,,crash_vehicle
1133,fresh,4,fresh,,,0,0,0,8,1,1,5.0,20.0,15.0,35.0,2,102,26.56496810913086,0.5509204915633389,,out_of_road
1134,crossover,3,crossover,,select_lane|ego_on_intersection|intersection_has_cars|intersection_cars|distance_to_nearest|cluster_dist|brake_dist,4,1,0,5,1,1,5.0,40.0,15.0,55.0,0,49,1.870938777923584,0.7360617877269278,,out_of_road
1135,fresh,0,fresh,,,0,0,0,0,0,0,20.0,20.0,5.0,10.0,0,22,-4.835580825805664,0.0,,out_of_road
1136,crossover,0,crossover,,select_lane|ego_on_intersection|intersection_has_cars|distractor_cars|has_brake_checker|intersection_cars|maximum_distractor_speed|cluster_dist|brake_dist,4,1,1,1,1,0,15.0,5.0,15.0,20.0,1,45,0.4740409851074219,0.5967481427722507,,out_of_road
1137,fresh,5,fresh,,,0,0,0,12,0,0,5.0,20.0,15.0,10.0,1,99,19.482481002807617,0.5015039403330196,,out_of_road
1138,crossover,2,crossover,,distractor_cars|intersection_cars|cluster_dist,1,1,0,3,0,0,5.0,40.0,10.0,35.0,3,47,-1.3331356048583984,0.07373342108219227,,out_of_road
1139,fresh,4,fresh,,,0,0,0,8,1,0,5.0,10.0,5.0,20.0,0,149,33.03569793701172,1.4514306800177432,,out_of_road
1140,crossover,5,crossover,,intersection_cars|has_cluster|maximum_distractor_speed|distance_to_nearest|cluster_dist,4,0,0,12,0,0,20.0,40.0,5.0,35.0,2,34,-0.8333358764648438,0.16178632396108963,,out_of_road
1141,fresh,0,fresh,,,0,0,0,1,0,1,5.0,5.0,15.0,10.0,1,108,39.70647430419922,3.968557326881974,,out_of_road
1142,mutation,0,mutation,intersection_cars,,0,1,1,1,1,0,5.0,20.0,10.0,35.0,1,56,6.3891448974609375,0.3308029515402658,,out_of_road
1143,fresh,3,fresh,,,0,0,0,5,0,0,10.0,20.0,15.0,20.0,2,81,10.827882766723633,1.9592824891025638,,crash_vehicle
1144,crossover,1,crossover,,has_brake_checker|has_cluster|distance_to_nearest|cluster_dist|brake_dist,4,1,0,2,1,0,5.0,10.0,5.0,20.0,2,76,20.066509246826172,0.3694540275456874,,out_of_road
1145,fresh,0,fresh,,,0,0,0,0,0,0,20.0,10.0,15.0,55.0,0,40,-0.06583023071289062,0.2328625787049532,,out_of_road
1146,mutation,2,mutation,intersection_cars,,1,0,0,3,1,0,5.0,5.0,5.0,20.0,1,2,10.0,5.32850980758667,,arrive_dest
1147,fresh,1,fresh,,,0,1,1,2,0,1,10.0,40.0,5.0,55.0,2,300,128.45932006835938,3.1258400606612367,,out_of_road
1148,crossover,4,crossover,,distractor_cars|intersection_cars|has_cluster|maximum_distractor_speed|cluster_dist|brake_dist,4,1,1,8,0,1,10.0,20.0,5.0,20.0,3,30,-1.934035062789917,0.0,,out_of_road
1149,fresh,0,fresh,,,0,0,0,0,1,0,20.0,40.0,15.0,20.0,0,113,-0.046530723571777344,0.08336818534716041,,crash_vehicle
1150,replay,0,replay,,,0,0,0,0,1,0,20.0,40.0,15.0,20.0,0,128,36.595191955566406,1.169960145605728,,out_of_road
1151,fresh,5,fresh,,,0,1,0,12,0,0,20.0,10.0,15.0,20.0,2,62,6.038572311401367,0.1466532984087544,,crash_vehicle
1152,replay,5,replay,,,0,1,0,12,0,0,20.0,10.0,15.0,20.0,2,134,57.843788146972656,2.0724839121103287,,out_of_road
1153,fresh,0,fresh,,,0,0,0,0,0,0,10.0,5.0,5.0,20.0,0,187,79.49407196044922,2.5547497659762275,rejection_fallback,out_of_road
1154,replay,0,replay,,,0,0,0,0,0,0,10.0,5.0,5.0,20.0,0,263,81.77134704589844,1.4112416683154414,,crash_vehicle
1155,fresh,6,fresh,,,0,0,0,18,0,1,5.0,20.0,10.0,10.0,1,56,11.559944152832031,0.250711406980242,,crash_vehicle
1156,replay,6,replay,,,0,0,0,18,0,1,5.0,20.0,10.0,10.0,1,231,59.05621337890625,0.8776820697438665,,out_of_road
1157,fresh,6,fresh,,,0,0,0,18,1,1,10.0,5.0,5.0,35.0,0,173,30.181156158447266,2.1204078771992227,,crash_vehicle
1158,replay,6,replay,,,0,0,0,18,1,1,10.0,5.0,5.0,35.0,0,49,4.685135841369629,1.012637357930748,,out_of_road
1159,fresh,4,fresh,,,0,0,0,8,0,1,10.0,40.0,15.0,10.0,3,123,32.39914321899414,2.0249001414674086,,crash_vehicle
1160,crossover,4,crossover,,select_lane|ego_on_intersection|intersection_has_cars|has_brake_checker|intersection_cars|maximum_distractor_speed|cluster_dist|brake_dist,7,1,0,8,0,1,20.0,40.0,5.0,10.0,0,141,12.843286514282227,0.3509119429909591,,crash_vehicle
1161,fresh,3,fresh,,,0,0,0,5,1,0,10.0,5.0,15.0,20.0,0,31,-1.0100739002227783,0.18753397849298292,,out_of_road
1162,mutation,0,mutation,has_cluster,,0,0,0,0,0,0,20.0,20.0,5.0,35.0,0,188,58.089908599853516,2.470690922058643,,out_of_road
1163,fresh,4,fresh,,,0,1,1,8,1,0,10.0,20.0,10.0,55.0,2,107,21.340057373046875,0.1788210512321686,,crash_vehicle
1164,mutation,2,mutation,has_cluster,,1,0,0,3,1,1,5.0,5.0,5.0,20.0,1,44,4.680532455444336,0.47722376544367184,,crash_vehicle
1165,fresh,2,fresh,,,0,1,1,3,1,1,20.0,5.0,10.0,55.0,3,42,-0.48231077194213867,0.47629082202911377,,out_of_road
1166,crossover,1,crossover,,select_lane|ego_on_intersection|intersection_has_cars|has_brake_checker,3,1,0,2,0,0,15.0,10.0,5.0,20.0,2,33,-1.7004756927490234,0.019676115928274212,,out_of_road
1167,fresh,3,fresh,,,0,1,0,4,1,1,20.0,5.0,10.0,20.0,3,165,33.839683532714844,2.457462321899154,,crash_vehicle
1168,replay,3,replay,,,0,1,0,4,1,1,20.0,5.0,10.0,20.0,3,215,51.58331298828125,1.9106018372053324,,crash_vehicle
1169,fresh,2,fresh,,,0,1,0,3,1,1,5.0,5.0,5.0,20.0,3,123,40.459083557128906,1.397765217273216,,crash_vehicle
1170,replay,2,replay,,,0,1,0,3,1,1,5.0,5.0,5.0,20.0,3,33,-0.7510623931884766,0.5147296009641705,,out_of_road
1171,fresh,6,fresh,,,0,1,1,18,0,1,5.0,5.0,5.0,35.0,3,34,-0.5501666069030762,0.08122640497544233,,crash_vehicle
1172,crossover,3,crossover,,distractor_cars|intersection_cars|brake_dist,2,0,0,4,1,0,10.0,5.0,15.0,35.0,2,42,-0.5252470970153809,0.06001584160895575,,crash_vehicle
1173,fresh,0,fresh,,,0,1,1,0,1,0,20.0,5.0,10.0,10.0,0,304,79.821533203125,1.721479845355804,,crash_vehicle
1174,crossover,5,crossover,,select_lane|ego_on_intersection|intersection_has_cars|maximum_distractor_speed|distance_to_nearest,4,0,0,12,0,0,15.0,40.0,5.0,55.0,0,450,132.0913848876953,2.3150712018211683,,crash_vehicle
1175,fresh,3,fresh,,,0,1,1,5,0,0,5.0,10.0,15.0,20.0,0,77,13.874563217163086,0.05173582428848589,,crash_vehicle
1176,mutation,4,mutation,has_brake_checker,,2,1,0,8,1,0,20.0,40.0,15.0,55.0,0,40,0.3669395446777344,0.2562380790710449,,out_of_road
1177,fresh,0,fresh,,,0,0,0,1,1,0,10.0,40.0,10.0,55.0,1,225,111.26264190673828,5.032173309193717,,crash_vehicle
1178,crossover,3,crossover,,has_brake_checker|maximum_distractor_speed|cluster_dist,3,0,0,4,0,0,5.0,10.0,15.0,20.0,0,271,63.155357360839844,2.3420246188491034,,crash_vehicle
1179,fresh,1,fresh,,,0,1,1,2,1,0,20.0,10.0,5.0,35.0,2,140,28.726585388183594,3.146196776628494,,out_of_road
1180,mutation,6,mutation,maximum_distractor_speed,,0,1,0,18,0,0,10.0,10.0,10.0,10.0,1,189,32.166175842285156,1.3117726911549215,,out_of_road
1181,fresh,6,fresh,,,0,0,0,18,1,1,10.0,5.0,10.0,55.0,0,33,-1.2565689086914062,0.8413082361221313,,out_of_road
1182,crossover,0,crossover,,select_lane|ego_on_intersection|intersection_has_cars|distractor_cars|has_cluster|distance_to_nearest,3,1,1,1,1,1,5.0,10.0,15.0,35.0,1,125,26.782968521118164,0.14019156289100648,,out_of_road
1183,fresh,1,fresh,,,0,1,1,2,0,0,20.0,40.0,15.0,55.0,1,96,31.797786712646484,0.8375514801591635,,out_of_road
1184,crossover,0,crossover,,select_lane|ego_on_intersection|intersection_has_cars|has_brake_checker|cluster_dist|brake_dist,3,0,0,0,0,0,20.0,20.0,5.0,20.0,0,400,264.6106872558594,7.541516326963902,,out_of_road
1185,fresh,6,fresh,,,0,1,0,18,0,0,20.0,20.0,5.0,20.0,0,168,39.513282775878906,0.496275825714249,,out_of_road
1186,crossover,0,crossover,,distractor_cars|has_brake_checker|intersection_cars|has_cluster|distance_to_nearest|cluster_dist|brake_dist,4,0,0,1,1,0,20.0,20.0,10.0,35.0,1,29,-8.843664169311523,0.0,,out_of_road
1187,fresh,6,fresh,,,0,0,0,18,0,1,15.0,20.0,10.0,35.0,1,57,5.4344024658203125,0.28662909122935515,,crash_vehicle
1188,mutation,0,mutation,cluster_dist,,1,1,1,0,1,0,15.0,5.0,5.0,35.0,0,178,60.384925842285156,2.037714151686497,,crash_vehicle
1189,fresh,6,fresh,,,0,0,0,18,0,0,5.0,10.0,15.0,35.0,3,66,13.065435409545898,0.3190886701146762,,crash_vehicle
1190,mutation,2,mutation,brake_dist,,1,1,0,3,0,0,20.0,5.0,10.0,20.0,0,115,28.769107818603516,2.7765003543833027,,out_of_road
1191,fresh,5,fresh,,,0,0,0,12,0,1,15.0,10.0,5.0,35.0,2,59,-2.669856548309326,0.9912570543208364,,out_of_road
1192,replay,5,replay,,,0,0,0,12,0,1,15.0,10.0,5.0,35.0,2,120,31.012557983398438,0.6832418367266655,,out_of_road
1193,fresh,0,fresh,,,0,0,0,0,0,0,10.0,5.0,5.0,20.0,0,34,-0.5534710884094238,0.13552184665904327,rejection_fallback,out_of_road
1194,mutation,3,mutation,cluster_dist,,0,0,0,5,0,1,5.0,40.0,15.0,55.0,3,117,36.11616516113281,1.4335918892652562,,out_of_road
1195,fresh,2,fresh,,,0,0,0,3,0,1,5.0,20.0,10.0,55.0,0,34,-8.145622253417969,0.0,,out_of_road
1196,mutation,1,mutation,maximum_distractor_speed,,1,0,0,2,1,0,10.0,10.0,5.0,20.0,2,201,60.34192657470703,1.3735911400423417,,crash_vehicle
1197,fresh,1,fresh,,,0,0,0,2,1,1,20.0,10.0,5.0,20.0,2,144,33.26066970825195,1.5372067431194916,,out_of_road
1198,crossover,5,crossover,,select_lane|ego_on_intersection|intersection_has_cars|distractor_cars|has_brake_checker|intersection_cars|distance_to_nearest|brake_dist,5,1,0,12,1,0,20.0,10.0,15.0,20.0,2,34,0.39685726165771484,0.05098591394284192,,out_of_road
1199,fresh,0,fresh,,,0,0,0,1,1,1,5.0,5.0,15.0,55.0,1,44,3.1621341705322266,0.41323639994317835,,out_of_road
1200,replay,0,replay,,,0,0,0,1,1,1,5.0,5.0,15.0,55.0,1,106,26.748668670654297,2.5857678106370963,,out_of_road
1201,fresh,3,fresh,,,0,0,0,5,0,0,5.0,10.0,5.0,10.0,0,91,19.71152687072754,1.0584377485972185,,crash_vehicle
1202,crossover,1,crossover,,select_lane|ego_on_intersection|intersection_has_cars|has_brake_checker|intersection_cars|has_cluster|maximum_distractor_speed|cluster_dist,3,0,0,2,0,0,15.0,40.0,10.0,55.0,0,115,47.89291763305664,1.7142051310642905,,crash_vehicle
1203,fresh,0,fresh,,,0,1,1,1,1,1,15.0,20.0,10.0,35.0,1,56,6.462009429931641,1.036872780748776,,out_of_road
1204,crossover,2,crossover,,select_lane|ego_on_intersection|intersection_has_cars|brake_dist,1,0,0,3,1,0,10.0,20.0,10.0,35.0,3,95,27.728023529052734,0.6485566270978828,,out_of_road
1205,fresh,1,fresh,,,0,0,0,2,1,0,10.0,20.0,10.0,35.0,2,163,69.36968231201172,2.1210471781119247,,crash_vehicle
1206,mutation,4,mutation,intersection_cars,,1,1,1,8,1,0,20.0,20.0,15.0,55.0,3,37,-0.1959981918334961,0.2822965987630793,,out_of_road
1207,fresh,2,fresh,,,0,0,0,3,1,0,5.0,5.0,10.0,35.0,3,318,102.50562286376953,2.1506355036776394,,out_of_road
1208,mutation,6,mutation,select_road|select_lane|ego_on_intersection|intersection_has_cars,,1,0,0,18,1,0,5.0,5.0,15.0,35.0,0,356,38.99811935424805,1.436351033618276,,out_of_road
1209,fresh,1,fresh,,,0,0,0,2,1,1,15.0,40.0,15.0,55.0,2,187,78.48064422607422,2.6065959088942585,,crash_vehicle
1210,replay,1,replay,,,0,0,0,2,1,1,15.0,40.0,15.0,55.0,2,148,61.21307373046875,1.5123145282268524,,out_of_road
1211,fresh,4,fresh,,,0,0,0,8,1,0,20.0,5.0,5.0,20.0,2,538,145.4228057861328,2.5774694028480125,,out_of_road
1212,mutation,0,mutation,select_road|select_lane|ego_on_intersection|intersection_has_cars,,1,0,0,0,0,0,10.0,40.0,10.0,10.0,0,334,106.18111419677734,3.616698639969269,,out_of_road
1213,fresh,3,fresh,,,0,0,0,4,1,1,5.0,5.0,10.0,55.0,3,231,41.10313034057617,1.3410010019164065,,out_of_road
1214,crossover,4,crossover,,has_brake_checker|maximum_distractor_speed|brake_dist,1,0,0,8,1,0,20.0,20.0,15.0,35.0,1,333,68.65347290039062,0.7964814057512147,,crash_vehicle
1215,fresh,0,fresh,,,0,0,0,0,0,0,10.0,10.0,5.0,35.0,0,60,6.1396484375,0.17819883028666178,,out_of_road
1216,replay,0,replay,,,0,0,0,0,0,0,10.0,10.0,5.0,35.0,0,40,3.0177526473999023,0.36204950623214244,,out_of_road
1217,fresh,2,fresh,,,0,1,0,3,1,0,15.0,5.0,10.0,35.0,2,149,19.667858123779297,1.0311731870142407,,out_of_road
1218,replay,2,replay,,,0,1,0,3,1,0,15.0,5.0,10.0,35.0,2,280,68.12995910644531,2.459297531470656,,out_of_road
1219,fresh,0,fresh,,,0,0,0,1,0,0,20.0,20.0,5.0,35.0,1,57,6.930601119995117,0.1170057274009052,,out_of_road
1220,crossover,2,crossover,,select_lane|ego_on_intersection|intersection_has_cars|distractor_cars|has_brake_checker|intersection_cars|maximum_distractor_speed|distance_to_nearest,4,1,0,3,0,1,5.0,40.0,5.0,55.0,1,106,26.879634857177734,0.4192217831622879,,crash_vehicle
1221,fresh,2,fresh,,,0,1,1,3,0,0,10.0,10.0,15.0,35.0,1,380,95.83295440673828,1.7303384471684695,,out_of_road
1222,mutation,3,mutation,brake_dist,,1,1,0,5,0,0,20.0,10.0,5.0,55.0,3,211,79.77264404296875,2.295980436824509,,out_of_road
1223,fresh,6,fresh,,,0,0,0,18,0,0,10.0,40.0,10.0,20.0,1,73,3.1573171615600586,1.2662397214811143,,out_of_road
1224,mutation,3,mutation,maximum_distractor_speed,,1,0,0,4,1,1,15.0,20.0,15.0,35.0,2,274,58.879032135009766,0.5394169146290225,,out_of_road
1225,fresh,0,fresh,,,0,0,0,0,0,0,15.0,40.0,5.0,20.0,0,216,64.45172119140625,2.1869024595038757,,out_of_road
1226,replay,0,replay,,,0,0,0,0,0,0,15.0,40.0,5.0,20.0,0,331,100.51802825927734,2.0912064040850655,,out_of_road
1227,fresh,3,fresh,,,0,1,1,5,1,1,20.0,10.0,15.0,20.0,3,50,3.592043876647949,0.2623345565795898,,crash_vehicle
1228,mutation,2,mutation,cluster_dist,,1,0,0,3,1,1,20.0,40.0,5.0,55.0,1,178,45.259647369384766,2.1285084421547613,,crash_vehicle
1229,fresh,6,fresh,,,0,1,1,18,0,0,5.0,5.0,15.0,10.0,2,86,4.628907203674316,0.12423975713724314,,crash_vehicle
1230,mutation,4,mutation,cluster_dist,,0,1,1,8,1,1,5.0,10.0,15.0,20.0,3,491,121.06336975097656,1.234705626448643,,crash_vehicle
1231,fresh,1,fresh,,,0,0,0,2,0,0,20.0,40.0,15.0,35.0,1,92,29.477581024169922,2.02405977151964,,crash_vehicle
1232,crossover,0,crossover,,has_cluster|distance_to_nearest|cluster_dist|brake_dist,2,1,0,1,0,0,5.0,10.0,15.0,10.0,1,138,49.2795524597168,2.4259736641593603,,out_of_road
1233,fresh,3,fresh,,,0,1,1,4,0,1,10.0,40.0,15.0,35.0,2,117,45.60993957519531,3.1811862610853634,,crash_vehicle
1234,mutation,3,mutation,intersection_cars,,1,1,0,5,1,1,10.0,20.0,5.0,55.0,3,1000,89.5912094116211,0.8136785687804222,,max_step
1235,fresh,2,fresh,,,0,0,0,3,1,0,10.0,10.0,10.0,20.0,1,97,14.140523910522461,0.3966677513011952,,crash_vehicle
1236,crossover,4,crossover,,has_cluster|maximum_distractor_speed|cluster_dist,1,1,0,8,0,0,20.0,40.0,15.0,10.0,0,60,9.423965454101562,0.9542338260759909,,out_of_road
1237,fresh,0,fresh,,,0,0,0,0,0,0,5.0,40.0,15.0,20.0,0,173,52.070098876953125,2.9474297731770256,,out_of_road
1238,mutation,1,mutation,has_cluster,,0,1,0,2,0,0,5.0,10.0,10.0,35.0,2,112,26.197649002075195,0.19686425477266312,,out_of_road
1239,fresh,3,fresh,,,0,0,0,5,1,0,15.0,20.0,5.0,35.0,3,36,1.6428475379943848,0.4502077235115899,,crash_vehicle
1240,mutation,0,mutation,intersection_cars,,1,0,0,1,0,0,20.0,40.0,5.0,10.0,1,267,84.59819030761719,2.249976478433341,,out_of_road
1241,fresh,2,fresh,,,0,0,0,3,0,0,15.0,40.0,10.0,20.0,0,36,-0.6356239318847656,0.19251929389105904,,out_of_road
1242,mutation,2,mutation,distractor_cars,,1,0,0,3,1,0,20.0,5.0,5.0,35.0,1,95,15.914299011230469,1.7566053294821788,,out_of_road
1243,fresh,4,fresh,,,0,0,0,8,0,0,5.0,5.0,5.0,35.0,1,598,153.94552612304688,2.1190557713592333,,out_of_road
1244,replay,4,replay,,,0,0,0,8,0,0,5.0,5.0,5.0,35.0,1,150,32.41398239135742,1.4777893856167794,,out_of_road
1245,fresh,0,fresh,,,0,0,0,1,1,0,10.0,5.0,15.0,35.0,1,117,44.82838821411133,1.408638498085177,,out_of_road
1246,replay,0,replay,,,0,0,0,1,1,0,10.0,5.0,15.0,35.0,1,174,54.42861557006836,1.291295308148724,,out_of_road
1247,fresh,6,fresh,,,0,0,0,18,0,1,20.0,5.0,15.0,20.0,0,82,-0.5679984092712402,0.08503376819738527,,crash_vehicle
1248,replay,6,replay,,,0,0,0,18,0,1,20.0,5.0,15.0,20.0,0,49,-0.2362833023071289,0.07303647666561361,,out_of_road
1249,fresh,0,fresh,,,0,1,1,1,0,0,15.0,40.0,15.0,35.0,1,234,98.0578384399414,2.2818613300084047,,out_of_road
1250,replay,0,replay,,,0,1,1,1,0,0,15.0,40.0,15.0,35.0,1,264,146.92498779296875,4.689866613709565,,crash_vehicle
1251,fresh,4,fresh,,,0,1,0,8,0,0,15.0,10.0,15.0,20.0,0,132,33.26306915283203,1.3182063089175657,,out_of_road
1252,crossover,0,crossover,,select_lane|ego_on_intersection|intersection_has_cars|distractor_cars|intersection_cars|has_cluster|cluster_dist|brake_dist,6,0,0,0,0,0,5.0,5.0,5.0,20.0,0,382,186.4327850341797,4.015830919029513,,out_of_road
1253,fresh,6,fresh,,,0,1,1,18,0,0,10.0,40.0,15.0,55.0,0,97,13.123641967773438,0.2193351627625141,,crash_vehicle
1254,replay,6,replay,,,0,1,1,18,0,0,10.0,40.0,15.0,55.0,0,48,0.5236177444458008,0.21474284678697586,,out_of_road
1255,fresh,3,fresh,,,0,1,0,5,1,0,20.0,20.0,5.0,55.0,3,268,105.36328887939453,3.0399151441099037,,out_of_road
1256,crossover,3,crossover,,intersection_cars,1,1,1,5,1,1,20.0,40.0,15.0,55.0,0,323,123.23983764648438,3.310416023520862,,out_of_road
1257,fresh,0,fresh,,,0,1,0,1,1,1,15.0,5.0,10.0,20.0,1,247,97.80734252929688,3.9374415584300695,,out_of_road
1258,replay,0,replay,,,0,1,0,1,1,1,15.0,5.0,10.0,20.0,1,54,5.769207954406738,1.348322919121495,,out_of_road
1259,fresh,0,fresh,,,0,1,1,0,1,0,20.0,10.0,5.0,35.0,0,179,57.176509857177734,2.3199421410454053,,out_of_road
1260,replay,0,replay,,,0,1,1,0,1,0,20.0,10.0,5.0,35.0,0,92,0.28479671478271484,1.0521954249428667,,out_of_road
1261,fresh,0,fresh,,,0,1,1,0,0,0,5.0,40.0,15.0,20.0,0,122,34.210960388183594,1.161451542230903,,out_of_road
1262,replay,0,replay,,,0,1,1,0,0,0,5.0,40.0,15.0,20.0,0,176,68.88370513916016,2.2447277305817064,,out_of_road
1263,fresh,1,fresh,,,0,0,0,2,0,0,10.0,40.0,15.0,55.0,2,306,197.8304901123047,7.34188346145979,,out_of_road
1264,mutation,3,mutation,brake_dist,,0,0,0,4,0,0,5.0,10.0,15.0,20.0,0,1000,192.88462829589844,1.3649410684853793,,max_step
1265,fresh,0,fresh,,,0,0,0,1,1,1,10.0,5.0,10.0,20.0,1,225,59.07097625732422,1.1310724420017666,,out_of_road
1266,crossover,0,crossover,,has_brake_checker|intersection_cars|maximum_distractor_speed|distance_to_nearest,3,1,0,0,0,0,15.0,5.0,5.0,10.0,0,138,36.77429962158203,1.2823579569441685,,out_of_road
1267,fresh,3,fresh,,,0,1,0,5,1,1,10.0,40.0,10.0,55.0,3,1000,116.98246002197266,0.442808431243524,,max_step
1268,replay,3,replay,,,0,1,0,5,1,1,10.0,40.0,10.0,55.0,3,609,21.11025619506836,0.14242122989998174,,crash_vehicle
1269,fresh,1,fresh,,,0,1,1,2,0,1,5.0,5.0,10.0,35.0,2,327,155.29441833496094,4.224442545905573,,out_of_road
1270,replay,1,replay,,,0,1,1,2,0,1,5.0,5.0,10.0,35.0,2,519,228.33230590820312,4.052222695381081,,out_of_road
1271,fresh,0,fresh,,,0,1,0,1,1,0,10.0,5.0,15.0,20.0,1,57,3.767880439758301,0.1489209720962926,,out_of_road
1272,crossover,1,crossover,,select_lane|ego_on_intersection|intersection_has_cars|distractor_cars|has_brake_checker|intersection_cars|has_cluster|distance_to_nearest,4,0,0,2,0,0,5.0,40.0,10.0,35.0,0,52,4.120596885681152,1.3449407770083501,,out_of_road
1273,fresh,0,fresh,,,0,1,0,0,1,0,15.0,5.0,5.0,20.0,0,130,23.605573654174805,0.25292005004504553,,out_of_road
1274,replay,0,replay,,,0,1,0,0,1,0,15.0,5.0,5.0,20.0,0,55,5.507454872131348,0.2790093855424361,,out_of_road
1275,fresh,0,fresh,,,0,0,0,0,1,0,5.0,20.0,5.0,55.0,0,85,9.412945747375488,2.448220136235742,,out_of_road
1276,mutation,5,mutation,has_cluster,,1,1,1,12,1,0,20.0,20.0,15.0,55.0,1,79,5.283200263977051,0.14289199674054037,,out_of_road
1277,fresh,4,fresh,,,0,0,0,8,1,0,10.0,20.0,5.0,35.0,2,840,30.92728042602539,0.3992480988065446,,crash_vehicle
1278,crossover,3,crossover,,has_brake_checker|intersection_cars|has_cluster|maximum_distractor_speed|cluster_dist|brake_dist,3,0,0,4,0,1,5.0,40.0,15.0,55.0,3,51,-0.5053591728210449,0.0,,out_of_road
1279,fresh,0,fresh,,,0,1,1,0,1,0,10.0,40.0,15.0,10.0,0,96,11.780372619628906,0.6288891229778528,,out_of_road
1280,replay,0,replay,,,0,1,1,0,1,0,10.0,40.0,15.0,10.0,0,109,18.41676902770996,0.2115756397673843,,out_of_road
1281,fresh,0,fresh,,,0,0,0,0,1,0,20.0,10.0,15.0,20.0,0,88,22.806659698486328,1.2155891934579068,,out_of_road
1282,replay,0,replay,,,0,0,0,0,1,0,20.0,10.0,15.0,20.0,0,98,4.941166877746582,0.7229488932964753,,out_of_road
1283,fresh,0,fresh,,,0,0,0,0,0,0,15.0,10.0,15.0,35.0,0,134,27.254180908203125,2.4048019545291788,,out_of_road
1284,mutation,0,mutation,has_brake_checker,,2,1,1,1,1,0,15.0,10.0,15.0,20.0,1,216,70.06568908691406,1.5102223068889644,,out_of_road
1285,fresh,4,fresh,,,0,1,0,8,1,1,15.0,20.0,15.0,55.0,2,71,9.484350204467773,0.24893324056141813,,out_of_road
1286,mutation,0,mutation,has_cluster,,7,0,0,0,0,0,10.0,5.0,5.0,20.0,0,28,-5.460983753204346,0.0,rejection_fallback,out_of_road
1287,fresh,5,fresh,,,0,0,0,12,0,0,10.0,10.0,10.0,35.0,2,87,16.685405731201172,1.0194768314731533,,out_of_road
1288,mutation,6,mutation,has_cluster,,0,0,0,18,0,1,5.0,40.0,15.0,20.0,3,366,32.468421936035156,0.41976519505610393,,crash_vehicle
1289,fresh,5,fresh,,,0,1,0,12,0,1,10.0,5.0,10.0,35.0,0,609,36.835689544677734,0.9315584465702277,,out_of_road
1290,replay,5,replay,,,0,1,0,12,0,1,10.0,5.0,10.0,35.0,0,336,46.175437927246094,1.2752416440219219,,arrive_dest
1291,fresh,5,fresh,,,0,0,0,12,0,1,10.0,40.0,15.0,10.0,0,68,6.705004692077637,0.3072625889497645,,out_of_road
1292,crossover,3,crossover,,select_lane|ego_on_intersection|intersection_has_cars|intersection_cars|maximum_distractor_speed|cluster_dist,2,0,0,5,0,1,20.0,40.0,15.0,55.0,3,93,13.004156112670898,0.0,,out_of_road
1293,fresh,2,fresh,,,0,1,1,3,1,0,15.0,40.0,15.0,55.0,1,46,0.7357707023620605,0.19491626905358356,,out_of_road
1294,mutation,0,mutation,select_road|select_lane|ego_on_intersection|intersection_has_cars,,1,0,0,0,0,0,10.0,40.0,10.0,55.0,0,28,-1.2026305198669434,0.0,,out_of_road
1295,fresh,5,fresh,,,0,1,0,12,1,0,15.0,20.0,10.0,35.0,0,583,35.94431686401367,0.21882129998959116,,crash_vehicle
1296,mutation,1,mutation,distance_to_nearest,,0,0,0,2,1,0,15.0,40.0,5.0,55.0,2,227,67.82240295410156,0.898497035915631,,out_of_road
1297,fresh,3,fresh,,,0,0,0,4,0,1,15.0,5.0,15.0,35.0,1,208,0.25420141220092773,0.008117274309580143,,crash_vehicle
1298,mutation,3,mutation,intersection_cars,,0,0,0,4,1,1,5.0,20.0,15.0,35.0,0,74,14.885894775390625,1.0194911014389347,,out_of_road
1299,fresh,0,fresh,,,0,1,1,0,0,0,15.0,5.0,15.0,35.0,0,111,19.60873031616211,0.9991993625220414,,out_of_road
1300,replay,0,replay,,,0,1,1,0,0,0,15.0,5.0,15.0,35.0,0,247,62.546775817871094,2.182701610662194,,out_of_road
1301,fresh,0,fresh,,,0,1,1,1,1,0,5.0,20.0,10.0,35.0,1,457,200.9182586669922,3.224824791745623,,out_of_road
1302,replay,0,replay,,,0,1,1,1,1,0,5.0,20.0,10.0,35.0,1,206,87.56593322753906,2.747723856850446,,crash_vehicle
1303,fresh,3,fresh,,,0,1,1,4,1,1,5.0,5.0,15.0,20.0,1,167,0.21360445022583008,0.06704274676517098,,crash_vehicle
1304,crossover,3,crossover,,select_lane|ego_on_intersection|intersection_has_cars|intersection_cars|brake_dist,3,1,0,5,1,0,10.0,40.0,10.0,55.0,3,262,27.95952606201172,0.2748948518321885,,crash_vehicle
1305,fresh,5,fresh,,,0,1,0,12,1,1,15.0,10.0,15.0,55.0,0,490,84.75698852539062,0.6802761149345612,,out_of_road
1306,replay,5,replay,,,0,1,0,12,1,1,15.0,10.0,15.0,55.0,0,462,11.335382461547852,0.10498600253569228,,crash_vehicle
1307,fresh,0,fresh,,,0,0,0,0,1,0,20.0,20.0,10.0,20.0,0,189,44.378265380859375,0.33518813104090334,,out_of_road
1308,replay,0,replay,,,0,0,0,0,1,0,20.0,20.0,10.0,20.0,0,183,36.77051544189453,0.5489845015719289,,out_of_road
1309,fresh,0,fresh,,,0,1,0,1,1,0,10.0,20.0,5.0,35.0,0,266,88.00687408447266,1.1035068456706751,,out_of_road
1310,mutation,1,mutation,intersection_cars,,1,0,0,2,0,0,15.0,40.0,10.0,55.0,2,785,266.6575012207031,1.7833898509953432,,arrive_dest
1311,fresh,3,fresh,,,0,1,1,5,1,0,20.0,20.0,15.0,35.0,1,115,37.60177230834961,1.555466054574303,,out_of_road
1312,replay,3,replay,,,0,1,1,5,1,0,20.0,20.0,15.0,35.0,1,207,27.224411010742188,0.3736562560973824,,out_of_road
1313,fresh,5,fresh,,,0,0,0,12,1,1,10.0,5.0,15.0,20.0,2,567,15.72844123840332,0.28106078501573944,,crash_vehicle
1314,mutation,1,mutation,brake_dist,,0,0,0,2,1,1,15.0,20.0,5.0,35.0,2,213,64.58694458007812,0.8400834791467223,,out_of_road
1315,fresh,4,fresh,,,0,0,0,8,0,1,5.0,20.0,15.0,20.0,3,1000,81.98348236083984,0.17288999261148275,,max_step
1316,mutation,1,mutation,maximum_distractor_speed,,1,0,0,2,1,0,15.0,40.0,15.0,55.0,0,82,13.33740234375,0.055852953253722776,,out_of_road
1317,fresh,5,fresh,,,0,0,0,12,0,0,20.0,20.0,15.0,55.0,0,49,6.88554573059082,0.0,,out_of_road
1318,crossover,0,crossover,,distractor_cars|intersection_cars|has_cluster|distance_to_nearest,3,1,1,0,0,0,15.0,40.0,5.0,35.0,0,78,8.33544635772705,0.2094427316616743,,out_of_road
1319,fresh,6,fresh,,,0,1,0,18,0,1,10.0,20.0,10.0,10.0,3,58,1.2887887954711914,0.0,,out_of_road
1320,replay,6,replay,,,0,1,0,18,0,1,10.0,20.0,10.0,10.0,3,191,76.06924438476562,3.252144056308956,,out_of_road
1321,fresh,2,fresh,,,0,0,0,3,0,1,10.0,10.0,5.0,20.0,3,261,95.20298767089844,3.0879460162129897,,out_of_road
1322,replay,2,replay,,,0,0,0,3,0,1,10.0,10.0,5.0,20.0,3,273,111.23082733154297,2.5700983585237145,,out_of_road
1323,fresh,0,fresh,,,0,1,1,0,0,0,20.0,5.0,5.0,20.0,0,68,9.585174560546875,0.5292418969466406,,out_of_road
1324,crossover,1,crossover,,distractor_cars|has_brake_checker|intersection_cars|maximum_distractor_speed|distance_to_nearest|cluster_dist,1,0,0,2,0,0,20.0,40.0,5.0,35.0,2,287,88.03379821777344,2.5436391799551683,,out_of_road
1325,fresh,1,fresh,,,0,1,0,2,0,1,5.0,5.0,5.0,20.0,2,633,258.9681091308594,3.5091248455959096,,out_of_road
1326,mutation,6,mutation,cluster_dist,,1,0,0,18,0,0,10.0,5.0,5.0,55.0,3,266,96.5340805053711,2.676145077900107,,out_of_road
1327,fresh,3,fresh,,,0,1,1,5,0,1,5.0,5.0,10.0,20.0,0,140,-0.09970235824584961,0.005682973350797381,,crash_vehicle
1328,crossover,4,crossover,,select_lane|ego_on_intersection|intersection_has_cars|has_brake_checker|intersection_cars|has_cluster|maximum_distractor_speed|distance_to_nearest|cluster_dist|brake_dist,6,1,1,8,1,1,10.0,40.0,10.0,55.0,1,370,139.1986083984375,2.7691217689296685,,out_of_road
1329,fresh,0,fresh,,,0,1,1,1,1,0,10.0,10.0,10.0,55.0,1,111,5.195377349853516,0.5903614496325588,,out_of_road
1330,mutation,1,mutation,has_brake_checker,,2,1,0,2,1,0,20.0,40.0,15.0,55.0,0,241,104.5654067993164,2.7350924372425713,,out_of_road
1331,fresh,1,fresh,,,0,1,0,2,0,0,15.0,40.0,10.0,35.0,1,135,31.01308822631836,0.18875641668284382,,out_of_road
1332,crossover,0,crossover,,has_brake_checker|intersection_cars|has_cluster|maximum_distractor_speed|distance_to_nearest,3,0,0,0,0,0,10.0,5.0,5.0,55.0,0,147,43.256500244140625,0.943115021349216,,out_of_road
1333,fresh,6,fresh,,,0,1,1,18,1,1,10.0,5.0,5.0,35.0,2,191,27.40398406982422,0.9328904255288434,,crash_vehicle
1334,crossover,0,crossover,,has_brake_checker|has_cluster|maximum_distractor_speed|cluster_dist,2,0,0,0,0,0,20.0,10.0,5.0,35.0,0,78,12.085382461547852,0.34165835533386624,,out_of_road
1335,fresh,5,fresh,,,0,1,1,12,0,0,15.0,10.0,5.0,20.0,2,135,33.90338897705078,1.9664056137756065,,crash_vehicle
1336,replay,5,replay,,,0,1,1,12,0,0,15.0,10.0,5.0,20.0,2,48,-2.48054838180542,0.15813376506169638,,out_of_road
1337,fresh,2,fresh,,,0,1,1,3,1,0,15.0,10.0,5.0,20.0,0,235,67.799072265625,2.975690919794935,,out_of_road
1338,mutation,6,mutation,has_cluster,,0,1,1,18,1,0,15.0,40.0,10.0,55.0,3,39,3.3801565170288086,0.1432012472397242,,out_of_road
1339,fresh,6,fresh,,,0,0,0,18,1,1,15.0,10.0,10.0,35.0,1,237,51.72273254394531,1.6913161946122657,,out_of_road
1340,crossover,5,crossover,,select_lane|ego_on_intersection|intersection_has_cars|distractor_cars|intersection_cars|maximum_distractor_speed|distance_to_nearest|brake_dist,6,0,0,12,0,1,20.0,20.0,5.0,35.0,3,216,25.755599975585938,0.5878117513601426,,crash_vehicle
1341,fresh,0,fresh,,,0,1,1,1,0,0,5.0,5.0,10.0,10.0,1,151,36.984901428222656,0.2739888441977122,,out_of_road
1342,replay,0,replay,,,0,1,1,1,0,0,5.0,5.0,10.0,10.0,1,71,6.290729522705078,0.5183440644136617,,out_of_road
1343,fresh,5,fresh,,,0,0,0,12,0,0,20.0,5.0,10.0,35.0,0,104,13.635250091552734,0.8990622072552259,,out_of_road
1344,replay,5,replay,,,0,0,0,12,0,0,20.0,5.0,10.0,35.0,0,56,3.5105886459350586,0.0,,crash_vehicle
1345,fresh,5,fresh,,,0,0,0,12,1,1,20.0,20.0,15.0,55.0,2,876,66.92643737792969,0.581486925614581,,crash_vehicle
1346,mutation,4,mutation,cluster_dist,,1,0,0,8,0,0,10.0,10.0,15.0,20.0,2,279,86.73045349121094,2.7089697717018026,,out_of_road
1347,fresh,0,fresh,,,0,1,1,1,0,1,15.0,20.0,10.0,20.0,1,473,219.7496337890625,3.7600801655152383,,out_of_road
1348,replay,0,replay,,,0,1,1,1,0,1,15.0,20.0,10.0,20.0,1,52,7.940996170043945,0.32793988631321835,,out_of_road
1349,fresh,3,fresh,,,0,0,0,5,0,0,5.0,10.0,15.0,35.0,2,234,21.318897247314453,0.14206400465888855,,crash_vehicle
1350,crossover,2,crossover,,distractor_cars|has_brake_checker|has_cluster|maximum_distractor_speed|distance_to_nearest|cluster_dist|brake_dist,3,0,0,3,0,0,20.0,5.0,5.0,20.0,3,418,177.37060546875,3.69948298623117,,out_of_road
1351,fresh,0,fresh,,,0,1,1,0,1,0,10.0,40.0,15.0,10.0,0,190,51.71502685546875,2.3004657398713264,,out_of_road
1352,mutation,4,mutation,select_road|select_lane|ego_on_intersection|intersection_has_cars,,1,1,1,8,0,0,20.0,20.0,5.0,35.0,3,239,74.34815216064453,2.366644360218587,,out_of_road
1353,fresh,4,fresh,,,0,1,1,8,0,1,10.0,5.0,10.0,20.0,2,218,12.15542221069336,0.13066463281802082,,crash_vehicle
1354,crossover,6,crossover,,select_lane|ego_on_intersection|intersection_has_cars|distractor_cars|intersection_cars|maximum_distractor_speed|distance_to_nearest,4,1,1,18,0,0,10.0,40.0,15.0,55.0,0,599,96.47299194335938,0.6595199209620837,,out_of_road
1355,fresh,0,fresh,,,0,0,0,1,1,0,10.0,5.0,5.0,55.0,0,376,92.59374237060547,1.1877487919471683,,out_of_road
1356,replay,0,replay,,,0,0,0,1,1,0,10.0,5.0,5.0,55.0,0,39,-1.921224594116211,0.07496985411032653,,out_of_road
1357,fresh,3,fresh,,,0,0,0,4,0,1,10.0,20.0,10.0,10.0,1,288,25.765159606933594,0.4132442706937177,,crash_vehicle
1358,replay,3,replay,,,0,0,0,4,0,1,10.0,20.0,10.0,10.0,1,228,72.45828247070312,2.9413114938427483,,out_of_road
1359,fresh,1,fresh,,,0,1,0,2,0,0,15.0,5.0,15.0,35.0,2,183,41.74870300292969,0.2158303838121435,,out_of_road
1360,mutation,1,mutation,distance_to_nearest,,1,1,1,2,1,0,20.0,10.0,5.0,55.0,1,145,20.33188819885254,1.229299900038489,,out_of_road
1361,fresh,5,fresh,,,0,0,0,12,0,1,15.0,20.0,10.0,10.0,2,449,203.6889190673828,3.432310908767322,,arrive_dest
1362,crossover,1,crossover,,cluster_dist|brake_dist,2,0,0,2,0,0,20.0,20.0,5.0,55.0,0,194,45.80894470214844,1.1820539668701666,,out_of_road
1363,fresh,1,fresh,,,0,0,0,2,1,0,15.0,20.0,5.0,35.0,2,195,49.44916534423828,0.39747621432328833,,out_of_road
1364,replay,1,replay,,,0,0,0,2,1,0,15.0,20.0,5.0,35.0,2,254,96.38190460205078,1.718902280070181,,out_of_road
1365,fresh,2,fresh,,,0,1,1,3,1,1,10.0,5.0,15.0,20.0,3,89,13.187114715576172,0.6810891392190804,,out_of_road
1366,crossover,0,crossover,,distractor_cars|intersection_cars|maximum_distractor_speed|distance_to_nearest,2,0,0,0,1,0,20.0,40.0,15.0,20.0,0,28,-6.412563323974609,0.0,,out_of_road
1367,fresh,4,fresh,,,0,1,0,8,1,0,5.0,20.0,5.0,55.0,3,92,17.42621612548828,0.3053466710059539,,crash_vehicle
1368,crossover,0,crossover,,distractor_cars|has_cluster|maximum_distractor_speed|distance_to_nearest,1,0,0,0,0,0,20.0,5.0,5.0,20.0,0,456,186.9147186279297,2.5613529874632754,,out_of_road
1369,fresh,1,fresh,,,0,1,0,2,1,0,10.0,40.0,15.0,55.0,2,415,139.68780517578125,1.7316057046852915,,out_of_road
1370,mutation,5,mutation,brake_dist,,0,1,1,12,1,0,20.0,20.0,5.0,35.0,1,121,21.955581665039062,0.2168032839155394,,crash_vehicle
1371,fresh,2,fresh,,,0,1,1,3,0,1,10.0,10.0,10.0,10.0,0,436,15.167060852050781,0.14129063785460633,,crash_vehicle
1372,replay,2,replay,,,0,1,1,3,0,1,10.0,10.0,10.0,10.0,0,486,131.1998291015625,1.6541200850787476,,out_of_road
1373,fresh,0,fresh,,,0,0,0,1,0,0,15.0,5.0,10.0,10.0,1,781,275.32757568359375,2.4170398424628754,,out_of_road
1374,mutation,5,mutation,distractor_cars,,1,1,0,12,0,0,5.0,5.0,10.0,10.0,1,515,31.47146987915039,0.6418375050124613,,crash_vehicle
1375,fresh,3,fresh,,,0,1,0,4,1,1,10.0,40.0,15.0,55.0,2,208,63.045841217041016,1.2906800719121327,,arrive_dest
1376,crossover,0,crossover,,select_lane|ego_on_intersection|intersection_has_cars|distractor_cars|has_brake_checker|intersection_cars|maximum_distractor_speed|cluster_dist|brake_dist,6,1,0,1,0,0,10.0,5.0,15.0,35.0,1,217,64.55564880371094,1.402457092352177,,out_of_road
1377,fresh,3,fresh,,,0,0,0,5,0,1,20.0,10.0,15.0,10.0,0,252,21.080795288085938,0.08202240261293593,,crash_vehicle
1378,replay,3,replay,,,0,0,0,5,0,1,20.0,10.0,15.0,10.0,0,238,32.78371810913086,1.2902979336428542,,crash_vehicle
1379,fresh,3,fresh,,,0,0,0,4,0,1,5.0,5.0,5.0,20.0,0,340,7.570648193359375,0.30185345612904607,,crash_vehicle
1380,replay,3,replay,,,0,0,0,4,0,1,5.0,5.0,5.0,20.0,0,55,2.9039411544799805,0.312532563643022,,out_of_road
1381,fresh,0,fresh,,,0,0,0,1,1,1,5.0,40.0,10.0,55.0,1,161,37.407379150390625,0.9715425283272073,,out_of_road
1382,replay,0,replay,,,0,0,0,1,1,1,5.0,40.0,10.0,55.0,1,416,183.90614318847656,3.554718400709904,,out_of_road
1383,fresh,0,fresh,,,0,1,1,1,0,1,10.0,40.0,10.0,20.0,1,304,102.18869018554688,2.17502188976658,,out_of_road
1384,replay,0,replay,,,0,1,1,1,0,1,10.0,40.0,10.0,20.0,1,888,49.193145751953125,0.4758264782077104,,out_of_road
1385,fresh,5,fresh,,,0,1,1,12,1,0,15.0,20.0,15.0,55.0,3,59,1.383714199066162,0.2632953889541707,,out_of_road
1386,replay,5,replay,,,0,1,1,12,1,0,15.0,20.0,15.0,55.0,3,470,184.12384033203125,2.178491264843243,,out_of_road
1387,fresh,1,fresh,,,0,0,0,2,0,1,5.0,20.0,10.0,20.0,2,241,105.24689483642578,2.5262052155876553,,out_of_road
1388,crossover,5,crossover,,distractor_cars|has_cluster|distance_to_nearest|cluster_dist|brake_dist,0,1,0,12,1,0,5.0,5.0,5.0,55.0,3,494,93.2029037475586,1.2989130770025947,,crash_vehicle
1389,fresh,4,fresh,,,0,0,0,8,1,0,15.0,20.0,15.0,35.0,1,475,203.90538024902344,2.657785629371279,,out_of_road
1390,replay,4,replay,,,0,0,0,8,1,0,15.0,20.0,15.0,35.0,1,433,141.73275756835938,2.438443640793306,,out_of_road
1391,fresh,2,fresh,,,0,0,0,3,0,0,15.0,20.0,10.0,20.0,0,81,1.8955445289611816,0.02978647619853785,,out_of_road
1392,mutation,1,mutation,has_brake_checker,,0,0,0,2,0,0,20.0,40.0,5.0,35.0,2,182,38.088993072509766,0.5219899402869926,,out_of_road
1393,fresh,4,fresh,,,0,0,0,8,1,0,5.0,40.0,5.0,55.0,0,383,151.98468017578125,2.3157554140056704,,crash_vehicle
1394,mutation,2,mutation,select_road|select_lane|ego_on_intersection|intersection_has_cars,,2,0,0,3,0,0,5.0,40.0,10.0,35.0,1,344,77.02753448486328,0.7601532161365762,,crash_vehicle
1395,fresh,6,fresh,,,0,1,0,18,1,0,10.0,10.0,10.0,20.0,0,42,-2.404301166534424,0.33837765739077613,,crash_vehicle
1396,replay,6,replay,,,0,1,0,18,1,0,10.0,10.0,10.0,20.0,0,93,4.772886276245117,0.07982531173895764,,out_of_road
1397,fresh,0,fresh,,,0,1,0,1,1,1,10.0,10.0,10.0,35.0,1,133,30.361351013183594,0.1269801026000116,,out_of_road
1398,mutation,6,mutation,select_road|select_lane|ego_on_intersection|intersection_has_cars,,3,1,1,18,1,0,15.0,5.0,5.0,55.0,1,396,34.36837387084961,0.4146420989959322,,out_of_road
1399,fresh,0,fresh,,,0,0,0,1,0,1,10.0,10.0,15.0,20.0,1,116,11.665092468261719,0.1621986093192265,,out_of_road
1400,replay,0,replay,,,0,0,0,1,0,1,10.0,10.0,15.0,20.0,1,328,28.14946746826172,0.47513754276002235,,out_of_road
1401,fresh,3,fresh,,,0,1,0,4,0,1,20.0,10.0,10.0,10.0,2,132,0.29270172119140625,0.0038913940502838655,,out_of_road
1402,crossover,0,crossover,,select_lane|ego_on_intersection|intersection_has_cars|distractor_cars|distance_to_nearest,3,0,0,1,1,0,20.0,40.0,5.0,55.0,1,348,78.07919311523438,1.3489151295146038,,out_of_road
1403,fresh,4,fresh,,,0,0,0,8,0,0,5.0,5.0,15.0,10.0,2,42,-2.1881930828094482,0.11721785437493097,,crash_vehicle
1404,crossover,1,crossover,,intersection_cars|maximum_distractor_speed|brake_dist,2,1,0,2,0,1,10.0,5.0,5.0,55.0,2,105,40.789005279541016,0.581840128274191,,out_of_road
1405,fresh,1,fresh,,,0,0,0,2,1,1,5.0,5.0,10.0,55.0,2,375,196.61199951171875,4.3108482518196105,,out_of_road
1406,replay,1,replay,,,0,0,0,2,1,1,5.0,5.0,10.0,55.0,2,456,34.9799690246582,0.2786952902301492,,out_of_road
1407,fresh,2,fresh,,,0,0,0,3,0,0,15.0,40.0,10.0,55.0,1,210,66.54849243164062,0.805500198616868,,crash_vehicle
1408,mutation,0,mutation,has_brake_checker,,2,1,0,1,1,0,5.0,10.0,15.0,20.0,1,71,6.827061653137207,0.28046266734600067,,out_of_road
1409,fresh,3,fresh,,,0,1,1,5,0,1,15.0,10.0,5.0,35.0,2,119,3.7308521270751953,0.10456507546561104,,crash_vehicle
1410,crossover,0,crossover,,has_cluster|maximum_distractor_speed|cluster_dist,1,0,0,1,0,0,15.0,5.0,15.0,10.0,1,232,89.51996612548828,2.744960084750221,,out_of_road
1411,fresh,1,fresh,,,0,0,0,2,1,0,15.0,5.0,5.0,35.0,2,21,-5.249539375305176,0.0,,out_of_road
1412,mutation,4,mutation,has_cluster,,1,1,1,8,1,0,10.0,40.0,10.0,55.0,1,177,60.301109313964844,0.6775594636124406,,out_of_road
1413,fresh,5,fresh,,,0,0,0,12,0,0,10.0,20.0,15.0,20.0,1,516,277.7635803222656,4.505908532248622,,out_of_road
1414,replay,5,replay,,,0,0,0,12,0,0,10.0,20.0,15.0,20.0,1,186,72.81216430664062,3.5111590333843745,,out_of_road
1415,fresh,6,fresh,,,0,0,0,18,0,1,5.0,40.0,10.0,55.0,1,1000,68.59683227539062,0.39150203034467995,,max_step
1416,replay,6,replay,,,0,0,0,18,0,1,5.0,40.0,10.0,55.0,1,532,158.42144775390625,1.4495773383493262,,crash_vehicle
1417,fresh,0,fresh,,,0,0,0,1,0,1,15.0,10.0,15.0,20.0,1,153,54.501407623291016,2.478668821987763,,out_of_road
1418,replay,0,replay,,,0,0,0,1,0,1,15.0,10.0,15.0,20.0,1,185,61.75708770751953,2.2976175715794436,,out_of_road
1419,fresh,3,fresh,,,0,1,1,4,0,0,15.0,10.0,5.0,35.0,1,53,-1.6611218452453613,0.059419999707419915,,out_of_road
1420,replay,3,replay,,,0,1,1,4,0,0,15.0,10.0,5.0,35.0,1,368,182.68479919433594,3.429222557126828,,out_of_road
1421,fresh,3,fresh,,,0,0,0,4,0,0,20.0,20.0,5.0,20.0,0,89,22.769920349121094,1.0374987262688327,,out_of_road
1422,mutation,0,mutation,distractor_cars,,0,0,0,0,1,0,5.0,20.0,15.0,20.0,0,201,72.8768081665039,1.441003834875069,,crash_vehicle
1423,fresh,3,fresh,,,0,1,0,5,1,0,15.0,40.0,10.0,55.0,0,136,12.89311408996582,0.31270677070407304,,crash_vehicle
1424,crossover,1,crossover,,has_brake_checker|maximum_distractor_speed|cluster_dist|brake_dist,2,0,0,2,1,1,15.0,40.0,5.0,55.0,1,443,138.87966918945312,1.526789001548667,,out_of_road
1425,fresh,0,fresh,,,0,1,1,0,1,0,5.0,40.0,5.0,10.0,0,254,79.56122589111328,1.265670293443433,,out_of_road
1426,replay,0,replay,,,0,1,1,0,1,0,5.0,40.0,5.0,10.0,0,54,5.778957366943359,0.15864035059456472,,out_of_road
1427,fresh,3,fresh,,,0,1,1,4,1,1,10.0,20.0,5.0,55.0,0,1000,54.65271759033203,0.3025943557340652,,max_step
1428,replay,3,replay,,,0,1,1,4,1,1,10.0,20.0,5.0,55.0,0,142,36.29191970825195,2.2389959474684487,,out_of_road
1429,fresh,0,fresh,,,0,1,1,1,0,0,20.0,20.0,5.0,55.0,0,130,34.34037780761719,0.4945712995643799,,out_of_road
1430,crossover,4,crossover,,select_lane|ego_on_intersection|intersection_has_cars|distractor_cars|has_cluster,4,1,1,8,1,1,20.0,5.0,5.0,20.0,2,289,-2.010688066482544,0.06374925417200401,,crash_vehicle
1431,fresh,2,fresh,,,0,0,0,3,1,0,15.0,10.0,10.0,20.0,2,60,0.5433239936828613,0.5379692316055298,,out_of_road
1432,replay,2,replay,,,0,0,0,3,1,0,15.0,10.0,10.0,20.0,2,217,68.22486877441406,0.9186519451679722,,out_of_road
1433,fresh,3,fresh,,,0,1,0,5,1,0,15.0,5.0,15.0,20.0,1,61,2.4565653800964355,0.6588904796565165,,out_of_road
1434,mutation,6,mutation,distance_to_nearest,,1,0,0,18,1,0,5.0,10.0,15.0,35.0,0,98,4.6583709716796875,0.6384258256578932,,out_of_road
1435,fresh,6,fresh,,,0,0,0,18,0,1,20.0,10.0,5.0,35.0,1,430,4.043526649475098,0.03493286223085814,,crash_vehicle
1436,replay,6,replay,,,0,0,0,18,0,1,20.0,10.0,5.0,35.0,1,227,26.5089168548584,0.19943356999741776,,out_of_road
1437,fresh,1,fresh,,,0,0,0,2,1,1,10.0,5.0,15.0,35.0,2,25,-2.0721216201782227,0.0,,out_of_road
1438,crossover,1,crossover,,select_lane|ego_on_intersection|intersection_has_cars|has_brake_checker|intersection_cars|cluster_dist,4,0,0,2,0,1,15.0,20.0,10.0,35.0,0,955,125.42991638183594,0.2843232773361406,,out_of_road
1439,fresh,0,fresh,,,0,1,1,0,1,0,5.0,20.0,10.0,20.0,0,60,-0.265899658203125,0.004992853105068207,,out_of_road
1440,replay,0,replay,,,0,1,1,0,1,0,5.0,20.0,10.0,20.0,0,42,-0.9401206970214844,0.11669269062223889,,out_of_road
1441,fresh,6,fresh,,,0,1,1,18,0,0,5.0,5.0,15.0,10.0,2,91,2.27061128616333,2.4190286299684547,,out_of_road
1442,replay,6,replay,,,0,1,1,18,0,0,5.0,5.0,15.0,10.0,2,79,11.102254867553711,0.22937344146680227,,out_of_road
1443,fresh,6,fresh,,,0,1,0,18,0,1,10.0,40.0,10.0,10.0,3,94,9.278399467468262,0.2078873248810464,,crash_vehicle
1444,crossover,5,crossover,,has_cluster|cluster_dist,2,1,0,12,0,0,10.0,40.0,10.0,10.0,3,43,0.9700884819030762,0.5864833232968353,,out_of_road
1445,fresh,4,fresh,,,0,0,0,8,0,0,20.0,40.0,10.0,20.0,1,149,13.64529800415039,0.3874221040098459,,crash_vehicle
1446,replay,4,replay,,,0,0,0,8,0,0,20.0,40.0,10.0,20.0,1,43,1.0544142723083496,0.4791827978089798,,out_of_road
1447,fresh,0,fresh,,,0,1,1,0,0,0,5.0,10.0,10.0,55.0,0,160,21.861650466918945,0.07698895335197449,,out_of_road
1448,mutation,3,mutation,distance_to_nearest,,0,1,1,4,0,0,15.0,20.0,10.0,10.0,0,32,-1.469184160232544,0.0,,out_of_road
1449,fresh,5,fresh,,,0,1,0,12,1,1,20.0,10.0,5.0,35.0,1,296,24.25960350036621,0.6292291033283077,,out_of_road
1450,mutation,3,mutation,brake_dist,,1,0,0,4,0,1,20.0,40.0,10.0,20.0,3,106,14.683544158935547,0.2690773195815536,,out_of_road
1451,fresh,1,fresh,,,0,0,0,2,0,1,10.0,20.0,10.0,20.0,1,36,-0.6684846878051758,0.023335271411471896,,out_of_road
1452,crossover,0,crossover,,select_lane|ego_on_intersection|intersection_has_cars|distance_to_nearest|cluster_dist,3,1,1,0,1,0,5.0,20.0,5.0,20.0,0,28,-2.1537747383117676,0.14391745839800155,,out_of_road
1453,fresh,6,fresh,,,0,1,0,18,1,0,15.0,20.0,15.0,35.0,3,35,-1.2214736938476562,0.25426861218043734,,out_of_road
1454,crossover,5,crossover,,has_brake_checker|intersection_cars|has_cluster|brake_dist,3,1,1,12,0,1,5.0,40.0,10.0,10.0,3,108,15.468502044677734,0.16198711262808907,,crash_vehicle
1455,fresh,2,fresh,,,0,1,1,3,1,1,20.0,20.0,15.0,35.0,3,117,11.672506332397461,0.5366255248713697,,out_of_road
1456,replay,2,replay,,,0,1,1,3,1,1,20.0,20.0,15.0,35.0,3,30,-2.4057693481445312,0.09947036107381185,,out_of_road
1457,fresh,1,fresh,,,0,0,0,2,1,0,15.0,20.0,15.0,35.0,2,42,1.5075817108154297,0.2834965835014979,,out_of_road
1458,mutation,2,mutation,brake_dist,,1,1,1,3,1,0,15.0,10.0,5.0,35.0,0,117,14.653844833374023,0.3301076363039832,,crash_vehicle
1459,fresh,5,fresh,,,0,1,1,12,0,1,20.0,20.0,5.0,20.0,2,59,-6.162419319152832,0.2406316045987404,,out_of_road
1460,mutation,1,mutation,brake_dist,,0,0,0,2,1,0,15.0,10.0,5.0,20.0,2,199,31.56244659423828,0.248288347493464,,out_of_road
1461,fresh,5,fresh,,,0,0,0,12,1,0,15.0,20.0,5.0,35.0,2,28,-3.903000831604004,0.0,,out_of_road
1462,crossover,2,crossover,,select_lane|ego_on_intersection|intersection_has_cars|has_cluster|maximum_distractor_speed|brake_dist,4,1,0,3,1,1,15.0,20.0,5.0,55.0,0,29,-2.02506422996521,0.16936361378636852,,out_of_road
1463,fresh,6,fresh,,,0,0,0,18,0,1,20.0,10.0,15.0,55.0,1,76,8.646306037902832,0.17362337726119317,,crash_vehicle
1464,crossover,2,crossover,,distractor_cars|has_brake_checker|intersection_cars|maximum_distractor_speed|distance_to_nearest,2,0,0,3,0,0,5.0,20.0,10.0,35.0,3,103,-9.831058502197266,0.2196942087516044,,out_of_road
1465,fresh,0,fresh,,,0,1,1,0,1,0,20.0,40.0,5.0,55.0,0,72,5.828001976013184,0.4175490273369683,,out_of_road
1466,replay,0,replay,,,0,1,1,0,1,0,20.0,40.0,5.0,55.0,0,31,-2.289923667907715,0.03302599537757135,,out_of_road
1467,fresh,4,fresh,,,0,0,0,8,0,1,20.0,10.0,5.0,55.0,0,33,-0.16782331466674805,0.006679532654357679,,out_of_road
1468,replay,4,replay,,,0,0,0,8,0,1,20.0,10.0,5.0,55.0,0,143,11.470735549926758,0.3462149824921068,,out_of_road
1469,fresh,4,fresh,,,0,1,0,8,1,1,15.0,40.0,5.0,55.0,3,26,13.875595092773438,0.42801809310913086,,arrive_dest
1470,crossover,4,crossover,,select_lane|ego_on_intersection|intersection_has_cars|distractor_cars|intersection_cars|has_cluster|maximum_distractor_speed|distance_to_nearest|cluster_dist|brake_dist,4,0,0,8,0,0,20.0,20.0,15.0,35.0,1,224,46.36958694458008,0.22558327178869927,,out_of_road
1471,fresh,0,fresh,,,0,0,0,0,1,0,20.0,10.0,10.0,20.0,0,99,15.188020706176758,0.1192839876419366,,out_of_road
1472,crossover,1,crossover,,select_lane|ego_on_intersection|intersection_has_cars|maximum_distractor_speed|distance_to_nearest|brake_dist,5,1,0,2,1,0,5.0,20.0,15.0,35.0,0,148,26.73971176147461,1.2561897136069633,,out_of_road
1473,fresh,4,fresh,,,0,1,0,8,1,1,15.0,40.0,5.0,55.0,1,28,-2.403897285461426,0.0,,out_of_road
1474,replay,4,replay,,,0,1,0,8,1,1,15.0,40.0,5.0,55.0,1,116,9.964709281921387,0.661511953920126,,crash_vehicle
1475,fresh,0,fresh,,,0,0,0,0,0,0,10.0,5.0,5.0,55.0,0,31,-0.9561581611633301,0.4812809728807019,,out_of_road
1476,mutation,3,mutation,distance_to_nearest,,2,0,0,4,1,0,20.0,40.0,5.0,55.0,0,32,-1.279165506362915,0.12301293015480042,,out_of_road
1477,fresh,3,fresh,,,0,1,1,4,0,0,10.0,5.0,10.0,55.0,2,281,-0.23704767227172852,0.018226131601292255,,crash_vehicle
1478,mutation,3,mutation,maximum_distractor_speed,,1,0,0,4,1,1,5.0,20.0,15.0,35.0,3,58,5.430980682373047,0.31822230898100756,,crash_vehicle
1479,fresh,0,fresh,,,0,0,0,0,0,0,5.0,40.0,5.0,20.0,0,110,15.03303337097168,0.5987481122667139,,out_of_road
1480,mutation,1,mutation,cluster_dist,,1,1,0,2,0,0,20.0,40.0,10.0,10.0,2,16,11.571700096130371,1.7704410776495934,,arrive_dest
1481,fresh,3,fresh,,,0,0,0,5,0,1,15.0,5.0,10.0,55.0,0,1000,27.57377052307129,0.10944837814290076,,max_step
1482,crossover,2,crossover,,has_brake_checker|intersection_cars|has_cluster|maximum_distractor_speed|cluster_dist|brake_dist,3,0,0,3,0,0,5.0,10.0,5.0,10.0,3,66,-10.84670352935791,0.09042216069770581,,out_of_road
1483,fresh,5,fresh,,,0,0,0,12,1,0,20.0,20.0,15.0,35.0,3,377,56.894901275634766,1.077163714648716,,out_of_road
1484,replay,5,replay,,,0,0,0,12,1,0,20.0,20.0,15.0,35.0,3,276,63.897560119628906,0.6162703383605981,,out_of_road
1485,fresh,0,fresh,,,0,0,0,0,1,0,5.0,10.0,10.0,10.0,0,145,30.383289337158203,2.1462014173125397,,out_of_road
1486,crossover,1,crossover,,select_lane|ego_on_intersection|intersection_has_cars|has_brake_checker|intersection_cars|cluster_dist,2,1,0,2,1,1,5.0,20.0,15.0,35.0,2,50,-1.102250576019287,0.0,,out_of_road
1487,fresh,6,fresh,,,0,0,0,18,1,0,5.0,10.0,10.0,55.0,2,151,25.378856658935547,0.42513054320650384,,out_of_road
1488,crossover,5,crossover,,select_lane|ego_on_intersection|intersection_has_cars|distractor_cars|has_brake_checker|maximum_distractor_speed|distance_to_nearest|cluster_dist,3,1,0,12,0,0,20.0,40.0,10.0,55.0,3,52,4.745674133300781,0.2889604866504669,,out_of_road
1489,fresh,2,fresh,,,0,1,1,3,0,1,15.0,5.0,10.0,20.0,3,103,22.632781982421875,0.2550983897690634,,out_of_road
1490,crossover,2,crossover,,select_lane|ego_on_intersection|intersection_has_cars|has_cluster|maximum_distractor_speed|distance_to_nearest,5,1,0,3,1,0,5.0,40.0,5.0,55.0,1,29,-1.7437100410461426,0.0,,out_of_road
1491,fresh,1,fresh,,,0,1,1,2,0,1,5.0,20.0,10.0,55.0,2,30,-1.5988390445709229,0.1268772045771281,,out_of_road
1492,crossover,0,crossover,,distractor_cars|has_brake_checker|has_cluster|maximum_distractor_speed|cluster_dist,3,0,0,1,0,0,10.0,5.0,15.0,10.0,0,402,-0.004970073699951172,0.06537708742961065,,crash_vehicle
1493,fresh,4,fresh,,,0,0,0,8,0,0,10.0,5.0,15.0,20.0,0,504,-0.048281192779541016,0.08391897749000539,,crash_vehicle
1494,mutation,6,mutation,distractor_cars,,1,0,0,18,1,0,15.0,20.0,15.0,55.0,0,329,99.86809539794922,1.9961222569857324,,crash_vehicle
1495,fresh,6,fresh,,,0,1,0,18,0,1,15.0,20.0,5.0,35.0,1,68,12.447416305541992,0.3473529920858495,,crash_vehicle
1496,replay,6,replay,,,0,1,0,18,0,1,15.0,20.0,5.0,35.0,1,320,104.7932357788086,2.45474544079043,,out_of_road
1497,fresh,2,fresh,,,0,0,0,3,1,1,20.0,20.0,10.0,35.0,2,114,32.90013122558594,1.9932292446886237,,out_of_road
1498,crossover,0,crossover,,select_lane|ego_on_intersection|intersection_has_cars|distractor_cars|has_brake_checker|intersection_cars|has_cluster|maximum_distractor_speed|distance_to_nearest|cluster_dist,6,1,0,0,0,0,15.0,40.0,5.0,10.0,0,96,38.45406723022461,0.9072786935818536,,out_of_road
1499,fresh,0,fresh,,,0,0,0,1,0,1,15.0,5.0,15.0,20.0,1,43,0.6151208877563477,0.1373242361601009,,out_of_road
1500,crossover,4,crossover,,select_lane|ego_on_intersection|intersection_has_cars|distractor_cars|has_brake_checker|maximum_distractor_speed|distance_to_nearest|cluster_dist|brake_dist,8,0,0,8,0,1,10.0,10.0,5.0,20.0,1,456,13.243671417236328,0.089692535460416,,crash_vehicle
1501,fresh,3,fresh,,,0,0,0,5,0,1,5.0,5.0,10.0,55.0,0,638,-0.8387932777404785,0.14134013972487475,,crash_vehicle
1502,replay,3,replay,,,0,0,0,5,0,1,5.0,5.0,10.0,55.0,0,351,146.04116821289062,2.5025387750858936,,out_of_road
1503,fresh,5,fresh,,,0,1,0,12,1,0,10.0,20.0,15.0,35.0,1,141,19.788177490234375,0.5110591450270187,,out_of_road
1504,mutation,0,mutation,maximum_distractor_speed,,0,1,1,0,1,0,10.0,20.0,15.0,10.0,0,73,1.7135567665100098,0.870360550815112,,out_of_road
1505,fresh,1,fresh,,,0,0,0,2,0,1,10.0,40.0,15.0,55.0,2,39,1.3810997009277344,0.0,,out_of_road
1506,crossover,1,crossover,,intersection_cars|distance_to_nearest,1,0,0,2,0,0,20.0,20.0,5.0,55.0,2,109,23.96990394592285,0.2074911215368214,,out_of_road
1507,fresh,0,fresh,,,0,0,0,1,0,0,5.0,10.0,15.0,20.0,1,143,39.579994201660156,1.3508739617321042,,out_of_road
1508,crossover,0,crossover,,distractor_cars|has_brake_checker|intersection_cars|has_cluster|maximum_distractor_speed,5,0,0,1,1,0,10.0,20.0,5.0,35.0,1,210,80.0053482055664,3.0264223989986236,,crash_vehicle
1509,fresh,0,fresh,,,0,1,1,0,0,0,5.0,40.0,5.0,20.0,0,28,-0.8734135627746582,0.4151773452758789,,out_of_road
1510,replay,0,replay,,,0,1,1,0,0,0,5.0,40.0,5.0,20.0,0,129,30.935943603515625,0.5027422286685586,,crash_vehicle
1511,fresh,0,fresh,,,0,0,0,0,0,0,20.0,10.0,5.0,35.0,0,16,-5.019278049468994,0.0,,out_of_road
1512,crossover,1,crossover,,has_cluster|distance_to_nearest,2,0,0,2,1,0,10.0,20.0,5.0,55.0,2,100,34.03150177001953,0.5008355215936899,,out_of_road
1513,fresh,0,fresh,,,0,0,0,0,1,0,5.0,40.0,10.0,10.0,0,173,45.20046615600586,1.1889834958693886,,crash_vehicle
1514,mutation,6,mutation,maximum_distractor_speed,,1,0,0,18,0,1,20.0,40.0,15.0,20.0,3,30,-2.189220666885376,0.1518843173980713,,out_of_road
1515,fresh,4,fresh,,,0,0,0,8,1,1,20.0,20.0,10.0,35.0,0,133,28.98862075805664,0.4220728819307528,,out_of_road
1516,mutation,4,mutation,brake_dist,,1,0,0,8,0,0,20.0,5.0,5.0,20.0,1,70,4.044404983520508,0.9818719157150814,,out_of_road
1517,fresh,3,fresh,,,0,1,0,4,0,0,10.0,40.0,10.0,55.0,3,480,104.3089599609375,0.810779027105309,,crash_vehicle
1518,crossover,1,crossover,,distractor_cars|has_brake_checker|cluster_dist|brake_dist,2,0,0,2,0,0,15.0,40.0,10.0,55.0,1,38,0.2106189727783203,0.2921876656381707,,out_of_road
1519,fresh,3,fresh,,,0,1,0,4,1,0,10.0,5.0,10.0,20.0,2,91,-2.342005491256714,0.007057582222662129,,crash_vehicle
1520,mutation,0,mutation,intersection_cars,,1,0,0,1,0,0,15.0,5.0,15.0,20.0,0,52,-6.403528690338135,0.0,,out_of_road
1521,fresh,0,fresh,,,0,1,1,1,0,0,5.0,5.0,5.0,55.0,1,37,1.1656761169433594,0.6684623280087033,,out_of_road
1522,crossover,0,crossover,,select_lane|ego_on_intersection|intersection_has_cars|distractor_cars|intersection_cars|maximum_distractor_speed|distance_to_nearest|brake_dist,4,1,1,0,0,0,20.0,5.0,15.0,10.0,0,35,-0.45998096466064453,0.0,,out_of_road
1523,fresh,3,fresh,,,0,0,0,4,1,1,10.0,10.0,10.0,35.0,1,43,0.3933525085449219,0.17813011709340784,,out_of_road
1524,mutation,2,mutation,select_road|select_lane|ego_on_intersection|intersection_has_cars,,2,1,1,3,0,0,5.0,20.0,5.0,20.0,2,126,28.7105712890625,0.5599199136098226,,crash_vehicle
1525,fresh,2,fresh,,,0,1,0,3,1,0,5.0,20.0,10.0,55.0,3,99,36.69280242919922,0.7979882162327718,,out_of_road
1526,crossover,1,crossover,,select_lane|ego_on_intersection|intersection_has_cars|distractor_cars|has_brake_checker|intersection_cars|has_cluster|maximum_distractor_speed|distance_to_nearest,5,1,0,2,1,1,5.0,20.0,10.0,55.0,2,274,95.13453674316406,1.4365012883922479,,out_of_road
1527,fresh,6,fresh,,,0,0,0,18,0,0,15.0,10.0,10.0,55.0,2,33,-1.2154741287231445,0.17918325193000562,,out_of_road
1528,replay,6,replay,,,0,0,0,18,0,0,15.0,10.0,10.0,55.0,2,328,161.42774963378906,3.533976280102052,,out_of_road
1529,fresh,5,fresh,,,0,1,0,12,0,1,15.0,20.0,5.0,20.0,1,42,0.5135760307312012,0.3089178176153274,,out_of_road
1530,crossover,4,crossover,,select_lane|ego_on_intersection|intersection_has_cars|distractor_cars|has_brake_checker|has_cluster|cluster_dist,3,1,0,8,0,0,20.0,20.0,10.0,35.0,3,35,-1.1166234016418457,0.3174020903451102,,out_of_road
1531,fresh,5,fresh,,,0,1,1,12,0,1,10.0,10.0,10.0,35.0,3,157,13.999612808227539,0.2772414018014434,,crash_vehicle
1532,mutation,3,mutation,distractor_cars,,1,1,1,4,0,0,20.0,5.0,10.0,20.0,3,134,47.61919403076172,4.538030492725657,,out_of_road
1533,fresh,6,fresh,,,0,1,1,18,0,0,5.0,40.0,15.0,10.0,1,1000,101.94902801513672,0.777990770816803,,max_step
1534,crossover,0,crossover,,intersection_cars|has_cluster|maximum_distractor_speed|cluster_dist|brake_dist,3,0,0,1,0,0,5.0,10.0,10.0,10.0,0,459,12.04554557800293,0.15806320129461537,,crash_vehicle
1535,fresh,2,fresh,,,0,1,1,3,0,1,5.0,5.0,5.0,10.0,3,68,0.010066509246826172,0.23621121421456337,,out_of_road
1536,replay,2,replay,,,0,1,1,3,0,1,5.0,5.0,5.0,10.0,3,139,21.913663864135742,0.904052994448504,,out_of_road
1537,fresh,0,fresh,,,0,0,0,1,0,0,10.0,40.0,15.0,10.0,1,113,27.451602935791016,0.7980154858226269,,out_of_road
1538,replay,0,replay,,,0,0,0,1,0,0,10.0,40.0,15.0,10.0,1,121,29.42176055908203,0.2213753402725724,,out_of_road
1539,fresh,0,fresh,,,0,0,0,1,1,1,15.0,5.0,15.0,20.0,1,126,22.080841064453125,0.9906004126819353,,out_of_road
1540,crossover,2,crossover,,distractor_cars|intersection_cars|has_cluster|distance_to_nearest,2,0,0,3,1,0,20.0,40.0,5.0,55.0,3,28,-1.8207476139068604,0.41016929490225656,,out_of_road
1541,fresh,1,fresh,,,0,1,1,2,0,0,15.0,10.0,10.0,55.0,2,111,44.33055877685547,0.9764574190249314,,out_of_road
1542,mutation,1,mutation,maximum_distractor_speed,,0,0,0,2,0,1,5.0,20.0,10.0,20.0,2,45,0.38065147399902344,0.4368357764350043,,out_of_road
1543,fresh,0,fresh,,,0,0,0,0,0,0,5.0,10.0,5.0,35.0,0,38,1.716768741607666,0.5898316181019733,,out_of_road
1544,replay,0,replay,,,0,0,0,0,0,0,5.0,10.0,5.0,35.0,0,87,20.901958465576172,0.3319146693523588,,crash_vehicle
1545,fresh,3,fresh,,,0,1,1,4,1,0,20.0,40.0,10.0,55.0,1,33,-1.6557855606079102,0.585050799629905,,out_of_road
1546,crossover,1,crossover,,select_lane|ego_on_intersection|intersection_has_cars|distractor_cars|has_brake_checker|has_cluster|maximum_distractor_speed|distance_to_nearest|brake_dist,5,0,0,2,0,0,20.0,20.0,5.0,35.0,2,230,110.79371643066406,3.9226473736374277,,out_of_road
1547,fresh,1,fresh,,,0,0,0,2,0,0,20.0,10.0,10.0,35.0,2,177,86.57511901855469,3.0660442376540877,,out_of_road
1548,mutation,0,mutation,cluster_dist,,1,1,0,0,0,0,15.0,5.0,10.0,20.0,0,38,-0.1721048355102539,0.5003857298901206,,out_of_road
1549,fresh,0,fresh,,,0,0,0,1,0,0,15.0,20.0,5.0,20.0,1,35,-0.5746955871582031,0.07457917077200753,,out_of_road
1550,crossover,0,crossover,,has_brake_checker|intersection_cars|has_cluster|brake_dist,2,0,0,1,1,0,20.0,5.0,5.0,55.0,0,54,1.880579948425293,0.5254234781971684,,out_of_road
1551,fresh,3,fresh,,,0,1,1,5,1,1,10.0,40.0,10.0,55.0,2,37,-0.41744422912597656,0.0,,out_of_road
1552,replay,3,replay,,,0,1,1,5,1,1,10.0,40.0,10.0,55.0,2,85,25.69529914855957,0.4998630160794539,,out_of_road
1553,fresh,0,fresh,,,0,0,0,0,1,0,10.0,10.0,10.0,35.0,0,36,-0.3733081817626953,0.14093054665459526,,out_of_road
1554,crossover,1,crossover,,maximum_distractor_speed|distance_to_nearest|cluster_dist,2,0,0,2,0,1,15.0,40.0,10.0,20.0,2,28,-1.5563812255859375,0.051919413464409966,,out_of_road
1555,fresh,2,fresh,,,0,1,1,3,1,0,5.0,10.0,15.0,55.0,1,147,25.374488830566406,1.0229944044432673,,crash_vehicle
1556,replay,2,replay,,,0,1,1,3,1,0,5.0,10.0,15.0,55.0,1,34,-0.6014370918273926,0.11654629163882312,,out_of_road
1557,fresh,6,fresh,,,0,0,0,18,1,0,20.0,5.0,10.0,20.0,2,333,1.2233514785766602,0.16559097727385907,,out_of_road
1558,mutation,0,mutation,distance_to_nearest,,1,0,0,0,0,0,10.0,20.0,5.0,20.0,0,35,-1.063063383102417,0.3074323381696429,,out_of_road
1559,fresh,3,fresh,,,0,1,1,5,1,0,5.0,5.0,5.0,55.0,1,212,29.582923889160156,1.2259724534134258,,out_of_road
1560,crossover,1,crossover,,distractor_cars|has_brake_checker|intersection_cars|has_cluster|distance_to_nearest|brake_dist,3,1,0,2,0,1,15.0,20.0,5.0,20.0,2,79,23.79543685913086,0.5223242591453504,,out_of_road
1561,fresh,0,fresh,,,0,1,0,0,0,0,5.0,5.0,15.0,55.0,0,35,-0.1338057518005371,0.3545107705252511,,out_of_road
1562,crossover,0,crossover,,distractor_cars|has_cluster|maximum_distractor_speed|distance_to_nearest|brake_dist,0,0,0,0,1,0,5.0,20.0,15.0,20.0,0,230,82.66322326660156,2.469809229866318,,crash_vehicle
1563,fresh,0,fresh,,,0,1,1,1,1,1,5.0,20.0,15.0,35.0,1,199,98.59750366210938,3.3769492887372348,,crash_vehicle
1564,mutation,0,mutation,cluster_dist,,0,0,0,0,1,0,15.0,20.0,5.0,55.0,0,103,36.413570404052734,0.9198111352121946,,out_of_road
1565,fresh,2,fresh,,,0,1,0,3,1,0,5.0,5.0,5.0,35.0,2,125,0.17074012756347656,0.6791974494457245,,out_of_road
1566,crossover,0,crossover,,distractor_cars|intersection_cars|distance_to_nearest|cluster_dist|brake_dist,5,1,0,1,1,0,20.0,10.0,15.0,20.0,1,64,-0.6675395965576172,0.09995935461483896,,out_of_road
1567,fresh,4,fresh,,,0,0,0,8,1,0,5.0,5.0,15.0,55.0,3,195,0.7465667724609375,0.18263137835340623,,crash_vehicle
1568,crossover,1,crossover,,has_cluster|distance_to_nearest|brake_dist,3,0,0,2,0,0,20.0,40.0,5.0,35.0,2,108,50.334617614746094,2.700915376621264,,out_of_road
1569,fresh,5,fresh,,,0,0,0,12,0,0,5.0,10.0,15.0,20.0,0,54,0.11541938781738281,0.11523768830078619,,out_of_road
1570,mutation,5,mutation,select_road|select_lane|ego_on_intersection|intersection_has_cars,,1,1,0,12,1,1,15.0,40.0,15.0,55.0,1,35,0.2947664260864258,0.1386305059705462,,out_of_road
1571,fresh,3,fresh,,,0,1,1,5,1,0,15.0,5.0,10.0,55.0,1,155,20.118003845214844,1.494195673542638,,out_of_road
1572,crossover,6,crossover,,has_brake_checker|intersection_cars|has_cluster|distance_to_nearest|cluster_dist|brake_dist,3,1,1,18,1,0,20.0,40.0,10.0,55.0,0,115,62.16663360595703,3.0312061817749685,,crash_vehicle
1573,fresh,4,fresh,,,0,0,0,8,0,1,15.0,10.0,15.0,35.0,0,146,2.1393723487854004,1.6753372970509202,,crash_vehicle
1574,mutation,3,mutation,select_road|select_lane|ego_on_intersection|intersection_has_cars,,2,1,0,4,1,0,20.0,10.0,15.0,20.0,0,263,27.093948364257812,0.7927381599414032,,crash_vehicle
1575,fresh,3,fresh,,,0,1,0,5,0,1,20.0,20.0,10.0,35.0,2,36,0.6527895927429199,0.18719528532690471,,out_of_road
1576,mutation,2,mutation,select_road|select_lane|ego_on_intersection|intersection_has_cars,,1,0,0,3,0,0,5.0,40.0,10.0,10.0,2,95,27.607593536376953,0.7390235155820847,,out_of_road
1577,fresh,0,fresh,,,0,1,0,1,1,1,20.0,40.0,5.0,55.0,1,96,41.15719223022461,2.3824584682782493,,out_of_road
1578,crossover,5,crossover,,select_lane|ego_on_intersection|intersection_has_cars|distractor_cars|intersection_cars|has_cluster|distance_to_nearest|cluster_dist,3,0,0,12,0,0,15.0,20.0,10.0,10.0,0,96,20.58542251586914,0.44578478671610355,,out_of_road
1579,fresh,4,fresh,,,0,0,0,8,1,1,15.0,5.0,15.0,20.0,2,321,60.72529602050781,1.9195530233074942,,crash_vehicle
1580,replay,4,replay,,,0,0,0,8,1,1,15.0,5.0,15.0,20.0,2,125,40.586795806884766,1.004045969724655,,out_of_road
1581,fresh,6,fresh,,,0,1,1,18,0,1,20.0,5.0,5.0,55.0,3,107,-0.07620859146118164,0.03202693261832834,,crash_vehicle
1582,replay,6,replay,,,0,1,1,18,0,1,20.0,5.0,5.0,55.0,3,62,0.5985965728759766,0.8125791467966572,,out_of_road
1583,fresh,6,fresh,,,0,1,0,18,0,1,15.0,5.0,15.0,20.0,3,103,21.102109909057617,1.3381851173720314,,crash_vehicle
1584,replay,6,replay,,,0,1,0,18,0,1,15.0,5.0,15.0,20.0,3,178,5.926995277404785,0.2604649258630999,,crash_vehicle
1585,fresh,2,fresh,,,0,1,0,3,0,0,20.0,20.0,15.0,10.0,0,117,40.765830993652344,1.1701867427740595,,crash_vehicle
1586,replay,2,replay,,,0,1,0,3,0,0,20.0,20.0,15.0,10.0,0,57,1.618443489074707,0.5331842721554271,,out_of_road
1587,fresh,1,fresh,,,0,1,1,2,0,1,10.0,20.0,10.0,55.0,2,93,34.95284652709961,0.45752755864973993,,out_of_road
1588,replay,1,replay,,,0,1,1,2,0,1,10.0,20.0,10.0,55.0,2,140,41.78506851196289,1.347002757021359,,out_of_road
1589,fresh,0,fresh,,,0,0,0,1,0,0,15.0,40.0,10.0,20.0,1,114,44.317970275878906,1.3132564537880713,,out_of_road
1590,replay,0,replay,,,0,0,0,1,0,0,15.0,40.0,10.0,20.0,1,144,36.491390228271484,2.3916118564084172,,crash_vehicle
1591,fresh,0,fresh,,,0,1,0,1,1,1,15.0,20.0,15.0,35.0,1,182,95.34642028808594,3.607732802956969,,out_of_road
1592,mutation,0,mutation,maximum_distractor_speed,,1,0,0,0,0,0,5.0,5.0,5.0,20.0,0,257,190.06016540527344,7.142753758319157,,out_of_road
1593,fresh,2,fresh,,,0,0,0,3,1,1,20.0,10.0,5.0,20.0,3,44,1.2870802879333496,0.6151079914786599,,out_of_road
1594,crossover,2,crossover,,distractor_cars|has_cluster|maximum_distractor_speed|cluster_dist|brake_dist,1,0,0,3,1,0,20.0,20.0,5.0,35.0,0,45,4.044126510620117,0.39737526178359983,,out_of_road
1595,fresh,5,fresh,,,0,1,1,12,0,0,10.0,5.0,15.0,10.0,2,37,-1.98398756980896,0.0,,crash_vehicle
1596,crossover,1,crossover,,select_lane|ego_on_intersection|intersection_has_cars|intersection_cars|distance_to_nearest|cluster_dist|brake_dist,6,0,0,2,0,0,10.0,40.0,15.0,55.0,0,52,1.929795742034912,0.21369086779080904,,out_of_road
1597,fresh,0,fresh,,,0,0,0,0,0,0,20.0,10.0,10.0,55.0,0,103,30.552906036376953,1.0277845215739556,,out_of_road
1598,crossover,3,crossover,,select_lane|ego_on_intersection|intersection_has_cars|distractor_cars|has_brake_checker|intersection_cars|has_cluster|cluster_dist|brake_dist,5,0,0,5,0,0,15.0,10.0,15.0,20.0,2,113,34.120304107666016,1.9401933809297274,,out_of_road
1599,fresh,4,fresh,,,0,1,1,8,1,1,15.0,10.0,10.0,20.0,2,361,21.32075309753418,0.3245163726829343,,crash_vehicle
1600,crossover,1,crossover,,intersection_cars|has_cluster|distance_to_nearest,0,0,0,2,1,0,10.0,40.0,15.0,55.0,0,42,2.6092495918273926,0.3148516700381324,,out_of_road
1601,fresh,0,fresh,,,0,0,0,0,1,0,5.0,5.0,15.0,55.0,0,49,1.6869821548461914,0.11637012325987524,,out_of_road
1602,replay,0,replay,,,0,0,0,0,1,0,5.0,5.0,15.0,55.0,0,133,74.64806365966797,3.3098836077335188,,crash_vehicle
1603,fresh,2,fresh,,,0,0,0,3,0,1,15.0,40.0,15.0,10.0,0,119,39.58681869506836,0.8442826185907636,,crash_vehicle
1604,replay,2,replay,,,0,0,0,3,0,1,15.0,40.0,15.0,10.0,0,2,10.0,5.632091999053955,,arrive_dest
1605,fresh,0,fresh,,,0,1,1,1,1,0,20.0,5.0,5.0,35.0,1,28,-1.4624652862548828,0.012455525142805917,,out_of_road
1606,mutation,2,mutation,cluster_dist,,1,1,1,3,0,0,20.0,10.0,5.0,20.0,0,131,37.61319351196289,1.3986989263132328,,out_of_road
1607,fresh,2,fresh,,,0,0,0,3,1,0,15.0,20.0,10.0,35.0,2,162,61.07769012451172,2.964714447197355,,out_of_road
1608,mutation,3,mutation,distractor_cars,,1,1,0,5,1,0,15.0,40.0,5.0,55.0,3,32,-0.4757513999938965,0.41399890929460526,,out_of_road
1609,fresh,0,fresh,,,0,1,0,0,1,0,15.0,5.0,5.0,10.0,0,77,2.3124237060546875,0.8889678112872235,,out_of_road
1610,crossover,1,crossover,,select_lane|ego_on_intersection|intersection_has_cars|distractor_cars|has_brake_checker|has_cluster|maximum_distractor_speed|brake_dist,1,1,0,2,0,0,20.0,5.0,5.0,35.0,2,110,43.94973373413086,0.7868015126748519,,out_of_road
1611,fresh,2,fresh,,,0,1,0,3,0,0,20.0,40.0,5.0,10.0,2,39,0.3679800033569336,0.15736407652879372,,out_of_road
1612,replay,2,replay,,,0,1,0,3,0,0,20.0,40.0,5.0,10.0,2,75,0.721959114074707,0.13617518107096355,,out_of_road
1613,fresh,0,fresh,,,0,0,0,0,0,0,20.0,10.0,5.0,35.0,0,299,206.6776885986328,8.947445805256184,,out_of_road
1614,replay,0,replay,,,0,0,0,0,0,0,20.0,10.0,5.0,35.0,0,185,72.32601165771484,1.3905949467742764,,crash_vehicle
1615,fresh,5,fresh,,,0,0,0,12,1,0,5.0,40.0,10.0,55.0,0,137,52.072357177734375,2.3510149230052084,,crash_vehicle
1616,crossover,2,crossover,,has_brake_checker|intersection_cars|maximum_distractor_speed|brake_dist,3,1,0,3,0,0,20.0,40.0,10.0,20.0,0,38,0.843813419342041,0.09422605151408597,,out_of_road
1617,fresh,4,fresh,,,0,1,0,8,0,1,5.0,40.0,15.0,35.0,3,77,31.48464012145996,1.8928816616535187,,arrive_dest
1618,mutation,0,mutation,maximum_distractor_speed,,1,0,0,0,1,0,5.0,5.0,15.0,10.0,0,243,56.03166198730469,1.4540372264912589,,out_of_road
1619,fresh,5,fresh,,,0,0,0,12,1,0,20.0,5.0,15.0,35.0,3,130,31.404380798339844,1.5969947560475424,,out_of_road
1620,mutation,1,mutation,has_brake_checker,,2,0,0,2,1,0,20.0,40.0,15.0,55.0,0,238,98.26730346679688,4.272809780883689,,crash_vehicle
1621,fresh,3,fresh,,,0,0,0,4,1,1,20.0,5.0,5.0,55.0,0,185,-0.3798227310180664,0.04354320062274063,,crash_vehicle
1622,replay,3,replay,,,0,0,0,4,1,1,20.0,5.0,5.0,55.0,0,123,29.73458480834961,2.4133189417482392,,out_of_road
1623,fresh,3,fresh,,,0,0,0,5,0,0,10.0,5.0,15.0,55.0,3,251,-0.24953460693359375,0.058920646498194965,,crash_vehicle
1624,mutation,0,mutation,distractor_cars,,1,1,0,0,0,0,20.0,40.0,15.0,10.0,0,123,39.14209747314453,3.1387781164025874,,out_of_road
1625,fresh,1,fresh,,,0,0,0,2,1,0,20.0,40.0,5.0,55.0,2,146,45.58502197265625,2.148311371060267,,out_of_road
1626,crossover,0,crossover,,select_lane|ego_on_intersection|intersection_has_cars|distractor_cars|intersection_cars|distance_to_nearest|cluster_dist,7,1,1,1,0,0,10.0,10.0,15.0,10.0,1,76,1.5338850021362305,0.26435398849609654,,out_of_road
1627,fresh,4,fresh,,,0,0,0,8,0,0,15.0,20.0,15.0,35.0,1,210,39.07670211791992,1.4866187856133495,,out_of_road
1628,replay,4,replay,,,0,0,0,8,0,0,15.0,20.0,15.0,35.0,1,103,31.571327209472656,2.5734435841079475,,out_of_road
1629,fresh,3,fresh,,,0,0,0,5,1,1,15.0,10.0,15.0,20.0,3,47,3.3403711318969727,0.7124395744597658,,out_of_road
1630,replay,3,replay,,,0,0,0,5,1,1,15.0,10.0,15.0,20.0,3,250,97.95813751220703,2.9294161910414696,,crash_vehicle
1631,fresh,0,fresh,,,0,0,0,0,1,0,5.0,5.0,10.0,10.0,0,101,30.95672607421875,2.4862389363864863,,out_of_road
1632,mutation,2,mutation,brake_dist,,1,0,0,3,1,0,10.0,5.0,15.0,20.0,2,140,5.021302223205566,1.0885060568473168,,out_of_road
1633,fresh,1,fresh,,,0,0,0,2,0,0,15.0,40.0,10.0,20.0,2,205,111.90332794189453,5.753785045027006,,out_of_road
1634,crossover,6,crossover,,has_brake_checker|has_cluster|maximum_distractor_speed|distance_to_nearest|cluster_dist,2,1,1,18,1,1,10.0,10.0,15.0,55.0,0,43,2.9152441024780273,0.5205542500628981,,out_of_road
1635,fresh,5,fresh,,,0,1,0,12,0,0,20.0,20.0,5.0,10.0,1,56,15.666496276855469,2.6935326547494958,,out_of_road
1636,mutation,1,mutation,intersection_cars,,0,0,0,2,0,0,10.0,20.0,5.0,55.0,1,95,29.977519989013672,0.856594768166542,,out_of_road
1637,fresh,2,fresh,,,0,1,1,3,1,1,15.0,20.0,5.0,35.0,1,345,20.82362174987793,0.2201320139421285,,crash_vehicle
1638,mutation,0,mutation,select_road|select_lane|ego_on_intersection|intersection_has_cars,,3,1,1,0,0,0,10.0,40.0,10.0,55.0,0,45,2.675468921661377,0.2856113870110777,,out_of_road
1639,fresh,3,fresh,,,0,0,0,5,0,0,15.0,10.0,10.0,10.0,1,151,63.628944396972656,3.6490945105521093,,out_of_road
1640,replay,3,replay,,,0,0,0,5,0,0,15.0,10.0,10.0,10.0,1,175,50.40635299682617,2.8421235491548265,,out_of_road
1641,fresh,0,fresh,,,0,0,0,1,0,1,20.0,10.0,5.0,55.0,1,45,3.668179512023926,0.23511808845731946,,out_of_road
1642,crossover,1,crossover,,select_lane|ego_on_intersection|intersection_has_cars|distractor_cars|has_brake_checker|has_cluster|distance_to_nearest|brake_dist,2,0,0,2,1,1,10.0,20.0,10.0,35.0,2,86,24.848506927490234,0.6086490752045498,,out_of_road
1643,fresh,3,fresh,,,0,0,0,5,1,1,10.0,40.0,5.0,55.0,3,491,63.95336151123047,0.7466443606866656,,crash_vehicle
1644,crossover,0,crossover,,has_brake_checker|cluster_dist|brake_dist,2,1,1,0,0,0,20.0,5.0,10.0,55.0,0,178,65.1568374633789,2.2601882878983957,,out_of_road
1645,fresh,3,fresh,,,0,0,0,4,1,0,5.0,5.0,5.0,35.0,3,113,16.37899398803711,0.5922510778877588,,arrive_dest
1646,crossover,4,crossover,,select_lane|ego_on_intersection|intersection_has_cars|has_brake_checker|cluster_dist,5,0,0,8,1,0,20.0,20.0,15.0,35.0,3,2,10.0,1.4829005002975464,,arrive_dest
1647,fresh,2,fresh,,,0,0,0,3,0,0,20.0,20.0,5.0,10.0,2,32,-7.169915199279785,0.0,,out_of_road
1648,mutation,1,mutation,cluster_dist,,0,1,1,2,1,0,10.0,5.0,5.0,20.0,2,176,54.88560485839844,1.3916689181192354,,crash_vehicle
1649,fresh,0,fresh,,,0,1,1,1,1,1,10.0,10.0,10.0,55.0,1,47,6.015872001647949,0.31555180017776946,,out_of_road
1650,mutation,3,mutation,distance_to_nearest,,0,0,0,4,1,0,10.0,5.0,15.0,20.0,1,138,41.788169860839844,3.536921608923138,,out_of_road
1651,fresh,0,fresh,,,0,1,0,1,0,0,15.0,20.0,10.0,20.0,1,71,13.860939025878906,1.8689126418509954,,out_of_road
1652,mutation,0,mutation,has_brake_checker,,1,0,0,0,0,0,15.0,20.0,15.0,55.0,0,147,70.54948425292969,3.0835648833894407,,out_of_road
1653,fresh,3,fresh,,,0,1,0,4,0,1,10.0,10.0,5.0,10.0,0,48,5.142748832702637,0.0,,crash_vehicle
1654,mutation,6,mutation,distance_to_nearest,,1,0,0,18,0,0,10.0,40.0,5.0,55.0,3,192,115.09375762939453,5.690071797308822,,crash_vehicle
1655,fresh,6,fresh,,,0,0,0,18,1,1,20.0,40.0,5.0,55.0,0,206,41.477333068847656,1.03385301947015,,crash_vehicle
1656,mutation,5,mutation,intersection_cars,,0,1,0,12,0,1,10.0,5.0,10.0,35.0,0,589,0.8991656303405762,0.13524736676654495,,crash_vehicle
1657,fresh,3,fresh,,,0,1,0,5,0,0,20.0,40.0,10.0,55.0,2,121,34.20859909057617,0.3176068764580183,,crash_vehicle
1658,replay,3,replay,,,0,1,0,5,0,0,20.0,40.0,10.0,55.0,2,132,30.89748764038086,1.1877652240747756,,out_of_road
1659,fresh,6,fresh,,,0,1,0,18,0,0,10.0,20.0,15.0,20.0,3,41,4.142427444458008,0.5300173875762195,,out_of_road
1660,crossover,0,crossover,,select_lane|ego_on_intersection|intersection_has_cars|intersection_cars|has_cluster|brake_dist,4,0,0,1,1,0,5.0,20.0,10.0,35.0,0,145,25.927474975585938,2.69976873891107,,out_of_road
1661,fresh,3,fresh,,,0,0,0,5,0,1,10.0,40.0,15.0,55.0,3,68,15.81797981262207,1.8387608685914207,,out_of_road
1662,mutation,0,mutation,intersection_cars,,0,0,0,0,0,0,20.0,5.0,15.0,10.0,0,46,5.419946670532227,0.27048240018927533,,out_of_road
1663,fresh,0,fresh,,,0,0,0,1,0,1,20.0,40.0,15.0,55.0,1,35,0.887880802154541,0.6988935811179025,,out_of_road
1664,crossover,4,crossover,,select_lane|ego_on_intersection|intersection_has_cars|distractor_cars|distance_to_nearest|brake_dist,0,0,0,8,1,1,10.0,20.0,15.0,35.0,1,213,90.13567352294922,3.2445389199914505,,crash_vehicle
1665,fresh,3,fresh,,,0,1,1,5,1,1,20.0,10.0,5.0,55.0,2,148,11.257942199707031,0.9582154491060489,,out_of_road
1666,replay,3,replay,,,0,1,1,5,1,1,20.0,10.0,5.0,55.0,2,91,28.63115692138672,0.23942708379619723,,crash_vehicle
1667,fresh,6,fresh,,,0,0,0,18,0,0,5.0,20.0,15.0,20.0,1,200,75.06071472167969,2.849395277649164,,crash_vehicle
1668,mutation,1,mutation,select_road|select_lane|ego_on_intersection|intersection_has_cars,,2,1,0,2,1,1,20.0,5.0,10.0,35.0,0,328,106.65457916259766,3.099763839528328,,out_of_road
1669,fresh,3,fresh,,,0,1,0,4,0,1,20.0,20.0,15.0,35.0,2,88,23.986576080322266,0.2992752011526715,,crash_vehicle
1670,mutation,4,mutation,brake_dist,,0,1,1,8,1,1,10.0,40.0,15.0,55.0,1,136,39.7476806640625,0.515402824508355,,out_of_road
1671,fresh,5,fresh,,,0,1,1,12,0,1,15.0,40.0,15.0,20.0,2,64,3.8084182739257812,0.6909773172810674,,out_of_road
1672,replay,5,replay,,,0,1,1,12,0,1,15.0,40.0,15.0,20.0,2,58,8.192811012268066,0.2419658036067568,,out_of_road
1673,fresh,5,fresh,,,0,0,0,12,1,1,10.0,10.0,10.0,20.0,2,337,7.737819671630859,0.05493889838313402,,crash_vehicle
1674,mutation,3,mutation,intersection_cars,,1,1,1,5,0,0,5.0,10.0,15.0,35.0,1,80,26.392349243164062,0.8957353429868817,,crash_vehicle
1675,fresh,3,fresh,,,0,1,1,4,1,0,15.0,40.0,5.0,55.0,1,62,8.679439544677734,0.3288518844112273,,out_of_road
1676,replay,3,replay,,,0,1,1,4,1,0,15.0,40.0,5.0,55.0,1,95,14.884603500366211,3.054871788777803,,out_of_road
1677,fresh,2,fresh,,,0,1,1,3,1,0,15.0,20.0,10.0,55.0,2,62,7.42775821685791,0.0,,out_of_road
1678,replay,2,replay,,,0,1,1,3,1,0,15.0,20.0,10.0,55.0,2,56,5.710782051086426,0.0,,out_of_road
1679,fresh,1,fresh,,,0,0,0,2,0,0,5.0,5.0,10.0,55.0,2,24,-6.055166244506836,0.0,,out_of_road
1680,replay,1,replay,,,0,0,0,2,0,0,5.0,5.0,10.0,55.0,2,118,24.758010864257812,0.7218824498734232,,out_of_road
1681,fresh,4,fresh,,,0,0,0,8,1,1,5.0,40.0,15.0,55.0,3,118,39.89600372314453,0.484779053699162,,crash_vehicle
1682,crossover,3,crossover,,select_lane|ego_on_intersection|intersection_has_cars|has_cluster|maximum_distractor_speed|distance_to_nearest|brake_dist,4,0,0,4,0,1,5.0,5.0,5.0,55.0,2,286,36.343379974365234,1.3689495184803968,,out_of_road
1683,fresh,0,fresh,,,0,0,0,0,1,0,20.0,10.0,15.0,55.0,0,102,25.63054084777832,0.31233838032565864,,out_of_road
1684,crossover,6,crossover,,select_lane|ego_on_intersection|intersection_has_cars|distractor_cars|intersection_cars|maximum_distractor_speed,4,0,0,18,0,1,5.0,5.0,15.0,20.0,1,16,11.323806762695312,1.63918543048203,,arrive_dest
1685,fresh,0,fresh,,,0,1,1,0,1,0,20.0,5.0,10.0,55.0,0,65,8.914143562316895,0.2767320779653696,,out_of_road
1686,crossover,4,crossover,,distractor_cars|has_brake_checker|intersection_cars|cluster_dist,3,1,1,8,0,1,10.0,40.0,5.0,55.0,3,119,13.216615676879883,2.279518991207876,,out_of_road
1687,fresh,0,fresh,,,0,0,0,1,0,1,15.0,10.0,5.0,35.0,1,67,10.22598648071289,0.42290211924866067,,out_of_road
1688,replay,0,replay,,,0,0,0,1,0,1,15.0,10.0,5.0,35.0,1,48,-2.7153122425079346,0.14201720245182514,,out_of_road
1689,fresh,3,fresh,,,0,0,0,5,1,0,20.0,5.0,10.0,20.0,1,160,0.7772073745727539,0.46884207739494743,,out_of_road
1690,replay,3,replay,,,0,0,0,5,1,0,20.0,5.0,10.0,20.0,1,48,4.315579414367676,0.22030874093373617,,out_of_road
1691,fresh,2,fresh,,,0,1,1,3,0,1,5.0,40.0,15.0,20.0,0,50,3.8862524032592773,0.17668449401855468,,out_of_road
1692,mutation,0,mutation,distance_to_nearest,,1,0,0,1,0,0,15.0,20.0,10.0,10.0,1,125,27.686298370361328,0.7972492117881775,,out_of_road
1693,fresh,5,fresh,,,0,0,0,12,1,1,5.0,10.0,5.0,35.0,0,47,5.462574005126953,0.015039936025091943,,crash_vehicle
1694,replay,5,replay,,,0,0,0,12,1,1,5.0,10.0,5.0,35.0,0,110,30.43151092529297,2.7009691883217206,,crash_vehicle
1695,fresh,4,fresh,,,0,0,0,8,0,0,10.0,10.0,5.0,10.0,2,1000,27.56937026977539,0.3170306997932494,,max_step
1696,crossover,6,crossover,,distractor_cars|maximum_distractor_speed|distance_to_nearest|cluster_dist,1,0,0,18,1,1,10.0,40.0,5.0,55.0,0,221,39.92466735839844,1.379728309102188,,out_of_road
1697,fresh,3,fresh,,,0,0,0,4,0,0,20.0,20.0,5.0,35.0,1,67,6.7589921951293945,0.4913113034928023,,out_of_road
1698,replay,3,replay,,,0,0,0,4,0,0,20.0,20.0,5.0,35.0,1,97,23.731428146362305,0.21540549981225396,,out_of_road
1699,fresh,0,fresh,,,0,0,0,0,0,0,15.0,10.0,5.0,35.0,0,35,1.2440791130065918,0.2683292933872768,,out_of_road
1700,replay,0,replay,,,0,0,0,0,0,0,15.0,10.0,5.0,35.0,0,53,5.018221855163574,0.04599064251161971,,out_of_road
1701,fresh,2,fresh,,,0,1,1,3,0,1,15.0,10.0,5.0,20.0,3,128,27.533832550048828,0.12689061602577567,,out_of_road
1702,mutation,3,mutation,has_brake_checker,,1,1,1,4,1,0,20.0,5.0,10.0,20.0,3,131,36.45671463012695,2.940967368715592,,out_of_road
1703,fresh,6,fresh,,,0,0,0,18,0,0,20.0,20.0,5.0,20.0,3,2,10.0,1.8144965171813965,,arrive_dest
1704,crossover,1,crossover,,distractor_cars|intersection_cars|maximum_distractor_speed,1,1,0,2,0,0,15.0,20.0,15.0,10.0,1,61,5.128922462463379,0.0,,out_of_road
1705,fresh,6,fresh,,,0,1,0,18,0,0,10.0,10.0,5.0,35.0,1,98,31.47655487060547,0.9999126767625615,,crash_vehicle
1706,crossover,3,crossover,,has_brake_checker|maximum_distractor_speed|cluster_dist|brake_dist,4,0,0,5,1,0,20.0,40.0,10.0,55.0,1,133,3.883734703063965,0.7117898975099836,,out_of_road
1707,fresh,5,fresh,,,0,1,1,12,1,0,5.0,5.0,15.0,35.0,0,413,94.02920532226562,1.755300674452187,,out_of_road
1708,crossover,1,crossover,,distractor_cars|maximum_distractor_speed,1,1,1,2,1,0,10.0,40.0,5.0,55.0,1,116,29.675018310546875,0.33417323462922,,out_of_road
1709,fresh,0,fresh,,,0,0,0,0,0,0,10.0,5.0,5.0,20.0,0,74,10.406537055969238,0.7837676814681774,rejection_fallback,out_of_road
1710,mutation,4,mutation,distance_to_nearest,,1,1,0,8,1,0,20.0,40.0,10.0,55.0,1,108,11.20637321472168,0.2161490869604879,,out_of_road
1711,fresh,0,fresh,,,0,1,1,0,0,0,20.0,20.0,10.0,55.0,0,100,19.2574405670166,0.21280094146728515,,out_of_road
1712,crossover,0,crossover,,select_lane|ego_on_intersection|intersection_has_cars|maximum_distractor_speed|cluster_dist,7,0,0,0,0,0,10.0,5.0,5.0,20.0,0,122,13.080955505371094,1.0255611592628917,rejection_fallback,out_of_road
1713,fresh,5,fresh,,,0,1,1,12,1,0,5.0,5.0,15.0,20.0,2,239,20.40411376953125,0.5898792982163789,,crash_vehicle
1714,mutation,2,mutation,cluster_dist,,1,0,0,3,1,0,5.0,20.0,10.0,35.0,0,86,11.273580551147461,0.42223577149385627,,out_of_road
1715,fresh,4,fresh,,,0,0,0,8,1,1,20.0,20.0,5.0,35.0,3,2,10.0,5.600702285766602,,arrive_dest
1716,replay,4,replay,,,0,0,0,8,1,1,20.0,20.0,5.0,35.0,3,208,50.11409378051758,0.6870459203536694,,out_of_road
1717,fresh,5,fresh,,,0,1,0,12,0,0,15.0,40.0,5.0,55.0,1,71,14.613273620605469,1.5325185215808976,,out_of_road
1718,crossover,2,crossover,,distractor_cars|has_cluster|maximum_distractor_speed|distance_to_nearest|cluster_dist,2,1,1,3,0,1,20.0,40.0,15.0,20.0,0,103,13.623828887939453,0.3088767310080019,,out_of_road
1719,fresh,6,fresh,,,0,1,1,18,0,0,10.0,10.0,15.0,35.0,1,121,11.596395492553711,0.8207937166833681,,out_of_road
1720,mutation,1,mutation,has_brake_checker,,2,0,0,2,1,1,5.0,20.0,10.0,35.0,2,49,-8.2054443359375,0.034353324345179966,,out_of_road
1721,fresh,5,fresh,,,0,0,0,12,1,1,5.0,20.0,10.0,35.0,3,565,36.43750762939453,0.5348403057429643,,crash_vehicle
1722,replay,5,replay,,,0,0,0,12,1,1,5.0,20.0,10.0,35.0,3,230,43.2916374206543,1.7396910127738248,,out_of_road
1723,fresh,0,fresh,,,0,0,0,0,1,0,5.0,10.0,10.0,10.0,0,388,5.015214920043945,0.005423119882140884,,crash_vehicle
1724,replay,0,replay,,,0,0,0,0,1,0,5.0,10.0,10.0,10.0,0,22,11.285757064819336,1.0479035963389007,,arrive_dest
1725,fresh,2,fresh,,,0,0,0,3,1,0,5.0,10.0,5.0,20.0,2,1000,44.509666442871094,0.20557408086396753,,max_step
1726,mutation,0,mutation,distance_to_nearest,,1,0,0,0,1,0,10.0,20.0,10.0,10.0,0,127,40.05213928222656,2.3275712306105247,,out_of_road
1727,fresh,3,fresh,,,0,1,1,4,1,0,5.0,10.0,10.0,20.0,2,1000,23.738143920898438,0.009635887500597164,,max_step
1728,crossover,3,crossover,,select_lane|ego_on_intersection|intersection_has_cars|has_brake_checker|has_cluster|maximum_distractor_speed|cluster_dist|brake_dist,7,0,0,4,1,1,5.0,20.0,15.0,35.0,0,91,13.127214431762695,1.1840363187449319,,out_of_road
1729,fresh,1,fresh,,,0,0,0,2,1,0,20.0,5.0,10.0,55.0,0,124,28.468875885009766,1.6246133112619001,,crash_vehicle
1730,mutation,0,mutation,distance_to_nearest,,1,0,0,0,1,0,20.0,20.0,15.0,20.0,0,86,-7.615821838378906,0.061776697635650635,,out_of_road
1731,fresh,1,fresh,,,0,1,0,2,0,0,20.0,20.0,10.0,20.0,2,72,8.828021049499512,0.9553044276932875,,out_of_road
1732,mutation,0,mutation,brake_dist,,0,1,1,0,1,0,15.0,5.0,5.0,35.0,0,318,119.1927490234375,2.882645845003192,,out_of_road
1733,fresh,0,fresh,,,0,1,0,0,0,0,15.0,40.0,5.0,10.0,0,221,97.57535552978516,3.334245785788477,,out_of_road
1734,crossover,4,crossover,,has_brake_checker|intersection_cars|has_cluster|maximum_distractor_speed|brake_dist,4,0,0,8,0,0,20.0,10.0,15.0,55.0,2,199,42.40825271606445,1.4166081225752232,,out_of_road
1735,fresh,0,fresh,,,0,0,0,0,0,0,10.0,5.0,5.0,20.0,0,244,114.08417510986328,3.670810472159112,rejection_fallback,out_of_road
1736,replay,0,replay,,,0,0,0,0,0,0,10.0,5.0,5.0,20.0,0,1000,12.910629272460938,0.03254762035608292,,max_step
1737,fresh,4,fresh,,,0,0,0,8,0,0,5.0,20.0,10.0,20.0,2,134,45.21467208862305,1.224442027731618,,out_of_road
1738,replay,4,replay,,,0,0,0,8,0,0,5.0,20.0,10.0,20.0,2,433,76.32967376708984,1.4778490725724032,,out_of_road
1739,fresh,4,fresh,,,0,0,0,8,1,0,20.0,10.0,15.0,35.0,0,207,93.62177276611328,3.7391444538238545,,crash_vehicle
1740,mutation,1,mutation,distance_to_nearest,,2,0,0,2,1,1,15.0,40.0,5.0,55.0,2,153,66.31409454345703,2.1178913983254652,,out_of_road
1741,fresh,0,fresh,,,0,1,1,0,1,0,5.0,5.0,5.0,55.0,0,53,3.2653331756591797,0.4272350511460934,,out_of_road
1742,mutation,2,mutation,intersection_cars,,1,0,0,3,1,0,15.0,10.0,10.0,20.0,0,133,41.01523208618164,2.157735879483976,,crash_vehicle
1743,fresh,2,fresh,,,0,0,0,3,0,0,15.0,40.0,10.0,35.0,0,62,2.727527618408203,0.14409339884596487,,out_of_road
1744,mutation,0,mutation,has_brake_checker,,2,1,0,1,1,0,5.0,10.0,15.0,20.0,1,508,141.3472900390625,2.477177624656694,,out_of_road
1745,fresh,1,fresh,,,0,1,1,2,0,1,10.0,5.0,10.0,55.0,2,374,182.479736328125,4.678466755279246,,out_of_road
1746,replay,1,replay,,,0,1,1,2,0,1,10.0,5.0,10.0,55.0,2,102,17.006202697753906,0.26141789219543043,,crash_vehicle
1747,fresh,1,fresh,,,0,1,0,2,1,0,20.0,40.0,10.0,55.0,2,890,68.5250244140625,0.5219062815723794,,crash_vehicle
1748,crossover,5,crossover,,select_lane|ego_on_intersection|intersection_has_cars|has_brake_checker|brake_dist,5,1,1,12,1,0,15.0,40.0,15.0,55.0,3,212,61.07720947265625,1.9467219650604815,,out_of_road
1749,fresh,5,fresh,,,0,1,1,12,1,1,10.0,20.0,10.0,35.0,3,377,22.39445686340332,0.26229345925962577,,crash_vehicle
1750,crossover,1,crossover,,select_lane|ego_on_intersection|intersection_has_cars|has_cluster|maximum_distractor_speed|brake_dist,4,1,0,2,0,0,15.0,40.0,15.0,10.0,0,344,151.8381805419922,4.501884842551378,,out_of_road
1751,fresh,3,fresh,,,0,0,0,4,0,1,10.0,5.0,5.0,35.0,2,565,19.918270111083984,0.23348918376671793,,crash_vehicle
1752,replay,3,replay,,,0,0,0,4,0,1,10.0,5.0,5.0,35.0,2,938,267.54107666015625,2.194001467870687,,out_of_road
1753,fresh,3,fresh,,,0,1,0,4,0,0,20.0,20.0,15.0,55.0,0,118,18.56373405456543,0.4026717864040096,,arrive_dest
1754,crossover,4,crossover,,select_lane|ego_on_intersection|intersection_has_cars|has_brake_checker|intersection_cars|has_cluster|cluster_dist,6,0,0,8,1,0,20.0,20.0,15.0,55.0,1,639,31.891563415527344,0.07363935768697556,,crash_vehicle
1755,fresh,3,fresh,,,0,1,0,4,0,0,10.0,20.0,10.0,55.0,1,227,59.17381286621094,1.3205113483157978,,crash_vehicle
1756,replay,3,replay,,,0,1,0,4,0,0,10.0,20.0,10.0,55.0,1,512,188.9443359375,3.4861387540440774,,out_of_road
1757,fresh,2,fresh,,,0,1,1,3,1,1,15.0,40.0,15.0,55.0,2,120,35.848487854003906,0.395090928239127,,out_of_road
1758,mutation,0,mutation,brake_dist,,0,0,0,0,0,0,15.0,10.0,15.0,35.0,0,645,304.1252136230469,4.394264602118223,,arrive_dest
1759,fresh,5,fresh,,,0,0,0,12,0,0,15.0,20.0,15.0,20.0,1,603,172.4026336669922,2.392149531058535,,out_of_road
1760,crossover,4,crossover,,has_brake_checker|intersection_cars|has_cluster|distance_to_nearest|cluster_dist,3,0,0,8,1,0,20.0,5.0,5.0,35.0,2,203,90.111083984375,3.88843683186423,,crash_vehicle
1761,fresh,5,fresh,,,0,0,0,12,1,1,5.0,10.0,5.0,55.0,0,1000,22.642839431762695,0.23758356250077486,,max_step
1762,crossover,0,crossover,,select_lane|ego_on_intersection|intersection_has_cars|has_brake_checker|cluster_dist|brake_dist,8,0,0,0,0,0,10.0,5.0,5.0,20.0,0,270,156.82186889648438,5.631909369842874,rejection_fallback,out_of_road
1763,fresh,6,fresh,,,0,1,1,18,1,1,5.0,5.0,15.0,20.0,1,214,74.60295867919922,2.327933662405638,,crash_vehicle
1764,crossover,1,crossover,,distractor_cars|intersection_cars|distance_to_nearest|cluster_dist|brake_dist,2,0,0,2,0,0,15.0,40.0,10.0,55.0,0,181,78.06220245361328,3.990186025259903,,out_of_road
1765,fresh,6,fresh,,,0,1,0,18,0,0,20.0,10.0,15.0,55.0,3,108,26.114791870117188,0.8248305484238598,,crash_vehicle
1766,crossover,2,crossover,,select_lane|ego_on_intersection|intersection_has_cars|distractor_cars|has_brake_checker|distance_to_nearest|cluster_dist,4,1,1,3,1,0,10.0,20.0,5.0,35.0,1,263,87.06878662109375,1.9426294753306719,,arrive_dest
1767,fresh,6,fresh,,,0,0,0,18,0,1,10.0,10.0,5.0,10.0,2,1000,7.630263328552246,0.004311911106109619,,max_step
1768,replay,6,replay,,,0,0,0,18,0,1,10.0,10.0,5.0,10.0,2,27,13.662357330322266,1.8695864390443873,,arrive_dest
1769,fresh,4,fresh,,,0,1,1,8,0,0,5.0,10.0,10.0,20.0,0,153,40.13240051269531,0.9471038652498738,,crash_vehicle
1770,crossover,0,crossover,,select_lane|ego_on_intersection|intersection_has_cars|distractor_cars|has_cluster|maximum_distractor_speed,5,0,0,0,0,0,20.0,5.0,10.0,10.0,0,128,43.865821838378906,2.141656383872032,,out_of_road
1771,fresh,6,fresh,,,0,1,0,18,0,1,15.0,5.0,5.0,10.0,0,1000,7.91058349609375,0.003134028248488903,,max_step
1772,replay,6,replay,,,0,1,0,18,0,1,15.0,5.0,5.0,10.0,0,73,20.41762924194336,0.41402193332371645,,crash_vehicle
1773,fresh,4,fresh,,,0,0,0,8,0,1,10.0,10.0,15.0,35.0,1,774,48.410972595214844,0.16690577947816185,,out_of_road
1774,crossover,3,crossover,,select_lane|ego_on_intersection|intersection_has_cars|has_brake_checker|brake_dist,2,0,0,4,1,0,10.0,5.0,15.0,55.0,1,153,0.41271305084228516,0.02690023687832496,,crash_vehicle
1775,fresh,1,fresh,,,0,1,0,2,1,1,20.0,10.0,15.0,35.0,2,90,32.15091323852539,0.6652695289916463,,out_of_road
1776,mutation,4,mutation,intersection_cars,,1,0,0,8,1,0,5.0,40.0,10.0,55.0,2,100,13.826175689697266,0.626126072704792,,out_of_road
1777,fresh,6,fresh,,,0,1,0,18,0,0,10.0,10.0,5.0,35.0,3,633,143.8427734375,1.976749577793465,,out_of_road
1778,crossover,0,crossover,,select_lane|ego_on_intersection|intersection_has_cars|distractor_cars|has_cluster|maximum_distractor_speed,4,1,1,0,1,0,15.0,5.0,10.0,10.0,0,93,6.165231704711914,0.9877206164822784,,out_of_road
1779,fresh,2,fresh,,,0,0,0,3,1,0,5.0,20.0,15.0,35.0,0,1000,54.290130615234375,0.055431651324033736,,max_step
1780,mutation,1,mutation,has_cluster,,0,0,0,2,0,0,15.0,20.0,15.0,35.0,0,897,21.118141174316406,0.018533527489788953,,crash_vehicle
1781,fresh,0,fresh,,,0,1,1,1,0,1,10.0,10.0,10.0,10.0,0,761,183.3341827392578,1.833940122761175,,out_of_road
1782,crossover,0,crossover,,intersection_cars|distance_to_nearest|cluster_dist|brake_dist,3,0,0,1,1,0,20.0,10.0,15.0,20.0,1,139,51.08739471435547,1.109238189330204,,out_of_road
1783,fresh,4,fresh,,,0,0,0,8,1,0,20.0,10.0,10.0,55.0,0,166,76.1164779663086,3.4416267256061714,,crash_vehicle
1784,mutation,4,mutation,has_cluster,,0,1,1,8,1,1,10.0,40.0,10.0,55.0,1,280,95.56367492675781,2.269796107709408,,out_of_road
1785,fresh,1,fresh,,,0,0,0,2,0,0,20.0,20.0,10.0,55.0,1,83,22.421606063842773,0.3410427597272827,,out_of_road
1786,mutation,0,mutation,select_road|select_lane|ego_on_intersection|intersection_has_cars,,2,1,0,1,0,0,20.0,40.0,5.0,10.0,1,50,4.13749885559082,0.385861736536026,,out_of_road
1787,fresh,5,fresh,,,0,1,1,12,1,1,15.0,5.0,15.0,20.0,1,854,-0.11340904235839844,0.01213390868488673,,crash_vehicle
1788,crossover,0,crossover,,distractor_cars|has_brake_checker|intersection_cars|has_cluster|maximum_distractor_speed|distance_to_nearest,2,0,0,0,0,0,15.0,10.0,5.0,20.0,0,281,177.81394958496094,5.575310037759699,,out_of_road
1789,fresh,1,fresh,,,0,1,1,2,0,0,5.0,5.0,10.0,20.0,2,118,44.771202087402344,2.5832650550341203,,out_of_road
1790,mutation,3,mutation,select_road|select_lane|ego_on_intersection|intersection_has_cars,,2,1,0,4,1,0,10.0,5.0,15.0,20.0,1,1000,2.1454544067382812,0.045391939028631895,,max_step
1791,fresh,4,fresh,,,0,1,0,8,0,1,10.0,10.0,10.0,20.0,0,1000,48.322044372558594,0.27626475229114295,,max_step
1792,crossover,4,crossover,,select_lane|ego_on_intersection|intersection_has_cars|distractor_cars|has_brake_checker|maximum_distractor_speed|brake_dist,5,1,1,8,0,0,20.0,10.0,15.0,55.0,0,472,5.357048988342285,0.03810492462589074,,crash_vehicle
1793,fresh,2,fresh,,,0,1,1,3,0,0,20.0,20.0,15.0,10.0,2,351,130.1981964111328,3.498135989293074,,out_of_road
1794,replay,2,replay,,,0,1,1,3,0,0,20.0,20.0,15.0,10.0,2,53,3.2271881103515625,0.06179252758903323,,out_of_road
1795,fresh,3,fresh,,,0,1,1,4,1,0,5.0,20.0,10.0,35.0,2,1000,59.07526779174805,0.10834820358734577,,max_step
1796,replay,3,replay,,,0,1,1,4,1,0,5.0,20.0,10.0,35.0,2,1000,26.18124771118164,0.15900078011211008,,max_step
1797,fresh,6,fresh,,,0,1,1,18,0,1,20.0,10.0,15.0,55.0,3,81,5.739418029785156,1.059737610872145,,out_of_road
1798,mutation,5,mutation,cluster_dist,,0,0,0,12,0,1,20.0,20.0,10.0,20.0,2,199,21.089946746826172,0.6619611139123763,,crash_vehicle
1799,fresh,1,fresh,,,0,1,0,2,1,1,15.0,5.0,10.0,55.0,0,94,11.967552185058594,2.081800492520028,,out_of_road
1800,mutation,5,mutation,select_road|select_lane|ego_on_intersection|intersection_has_cars,,1,0,0,12,0,1,5.0,5.0,15.0,20.0,0,1000,70.8524169921875,0.518388731814921,,max_step
1801,fresh,3,fresh,,,0,1,1,5,1,0,15.0,20.0,15.0,35.0,0,206,70.72962951660156,3.3856583430061065,,out_of_road
1802,mutation,0,mutation,distance_to_nearest,,1,0,0,0,1,0,5.0,40.0,15.0,20.0,0,117,54.24490737915039,3.7080470852108083,,crash_vehicle
1803,fresh,0,fresh,,,0,0,0,1,0,1,20.0,10.0,5.0,10.0,1,72,13.623994827270508,0.998711239753498,,out_of_road
1804,replay,0,replay,,,0,0,0,1,0,1,20.0,10.0,5.0,10.0,1,79,25.033838272094727,1.3625433439318138,,out_of_road
1805,fresh,0,fresh,,,0,0,0,1,0,0,20.0,5.0,10.0,55.0,1,30,-2.2636492252349854,0.0,,out_of_road
1806,crossover,0,crossover,,intersection_cars|has_cluster|maximum_distractor_speed,5,0,0,0,0,0,10.0,5.0,5.0,20.0,0,31,-0.7718911170959473,0.12151641999521563,rejection_fallback,out_of_road
1807,fresh,0,fresh,,,0,0,0,0,0,0,15.0,5.0,10.0,55.0,0,49,2.7627034187316895,0.27010039164095506,,out_of_road
1808,replay,0,replay,,,0,0,0,0,0,0,15.0,5.0,10.0,55.0,0,207,102.30048370361328,5.370024920085778,,out_of_road
1809,fresh,0,fresh,,,0,1,1,0,0,0,20.0,10.0,10.0,20.0,0,41,5.073957443237305,0.0,,out_of_road
1810,replay,0,replay,,,0,1,1,0,0,0,20.0,10.0,10.0,20.0,0,50,8.064070701599121,0.384703540802002,,out_of_road
1811,fresh,0,fresh,,,0,0,0,1,0,0,5.0,10.0,5.0,35.0,1,45,9.252591133117676,0.0,,out_of_road
1812,crossover,1,crossover,,has_cluster|maximum_distractor_speed|distance_to_nearest|brake_dist,2,0,0,2,0,0,20.0,40.0,15.0,35.0,2,29,-2.002380132675171,0.0,,out_of_road
1813,fresh,5,fresh,,,0,1,1,12,0,1,20.0,10.0,5.0,35.0,2,1000,29.12055778503418,0.13382972051133402,,max_step
1814,crossover,4,crossover,,select_lane|ego_on_intersection|intersection_has_cars|distractor_cars|has_brake_checker|distance_to_nearest|cluster_dist|brake_dist,5,1,1,8,1,0,10.0,5.0,5.0,35.0,0,155,20.2636775970459,1.3314581278351045,,crash_vehicle
1815,fresh,0,fresh,,,0,0,0,0,0,0,15.0,20.0,10.0,20.0,0,128,59.928619384765625,3.1797080733813345,,out_of_road
1816,crossover,0,crossover,,select_lane|ego_on_intersection|intersection_has_cars|distractor_cars|cluster_dist|brake_dist,3,0,0,0,1,0,15.0,20.0,5.0,20.0,0,93,26.899398803710938,0.42844011514417585,,crash_vehicle
1817,fresh,4,fresh,,,0,1,0,8,1,0,5.0,5.0,10.0,55.0,3,119,33.01935577392578,2.83456567881488,,crash_vehicle
1818,crossover,1,crossover,,select_lane|ego_on_intersection|intersection_has_cars|distractor_cars|has_brake_checker|maximum_distractor_speed|cluster_dist,4,0,0,2,1,1,20.0,20.0,10.0,35.0,1,52,10.224344253540039,0.3252946184231685,,out_of_road
1819,fresh,4,fresh,,,0,0,0,8,0,0,15.0,5.0,10.0,10.0,1,104,15.84854507446289,1.4770832700798144,,crash_vehicle
1820,crossover,0,crossover,,intersection_cars|has_cluster|maximum_distractor_speed|cluster_dist|brake_dist,3,0,0,0,0,0,15.0,10.0,10.0,55.0,0,37,2.417112350463867,0.1996226826229611,,out_of_road
1821,fresh,6,fresh,,,0,0,0,18,1,1,15.0,10.0,10.0,55.0,2,163,59.26344299316406,3.7457260522374347,,out_of_road
1822,mutation,2,mutation,distance_to_nearest,,1,0,0,3,0,1,10.0,40.0,5.0,20.0,3,41,0.5427494049072266,0.15786930409873404,,out_of_road
1823,fresh,3,fresh,,,0,1,1,4,1,0,15.0,10.0,10.0,20.0,2,449,4.432706832885742,0.025001617712705065,,crash_vehicle
1824,crossover,4,crossover,,select_lane|ego_on_intersection|intersection_has_cars|has_brake_checker|distance_to_nearest,3,1,0,8,1,1,10.0,20.0,10.0,55.0,1,43,1.6275763511657715,0.2877604434656542,,out_of_road
1825,fresh,2,fresh,,,0,0,0,3,0,0,10.0,5.0,5.0,35.0,2,212,40.75452423095703,1.4365733495720152,,crash_vehicle
1826,crossover,0,crossover,,has_brake_checker|intersection_cars|has_cluster|distance_to_nearest,2,0,0,0,0,0,5.0,40.0,15.0,20.0,0,297,199.8248291015625,7.142781589594152,,out_of_road
1827,fresh,4,fresh,,,0,0,0,8,1,0,15.0,40.0,5.0,55.0,0,1000,44.791019439697266,0.17468647721409797,,max_step
1828,mutation,0,mutation,distance_to_nearest,,1,0,0,0,0,0,10.0,10.0,5.0,20.0,0,145,56.692867279052734,4.357200796028663,,out_of_road
1829,fresh,6,fresh,,,0,0,0,18,0,1,15.0,5.0,15.0,35.0,3,698,118.12348937988281,1.933339713835144,,crash_vehicle
1830,mutation,0,mutation,brake_dist,,0,1,1,1,0,1,15.0,20.0,10.0,20.0,1,164,81.08397674560547,3.6431507188372496,,out_of_road
1831,fresh,3,fresh,,,0,1,1,5,0,1,20.0,10.0,15.0,20.0,0,1000,60.15977096557617,0.42187105588335544,,max_step
1832,replay,3,replay,,,0,1,1,5,0,1,20.0,10.0,15.0,20.0,0,339,96.45496368408203,2.4673876358652187,,crash_vehicle
1833,fresh,4,fresh,,,0,0,0,8,0,1,20.0,20.0,5.0,35.0,3,1000,18.319740295410156,0.0063854013830423354,,max_step
1834,mutation,0,mutation,brake_dist,,1,1,0,0,0,0,15.0,40.0,5.0,10.0,0,48,3.8501319885253906,0.4920596834272146,,out_of_road
1835,fresh,6,fresh,,,0,0,0,18,1,1,10.0,40.0,10.0,55.0,3,85,30.02362060546875,0.3762392889050876,,crash_vehicle
1836,crossover,2,crossover,,has_brake_checker|intersection_cars|cluster_dist|brake_dist,4,1,1,3,1,0,20.0,20.0,10.0,35.0,3,57,8.225957870483398,0.6016622760839629,,out_of_road
1837,fresh,5,fresh,,,0,1,1,12,1,0,15.0,40.0,5.0,55.0,2,90,38.86359405517578,1.493794361750285,,crash_vehicle
1838,replay,5,replay,,,0,1,1,12,1,0,15.0,40.0,5.0,55.0,2,1000,43.54700469970703,0.12204580821096897,,max_step
1839,fresh,3,fresh,,,0,1,0,5,1,0,15.0,40.0,5.0,55.0,0,46,4.842235565185547,0.5246021054361177,,out_of_road
1840,mutation,3,mutation,maximum_distractor_speed,,1,0,0,4,1,1,15.0,20.0,15.0,35.0,3,97,37.424346923828125,1.327715101930284,,crash_vehicle
1841,fresh,1,fresh,,,0,1,0,2,0,1,20.0,40.0,15.0,55.0,2,157,70.01919555664062,4.968453383559634,,out_of_road
1842,mutation,2,mutation,brake_dist,,1,1,0,3,1,1,10.0,5.0,10.0,20.0,2,357,137.00576782226562,3.7784431144094266,,out_of_road
1843,fresh,6,fresh,,,0,0,0,18,0,0,5.0,40.0,15.0,20.0,1,53,5.662226676940918,0.818719116022002,,out_of_road
1844,crossover,1,crossover,,select_lane|ego_on_intersection|intersection_has_cars|has_cluster|maximum_distractor_speed|cluster_dist,3,0,0,2,0,1,15.0,40.0,5.0,10.0,2,134,60.34088134765625,1.895132045386665,,out_of_road
1845,fresh,3,fresh,,,0,0,0,4,0,0,15.0,20.0,10.0,55.0,1,86,33.938568115234375,1.8218611388705497,,out_of_road
1846,crossover,0,crossover,,intersection_cars|has_cluster|brake_dist,2,0,0,1,1,0,5.0,40.0,15.0,55.0,0,120,53.55015182495117,3.163234452654918,,out_of_road
1847,fresh,2,fresh,,,0,1,1,3,0,1,20.0,5.0,10.0,55.0,0,1000,22.1652889251709,0.06553332236781716,,max_step
1848,crossover,0,crossover,,distance_to_nearest|cluster_dist,2,1,0,1,0,0,5.0,20.0,5.0,10.0,1,86,24.451387405395508,0.14815904927808185,,out_of_road
1849,fresh,3,fresh,,,0,0,0,5,0,0,20.0,40.0,10.0,10.0,2,128,62.22767639160156,3.2577759250998497,,out_of_road
1850,replay,3,replay,,,0,0,0,5,0,0,20.0,40.0,10.0,10.0,2,2,10.0,4.1076507568359375,,arrive_dest
1851,fresh,6,fresh,,,0,0,0,18,0,1,10.0,40.0,15.0,55.0,0,98,47.041481018066406,1.7945067596678832,,crash_vehicle
1852,replay,6,replay,,,0,0,0,18,0,1,10.0,40.0,15.0,55.0,0,134,62.671730041503906,3.806552589273275,,crash_vehicle
1853,fresh,4,fresh,,,0,1,0,8,0,0,15.0,20.0,15.0,35.0,1,40,2.621260643005371,0.136392343044281,,out_of_road
1854,replay,4,replay,,,0,1,0,8,0,0,15.0,20.0,15.0,35.0,1,859,175.7668914794922,1.5737694221287446,,out_of_road
1855,fresh,0,fresh,,,0,1,0,0,1,0,10.0,20.0,10.0,10.0,0,106,22.835363388061523,1.0754813473179656,,out_of_road
1856,mutation,0,mutation,brake_dist,,1,0,0,0,0,0,10.0,5.0,5.0,35.0,0,316,238.63246154785156,8.822612344464169,,out_of_road
1857,fresh,2,fresh,,,0,1,1,3,1,1,20.0,20.0,10.0,35.0,0,1000,27.716524124145508,0.0862445582486689,,max_step
1858,crossover,3,crossover,,distractor_cars|has_brake_checker|intersection_cars|maximum_distractor_speed|distance_to_nearest|cluster_dist,3,0,0,4,1,0,5.0,20.0,10.0,35.0,2,89,28.718475341796875,1.8348775167813463,,crash_vehicle
1859,fresh,6,fresh,,,0,1,0,18,0,0,10.0,5.0,15.0,55.0,3,303,0.5016474723815918,0.031614272102172616,,crash_vehicle
1860,crossover,3,crossover,,select_lane|ego_on_intersection|intersection_has_cars|distractor_cars|has_cluster|distance_to_nearest|cluster_dist,3,1,0,4,0,0,5.0,10.0,15.0,20.0,3,87,18.629291534423828,0.5601699926044749,,crash_vehicle
1861,fresh,0,fresh,,,0,0,0,1,0,1,15.0,40.0,5.0,10.0,1,162,111.23341369628906,7.747438318199581,,out_of_road
1862,crossover,0,crossover,,distractor_cars|intersection_cars|maximum_distractor_speed|cluster_dist|brake_dist,2,0,0,0,0,0,20.0,5.0,5.0,55.0,0,46,6.934019088745117,0.23429236091349437,,out_of_road
1863,fresh,5,fresh,,,0,0,0,12,0,1,15.0,20.0,10.0,10.0,0,1000,33.41702651977539,0.10116367901675404,,max_step
1864,mutation,4,mutation,has_cluster,,0,0,0,8,1,0,20.0,10.0,10.0,55.0,0,733,27.608123779296875,0.2135995306229628,,crash_vehicle
1865,fresh,6,fresh,,,0,1,1,18,1,0,5.0,10.0,15.0,35.0,0,214,54.940792083740234,2.031492287031958,,crash_vehicle
1866,mutation,0,mutation,cluster_dist,,1,1,1,1,0,1,15.0,20.0,5.0,20.0,1,88,34.71703338623047,1.3976303480396217,,out_of_road
1867,fresh,2,fresh,,,0,0,0,3,1,0,20.0,20.0,15.0,35.0,0,67,22.40125274658203,0.39325954487074666,,crash_vehicle
1868,crossover,4,crossover,,select_lane|ego_on_intersection|intersection_has_cars|intersection_cars|has_cluster|distance_to_nearest|cluster_dist|brake_dist,4,0,0,8,1,1,20.0,5.0,15.0,20.0,2,2,10.0,4.562487602233887,,arrive_dest
1869,fresh,3,fresh,,,0,0,0,5,1,0,10.0,40.0,15.0,55.0,1,246,201.32833862304688,9.199756533634371,,out_of_road
1870,mutation,3,mutation,intersection_cars,,0,1,1,5,1,1,20.0,40.0,15.0,55.0,0,144,86.63080596923828,3.8371778650002346,,crash_vehicle
1871,fresh,5,fresh,,,0,1,1,12,1,1,15.0,20.0,15.0,55.0,2,51,13.682851791381836,0.34012618719362747,,crash_vehicle
1872,crossover,0,crossover,,has_brake_checker|intersection_cars|has_cluster|maximum_distractor_speed,2,0,0,0,1,0,20.0,40.0,15.0,20.0,0,100,44.38164138793945,2.2243229642510416,,crash_vehicle
1873,fresh,4,fresh,,,0,0,0,8,1,1,10.0,10.0,15.0,20.0,3,146,23.665395736694336,1.5520411978335413,,crash_vehicle
1874,replay,4,replay,,,0,0,0,8,1,1,10.0,10.0,15.0,20.0,3,1000,31.056415557861328,0.04271310091111809,,max_step
1875,fresh,1,fresh,,,0,0,0,2,0,1,10.0,5.0,5.0,20.0,0,1000,6.471890449523926,0.1489471702510491,,max_step
1876,crossover,0,crossover,,select_lane|ego_on_intersection|intersection_has_cars|distractor_cars|maximum_distractor_speed|distance_to_nearest|brake_dist,5,0,0,1,0,0,15.0,40.0,5.0,10.0,0,96,41.950523376464844,1.275460235774517,,crash_vehicle
1877,fresh,5,fresh,,,0,0,0,12,0,1,20.0,40.0,15.0,55.0,0,92,43.12380599975586,2.449496543601803,,crash_vehicle
1878,mutation,0,mutation,brake_dist,,0,0,0,0,0,0,10.0,5.0,5.0,20.0,0,239,169.47994995117188,6.024175197634238,,out_of_road
1879,fresh,2,fresh,,,0,0,0,3,0,1,5.0,20.0,5.0,55.0,1,1000,18.497535705566406,0.024669241809984668,,max_step
1880,crossover,3,crossover,,distractor_cars|has_brake_checker|intersection_cars|cluster_dist|brake_dist,3,1,1,4,1,0,20.0,5.0,5.0,55.0,3,131,31.741657257080078,2.0481447214616164,,out_of_road
1881,fresh,0,fresh,,,0,1,1,1,1,1,5.0,10.0,15.0,55.0,1,39,4.836277961730957,0.5967737833658854,,out_of_road
1882,crossover,2,crossover,,distractor_cars|has_brake_checker|intersection_cars|cluster_dist,2,0,0,3,0,0,15.0,10.0,10.0,20.0,1,397,25.527568817138672,0.2561953360641783,,arrive_dest
1883,fresh,5,fresh,,,0,0,0,12,1,0,15.0,5.0,15.0,20.0,2,74,3.0663022994995117,1.619049118982779,,out_of_road
1884,crossover,2,crossover,,has_brake_checker|has_cluster|distance_to_nearest|cluster_dist,0,0,0,3,0,0,10.0,5.0,5.0,35.0,2,153,42.03708267211914,2.439688531986249,,crash_vehicle
1885,fresh,0,fresh,,,0,1,1,0,0,0,15.0,20.0,5.0,55.0,0,104,45.43842697143555,1.0236359708584273,,out_of_road
1886,replay,0,replay,,,0,1,1,0,0,0,15.0,20.0,5.0,55.0,0,86,40.526947021484375,0.789236496700797,,crash_vehicle
1887,fresh,5,fresh,,,0,0,0,12,1,1,10.0,5.0,5.0,55.0,2,1000,3.863417625427246,0.02661841699667275,,max_step
1888,mutation,0,mutation,maximum_distractor_speed,,1,0,0,0,0,0,10.0,10.0,5.0,20.0,0,143,84.57740783691406,4.312373522278312,,out_of_road
1889,fresh,2,fresh,,,0,1,1,3,0,1,5.0,5.0,15.0,55.0,0,1000,3.9338879585266113,0.0020168822910636664,,max_step
1890,crossover,1,crossover,,select_lane|ego_on_intersection|intersection_has_cars|intersection_cars|has_cluster|cluster_dist|brake_dist,3,0,0,2,1,1,20.0,20.0,10.0,35.0,2,49,3.443842887878418,0.20069479546984847,,out_of_road
1891,fresh,1,fresh,,,0,0,0,2,0,0,5.0,10.0,15.0,35.0,2,54,10.722296714782715,1.3688310197106115,,out_of_road
1892,crossover,1,crossover,,select_lane|ego_on_intersection|intersection_has_cars|has_brake_checker|has_cluster|maximum_distractor_speed,3,0,0,2,1,0,10.0,40.0,10.0,55.0,0,144,80.4847640991211,2.934505217605167,,crash_vehicle
1893,fresh,6,fresh,,,0,0,0,18,1,0,5.0,5.0,5.0,55.0,2,20,-3.3255159854888916,0.15898637771606444,,crash_vehicle
1894,crossover,1,crossover,,distance_to_nearest,1,0,0,2,1,0,20.0,10.0,15.0,20.0,0,1000,7.352814197540283,0.03705070626083761,,max_step
1895,fresh,4,fresh,,,0,1,0,8,1,1,15.0,5.0,15.0,20.0,1,156,54.00034713745117,3.4510206339928584,,out_of_road
1896,mutation,1,mutation,brake_dist,,1,1,0,2,0,1,5.0,5.0,5.0,10.0,2,48,8.045451164245605,0.5984436186651388,,out_of_road
1897,fresh,0,fresh,,,0,1,1,0,1,0,20.0,20.0,5.0,35.0,0,86,30.866451263427734,0.9767389955042407,,out_of_road
1898,crossover,3,crossover,,distractor_cars|intersection_cars|has_cluster|maximum_distractor_speed|cluster_dist|brake_dist,5,1,0,5,1,0,20.0,20.0,15.0,35.0,3,110,35.36322784423828,1.4576848410747267,,out_of_road
1899,fresh,3,fresh,,,0,0,0,4,0,1,20.0,10.0,5.0,35.0,0,1000,20.11932945251465,0.10354783084942028,,max_step
1900,mutation,4,mutation,distance_to_nearest,,0,0,0,8,1,1,20.0,40.0,15.0,55.0,1,107,60.73320770263672,2.601846714721662,,crash_vehicle
1901,fresh,4,fresh,,,0,0,0,8,1,0,5.0,20.0,10.0,35.0,0,102,25.68776512145996,0.4851197442587684,,crash_vehicle
1902,replay,4,replay,,,0,0,0,8,1,0,5.0,20.0,10.0,35.0,0,113,49.0910530090332,3.4860241775755334,,out_of_road
1903,fresh,4,fresh,,,0,1,1,8,1,0,10.0,5.0,5.0,20.0,0,136,41.222923278808594,3.1206886768341064,,out_of_road
1904,mutation,3,mutation,distractor_cars,,1,0,0,4,0,0,10.0,10.0,10.0,20.0,2,215,48.24294662475586,1.3685850685419039,,crash_vehicle
1905,fresh,3,fresh,,,0,0,0,5,0,1,5.0,5.0,10.0,55.0,0,753,0.08849906921386719,0.0035470572459804584,,crash_vehicle
1906,crossover,6,crossover,,select_lane|ego_on_intersection|intersection_has_cars|has_brake_checker|maximum_distractor_speed|cluster_dist|brake_dist,3,0,0,18,0,1,20.0,40.0,15.0,55.0,3,92,47.7789306640625,1.6444218936173811,,crash_vehicle
1907,fresh,6,fresh,,,0,0,0,18,0,0,15.0,20.0,10.0,35.0,0,80,29.275936126708984,1.2089493229985238,,out_of_road
1908,replay,6,replay,,,0,0,0,18,0,0,15.0,20.0,10.0,35.0,0,162,44.97179412841797,3.105033299897188,,out_of_road
1909,fresh,3,fresh,,,0,1,1,5,0,1,5.0,5.0,10.0,55.0,3,1000,42.91203308105469,0.3672056233044714,,max_step
1910,mutation,0,mutation,maximum_distractor_speed,,0,0,0,0,0,0,10.0,5.0,5.0,20.0,0,29,17.276554107666016,1.8502494846952373,,arrive_dest
1911,fresh,4,fresh,,,0,1,1,8,1,0,20.0,20.0,10.0,35.0,3,83,36.43327713012695,2.5573434003864426,,crash_vehicle
1912,mutation,1,mutation,has_cluster,,0,0,0,2,0,1,10.0,10.0,5.0,55.0,1,204,74.80574798583984,3.6078499105631137,,crash_vehicle
1913,fresh,4,fresh,,,0,1,1,8,0,1,10.0,20.0,5.0,20.0,0,1000,16.746400833129883,0.02806505146622658,,max_step
1914,mutation,0,mutation,cluster_dist,,1,0,0,0,0,0,10.0,5.0,15.0,35.0,0,111,49.934783935546875,5.033622666790679,,out_of_road
1915,fresh,1,fresh,,,0,1,0,2,1,1,15.0,5.0,5.0,20.0,2,109,38.55996322631836,1.8776072132478066,,crash_vehicle
1916,replay,1,replay,,,0,1,0,2,1,1,15.0,5.0,5.0,20.0,2,83,3.5468711853027344,1.2665400921580303,,out_of_road
1917,fresh,0,fresh,,,0,1,1,0,0,0,10.0,10.0,5.0,20.0,0,102,39.67601013183594,1.7718401083759232,,out_of_road
1918,replay,0,replay,,,0,1,1,0,0,0,10.0,10.0,5.0,20.0,0,221,79.88249969482422,2.369471275361415,,out_of_road
1919,fresh,1,fresh,,,0,0,0,2,1,0,20.0,10.0,10.0,35.0,2,45,1.402299404144287,0.12560172610812717,,out_of_road
1920,crossover,3,crossover,,select_lane|ego_on_intersection|intersection_has_cars|distractor_cars|has_brake_checker,4,1,1,5,0,1,20.0,10.0,15.0,20.0,1,91,31.534423828125,2.56644069149599,,out_of_road
1921,fresh,0,fresh,,,0,0,0,1,0,0,15.0,5.0,10.0,10.0,1,118,53.51079559326172,3.139029423564167,,out_of_road
1922,crossover,1,crossover,,select_lane|ego_on_intersection|intersection_has_cars|distractor_cars|has_brake_checker|has_cluster|maximum_distractor_speed|distance_to_nearest|cluster_dist,8,0,0,2,0,1,20.0,20.0,15.0,20.0,2,80,29.687034606933594,0.24748978689312934,,out_of_road
1923,fresh,5,fresh,,,0,0,0,12,0,1,5.0,5.0,15.0,20.0,0,345,-7.683030128479004,0.019428249707688455,,crash_vehicle
1924,crossover,4,crossover,,distractor_cars|has_brake_checker|intersection_cars|maximum_distractor_speed|brake_dist,3,0,0,8,0,1,20.0,20.0,5.0,55.0,2,58,14.8541259765625,0.3599996566772461,,crash_vehicle
1925,fresh,4,fresh,,,0,1,0,8,1,1,15.0,20.0,10.0,35.0,1,67,21.252059936523438,0.5580364412336207,,crash_vehicle
1926,crossover,5,crossover,,distractor_cars|has_brake_checker|intersection_cars|has_cluster|distance_to_nearest|cluster_dist|brake_dist,5,1,0,12,0,0,15.0,5.0,10.0,55.0,2,219,141.95791625976562,7.087839720728191,,out_of_road
1927,fresh,2,fresh,,,0,0,0,3,0,0,5.0,20.0,15.0,20.0,1,191,28.904865264892578,0.3674031968243147,,crash_vehicle
1928,replay,2,replay,,,0,0,0,3,0,0,5.0,20.0,15.0,20.0,1,43,4.034553527832031,0.23045743655326756,,out_of_road
1929,fresh,0,fresh,,,0,0,0,1,0,0,15.0,20.0,15.0,35.0,1,105,45.22274398803711,2.223252271186738,,out_of_road
1930,replay,0,replay,,,0,0,0,1,0,0,15.0,20.0,15.0,35.0,1,158,63.29833221435547,3.4341791716368895,,crash_vehicle
1931,fresh,6,fresh,,,0,0,0,18,0,1,20.0,40.0,10.0,55.0,3,54,12.438070297241211,2.602533378534847,,out_of_road
1932,replay,6,replay,,,0,0,0,18,0,1,20.0,40.0,10.0,55.0,3,127,33.04658126831055,2.2559160309748387,,out_of_road
1933,fresh,6,fresh,,,0,0,0,18,0,1,20.0,10.0,5.0,10.0,2,420,4.683890342712402,0.07544757886346252,,crash_vehicle
1934,replay,6,replay,,,0,0,0,18,0,1,20.0,10.0,5.0,10.0,2,70,10.44559383392334,0.5658721155353955,,crash_vehicle
1935,fresh,2,fresh,,,0,1,1,3,0,0,10.0,20.0,5.0,55.0,3,63,23.518213272094727,2.0353585178889926,,out_of_road
1936,mutation,1,mutation,maximum_distractor_speed,,1,0,0,2,0,0,15.0,40.0,5.0,35.0,2,102,42.888526916503906,1.1680410139116586,,out_of_road
1937,fresh,3,fresh,,,0,1,1,5,0,1,5.0,10.0,5.0,55.0,2,121,5.953038215637207,0.31938546600420614,,crash_vehicle
1938,crossover,1,crossover,,select_lane|ego_on_intersection|intersection_has_cars|distractor_cars|has_brake_checker|has_cluster|maximum_distractor_speed|cluster_dist|brake_dist,3,0,0,2,1,0,20.0,20.0,10.0,35.0,0,82,38.853755950927734,1.4518414401426547,,crash_vehicle
1939,fresh,3,fresh,,,0,1,1,4,1,0,10.0,5.0,5.0,55.0,2,1000,4.7848944664001465,0.0042207227516919375,,max_step
1940,mutation,1,mutation,distance_to_nearest,,1,0,0,2,0,0,15.0,5.0,10.0,20.0,2,141,94.7247314453125,5.727214747392539,,out_of_road
1941,fresh,6,fresh,,,0,0,0,18,1,1,5.0,10.0,10.0,20.0,2,20,-5.590085029602051,0.0,,out_of_road
1942,replay,6,replay,,,0,0,0,18,1,1,5.0,10.0,10.0,20.0,2,118,46.96452713012695,3.0443012989678624,,out_of_road
1943,fresh,0,fresh,,,0,1,1,0,0,0,10.0,5.0,15.0,10.0,0,11,10.98082160949707,1.1499260122125798,,arrive_dest
1944,mutation,1,mutation,maximum_distractor_speed,,0,1,1,2,0,1,10.0,40.0,5.0,55.0,2,51,9.403858184814453,0.5706296288499645,,out_of_road
1945,fresh,5,fresh,,,0,1,0,12,1,0,10.0,20.0,5.0,35.0,1,117,33.63980484008789,1.1316114772334058,,out_of_road
1946,crossover,3,crossover,,distractor_cars|has_cluster|distance_to_nearest,3,1,1,4,0,1,10.0,20.0,10.0,55.0,0,621,21.27216339111328,0.144990113719431,,crash_vehicle
1947,fresh,4,fresh,,,0,1,0,8,0,0,20.0,5.0,15.0,35.0,1,1000,2.858123540878296,0.010897466220427305,,max_step
1948,replay,4,replay,,,0,1,0,8,0,0,20.0,5.0,15.0,35.0,1,33,1.2752385139465332,0.26664436224735144,,out_of_road
1949,fresh,3,fresh,,,0,1,1,5,0,0,20.0,40.0,5.0,10.0,2,78,27.781055450439453,0.405577883315392,,out_of_road
1950,crossover,3,crossover,,select_lane|ego_on_intersection|intersection_has_cars|distractor_cars|maximum_distractor_speed|distance_to_nearest|brake_dist,5,0,0,4,1,0,20.0,20.0,15.0,35.0,1,94,33.744388580322266,1.276186501567668,,crash_vehicle
1951,fresh,0,fresh,,,0,1,1,0,1,0,10.0,40.0,15.0,55.0,0,85,36.37287902832031,0.39668928060461495,,out_of_road
1952,mutation,1,mutation,select_road|select_lane|ego_on_intersection|intersection_has_cars,,2,0,0,2,0,0,5.0,10.0,10.0,35.0,2,110,68.57221221923828,5.469451689110561,,out_of_road
1953,fresh,1,fresh,,,0,0,0,2,1,1,5.0,5.0,15.0,55.0,2,73,28.574726104736328,0.2617435585962583,,out_of_road
1954,replay,1,replay,,,0,0,0,2,1,1,5.0,5.0,15.0,55.0,2,71,9.770952224731445,1.0936117734707578,,out_of_road
1955,fresh,1,fresh,,,0,0,0,2,1,0,10.0,20.0,5.0,35.0,0,856,35.4160041809082,0.11570858526441799,,out_of_road
1956,mutation,2,mutation,intersection_cars,,1,0,0,3,0,1,5.0,5.0,10.0,35.0,2,1000,5.553712368011475,0.09603888783417643,,max_step
1957,fresh,4,fresh,,,0,0,0,8,0,0,10.0,10.0,10.0,35.0,2,158,26.81631851196289,1.2600387587577482,,crash_vehicle
1958,mutation,2,mutation,maximum_distractor_speed,,1,1,1,3,0,0,10.0,10.0,5.0,20.0,0,143,33.437591552734375,2.2720373726182883,,crash_vehicle
1959,fresh,4,fresh,,,0,1,0,8,1,0,20.0,20.0,15.0,35.0,3,150,72.88400268554688,4.505894290457169,,out_of_road
1960,crossover,5,crossover,,distractor_cars|has_cluster|distance_to_nearest,2,0,0,12,0,0,5.0,40.0,15.0,20.0,0,49,10.187114715576172,0.7887632433249026,,out_of_road
1961,fresh,2,fresh,,,0,1,1,3,1,1,5.0,10.0,10.0,55.0,3,92,34.30890655517578,0.3057966919048973,,out_of_road
1962,replay,2,replay,,,0,1,1,3,1,1,5.0,10.0,10.0,55.0,3,112,9.188821792602539,1.349506142948355,,crash_vehicle
1963,fresh,5,fresh,,,0,1,0,12,0,0,5.0,10.0,5.0,10.0,1,731,-0.4090113639831543,0.06300796099547322,,out_of_road
1964,crossover,4,crossover,,select_lane|ego_on_intersection|intersection_has_cars|has_brake_checker|intersection_cars|maximum_distractor_speed|distance_to_nearest,7,1,1,8,1,0,10.0,40.0,15.0,55.0,1,401,173.04391479492188,3.797104189780882,,out_of_road
1965,fresh,2,fresh,,,0,1,0,3,1,0,5.0,10.0,5.0,20.0,0,208,46.89435577392578,1.5418938084935339,,crash_vehicle
1966,crossover,0,crossover,,select_lane|ego_on_intersection|intersection_has_cars|distractor_cars|has_brake_checker|intersection_cars|cluster_dist,5,0,0,0,0,0,15.0,20.0,5.0,35.0,0,99,45.734249114990234,3.1096265004439787,,out_of_road
1967,fresh,2,fresh,,,0,0,0,3,1,0,5.0,10.0,10.0,35.0,0,43,0.03977680206298828,0.03932492123093716,,out_of_road
1968,mutation,0,mutation,intersection_cars,,0,0,0,0,0,0,20.0,10.0,5.0,35.0,0,88,46.70236587524414,4.6044853248379445,,out_of_road
1969,fresh,3,fresh,,,0,1,1,4,0,0,15.0,10.0,5.0,10.0,1,1000,57.24190139770508,0.5371691353330389,,max_step
1970,mutation,0,mutation,distractor_cars,,1,0,0,1,1,0,10.0,40.0,15.0,55.0,1,124,85.91051483154297,4.468312388586421,,crash_vehicle
1971,fresh,0,fresh,,,0,0,0,1,1,1,5.0,5.0,10.0,35.0,1,37,2.4437594413757324,0.29630548889572556,,out_of_road
1972,replay,0,replay,,,0,0,0,1,1,1,5.0,5.0,10.0,35.0,1,890,77.17548370361328,0.5077869860643751,,crash_vehicle
1973,fresh,0,fresh,,,0,1,1,1,1,0,5.0,20.0,5.0,35.0,0,1000,152.0984649658203,1.2706221372201107,,max_step
1974,replay,0,replay,,,0,1,1,1,1,0,5.0,20.0,5.0,35.0,0,119,68.30548858642578,2.371558056032958,,crash_vehicle
1975,fresh,1,fresh,,,0,1,0,2,0,0,15.0,10.0,15.0,10.0,0,1000,35.108211517333984,0.11758983345702291,,max_step
1976,crossover,5,crossover,,select_lane|ego_on_intersection|intersection_has_cars|has_brake_checker|distance_to_nearest,2,1,0,12,0,0,15.0,40.0,15.0,20.0,3,108,46.48786544799805,1.1812305377313383,,out_of_road
1977,fresh,5,fresh,,,0,1,0,12,0,0,10.0,40.0,15.0,35.0,3,1000,22.705245971679688,0.17897575077041983,,max_step
1978,crossover,2,crossover,,select_lane|ego_on_intersection|intersection_has_cars|distractor_cars|has_brake_checker|cluster_dist|brake_dist,5,0,0,3,0,0,5.0,20.0,5.0,35.0,3,160,85.921875,3.8746827269438655,,out_of_road
1979,fresh,3,fresh,,,0,1,0,4,0,0,5.0,40.0,5.0,20.0,0,111,41.41796875,1.3612134490195695,,crash_vehicle
1980,replay,3,replay,,,0,1,0,4,0,0,5.0,40.0,5.0,20.0,0,111,30.599430084228516,1.5620439283482663,,out_of_road
1981,fresh,0,fresh,,,0,0,0,0,0,0,5.0,10.0,5.0,10.0,0,201,103.79729461669922,4.580830264929219,,out_of_road
1982,replay,0,replay,,,0,0,0,0,0,0,5.0,10.0,5.0,10.0,0,134,63.449546813964844,2.402121167574356,,crash_vehicle
1983,fresh,0,fresh,,,0,0,0,0,1,0,15.0,40.0,15.0,35.0,0,112,57.50284957885742,1.6227680029613631,,out_of_road
1984,mutation,0,mutation,brake_dist,,0,0,0,0,0,0,20.0,20.0,5.0,35.0,0,50,6.493999481201172,0.19652666091918947,,out_of_road
1985,fresh,3,fresh,,,0,1,0,5,0,0,15.0,40.0,5.0,10.0,3,191,104.70713806152344,4.432226125170423,,crash_vehicle
1986,mutation,0,mutation,intersection_cars,,0,0,0,0,0,0,5.0,40.0,15.0,20.0,0,23,-5.754889965057373,0.019248050192128056,,out_of_road
1987,fresh,1,fresh,,,0,0,0,2,1,1,5.0,40.0,5.0,55.0,1,92,36.536720275878906,1.577711986782758,,out_of_road
1988,crossover,3,crossover,,has_brake_checker|maximum_distractor_speed|distance_to_nearest|cluster_dist|brake_dist,3,0,0,4,1,1,5.0,20.0,10.0,55.0,3,625,29.17721176147461,0.07718768820762634,,crash_vehicle
1989,fresh,1,fresh,,,0,1,0,2,1,1,20.0,20.0,10.0,55.0,0,106,40.24761199951172,0.666802465072218,,out_of_road
1990,replay,1,replay,,,0,1,0,2,1,1,20.0,20.0,10.0,55.0,0,94,49.05829620361328,3.0560352347315627,,out_of_road
1991,fresh,3,fresh,,,0,0,0,5,1,1,15.0,20.0,15.0,55.0,2,84,35.34740447998047,2.166466404994329,,crash_vehicle
1992,mutation,2,mutation,has_cluster,,1,0,0,3,0,1,20.0,5.0,5.0,20.0,3,90,40.342689514160156,3.3696657453146246,,out_of_road
1993,fresh,5,fresh,,,0,1,0,12,0,1,10.0,5.0,15.0,20.0,3,186,47.40656661987305,1.7015393450856209,,out_of_road
1994,replay,5,replay,,,0,1,0,12,0,1,10.0,5.0,15.0,20.0,3,1000,185.54928588867188,1.8892046991586686,,max_step
1995,fresh,3,fresh,,,0,0,0,5,0,1,10.0,40.0,5.0,35.0,2,1000,47.338809967041016,0.11571734407357871,,max_step
1996,crossover,6,crossover,,select_lane|ego_on_intersection|intersection_has_cars|intersection_cars|has_cluster|cluster_dist|brake_dist,3,1,1,18,0,0,10.0,10.0,10.0,55.0,1,348,15.415237426757812,0.11331532940525434,,crash_vehicle
1997,fresh,5,fresh,,,0,1,0,12,1,1,5.0,10.0,10.0,20.0,0,66,1.693742275238037,0.7130537961017002,,out_of_road
1998,crossover,1,crossover,,distractor_cars|maximum_distractor_speed|cluster_dist,1,0,0,2,0,0,5.0,40.0,15.0,55.0,2,167,101.24971771240234,5.537075930369828,,out_of_road
1999,fresh,4,fresh,,,0,0,0,8,0,0,5.0,10.0,15.0,20.0,0,1000,59.628807067871094,0.16973676409199834,,max_step
2000,crossover,0,crossover,,select_lane|ego_on_intersection|intersection_has_cars|distractor_cars|has_brake_checker|intersection_cars|has_cluster|cluster_dist|brake_dist,6,0,0,0,1,0,15.0,20.0,15.0,20.0,0,85,33.67216491699219,1.1498197709812839,,crash_vehicle
2001,fresh,3,fresh,,,0,0,0,4,0,0,20.0,5.0,15.0,35.0,2,102,21.04058837890625,3.483798597081035,,out_of_road
2002,crossover,2,crossover,,select_lane|ego_on_intersection|intersection_has_cars|has_brake_checker|distance_to_nearest|brake_dist,1,0,0,3,0,0,5.0,20.0,5.0,35.0,3,85,24.688615798950195,0.2617766936035717,,out_of_road
2003,fresh,0,fresh,,,0,0,0,1,1,0,15.0,5.0,15.0,20.0,1,83,22.039716720581055,0.8145609009696777,,out_of_road
2004,replay,0,replay,,,0,0,0,1,1,0,15.0,5.0,15.0,20.0,1,145,77.45413208007812,3.530677330493927,,out_of_road
2005,fresh,0,fresh,,,0,0,0,1,0,0,20.0,40.0,5.0,55.0,0,17,-5.545401096343994,0.0,,out_of_road
2006,replay,0,replay,,,0,0,0,1,0,0,20.0,40.0,5.0,55.0,0,807,5.5266618728637695,0.024731979851958328,,crash_vehicle
2007,fresh,6,fresh,,,0,0,0,18,0,0,5.0,10.0,5.0,55.0,1,341,7.570127487182617,0.06731429615240991,,crash_vehicle
2008,mutation,0,mutation,cluster_dist,,0,0,0,0,0,0,10.0,5.0,5.0,20.0,0,153,79.13898468017578,2.809184545005848,,out_of_road
2009,fresh,1,fresh,,,0,0,0,2,0,1,15.0,5.0,5.0,35.0,2,45,6.186650276184082,0.0,,out_of_road
2010,crossover,1,crossover,,has_brake_checker|intersection_cars|has_cluster|maximum_distractor_speed|distance_to_nearest|cluster_dist|brake_dist,3,0,0,2,0,0,5.0,40.0,5.0,35.0,2,84,39.12169647216797,0.521892696885126,,out_of_road
2011,fresh,1,fresh,,,0,0,0,2,1,0,15.0,10.0,5.0,20.0,0,81,9.289586067199707,0.49323922358913186,,out_of_road
2012,mutation,1,mutation,select_road|select_lane|ego_on_intersection|intersection_has_cars,,2,0,0,2,0,1,5.0,5.0,5.0,20.0,2,21,-5.108538627624512,0.0,,out_of_road
2013,fresh,1,fresh,,,0,0,0,2,1,0,20.0,20.0,5.0,35.0,2,115,56.255279541015625,2.878479330436043,,crash_vehicle
2014,replay,1,replay,,,0,0,0,2,1,0,20.0,20.0,5.0,35.0,2,119,73.0166244506836,2.724812200840782,,crash_vehicle
2015,fresh,0,fresh,,,0,0,0,0,0,0,20.0,40.0,10.0,10.0,0,118,56.14044189453125,3.129015452780966,,out_of_road
2016,crossover,6,crossover,,distractor_cars|has_brake_checker|intersection_cars|distance_to_nearest|cluster_dist|brake_dist,3,0,0,18,0,1,10.0,40.0,10.0,55.0,3,97,38.2504997253418,3.2464016682093906,,out_of_road
2017,fresh,0,fresh,,,0,1,1,1,1,1,10.0,40.0,5.0,55.0,1,47,8.817765235900879,0.6821343302726746,,out_of_road
2018,replay,0,replay,,,0,1,1,1,1,1,10.0,40.0,5.0,55.0,1,43,1.3342175483703613,0.25712090869282567,,out_of_road
2019,fresh,6,fresh,,,0,0,0,18,0,1,20.0,20.0,15.0,55.0,0,411,26.563600540161133,0.27356834473527986,,crash_vehicle
2020,replay,6,replay,,,0,0,0,18,0,1,20.0,20.0,15.0,55.0,0,61,10.288952827453613,0.2441867609493068,,out_of_road
2021,fresh,6,fresh,,,0,1,0,18,0,1,10.0,5.0,15.0,55.0,2,149,0.026358604431152344,0.0,,crash_vehicle
2022,replay,6,replay,,,0,1,0,18,0,1,10.0,5.0,15.0,55.0,2,176,63.789161682128906,3.7520171749320896,,crash_vehicle
2023,fresh,3,fresh,,,0,1,1,5,1,1,10.0,20.0,15.0,35.0,3,106,41.19729232788086,4.8575487347706305,,out_of_road
2024,replay,3,replay,,,0,1,1,5,1,1,10.0,20.0,15.0,35.0,3,47,0.24901771545410156,0.0,,out_of_road
2025,fresh,5,fresh,,,0,0,0,12,1,0,15.0,10.0,10.0,35.0,0,73,26.63120460510254,1.9144572550303316,,arrive_dest
2026,crossover,0,crossover,,distractor_cars|has_brake_checker|has_cluster|maximum_distractor_speed|distance_to_nearest|cluster_dist|brake_dist,5,0,0,0,0,0,10.0,5.0,5.0,20.0,0,221,154.08937072753906,6.518447334309239,,out_of_road
2027,fresh,6,fresh,,,0,0,0,18,0,0,20.0,5.0,15.0,55.0,1,33,-5.439713954925537,0.1678516286792177,,out_of_road
2028,crossover,0,crossover,,has_brake_checker|maximum_distractor_speed|brake_dist,2,1,0,1,0,0,20.0,10.0,15.0,20.0,1,73,24.816240310668945,0.5369648606809851,,out_of_road
2029,fresh,5,fresh,,,0,1,1,12,0,0,5.0,5.0,10.0,35.0,3,180,25.135074615478516,0.2236052813215388,,arrive_dest
2030,mutation,0,mutation,cluster_dist,,1,0,0,0,0,0,10.0,5.0,10.0,20.0,0,127,65.95295715332031,1.0701852935974991,,out_of_road
2031,fresh,5,fresh,,,0,1,1,12,0,1,5.0,40.0,10.0,10.0,0,77,29.196552276611328,0.3971111902168819,,crash_vehicle
2032,replay,5,replay,,,0,1,1,12,0,1,5.0,40.0,10.0,10.0,0,116,59.87644958496094,3.279239330055385,,out_of_road
2033,fresh,2,fresh,,,0,0,0,3,1,1,15.0,10.0,5.0,35.0,0,47,2.1079659461975098,0.1826190948486328,,crash_vehicle
2034,crossover,0,crossover,,distractor_cars|has_cluster|brake_dist,1,0,0,0,0,0,20.0,10.0,5.0,20.0,0,19,-5.441254138946533,0.0,,out_of_road
2035,fresh,3,fresh,,,0,1,1,5,1,0,10.0,20.0,10.0,35.0,3,86,33.098541259765625,1.3084369634473048,,crash_vehicle
2036,crossover,4,crossover,,has_brake_checker|intersection_cars|distance_to_nearest|cluster_dist,3,1,1,8,1,0,20.0,20.0,15.0,35.0,1,96,42.011131286621094,1.402477027848363,,crash_vehicle
2037,fresh,0,fresh,,,0,1,1,0,1,0,10.0,10.0,10.0,35.0,0,134,70.68352508544922,2.4719682291928513,,crash_vehicle
2038,mutation,0,mutation,has_cluster,,6,0,0,0,0,0,10.0,5.0,5.0,20.0,0,49,10.128706932067871,1.320650143282754,rejection_fallback,out_of_road
2039,fresh,2,fresh,,,0,1,1,3,1,1,15.0,10.0,10.0,55.0,2,524,8.491965293884277,0.011544871129778051,,crash_vehicle
2040,crossover,0,crossover,,distractor_cars|intersection_cars|maximum_distractor_speed|distance_to_nearest|cluster_dist,3,0,0,0,0,0,20.0,5.0,15.0,20.0,0,36,2.828019618988037,0.21989066070980495,,out_of_road
2041,fresh,1,fresh,,,0,0,0,2,0,0,20.0,5.0,15.0,35.0,0,1000,1.8368024826049805,0.017349522470263765,,max_step
2042,mutation,0,mutation,cluster_dist,,1,1,0,0,0,0,10.0,20.0,10.0,10.0,0,246,169.86184692382812,6.273278361171242,,out_of_road
2043,fresh,1,fresh,,,0,1,1,2,1,1,15.0,10.0,5.0,35.0,2,83,55.51386642456055,2.928528198994786,,arrive_dest
2044,replay,1,replay,,,0,1,1,2,1,1,15.0,10.0,5.0,35.0,2,93,37.14665603637695,1.4299786344010343,,crash_vehicle
2045,fresh,6,fresh,,,0,1,1,18,0,0,10.0,40.0,10.0,35.0,3,119,48.74546813964844,0.8589913704816032,,out_of_road
2046,crossover,0,crossover,,distractor_cars|has_brake_checker|distance_to_nearest|brake_dist,1,0,0,0,0,0,5.0,5.0,15.0,20.0,0,214,158.7642364501953,5.952983935024137,,out_of_road
2047,fresh,3,fresh,,,0,1,1,5,1,1,5.0,5.0,15.0,20.0,0,1000,3.5085256099700928,0.012619102255441248,,max_step
2048,replay,3,replay,,,0,1,1,5,1,1,5.0,5.0,15.0,20.0,0,126,61.69108581542969,2.6717488952572386,,out_of_road
2049,fresh,2,fresh,,,0,0,0,3,0,1,20.0,20.0,15.0,55.0,0,240,194.1106414794922,8.267035915702582,,out_of_road
2050,mutation,2,mutation,has_brake_checker,,0,0,0,3,1,0,10.0,20.0,10.0,35.0,3,56,11.400144577026367,0.3964883940560477,,out_of_road
2051,fresh,1,fresh,,,0,1,0,2,1,0,5.0,20.0,15.0,35.0,1,197,39.71769714355469,1.1642724724893037,,out_of_road
2052,mutation,0,mutation,brake_dist,,0,0,0,0,0,0,10.0,5.0,5.0,20.0,0,189,156.57843017578125,7.288684298989003,,out_of_road
2053,fresh,3,fresh,,,0,1,0,4,1,0,20.0,40.0,10.0,55.0,1,128,77.98355102539062,4.3277456047944725,,crash_vehicle
2054,replay,3,replay,,,0,1,0,4,1,0,20.0,40.0,10.0,55.0,1,90,30.67184829711914,1.055952606598536,,crash_vehicle
2055,fresh,2,fresh,,,0,0,0,3,0,1,15.0,10.0,10.0,55.0,1,1000,8.899170875549316,0.009649629903957247,,max_step
2056,crossover,3,crossover,,select_lane|ego_on_intersection|intersection_has_cars|has_brake_checker|has_cluster|distance_to_nearest|cluster_dist,7,0,0,5,0,0,20.0,10.0,10.0,55.0,0,148,73.6048355102539,5.2036671627917,,out_of_road
2057,fresh,2,fresh,,,0,1,1,3,0,1,10.0,40.0,15.0,35.0,0,108,62.92729187011719,3.8224024902339333,,crash_vehicle
2058,mutation,2,mutation,maximum_distractor_speed,,0,1,0,3,1,1,10.0,20.0,5.0,35.0,1,53,10.147191047668457,0.45960024167906566,,out_of_road
2059,fresh,5,fresh,,,0,0,0,12,0,1,15.0,10.0,15.0,10.0,3,62,9.16366958618164,0.7616020395390449,,out_of_road
2060,crossover,3,crossover,,select_lane|ego_on_intersection|intersection_has_cars|maximum_distractor_speed|distance_to_nearest|cluster_dist,6,1,1,5,1,0,20.0,5.0,10.0,55.0,1,178,85.57133483886719,4.728514828039019,,crash_vehicle
2061,fresh,2,fresh,,,0,1,1,3,0,1,10.0,5.0,15.0,10.0,3,82,32.935482025146484,2.0890979029056505,,out_of_road
2062,replay,2,replay,,,0,1,1,3,0,1,10.0,5.0,15.0,10.0,3,106,48.942256927490234,2.8252125326192603,,out_of_road
2063,fresh,4,fresh,,,0,1,1,8,1,1,15.0,20.0,15.0,35.0,1,107,53.65043640136719,3.452239951797735,,out_of_road
2064,mutation,3,mutation,select_road|select_lane|ego_on_intersection|intersection_has_cars,,1,0,0,4,0,0,20.0,5.0,15.0,35.0,2,110,27.15422821044922,4.968243178996173,,out_of_road
2065,fresh,5,fresh,,,0,1,1,12,0,1,10.0,20.0,10.0,20.0,2,569,13.89791488647461,0.05310335721303373,,crash_vehicle
2066,mutation,0,mutation,distance_to_nearest,,1,0,0,0,1,0,5.0,10.0,10.0,10.0,0,39,0.9977068901062012,0.0,,out_of_road
2067,fresh,5,fresh,,,0,0,0,12,0,0,20.0,10.0,10.0,10.0,3,42,2.0159759521484375,0.20945643456209273,,out_of_road
2068,crossover,0,crossover,,select_lane|ego_on_intersection|intersection_has_cars|distractor_cars|intersection_cars|has_cluster|brake_dist,1,0,0,0,0,0,10.0,5.0,5.0,20.0,0,244,187.24185180664062,5.889067933696215,,out_of_road
2069,fresh,6,fresh,,,0,1,1,18,0,1,10.0,40.0,5.0,35.0,2,78,31.8385009765625,0.5589352479347816,,crash_vehicle
2070,replay,6,replay,,,0,1,1,18,0,1,10.0,40.0,5.0,35.0,2,279,258.6416931152344,9.991708584583789,,out_of_road
2071,fresh,2,fresh,,,0,1,1,3,1,1,10.0,10.0,10.0,20.0,0,1000,7.868018627166748,0.08538608273863793,,max_step
2072,replay,2,replay,,,0,1,1,3,1,1,10.0,10.0,10.0,20.0,0,103,49.68415451049805,3.963114588006029,,out_of_road
2073,fresh,3,fresh,,,0,1,1,5,0,1,15.0,5.0,10.0,10.0,3,256,193.78353881835938,8.319987246766686,,arrive_dest
2074,crossover,3,crossover,,intersection_cars|distance_to_nearest|brake_dist,2,0,0,5,1,0,20.0,5.0,5.0,20.0,1,149,46.64540100097656,3.7696666637523064,,crash_vehicle
2075,fresh,3,fresh,,,0,1,1,4,0,1,10.0,5.0,5.0,35.0,1,67,1.0871553421020508,1.296871620327679,,out_of_road
2076,replay,3,replay,,,0,1,1,4,0,1,10.0,5.0,5.0,35.0,1,66,9.828184127807617,0.44415320162520266,,crash_vehicle
2077,fresh,0,fresh,,,0,1,0,1,0,0,15.0,40.0,10.0,55.0,1,44,7.631918907165527,2.50387696379965,,out_of_road
2078,crossover,6,crossover,,select_lane|ego_on_intersection|intersection_has_cars|cluster_dist,3,1,1,18,1,1,15.0,10.0,10.0,55.0,2,538,14.264638900756836,0.042954383334872004,,crash_vehicle
2079,fresh,1,fresh,,,0,1,0,2,0,0,5.0,40.0,15.0,10.0,0,96,40.275550842285156,0.3745107464492321,,crash_vehicle
2080,crossover,4,crossover,,select_lane|ego_on_intersection|intersection_has_cars|has_brake_checker|distance_to_nearest|brake_dist,3,0,0,8,1,0,20.0,20.0,15.0,35.0,1,89,41.86024856567383,1.9491512772072568,,crash_vehicle
2081,fresh,5,fresh,,,0,0,0,12,0,1,15.0,5.0,15.0,55.0,0,1000,48.33734893798828,0.4807016944247298,,max_step
2082,mutation,3,mutation,has_brake_checker,,1,0,0,4,1,0,5.0,10.0,15.0,20.0,0,1000,5.37725305557251,0.016268623538315295,,max_step
2083,fresh,0,fresh,,,0,0,0,0,0,0,20.0,40.0,5.0,55.0,0,28,-1.5160000324249268,0.22596447808401926,,out_of_road
2084,crossover,3,crossover,,distractor_cars|intersection_cars|has_cluster|maximum_distractor_speed|distance_to_nearest,3,1,0,5,1,1,15.0,5.0,5.0,55.0,3,377,7.416546821594238,0.20763305895060144,,crash_vehicle
2085,fresh,0,fresh,,,0,0,0,0,0,0,5.0,10.0,15.0,55.0,0,188,114.35568237304688,4.9606102365762625,,out_of_road
2086,replay,0,replay,,,0,0,0,0,0,0,5.0,10.0,15.0,55.0,0,234,203.86978149414062,7.724095910405501,,out_of_road
2087,fresh,1,fresh,,,0,0,0,2,1,0,20.0,5.0,5.0,20.0,0,165,57.718753814697266,3.1620499115098606,,crash_vehicle
2088,replay,1,replay,,,0,0,0,2,1,0,20.0,5.0,5.0,20.0,0,109,46.020137786865234,4.032100773732597,,crash_vehicle
2089,fresh,3,fresh,,,0,1,1,4,0,1,10.0,10.0,15.0,10.0,0,76,21.93932342529297,1.3162496003665423,,crash_vehicle
2090,mutation,0,mutation,has_brake_checker,,1,1,1,1,0,0,5.0,20.0,10.0,35.0,1,153,107.01618194580078,3.967231516647183,,out_of_road
2091,fresh,6,fresh,,,0,1,0,18,0,0,5.0,5.0,15.0,10.0,2,68,3.7574377059936523,1.9152980873032528,,out_of_road
2092,mutation,2,mutation,distractor_cars,,1,1,1,3,0,1,15.0,20.0,10.0,20.0,1,1000,22.50659942626953,0.038396277436986564,,max_step
2093,fresh,5,fresh,,,0,0,0,12,1,1,15.0,20.0,15.0,35.0,0,43,2.9883251190185547,0.11613179916559263,,out_of_road
2094,replay,5,replay,,,0,0,0,12,1,1,15.0,20.0,15.0,35.0,0,231,73.339599609375,4.2633747750030455,,out_of_road
2095,fresh,6,fresh,,,0,1,0,18,0,0,15.0,20.0,15.0,35.0,1,39,4.2205810546875,0.0,,out_of_road
2096,replay,6,replay,,,0,1,0,18,0,0,15.0,20.0,15.0,35.0,1,317,130.65052795410156,4.424446012977546,,crash_vehicle
2097,fresh,5,fresh,,,0,0,0,12,1,0,10.0,40.0,15.0,55.0,2,87,38.24207305908203,0.4909961213325632,,crash_vehicle
2098,mutation,5,mutation,select_road|select_lane|ego_on_intersection|intersection_has_cars,,2,1,1,12,1,0,5.0,5.0,5.0,55.0,3,610,-0.1816549301147461,0.03528562447392061,,crash_vehicle
2099,fresh,3,fresh,,,0,1,0,5,0,0,5.0,10.0,5.0,35.0,0,380,60.334434509277344,1.347895759422528,,out_of_road
2100,crossover,0,crossover,,select_lane|ego_on_intersection|intersection_has_cars|distractor_cars|has_cluster,1,0,0,0,0,0,10.0,40.0,10.0,10.0,0,49,21.27960205078125,0.11955395158456296,,arrive_dest
2101,fresh,5,fresh,,,0,0,0,12,1,0,15.0,40.0,10.0,55.0,2,105,54.50349044799805,2.669681200810841,,out_of_road
2102,crossover,5,crossover,,distractor_cars|intersection_cars|maximum_distractor_speed|brake_dist,2,1,0,12,0,0,10.0,40.0,15.0,20.0,1,282,213.9735107421875,7.599156343556465,,out_of_road
2103,fresh,0,fresh,,,0,1,1,0,0,0,10.0,5.0,5.0,20.0,0,78,28.767925262451172,0.38423802302433896,,out_of_road
2104,replay,0,replay,,,0,1,1,0,0,0,10.0,5.0,5.0,20.0,0,321,42.02715301513672,0.4432684230006001,,crash_vehicle
2105,fresh,6,fresh,,,0,1,1,18,1,1,10.0,5.0,5.0,55.0,1,1000,26.94861602783203,0.2310362083176151,,max_step
2106,mutation,3,mutation,cluster_dist,,1,0,0,5,0,0,20.0,40.0,5.0,10.0,2,19,-5.157003879547119,0.0,,out_of_road
2107,fresh,2,fresh,,,0,1,1,3,0,0,20.0,40.0,5.0,20.0,0,86,39.38420486450195,0.8972828671509443,,out_of_road
2108,mutation,2,mutation,intersection_cars,,0,0,0,3,1,0,10.0,20.0,10.0,35.0,3,2,10.0,0.0,,arrive_dest
2109,fresh,4,fresh,,,0,0,0,8,1,1,20.0,5.0,10.0,55.0,1,1000,5.784969329833984,0.021461583906784654,,max_step
2110,replay,4,replay,,,0,0,0,8,1,1,20.0,5.0,10.0,55.0,1,105,73.10733032226562,2.62126719667798,,arrive_dest
2111,fresh,0,fresh,,,0,1,0,1,1,1,5.0,10.0,10.0,55.0,0,1000,12.720781326293945,0.010428741455078125,,max_step
2112,mutation,0,mutation,maximum_distractor_speed,,1,0,0,0,0,0,5.0,10.0,5.0,20.0,0,187,154.65060424804688,6.867395377414112,,out_of_road
2113,fresh,2,fresh,,,0,1,1,3,0,1,5.0,5.0,10.0,20.0,2,122,29.484142303466797,1.640923517649291,,crash_vehicle
2114,mutation,1,mutation,has_brake_checker,,1,0,0,2,0,1,5.0,5.0,10.0,55.0,2,57,12.871587753295898,0.7608113121568111,,out_of_road
2115,fresh,2,fresh,,,0,1,0,3,1,1,5.0,40.0,10.0,55.0,1,44,7.695882797241211,0.17542803287506104,,out_of_road
2116,crossover,0,crossover,,has_brake_checker|has_cluster|distance_to_nearest,2,1,0,1,0,0,5.0,5.0,15.0,20.0,1,177,112.95021057128906,4.74558936065789,,out_of_road
2117,fresh,3,fresh,,,0,0,0,4,1,0,15.0,5.0,10.0,20.0,3,96,27.115367889404297,2.623690005391836,,crash_vehicle
2118,crossover,5,crossover,,select_lane|ego_on_intersection|intersection_has_cars|distractor_cars|intersection_cars|has_cluster|maximum_distractor_speed|cluster_dist|brake_dist,6,1,0,12,0,1,10.0,20.0,5.0,10.0,3,1000,23.528005599975586,0.028648711760295556,,max_step
2119,fresh,2,fresh,,,0,1,1,3,0,0,20.0,40.0,10.0,10.0,2,82,30.61309051513672,1.0165108471381954,,out_of_road
2120,crossover,1,crossover,,select_lane|ego_on_intersection|intersection_has_cars|distractor_cars|intersection_cars|has_cluster,0,0,0,2,1,0,5.0,40.0,10.0,55.0,0,111,51.84103775024414,1.0311297342046961,,crash_vehicle
2121,fresh,4,fresh,,,0,1,0,8,0,1,15.0,10.0,5.0,20.0,3,1000,9.093256950378418,0.015833596251904964,,max_step
2122,mutation,5,mutation,select_road|select_lane|ego_on_intersection|intersection_has_cars,,1,0,0,12,1,0,15.0,5.0,10.0,20.0,1,248,-5.4326276779174805,0.05560760189508719,,crash_vehicle
2123,fresh,1,fresh,,,0,0,0,2,1,1,20.0,10.0,10.0,20.0,2,83,38.477561950683594,1.4583237302231502,,out_of_road
2124,crossover,3,crossover,,select_lane|ego_on_intersection|intersection_has_cars|maximum_distractor_speed|distance_to_nearest,3,1,0,5,0,0,15.0,5.0,15.0,20.0,1,1000,3.7866411209106445,0.008444761169608682,,max_step
2125,fresh,3,fresh,,,0,0,0,5,1,1,20.0,5.0,15.0,20.0,1,1000,13.735198020935059,0.06818475381005555,,max_step
2126,replay,3,replay,,,0,0,0,5,1,1,20.0,5.0,15.0,20.0,1,234,194.43191528320312,7.254874051126659,,out_of_road
2127,fresh,6,fresh,,,0,0,0,18,0,1,10.0,10.0,5.0,10.0,3,528,3.4287710189819336,0.02439640306825326,,crash_vehicle
2128,mutation,1,mutation,brake_dist,,0,0,0,2,0,0,15.0,20.0,10.0,55.0,0,89,41.17645263671875,2.0752408095959867,,crash_vehicle
2129,fresh,1,fresh,,,0,1,1,2,1,0,20.0,40.0,5.0,55.0,2,131,84.5494384765625,2.487948833303597,,crash_vehicle
2130,crossover,1,crossover,,intersection_cars|maximum_distractor_speed|distance_to_nearest|cluster_dist,2,0,0,2,1,0,20.0,40.0,15.0,55.0,0,103,43.951107025146484,2.8684997975247577,,out_of_road
2131,fresh,4,fresh,,,0,0,0,8,0,1,20.0,40.0,10.0,55.0,3,1000,42.140525817871094,0.21262170480843634,,max_step
2132,crossover,0,crossover,,distractor_cars|has_brake_checker|maximum_distractor_speed|cluster_dist,2,0,0,0,0,0,10.0,40.0,5.0,10.0,0,78,32.536624908447266,0.5354841427925305,,out_of_road
2133,fresh,5,fresh,,,0,1,0,12,0,0,10.0,10.0,10.0,35.0,0,34,1.06679105758667,0.22324393777286305,,out_of_road
2134,replay,5,replay,,,0,1,0,12,0,0,10.0,10.0,10.0,35.0,0,120,70.4696273803711,4.489182973901431,,out_of_road
2135,fresh,3,fresh,,,0,1,1,4,1,0,20.0,10.0,15.0,55.0,0,106,33.38054275512695,1.885347844294782,,out_of_road
2136,mutation,0,mutation,has_cluster,,0,0,0,0,0,0,20.0,10.0,5.0,35.0,0,91,32.77946472167969,1.810439027927734,,out_of_road
2137,fresh,2,fresh,,,0,1,0,3,1,1,5.0,40.0,5.0,55.0,1,1000,23.611408233642578,0.030915734868496657,,max_step
2138,replay,2,replay,,,0,1,0,3,1,1,5.0,40.0,5.0,55.0,1,229,161.47415161132812,7.149160017743381,,out_of_road
2139,fresh,6,fresh,,,0,0,0,18,1,0,20.0,40.0,5.0,55.0,1,236,74.57809448242188,1.6995829795250448,,crash_vehicle
2140,mutation,0,mutation,has_cluster,,0,0,0,0,0,0,10.0,5.0,5.0,20.0,0,106,39.71542739868164,0.7865333766237183,,out_of_road
2141,fresh,1,fresh,,,0,0,0,2,0,1,20.0,20.0,15.0,20.0,1,36,0.9236850738525391,0.0,,out_of_road
2142,replay,1,replay,,,0,0,0,2,0,1,20.0,20.0,15.0,20.0,1,108,53.50444030761719,1.8622749436784674,,crash_vehicle
2143,fresh,5,fresh,,,0,0,0,12,1,1,10.0,10.0,5.0,55.0,3,52,1.3302679061889648,0.0990095971008906,,out_of_road
2144,mutation,1,mutation,intersection_cars,,1,1,1,2,1,0,20.0,40.0,5.0,55.0,2,105,39.54173278808594,0.438978730567864,,out_of_road
2145,fresh,4,fresh,,,0,0,0,8,0,1,20.0,10.0,15.0,20.0,3,94,32.820430755615234,2.764044813653256,,crash_vehicle
2146,replay,4,replay,,,0,0,0,8,0,1,20.0,10.0,15.0,20.0,3,187,50.34834289550781,1.941778789667841,,out_of_road
2147,fresh,3,fresh,,,0,0,0,4,0,0,5.0,5.0,10.0,35.0,2,63,-1.2564740180969238,0.001529899440587513,,crash_vehicle
2148,crossover,3,crossover,,has_cluster|distance_to_nearest,3,0,0,4,1,0,5.0,40.0,15.0,55.0,0,49,4.179926872253418,0.2712022923693365,,out_of_road
2149,fresh,3,fresh,,,0,0,0,4,1,0,5.0,40.0,15.0,55.0,1,732,39.2469482421875,0.11954404317355292,,crash_vehicle
2150,mutation,1,mutation,select_road|select_lane|ego_on_intersection|intersection_has_cars,,1,0,0,2,0,0,20.0,40.0,15.0,35.0,0,43,3.407258987426758,0.2219973275827807,,out_of_road
2151,fresh,3,fresh,,,0,0,0,5,0,1,5.0,20.0,15.0,10.0,1,37,2.1196861267089844,0.006516974318671871,,out_of_road
2152,mutation,5,mutation,has_cluster,,1,1,0,12,0,1,10.0,40.0,15.0,20.0,1,78,20.28809928894043,1.0375975844187615,,crash_vehicle
2153,fresh,0,fresh,,,0,0,0,1,1,0,20.0,40.0,10.0,55.0,1,107,48.48472595214844,2.4437078633041027,,out_of_road
2154,mutation,1,mutation,intersection_cars,,1,1,0,2,0,0,15.0,40.0,15.0,10.0,1,658,134.080322265625,1.3457988816169077,,crash_vehicle
2155,fresh,1,fresh,,,0,1,1,2,0,1,20.0,5.0,10.0,10.0,2,43,3.2246360778808594,0.0,,out_of_road
2156,mutation,2,mutation,select_road|select_lane|ego_on_intersection|intersection_has_cars,,2,0,0,3,0,0,5.0,40.0,10.0,35.0,3,92,41.180946350097656,1.1493696434342342,,out_of_road
2157,fresh,2,fresh,,,0,0,0,3,1,1,10.0,5.0,5.0,55.0,0,1000,4.190644264221191,0.014921928090974689,,max_step
2158,crossover,0,crossover,,intersection_cars|has_cluster|maximum_distractor_speed|cluster_dist|brake_dist,2,0,0,0,0,0,10.0,10.0,15.0,55.0,0,187,148.67926025390625,9.012434093072452,,out_of_road
2159,fresh,2,fresh,,,0,0,0,3,1,1,5.0,10.0,10.0,20.0,1,1000,9.514935493469238,0.007343553286511451,,max_step
2160,crossover,0,crossover,,select_lane|ego_on_intersection|intersection_has_cars|has_brake_checker|intersection_cars|maximum_distractor_speed|distance_to_nearest|cluster_dist,6,0,0,1,0,1,10.0,10.0,5.0,55.0,0,123,56.08445358276367,4.776458594857193,,crash_vehicle
2161,fresh,1,fresh,,,0,1,1,2,0,0,20.0,5.0,10.0,55.0,2,57,11.331827163696289,0.46850852524502234,,out_of_road
2162,replay,1,replay,,,0,1,1,2,0,0,20.0,5.0,10.0,55.0,2,97,46.70806121826172,2.7052243984851643,,out_of_road
2163,fresh,0,fresh,,,0,0,0,0,0,0,10.0,40.0,15.0,35.0,0,89,38.27716827392578,0.17490983109795646,,out_of_road
2164,replay,0,replay,,,0,0,0,0,0,0,10.0,40.0,15.0,35.0,0,113,46.85557556152344,2.252121691814566,,out_of_road
2165,fresh,3,fresh,,,0,1,0,4,0,0,10.0,10.0,15.0,55.0,0,85,-0.25269126892089844,0.08568048380753573,,out_of_road
2166,mutation,0,mutation,has_brake_checker,,0,0,0,0,1,0,10.0,40.0,10.0,10.0,0,56,2.7506799697875977,0.492719530793173,,out_of_road
2167,fresh,6,fresh,,,0,1,0,18,0,0,5.0,40.0,15.0,55.0,0,43,2.551368236541748,0.062772041143373,,out_of_road
2168,crossover,3,crossover,,maximum_distractor_speed|cluster_dist,1,0,0,5,0,0,10.0,10.0,10.0,55.0,0,49,1.6127777099609375,0.5946682496946685,,out_of_road
2169,fresh,1,fresh,,,0,0,0,2,0,1,20.0,10.0,15.0,35.0,2,35,0.4314274787902832,0.08009099960327148,,out_of_road
2170,crossover,6,crossover,,distractor_cars|has_cluster,0,0,0,18,1,0,20.0,40.0,5.0,55.0,1,116,68.03292083740234,1.8427766397081573,,crash_vehicle
2171,fresh,4,fresh,,,0,0,0,8,0,1,20.0,40.0,15.0,10.0,2,81,38.1796875,0.6657096754621576,,crash_vehicle
2172,replay,4,replay,,,0,0,0,8,0,1,20.0,40.0,15.0,10.0,2,257,239.21775817871094,10.254642326196343,,out_of_road
2173,fresh,5,fresh,,,0,1,1,12,0,0,20.0,5.0,5.0,20.0,1,93,6.359360694885254,1.547097674941504,,out_of_road
2174,crossover,3,crossover,,distractor_cars|has_brake_checker|has_cluster|maximum_distractor_speed|distance_to_nearest|cluster_dist|brake_dist,4,1,1,4,0,1,20.0,40.0,10.0,10.0,3,183,147.97027587890625,7.241138811564185,,out_of_road
2175,fresh,1,fresh,,,0,0,0,2,0,0,15.0,5.0,15.0,35.0,1,1000,4.9207539558410645,0.022554995791986585,,max_step
2176,replay,1,replay,,,0,0,0,2,0,0,15.0,5.0,15.0,35.0,1,141,81.33362579345703,4.2577278899385576,,out_of_road
2177,fresh,3,fresh,,,0,0,0,5,1,1,15.0,5.0,15.0,55.0,1,1000,2.961515426635742,0.010666757099330425,,max_step
2178,crossover,1,crossover,,distance_to_nearest,0,1,0,2,0,0,15.0,40.0,15.0,10.0,0,43,4.652461051940918,0.6461481105449588,,out_of_road
2179,fresh,5,fresh,,,0,0,0,12,0,1,15.0,5.0,15.0,20.0,0,321,70.61172485351562,2.052065915036424,,crash_vehicle
2180,crossover,5,crossover,,distractor_cars|has_brake_checker|maximum_distractor_speed|cluster_dist,1,1,0,12,0,1,15.0,40.0,10.0,10.0,1,1000,47.285301208496094,0.16155390052497387,,max_step
2181,fresh,3,fresh,,,0,0,0,4,1,0,5.0,5.0,5.0,20.0,3,112,8.381020545959473,2.0350759167756354,,out_of_road
2182,crossover,0,crossover,,distractor_cars|intersection_cars|maximum_distractor_speed|distance_to_nearest|cluster_dist,2,0,0,0,0,0,15.0,40.0,5.0,20.0,0,157,81.84968566894531,4.255613090885673,,out_of_road
2183,fresh,6,fresh,,,0,0,0,18,1,0,5.0,40.0,5.0,55.0,0,103,46.36358642578125,0.8150385577701827,,crash_vehicle
2184,crossover,2,crossover,,intersection_cars|has_cluster|distance_to_nearest|cluster_dist,3,0,0,3,0,0,20.0,40.0,10.0,35.0,3,93,39.85285949707031,4.487965768383395,,out_of_road
2185,fresh,4,fresh,,,0,1,1,8,1,1,20.0,40.0,5.0,55.0,2,85,32.926658630371094,0.41073948399109,,crash_vehicle
2186,replay,4,replay,,,0,1,1,8,1,1,20.0,40.0,5.0,55.0,2,93,44.24148178100586,0.6282252801522132,,crash_vehicle
2187,fresh,0,fresh,,,0,1,0,0,0,0,20.0,40.0,15.0,55.0,0,137,88.32438659667969,2.6247344708790745,,out_of_road
2188,replay,0,replay,,,0,1,0,0,0,0,20.0,40.0,15.0,55.0,0,110,55.89616012573242,0.796512195603414,,crash_vehicle
2189,fresh,0,fresh,,,0,0,0,1,0,0,20.0,10.0,15.0,20.0,1,129,58.37014389038086,3.1971273133459017,,out_of_road
2190,replay,0,replay,,,0,0,0,1,0,0,20.0,10.0,15.0,20.0,1,87,37.39445114135742,1.2434023611847012,,crash_vehicle
2191,fresh,0,fresh,,,0,1,1,1,0,1,5.0,40.0,15.0,20.0,1,81,32.071773529052734,0.865514079729716,,out_of_road
2192,mutation,4,mutation,distance_to_nearest,,1,1,0,8,1,0,20.0,10.0,10.0,55.0,1,101,26.98958396911621,1.1244019966314334,,crash_vehicle
2193,fresh,4,fresh,,,0,0,0,8,0,1,5.0,20.0,10.0,20.0,2,1000,19.794567108154297,0.02604079817526508,,max_step
2194,crossover,4,crossover,,distractor_cars|intersection_cars|has_cluster|maximum_distractor_speed|distance_to_nearest|cluster_dist|brake_dist,5,1,0,8,1,0,20.0,40.0,15.0,55.0,0,79,27.47570037841797,0.46512460105026826,,out_of_road
2195,fresh,5,fresh,,,0,1,0,12,1,1,20.0,5.0,15.0,20.0,3,1000,24.688966751098633,0.13577575359679758,,max_step
2196,replay,5,replay,,,0,1,0,12,1,1,20.0,5.0,15.0,20.0,3,120,24.874732971191406,2.2722830147792896,,out_of_road
2197,fresh,5,fresh,,,0,0,0,12,0,1,5.0,20.0,15.0,10.0,1,71,21.95812225341797,0.311535905154658,,crash_vehicle
2198,mutation,1,mutation,distance_to_nearest,,1,0,0,2,1,1,5.0,10.0,10.0,55.0,2,45,5.718069076538086,1.224965410762363,,out_of_road
2199,fresh,3,fresh,,,0,1,0,5,1,0,20.0,20.0,10.0,55.0,2,40,2.2460203170776367,0.040457870811223984,,out_of_road
2200,replay,3,replay,,,0,1,0,5,1,0,20.0,20.0,10.0,55.0,2,62,0.7004303932189941,0.011675180927399666,,out_of_road
2201,fresh,3,fresh,,,0,1,1,4,0,0,20.0,5.0,15.0,55.0,1,943,-2.560786247253418,0.029724860868060195,,crash_vehicle
2202,mutation,0,mutation,brake_dist,,1,1,0,1,0,0,10.0,10.0,15.0,10.0,1,135,90.65768432617188,3.574412194115144,,out_of_road
2203,fresh,0,fresh,,,0,0,0,0,1,0,20.0,40.0,10.0,20.0,0,97,40.19950485229492,2.3729277959803947,,crash_vehicle
2204,mutation,3,mutation,brake_dist,,0,1,0,5,0,0,5.0,10.0,15.0,20.0,1,184,1.7893223762512207,0.09512411252312038,,out_of_road
2205,fresh,5,fresh,,,0,0,0,12,0,1,15.0,5.0,15.0,35.0,2,1000,2.6861886978149414,0.04503737444104627,,max_step
2206,crossover,2,crossover,,has_brake_checker|intersection_cars|has_cluster|maximum_distractor_speed,3,1,0,3,1,1,20.0,5.0,10.0,20.0,3,31,2.335505485534668,0.21534730542090633,,crash_vehicle
2207,fresh,3,fresh,,,0,1,1,4,0,1,5.0,10.0,15.0,10.0,3,202,36.9512825012207,1.2277940473712907,,crash_vehicle
2208,mutation,3,mutation,distractor_cars,,1,0,0,4,0,1,5.0,5.0,15.0,10.0,1,76,-4.3753557205200195,0.0004603697330151734,,out_of_road
2209,fresh,0,fresh,,,0,1,0,0,0,0,20.0,20.0,15.0,35.0,0,202,145.0809326171875,8.487261912610272,,out_of_road
2210,crossover,1,crossover,,select_lane|ego_on_intersection|intersection_has_cars|distractor_cars|has_cluster|maximum_distractor_speed|brake_dist,4,0,0,2,1,0,5.0,5.0,5.0,20.0,2,112,49.447731018066406,1.8498826153310282,,crash_vehicle
2211,fresh,0,fresh,,,0,1,0,0,1,0,5.0,40.0,10.0,10.0,0,999,6.265809059143066,0.05014964120949174,,crash_vehicle
2212,mutation,4,mutation,has_cluster,,0,0,0,8,1,0,20.0,10.0,15.0,55.0,1,145,56.60545349121094,2.4331247950165436,,out_of_road
2213,fresh,3,fresh,,,0,1,0,4,1,1,5.0,40.0,10.0,55.0,3,102,32.965675354003906,1.400636913729649,,out_of_road
2214,replay,3,replay,,,0,1,0,4,1,1,5.0,40.0,10.0,55.0,3,118,71.70474243164062,4.370352987263162,,crash_vehicle
2215,fresh,0,fresh,,,0,0,0,1,1,1,10.0,20.0,10.0,55.0,1,22,-3.9248080253601074,0.0,,out_of_road
2216,crossover,1,crossover,,distractor_cars|has_brake_checker|has_cluster|maximum_distractor_speed|distance_to_nearest|cluster_dist|brake_dist,2,0,0,2,0,1,20.0,40.0,15.0,55.0,2,34,-6.636507987976074,0.0,,out_of_road
2217,fresh,1,fresh,,,0,0,0,2,0,1,5.0,10.0,10.0,10.0,1,140,62.158355712890625,5.513069298091744,,out_of_road
2218,crossover,3,crossover,,select_lane|ego_on_intersection|intersection_has_cars|has_brake_checker|intersection_cars|cluster_dist,4,0,0,5,0,1,20.0,10.0,10.0,55.0,0,1000,13.550307273864746,0.06502483849599958,,max_step
2219,fresh,2,fresh,,,0,1,0,3,0,1,5.0,10.0,15.0,20.0,3,159,98.06523895263672,6.121592160759482,,out_of_road
2220,replay,2,replay,,,0,1,0,3,0,1,5.0,10.0,15.0,20.0,3,164,61.26734924316406,3.5655760870474142,,arrive_dest
2221,fresh,4,fresh,,,0,0,0,8,1,0,5.0,5.0,5.0,20.0,2,1000,2.281010866165161,0.025040830285288394,,max_step
2222,crossover,1,crossover,,select_lane|ego_on_intersection|intersection_has_cars|distractor_cars|has_brake_checker|intersection_cars|cluster_dist,4,0,0,2,0,1,15.0,40.0,10.0,55.0,2,125,78.22232055664062,6.117248438835144,,out_of_road
2223,fresh,4,fresh,,,0,0,0,8,0,0,15.0,5.0,15.0,10.0,0,48,-2.7208614349365234,0.10391285192842285,,out_of_road
2224,crossover,3,crossover,,distractor_cars|has_brake_checker|has_cluster|maximum_distractor_speed|distance_to_nearest|cluster_dist|brake_dist,5,1,1,5,0,1,15.0,5.0,10.0,10.0,0,1000,14.535294532775879,0.05752617867384106,,max_step
2225,fresh,3,fresh,,,0,1,0,4,0,1,15.0,40.0,5.0,55.0,1,78,33.513057708740234,0.3514246573814979,,crash_vehicle
2226,replay,3,replay,,,0,1,0,4,0,1,15.0,40.0,5.0,55.0,1,99,46.380714416503906,1.2876157615371424,,crash_vehicle
2227,fresh,3,fresh,,,0,0,0,5,1,1,10.0,40.0,10.0,55.0,3,119,46.01387405395508,1.9167305847175984,,out_of_road
2228,replay,3,replay,,,0,0,0,5,1,1,10.0,40.0,10.0,55.0,3,100,45.68524169921875,2.8262256503105165,,crash_vehicle
2229,fresh,4,fresh,,,0,0,0,8,1,0,5.0,10.0,10.0,20.0,3,1000,52.71148681640625,0.25597772762179377,,max_step
2230,replay,4,replay,,,0,0,0,8,1,0,5.0,10.0,10.0,20.0,3,482,93.19610595703125,1.9137714407232849,,crash_vehicle
2231,fresh,2,fresh,,,0,0,0,3,1,0,15.0,5.0,5.0,20.0,1,1000,1.9965457916259766,0.004126159235835075,,max_step
2232,replay,2,replay,,,0,0,0,3,1,0,15.0,5.0,5.0,20.0,1,209,185.6311798095703,7.649758467691367,,out_of_road
2233,fresh,0,fresh,,,0,1,0,1,1,1,5.0,20.0,5.0,35.0,1,59,5.844098091125488,0.7652090282763465,,out_of_road
2234,replay,0,replay,,,0,1,0,1,1,1,5.0,20.0,5.0,35.0,1,51,0.21320772171020508,0.8348922881425596,,out_of_road
2235,fresh,4,fresh,,,0,0,0,8,1,1,5.0,10.0,10.0,35.0,1,37,5.196050643920898,0.1249401247179186,,crash_vehicle
2236,mutation,0,mutation,intersection_cars,,0,0,0,0,1,0,5.0,5.0,10.0,10.0,0,95,33.303348541259766,3.102143404515166,,crash_vehicle
2237,fresh,3,fresh,,,0,0,0,5,1,0,5.0,10.0,5.0,35.0,1,411,4.104632377624512,0.1349763148928791,,crash_vehicle
2238,crossover,2,crossover,,distractor_cars|has_cluster|distance_to_nearest|cluster_dist,3,0,0,3,1,0,20.0,10.0,10.0,55.0,1,137,82.89772033691406,6.750907828337954,,crash_vehicle
2239,fresh,0,fresh,,,0,1,1,0,1,0,20.0,5.0,5.0,35.0,0,111,49.87849426269531,2.175179816849597,,crash_vehicle
2240,crossover,3,crossover,,distractor_cars|intersection_cars|has_cluster|maximum_distractor_speed|cluster_dist|brake_dist,2,0,0,5,0,0,10.0,40.0,15.0,55.0,1,55,14.896507263183594,0.903288209438324,,out_of_road
2241,fresh,3,fresh,,,0,0,0,4,0,1,10.0,20.0,15.0,55.0,1,42,4.735984802246094,0.3897877385218938,,out_of_road
2242,mutation,6,mutation,cluster_dist,,1,0,0,18,0,1,10.0,20.0,5.0,35.0,1,740,127.65583801269531,1.6340430491314446,,crash_vehicle
2243,fresh,2,fresh,,,0,1,0,3,1,0,20.0,20.0,15.0,35.0,2,80,37.727638244628906,1.3408194420859219,,crash_vehicle
2244,mutation,3,mutation,distance_to_nearest,,0,0,0,4,1,0,5.0,5.0,5.0,20.0,3,85,7.328914642333984,2.965113620547687,,out_of_road
2245,fresh,5,fresh,,,0,0,0,12,0,0,15.0,20.0,15.0,55.0,0,67,21.818988800048828,0.02583985898032117,,crash_vehicle
2246,replay,5,replay,,,0,0,0,12,0,0,15.0,20.0,15.0,55.0,0,226,176.32901000976562,8.791946835090629,,out_of_road
2247,fresh,3,fresh,,,0,0,0,4,1,1,15.0,40.0,10.0,55.0,3,106,43.12263488769531,1.6948072901874218,,out_of_road
2248,mutation,1,mutation,intersection_cars,,0,0,0,2,1,1,5.0,5.0,10.0,55.0,2,211,167.53843688964844,8.486339448752561,,out_of_road
2249,fresh,3,fresh,,,0,1,0,4,0,1,20.0,40.0,5.0,10.0,0,77,31.761474609375,0.6789891743040705,,crash_vehicle
2250,replay,3,replay,,,0,1,0,4,0,1,20.0,40.0,5.0,10.0,0,74,26.992345809936523,1.5608088132497426,,out_of_road
2251,fresh,3,fresh,,,0,1,0,5,1,0,15.0,20.0,5.0,35.0,1,66,20.40836524963379,1.0242878817247623,,out_of_road
2252,crossover,2,crossover,,distractor_cars|has_brake_checker|maximum_distractor_speed|distance_to_nearest,1,1,0,3,0,0,5.0,10.0,5.0,20.0,2,53,4.490578651428223,1.4516949766087082,,out_of_road
2253,fresh,2,fresh,,,0,0,0,3,1,0,20.0,5.0,15.0,20.0,1,110,-7.070819854736328,0.022931777347217908,,out_of_road
2254,mutation,0,mutation,distance_to_nearest,,1,0,0,0,0,0,20.0,5.0,5.0,20.0,0,157,109.32372283935547,7.488855736650479,,out_of_road
2255,fresh,5,fresh,,,0,0,0,12,1,0,5.0,40.0,15.0,55.0,0,81,23.910057067871094,1.513166778617435,,crash_vehicle
2256,mutation,4,mutation,distance_to_nearest,,1,1,1,8,0,0,20.0,40.0,5.0,55.0,2,216,187.8199462890625,7.836151643483727,,out_of_road
2257,fresh,0,fresh,,,0,1,1,0,0,0,20.0,5.0,15.0,55.0,0,157,104.59855651855469,3.5498180274560953,,out_of_road
2258,crossover,0,crossover,,select_lane|ego_on_intersection|intersection_has_cars|distractor_cars|has_brake_checker|maximum_distractor_speed|cluster_dist,5,0,0,0,0,0,5.0,10.0,15.0,55.0,0,94,37.904563903808594,0.7778218692921578,,out_of_road
2259,fresh,5,fresh,,,0,0,0,12,0,0,10.0,20.0,10.0,35.0,1,71,28.242996215820312,0.1748968778361737,,crash_vehicle
2260,replay,5,replay,,,0,0,0,12,0,0,10.0,20.0,10.0,35.0,1,60,37.904029846191406,3.0472714682420095,,arrive_dest
2261,fresh,5,fresh,,,0,1,0,12,0,0,10.0,40.0,5.0,55.0,3,95,47.8903923034668,3.055587060239754,,crash_vehicle
2262,replay,5,replay,,,0,1,0,12,0,0,10.0,40.0,5.0,55.0,3,271,180.23805236816406,6.485288729966786,,out_of_road
2263,fresh,2,fresh,,,0,0,0,3,1,0,20.0,5.0,5.0,20.0,3,139,33.464168548583984,1.8201237539057251,,out_of_road
2264,crossover,2,crossover,,distractor_cars|intersection_cars|maximum_distractor_speed|distance_to_nearest|cluster_dist,1,0,0,3,0,0,20.0,20.0,15.0,35.0,0,93,28.849224090576172,1.8314589787554998,,out_of_road
2265,fresh,1,fresh,,,0,1,1,2,0,0,5.0,20.0,15.0,10.0,1,1000,56.37073516845703,0.2812297070324421,,max_step
2266,mutation,0,mutation,distance_to_nearest,,1,0,0,0,0,0,10.0,20.0,5.0,20.0,0,208,178.81228637695312,7.230621950700879,,out_of_road
2267,fresh,0,fresh,,,0,1,1,1,1,0,5.0,20.0,5.0,35.0,1,83,33.1317024230957,0.47901531641023704,,out_of_road
2268,crossover,1,crossover,,has_cluster,0,0,0,2,0,0,15.0,40.0,10.0,55.0,0,240,196.14764404296875,8.571357130507629,,out_of_road
2269,fresh,4,fresh,,,0,1,1,8,0,0,10.0,40.0,15.0,55.0,1,38,4.129542350769043,0.0,,out_of_road
2270,mutation,2,mutation,intersection_cars,,0,0,0,3,0,0,20.0,20.0,15.0,35.0,0,81,26.491498947143555,0.9691195473258878,,out_of_road
2271,fresh,1,fresh,,,0,0,0,2,1,1,15.0,40.0,5.0,55.0,0,217,84.72713470458984,2.353279050147753,,crash_vehicle
2272,crossover,4,crossover,,select_lane|ego_on_intersection|intersection_has_cars|distractor_cars|has_brake_checker|intersection_cars|has_cluster|distance_to_nearest|cluster_dist,4,0,0,8,0,0,20.0,10.0,15.0,20.0,2,146,42.6463623046875,2.575944714758494,,out_of_road
2273,fresh,3,fresh,,,0,1,1,4,1,0,10.0,20.0,10.0,35.0,0,83,40.326473236083984,1.7806995776762444,,crash_vehicle
2274,crossover,1,crossover,,distractor_cars|has_brake_checker|has_cluster|maximum_distractor_speed|distance_to_nearest|cluster_dist,2,1,1,2,0,0,10.0,40.0,15.0,55.0,2,75,30.2755126953125,0.615914052327474,,out_of_road
2275,fresh,3,fresh,,,0,1,0,4,1,0,15.0,5.0,5.0,20.0,3,153,51.50105285644531,2.883495542543386,,crash_vehicle
2276,crossover,0,crossover,,has_brake_checker|cluster_dist,0,0,0,0,0,0,15.0,10.0,15.0,35.0,0,95,49.551979064941406,0.873525567901762,,out_of_road
2277,fresh,6,fresh,,,0,0,0,18,1,0,5.0,20.0,15.0,35.0,3,149,17.458288192749023,0.3770299866895548,,crash_vehicle
2278,mutation,4,mutation,cluster_dist,,1,0,0,8,0,0,20.0,40.0,10.0,20.0,1,176,128.1827392578125,6.153532335026697,,crash_vehicle
2279,fresh,3,fresh,,,0,1,1,4,0,1,5.0,5.0,10.0,10.0,3,171,31.246143341064453,1.9838171406098974,,out_of_road
2280,crossover,1,crossover,,intersection_cars|has_cluster|maximum_distractor_speed|distance_to_nearest|cluster_dist|brake_dist,6,0,0,2,0,1,20.0,20.0,5.0,20.0,2,45,6.085254669189453,0.20410535335540772,,out_of_road
2281,fresh,5,fresh,,,0,1,1,12,0,1,15.0,5.0,10.0,35.0,3,1000,8.440264701843262,0.03591556177288294,,max_step
2282,replay,5,replay,,,0,1,1,12,0,1,15.0,5.0,10.0,35.0,3,130,73.80485534667969,3.448764565357795,,out_of_road
2283,fresh,3,fresh,,,0,0,0,4,0,0,20.0,20.0,10.0,55.0,3,85,38.89912796020508,2.7988905343939274,,out_of_road
2284,replay,3,replay,,,0,0,0,4,0,0,20.0,20.0,10.0,55.0,3,177,23.428133010864258,1.3790158099458043,,crash_vehicle
2285,fresh,0,fresh,,,0,0,0,0,0,0,5.0,20.0,15.0,55.0,0,43,4.101107597351074,0.15886057254879973,,out_of_road
2286,replay,0,replay,,,0,0,0,0,0,0,5.0,20.0,15.0,55.0,0,156,107.51101684570312,7.672807100491646,,arrive_dest
2287,fresh,1,fresh,,,0,1,0,2,0,0,5.0,5.0,5.0,35.0,2,37,1.8484516143798828,0.22235457961623734,,out_of_road
2288,replay,1,replay,,,0,1,0,2,0,0,5.0,5.0,5.0,35.0,2,85,29.41706085205078,2.6632780446725732,,out_of_road
2289,fresh,0,fresh,,,0,1,0,0,1,0,5.0,40.0,10.0,55.0,0,84,32.867332458496094,0.025646519093286423,,out_of_road
2290,crossover,3,crossover,,has_cluster|maximum_distractor_speed|distance_to_nearest|brake_dist,2,0,0,4,1,1,10.0,20.0,5.0,35.0,0,1000,25.863414764404297,0.038187738169915976,,max_step
2291,fresh,4,fresh,,,0,0,0,8,1,0,5.0,10.0,5.0,55.0,2,320,8.01939868927002,0.05310286987223663,,crash_vehicle
2292,replay,4,replay,,,0,0,0,8,1,0,5.0,10.0,5.0,55.0,2,100,58.73365020751953,3.4094500225782394,,out_of_road
2293,fresh,0,fresh,,,0,0,0,0,0,0,20.0,10.0,15.0,55.0,0,182,124.5631103515625,5.004402659751556,,out_of_road
2294,mutation,2,mutation,cluster_dist,,1,0,0,3,1,0,10.0,5.0,5.0,55.0,2,689,2.888124942779541,0.12135646735549147,,crash_vehicle
2295,fresh,3,fresh,,,0,1,1,5,0,0,15.0,5.0,15.0,35.0,2,235,129.3169708251953,5.976703971687783,,out_of_road
2296,replay,3,replay,,,0,1,1,5,0,0,15.0,5.0,15.0,35.0,2,203,165.37442016601562,6.603324644230857,,out_of_road
2297,fresh,4,fresh,,,0,1,0,8,0,1,5.0,5.0,10.0,55.0,0,103,28.81708526611328,3.362672008646345,,crash_vehicle
2298,replay,4,replay,,,0,1,0,8,0,1,5.0,5.0,10.0,55.0,0,81,35.014808654785156,0.31268393993377686,,out_of_road
2299,fresh,3,fresh,,,0,0,0,5,1,1,10.0,20.0,15.0,35.0,2,102,29.785240173339844,0.9004707760086247,,crash_vehicle
2300,crossover,3,crossover,,select_lane|ego_on_intersection|intersection_has_cars|distractor_cars|intersection_cars|maximum_distractor_speed|brake_dist,4,1,0,5,0,0,15.0,40.0,10.0,10.0,3,104,51.74083709716797,3.204433557505791,,crash_vehicle
2301,fresh,5,fresh,,,0,1,0,12,1,1,10.0,20.0,15.0,35.0,2,107,30.84457778930664,1.4258112199952668,,crash_vehicle
2302,crossover,5,crossover,,distractor_cars|has_brake_checker|maximum_distractor_speed|brake_dist,2,0,0,12,0,0,20.0,20.0,15.0,10.0,1,147,100.01495361328125,5.681919035051956,,out_of_road
2303,fresh,4,fresh,,,0,0,0,8,0,1,15.0,40.0,5.0,35.0,0,77,31.858280181884766,0.6864210073049967,,crash_vehicle
2304,crossover,1,crossover,,distractor_cars|has_brake_checker|has_cluster|cluster_dist,3,0,0,2,1,0,10.0,10.0,15.0,55.0,1,169,95.40770721435547,5.00464076191716,,crash_vehicle
2305,fresh,3,fresh,,,0,0,0,5,1,1,15.0,10.0,15.0,20.0,1,1000,7.856787204742432,0.053384486682713034,,max_step
2306,crossover,2,crossover,,select_lane|ego_on_intersection|intersection_has_cars|has_brake_checker|distance_to_nearest,3,1,0,3,0,0,5.0,10.0,5.0,35.0,3,62,3.8938331604003906,0.3704821938468564,,out_of_road
2307,fresh,1,fresh,,,0,0,0,2,1,0,5.0,20.0,5.0,35.0,0,1000,18.074569702148438,0.022372774839401244,,max_step
2308,mutation,3,mutation,select_road|select_lane|ego_on_intersection|intersection_has_cars,,2,1,0,4,1,1,5.0,20.0,15.0,35.0,0,371,68.40438079833984,1.406905007992954,,out_of_road
2309,fresh,0,fresh,,,0,1,0,0,0,0,15.0,20.0,15.0,55.0,0,74,32.04630661010742,0.33647701224765264,,out_of_road
2310,replay,0,replay,,,0,1,0,0,0,0,15.0,20.0,15.0,55.0,0,103,35.176002502441406,1.1651958033297827,,crash_vehicle
2311,fresh,3,fresh,,,0,0,0,5,0,1,15.0,5.0,5.0,35.0,2,1000,5.917072296142578,0.036400475590489804,,max_step
2312,mutation,0,mutation,intersection_cars,,0,1,0,0,0,0,15.0,40.0,5.0,10.0,0,239,228.59735107421875,10.362354591800578,,out_of_road
2313,fresh,0,fresh,,,0,1,0,0,0,0,15.0,40.0,5.0,35.0,0,137,93.35808563232422,3.5940826968119963,,out_of_road
2314,crossover,1,crossover,,select_lane|ego_on_intersection|intersection_has_cars|has_brake_checker|intersection_cars|has_cluster,2,0,0,2,1,1,15.0,40.0,5.0,55.0,0,181,60.990074157714844,1.886950251805848,,crash_vehicle
2315,fresh,0,fresh,,,0,0,0,1,0,1,10.0,40.0,5.0,10.0,1,1000,37.2589111328125,0.06760105210542679,,max_step
2316,crossover,0,crossover,,distractor_cars|intersection_cars|maximum_distractor_speed|cluster_dist,1,0,0,1,0,0,10.0,5.0,5.0,20.0,0,62,8.20661449432373,2.5865219331556752,,crash_vehicle
2317,fresh,3,fresh,,,0,1,0,5,1,1,15.0,20.0,15.0,35.0,0,44,3.056979179382324,0.0,,out_of_road
2318,mutation,1,mutation,distractor_cars,,2,0,0,2,1,0,5.0,5.0,10.0,20.0,0,1000,40.811805725097656,0.36270925384759906,,max_step
2319,fresh,5,fresh,,,0,1,1,12,1,0,15.0,40.0,5.0,55.0,2,1000,35.19255447387695,0.1918377644661814,,max_step
2320,replay,5,replay,,,0,1,1,12,1,0,15.0,40.0,5.0,55.0,2,93,25.14605140686035,1.7040386158292011,,out_of_road
2321,fresh,2,fresh,,,0,0,0,3,0,1,5.0,10.0,5.0,55.0,1,1000,5.242204189300537,0.00579147507622838,,max_step
2322,mutation,6,mutation,brake_dist,,1,0,0,18,0,0,10.0,5.0,15.0,10.0,1,1000,4.23323392868042,0.00573700562864542,,max_step
2323,fresh,4,fresh,,,0,0,0,8,1,0,15.0,20.0,5.0,35.0,0,99,35.65888214111328,1.7820263142236556,,crash_vehicle
2324,crossover,2,crossover,,distractor_cars|maximum_distractor_speed|distance_to_nearest|brake_dist,1,0,0,3,1,0,15.0,20.0,5.0,35.0,3,103,46.24081039428711,1.2307670446275507,,crash_vehicle
2325,fresh,4,fresh,,,0,0,0,8,1,0,20.0,40.0,10.0,55.0,2,1000,43.792823791503906,0.03354456408321858,,max_step
2326,replay,4,replay,,,0,0,0,8,1,0,20.0,40.0,10.0,55.0,2,31,1.0040192604064941,0.3415756533222814,,out_of_road
2327,fresh,1,fresh,,,0,1,0,2,0,0,5.0,40.0,10.0,35.0,2,53,13.588264465332031,1.7247555503305398,,out_of_road
2328,crossover,0,crossover,,distractor_cars|intersection_cars|maximum_distractor_speed|cluster_dist|brake_dist,2,0,0,0,0,0,15.0,40.0,15.0,35.0,0,50,8.708178520202637,0.05199548244476318,,out_of_road
2329,fresh,0,fresh,,,0,1,0,0,1,0,10.0,40.0,10.0,20.0,0,85,36.62966537475586,1.3721433541354011,,crash_vehicle
2330,replay,0,replay,,,0,1,0,0,1,0,10.0,40.0,10.0,20.0,0,252,25.741622924804688,1.6602552117158969,,out_of_road
2331,fresh,0,fresh,,,0,1,1,0,1,0,5.0,40.0,15.0,55.0,0,108,36.572879791259766,0.3372193177541097,,out_of_road
2332,crossover,2,crossover,,distractor_cars|has_cluster|maximum_distractor_speed|distance_to_nearest,2,1,0,3,0,0,20.0,10.0,10.0,35.0,1,134,71.82389068603516,6.757688052618682,,out_of_road
2333,fresh,6,fresh,,,0,1,0,18,0,1,20.0,5.0,10.0,20.0,3,347,-0.2232060432434082,0.2780399118101906,,crash_vehicle
2334,mutation,0,mutation,brake_dist,,0,0,0,0,0,0,10.0,5.0,5.0,35.0,0,76,11.011545181274414,2.7449676959138167,,out_of_road
2335,fresh,1,fresh,,,0,0,0,2,1,0,5.0,40.0,10.0,55.0,2,55,15.028257369995117,0.3930454874580557,,out_of_road
2336,replay,1,replay,,,0,0,0,2,1,0,5.0,40.0,10.0,55.0,2,44,2.5370116233825684,0.15963966196233575,,out_of_road
2337,fresh,2,fresh,,,0,1,1,3,0,1,15.0,5.0,15.0,20.0,2,176,56.341949462890625,3.0381742495493116,,out_of_road
2338,crossover,3,crossover,,select_lane|ego_on_intersection|intersection_has_cars|distractor_cars|intersection_cars|has_cluster|distance_to_nearest|cluster_dist|brake_dist,3,0,0,5,0,0,15.0,10.0,10.0,20.0,2,523,13.686161994934082,0.18053253765714783,,arrive_dest
2339,fresh,0,fresh,,,0,0,0,0,0,0,15.0,40.0,5.0,10.0,0,24,-3.7191433906555176,0.2689769466718038,,out_of_road
2340,crossover,4,crossover,,select_lane|ego_on_intersection|intersection_has_cars|distractor_cars|has_brake_checker|has_cluster|maximum_distractor_speed,4,1,0,8,0,0,15.0,20.0,15.0,35.0,1,148,88.25059509277344,5.238864729936059,,crash_vehicle
2341,fresh,4,fresh,,,0,0,0,8,0,0,10.0,20.0,15.0,35.0,0,68,19.72985076904297,1.1656284577706282,,out_of_road
2342,replay,4,replay,,,0,0,0,8,0,0,10.0,20.0,15.0,35.0,0,148,88.13925170898438,5.7065181248896835,,out_of_road
2343,fresh,2,fresh,,,0,0,0,3,1,0,15.0,10.0,5.0,55.0,3,21,-5.133731842041016,0.0,,out_of_road
2344,mutation,0,mutation,intersection_cars,,0,0,0,0,0,0,15.0,20.0,15.0,55.0,0,68,17.89169692993164,0.2739075790433323,,out_of_road
2345,fresh,3,fresh,,,0,1,1,4,0,1,20.0,20.0,15.0,10.0,0,92,30.852794647216797,1.178869422322706,,crash_vehicle
2346,replay,3,replay,,,0,1,1,4,0,1,20.0,20.0,15.0,10.0,0,114,37.54823684692383,2.003909140041,,out_of_road
2347,fresh,3,fresh,,,0,0,0,4,0,0,15.0,20.0,5.0,35.0,2,1000,31.750032424926758,0.08393848336022347,,max_step
2348,crossover,0,crossover,,select_lane|ego_on_intersection|intersection_has_cars|has_brake_checker|has_cluster|distance_to_nearest|brake_dist,2,0,0,0,1,0,5.0,40.0,15.0,20.0,0,112,45.667537689208984,1.9489014712827546,,crash_vehicle
2349,fresh,0,fresh,,,0,0,0,0,0,0,10.0,5.0,5.0,20.0,0,2,10.0,4.132668495178223,rejection_fallback,arrive_dest
2350,mutation,3,mutation,has_cluster,,0,0,0,5,1,0,20.0,5.0,5.0,20.0,1,155,44.54398727416992,1.892981477177912,,out_of_road
2351,fresh,6,fresh,,,0,1,0,18,1,0,15.0,40.0,10.0,55.0,0,92,44.607540130615234,2.625559701381818,,crash_vehicle
2352,crossover,3,crossover,,select_lane|ego_on_intersection|intersection_has_cars|has_brake_checker|intersection_cars|maximum_distractor_speed|distance_to_nearest|cluster_dist|brake_dist,6,0,0,5,0,0,20.0,10.0,10.0,55.0,0,131,29.7574462890625,1.085010003554457,,crash_vehicle
2353,fresh,5,fresh,,,0,0,0,12,0,0,15.0,10.0,5.0,55.0,1,194,92.70116424560547,4.971976726632757,,out_of_road
2354,crossover,2,crossover,,distance_to_nearest|cluster_dist,1,1,0,3,1,1,15.0,40.0,15.0,55.0,0,52,13.162689208984375,0.26877920444195086,,out_of_road
2355,fresh,5,fresh,,,0,0,0,12,1,1,20.0,40.0,5.0,55.0,2,617,31.51677703857422,0.025906125469981563,,crash_vehicle
2356,replay,5,replay,,,0,0,0,12,1,1,20.0,40.0,5.0,55.0,2,170,124.85142517089844,6.930663284484078,,out_of_road
2357,fresh,6,fresh,,,0,1,0,18,1,1,10.0,40.0,5.0,55.0,1,47,3.3386707305908203,0.0,,out_of_road
2358,crossover,0,crossover,,select_lane|ego_on_intersection|intersection_has_cars|has_brake_checker|cluster_dist,5,1,1,0,0,0,10.0,5.0,10.0,10.0,0,93,33.202598571777344,0.20008638965827164,,out_of_road
2359,fresh,1,fresh,,,0,1,0,2,1,0,5.0,40.0,5.0,55.0,1,91,44.09626388549805,1.0487467523787048,,out_of_road
2360,crossover,5,crossover,,has_brake_checker|has_cluster|maximum_distractor_speed|distance_to_nearest,4,1,0,12,0,1,10.0,20.0,5.0,55.0,3,59,10.835542678833008,0.19039987507513015,,out_of_road
2361,fresh,5,fresh,,,0,0,0,12,1,1,15.0,20.0,15.0,55.0,3,82,33.983245849609375,1.6584941483125455,,crash_vehicle
2362,mutation,3,mutation,cluster_dist,,1,0,0,4,1,0,20.0,20.0,15.0,35.0,0,71,12.342855453491211,0.24260606364884846,,out_of_road
2363,fresh,3,fresh,,,0,1,1,5,0,0,20.0,5.0,10.0,10.0,0,113,31.167556762695312,1.8384953557917503,,out_of_road
2364,crossover,2,crossover,,select_lane|ego_on_intersection|intersection_has_cars|has_brake_checker|maximum_distractor_speed|cluster_dist,5,1,1,3,0,1,20.0,40.0,15.0,55.0,1,132,67.34156036376953,2.6461501505762115,,crash_vehicle
2365,fresh,1,fresh,,,0,1,1,2,0,0,20.0,40.0,10.0,20.0,2,116,50.31307601928711,4.4568673991437615,,out_of_road
2366,mutation,1,mutation,maximum_distractor_speed,,1,1,0,2,0,0,15.0,5.0,5.0,10.0,2,156,108.04862213134766,4.142898176151973,,out_of_road
2367,fresh,3,fresh,,,0,1,0,5,1,1,10.0,10.0,15.0,35.0,2,1000,30.171463012695312,0.05869278071820736,,max_step
2368,mutation,1,mutation,maximum_distractor_speed,,0,0,0,2,1,1,5.0,5.0,10.0,55.0,2,36,-0.09373331069946289,0.15448015265994602,,out_of_road
2369,fresh,0,fresh,,,0,0,0,0,0,0,15.0,5.0,15.0,20.0,0,84,37.40645217895508,1.0213061360021432,,out_of_road
2370,mutation,2,mutation,brake_dist,,0,1,0,3,0,0,5.0,40.0,5.0,35.0,3,105,45.74120330810547,0.736934902270635,,out_of_road
2371,fresh,5,fresh,,,0,0,0,12,1,0,15.0,10.0,10.0,20.0,3,1000,9.225000381469727,0.010143630646169185,,max_step
2372,replay,5,replay,,,0,0,0,12,1,0,15.0,10.0,10.0,20.0,3,152,122.22342681884766,6.947264554469209,,out_of_road
2373,fresh,6,fresh,,,0,0,0,18,0,0,20.0,40.0,10.0,10.0,3,147,104.62557220458984,6.116886742260991,,out_of_road
2374,replay,6,replay,,,0,0,0,18,0,0,20.0,40.0,10.0,10.0,3,98,4.5419158935546875,0.9265598543748563,,out_of_road
2375,fresh,0,fresh,,,0,1,0,0,0,0,15.0,40.0,5.0,35.0,0,35,2.4786205291748047,0.1192716326032366,,out_of_road
2376,mutation,0,mutation,has_cluster,,0,0,0,0,0,0,10.0,5.0,5.0,35.0,0,167,118.18930053710938,6.656556723003616,,out_of_road
2377,fresh,6,fresh,,,0,1,1,18,1,0,10.0,10.0,15.0,20.0,2,1000,31.80512809753418,0.17840324595570564,,max_step
2378,replay,6,replay,,,0,1,1,18,1,0,10.0,10.0,15.0,20.0,2,221,186.09832763671875,6.897732991168941,,out_of_road
2379,fresh,0,fresh,,,0,1,0,1,1,1,5.0,20.0,15.0,35.0,1,126,73.3107681274414,2.455021697850454,,crash_vehicle
2380,replay,0,replay,,,0,1,0,1,1,1,5.0,20.0,15.0,35.0,1,79,36.16685104370117,0.6764319659788397,,crash_vehicle
2381,fresh,3,fresh,,,0,1,1,5,1,1,5.0,20.0,5.0,35.0,2,1000,155.72897338867188,1.4218974382728338,,max_step
2382,crossover,3,crossover,,select_lane|ego_on_intersection|intersection_has_cars|distractor_cars|has_brake_checker|intersection_cars|maximum_distractor_speed|distance_to_nearest,5,1,1,5,0,1,15.0,5.0,10.0,10.0,2,1000,-0.3742888867855072,0.0008494749069213867,,max_step
2383,fresh,4,fresh,,,0,1,0,8,1,0,10.0,40.0,10.0,55.0,1,82,31.412555694580078,0.4417335990725494,,out_of_road
2384,mutation,0,mutation,cluster_dist,,0,0,0,0,0,0,5.0,5.0,15.0,20.0,0,216,196.80052185058594,10.265168124878848,,out_of_road
2385,fresh,0,fresh,,,0,0,0,0,1,0,15.0,5.0,5.0,20.0,0,96,38.110191345214844,3.1017010156065226,,out_of_road
2386,replay,0,replay,,,0,0,0,0,1,0,15.0,5.0,5.0,20.0,0,423,124.62106323242188,2.6315741409541022,,out_of_road
2387,fresh,1,fresh,,,0,0,0,2,1,1,10.0,5.0,5.0,20.0,1,91,3.6955490112304688,0.5837918022176721,,out_of_road
2388,replay,1,replay,,,0,0,0,2,1,1,10.0,5.0,5.0,20.0,1,235,176.7778778076172,7.462400944182213,,out_of_road
2389,fresh,1,fresh,,,0,0,0,2,1,0,20.0,20.0,15.0,35.0,2,42,-10.605361938476562,0.0,,out_of_road
2390,replay,1,replay,,,0,0,0,2,1,0,20.0,20.0,15.0,35.0,2,165,126.37437438964844,6.990989322373362,,out_of_road
2391,fresh,1,fresh,,,0,0,0,2,0,0,10.0,5.0,10.0,55.0,2,217,147.21743774414062,5.369039985166717,,out_of_road
2392,crossover,1,crossover,,,0,1,0,2,0,0,15.0,40.0,15.0,10.0,0,84,32.54098129272461,0.560744950459117,,out_of_road
2393,fresh,4,fresh,,,0,0,0,8,0,1,10.0,40.0,15.0,10.0,1,69,21.777095794677734,0.43763651709625684,,crash_vehicle
2394,replay,4,replay,,,0,0,0,8,0,1,10.0,40.0,15.0,10.0,1,243,176.65313720703125,6.826508866538727,,out_of_road
2395,fresh,6,fresh,,,0,0,0,18,1,1,10.0,40.0,5.0,55.0,1,1000,37.54597854614258,0.08608519268222153,,max_step
2396,crossover,0,crossover,,distractor_cars|intersection_cars|maximum_distractor_speed|cluster_dist,1,0,0,0,0,0,10.0,20.0,5.0,20.0,0,156,96.55448913574219,6.042826778231523,,out_of_road
2397,fresh,4,fresh,,,0,0,0,8,1,0,15.0,10.0,5.0,55.0,0,352,148.15113830566406,4.15017921414057,,out_of_road
2398,crossover,0,crossover,,select_lane|ego_on_intersection|intersection_has_cars|has_brake_checker|intersection_cars|has_cluster|maximum_distractor_speed|distance_to_nearest|cluster_dist,7,0,0,1,0,0,10.0,20.0,5.0,35.0,0,383,203.4895782470703,5.570597547152646,,out_of_road
2399,fresh,4,fresh,,,0,1,1,8,0,0,10.0,20.0,5.0,55.0,1,50,7.815915107727051,0.23086692571640013,,out_of_road
2400,mutation,6,mutation,select_road|select_lane|ego_on_intersection|intersection_has_cars,,3,0,0,18,0,0,10.0,40.0,10.0,35.0,3,64,6.21171760559082,0.2839435636997223,,out_of_road
2401,fresh,1,fresh,,,0,1,1,2,0,0,20.0,5.0,5.0,35.0,2,112,56.09303665161133,1.3260868123865552,,out_of_road
2402,replay,1,replay,,,0,1,1,2,0,0,20.0,5.0,5.0,35.0,2,117,44.78517150878906,2.4457480823382354,,out_of_road
2403,fresh,0,fresh,,,0,0,0,1,1,1,20.0,10.0,15.0,55.0,0,1000,115.88865661621094,0.9937558106184006,,max_step
2404,replay,0,replay,,,0,0,0,1,1,1,20.0,10.0,15.0,55.0,0,161,87.78832244873047,5.549021203417956,,out_of_road
2405,fresh,6,fresh,,,0,0,0,18,0,0,20.0,40.0,15.0,10.0,2,1000,36.57215881347656,0.05640601995959878,,max_step
2406,replay,6,replay,,,0,0,0,18,0,0,20.0,40.0,15.0,10.0,2,43,5.663242340087891,0.37847866759050725,,out_of_road
2407,fresh,3,fresh,,,0,0,0,4,1,0,5.0,20.0,15.0,35.0,2,239,79.52578735351562,2.4283172932753505,,out_of_road
2408,mutation,4,mutation,brake_dist,,1,1,0,8,0,0,15.0,10.0,15.0,10.0,0,201,48.38679122924805,1.9679073073822468,,crash_vehicle
2409,fresh,3,fresh,,,0,1,1,5,1,1,15.0,20.0,10.0,55.0,0,135,46.65419387817383,1.9281938315541656,,out_of_road
2410,mutation,3,mutation,has_brake_checker,,1,1,1,4,1,1,10.0,5.0,5.0,35.0,1,1000,4.48280668258667,0.042080801114439965,,max_step
2411,fresh,2,fresh,,,0,1,0,3,0,0,15.0,5.0,10.0,55.0,3,127,52.20227813720703,2.836103342180177,,out_of_road
2412,replay,2,replay,,,0,1,0,3,0,0,15.0,5.0,10.0,55.0,3,1000,63.43571853637695,0.3295802352242172,,max_step
2413,fresh,4,fresh,,,0,0,0,8,0,1,15.0,5.0,15.0,10.0,3,1000,54.285736083984375,0.5331784552931785,,max_step
2414,replay,4,replay,,,0,0,0,8,0,1,15.0,5.0,15.0,10.0,3,279,220.9506072998047,7.745653797648713,,out_of_road
2415,fresh,6,fresh,,,0,1,0,18,0,0,15.0,40.0,10.0,10.0,1,1000,34.42203140258789,0.05740084247291088,,max_step
2416,mutation,1,mutation,has_cluster,,0,0,0,2,1,1,15.0,20.0,5.0,35.0,2,112,47.47447204589844,0.6523815730054464,,crash_vehicle
2417,fresh,3,fresh,,,0,0,0,5,1,1,20.0,10.0,15.0,35.0,1,1000,27.76712417602539,0.13949712125677616,,max_step
2418,replay,3,replay,,,0,0,0,5,1,1,20.0,10.0,15.0,35.0,1,52,12.964597702026367,1.5653756137650747,,crash_vehicle
2419,fresh,0,fresh,,,0,1,1,1,0,1,20.0,10.0,10.0,10.0,1,116,60.886810302734375,3.468158115986092,,out_of_road
2420,crossover,1,crossover,,distractor_cars|intersection_cars|has_cluster|maximum_distractor_speed|distance_to_nearest,0,1,0,2,1,1,20.0,5.0,10.0,35.0,0,1000,41.780517578125,0.3663160383105278,,max_step
2421,fresh,0,fresh,,,0,1,1,0,0,0,10.0,5.0,15.0,55.0,0,45,3.9948244094848633,0.13712583118014865,,out_of_road
2422,crossover,5,crossover,,select_lane|ego_on_intersection|intersection_has_cars|has_brake_checker|intersection_cars|distance_to_nearest,4,1,0,12,0,0,10.0,40.0,5.0,35.0,3,140,77.7327880859375,3.5747918746301104,,crash_vehicle
2423,fresh,4,fresh,,,0,0,0,8,0,0,15.0,20.0,5.0,20.0,1,52,4.2575178146362305,0.2927641593492948,,out_of_road
2424,replay,4,replay,,,0,0,0,8,0,0,15.0,20.0,5.0,20.0,1,148,89.34064483642578,2.613463102009248,,out_of_road
2425,fresh,4,fresh,,,0,1,1,8,0,1,20.0,40.0,15.0,10.0,1,1000,115.25563049316406,0.49851826259493826,,max_step
2426,crossover,0,crossover,,distractor_cars|has_brake_checker|maximum_distractor_speed|distance_to_nearest|cluster_dist,2,0,0,0,0,0,5.0,10.0,5.0,20.0,0,212,177.15573120117188,6.521739535314857,,out_of_road
2427,fresh,4,fresh,,,0,1,0,8,0,1,15.0,20.0,15.0,35.0,2,92,41.278987884521484,1.8681730556747187,,out_of_road
2428,crossover,0,crossover,,select_lane|ego_on_intersection|intersection_has_cars|distractor_cars|has_brake_checker|has_cluster|distance_to_nearest|cluster_dist,5,1,1,0,0,0,5.0,40.0,15.0,20.0,0,177,98.23444366455078,3.9871269878063162,,out_of_road
2429,fresh,3,fresh,,,0,1,1,5,0,0,5.0,40.0,15.0,55.0,3,121,51.163570404052734,1.4712176991026265,,crash_vehicle
2430,mutation,4,mutation,maximum_distractor_speed,,1,1,1,8,0,0,15.0,40.0,5.0,55.0,2,87,33.3776969909668,0.639130643793735,,crash_vehicle
2431,fresh,0,fresh,,,0,0,0,1,1,1,20.0,40.0,15.0,55.0,1,43,2.9258527755737305,0.30541098395059274,,out_of_road
2432,replay,0,replay,,,0,0,0,1,1,1,20.0,40.0,15.0,55.0,1,208,129.6478271484375,5.925968780540503,,out_of_road
2433,fresh,0,fresh,,,0,1,0,0,1,0,20.0,40.0,10.0,20.0,0,1000,56.68243408203125,0.3227682276293635,,max_step
2434,mutation,2,mutation,distractor_cars,,2,0,0,3,1,0,10.0,40.0,10.0,55.0,0,87,36.74056625366211,0.45649353183549024,,out_of_road
2435,fresh,2,fresh,,,0,0,0,3,1,1,5.0,20.0,10.0,35.0,0,45,5.479816436767578,0.18930397033691407,,out_of_road
2436,replay,2,replay,,,0,0,0,3,1,1,5.0,20.0,10.0,35.0,0,226,165.12814331054688,7.000705742203029,,out_of_road
2437,fresh,6,fresh,,,0,1,0,18,1,0,5.0,5.0,5.0,35.0,1,526,98.70990753173828,1.8784742671783885,,out_of_road
2438,replay,6,replay,,,0,1,0,18,1,0,5.0,5.0,5.0,35.0,1,338,-4.838894367218018,0.013774053584894485,,crash_vehicle
2439,fresh,0,fresh,,,0,1,1,1,0,0,15.0,20.0,10.0,20.0,0,1000,210.72007751464844,1.5695205172747373,,max_step
2440,crossover,0,crossover,,select_lane|ego_on_intersection|intersection_has_cars|distractor_cars|has_brake_checker|maximum_distractor_speed|distance_to_nearest|brake_dist,3,0,0,0,0,0,5.0,40.0,5.0,20.0,0,241,173.92001342773438,5.490324172117898,,out_of_road
2441,fresh,2,fresh,,,0,1,0,3,0,1,15.0,40.0,15.0,35.0,2,133,75.60645294189453,2.0111986287778483,,crash_vehicle
2442,crossover,2,crossover,,distractor_cars|has_brake_checker|distance_to_nearest|brake_dist,2,1,0,3,0,0,5.0,20.0,10.0,20.0,3,113,54.99292755126953,1.1169146967606733,,out_of_road
2443,fresh,0,fresh,,,0,1,1,0,1,0,5.0,40.0,10.0,10.0,0,84,30.204288482666016,1.7207075949935686,,crash_vehicle
2444,mutation,1,mutation,select_road|select_lane|ego_on_intersection|intersection_has_cars,,1,0,0,2,1,1,15.0,20.0,5.0,35.0,2,104,45.41307067871094,0.5130359607103926,,out_of_road
2445,fresh,2,fresh,,,0,0,0,3,0,0,10.0,20.0,15.0,55.0,0,846,245.5790252685547,2.389204906172011,,out_of_road
2446,crossover,0,crossover,,select_lane|ego_on_intersection|intersection_has_cars|has_cluster|distance_to_nearest|cluster_dist|brake_dist,4,1,0,0,0,0,20.0,40.0,5.0,10.0,0,235,170.4522247314453,6.400184166811882,,out_of_road
2447,fresh,0,fresh,,,0,1,1,1,0,1,10.0,20.0,10.0,55.0,1,160,87.24840545654297,1.8801922401413322,,out_of_road
2448,replay,0,replay,,,0,1,1,1,0,1,10.0,20.0,10.0,55.0,1,273,89.3736572265625,2.9965245931139797,,out_of_road
2449,fresh,2,fresh,,,0,1,1,3,0,0,5.0,5.0,10.0,35.0,0,1000,56.54881286621094,0.5313126555304043,,max_step
2450,crossover,3,crossover,,has_cluster|brake_dist,0,0,0,5,1,0,20.0,5.0,5.0,20.0,1,220,-2.337327003479004,0.022192833640358664,,crash_vehicle
2451,fresh,3,fresh,,,0,0,0,4,0,1,5.0,40.0,15.0,35.0,3,105,43.36540603637695,2.0351579676071805,,crash_vehicle
2452,mutation,6,mutation,distance_to_nearest,,0,0,0,18,1,0,15.0,5.0,5.0,55.0,1,146,53.549964904785156,3.283248958114075,,out_of_road
2453,fresh,3,fresh,,,0,0,0,5,0,1,20.0,5.0,5.0,20.0,1,1000,2.7497339248657227,0.0030849854573607445,,max_step
2454,mutation,1,mutation,cluster_dist,,1,0,0,2,1,1,20.0,5.0,5.0,35.0,0,1000,5.8813018798828125,0.03527030567079782,,max_step
2455,fresh,4,fresh,,,0,1,0,8,1,0,20.0,20.0,5.0,35.0,1,1000,45.233299255371094,0.3401928411498666,,max_step
2456,mutation,0,mutation,distance_to_nearest,,1,0,0,0,0,0,20.0,40.0,5.0,20.0,0,203,181.0392608642578,9.893711850854563,,out_of_road
2457,fresh,1,fresh,,,0,0,0,2,1,1,20.0,10.0,10.0,35.0,0,55,12.511911392211914,0.2851282547820698,,crash_vehicle
2458,mutation,1,mutation,brake_dist,,1,1,0,2,0,0,15.0,40.0,15.0,20.0,0,33,-0.08716106414794922,0.24832982727975556,,out_of_road
2459,fresh,0,fresh,,,0,1,1,1,1,0,15.0,10.0,15.0,20.0,1,105,42.65372848510742,1.705398448166393,,out_of_road
2460,crossover,0,crossover,,distractor_cars|has_cluster|maximum_distractor_speed|distance_to_nearest|cluster_dist,3,0,0,1,0,0,15.0,5.0,15.0,35.0,0,122,49.322509765625,5.03917310179257,,out_of_road
2461,fresh,3,fresh,,,0,1,0,4,0,1,5.0,5.0,5.0,55.0,1,1000,1.8797361850738525,0.0022953586578369142,,max_step
2462,mutation,0,mutation,distance_to_nearest,,1,1,1,1,0,1,15.0,40.0,5.0,35.0,0,125,39.47372055053711,0.6692187824249267,,out_of_road
2463,fresh,3,fresh,,,0,1,0,4,0,1,20.0,20.0,5.0,35.0,3,48,4.019526481628418,0.1294776201248169,,out_of_road
2464,mutation,1,mutation,distractor_cars,,1,0,0,2,0,0,10.0,5.0,5.0,20.0,0,1000,1.407097339630127,0.0,,max_step
2465,fresh,0,fresh,,,0,0,0,1,1,1,20.0,40.0,15.0,55.0,1,33,-0.4036388397216797,0.36833416331898083,,out_of_road
2466,crossover,0,crossover,,distractor_cars|has_brake_checker|intersection_cars|maximum_distractor_speed|distance_to_nearest,1,0,0,0,0,0,10.0,5.0,5.0,20.0,0,275,253.50735473632812,9.926470561461015,,out_of_road
2467,fresh,3,fresh,,,0,1,1,4,1,1,5.0,40.0,5.0,55.0,3,30,-0.9830632209777832,0.32741161982218425,,out_of_road
2468,mutation,4,mutation,distractor_cars,,1,0,0,8,1,0,20.0,40.0,15.0,55.0,0,35,0.7669234275817871,0.07265168598720005,,out_of_road
2469,fresh,3,fresh,,,0,0,0,4,0,1,15.0,10.0,10.0,35.0,0,1000,7.763129711151123,0.00022444292902946473,,max_step
2470,crossover,4,crossover,,has_brake_checker|intersection_cars|has_cluster|distance_to_nearest,3,1,1,8,0,1,20.0,20.0,5.0,55.0,1,1000,20.424285888671875,0.10191374311223626,,max_step
2471,fresh,2,fresh,,,0,0,0,3,1,0,10.0,20.0,10.0,35.0,1,77,30.09528350830078,0.8043671834778476,,crash_vehicle
2472,mutation,5,mutation,distractor_cars,,1,0,0,12,1,0,10.0,40.0,10.0,55.0,0,271,59.46604919433594,1.4285627333894098,,crash_vehicle
2473,fresh,5,fresh,,,0,1,1,12,0,1,15.0,5.0,5.0,35.0,1,1000,2.0894663333892822,4.410248994827271e-05,,max_step
2474,replay,5,replay,,,0,1,1,12,0,1,15.0,5.0,5.0,35.0,1,422,85.89856719970703,2.4108481967901167,,crash_vehicle
2475,fresh,2,fresh,,,0,0,0,3,1,0,20.0,10.0,10.0,35.0,2,110,41.29867172241211,3.3241896645589306,,out_of_road
2476,mutation,5,mutation,intersection_cars,,1,1,1,12,1,1,20.0,20.0,15.0,55.0,3,90,17.648038864135742,0.3835010939174228,,crash_vehicle
2477,fresh,3,fresh,,,0,0,0,5,0,0,20.0,10.0,10.0,35.0,1,122,26.30159568786621,1.3715465624557166,,crash_vehicle
2478,replay,3,replay,,,0,0,0,5,0,0,20.0,10.0,10.0,35.0,1,322,16.519968032836914,0.05284613476175329,,crash_vehicle
2479,fresh,6,fresh,,,0,0,0,18,1,1,5.0,40.0,15.0,55.0,2,87,37.67450714111328,0.7343231398483803,,out_of_road
2480,mutation,2,mutation,select_road|select_lane|ego_on_intersection|intersection_has_cars,,3,1,1,3,0,0,20.0,10.0,15.0,20.0,0,339,49.79990005493164,0.9877001901973138,,out_of_road
2481,fresh,0,fresh,,,0,1,0,0,0,0,10.0,40.0,5.0,35.0,0,80,37.968082427978516,0.3191223081201315,,out_of_road
2482,replay,0,replay,,,0,1,0,0,0,0,10.0,40.0,5.0,35.0,0,34,-0.13472700119018555,0.2717443914974437,,out_of_road
2483,fresh,3,fresh,,,0,0,0,4,1,1,15.0,40.0,10.0,55.0,3,75,13.23931884765625,0.6430303406715393,,out_of_road
2484,mutation,0,mutation,distance_to_nearest,,0,0,0,0,0,0,10.0,5.0,5.0,20.0,0,29,-1.9272959232330322,0.5991961380531048,,out_of_road
2485,fresh,4,fresh,,,0,1,0,8,0,1,15.0,10.0,5.0,10.0,0,1000,4.549931049346924,0.0,,max_step
2486,replay,4,replay,,,0,1,0,8,0,1,15.0,10.0,5.0,10.0,0,163,113.08068084716797,8.51235149828203,,out_of_road
2487,fresh,4,fresh,,,0,1,1,8,1,1,15.0,20.0,10.0,35.0,1,367,25.865036010742188,0.2085651276425055,,crash_vehicle
2488,replay,4,replay,,,0,1,1,8,1,1,15.0,20.0,10.0,35.0,1,388,116.48828125,2.201393728365296,,out_of_road
2489,fresh,0,fresh,,,0,1,0,0,1,0,15.0,40.0,15.0,10.0,0,131,45.42898178100586,2.5629520862157107,,crash_vehicle
2490,crossover,3,crossover,,distractor_cars|has_brake_checker|brake_dist,1,1,1,4,0,0,20.0,5.0,10.0,35.0,3,149,60.84625244140625,3.6973966722120375,,out_of_road
2491,fresh,3,fresh,,,0,0,0,5,1,1,10.0,5.0,10.0,20.0,2,66,-1.1233744621276855,0.2732110174767899,,out_of_road
2492,mutation,0,mutation,has_brake_checker,,1,0,0,1,0,0,10.0,40.0,10.0,55.0,1,51,4.320629119873047,0.13696004362667308,,out_of_road
2493,fresh,5,fresh,,,0,1,1,12,0,0,10.0,10.0,5.0,35.0,0,114,26.137840270996094,2.0432497460329744,,out_of_road
2494,crossover,3,crossover,,select_lane|ego_on_intersection|intersection_has_cars|distractor_cars|has_brake_checker|intersection_cars|maximum_distractor_speed|cluster_dist|brake_dist,7,1,1,5,1,0,20.0,5.0,10.0,55.0,0,1000,3.1226301193237305,0.00634288065135479,,max_step
2495,fresh,0,fresh,,,0,1,0,1,1,1,10.0,5.0,5.0,20.0,1,79,33.370479583740234,1.2406631557247307,,crash_vehicle
2496,replay,0,replay,,,0,1,0,1,1,1,10.0,5.0,5.0,20.0,1,92,41.41957473754883,2.067427120130995,,out_of_road
2497,fresh,3,fresh,,,0,0,0,5,1,0,20.0,20.0,5.0,35.0,2,27,-1.763887882232666,0.0,,out_of_road
2498,replay,3,replay,,,0,0,0,5,1,0,20.0,20.0,5.0,35.0,2,131,56.239013671875,1.3566317130591123,,crash_vehicle
2499,fresh,1,fresh,,,0,0,0,2,0,0,15.0,10.0,10.0,35.0,2,38,1.3440685272216797,0.17246529930516294,,out_of_road
2500,replay,1,replay,,,0,0,0,2,0,0,15.0,10.0,10.0,35.0,2,130,85.16093444824219,5.44769328718002,,crash_vehicle
2501,fresh,2,fresh,,,0,0,0,3,0,1,5.0,20.0,5.0,10.0,1,1000,19.748559951782227,0.015881528966128825,,max_step
2502,replay,2,replay,,,0,0,0,3,0,1,5.0,20.0,5.0,10.0,1,122,41.166786193847656,2.181504915972225,,out_of_road
2503,fresh,0,fresh,,,0,0,0,0,1,0,20.0,40.0,15.0,35.0,0,132,60.00115203857422,2.273559182656534,,out_of_road
2504,crossover,2,crossover,,select_lane|ego_on_intersection|intersection_has_cars|distractor_cars|has_brake_checker|intersection_cars|has_cluster,5,1,1,3,0,0,20.0,20.0,15.0,55.0,2,1000,6.681691646575928,0.03453219196945429,,max_step
2505,fresh,0,fresh,,,0,0,0,0,1,0,5.0,20.0,10.0,10.0,0,1000,-1.165110468864441,0.018947043689666317,,max_step
2506,replay,0,replay,,,0,0,0,0,1,0,5.0,20.0,10.0,10.0,0,1000,39.4467658996582,0.061732855098322034,,max_step
2507,fresh,4,fresh,,,0,0,0,8,0,1,5.0,10.0,15.0,35.0,0,1000,61.55971145629883,0.4288308194344863,,max_step
2508,mutation,2,mutation,distractor_cars,,1,0,0,3,0,0,20.0,20.0,5.0,20.0,0,231,194.67550659179688,9.502065108968067,,crash_vehicle
2509,fresh,1,fresh,,,0,0,0,2,1,0,5.0,10.0,5.0,55.0,1,128,18.97420883178711,0.42372850599349476,,crash_vehicle
2510,crossover,1,crossover,,distractor_cars|has_brake_checker|intersection_cars|has_cluster|cluster_dist,3,1,0,2,0,0,15.0,5.0,15.0,20.0,2,205,182.67437744140625,8.134398394168876,,out_of_road
2511,fresh,3,fresh,,,0,0,0,5,1,1,15.0,40.0,10.0,55.0,0,36,-9.511241912841797,0.00411893261803521,,out_of_road
2512,mutation,3,mutation,cluster_dist,,0,0,0,4,0,0,5.0,10.0,15.0,20.0,0,136,47.99410629272461,2.774858740980134,,crash_vehicle
2513,fresh,3,fresh,,,0,0,0,4,1,0,5.0,5.0,5.0,35.0,1,371,12.567949295043945,0.40106373597589146,,crash_vehicle
2514,mutation,2,mutation,maximum_distractor_speed,,1,0,0,3,0,1,10.0,40.0,15.0,20.0,3,233,217.11941528320312,10.70074626637119,,out_of_road
2515,fresh,3,fresh,,,0,1,1,4,0,1,20.0,20.0,15.0,35.0,3,200,156.73837280273438,8.38038438141346,,out_of_road
2516,crossover,0,crossover,,has_cluster|cluster_dist|brake_dist,1,0,0,0,0,0,5.0,10.0,15.0,20.0,0,177,116.26737213134766,6.530040149803216,,out_of_road
2517,fresh,3,fresh,,,0,0,0,4,1,0,20.0,10.0,15.0,35.0,1,103,31.909931182861328,2.3050880941372474,,out_of_road
2518,mutation,2,mutation,brake_dist,,1,0,0,3,1,0,20.0,5.0,5.0,35.0,3,78,30.50979232788086,1.3937891863095455,,out_of_road
2519,fresh,1,fresh,,,0,1,0,2,1,0,5.0,40.0,5.0,55.0,2,81,35.77201843261719,0.5893877891846645,,out_of_road
2520,mutation,0,mutation,has_cluster,,0,0,0,0,0,0,20.0,40.0,10.0,10.0,0,119,53.70185089111328,3.350684162949314,,out_of_road
2521,fresh,5,fresh,,,0,0,0,12,0,0,10.0,20.0,15.0,35.0,0,1000,37.07522964477539,0.1602009584568441,,max_step
2522,replay,5,replay,,,0,0,0,12,0,0,10.0,20.0,15.0,35.0,0,228,246.1291961669922,13.972877608840925,,out_of_road
2523,fresh,2,fresh,,,0,0,0,3,0,1,15.0,5.0,10.0,20.0,1,1000,1.2933346033096313,0.0073853302747011185,,max_step
2524,crossover,1,crossover,,select_lane|ego_on_intersection|intersection_has_cars|distractor_cars|distance_to_nearest|brake_dist,3,0,0,2,0,0,20.0,10.0,5.0,55.0,2,133,87.30167388916016,4.1361177680187655,,crash_vehicle
2525,fresh,4,fresh,,,0,0,0,8,1,0,5.0,5.0,10.0,20.0,1,1000,3.3125669956207275,0.02453737625107169,,max_step
2526,crossover,3,crossover,,select_lane|ego_on_intersection|intersection_has_cars|distractor_cars|maximum_distractor_speed|distance_to_nearest,6,0,0,5,0,1,20.0,10.0,10.0,10.0,3,143,-2.181264638900757,0.056605058950144095,,crash_vehicle
2527,fresh,3,fresh,,,0,0,0,5,0,0,20.0,20.0,5.0,20.0,2,105,52.38701248168945,3.143058580940678,,out_of_road
2528,mutation,6,mutation,has_cluster,,0,0,0,18,0,0,10.0,40.0,15.0,55.0,1,72,35.68984603881836,0.42839673823780483,,crash_vehicle
2529,fresh,1,fresh,,,0,1,1,2,0,1,5.0,10.0,10.0,20.0,1,114,42.444908142089844,3.3494886470991267,,crash_vehicle
2530,replay,1,replay,,,0,1,1,2,0,1,5.0,10.0,10.0,20.0,1,228,218.44798278808594,10.893095019093732,,out_of_road
2531,fresh,0,fresh,,,0,1,0,1,1,1,5.0,20.0,5.0,35.0,1,99,63.46812438964844,2.840570234289073,,crash_vehicle
2532,replay,0,replay,,,0,1,0,1,1,1,5.0,20.0,5.0,35.0,1,276,268.5959167480469,11.049091617050378,,out_of_road
2533,fresh,3,fresh,,,0,1,0,5,0,1,20.0,20.0,15.0,55.0,0,71,30.95758819580078,2.0349072499174468,,crash_vehicle
2534,crossover,2,crossover,,select_lane|ego_on_intersection|intersection_has_cars|has_brake_checker|intersection_cars|has_cluster|maximum_distractor_speed|distance_to_nearest|cluster_dist|brake_dist,7,0,0,3,0,0,20.0,5.0,5.0,20.0,3,250,241.43585205078125,11.7856519562006,,out_of_road
2535,fresh,4,fresh,,,0,0,0,8,0,0,5.0,20.0,5.0,35.0,1,120,69.27079772949219,5.379484963913758,,arrive_dest
2536,replay,4,replay,,,0,0,0,8,0,0,5.0,20.0,5.0,35.0,1,167,130.27699279785156,6.085984373342491,,crash_vehicle
2537,fresh,0,fresh,,,0,1,0,1,1,0,20.0,5.0,15.0,35.0,1,117,71.61441040039062,3.039193653143369,,crash_vehicle
2538,mutation,4,mutation,intersection_cars,,1,0,0,8,1,0,20.0,10.0,10.0,55.0,2,131,85.15717315673828,7.2176658291056865,,crash_vehicle
2539,fresh,2,fresh,,,0,0,0,3,1,0,10.0,40.0,15.0,55.0,3,140,102.73260498046875,4.602396516714777,,crash_vehicle
2540,crossover,4,crossover,,has_cluster|cluster_dist,1,0,0,8,1,0,5.0,40.0,15.0,55.0,0,307,141.8011016845703,4.241430290504465,,out_of_road
2541,fresh,4,fresh,,,0,0,0,8,1,0,10.0,20.0,5.0,35.0,1,44,4.03261661529541,0.5858742967247963,,out_of_road
2542,crossover,6,crossover,,distractor_cars|has_brake_checker|intersection_cars|has_cluster|cluster_dist|brake_dist,4,1,0,18,1,1,10.0,10.0,10.0,35.0,1,1000,13.001481056213379,0.06811945258080959,,max_step
2543,fresh,0,fresh,,,0,0,0,0,0,0,10.0,5.0,5.0,20.0,0,211,205.29525756835938,10.33041602316626,rejection_fallback,out_of_road
2544,mutation,0,mutation,cluster_dist,,1,0,0,0,0,0,10.0,5.0,10.0,35.0,0,267,281.38720703125,12.317992554175273,,out_of_road
2545,fresh,3,fresh,,,0,1,1,4,1,0,5.0,40.0,10.0,55.0,0,115,58.51211929321289,2.996119899853416,,out_of_road
2546,mutation,4,mutation,has_cluster,,1,1,0,8,1,1,15.0,5.0,10.0,20.0,1,355,-3.559549570083618,0.07082599183203468,,crash_vehicle
2547,fresh,3,fresh,,,0,0,0,5,1,1,20.0,40.0,15.0,55.0,0,53,2.260122299194336,0.1621205671778265,,out_of_road
2548,crossover,1,crossover,,distractor_cars|has_brake_checker|has_cluster|maximum_distractor_speed|distance_to_nearest|cluster_dist|brake_dist,5,1,0,2,1,1,5.0,5.0,10.0,55.0,2,82,36.13472366333008,2.0352391164477277,,crash_vehicle
2549,fresh,0,fresh,,,0,1,0,1,0,1,15.0,40.0,15.0,20.0,0,129,85.98554992675781,4.6417504881703575,,crash_vehicle
2550,crossover,2,crossover,,distractor_cars|has_brake_checker|intersection_cars|has_cluster|maximum_distractor_speed|distance_to_nearest|cluster_dist|brake_dist,3,1,0,3,0,0,10.0,5.0,5.0,35.0,2,291,124.26930236816406,4.506037747532232,,out_of_road
2551,fresh,3,fresh,,,0,1,0,4,0,1,5.0,5.0,5.0,10.0,2,1000,1.5851776599884033,0.004036245346069336,,max_step
2552,crossover,2,crossover,,select_lane|ego_on_intersection|intersection_has_cars|distractor_cars|has_brake_checker|maximum_distractor_speed|cluster_dist|brake_dist,6,1,0,3,1,1,15.0,20.0,10.0,35.0,0,238,70.31573486328125,2.355856566995132,,out_of_road
2553,fresh,3,fresh,,,0,1,1,4,0,1,10.0,20.0,10.0,35.0,3,152,96.69095611572266,6.057597805206713,,out_of_road
2554,mutation,2,mutation,select_road|select_lane|ego_on_intersection|intersection_has_cars,,2,1,0,3,0,0,20.0,20.0,15.0,35.0,0,53,5.442743301391602,0.26842867484632527,,out_of_road
2555,fresh,2,fresh,,,0,1,1,3,0,1,15.0,20.0,10.0,35.0,0,1000,17.71636390686035,0.01678377962112427,,max_step
2556,crossover,4,crossover,,distractor_cars|intersection_cars|has_cluster|maximum_distractor_speed|distance_to_nearest|brake_dist,3,0,0,8,1,0,20.0,40.0,5.0,55.0,1,110,65.83076477050781,3.4640423373742535,,crash_vehicle
2557,fresh,5,fresh,,,0,1,1,12,1,0,10.0,40.0,15.0,55.0,0,345,98.00960540771484,2.174293750071007,,out_of_road
2558,crossover,3,crossover,,distractor_cars|has_brake_checker|intersection_cars|has_cluster|maximum_distractor_speed|distance_to_nearest|cluster_dist,4,0,0,4,1,0,20.0,5.0,15.0,35.0,2,1000,-0.2690635025501251,0.007660129152238369,,max_step
2559,fresh,2,fresh,,,0,0,0,3,1,0,20.0,10.0,5.0,20.0,0,256,81.3440170288086,3.3888171080034226,,crash_vehicle
2560,mutation,3,mutation,distractor_cars,,1,0,0,4,0,0,10.0,20.0,5.0,35.0,2,162,85.35903930664062,5.995298197607935,,crash_vehicle
2561,fresh,4,fresh,,,0,1,0,8,1,1,15.0,10.0,15.0,35.0,2,94,33.48786163330078,2.7862221395715756,,crash_vehicle
2562,crossover,0,crossover,,has_brake_checker|has_cluster|distance_to_nearest|cluster_dist|brake_dist,1,0,0,0,0,0,10.0,20.0,10.0,10.0,0,142,95.44049072265625,5.750606200119979,,out_of_road
2563,fresh,2,fresh,,,0,0,0,3,0,0,20.0,5.0,10.0,55.0,1,185,85.4241943359375,3.974927087087889,,crash_vehicle
2564,mutation,1,mutation,distance_to_nearest,,1,0,0,2,1,0,5.0,10.0,10.0,55.0,0,677,317.5589294433594,4.9969607598122145,,out_of_road
2565,fresh,6,fresh,,,0,1,0,18,0,0,20.0,10.0,15.0,35.0,2,1000,-0.373191237449646,0.008449011649936437,,max_step
2566,crossover,1,crossover,,select_lane|ego_on_intersection|intersection_has_cars|distractor_cars|intersection_cars|has_cluster|maximum_distractor_speed,3,0,0,2,1,1,5.0,40.0,5.0,55.0,1,234,203.02574157714844,8.760722775171455,,crash_vehicle
2567,fresh,3,fresh,,,0,0,0,5,0,0,15.0,40.0,10.0,10.0,2,85,37.057411193847656,0.5942696914953344,,out_of_road
2568,crossover,2,crossover,,distractor_cars|intersection_cars|has_cluster|brake_dist,2,1,1,3,1,1,10.0,20.0,5.0,35.0,2,1000,41.99482345581055,0.22446301643922925,,max_step
2569,fresh,3,fresh,,,0,0,0,5,0,0,20.0,40.0,10.0,55.0,2,86,35.198280334472656,0.6415993648386279,,out_of_road
2570,mutation,6,mutation,brake_dist,,1,1,1,18,0,0,10.0,40.0,10.0,55.0,3,212,187.40570068359375,8.909135802174514,,out_of_road
2571,fresh,2,fresh,,,0,1,0,3,1,0,20.0,5.0,10.0,20.0,1,1000,-0.6357676982879639,0.008710545281879603,,max_step
2572,crossover,0,crossover,,distractor_cars|intersection_cars|maximum_distractor_speed|brake_dist,1,0,0,0,0,0,10.0,10.0,5.0,35.0,0,84,41.1534423828125,1.5343906194681214,,out_of_road
2573,fresh,3,fresh,,,0,0,0,4,1,1,5.0,5.0,15.0,20.0,2,1000,71.1506118774414,0.2350687097199261,,max_step
2574,replay,3,replay,,,0,0,0,4,1,1,5.0,5.0,15.0,20.0,2,205,196.22129821777344,8.252206127818038,,out_of_road
2575,fresh,0,fresh,,,0,0,0,0,1,0,10.0,40.0,5.0,20.0,0,73,35.81909942626953,1.7562859540116298,,crash_vehicle
2576,replay,0,replay,,,0,0,0,0,1,0,10.0,40.0,5.0,20.0,0,227,204.0972137451172,8.962404116922539,,out_of_road
2577,fresh,5,fresh,,,0,1,0,12,0,0,10.0,40.0,15.0,35.0,1,134,82.30418395996094,3.2386436773769893,,crash_vehicle
2578,crossover,0,crossover,,select_lane|ego_on_intersection|intersection_has_cars|has_brake_checker|intersection_cars|has_cluster|maximum_distractor_speed|cluster_dist,2,0,0,0,0,0,5.0,20.0,5.0,35.0,0,205,202.10174560546875,8.660060177852468,,out_of_road
2579,fresh,0,fresh,,,0,1,1,1,0,1,20.0,20.0,15.0,55.0,1,190,196.33030700683594,9.385408563833488,,out_of_road
2580,crossover,2,crossover,,select_lane|ego_on_intersection|intersection_has_cars|has_brake_checker|maximum_distractor_speed|distance_to_nearest|cluster_dist,7,1,1,3,0,0,10.0,40.0,15.0,35.0,3,122,71.677490234375,4.188482181947739,,out_of_road
2581,fresh,5,fresh,,,0,0,0,12,1,1,5.0,10.0,15.0,20.0,1,1000,5.41069221496582,0.0,,max_step
2582,mutation,0,mutation,has_cluster,,0,0,0,0,0,0,10.0,5.0,5.0,20.0,0,254,267.81866455078125,10.987607259919324,,out_of_road
2583,fresh,6,fresh,,,0,0,0,18,0,0,15.0,10.0,15.0,55.0,2,119,10.146443367004395,1.4624952135779778,,out_of_road
2584,replay,6,replay,,,0,0,0,18,0,0,15.0,10.0,15.0,55.0,2,55,14.891071319580078,0.2266005824912678,,out_of_road
2585,fresh,6,fresh,,,0,1,1,18,0,1,5.0,20.0,10.0,55.0,1,1000,23.55525779724121,0.06918871423602105,,max_step
2586,mutation,5,mutation,intersection_cars,,1,1,0,12,0,1,10.0,5.0,15.0,20.0,2,1000,63.1120491027832,0.7830871139355003,,max_step
2587,fresh,0,fresh,,,0,1,0,1,1,1,5.0,20.0,5.0,35.0,1,99,61.159934997558594,2.1656625842807267,,crash_vehicle
2588,crossover,0,crossover,,select_lane|ego_on_intersection|intersection_has_cars|has_brake_checker|intersection_cars|has_cluster,1,0,0,0,0,0,10.0,20.0,10.0,10.0,0,41,5.624011039733887,0.35095054347340654,,out_of_road
2589,fresh,0,fresh,,,0,0,0,1,1,0,20.0,5.0,15.0,35.0,1,213,209.99192810058594,9.922296960588913,,out_of_road
2590,replay,0,replay,,,0,0,0,1,1,0,20.0,5.0,15.0,35.0,1,122,75.45703125,2.5507464750868376,,crash_vehicle
2591,fresh,6,fresh,,,0,1,0,18,0,0,5.0,20.0,10.0,55.0,0,1000,91.87489318847656,0.6125043695606291,,max_step
2592,mutation,1,mutation,brake_dist,,1,0,0,2,0,0,10.0,40.0,15.0,10.0,0,204,188.14222717285156,9.349339132799821,,out_of_road
2593,fresh,0,fresh,,,0,0,0,1,1,1,10.0,10.0,15.0,35.0,1,32,-5.60551643371582,0.0,,out_of_road
2594,replay,0,replay,,,0,0,0,1,1,1,10.0,10.0,15.0,35.0,1,81,39.0372200012207,1.5568333314156826,,crash_vehicle
2595,fresh,4,fresh,,,0,0,0,8,0,0,15.0,5.0,10.0,55.0,3,298,200.63710021972656,7.2439755033326625,,out_of_road
2596,replay,4,replay,,,0,0,0,8,0,0,15.0,5.0,10.0,55.0,3,205,200.09239196777344,8.075312873648434,,out_of_road
2597,fresh,0,fresh,,,0,1,0,1,1,1,5.0,40.0,15.0,55.0,0,78,35.90391159057617,0.41131152250827885,,crash_vehicle
2598,crossover,0,crossover,,select_lane|ego_on_intersection|intersection_has_cars|distractor_cars|has_brake_checker|intersection_cars|has_cluster|maximum_distractor_speed|cluster_dist,5,0,0,0,0,0,5.0,10.0,15.0,35.0,0,69,26.67225456237793,0.4540401576221853,,out_of_road
2599,fresh,0,fresh,,,0,1,1,0,0,0,5.0,5.0,15.0,10.0,0,52,7.631102561950684,0.3586355722867526,,out_of_road
2600,replay,0,replay,,,0,1,1,0,0,0,5.0,5.0,15.0,10.0,0,53,14.336517333984375,0.05780138384621098,,out_of_road
2601,fresh,0,fresh,,,0,0,0,1,0,1,20.0,10.0,15.0,20.0,1,218,196.7206573486328,7.834157192652379,,out_of_road
2602,crossover,5,crossover,,distractor_cars|maximum_distractor_speed,1,1,1,12,1,0,15.0,5.0,15.0,35.0,0,1000,3.0572164058685303,0.005781060807406902,,max_step
2603,fresh,3,fresh,,,0,1,1,4,1,0,15.0,40.0,10.0,55.0,0,115,61.21788024902344,1.6792990412401116,,crash_vehicle
2604,replay,3,replay,,,0,1,1,4,1,0,15.0,40.0,10.0,55.0,0,209,194.11361694335938,7.744371166497326,,out_of_road
2605,fresh,3,fresh,,,0,1,1,5,0,0,20.0,10.0,15.0,20.0,1,180,129.0516815185547,6.838112024797334,,out_of_road
2606,crossover,0,crossover,,distractor_cars|maximum_distractor_speed|distance_to_nearest|cluster_dist|brake_dist,6,1,1,0,0,0,10.0,5.0,5.0,20.0,0,117,61.45977783203125,3.0880674610280585,,out_of_road
2607,fresh,5,fresh,,,0,0,0,12,1,0,5.0,5.0,5.0,55.0,0,1000,194.14608764648438,1.8802965957969426,,max_step
2608,replay,5,replay,,,0,0,0,12,1,0,5.0,5.0,5.0,55.0,0,139,74.53187561035156,3.7399185731899824,,out_of_road
2609,fresh,0,fresh,,,0,0,0,1,1,0,5.0,5.0,15.0,20.0,1,1000,44.68286895751953,0.2137293726801872,,max_step
2610,replay,0,replay,,,0,0,0,1,1,0,5.0,5.0,15.0,20.0,1,225,196.81857299804688,6.545163918998506,,out_of_road
2611,fresh,5,fresh,,,0,0,0,12,0,1,15.0,40.0,15.0,55.0,2,1000,108.58429718017578,0.9383370006978512,,max_step
2612,mutation,0,mutation,brake_dist,,1,0,0,1,0,0,10.0,20.0,5.0,20.0,0,366,274.42449951171875,7.359527469088471,,out_of_road
2613,fresh,2,fresh,,,0,0,0,3,1,0,20.0,10.0,10.0,20.0,2,290,111.2426986694336,3.5322767525397496,,out_of_road
2614,replay,2,replay,,,0,0,0,3,1,0,20.0,10.0,10.0,20.0,2,217,196.70762634277344,7.319622336719442,,out_of_road
2615,fresh,2,fresh,,,0,0,0,3,0,1,15.0,5.0,5.0,10.0,0,2,10.0,4.31404972076416,,arrive_dest
2616,crossover,3,crossover,,distractor_cars|has_brake_checker|has_cluster|cluster_dist|brake_dist,3,0,0,4,1,0,15.0,20.0,5.0,35.0,1,1000,210.6968536376953,1.990949437379837,,max_step
2617,fresh,0,fresh,,,0,0,0,0,0,0,15.0,20.0,15.0,55.0,0,217,191.3323516845703,9.295342849902294,,out_of_road
2618,replay,0,replay,,,0,0,0,0,0,0,15.0,20.0,15.0,55.0,0,246,212.89898681640625,8.271619632961304,,out_of_road
2619,fresh,0,fresh,,,0,0,0,1,1,1,10.0,20.0,5.0,35.0,0,113,50.20692443847656,3.7641719658817867,,out_of_road
2620,replay,0,replay,,,0,0,0,1,1,1,10.0,20.0,5.0,35.0,0,76,29.722938537597656,1.5188054724743492,,out_of_road
2621,fresh,5,fresh,,,0,1,0,12,0,1,15.0,20.0,15.0,35.0,1,243,211.8511962890625,8.066395298198417,,out_of_road
2622,crossover,0,crossover,,intersection_cars|maximum_distractor_speed|distance_to_nearest|brake_dist,8,0,0,0,0,0,10.0,5.0,5.0,20.0,0,111,56.048336029052734,1.2229610923174266,rejection_fallback,out_of_road
2623,fresh,1,fresh,,,0,1,1,2,0,1,10.0,20.0,10.0,35.0,0,138,61.09014892578125,3.62653696882552,,out_of_road
2624,crossover,5,crossover,,select_lane|ego_on_intersection|intersection_has_cars|intersection_cars|has_cluster|distance_to_nearest|cluster_dist|brake_dist,5,0,0,12,1,1,20.0,20.0,10.0,35.0,2,752,21.47154426574707,0.026557290203314512,,crash_vehicle
2625,fresh,5,fresh,,,0,1,1,12,0,0,5.0,10.0,10.0,55.0,1,172,125.53887939453125,6.469964429736137,,out_of_road
2626,mutation,3,mutation,brake_dist,,1,1,1,5,0,0,15.0,5.0,15.0,20.0,2,853,166.01864624023438,1.2981836210154565,,out_of_road
2627,fresh,1,fresh,,,0,1,1,2,1,1,10.0,40.0,15.0,55.0,1,445,160.43309020996094,2.967913566278608,,out_of_road
2628,replay,1,replay,,,0,1,1,2,1,1,10.0,40.0,15.0,55.0,1,117,41.46830368041992,2.8915675858147125,,out_of_road
2629,fresh,4,fresh,,,0,0,0,8,0,1,5.0,10.0,5.0,55.0,1,533,-0.34584760665893555,0.004270212312436909,,crash_vehicle
2630,replay,4,replay,,,0,0,0,8,0,1,5.0,10.0,5.0,55.0,1,52,8.943511009216309,0.21693943097041204,,out_of_road
2631,fresh,5,fresh,,,0,1,1,12,0,1,10.0,40.0,5.0,35.0,1,1000,31.4024658203125,0.03752776260674,,max_step
2632,crossover,0,crossover,,intersection_cars,0,0,0,0,0,0,10.0,20.0,5.0,20.0,0,275,264.346435546875,9.90306699037552,,out_of_road
2633,fresh,0,fresh,,,0,1,1,1,0,1,20.0,5.0,10.0,10.0,0,1000,3.39612078666687,0.010223335362970829,,max_step
2634,mutation,0,mutation,maximum_distractor_speed,,1,0,0,0,1,0,20.0,20.0,15.0,55.0,0,203,121.5743179321289,3.8440384929403297,,crash_vehicle
2635,fresh,0,fresh,,,0,1,0,1,1,0,5.0,10.0,10.0,20.0,1,1000,55.499141693115234,0.2728011410832405,,max_step
2636,crossover,4,crossover,,select_lane|ego_on_intersection|intersection_has_cars|distractor_cars|has_cluster|distance_to_nearest,5,0,0,8,0,1,20.0,10.0,5.0,55.0,2,1000,9.332942008972168,0.09160008119326085,,max_step
2637,fresh,6,fresh,,,0,1,0,18,0,1,15.0,40.0,15.0,10.0,0,1000,165.87615966796875,0.796002744924277,,max_step
2638,replay,6,replay,,,0,1,0,18,0,1,15.0,40.0,15.0,10.0,0,22,-5.050469398498535,0.0,,out_of_road
2639,fresh,1,fresh,,,0,0,0,2,0,1,5.0,20.0,15.0,55.0,1,1000,18.190349578857422,0.004033279940485955,,max_step
2640,crossover,4,crossover,,distractor_cars|has_cluster,0,1,0,8,1,0,20.0,20.0,10.0,55.0,1,44,2.305074691772461,0.22207945043390448,,out_of_road
2641,fresh,4,fresh,,,0,0,0,8,1,1,15.0,40.0,10.0,55.0,0,42,2.4692769050598145,0.0,,out_of_road
2642,crossover,3,crossover,,intersection_cars|cluster_dist|brake_dist,3,0,0,5,1,0,15.0,10.0,15.0,20.0,0,199,80.5625,3.023904787348443,,out_of_road
2643,fresh,0,fresh,,,0,1,0,0,0,0,10.0,20.0,10.0,20.0,0,120,66.87881469726562,3.1451774769773087,,out_of_road
2644,mutation,1,mutation,distractor_cars,,0,1,0,2,0,0,15.0,5.0,15.0,20.0,2,86,38.74018859863281,0.3026823221251022,,out_of_road
2645,fresh,1,fresh,,,0,0,0,2,0,1,15.0,10.0,5.0,35.0,2,50,6.304384231567383,0.21958064556121826,,out_of_road
2646,mutation,0,mutation,brake_dist,,1,1,1,1,0,0,5.0,20.0,10.0,55.0,1,84,35.93102264404297,0.3729484336716788,,out_of_road
2647,fresh,2,fresh,,,0,0,0,3,0,1,15.0,20.0,15.0,55.0,3,237,190.7942352294922,5.842206034479262,,out_of_road
2648,crossover,0,crossover,,select_lane|ego_on_intersection|intersection_has_cars|intersection_cars|maximum_distractor_speed|cluster_dist,6,0,0,1,1,0,20.0,20.0,5.0,35.0,0,1000,32.29018783569336,0.052764802955091,,max_step
2649,fresh,6,fresh,,,0,1,1,18,1,0,15.0,20.0,10.0,35.0,0,1000,22.38153648376465,0.019874841064214707,,max_step
2650,replay,6,replay,,,0,1,1,18,1,0,15.0,20.0,10.0,35.0,0,1000,31.5625,0.14028727099299432,,max_step
2651,fresh,6,fresh,,,0,0,0,18,0,0,20.0,10.0,10.0,55.0,2,472,263.29656982421875,4.78761613245864,,out_of_road
2652,crossover,3,crossover,,distractor_cars|has_brake_checker|intersection_cars|has_cluster|maximum_distractor_speed|cluster_dist|brake_dist,6,0,0,5,1,0,15.0,40.0,10.0,55.0,1,148,63.99725341796875,1.4663216988178525,,crash_vehicle
2653,fresh,5,fresh,,,0,1,0,12,0,0,15.0,40.0,15.0,35.0,2,343,95.06011962890625,1.6058757172859446,,out_of_road
2654,replay,5,replay,,,0,1,0,12,0,0,15.0,40.0,15.0,35.0,2,220,148.2412567138672,6.124890605428002,,out_of_road
2655,fresh,5,fresh,,,0,0,0,12,1,0,15.0,20.0,15.0,35.0,1,416,194.7965850830078,3.8597485672754166,,crash_vehicle
2656,mutation,4,mutation,brake_dist,,1,0,0,8,0,0,10.0,10.0,10.0,20.0,2,123,29.91122817993164,1.065811558709881,,out_of_road
2657,fresh,0,fresh,,,0,1,0,0,0,0,20.0,10.0,10.0,20.0,0,210,161.84361267089844,5.515608495757693,,arrive_dest
2658,mutation,0,mutation,distractor_cars,,2,0,0,1,1,1,10.0,40.0,10.0,55.0,1,98,33.439083099365234,0.4204454397668644,,out_of_road
2659,fresh,0,fresh,,,0,0,0,0,1,0,20.0,20.0,10.0,10.0,0,1000,64.84220123291016,0.5572813691925258,,max_step
2660,crossover,0,crossover,,select_lane|ego_on_intersection|intersection_has_cars|has_brake_checker|brake_dist,2,1,0,0,0,0,20.0,40.0,10.0,10.0,0,114,40.47056579589844,0.3764945224188922,,out_of_road
2661,fresh,3,fresh,,,0,1,1,4,0,0,15.0,20.0,5.0,35.0,0,87,34.464149475097656,2.063358724973668,,out_of_road
2662,mutation,6,mutation,distance_to_nearest,,1,0,0,18,0,0,10.0,20.0,15.0,55.0,1,1000,161.07127380371094,1.523468677997589,,max_step
2663,fresh,3,fresh,,,0,1,1,5,0,1,20.0,5.0,10.0,35.0,2,1000,1.116887092590332,0.0012112683542072774,,max_step
2664,crossover,0,crossover,,has_brake_checker|intersection_cars|has_cluster,1,0,0,0,0,0,10.0,10.0,15.0,55.0,0,110,55.37157440185547,1.5449469024484808,,out_of_road
2665,fresh,0,fresh,,,0,0,0,1,0,0,20.0,10.0,10.0,10.0,1,2,10.0,0.0,,arrive_dest
2666,mutation,3,mutation,cluster_dist,,1,0,0,5,0,0,15.0,10.0,5.0,20.0,1,380,96.39505004882812,1.139124248078779,,out_of_road
2667,fresh,3,fresh,,,0,0,0,4,1,0,5.0,10.0,5.0,35.0,3,335,94.77460479736328,2.3946057610102556,,out_of_road
2668,crossover,2,crossover,,distractor_cars|has_brake_checker|has_cluster,1,1,0,3,0,0,20.0,20.0,15.0,35.0,2,261,98.5924072265625,2.8987623817390866,,out_of_road
2669,fresh,2,fresh,,,0,0,0,3,0,1,20.0,10.0,15.0,55.0,2,153,35.55060958862305,0.9344127885997295,,out_of_road
2670,replay,2,replay,,,0,0,0,3,0,1,20.0,10.0,15.0,55.0,2,141,69.42385864257812,1.5482809183234019,,out_of_road
2671,fresh,0,fresh,,,0,1,0,0,0,0,10.0,5.0,10.0,55.0,0,101,32.67007827758789,0.28060550972966863,,out_of_road
2672,replay,0,replay,,,0,1,0,0,0,0,10.0,5.0,10.0,55.0,0,101,29.637516021728516,0.42571078078581553,,out_of_road
2673,fresh,2,fresh,,,0,0,0,3,1,0,10.0,5.0,5.0,20.0,0,423,42.318538665771484,0.4242739105821713,,out_of_road
2674,crossover,2,crossover,,has_brake_checker|maximum_distractor_speed|brake_dist,1,1,0,3,1,0,20.0,10.0,10.0,35.0,1,411,155.77320861816406,3.1628191941338444,,out_of_road
2675,fresh,0,fresh,,,0,1,1,1,1,1,5.0,20.0,10.0,35.0,1,131,72.85881805419922,1.7637384558906992,,crash_vehicle
2676,mutation,1,mutation,maximum_distractor_speed,,1,0,0,2,0,0,5.0,20.0,10.0,55.0,0,802,282.4630432128906,2.134667121733253,,out_of_road
2677,fresh,0,fresh,,,0,0,0,1,1,0,10.0,5.0,5.0,20.0,1,183,85.58049774169922,4.310985470648672,,out_of_road
2678,mutation,3,mutation,has_brake_checker,,1,1,0,5,0,1,5.0,20.0,5.0,55.0,1,900,101.76899719238281,0.7585679436143902,,out_of_road
2679,fresh,1,fresh,,,0,1,1,2,1,1,5.0,20.0,15.0,55.0,1,1000,16.200998306274414,0.010464488012716175,,max_step
2680,replay,1,replay,,,0,1,1,2,1,1,5.0,20.0,15.0,55.0,1,96,21.825157165527344,2.824878390878439,,arrive_dest
2681,fresh,0,fresh,,,0,1,0,1,0,0,5.0,20.0,10.0,20.0,1,50,0.9904327392578125,0.3137224996089935,,out_of_road
2682,replay,0,replay,,,0,1,0,1,0,0,5.0,20.0,10.0,20.0,1,315,38.83745574951172,0.6734352549390187,,crash_vehicle
2683,fresh,3,fresh,,,0,1,0,4,1,0,5.0,10.0,10.0,55.0,0,1000,58.972068786621094,0.2360664231851697,,max_step
2684,mutation,1,mutation,maximum_distractor_speed,,0,0,0,2,0,1,5.0,10.0,10.0,10.0,1,463,53.7158317565918,0.15436701838643196,,out_of_road
2685,fresh,0,fresh,,,0,0,0,0,1,0,20.0,5.0,10.0,55.0,0,150,47.49678039550781,1.4523359606663386,,out_of_road
2686,crossover,3,crossover,,has_brake_checker|distance_to_nearest|brake_dist,2,0,0,4,1,1,5.0,5.0,15.0,20.0,0,1000,18.20317268371582,0.14372451784461737,,max_step
2687,fresh,6,fresh,,,0,0,0,18,0,1,5.0,20.0,15.0,10.0,3,1000,25.489025115966797,0.14693873745203018,,max_step
2688,replay,6,replay,,,0,0,0,18,0,1,5.0,20.0,15.0,10.0,3,624,49.11881637573242,0.6178836403056406,,crash_vehicle
2689,fresh,3,fresh,,,0,1,0,4,1,1,10.0,40.0,10.0,55.0,2,93,35.20484924316406,0.48898667417546754,,crash_vehicle
2690,replay,3,replay,,,0,1,0,4,1,1,10.0,40.0,10.0,55.0,2,92,36.24882507324219,0.7500236921984217,,out_of_road
2691,fresh,5,fresh,,,0,1,1,12,0,1,15.0,40.0,15.0,55.0,3,54,8.284127235412598,0.0,,out_of_road
2692,crossover,0,crossover,,select_lane|ego_on_intersection|intersection_has_cars|distractor_cars|has_brake_checker|maximum_distractor_speed|distance_to_nearest|cluster_dist|brake_dist,5,0,0,0,0,0,20.0,5.0,5.0,20.0,0,183,103.88875579833984,2.6180240142215143,,out_of_road
2693,fresh,0,fresh,,,0,1,1,0,1,0,10.0,20.0,5.0,10.0,0,1000,43.02766036987305,0.23949371037259698,,max_step
2694,mutation,5,mutation,cluster_dist,,0,1,0,12,1,0,5.0,5.0,5.0,55.0,3,319,2.6677536964416504,0.47505276521732065,,out_of_road
2695,fresh,1,fresh,,,0,0,0,2,1,1,20.0,5.0,10.0,55.0,2,111,37.03218078613281,1.1530381814316586,,out_of_road
2696,crossover,3,crossover,,select_lane|ego_on_intersection|intersection_has_cars|intersection_cars|maximum_distractor_speed|brake_dist,5,0,0,5,1,1,15.0,40.0,15.0,55.0,1,57,13.911705017089844,0.13967112491005346,,out_of_road
2697,fresh,5,fresh,,,0,0,0,12,0,1,10.0,20.0,5.0,35.0,0,1000,11.551246643066406,0.12396864406764507,,max_step
2698,crossover,5,crossover,,distractor_cars|brake_dist,1,0,0,12,0,0,15.0,20.0,15.0,55.0,1,302,43.937171936035156,0.5451772515939561,,out_of_road
2699,fresh,1,fresh,,,0,1,1,2,1,1,5.0,10.0,10.0,20.0,0,408,53.605186462402344,0.2673261226976619,,out_of_road
2700,replay,1,replay,,,0,1,1,2,1,1,5.0,10.0,10.0,20.0,0,132,56.171417236328125,0.5652145910443682,,out_of_road
2701,fresh,3,fresh,,,0,0,0,4,0,1,10.0,20.0,10.0,35.0,2,1000,11.530023574829102,0.020510909497737883,,max_step
2702,mutation,6,mutation,has_brake_checker,,2,0,0,18,1,0,20.0,40.0,10.0,55.0,3,1000,54.0690803527832,0.106299041852355,,max_step
2703,fresh,3,fresh,,,0,0,0,5,0,0,5.0,40.0,5.0,35.0,3,66,4.932977676391602,0.543680825919816,,out_of_road
2704,mutation,2,mutation,brake_dist,,0,0,0,3,0,0,20.0,20.0,5.0,20.0,0,159,57.72529220581055,2.0144045465397387,,crash_vehicle
2705,fresh,4,fresh,,,0,1,0,8,0,0,15.0,20.0,15.0,10.0,1,96,36.48133087158203,0.6797652545695504,,out_of_road
2706,mutation,2,mutation,intersection_cars,,0,0,0,3,0,1,10.0,40.0,15.0,20.0,3,100,3.730623245239258,0.46735419005155565,,out_of_road
2707,fresh,0,fresh,,,0,1,1,1,0,1,10.0,20.0,5.0,10.0,1,50,5.612545013427734,0.04249588966369629,,out_of_road
2708,replay,0,replay,,,0,1,1,1,0,1,10.0,20.0,5.0,10.0,1,57,6.4161272048950195,0.5575321097122995,,out_of_road
2709,fresh,5,fresh,,,0,1,0,12,0,1,5.0,5.0,10.0,35.0,2,1000,-0.295413613319397,0.0,,max_step
2710,replay,5,replay,,,0,1,0,12,0,1,5.0,5.0,10.0,35.0,2,61,4.916257858276367,0.4685236430559002,,out_of_road
2711,fresh,0,fresh,,,0,0,0,0,0,0,5.0,20.0,5.0,10.0,0,154,27.554222106933594,0.2236628174394756,,out_of_road
2712,replay,0,replay,,,0,0,0,0,0,0,5.0,20.0,5.0,10.0,0,83,8.632826805114746,2.733703552958477,,out_of_road
2713,fresh,3,fresh,,,0,1,1,5,0,0,15.0,40.0,10.0,10.0,2,54,13.47530746459961,0.18072400269684968,,out_of_road
2714,crossover,2,crossover,,select_lane|ego_on_intersection|intersection_has_cars|distractor_cars|has_cluster|distance_to_nearest|cluster_dist|brake_dist,3,1,1,3,0,0,10.0,20.0,5.0,35.0,1,1000,36.11567687988281,0.08229187224805355,,max_step
2715,fresh,5,fresh,,,0,1,0,12,0,1,15.0,5.0,15.0,10.0,2,1000,2.611337184906006,0.056859145127236846,,max_step
2716,replay,5,replay,,,0,1,0,12,0,1,15.0,5.0,15.0,10.0,2,203,59.41503143310547,1.8008445516008462,,out_of_road
2717,fresh,1,fresh,,,0,1,0,2,1,0,5.0,20.0,5.0,55.0,2,52,0.023055076599121094,0.20110060618473932,,out_of_road
2718,crossover,5,crossover,,select_lane|ego_on_intersection|intersection_has_cars|distractor_cars|intersection_cars|has_cluster|cluster_dist,3,1,0,12,1,0,20.0,20.0,15.0,35.0,3,70,9.67023754119873,0.06972235568932124,,out_of_road
2719,fresh,4,fresh,,,0,0,0,8,0,0,15.0,10.0,10.0,55.0,2,95,13.906801223754883,1.0633423943268625,,out_of_road
2720,mutation,0,mutation,brake_dist,,1,0,0,0,0,0,10.0,5.0,5.0,55.0,0,36,2.4820594787597656,0.0,,out_of_road
2721,fresh,5,fresh,,,0,1,1,12,1,0,5.0,40.0,15.0,55.0,0,50,5.75523567199707,0.24389404296875,,out_of_road
2722,replay,5,replay,,,0,1,1,12,1,0,5.0,40.0,15.0,55.0,0,2,10.0,0.0,,arrive_dest
2723,fresh,1,fresh,,,0,1,0,2,0,0,20.0,20.0,5.0,10.0,1,103,40.235477447509766,2.3889944764595588,,out_of_road
2724,mutation,0,mutation,cluster_dist,,1,0,0,1,0,1,20.0,10.0,5.0,20.0,1,47,1.678086280822754,0.0,,out_of_road
2725,fresh,0,fresh,,,0,0,0,1,0,0,10.0,5.0,5.0,10.0,0,76,5.045907020568848,1.8153367238609415,,out_of_road
2726,replay,0,replay,,,0,0,0,1,0,0,10.0,5.0,5.0,10.0,0,112,27.20477294921875,1.5398764844451631,,out_of_road
2727,fresh,6,fresh,,,0,0,0,18,0,1,10.0,10.0,5.0,10.0,2,397,43.57450866699219,0.3999842358025856,,out_of_road
2728,crossover,0,crossover,,select_lane|ego_on_intersection|intersection_has_cars|distractor_cars|has_brake_checker|cluster_dist,3,1,0,1,0,0,5.0,40.0,15.0,20.0,0,42,5.304791450500488,0.3972860972086589,,out_of_road
2729,fresh,3,fresh,,,0,0,0,4,0,0,5.0,10.0,15.0,35.0,2,584,12.812471389770508,0.23375877656348765,,out_of_road
2730,crossover,0,crossover,,select_lane|ego_on_intersection|intersection_has_cars|has_brake_checker|maximum_distractor_speed|distance_to_nearest|cluster_dist|brake_dist,6,0,0,0,0,0,20.0,20.0,5.0,35.0,0,78,3.0192670822143555,0.0781717544946915,,out_of_road
2731,fresh,0,fresh,,,0,0,0,1,1,0,20.0,10.0,10.0,35.0,0,57,-0.3718113899230957,0.0,,out_of_road
2732,crossover,0,crossover,,select_lane|ego_on_intersection|intersection_has_cars|has_brake_checker|intersection_cars|has_cluster|maximum_distractor_speed,2,1,0,0,0,0,10.0,5.0,5.0,20.0,0,50,7.52608585357666,0.24097030401229858,,out_of_road
2733,fresh,0,fresh,,,0,0,0,0,0,0,10.0,10.0,5.0,35.0,0,47,1.1065573692321777,0.0,,out_of_road
2734,crossover,5,crossover,,select_lane|ego_on_intersection|intersection_has_cars|distractor_cars|has_brake_checker|has_cluster|distance_to_nearest|cluster_dist|brake_dist,7,0,0,12,1,0,5.0,20.0,15.0,35.0,0,51,5.162693023681641,0.16384074267219095,,out_of_road
2735,fresh,5,fresh,,,0,1,1,12,0,1,15.0,10.0,5.0,35.0,0,1000,4.266018867492676,0.056613721698522565,,max_step
2736,crossover,0,crossover,,intersection_cars|has_cluster|maximum_distractor_speed|distance_to_nearest|brake_dist,3,0,0,0,0,0,15.0,5.0,5.0,35.0,0,64,12.041631698608398,0.35299426317214966,,out_of_road
2737,fresh,0,fresh,,,0,1,0,0,1,0,15.0,5.0,10.0,10.0,0,79,2.8642640113830566,1.402517720868316,,out_of_road
2738,mutation,3,mutation,cluster_dist,,1,0,0,4,1,1,5.0,20.0,5.0,55.0,2,49,0.8268804550170898,0.0,,out_of_road
2739,fresh,4,fresh,,,0,1,0,8,1,0,15.0,20.0,5.0,55.0,3,115,2.950150489807129,1.1572632245395496,,out_of_road
2740,crossover,1,crossover,,has_cluster|maximum_distractor_speed,2,0,0,2,0,0,10.0,20.0,10.0,20.0,2,97,-0.0348668098449707,0.0068437930234928725,,out_of_road
2741,fresh,6,fresh,,,0,0,0,18,1,0,20.0,20.0,15.0,35.0,3,149,44.5958137512207,1.9747191399785897,,out_of_road
2742,crossover,5,crossover,,has_brake_checker|has_cluster|distance_to_nearest|brake_dist,3,1,1,12,0,0,5.0,10.0,15.0,20.0,0,115,6.67080020904541,0.030105877181758053,,out_of_road
2743,fresh,1,fresh,,,0,1,0,2,0,0,10.0,10.0,5.0,10.0,2,79,13.605676651000977,0.1807818110985092,,out_of_road
2744,crossover,6,crossover,,select_lane|ego_on_intersection|intersection_has_cars|intersection_cars|maximum_distractor_speed|distance_to_nearest,6,1,1,18,0,0,5.0,5.0,5.0,55.0,2,346,109.73756408691406,2.0459585468031767,,crash_vehicle
2745,fresh,0,fresh,,,0,1,0,1,0,0,10.0,40.0,5.0,10.0,1,118,0.2780575752258301,0.10644472251504154,,out_of_road
2746,replay,0,replay,,,0,1,0,1,0,0,10.0,40.0,5.0,10.0,1,65,-3.4239165782928467,0.0,,out_of_road
2747,fresh,3,fresh,,,0,0,0,5,1,1,20.0,40.0,15.0,55.0,1,102,8.551668167114258,0.3400586039266166,,out_of_road
2748,crossover,5,crossover,,has_brake_checker|has_cluster|distance_to_nearest|cluster_dist,3,1,0,12,1,1,5.0,10.0,15.0,55.0,3,584,103.0368881225586,1.1788963085959014,,out_of_road
2749,fresh,2,fresh,,,0,0,0,3,0,0,10.0,40.0,5.0,10.0,0,93,19.321773529052734,0.03297241192351105,,out_of_road
2750,mutation,1,mutation,has_cluster,,0,0,0,2,0,0,10.0,40.0,15.0,10.0,0,44,2.6727075576782227,0.26422543959184125,,out_of_road
2751,fresh,6,fresh,,,0,1,0,18,0,0,5.0,20.0,10.0,10.0,0,69,4.514543533325195,0.0,,out_of_road
2752,replay,6,replay,,,0,1,0,18,0,0,5.0,20.0,10.0,10.0,0,53,4.159992218017578,1.2985942577416043,,out_of_road
2753,fresh,0,fresh,,,0,1,1,0,0,0,5.0,5.0,5.0,35.0,0,73,13.281475067138672,0.09568906483584888,,out_of_road
2754,replay,0,replay,,,0,1,1,0,0,0,5.0,5.0,5.0,35.0,0,26,-1.4155793190002441,0.0,,out_of_road
2755,fresh,2,fresh,,,0,0,0,3,0,0,5.0,10.0,5.0,35.0,0,389,99.96634674072266,1.5111132445709259,,out_of_road
2756,replay,2,replay,,,0,0,0,3,0,0,5.0,10.0,5.0,35.0,0,149,73.22496795654297,3.6474647571976555,,crash_vehicle
2757,fresh,3,fresh,,,0,0,0,5,0,0,10.0,20.0,15.0,20.0,1,134,46.30636215209961,0.5440395283721277,,out_of_road
2758,replay,3,replay,,,0,0,0,5,0,0,10.0,20.0,15.0,20.0,1,132,32.95658493041992,0.3206967298280109,,out_of_road
2759,fresh,3,fresh,,,0,0,0,4,0,1,10.0,10.0,15.0,20.0,2,192,39.2164192199707,1.1366033821056287,,out_of_road
2760,crossover,0,crossover,,select_lane|ego_on_intersection|intersection_has_cars|has_brake_checker|intersection_cars|has_cluster|maximum_distractor_speed,1,0,0,0,0,0,5.0,20.0,5.0,35.0,0,79,13.442378997802734,0.3135483483724956,,out_of_road
2761,fresh,0,fresh,,,0,0,0,0,0,0,10.0,20.0,5.0,20.0,0,35,-0.6986794471740723,0.0,,out_of_road
2762,crossover,6,crossover,,select_lane|ego_on_intersection|intersection_has_cars|distractor_cars|has_brake_checker|intersection_cars|has_cluster|distance_to_nearest|cluster_dist|brake_dist,7,1,1,18,0,0,20.0,40.0,10.0,55.0,3,82,11.825254440307617,0.10000538753300178,,out_of_road
2763,fresh,1,fresh,,,0,0,0,2,0,0,20.0,10.0,10.0,10.0,2,58,7.017921447753906,0.10279112026609223,,out_of_road
2764,replay,1,replay,,,0,0,0,2,0,0,20.0,10.0,10.0,10.0,2,65,0.05297279357910156,0.1060737486069019,,out_of_road
2765,fresh,5,fresh,,,0,1,1,12,0,0,5.0,20.0,10.0,55.0,1,239,82.35348510742188,1.9617168219393766,,out_of_road
2766,crossover,5,crossover,,select_lane|ego_on_intersection|intersection_has_cars|intersection_cars|distance_to_nearest|cluster_dist|brake_dist,6,1,1,12,0,0,15.0,40.0,15.0,20.0,2,76,-0.19008302688598633,0.0,,out_of_road
2767,fresh,2,fresh,,,0,1,1,3,0,0,15.0,20.0,10.0,55.0,2,69,7.602590560913086,0.0,,out_of_road
2768,replay,2,replay,,,0,1,1,3,0,0,15.0,20.0,10.0,55.0,2,124,30.63910675048828,0.5298472606847363,,out_of_road
2769,fresh,2,fresh,,,0,1,1,3,1,0,20.0,20.0,10.0,35.0,3,93,28.17940902709961,0.3435579931703947,,out_of_road
2770,replay,2,replay,,,0,1,1,3,1,0,20.0,20.0,10.0,35.0,3,97,0.2924838066101074,0.11827527355287493,,out_of_road
2771,fresh,0,fresh,,,0,1,0,1,1,1,10.0,40.0,15.0,55.0,1,43,0.6380105018615723,0.0,,out_of_road
2772,mutation,3,mutation,brake_dist,,1,1,1,4,0,1,10.0,20.0,10.0,55.0,3,208,33.967735290527344,0.5043560236405867,,crash_vehicle
2773,fresh,5,fresh,,,0,1,1,12,1,1,5.0,40.0,5.0,55.0,1,1000,26.21156883239746,0.02532325682044029,,max_step
2774,replay,5,replay,,,0,1,1,12,1,1,5.0,40.0,5.0,55.0,1,912,314.1256103515625,2.276149939075766,,crash_vehicle
2775,fresh,6,fresh,,,0,0,0,18,1,1,10.0,40.0,5.0,55.0,0,67,1.7474336624145508,0.2773352096329874,,out_of_road
2776,mutation,3,mutation,distractor_cars,,1,1,1,4,0,1,10.0,20.0,10.0,35.0,0,58,11.64794921875,0.09606501151775491,,crash_vehicle
2777,fresh,3,fresh,,,0,0,0,5,1,1,15.0,10.0,5.0,35.0,3,1000,4.309682369232178,0.0947843653857708,,max_step
2778,replay,3,replay,,,0,0,0,5,1,1,15.0,10.0,5.0,35.0,3,139,47.570159912109375,0.4135463686941339,,out_of_road
2779,fresh,0,fresh,,,0,1,1,0,0,0,20.0,5.0,10.0,20.0,0,178,1.0662269592285156,0.007365911696734053,,out_of_road
2780,replay,0,replay,,,0,1,1,0,0,0,20.0,5.0,10.0,20.0,0,348,28.54584503173828,0.6245304327244046,,out_of_road
2781,fresh,6,fresh,,,0,0,0,18,0,0,20.0,10.0,10.0,20.0,2,1000,49.058868408203125,0.1935928133558482,,max_step
2782,replay,6,replay,,,0,0,0,18,0,0,20.0,10.0,10.0,20.0,2,85,19.863039016723633,0.4647481161005357,,out_of_road
2783,fresh,4,fresh,,,0,1,1,8,1,0,5.0,40.0,5.0,55.0,3,34,3.1437273025512695,0.0,,crash_vehicle
2784,replay,4,replay,,,0,1,1,8,1,0,5.0,40.0,5.0,55.0,3,85,5.295139312744141,0.513226339746924,,out_of_road
2785,fresh,3,fresh,,,0,1,0,4,0,0,20.0,20.0,15.0,20.0,2,125,43.442100524902344,0.6163255681693554,,out_of_road
2786,crossover,0,crossover,,select_lane|ego_on_intersection|intersection_has_cars|distractor_cars|has_brake_checker|brake_dist,2,0,0,0,0,0,5.0,5.0,5.0,55.0,0,166,90.78943634033203,3.2287652207964874,,out_of_road
2787,fresh,1,fresh,,,0,0,0,2,1,1,20.0,40.0,5.0,55.0,2,191,90.16278839111328,2.5821623721047846,,crash_vehicle
2788,replay,1,replay,,,0,0,0,2,1,1,20.0,40.0,5.0,55.0,2,86,0.5590076446533203,0.18215198710907338,,out_of_road
2789,fresh,0,fresh,,,0,1,1,1,1,0,10.0,40.0,15.0,55.0,0,100,21.861238479614258,0.1553794574737549,,out_of_road
2790,mutation,3,mutation,distractor_cars,,1,1,1,4,1,0,10.0,40.0,15.0,55.0,0,1000,100.35257720947266,0.12171337058581412,,max_step
2791,fresh,5,fresh,,,0,1,0,12,1,0,20.0,20.0,10.0,35.0,2,1000,37.235965728759766,0.08084769009053708,,max_step
2792,replay,5,replay,,,0,1,0,12,1,0,20.0,20.0,10.0,35.0,2,47,0.6769986152648926,0.25040701602367643,,out_of_road
2793,fresh,1,fresh,,,0,0,0,2,0,1,5.0,40.0,10.0,35.0,1,1000,217.95742797851562,0.7065046918313019,,max_step
2794,mutation,0,mutation,select_road|select_lane|ego_on_intersection|intersection_has_cars,,3,0,0,0,1,0,20.0,10.0,5.0,35.0,0,137,30.103759765625,0.306454729424776,,out_of_road
2795,fresh,0,fresh,,,0,1,1,1,0,1,5.0,5.0,5.0,10.0,1,81,0.3123812675476074,0.29470006514478614,,out_of_road
2796,replay,0,replay,,,0,1,1,1,0,1,5.0,5.0,5.0,10.0,1,87,-1.1796433925628662,0.0,,out_of_road
2797,fresh,3,fresh,,,0,0,0,5,0,0,10.0,5.0,5.0,10.0,3,94,-0.10534811019897461,0.36452191687644797,,out_of_road
2798,crossover,4,crossover,,has_brake_checker|intersection_cars|maximum_distractor_speed|distance_to_nearest,4,1,1,8,0,0,5.0,20.0,5.0,35.0,1,116,33.69560241699219,0.10848901035456822,,crash_vehicle
2799,fresh,5,fresh,,,0,0,0,12,1,1,15.0,20.0,10.0,35.0,2,48,-0.43510961532592773,0.17493613560994467,,out_of_road
2800,mutation,1,mutation,select_road|select_lane|ego_on_intersection|intersection_has_cars,,3,1,1,2,1,0,10.0,10.0,15.0,55.0,1,1000,80.59034729003906,0.5448334657400846,,max_step
2801,fresh,0,fresh,,,0,1,0,0,0,0,5.0,5.0,15.0,35.0,0,52,1.7490711212158203,0.051199692946213946,,out_of_road
2802,crossover,0,crossover,,distractor_cars|maximum_distractor_speed|distance_to_nearest|cluster_dist,3,1,1,0,0,0,10.0,5.0,5.0,55.0,0,90,13.201822280883789,0.2179228040907118,,out_of_road
2803,fresh,5,fresh,,,0,1,1,12,1,1,15.0,20.0,15.0,35.0,0,47,3.742720603942871,0.0,,out_of_road
2804,replay,5,replay,,,0,1,1,12,1,1,15.0,20.0,15.0,35.0,0,117,28.412273406982422,0.22880085907940173,,out_of_road
2805,fresh,3,fresh,,,0,1,1,5,1,0,15.0,5.0,10.0,55.0,3,116,34.56199645996094,1.970599934587191,,crash_vehicle
2806,mutation,1,mutation,cluster_dist,,0,0,0,2,0,0,20.0,40.0,15.0,35.0,1,52,-0.9302864074707031,0.22922233434823844,,out_of_road
2807,fresh,2,fresh,,,0,1,0,3,0,1,10.0,40.0,10.0,55.0,3,163,1.336082935333252,0.009036843762075975,,out_of_road
2808,replay,2,replay,,,0,1,0,3,0,1,10.0,40.0,10.0,55.0,3,47,3.2348709106445312,0.0,,out_of_road
2809,fresh,1,fresh,,,0,1,0,2,0,0,10.0,5.0,10.0,55.0,1,1000,0.3104386627674103,0.0,,max_step
2810,replay,1,replay,,,0,1,0,2,0,0,10.0,5.0,10.0,55.0,1,59,8.187211036682129,0.269424664772163,,out_of_road
2811,fresh,4,fresh,,,0,0,0,8,1,0,15.0,20.0,10.0,35.0,0,260,2.149770736694336,0.031691672710271984,,out_of_road
2812,crossover,0,crossover,,select_lane|ego_on_intersection|intersection_has_cars|distractor_cars|intersection_cars|has_cluster|maximum_distractor_speed,1,0,0,0,0,0,10.0,20.0,5.0,20.0,0,134,17.66649627685547,0.02984245277162808,,arrive_dest
2813,fresh,6,fresh,,,0,1,0,18,1,1,15.0,40.0,15.0,55.0,3,57,6.2429399490356445,0.232287747818127,,out_of_road
2814,replay,6,replay,,,0,1,0,18,1,1,15.0,40.0,15.0,55.0,3,80,26.41471290588379,0.7718400839716196,,out_of_road
2815,fresh,0,fresh,,,0,0,0,1,1,0,5.0,40.0,15.0,55.0,1,68,10.015624046325684,2.0006504549699673,,out_of_road
2816,replay,0,replay,,,0,0,0,1,1,0,5.0,40.0,15.0,55.0,1,249,2.4315409660339355,0.0,,out_of_road
2817,fresh,0,fresh,,,0,0,0,1,1,1,5.0,20.0,5.0,35.0,0,92,28.869606018066406,0.5060041961462601,,crash_vehicle
2818,replay,0,replay,,,0,0,0,1,1,1,5.0,20.0,5.0,35.0,0,75,5.135189056396484,0.30573309123516085,,out_of_road
2819,fresh,6,fresh,,,0,0,0,18,1,1,5.0,10.0,10.0,20.0,3,1000,11.31492805480957,0.04061083426326513,,max_step
2820,mutation,0,mutation,distractor_cars,,2,0,0,0,0,0,20.0,40.0,10.0,35.0,0,61,6.888086318969727,0.209846559118052,,out_of_road
2821,fresh,6,fresh,,,0,1,0,18,0,0,5.0,10.0,5.0,35.0,0,124,-3.2381057739257812,0.0,,crash_vehicle
2822,crossover,3,crossover,,distractor_cars|has_brake_checker|intersection_cars|has_cluster|distance_to_nearest|cluster_dist,1,1,1,4,0,0,5.0,5.0,10.0,10.0,3,829,57.24447250366211,0.08012774600495727,,crash_vehicle
2823,fresh,6,fresh,,,0,1,1,18,0,1,10.0,5.0,10.0,10.0,0,1000,5.109618186950684,0.017172914028167726,,max_step
2824,replay,6,replay,,,0,1,1,18,0,1,10.0,5.0,10.0,10.0,0,400,36.9149284362793,0.5529444145411253,,out_of_road
2825,fresh,5,fresh,,,0,0,0,12,0,0,10.0,10.0,5.0,20.0,3,1000,7.59147310256958,0.017882048919796945,,max_step
2826,mutation,2,mutation,select_road|select_lane|ego_on_intersection|intersection_has_cars,,3,1,1,3,0,0,20.0,5.0,10.0,55.0,1,152,35.85531234741211,1.7926383261617862,,out_of_road
2827,fresh,0,fresh,,,0,0,0,0,0,0,15.0,40.0,15.0,55.0,0,505,38.4099006652832,0.2648794979742258,,out_of_road
2828,crossover,4,crossover,,select_lane|ego_on_intersection|intersection_has_cars|intersection_cars|has_cluster|cluster_dist|brake_dist,3,0,0,8,1,0,20.0,10.0,15.0,20.0,1,74,3.8203201293945312,0.29859959475091985,,out_of_road
2829,fresh,6,fresh,,,0,0,0,18,1,0,15.0,40.0,15.0,55.0,3,87,13.483316421508789,0.2529394708830735,,out_of_road
2830,replay,6,replay,,,0,0,0,18,1,0,15.0,40.0,15.0,55.0,3,137,11.379152297973633,0.2923434401189324,,out_of_road
2831,fresh,1,fresh,,,0,0,0,2,1,0,5.0,40.0,10.0,55.0,2,197,50.28330993652344,2.4554935119251913,,out_of_road
2832,mutation,1,mutation,intersection_cars,,0,0,0,2,0,1,10.0,40.0,10.0,35.0,2,101,26.497636795043945,0.31036648578425446,,out_of_road
2833,fresh,0,fresh,,,0,1,0,1,0,0,15.0,40.0,15.0,20.0,1,1000,2.5423569679260254,0.0044536802768707275,,max_step
2834,replay,0,replay,,,0,1,0,1,0,0,15.0,40.0,15.0,20.0,1,317,101.7730712890625,3.1596709153253575,,out_of_road
2835,fresh,0,fresh,,,0,1,1,1,1,1,20.0,5.0,15.0,20.0,0,202,3.5631914138793945,0.14977543955982323,,out_of_road
2836,crossover,0,crossover,,select_lane|ego_on_intersection|intersection_has_cars|distractor_cars|has_brake_checker|maximum_distractor_speed|distance_to_nearest|brake_dist,2,0,0,0,0,0,10.0,5.0,15.0,20.0,0,38,-5.9907073974609375,0.0,,out_of_road
2837,fresh,0,fresh,,,0,0,0,0,1,0,10.0,10.0,10.0,10.0,0,1000,0.98521488904953,0.004830246925354004,,max_step
2838,replay,0,replay,,,0,0,0,0,1,0,10.0,10.0,10.0,10.0,0,1000,0.710686981678009,0.0009406843185424805,,max_step
2839,fresh,5,fresh,,,0,1,0,12,0,0,20.0,20.0,10.0,55.0,1,180,74.68281555175781,2.5833824488644797,,out_of_road
2840,mutation,0,mutation,has_cluster,,0,1,0,0,0,0,20.0,20.0,15.0,35.0,0,158,0.6731672286987305,0.07297313666041894,,out_of_road
2841,fresh,6,fresh,,,0,1,0,18,1,0,10.0,5.0,15.0,20.0,3,261,4.187222480773926,0.5354049745875756,,out_of_road
2842,replay,6,replay,,,0,1,0,18,1,0,10.0,5.0,15.0,20.0,3,78,13.968709945678711,0.9576599827179542,,out_of_road
2843,fresh,6,fresh,,,0,0,0,18,1,0,5.0,20.0,10.0,35.0,3,1000,64.45022583007812,0.1057572925798595,,max_step
2844,replay,6,replay,,,0,0,0,18,1,0,5.0,20.0,10.0,35.0,3,188,134.09478759765625,7.078245260296984,,out_of_road
2845,fresh,1,fresh,,,0,1,1,2,1,1,20.0,5.0,5.0,20.0,0,1000,2.5816330909729004,0.018729898028075696,,max_step
2846,crossover,1,crossover,,select_lane|ego_on_intersection|intersection_has_cars|distractor_cars|intersection_cars|distance_to_nearest|cluster_dist|brake_dist,3,0,0,2,1,1,15.0,20.0,10.0,35.0,0,66,2.7859902381896973,0.1795959183664033,,out_of_road
2847,fresh,3,fresh,,,0,1,0,4,1,0,15.0,5.0,15.0,20.0,3,101,6.316832542419434,0.15047791895299856,,out_of_road
2848,replay,3,replay,,,0,1,0,4,1,0,15.0,5.0,15.0,20.0,3,78,5.241816520690918,0.06732622782389323,,out_of_road
2849,fresh,3,fresh,,,0,1,1,5,1,0,20.0,20.0,15.0,35.0,0,1000,37.579078674316406,0.11036243085190654,,max_step
2850,mutation,0,mutation,cluster_dist,,1,0,0,1,1,0,20.0,5.0,10.0,35.0,1,146,45.01091384887695,1.084877055189381,,out_of_road
2851,fresh,2,fresh,,,0,0,0,3,0,1,5.0,10.0,10.0,35.0,1,1000,31.15290069580078,0.07885386326536536,,max_step
2852,crossover,3,crossover,,has_cluster|maximum_distractor_speed|distance_to_nearest|cluster_dist,3,1,0,4,1,0,20.0,10.0,15.0,20.0,3,403,104.86013793945312,1.7677872850566585,,out_of_road
2853,fresh,2,fresh,,,0,1,0,3,1,1,10.0,40.0,10.0,55.0,0,54,16.39124298095703,2.0142510262904345,,out_of_road
2854,mutation,2,mutation,cluster_dist,,1,1,1,3,0,0,10.0,5.0,15.0,20.0,1,160,31.272052764892578,1.487392091937363,,out_of_road
2855,fresh,2,fresh,,,0,1,0,3,1,1,10.0,40.0,15.0,55.0,2,156,9.713241577148438,0.039789257905422114,,out_of_road
2856,mutation,0,mutation,distractor_cars,,2,1,0,1,0,0,10.0,40.0,5.0,55.0,1,206,137.99269104003906,4.9765884731579755,,out_of_road
2857,fresh,0,fresh,,,0,1,0,1,1,1,10.0,5.0,15.0,35.0,1,132,47.101524353027344,1.9378545401674327,,out_of_road
2858,replay,0,replay,,,0,1,0,1,1,1,10.0,5.0,15.0,35.0,1,396,192.2558135986328,4.3810588183878645,,out_of_road
2859,fresh,0,fresh,,,0,0,0,1,1,1,5.0,20.0,10.0,35.0,0,1000,59.642723083496094,0.20697936867177485,,max_step
2860,crossover,0,crossover,,select_lane|ego_on_intersection|intersection_has_cars|has_cluster|maximum_distractor_speed|brake_dist,3,0,0,0,0,0,15.0,5.0,15.0,55.0,0,92,39.404197692871094,2.3243801982506462,,out_of_road
2861,fresh,1,fresh,,,0,0,0,2,0,0,20.0,10.0,10.0,10.0,2,122,70.89698028564453,2.2925602787586508,,out_of_road
2862,mutation,2,mutation,maximum_distractor_speed,,1,1,0,3,1,1,20.0,5.0,10.0,35.0,2,348,109.07039642333984,2.412693325708481,,crash_vehicle
2863,fresh,4,fresh,,,0,1,0,8,0,1,15.0,20.0,5.0,35.0,1,1000,18.976760864257812,0.18053617697954177,,max_step
2864,replay,4,replay,,,0,1,0,8,0,1,15.0,20.0,5.0,35.0,1,178,77.7083740234375,3.5749011694798978,,out_of_road
2865,fresh,0,fresh,,,0,0,0,0,1,0,20.0,5.0,10.0,10.0,0,1000,36.170860290527344,0.20329784122109412,,max_step
2866,crossover,5,crossover,,has_cluster|cluster_dist|brake_dist,0,0,0,12,1,0,15.0,20.0,15.0,35.0,1,495,191.69007873535156,3.108228571517299,,out_of_road
2867,fresh,3,fresh,,,0,1,0,5,1,0,20.0,20.0,5.0,35.0,2,51,9.052541732788086,0.250881082871381,,crash_vehicle
2868,crossover,5,crossover,,select_lane|ego_on_intersection|intersection_has_cars|distractor_cars|has_brake_checker|distance_to_nearest,1,1,0,12,0,1,10.0,5.0,10.0,35.0,0,1000,5.506890296936035,0.09523614334315061,,max_step
2869,fresh,0,fresh,,,0,1,0,0,0,0,15.0,40.0,10.0,10.0,0,280,190.61671447753906,7.218788748420775,,out_of_road
2870,crossover,6,crossover,,select_lane|ego_on_intersection|intersection_has_cars|distance_to_nearest|cluster_dist,4,0,0,18,1,0,20.0,40.0,5.0,55.0,0,138,55.01653289794922,2.622443832349086,,out_of_road
2871,fresh,3,fresh,,,0,1,0,5,1,1,20.0,10.0,15.0,55.0,3,1000,9.940451622009277,0.015791157914325595,,max_step
2872,mutation,1,mutation,cluster_dist,,1,0,0,2,0,0,5.0,10.0,5.0,35.0,2,148,78.58867645263672,3.6928730535547474,,out_of_road
2873,fresh,3,fresh,,,0,0,0,5,0,0,15.0,10.0,10.0,35.0,0,176,55.97845458984375,2.7474491795186293,,out_of_road
2874,mutation,0,mutation,distractor_cars,,2,0,0,0,0,0,10.0,10.0,5.0,20.0,0,11,10.223217964172363,0.4982265559109775,,arrive_dest
2875,fresh,3,fresh,,,0,1,0,4,1,0,20.0,10.0,5.0,55.0,1,235,177.08070373535156,8.247463175337366,,out_of_road
2876,crossover,2,crossover,,has_brake_checker|intersection_cars|has_cluster,2,0,0,3,0,1,10.0,5.0,5.0,35.0,0,1000,2.8357999324798584,0.0048784221261739735,,max_step
2877,fresh,1,fresh,,,0,0,0,2,0,1,20.0,10.0,15.0,35.0,2,59,-3.8671083450317383,0.022801570973153842,,out_of_road
2878,replay,1,replay,,,0,0,0,2,0,1,20.0,10.0,15.0,35.0,2,34,2.0500593185424805,0.0,,out_of_road
2879,fresh,3,fresh,,,0,0,0,4,1,0,10.0,20.0,5.0,35.0,3,299,129.52951049804688,3.370316861216041,,crash_vehicle
2880,replay,3,replay,,,0,0,0,4,1,0,10.0,20.0,5.0,35.0,3,196,59.922462463378906,1.681293639297388,,out_of_road
2881,fresh,6,fresh,,,0,1,1,18,1,0,10.0,10.0,10.0,35.0,2,551,34.39315414428711,0.40892584727377296,,crash_vehicle
2882,mutation,0,mutation,cluster_dist,,0,0,0,1,1,1,10.0,20.0,5.0,35.0,0,147,51.6583366394043,2.4791506854247074,,out_of_road
2883,fresh,4,fresh,,,0,1,1,8,0,1,5.0,5.0,5.0,20.0,1,1000,2.079953908920288,0.0,,max_step
2884,mutation,1,mutation,intersection_cars,,1,0,0,2,0,0,5.0,40.0,10.0,55.0,2,118,-6.0260090827941895,0.025836020202959997,,out_of_road
2885,fresh,1,fresh,,,0,0,0,2,1,0,15.0,5.0,10.0,20.0,0,1000,1.1720361709594727,0.0,,max_step
2886,crossover,3,crossover,,distractor_cars|intersection_cars|has_cluster|maximum_distractor_speed,2,0,0,5,0,0,20.0,10.0,15.0,20.0,0,212,102.85662841796875,5.061848851729114,,out_of_road
2887,fresh,0,fresh,,,0,0,0,0,0,0,15.0,10.0,5.0,55.0,0,75,31.041412353515625,0.9766517064968745,,out_of_road
2888,crossover,5,crossover,,select_lane|ego_on_intersection|intersection_has_cars|has_brake_checker|intersection_cars|maximum_distractor_speed|distance_to_nearest,5,1,0,12,1,0,5.0,10.0,15.0,20.0,3,261,110.33048248291016,3.2571108813943535,,out_of_road
2889,fresh,4,fresh,,,0,1,0,8,1,1,10.0,10.0,10.0,20.0,2,1000,9.78726577758789,0.05046063899993897,,max_step
2890,mutation,2,mutation,select_road|select_lane|ego_on_intersection|intersection_has_cars,,2,1,0,3,0,1,10.0,40.0,15.0,20.0,3,97,45.43655014038086,1.5595856442586662,,out_of_road
2891,fresh,2,fresh,,,0,1,1,3,0,0,5.0,40.0,15.0,35.0,2,349,96.99365234375,1.001516357048236,,arrive_dest
2892,mutation,2,mutation,select_road|select_lane|ego_on_intersection|intersection_has_cars,,2,0,0,3,1,1,5.0,5.0,5.0,20.0,3,1000,54.05106735229492,0.2255720057040453,,max_step
2893,fresh,4,fresh,,,0,1,1,8,1,0,20.0,40.0,5.0,55.0,3,95,34.4945182800293,0.4410801394989616,,out_of_road
2894,crossover,0,crossover,,distractor_cars|has_brake_checker|has_cluster|distance_to_nearest|cluster_dist,0,0,0,0,0,0,10.0,5.0,5.0,20.0,0,231,201.1488494873047,7.028337944637645,,out_of_road
2895,fresh,6,fresh,,,0,1,1,18,0,0,20.0,10.0,15.0,35.0,3,311,107.97933197021484,2.4565362395341372,,crash_vehicle
2896,crossover,6,crossover,,select_lane|ego_on_intersection|intersection_has_cars|maximum_distractor_speed|distance_to_nearest|brake_dist,4,0,0,18,0,0,10.0,5.0,15.0,55.0,3,191,112.72407531738281,5.289509587575004,,out_of_road
2897,fresh,5,fresh,,,0,0,0,12,1,0,10.0,40.0,10.0,55.0,1,117,38.54330062866211,2.450792132407172,,crash_vehicle
2898,mutation,1,mutation,maximum_distractor_speed,,0,0,0,2,0,0,20.0,20.0,15.0,35.0,0,219,200.7777557373047,9.20640012526621,,out_of_road
2899,fresh,0,fresh,,,0,1,1,1,0,0,5.0,10.0,10.0,35.0,1,2,10.0,4.134003639221191,,arrive_dest
2900,mutation,2,mutation,distractor_cars,,1,0,0,3,1,0,10.0,40.0,15.0,55.0,1,266,206.11212158203125,7.531913818273329,,out_of_road
2901,fresh,5,fresh,,,0,0,0,12,0,1,15.0,10.0,10.0,10.0,0,1000,8.351058006286621,0.0745559521317482,,max_step
2902,replay,5,replay,,,0,0,0,12,0,1,15.0,10.0,10.0,10.0,0,227,93.80992126464844,2.894258712324014,,crash_vehicle
2903,fresh,5,fresh,,,0,1,1,12,1,0,10.0,10.0,10.0,20.0,0,52,3.6924362182617188,0.477409381705981,,out_of_road
2904,crossover,4,crossover,,select_lane|ego_on_intersection|intersection_has_cars|distractor_cars|has_brake_checker|intersection_cars|maximum_distractor_speed|distance_to_nearest|brake_dist,7,0,0,8,1,1,5.0,40.0,15.0,55.0,0,145,51.212059020996094,2.3110727097196824,,out_of_road
2905,fresh,3,fresh,,,0,0,0,5,1,0,5.0,10.0,5.0,35.0,3,1000,11.309861183166504,0.0041128254681825635,,max_step
2906,crossover,0,crossover,,has_brake_checker|intersection_cars|distance_to_nearest,2,1,1,1,0,1,15.0,5.0,10.0,20.0,0,414,170.89801025390625,3.343791153875814,,out_of_road
2907,fresh,2,fresh,,,0,0,0,3,0,0,10.0,5.0,5.0,20.0,0,74,-2.737619400024414,0.24634409454223272,,out_of_road
2908,mutation,0,mutation,brake_dist,,1,0,0,0,0,0,5.0,5.0,5.0,20.0,0,240,176.90786743164062,8.421866156657536,,out_of_road
2909,fresh,0,fresh,,,0,0,0,0,0,0,10.0,5.0,5.0,10.0,0,60,3.0850400924682617,0.12649097442626953,,out_of_road
2910,replay,0,replay,,,0,0,0,0,0,0,10.0,5.0,5.0,10.0,0,161,63.44389343261719,4.214176144659149,,out_of_road
2911,fresh,3,fresh,,,0,0,0,5,0,1,20.0,10.0,15.0,20.0,1,1000,23.432125091552734,0.061206864058971404,,max_step
2912,mutation,2,mutation,select_road|select_lane|ego_on_intersection|intersection_has_cars,,2,1,1,3,0,0,20.0,10.0,10.0,35.0,1,160,123.56073760986328,7.320397891104221,,arrive_dest
2913,fresh,0,fresh,,,0,1,1,1,1,0,20.0,10.0,15.0,35.0,0,285,103.15290832519531,2.3685948309668325,,out_of_road
2914,crossover,2,crossover,,select_lane|ego_on_intersection|intersection_has_cars|has_brake_checker|has_cluster|maximum_distractor_speed|distance_to_nearest|cluster_dist,5,1,0,3,1,0,5.0,10.0,5.0,20.0,1,1000,25.386415481567383,0.019573770590126514,,max_step
2915,fresh,2,fresh,,,0,1,1,3,1,0,20.0,20.0,10.0,35.0,0,235,87.79769897460938,2.152965999917781,,out_of_road
2916,mutation,3,mutation,intersection_cars,,0,0,0,5,0,0,15.0,10.0,10.0,10.0,1,154,78.54893493652344,3.545956323092634,,out_of_road
2917,fresh,4,fresh,,,0,0,0,8,1,1,20.0,40.0,15.0,55.0,0,21,-5.416851997375488,0.0,,out_of_road
2918,replay,4,replay,,,0,0,0,8,1,1,20.0,40.0,15.0,55.0,0,185,35.1004524230957,1.1315712374408502,,out_of_road
2919,fresh,3,fresh,,,0,0,0,4,1,0,10.0,10.0,15.0,20.0,1,34,-7.655384063720703,0.039830320021685434,,out_of_road
2920,mutation,4,mutation,intersection_cars,,1,0,0,8,1,0,15.0,20.0,15.0,35.0,0,663,312.3979797363281,4.355862405392739,,out_of_road
2921,fresh,0,fresh,,,0,1,0,0,1,0,5.0,40.0,10.0,10.0,0,305,256.8643493652344,9.229176114426284,,out_of_road
2922,replay,0,replay,,,0,1,0,0,1,0,5.0,40.0,10.0,10.0,0,191,83.19979095458984,3.8592751350702414,,out_of_road
2923,fresh,3,fresh,,,0,0,0,5,1,1,15.0,10.0,10.0,20.0,3,1000,5.9483819007873535,0.006025856375694275,,max_step
2924,mutation,0,mutation,distance_to_nearest,,1,0,0,0,0,0,20.0,10.0,5.0,20.0,0,264,265.25482177734375,10.91106301997647,,out_of_road
2925,fresh,1,fresh,,,0,0,0,2,0,1,10.0,20.0,10.0,10.0,2,38,2.032972812652588,0.24033900311118678,,out_of_road
2926,replay,1,replay,,,0,0,0,2,0,1,10.0,20.0,10.0,10.0,2,737,207.48947143554688,1.9971726518427622,,crash_vehicle
2927,fresh,2,fresh,,,0,0,0,3,0,0,15.0,5.0,10.0,10.0,2,338,153.76824951171875,4.082079832194119,,out_of_road
2928,mutation,3,mutation,cluster_dist,,1,0,0,4,1,0,10.0,20.0,15.0,35.0,3,107,48.8846435546875,1.3001528873900388,,out_of_road
2929,fresh,0,fresh,,,0,0,0,1,0,0,5.0,5.0,10.0,55.0,1,174,107.91183471679688,5.831451511417312,,out_of_road
2930,crossover,3,crossover,,distractor_cars|has_cluster|maximum_distractor_speed|cluster_dist|brake_dist,4,1,1,4,1,0,5.0,5.0,15.0,20.0,1,461,203.91941833496094,3.9420745440732503,,crash_vehicle
2931,fresh,3,fresh,,,0,1,1,5,1,0,20.0,5.0,5.0,20.0,0,199,124.11665344238281,6.679764987236291,,out_of_road
2932,crossover,0,crossover,,maximum_distractor_speed|distance_to_nearest|brake_dist,2,0,0,0,0,0,10.0,40.0,15.0,10.0,0,278,269.6002502441406,10.091363858404778,,out_of_road
2933,fresh,6,fresh,,,0,1,1,18,0,0,5.0,5.0,15.0,20.0,2,1000,-0.03801947832107544,0.01093476876616478,,max_step
2934,replay,6,replay,,,0,1,1,18,0,0,5.0,5.0,15.0,20.0,2,193,109.98558044433594,4.257710983407312,,out_of_road
2935,fresh,3,fresh,,,0,1,0,4,0,0,15.0,5.0,5.0,10.0,2,1000,-0.19183270633220673,0.003976760491728783,,max_step
2936,replay,3,replay,,,0,1,0,4,0,0,15.0,5.0,5.0,10.0,2,201,156.42947387695312,8.002246207265712,,out_of_road
2937,fresh,4,fresh,,,0,1,1,8,1,1,15.0,10.0,15.0,20.0,2,292,96.303955078125,2.3474527177184004,,out_of_road
2938,mutation,6,mutation,select_road|select_lane|ego_on_intersection|intersection_has_cars,,1,0,0,18,0,0,20.0,10.0,5.0,55.0,3,153,35.357486724853516,1.3978704599773182,,out_of_road
2939,fresh,5,fresh,,,0,0,0,12,1,0,10.0,20.0,5.0,35.0,3,1000,42.66181564331055,0.07732248182594777,,max_step
2940,mutation,1,mutation,has_brake_checker,,0,0,0,2,0,1,5.0,20.0,10.0,20.0,2,59,3.5040283203125,0.17159335896120234,,out_of_road
2941,fresh,0,fresh,,,0,1,0,1,1,1,15.0,20.0,5.0,35.0,0,1000,41.7939567565918,0.10154486960172653,,max_step
2942,replay,0,replay,,,0,1,0,1,1,1,15.0,20.0,5.0,35.0,0,231,209.30809020996094,9.800371199072181,,out_of_road
2943,fresh,1,fresh,,,0,0,0,2,0,0,10.0,5.0,5.0,10.0,0,1000,1.4766932725906372,0.0077700729370117185,,max_step
2944,crossover,2,crossover,,has_brake_checker|intersection_cars|has_cluster|distance_to_nearest|cluster_dist,3,0,0,3,0,0,15.0,10.0,15.0,55.0,0,57,17.631057739257812,2.534831306390595,,arrive_dest
2945,fresh,4,fresh,,,0,0,0,8,0,0,15.0,5.0,10.0,55.0,3,26,-4.887097358703613,0.0,,crash_vehicle
2946,replay,4,replay,,,0,0,0,8,0,0,15.0,5.0,10.0,55.0,3,160,74.8620834350586,4.007639907114208,,out_of_road
2947,fresh,0,fresh,,,0,1,1,1,0,1,10.0,10.0,15.0,35.0,1,177,142.37359619140625,5.839419984884855,,out_of_road
2948,replay,0,replay,,,0,1,1,1,0,1,10.0,10.0,15.0,35.0,1,221,145.88055419921875,4.495141466683392,,out_of_road
2949,fresh,5,fresh,,,0,0,0,12,1,1,15.0,20.0,10.0,55.0,0,106,54.698036193847656,1.7833697430367739,,out_of_road
2950,mutation,2,mutation,cluster_dist,,1,1,1,3,1,0,10.0,20.0,15.0,35.0,1,1000,41.91421127319336,0.09809252890944481,,max_step
2951,fresh,0,fresh,,,0,0,0,0,1,0,5.0,20.0,15.0,35.0,0,98,60.47997283935547,1.3940459109690724,,crash_vehicle
2952,mutation,1,mutation,distractor_cars,,1,0,0,2,1,0,10.0,40.0,10.0,55.0,1,1000,170.38775634765625,1.2775805099904538,,max_step
2953,fresh,5,fresh,,,0,0,0,12,1,1,20.0,20.0,5.0,55.0,3,1000,23.35239028930664,0.16386579955369235,,max_step
2954,crossover,1,crossover,,distractor_cars|has_cluster|maximum_distractor_speed|distance_to_nearest,1,0,0,2,0,0,20.0,40.0,15.0,35.0,0,137,67.78583526611328,2.942558523947305,,out_of_road
2955,fresh,0,fresh,,,0,0,0,1,0,0,5.0,5.0,15.0,55.0,0,692,160.49839782714844,1.5872276293765215,,out_of_road
2956,crossover,1,crossover,,distractor_cars|intersection_cars|has_cluster|cluster_dist|brake_dist,2,0,0,2,1,0,5.0,5.0,5.0,55.0,2,97,36.979713439941406,0.44056113586597834,,out_of_road
2957,fresh,3,fresh,,,0,0,0,5,1,0,5.0,40.0,5.0,55.0,2,111,52.76327133178711,1.5472539163924552,,crash_vehicle
2958,mutation,4,mutation,intersection_cars,,0,1,0,8,0,0,15.0,10.0,15.0,20.0,0,202,60.32689666748047,2.948581964810296,,out_of_road
2959,fresh,0,fresh,,,0,0,0,0,0,0,5.0,20.0,15.0,55.0,0,104,43.33651351928711,0.14560795116883057,,out_of_road
2960,crossover,2,crossover,,distractor_cars|distance_to_nearest|cluster_dist,0,1,1,3,0,0,10.0,20.0,5.0,10.0,0,83,34.955596923828125,0.3942721909787281,,crash_vehicle
2961,fresh,5,fresh,,,0,0,0,12,1,0,5.0,5.0,5.0,20.0,3,192,53.62237548828125,2.48398481705226,,out_of_road
2962,replay,5,replay,,,0,0,0,12,1,0,5.0,5.0,5.0,20.0,3,114,46.4922981262207,2.1629297901271727,,out_of_road
2963,fresh,0,fresh,,,0,1,1,1,0,0,20.0,40.0,15.0,35.0,1,214,203.75233459472656,7.328363341235808,,out_of_road
2964,crossover,3,crossover,,distractor_cars|intersection_cars|maximum_distractor_speed|distance_to_nearest|cluster_dist|brake_dist,3,0,0,4,1,0,20.0,5.0,10.0,20.0,3,891,261.0403747558594,1.9321989508431434,,out_of_road
2965,fresh,6,fresh,,,0,1,0,18,1,1,10.0,40.0,10.0,55.0,2,233,197.07177734375,7.747516618841708,,out_of_road
2966,crossover,0,crossover,,select_lane|ego_on_intersection|intersection_has_cars|has_brake_checker|intersection_cars,1,0,0,0,0,0,20.0,5.0,5.0,20.0,0,204,153.4022216796875,6.589579632761431,,out_of_road
2967,fresh,3,fresh,,,0,0,0,5,0,0,5.0,10.0,5.0,10.0,0,257,183.0077362060547,7.855073086424561,,out_of_road
2968,mutation,4,mutation,brake_dist,,1,0,0,8,0,0,20.0,40.0,15.0,35.0,1,53,-5.697939395904541,0.0,,out_of_road
2969,fresh,0,fresh,,,0,1,1,1,0,0,5.0,5.0,10.0,10.0,1,210,184.59608459472656,6.476703671046666,,out_of_road
2970,replay,0,replay,,,0,1,1,1,0,0,5.0,5.0,10.0,10.0,1,175,113.73260498046875,6.336255449567522,,out_of_road
2971,fresh,2,fresh,,,0,0,0,3,1,0,20.0,20.0,10.0,35.0,3,104,65.68461608886719,1.6964104629766483,,crash_vehicle
2972,replay,2,replay,,,0,0,0,3,1,0,20.0,20.0,10.0,35.0,3,74,18.214847564697266,2.1433822452216535,,arrive_dest
2973,fresh,6,fresh,,,0,0,0,18,0,1,5.0,10.0,10.0,20.0,2,1000,2.440164089202881,0.006918746083974838,,max_step
2974,mutation,3,mutation,has_cluster,,1,0,0,4,1,0,5.0,20.0,15.0,35.0,0,32,14.51743221282959,0.19896341557614505,,arrive_dest
2975,fresh,6,fresh,,,0,0,0,18,1,1,20.0,10.0,10.0,20.0,3,194,21.94721794128418,0.6150386325784565,,crash_vehicle
2976,crossover,1,crossover,,distractor_cars|has_cluster|distance_to_nearest|brake_dist,1,0,0,2,1,1,5.0,5.0,10.0,35.0,2,97,34.586822509765625,0.43372571222560924,,out_of_road
2977,fresh,4,fresh,,,0,1,0,8,1,0,20.0,20.0,15.0,55.0,0,49,7.5060014724731445,0.09332734528852969,,out_of_road
2978,crossover,3,crossover,,select_lane|ego_on_intersection|intersection_has_cars|has_brake_checker|has_cluster|maximum_distractor_speed,3,1,1,4,1,0,20.0,5.0,10.0,20.0,3,1000,3.543596029281616,0.0,,max_step
2979,fresh,3,fresh,,,0,1,1,5,0,0,10.0,40.0,10.0,20.0,0,86,36.78326416015625,0.34036178159159286,,out_of_road
2980,crossover,2,crossover,,select_lane|ego_on_intersection|intersection_has_cars|has_brake_checker|intersection_cars|has_cluster|maximum_distractor_speed|distance_to_nearest|brake_dist,5,0,0,3,0,0,20.0,20.0,10.0,35.0,0,122,32.40534210205078,1.3982071968131378,,out_of_road
2981,fresh,6,fresh,,,0,0,0,18,1,1,15.0,20.0,5.0,35.0,2,500,7.918966293334961,0.003265270709991455,,crash_vehicle
2982,replay,6,replay,,,0,0,0,18,1,1,15.0,20.0,5.0,35.0,2,45,19.438091278076172,0.15672587901353835,,arrive_dest
2983,fresh,0,fresh,,,0,1,0,0,0,0,10.0,10.0,15.0,20.0,0,123,73.12110137939453,4.599297319122447,,out_of_road
2984,replay,0,replay,,,0,1,0,0,0,0,10.0,10.0,15.0,20.0,0,284,212.52725219726562,6.832530156722371,,out_of_road
2985,fresh,3,fresh,,,0,0,0,4,0,0,10.0,40.0,5.0,10.0,2,120,61.40814208984375,2.1307763809648654,,out_of_road
2986,replay,3,replay,,,0,0,0,4,0,0,10.0,40.0,5.0,10.0,2,141,44.02229690551758,1.6288579252172024,,crash_vehicle
2987,fresh,3,fresh,,,0,0,0,5,1,0,5.0,40.0,15.0,55.0,1,57,10.371930122375488,0.015497062420635893,,out_of_road
2988,crossover,4,crossover,,has_brake_checker|has_cluster|maximum_distractor_speed|brake_dist,1,0,0,8,0,0,15.0,40.0,10.0,20.0,1,44,-5.612329959869385,0.05140622095628218,,out_of_road
2989,fresh,4,fresh,,,0,1,0,8,1,0,20.0,10.0,15.0,35.0,3,411,200.71832275390625,3.5609338635492644,,crash_vehicle
2990,crossover,0,crossover,,select_lane|ego_on_intersection|intersection_has_cars|has_brake_checker|has_cluster|maximum_distractor_speed|distance_to_nearest,3,0,0,0,0,0,10.0,5.0,15.0,20.0,0,270,264.9140319824219,9.900573118969247,,out_of_road
2991,fresh,3,fresh,,,0,0,0,4,0,1,20.0,20.0,10.0,20.0,1,1000,13.956680297851562,0.02529669835418463,,max_step
2992,crossover,0,crossover,,select_lane|ego_on_intersection|intersection_has_cars|distractor_cars|intersection_cars|has_cluster|distance_to_nearest|cluster_dist,1,0,0,0,0,0,20.0,20.0,5.0,20.0,0,285,271.6841735839844,9.342544916429018,,out_of_road
2993,fresh,3,fresh,,,0,1,0,4,0,0,5.0,5.0,15.0,55.0,0,861,228.07620239257812,1.8219184729721696,,out_of_road
2994,crossover,1,crossover,,select_lane|ego_on_intersection|intersection_has_cars|has_brake_checker|has_cluster|maximum_distractor_speed|distance_to_nearest|cluster_dist|brake_dist,5,0,0,2,1,1,5.0,40.0,5.0,55.0,1,83,34.393882751464844,0.2974309002060488,,crash_vehicle
2995,fresh,2,fresh,,,0,1,0,3,0,0,15.0,10.0,10.0,55.0,3,209,184.14259338378906,6.490939756686037,,out_of_road
2996,replay,2,replay,,,0,1,0,3,0,0,15.0,10.0,10.0,55.0,3,101,47.828128814697266,0.477001431554851,,out_of_road
2997,fresh,6,fresh,,,0,0,0,18,1,0,20.0,5.0,5.0,55.0,2,1000,2.576699733734131,0.010694048836827279,,max_step
2998,replay,6,replay,,,0,0,0,18,1,0,20.0,5.0,5.0,55.0,2,225,186.35462951660156,7.766889365845256,,out_of_road
2999,fresh,3,fresh,,,0,1,0,4,1,1,20.0,20.0,10.0,35.0,3,1000,35.36104202270508,0.02962313871830702,,max_step
3000,crossover,4,crossover,,select_lane|ego_on_intersection|intersection_has_cars|distractor_cars|has_brake_checker|intersection_cars|maximum_distractor_speed|brake_dist,3,0,0,8,1,1,10.0,40.0,15.0,55.0,1,437,211.414306640625,3.7600813191597195,,out_of_road
3001,fresh,0,fresh,,,0,1,1,1,1,1,20.0,20.0,5.0,35.0,0,144,43.714378356933594,1.1092877791573603,,out_of_road
3002,replay,0,replay,,,0,1,1,1,1,1,20.0,20.0,5.0,35.0,0,56,9.586053848266602,0.08211430481501988,,out_of_road
3003,fresh,5,fresh,,,0,1,0,12,1,0,5.0,20.0,5.0,35.0,1,488,149.6295928955078,1.9293012944218078,,crash_vehicle
3004,crossover,0,crossover,,select_lane|ego_on_intersection|intersection_has_cars|distractor_cars|has_brake_checker|intersection_cars|cluster_dist,3,1,0,0,0,0,5.0,10.0,10.0,10.0,0,90,37.89314270019531,0.2724508537186517,,out_of_road
3005,fresh,6,fresh,,,0,0,0,18,1,0,15.0,5.0,15.0,20.0,2,127,42.76878356933594,3.5511530379610736,,out_of_road
3006,mutation,6,mutation,maximum_distractor_speed,,1,0,0,18,0,0,20.0,5.0,15.0,55.0,3,214,70.43229675292969,2.751962261779286,,crash_vehicle
3007,fresh,5,fresh,,,0,1,1,12,1,1,5.0,20.0,5.0,35.0,3,1000,19.484222412109375,0.12247874377667904,,max_step
3008,replay,5,replay,,,0,1,1,12,1,1,5.0,20.0,5.0,35.0,3,207,151.63340759277344,4.010844695107372,,arrive_dest
3009,fresh,5,fresh,,,0,0,0,12,1,0,5.0,20.0,10.0,35.0,0,1000,56.01250457763672,0.15908586246520282,,max_step
3010,replay,5,replay,,,0,0,0,12,1,0,5.0,20.0,10.0,35.0,0,217,202.5071563720703,7.073873582386201,,out_of_road
3011,fresh,3,fresh,,,0,1,1,4,0,0,15.0,10.0,15.0,20.0,0,483,229.29161071777344,4.331777043717742,,out_of_road
3012,crossover,0,crossover,,distractor_cars|has_brake_checker|intersection_cars|distance_to_nearest|cluster_dist,2,1,0,0,0,0,10.0,5.0,5.0,10.0,0,154,91.57715606689453,3.950969970845557,,out_of_road
3013,fresh,3,fresh,,,0,1,1,4,0,1,5.0,40.0,10.0,55.0,2,1000,39.95183181762695,0.08875036744773387,,max_step
3014,mutation,1,mutation,cluster_dist,,0,0,0,2,1,0,20.0,5.0,5.0,20.0,0,218,74.4126205444336,2.724643158803292,,out_of_road
3015,fresh,0,fresh,,,0,1,1,1,0,1,15.0,10.0,15.0,20.0,1,90,43.495426177978516,0.6429867145087984,,out_of_road
3016,crossover,4,crossover,,distractor_cars|has_brake_checker|intersection_cars|has_cluster|distance_to_nearest|brake_dist,3,0,0,8,1,0,20.0,5.0,15.0,20.0,1,1000,154.97103881835938,0.8034786012768745,,max_step
3017,fresh,3,fresh,,,0,0,0,4,1,0,5.0,5.0,5.0,20.0,2,1000,217.5532989501953,1.245152287872508,,max_step
3018,crossover,6,crossover,,distractor_cars|maximum_distractor_speed|distance_to_nearest|brake_dist,3,0,0,18,0,0,5.0,5.0,15.0,10.0,1,1000,116.0827865600586,0.4965126968901604,,max_step
3019,fresh,2,fresh,,,0,1,0,3,1,0,10.0,10.0,5.0,20.0,3,58,4.812992095947266,0.011298407768381053,,out_of_road
3020,replay,2,replay,,,0,1,0,3,1,0,10.0,10.0,5.0,20.0,3,1000,85.52140808105469,0.6459256896525621,,max_step
3021,fresh,0,fresh,,,0,1,1,1,1,0,10.0,5.0,15.0,55.0,1,156,105.2108154296875,4.748566772502202,,crash_vehicle
3022,crossover,3,crossover,,select_lane|ego_on_intersection|intersection_has_cars|cluster_dist|brake_dist,4,0,0,4,0,0,15.0,20.0,15.0,35.0,0,175,76.49851989746094,2.770925281260695,,out_of_road
3023,fresh,4,fresh,,,0,1,1,8,0,1,5.0,5.0,5.0,20.0,0,1000,2.4667532444000244,0.04189237771928311,,max_step
3024,mutation,2,mutation,select_road|select_lane|ego_on_intersection|intersection_has_cars,,1,0,0,3,1,0,15.0,10.0,10.0,20.0,0,1000,5.293597221374512,0.010715364694595338,,max_step
3025,fresh,4,fresh,,,0,1,1,8,0,1,20.0,40.0,15.0,35.0,3,103,53.83374786376953,0.9065834982591925,,crash_vehicle
3026,replay,4,replay,,,0,1,1,8,0,1,20.0,40.0,15.0,35.0,3,86,31.331466674804688,0.495690620222757,,out_of_road
3027,fresh,0,fresh,,,0,0,0,0,0,0,10.0,5.0,5.0,20.0,0,87,31.57143783569336,0.19273014178221254,rejection_fallback,out_of_road
3028,replay,0,replay,,,0,0,0,0,0,0,10.0,5.0,5.0,20.0,0,96,34.63016128540039,3.3815962920586267,,out_of_road
3029,fresh,4,fresh,,,0,0,0,8,1,0,20.0,20.0,5.0,35.0,0,1000,239.90391540527344,1.6930778356939553,,max_step
3030,replay,4,replay,,,0,0,0,8,1,0,20.0,20.0,5.0,35.0,0,105,43.65528869628906,0.9815712153911591,,out_of_road
3031,fresh,3,fresh,,,0,1,1,4,0,0,15.0,10.0,10.0,20.0,1,169,69.97347259521484,3.5420353088153185,,out_of_road
3032,crossover,4,crossover,,has_brake_checker,0,1,1,8,0,0,20.0,20.0,5.0,35.0,3,65,9.628199577331543,0.07988805220677303,,out_of_road
3033,fresh,0,fresh,,,0,0,0,1,0,0,10.0,5.0,5.0,10.0,1,117,53.5961799621582,1.7170170295951712,,out_of_road
3034,mutation,1,mutation,brake_dist,,0,1,0,2,0,0,15.0,5.0,15.0,20.0,2,104,48.76339340209961,0.4635800255032686,,out_of_road
3035,fresh,6,fresh,,,0,0,0,18,0,1,20.0,20.0,10.0,55.0,3,1000,26.982139587402344,0.11588846422731876,,max_step
3036,mutation,6,mutation,distractor_cars,,1,1,0,18,0,1,15.0,10.0,15.0,55.0,3,248,202.3265380859375,8.34874481737854,,out_of_road
3037,fresh,0,fresh,,,0,0,0,0,1,0,15.0,20.0,15.0,10.0,0,1000,32.61948013305664,0.1199566077440977,,max_step
3038,replay,0,replay,,,0,0,0,0,1,0,15.0,20.0,15.0,10.0,0,177,59.248756408691406,2.201922529161313,,out_of_road
3039,fresh,1,fresh,,,0,0,0,2,0,0,10.0,40.0,5.0,35.0,2,204,158.6060791015625,6.28209251983493,,out_of_road
3040,crossover,2,crossover,,select_lane|ego_on_intersection|intersection_has_cars|distractor_cars|has_brake_checker|intersection_cars|has_cluster|maximum_distractor_speed,2,0,0,3,0,0,20.0,20.0,5.0,20.0,1,296,102.26345825195312,1.6122558750463902,,out_of_road
3041,fresh,0,fresh,,,0,0,0,1,0,1,15.0,5.0,10.0,55.0,1,168,103.60997772216797,4.2943388149142265,,out_of_road
3042,replay,0,replay,,,0,0,0,1,0,1,15.0,5.0,10.0,55.0,1,1000,50.54420852661133,0.15581658458709716,,max_step
3043,fresh,0,fresh,,,0,0,0,1,0,0,20.0,10.0,5.0,20.0,1,218,152.821533203125,5.242940728202326,,out_of_road
3044,mutation,0,mutation,cluster_dist,,1,0,0,0,0,0,10.0,40.0,5.0,10.0,0,165,97.4929428100586,3.6936535583301024,,out_of_road
3045,fresh,3,fresh,,,0,0,0,5,1,0,5.0,10.0,10.0,20.0,2,488,60.491600036621094,0.640943894498661,,out_of_road
3046,crossover,2,crossover,,select_lane|ego_on_intersection|intersection_has_cars|distractor_cars|intersection_cars|has_cluster|cluster_dist|brake_dist,5,1,1,3,1,0,10.0,20.0,15.0,35.0,0,69,5.299785614013672,0.00638553716134334,,out_of_road
3047,fresh,3,fresh,,,0,0,0,5,1,1,15.0,40.0,15.0,55.0,3,1000,38.87500762939453,0.07769488238357007,,max_step
3048,replay,3,replay,,,0,0,0,5,1,1,15.0,40.0,15.0,55.0,3,1000,48.772640228271484,0.40029504616931083,,max_step
3049,fresh,3,fresh,,,0,1,0,5,1,1,5.0,40.0,15.0,55.0,2,98,39.02767562866211,0.41441955432599903,,out_of_road
3050,replay,3,replay,,,0,1,0,5,1,1,5.0,40.0,15.0,55.0,2,143,106.8134536743164,3.7223901159905055,,out_of_road
3051,fresh,0,fresh,,,0,1,0,0,1,0,15.0,20.0,15.0,10.0,0,1000,6.212521076202393,0.013821498304605485,,max_step
3052,replay,0,replay,,,0,1,0,0,1,0,15.0,20.0,15.0,10.0,0,284,116.29576110839844,2.6441345414750175,,out_of_road
3053,fresh,1,fresh,,,0,0,0,2,0,1,10.0,40.0,10.0,20.0,2,275,224.4176788330078,7.21232991955497,,out_of_road
3054,mutation,0,mutation,maximum_distractor_speed,,1,1,0,0,0,0,5.0,40.0,5.0,20.0,0,94,45.66667556762695,0.5562619259382816,,out_of_road
3055,fresh,1,fresh,,,0,1,1,2,1,0,10.0,5.0,5.0,55.0,1,573,244.54537963867188,3.856869489916748,,out_of_road
3056,replay,1,replay,,,0,1,1,2,1,0,10.0,5.0,5.0,55.0,1,205,152.51210021972656,4.8903684159604515,,out_of_road
3057,fresh,5,fresh,,,0,0,0,12,0,0,15.0,10.0,5.0,35.0,0,164,64.70600891113281,2.0556201876663582,,out_of_road
3058,mutation,5,mutation,intersection_cars,,1,1,1,12,0,0,5.0,10.0,10.0,55.0,2,468,-0.53131103515625,0.004802512307452341,,out_of_road
3059,fresh,4,fresh,,,0,1,0,8,1,0,10.0,40.0,15.0,55.0,2,241,173.1630401611328,6.571144192143347,,out_of_road
3060,crossover,5,crossover,,select_lane|ego_on_intersection|intersection_has_cars|has_brake_checker|intersection_cars|has_cluster|maximum_distractor_speed|distance_to_nearest|cluster_dist|brake_dist,7,1,1,12,0,0,15.0,40.0,5.0,35.0,0,107,46.48094940185547,0.9028620903737077,,crash_vehicle
3061,fresh,4,fresh,,,0,0,0,8,1,0,5.0,10.0,15.0,55.0,2,238,156.6866455078125,6.095643738926459,,out_of_road
3062,replay,4,replay,,,0,0,0,8,1,0,5.0,10.0,15.0,55.0,2,116,49.24658203125,2.4868871826550056,,out_of_road
3063,fresh,3,fresh,,,0,0,0,4,1,0,20.0,10.0,15.0,55.0,0,1000,15.016283988952637,0.01488443848490715,,max_step
3064,replay,3,replay,,,0,0,0,4,1,0,20.0,10.0,15.0,55.0,0,199,84.56851959228516,3.4363912782776893,,out_of_road
3065,fresh,4,fresh,,,0,0,0,8,1,1,20.0,5.0,10.0,20.0,1,1000,4.291818618774414,0.024802140541374685,,max_step
3066,mutation,0,mutation,has_brake_checker,,1,0,0,1,1,0,15.0,5.0,15.0,55.0,1,144,74.57608032226562,2.8033908452424736,,crash_vehicle
3067,fresh,4,fresh,,,0,0,0,8,1,1,5.0,20.0,5.0,35.0,0,1000,14.802183151245117,0.021874398458749056,,max_step
3068,crossover,0,crossover,,distractor_cars|has_brake_checker|intersection_cars|has_cluster|maximum_distractor_speed|distance_to_nearest,0,0,0,0,0,0,10.0,5.0,5.0,20.0,0,222,175.94644165039062,4.942068540029697,,out_of_road
3069,fresh,3,fresh,,,0,0,0,4,1,1,10.0,5.0,10.0,35.0,0,1000,1.563494086265564,0.005401464462280273,,max_step
3070,mutation,3,mutation,distractor_cars,,1,0,0,5,0,1,20.0,5.0,5.0,20.0,3,1000,1.673392415046692,0.005183946400880814,,max_step
3071,fresh,6,fresh,,,0,0,0,18,1,1,15.0,5.0,10.0,20.0,3,28,-4.513362407684326,0.20122323717389787,,crash_vehicle
3072,replay,6,replay,,,0,0,0,18,1,1,15.0,5.0,10.0,20.0,3,272,171.97482299804688,6.293712869943941,,out_of_road
3073,fresh,5,fresh,,,0,1,0,12,1,0,5.0,10.0,5.0,55.0,2,1000,26.8455753326416,0.08100528764724732,,max_step
3074,mutation,2,mutation,select_road|select_lane|ego_on_intersection|intersection_has_cars,,1,1,1,3,0,0,10.0,10.0,5.0,20.0,0,1000,8.939926147460938,0.026233111590147018,,max_step
3075,fresh,2,fresh,,,0,1,0,3,0,0,5.0,40.0,15.0,35.0,2,135,35.71071243286133,0.2088141232728958,,out_of_road
3076,crossover,6,crossover,,select_lane|ego_on_intersection|intersection_has_cars|has_brake_checker|intersection_cars|maximum_distractor_speed|brake_dist,0,0,0,18,0,0,10.0,5.0,15.0,55.0,3,75,1.5758938789367676,1.1824065645535786,,out_of_road
3077,fresh,4,fresh,,,0,0,0,8,1,0,10.0,10.0,5.0,20.0,2,1000,68.92912292480469,0.23186297659575938,,max_step
3078,crossover,5,crossover,,has_brake_checker|intersection_cars|has_cluster|distance_to_nearest|cluster_dist,5,1,0,12,1,1,20.0,10.0,15.0,55.0,3,219,92.82402801513672,2.6938327391670174,,crash_vehicle
3079,fresh,2,fresh,,,0,1,1,3,0,0,20.0,5.0,10.0,20.0,3,43,5.081930160522461,0.13529050419496935,,out_of_road
3080,replay,2,replay,,,0,1,1,3,0,0,20.0,5.0,10.0,20.0,3,500,24.553512573242188,0.506800644904375,,crash_vehicle
3081,fresh,2,fresh,,,0,1,1,3,0,0,15.0,40.0,5.0,55.0,1,251,194.25294494628906,8.152579248545178,,out_of_road
3082,crossover,3,crossover,,select_lane|ego_on_intersection|intersection_has_cars|has_brake_checker|maximum_distractor_speed,3,1,1,5,1,0,5.0,5.0,15.0,35.0,2,67,0.722437858581543,2.0476544953104274,,out_of_road
3083,fresh,1,fresh,,,0,1,1,2,1,0,20.0,20.0,15.0,35.0,1,36,1.7299671173095703,0.0,,out_of_road
3084,replay,1,replay,,,0,1,1,2,1,0,20.0,20.0,15.0,35.0,1,225,179.83424377441406,5.053975736035241,,out_of_road
3085,fresh,0,fresh,,,0,1,1,1,0,0,15.0,5.0,5.0,55.0,0,120,39.73215866088867,2.090026729305585,,out_of_road
3086,mutation,1,mutation,select_road|select_lane|ego_on_intersection|intersection_has_cars,,3,0,0,2,0,0,20.0,40.0,10.0,20.0,2,92,39.229034423828125,1.3492748366425866,,out_of_road
3087,fresh,1,fresh,,,0,1,0,2,0,0,5.0,5.0,10.0,10.0,1,1000,1.0896432399749756,8.986639976501465e-05,,max_step
3088,mutation,3,mutation,select_road|select_lane|ego_on_intersection|intersection_has_cars,,1,0,0,5,0,0,15.0,10.0,15.0,20.0,1,1000,13.628003120422363,0.01860015628486872,,max_step
3089,fresh,2,fresh,,,0,0,0,3,1,0,15.0,5.0,15.0,35.0,1,207,50.539249420166016,1.5904741126702027,,out_of_road
3090,mutation,1,mutation,has_brake_checker,,1,0,0,2,1,1,15.0,40.0,10.0,55.0,2,113,59.57825469970703,1.1746590343196834,,out_of_road
3091,fresh,2,fresh,,,0,0,0,3,0,1,10.0,40.0,5.0,10.0,1,1000,33.178707122802734,0.0565513092763722,,max_step
3092,crossover,0,crossover,,intersection_cars|maximum_distractor_speed|distance_to_nearest|cluster_dist|brake_dist,1,0,0,0,0,0,10.0,5.0,5.0,20.0,0,279,271.1318359375,10.41986825303792,,out_of_road
3093,fresh,6,fresh,,,0,1,1,18,1,1,10.0,20.0,5.0,35.0,3,1000,14.091062545776367,0.09933716630935668,,max_step
3094,crossover,1,crossover,,intersection_cars|has_cluster|distance_to_nearest|brake_dist,3,0,0,2,0,1,5.0,40.0,10.0,55.0,1,195,143.6528778076172,5.8945643388308016,,out_of_road
3095,fresh,6,fresh,,,0,0,0,18,1,0,20.0,10.0,15.0,20.0,3,105,-0.16797304153442383,0.06950950622558594,,crash_vehicle
3096,crossover,5,crossover,,distractor_cars|intersection_cars|has_cluster|distance_to_nearest|cluster_dist,3,0,0,12,1,0,5.0,40.0,10.0,55.0,0,414,206.6313018798828,4.0812976954207905,,out_of_road
3097,fresh,3,fresh,,,0,0,0,4,0,0,5.0,5.0,10.0,10.0,1,1000,-1.0168472528457642,0.0,,max_step
3098,replay,3,replay,,,0,0,0,4,0,0,5.0,5.0,10.0,10.0,1,116,42.68181610107422,1.3531375378370285,,out_of_road
3099,fresh,0,fresh,,,0,0,0,0,1,0,10.0,40.0,10.0,55.0,0,84,37.27251052856445,0.9289968631097248,,out_of_road
3100,mutation,5,mutation,cluster_dist,,1,0,0,12,1,1,15.0,20.0,5.0,55.0,3,1000,20.775232315063477,0.25377332877367736,,max_step
3101,fresh,0,fresh,,,0,0,0,0,1,0,15.0,10.0,15.0,35.0,0,1000,69.95216369628906,0.18811925414204597,,max_step
3102,mutation,0,mutation,select_road|select_lane|ego_on_intersection|intersection_has_cars,,1,0,0,0,0,0,5.0,5.0,5.0,20.0,0,143,84.19558715820312,1.2608896562686334,,out_of_road
3103,fresh,5,fresh,,,0,0,0,12,0,1,20.0,20.0,10.0,55.0,0,20,-5.469878673553467,0.9070947006344795,,out_of_road
3104,replay,5,replay,,,0,0,0,12,0,1,20.0,20.0,10.0,55.0,0,250,193.96803283691406,8.08424151480198,,out_of_road
3105,fresh,2,fresh,,,0,0,0,3,0,0,5.0,10.0,5.0,20.0,3,273,271.1987609863281,11.02534067106771,,out_of_road
3106,crossover,5,crossover,,distractor_cars|intersection_cars|distance_to_nearest|brake_dist,2,1,0,12,0,0,15.0,40.0,15.0,55.0,1,208,189.62355041503906,9.178445506697663,,out_of_road
3107,fresh,3,fresh,,,0,0,0,4,1,1,10.0,20.0,15.0,55.0,1,154,70.05805206298828,2.183747482957778,,arrive_dest
3108,mutation,6,mutation,distance_to_nearest,,0,1,1,18,0,0,5.0,5.0,15.0,10.0,2,76,2.0960793495178223,2.3569630353074325,,out_of_road
3109,fresh,0,fresh,,,0,0,0,1,0,0,10.0,40.0,10.0,55.0,1,86,37.86296081542969,0.3205761628138811,,out_of_road
3110,mutation,6,mutation,distance_to_nearest,,1,1,1,18,1,0,5.0,20.0,10.0,55.0,2,1000,29.33047866821289,0.14777041442319752,,max_step
3111,fresh,5,fresh,,,0,1,1,12,1,0,15.0,10.0,5.0,35.0,0,351,79.58576202392578,2.2493829527429368,,crash_vehicle
3112,crossover,0,crossover,,select_lane|ego_on_intersection|intersection_has_cars|distractor_cars|has_brake_checker|intersection_cars|has_cluster|cluster_dist|brake_dist,9,0,0,0,0,0,5.0,20.0,5.0,20.0,0,201,206.5021209716797,8.494430238038154,,out_of_road
3113,fresh,2,fresh,,,0,1,0,3,1,1,10.0,20.0,5.0,55.0,2,326,161.24375915527344,3.9886523829830205,,crash_vehicle
3114,replay,2,replay,,,0,1,0,3,1,1,10.0,20.0,5.0,55.0,2,527,355.0526428222656,7.251487041397667,,out_of_road
3115,fresh,2,fresh,,,0,0,0,3,0,0,5.0,20.0,5.0,20.0,1,425,91.21395111083984,0.7960525180136456,,out_of_road
3116,crossover,0,crossover,,select_lane|ego_on_intersection|intersection_has_cars|distractor_cars|has_brake_checker|has_cluster|cluster_dist|brake_dist,2,0,0,0,0,0,20.0,5.0,15.0,20.0,0,23,-5.9703898429870605,0.0,,out_of_road
3117,fresh,3,fresh,,,0,1,0,5,1,1,10.0,5.0,15.0,20.0,2,71,3.322026252746582,2.0545677567871525,,out_of_road
3118,mutation,1,mutation,distance_to_nearest,,1,1,0,2,0,1,20.0,10.0,5.0,10.0,0,981,45.14483642578125,0.26436030759146695,,out_of_road
3119,fresh,6,fresh,,,0,1,1,18,1,1,10.0,5.0,10.0,20.0,1,630,-5.690005779266357,0.0035650404554510872,,crash_vehicle
3120,mutation,1,mutation,intersection_cars,,1,0,0,2,1,1,10.0,40.0,15.0,55.0,2,123,92.80855560302734,2.373123736052615,,crash_vehicle
3121,fresh,0,fresh,,,0,1,0,1,1,0,10.0,40.0,15.0,55.0,1,149,105.7551040649414,3.2066343601218006,,crash_vehicle
3122,crossover,0,crossover,,distractor_cars|distance_to_nearest|cluster_dist,2,1,0,1,0,0,10.0,40.0,10.0,35.0,1,168,147.95570373535156,9.601281669168245,,out_of_road
3123,fresh,2,fresh,,,0,1,1,3,1,0,15.0,10.0,5.0,35.0,0,346,151.7211151123047,3.855894473354424,,crash_vehicle
3124,replay,2,replay,,,0,1,1,3,1,0,15.0,10.0,5.0,35.0,0,234,217.9884796142578,9.15369632610908,,out_of_road
3125,fresh,2,fresh,,,0,1,1,3,0,1,5.0,5.0,5.0,20.0,1,250,68.63514709472656,2.88790419793129,,out_of_road
3126,crossover,5,crossover,,select_lane|ego_on_intersection|intersection_has_cars|has_cluster|maximum_distractor_speed,3,0,0,12,0,0,15.0,40.0,15.0,20.0,1,70,28.101417541503906,0.4895669434751783,,out_of_road
3127,fresh,2,fresh,,,0,0,0,3,1,0,5.0,5.0,10.0,55.0,3,81,34.547054290771484,4.3941124339162565,,out_of_road
3128,crossover,3,crossover,,distractor_cars|has_brake_checker|has_cluster|distance_to_nearest,2,0,0,4,0,0,15.0,20.0,10.0,35.0,0,1000,25.158042907714844,0.018466378442943097,,max_step
3129,fresh,3,fresh,,,0,1,1,4,0,0,20.0,20.0,15.0,10.0,2,172,93.29177856445312,3.9321238863780055,,out_of_road
3130,replay,3,replay,,,0,1,1,4,0,0,20.0,20.0,15.0,10.0,2,199,155.66397094726562,7.205520678105666,,out_of_road
3131,fresh,6,fresh,,,0,1,1,18,0,0,5.0,20.0,5.0,35.0,2,130,53.31304931640625,1.1529889766413433,,arrive_dest
3132,replay,6,replay,,,0,1,1,18,0,0,5.0,20.0,5.0,35.0,2,105,65.42991638183594,2.0982199050131296,,out_of_road
3133,fresh,6,fresh,,,0,0,0,18,1,0,15.0,10.0,5.0,20.0,1,42,-2.6640069484710693,0.11970650582086473,,crash_vehicle
3134,crossover,4,crossover,,select_lane|ego_on_intersection|intersection_has_cars|distractor_cars|intersection_cars|has_cluster|cluster_dist,5,1,1,8,1,0,20.0,10.0,5.0,55.0,2,308,143.49996948242188,4.057992332796385,,out_of_road
3135,fresh,0,fresh,,,0,1,0,0,1,0,10.0,5.0,10.0,55.0,0,123,84.74573516845703,1.7558899131732257,,crash_vehicle
3136,crossover,1,crossover,,select_lane|ego_on_intersection|intersection_has_cars|has_brake_checker|intersection_cars|distance_to_nearest|brake_dist,3,0,0,2,0,1,15.0,20.0,5.0,35.0,0,1000,13.471014022827148,0.018910460710525514,,max_step
3137,fresh,2,fresh,,,0,1,1,3,0,1,20.0,20.0,5.0,55.0,0,1000,13.617634773254395,0.015796900175511837,,max_step
3138,mutation,0,mutation,distractor_cars,,1,1,0,1,1,1,15.0,40.0,15.0,55.0,1,30,-1.076528549194336,0.0,,out_of_road
3139,fresh,3,fresh,,,0,0,0,5,1,1,20.0,20.0,10.0,35.0,0,37,0.6930394172668457,0.0,,out_of_road
3140,crossover,2,crossover,,distractor_cars|distance_to_nearest,0,1,1,3,0,0,20.0,10.0,15.0,20.0,0,348,198.22520446777344,5.3511476360860915,,out_of_road
3141,fresh,5,fresh,,,0,0,0,12,1,1,5.0,40.0,15.0,55.0,0,156,116.74174499511719,6.2663534960876675,,out_of_road
3142,mutation,5,mutation,distractor_cars,,1,0,0,12,0,0,20.0,20.0,5.0,20.0,0,433,264.5837097167969,5.919791142191678,,out_of_road
3143,fresh,0,fresh,,,0,0,0,0,1,0,20.0,40.0,10.0,10.0,0,1000,67.31763458251953,0.3919863013923168,,max_step
3144,replay,0,replay,,,0,0,0,0,1,0,20.0,40.0,10.0,10.0,0,43,6.294604301452637,0.7973439187504524,,out_of_road
3145,fresh,4,fresh,,,0,0,0,8,1,0,20.0,40.0,15.0,55.0,3,25,-6.465801239013672,0.0,,out_of_road
3146,mutation,2,mutation,has_brake_checker,,2,1,0,3,1,0,5.0,40.0,5.0,55.0,3,34,-0.08308649063110352,0.17300193450030157,,out_of_road
3147,fresh,3,fresh,,,0,0,0,4,1,0,5.0,5.0,5.0,20.0,2,1000,1.3980634212493896,0.009191316142678261,,max_step
3148,mutation,1,mutation,brake_dist,,0,0,0,2,0,0,20.0,40.0,15.0,35.0,0,113,46.53068923950195,1.9900897161095543,,crash_vehicle
3149,fresh,1,fresh,,,0,1,1,2,0,0,15.0,20.0,5.0,35.0,2,89,42.58363723754883,0.5165358032570796,,out_of_road
3150,crossover,2,crossover,,select_lane|ego_on_intersection|intersection_has_cars|maximum_distractor_speed,2,1,0,3,0,0,5.0,10.0,5.0,35.0,0,528,147.10154724121094,1.7275127916258166,,out_of_road
3151,fresh,3,fresh,,,0,0,0,4,1,1,5.0,10.0,10.0,20.0,1,1000,6.309223651885986,0.04138955093175173,,max_step
3152,crossover,0,crossover,,intersection_cars|has_cluster|distance_to_nearest,1,0,0,0,0,0,10.0,40.0,5.0,20.0,0,234,233.60943603515625,10.12722924275276,,out_of_road
3153,fresh,2,fresh,,,0,1,1,3,1,0,20.0,40.0,5.0,55.0,2,96,40.76642990112305,0.7718460044513146,,out_of_road
3154,mutation,4,mutation,distractor_cars,,1,0,0,8,0,0,20.0,5.0,5.0,20.0,3,112,30.916790008544922,4.286552337663514,,out_of_road
3155,fresh,3,fresh,,,0,1,1,5,1,0,10.0,20.0,5.0,35.0,0,1000,316.76739501953125,2.2363854169361295,,max_step
3156,crossover,1,crossover,,distractor_cars|has_brake_checker|has_cluster|distance_to_nearest|cluster_dist,3,0,0,2,0,0,10.0,40.0,10.0,55.0,1,223,181.5723114013672,7.408976036336925,,out_of_road
3157,fresh,3,fresh,,,0,1,0,5,0,1,15.0,40.0,5.0,35.0,2,71,32.630393981933594,0.47365521713041925,,crash_vehicle
3158,crossover,2,crossover,,select_lane|ego_on_intersection|intersection_has_cars|distance_to_nearest|cluster_dist|brake_dist,5,0,0,3,0,0,15.0,10.0,10.0,55.0,1,816,287.15936279296875,2.258460100667149,,out_of_road
3159,fresh,2,fresh,,,0,1,0,3,1,0,15.0,5.0,15.0,20.0,1,1000,0.661705732345581,1.0261416435241698e-05,,max_step
3160,replay,2,replay,,,0,1,0,3,1,0,15.0,5.0,15.0,20.0,1,164,144.07852172851562,5.194917169740287,,out_of_road
3161,fresh,3,fresh,,,0,1,1,4,1,1,15.0,5.0,15.0,20.0,2,157,41.681427001953125,2.0690338827052694,,out_of_road
3162,mutation,0,mutation,maximum_distractor_speed,,1,1,1,1,0,1,15.0,10.0,15.0,35.0,1,69,29.316669464111328,0.34955279032389325,,out_of_road
3163,fresh,0,fresh,,,0,1,1,0,1,0,20.0,10.0,5.0,35.0,0,105,61.60399627685547,1.1089381044819242,,crash_vehicle
3164,replay,0,replay,,,0,1,1,0,1,0,20.0,10.0,5.0,35.0,0,124,61.50719451904297,2.729635929268214,,out_of_road
3165,fresh,4,fresh,,,0,1,1,8,1,0,5.0,20.0,10.0,55.0,0,48,6.055371284484863,0.21666009227434793,,out_of_road
3166,mutation,1,mutation,has_cluster,,1,0,0,2,0,1,20.0,10.0,10.0,10.0,2,113,78.07656860351562,1.7695565683915553,,out_of_road
3167,fresh,0,fresh,,,0,1,0,0,0,0,15.0,10.0,10.0,20.0,0,145,93.1016616821289,3.7812282094667697,,out_of_road
3168,mutation,3,mutation,distance_to_nearest,,1,1,1,4,0,1,10.0,5.0,15.0,35.0,2,177,58.843780517578125,2.8515540843797944,,arrive_dest
3169,fresh,0,fresh,,,0,1,0,0,1,0,20.0,20.0,15.0,20.0,0,214,193.17381286621094,8.53357031269469,,out_of_road
3170,crossover,4,crossover,,distractor_cars|intersection_cars|maximum_distractor_speed,2,0,0,8,0,1,5.0,10.0,15.0,20.0,1,1000,52.286800384521484,0.21829266048967838,,max_step
3171,fresh,3,fresh,,,0,0,0,4,0,0,10.0,5.0,10.0,55.0,1,159,71.63745880126953,4.552210050465176,,out_of_road
3172,crossover,1,crossover,,distance_to_nearest|cluster_dist|brake_dist,3,0,0,2,1,0,20.0,10.0,10.0,20.0,0,130,35.4178466796875,1.0955134380322236,,out_of_road
3173,fresh,0,fresh,,,0,1,0,0,1,0,20.0,5.0,10.0,10.0,0,1000,1.8330426216125488,0.028500071182847024,,max_step
3174,replay,0,replay,,,0,1,0,0,1,0,20.0,5.0,10.0,10.0,0,266,276.8694152832031,10.941214910575322,,out_of_road
3175,fresh,2,fresh,,,0,1,1,3,1,1,20.0,10.0,5.0,55.0,0,1000,1.7360087633132935,0.02067860326450318,,max_step
3176,mutation,0,mutation,has_cluster,,0,0,0,0,0,0,10.0,5.0,5.0,20.0,0,217,196.97201538085938,7.6421926609382105,,out_of_road
3177,fresh,0,fresh,,,0,1,0,0,1,0,10.0,10.0,10.0,10.0,0,114,50.42957305908203,4.637660277517218,,out_of_road
3178,replay,0,replay,,,0,1,0,0,1,0,10.0,10.0,10.0,10.0,0,209,207.6925811767578,6.998059667040857,,out_of_road
3179,fresh,4,fresh,,,0,1,1,8,0,1,15.0,5.0,15.0,20.0,1,186,75.9930419921875,3.7524137833426074,,out_of_road
3180,replay,4,replay,,,0,1,1,8,0,1,15.0,5.0,15.0,20.0,1,210,196.80604553222656,6.294828298226708,,out_of_road
3181,fresh,3,fresh,,,0,0,0,5,0,0,15.0,20.0,15.0,35.0,0,1000,14.829262733459473,0.037731590360403064,,max_step
3182,mutation,2,mutation,brake_dist,,1,0,0,3,0,0,20.0,20.0,15.0,55.0,3,67,22.554141998291016,0.31505109303033174,,out_of_road
3183,fresh,5,fresh,,,0,1,0,12,0,0,15.0,5.0,5.0,35.0,3,1000,1.1331990957260132,0.004818539261817932,,max_step
3184,replay,5,replay,,,0,1,0,12,0,0,15.0,5.0,5.0,35.0,3,405,289.5724182128906,6.8150435141575185,,out_of_road
3185,fresh,2,fresh,,,0,0,0,3,0,1,10.0,40.0,15.0,55.0,1,1000,36.40358352661133,0.10480022955685854,,max_step
3186,mutation,2,mutation,maximum_distractor_speed,,0,1,1,3,0,1,5.0,5.0,10.0,20.0,2,499,9.134785652160645,0.16901688321767924,,crash_vehicle
3187,fresh,4,fresh,,,0,0,0,8,0,1,10.0,5.0,10.0,35.0,1,584,-2.6697142124176025,0.00601982008920957,,crash_vehicle
3188,crossover,6,crossover,,select_lane|ego_on_intersection|intersection_has_cars|intersection_cars|has_cluster|distance_to_nearest|cluster_dist|brake_dist,4,0,0,18,1,0,20.0,5.0,15.0,55.0,3,260,114.90667724609375,3.823163166355628,,crash_vehicle
3189,fresh,3,fresh,,,0,0,0,4,1,0,10.0,10.0,15.0,35.0,1,234,202.9763641357422,8.155296174379496,,out_of_road
3190,replay,3,replay,,,0,0,0,4,1,0,10.0,10.0,15.0,35.0,1,119,57.81951141357422,2.8977789157578924,,out_of_road
3191,fresh,3,fresh,,,0,1,1,4,0,0,15.0,40.0,10.0,10.0,1,81,33.52440643310547,0.9659227942243035,,crash_vehicle
3192,crossover,2,crossover,,intersection_cars|maximum_distractor_speed|distance_to_nearest,1,1,1,3,0,0,20.0,10.0,15.0,20.0,1,140,70.05276489257812,5.867789828777314,,out_of_road
3193,fresh,3,fresh,,,0,1,0,5,1,1,20.0,10.0,5.0,35.0,3,518,49.65703582763672,0.8053413044488683,,out_of_road
3194,mutation,4,mutation,cluster_dist,,1,0,0,8,1,0,5.0,10.0,5.0,55.0,2,272,109.99708557128906,3.147044999798869,,crash_vehicle
3195,fresh,2,fresh,,,0,1,0,3,1,0,5.0,20.0,5.0,55.0,3,122,90.9925537109375,2.3930009285934637,,crash_vehicle
3196,mutation,3,mutation,maximum_distractor_speed,,1,1,0,5,1,1,10.0,20.0,5.0,55.0,1,1000,12.454888343811035,0.028193295158445836,,max_step
3197,fresh,4,fresh,,,0,0,0,8,0,0,5.0,10.0,15.0,55.0,2,357,103.6574478149414,2.0481921011994197,,out_of_road
3198,mutation,4,mutation,distractor_cars,,1,0,0,8,1,0,10.0,10.0,15.0,35.0,1,134,42.465171813964844,1.513756642145897,,out_of_road
3199,fresh,1,fresh,,,0,0,0,2,1,1,15.0,40.0,5.0,55.0,1,113,67.85354614257812,1.327282878677402,,crash_vehicle
3200,crossover,4,crossover,,select_lane|ego_on_intersection|intersection_has_cars|has_brake_checker|intersection_cars|has_cluster|cluster_dist,4,0,0,8,0,0,10.0,20.0,5.0,35.0,3,234,251.32977294921875,11.308604830605352,,arrive_dest
3201,fresh,5,fresh,,,0,0,0,12,0,1,10.0,20.0,5.0,20.0,1,1000,13.3738374710083,0.02187514314055443,,max_step
3202,replay,5,replay,,,0,0,0,12,0,1,10.0,20.0,5.0,20.0,1,125,48.4703369140625,3.908586979866028,,out_of_road
3203,fresh,6,fresh,,,0,1,1,18,0,0,15.0,10.0,15.0,55.0,1,111,52.94833755493164,2.858666358767329,,out_of_road
3204,mutation,3,mutation,has_brake_checker,,1,0,0,4,0,0,15.0,20.0,5.0,35.0,1,328,131.6772918701172,2.8197413688389266,,out_of_road
3205,fresh,0,fresh,,,0,0,0,0,0,0,20.0,10.0,10.0,35.0,0,126,110.5075454711914,3.891635978505725,,out_of_road
3206,mutation,2,mutation,maximum_distractor_speed,,1,1,1,3,0,0,20.0,40.0,5.0,55.0,1,44,-0.08373737335205078,0.20999583331021396,,crash_vehicle
3207,fresh,0,fresh,,,0,1,1,1,1,0,20.0,20.0,10.0,35.0,1,1000,69.2035903930664,0.1948330716639757,,max_step
3208,replay,0,replay,,,0,1,1,1,1,0,20.0,20.0,10.0,35.0,1,190,201.88446044921875,7.564060853421688,,out_of_road
3209,fresh,0,fresh,,,0,0,0,0,1,0,20.0,20.0,5.0,35.0,0,94,46.08832550048828,0.5968915390524459,,out_of_road
3210,mutation,4,mutation,select_road|select_lane|ego_on_intersection|intersection_has_cars,,1,0,0,8,0,1,10.0,40.0,15.0,10.0,3,1000,36.25796127319336,0.026725149154663085,,max_step
3211,fresh,0,fresh,,,0,0,0,0,1,0,15.0,20.0,10.0,35.0,0,102,64.52781677246094,2.4171203014020826,,crash_vehicle
3212,mutation,2,mutation,brake_dist,,1,0,0,3,1,0,5.0,5.0,10.0,35.0,3,82,26.622875213623047,2.334818472222584,,out_of_road
3213,fresh,1,fresh,,,0,0,0,2,0,1,20.0,5.0,5.0,10.0,0,467,205.9903564453125,3.5548900703418944,,crash_vehicle
3214,replay,1,replay,,,0,0,0,2,0,1,20.0,5.0,5.0,10.0,0,784,274.7821044921875,2.738453472342,,out_of_road
3215,fresh,6,fresh,,,0,0,0,18,0,1,20.0,5.0,15.0,35.0,0,1000,17.03351402282715,0.24354204035550356,,max_step
3216,crossover,0,crossover,,maximum_distractor_speed,1,0,0,0,0,0,5.0,40.0,5.0,10.0,0,18,-4.3401994705200195,0.0,,out_of_road
3217,fresh,4,fresh,,,0,1,1,8,1,1,15.0,5.0,5.0,20.0,2,100,-3.600428581237793,0.1248505276069045,,crash_vehicle
3218,mutation,4,mutation,select_road|select_lane|ego_on_intersection|intersection_has_cars,,2,1,0,8,1,0,10.0,40.0,15.0,55.0,1,1000,189.85203552246094,1.047194073498249,,max_step
3219,fresh,5,fresh,,,0,0,0,12,0,0,5.0,20.0,15.0,55.0,1,760,261.2780456542969,3.262933880246955,,out_of_road
3220,replay,5,replay,,,0,0,0,12,0,0,5.0,20.0,15.0,55.0,1,2,10.0,4.521463394165039,,arrive_dest
3221,fresh,3,fresh,,,0,0,0,4,0,1,15.0,10.0,10.0,10.0,3,79,12.643169403076172,0.4388856560086148,,out_of_road
3222,mutation,1,mutation,distance_to_nearest,,1,0,0,2,0,0,20.0,10.0,5.0,35.0,2,193,212.02943420410156,9.910507459714623,,out_of_road
3223,fresh,4,fresh,,,0,1,0,8,1,0,20.0,10.0,10.0,20.0,2,247,216.56338500976562,7.827271764336327,,out_of_road
3224,mutation,4,mutation,maximum_distractor_speed,,1,1,1,8,0,0,5.0,20.0,5.0,55.0,2,1000,12.971840858459473,0.05841371375322342,,max_step
3225,fresh,0,fresh,,,0,0,0,0,1,0,10.0,20.0,5.0,55.0,0,95,50.79566192626953,3.0031149032868836,,out_of_road
3226,crossover,5,crossover,,has_brake_checker|intersection_cars|maximum_distractor_speed|distance_to_nearest|cluster_dist,2,1,0,12,0,1,20.0,40.0,10.0,35.0,0,176,147.32290649414062,6.619539243592457,,out_of_road
3227,fresh,0,fresh,,,0,0,0,0,1,0,5.0,5.0,10.0,10.0,0,217,213.607666015625,9.668572003940284,,out_of_road
3228,mutation,4,mutation,has_brake_checker,,1,1,1,8,1,0,20.0,20.0,5.0,35.0,3,410,171.05677795410156,3.5196907776884916,,out_of_road
3229,fresh,6,fresh,,,0,0,0,18,0,1,5.0,40.0,5.0,35.0,0,1000,35.33810806274414,0.06884997680038214,,max_step
3230,mutation,2,mutation,has_cluster,,0,1,1,3,0,0,20.0,10.0,15.0,20.0,0,986,112.37252807617188,0.7800925690982997,,out_of_road
3231,fresh,1,fresh,,,0,1,1,2,1,0,5.0,10.0,10.0,55.0,2,110,46.80306625366211,0.2340292442928661,,out_of_road
3232,replay,1,replay,,,0,1,1,2,1,0,5.0,10.0,10.0,55.0,2,322,150.46664428710938,3.6134630262111287,,out_of_road
3233,fresh,2,fresh,,,0,0,0,3,0,0,10.0,5.0,10.0,20.0,2,1000,-0.09588529169559479,0.0,,max_step
3234,replay,2,replay,,,0,0,0,3,0,0,10.0,5.0,10.0,20.0,2,99,37.87730026245117,0.7222078660822878,,out_of_road
3235,fresh,1,fresh,,,0,0,0,2,0,1,5.0,20.0,15.0,35.0,0,129,56.22006607055664,2.802716783197351,,out_of_road
3236,crossover,4,crossover,,distractor_cars|has_brake_checker|has_cluster|cluster_dist,3,0,0,8,0,0,15.0,5.0,5.0,20.0,2,964,216.33302307128906,1.325626056629747,,out_of_road
3237,fresh,0,fresh,,,0,0,0,0,0,0,5.0,40.0,5.0,10.0,0,72,27.746318817138672,0.438375367058648,,out_of_road
3238,crossover,5,crossover,,distractor_cars|distance_to_nearest|cluster_dist,1,1,0,12,0,0,15.0,40.0,5.0,35.0,2,144,115.98064422607422,3.956090134465032,,crash_vehicle
3239,fresh,0,fresh,,,0,0,0,0,1,0,20.0,20.0,15.0,10.0,0,102,34.08551025390625,2.6200778554467594,,crash_vehicle
3240,replay,0,replay,,,0,0,0,0,1,0,20.0,20.0,15.0,10.0,0,115,56.09720230102539,2.4303710108217986,,out_of_road
3241,fresh,1,fresh,,,0,1,1,2,0,0,15.0,20.0,5.0,55.0,1,194,95.67625427246094,3.732730626138215,,out_of_road
3242,replay,1,replay,,,0,1,1,2,0,0,15.0,20.0,5.0,55.0,1,186,199.72024536132812,7.572882476192649,,out_of_road
3243,fresh,2,fresh,,,0,1,0,3,0,1,5.0,20.0,5.0,10.0,3,48,8.726985931396484,0.3166179259618123,,out_of_road
3244,crossover,3,crossover,,intersection_cars|has_cluster,1,1,1,4,1,0,20.0,10.0,15.0,55.0,1,148,88.15241241455078,6.983062185145713,,crash_vehicle
3245,fresh,4,fresh,,,0,0,0,8,0,0,10.0,5.0,5.0,20.0,3,248,114.35477447509766,4.173934624800759,,out_of_road
3246,mutation,3,mutation,brake_dist,,0,1,1,5,1,1,10.0,20.0,15.0,35.0,3,1000,40.216064453125,0.1440635360777378,,max_step
3247,fresh,6,fresh,,,0,1,0,18,1,1,20.0,40.0,5.0,55.0,0,69,27.008941650390625,0.3415691818016163,,crash_vehicle
3248,replay,6,replay,,,0,1,0,18,1,1,20.0,40.0,5.0,55.0,0,38,2.787942886352539,0.11571314460352848,,out_of_road
3249,fresh,2,fresh,,,0,0,0,3,0,1,10.0,40.0,10.0,20.0,2,95,67.9030532836914,0.8632263801599803,,crash_vehicle
3250,replay,2,replay,,,0,0,0,3,0,1,10.0,40.0,10.0,20.0,2,206,194.03306579589844,6.179226618947335,,out_of_road
3251,fresh,5,fresh,,,0,1,1,12,1,0,5.0,40.0,5.0,55.0,0,87,50.90547561645508,0.7593487006151813,,crash_vehicle
3252,replay,5,replay,,,0,1,1,12,1,0,5.0,40.0,5.0,55.0,0,1000,74.81477355957031,0.12748075289279223,,max_step
3253,fresh,2,fresh,,,0,0,0,3,0,0,5.0,40.0,15.0,10.0,3,152,124.4501953125,3.62235742650534,,out_of_road
3254,crossover,6,crossover,,select_lane|ego_on_intersection|intersection_has_cars|maximum_distractor_speed|cluster_dist,3,1,0,18,0,1,10.0,5.0,10.0,20.0,3,1000,2.023371934890747,0.02593734608590603,,max_step
3255,fresh,3,fresh,,,0,0,0,4,1,0,5.0,10.0,15.0,35.0,0,72,9.406484603881836,0.5030668806284666,,out_of_road
3256,replay,3,replay,,,0,0,0,4,1,0,5.0,10.0,15.0,35.0,0,188,185.17385864257812,6.533808848325243,,out_of_road
3257,fresh,3,fresh,,,0,0,0,5,0,1,5.0,5.0,10.0,35.0,2,190,100.3799819946289,5.012810951471328,,out_of_road
3258,replay,3,replay,,,0,0,0,5,0,1,5.0,5.0,10.0,35.0,2,194,177.00559997558594,6.942969619613333,,out_of_road
3259,fresh,4,fresh,,,0,1,0,8,0,0,5.0,20.0,15.0,35.0,0,1000,34.67973327636719,0.056875965356826784,,max_step
3260,replay,4,replay,,,0,1,0,8,0,0,5.0,20.0,15.0,35.0,0,238,241.61483764648438,10.282090051835324,,out_of_road
3261,fresh,0,fresh,,,0,1,0,1,1,0,20.0,20.0,10.0,35.0,1,46,9.176912307739258,0.46082301761793054,,out_of_road
3262,crossover,4,crossover,,select_lane|ego_on_intersection|intersection_has_cars|intersection_cars|maximum_distractor_speed|distance_to_nearest|cluster_dist|brake_dist,2,0,0,8,0,0,20.0,5.0,5.0,20.0,3,108,28.810134887695312,4.037602466565591,,out_of_road
3263,fresh,5,fresh,,,0,0,0,12,0,1,5.0,40.0,10.0,55.0,3,73,26.344758987426758,0.34731164043896817,,crash_vehicle
3264,crossover,4,crossover,,has_brake_checker|has_cluster|distance_to_nearest|cluster_dist,2,1,1,8,0,0,20.0,20.0,5.0,55.0,2,127,63.091773986816406,2.7297470046309975,,crash_vehicle
3265,fresh,6,fresh,,,0,1,0,18,1,0,5.0,40.0,5.0,55.0,3,199,208.55076599121094,9.61919759086628,,out_of_road
3266,mutation,4,mutation,has_brake_checker,,1,1,0,8,0,0,20.0,10.0,15.0,35.0,3,118,48.47896957397461,3.494694677197327,,out_of_road
3267,fresh,3,fresh,,,0,0,0,4,0,1,5.0,20.0,10.0,35.0,0,1000,16.5587158203125,0.017619382992386818,,max_step
3268,mutation,3,mutation,has_cluster,,1,1,0,4,1,0,5.0,20.0,10.0,55.0,1,198,207.2097930908203,9.249238758526667,,out_of_road
3269,fresh,4,fresh,,,0,0,0,8,0,0,10.0,20.0,5.0,35.0,2,100,59.177955627441406,3.3926706969738007,,out_of_road
3270,mutation,6,mutation,brake_dist,,1,1,0,18,0,0,10.0,10.0,5.0,20.0,1,337,9.044039726257324,0.5094824916177404,,out_of_road
3271,fresh,3,fresh,,,0,0,0,5,0,0,10.0,5.0,15.0,55.0,1,309,100.36383819580078,2.557220404877246,,out_of_road
3272,replay,3,replay,,,0,0,0,5,0,0,10.0,5.0,15.0,55.0,1,161,161.4016876220703,6.838541340753899,,out_of_road
3273,fresh,2,fresh,,,0,1,1,3,1,0,10.0,5.0,5.0,35.0,1,208,76.54127502441406,3.0536422671463628,,arrive_dest
3274,crossover,4,crossover,,distractor_cars|has_brake_checker|intersection_cars|maximum_distractor_speed|cluster_dist|brake_dist,0,1,0,8,1,0,20.0,10.0,15.0,35.0,3,335,243.58795166015625,7.429639672743741,,out_of_road
3275,fresh,0,fresh,,,0,1,1,1,1,1,20.0,10.0,5.0,20.0,1,193,91.78473663330078,3.8014017745775264,,crash_vehicle
3276,crossover,5,crossover,,has_brake_checker|maximum_distractor_speed|distance_to_nearest|cluster_dist,1,1,1,12,0,0,15.0,10.0,5.0,35.0,0,118,61.45458984375,4.664570274494462,,crash_vehicle
3277,fresh,6,fresh,,,0,0,0,18,0,1,15.0,5.0,10.0,20.0,1,1000,5.895233631134033,0.03842608457058668,,max_step
3278,crossover,4,crossover,,intersection_cars,1,0,0,8,1,0,10.0,20.0,15.0,35.0,3,1000,42.997100830078125,0.17135997389256954,,max_step
3279,fresh,2,fresh,,,0,1,0,3,0,0,20.0,10.0,5.0,20.0,1,127,68.7035140991211,5.717905429169887,,crash_vehicle
3280,replay,2,replay,,,0,1,0,3,0,0,20.0,10.0,5.0,20.0,1,48,7.397010803222656,1.1070100565751393,,out_of_road
3281,fresh,0,fresh,,,0,0,0,0,0,0,10.0,20.0,5.0,20.0,0,209,215.3836212158203,9.267614616731707,,out_of_road
3282,replay,0,replay,,,0,0,0,0,0,0,10.0,20.0,5.0,20.0,0,195,159.29579162597656,5.863857506024532,,out_of_road
3283,fresh,0,fresh,,,0,0,0,0,0,0,5.0,5.0,15.0,20.0,0,222,191.53375244140625,5.976352409199551,,out_of_road
3284,replay,0,replay,,,0,0,0,0,0,0,5.0,5.0,15.0,20.0,0,53,5.610860824584961,0.11815960002395343,,out_of_road
3285,fresh,5,fresh,,,0,1,1,12,1,0,15.0,20.0,15.0,55.0,1,42,5.4246416091918945,0.2906970800388427,,out_of_road
3286,crossover,3,crossover,,distractor_cars|has_brake_checker|cluster_dist|brake_dist,3,1,1,5,1,0,15.0,5.0,10.0,55.0,2,1000,2.027104139328003,0.0024502434469759462,,max_step
3287,fresh,5,fresh,,,0,1,1,12,1,0,10.0,10.0,10.0,20.0,0,152,-0.7479119300842285,0.4078967528399325,,crash_vehicle
3288,replay,5,replay,,,0,1,1,12,1,0,10.0,10.0,10.0,20.0,0,237,94.31885528564453,1.972062123727195,,out_of_road
3289,fresh,3,fresh,,,0,0,0,5,1,1,5.0,5.0,10.0,55.0,3,282,59.87870788574219,1.5805539181257815,,out_of_road
3290,crossover,5,crossover,,distractor_cars|has_brake_checker|has_cluster|maximum_distractor_speed|distance_to_nearest|brake_dist,3,1,1,12,1,0,5.0,40.0,15.0,55.0,2,202,74.64221954345703,0.8929034294468341,,arrive_dest
3291,fresh,2,fresh,,,0,1,0,3,1,0,15.0,5.0,10.0,20.0,2,448,321.5267333984375,7.232392595739968,,out_of_road
3292,replay,2,replay,,,0,1,0,3,1,0,15.0,5.0,10.0,20.0,2,156,103.82325744628906,3.695122105188859,,out_of_road
3293,fresh,4,fresh,,,0,1,1,8,1,1,10.0,40.0,15.0,55.0,1,535,132.96055603027344,1.2514919606046142,,crash_vehicle
3294,mutation,5,mutation,distance_to_nearest,,1,0,0,12,0,0,15.0,20.0,5.0,55.0,0,288,257.4629211425781,7.748653477885657,,out_of_road
3295,fresh,6,fresh,,,0,0,0,18,0,0,5.0,5.0,15.0,10.0,0,1000,74.2438735961914,0.5688856143206358,,max_step
3296,replay,6,replay,,,0,0,0,18,0,0,5.0,5.0,15.0,10.0,0,88,48.67710876464844,0.45501159029928123,,crash_vehicle
3297,fresh,5,fresh,,,0,1,0,12,0,0,10.0,5.0,10.0,20.0,0,1000,0.25002461671829224,0.001635074008256197,,max_step
3298,mutation,1,mutation,brake_dist,,0,1,0,2,1,0,20.0,40.0,15.0,55.0,0,245,194.9738311767578,6.471358796285124,,crash_vehicle
3299,fresh,3,fresh,,,0,1,0,5,0,1,20.0,5.0,15.0,10.0,0,757,208.613525390625,1.7067292213164358,,out_of_road
3300,replay,3,replay,,,0,1,0,5,0,1,20.0,5.0,15.0,10.0,0,82,32.58481216430664,2.616294728546608,,out_of_road
3301,fresh,0,fresh,,,0,0,0,0,1,0,5.0,20.0,5.0,20.0,0,182,70.03858947753906,2.4917342803226066,,out_of_road
3302,replay,0,replay,,,0,0,0,0,1,0,5.0,20.0,5.0,20.0,0,229,216.65367126464844,6.621999921236497,,out_of_road
3303,fresh,5,fresh,,,0,1,1,12,0,0,20.0,10.0,10.0,20.0,1,399,244.30380249023438,6.220368776778529,,out_of_road
3304,replay,5,replay,,,0,1,1,12,0,0,20.0,10.0,10.0,20.0,1,231,207.71864318847656,6.220414621360375,,out_of_road
3305,fresh,4,fresh,,,0,1,0,8,0,0,10.0,20.0,10.0,20.0,0,1000,71.61410522460938,0.21419261208176613,,max_step
3306,mutation,6,mutation,cluster_dist,,1,0,0,18,0,0,20.0,20.0,15.0,10.0,0,40,-5.614988327026367,0.0,,out_of_road
3307,fresh,0,fresh,,,0,1,0,0,1,0,5.0,20.0,10.0,35.0,0,107,57.999794006347656,1.0701430664859086,,out_of_road
3308,crossover,2,crossover,,select_lane|ego_on_intersection|intersection_has_cars|distractor_cars|has_brake_checker|intersection_cars,1,0,0,3,0,0,5.0,10.0,5.0,20.0,3,39,1.5544700622558594,0.7315547038347293,,out_of_road
3309,fresh,0,fresh,,,0,1,1,0,1,0,10.0,5.0,15.0,20.0,0,89,38.08024978637695,1.0175331100988925,,crash_vehicle
3310,crossover,3,crossover,,select_lane|ego_on_intersection|intersection_has_cars|distractor_cars|intersection_cars|has_cluster|maximum_distractor_speed|cluster_dist|brake_dist,4,1,1,5,1,0,20.0,40.0,10.0,55.0,1,48,7.090741157531738,0.3967564230163892,,out_of_road
3311,fresh,0,fresh,,,0,1,0,0,0,0,5.0,10.0,10.0,20.0,0,86,38.10821533203125,0.61993516149909,,out_of_road
3312,crossover,1,crossover,,select_lane|ego_on_intersection|intersection_has_cars|has_brake_checker|intersection_cars|has_cluster|distance_to_nearest|cluster_dist,6,1,0,2,0,1,20.0,10.0,5.0,20.0,2,123,54.056678771972656,1.4527210952729228,,out_of_road
3313,fresh,0,fresh,,,0,1,0,0,0,0,10.0,5.0,5.0,20.0,0,54,6.701127052307129,0.18665181707452844,,out_of_road
3314,crossover,3,crossover,,distractor_cars|maximum_distractor_speed|distance_to_nearest|cluster_dist|brake_dist,4,1,1,4,0,1,20.0,5.0,5.0,55.0,1,1000,0.8725358843803406,0.025322114195674657,,max_step
3315,fresh,6,fresh,,,0,0,0,18,1,1,5.0,5.0,15.0,55.0,3,1000,60.295570373535156,0.2973116807192564,,max_step
3316,crossover,3,crossover,,distractor_cars|has_brake_checker|intersection_cars|has_cluster|maximum_distractor_speed|distance_to_nearest|cluster_dist|brake_dist,4,0,0,5,1,0,10.0,20.0,5.0,35.0,0,710,69.41991424560547,0.379468605279083,,crash_vehicle
3317,fresh,5,fresh,,,0,1,1,12,1,1,5.0,20.0,15.0,35.0,0,41,1.8721609115600586,0.974082615317368,,out_of_road
3318,mutation,0,mutation,distractor_cars,,1,0,0,0,0,0,5.0,10.0,5.0,10.0,0,34,-1.415149450302124,0.2295954928678625,,out_of_road
3319,fresh,4,fresh,,,0,0,0,8,1,0,20.0,20.0,10.0,55.0,0,38,2.53712797164917,0.3351825773715973,,out_of_road
3320,crossover,6,crossover,,distractor_cars|has_cluster|maximum_distractor_speed|brake_dist,2,1,0,18,0,1,10.0,10.0,10.0,55.0,1,59,2.2390122413635254,0.09913832252308474,,crash_vehicle
3321,fresh,4,fresh,,,0,1,0,8,0,0,20.0,20.0,5.0,10.0,0,319,221.43252563476562,6.507890053957607,,crash_vehicle
3322,crossover,0,crossover,,select_lane|ego_on_intersection|intersection_has_cars|distractor_cars|has_cluster|cluster_dist|brake_dist,7,0,0,0,0,0,5.0,5.0,15.0,20.0,0,253,246.7681427001953,8.708795522041472,,out_of_road
3323,fresh,3,fresh,,,0,1,1,4,1,0,20.0,5.0,5.0,20.0,3,132,29.64925765991211,1.9165080704472282,,out_of_road
3324,mutation,3,mutation,has_cluster,,1,1,1,5,1,1,20.0,5.0,5.0,20.0,0,1000,4.286940574645996,0.04226412869617343,,max_step
3325,fresh,1,fresh,,,0,1,0,2,1,1,15.0,20.0,15.0,55.0,0,1000,29.085010528564453,0.06976409494131804,,max_step
3326,replay,1,replay,,,0,1,0,2,1,1,15.0,20.0,15.0,55.0,0,241,73.7961654663086,2.767480361882087,,out_of_road
3327,fresh,6,fresh,,,0,1,1,18,0,0,20.0,40.0,5.0,10.0,2,397,122.98457336425781,1.3916524546572784,,out_of_road
3328,replay,6,replay,,,0,1,1,18,0,0,20.0,40.0,5.0,10.0,2,442,219.2903289794922,3.3605229547120867,,out_of_road
3329,fresh,3,fresh,,,0,1,1,4,0,0,10.0,40.0,10.0,35.0,3,232,35.1131477355957,0.1667386599141976,,out_of_road
3330,mutation,1,mutation,has_cluster,,1,0,0,2,1,1,5.0,40.0,10.0,55.0,2,84,32.77293014526367,0.4177192964014553,,out_of_road
3331,fresh,3,fresh,,,0,1,0,4,1,0,20.0,10.0,15.0,20.0,3,1000,128.70574951171875,0.46775996243208645,,max_step
3332,crossover,6,crossover,,select_lane|ego_on_intersection|intersection_has_cars|intersection_cars|has_cluster|cluster_dist|brake_dist,2,0,0,18,0,0,10.0,5.0,15.0,35.0,3,1000,175.6439666748047,1.6887359799742698,,max_step
3333,fresh,0,fresh,,,0,0,0,1,1,0,15.0,20.0,10.0,55.0,1,88,32.0429573059082,0.3852079321037639,,out_of_road
3334,replay,0,replay,,,0,0,0,1,1,0,15.0,20.0,10.0,55.0,1,200,206.65818786621094,7.610099592208862,,out_of_road
3335,fresh,1,fresh,,,0,1,1,2,1,1,10.0,40.0,15.0,55.0,2,91,53.78339767456055,1.6487382827224313,,out_of_road
3336,replay,1,replay,,,0,1,1,2,1,1,10.0,40.0,15.0,55.0,2,118,41.082763671875,1.6979177179983107,,out_of_road
3337,fresh,4,fresh,,,0,1,1,8,1,1,5.0,5.0,10.0,35.0,0,1000,48.37908172607422,0.20886471252888442,,max_step
3338,replay,4,replay,,,0,1,1,8,1,1,5.0,5.0,10.0,35.0,0,2,10.0,0.0,,arrive_dest
3339,fresh,3,fresh,,,0,0,0,4,0,1,20.0,20.0,10.0,10.0,2,1000,15.732826232910156,0.05487832163274288,,max_step
3340,mutation,2,mutation,distance_to_nearest,,1,0,0,3,0,0,5.0,20.0,5.0,20.0,3,270,263.31500244140625,8.281443620390363,,out_of_road
3341,fresh,0,fresh,,,0,1,1,1,1,0,15.0,20.0,10.0,55.0,1,94,45.463565826416016,0.43827046358838995,,out_of_road
3342,replay,0,replay,,,0,1,1,1,1,0,15.0,20.0,10.0,55.0,1,130,36.75070571899414,1.8808541860717993,,out_of_road
3343,fresh,5,fresh,,,0,0,0,12,1,1,5.0,10.0,15.0,55.0,2,1000,21.172746658325195,0.0618532063215971,,max_step
3344,crossover,5,crossover,,select_lane|ego_on_intersection|intersection_has_cars|has_brake_checker|intersection_cars|has_cluster|maximum_distractor_speed,4,1,0,12,0,0,10.0,20.0,15.0,10.0,3,198,73.40474700927734,2.320134575920876,,out_of_road
3345,fresh,4,fresh,,,0,1,1,8,0,0,20.0,10.0,5.0,10.0,3,109,37.559200286865234,1.946676196308311,,out_of_road
3346,replay,4,replay,,,0,1,1,8,0,0,20.0,10.0,5.0,10.0,3,246,151.6996307373047,5.31707525919608,,out_of_road
3347,fresh,4,fresh,,,0,1,0,8,1,0,10.0,5.0,15.0,35.0,2,113,32.4006233215332,1.9932459397653564,,out_of_road
3348,crossover,1,crossover,,select_lane|ego_on_intersection|intersection_has_cars|distance_to_nearest|cluster_dist|brake_dist,2,1,1,2,0,0,15.0,5.0,5.0,55.0,1,264,36.45907974243164,1.5833230988320075,,out_of_road
3349,fresh,2,fresh,,,0,1,0,3,0,1,15.0,5.0,10.0,35.0,2,231,49.19297409057617,1.1445619715498638,,out_of_road
3350,replay,2,replay,,,0,1,0,3,0,1,15.0,5.0,10.0,35.0,2,91,31.00444793701172,0.8188370047034798,,out_of_road
3351,fresh,0,fresh,,,0,1,0,1,0,1,10.0,20.0,10.0,20.0,1,122,49.33196258544922,0.1837696152143791,,out_of_road
3352,replay,0,replay,,,0,1,0,1,0,1,10.0,20.0,10.0,20.0,1,91,31.810836791992188,0.4371760579255911,,out_of_road
3353,fresh,5,fresh,,,0,1,0,12,0,1,10.0,10.0,15.0,20.0,1,267,149.6268310546875,4.902694212698312,,crash_vehicle
3354,mutation,5,mutation,has_cluster,,1,1,1,12,0,1,10.0,10.0,5.0,35.0,0,1000,8.367437362670898,0.061182540722191335,,max_step
3355,fresh,1,fresh,,,0,0,0,2,0,0,5.0,40.0,5.0,10.0,1,556,196.1526641845703,2.1469413582235575,,out_of_road
3356,mutation,0,mutation,cluster_dist,,1,1,0,0,0,0,20.0,10.0,15.0,20.0,0,51,5.692157745361328,0.36124856098025454,,out_of_road
3357,fresh,2,fresh,,,0,1,0,3,1,1,15.0,5.0,15.0,20.0,3,42,0.8828678131103516,0.8559743733633132,,out_of_road
3358,crossover,1,crossover,,select_lane|ego_on_intersection|intersection_has_cars|distractor_cars|intersection_cars|maximum_distractor_speed|brake_dist,4,0,0,2,0,0,15.0,20.0,15.0,20.0,2,132,66.78349304199219,1.873478124651945,,out_of_road
3359,fresh,2,fresh,,,0,0,0,3,1,1,10.0,40.0,5.0,55.0,0,1000,32.42610549926758,0.047101155810058117,,max_step
3360,crossover,4,crossover,,distractor_cars|distance_to_nearest|brake_dist,2,0,0,8,0,1,20.0,20.0,15.0,35.0,3,260,216.4925994873047,7.4394366702208155,,crash_vehicle
3361,fresh,5,fresh,,,0,1,0,12,0,1,10.0,5.0,10.0,20.0,1,1000,0.44570884108543396,0.00413442886993289,,max_step
3362,replay,5,replay,,,0,1,0,12,0,1,10.0,5.0,10.0,20.0,1,395,119.39970397949219,2.501034321079526,,out_of_road
3363,fresh,3,fresh,,,0,0,0,4,1,0,10.0,40.0,10.0,55.0,3,39,0.05620002746582031,0.5524156674360617,,out_of_road
3364,crossover,0,crossover,,intersection_cars|distance_to_nearest,0,0,0,0,0,0,10.0,40.0,5.0,20.0,0,263,263.15380859375,9.570145406537183,,out_of_road
3365,fresh,1,fresh,,,0,0,0,2,1,0,5.0,40.0,15.0,55.0,2,37,0.35181522369384766,0.5031885313423904,,out_of_road
3366,crossover,1,crossover,,select_lane|ego_on_intersection|intersection_has_cars|distractor_cars|has_brake_checker|intersection_cars|has_cluster,7,1,1,2,1,0,10.0,40.0,10.0,55.0,1,57,10.013594627380371,0.23814418859649122,,out_of_road
3367,fresh,3,fresh,,,0,1,1,4,1,0,5.0,10.0,10.0,20.0,1,353,46.23812484741211,1.0112823048664559,,out_of_road
3368,mutation,0,mutation,intersection_cars,,0,0,0,0,0,0,15.0,40.0,5.0,20.0,0,171,104.7674560546875,4.586595202311438,,out_of_road
3369,fresh,5,fresh,,,0,1,0,12,1,0,20.0,10.0,15.0,20.0,3,261,111.41703033447266,4.527276640850694,,out_of_road
3370,mutation,1,mutation,maximum_distractor_speed,,1,0,0,2,0,0,15.0,40.0,15.0,55.0,0,149,96.37705993652344,2.4202692332683795,,out_of_road
3371,fresh,3,fresh,,,0,0,0,4,0,0,15.0,10.0,10.0,35.0,1,133,38.59317398071289,1.6459057457689057,,out_of_road
3372,mutation,0,mutation,distance_to_nearest,,1,0,0,0,0,0,10.0,40.0,5.0,20.0,0,213,193.72329711914062,5.623525502536219,,out_of_road
3373,fresh,5,fresh,,,0,1,0,12,1,0,20.0,10.0,5.0,35.0,1,699,365.8114318847656,4.5979609559363395,,crash_vehicle
3374,crossover,0,crossover,,has_cluster|maximum_distractor_speed|distance_to_nearest|brake_dist,1,0,0,1,0,0,15.0,10.0,5.0,20.0,1,47,1.0071964263916016,0.6916093230247498,,out_of_road
3375,fresh,2,fresh,,,0,1,0,3,0,0,5.0,40.0,10.0,20.0,3,47,1.2093119621276855,0.15171585739292998,,out_of_road
3376,crossover,5,crossover,,distractor_cars|has_brake_checker|maximum_distractor_speed|distance_to_nearest|brake_dist,4,1,0,12,0,0,20.0,20.0,5.0,10.0,3,602,50.502933502197266,0.24405070052689493,,arrive_dest
3377,fresh,3,fresh,,,0,1,1,5,1,0,15.0,20.0,10.0,35.0,2,244,110.21412658691406,3.0497836542666934,,crash_vehicle
3378,replay,3,replay,,,0,1,1,5,1,0,15.0,20.0,10.0,35.0,2,228,112.07415771484375,2.5855819980303445,,out_of_road
3379,fresh,0,fresh,,,0,1,0,0,0,0,5.0,5.0,10.0,20.0,0,58,0.013080596923828125,0.36775254997713813,,out_of_road
3380,replay,0,replay,,,0,1,0,0,0,0,5.0,5.0,10.0,20.0,0,247,281.0310974121094,11.37985807222876,,out_of_road
3381,fresh,3,fresh,,,0,0,0,4,1,0,10.0,20.0,10.0,35.0,0,48,8.045859336853027,0.34802842248852056,,out_of_road
3382,crossover,3,crossover,,has_cluster|cluster_dist,0,1,0,4,1,0,20.0,10.0,5.0,55.0,1,168,102.23822784423828,5.472783759236336,,crash_vehicle
3383,fresh,4,fresh,,,0,0,0,8,0,1,15.0,40.0,10.0,10.0,0,1000,33.04179763793945,0.04286373451352119,,max_step
3384,replay,4,replay,,,0,0,0,8,0,1,15.0,40.0,10.0,10.0,0,218,189.53158569335938,5.027764241082953,,out_of_road
3385,fresh,2,fresh,,,0,0,0,3,1,1,20.0,20.0,15.0,35.0,1,41,4.5101776123046875,0.29754947743764737,,out_of_road
3386,crossover,0,crossover,,distractor_cars|has_brake_checker|intersection_cars|has_cluster|maximum_distractor_speed|brake_dist,1,1,0,0,0,0,10.0,20.0,15.0,35.0,0,91,37.894012451171875,0.6972841554945641,,out_of_road
3387,fresh,2,fresh,,,0,1,0,3,0,1,15.0,10.0,10.0,10.0,0,1000,3.2725353240966797,0.01622180464863777,,max_step
3388,crossover,2,crossover,,has_brake_checker,1,0,0,3,1,0,20.0,20.0,15.0,35.0,0,96,21.07244873046875,0.1584160647665461,,out_of_road
3389,fresh,3,fresh,,,0,0,0,4,1,0,5.0,5.0,15.0,20.0,0,1000,42.80017852783203,0.18706634074449538,,max_step
3390,crossover,1,crossover,,select_lane|ego_on_intersection|intersection_has_cars|has_brake_checker|has_cluster|maximum_distractor_speed|distance_to_nearest|cluster_dist,4,0,0,2,0,0,20.0,40.0,15.0,10.0,1,96,51.52417755126953,1.2913525480156143,,out_of_road
3391,fresh,4,fresh,,,0,0,0,8,1,0,5.0,10.0,10.0,20.0,0,454,143.6946258544922,2.1316620922003287,,out_of_road
3392,mutation,4,mutation,maximum_distractor_speed,,0,0,0,8,1,0,5.0,10.0,5.0,55.0,2,63,0.9408788681030273,0.8340035918213072,,out_of_road
3393,fresh,3,fresh,,,0,1,1,5,1,1,15.0,5.0,10.0,55.0,1,63,7.302265167236328,3.4098009211676463,,out_of_road
3394,mutation,6,mutation,select_road|select_lane|ego_on_intersection|intersection_has_cars,,2,1,0,18,0,0,20.0,40.0,10.0,10.0,3,36,-1.2483766078948975,0.2148966896865103,,out_of_road
3395,fresh,2,fresh,,,0,0,0,3,1,0,15.0,40.0,15.0,55.0,2,73,30.575061798095703,0.10067637325966194,,crash_vehicle
3396,mutation,6,mutation,has_brake_checker,,1,0,0,18,0,0,20.0,40.0,5.0,55.0,1,156,122.56986236572266,4.212051229026073,,crash_vehicle
3397,fresh,0,fresh,,,0,1,0,1,1,0,20.0,10.0,5.0,35.0,1,121,61.61986541748047,1.782251025711702,,crash_vehicle
3398,crossover,2,crossover,,select_lane|ego_on_intersection|intersection_has_cars|has_brake_checker|has_cluster|maximum_distractor_speed|cluster_dist,3,0,0,3,0,0,10.0,20.0,15.0,35.0,2,363,205.83070373535156,4.419482731745263,,out_of_road
3399,fresh,1,fresh,,,0,1,0,2,1,0,5.0,5.0,10.0,20.0,2,1000,59.058753967285156,0.36012956251204015,,max_step
3400,crossover,0,crossover,,select_lane|ego_on_intersection|intersection_has_cars|distractor_cars|intersection_cars|has_cluster|maximum_distractor_speed|distance_to_nearest,2,0,0,0,0,0,10.0,5.0,5.0,20.0,0,208,185.13583374023438,5.013430499328444,,out_of_road
3401,fresh,3,fresh,,,0,0,0,4,1,0,15.0,10.0,5.0,35.0,0,1000,49.38920593261719,0.39964807584881784,,max_step
3402,mutation,5,mutation,distractor_cars,,1,1,0,12,1,0,20.0,10.0,5.0,55.0,1,80,7.1631011962890625,0.8078828901052475,,out_of_road
3403,fresh,4,fresh,,,0,0,0,8,0,1,15.0,5.0,5.0,10.0,0,480,103.04608154296875,1.670746266997109,,out_of_road
3404,crossover,4,crossover,,select_lane|ego_on_intersection|intersection_has_cars|intersection_cars|has_cluster|distance_to_nearest,2,0,0,8,0,0,20.0,20.0,5.0,10.0,0,271,168.58023071289062,5.525278346344994,,out_of_road
3405,fresh,4,fresh,,,0,0,0,8,0,1,15.0,40.0,15.0,35.0,2,1000,42.69334030151367,0.3196666670069098,,max_step
3406,mutation,0,mutation,intersection_cars,,0,0,0,0,0,0,20.0,5.0,5.0,20.0,0,76,23.060848236083984,0.315833170163004,,out_of_road
3407,fresh,3,fresh,,,0,0,0,4,0,1,20.0,40.0,10.0,55.0,3,161,105.30224609375,5.087890678033325,,out_of_road
3408,replay,3,replay,,,0,0,0,4,0,1,20.0,40.0,10.0,55.0,3,52,7.0043230056762695,0.32183583883138805,,out_of_road
3409,fresh,0,fresh,,,0,0,0,0,1,0,5.0,40.0,10.0,55.0,0,1000,86.56037902832031,0.12318167990446091,,max_step
3410,mutation,4,mutation,distractor_cars,,1,1,1,8,0,1,20.0,40.0,10.0,10.0,3,1000,41.90924072265625,0.05050287482887506,,max_step
3411,fresh,6,fresh,,,0,0,0,18,1,0,5.0,10.0,15.0,35.0,1,682,190.28848266601562,1.8686645268148516,,out_of_road
3412,replay,6,replay,,,0,0,0,18,1,0,5.0,10.0,15.0,35.0,1,491,323.9063415527344,5.6474746922125885,,out_of_road
3413,fresh,1,fresh,,,0,0,0,2,1,0,15.0,40.0,15.0,55.0,2,43,0.23983192443847656,0.6733171250237975,,out_of_road
3414,replay,1,replay,,,0,0,0,2,1,0,15.0,40.0,15.0,55.0,2,42,4.699671745300293,0.0,,out_of_road
3415,fresh,0,fresh,,,0,1,1,0,0,0,15.0,10.0,5.0,35.0,0,51,8.50228214263916,0.5176815565894631,,out_of_road
3416,replay,0,replay,,,0,1,1,0,0,0,15.0,10.0,5.0,35.0,0,241,272.68585205078125,11.440384707757547,,out_of_road
3417,fresh,1,fresh,,,0,1,0,2,1,1,5.0,20.0,5.0,35.0,2,108,59.89783477783203,1.7111871521230098,,crash_vehicle
3418,replay,1,replay,,,0,1,0,2,1,1,5.0,20.0,5.0,35.0,2,192,132.9932098388672,4.345517275932555,,out_of_road
3419,fresh,0,fresh,,,0,0,0,0,0,0,15.0,20.0,5.0,20.0,0,282,261.2570495605469,9.6223757303987,,out_of_road
3420,mutation,2,mutation,has_cluster,,0,0,0,3,0,0,5.0,40.0,15.0,10.0,3,172,120.0811996459961,2.712148766184962,,out_of_road
3421,fresh,6,fresh,,,0,1,0,18,1,0,10.0,10.0,10.0,20.0,2,56,1.0787334442138672,0.383346115904195,,crash_vehicle
3422,mutation,4,mutation,cluster_dist,,1,0,0,8,1,0,20.0,10.0,5.0,55.0,1,152,75.52606201171875,3.300562727019975,,out_of_road
3423,fresh,4,fresh,,,0,1,0,8,1,0,5.0,40.0,15.0,55.0,3,361,70.61538696289062,0.6649163634544677,,out_of_road
3424,mutation,2,mutation,distance_to_nearest,,0,1,1,3,0,1,15.0,5.0,15.0,20.0,2,1000,127.52586364746094,0.8867732594013215,,max_step
3425,fresh,4,fresh,,,0,1,0,8,0,0,5.0,5.0,10.0,10.0,3,461,-3.284180164337158,0.031352992050365874,,crash_vehicle
3426,crossover,2,crossover,,distractor_cars|has_brake_checker|intersection_cars|has_cluster|distance_to_nearest|brake_dist,5,1,0,3,1,1,10.0,40.0,5.0,55.0,0,1000,34.80325698852539,0.08485667407512665,,max_step
3427,fresh,4,fresh,,,0,0,0,8,1,0,20.0,10.0,15.0,35.0,1,355,138.7773895263672,2.66546972150534,,out_of_road
3428,crossover,2,crossover,,select_lane|ego_on_intersection|intersection_has_cars|distractor_cars|has_brake_checker|maximum_distractor_speed,2,1,0,3,1,1,10.0,20.0,10.0,35.0,0,1000,20.667024612426758,0.04933842435479164,,max_step
3429,fresh,1,fresh,,,0,0,0,2,0,0,20.0,10.0,5.0,35.0,2,207,207.22767639160156,7.28774124585488,,out_of_road
3430,replay,1,replay,,,0,0,0,2,0,0,20.0,10.0,5.0,35.0,2,149,64.28022766113281,3.5026377819528514,,out_of_road
3431,fresh,0,fresh,,,0,0,0,1,1,0,10.0,10.0,10.0,55.0,0,187,110.6185073852539,4.41780042552693,,crash_vehicle
3432,replay,0,replay,,,0,0,0,1,1,0,10.0,10.0,10.0,55.0,0,282,211.06825256347656,5.145131907775893,,out_of_road
3433,fresh,4,fresh,,,0,0,0,8,0,0,15.0,10.0,10.0,20.0,0,36,-5.588476181030273,0.1959650052918328,,out_of_road
3434,replay,4,replay,,,0,0,0,8,0,0,15.0,10.0,10.0,20.0,0,538,165.98968505859375,1.8973910190843628,,crash_vehicle
3435,fresh,3,fresh,,,0,1,0,5,0,0,20.0,5.0,15.0,10.0,2,44,-1.462541103363037,0.3753708797422322,,out_of_road
3436,replay,3,replay,,,0,1,0,5,0,0,20.0,5.0,15.0,10.0,2,203,208.8355255126953,7.5837136225160116,,out_of_road
3437,fresh,2,fresh,,,0,1,0,3,1,1,10.0,20.0,15.0,35.0,3,90,29.835166931152344,0.5974929266505771,,out_of_road
3438,crossover,3,crossover,,intersection_cars|maximum_distractor_speed|distance_to_nearest|brake_dist,3,0,0,4,1,0,20.0,10.0,15.0,20.0,0,761,236.7353057861328,2.763563464440983,,out_of_road
3439,fresh,0,fresh,,,0,0,0,0,0,0,10.0,5.0,15.0,55.0,0,196,151.5301513671875,5.680756615132702,,out_of_road
3440,replay,0,replay,,,0,0,0,0,0,0,10.0,5.0,15.0,55.0,0,300,137.81492614746094,2.6036227570474146,,crash_vehicle
3441,fresh,0,fresh,,,0,0,0,1,0,0,10.0,10.0,5.0,55.0,0,82,11.559917449951172,0.3398251738853571,,out_of_road
3442,crossover,4,crossover,,select_lane|ego_on_intersection|intersection_has_cars|distractor_cars|intersection_cars|maximum_distractor_speed|brake_dist,3,1,0,8,1,0,15.0,20.0,15.0,35.0,2,493,328.79815673828125,5.681498607050091,,crash_vehicle
3443,fresh,1,fresh,,,0,0,0,2,1,0,5.0,10.0,10.0,20.0,2,131,51.911643981933594,1.3588590191975805,,out_of_road
3444,mutation,1,mutation,distractor_cars,,2,1,1,2,0,0,20.0,40.0,5.0,55.0,2,102,36.9185791015625,1.3069758187322056,,out_of_road
3445,fresh,3,fresh,,,0,0,0,4,0,1,5.0,40.0,15.0,35.0,2,937,237.19631958007812,1.1276711701130218,,out_of_road
3446,replay,3,replay,,,0,0,0,4,0,1,5.0,40.0,15.0,35.0,2,53,11.009319305419922,0.17163938846228258,,out_of_road
3447,fresh,2,fresh,,,0,1,1,3,1,0,20.0,20.0,15.0,35.0,1,245,188.39634704589844,7.445020848330186,,out_of_road
3448,replay,2,replay,,,0,1,1,3,1,0,20.0,20.0,15.0,35.0,1,52,12.581565856933594,0.8119301280150046,,out_of_road
3449,fresh,1,fresh,,,0,0,0,2,0,1,20.0,40.0,10.0,55.0,2,219,184.07339477539062,7.936739218289449,,out_of_road
3450,crossover,3,crossover,,select_lane|ego_on_intersection|intersection_has_cars|distractor_cars|has_brake_checker|has_cluster|distance_to_nearest|cluster_dist|brake_dist,4,1,0,5,1,0,5.0,10.0,5.0,20.0,3,1000,143.06443786621094,0.49779548518918454,,max_step
3451,fresh,1,fresh,,,0,1,1,2,0,0,10.0,20.0,15.0,20.0,0,1000,276.3472900390625,1.0289400988556445,,max_step
3452,crossover,5,crossover,,select_lane|ego_on_intersection|intersection_has_cars|distance_to_nearest|cluster_dist,5,1,1,12,1,0,5.0,40.0,15.0,55.0,1,128,76.06458282470703,4.552522979909554,,crash_vehicle
3453,fresh,1,fresh,,,0,0,0,2,1,1,5.0,40.0,10.0,55.0,0,1000,60.51399612426758,0.28188615673407913,,max_step
3454,mutation,5,mutation,distractor_cars,,1,0,0,12,1,0,10.0,20.0,10.0,35.0,2,487,224.39300537109375,2.741147503440385,,out_of_road
3455,fresh,2,fresh,,,0,1,1,3,1,1,5.0,40.0,15.0,55.0,3,45,-0.21194124221801758,0.37688114378187393,,out_of_road
3456,replay,2,replay,,,0,1,1,3,1,1,5.0,40.0,15.0,55.0,3,35,-0.7173905372619629,0.0,,out_of_road
3457,fresh,5,fresh,,,0,1,0,12,1,0,5.0,5.0,5.0,35.0,0,1000,61.54330825805664,0.2108327933177352,,max_step
3458,replay,5,replay,,,0,1,0,12,1,0,5.0,5.0,5.0,35.0,0,40,-0.1322617530822754,0.4716279797255993,,out_of_road
3459,fresh,0,fresh,,,0,1,0,0,0,0,20.0,40.0,5.0,10.0,0,42,1.550607681274414,0.04981260711238498,,out_of_road
3460,crossover,0,crossover,,has_cluster|brake_dist,1,0,0,0,0,0,5.0,40.0,15.0,10.0,0,154,114.02538299560547,5.488163842347922,,arrive_dest
3461,fresh,5,fresh,,,0,0,0,12,0,0,15.0,10.0,5.0,35.0,1,69,-0.7254815101623535,0.08047878569450931,,crash_vehicle
3462,mutation,2,mutation,select_road|select_lane|ego_on_intersection|intersection_has_cars,,3,0,0,3,0,0,10.0,20.0,5.0,55.0,3,51,0.7863712310791016,0.5287677517124251,,out_of_road
3463,fresh,3,fresh,,,0,0,0,5,0,0,20.0,5.0,15.0,55.0,0,152,43.1201171875,1.9594357509754206,,out_of_road
3464,crossover,2,crossover,,distractor_cars|has_brake_checker|distance_to_nearest|brake_dist,3,0,0,3,0,0,5.0,40.0,5.0,55.0,1,218,75.61217498779297,1.5859820955526938,,out_of_road
3465,fresh,0,fresh,,,0,0,0,1,1,0,15.0,40.0,5.0,55.0,0,1000,90.4000473022461,0.537417645663023,,max_step
3466,replay,0,replay,,,0,0,0,1,1,0,15.0,40.0,5.0,55.0,0,243,189.65623474121094,3.9429475013856536,,out_of_road
3467,fresh,3,fresh,,,0,0,0,5,0,0,15.0,20.0,5.0,20.0,3,126,77.30162811279297,3.3769495241225713,,out_of_road
3468,replay,3,replay,,,0,0,0,5,0,0,15.0,20.0,5.0,20.0,3,184,74.9163589477539,2.3386550127812056,,out_of_road
3469,fresh,6,fresh,,,0,0,0,18,1,0,15.0,10.0,10.0,55.0,2,1000,43.49352264404297,0.20351378816366195,,max_step
3470,replay,6,replay,,,0,0,0,18,1,0,15.0,10.0,10.0,55.0,2,232,199.30682373046875,5.692320278492467,,out_of_road
3471,fresh,3,fresh,,,0,0,0,5,0,0,10.0,10.0,10.0,35.0,2,146,43.1146125793457,3.0512739330121916,,out_of_road
3472,replay,3,replay,,,0,0,0,5,0,0,10.0,10.0,10.0,35.0,2,43,2.603041172027588,0.41560648624287094,,out_of_road
3473,fresh,1,fresh,,,0,0,0,2,1,1,10.0,20.0,5.0,35.0,1,187,104.44580841064453,5.208029828029361,,out_of_road
3474,replay,1,replay,,,0,0,0,2,1,1,10.0,20.0,5.0,35.0,1,117,49.2369384765625,2.2045696950875797,,out_of_road
3475,fresh,0,fresh,,,0,0,0,1,0,1,15.0,20.0,15.0,20.0,1,154,119.85543823242188,5.303155903692369,,out_of_road
3476,replay,0,replay,,,0,0,0,1,0,1,15.0,20.0,15.0,20.0,1,820,321.2929382324219,2.1615675493802238,,out_of_road
3477,fresh,4,fresh,,,0,1,1,8,1,0,5.0,40.0,5.0,55.0,2,310,56.398895263671875,1.2666595202239772,,crash_vehicle
3478,mutation,0,mutation,has_cluster,,0,0,0,0,0,0,10.0,40.0,5.0,20.0,0,207,196.58554077148438,6.1909385928209275,,out_of_road
3479,fresh,5,fresh,,,0,1,1,12,0,1,5.0,10.0,5.0,20.0,1,240,191.1320037841797,6.507968639209866,,out_of_road
3480,mutation,6,mutation,has_brake_checker,,0,0,0,18,0,0,20.0,40.0,10.0,10.0,3,243,68.65054321289062,0.5488504476753282,,out_of_road
3481,fresh,4,fresh,,,0,1,1,8,1,1,5.0,40.0,5.0,55.0,0,1000,32.82615280151367,0.0784953544512391,,max_step
3482,mutation,5,mutation,maximum_distractor_speed,,1,1,1,12,1,1,10.0,20.0,15.0,55.0,1,200,110.34471130371094,3.3058366037160156,,out_of_road
3483,fresh,2,fresh,,,0,0,0,3,0,1,15.0,10.0,5.0,20.0,3,120,62.40217590332031,1.282562162851294,,out_of_road
3484,crossover,0,crossover,,distractor_cars|has_brake_checker|has_cluster|distance_to_nearest|cluster_dist,0,0,0,0,0,0,10.0,5.0,5.0,20.0,0,211,211.7814483642578,6.919339917494223,,out_of_road
3485,fresh,1,fresh,,,0,1,1,2,0,0,15.0,10.0,5.0,10.0,1,1000,4.639743328094482,0.012047910034656524,,max_step
3486,mutation,4,mutation,distractor_cars,,1,0,0,8,1,1,5.0,20.0,10.0,55.0,2,1000,28.543813705444336,0.1711235872283578,,max_step
3487,fresh,6,fresh,,,0,0,0,18,0,0,10.0,20.0,5.0,10.0,2,91,7.481357574462891,0.8495347955069699,,out_of_road
3488,crossover,0,crossover,,intersection_cars|distance_to_nearest,1,0,0,0,0,0,20.0,5.0,5.0,35.0,0,340,335.4245300292969,9.690259549722953,,out_of_road
3489,fresh,0,fresh,,,0,1,0,1,1,1,10.0,10.0,5.0,20.0,1,1000,350.1098327636719,2.4442346388548613,,max_step
3490,crossover,4,crossover,,distance_to_nearest|cluster_dist|brake_dist,2,1,0,8,0,1,5.0,5.0,15.0,20.0,0,1000,75.37164306640625,0.28114109636843204,,max_step
3491,fresh,3,fresh,,,0,1,0,4,0,1,10.0,40.0,5.0,10.0,3,55,12.559059143066406,0.07719866795973344,,out_of_road
3492,mutation,6,mutation,maximum_distractor_speed,,0,0,0,18,0,1,15.0,5.0,15.0,35.0,3,831,37.43714141845703,0.5373382787304234,,crash_vehicle
3493,fresh,3,fresh,,,0,1,0,4,0,0,10.0,20.0,5.0,10.0,3,942,123.58445739746094,0.15032339411255788,,out_of_road
3494,replay,3,replay,,,0,1,0,4,0,0,10.0,20.0,5.0,10.0,3,137,38.397151947021484,1.036046008559039,,crash_vehicle
3495,fresh,0,fresh,,,0,0,0,1,0,0,20.0,40.0,10.0,35.0,0,1000,117.81990051269531,0.627092658162117,,max_step
3496,mutation,6,mutation,has_cluster,,0,0,0,18,1,0,20.0,40.0,5.0,55.0,0,41,1.13389253616333,0.3243492405589034,,out_of_road
3497,fresh,0,fresh,,,0,1,0,1,1,0,5.0,10.0,5.0,20.0,0,366,108.47107696533203,1.6588636648948076,,out_of_road
3498,replay,0,replay,,,0,1,0,1,1,0,5.0,10.0,5.0,20.0,0,238,157.00994873046875,6.173538529822807,,out_of_road
3499,fresh,3,fresh,,,0,0,0,4,0,0,15.0,5.0,10.0,35.0,2,629,173.03855895996094,1.0646841717567088,,out_of_road
3500,mutation,1,mutation,select_road|select_lane|ego_on_intersection|intersection_has_cars,,3,1,1,2,0,0,20.0,10.0,5.0,35.0,2,55,6.95660400390625,0.4592204354026101,,out_of_road
3501,fresh,0,fresh,,,0,0,0,0,1,0,20.0,10.0,5.0,35.0,0,55,10.049967765808105,0.01147005558013916,,out_of_road
3502,crossover,3,crossover,,select_lane|ego_on_intersection|intersection_has_cars|distractor_cars|intersection_cars|has_cluster|distance_to_nearest|cluster_dist|brake_dist,3,1,0,4,0,0,10.0,20.0,10.0,55.0,1,566,194.0332489013672,1.8317492067971837,,out_of_road
3503,fresh,4,fresh,,,0,0,0,8,0,0,10.0,20.0,15.0,55.0,0,19,-5.571603298187256,0.08507055985300165,,out_of_road
3504,crossover,5,crossover,,select_lane|ego_on_intersection|intersection_has_cars|distractor_cars|has_cluster|maximum_distractor_speed|cluster_dist,4,1,0,12,0,1,10.0,20.0,15.0,10.0,1,1000,28.158363342285156,0.08553917133808137,,max_step
3505,fresh,6,fresh,,,0,1,1,18,0,0,5.0,5.0,15.0,10.0,2,34,12.074514389038086,1.819147717426805,,arrive_dest
3506,crossover,2,crossover,,select_lane|ego_on_intersection|intersection_has_cars|intersection_cars|cluster_dist|brake_dist,4,0,0,3,1,1,15.0,20.0,10.0,55.0,1,1000,49.611446380615234,0.24559102335572242,,max_step
3507,fresh,4,fresh,,,0,0,0,8,1,0,20.0,10.0,15.0,35.0,3,419,53.49750518798828,0.33567839090074447,,out_of_road
3508,replay,4,replay,,,0,0,0,8,1,0,20.0,10.0,15.0,35.0,3,35,-0.906064510345459,0.13548810141427176,,out_of_road
3509,fresh,2,fresh,,,0,1,1,3,1,0,5.0,20.0,10.0,35.0,3,1000,124.89462280273438,0.8606556130051612,,max_step
3510,mutation,0,mutation,select_road|select_lane|ego_on_intersection|intersection_has_cars,,1,1,0,0,0,0,15.0,40.0,5.0,35.0,0,141,64.66167449951172,4.317915837815467,,out_of_road
3511,fresh,2,fresh,,,0,1,1,3,0,0,5.0,10.0,15.0,20.0,1,352,73.94967651367188,1.1628299122887917,,out_of_road
3512,crossover,4,crossover,,intersection_cars|maximum_distractor_speed|cluster_dist,2,0,0,8,0,0,20.0,20.0,15.0,10.0,3,365,210.84771728515625,4.9446082456471165,,out_of_road
3513,fresh,5,fresh,,,0,1,0,12,0,0,20.0,20.0,5.0,10.0,1,235,42.04825210571289,0.2198227236879633,,out_of_road
3514,mutation,0,mutation,distractor_cars,,1,0,0,1,0,0,5.0,5.0,15.0,20.0,0,1000,346.93115234375,2.0223913425281643,,max_step
3515,fresh,4,fresh,,,0,1,1,8,1,0,20.0,5.0,10.0,55.0,0,163,45.435638427734375,1.9754578807602632,,out_of_road
3516,mutation,4,mutation,select_road|select_lane|ego_on_intersection|intersection_has_cars,,3,0,0,8,0,0,20.0,40.0,5.0,55.0,2,325,198.2357635498047,4.528455040775812,,out_of_road
3517,fresh,0,fresh,,,0,1,1,0,1,0,10.0,5.0,5.0,55.0,0,122,85.9024887084961,2.8553794539365613,,crash_vehicle
3518,crossover,6,crossover,,select_lane|ego_on_intersection|intersection_has_cars|distractor_cars|has_brake_checker|intersection_cars|maximum_distractor_speed,5,1,0,18,0,1,20.0,40.0,5.0,55.0,0,1000,30.381521224975586,0.0449676463752985,,max_step
3519,fresh,0,fresh,,,0,0,0,1,1,1,15.0,5.0,15.0,55.0,1,104,52.825252532958984,1.8943986899864216,,out_of_road
3520,mutation,5,mutation,intersection_cars,,1,1,0,12,0,1,10.0,40.0,5.0,10.0,1,332,31.920799255371094,0.3378830770541162,,out_of_road
3521,fresh,1,fresh,,,0,1,0,2,1,0,10.0,10.0,10.0,20.0,2,260,108.39064025878906,2.0055319944253336,,out_of_road
3522,crossover,3,crossover,,select_lane|ego_on_intersection|intersection_has_cars|has_brake_checker|intersection_cars|has_cluster|distance_to_nearest|cluster_dist,6,1,0,5,0,0,5.0,10.0,15.0,35.0,1,666,231.8828125,2.36018718148137,,out_of_road
3523,fresh,0,fresh,,,0,0,0,1,1,0,20.0,10.0,10.0,20.0,1,1000,52.14622116088867,0.13594024538248778,,max_step
3524,replay,0,replay,,,0,0,0,1,1,0,20.0,10.0,10.0,20.0,1,349,217.34109497070312,5.112736992986291,,out_of_road
3525,fresh,0,fresh,,,0,0,0,0,1,0,5.0,20.0,5.0,35.0,0,95,48.389034271240234,0.7253078869691021,,out_of_road
3526,crossover,3,crossover,,has_brake_checker|maximum_distractor_speed|distance_to_nearest,2,0,0,5,1,1,20.0,5.0,10.0,55.0,3,1000,10.544072151184082,0.11959250438213348,,max_step
3527,fresh,1,fresh,,,0,1,0,2,0,0,15.0,20.0,10.0,10.0,1,70,9.735955238342285,0.14214689199413572,,out_of_road
3528,replay,1,replay,,,0,1,0,2,0,0,15.0,20.0,10.0,10.0,1,499,260.0719299316406,3.804621984073538,,out_of_road
3529,fresh,0,fresh,,,0,1,0,0,1,0,10.0,10.0,10.0,10.0,0,310,103.89221954345703,2.348666340473198,,out_of_road
3530,mutation,3,mutation,brake_dist,,0,1,1,4,0,1,10.0,40.0,15.0,35.0,2,48,-1.2890403270721436,0.06360811243454616,,out_of_road
3531,fresh,5,fresh,,,0,1,0,12,1,0,5.0,20.0,5.0,55.0,1,564,374.1602478027344,5.545521299546281,,out_of_road
3532,mutation,1,mutation,has_brake_checker,,1,0,0,2,1,0,5.0,20.0,10.0,55.0,0,35,-6.589354038238525,0.16760114942278181,,out_of_road
3533,fresh,1,fresh,,,0,0,0,2,1,0,15.0,40.0,10.0,55.0,2,85,27.156539916992188,0.29977695240693936,,out_of_road
3534,replay,1,replay,,,0,0,0,2,1,0,15.0,40.0,10.0,55.0,2,225,192.20779418945312,4.967847016387515,,out_of_road
3535,fresh,2,fresh,,,0,0,0,3,0,1,15.0,20.0,15.0,10.0,1,102,39.54100036621094,0.5955384134077558,,out_of_road
3536,crossover,0,crossover,,select_lane|ego_on_intersection|intersection_has_cars|has_cluster|brake_dist,2,0,0,0,0,0,10.0,5.0,5.0,55.0,0,189,156.94393920898438,7.283271186881596,,out_of_road
3537,fresh,1,fresh,,,0,0,0,2,0,0,10.0,40.0,15.0,10.0,2,43,-6.260490417480469,0.3242134271666061,,out_of_road
3538,crossover,2,crossover,,select_lane|ego_on_intersection|intersection_has_cars|distractor_cars|has_brake_checker|intersection_cars|has_cluster|cluster_dist|brake_dist,5,1,0,3,0,0,5.0,40.0,10.0,20.0,0,56,2.5792417526245117,0.6596449528421674,,out_of_road
3539,fresh,2,fresh,,,0,0,0,3,1,0,15.0,5.0,15.0,20.0,3,199,81.49639892578125,2.2778941258114185,,out_of_road
3540,replay,2,replay,,,0,0,0,3,1,0,15.0,5.0,15.0,20.0,3,165,93.61974334716797,3.5453068895773456,,crash_vehicle
3541,fresh,3,fresh,,,0,0,0,4,0,1,5.0,40.0,15.0,55.0,3,58,7.733208656311035,0.17120874339136585,,out_of_road
3542,replay,3,replay,,,0,0,0,4,0,1,5.0,40.0,15.0,55.0,3,440,53.19779586791992,0.8361238190396265,,out_of_road
3543,fresh,5,fresh,,,0,0,0,12,0,1,15.0,40.0,10.0,20.0,2,1000,36.280555725097656,0.06089120602607727,,max_step
3544,mutation,1,mutation,distractor_cars,,1,1,1,2,0,0,20.0,5.0,10.0,55.0,1,186,117.99549865722656,5.302764296050994,,out_of_road
3545,fresh,3,fresh,,,0,1,0,4,0,0,10.0,40.0,15.0,35.0,2,107,46.1800422668457,0.6302046096909826,,out_of_road
3546,mutation,3,mutation,cluster_dist,,1,0,0,4,1,1,5.0,20.0,15.0,55.0,2,1000,174.67791748046875,0.3272097832988948,,max_step
3547,fresh,6,fresh,,,0,1,1,18,1,1,15.0,10.0,5.0,35.0,1,1000,2.3417375087738037,0.054070568710565564,,max_step
3548,crossover,3,crossover,,distractor_cars|has_cluster|maximum_distractor_speed|cluster_dist,3,1,0,4,1,0,20.0,5.0,15.0,20.0,2,371,281.1295471191406,6.931312041221603,,out_of_road
3549,fresh,0,fresh,,,0,1,0,0,1,0,5.0,20.0,15.0,10.0,0,506,222.0572052001953,2.8576696231048335,,out_of_road
3550,crossover,1,crossover,,select_lane|ego_on_intersection|intersection_has_cars|distractor_cars|has_brake_checker|intersection_cars|has_cluster|maximum_distractor_speed|distance_to_nearest,6,0,0,2,0,0,5.0,10.0,5.0,35.0,2,334,282.5424499511719,7.85401528484807,,out_of_road
3551,fresh,4,fresh,,,0,0,0,8,1,0,20.0,20.0,15.0,35.0,1,236,190.8894500732422,6.254512801766396,,out_of_road
3552,replay,4,replay,,,0,0,0,8,1,0,20.0,20.0,15.0,35.0,1,114,49.98078155517578,1.5106408564667952,,arrive_dest
3553,fresh,3,fresh,,,0,0,0,4,0,1,15.0,40.0,10.0,20.0,2,23,-2.6642026901245117,0.2686444158139436,,crash_vehicle
3554,replay,3,replay,,,0,0,0,4,0,1,15.0,40.0,10.0,20.0,2,122,31.736522674560547,3.581710388425921,,out_of_road
3555,fresh,0,fresh,,,0,1,0,1,1,0,15.0,5.0,15.0,35.0,1,117,71.22108459472656,2.2966514255246544,,crash_vehicle
3556,crossover,0,crossover,,has_brake_checker|intersection_cars|maximum_distractor_speed|distance_to_nearest,2,0,0,0,0,0,10.0,5.0,5.0,20.0,0,222,202.18649291992188,5.759810525487672,,out_of_road
3557,fresh,2,fresh,,,0,1,0,3,0,0,15.0,5.0,5.0,35.0,0,1000,60.17111587524414,0.3073130764365196,,max_step
3558,replay,2,replay,,,0,1,0,3,0,0,15.0,5.0,5.0,35.0,0,221,140.35545349121094,3.9490779557379123,,out_of_road
3559,fresh,0,fresh,,,0,1,1,0,0,0,15.0,20.0,15.0,55.0,0,52,4.772867202758789,1.3848827423957677,,out_of_road
3560,replay,0,replay,,,0,1,1,0,0,0,15.0,20.0,15.0,55.0,0,219,172.7267303466797,4.629591563929162,,out_of_road
3561,fresh,6,fresh,,,0,1,0,18,1,0,15.0,40.0,10.0,55.0,3,84,29.45241928100586,0.3334156899225144,,out_of_road
3562,mutation,5,mutation,distance_to_nearest,,0,0,0,12,1,0,5.0,40.0,10.0,55.0,0,181,86.38816833496094,2.002314870117119,,out_of_road
3563,fresh,3,fresh,,,0,1,0,5,0,0,15.0,40.0,10.0,10.0,2,50,2.472362518310547,0.34476510047912595,,out_of_road
3564,mutation,4,mutation,intersection_cars,,1,1,0,8,1,0,10.0,5.0,15.0,35.0,0,763,204.9586944580078,1.3605059309622094,,out_of_road
3565,fresh,2,fresh,,,0,1,1,3,1,1,10.0,20.0,10.0,55.0,3,106,48.05315017700195,1.629975770863722,,out_of_road
3566,replay,2,replay,,,0,1,1,3,1,1,10.0,20.0,10.0,55.0,3,243,202.68421936035156,4.966997430403046,,out_of_road
3567,fresh,3,fresh,,,0,1,0,4,0,0,15.0,40.0,5.0,20.0,2,807,155.4379425048828,1.1734060765863794,,crash_vehicle
3568,mutation,6,mutation,maximum_distractor_speed,,1,0,0,18,0,1,15.0,5.0,15.0,20.0,1,1000,139.3978271484375,1.3279412033557891,,max_step
3569,fresh,0,fresh,,,0,1,0,0,0,0,5.0,20.0,15.0,35.0,0,119,39.97591018676758,1.2767249894242327,,out_of_road
3570,crossover,0,crossover,,distractor_cars|intersection_cars|has_cluster|distance_to_nearest|brake_dist,0,0,0,0,0,0,5.0,5.0,15.0,20.0,0,142,70.07450103759766,2.242116164783357,,out_of_road
3571,fresh,0,fresh,,,0,0,0,0,0,0,15.0,40.0,15.0,35.0,0,34,-5.9255571365356445,0.13458138353684368,,out_of_road
3572,replay,0,replay,,,0,0,0,0,0,0,15.0,40.0,15.0,35.0,0,1000,80.44141387939453,0.1441912040412426,,max_step
3573,fresh,1,fresh,,,0,1,0,2,1,1,5.0,20.0,15.0,35.0,2,103,45.05075454711914,0.7472430205750233,,out_of_road
3574,crossover,3,crossover,,distractor_cars|distance_to_nearest|cluster_dist,2,0,0,4,0,0,15.0,10.0,15.0,10.0,1,480,76.58905029296875,0.39922012565657494,,out_of_road
3575,fresh,3,fresh,,,0,1,1,5,0,0,20.0,20.0,10.0,55.0,2,59,26.136262893676758,0.09975130931805756,,arrive_dest
3576,crossover,0,crossover,,distractor_cars|has_brake_checker|intersection_cars|distance_to_nearest|brake_dist,3,0,0,1,0,0,10.0,10.0,5.0,20.0,1,311,291.9293518066406,8.507054915861302,,out_of_road
3577,fresh,0,fresh,,,0,0,0,0,1,0,10.0,20.0,15.0,10.0,0,789,368.30841064453125,3.308507904240387,,out_of_road
3578,mutation,2,mutation,maximum_distractor_speed,,1,0,0,3,0,0,10.0,5.0,10.0,10.0,2,1000,31.543365478515625,0.03857543727010489,,max_step
3579,fresh,0,fresh,,,0,1,1,1,0,1,5.0,20.0,10.0,35.0,0,78,23.212549209594727,1.1226772087124677,,arrive_dest
3580,replay,0,replay,,,0,1,1,1,0,1,5.0,20.0,10.0,35.0,0,284,225.0275115966797,5.982309339541785,,out_of_road
3581,fresh,3,fresh,,,0,1,1,5,1,1,20.0,10.0,15.0,20.0,1,183,43.458404541015625,1.7608828962337775,,out_of_road
3582,replay,3,replay,,,0,1,1,5,1,1,20.0,10.0,15.0,20.0,1,226,192.53671264648438,4.869364784618394,,out_of_road
3583,fresh,4,fresh,,,0,1,0,8,0,1,15.0,10.0,5.0,55.0,3,333,233.20159912109375,6.305471926614329,,out_of_road
3584,mutation,5,mutation,has_cluster,,0,0,0,12,0,0,20.0,20.0,15.0,10.0,1,615,339.47674560546875,3.8731276838760067,,out_of_road
3585,fresh,0,fresh,,,0,1,1,1,0,0,5.0,10.0,5.0,35.0,1,242,168.90431213378906,3.6583820990294464,,out_of_road
3586,replay,0,replay,,,0,1,1,1,0,0,5.0,10.0,5.0,35.0,1,90,30.410221099853516,1.0879577792353101,,out_of_road
3587,fresh,1,fresh,,,0,0,0,2,1,1,10.0,5.0,15.0,35.0,2,353,147.9301300048828,2.077181335475306,,out_of_road
3588,replay,1,replay,,,0,0,0,2,1,1,10.0,5.0,15.0,35.0,2,466,96.14298248291016,0.7445359939805236,,out_of_road
3589,fresh,1,fresh,,,0,0,0,2,1,1,10.0,5.0,15.0,20.0,2,1000,121.42162322998047,0.6567664175629616,,max_step
3590,crossover,0,crossover,,select_lane|ego_on_intersection|intersection_has_cars|distractor_cars|has_brake_checker|has_cluster|cluster_dist|brake_dist,4,1,0,0,1,0,10.0,5.0,15.0,20.0,0,205,66.90737915039062,1.7660111969564019,,out_of_road
3591,fresh,2,fresh,,,0,1,1,3,1,0,5.0,40.0,5.0,55.0,3,1000,93.76072692871094,0.6265311815142631,,max_step
3592,replay,2,replay,,,0,1,1,3,1,0,5.0,40.0,5.0,55.0,3,426,308.2643737792969,5.5600898457524925,,out_of_road
3593,fresh,5,fresh,,,0,1,1,12,1,1,20.0,40.0,15.0,55.0,3,1000,115.04580688476562,0.4067355694025755,,max_step
3594,replay,5,replay,,,0,1,1,12,1,1,20.0,40.0,15.0,55.0,3,302,278.0303039550781,8.001261713883734,,out_of_road
3595,fresh,0,fresh,,,0,0,0,0,1,0,20.0,10.0,10.0,55.0,0,108,57.5172233581543,1.840058062777475,,arrive_dest
3596,mutation,0,mutation,maximum_distractor_speed,,1,0,0,0,0,0,15.0,5.0,15.0,55.0,0,214,163.630615234375,5.211453990958561,,out_of_road
3597,fresh,0,fresh,,,0,1,0,1,0,1,20.0,5.0,5.0,55.0,1,217,131.44168090820312,2.7878814480409093,,out_of_road
3598,replay,0,replay,,,0,1,0,1,0,1,20.0,5.0,5.0,55.0,1,303,250.26983642578125,5.845234199325637,,out_of_road
3599,fresh,3,fresh,,,0,1,0,5,1,1,5.0,10.0,15.0,20.0,3,1000,25.50001335144043,0.061535883830860255,,max_step
3600,mutation,0,mutation,has_brake_checker,,1,0,0,0,1,0,15.0,20.0,5.0,20.0,0,151,35.59431457519531,0.27878138334151137,,out_of_road
3601,fresh,3,fresh,,,0,1,1,4,0,1,15.0,10.0,10.0,10.0,1,1000,0.8997817635536194,0.004125400587916374,,max_step
3602,mutation,0,mutation,brake_dist,,1,1,0,0,0,0,20.0,10.0,10.0,55.0,0,94,27.160533905029297,0.2480071691122461,,out_of_road
3603,fresh,1,fresh,,,0,0,0,2,1,0,20.0,40.0,15.0,55.0,2,47,3.704953193664551,0.7665940180737921,,out_of_road
3604,replay,1,replay,,,0,0,0,2,1,0,20.0,40.0,15.0,55.0,2,499,330.9587707519531,5.901233994291875,,out_of_road
3605,fresh,0,fresh,,,0,0,0,1,0,0,5.0,10.0,10.0,10.0,1,90,23.708721160888672,0.2526294496324327,,out_of_road
3606,mutation,3,mutation,distractor_cars,,1,0,0,5,1,0,10.0,40.0,10.0,55.0,1,339,163.72882080078125,2.4170384507043874,,arrive_dest
3607,fresh,0,fresh,,,0,0,0,1,0,1,20.0,5.0,5.0,35.0,1,363,309.5216979980469,7.133346383482957,,out_of_road
3608,crossover,0,crossover,,distractor_cars|cluster_dist,1,0,0,0,0,0,5.0,40.0,5.0,20.0,0,255,190.95626831054688,4.241992435443635,,out_of_road
3609,fresh,5,fresh,,,0,1,0,12,0,1,20.0,20.0,10.0,55.0,3,1000,12.334160804748535,0.040661024749279025,,max_step
3610,crossover,6,crossover,,has_brake_checker|maximum_distractor_speed|brake_dist,2,1,1,18,0,0,20.0,10.0,15.0,20.0,1,2,10.0,0.0,,arrive_dest
3611,fresh,2,fresh,,,0,0,0,3,1,0,15.0,20.0,15.0,35.0,2,494,204.29676818847656,2.2104203797545026,,out_of_road
3612,crossover,1,crossover,,distance_to_nearest,0,1,0,2,1,0,20.0,40.0,15.0,55.0,0,177,109.65906524658203,3.4880814851593165,,out_of_road
3613,fresh,3,fresh,,,0,0,0,4,1,1,15.0,10.0,15.0,55.0,1,1000,23.121633529663086,0.2627835501730442,,max_step
3614,crossover,1,crossover,,select_lane|ego_on_intersection|intersection_has_cars|has_brake_checker|intersection_cars|has_cluster|maximum_distractor_speed|distance_to_nearest|cluster_dist|brake_dist,6,0,0,2,1,1,15.0,20.0,5.0,35.0,2,312,159.34271240234375,2.014272710117392,,crash_vehicle
3615,fresh,3,fresh,,,0,0,0,4,0,0,15.0,20.0,10.0,20.0,1,141,68.58126831054688,1.647678033996981,,out_of_road
3616,replay,3,replay,,,0,0,0,4,0,0,15.0,20.0,10.0,20.0,1,273,131.23060607910156,2.926974886612141,,out_of_road
3617,fresh,1,fresh,,,0,1,1,2,0,1,15.0,5.0,5.0,10.0,0,1000,1.4425147771835327,0.007651774987578392,,max_step
3618,replay,1,replay,,,0,1,1,2,0,1,15.0,5.0,5.0,10.0,0,168,63.916160583496094,2.725830790542421,,out_of_road
3619,fresh,2,fresh,,,0,1,0,3,1,1,5.0,40.0,5.0,55.0,0,606,212.53591918945312,0.8826508195240899,,out_of_road
3620,crossover,6,crossover,,select_lane|ego_on_intersection|intersection_has_cars|has_brake_checker|intersection_cars|has_cluster|distance_to_nearest,4,1,1,18,0,0,5.0,5.0,5.0,35.0,2,63,-2.1478347778320312,0.24035947769880295,,crash_vehicle
3621,fresh,0,fresh,,,0,1,0,0,0,0,20.0,20.0,5.0,55.0,0,184,117.54700469970703,1.7980661615729332,,out_of_road
3622,replay,0,replay,,,0,1,0,0,0,0,20.0,20.0,5.0,55.0,0,343,223.52732849121094,4.504696168114076,,out_of_road
3623,fresh,6,fresh,,,0,0,0,18,0,0,20.0,10.0,5.0,10.0,0,87,0.05703258514404297,0.35779870464198893,,crash_vehicle
3624,mutation,0,mutation,has_brake_checker,,1,0,0,0,1,0,10.0,5.0,5.0,20.0,0,155,61.537010192871094,1.5962447947071445,,out_of_road
3625,fresh,3,fresh,,,0,1,1,5,1,0,5.0,10.0,15.0,20.0,1,1000,218.58197021484375,0.5548248669486493,,max_step
3626,mutation,5,mutation,intersection_cars,,1,0,0,12,0,0,15.0,10.0,5.0,55.0,3,198,98.22405242919922,3.165604192453126,,out_of_road
3627,fresh,1,fresh,,,0,0,0,2,0,0,20.0,5.0,15.0,10.0,0,1000,-0.6614347696304321,5.5355302989482876e-05,,max_step
3628,mutation,3,mutation,has_brake_checker,,0,0,0,4,0,0,15.0,20.0,5.0,35.0,1,379,335.4537048339844,8.582893287040548,,out_of_road
3629,fresh,3,fresh,,,0,1,0,5,1,0,10.0,40.0,5.0,55.0,1,57,3.9178895950317383,0.24956225015615163,,out_of_road
3630,mutation,3,mutation,distance_to_nearest,,1,0,0,4,0,0,5.0,20.0,15.0,20.0,0,25,-5.505763053894043,0.2286471176147461,,out_of_road
3631,fresh,0,fresh,,,0,0,0,0,1,0,20.0,10.0,10.0,20.0,0,247,100.84017944335938,1.408584382550919,,out_of_road
3632,crossover,1,crossover,,select_lane|ego_on_intersection|intersection_has_cars|has_brake_checker|intersection_cars|maximum_distractor_speed|cluster_dist|brake_dist,3,0,0,2,0,1,5.0,20.0,10.0,55.0,0,58,12.686283111572266,2.55483051826214,,crash_vehicle
3633,fresh,3,fresh,,,0,0,0,5,0,1,20.0,5.0,15.0,20.0,0,774,10.696919441223145,0.1774917726984936,,crash_vehicle
3634,crossover,0,crossover,,select_lane|ego_on_intersection|intersection_has_cars|has_brake_checker|has_cluster|maximum_distractor_speed,3,1,0,1,0,0,10.0,5.0,10.0,55.0,1,100,49.28506851196289,4.0059618973732,,out_of_road
3635,fresh,4,fresh,,,0,1,1,8,0,1,20.0,20.0,15.0,10.0,0,1000,58.80965805053711,0.3079678612947464,,max_step
3636,crossover,1,crossover,,select_lane|ego_on_intersection|intersection_has_cars|has_cluster|maximum_distractor_speed|brake_dist,1,0,0,2,0,0,10.0,5.0,10.0,55.0,2,221,218.30345153808594,7.361882761592779,,arrive_dest
3637,fresh,2,fresh,,,0,0,0,3,0,1,15.0,5.0,10.0,35.0,0,1000,0.6367371678352356,0.005902422964572907,,max_step
3638,mutation,0,mutation,distance_to_nearest,,0,0,0,0,0,0,20.0,10.0,5.0,35.0,0,330,320.1341552734375,8.910179632947301,,out_of_road
3639,fresh,4,fresh,,,0,1,0,8,1,0,5.0,20.0,5.0,35.0,2,516,57.18474197387695,0.09521341534663541,,out_of_road
3640,replay,4,replay,,,0,1,0,8,1,0,5.0,20.0,5.0,35.0,2,188,93.38463592529297,5.259927600622177,,out_of_road
3641,fresh,0,fresh,,,0,0,0,1,0,0,10.0,20.0,5.0,55.0,1,129,108.46507263183594,3.7319234239962675,,out_of_road
3642,crossover,1,crossover,,select_lane|ego_on_intersection|intersection_has_cars|distractor_cars|has_brake_checker|has_cluster|distance_to_nearest|brake_dist,4,0,0,2,0,0,20.0,20.0,5.0,35.0,0,296,248.59449768066406,7.028907705752833,,out_of_road
3643,fresh,5,fresh,,,0,1,1,12,0,1,5.0,5.0,10.0,35.0,3,52,-4.296261310577393,0.2747010817894569,,crash_vehicle
3644,crossover,0,crossover,,select_lane|ego_on_intersection|intersection_has_cars|distractor_cars|has_brake_checker|intersection_cars|has_cluster|maximum_distractor_speed|distance_to_nearest|brake_dist,6,0,0,0,0,0,5.0,40.0,15.0,20.0,0,76,24.9360408782959,0.17168928447522616,,out_of_road
3645,fresh,0,fresh,,,0,0,0,0,1,0,20.0,5.0,5.0,10.0,0,1000,445.33270263671875,2.6962323641628028,,max_step
3646,crossover,0,crossover,,select_lane|ego_on_intersection|intersection_has_cars|distractor_cars|intersection_cars|distance_to_nearest|cluster_dist,1,0,0,0,0,0,5.0,10.0,5.0,20.0,0,224,210.23452758789062,5.7401452408438285,,out_of_road
3647,fresh,3,fresh,,,0,0,0,4,1,0,20.0,20.0,15.0,35.0,2,309,135.00836181640625,2.494701298936285,,out_of_road
3648,mutation,0,mutation,select_road|select_lane|ego_on_intersection|intersection_has_cars,,3,1,1,0,0,0,5.0,5.0,15.0,20.0,0,146,103.15159606933594,2.5478694336871577,,out_of_road
3649,fresh,3,fresh,,,0,0,0,5,0,0,15.0,40.0,10.0,20.0,3,357,54.48576354980469,0.6221402999149317,,out_of_road
3650,replay,3,replay,,,0,0,0,5,0,0,15.0,40.0,10.0,20.0,3,1000,443.6020202636719,3.013350666888058,,max_step
3651,fresh,4,fresh,,,0,1,0,8,0,1,20.0,20.0,10.0,10.0,3,234,-0.7411575317382812,0.1383988296883738,,out_of_road
3652,mutation,3,mutation,cluster_dist,,1,0,0,4,1,0,15.0,5.0,5.0,20.0,3,1000,-0.090323805809021,0.0026216585971415044,,max_step
3653,fresh,2,fresh,,,0,0,0,3,1,1,5.0,20.0,10.0,35.0,1,44,3.9379701614379883,0.0862810503352772,,out_of_road
3654,mutation,2,mutation,distance_to_nearest,,1,1,0,3,0,0,5.0,5.0,10.0,35.0,1,1000,44.463321685791016,0.19458267961442471,,max_step
3655,fresh,6,fresh,,,0,1,1,18,1,1,20.0,40.0,15.0,55.0,1,185,32.170738220214844,0.42096841077546815,,crash_vehicle
3656,replay,6,replay,,,0,1,1,18,1,1,20.0,40.0,15.0,55.0,1,653,256.97576904296875,3.4204285465220807,,out_of_road
3657,fresh,3,fresh,,,0,0,0,5,0,0,5.0,20.0,15.0,20.0,3,308,79.79747772216797,1.0324233170211703,,out_of_road
3658,crossover,4,crossover,,select_lane|ego_on_intersection|intersection_has_cars|intersection_cars|distance_to_nearest|brake_dist,4,1,0,8,1,0,20.0,5.0,5.0,55.0,0,239,108.47659301757812,3.97136177029071,,out_of_road
3659,fresh,3,fresh,,,0,0,0,5,1,0,15.0,20.0,5.0,35.0,3,153,57.194618225097656,1.0460233709781,,out_of_road
3660,replay,3,replay,,,0,0,0,5,1,0,15.0,20.0,5.0,35.0,3,1000,141.30551147460938,0.8033319966010749,,max_step
3661,fresh,5,fresh,,,0,0,0,12,0,0,10.0,40.0,5.0,35.0,2,1000,44.682918548583984,0.07436463799327613,,max_step
3662,replay,5,replay,,,0,0,0,12,0,0,10.0,40.0,5.0,35.0,2,132,44.5447883605957,1.3730657744136723,,crash_vehicle
3663,fresh,6,fresh,,,0,1,1,18,1,1,10.0,5.0,15.0,20.0,1,934,210.44473266601562,2.039495163878358,,out_of_road
3664,replay,6,replay,,,0,1,1,18,1,1,10.0,5.0,15.0,20.0,1,1000,305.5901184082031,2.2541746279895305,,max_step
3665,fresh,0,fresh,,,0,0,0,0,1,0,10.0,20.0,15.0,35.0,0,449,214.5249786376953,2.1669828355445095,,out_of_road
3666,crossover,3,crossover,,select_lane|ego_on_intersection|intersection_has_cars|has_brake_checker|has_cluster,1,0,0,4,1,0,10.0,10.0,15.0,35.0,1,944,250.10958862304688,0.8845680075336516,,out_of_road
3667,fresh,4,fresh,,,0,1,0,8,1,0,20.0,10.0,15.0,20.0,1,384,9.73094654083252,0.016694727431361873,,out_of_road
3668,replay,4,replay,,,0,1,0,8,1,0,20.0,10.0,15.0,20.0,1,43,23.31299591064453,3.5240989535353906,,arrive_dest
3669,fresh,6,fresh,,,0,1,0,18,1,1,15.0,5.0,5.0,20.0,0,1000,1.105324149131775,0.011119305342435836,,max_step
3670,mutation,1,mutation,has_cluster,,1,0,0,2,0,1,20.0,40.0,5.0,35.0,2,112,46.660675048828125,1.3052254148891993,,out_of_road
3671,fresh,4,fresh,,,0,1,0,8,0,1,15.0,10.0,10.0,10.0,3,1000,2.8740429878234863,0.001980466201901436,,max_step
3672,crossover,0,crossover,,select_lane|ego_on_intersection|intersection_has_cars|distractor_cars|maximum_distractor_speed|distance_to_nearest|cluster_dist|brake_dist,4,1,0,0,0,0,15.0,40.0,5.0,10.0,0,106,37.14790344238281,1.3332093313055218,,out_of_road
3673,fresh,4,fresh,,,0,0,0,8,1,0,15.0,10.0,5.0,35.0,2,348,123.4404296875,2.179463592914586,,out_of_road
3674,replay,4,replay,,,0,0,0,8,1,0,15.0,10.0,5.0,35.0,2,249,226.82241821289062,8.603667658824758,,out_of_road
3675,fresh,1,fresh,,,0,1,1,2,1,1,20.0,5.0,10.0,20.0,1,1000,-0.9225063920021057,0.0038193063735961915,,max_step
3676,crossover,2,crossover,,,0,0,0,3,0,0,5.0,40.0,15.0,10.0,3,175,130.75572204589844,3.9001706784112113,,out_of_road
3677,fresh,0,fresh,,,0,1,0,1,1,1,15.0,20.0,15.0,35.0,1,560,272.09149169921875,2.8457273606676607,,arrive_dest
3678,mutation,5,mutation,has_cluster,,0,1,1,12,0,1,15.0,40.0,15.0,20.0,2,1000,39.665069580078125,0.054954636052250865,,max_step
3679,fresh,0,fresh,,,0,0,0,0,0,0,15.0,40.0,10.0,35.0,0,77,30.935829162597656,0.22922188895089285,,out_of_road
3680,crossover,1,crossover,,has_brake_checker|intersection_cars|has_cluster|maximum_distractor_speed|distance_to_nearest|brake_dist,3,0,0,2,1,0,10.0,40.0,5.0,55.0,0,38,0.5424323081970215,0.746371547642507,,out_of_road
3681,fresh,5,fresh,,,0,0,0,12,0,1,5.0,10.0,5.0,35.0,1,1000,11.591832160949707,0.04516123895160854,,max_step
3682,replay,5,replay,,,0,0,0,12,0,1,5.0,10.0,5.0,35.0,1,133,69.1989974975586,4.908856936415336,,arrive_dest
3683,fresh,3,fresh,,,0,1,1,5,0,1,10.0,10.0,15.0,35.0,1,249,194.91290283203125,6.5688758078349165,,out_of_road
3684,replay,3,replay,,,0,1,1,5,0,1,10.0,10.0,15.0,35.0,1,267,206.59706115722656,6.758471840608879,,out_of_road
3685,fresh,4,fresh,,,0,0,0,8,1,1,15.0,20.0,15.0,55.0,3,1000,48.14885330200195,0.12671855801343918,,max_step
3686,mutation,0,mutation,maximum_distractor_speed,,1,1,0,0,1,0,20.0,10.0,10.0,10.0,0,38,18.16750717163086,0.8956097944786674,,arrive_dest
3687,fresh,5,fresh,,,0,0,0,12,0,0,10.0,10.0,15.0,10.0,1,174,54.29950714111328,1.0237742724946175,,arrive_dest
3688,crossover,2,crossover,,has_brake_checker|intersection_cars|distance_to_nearest|brake_dist,3,1,0,3,0,0,10.0,10.0,5.0,20.0,3,152,84.93981170654297,2.8377358835974804,,out_of_road
3689,fresh,6,fresh,,,0,1,0,18,1,1,15.0,20.0,10.0,35.0,0,1000,11.018359184265137,0.028773507788777353,,max_step
3690,crossover,0,crossover,,select_lane|ego_on_intersection|intersection_has_cars|distractor_cars|has_cluster|maximum_distractor_speed,0,0,0,0,0,0,10.0,5.0,5.0,55.0,0,174,140.87969970703125,5.315031578999826,,out_of_road
3691,fresh,1,fresh,,,0,0,0,2,1,0,5.0,5.0,15.0,20.0,1,705,366.2470397949219,4.052063512960647,,out_of_road
3692,mutation,5,mutation,select_road|select_lane|ego_on_intersection|intersection_has_cars,,3,1,1,12,1,1,5.0,40.0,5.0,55.0,2,51,4.122880935668945,0.22259083916159236,,out_of_road
3693,fresh,5,fresh,,,0,1,1,12,1,0,20.0,20.0,15.0,35.0,3,604,174.1909942626953,1.5840534241685014,,out_of_road
3694,replay,5,replay,,,0,1,1,12,1,0,20.0,20.0,15.0,35.0,3,1000,362.3850402832031,2.148234511755407,,max_step
3695,fresh,3,fresh,,,0,0,0,5,1,1,10.0,40.0,5.0,55.0,1,25,-6.465773582458496,0.0,,out_of_road
3696,replay,3,replay,,,0,0,0,5,1,1,10.0,40.0,5.0,55.0,1,200,81.2137222290039,1.6014911780506373,,crash_vehicle
3697,fresh,6,fresh,,,0,0,0,18,1,0,5.0,20.0,5.0,55.0,1,498,60.352256774902344,0.6289810588860129,,crash_vehicle
3698,replay,6,replay,,,0,0,0,18,1,0,5.0,20.0,5.0,55.0,1,45,3.1855812072753906,0.11213403277926975,,out_of_road
3699,fresh,6,fresh,,,0,0,0,18,0,0,20.0,10.0,15.0,55.0,2,144,52.20796585083008,2.832343101915386,,out_of_road
3700,replay,6,replay,,,0,0,0,18,0,0,20.0,10.0,15.0,55.0,2,220,105.0438232421875,3.727203301137144,,out_of_road
3701,fresh,3,fresh,,,0,0,0,4,1,0,10.0,40.0,5.0,55.0,0,24,-5.414485454559326,0.0,,out_of_road
3702,replay,3,replay,,,0,0,0,4,1,0,10.0,40.0,5.0,55.0,0,483,226.59902954101562,2.3566156693928977,,out_of_road
3703,fresh,2,fresh,,,0,1,0,3,0,0,5.0,40.0,10.0,55.0,0,193,189.2954864501953,8.186004984409697,,out_of_road
3704,mutation,0,mutation,select_road|select_lane|ego_on_intersection|intersection_has_cars,,2,1,0,0,0,0,15.0,10.0,15.0,35.0,0,181,149.32315063476562,4.6077099705927935,,out_of_road
3705,fresh,2,fresh,,,0,0,0,3,0,0,20.0,5.0,10.0,35.0,2,64,17.49712371826172,3.798858681693673,,arrive_dest
3706,replay,2,replay,,,0,0,0,3,0,0,20.0,5.0,10.0,35.0,2,63,4.720375061035156,1.9318984765855094,,out_of_road
3707,fresh,6,fresh,,,0,0,0,18,0,1,20.0,20.0,10.0,10.0,1,1000,14.876463890075684,0.013411109730601311,,max_step
3708,crossover,5,crossover,,select_lane|ego_on_intersection|intersection_has_cars|has_brake_checker|intersection_cars|has_cluster|distance_to_nearest|cluster_dist|brake_dist,6,1,1,12,0,0,10.0,10.0,10.0,55.0,1,236,208.17239379882812,8.025433059971212,,out_of_road
3709,fresh,4,fresh,,,0,0,0,8,1,0,20.0,40.0,5.0,55.0,3,460,219.34103393554688,2.665111995375027,,out_of_road
3710,mutation,3,mutation,distractor_cars,,1,0,0,5,1,0,20.0,40.0,5.0,55.0,3,1000,161.8951416015625,0.6439308051615954,,max_step
3711,fresh,4,fresh,,,0,0,0,8,1,0,5.0,20.0,5.0,35.0,0,215,216.2681427001953,8.717823650116145,,out_of_road
3712,crossover,5,crossover,,distractor_cars|maximum_distractor_speed|distance_to_nearest|cluster_dist,1,1,1,12,1,0,15.0,40.0,15.0,55.0,1,1000,79.60462188720703,0.3942635157108307,,max_step
3713,fresh,3,fresh,,,0,1,1,5,1,0,10.0,10.0,10.0,35.0,0,368,143.29904174804688,2.3487737319715647,,out_of_road
3714,mutation,3,mutation,maximum_distractor_speed,,0,0,0,4,1,0,20.0,20.0,15.0,35.0,2,21,-2.604257106781006,0.07927385965983073,,crash_vehicle
3715,fresh,1,fresh,,,0,1,0,2,0,0,5.0,5.0,15.0,20.0,0,1000,-1.090449571609497,0.0,,max_step
3716,crossover,6,crossover,,distractor_cars|has_cluster|cluster_dist|brake_dist,2,0,0,18,0,1,20.0,5.0,15.0,35.0,3,1000,4.514996528625488,0.09618862103670836,,max_step
3717,fresh,2,fresh,,,0,0,0,3,1,1,15.0,10.0,10.0,55.0,0,1000,104.3895034790039,0.7358853669166565,,max_step
3718,crossover,4,crossover,,distractor_cars|has_brake_checker|maximum_distractor_speed|brake_dist,3,0,0,8,0,1,20.0,40.0,15.0,35.0,1,1000,83.44727325439453,0.14084250052273273,,max_step
3719,fresh,6,fresh,,,0,0,0,18,1,0,15.0,10.0,10.0,35.0,1,258,187.2779083251953,5.3877498620702315,,out_of_road
3720,replay,6,replay,,,0,0,0,18,1,0,15.0,10.0,10.0,35.0,1,225,189.3802490234375,4.887739995585547,,out_of_road
3721,fresh,1,fresh,,,0,1,0,2,0,1,20.0,20.0,5.0,10.0,0,208,181.8791046142578,8.463910820965584,,out_of_road
3722,replay,1,replay,,,0,1,0,2,0,1,20.0,20.0,5.0,10.0,0,569,242.61129760742188,2.2222094093899525,,out_of_road
3723,fresh,3,fresh,,,0,1,1,4,1,0,15.0,10.0,15.0,20.0,2,2,10.0,2.0169553756713867,,arrive_dest
3724,replay,3,replay,,,0,1,1,4,1,0,15.0,10.0,15.0,20.0,2,184,116.43185424804688,1.8019728780440663,,out_of_road
3725,fresh,3,fresh,,,0,1,0,4,0,0,5.0,5.0,5.0,35.0,0,275,196.2747039794922,5.9128728181665595,,out_of_road
3726,crossover,0,crossover,,distractor_cars|has_brake_checker|intersection_cars|maximum_distractor_speed,1,1,0,0,0,0,20.0,20.0,10.0,10.0,0,113,50.27247619628906,1.4717217294779499,,out_of_road
3727,fresh,4,fresh,,,0,0,0,8,1,1,10.0,20.0,15.0,55.0,2,1000,119.77306365966797,0.5586090591363608,,max_step
3728,crossover,6,crossover,,has_brake_checker|intersection_cars|has_cluster|maximum_distractor_speed|distance_to_nearest|cluster_dist|brake_dist,4,0,0,18,0,0,10.0,5.0,15.0,55.0,3,554,88.42687225341797,0.7278024616352003,,crash_vehicle
3729,fresh,0,fresh,,,0,0,0,0,0,0,5.0,20.0,15.0,10.0,0,88,29.134471893310547,0.1133791370825334,,out_of_road
3730,replay,0,replay,,,0,0,0,0,0,0,5.0,20.0,15.0,10.0,0,105,55.20042037963867,1.6480786034039088,,out_of_road
3731,fresh,0,fresh,,,0,0,0,1,0,0,20.0,10.0,5.0,55.0,1,252,194.3780059814453,4.397625414506783,,out_of_road
3732,crossover,4,crossover,,select_lane|ego_on_intersection|intersection_has_cars|distractor_cars|has_brake_checker|has_cluster|distance_to_nearest|brake_dist,2,0,0,8,0,0,20.0,5.0,10.0,20.0,1,104,28.04912567138672,4.15038693868197,,out_of_road
3733,fresh,3,fresh,,,0,0,0,4,0,1,15.0,20.0,15.0,10.0,0,85,48.727359771728516,0.7639871402698405,,arrive_dest
3734,mutation,1,mutation,distractor_cars,,1,0,0,2,1,0,5.0,5.0,5.0,55.0,0,523,210.01934814453125,2.1000729741147555,,out_of_road
3735,fresh,3,fresh,,,0,0,0,4,1,1,15.0,5.0,10.0,20.0,3,608,123.13742065429688,1.3452165934600329,,out_of_road
3736,mutation,0,mutation,has_cluster,,0,0,0,0,0,0,15.0,40.0,5.0,20.0,0,101,45.31096267700195,0.6964224694241391,,out_of_road
3737,fresh,2,fresh,,,0,0,0,3,0,0,5.0,5.0,10.0,55.0,0,1000,-0.21740779280662537,0.02347226920723915,,max_step
3738,crossover,3,crossover,,select_lane|ego_on_intersection|intersection_has_cars|maximum_distractor_speed|cluster_dist|brake_dist,2,1,1,4,0,0,20.0,10.0,10.0,20.0,1,114,39.33259582519531,1.0827161380857753,,out_of_road
3739,fresh,0,fresh,,,0,1,1,0,1,0,20.0,10.0,15.0,55.0,0,119,55.80735778808594,1.8926270969775545,,out_of_road
3740,crossover,6,crossover,,select_lane|ego_on_intersection|intersection_has_cars|distractor_cars|has_cluster|maximum_distractor_speed|cluster_dist|brake_dist,2,0,0,18,0,0,20.0,10.0,5.0,55.0,2,254,127.05158996582031,3.35157926779563,,crash_vehicle
3741,fresh,0,fresh,,,0,0,0,0,0,0,10.0,5.0,5.0,20.0,0,112,45.323585510253906,1.2869547702638167,rejection_fallback,out_of_road
3742,crossover,0,crossover,,distractor_cars|intersection_cars|has_cluster|maximum_distractor_speed|distance_to_nearest|brake_dist,2,0,0,0,0,0,10.0,10.0,5.0,20.0,0,245,197.19175720214844,5.693336553719579,,out_of_road
3743,fresh,5,fresh,,,0,1,1,12,0,1,20.0,10.0,15.0,35.0,3,89,6.527651786804199,0.18568905501553182,,out_of_road
3744,mutation,0,mutation,distance_to_nearest,,1,1,0,0,0,0,20.0,20.0,5.0,10.0,0,254,212.1081085205078,7.143771739104602,,out_of_road
3745,fresh,0,fresh,,,0,1,0,0,1,0,5.0,10.0,15.0,35.0,0,203,166.3152313232422,6.66321291257008,,out_of_road
3746,crossover,4,crossover,,select_lane|ego_on_intersection|intersection_has_cars|has_brake_checker|intersection_cars|has_cluster|distance_to_nearest|cluster_dist,6,0,0,8,1,0,20.0,40.0,5.0,55.0,1,419,143.21844482421875,1.9106170120415653,,out_of_road
3747,fresh,4,fresh,,,0,1,1,8,0,1,5.0,5.0,5.0,35.0,2,1000,0.42648616433143616,0.009313900992274284,,max_step
3748,crossover,1,crossover,,select_lane|ego_on_intersection|intersection_has_cars|has_brake_checker|has_cluster|cluster_dist,3,1,0,2,0,0,20.0,5.0,15.0,20.0,0,260,195.845947265625,6.209086145030764,,out_of_road
3749,fresh,3,fresh,,,0,1,0,5,1,1,5.0,5.0,10.0,20.0,2,1000,0.7778869867324829,0.01012411043047905,,max_step
3750,mutation,0,mutation,has_cluster,,0,1,1,1,0,1,15.0,20.0,5.0,35.0,0,1000,12.823801040649414,0.010529986381530762,,max_step
3751,fresh,0,fresh,,,0,1,1,1,1,1,5.0,20.0,10.0,35.0,1,73,24.178630828857422,0.1109611302205961,,out_of_road
3752,crossover,1,crossover,,distractor_cars|distance_to_nearest,1,0,0,2,0,0,20.0,5.0,5.0,35.0,2,199,144.38461303710938,6.475490084545097,,out_of_road
3753,fresh,0,fresh,,,0,0,0,0,0,0,10.0,5.0,5.0,20.0,0,160,116.55394744873047,4.7611301863566045,rejection_fallback,out_of_road
3754,crossover,2,crossover,,select_lane|ego_on_intersection|intersection_has_cars|has_brake_checker|intersection_cars|brake_dist,4,1,0,3,0,0,20.0,5.0,5.0,35.0,2,136,45.307437896728516,2.6448922240010955,,out_of_road
3755,fresh,4,fresh,,,0,0,0,8,1,1,15.0,20.0,10.0,35.0,1,744,361.31414794921875,2.765436748062731,,arrive_dest
3756,mutation,0,mutation,select_road|select_lane|ego_on_intersection|intersection_has_cars,,1,0,0,0,0,0,10.0,5.0,5.0,55.0,0,80,50.97590637207031,0.6391564035788179,,arrive_dest
3757,fresh,4,fresh,,,0,1,0,8,0,0,10.0,10.0,15.0,35.0,1,348,201.1028289794922,4.6916936563606235,,out_of_road
3758,mutation,3,mutation,has_brake_checker,,0,0,0,4,1,0,10.0,10.0,15.0,35.0,1,234,189.82318115234375,6.783264154552395,,out_of_road
3759,fresh,0,fresh,,,0,0,0,0,0,0,20.0,20.0,15.0,10.0,0,89,24.548330307006836,0.3438315727235226,,out_of_road
3760,replay,0,replay,,,0,0,0,0,0,0,20.0,20.0,15.0,10.0,0,548,272.43353271484375,3.935892360407288,,out_of_road
3761,fresh,3,fresh,,,0,0,0,4,1,1,10.0,10.0,15.0,20.0,0,192,55.41309356689453,1.3990651456018288,,out_of_road
3762,crossover,6,crossover,,distractor_cars|has_brake_checker|has_cluster|distance_to_nearest,3,0,0,18,1,0,5.0,40.0,15.0,55.0,1,633,236.9898681640625,2.1917292084103512,,crash_vehicle
3763,fresh,3,fresh,,,0,0,0,5,1,1,5.0,10.0,15.0,55.0,1,1000,2.192685127258301,0.0,,max_step
3764,crossover,3,crossover,,select_lane|ego_on_intersection|intersection_has_cars|distractor_cars|intersection_cars|has_cluster|maximum_distractor_speed,7,0,0,4,1,1,5.0,5.0,5.0,20.0,3,160,48.691261291503906,2.0797710267826917,,crash_vehicle
3765,fresh,6,fresh,,,0,0,0,18,1,1,5.0,10.0,15.0,20.0,1,686,294.8196105957031,2.533209541839691,,out_of_road
3766,crossover,2,crossover,,select_lane|ego_on_intersection|intersection_has_cars|has_brake_checker|intersection_cars|maximum_distractor_speed|distance_to_nearest|cluster_dist,5,1,1,3,0,0,10.0,20.0,5.0,55.0,3,139,105.61160278320312,3.1412429046287813,,out_of_road
3767,fresh,4,fresh,,,0,1,0,8,1,1,10.0,5.0,10.0,20.0,1,1000,47.24733352661133,0.29534476818144323,,max_step
3768,crossover,0,crossover,,distractor_cars|has_cluster|maximum_distractor_speed|brake_dist,1,0,0,0,1,0,10.0,20.0,15.0,20.0,0,506,228.76976013183594,2.5590634054611088,,out_of_road
3769,fresh,1,fresh,,,0,0,0,2,1,1,10.0,5.0,10.0,20.0,2,18,-5.266531944274902,0.05525806546211243,,out_of_road
3770,crossover,5,crossover,,select_lane|ego_on_intersection|intersection_has_cars|distractor_cars|has_brake_checker|intersection_cars|maximum_distractor_speed|cluster_dist,6,0,0,12,1,0,5.0,40.0,5.0,55.0,3,1000,63.806148529052734,0.10261485601216555,,max_step
3771,fresh,1,fresh,,,0,1,0,2,0,0,20.0,20.0,15.0,55.0,2,72,24.467079162597656,0.25101322597927517,,out_of_road
3772,replay,1,replay,,,0,1,0,2,0,0,20.0,20.0,15.0,55.0,2,208,190.09503173828125,5.285150799900293,,out_of_road
3773,fresh,3,fresh,,,0,0,0,5,0,0,15.0,20.0,15.0,55.0,1,250,180.88890075683594,5.970598393946886,,out_of_road
3774,mutation,4,mutation,has_cluster,,0,1,0,8,1,0,20.0,10.0,10.0,20.0,2,307,200.19125366210938,5.315566930980558,,out_of_road
3775,fresh,3,fresh,,,0,0,0,5,1,0,5.0,10.0,15.0,35.0,0,165,73.66439819335938,1.9678875667579245,,arrive_dest
3776,mutation,1,mutation,has_brake_checker,,0,1,0,2,0,1,20.0,20.0,5.0,10.0,0,974,40.473758697509766,0.18970145750217124,,out_of_road
3777,fresh,5,fresh,,,0,1,1,12,1,0,5.0,40.0,5.0,55.0,3,89,34.382232666015625,0.4686276765351885,,out_of_road
3778,replay,5,replay,,,0,1,1,12,1,0,5.0,40.0,5.0,55.0,3,277,238.8335723876953,6.548049540188338,,out_of_road
3779,fresh,3,fresh,,,0,1,0,4,0,0,20.0,10.0,15.0,55.0,0,114,31.05031967163086,0.9226892859462583,,out_of_road
3780,mutation,1,mutation,select_road|select_lane|ego_on_intersection|intersection_has_cars,,3,1,1,2,1,0,20.0,40.0,15.0,55.0,0,103,45.722896575927734,0.69654009223563,,out_of_road
3781,fresh,4,fresh,,,0,0,0,8,1,1,15.0,10.0,10.0,55.0,2,1000,221.33152770996094,0.4803637946024537,,max_step
3782,crossover,1,crossover,,distractor_cars|has_cluster|distance_to_nearest|cluster_dist,2,0,0,2,0,0,15.0,20.0,15.0,20.0,2,37,3.293865203857422,0.1696747960271062,,crash_vehicle
3783,fresh,3,fresh,,,0,0,0,5,0,1,5.0,20.0,10.0,10.0,1,744,4.590030670166016,0.0013431857029596965,,crash_vehicle
3784,mutation,1,mutation,has_brake_checker,,1,0,0,2,1,0,15.0,5.0,10.0,20.0,2,584,258.396484375,2.511437180528596,,arrive_dest
3785,fresh,0,fresh,,,0,0,0,0,1,0,15.0,5.0,15.0,35.0,0,61,9.731657028198242,0.04660555964610616,,out_of_road
3786,replay,0,replay,,,0,0,0,0,1,0,15.0,5.0,15.0,35.0,0,238,206.40968322753906,5.359693568544228,,out_of_road
3787,fresh,1,fresh,,,0,0,0,2,0,1,15.0,40.0,5.0,55.0,1,84,26.11018180847168,0.2759651385602497,,out_of_road
3788,crossover,0,crossover,,select_lane|ego_on_intersection|intersection_has_cars|distractor_cars|has_brake_checker|intersection_cars|has_cluster|distance_to_nearest|cluster_dist|brake_dist,4,1,0,0,0,0,5.0,40.0,5.0,20.0,0,234,141.50990295410156,3.457279966937171,,out_of_road
3789,fresh,1,fresh,,,0,0,0,2,0,1,20.0,10.0,10.0,10.0,1,174,54.97770309448242,1.76967502976286,,out_of_road
3790,crossover,0,crossover,,select_lane|ego_on_intersection|intersection_has_cars|distractor_cars|has_cluster|distance_to_nearest,5,0,0,1,1,1,5.0,40.0,10.0,55.0,0,490,220.70993041992188,1.797043944864857,,arrive_dest
3791,fresh,1,fresh,,,0,0,0,2,0,0,15.0,10.0,15.0,35.0,0,563,310.7508544921875,4.215763194334311,,out_of_road
3792,crossover,0,crossover,,has_cluster|brake_dist,1,0,0,0,0,0,20.0,10.0,5.0,55.0,0,302,267.3424072265625,7.181317411905883,,out_of_road
3793,fresh,2,fresh,,,0,0,0,3,0,0,5.0,20.0,15.0,35.0,3,45,2.426328659057617,0.5659982264041901,,out_of_road
3794,replay,2,replay,,,0,0,0,3,0,0,5.0,20.0,15.0,35.0,3,1000,122.51786804199219,0.5334360141754151,,max_step
3795,fresh,3,fresh,,,0,0,0,4,1,0,15.0,5.0,10.0,20.0,3,1000,-0.6028667688369751,0.0,,max_step
3796,replay,3,replay,,,0,0,0,4,1,0,15.0,5.0,10.0,20.0,3,86,4.980974197387695,0.8863081952860189,,crash_vehicle
3797,fresh,3,fresh,,,0,1,0,5,0,1,15.0,5.0,15.0,35.0,1,62,1.1810455322265625,1.2067629925666317,,out_of_road
3798,replay,3,replay,,,0,1,0,5,0,1,15.0,5.0,15.0,35.0,1,115,49.119789123535156,1.632639025086942,,out_of_road
3799,fresh,6,fresh,,,0,0,0,18,1,0,15.0,5.0,5.0,35.0,1,501,41.20954132080078,0.7058169906754456,,crash_vehicle
3800,mutation,1,mutation,distractor_cars,,1,1,0,2,0,0,20.0,20.0,5.0,10.0,0,158,88.7593765258789,2.690163689748019,,out_of_road
3801,fresh,2,fresh,,,0,0,0,3,0,1,5.0,5.0,5.0,20.0,1,1000,0.541886031627655,0.004931475758552551,,max_step
3802,mutation,4,mutation,has_cluster,,0,0,0,8,0,0,20.0,5.0,5.0,20.0,3,128,34.29756546020508,3.9882361833006144,,out_of_road
3803,fresh,0,fresh,,,0,1,0,0,1,0,15.0,5.0,10.0,20.0,0,201,93.53673553466797,1.853311529744472,,out_of_road
3804,replay,0,replay,,,0,1,0,0,1,0,15.0,5.0,10.0,20.0,0,172,40.39597702026367,1.8769093951167062,,out_of_road
3805,fresh,1,fresh,,,0,1,1,2,1,0,10.0,20.0,5.0,55.0,0,387,143.64573669433594,1.5526182682082557,,out_of_road
3806,mutation,0,mutation,has_brake_checker,,1,0,0,0,1,0,10.0,40.0,15.0,10.0,0,1000,307.2936706542969,1.6767724279761314,,max_step
3807,fresh,0,fresh,,,0,1,0,1,1,0,10.0,10.0,15.0,20.0,1,228,155.47457885742188,4.531839373733914,,out_of_road
3808,crossover,2,crossover,,has_brake_checker|distance_to_nearest,1,0,0,3,0,0,20.0,10.0,10.0,35.0,2,269,176.53065490722656,5.142307746532238,,out_of_road
3809,fresh,4,fresh,,,0,0,0,8,1,0,20.0,5.0,5.0,20.0,1,904,96.76342010498047,0.8914977279780185,,out_of_road
3810,mutation,1,mutation,cluster_dist,,1,1,1,2,1,1,10.0,40.0,5.0,55.0,1,239,100.30852508544922,2.1311244913474288,,out_of_road
3811,fresh,3,fresh,,,0,0,0,4,0,1,10.0,20.0,10.0,10.0,0,1000,8.234097480773926,0.0,,max_step
3812,replay,3,replay,,,0,0,0,4,0,1,10.0,20.0,10.0,10.0,0,265,176.27479553222656,4.742058316941531,,out_of_road
3813,fresh,5,fresh,,,0,1,1,12,1,0,20.0,20.0,5.0,35.0,0,1000,86.6503677368164,0.39013347793743014,,max_step
3814,replay,5,replay,,,0,1,1,12,1,0,20.0,20.0,5.0,35.0,0,458,210.7071533203125,2.5869331793884003,,out_of_road
3815,fresh,6,fresh,,,0,1,1,18,0,1,5.0,40.0,5.0,20.0,2,1000,36.77562713623047,0.08528812193870544,,max_step
3816,crossover,5,crossover,,select_lane|ego_on_intersection|intersection_has_cars|brake_dist,2,1,0,12,0,0,15.0,5.0,10.0,20.0,2,282,69.4119644165039,1.6879325468912192,,out_of_road
3817,fresh,0,fresh,,,0,1,0,0,0,0,5.0,20.0,10.0,20.0,0,249,188.61439514160156,4.993642345848811,,out_of_road
3818,crossover,6,crossover,,distractor_cars|has_brake_checker|brake_dist,0,0,0,18,1,1,10.0,5.0,5.0,35.0,0,1000,1.3795677423477173,0.14146962650865316,,max_step
3819,fresh,0,fresh,,,0,0,0,0,0,0,5.0,20.0,10.0,35.0,0,54,6.6416521072387695,0.16555446165579338,,out_of_road
3820,mutation,1,mutation,intersection_cars,,1,1,0,2,1,0,15.0,10.0,5.0,20.0,0,351,217.05516052246094,3.946294179287052,,out_of_road
3821,fresh,0,fresh,,,0,1,1,1,1,1,20.0,20.0,15.0,35.0,1,91,37.14295196533203,0.42917580132956035,,out_of_road
3822,mutation,0,mutation,maximum_distractor_speed,,1,0,0,0,0,0,10.0,10.0,15.0,55.0,0,225,145.32089233398438,2.9823962166574267,,out_of_road
3823,fresh,4,fresh,,,0,1,0,8,1,0,10.0,20.0,5.0,35.0,1,1000,641.1441650390625,5.389050925016403,,max_step
3824,replay,4,replay,,,0,1,0,8,1,0,10.0,20.0,5.0,35.0,1,213,109.54408264160156,2.641605777709697,,arrive_dest
3825,fresh,3,fresh,,,0,0,0,5,1,0,15.0,10.0,15.0,35.0,0,569,236.69139099121094,3.0275605815104316,,out_of_road
3826,replay,3,replay,,,0,0,0,5,1,0,15.0,10.0,15.0,35.0,0,642,61.17919158935547,0.38765951215849487,,crash_vehicle
3827,fresh,0,fresh,,,0,1,0,0,1,0,20.0,10.0,15.0,20.0,0,210,122.48294830322266,2.5223813935404733,,out_of_road
3828,mutation,0,mutation,intersection_cars,,0,0,0,0,0,0,5.0,40.0,5.0,20.0,0,20,-4.709933280944824,0.30622038841247556,,out_of_road
3829,fresh,0,fresh,,,0,1,0,0,1,0,20.0,5.0,15.0,35.0,0,74,19.20981788635254,0.08421252224896406,,out_of_road
3830,mutation,0,mutation,distractor_cars,,2,1,0,0,0,0,10.0,40.0,10.0,35.0,0,90,31.991374969482422,0.2894590801662869,,out_of_road
3831,fresh,2,fresh,,,0,1,1,3,0,0,5.0,40.0,10.0,55.0,0,1000,36.29097366333008,0.03837758430838585,,max_step
3832,mutation,0,mutation,intersection_cars,,0,1,1,0,0,0,15.0,10.0,10.0,55.0,0,85,31.1097412109375,0.19503137925091912,,out_of_road
3833,fresh,5,fresh,,,0,0,0,12,0,0,10.0,5.0,15.0,20.0,0,698,189.95611572265625,2.020767203022467,,out_of_road
3834,mutation,0,mutation,maximum_distractor_speed,,1,0,0,1,0,0,10.0,10.0,5.0,20.0,1,219,127.42005920410156,4.5025759912244805,,out_of_road
3835,fresh,6,fresh,,,0,1,0,18,0,1,5.0,5.0,10.0,55.0,2,1000,3.5390913486480713,0.03508951272815466,,max_step
3836,crossover,2,crossover,,distractor_cars|has_brake_checker|intersection_cars|has_cluster|distance_to_nearest|cluster_dist,2,1,1,3,0,0,20.0,40.0,15.0,20.0,3,180,82.322265625,2.3891976836654876,,out_of_road
3837,fresh,0,fresh,,,0,1,0,0,1,0,15.0,40.0,5.0,55.0,0,94,29.14583969116211,0.30552090989782454,,out_of_road
3838,replay,0,replay,,,0,1,0,0,1,0,15.0,40.0,5.0,55.0,0,172,91.75942993164062,1.044083870427553,,out_of_road
3839,fresh,0,fresh,,,0,0,0,0,1,0,20.0,10.0,15.0,35.0,0,448,190.7471923828125,3.227221495081072,,out_of_road
3840,crossover,4,crossover,,distractor_cars|has_brake_checker|intersection_cars|maximum_distractor_speed|distance_to_nearest|cluster_dist|brake_dist,2,1,0,8,0,0,20.0,20.0,15.0,10.0,3,129,47.536521911621094,0.9805262259734694,,out_of_road
3841,fresh,0,fresh,,,0,1,1,1,0,1,20.0,10.0,5.0,10.0,1,174,62.50537109375,2.0078247126149034,,out_of_road
3842,replay,0,replay,,,0,1,1,1,0,1,20.0,10.0,5.0,10.0,1,714,264.8921813964844,1.4489304112213082,,out_of_road
3843,fresh,2,fresh,,,0,0,0,3,1,0,15.0,5.0,5.0,35.0,3,62,5.342983245849609,0.15724351906007336,,out_of_road
3844,replay,2,replay,,,0,0,0,3,1,0,15.0,5.0,5.0,35.0,3,238,180.6223602294922,4.536900380955023,,out_of_road
3845,fresh,1,fresh,,,0,0,0,2,1,0,20.0,20.0,10.0,55.0,2,50,2.867398738861084,0.44732716888189317,,out_of_road
3846,replay,1,replay,,,0,0,0,2,1,0,20.0,20.0,10.0,55.0,2,222,187.28713989257812,4.1509689804133,,out_of_road
3847,fresh,0,fresh,,,0,0,0,0,1,0,20.0,40.0,15.0,55.0,0,102,27.630470275878906,0.2826668795417337,,out_of_road
3848,mutation,5,mutation,brake_dist,,1,1,0,12,0,0,15.0,40.0,15.0,10.0,1,238,176.8217010498047,3.5737513454020524,,out_of_road
3849,fresh,0,fresh,,,0,1,1,0,1,0,10.0,5.0,15.0,55.0,0,109,48.39791488647461,0.7891005318646037,,out_of_road
3850,mutation,4,mutation,cluster_dist,,1,0,0,8,0,0,10.0,5.0,15.0,20.0,3,224,92.85743713378906,4.075108681472817,,out_of_road
3851,fresh,0,fresh,,,0,0,0,0,0,0,10.0,5.0,5.0,20.0,0,312,222.09901428222656,4.977243801149038,rejection_fallback,out_of_road
3852,mutation,4,mutation,select_road|select_lane|ego_on_intersection|intersection_has_cars,,2,1,0,8,1,0,10.0,20.0,15.0,35.0,1,233,188.6717071533203,6.663847540836989,,out_of_road
3853,fresh,4,fresh,,,0,1,0,8,1,1,5.0,20.0,10.0,35.0,3,1000,16.13770866394043,0.048773028269410136,,max_step
3854,crossover,6,crossover,,select_lane|ego_on_intersection|intersection_has_cars|has_brake_checker|has_cluster|cluster_dist,4,1,0,18,0,1,15.0,40.0,10.0,55.0,2,189,41.216033935546875,0.6403061670975553,,out_of_road
3855,fresh,5,fresh,,,0,0,0,12,1,1,20.0,5.0,10.0,35.0,0,1000,13.883927345275879,0.2184575872719288,,max_step
3856,replay,5,replay,,,0,0,0,12,1,1,20.0,5.0,10.0,35.0,0,1000,27.089462280273438,0.1402125715985894,,max_step
3857,fresh,5,fresh,,,0,0,0,12,0,0,15.0,40.0,15.0,55.0,3,122,65.8204345703125,1.200387459187234,,out_of_road
3858,mutation,3,mutation,maximum_distractor_speed,,1,0,0,4,1,0,20.0,10.0,15.0,35.0,1,418,259.434326171875,4.8247345495951235,,out_of_road
3859,fresh,2,fresh,,,0,0,0,3,0,0,5.0,20.0,10.0,10.0,1,182,100.07400512695312,3.0821537180588794,,out_of_road
3860,crossover,5,crossover,,maximum_distractor_speed|cluster_dist,2,0,0,12,0,0,20.0,20.0,10.0,55.0,0,1000,207.59088134765625,1.35289311568439,,max_step
3861,fresh,6,fresh,,,0,0,0,18,1,1,20.0,5.0,15.0,55.0,3,270,86.29402160644531,2.5407015418012935,,out_of_road
3862,crossover,0,crossover,,has_brake_checker|intersection_cars|maximum_distractor_speed|distance_to_nearest|cluster_dist,3,0,0,1,0,0,15.0,10.0,15.0,35.0,0,1000,8.776021003723145,0.019018728256225585,,max_step
3863,fresh,0,fresh,,,0,0,0,1,1,1,15.0,10.0,5.0,55.0,0,1000,107.42511749267578,0.7958013608306647,,max_step
3864,replay,0,replay,,,0,0,0,1,1,1,15.0,10.0,5.0,55.0,0,246,215.77565002441406,6.286346156907276,,out_of_road
3865,fresh,0,fresh,,,0,1,1,0,0,0,10.0,40.0,5.0,35.0,0,81,26.357053756713867,0.5377857567351542,,out_of_road
3866,crossover,3,crossover,,has_brake_checker|has_cluster|distance_to_nearest|cluster_dist,2,0,0,4,0,0,15.0,10.0,10.0,35.0,1,152,87.89804077148438,3.1314831038838937,,arrive_dest
3867,fresh,6,fresh,,,0,1,0,18,1,1,5.0,20.0,10.0,35.0,3,1000,18.431554794311523,0.02232394027709961,,max_step
3868,mutation,0,mutation,has_cluster,,0,0,0,0,0,0,10.0,20.0,5.0,20.0,0,223,192.572509765625,5.78319036920509,,out_of_road
3869,fresh,6,fresh,,,0,0,0,18,0,1,15.0,5.0,5.0,35.0,3,10,-5.008017063140869,0.0,,crash_vehicle
3870,replay,6,replay,,,0,0,0,18,0,1,15.0,5.0,5.0,35.0,3,105,37.311492919921875,0.6878483953930082,,out_of_road
3871,fresh,3,fresh,,,0,1,1,5,0,0,20.0,10.0,5.0,55.0,1,114,29.35702896118164,0.44361011866937605,,out_of_road
3872,crossover,1,crossover,,select_lane|ego_on_intersection|intersection_has_cars|distractor_cars|has_brake_checker|has_cluster|distance_to_nearest,5,1,0,2,1,1,5.0,20.0,10.0,35.0,1,1000,28.35057258605957,0.01641707507520914,,max_step
3873,fresh,0,fresh,,,0,0,0,1,0,0,15.0,40.0,5.0,55.0,1,163,91.92401885986328,2.2679502745530358,,out_of_road
3874,mutation,6,mutation,distractor_cars,,1,0,0,18,1,0,5.0,20.0,5.0,35.0,0,218,188.91525268554688,6.032469751501302,,out_of_road
3875,fresh,4,fresh,,,0,1,1,8,1,0,20.0,10.0,5.0,20.0,3,264,72.07827758789062,1.1292673822661692,,out_of_road
3876,replay,4,replay,,,0,1,1,8,1,0,20.0,10.0,5.0,20.0,3,870,209.0381317138672,0.3360453972164756,,out_of_road
3877,fresh,2,fresh,,,0,1,1,3,1,1,20.0,40.0,10.0,55.0,3,2,10.0,1.2626886367797852,,arrive_dest
3878,crossover,3,crossover,,select_lane|ego_on_intersection|intersection_has_cars|distractor_cars|has_brake_checker|maximum_distractor_speed|cluster_dist|brake_dist,7,1,1,4,0,0,20.0,5.0,15.0,10.0,1,347,64.66419982910156,1.0700340955504766,,out_of_road
3879,fresh,0,fresh,,,0,0,0,0,0,0,10.0,5.0,5.0,20.0,0,152,104.17881774902344,2.038964891610177,rejection_fallback,out_of_road
3880,mutation,5,mutation,distance_to_nearest,,0,1,0,12,0,0,20.0,40.0,5.0,10.0,2,82,32.082550048828125,0.2677688322416166,,out_of_road
3881,fresh,5,fresh,,,0,0,0,12,1,1,20.0,20.0,5.0,35.0,3,82,3.594578742980957,0.23897496665396342,,crash_vehicle
3882,replay,5,replay,,,0,0,0,12,1,1,20.0,20.0,5.0,35.0,3,282,206.28155517578125,5.74915319385258,,out_of_road
3883,fresh,0,fresh,,,0,0,0,0,1,0,10.0,5.0,15.0,35.0,0,112,53.61709976196289,1.125636481813022,,out_of_road
3884,replay,0,replay,,,0,0,0,0,1,0,10.0,5.0,15.0,35.0,0,49,24.58633041381836,0.24617844941664715,,arrive_dest
3885,fresh,4,fresh,,,0,0,0,8,0,1,10.0,20.0,5.0,20.0,3,245,189.2529296875,4.669134063258463,,out_of_road
3886,replay,4,replay,,,0,0,0,8,0,1,10.0,20.0,5.0,20.0,3,362,64.23925018310547,1.0727513758105467,,out_of_road
3887,fresh,6,fresh,,,0,0,0,18,0,0,15.0,20.0,5.0,35.0,0,107,67.5851821899414,2.8806502114389545,,arrive_dest
3888,mutation,3,mutation,brake_dist,,0,0,0,4,1,0,20.0,20.0,15.0,35.0,2,401,167.05392456054688,2.177634672435962,,out_of_road
3889,fresh,3,fresh,,,0,1,0,5,0,1,10.0,20.0,10.0,35.0,2,1000,10.372687339782715,0.02265406823158264,,max_step
3890,crossover,0,crossover,,has_brake_checker|intersection_cars|maximum_distractor_speed|distance_to_nearest,1,1,0,0,0,0,10.0,40.0,5.0,10.0,0,219,195.0436553955078,6.527301175137088,,out_of_road
3891,fresh,5,fresh,,,0,0,0,12,0,0,10.0,20.0,5.0,10.0,1,164,126.84259033203125,5.516956061851688,,out_of_road
3892,replay,5,replay,,,0,0,0,12,0,0,10.0,20.0,5.0,10.0,1,215,123.1434097290039,3.3417330059894295,,arrive_dest
3893,fresh,3,fresh,,,0,1,1,5,1,1,5.0,10.0,10.0,20.0,2,226,124.661376953125,3.759904377096522,,out_of_road
3894,crossover,2,crossover,,has_brake_checker|has_cluster|maximum_distractor_speed|distance_to_nearest|cluster_dist|brake_dist,4,1,0,3,0,0,5.0,20.0,5.0,20.0,1,300,98.00144958496094,1.0458063291261595,,out_of_road
3895,fresh,3,fresh,,,0,1,1,5,0,0,20.0,10.0,10.0,10.0,1,116,27.105976104736328,0.9110971663532585,,arrive_dest
3896,mutation,2,mutation,has_brake_checker,,0,1,1,3,0,0,20.0,10.0,15.0,20.0,1,267,166.0526123046875,4.785332814417082,,out_of_road
3897,fresh,0,fresh,,,0,1,0,0,0,0,15.0,5.0,15.0,10.0,0,167,136.37075805664062,3.8214708775460364,,out_of_road
3898,mutation,2,mutation,has_brake_checker,,1,0,0,3,1,0,10.0,20.0,15.0,35.0,2,1000,293.3146057128906,1.1280130252670497,,max_step
3899,fresh,2,fresh,,,0,0,0,3,0,1,20.0,5.0,5.0,55.0,3,240,222.45530700683594,6.588685622314612,,out_of_road
3900,replay,2,replay,,,0,0,0,3,0,1,20.0,5.0,5.0,55.0,3,246,60.91221618652344,0.8263673722986283,,out_of_road
3901,fresh,3,fresh,,,0,0,0,4,1,1,15.0,40.0,5.0,55.0,1,1000,33.90352249145508,0.10314819095283746,,max_step
3902,replay,3,replay,,,0,0,0,4,1,1,15.0,40.0,5.0,55.0,1,107,30.101940155029297,3.4822250838591673,,out_of_road
3903,fresh,4,fresh,,,0,0,0,8,1,1,5.0,5.0,5.0,20.0,0,156,1.029615879058838,0.178862396054543,,crash_vehicle
3904,crossover,0,crossover,,distractor_cars|has_cluster|maximum_distractor_speed|cluster_dist|brake_dist,5,0,0,0,0,0,10.0,20.0,5.0,20.0,0,150,109.2210693359375,4.814735813935598,,out_of_road
3905,fresh,0,fresh,,,0,1,1,0,0,0,15.0,5.0,5.0,55.0,0,87,32.95413589477539,0.35313029672907686,,out_of_road
3906,mutation,1,mutation,select_road|select_lane|ego_on_intersection|intersection_has_cars,,1,0,0,2,1,0,15.0,5.0,10.0,20.0,2,95,49.01618957519531,2.439549766088787,,out_of_road
3907,fresh,4,fresh,,,0,0,0,8,1,1,10.0,40.0,10.0,55.0,2,1000,41.26455307006836,0.07366060611605645,,max_step
3908,replay,4,replay,,,0,0,0,8,1,1,10.0,40.0,10.0,55.0,2,264,118.40316009521484,2.696785340367845,,out_of_road
