episode,op_actual,category_id,generation_source,params_mutated,params_crossed,n_params_differ,ego_speed,ego_on_intersection,intersection_has_cars,distractor_cars,has_brake_checker,has_cluster,maximum_distractor_speed,distance_to_nearest,cluster_dist,brake_dist,intersection_cars,num_steps,reward_sum,pvl,failure,termination_reason
0,fresh,0,fresh,,,0,0.0,0,0,0,0,0,10.0,5.0,5.0,20.0,0,999,57.31024169921875,0.8448858866216363,,max_step
1,fresh,0,fresh,,,0,0.0,0,0,0,0,0,10.0,5.0,5.0,20.0,0,1000,40.19831848144531,0.6409046701285989,,max_step
2,fresh,0,fresh,,,0,0.0,0,0,0,0,0,10.0,5.0,5.0,20.0,0,1000,51.39449691772461,0.7910592901334167,,max_step
3,fresh,0,fresh,,,0,0.0,0,0,0,0,0,10.0,5.0,5.0,20.0,0,232,-12.8818359375,0.0014789819332032368,,out_of_road
4,fresh,0,fresh,,,0,0.0,0,0,0,0,0,10.0,5.0,5.0,20.0,0,1000,15.651126861572266,0.2359918753965758,,max_step
5,fresh,0,fresh,,,0,0.0,0,0,0,0,0,10.0,5.0,5.0,20.0,0,1000,13.474119186401367,0.12719804182462394,,max_step
6,fresh,0,fresh,,,0,0.0,0,0,0,0,0,10.0,5.0,5.0,20.0,0,143,12.835785865783691,1.4053572834423789,,arrive_dest
7,fresh,0,fresh,,,0,0.0,0,0,0,0,0,10.0,5.0,5.0,20.0,0,396,-5.213104724884033,0.009636439752266412,,out_of_road
8,fresh,0,fresh,,,0,0.0,0,0,0,0,0,10.0,5.0,5.0,20.0,0,1000,19.317955017089844,0.25053477627923715,,max_step
9,fresh,0,fresh,,,0,0.0,0,0,0,0,0,10.0,5.0,5.0,20.0,0,380,-0.9064080715179443,0.050142258729197475,,out_of_road
10,fresh,0,fresh,,,0,0.0,0,0,0,0,0,10.0,5.0,5.0,20.0,0,517,-0.1011953353881836,0.1746877322245454,,out_of_road
11,fresh,0,fresh,,,0,0.0,0,0,0,0,0,10.0,5.0,5.0,20.0,0,635,6.0364508628845215,0.20497195032282226,,out_of_road
12,fresh,0,fresh,,,0,0.0,0,0,0,0,0,10.0,5.0,5.0,20.0,0,1000,12.981924057006836,0.08694806173862889,,max_step
13,fresh,0,fresh,,,0,0.0,0,0,0,0,0,10.0,5.0,5.0,20.0,0,298,-0.007180213928222656,0.1141094709277753,,out_of_road
14,fresh,0,fresh,,,0,0.0,0,0,0,0,0,10.0,5.0,5.0,20.0,0,352,5.794843673706055,0.29917281345379626,,out_of_road
15,fresh,0,fresh,,,0,0.0,0,0,0,0,0,10.0,5.0,5.0,20.0,0,639,8.249887466430664,0.13106304228160798,,out_of_road
16,fresh,0,fresh,,,0,0.0,0,0,0,0,0,10.0,5.0,5.0,20.0,0,600,7.715897560119629,0.16065225658006965,,out_of_road
17,fresh,0,fresh,,,0,0.0,0,0,0,0,0,10.0,5.0,5.0,20.0,0,1000,17.677268981933594,0.14399850942194461,,max_step
18,fresh,0,fresh,,,0,0.0,0,0,0,0,0,10.0,5.0,5.0,20.0,0,631,16.894256591796875,0.31283072863518013,,out_of_road
19,fresh,0,fresh,,,0,0.0,0,0,0,0,0,10.0,5.0,5.0,20.0,0,439,10.716899871826172,0.2979299597174846,,out_of_road
20,fresh,0,fresh,,,0,0.0,0,0,0,0,0,10.0,5.0,5.0,20.0,0,284,3.3012537956237793,0.15072131541255915,,out_of_road
21,fresh,0,fresh,,,0,0.0,0,0,0,0,0,10.0,5.0,5.0,20.0,0,242,0.5591311454772949,0.09119154497825209,,out_of_road
22,fresh,0,fresh,,,0,0.0,0,0,0,0,0,10.0,5.0,5.0,20.0,0,328,8.104462623596191,0.2842893854078905,,out_of_road
23,fresh,0,fresh,,,0,0.0,0,0,0,0,0,10.0,5.0,5.0,20.0,0,619,10.262251853942871,0.20607303643842892,,out_of_road
24,fresh,0,fresh,,,0,0.0,0,0,0,0,0,10.0,5.0,5.0,20.0,0,126,-1.0946755409240723,0.041141580198965376,,out_of_road
25,fresh,0,fresh,,,0,0.0,0,0,0,0,0,10.0,5.0,5.0,20.0,0,1000,36.61399841308594,0.37265031786728653,,max_step
26,fresh,0,fresh,,,0,0.0,0,0,0,0,0,10.0,5.0,5.0,20.0,0,110,-1.34271240234375,0.004435531896623698,,out_of_road
27,fresh,0,fresh,,,0,0.0,0,0,0,0,0,10.0,5.0,5.0,20.0,0,1000,11.678825378417969,0.13788506814930587,,max_step
28,fresh,0,fresh,,,0,0.0,0,0,0,0,0,10.0,5.0,5.0,20.0,0,203,2.7097387313842773,0.0729483185758071,,out_of_road
29,fresh,0,fresh,,,0,0.0,0,0,0,0,0,10.0,5.0,5.0,20.0,0,968,23.073890686035156,0.2101778426173447,,out_of_road
30,fresh,0,fresh,,,0,0.0,0,0,0,0,0,10.0,5.0,5.0,20.0,0,82,-1.187074899673462,0.02681385155585481,,out_of_road
31,fresh,0,fresh,,,0,0.0,0,0,0,0,0,10.0,5.0,5.0,20.0,0,1000,22.99416732788086,0.14904476598463953,,max_step
32,fresh,0,fresh,,,0,0.0,0,0,0,0,0,10.0,5.0,5.0,20.0,0,62,-0.8287903070449829,0.010238887802247078,,out_of_road
33,fresh,0,fresh,,,0,0.0,0,0,0,0,0,10.0,5.0,5.0,20.0,0,171,0.7676039934158325,0.05029990411314525,,out_of_road
34,fresh,0,fresh,,,0,0.0,0,0,0,0,0,10.0,5.0,5.0,20.0,0,648,14.134971618652344,0.19200513493355917,,out_of_road
35,fresh,0,fresh,,,0,0.0,0,0,0,0,0,10.0,5.0,5.0,20.0,0,620,19.291292190551758,0.2804859238226087,,out_of_road
36,fresh,0,fresh,,,0,0.0,0,0,0,0,0,10.0,5.0,5.0,20.0,0,414,12.355113983154297,0.23805158579911012,,out_of_road
37,fresh,0,fresh,,,0,0.0,0,0,0,0,0,10.0,5.0,5.0,20.0,0,534,24.81522560119629,0.4774877130427164,,out_of_road
38,fresh,0,fresh,,,0,0.0,0,0,0,0,0,10.0,5.0,5.0,20.0,0,373,11.386129379272461,0.2836241083763959,,out_of_road
39,fresh,0,fresh,,,0,0.0,0,0,0,0,0,10.0,5.0,5.0,20.0,0,1000,22.366613388061523,0.1860193527447991,,max_step
40,fresh,0,fresh,,,0,0.0,0,0,0,0,0,10.0,5.0,5.0,20.0,0,810,29.527606964111328,0.28900466469105013,,out_of_road
41,fresh,0,fresh,,,0,0.0,0,0,0,0,0,10.0,5.0,5.0,20.0,0,1000,34.93746566772461,0.24456929002143443,,max_step
42,fresh,0,fresh,,,0,0.0,0,0,0,0,0,10.0,5.0,5.0,20.0,0,323,10.904315948486328,0.17037426837108707,,out_of_road
43,fresh,0,fresh,,,0,0.0,0,0,0,0,0,10.0,5.0,5.0,20.0,0,56,0.042476534843444824,0.021905950137547085,,out_of_road
44,fresh,0,fresh,,,0,0.0,0,0,0,0,0,10.0,5.0,5.0,20.0,0,81,-2.062074661254883,0.011158868118568702,,out_of_road
45,fresh,0,fresh,,,0,0.0,0,0,0,0,0,10.0,5.0,5.0,20.0,0,80,0.053853392601013184,0.023665122827515005,,out_of_road
46,fresh,0,fresh,,,0,0.0,0,0,0,0,0,10.0,5.0,5.0,20.0,0,953,39.54787826538086,0.25319002311215477,,out_of_road
47,fresh,0,fresh,,,0,0.0,0,0,0,0,0,10.0,5.0,5.0,20.0,0,281,7.125097274780273,0.1314379956732335,,out_of_road
48,fresh,0,fresh,,,0,0.0,0,0,0,0,0,10.0,5.0,5.0,20.0,0,24,-0.842395007610321,0.0,,out_of_road
49,fresh,0,fresh,,,0,0.0,0,0,0,0,0,10.0,5.0,5.0,20.0,0,987,0.837260365486145,0.03564881626681709,,out_of_road
50,fresh,0,fresh,,,0,0.0,0,0,0,0,0,10.0,5.0,5.0,20.0,0,1000,38.65568161010742,0.2599684140859172,,max_step
51,fresh,0,fresh,,,0,0.0,0,0,0,0,0,10.0,5.0,5.0,20.0,0,1000,37.2242317199707,0.15745565211912618,,max_step
52,fresh,0,fresh,,,0,0.0,0,0,0,0,0,10.0,5.0,5.0,20.0,0,93,1.4928886890411377,0.06630793554327821,,out_of_road
53,fresh,0,fresh,,,0,0.0,0,0,0,0,0,10.0,5.0,5.0,20.0,0,1000,30.615209579467773,0.12812207268318163,,max_step
54,fresh,0,fresh,,,0,0.0,0,0,0,0,0,10.0,5.0,5.0,20.0,0,283,8.392640113830566,0.16443127555634446,,out_of_road
55,fresh,0,fresh,,,0,0.0,0,0,0,0,0,10.0,5.0,5.0,20.0,0,639,17.958738327026367,0.10696873491038225,,arrive_dest
56,fresh,0,fresh,,,0,0.0,0,0,0,0,0,10.0,5.0,5.0,20.0,0,403,8.954286575317383,0.043286703455333524,,out_of_road
57,fresh,0,fresh,,,0,0.0,0,0,0,0,0,10.0,5.0,5.0,20.0,0,978,33.02208709716797,0.08760324771066552,,arrive_dest
58,fresh,0,fresh,,,0,0.0,0,0,0,0,0,10.0,5.0,5.0,20.0,0,1000,31.9039249420166,0.13620585522288456,,max_step
59,fresh,0,fresh,,,0,0.0,0,0,0,0,0,10.0,5.0,5.0,20.0,0,1000,32.92506408691406,0.12456938170082867,,max_step
60,fresh,0,fresh,,,0,0.0,0,0,0,0,0,10.0,5.0,5.0,20.0,0,1000,32.79436492919922,0.10746789755253121,,max_step
61,fresh,0,fresh,,,0,0.0,0,0,0,0,0,10.0,5.0,5.0,20.0,0,1000,30.1983585357666,0.10981954736635088,,max_step
62,fresh,0,fresh,,,0,0.0,0,0,0,0,0,10.0,5.0,5.0,20.0,0,1000,30.442153930664062,0.09428395275911317,,max_step
63,fresh,0,fresh,,,0,0.0,0,0,0,0,0,10.0,5.0,5.0,20.0,0,50,0.2009904980659485,0.022373072057962417,,out_of_road
64,fresh,0,fresh,,,0,0.0,0,0,0,0,0,10.0,5.0,5.0,20.0,0,798,20.972339630126953,0.06658750712605459,,out_of_road
65,fresh,0,fresh,,,0,0.0,0,0,0,0,0,10.0,5.0,5.0,20.0,0,197,4.8424248695373535,0.028755147738126933,,out_of_road
66,fresh,0,fresh,,,0,0.0,0,0,0,0,0,10.0,5.0,5.0,20.0,0,658,23.503440856933594,0.12750927605284065,,arrive_dest
67,fresh,0,fresh,,,0,0.0,0,0,0,0,0,10.0,5.0,5.0,20.0,0,827,26.046661376953125,0.08640271091795422,,out_of_road
68,fresh,0,fresh,,,0,0.0,0,0,0,0,0,10.0,5.0,5.0,20.0,0,1000,30.543190002441406,0.10773820404615253,,max_step
69,fresh,0,fresh,,,0,0.0,0,0,0,0,0,10.0,5.0,5.0,20.0,0,95,1.0405027866363525,0.009184680134057998,,out_of_road
70,fresh,0,fresh,,,0,0.0,0,0,0,0,0,10.0,5.0,5.0,20.0,0,175,4.039858818054199,0.013954891988209315,,arrive_dest
71,fresh,0,fresh,,,0,0.0,0,0,0,0,0,10.0,5.0,5.0,20.0,0,1000,22.966957092285156,0.07154366772761568,,max_step
72,fresh,0,fresh,,,0,0.0,0,0,0,0,0,10.0,5.0,5.0,20.0,0,159,-0.3178507685661316,0.0007201537677327042,,out_of_road
73,fresh,0,fresh,,,0,0.0,0,0,0,0,0,10.0,5.0,5.0,20.0,0,889,27.586528778076172,0.11032667547109232,,out_of_road
74,fresh,0,fresh,,,0,0.0,0,0,0,0,0,10.0,5.0,5.0,20.0,0,372,10.141852378845215,0.03594467203227943,,out_of_road
75,fresh,0,fresh,,,0,0.0,0,0,0,0,0,10.0,5.0,5.0,20.0,0,523,16.182472229003906,0.06811334708274608,,out_of_road
76,fresh,0,fresh,,,0,0.0,0,0,0,0,0,10.0,5.0,5.0,20.0,0,57,-0.3614923357963562,0.0,,out_of_road
77,fresh,0,fresh,,,0,0.0,0,0,0,0,0,10.0,5.0,5.0,20.0,0,892,18.835681915283203,0.06971305281533588,,arrive_dest
78,fresh,0,fresh,,,0,0.0,0,0,0,0,0,10.0,5.0,5.0,20.0,0,578,13.176721572875977,0.09232255497747537,,out_of_road
79,fresh,0,fresh,,,0,0.0,0,0,0,0,0,10.0,5.0,5.0,20.0,0,296,7.586910724639893,0.07864927771387974,,out_of_road
80,fresh,0,fresh,,,0,0.0,0,0,0,0,0,10.0,5.0,5.0,20.0,0,529,14.549285888671875,0.04491788503011453,,out_of_road
81,fresh,0,fresh,,,0,0.0,0,0,0,0,0,10.0,5.0,5.0,20.0,0,574,14.147683143615723,0.050859931584622854,,out_of_road
82,fresh,0,fresh,,,0,0.0,0,0,0,0,0,10.0,5.0,5.0,20.0,0,1000,22.502744674682617,0.043138935801922344,,max_step
83,fresh,0,fresh,,,0,0.0,0,0,0,0,0,10.0,5.0,5.0,20.0,0,394,8.209917068481445,0.08748856222323204,,out_of_road
84,fresh,0,fresh,,,0,0.0,0,0,0,0,0,10.0,5.0,5.0,20.0,0,522,19.85726547241211,0.16223603845627485,,arrive_dest
85,fresh,0,fresh,,,0,0.0,0,0,0,0,0,10.0,5.0,5.0,20.0,0,269,6.738429546356201,0.0447105628794897,,out_of_road
86,fresh,0,fresh,,,0,0.0,0,0,0,0,0,10.0,5.0,5.0,20.0,0,457,10.64069938659668,0.08251939287217623,,out_of_road
87,fresh,0,fresh,,,0,0.0,0,0,0,0,0,10.0,5.0,5.0,20.0,0,370,12.066939353942871,0.07534793118719717,,out_of_road
88,fresh,0,fresh,,,0,0.0,0,0,0,0,0,10.0,5.0,5.0,20.0,0,154,0.8410882949829102,0.022286510469948315,,out_of_road
89,fresh,0,fresh,,,0,0.0,0,0,0,0,0,10.0,5.0,5.0,20.0,0,619,18.794382095336914,0.08839267789369663,,out_of_road
90,fresh,0,fresh,,,0,0.0,0,0,0,0,0,10.0,5.0,5.0,20.0,0,904,24.49823570251465,0.09171314479111471,,arrive_dest
91,fresh,0,fresh,,,0,0.0,0,0,0,0,0,10.0,5.0,5.0,20.0,0,365,7.03448486328125,0.10108791846807484,,out_of_road
92,fresh,0,fresh,,,0,0.0,0,0,0,0,0,10.0,5.0,5.0,20.0,0,1000,26.781810760498047,0.08282724616187624,,max_step
93,fresh,0,fresh,,,0,0.0,0,0,0,0,0,10.0,5.0,5.0,20.0,0,1000,29.67536163330078,0.10684766782307997,,max_step
94,fresh,0,fresh,,,0,0.0,0,0,0,0,0,10.0,5.0,5.0,20.0,0,449,13.041387557983398,0.048518043999790414,,arrive_dest
95,fresh,0,fresh,,,0,0.0,0,0,0,0,0,10.0,5.0,5.0,20.0,0,1000,31.23076629638672,0.10831100188952406,,max_step
96,fresh,0,fresh,,,0,0.0,0,0,0,0,0,10.0,5.0,5.0,20.0,0,587,14.88811206817627,0.08664769472100564,,out_of_road
97,fresh,0,fresh,,,0,0.0,0,0,0,0,0,10.0,5.0,5.0,20.0,0,896,26.365930557250977,0.07578827532233845,,out_of_road
98,fresh,0,fresh,,,0,0.0,0,0,0,0,0,10.0,5.0,5.0,20.0,0,140,2.444997787475586,0.009870682690026505,,out_of_road
99,fresh,0,fresh,,,0,0.0,0,0,0,0,0,10.0,5.0,5.0,20.0,0,84,0.736183226108551,0.028256125415542295,,out_of_road
100,fresh,0,fresh,,,0,0.0,0,0,0,0,0,10.0,5.0,5.0,20.0,0,2,0.4860846996307373,0.012602418661117554,,arrive_dest
101,fresh,0,fresh,,,0,0.0,0,0,0,0,0,10.0,5.0,5.0,20.0,0,126,0.7384671568870544,0.004248373343476227,,out_of_road
102,fresh,0,fresh,,,0,0.0,0,0,0,0,0,10.0,5.0,5.0,20.0,0,1000,26.316896438598633,0.06574358244333416,,max_step
103,fresh,0,fresh,,,0,0.0,0,0,0,0,0,10.0,5.0,5.0,20.0,0,997,32.08433151245117,0.10776386974302822,,out_of_road
104,fresh,0,fresh,,,0,0.0,0,0,0,0,0,10.0,5.0,5.0,20.0,0,376,9.054102897644043,0.050722185234994964,,arrive_dest
105,fresh,0,fresh,,,0,0.0,0,0,0,0,0,10.0,5.0,5.0,20.0,0,2,0.4646112322807312,0.0,,arrive_dest
106,fresh,0,fresh,,,0,0.0,0,0,0,0,0,10.0,5.0,5.0,20.0,0,350,13.585539817810059,0.14507856193530771,,arrive_dest
107,fresh,0,fresh,,,0,0.0,0,0,0,0,0,10.0,5.0,5.0,20.0,0,531,15.19981861114502,0.07377098538218287,,out_of_road
108,fresh,0,fresh,,,0,0.0,0,0,0,0,0,10.0,5.0,5.0,20.0,0,1000,27.49878692626953,0.07399512684880756,,max_step
109,fresh,0,fresh,,,0,0.0,0,0,0,0,0,10.0,5.0,5.0,20.0,0,384,8.308914184570312,0.06229040438362669,,out_of_road
110,fresh,0,fresh,,,0,0.0,0,0,0,0,0,10.0,5.0,5.0,20.0,0,319,8.519746780395508,0.049000781356447545,,out_of_road
111,fresh,0,fresh,,,0,0.0,0,0,0,0,0,10.0,5.0,5.0,20.0,0,924,25.27902603149414,0.07446883668875104,,arrive_dest
112,fresh,0,fresh,,,0,0.0,0,0,0,0,0,10.0,5.0,5.0,20.0,0,74,0.1673915684223175,0.01568894591685888,,out_of_road
113,fresh,0,fresh,,,0,0.0,0,0,0,0,0,10.0,5.0,5.0,20.0,0,601,16.607072830200195,0.08206501876595995,,out_of_road
114,fresh,0,fresh,,,0,0.0,0,0,0,0,0,10.0,5.0,5.0,20.0,0,710,19.486238479614258,0.061097555469826495,,arrive_dest
115,fresh,0,fresh,,,0,0.0,0,0,0,0,0,10.0,5.0,5.0,20.0,0,437,15.572365760803223,0.12332215535644127,,out_of_road
116,fresh,0,fresh,,,0,0.0,0,0,0,0,0,10.0,5.0,5.0,20.0,0,523,14.458024978637695,0.05046792600097323,,arrive_dest
117,fresh,0,fresh,,,0,0.0,0,0,0,0,0,10.0,5.0,5.0,20.0,0,814,28.424745559692383,0.14054583269857895,,out_of_road
118,fresh,0,fresh,,,0,0.0,0,0,0,0,0,10.0,5.0,5.0,20.0,0,341,7.381422996520996,0.021013799729781592,,out_of_road
119,fresh,0,fresh,,,0,0.0,0,0,0,0,0,10.0,5.0,5.0,20.0,0,425,11.208467483520508,0.06711332784198663,,out_of_road
120,fresh,0,fresh,,,0,0.0,0,0,0,0,0,10.0,5.0,5.0,20.0,0,317,8.658415794372559,0.05020394903381446,,out_of_road
121,fresh,0,fresh,,,0,0.0,0,0,0,0,0,10.0,5.0,5.0,20.0,0,306,8.967273712158203,0.057887605409704,,out_of_road
122,fresh,0,fresh,,,0,0.0,0,0,0,0,0,10.0,5.0,5.0,20.0,0,291,7.046665191650391,0.045113974306860434,,arrive_dest
123,fresh,0,fresh,,,0,0.0,0,0,0,0,0,10.0,5.0,5.0,20.0,0,80,0.7052873373031616,0.011244703968986868,,out_of_road
124,fresh,0,fresh,,,0,0.0,0,0,0,0,0,10.0,5.0,5.0,20.0,0,513,16.120309829711914,0.14559921515346677,,out_of_road
125,fresh,0,fresh,,,0,0.0,0,0,0,0,0,10.0,5.0,5.0,20.0,0,108,0.6867806911468506,0.026477409181771456,,out_of_road
126,fresh,0,fresh,,,0,0.0,0,0,0,0,0,10.0,5.0,5.0,20.0,0,708,20.488248825073242,0.07632556935380302,,out_of_road
127,fresh,0,fresh,,,0,0.0,0,0,0,0,0,10.0,5.0,5.0,20.0,0,389,11.089056015014648,0.09259439328718921,,out_of_road
128,fresh,0,fresh,,,0,0.0,0,0,0,0,0,10.0,5.0,5.0,20.0,0,206,4.842816352844238,0.019712266977876425,,out_of_road
129,fresh,0,fresh,,,0,0.0,0,0,0,0,0,10.0,5.0,5.0,20.0,0,415,11.877917289733887,0.10985756170857383,,out_of_road
130,fresh,0,fresh,,,0,0.0,0,0,0,0,0,10.0,5.0,5.0,20.0,0,238,7.157426834106445,0.04749460814974638,,out_of_road
131,fresh,0,fresh,,,0,0.0,0,0,0,0,0,10.0,5.0,5.0,20.0,0,320,11.724678993225098,0.15588161453488283,,out_of_road
132,fresh,0,fresh,,,0,0.0,0,0,0,0,0,10.0,5.0,5.0,20.0,0,394,9.551218032836914,0.03600550997118243,,out_of_road
133,fresh,0,fresh,,,0,0.0,0,0,0,0,0,10.0,5.0,5.0,20.0,0,324,7.625534534454346,0.0656877778374222,,out_of_road
134,fresh,0,fresh,,,0,0.0,0,0,0,0,0,10.0,5.0,5.0,20.0,0,371,11.923587799072266,0.1022649814507791,,out_of_road
135,fresh,0,fresh,,,0,0.0,0,0,0,0,0,10.0,5.0,5.0,20.0,0,338,8.773550033569336,0.07724270354212433,,out_of_road
136,fresh,0,fresh,,,0,0.0,0,0,0,0,0,10.0,5.0,5.0,20.0,0,851,20.157127380371094,0.06684996939639612,,arrive_dest
137,fresh,0,fresh,,,0,0.0,0,0,0,0,0,10.0,5.0,5.0,20.0,0,491,12.240986824035645,0.059290414134537436,,out_of_road
138,fresh,0,fresh,,,0,0.0,0,0,0,0,0,10.0,5.0,5.0,20.0,0,219,6.045051574707031,0.0375523586549103,,arrive_dest
139,fresh,0,fresh,,,0,0.0,0,0,0,0,0,10.0,5.0,5.0,20.0,0,465,13.842391967773438,0.0856887137196878,,out_of_road
140,fresh,0,fresh,,,0,0.0,0,0,0,0,0,10.0,5.0,5.0,20.0,0,68,0.7082008123397827,0.02351122393327601,,out_of_road
141,fresh,0,fresh,,,0,0.0,0,0,0,0,0,10.0,5.0,5.0,20.0,0,373,11.443609237670898,0.06420484123047411,,out_of_road
142,fresh,0,fresh,,,0,0.0,0,0,0,0,0,10.0,5.0,5.0,20.0,0,334,8.487299919128418,0.06778168942483734,,arrive_dest
143,fresh,0,fresh,,,0,0.0,0,0,0,0,0,10.0,5.0,5.0,20.0,0,494,12.916940689086914,0.043141085571074024,,out_of_road
144,fresh,0,fresh,,,0,0.0,0,0,0,0,0,10.0,5.0,5.0,20.0,0,346,8.907550811767578,0.03870841528247299,,out_of_road
145,fresh,0,fresh,,,0,0.0,0,0,0,0,0,10.0,5.0,5.0,20.0,0,415,12.519381523132324,0.09924395485635264,,out_of_road
146,fresh,0,fresh,,,0,0.0,0,0,0,0,0,10.0,5.0,5.0,20.0,0,295,8.159117698669434,0.022608872392151695,,out_of_road
147,fresh,0,fresh,,,0,0.0,0,0,0,0,0,10.0,5.0,5.0,20.0,0,71,0.6366103291511536,0.008206963329248026,,out_of_road
148,fresh,0,fresh,,,0,0.0,0,0,0,0,0,10.0,5.0,5.0,20.0,0,173,2.79197096824646,0.027266673210771444,,out_of_road
149,fresh,0,fresh,,,0,0.0,0,0,0,0,0,10.0,5.0,5.0,20.0,0,489,13.956254959106445,0.07467891298475388,,out_of_road
150,fresh,0,fresh,,,0,0.0,0,0,0,0,0,10.0,5.0,5.0,20.0,0,454,12.98801040649414,0.10751816269475967,,out_of_road
151,fresh,0,fresh,,,0,0.0,0,0,0,0,0,10.0,5.0,5.0,20.0,0,486,13.907479286193848,0.06678154515993585,,out_of_road
152,fresh,0,fresh,,,0,0.0,0,0,0,0,0,10.0,5.0,5.0,20.0,0,312,8.192788124084473,0.022186149327376954,,out_of_road
153,fresh,0,fresh,,,0,0.0,0,0,0,0,0,10.0,5.0,5.0,20.0,0,320,8.031798362731934,0.042309407029097204,,out_of_road
154,fresh,0,fresh,,,0,0.0,0,0,0,0,0,10.0,5.0,5.0,20.0,0,137,2.0562243461608887,0.011442609777143837,,out_of_road
155,fresh,0,fresh,,,0,0.0,0,0,0,0,0,10.0,5.0,5.0,20.0,0,78,0.6220374703407288,0.04341082714307003,,out_of_road
156,fresh,0,fresh,,,0,0.0,0,0,0,0,0,10.0,5.0,5.0,20.0,0,273,8.376605987548828,0.06975298450625204,,out_of_road
157,fresh,0,fresh,,,0,0.0,0,0,0,0,0,10.0,5.0,5.0,20.0,0,285,8.6127347946167,0.05978778123349082,,out_of_road
158,fresh,0,fresh,,,0,0.0,0,0,0,0,0,10.0,5.0,5.0,20.0,0,639,15.63328742980957,0.07471929910754514,,arrive_dest
159,fresh,0,fresh,,,0,0.0,0,0,0,0,0,10.0,5.0,5.0,20.0,0,117,1.7174384593963623,0.03259124180190583,,out_of_road
160,fresh,0,fresh,,,0,0.0,0,0,0,0,0,10.0,5.0,5.0,20.0,0,138,2.491039752960205,0.01623319613787791,,arrive_dest
161,fresh,0,fresh,,,0,0.0,0,0,0,0,0,10.0,5.0,5.0,20.0,0,337,10.080819129943848,0.12950419173617392,,arrive_dest
162,fresh,0,fresh,,,0,0.0,0,0,0,0,0,10.0,5.0,5.0,20.0,0,383,10.947900772094727,0.08168508382951817,,out_of_road
163,fresh,0,fresh,,,0,0.0,0,0,0,0,0,10.0,5.0,5.0,20.0,0,1000,2.909040927886963,0.0011482504718005658,,max_step
164,fresh,0,fresh,,,0,0.0,0,0,0,0,0,10.0,5.0,5.0,20.0,0,215,4.515841960906982,0.08197144561468862,,out_of_road
165,fresh,0,fresh,,,0,0.0,0,0,0,0,0,10.0,5.0,5.0,20.0,0,172,3.2244949340820312,0.01436507114382504,,out_of_road
166,fresh,0,fresh,,,0,0.0,0,0,0,0,0,10.0,5.0,5.0,20.0,0,2,0.3853394687175751,0.043412864208221436,,arrive_dest
167,fresh,0,fresh,,,0,0.0,0,0,0,0,0,10.0,5.0,5.0,20.0,0,137,2.609424591064453,0.001951305970658351,,out_of_road
168,fresh,0,fresh,,,0,0.0,0,0,0,0,0,10.0,5.0,5.0,20.0,0,163,2.5482921600341797,0.00800355319847907,,out_of_road
169,fresh,0,fresh,,,0,0.0,0,0,0,0,0,10.0,5.0,5.0,20.0,0,343,8.773993492126465,0.036418983305508475,,out_of_road
170,fresh,0,fresh,,,0,0.0,0,0,0,0,0,10.0,5.0,5.0,20.0,0,378,10.57001781463623,0.06557962291740946,,arrive_dest
171,fresh,0,fresh,,,0,0.0,0,0,0,0,0,10.0,5.0,5.0,20.0,0,250,5.360974311828613,0.09362086146883666,,arrive_dest
172,fresh,0,fresh,,,0,0.0,0,0,0,0,0,10.0,5.0,5.0,20.0,0,134,2.220045804977417,0.017204184456964703,,out_of_road
173,fresh,0,fresh,,,0,0.0,0,0,0,0,0,10.0,5.0,5.0,20.0,0,384,11.073648452758789,0.076759482902465,,arrive_dest
174,fresh,0,fresh,,,0,0.0,0,0,0,0,0,10.0,5.0,5.0,20.0,0,419,10.566875457763672,0.08825235887094976,,out_of_road
175,fresh,0,fresh,,,0,0.0,0,0,0,0,0,10.0,5.0,5.0,20.0,0,410,11.827923774719238,0.13189735207649902,,out_of_road
176,fresh,0,fresh,,,0,0.0,0,0,0,0,0,10.0,5.0,5.0,20.0,0,224,4.871744155883789,0.03583239119948952,,out_of_road
177,fresh,0,fresh,,,0,0.0,0,0,0,0,0,10.0,5.0,5.0,20.0,0,523,14.009745597839355,0.0919822124135725,,out_of_road
178,fresh,0,fresh,,,0,0.0,0,0,0,0,0,10.0,5.0,5.0,20.0,0,262,8.15892219543457,0.08024516809049226,,out_of_road
179,fresh,0,fresh,,,0,0.0,0,0,0,0,0,10.0,5.0,5.0,20.0,0,320,8.778797149658203,0.027540158593910746,,out_of_road
180,fresh,0,fresh,,,0,0.0,0,0,0,0,0,10.0,5.0,5.0,20.0,0,429,11.900409698486328,0.07629343914139435,,out_of_road
181,fresh,0,fresh,,,0,0.0,0,0,0,0,0,10.0,5.0,5.0,20.0,0,297,8.13825798034668,0.07027722871627169,,out_of_road
182,fresh,0,fresh,,,0,0.0,0,0,0,0,0,10.0,5.0,5.0,20.0,0,199,4.173576354980469,0.03943069094333367,,out_of_road
183,fresh,0,fresh,,,0,0.0,0,0,0,0,0,10.0,5.0,5.0,20.0,0,269,8.435243606567383,0.08520039532084336,,out_of_road
184,fresh,0,fresh,,,0,0.0,0,0,0,0,0,10.0,5.0,5.0,20.0,0,376,10.472105026245117,0.08630957381931094,,arrive_dest
185,fresh,0,fresh,,,0,0.0,0,0,0,0,0,10.0,5.0,5.0,20.0,0,25,-0.2148827761411667,0.0,,out_of_road
186,fresh,0,fresh,,,0,0.0,0,0,0,0,0,10.0,5.0,5.0,20.0,0,384,10.318696975708008,0.07651893202516173,,out_of_road
187,fresh,0,fresh,,,0,0.0,0,0,0,0,0,10.0,5.0,5.0,20.0,0,266,7.91920280456543,0.1313216060004372,,out_of_road
188,fresh,0,fresh,,,0,0.0,0,0,0,0,0,10.0,5.0,5.0,20.0,0,335,6.8836350440979,0.0543682816897088,,out_of_road
189,fresh,0,fresh,,,0,0.0,0,0,0,0,0,10.0,5.0,5.0,20.0,0,318,6.186681747436523,0.0486814470173873,,out_of_road
190,fresh,0,fresh,,,0,0.0,0,0,0,0,0,10.0,5.0,5.0,20.0,0,244,8.393951416015625,0.08416465672160514,,out_of_road
191,fresh,0,fresh,,,0,0.0,0,0,0,0,0,10.0,5.0,5.0,20.0,0,388,11.192931175231934,0.08011025944052591,,out_of_road
192,fresh,0,fresh,,,0,0.0,0,0,0,0,0,10.0,5.0,5.0,20.0,0,187,4.177900791168213,0.024379624352655945,,out_of_road
193,fresh,0,fresh,,,0,0.0,0,0,0,0,0,10.0,5.0,5.0,20.0,0,272,6.624902248382568,0.021321698596961248,,out_of_road
194,fresh,0,fresh,,,0,0.0,0,0,0,0,0,10.0,5.0,5.0,20.0,0,325,8.573835372924805,0.027116082416704067,,out_of_road
195,fresh,0,fresh,,,0,0.0,0,0,0,0,0,10.0,5.0,5.0,20.0,0,235,4.477433681488037,0.04321607788033942,,out_of_road
196,fresh,0,fresh,,,0,0.0,0,0,0,0,0,10.0,5.0,5.0,20.0,0,325,7.9818339347839355,0.05399676608566481,,arrive_dest
197,fresh,0,fresh,,,0,0.0,0,0,0,0,0,10.0,5.0,5.0,20.0,0,25,-0.16817688941955566,0.0,,out_of_road
198,fresh,0,fresh,,,0,0.0,0,0,0,0,0,10.0,5.0,5.0,20.0,0,489,13.682863235473633,0.10283912740055479,,arrive_dest
199,fresh,0,fresh,,,0,0.0,0,0,0,0,0,10.0,5.0,5.0,20.0,0,475,12.128763198852539,0.06261215120946106,,arrive_dest
200,fresh,0,fresh,,,0,0.0,0,0,0,0,0,10.0,5.0,5.0,20.0,0,290,8.249062538146973,0.04193595719587957,,out_of_road
201,fresh,0,fresh,,,0,0.0,0,0,0,0,0,10.0,5.0,5.0,20.0,0,38,-0.07138187438249588,0.0,,out_of_road
202,fresh,0,fresh,,,0,0.0,0,0,0,0,0,10.0,5.0,5.0,20.0,0,411,11.258942604064941,0.05686907063084235,,arrive_dest
203,fresh,0,fresh,,,0,0.0,0,0,0,0,0,10.0,5.0,5.0,20.0,0,167,4.052576065063477,0.026884757718461716,,out_of_road
204,fresh,0,fresh,,,0,0.0,0,0,0,0,0,10.0,5.0,5.0,20.0,0,238,6.117198467254639,0.06111813988145284,,arrive_dest
205,fresh,0,fresh,,,0,0.0,0,0,0,0,0,10.0,5.0,5.0,20.0,0,304,8.812785148620605,0.0522573403585212,,out_of_road
206,fresh,0,fresh,,,0,0.0,0,0,0,0,0,10.0,5.0,5.0,20.0,0,1000,26.9875431060791,0.11289934748690575,,max_step
207,fresh,0,fresh,,,0,0.0,0,0,0,0,0,10.0,5.0,5.0,20.0,0,147,2.570517063140869,0.006823704514627149,,out_of_road
208,fresh,0,fresh,,,0,0.0,0,0,0,0,0,10.0,5.0,5.0,20.0,0,171,4.2614665031433105,0.009044685346559125,,arrive_dest
209,fresh,0,fresh,,,0,0.0,0,0,0,0,0,10.0,5.0,5.0,20.0,0,302,6.014282703399658,0.04921418183717556,,arrive_dest
210,fresh,0,fresh,,,0,0.0,0,0,0,0,0,10.0,5.0,5.0,20.0,0,432,11.044888496398926,0.09497675591976279,,out_of_road
211,fresh,0,fresh,,,0,0.0,0,0,0,0,0,10.0,5.0,5.0,20.0,0,297,5.200088977813721,0.034933564366039005,,out_of_road
212,fresh,0,fresh,,,0,0.0,0,0,0,0,0,10.0,5.0,5.0,20.0,0,309,8.406428337097168,0.029883476085719746,,out_of_road
213,fresh,0,fresh,,,0,0.0,0,0,0,0,0,10.0,5.0,5.0,20.0,0,274,6.1538896560668945,0.04236175430799243,,out_of_road
214,fresh,0,fresh,,,0,0.0,0,0,0,0,0,10.0,5.0,5.0,20.0,0,700,11.351295471191406,0.03199199171470744,,out_of_road
215,fresh,0,fresh,,,0,0.0,0,0,0,0,0,10.0,5.0,5.0,20.0,0,303,7.844597339630127,0.025999987846787514,,out_of_road
216,fresh,0,fresh,,,0,0.0,0,0,0,0,0,10.0,5.0,5.0,20.0,0,553,13.856006622314453,0.07732722088867196,,arrive_dest
217,fresh,0,fresh,,,0,0.0,0,0,0,0,0,10.0,5.0,5.0,20.0,0,538,15.639167785644531,0.12770854629105352,,arrive_dest
218,fresh,0,fresh,,,0,0.0,0,0,0,0,0,10.0,5.0,5.0,20.0,0,148,1.6051267385482788,0.02194479392916971,,out_of_road
219,fresh,0,fresh,,,0,0.0,0,0,0,0,0,10.0,5.0,5.0,20.0,0,270,3.868630886077881,0.02851927807658083,,out_of_road
220,fresh,0,fresh,,,0,0.0,0,0,0,0,0,10.0,5.0,5.0,20.0,0,386,11.153181076049805,0.11006535975252872,,out_of_road
221,fresh,0,fresh,,,0,0.0,0,0,0,0,0,10.0,5.0,5.0,20.0,0,453,10.296085357666016,0.05650459072978192,,out_of_road
222,fresh,0,fresh,,,0,0.0,0,0,0,0,0,10.0,5.0,5.0,20.0,0,936,27.433549880981445,0.17643976892129734,,arrive_dest
223,fresh,0,fresh,,,0,0.0,0,0,0,0,0,10.0,5.0,5.0,20.0,0,263,8.131705284118652,0.058488739606616276,,out_of_road
224,fresh,0,fresh,,,0,0.0,0,0,0,0,0,10.0,5.0,5.0,20.0,0,568,13.693181037902832,0.08066620533420167,,out_of_road
225,fresh,0,fresh,,,0,0.0,0,0,0,0,0,10.0,5.0,5.0,20.0,0,534,12.741292953491211,0.07535933962720534,,out_of_road
226,fresh,0,fresh,,,0,0.0,0,0,0,0,0,10.0,5.0,5.0,20.0,0,179,2.4608261585235596,0.02937538146858192,,arrive_dest
227,fresh,0,fresh,,,0,0.0,0,0,0,0,0,10.0,5.0,5.0,20.0,0,273,8.057576179504395,0.041619006771212205,,out_of_road
228,fresh,0,fresh,,,0,0.0,0,0,0,0,0,10.0,5.0,5.0,20.0,0,127,1.6499205827713013,0.045518602112557476,,out_of_road
229,fresh,0,fresh,,,0,0.0,0,0,0,0,0,10.0,5.0,5.0,20.0,0,308,7.450079441070557,0.049742153720240795,,out_of_road
230,fresh,0,fresh,,,0,0.0,0,0,0,0,0,10.0,5.0,5.0,20.0,0,179,3.8848071098327637,0.032299085410946574,,out_of_road
231,fresh,0,fresh,,,0,0.0,0,0,0,0,0,10.0,5.0,5.0,20.0,0,531,13.469382286071777,0.07942880260917708,,out_of_road
232,fresh,0,fresh,,,0,0.0,0,0,0,0,0,10.0,5.0,5.0,20.0,0,181,3.9056363105773926,0.029314731276022958,,out_of_road
233,fresh,0,fresh,,,0,0.0,0,0,0,0,0,10.0,5.0,5.0,20.0,0,642,18.701526641845703,0.08453377319327222,,out_of_road
234,fresh,0,fresh,,,0,0.0,0,0,0,0,0,10.0,5.0,5.0,20.0,0,345,8.550192832946777,0.049889587634580505,,out_of_road
235,fresh,0,fresh,,,0,0.0,0,0,0,0,0,10.0,5.0,5.0,20.0,0,142,2.057295083999634,0.011285313595296212,,out_of_road
236,fresh,0,fresh,,,0,0.0,0,0,0,0,0,10.0,5.0,5.0,20.0,0,1000,26.772422790527344,0.09581088517932221,,max_step
237,fresh,0,fresh,,,0,0.0,0,0,0,0,0,10.0,5.0,5.0,20.0,0,434,11.941449165344238,0.0714028272391533,,out_of_road
238,fresh,0,fresh,,,0,0.0,0,0,0,0,0,10.0,5.0,5.0,20.0,0,654,5.785520553588867,0.009794113973144225,,out_of_road
239,fresh,0,fresh,,,0,0.0,0,0,0,0,0,10.0,5.0,5.0,20.0,0,281,7.560628414154053,0.05353975863596988,,out_of_road
240,fresh,0,fresh,,,0,0.0,0,0,0,0,0,10.0,5.0,5.0,20.0,0,102,1.8621289730072021,0.04656654119710712,,arrive_dest
241,fresh,0,fresh,,,0,0.0,0,0,0,0,0,10.0,5.0,5.0,20.0,0,255,8.144549369812012,0.10313948470295645,,out_of_road
242,fresh,0,fresh,,,0,0.0,0,0,0,0,0,10.0,5.0,5.0,20.0,0,300,7.643826007843018,0.02693002955832829,,out_of_road
243,fresh,0,fresh,,,0,0.0,0,0,0,0,0,10.0,5.0,5.0,20.0,0,301,7.914595127105713,0.05901270326260985,,out_of_road
244,fresh,0,fresh,,,0,0.0,0,0,0,0,0,10.0,5.0,5.0,20.0,0,332,10.301427841186523,0.12584849922491395,,out_of_road
245,fresh,0,fresh,,,0,0.0,0,0,0,0,0,10.0,5.0,5.0,20.0,0,337,9.550692558288574,0.09554992299195302,,out_of_road
246,fresh,0,fresh,,,0,0.0,0,0,0,0,0,10.0,5.0,5.0,20.0,0,805,21.815439224243164,0.09198029454470676,,arrive_dest
247,fresh,0,fresh,,,0,0.0,0,0,0,0,0,10.0,5.0,5.0,20.0,0,493,12.88590145111084,0.08961086299527309,,out_of_road
248,fresh,0,fresh,,,0,0.0,0,0,0,0,0,10.0,5.0,5.0,20.0,0,425,10.041717529296875,0.07171573555863955,,out_of_road
249,fresh,0,fresh,,,0,0.0,0,0,0,0,0,10.0,5.0,5.0,20.0,0,100,1.3459497690200806,0.018884444013237953,,out_of_road
250,fresh,0,fresh,,,0,0.0,0,0,0,0,0,10.0,5.0,5.0,20.0,0,324,7.312389850616455,0.10302586669539228,,arrive_dest
251,fresh,0,fresh,,,0,0.0,0,0,0,0,0,10.0,5.0,5.0,20.0,0,379,10.34559440612793,0.052874405677218385,,arrive_dest
252,fresh,0,fresh,,,0,0.0,0,0,0,0,0,10.0,5.0,5.0,20.0,0,269,6.016814231872559,0.059248799257042954,,out_of_road
253,fresh,0,fresh,,,0,0.0,0,0,0,0,0,10.0,5.0,5.0,20.0,0,389,9.925806045532227,0.041160909856423004,,out_of_road
254,fresh,0,fresh,,,0,0.0,0,0,0,0,0,10.0,5.0,5.0,20.0,0,382,9.785887718200684,0.0615299887557792,,arrive_dest
255,fresh,0,fresh,,,0,0.0,0,0,0,0,0,10.0,5.0,5.0,20.0,0,292,7.983685493469238,0.045823522872125655,,out_of_road
256,fresh,0,fresh,,,0,0.0,0,0,0,0,0,10.0,5.0,5.0,20.0,0,455,6.034059524536133,0.049409357817577465,,out_of_road
257,fresh,0,fresh,,,0,0.0,0,0,0,0,0,10.0,5.0,5.0,20.0,0,81,0.5222324132919312,0.03391839274101787,,out_of_road
258,fresh,0,fresh,,,0,0.0,0,0,0,0,0,10.0,5.0,5.0,20.0,0,348,9.380085945129395,0.06906334646969456,,out_of_road
259,fresh,0,fresh,,,0,0.0,0,0,0,0,0,10.0,5.0,5.0,20.0,0,355,10.03176212310791,0.06605966546848206,,arrive_dest
260,fresh,0,fresh,,,0,0.0,0,0,0,0,0,10.0,5.0,5.0,20.0,0,821,16.109088897705078,0.0651610809067507,,out_of_road
261,fresh,0,fresh,,,0,0.0,0,0,0,0,0,10.0,5.0,5.0,20.0,0,297,7.553717136383057,0.05304310719328948,,out_of_road
262,fresh,0,fresh,,,0,0.0,0,0,0,0,0,10.0,5.0,5.0,20.0,0,522,13.995341300964355,0.09719943681373207,,arrive_dest
263,fresh,0,fresh,,,0,0.0,0,0,0,0,0,10.0,5.0,5.0,20.0,0,335,9.920923233032227,0.08845439922210496,,out_of_road
264,fresh,0,fresh,,,0,0.0,0,0,0,0,0,10.0,5.0,5.0,20.0,0,1000,1.7862467765808105,0.006661372520262375,,max_step
265,fresh,0,fresh,,,0,0.0,0,0,0,0,0,10.0,5.0,5.0,20.0,0,12,0.38553136587142944,0.0,,arrive_dest
266,fresh,0,fresh,,,0,0.0,0,0,0,0,0,10.0,5.0,5.0,20.0,0,27,-0.16625860333442688,0.0,,out_of_road
267,fresh,0,fresh,,,0,0.0,0,0,0,0,0,10.0,5.0,5.0,20.0,0,233,6.392960548400879,0.0562559505085193,,out_of_road
268,fresh,0,fresh,,,0,0.0,0,0,0,0,0,10.0,5.0,5.0,20.0,0,314,7.573095798492432,0.05658946086646645,,out_of_road
269,fresh,0,fresh,,,0,0.0,0,0,0,0,0,10.0,5.0,5.0,20.0,0,23,-0.19052381813526154,0.01734416381172512,,out_of_road
270,fresh,0,fresh,,,0,0.0,0,0,0,0,0,10.0,5.0,5.0,20.0,0,792,16.83976936340332,0.11814916566528164,,out_of_road
271,fresh,0,fresh,,,0,0.0,0,0,0,0,0,10.0,5.0,5.0,20.0,0,833,22.529232025146484,0.13001813589148603,,out_of_road
272,fresh,0,fresh,,,0,0.0,0,0,0,0,0,10.0,5.0,5.0,20.0,0,36,0.5738924741744995,0.014069209082259072,,arrive_dest
273,fresh,0,fresh,,,0,0.0,0,0,0,0,0,10.0,5.0,5.0,20.0,0,1000,0.029294626787304878,0.0012135739699588156,,max_step
274,fresh,0,fresh,,,0,0.0,0,0,0,0,0,10.0,5.0,5.0,20.0,0,60,0.5297150611877441,0.012504509681214889,,out_of_road
275,fresh,0,fresh,,,0,0.0,0,0,0,0,0,10.0,5.0,5.0,20.0,0,272,7.919265270233154,0.08051457141375389,,out_of_road
276,fresh,0,fresh,,,0,0.0,0,0,0,0,0,10.0,5.0,5.0,20.0,0,943,22.206340789794922,0.08139411612904669,,out_of_road
277,fresh,0,fresh,,,0,0.0,0,0,0,0,0,10.0,5.0,5.0,20.0,0,125,1.9952590465545654,0.01697215801477432,,out_of_road
278,fresh,0,fresh,,,0,0.0,0,0,0,0,0,10.0,5.0,5.0,20.0,0,663,1.861910104751587,0.008308007056139365,,out_of_road
279,fresh,0,fresh,,,0,0.0,0,0,0,0,0,10.0,5.0,5.0,20.0,0,354,7.753991603851318,0.04134071333791619,,out_of_road
280,fresh,0,fresh,,,0,0.0,0,0,0,0,0,10.0,5.0,5.0,20.0,0,544,0.5736130475997925,0.004690674051423283,,out_of_road
281,fresh,0,fresh,,,0,0.0,0,0,0,0,0,10.0,5.0,5.0,20.0,0,273,5.570683479309082,0.0462616486508986,,arrive_dest
282,fresh,0,fresh,,,0,0.0,0,0,0,0,0,10.0,5.0,5.0,20.0,0,366,9.334665298461914,0.1058019924033535,,arrive_dest
283,fresh,0,fresh,,,0,0.0,0,0,0,0,0,10.0,5.0,5.0,20.0,0,87,-0.2492394745349884,0.01269679519765336,,out_of_road
284,fresh,0,fresh,,,0,0.0,0,0,0,0,0,10.0,5.0,5.0,20.0,0,112,2.1614294052124023,0.04468641012707459,,arrive_dest
285,fresh,0,fresh,,,0,0.0,0,0,0,0,0,10.0,5.0,5.0,20.0,0,583,15.816459655761719,0.09626137580895097,,arrive_dest
286,fresh,0,fresh,,,0,0.0,0,0,0,0,0,10.0,5.0,5.0,20.0,0,147,1.9872105121612549,0.008029076606542075,,out_of_road
287,fresh,0,fresh,,,0,0.0,0,0,0,0,0,10.0,5.0,5.0,20.0,0,273,7.547769069671631,0.043627299869862884,,out_of_road
288,fresh,0,fresh,,,0,0.0,0,0,0,0,0,10.0,5.0,5.0,20.0,0,302,9.22012710571289,0.08641101407744484,,arrive_dest
289,fresh,0,fresh,,,0,0.0,0,0,0,0,0,10.0,5.0,5.0,20.0,0,233,4.525485992431641,0.05663837483247678,,out_of_road
290,fresh,0,fresh,,,0,0.0,0,0,0,0,0,10.0,5.0,5.0,20.0,0,670,17.28733253479004,0.06452916457123165,,out_of_road
291,fresh,0,fresh,,,0,0.0,0,0,0,0,0,10.0,5.0,5.0,20.0,0,260,5.755580902099609,0.0360409496155066,,out_of_road
292,fresh,0,fresh,,,0,0.0,0,0,0,0,0,10.0,5.0,5.0,20.0,0,269,7.188014984130859,0.03609436748334688,,out_of_road
293,fresh,0,fresh,,,0,0.0,0,0,0,0,0,10.0,5.0,5.0,20.0,0,435,9.541112899780273,0.07522100931697193,,arrive_dest
294,fresh,0,fresh,,,0,0.0,0,0,0,0,0,10.0,5.0,5.0,20.0,0,106,-0.33266133069992065,0.019048850790087907,,out_of_road
295,fresh,0,fresh,,,0,0.0,0,0,0,0,0,10.0,5.0,5.0,20.0,0,249,7.376673221588135,0.09153955162738461,,out_of_road
296,fresh,0,fresh,,,0,0.0,0,0,0,0,0,10.0,5.0,5.0,20.0,0,229,5.907240867614746,0.051228283850606286,,out_of_road
297,fresh,0,fresh,,,0,0.0,0,0,0,0,0,10.0,5.0,5.0,20.0,0,452,11.916533470153809,0.08629757466528203,,out_of_road
298,fresh,0,fresh,,,0,0.0,0,0,0,0,0,10.0,5.0,5.0,20.0,0,383,9.978910446166992,0.06256872073470009,,out_of_road
299,fresh,0,fresh,,,0,0.0,0,0,0,0,0,10.0,5.0,5.0,20.0,0,121,0.5647813677787781,0.015796090587819656,,out_of_road
300,fresh,0,fresh,,,0,0.0,0,0,0,0,0,10.0,5.0,5.0,20.0,0,1000,12.642126083374023,0.051123982475139204,,max_step
301,fresh,0,fresh,,,0,0.0,0,0,0,0,0,10.0,5.0,5.0,20.0,0,867,10.660918235778809,0.03601743945408282,,out_of_road
302,fresh,0,fresh,,,0,0.0,0,0,0,0,0,10.0,5.0,5.0,20.0,0,1000,2.8849363327026367,0.007200671818107366,,max_step
303,fresh,0,fresh,,,0,0.0,0,0,0,0,0,10.0,5.0,5.0,20.0,0,164,3.9167745113372803,0.04721675810642631,,out_of_road
304,fresh,0,fresh,,,0,0.0,0,0,0,0,0,10.0,5.0,5.0,20.0,0,388,10.100912094116211,0.07511407509446144,,arrive_dest
305,fresh,0,fresh,,,0,0.0,0,0,0,0,0,10.0,5.0,5.0,20.0,0,339,8.221723556518555,0.0578688893276253,,arrive_dest
306,fresh,0,fresh,,,0,0.0,0,0,0,0,0,10.0,5.0,5.0,20.0,0,86,0.5896984338760376,0.014903237859090401,,out_of_road
307,fresh,0,fresh,,,0,0.0,0,0,0,0,0,10.0,5.0,5.0,20.0,0,255,7.320361614227295,0.0625998083246397,,out_of_road
308,fresh,0,fresh,,,0,0.0,0,0,0,0,0,10.0,5.0,5.0,20.0,0,198,2.007208824157715,0.011079289028515118,,out_of_road
309,fresh,0,fresh,,,0,0.0,0,0,0,0,0,10.0,5.0,5.0,20.0,0,232,7.854461669921875,0.06865919164606724,,arrive_dest
310,fresh,0,fresh,,,0,0.0,0,0,0,0,0,10.0,5.0,5.0,20.0,0,1000,0.01817941665649414,1.3721510767936707e-06,,max_step
311,fresh,0,fresh,,,0,0.0,0,0,0,0,0,10.0,5.0,5.0,20.0,0,257,7.74335241317749,0.0898702568356455,,out_of_road
312,fresh,0,fresh,,,0,0.0,0,0,0,0,0,10.0,5.0,5.0,20.0,0,1000,2.6262919902801514,0.001811292183585465,,max_step
313,fresh,0,fresh,,,0,0.0,0,0,0,0,0,10.0,5.0,5.0,20.0,0,478,13.1682767868042,0.08503912307446722,,out_of_road
314,fresh,0,fresh,,,0,0.0,0,0,0,0,0,10.0,5.0,5.0,20.0,0,244,7.450446605682373,0.06963845154988106,,out_of_road
315,fresh,0,fresh,,,0,0.0,0,0,0,0,0,10.0,5.0,5.0,20.0,0,397,10.246960639953613,0.11649557663554734,,out_of_road
316,fresh,0,fresh,,,0,0.0,0,0,0,0,0,10.0,5.0,5.0,20.0,0,597,18.17591667175293,0.12150326946834523,,out_of_road
317,fresh,0,fresh,,,0,0.0,0,0,0,0,0,10.0,5.0,5.0,20.0,0,167,3.555833339691162,0.027370318340996427,,out_of_road
318,fresh,0,fresh,,,0,0.0,0,0,0,0,0,10.0,5.0,5.0,20.0,0,185,3.9021291732788086,0.026957439278831354,,out_of_road
319,fresh,0,fresh,,,0,0.0,0,0,0,0,0,10.0,5.0,5.0,20.0,0,424,11.32685375213623,0.07553166974355678,,arrive_dest
320,fresh,0,fresh,,,0,0.0,0,0,0,0,0,10.0,5.0,5.0,20.0,0,161,3.219266176223755,0.03921009324814962,,arrive_dest
321,fresh,0,fresh,,,0,0.0,0,0,0,0,0,10.0,5.0,5.0,20.0,0,475,11.552764892578125,0.06163600760070901,,out_of_road
322,fresh,0,fresh,,,0,0.0,0,0,0,0,0,10.0,5.0,5.0,20.0,0,1000,9.04863166809082,0.027567795542068778,,max_step
323,fresh,0,fresh,,,0,0.0,0,0,0,0,0,10.0,5.0,5.0,20.0,0,340,9.472512245178223,0.07714243953061455,,out_of_road
324,fresh,0,fresh,,,0,0.0,0,0,0,0,0,10.0,5.0,5.0,20.0,0,254,7.532238006591797,0.04918284753821497,,out_of_road
325,fresh,0,fresh,,,0,0.0,0,0,0,0,0,10.0,5.0,5.0,20.0,0,234,5.181543827056885,0.011044678913079139,,out_of_road
326,fresh,0,fresh,,,0,0.0,0,0,0,0,0,10.0,5.0,5.0,20.0,0,200,4.085083961486816,0.023280008337460457,,out_of_road
327,fresh,0,fresh,,,0,0.0,0,0,0,0,0,10.0,5.0,5.0,20.0,0,330,9.274653434753418,0.07942493821663613,,out_of_road
328,fresh,0,fresh,,,0,0.0,0,0,0,0,0,10.0,5.0,5.0,20.0,0,147,2.588440418243408,0.017629895796429138,,out_of_road
329,fresh,0,fresh,,,0,0.0,0,0,0,0,0,10.0,5.0,5.0,20.0,0,267,7.831089973449707,0.04191126528611121,,out_of_road
330,fresh,0,fresh,,,0,0.0,0,0,0,0,0,10.0,5.0,5.0,20.0,0,2,0.3381500840187073,0.22896748781204224,,arrive_dest
331,fresh,0,fresh,,,0,0.0,0,0,0,0,0,10.0,5.0,5.0,20.0,0,420,10.8413667678833,0.08850172393223536,,out_of_road
332,fresh,0,fresh,,,0,0.0,0,0,0,0,0,10.0,5.0,5.0,20.0,0,180,4.026092052459717,0.022422867573590743,,out_of_road
333,fresh,0,fresh,,,0,0.0,0,0,0,0,0,10.0,5.0,5.0,20.0,0,131,2.0812764167785645,0.02007078949561101,,out_of_road
334,fresh,0,fresh,,,0,0.0,0,0,0,0,0,10.0,5.0,5.0,20.0,0,319,7.41192626953125,0.07865637479653599,,out_of_road
335,fresh,0,fresh,,,0,0.0,0,0,0,0,0,10.0,5.0,5.0,20.0,0,426,11.59189224243164,0.10393886822669333,,out_of_road
336,fresh,0,fresh,,,0,0.0,0,0,0,0,0,10.0,5.0,5.0,20.0,0,248,7.949321746826172,0.09953231867703219,,out_of_road
337,fresh,0,fresh,,,0,0.0,0,0,0,0,0,10.0,5.0,5.0,20.0,0,315,0.5644535422325134,0.004689103584470494,,out_of_road
338,fresh,0,fresh,,,0,0.0,0,0,0,0,0,10.0,5.0,5.0,20.0,0,225,5.7790093421936035,0.03543124676578575,,out_of_road
339,fresh,0,fresh,,,0,0.0,0,0,0,0,0,10.0,5.0,5.0,20.0,0,351,8.000726699829102,0.08638748048706527,,out_of_road
340,fresh,0,fresh,,,0,0.0,0,0,0,0,0,10.0,5.0,5.0,20.0,0,389,10.132162094116211,0.06233141523520139,,out_of_road
341,fresh,0,fresh,,,0,0.0,0,0,0,0,0,10.0,5.0,5.0,20.0,0,332,9.046091079711914,0.06978590219388212,,out_of_road
342,fresh,0,fresh,,,0,0.0,0,0,0,0,0,10.0,5.0,5.0,20.0,0,342,9.131114959716797,0.07893557808013382,,out_of_road
343,fresh,0,fresh,,,0,0.0,0,0,0,0,0,10.0,5.0,5.0,20.0,0,702,18.981121063232422,0.08985819421679397,,arrive_dest
344,fresh,0,fresh,,,0,0.0,0,0,0,0,0,10.0,5.0,5.0,20.0,0,440,12.687673568725586,0.08830963382259308,,out_of_road
345,fresh,0,fresh,,,0,0.0,0,0,0,0,0,10.0,5.0,5.0,20.0,0,1000,11.78247356414795,0.03457913390663452,,max_step
346,fresh,0,fresh,,,0,0.0,0,0,0,0,0,10.0,5.0,5.0,20.0,0,416,12.70554256439209,0.14310516222422637,,arrive_dest
347,fresh,0,fresh,,,0,0.0,0,0,0,0,0,10.0,5.0,5.0,20.0,0,280,7.901598930358887,0.040961631620302794,,out_of_road
348,fresh,0,fresh,,,0,0.0,0,0,0,0,0,10.0,5.0,5.0,20.0,0,1000,4.784595966339111,0.01664596480038017,,max_step
349,fresh,0,fresh,,,0,0.0,0,0,0,0,0,10.0,5.0,5.0,20.0,0,498,14.180903434753418,0.08384185275773566,,arrive_dest
350,fresh,0,fresh,,,0,0.0,0,0,0,0,0,10.0,5.0,5.0,20.0,0,527,15.50991153717041,0.18678197345521436,,out_of_road
351,fresh,0,fresh,,,0,0.0,0,0,0,0,0,10.0,5.0,5.0,20.0,0,248,7.544282913208008,0.052440032871785544,,out_of_road
352,fresh,0,fresh,,,0,0.0,0,0,0,0,0,10.0,5.0,5.0,20.0,0,262,4.50482177734375,0.04711171214731823,,out_of_road
353,fresh,0,fresh,,,0,0.0,0,0,0,0,0,10.0,5.0,5.0,20.0,0,509,11.865177154541016,0.0586911327523968,,out_of_road
354,fresh,0,fresh,,,0,0.0,0,0,0,0,0,10.0,5.0,5.0,20.0,0,511,5.841310024261475,0.039118722827062594,,out_of_road
355,fresh,0,fresh,,,0,0.0,0,0,0,0,0,10.0,5.0,5.0,20.0,0,83,-0.20390325784683228,0.009749368012669575,,out_of_road
356,fresh,0,fresh,,,0,0.0,0,0,0,0,0,10.0,5.0,5.0,20.0,0,144,3.666118621826172,0.021303035952668224,,arrive_dest
357,fresh,0,fresh,,,0,0.0,0,0,0,0,0,10.0,5.0,5.0,20.0,0,344,7.5578742027282715,0.08899815999469611,,arrive_dest
358,fresh,0,fresh,,,0,0.0,0,0,0,0,0,10.0,5.0,5.0,20.0,0,222,5.5809783935546875,0.0443625390940757,,out_of_road
359,fresh,0,fresh,,,0,0.0,0,0,0,0,0,10.0,5.0,5.0,20.0,0,142,2.399087905883789,0.018535304286609024,,arrive_dest
360,fresh,0,fresh,,,0,0.0,0,0,0,0,0,10.0,5.0,5.0,20.0,0,1000,12.23126220703125,0.030482037632376887,,max_step
361,fresh,0,fresh,,,0,0.0,0,0,0,0,0,10.0,5.0,5.0,20.0,0,238,5.496144771575928,0.03068806163667302,,out_of_road
362,fresh,0,fresh,,,0,0.0,0,0,0,0,0,10.0,5.0,5.0,20.0,0,360,8.371695518493652,0.06468840517659878,,out_of_road
363,fresh,0,fresh,,,0,0.0,0,0,0,0,0,10.0,5.0,5.0,20.0,0,271,6.342214584350586,0.06619521973455304,,arrive_dest
364,fresh,0,fresh,,,0,0.0,0,0,0,0,0,10.0,5.0,5.0,20.0,0,184,4.465246677398682,0.03758870996028671,,arrive_dest
365,fresh,0,fresh,,,0,0.0,0,0,0,0,0,10.0,5.0,5.0,20.0,0,418,11.095189094543457,0.05554856204552549,,out_of_road
366,fresh,0,fresh,,,0,0.0,0,0,0,0,0,10.0,5.0,5.0,20.0,0,2,0.3328104317188263,0.27127957344055176,,arrive_dest
367,fresh,0,fresh,,,0,0.0,0,0,0,0,0,10.0,5.0,5.0,20.0,0,137,2.484281063079834,0.013387300468383044,,out_of_road
368,fresh,0,fresh,,,0,0.0,0,0,0,0,0,10.0,5.0,5.0,20.0,0,438,12.014848709106445,0.09741043100626842,,arrive_dest
369,fresh,0,fresh,,,0,0.0,0,0,0,0,0,10.0,5.0,5.0,20.0,0,1000,12.164302825927734,0.05260739111993462,,max_step
370,fresh,0,fresh,,,0,0.0,0,0,0,0,0,10.0,5.0,5.0,20.0,0,1000,12.514150619506836,0.0458231648071669,,max_step
371,fresh,0,fresh,,,0,0.0,0,0,0,0,0,10.0,5.0,5.0,20.0,0,1000,1.731595516204834,0.001659782638773322,,max_step
372,fresh,0,fresh,,,0,0.0,0,0,0,0,0,10.0,5.0,5.0,20.0,0,1000,17.6992244720459,0.07552021723054349,,max_step
373,fresh,0,fresh,,,0,0.0,0,0,0,0,0,10.0,5.0,5.0,20.0,0,310,4.0558085441589355,0.03541103732742129,,out_of_road
374,fresh,0,fresh,,,0,0.0,0,0,0,0,0,10.0,5.0,5.0,20.0,0,527,14.146361351013184,0.1395158076586389,,out_of_road
375,fresh,0,fresh,,,0,0.0,0,0,0,0,0,10.0,5.0,5.0,20.0,0,286,8.778775215148926,0.10333311406674085,,arrive_dest
376,fresh,0,fresh,,,0,0.0,0,0,0,0,0,10.0,5.0,5.0,20.0,0,813,18.20193099975586,0.06330784385551917,,arrive_dest
377,fresh,0,fresh,,,0,0.0,0,0,0,0,0,10.0,5.0,5.0,20.0,0,806,21.92209815979004,0.11218657017461309,,arrive_dest
378,fresh,0,fresh,,,0,0.0,0,0,0,0,0,10.0,5.0,5.0,20.0,0,404,11.027704238891602,0.08781656701034765,,out_of_road
379,fresh,0,fresh,,,0,0.0,0,0,0,0,0,10.0,5.0,5.0,20.0,0,1000,26.577133178710938,0.10196540176053531,,max_step
380,fresh,0,fresh,,,0,0.0,0,0,0,0,0,10.0,5.0,5.0,20.0,0,1000,23.355993270874023,0.11860396194900386,,max_step
381,fresh,0,fresh,,,0,0.0,0,0,0,0,0,10.0,5.0,5.0,20.0,0,388,10.939925193786621,0.08593555982824722,,out_of_road
382,fresh,0,fresh,,,0,0.0,0,0,0,0,0,10.0,5.0,5.0,20.0,0,907,24.953861236572266,0.1223184569510852,,arrive_dest
383,fresh,0,fresh,,,0,0.0,0,0,0,0,0,10.0,5.0,5.0,20.0,0,1000,2.292673349380493,0.01674631325423252,,max_step
384,fresh,0,fresh,,,0,0.0,0,0,0,0,0,10.0,5.0,5.0,20.0,0,483,12.526571273803711,0.09364220927185986,,out_of_road
385,fresh,0,fresh,,,0,0.0,0,0,0,0,0,10.0,5.0,5.0,20.0,0,369,4.216684818267822,0.024938415834392474,,out_of_road
386,fresh,0,fresh,,,0,0.0,0,0,0,0,0,10.0,5.0,5.0,20.0,0,252,7.3995771408081055,0.07884601550731099,,out_of_road
387,fresh,0,fresh,,,0,0.0,0,0,0,0,0,10.0,5.0,5.0,20.0,0,441,11.448264122009277,0.057191789328688736,,out_of_road
388,fresh,0,fresh,,,0,0.0,0,0,0,0,0,10.0,5.0,5.0,20.0,0,404,10.432164192199707,0.06972379958381562,,arrive_dest
389,fresh,0,fresh,,,0,0.0,0,0,0,0,0,10.0,5.0,5.0,20.0,0,1000,5.817156791687012,0.017628407433396207,,max_step
390,fresh,0,fresh,,,0,0.0,0,0,0,0,0,10.0,5.0,5.0,20.0,0,834,2.256052255630493,0.006339969363329347,,out_of_road
391,fresh,0,fresh,,,0,0.0,0,0,0,0,0,10.0,5.0,5.0,20.0,0,856,10.454768180847168,0.03204493402154185,,out_of_road
392,fresh,0,fresh,,,0,0.0,0,0,0,0,0,10.0,5.0,5.0,20.0,0,187,4.976782321929932,0.07150314638719839,,out_of_road
393,fresh,0,fresh,,,0,0.0,0,0,0,0,0,10.0,5.0,5.0,20.0,0,789,13.502240180969238,0.06069556965108451,,out_of_road
394,fresh,0,fresh,,,0,0.0,0,0,0,0,0,10.0,5.0,5.0,20.0,0,346,7.565957546234131,0.06809543269535667,,arrive_dest
395,fresh,0,fresh,,,0,0.0,0,0,0,0,0,10.0,5.0,5.0,20.0,0,693,12.77847957611084,0.06808837340918905,,out_of_road
396,fresh,0,fresh,,,0,0.0,0,0,0,0,0,10.0,5.0,5.0,20.0,0,207,5.706297397613525,0.09329054052919006,,out_of_road
397,fresh,0,fresh,,,0,0.0,0,0,0,0,0,10.0,5.0,5.0,20.0,0,1000,12.618593215942383,0.05729202633118257,,max_step
398,fresh,0,fresh,,,0,0.0,0,0,0,0,0,10.0,5.0,5.0,20.0,0,604,7.569791793823242,0.03209015667910336,,out_of_road
399,fresh,0,fresh,,,0,0.0,0,0,0,0,0,10.0,5.0,5.0,20.0,0,454,10.300786018371582,0.09186223871895166,,arrive_dest
400,fresh,0,fresh,,,0,0.0,0,0,0,0,0,10.0,5.0,5.0,20.0,0,657,16.742565155029297,0.12671410016888465,,arrive_dest
401,fresh,0,fresh,,,0,0.0,0,0,0,0,0,10.0,5.0,5.0,20.0,0,1000,0.010278112255036831,0.00030646411748602986,,max_step
402,fresh,0,fresh,,,0,0.0,0,0,0,0,0,10.0,5.0,5.0,20.0,0,2,0.32394999265670776,0.03801935911178589,,arrive_dest
403,fresh,0,fresh,,,0,0.0,0,0,0,0,0,10.0,5.0,5.0,20.0,0,352,8.409917831420898,0.0610232142816213,,arrive_dest
404,fresh,0,fresh,,,0,0.0,0,0,0,0,0,10.0,5.0,5.0,20.0,0,912,8.368376731872559,0.037848334962179424,,out_of_road
405,fresh,0,fresh,,,0,0.0,0,0,0,0,0,10.0,5.0,5.0,20.0,0,1000,6.528538227081299,0.012652039642562158,,max_step
406,fresh,0,fresh,,,0,0.0,0,0,0,0,0,10.0,5.0,5.0,20.0,0,1000,18.848081588745117,0.07572997284680605,,max_step
407,fresh,0,fresh,,,0,0.0,0,0,0,0,0,10.0,5.0,5.0,20.0,0,408,11.4935941696167,0.10362783644300447,,arrive_dest
408,fresh,0,fresh,,,0,0.0,0,0,0,0,0,10.0,5.0,5.0,20.0,0,1000,0.007875833660364151,0.001238321847980842,,max_step
409,fresh,0,fresh,,,0,0.0,0,0,0,0,0,10.0,5.0,5.0,20.0,0,129,0.5485962629318237,0.0238906507878456,,out_of_road
410,fresh,0,fresh,,,0,0.0,0,0,0,0,0,10.0,5.0,5.0,20.0,0,813,23.206518173217773,0.0992941725016818,,arrive_dest
411,fresh,0,fresh,,,0,0.0,0,0,0,0,0,10.0,5.0,5.0,20.0,0,698,16.232017517089844,0.06770233929031835,,arrive_dest
412,fresh,0,fresh,,,0,0.0,0,0,0,0,0,10.0,5.0,5.0,20.0,0,726,23.577913284301758,0.14570814338012422,,out_of_road
413,fresh,0,fresh,,,0,0.0,0,0,0,0,0,10.0,5.0,5.0,20.0,0,965,16.12164878845215,0.06679807129036153,,out_of_road
414,fresh,0,fresh,,,0,0.0,0,0,0,0,0,10.0,5.0,5.0,20.0,0,208,0.555748462677002,0.007545856186110401,,out_of_road
415,fresh,0,fresh,,,0,0.0,0,0,0,0,0,10.0,5.0,5.0,20.0,0,436,11.894017219543457,0.09068866412050129,,out_of_road
416,fresh,0,fresh,,,0,0.0,0,0,0,0,0,10.0,5.0,5.0,20.0,0,499,12.585800170898438,0.07350293990179807,,out_of_road
417,fresh,0,fresh,,,0,0.0,0,0,0,0,0,10.0,5.0,5.0,20.0,0,1000,2.670375108718872,0.005610064238775522,,max_step
418,fresh,0,fresh,,,0,0.0,0,0,0,0,0,10.0,5.0,5.0,20.0,0,226,6.954201698303223,0.054448137704728054,,out_of_road
419,fresh,0,fresh,,,0,0.0,0,0,0,0,0,10.0,5.0,5.0,20.0,0,177,4.397243022918701,0.06580150175818615,,arrive_dest
420,fresh,0,fresh,,,0,0.0,0,0,0,0,0,10.0,5.0,5.0,20.0,0,652,11.605985641479492,0.046498487397108476,,out_of_road
421,fresh,0,fresh,,,0,0.0,0,0,0,0,0,10.0,5.0,5.0,20.0,0,161,2.230646848678589,0.013848574357743589,,out_of_road
422,fresh,0,fresh,,,0,0.0,0,0,0,0,0,10.0,5.0,5.0,20.0,0,654,20.295747756958008,0.1273969138690501,,out_of_road
423,fresh,0,fresh,,,0,0.0,0,0,0,0,0,10.0,5.0,5.0,20.0,0,649,20.913610458374023,0.15588155925382957,,out_of_road
424,fresh,0,fresh,,,0,0.0,0,0,0,0,0,10.0,5.0,5.0,20.0,0,311,2.6476759910583496,0.008442194944463214,,out_of_road
425,fresh,0,fresh,,,0,0.0,0,0,0,0,0,10.0,5.0,5.0,20.0,0,198,3.583404779434204,0.08309127808068738,,out_of_road
426,fresh,0,fresh,,,0,0.0,0,0,0,0,0,10.0,5.0,5.0,20.0,0,506,14.797706604003906,0.09480710586775905,,out_of_road
427,fresh,0,fresh,,,0,0.0,0,0,0,0,0,10.0,5.0,5.0,20.0,0,519,0.521406352519989,0.01303142928455549,,out_of_road
428,fresh,0,fresh,,,0,0.0,0,0,0,0,0,10.0,5.0,5.0,20.0,0,1000,7.5753278732299805,0.016185638398397713,,max_step
429,fresh,0,fresh,,,0,0.0,0,0,0,0,0,10.0,5.0,5.0,20.0,0,605,7.225921630859375,0.016086127396003336,,out_of_road
430,fresh,0,fresh,,,0,0.0,0,0,0,0,0,10.0,5.0,5.0,20.0,0,325,8.896134376525879,0.11302031457997286,,out_of_road
431,fresh,0,fresh,,,0,0.0,0,0,0,0,0,10.0,5.0,5.0,20.0,0,56,0.6417250633239746,0.05234579645496394,,arrive_dest
432,fresh,0,fresh,,,0,0.0,0,0,0,0,0,10.0,5.0,5.0,20.0,0,218,6.9289984703063965,0.0635915148080489,,out_of_road
433,fresh,0,fresh,,,0,0.0,0,0,0,0,0,10.0,5.0,5.0,20.0,0,97,1.6234767436981201,0.01896213505839564,,arrive_dest
434,fresh,0,fresh,,,0,0.0,0,0,0,0,0,10.0,5.0,5.0,20.0,0,851,23.460105895996094,0.09741898963207896,,arrive_dest
435,fresh,0,fresh,,,0,0.0,0,0,0,0,0,10.0,5.0,5.0,20.0,0,397,10.590492248535156,0.09454041129442621,,arrive_dest
436,fresh,0,fresh,,,0,0.0,0,0,0,0,0,10.0,5.0,5.0,20.0,0,470,2.775235652923584,0.008579483474951554,,out_of_road
437,fresh,0,fresh,,,0,0.0,0,0,0,0,0,10.0,5.0,5.0,20.0,0,171,3.2880661487579346,0.07758560747300323,,arrive_dest
438,fresh,0,fresh,,,0,0.0,0,0,0,0,0,10.0,5.0,5.0,20.0,0,1000,11.841501235961914,0.03126590676093474,,max_step
439,fresh,0,fresh,,,0,0.0,0,0,0,0,0,10.0,5.0,5.0,20.0,0,173,5.1884918212890625,0.023495749793839074,,arrive_dest
440,fresh,0,fresh,,,0,0.0,0,0,0,0,0,10.0,5.0,5.0,20.0,0,179,3.7623608112335205,0.06506974430099213,,out_of_road
441,fresh,0,fresh,,,0,0.0,0,0,0,0,0,10.0,5.0,5.0,20.0,0,397,7.421866416931152,0.05722747114369697,,out_of_road
442,fresh,0,fresh,,,0,0.0,0,0,0,0,0,10.0,5.0,5.0,20.0,0,258,7.5416483879089355,0.09255138597660517,,out_of_road
443,fresh,0,fresh,,,0,0.0,0,0,0,0,0,10.0,5.0,5.0,20.0,0,1000,0.05047235265374184,8.642761502414942e-05,,max_step
444,fresh,0,fresh,,,0,0.0,0,0,0,0,0,10.0,5.0,5.0,20.0,0,391,9.441699981689453,0.07949682973120409,,out_of_road
445,fresh,0,fresh,,,0,0.0,0,0,0,0,0,10.0,5.0,5.0,20.0,0,1000,4.484890937805176,0.013940141831175425,,max_step
446,fresh,0,fresh,,,0,0.0,0,0,0,0,0,10.0,5.0,5.0,20.0,0,21,-0.2043261080980301,0.014952709277470907,,out_of_road
447,fresh,0,fresh,,,0,0.0,0,0,0,0,0,10.0,5.0,5.0,20.0,0,240,7.088636875152588,0.056906718630731726,,out_of_road
448,fresh,0,fresh,,,0,0.0,0,0,0,0,0,10.0,5.0,5.0,20.0,0,684,11.499531745910645,0.06217180390036202,,out_of_road
449,fresh,0,fresh,,,0,0.0,0,0,0,0,0,10.0,5.0,5.0,20.0,0,342,7.0110859870910645,0.1117034539313475,,out_of_road
450,fresh,0,fresh,,,0,0.0,0,0,0,0,0,10.0,5.0,5.0,20.0,0,503,12.492799758911133,0.08548773681026538,,out_of_road
451,fresh,0,fresh,,,0,0.0,0,0,0,0,0,10.0,5.0,5.0,20.0,0,237,6.934627532958984,0.04956428157087054,,out_of_road
452,fresh,0,fresh,,,0,0.0,0,0,0,0,0,10.0,5.0,5.0,20.0,0,377,8.217755317687988,0.0540749592242135,,out_of_road
453,fresh,0,fresh,,,0,0.0,0,0,0,0,0,10.0,5.0,5.0,20.0,0,437,13.010762214660645,0.11506851035590099,,out_of_road
454,fresh,0,fresh,,,0,0.0,0,0,0,0,0,10.0,5.0,5.0,20.0,0,238,7.275687217712402,0.12908058790313942,,out_of_road
455,fresh,0,fresh,,,0,0.0,0,0,0,0,0,10.0,5.0,5.0,20.0,0,2,0.31408268213272095,0.0,,arrive_dest
456,fresh,0,fresh,,,0,0.0,0,0,0,0,0,10.0,5.0,5.0,20.0,0,1000,4.307846546173096,0.027555028371862137,,out_of_road
457,fresh,0,fresh,,,0,0.0,0,0,0,0,0,10.0,5.0,5.0,20.0,0,1000,28.836442947387695,0.14611523029534146,,max_step
458,fresh,0,fresh,,,0,0.0,0,0,0,0,0,10.0,5.0,5.0,20.0,0,485,13.334228515625,0.10449970734219269,,out_of_road
459,fresh,0,fresh,,,0,0.0,0,0,0,0,0,10.0,5.0,5.0,20.0,0,26,-0.14806829392910004,0.011574310752061697,,out_of_road
460,fresh,0,fresh,,,0,0.0,0,0,0,0,0,10.0,5.0,5.0,20.0,0,369,9.242094039916992,0.07682859942034331,,out_of_road
461,fresh,0,fresh,,,0,0.0,0,0,0,0,0,10.0,5.0,5.0,20.0,0,354,4.077047824859619,0.04165476903393023,,out_of_road
462,fresh,0,fresh,,,0,0.0,0,0,0,0,0,10.0,5.0,5.0,20.0,0,410,11.717867851257324,0.13296864912050163,,out_of_road
463,fresh,0,fresh,,,0,0.0,0,0,0,0,0,10.0,5.0,5.0,20.0,0,937,3.557649612426758,0.017182854943851102,,out_of_road
464,fresh,0,fresh,,,0,0.0,0,0,0,0,0,10.0,5.0,5.0,20.0,0,292,4.976341724395752,0.08322411184262944,,out_of_road
465,fresh,0,fresh,,,0,0.0,0,0,0,0,0,10.0,5.0,5.0,20.0,0,470,9.486695289611816,0.07680029159193819,,out_of_road
466,fresh,0,fresh,,,0,0.0,0,0,0,0,0,10.0,5.0,5.0,20.0,0,359,10.421735763549805,0.10881284569340828,,out_of_road
467,fresh,0,fresh,,,0,0.0,0,0,0,0,0,10.0,5.0,5.0,20.0,0,1000,2.6254379749298096,0.008478792222682387,,max_step
468,fresh,0,fresh,,,0,0.0,0,0,0,0,0,10.0,5.0,5.0,20.0,0,258,7.515158176422119,0.11481740382001844,,out_of_road
469,fresh,0,fresh,,,0,0.0,0,0,0,0,0,10.0,5.0,5.0,20.0,0,129,1.3612205982208252,0.06951443511675033,,out_of_road
470,fresh,0,fresh,,,0,0.0,0,0,0,0,0,10.0,5.0,5.0,20.0,0,313,8.513429641723633,0.0813430659874631,,out_of_road
471,fresh,0,fresh,,,0,0.0,0,0,0,0,0,10.0,5.0,5.0,20.0,0,403,8.569904327392578,0.07879677709774403,,arrive_dest
472,fresh,0,fresh,,,0,0.0,0,0,0,0,0,10.0,5.0,5.0,20.0,0,188,5.53594446182251,0.09539430041827182,,out_of_road
473,fresh,0,fresh,,,0,0.0,0,0,0,0,0,10.0,5.0,5.0,20.0,0,701,20.048864364624023,0.13084477396647362,,arrive_dest
474,fresh,0,fresh,,,0,0.0,0,0,0,0,0,10.0,5.0,5.0,20.0,0,859,22.95130157470703,0.10598634787031794,,out_of_road
475,fresh,0,fresh,,,0,0.0,0,0,0,0,0,10.0,5.0,5.0,20.0,0,384,8.113911628723145,0.07130387896904722,,arrive_dest
476,fresh,0,fresh,,,0,0.0,0,0,0,0,0,10.0,5.0,5.0,20.0,0,602,0.515190601348877,0.00364162467545412,,out_of_road
477,fresh,0,fresh,,,0,0.0,0,0,0,0,0,10.0,5.0,5.0,20.0,0,165,3.421635389328003,0.04176180769096721,,out_of_road
478,fresh,0,fresh,,,0,0.0,0,0,0,0,0,10.0,5.0,5.0,20.0,0,275,7.219964504241943,0.06832850686697797,,out_of_road
479,fresh,0,fresh,,,0,0.0,0,0,0,0,0,10.0,5.0,5.0,20.0,0,24,0.41902291774749756,0.006737205820779006,,arrive_dest
480,fresh,0,fresh,,,0,0.0,0,0,0,0,0,10.0,5.0,5.0,20.0,0,1000,4.268214702606201,0.019791074096341617,,max_step
481,fresh,0,fresh,,,0,0.0,0,0,0,0,0,10.0,5.0,5.0,20.0,0,229,7.276980400085449,0.07257207629055305,,out_of_road
482,fresh,0,fresh,,,0,0.0,0,0,0,0,0,10.0,5.0,5.0,20.0,0,291,9.974576950073242,0.15430757549472948,,out_of_road
483,fresh,0,fresh,,,0,0.0,0,0,0,0,0,10.0,5.0,5.0,20.0,0,724,20.218605041503906,0.13392251736847222,,arrive_dest
484,fresh,0,fresh,,,0,0.0,0,0,0,0,0,10.0,5.0,5.0,20.0,0,580,17.21250343322754,0.10059926923854148,,out_of_road
485,fresh,0,fresh,,,0,0.0,0,0,0,0,0,10.0,5.0,5.0,20.0,0,385,11.127008438110352,0.11107163226546406,,out_of_road
486,fresh,0,fresh,,,0,0.0,0,0,0,0,0,10.0,5.0,5.0,20.0,0,233,6.757030487060547,0.032583558566212784,,out_of_road
487,fresh,0,fresh,,,0,0.0,0,0,0,0,0,10.0,5.0,5.0,20.0,0,765,20.60416603088379,0.0927729130606928,,arrive_dest
488,fresh,0,fresh,,,0,0.0,0,0,0,0,0,10.0,5.0,5.0,20.0,0,226,6.788528919219971,0.03350632621255596,,out_of_road
489,fresh,0,fresh,,,0,0.0,0,0,0,0,0,10.0,5.0,5.0,20.0,0,995,0.4853242337703705,0.021894776885720654,,out_of_road
490,fresh,0,fresh,,,0,0.0,0,0,0,0,0,10.0,5.0,5.0,20.0,0,562,15.272554397583008,0.08174120436101039,,out_of_road
491,fresh,0,fresh,,,0,0.0,0,0,0,0,0,10.0,5.0,5.0,20.0,0,1000,4.554648399353027,0.020835138229187578,,max_step
492,fresh,0,fresh,,,0,0.0,0,0,0,0,0,10.0,5.0,5.0,20.0,0,372,9.424023628234863,0.073755572379757,,arrive_dest
493,fresh,0,fresh,,,0,0.0,0,0,0,0,0,10.0,5.0,5.0,20.0,0,754,19.205617904663086,0.0798763648158468,,out_of_road
494,fresh,0,fresh,,,0,0.0,0,0,0,0,0,10.0,5.0,5.0,20.0,0,1000,10.369873046875,0.04334709013812244,,max_step
495,fresh,0,fresh,,,0,0.0,0,0,0,0,0,10.0,5.0,5.0,20.0,0,560,15.167150497436523,0.09722258428976471,,out_of_road
496,fresh,0,fresh,,,0,0.0,0,0,0,0,0,10.0,5.0,5.0,20.0,0,1000,13.066898345947266,0.06136223887396045,,max_step
497,fresh,0,fresh,,,0,0.0,0,0,0,0,0,10.0,5.0,5.0,20.0,0,262,7.193500518798828,0.035314489390615746,,out_of_road
498,fresh,0,fresh,,,0,0.0,0,0,0,0,0,10.0,5.0,5.0,20.0,0,639,14.522114753723145,0.06576908994189147,,arrive_dest
499,fresh,0,fresh,,,0,0.0,0,0,0,0,0,10.0,5.0,5.0,20.0,0,182,3.8889193534851074,0.042885898387284724,,out_of_road
500,fresh,0,fresh,,,0,0.0,0,0,0,0,0,10.0,5.0,5.0,20.0,0,2,0.3063892424106598,0.0,,arrive_dest
501,fresh,0,fresh,,,0,0.0,0,0,0,0,0,10.0,5.0,5.0,20.0,0,1000,2.715524911880493,0.00847811161269783,,max_step
502,fresh,0,fresh,,,0,0.0,0,0,0,0,0,10.0,5.0,5.0,20.0,0,221,6.793454170227051,0.044549975632710966,,out_of_road
503,fresh,0,fresh,,,0,0.0,0,0,0,0,0,10.0,5.0,5.0,20.0,0,234,4.49082612991333,0.021644581503306445,,arrive_dest
504,fresh,0,fresh,,,0,0.0,0,0,0,0,0,10.0,5.0,5.0,20.0,0,282,6.376923561096191,0.0629647985886756,,out_of_road
505,fresh,0,fresh,,,0,0.0,0,0,0,0,0,10.0,5.0,5.0,20.0,0,391,4.0445876121521,0.01790088942557897,,out_of_road
506,fresh,0,fresh,,,0,0.0,0,0,0,0,0,10.0,5.0,5.0,20.0,0,152,2.586555242538452,0.03596506476108181,,arrive_dest
507,fresh,0,fresh,,,0,0.0,0,0,0,0,0,10.0,5.0,5.0,20.0,0,351,9.789239883422852,0.10417362729870538,,arrive_dest
508,fresh,0,fresh,,,0,0.0,0,0,0,0,0,10.0,5.0,5.0,20.0,0,500,8.769704818725586,0.03359857064625248,,out_of_road
509,fresh,0,fresh,,,0,0.0,0,0,0,0,0,10.0,5.0,5.0,20.0,0,406,10.415578842163086,0.04738002289040702,,out_of_road
510,fresh,0,fresh,,,0,0.0,0,0,0,0,0,10.0,5.0,5.0,20.0,0,223,3.831266164779663,0.02353732404821122,,out_of_road
511,fresh,0,fresh,,,0,0.0,0,0,0,0,0,10.0,5.0,5.0,20.0,0,649,13.078912734985352,0.05143620924900741,,arrive_dest
512,fresh,0,fresh,,,0,0.0,0,0,0,0,0,10.0,5.0,5.0,20.0,0,218,4.974539756774902,0.044328631970971616,,out_of_road
513,fresh,0,fresh,,,0,0.0,0,0,0,0,0,10.0,5.0,5.0,20.0,0,714,17.8447322845459,0.108852111996955,,arrive_dest
514,fresh,0,fresh,,,0,0.0,0,0,0,0,0,10.0,5.0,5.0,20.0,0,1000,0.6475861668586731,0.0031522897653630936,,max_step
515,fresh,0,fresh,,,0,0.0,0,0,0,0,0,10.0,5.0,5.0,20.0,0,876,20.369033813476562,0.08641231572282071,,arrive_dest
516,fresh,0,fresh,,,0,0.0,0,0,0,0,0,10.0,5.0,5.0,20.0,0,378,8.601259231567383,0.051205904205162175,,out_of_road
517,fresh,0,fresh,,,0,0.0,0,0,0,0,0,10.0,5.0,5.0,20.0,0,1000,1.88643217086792,0.002419386941037374,,max_step
518,fresh,0,fresh,,,0,0.0,0,0,0,0,0,10.0,5.0,5.0,20.0,0,625,17.658845901489258,0.15186633848547937,,out_of_road
519,fresh,0,fresh,,,0,0.0,0,0,0,0,0,10.0,5.0,5.0,20.0,0,176,0.48437759280204773,0.021256525498095223,,out_of_road
520,fresh,0,fresh,,,0,0.0,0,0,0,0,0,10.0,5.0,5.0,20.0,0,271,6.512403964996338,0.09222353124008187,,arrive_dest
521,fresh,0,fresh,,,0,0.0,0,0,0,0,0,10.0,5.0,5.0,20.0,0,301,8.390023231506348,0.08643869916441235,,out_of_road
522,fresh,0,fresh,,,0,0.0,0,0,0,0,0,10.0,5.0,5.0,20.0,0,1000,3.5125627517700195,0.00830309770104941,,max_step
523,fresh,0,fresh,,,0,0.0,0,0,0,0,0,10.0,5.0,5.0,20.0,0,454,11.211227416992188,0.06322285795116608,,arrive_dest
524,fresh,0,fresh,,,0,0.0,0,0,0,0,0,10.0,5.0,5.0,20.0,0,576,14.23769760131836,0.08601239904884198,,out_of_road
525,fresh,0,fresh,,,0,0.0,0,0,0,0,0,10.0,5.0,5.0,20.0,0,1000,10.951994895935059,0.028597543746465816,,max_step
526,fresh,0,fresh,,,0,0.0,0,0,0,0,0,10.0,5.0,5.0,20.0,0,372,8.874226570129395,0.08308888047367775,,arrive_dest
527,fresh,0,fresh,,,0,0.0,0,0,0,0,0,10.0,5.0,5.0,20.0,0,1000,0.5409541130065918,0.0026516682361252607,,max_step
528,fresh,0,fresh,,,0,0.0,0,0,0,0,0,10.0,5.0,5.0,20.0,0,538,11.17408275604248,0.05971426785997977,,out_of_road
529,fresh,0,fresh,,,0,0.0,0,0,0,0,0,10.0,5.0,5.0,20.0,0,352,8.678078651428223,0.07139912317506969,,out_of_road
530,fresh,0,fresh,,,0,0.0,0,0,0,0,0,10.0,5.0,5.0,20.0,0,788,5.645975112915039,0.03282630333480742,,out_of_road
531,fresh,0,fresh,,,0,0.0,0,0,0,0,0,10.0,5.0,5.0,20.0,0,226,6.819682598114014,0.048613768845664714,,out_of_road
532,fresh,0,fresh,,,0,0.0,0,0,0,0,0,10.0,5.0,5.0,20.0,0,449,10.189949035644531,0.04750980956548356,,arrive_dest
533,fresh,0,fresh,,,0,0.0,0,0,0,0,0,10.0,5.0,5.0,20.0,0,1000,9.171545028686523,0.03127168114623055,,max_step
534,fresh,0,fresh,,,0,0.0,0,0,0,0,0,10.0,5.0,5.0,20.0,0,160,3.6122493743896484,0.03883563732961193,,out_of_road
535,fresh,0,fresh,,,0,0.0,0,0,0,0,0,10.0,5.0,5.0,20.0,0,145,2.676321506500244,0.008242399117042278,,arrive_dest
536,fresh,0,fresh,,,0,0.0,0,0,0,0,0,10.0,5.0,5.0,20.0,0,232,7.076473712921143,0.0711785322496796,,out_of_road
537,fresh,0,fresh,,,0,0.0,0,0,0,0,0,10.0,5.0,5.0,20.0,0,227,6.877471446990967,0.08766247341942682,,out_of_road
538,fresh,0,fresh,,,0,0.0,0,0,0,0,0,10.0,5.0,5.0,20.0,0,122,2.073197364807129,0.012850296057638575,,out_of_road
539,fresh,0,fresh,,,0,0.0,0,0,0,0,0,10.0,5.0,5.0,20.0,0,138,3.199075698852539,0.009182555263565071,,out_of_road
540,fresh,0,fresh,,,0,0.0,0,0,0,0,0,10.0,5.0,5.0,20.0,0,294,6.799508571624756,0.06306192485083427,,out_of_road
541,fresh,0,fresh,,,0,0.0,0,0,0,0,0,10.0,5.0,5.0,20.0,0,397,11.566448211669922,0.1488482182210907,,out_of_road
542,fresh,0,fresh,,,0,0.0,0,0,0,0,0,10.0,5.0,5.0,20.0,0,1000,4.030381679534912,0.009860119075950934,,max_step
543,fresh,0,fresh,,,0,0.0,0,0,0,0,0,10.0,5.0,5.0,20.0,0,1000,5.220385551452637,0.009469026379287242,,max_step
544,fresh,0,fresh,,,0,0.0,0,0,0,0,0,10.0,5.0,5.0,20.0,0,145,2.6771974563598633,0.09988867301365424,,arrive_dest
545,fresh,0,fresh,,,0,0.0,0,0,0,0,0,10.0,5.0,5.0,20.0,0,333,8.239222526550293,0.05374898501132075,,out_of_road
546,fresh,0,fresh,,,0,0.0,0,0,0,0,0,10.0,5.0,5.0,20.0,0,1000,7.505665302276611,0.021218812251929193,,max_step
547,fresh,0,fresh,,,0,0.0,0,0,0,0,0,10.0,5.0,5.0,20.0,0,85,-0.14329811930656433,0.21705562551231944,,out_of_road
548,fresh,0,fresh,,,0,0.0,0,0,0,0,0,10.0,5.0,5.0,20.0,0,515,13.448783874511719,0.1375818974858385,,arrive_dest
549,fresh,0,fresh,,,0,0.0,0,0,0,0,0,10.0,5.0,5.0,20.0,0,471,5.793313980102539,0.03750503141627767,,out_of_road
550,fresh,0,fresh,,,0,0.0,0,0,0,0,0,10.0,5.0,5.0,20.0,0,50,-0.1885668784379959,0.14433281123638153,,out_of_road
551,fresh,0,fresh,,,0,0.0,0,0,0,0,0,10.0,5.0,5.0,20.0,0,1000,27.78723907470703,0.160836697608931,,max_step
552,fresh,0,fresh,,,0,0.0,0,0,0,0,0,10.0,5.0,5.0,20.0,0,284,9.100224494934082,0.10466884578328947,,out_of_road
553,fresh,0,fresh,,,0,0.0,0,0,0,0,0,10.0,5.0,5.0,20.0,0,246,2.352975606918335,0.017831785488888863,,out_of_road
554,fresh,0,fresh,,,0,0.0,0,0,0,0,0,10.0,5.0,5.0,20.0,0,340,8.559578895568848,0.07553317164728308,,out_of_road
555,fresh,0,fresh,,,0,0.0,0,0,0,0,0,10.0,5.0,5.0,20.0,0,9,0.3214298486709595,0.0,,arrive_dest
556,fresh,0,fresh,,,0,0.0,0,0,0,0,0,10.0,5.0,5.0,20.0,0,984,27.513151168823242,0.1277056887243757,,arrive_dest
557,fresh,0,fresh,,,0,0.0,0,0,0,0,0,10.0,5.0,5.0,20.0,0,1000,3.889936685562134,0.009848768839496189,,max_step
558,fresh,0,fresh,,,0,0.0,0,0,0,0,0,10.0,5.0,5.0,20.0,0,279,6.261997699737549,0.054597432851978316,,out_of_road
559,fresh,0,fresh,,,0,0.0,0,0,0,0,0,10.0,5.0,5.0,20.0,0,167,3.786817789077759,0.017908985617788073,,out_of_road
560,fresh,0,fresh,,,0,0.0,0,0,0,0,0,10.0,5.0,5.0,20.0,0,542,13.693345069885254,0.0839538885979841,,arrive_dest
561,fresh,0,fresh,,,0,0.0,0,0,0,0,0,10.0,5.0,5.0,20.0,0,889,18.467058181762695,0.06399475522988861,,out_of_road
562,fresh,0,fresh,,,0,0.0,0,0,0,0,0,10.0,5.0,5.0,20.0,0,1000,11.56085205078125,0.03341043096128851,,max_step
563,fresh,0,fresh,,,0,0.0,0,0,0,0,0,10.0,5.0,5.0,20.0,0,782,19.379798889160156,0.13807015315718268,,arrive_dest
564,fresh,0,fresh,,,0,0.0,0,0,0,0,0,10.0,5.0,5.0,20.0,0,609,17.477109909057617,0.1085939694678469,,arrive_dest
565,fresh,0,fresh,,,0,0.0,0,0,0,0,0,10.0,5.0,5.0,20.0,0,91,1.5752571821212769,0.01383755257823965,,arrive_dest
566,fresh,0,fresh,,,0,0.0,0,0,0,0,0,10.0,5.0,5.0,20.0,0,26,-0.1420602947473526,0.0,,out_of_road
567,fresh,0,fresh,,,0,0.0,0,0,0,0,0,10.0,5.0,5.0,20.0,0,664,19.93621253967285,0.13175735397282595,,out_of_road
568,fresh,0,fresh,,,0,0.0,0,0,0,0,0,10.0,5.0,5.0,20.0,0,779,21.187149047851562,0.1172886545912139,,arrive_dest
569,fresh,0,fresh,,,0,0.0,0,0,0,0,0,10.0,5.0,5.0,20.0,0,606,13.992912292480469,0.0721142838890403,,arrive_dest
570,fresh,0,fresh,,,0,0.0,0,0,0,0,0,10.0,5.0,5.0,20.0,0,316,5.396912097930908,0.06096118808830086,,out_of_road
571,fresh,0,fresh,,,0,0.0,0,0,0,0,0,10.0,5.0,5.0,20.0,0,604,15.228996276855469,0.1317142224034128,,arrive_dest
572,fresh,0,fresh,,,0,0.0,0,0,0,0,0,10.0,5.0,5.0,20.0,0,1000,11.652119636535645,0.05258591402601451,,max_step
573,fresh,0,fresh,,,0,0.0,0,0,0,0,0,10.0,5.0,5.0,20.0,0,1000,15.518030166625977,0.08875946808978916,,max_step
574,fresh,0,fresh,,,0,0.0,0,0,0,0,0,10.0,5.0,5.0,20.0,0,1000,0.011712267994880676,0.0011804875135421754,,max_step
575,fresh,0,fresh,,,0,0.0,0,0,0,0,0,10.0,5.0,5.0,20.0,0,344,8.802545547485352,0.061388612413497336,,arrive_dest
576,fresh,0,fresh,,,0,0.0,0,0,0,0,0,10.0,5.0,5.0,20.0,0,1000,2.576866626739502,0.057577928518876435,,max_step
577,fresh,0,fresh,,,0,0.0,0,0,0,0,0,10.0,5.0,5.0,20.0,0,1000,11.100692749023438,0.06087689700786723,,max_step
578,fresh,0,fresh,,,0,0.0,0,0,0,0,0,10.0,5.0,5.0,20.0,0,570,8.930024147033691,0.05614177074054615,,out_of_road
579,fresh,0,fresh,,,0,0.0,0,0,0,0,0,10.0,5.0,5.0,20.0,0,1000,0.6587585210800171,0.02692952005472034,,max_step
580,fresh,0,fresh,,,0,0.0,0,0,0,0,0,10.0,5.0,5.0,20.0,0,440,10.441792488098145,0.08187520774716342,,arrive_dest
581,fresh,0,fresh,,,0,0.0,0,0,0,0,0,10.0,5.0,5.0,20.0,0,924,23.335458755493164,0.10889022127958015,,arrive_dest
582,fresh,0,fresh,,,0,0.0,0,0,0,0,0,10.0,5.0,5.0,20.0,0,11,0.3189639151096344,0.0,,arrive_dest
583,fresh,0,fresh,,,0,0.0,0,0,0,0,0,10.0,5.0,5.0,20.0,0,174,3.058201789855957,0.07421947895126396,,arrive_dest
584,fresh,0,fresh,,,0,0.0,0,0,0,0,0,10.0,5.0,5.0,20.0,0,428,9.19546890258789,0.06655826241786539,,out_of_road
585,fresh,0,fresh,,,0,0.0,0,0,0,0,0,10.0,5.0,5.0,20.0,0,1000,12.344532012939453,0.06515728048887104,,max_step
586,fresh,0,fresh,,,0,0.0,0,0,0,0,0,10.0,5.0,5.0,20.0,0,1000,19.327377319335938,0.11438442535605281,,max_step
587,fresh,0,fresh,,,0,0.0,0,0,0,0,0,10.0,5.0,5.0,20.0,0,448,11.610318183898926,0.08934018773600526,,out_of_road
588,fresh,0,fresh,,,0,0.0,0,0,0,0,0,10.0,5.0,5.0,20.0,0,1000,0.6333016753196716,0.015117372200707906,,max_step
589,fresh,0,fresh,,,0,0.0,0,0,0,0,0,10.0,5.0,5.0,20.0,0,358,9.38447380065918,0.06039046570424553,,arrive_dest
590,fresh,0,fresh,,,0,0.0,0,0,0,0,0,10.0,5.0,5.0,20.0,0,625,13.967443466186523,0.07367293261885643,,out_of_road
591,fresh,0,fresh,,,0,0.0,0,0,0,0,0,10.0,5.0,5.0,20.0,0,220,2.4507670402526855,0.06604068494317207,,arrive_dest
592,fresh,0,fresh,,,0,0.0,0,0,0,0,0,10.0,5.0,5.0,20.0,0,979,22.45852279663086,0.06684724135853282,,arrive_dest
593,fresh,0,fresh,,,0,0.0,0,0,0,0,0,10.0,5.0,5.0,20.0,0,147,1.7659564018249512,0.046798384431622875,,out_of_road
594,fresh,0,fresh,,,0,0.0,0,0,0,0,0,10.0,5.0,5.0,20.0,0,1000,26.412614822387695,0.11357914734189399,,max_step
595,fresh,0,fresh,,,0,0.0,0,0,0,0,0,10.0,5.0,5.0,20.0,0,1000,14.48987102508545,0.042502301366766915,,max_step
596,fresh,0,fresh,,,0,0.0,0,0,0,0,0,10.0,5.0,5.0,20.0,0,804,19.27556610107422,0.07242326468949795,,arrive_dest
597,fresh,0,fresh,,,0,0.0,0,0,0,0,0,10.0,5.0,5.0,20.0,0,303,6.791919231414795,0.02526445671756177,,out_of_road
598,fresh,0,fresh,,,0,0.0,0,0,0,0,0,10.0,5.0,5.0,20.0,0,609,12.111675262451172,0.09454123061899652,,out_of_road
599,fresh,0,fresh,,,0,0.0,0,0,0,0,0,10.0,5.0,5.0,20.0,0,268,5.564985752105713,0.046954858304460105,,out_of_road
600,fresh,0,fresh,,,0,0.0,0,0,0,0,0,10.0,5.0,5.0,20.0,0,287,6.003787040710449,0.07888150363446632,,arrive_dest
601,fresh,0,fresh,,,0,0.0,0,0,0,0,0,10.0,5.0,5.0,20.0,0,1000,15.376554489135742,0.07617270550411194,,max_step
602,fresh,0,fresh,,,0,0.0,0,0,0,0,0,10.0,5.0,5.0,20.0,0,763,19.348703384399414,0.09854658417553833,,arrive_dest
603,fresh,0,fresh,,,0,0.0,0,0,0,0,0,10.0,5.0,5.0,20.0,0,421,5.763569355010986,0.04184678220190108,,out_of_road
604,fresh,0,fresh,,,0,0.0,0,0,0,0,0,10.0,5.0,5.0,20.0,0,1000,12.198147773742676,0.06446832329081371,,max_step
605,fresh,0,fresh,,,0,0.0,0,0,0,0,0,10.0,5.0,5.0,20.0,0,1000,26.54370880126953,0.08643062785360962,,max_step
606,fresh,0,fresh,,,0,0.0,0,0,0,0,0,10.0,5.0,5.0,20.0,0,65,0.43970903754234314,0.02511283359848536,,out_of_road
607,fresh,0,fresh,,,0,0.0,0,0,0,0,0,10.0,5.0,5.0,20.0,0,514,12.213781356811523,0.06322188873989108,,arrive_dest
608,fresh,0,fresh,,,0,0.0,0,0,0,0,0,10.0,5.0,5.0,20.0,0,1000,2.4282963275909424,0.008828318737039808,,max_step
609,fresh,0,fresh,,,0,0.0,0,0,0,0,0,10.0,5.0,5.0,20.0,0,1000,7.10513162612915,0.021931285147438757,,max_step
610,fresh,0,fresh,,,0,0.0,0,0,0,0,0,10.0,5.0,5.0,20.0,0,10,0.3178207278251648,0.0653401792049408,,arrive_dest
611,fresh,0,fresh,,,0,0.0,0,0,0,0,0,10.0,5.0,5.0,20.0,0,257,4.07352352142334,0.06061353864952748,,out_of_road
612,fresh,0,fresh,,,0,0.0,0,0,0,0,0,10.0,5.0,5.0,20.0,0,1000,7.336435317993164,0.023192297352172316,,max_step
613,fresh,0,fresh,,,0,0.0,0,0,0,0,0,10.0,5.0,5.0,20.0,0,1000,4.19527006149292,0.013735693802300376,,max_step
614,fresh,0,fresh,,,0,0.0,0,0,0,0,0,10.0,5.0,5.0,20.0,0,396,9.468881607055664,0.11715790903139295,,arrive_dest
615,fresh,0,fresh,,,0,0.0,0,0,0,0,0,10.0,5.0,5.0,20.0,0,100,0.4391574561595917,0.02140809325966984,,out_of_road
616,fresh,0,fresh,,,0,0.0,0,0,0,0,0,10.0,5.0,5.0,20.0,0,40,0.030757829546928406,0.022657206654548644,,out_of_road
617,fresh,0,fresh,,,0,0.0,0,0,0,0,0,10.0,5.0,5.0,20.0,0,1000,7.335850238800049,0.019535146318521584,,max_step
618,fresh,0,fresh,,,0,0.0,0,0,0,0,0,10.0,5.0,5.0,20.0,0,1000,5.268618106842041,0.02122256742999889,,max_step
619,fresh,0,fresh,,,0,0.0,0,0,0,0,0,10.0,5.0,5.0,20.0,0,380,9.741340637207031,0.07561218064082297,,out_of_road
620,fresh,0,fresh,,,0,0.0,0,0,0,0,0,10.0,5.0,5.0,20.0,0,298,6.434518337249756,0.10569879972694704,,out_of_road
621,fresh,0,fresh,,,0,0.0,0,0,0,0,0,10.0,5.0,5.0,20.0,0,219,6.328227519989014,0.0742513272383986,,out_of_road
622,fresh,0,fresh,,,0,0.0,0,0,0,0,0,10.0,5.0,5.0,20.0,0,1000,10.322949409484863,0.04334711078286636,,max_step
623,fresh,0,fresh,,,0,0.0,0,0,0,0,0,10.0,5.0,5.0,20.0,0,411,9.877335548400879,0.07764105566543891,,arrive_dest
624,fresh,0,fresh,,,0,0.0,0,0,0,0,0,10.0,5.0,5.0,20.0,0,299,8.285423278808594,0.09644089190656924,,arrive_dest
625,fresh,0,fresh,,,0,0.0,0,0,0,0,0,10.0,5.0,5.0,20.0,0,2,0.29520946741104126,0.0,,arrive_dest
626,fresh,0,fresh,,,0,0.0,0,0,0,0,0,10.0,5.0,5.0,20.0,0,356,7.154399871826172,0.059289485492790645,,out_of_road
627,fresh,0,fresh,,,0,0.0,0,0,0,0,0,10.0,5.0,5.0,20.0,0,1000,11.87014102935791,0.04837948553264141,,max_step
628,fresh,0,fresh,,,0,0.0,0,0,0,0,0,10.0,5.0,5.0,20.0,0,479,12.272682189941406,0.09372017585083313,,arrive_dest
629,fresh,0,fresh,,,0,0.0,0,0,0,0,0,10.0,5.0,5.0,20.0,0,1000,1.8966138362884521,0.0026175434748874978,,max_step
630,fresh,0,fresh,,,0,0.0,0,0,0,0,0,10.0,5.0,5.0,20.0,0,75,1.6642587184906006,0.044503414804736775,,arrive_dest
631,fresh,0,fresh,,,0,0.0,0,0,0,0,0,10.0,5.0,5.0,20.0,0,21,-0.1547325998544693,0.003265636307852609,,out_of_road
632,fresh,0,fresh,,,0,0.0,0,0,0,0,0,10.0,5.0,5.0,20.0,0,425,0.445162296295166,0.009054902976050097,,out_of_road
633,fresh,0,fresh,,,0,0.0,0,0,0,0,0,10.0,5.0,5.0,20.0,0,1000,18.72719955444336,0.08939081155369058,,max_step
634,fresh,0,fresh,,,0,0.0,0,0,0,0,0,10.0,5.0,5.0,20.0,0,1000,1.7942161560058594,0.0019995588656747713,,max_step
635,fresh,0,fresh,,,0,0.0,0,0,0,0,0,10.0,5.0,5.0,20.0,0,56,-0.1815301924943924,0.008544018226010459,,out_of_road
636,fresh,0,fresh,,,0,0.0,0,0,0,0,0,10.0,5.0,5.0,20.0,0,119,1.8381869792938232,0.02183438782744548,,out_of_road
637,fresh,0,fresh,,,0,0.0,0,0,0,0,0,10.0,5.0,5.0,20.0,0,1000,0.6414741277694702,0.0032052771335002034,,max_step
638,fresh,0,fresh,,,0,0.0,0,0,0,0,0,10.0,5.0,5.0,20.0,0,505,13.79069995880127,0.10845900967920033,,out_of_road
639,fresh,0,fresh,,,0,0.0,0,0,0,0,0,10.0,5.0,5.0,20.0,0,677,18.63105010986328,0.09680232226413893,,arrive_dest
640,fresh,0,fresh,,,0,0.0,0,0,0,0,0,10.0,5.0,5.0,20.0,0,379,7.6103668212890625,0.0543560024392656,,arrive_dest
641,fresh,0,fresh,,,0,0.0,0,0,0,0,0,10.0,5.0,5.0,20.0,0,463,11.031842231750488,0.05303791524806174,,arrive_dest
642,fresh,0,fresh,,,0,0.0,0,0,0,0,0,10.0,5.0,5.0,20.0,0,275,4.580476760864258,0.022683153635060245,,arrive_dest
643,fresh,0,fresh,,,0,0.0,0,0,0,0,0,10.0,5.0,5.0,20.0,0,217,5.164804935455322,0.06374490831888491,,arrive_dest
644,fresh,0,fresh,,,0,0.0,0,0,0,0,0,10.0,5.0,5.0,20.0,0,521,10.605224609375,0.04267490858631298,,out_of_road
645,fresh,0,fresh,,,0,0.0,0,0,0,0,0,10.0,5.0,5.0,20.0,0,1000,6.662010669708252,0.004815155701595359,,max_step
646,fresh,0,fresh,,,0,0.0,0,0,0,0,0,10.0,5.0,5.0,20.0,0,365,9.6802396774292,0.07387801363604934,,out_of_road
647,fresh,0,fresh,,,0,0.0,0,0,0,0,0,10.0,5.0,5.0,20.0,0,327,8.102761268615723,0.05492638072870467,,out_of_road
648,fresh,0,fresh,,,0,0.0,0,0,0,0,0,10.0,5.0,5.0,20.0,0,315,7.282924652099609,0.07324827419268706,,arrive_dest
649,fresh,0,fresh,,,0,0.0,0,0,0,0,0,10.0,5.0,5.0,20.0,0,180,3.591284990310669,0.05515682136432992,,arrive_dest
650,fresh,0,fresh,,,0,0.0,0,0,0,0,0,10.0,5.0,5.0,20.0,0,233,6.5288519859313965,0.023087921756711417,,arrive_dest
651,fresh,0,fresh,,,0,0.0,0,0,0,0,0,10.0,5.0,5.0,20.0,0,822,19.787092208862305,0.07844996223508872,,arrive_dest
652,fresh,0,fresh,,,0,0.0,0,0,0,0,0,10.0,5.0,5.0,20.0,0,606,16.900177001953125,0.08455382859128413,,arrive_dest
653,fresh,0,fresh,,,0,0.0,0,0,0,0,0,10.0,5.0,5.0,20.0,0,106,2.011904716491699,0.02385195224097807,,arrive_dest
654,fresh,0,fresh,,,0,0.0,0,0,0,0,0,10.0,5.0,5.0,20.0,0,297,5.834347724914551,0.05904521443489124,,arrive_dest
655,fresh,0,fresh,,,0,0.0,0,0,0,0,0,10.0,5.0,5.0,20.0,0,304,6.8128533363342285,0.04458669888309056,,out_of_road
656,fresh,0,fresh,,,0,0.0,0,0,0,0,0,10.0,5.0,5.0,20.0,0,825,22.530719757080078,0.091285997598686,,arrive_dest
657,fresh,0,fresh,,,0,0.0,0,0,0,0,0,10.0,5.0,5.0,20.0,0,179,3.580291509628296,0.027971054174984133,,out_of_road
658,fresh,0,fresh,,,0,0.0,0,0,0,0,0,10.0,5.0,5.0,20.0,0,695,12.448519706726074,0.05966560684157897,,out_of_road
659,fresh,0,fresh,,,0,0.0,0,0,0,0,0,10.0,5.0,5.0,20.0,0,534,14.050418853759766,0.11662719653978637,,out_of_road
660,fresh,0,fresh,,,0,0.0,0,0,0,0,0,10.0,5.0,5.0,20.0,0,77,1.5428829193115234,0.01602861014279452,,arrive_dest
661,fresh,0,fresh,,,0,0.0,0,0,0,0,0,10.0,5.0,5.0,20.0,0,149,1.7280253171920776,0.008138333820744149,,out_of_road
662,fresh,0,fresh,,,0,0.0,0,0,0,0,0,10.0,5.0,5.0,20.0,0,261,5.8324737548828125,0.06504269705735632,,out_of_road
663,fresh,0,fresh,,,0,0.0,0,0,0,0,0,10.0,5.0,5.0,20.0,0,365,9.15369701385498,0.07851436282571865,,arrive_dest
664,fresh,0,fresh,,,0,0.0,0,0,0,0,0,10.0,5.0,5.0,20.0,0,1000,25.034175872802734,0.09215723498235456,,max_step
665,fresh,0,fresh,,,0,0.0,0,0,0,0,0,10.0,5.0,5.0,20.0,0,111,1.4166264533996582,0.08375370772639373,,out_of_road
666,fresh,0,fresh,,,0,0.0,0,0,0,0,0,10.0,5.0,5.0,20.0,0,869,22.636571884155273,0.08915167825936336,,arrive_dest
667,fresh,0,fresh,,,0,0.0,0,0,0,0,0,10.0,5.0,5.0,20.0,0,151,2.6735680103302,0.07617575690051578,,out_of_road
668,fresh,0,fresh,,,0,0.0,0,0,0,0,0,10.0,5.0,5.0,20.0,0,188,2.8234663009643555,0.02071787122428972,,out_of_road
669,fresh,0,fresh,,,0,0.0,0,0,0,0,0,10.0,5.0,5.0,20.0,0,2,0.2928909957408905,0.0,,arrive_dest
670,fresh,0,fresh,,,0,0.0,0,0,0,0,0,10.0,5.0,5.0,20.0,0,1000,1.7741941213607788,0.0049257900430820884,,max_step
671,fresh,0,fresh,,,0,0.0,0,0,0,0,0,10.0,5.0,5.0,20.0,0,274,6.165541172027588,0.05072792831308678,,arrive_dest
672,fresh,0,fresh,,,0,0.0,0,0,0,0,0,10.0,5.0,5.0,20.0,0,673,17.75208854675293,0.10003160895471133,,arrive_dest
673,fresh,0,fresh,,,0,0.0,0,0,0,0,0,10.0,5.0,5.0,20.0,0,532,13.618841171264648,0.06065028711638756,,out_of_road
674,fresh,0,fresh,,,0,0.0,0,0,0,0,0,10.0,5.0,5.0,20.0,0,1000,9.591558456420898,0.03626555396942422,,max_step
675,fresh,0,fresh,,,0,0.0,0,0,0,0,0,10.0,5.0,5.0,20.0,0,1000,24.324535369873047,0.07076131109206471,,max_step
676,fresh,0,fresh,,,0,0.0,0,0,0,0,0,10.0,5.0,5.0,20.0,0,880,25.555696487426758,0.09697264395442537,,arrive_dest
677,fresh,0,fresh,,,0,0.0,0,0,0,0,0,10.0,5.0,5.0,20.0,0,241,5.530389308929443,0.05409398042361148,,out_of_road
678,fresh,0,fresh,,,0,0.0,0,0,0,0,0,10.0,5.0,5.0,20.0,0,561,14.531023025512695,0.11770235864966842,,arrive_dest
679,fresh,0,fresh,,,0,0.0,0,0,0,0,0,10.0,5.0,5.0,20.0,0,367,9.126516342163086,0.05473255445262067,,out_of_road
680,fresh,0,fresh,,,0,0.0,0,0,0,0,0,10.0,5.0,5.0,20.0,0,206,4.842197895050049,0.042655471413965945,,out_of_road
681,fresh,0,fresh,,,0,0.0,0,0,0,0,0,10.0,5.0,5.0,20.0,0,726,2.3715996742248535,0.005120173752815886,,out_of_road
682,fresh,0,fresh,,,0,0.0,0,0,0,0,0,10.0,5.0,5.0,20.0,0,422,4.392406940460205,0.033685549844268234,,arrive_dest
683,fresh,0,fresh,,,0,0.0,0,0,0,0,0,10.0,5.0,5.0,20.0,0,402,9.171385765075684,0.055529037753869526,,out_of_road
684,fresh,0,fresh,,,0,0.0,0,0,0,0,0,10.0,5.0,5.0,20.0,0,347,8.902104377746582,0.059691800976102306,,arrive_dest
685,fresh,0,fresh,,,0,0.0,0,0,0,0,0,10.0,5.0,5.0,20.0,0,139,2.4469799995422363,0.03614666099197787,,out_of_road
686,fresh,0,fresh,,,0,0.0,0,0,0,0,0,10.0,5.0,5.0,20.0,0,42,0.5612627863883972,0.0023863023767868676,,arrive_dest
687,fresh,0,fresh,,,0,0.0,0,0,0,0,0,10.0,5.0,5.0,20.0,0,807,21.123647689819336,0.07840817105348188,,out_of_road
688,fresh,0,fresh,,,0,0.0,0,0,0,0,0,10.0,5.0,5.0,20.0,0,574,2.4386417865753174,0.011447682085151716,,out_of_road
689,fresh,0,fresh,,,0,0.0,0,0,0,0,0,10.0,5.0,5.0,20.0,0,404,9.008125305175781,0.043517136130260654,,out_of_road
690,fresh,0,fresh,,,0,0.0,0,0,0,0,0,10.0,5.0,5.0,20.0,0,1000,11.956212997436523,0.06178269045334309,,max_step
691,fresh,0,fresh,,,0,0.0,0,0,0,0,0,10.0,5.0,5.0,20.0,0,689,19.720359802246094,0.10152378802813579,,arrive_dest
692,fresh,0,fresh,,,0,0.0,0,0,0,0,0,10.0,5.0,5.0,20.0,0,210,5.22298002243042,0.08033589787692541,,out_of_road
693,fresh,0,fresh,,,0,0.0,0,0,0,0,0,10.0,5.0,5.0,20.0,0,240,4.271542549133301,0.030753449936552595,,out_of_road
694,fresh,0,fresh,,,0,0.0,0,0,0,0,0,10.0,5.0,5.0,20.0,0,1000,-0.01173190213739872,0.0002095363438129425,,max_step
695,fresh,0,fresh,,,0,0.0,0,0,0,0,0,10.0,5.0,5.0,20.0,0,703,16.86715316772461,0.08084271887978367,,out_of_road
696,fresh,0,fresh,,,0,0.0,0,0,0,0,0,10.0,5.0,5.0,20.0,0,1000,1.9162030220031738,0.015357960159308277,,max_step
697,fresh,0,fresh,,,0,0.0,0,0,0,0,0,10.0,5.0,5.0,20.0,0,729,20.049585342407227,0.12807895304872788,,arrive_dest
698,fresh,0,fresh,,,0,0.0,0,0,0,0,0,10.0,5.0,5.0,20.0,0,350,8.473905563354492,0.10846428283623287,,out_of_road
699,fresh,0,fresh,,,0,0.0,0,0,0,0,0,10.0,5.0,5.0,20.0,0,335,9.720553398132324,0.08158264002804436,,out_of_road
700,fresh,0,fresh,,,0,0.0,0,0,0,0,0,10.0,5.0,5.0,20.0,0,623,17.985328674316406,0.12987974235477048,,out_of_road
701,fresh,0,fresh,,,0,0.0,0,0,0,0,0,10.0,5.0,5.0,20.0,0,394,8.337686538696289,0.05027119682151541,,out_of_road
702,fresh,0,fresh,,,0,0.0,0,0,0,0,0,10.0,5.0,5.0,20.0,0,1000,11.935077667236328,0.0460712934108451,,max_step
703,fresh,0,fresh,,,0,0.0,0,0,0,0,0,10.0,5.0,5.0,20.0,0,214,6.439281463623047,0.0749814247186992,,out_of_road
704,fresh,0,fresh,,,0,0.0,0,0,0,0,0,10.0,5.0,5.0,20.0,0,43,0.5088326930999756,0.0,,arrive_dest
705,fresh,0,fresh,,,0,0.0,0,0,0,0,0,10.0,5.0,5.0,20.0,0,263,6.389242172241211,0.04251780792249246,,arrive_dest
706,fresh,0,fresh,,,0,0.0,0,0,0,0,0,10.0,5.0,5.0,20.0,0,233,6.197415351867676,0.05652070841692036,,out_of_road
707,fresh,0,fresh,,,0,0.0,0,0,0,0,0,10.0,5.0,5.0,20.0,0,1000,2.024832010269165,0.011040315812104382,,max_step
708,fresh,0,fresh,,,0,0.0,0,0,0,0,0,10.0,5.0,5.0,20.0,0,313,9.927583694458008,0.185060799925234,,out_of_road
709,fresh,0,fresh,,,0,0.0,0,0,0,0,0,10.0,5.0,5.0,20.0,0,972,25.797273635864258,0.07374653861419117,,out_of_road
710,fresh,0,fresh,,,0,0.0,0,0,0,0,0,10.0,5.0,5.0,20.0,0,347,10.094719886779785,0.1577582207081641,,out_of_road
711,fresh,0,fresh,,,0,0.0,0,0,0,0,0,10.0,5.0,5.0,20.0,0,208,4.194762706756592,0.10346441089775628,,arrive_dest
712,fresh,0,fresh,,,0,0.0,0,0,0,0,0,10.0,5.0,5.0,20.0,0,63,0.4045388698577881,0.013697460057243468,,out_of_road
713,fresh,0,fresh,,,0,0.0,0,0,0,0,0,10.0,5.0,5.0,20.0,0,844,21.091764450073242,0.11353789671474264,,out_of_road
714,fresh,0,fresh,,,0,0.0,0,0,0,0,0,10.0,5.0,5.0,20.0,0,304,6.629486560821533,0.04814076863419216,,out_of_road
715,fresh,0,fresh,,,0,0.0,0,0,0,0,0,10.0,5.0,5.0,20.0,0,628,12.94974136352539,0.08503196214008364,,out_of_road
716,fresh,0,fresh,,,0,0.0,0,0,0,0,0,10.0,5.0,5.0,20.0,0,1000,-0.003270980902016163,0.004842432402307167,,max_step
717,fresh,0,fresh,,,0,0.0,0,0,0,0,0,10.0,5.0,5.0,20.0,0,285,8.836376190185547,0.11037169603402154,,out_of_road
718,fresh,0,fresh,,,0,0.0,0,0,0,0,0,10.0,5.0,5.0,20.0,0,1000,7.202716827392578,0.019295726370997728,,max_step
719,fresh,0,fresh,,,0,0.0,0,0,0,0,0,10.0,5.0,5.0,20.0,0,121,2.098816156387329,0.02471964461498024,,out_of_road
720,fresh,0,fresh,,,0,0.0,0,0,0,0,0,10.0,5.0,5.0,20.0,0,871,22.146350860595703,0.0625084423436409,,out_of_road
721,fresh,0,fresh,,,0,0.0,0,0,0,0,0,10.0,5.0,5.0,20.0,0,1000,8.049642562866211,0.014211898984853179,,max_step
722,fresh,0,fresh,,,0,0.0,0,0,0,0,0,10.0,5.0,5.0,20.0,0,1000,15.089505195617676,0.030216712369932792,,max_step
723,fresh,0,fresh,,,0,0.0,0,0,0,0,0,10.0,5.0,5.0,20.0,0,1000,10.430767059326172,0.0213126491526491,,max_step
724,fresh,0,fresh,,,0,0.0,0,0,0,0,0,10.0,5.0,5.0,20.0,0,1000,10.83675765991211,0.03328014843142591,,max_step
725,fresh,0,fresh,,,0,0.0,0,0,0,0,0,10.0,5.0,5.0,20.0,0,27,0.3286154568195343,0.03759890905133,,arrive_dest
726,fresh,0,fresh,,,0,0.0,0,0,0,0,0,10.0,5.0,5.0,20.0,0,657,19.420515060424805,0.1236257812650052,,arrive_dest
727,fresh,0,fresh,,,0,0.0,0,0,0,0,0,10.0,5.0,5.0,20.0,0,160,1.3695950508117676,0.059131064044777304,,out_of_road
728,fresh,0,fresh,,,0,0.0,0,0,0,0,0,10.0,5.0,5.0,20.0,0,178,4.019872188568115,0.04285555446959948,,arrive_dest
729,fresh,0,fresh,,,0,0.0,0,0,0,0,0,10.0,5.0,5.0,20.0,0,1000,0.5726199746131897,0.008671839874470606,,max_step
730,fresh,0,fresh,,,0,0.0,0,0,0,0,0,10.0,5.0,5.0,20.0,0,425,10.45435905456543,0.04677736985278042,,arrive_dest
731,fresh,0,fresh,,,0,0.0,0,0,0,0,0,10.0,5.0,5.0,20.0,0,448,11.098846435546875,0.08515720364500469,,arrive_dest
732,fresh,0,fresh,,,0,0.0,0,0,0,0,0,10.0,5.0,5.0,20.0,0,2,0.2864844501018524,0.0,,arrive_dest
733,fresh,0,fresh,,,0,0.0,0,0,0,0,0,10.0,5.0,5.0,20.0,0,378,10.155566215515137,0.07040371946810631,,out_of_road
734,fresh,0,fresh,,,0,0.0,0,0,0,0,0,10.0,5.0,5.0,20.0,0,415,8.8267183303833,0.03140361881085548,,arrive_dest
735,fresh,0,fresh,,,0,0.0,0,0,0,0,0,10.0,5.0,5.0,20.0,0,1000,8.271611213684082,0.024399891501641832,,max_step
736,fresh,0,fresh,,,0,0.0,0,0,0,0,0,10.0,5.0,5.0,20.0,0,734,15.688175201416016,0.11196880269673848,,out_of_road
737,fresh,0,fresh,,,0,0.0,0,0,0,0,0,10.0,5.0,5.0,20.0,0,502,14.439846992492676,0.07932857561539265,,arrive_dest
738,fresh,0,fresh,,,0,0.0,0,0,0,0,0,10.0,5.0,5.0,20.0,0,272,8.54515266418457,0.0879830580944305,,out_of_road
739,fresh,0,fresh,,,0,0.0,0,0,0,0,0,10.0,5.0,5.0,20.0,0,237,5.269773960113525,0.09147276609098609,,arrive_dest
740,fresh,0,fresh,,,0,0.0,0,0,0,0,0,10.0,5.0,5.0,20.0,0,476,9.900351524353027,0.05319368711353804,,arrive_dest
741,fresh,0,fresh,,,0,0.0,0,0,0,0,0,10.0,5.0,5.0,20.0,0,600,11.834718704223633,0.08860435589177844,,out_of_road
742,fresh,0,fresh,,,0,0.0,0,0,0,0,0,10.0,5.0,5.0,20.0,0,343,8.594926834106445,0.06938904895563949,,arrive_dest
743,fresh,0,fresh,,,0,0.0,0,0,0,0,0,10.0,5.0,5.0,20.0,0,130,2.1119625568389893,0.012911218390441858,,out_of_road
744,fresh,0,fresh,,,0,0.0,0,0,0,0,0,10.0,5.0,5.0,20.0,0,283,8.859647750854492,0.12278958826157998,,arrive_dest
745,fresh,0,fresh,,,0,0.0,0,0,0,0,0,10.0,5.0,5.0,20.0,0,1000,0.5325943827629089,0.003541114479827229,,max_step
746,fresh,0,fresh,,,0,0.0,0,0,0,0,0,10.0,5.0,5.0,20.0,0,406,5.726580619812012,0.03886490745763547,,out_of_road
747,fresh,0,fresh,,,0,0.0,0,0,0,0,0,10.0,5.0,5.0,20.0,0,1000,1.7751134634017944,0.008532718998816562,,max_step
748,fresh,0,fresh,,,0,0.0,0,0,0,0,0,10.0,5.0,5.0,20.0,0,1000,2.5858700275421143,0.008148019734187982,,max_step
749,fresh,0,fresh,,,0,0.0,0,0,0,0,0,10.0,5.0,5.0,20.0,0,2,0.2856307923793793,0.1192355751991272,,arrive_dest
750,fresh,0,fresh,,,0,0.0,0,0,0,0,0,10.0,5.0,5.0,20.0,0,2,0.28563088178634644,0.0,,arrive_dest
751,fresh,0,fresh,,,0,0.0,0,0,0,0,0,10.0,5.0,5.0,20.0,0,565,14.990038871765137,0.10399114563628471,,out_of_road
752,fresh,0,fresh,,,0,0.0,0,0,0,0,0,10.0,5.0,5.0,20.0,0,983,26.28697395324707,0.10157690531103318,,out_of_road
753,fresh,0,fresh,,,0,0.0,0,0,0,0,0,10.0,5.0,5.0,20.0,0,378,10.63823413848877,0.1503238482277584,,out_of_road
754,fresh,0,fresh,,,0,0.0,0,0,0,0,0,10.0,5.0,5.0,20.0,0,1000,7.244534015655518,0.021416890993190465,,max_step
755,fresh,0,fresh,,,0,0.0,0,0,0,0,0,10.0,5.0,5.0,20.0,0,242,5.618539333343506,0.062272180012265636,,arrive_dest
756,fresh,0,fresh,,,0,0.0,0,0,0,0,0,10.0,5.0,5.0,20.0,0,799,20.504011154174805,0.10270629230028809,,arrive_dest
757,fresh,0,fresh,,,0,0.0,0,0,0,0,0,10.0,5.0,5.0,20.0,0,742,17.52802848815918,0.10998405457908574,,arrive_dest
758,fresh,0,fresh,,,0,0.0,0,0,0,0,0,10.0,5.0,5.0,20.0,0,182,4.683136463165283,0.032765509404630945,,out_of_road
759,fresh,0,fresh,,,0,0.0,0,0,0,0,0,10.0,5.0,5.0,20.0,0,1000,-0.017084132879972458,0.0,,max_step
760,fresh,0,fresh,,,0,0.0,0,0,0,0,0,10.0,5.0,5.0,20.0,0,264,4.254695415496826,0.039671095670200884,,arrive_dest
761,fresh,0,fresh,,,0,0.0,0,0,0,0,0,10.0,5.0,5.0,20.0,0,1000,6.937463283538818,0.02332347730617039,,max_step
762,fresh,0,fresh,,,0,0.0,0,0,0,0,0,10.0,5.0,5.0,20.0,0,736,18.0438289642334,0.07131718419022155,,arrive_dest
763,fresh,0,fresh,,,0,0.0,0,0,0,0,0,10.0,5.0,5.0,20.0,0,350,9.571830749511719,0.07489688932928922,,out_of_road
764,fresh,0,fresh,,,0,0.0,0,0,0,0,0,10.0,5.0,5.0,20.0,0,743,20.161043167114258,0.12858511097440908,,out_of_road
765,fresh,0,fresh,,,0,0.0,0,0,0,0,0,10.0,5.0,5.0,20.0,0,330,8.357922554016113,0.07330958384484279,,out_of_road
766,fresh,0,fresh,,,0,0.0,0,0,0,0,0,10.0,5.0,5.0,20.0,0,707,20.137136459350586,0.14646347435230792,,out_of_road
767,fresh,0,fresh,,,0,0.0,0,0,0,0,0,10.0,5.0,5.0,20.0,0,289,5.1676812171936035,0.03662237683858942,,out_of_road
768,fresh,0,fresh,,,0,0.0,0,0,0,0,0,10.0,5.0,5.0,20.0,0,558,13.16768741607666,0.06137964455160483,,arrive_dest
769,fresh,0,fresh,,,0,0.0,0,0,0,0,0,10.0,5.0,5.0,20.0,0,1000,7.144656181335449,0.02929839160174015,,max_step
770,fresh,0,fresh,,,0,0.0,0,0,0,0,0,10.0,5.0,5.0,20.0,0,380,10.49252700805664,0.12053974607567254,,out_of_road
771,fresh,0,fresh,,,0,0.0,0,0,0,0,0,10.0,5.0,5.0,20.0,0,202,3.994462013244629,0.042217432719535465,,arrive_dest
772,fresh,0,fresh,,,0,0.0,0,0,0,0,0,10.0,5.0,5.0,20.0,0,1000,1.8436983823776245,0.002981726658530533,,max_step
773,fresh,0,fresh,,,0,0.0,0,0,0,0,0,10.0,5.0,5.0,20.0,0,355,7.295492649078369,0.0328868269930187,,arrive_dest
774,fresh,0,fresh,,,0,0.0,0,0,0,0,0,10.0,5.0,5.0,20.0,0,513,12.85030746459961,0.08157290284976647,,out_of_road
775,fresh,0,fresh,,,0,0.0,0,0,0,0,0,10.0,5.0,5.0,20.0,0,646,14.728360176086426,0.06591287976809873,,arrive_dest
776,fresh,0,fresh,,,0,0.0,0,0,0,0,0,10.0,5.0,5.0,20.0,0,1000,10.677750587463379,0.041436796352500097,,max_step
777,fresh,0,fresh,,,0,0.0,0,0,0,0,0,10.0,5.0,5.0,20.0,0,346,4.874743461608887,0.08757603358251252,,out_of_road
778,fresh,0,fresh,,,0,0.0,0,0,0,0,0,10.0,5.0,5.0,20.0,0,405,10.453422546386719,0.06995375345426577,,arrive_dest
779,fresh,0,fresh,,,0,0.0,0,0,0,0,0,10.0,5.0,5.0,20.0,0,861,19.172557830810547,0.051085901373289375,,arrive_dest
780,fresh,0,fresh,,,0,0.0,0,0,0,0,0,10.0,5.0,5.0,20.0,0,2,0.2829104959964752,0.0,,arrive_dest
781,fresh,0,fresh,,,0,0.0,0,0,0,0,0,10.0,5.0,5.0,20.0,0,148,2.2195355892181396,0.010674556245322566,,out_of_road
782,fresh,0,fresh,,,0,0.0,0,0,0,0,0,10.0,5.0,5.0,20.0,0,274,6.746349334716797,0.07316936762921893,,out_of_road
783,fresh,0,fresh,,,0,0.0,0,0,0,0,0,10.0,5.0,5.0,20.0,0,44,0.15631994605064392,0.003518272741613063,,out_of_road
784,fresh,0,fresh,,,0,0.0,0,0,0,0,0,10.0,5.0,5.0,20.0,0,1000,18.50725746154785,0.056808587792678736,,max_step
785,fresh,0,fresh,,,0,0.0,0,0,0,0,0,10.0,5.0,5.0,20.0,0,230,6.339366912841797,0.060246283805969615,,out_of_road
786,fresh,0,fresh,,,0,0.0,0,0,0,0,0,10.0,5.0,5.0,20.0,0,435,9.777036666870117,0.046001741655128096,,out_of_road
787,fresh,0,fresh,,,0,0.0,0,0,0,0,0,10.0,5.0,5.0,20.0,0,287,6.776500701904297,0.054549321746421194,,arrive_dest
788,fresh,0,fresh,,,0,0.0,0,0,0,0,0,10.0,5.0,5.0,20.0,0,112,1.4548571109771729,0.011377605850741799,,out_of_road
789,fresh,0,fresh,,,0,0.0,0,0,0,0,0,10.0,5.0,5.0,20.0,0,491,11.451532363891602,0.09024244500253001,,out_of_road
790,fresh,0,fresh,,,0,0.0,0,0,0,0,0,10.0,5.0,5.0,20.0,0,594,13.754719734191895,0.0837384707973298,,out_of_road
791,fresh,0,fresh,,,0,0.0,0,0,0,0,0,10.0,5.0,5.0,20.0,0,1000,0.006431634537875652,0.00044705548882484434,,max_step
792,fresh,0,fresh,,,0,0.0,0,0,0,0,0,10.0,5.0,5.0,20.0,0,270,4.306541442871094,0.020909540025793292,,arrive_dest
793,fresh,0,fresh,,,0,0.0,0,0,0,0,0,10.0,5.0,5.0,20.0,0,854,22.610971450805664,0.11438296915226086,,arrive_dest
794,fresh,0,fresh,,,0,0.0,0,0,0,0,0,10.0,5.0,5.0,20.0,0,1000,1.5920313596725464,0.00428630741906818,,max_step
795,fresh,0,fresh,,,0,0.0,0,0,0,0,0,10.0,5.0,5.0,20.0,0,37,0.5995306968688965,0.028230212830208445,,arrive_dest
796,fresh,0,fresh,,,0,0.0,0,0,0,0,0,10.0,5.0,5.0,20.0,0,227,2.340773105621338,0.02691818458604573,,out_of_road
797,fresh,0,fresh,,,0,0.0,0,0,0,0,0,10.0,5.0,5.0,20.0,0,825,18.045574188232422,0.06885351275249074,,out_of_road
798,fresh,0,fresh,,,0,0.0,0,0,0,0,0,10.0,5.0,5.0,20.0,0,362,8.156135559082031,0.03482297040619862,,out_of_road
799,fresh,0,fresh,,,0,0.0,0,0,0,0,0,10.0,5.0,5.0,20.0,0,236,6.174727439880371,0.06078041732208645,,arrive_dest
800,fresh,0,fresh,,,0,0.0,0,0,0,0,0,10.0,5.0,5.0,20.0,0,782,19.117313385009766,0.07428143011353067,,out_of_road
801,fresh,0,fresh,,,0,0.0,0,0,0,0,0,10.0,5.0,5.0,20.0,0,1000,3.576016902923584,0.010226339191896841,,max_step
802,fresh,0,fresh,,,0,0.0,0,0,0,0,0,10.0,5.0,5.0,20.0,0,1000,0.008616920560598373,0.0005566597580909728,,max_step
803,fresh,0,fresh,,,0,0.0,0,0,0,0,0,10.0,5.0,5.0,20.0,0,816,19.463563919067383,0.08429901361552194,,arrive_dest
804,fresh,0,fresh,,,0,0.0,0,0,0,0,0,10.0,5.0,5.0,20.0,0,445,9.583434104919434,0.06873028015906221,,arrive_dest
805,fresh,0,fresh,,,0,0.0,0,0,0,0,0,10.0,5.0,5.0,20.0,0,193,1.7492505311965942,0.0172962647925464,,out_of_road
806,fresh,0,fresh,,,0,0.0,0,0,0,0,0,10.0,5.0,5.0,20.0,0,446,11.82094669342041,0.09048585837807155,,out_of_road
807,fresh,0,fresh,,,0,0.0,0,0,0,0,0,10.0,5.0,5.0,20.0,0,955,9.492605209350586,0.0293558049823294,,out_of_road
808,fresh,0,fresh,,,0,0.0,0,0,0,0,0,10.0,5.0,5.0,20.0,0,367,10.5494384765625,0.1705167643416277,,out_of_road
809,fresh,0,fresh,,,0,0.0,0,0,0,0,0,10.0,5.0,5.0,20.0,0,203,3.2490761280059814,0.036387108619613896,,out_of_road
810,fresh,0,fresh,,,0,0.0,0,0,0,0,0,10.0,5.0,5.0,20.0,0,279,5.765493392944336,0.03804162149000446,,arrive_dest
811,fresh,0,fresh,,,0,0.0,0,0,0,0,0,10.0,5.0,5.0,20.0,0,457,12.013888359069824,0.09448530026395648,,out_of_road
812,fresh,0,fresh,,,0,0.0,0,0,0,0,0,10.0,5.0,5.0,20.0,0,426,9.899801254272461,0.0720711489920745,,out_of_road
813,fresh,0,fresh,,,0,0.0,0,0,0,0,0,10.0,5.0,5.0,20.0,0,344,8.94237232208252,0.10081007400037569,,arrive_dest
814,fresh,0,fresh,,,0,0.0,0,0,0,0,0,10.0,5.0,5.0,20.0,0,720,19.911340713500977,0.1576689407746825,,out_of_road
815,fresh,0,fresh,,,0,0.0,0,0,0,0,0,10.0,5.0,5.0,20.0,0,601,13.161072731018066,0.11630473094147796,,out_of_road
816,fresh,0,fresh,,,0,0.0,0,0,0,0,0,10.0,5.0,5.0,20.0,0,128,1.5702004432678223,0.08950638575333869,,out_of_road
817,fresh,0,fresh,,,0,0.0,0,0,0,0,0,10.0,5.0,5.0,20.0,0,89,1.993196964263916,0.010332059157028627,,arrive_dest
818,fresh,0,fresh,,,0,0.0,0,0,0,0,0,10.0,5.0,5.0,20.0,0,270,7.265255928039551,0.10483938893217042,,arrive_dest
819,fresh,0,fresh,,,0,0.0,0,0,0,0,0,10.0,5.0,5.0,20.0,0,239,6.5015997886657715,0.07978834182405883,,out_of_road
820,fresh,0,fresh,,,0,0.0,0,0,0,0,0,10.0,5.0,5.0,20.0,0,624,15.59877872467041,0.11288014560872958,,out_of_road
821,fresh,0,fresh,,,0,0.0,0,0,0,0,0,10.0,5.0,5.0,20.0,0,1000,14.93919563293457,0.05246578499348834,,max_step
822,fresh,0,fresh,,,0,0.0,0,0,0,0,0,10.0,5.0,5.0,20.0,0,539,13.931147575378418,0.0903235748557094,,out_of_road
823,fresh,0,fresh,,,0,0.0,0,0,0,0,0,10.0,5.0,5.0,20.0,0,385,6.741042137145996,0.04854854346319501,,out_of_road
824,fresh,0,fresh,,,0,0.0,0,0,0,0,0,10.0,5.0,5.0,20.0,0,229,2.077180862426758,0.017002994881934734,,out_of_road
825,fresh,0,fresh,,,0,0.0,0,0,0,0,0,10.0,5.0,5.0,20.0,0,136,2.2711684703826904,0.020003706477034616,,out_of_road
826,fresh,0,fresh,,,0,0.0,0,0,0,0,0,10.0,5.0,5.0,20.0,0,832,20.22652244567871,0.1377435001475253,,out_of_road
827,fresh,0,fresh,,,0,0.0,0,0,0,0,0,10.0,5.0,5.0,20.0,0,703,17.637792587280273,0.0668698230382071,,arrive_dest
828,fresh,0,fresh,,,0,0.0,0,0,0,0,0,10.0,5.0,5.0,20.0,0,97,1.770171880722046,0.04056767796732716,,arrive_dest
829,fresh,0,fresh,,,0,0.0,0,0,0,0,0,10.0,5.0,5.0,20.0,0,161,3.065458297729492,0.026075436016371162,,arrive_dest
830,fresh,0,fresh,,,0,0.0,0,0,0,0,0,10.0,5.0,5.0,20.0,0,2,0.2802298963069916,0.0,,arrive_dest
831,fresh,0,fresh,,,0,0.0,0,0,0,0,0,10.0,5.0,5.0,20.0,0,1000,2.109199047088623,0.0198774329200387,,max_step
832,fresh,0,fresh,,,0,0.0,0,0,0,0,0,10.0,5.0,5.0,20.0,0,58,-0.13197040557861328,0.014817692082503746,,out_of_road
833,fresh,0,fresh,,,0,0.0,0,0,0,0,0,10.0,5.0,5.0,20.0,0,1000,11.147442817687988,0.03902173946332187,,max_step
834,fresh,0,fresh,,,0,0.0,0,0,0,0,0,10.0,5.0,5.0,20.0,0,562,16.10793685913086,0.12324154408055348,,arrive_dest
835,fresh,0,fresh,,,0,0.0,0,0,0,0,0,10.0,5.0,5.0,20.0,0,1000,8.699910163879395,0.027864229313563554,,max_step
836,fresh,0,fresh,,,0,0.0,0,0,0,0,0,10.0,5.0,5.0,20.0,0,741,19.650035858154297,0.11216522855420223,,out_of_road
837,fresh,0,fresh,,,0,0.0,0,0,0,0,0,10.0,5.0,5.0,20.0,0,764,19.26620864868164,0.08703208946700924,,arrive_dest
838,fresh,0,fresh,,,0,0.0,0,0,0,0,0,10.0,5.0,5.0,20.0,0,517,10.729698181152344,0.03670588749432954,,arrive_dest
839,fresh,0,fresh,,,0,0.0,0,0,0,0,0,10.0,5.0,5.0,20.0,0,196,2.346403121948242,0.03359965362101413,,out_of_road
840,fresh,0,fresh,,,0,0.0,0,0,0,0,0,10.0,5.0,5.0,20.0,0,652,19.052799224853516,0.16262216083248335,,arrive_dest
841,fresh,0,fresh,,,0,0.0,0,0,0,0,0,10.0,5.0,5.0,20.0,0,684,17.93828010559082,0.07536216293208367,,arrive_dest
842,fresh,0,fresh,,,0,0.0,0,0,0,0,0,10.0,5.0,5.0,20.0,0,940,25.159687042236328,0.13019457243412655,,arrive_dest
843,fresh,0,fresh,,,0,0.0,0,0,0,0,0,10.0,5.0,5.0,20.0,0,396,8.448915481567383,0.04439376531500426,,arrive_dest
844,fresh,0,fresh,,,0,0.0,0,0,0,0,0,10.0,5.0,5.0,20.0,0,241,4.06689453125,0.039585661328556135,,out_of_road
845,fresh,0,fresh,,,0,0.0,0,0,0,0,0,10.0,5.0,5.0,20.0,0,495,12.420798301696777,0.10946736366422188,,out_of_road
846,fresh,0,fresh,,,0,0.0,0,0,0,0,0,10.0,5.0,5.0,20.0,0,558,9.024194717407227,0.07308369277042627,,out_of_road
847,fresh,0,fresh,,,0,0.0,0,0,0,0,0,10.0,5.0,5.0,20.0,0,125,0.4057700037956238,0.012451893538236619,,out_of_road
848,fresh,0,fresh,,,0,0.0,0,0,0,0,0,10.0,5.0,5.0,20.0,0,273,4.78000020980835,0.03718779495688694,,arrive_dest
849,fresh,0,fresh,,,0,0.0,0,0,0,0,0,10.0,5.0,5.0,20.0,0,1000,11.048186302185059,0.04337442679470405,,max_step
850,fresh,0,fresh,,,0,0.0,0,0,0,0,0,10.0,5.0,5.0,20.0,0,117,1.6349514722824097,0.014966413705076417,,out_of_road
851,fresh,0,fresh,,,0,0.0,0,0,0,0,0,10.0,5.0,5.0,20.0,0,163,0.45402806997299194,0.01158778379711271,,out_of_road
852,fresh,0,fresh,,,0,0.0,0,0,0,0,0,10.0,5.0,5.0,20.0,0,631,17.98155975341797,0.1212869895291522,,arrive_dest
853,fresh,0,fresh,,,0,0.0,0,0,0,0,0,10.0,5.0,5.0,20.0,0,484,12.116267204284668,0.09114750350263497,,arrive_dest
854,fresh,0,fresh,,,0,0.0,0,0,0,0,0,10.0,5.0,5.0,20.0,0,1000,1.566055417060852,0.028934354010270908,,max_step
855,fresh,0,fresh,,,0,0.0,0,0,0,0,0,10.0,5.0,5.0,20.0,0,176,4.86686372756958,0.08852953427809883,,out_of_road
856,fresh,0,fresh,,,0,0.0,0,0,0,0,0,10.0,5.0,5.0,20.0,0,427,11.318036079406738,0.10705764282634372,,out_of_road
857,fresh,0,fresh,,,0,0.0,0,0,0,0,0,10.0,5.0,5.0,20.0,0,375,10.739834785461426,0.1351073475604256,,out_of_road
858,fresh,0,fresh,,,0,0.0,0,0,0,0,0,10.0,5.0,5.0,20.0,0,23,-0.072468601167202,0.03432262721269027,,out_of_road
859,fresh,0,fresh,,,0,0.0,0,0,0,0,0,10.0,5.0,5.0,20.0,0,188,3.0999667644500732,0.0550215101894982,,out_of_road
860,fresh,0,fresh,,,0,0.0,0,0,0,0,0,10.0,5.0,5.0,20.0,0,29,0.4749733805656433,0.0341700685435328,,arrive_dest
861,fresh,0,fresh,,,0,0.0,0,0,0,0,0,10.0,5.0,5.0,20.0,0,303,6.483911514282227,0.037966542502268906,,out_of_road
862,fresh,0,fresh,,,0,0.0,0,0,0,0,0,10.0,5.0,5.0,20.0,0,118,1.6616650819778442,0.01826952459977277,,out_of_road
863,fresh,0,fresh,,,0,0.0,0,0,0,0,0,10.0,5.0,5.0,20.0,0,194,4.232266902923584,0.04792312091005217,,out_of_road
864,fresh,0,fresh,,,0,0.0,0,0,0,0,0,10.0,5.0,5.0,20.0,0,533,13.598167419433594,0.12817172970977483,,out_of_road
865,fresh,0,fresh,,,0,0.0,0,0,0,0,0,10.0,5.0,5.0,20.0,0,408,10.903207778930664,0.10596013605975838,,out_of_road
866,fresh,0,fresh,,,0,0.0,0,0,0,0,0,10.0,5.0,5.0,20.0,0,138,1.9351249933242798,0.00975318296569521,,out_of_road
867,fresh,0,fresh,,,0,0.0,0,0,0,0,0,10.0,5.0,5.0,20.0,0,178,3.494835376739502,0.03874403717299777,,out_of_road
868,fresh,0,fresh,,,0,0.0,0,0,0,0,0,10.0,5.0,5.0,20.0,0,315,8.379986763000488,0.07896761350658914,,arrive_dest
869,fresh,0,fresh,,,0,0.0,0,0,0,0,0,10.0,5.0,5.0,20.0,0,1000,13.350979804992676,0.06691620285250247,,max_step
870,fresh,0,fresh,,,0,0.0,0,0,0,0,0,10.0,5.0,5.0,20.0,0,379,10.483925819396973,0.08693742816948324,,out_of_road
871,fresh,0,fresh,,,0,0.0,0,0,0,0,0,10.0,5.0,5.0,20.0,0,688,18.62240982055664,0.11128395505460673,,out_of_road
872,fresh,0,fresh,,,0,0.0,0,0,0,0,0,10.0,5.0,5.0,20.0,0,1000,0.007513393647968769,0.0,,max_step
873,fresh,0,fresh,,,0,0.0,0,0,0,0,0,10.0,5.0,5.0,20.0,0,1000,1.8442883491516113,0.0038342983038164675,,max_step
874,fresh,0,fresh,,,0,0.0,0,0,0,0,0,10.0,5.0,5.0,20.0,0,878,25.66409683227539,0.12744100587994098,,arrive_dest
875,fresh,0,fresh,,,0,0.0,0,0,0,0,0,10.0,5.0,5.0,20.0,0,377,9.8865385055542,0.06498050094095481,,out_of_road
876,fresh,0,fresh,,,0,0.0,0,0,0,0,0,10.0,5.0,5.0,20.0,0,115,1.8112766742706299,0.0108022543075292,,out_of_road
877,fresh,0,fresh,,,0,0.0,0,0,0,0,0,10.0,5.0,5.0,20.0,0,548,15.070677757263184,0.08950687701946437,,arrive_dest
878,fresh,0,fresh,,,0,0.0,0,0,0,0,0,10.0,5.0,5.0,20.0,0,626,16.65412712097168,0.0951440759686033,,out_of_road
879,fresh,0,fresh,,,0,0.0,0,0,0,0,0,10.0,5.0,5.0,20.0,0,419,12.7140474319458,0.12522692484103215,,arrive_dest
880,fresh,0,fresh,,,0,0.0,0,0,0,0,0,10.0,5.0,5.0,20.0,0,204,6.083950042724609,0.06826913270268443,,arrive_dest
881,fresh,0,fresh,,,0,0.0,0,0,0,0,0,10.0,5.0,5.0,20.0,0,802,24.199960708618164,0.127847013637967,,arrive_dest
882,fresh,0,fresh,,,0,0.0,0,0,0,0,0,10.0,5.0,5.0,20.0,0,265,5.468720436096191,0.020772893860373856,,out_of_road
883,fresh,0,fresh,,,0,0.0,0,0,0,0,0,10.0,5.0,5.0,20.0,0,1000,3.868124485015869,0.009516195896663703,,max_step
884,fresh,0,fresh,,,0,0.0,0,0,0,0,0,10.0,5.0,5.0,20.0,0,467,0.29756301641464233,0.01915393085308708,,out_of_road
885,fresh,0,fresh,,,0,0.0,0,0,0,0,0,10.0,5.0,5.0,20.0,0,2,0.27566975355148315,0.058470845222473145,,arrive_dest
886,fresh,0,fresh,,,0,0.0,0,0,0,0,0,10.0,5.0,5.0,20.0,0,224,5.199398040771484,0.060541702850189595,,arrive_dest
887,fresh,0,fresh,,,0,0.0,0,0,0,0,0,10.0,5.0,5.0,20.0,0,99,1.2246893644332886,0.16678083417090503,,out_of_road
888,fresh,0,fresh,,,0,0.0,0,0,0,0,0,10.0,5.0,5.0,20.0,0,1000,5.1252760887146,0.005325804498279467,,max_step
889,fresh,0,fresh,,,0,0.0,0,0,0,0,0,10.0,5.0,5.0,20.0,0,442,11.197482109069824,0.10009532567412315,,out_of_road
890,fresh,0,fresh,,,0,0.0,0,0,0,0,0,10.0,5.0,5.0,20.0,0,640,16.40719985961914,0.09370334047162032,,out_of_road
891,fresh,0,fresh,,,0,0.0,0,0,0,0,0,10.0,5.0,5.0,20.0,0,323,8.805292129516602,0.05179803286125485,,arrive_dest
892,fresh,0,fresh,,,0,0.0,0,0,0,0,0,10.0,5.0,5.0,20.0,0,134,2.201183557510376,0.01666984846815467,,out_of_road
893,fresh,0,fresh,,,0,0.0,0,0,0,0,0,10.0,5.0,5.0,20.0,0,1000,3.977461576461792,0.009009500018320977,,max_step
894,fresh,0,fresh,,,0,0.0,0,0,0,0,0,10.0,5.0,5.0,20.0,0,1000,0.6026260852813721,0.01116965241637081,,max_step
895,fresh,0,fresh,,,0,0.0,0,0,0,0,0,10.0,5.0,5.0,20.0,0,1000,12.877915382385254,0.03836289267032407,,max_step
896,fresh,0,fresh,,,0,0.0,0,0,0,0,0,10.0,5.0,5.0,20.0,0,215,6.0544939041137695,0.03409899939284768,,out_of_road
897,fresh,0,fresh,,,0,0.0,0,0,0,0,0,10.0,5.0,5.0,20.0,0,248,6.415994167327881,0.06703906041201985,,arrive_dest
898,fresh,0,fresh,,,0,0.0,0,0,0,0,0,10.0,5.0,5.0,20.0,0,428,10.532572746276855,0.06961414685214992,,out_of_road
899,fresh,0,fresh,,,0,0.0,0,0,0,0,0,10.0,5.0,5.0,20.0,0,208,-0.1306760162115097,0.0003241530547921474,,out_of_road
900,fresh,0,fresh,,,0,0.0,0,0,0,0,0,10.0,5.0,5.0,20.0,0,255,6.852663040161133,0.0533063848904681,,out_of_road
901,fresh,0,fresh,,,0,0.0,0,0,0,0,0,10.0,5.0,5.0,20.0,0,584,15.077936172485352,0.0802166139398389,,arrive_dest
902,fresh,0,fresh,,,0,0.0,0,0,0,0,0,10.0,5.0,5.0,20.0,0,391,9.797175407409668,0.08486936569137646,,arrive_dest
903,fresh,0,fresh,,,0,0.0,0,0,0,0,0,10.0,5.0,5.0,20.0,0,596,18.6171932220459,0.15914113128959395,,arrive_dest
904,fresh,0,fresh,,,0,0.0,0,0,0,0,0,10.0,5.0,5.0,20.0,0,231,6.18639612197876,0.05168604347108988,,out_of_road
905,fresh,0,fresh,,,0,0.0,0,0,0,0,0,10.0,5.0,5.0,20.0,0,25,-0.12498503178358078,0.0,,out_of_road
906,fresh,0,fresh,,,0,0.0,0,0,0,0,0,10.0,5.0,5.0,20.0,0,270,8.218071937561035,0.06899323372980924,,out_of_road
907,fresh,0,fresh,,,0,0.0,0,0,0,0,0,10.0,5.0,5.0,20.0,0,1000,7.919626235961914,0.02532193490304053,,max_step
908,fresh,0,fresh,,,0,0.0,0,0,0,0,0,10.0,5.0,5.0,20.0,0,750,19.07461929321289,0.08597466518015912,,arrive_dest
909,fresh,0,fresh,,,0,0.0,0,0,0,0,0,10.0,5.0,5.0,20.0,0,716,20.409936904907227,0.10184598559814156,,arrive_dest
910,fresh,0,fresh,,,0,0.0,0,0,0,0,0,10.0,5.0,5.0,20.0,0,431,11.342432975769043,0.07353088758527161,,arrive_dest
911,fresh,0,fresh,,,0,0.0,0,0,0,0,0,10.0,5.0,5.0,20.0,0,214,6.020068168640137,0.031235071312566507,,out_of_road
912,fresh,0,fresh,,,0,0.0,0,0,0,0,0,10.0,5.0,5.0,20.0,0,539,14.539045333862305,0.06856652455929674,,out_of_road
913,fresh,0,fresh,,,0,0.0,0,0,0,0,0,10.0,5.0,5.0,20.0,0,77,0.4415122866630554,0.0,,arrive_dest
914,fresh,0,fresh,,,0,0.0,0,0,0,0,0,10.0,5.0,5.0,20.0,0,152,3.766472101211548,0.06772349315609685,,out_of_road
915,fresh,0,fresh,,,0,0.0,0,0,0,0,0,10.0,5.0,5.0,20.0,0,1000,11.302279472351074,0.05794517603004351,,max_step
916,fresh,0,fresh,,,0,0.0,0,0,0,0,0,10.0,5.0,5.0,20.0,0,1000,6.725390434265137,0.008540852219215593,,max_step
917,fresh,0,fresh,,,0,0.0,0,0,0,0,0,10.0,5.0,5.0,20.0,0,1000,0.6065767407417297,0.026264638285618275,,max_step
918,fresh,0,fresh,,,0,0.0,0,0,0,0,0,10.0,5.0,5.0,20.0,0,440,11.274736404418945,0.07039588728326965,,arrive_dest
919,fresh,0,fresh,,,0,0.0,0,0,0,0,0,10.0,5.0,5.0,20.0,0,246,6.309284210205078,0.06350209115345667,,out_of_road
920,fresh,0,fresh,,,0,0.0,0,0,0,0,0,10.0,5.0,5.0,20.0,0,605,15.713160514831543,0.08662384110233508,,arrive_dest
921,fresh,0,fresh,,,0,0.0,0,0,0,0,0,10.0,5.0,5.0,20.0,0,291,8.105388641357422,0.07450591386503883,,out_of_road
922,fresh,0,fresh,,,0,0.0,0,0,0,0,0,10.0,5.0,5.0,20.0,0,559,14.398152351379395,0.1390530506202248,,arrive_dest
923,fresh,0,fresh,,,0,0.0,0,0,0,0,0,10.0,5.0,5.0,20.0,0,1000,11.602019309997559,0.047110909515002276,,max_step
924,fresh,0,fresh,,,0,0.0,0,0,0,0,0,10.0,5.0,5.0,20.0,0,269,8.141565322875977,0.08971479278902582,,out_of_road
925,fresh,0,fresh,,,0,0.0,0,0,0,0,0,10.0,5.0,5.0,20.0,0,358,10.050792694091797,0.11254802484106918,,arrive_dest
926,fresh,0,fresh,,,0,0.0,0,0,0,0,0,10.0,5.0,5.0,20.0,0,339,9.14641284942627,0.06930748785909123,,out_of_road
927,fresh,0,fresh,,,0,0.0,0,0,0,0,0,10.0,5.0,5.0,20.0,0,913,23.64411735534668,0.09987780108279268,,out_of_road
928,fresh,0,fresh,,,0,0.0,0,0,0,0,0,10.0,5.0,5.0,20.0,0,185,4.8785719871521,0.0549217212177511,,out_of_road
929,fresh,0,fresh,,,0,0.0,0,0,0,0,0,10.0,5.0,5.0,20.0,0,816,22.393537521362305,0.08863638523924987,,arrive_dest
930,fresh,0,fresh,,,0,0.0,0,0,0,0,0,10.0,5.0,5.0,20.0,0,411,11.086923599243164,0.07959638888111514,,arrive_dest
931,fresh,0,fresh,,,0,0.0,0,0,0,0,0,10.0,5.0,5.0,20.0,0,239,6.521756172180176,0.03424591933977186,,out_of_road
932,fresh,0,fresh,,,0,0.0,0,0,0,0,0,10.0,5.0,5.0,20.0,0,299,8.789772987365723,0.11483117132556678,,out_of_road
933,fresh,0,fresh,,,0,0.0,0,0,0,0,0,10.0,5.0,5.0,20.0,0,734,19.998153686523438,0.10484723588236042,,out_of_road
934,fresh,0,fresh,,,0,0.0,0,0,0,0,0,10.0,5.0,5.0,20.0,0,498,12.73874282836914,0.07147024143683578,,out_of_road
935,fresh,0,fresh,,,0,0.0,0,0,0,0,0,10.0,5.0,5.0,20.0,0,120,1.7990717887878418,0.02526638947116832,,out_of_road
936,fresh,0,fresh,,,0,0.0,0,0,0,0,0,10.0,5.0,5.0,20.0,0,362,9.664580345153809,0.07558905355920449,,out_of_road
937,fresh,0,fresh,,,0,0.0,0,0,0,0,0,10.0,5.0,5.0,20.0,0,216,6.1186089515686035,0.041478917358391404,,out_of_road
938,fresh,0,fresh,,,0,0.0,0,0,0,0,0,10.0,5.0,5.0,20.0,0,603,16.439924240112305,0.08919577921507493,,out_of_road
939,fresh,0,fresh,,,0,0.0,0,0,0,0,0,10.0,5.0,5.0,20.0,0,631,17.722990036010742,0.10137036481647857,,out_of_road
940,fresh,0,fresh,,,0,0.0,0,0,0,0,0,10.0,5.0,5.0,20.0,0,727,19.404014587402344,0.06821888110515863,,arrive_dest
941,fresh,0,fresh,,,0,0.0,0,0,0,0,0,10.0,5.0,5.0,20.0,0,630,17.99418067932129,0.12776645181907548,,arrive_dest
942,fresh,0,fresh,,,0,0.0,0,0,0,0,0,10.0,5.0,5.0,20.0,0,248,6.313475608825684,0.019506838603598635,,out_of_road
943,fresh,0,fresh,,,0,0.0,0,0,0,0,0,10.0,5.0,5.0,20.0,0,105,2.015292167663574,0.018071938696361724,,out_of_road
944,fresh,0,fresh,,,0,0.0,0,0,0,0,0,10.0,5.0,5.0,20.0,0,336,9.222044944763184,0.05202135300983389,,out_of_road
945,fresh,0,fresh,,,0,0.0,0,0,0,0,0,10.0,5.0,5.0,20.0,0,265,6.787130832672119,0.038230145915921006,,out_of_road
946,fresh,0,fresh,,,0,0.0,0,0,0,0,0,10.0,5.0,5.0,20.0,0,429,11.333518981933594,0.104167280647044,,arrive_dest
947,fresh,0,fresh,,,0,0.0,0,0,0,0,0,10.0,5.0,5.0,20.0,0,1000,15.379688262939453,0.056010478341020645,,max_step
948,fresh,0,fresh,,,0,0.0,0,0,0,0,0,10.0,5.0,5.0,20.0,0,149,4.009618759155273,0.04892614733227747,,arrive_dest
949,fresh,0,fresh,,,0,0.0,0,0,0,0,0,10.0,5.0,5.0,20.0,0,1000,0.027134127914905548,0.0002066932749003172,,max_step
950,fresh,0,fresh,,,0,0.0,0,0,0,0,0,10.0,5.0,5.0,20.0,0,397,9.889466285705566,0.06526856746592603,,arrive_dest
951,fresh,0,fresh,,,0,0.0,0,0,0,0,0,10.0,5.0,5.0,20.0,0,1000,0.010090592317283154,8.846147358417511e-05,,max_step
952,fresh,0,fresh,,,0,0.0,0,0,0,0,0,10.0,5.0,5.0,20.0,0,546,1.6022224426269531,0.02413301017892721,,out_of_road
953,fresh,0,fresh,,,0,0.0,0,0,0,0,0,10.0,5.0,5.0,20.0,0,769,19.412866592407227,0.07823290509415212,,out_of_road
954,fresh,0,fresh,,,0,0.0,0,0,0,0,0,10.0,5.0,5.0,20.0,0,501,13.946334838867188,0.09685723981011414,,arrive_dest
955,fresh,0,fresh,,,0,0.0,0,0,0,0,0,10.0,5.0,5.0,20.0,0,408,11.56898021697998,0.09077478915466652,,arrive_dest
956,fresh,0,fresh,,,0,0.0,0,0,0,0,0,10.0,5.0,5.0,20.0,0,340,9.414298057556152,0.06881140477078802,,arrive_dest
957,fresh,0,fresh,,,0,0.0,0,0,0,0,0,10.0,5.0,5.0,20.0,0,501,14.068831443786621,0.07772948584629004,,out_of_road
958,fresh,0,fresh,,,0,0.0,0,0,0,0,0,10.0,5.0,5.0,20.0,0,174,3.4807488918304443,0.031137339653040486,,out_of_road
959,fresh,0,fresh,,,0,0.0,0,0,0,0,0,10.0,5.0,5.0,20.0,0,1000,9.869216918945312,0.031397375305416066,,max_step
960,fresh,0,fresh,,,0,0.0,0,0,0,0,0,10.0,5.0,5.0,20.0,0,463,13.521108627319336,0.0848195885466995,,arrive_dest
961,fresh,0,fresh,,,0,0.0,0,0,0,0,0,10.0,5.0,5.0,20.0,0,130,2.1209447383880615,0.02231271252609216,,out_of_road
962,fresh,0,fresh,,,0,0.0,0,0,0,0,0,10.0,5.0,5.0,20.0,0,126,1.751747727394104,0.015534256104498155,,out_of_road
963,fresh,0,fresh,,,0,0.0,0,0,0,0,0,10.0,5.0,5.0,20.0,0,386,10.333127975463867,0.1048816234003656,,out_of_road
964,fresh,0,fresh,,,0,0.0,0,0,0,0,0,10.0,5.0,5.0,20.0,0,88,1.1720261573791504,0.014701858030589805,,out_of_road
965,fresh,0,fresh,,,0,0.0,0,0,0,0,0,10.0,5.0,5.0,20.0,0,1000,5.825316905975342,0.010718770089821191,,max_step
966,fresh,0,fresh,,,0,0.0,0,0,0,0,0,10.0,5.0,5.0,20.0,0,305,8.905503273010254,0.12911141315078148,,arrive_dest
967,fresh,0,fresh,,,0,0.0,0,0,0,0,0,10.0,5.0,5.0,20.0,0,59,0.4264727234840393,0.014729098401079744,,out_of_road
968,fresh,0,fresh,,,0,0.0,0,0,0,0,0,10.0,5.0,5.0,20.0,0,223,4.902195930480957,0.046746056990472455,,out_of_road
969,fresh,0,fresh,,,0,0.0,0,0,0,0,0,10.0,5.0,5.0,20.0,0,188,3.7563047409057617,0.05851655300617456,,arrive_dest
970,fresh,0,fresh,,,0,0.0,0,0,0,0,0,10.0,5.0,5.0,20.0,0,534,15.533891677856445,0.11147187896637936,,arrive_dest
971,fresh,0,fresh,,,0,0.0,0,0,0,0,0,10.0,5.0,5.0,20.0,0,375,8.468236923217773,0.048337133343021074,,out_of_road
972,fresh,0,fresh,,,0,0.0,0,0,0,0,0,10.0,5.0,5.0,20.0,0,85,0.4131373167037964,0.022448887856786743,,out_of_road
973,fresh,0,fresh,,,0,0.0,0,0,0,0,0,10.0,5.0,5.0,20.0,0,397,10.57505989074707,0.08297867072342663,,arrive_dest
974,fresh,0,fresh,,,0,0.0,0,0,0,0,0,10.0,5.0,5.0,20.0,0,106,1.4818211793899536,0.0045074715085749355,,out_of_road
975,fresh,0,fresh,,,0,0.0,0,0,0,0,0,10.0,5.0,5.0,20.0,0,247,6.565097332000732,0.061672746475318424,,arrive_dest
976,fresh,0,fresh,,,0,0.0,0,0,0,0,0,10.0,5.0,5.0,20.0,0,1000,2.002885103225708,0.014647898808121682,,max_step
977,fresh,0,fresh,,,0,0.0,0,0,0,0,0,10.0,5.0,5.0,20.0,0,438,12.107154846191406,0.08869233294831351,,out_of_road
978,fresh,0,fresh,,,0,0.0,0,0,0,0,0,10.0,5.0,5.0,20.0,0,420,10.387436866760254,0.04497432764508717,,out_of_road
979,fresh,0,fresh,,,0,0.0,0,0,0,0,0,10.0,5.0,5.0,20.0,0,517,14.683594703674316,0.11675018682802092,,arrive_dest
980,fresh,0,fresh,,,0,0.0,0,0,0,0,0,10.0,5.0,5.0,20.0,0,128,2.270890474319458,0.012475910898501752,,out_of_road
981,fresh,0,fresh,,,0,0.0,0,0,0,0,0,10.0,5.0,5.0,20.0,0,476,11.420263290405273,0.05332213054590138,,arrive_dest
982,fresh,0,fresh,,,0,0.0,0,0,0,0,0,10.0,5.0,5.0,20.0,0,924,23.696592330932617,0.07891160780735297,,arrive_dest
983,fresh,0,fresh,,,0,0.0,0,0,0,0,0,10.0,5.0,5.0,20.0,0,390,11.448737144470215,0.09877945235930383,,arrive_dest
984,fresh,0,fresh,,,0,0.0,0,0,0,0,0,10.0,5.0,5.0,20.0,0,1000,25.8465576171875,0.10715557059124695,,max_step
985,fresh,0,fresh,,,0,0.0,0,0,0,0,0,10.0,5.0,5.0,20.0,0,390,10.111993789672852,0.0730399010129846,,arrive_dest
986,fresh,0,fresh,,,0,0.0,0,0,0,0,0,10.0,5.0,5.0,20.0,0,805,21.694631576538086,0.06188793061228805,,arrive_dest
987,fresh,0,fresh,,,0,0.0,0,0,0,0,0,10.0,5.0,5.0,20.0,0,222,5.136073589324951,0.042131215066497994,,out_of_road
988,fresh,0,fresh,,,0,0.0,0,0,0,0,0,10.0,5.0,5.0,20.0,0,142,2.101383686065674,0.03797505029910047,,out_of_road
989,fresh,0,fresh,,,0,0.0,0,0,0,0,0,10.0,5.0,5.0,20.0,0,139,2.0849719047546387,0.025417435592670234,,out_of_road
990,fresh,0,fresh,,,0,0.0,0,0,0,0,0,10.0,5.0,5.0,20.0,0,1000,0.532280683517456,0.002477779593318701,,max_step
991,fresh,0,fresh,,,0,0.0,0,0,0,0,0,10.0,5.0,5.0,20.0,0,360,8.994305610656738,0.06108104125596583,,out_of_road
992,fresh,0,fresh,,,0,0.0,0,0,0,0,0,10.0,5.0,5.0,20.0,0,134,1.8940191268920898,0.009360935455605165,,out_of_road
993,fresh,0,fresh,,,0,0.0,0,0,0,0,0,10.0,5.0,5.0,20.0,0,955,27.73410987854004,0.09592850408102362,,arrive_dest
994,fresh,0,fresh,,,0,0.0,0,0,0,0,0,10.0,5.0,5.0,20.0,0,57,0.4062599539756775,0.035140026867258964,,out_of_road
995,fresh,0,fresh,,,0,0.0,0,0,0,0,0,10.0,5.0,5.0,20.0,0,115,1.7220135927200317,0.022312095384720874,,out_of_road
996,fresh,0,fresh,,,0,0.0,0,0,0,0,0,10.0,5.0,5.0,20.0,0,452,7.012027263641357,0.04124960055228619,,out_of_road
997,fresh,0,fresh,,,0,0.0,0,0,0,0,0,10.0,5.0,5.0,20.0,0,560,15.218636512756348,0.08705242801723735,,arrive_dest
998,fresh,0,fresh,,,0,0.0,0,0,0,0,0,10.0,5.0,5.0,20.0,0,539,14.282157897949219,0.07497888097819459,,arrive_dest
999,fresh,0,fresh,,,0,0.0,0,0,0,0,0,10.0,5.0,5.0,20.0,0,247,6.318294525146484,0.0419042063669607,,out_of_road
1000,fresh,0,fresh,,,0,0.0,0,0,0,0,0,10.0,5.0,5.0,20.0,0,1000,13.647940635681152,0.08696234381105751,,max_step
1001,fresh,0,fresh,,,0,0.0,0,0,0,0,0,10.0,5.0,5.0,20.0,0,94,1.669804573059082,0.0777674915784217,,arrive_dest
1002,fresh,0,fresh,,,0,0.0,0,0,0,0,0,10.0,5.0,5.0,20.0,0,167,4.1654839515686035,0.02612693975595925,,out_of_road
1003,fresh,0,fresh,,,0,0.0,0,0,0,0,0,10.0,5.0,5.0,20.0,0,743,18.414901733398438,0.0744558740338288,,arrive_dest
1004,fresh,0,fresh,,,0,0.0,0,0,0,0,0,10.0,5.0,5.0,20.0,0,924,26.882152557373047,0.15571204864609486,,arrive_dest
1005,fresh,0,fresh,,,0,0.0,0,0,0,0,0,10.0,5.0,5.0,20.0,0,208,5.20341157913208,0.06457294293571837,,arrive_dest
1006,fresh,0,fresh,,,0,0.0,0,0,0,0,0,10.0,5.0,5.0,20.0,0,109,1.6110633611679077,0.010317609739412955,,out_of_road
1007,fresh,0,fresh,,,0,0.0,0,0,0,0,0,10.0,5.0,5.0,20.0,0,2,0.26719099283218384,0.02355104684829712,,arrive_dest
1008,fresh,0,fresh,,,0,0.0,0,0,0,0,0,10.0,5.0,5.0,20.0,0,874,22.213726043701172,0.0991627344695395,,arrive_dest
1009,fresh,0,fresh,,,0,0.0,0,0,0,0,0,10.0,5.0,5.0,20.0,0,791,20.689855575561523,0.10021209141696355,,arrive_dest
1010,fresh,0,fresh,,,0,0.0,0,0,0,0,0,10.0,5.0,5.0,20.0,0,819,22.807451248168945,0.0792535822760366,,arrive_dest
1011,fresh,0,fresh,,,0,0.0,0,0,0,0,0,10.0,5.0,5.0,20.0,0,544,14.25393295288086,0.0826161966936471,,out_of_road
1012,fresh,0,fresh,,,0,0.0,0,0,0,0,0,10.0,5.0,5.0,20.0,0,168,3.8511035442352295,0.03785612543634627,,arrive_dest
1013,fresh,0,fresh,,,0,0.0,0,0,0,0,0,10.0,5.0,5.0,20.0,0,219,4.801468372344971,0.030844888896532526,,arrive_dest
1014,fresh,0,fresh,,,0,0.0,0,0,0,0,0,10.0,5.0,5.0,20.0,0,60,0.403888463973999,0.0006781213451176882,,out_of_road
1015,fresh,0,fresh,,,0,0.0,0,0,0,0,0,10.0,5.0,5.0,20.0,0,516,13.237126350402832,0.08872384368396877,,arrive_dest
1016,fresh,0,fresh,,,0,0.0,0,0,0,0,0,10.0,5.0,5.0,20.0,0,664,16.14937400817871,0.04921836496039058,,out_of_road
1017,fresh,0,fresh,,,0,0.0,0,0,0,0,0,10.0,5.0,5.0,20.0,0,209,4.559084415435791,0.02140397660469895,,out_of_road
1018,fresh,0,fresh,,,0,0.0,0,0,0,0,0,10.0,5.0,5.0,20.0,0,1000,10.789987564086914,0.0396166945330333,,max_step
1019,fresh,0,fresh,,,0,0.0,0,0,0,0,0,10.0,5.0,5.0,20.0,0,46,0.31578612327575684,0.0033679454708876815,,out_of_road
1020,fresh,0,fresh,,,0,0.0,0,0,0,0,0,10.0,5.0,5.0,20.0,0,1000,13.390602111816406,0.07369608039595187,,max_step
1021,fresh,0,fresh,,,0,0.0,0,0,0,0,0,10.0,5.0,5.0,20.0,0,642,17.120702743530273,0.12881781473883494,,arrive_dest
1022,fresh,0,fresh,,,0,0.0,0,0,0,0,0,10.0,5.0,5.0,20.0,0,521,13.723700523376465,0.07374010996329071,,out_of_road
1023,fresh,0,fresh,,,0,0.0,0,0,0,0,0,10.0,5.0,5.0,20.0,0,851,22.310436248779297,0.08186620077680244,,arrive_dest
1024,fresh,0,fresh,,,0,0.0,0,0,0,0,0,10.0,5.0,5.0,20.0,0,527,12.349468231201172,0.059975990746347005,,arrive_dest
1025,fresh,0,fresh,,,0,0.0,0,0,0,0,0,10.0,5.0,5.0,20.0,0,387,9.672163963317871,0.06920994466979259,,out_of_road
1026,fresh,0,fresh,,,0,0.0,0,0,0,0,0,10.0,5.0,5.0,20.0,0,131,2.0983455181121826,0.02777478626381805,,out_of_road
1027,fresh,0,fresh,,,0,0.0,0,0,0,0,0,10.0,5.0,5.0,20.0,0,417,9.909231185913086,0.05301617839813626,,out_of_road
1028,fresh,0,fresh,,,0,0.0,0,0,0,0,0,10.0,5.0,5.0,20.0,0,437,11.737513542175293,0.07749849846863638,,out_of_road
1029,fresh,0,fresh,,,0,0.0,0,0,0,0,0,10.0,5.0,5.0,20.0,0,626,18.130582809448242,0.13698917812260147,,out_of_road
1030,fresh,0,fresh,,,0,0.0,0,0,0,0,0,10.0,5.0,5.0,20.0,0,610,14.790079116821289,0.05294687481879516,,arrive_dest
1031,fresh,0,fresh,,,0,0.0,0,0,0,0,0,10.0,5.0,5.0,20.0,0,373,9.636930465698242,0.053548838502550176,,out_of_road
1032,fresh,0,fresh,,,0,0.0,0,0,0,0,0,10.0,5.0,5.0,20.0,0,115,1.6906611919403076,0.024700278545851294,,out_of_road
1033,fresh,0,fresh,,,0,0.0,0,0,0,0,0,10.0,5.0,5.0,20.0,0,1000,7.008858680725098,0.020891747437330195,,max_step
1034,fresh,0,fresh,,,0,0.0,0,0,0,0,0,10.0,5.0,5.0,20.0,0,1000,0.5164695978164673,0.014808018871583045,,max_step
1035,fresh,0,fresh,,,0,0.0,0,0,0,0,0,10.0,5.0,5.0,20.0,0,487,11.099499702453613,0.10097906058840644,,out_of_road
1036,fresh,0,fresh,,,0,0.0,0,0,0,0,0,10.0,5.0,5.0,20.0,0,908,25.45150375366211,0.10467049373890219,,out_of_road
1037,fresh,0,fresh,,,0,0.0,0,0,0,0,0,10.0,5.0,5.0,20.0,0,530,12.963347434997559,0.06460609545158047,,arrive_dest
1038,fresh,0,fresh,,,0,0.0,0,0,0,0,0,10.0,5.0,5.0,20.0,0,781,19.666139602661133,0.06542104332756714,,arrive_dest
1039,fresh,0,fresh,,,0,0.0,0,0,0,0,0,10.0,5.0,5.0,20.0,0,534,12.849048614501953,0.12890260436568646,,out_of_road
1040,fresh,0,fresh,,,0,0.0,0,0,0,0,0,10.0,5.0,5.0,20.0,0,230,4.474360466003418,0.04467050669836285,,out_of_road
1041,fresh,0,fresh,,,0,0.0,0,0,0,0,0,10.0,5.0,5.0,20.0,0,1000,0.5138031840324402,0.006636388968880055,,max_step
1042,fresh,0,fresh,,,0,0.0,0,0,0,0,0,10.0,5.0,5.0,20.0,0,624,15.891615867614746,0.07053827352147216,,out_of_road
1043,fresh,0,fresh,,,0,0.0,0,0,0,0,0,10.0,5.0,5.0,20.0,0,1000,2.2349789142608643,0.011369298147445079,,max_step
1044,fresh,0,fresh,,,0,0.0,0,0,0,0,0,10.0,5.0,5.0,20.0,0,875,25.094768524169922,0.08675319289203201,,arrive_dest
1045,fresh,0,fresh,,,0,0.0,0,0,0,0,0,10.0,5.0,5.0,20.0,0,230,6.237597465515137,0.07317230818469239,,out_of_road
1046,fresh,0,fresh,,,0,0.0,0,0,0,0,0,10.0,5.0,5.0,20.0,0,2,0.2642670273780823,0.0,,arrive_dest
1047,fresh,0,fresh,,,0,0.0,0,0,0,0,0,10.0,5.0,5.0,20.0,0,326,6.19814395904541,0.02577443818056076,,arrive_dest
1048,fresh,0,fresh,,,0,0.0,0,0,0,0,0,10.0,5.0,5.0,20.0,0,629,15.842949867248535,0.0739866566410457,,out_of_road
1049,fresh,0,fresh,,,0,0.0,0,0,0,0,0,10.0,5.0,5.0,20.0,0,146,3.0466840267181396,0.03679759404303072,,out_of_road
1050,fresh,0,fresh,,,0,0.0,0,0,0,0,0,10.0,5.0,5.0,20.0,0,93,0.4198445677757263,0.019605591863153443,,out_of_road
1051,fresh,0,fresh,,,0,0.0,0,0,0,0,0,10.0,5.0,5.0,20.0,0,683,17.290908813476562,0.10983170286205489,,out_of_road
1052,fresh,0,fresh,,,0,0.0,0,0,0,0,0,10.0,5.0,5.0,20.0,0,368,8.380982398986816,0.09967834482718584,,out_of_road
1053,fresh,0,fresh,,,0,0.0,0,0,0,0,0,10.0,5.0,5.0,20.0,0,102,1.78803288936615,0.02605571349918404,,out_of_road
1054,fresh,0,fresh,,,0,0.0,0,0,0,0,0,10.0,5.0,5.0,20.0,0,364,-0.30465951561927795,0.0015023123718552536,,out_of_road
1055,fresh,0,fresh,,,0,0.0,0,0,0,0,0,10.0,5.0,5.0,20.0,0,1000,0.5228111147880554,0.0012591884527355433,,max_step
1056,fresh,0,fresh,,,0,0.0,0,0,0,0,0,10.0,5.0,5.0,20.0,0,245,6.254936218261719,0.07925863097973015,,out_of_road
1057,fresh,0,fresh,,,0,0.0,0,0,0,0,0,10.0,5.0,5.0,20.0,0,304,8.125192642211914,0.10755078888063221,,out_of_road
1058,fresh,0,fresh,,,0,0.0,0,0,0,0,0,10.0,5.0,5.0,20.0,0,772,21.002552032470703,0.11093165025530007,,arrive_dest
1059,fresh,0,fresh,,,0,0.0,0,0,0,0,0,10.0,5.0,5.0,20.0,0,263,5.212770462036133,0.031071030708320242,,out_of_road
1060,fresh,0,fresh,,,0,0.0,0,0,0,0,0,10.0,5.0,5.0,20.0,0,1000,7.523443222045898,0.02733604671433568,,max_step
1061,fresh,0,fresh,,,0,0.0,0,0,0,0,0,10.0,5.0,5.0,20.0,0,450,10.830557823181152,0.07498330711697539,,out_of_road
1062,fresh,0,fresh,,,0,0.0,0,0,0,0,0,10.0,5.0,5.0,20.0,0,164,2.5638668537139893,0.07754282006516872,,out_of_road
1063,fresh,0,fresh,,,0,0.0,0,0,0,0,0,10.0,5.0,5.0,20.0,0,187,3.368103265762329,0.012531942523577633,,out_of_road
1064,fresh,0,fresh,,,0,0.0,0,0,0,0,0,10.0,5.0,5.0,20.0,0,9,0.2748204469680786,0.0,,arrive_dest
1065,fresh,0,fresh,,,0,0.0,0,0,0,0,0,10.0,5.0,5.0,20.0,0,493,13.043380737304688,0.051625276124199315,,arrive_dest
1066,fresh,0,fresh,,,0,0.0,0,0,0,0,0,10.0,5.0,5.0,20.0,0,1000,1.5315827131271362,0.01363844352500746,,max_step
1067,fresh,0,fresh,,,0,0.0,0,0,0,0,0,10.0,5.0,5.0,20.0,0,231,4.96783447265625,0.0414352977680631,,out_of_road
1068,fresh,0,fresh,,,0,0.0,0,0,0,0,0,10.0,5.0,5.0,20.0,0,649,2.1642537117004395,0.01614379289435174,,out_of_road
1069,fresh,0,fresh,,,0,0.0,0,0,0,0,0,10.0,5.0,5.0,20.0,0,708,17.0151309967041,0.04815021963851884,,out_of_road
1070,fresh,0,fresh,,,0,0.0,0,0,0,0,0,10.0,5.0,5.0,20.0,0,108,2.015730857849121,0.03785574236557026,,arrive_dest
1071,fresh,0,fresh,,,0,0.0,0,0,0,0,0,10.0,5.0,5.0,20.0,0,350,8.921733856201172,0.05420611826969045,,out_of_road
1072,fresh,0,fresh,,,0,0.0,0,0,0,0,0,10.0,5.0,5.0,20.0,0,368,8.645397186279297,0.06029019257149902,,out_of_road
1073,fresh,0,fresh,,,0,0.0,0,0,0,0,0,10.0,5.0,5.0,20.0,0,220,6.037555694580078,0.052997860954862766,,out_of_road
1074,fresh,0,fresh,,,0,0.0,0,0,0,0,0,10.0,5.0,5.0,20.0,0,57,0.3698279857635498,0.02613650375094853,,out_of_road
1075,fresh,0,fresh,,,0,0.0,0,0,0,0,0,10.0,5.0,5.0,20.0,0,470,12.248196601867676,0.06154865589726003,,out_of_road
1076,fresh,0,fresh,,,0,0.0,0,0,0,0,0,10.0,5.0,5.0,20.0,0,309,7.747145652770996,0.04073464473962639,,out_of_road
1077,fresh,0,fresh,,,0,0.0,0,0,0,0,0,10.0,5.0,5.0,20.0,0,899,25.464813232421875,0.0811787799997004,,arrive_dest
1078,fresh,0,fresh,,,0,0.0,0,0,0,0,0,10.0,5.0,5.0,20.0,0,53,0.38161998987197876,0.005935191791856064,,out_of_road
1079,fresh,0,fresh,,,0,0.0,0,0,0,0,0,10.0,5.0,5.0,20.0,0,497,12.926178932189941,0.06957329980611157,,arrive_dest
1080,fresh,0,fresh,,,0,0.0,0,0,0,0,0,10.0,5.0,5.0,20.0,0,116,1.9082448482513428,0.019686120208995097,,out_of_road
1081,fresh,0,fresh,,,0,0.0,0,0,0,0,0,10.0,5.0,5.0,20.0,0,508,13.423095703125,0.11535574969886912,,out_of_road
1082,fresh,0,fresh,,,0,0.0,0,0,0,0,0,10.0,5.0,5.0,20.0,0,187,2.691134452819824,0.05828873335289206,,out_of_road
1083,fresh,0,fresh,,,0,0.0,0,0,0,0,0,10.0,5.0,5.0,20.0,0,261,6.765657424926758,0.05279550580950133,,out_of_road
1084,fresh,0,fresh,,,0,0.0,0,0,0,0,0,10.0,5.0,5.0,20.0,0,319,7.77766752243042,0.07570300734423825,,out_of_road
1085,fresh,0,fresh,,,0,0.0,0,0,0,0,0,10.0,5.0,5.0,20.0,0,229,4.712671756744385,0.05238862255970463,,out_of_road
1086,fresh,0,fresh,,,0,0.0,0,0,0,0,0,10.0,5.0,5.0,20.0,0,207,4.679356098175049,0.05606790684087085,,arrive_dest
1087,fresh,0,fresh,,,0,0.0,0,0,0,0,0,10.0,5.0,5.0,20.0,0,268,5.101852893829346,0.04515683634985072,,arrive_dest
1088,fresh,0,fresh,,,0,0.0,0,0,0,0,0,10.0,5.0,5.0,20.0,0,299,7.998855113983154,0.0760633545276712,,out_of_road
1089,fresh,0,fresh,,,0,0.0,0,0,0,0,0,10.0,5.0,5.0,20.0,0,260,6.0840888023376465,0.06809217001741322,,arrive_dest
1090,fresh,0,fresh,,,0,0.0,0,0,0,0,0,10.0,5.0,5.0,20.0,0,577,15.590542793273926,0.07655629564231614,,out_of_road
1091,fresh,0,fresh,,,0,0.0,0,0,0,0,0,10.0,5.0,5.0,20.0,0,302,5.734985828399658,0.0951850130238157,,arrive_dest
1092,fresh,0,fresh,,,0,0.0,0,0,0,0,0,10.0,5.0,5.0,20.0,0,508,12.698236465454102,0.05495570958353667,,arrive_dest
1093,fresh,0,fresh,,,0,0.0,0,0,0,0,0,10.0,5.0,5.0,20.0,0,1000,6.317238807678223,0.01357614230317995,,max_step
1094,fresh,0,fresh,,,0,0.0,0,0,0,0,0,10.0,5.0,5.0,20.0,0,1000,17.358837127685547,0.0764463177653961,,max_step
1095,fresh,0,fresh,,,0,0.0,0,0,0,0,0,10.0,5.0,5.0,20.0,0,126,1.9631801843643188,0.02058608699146481,,out_of_road
1096,fresh,0,fresh,,,0,0.0,0,0,0,0,0,10.0,5.0,5.0,20.0,0,151,2.712843179702759,0.05275174879179095,,arrive_dest
1097,fresh,0,fresh,,,0,0.0,0,0,0,0,0,10.0,5.0,5.0,20.0,0,629,15.59512710571289,0.10965594952549958,,arrive_dest
1098,fresh,0,fresh,,,0,0.0,0,0,0,0,0,10.0,5.0,5.0,20.0,0,48,0.25117355585098267,0.0,,out_of_road
1099,fresh,0,fresh,,,0,0.0,0,0,0,0,0,10.0,5.0,5.0,20.0,0,1000,1.657028317451477,0.0030275388106238096,,max_step
1100,fresh,0,fresh,,,0,0.0,0,0,0,0,0,10.0,5.0,5.0,20.0,0,226,4.4841508865356445,0.045592394775908804,,out_of_road
1101,fresh,0,fresh,,,0,0.0,0,0,0,0,0,10.0,5.0,5.0,20.0,0,828,21.777881622314453,0.09665186587858333,,arrive_dest
1102,fresh,0,fresh,,,0,0.0,0,0,0,0,0,10.0,5.0,5.0,20.0,0,438,10.005071640014648,0.08955439686622113,,out_of_road
1103,fresh,0,fresh,,,0,0.0,0,0,0,0,0,10.0,5.0,5.0,20.0,0,131,2.019611120223999,0.02252855791731645,,out_of_road
1104,fresh,0,fresh,,,0,0.0,0,0,0,0,0,10.0,5.0,5.0,20.0,0,216,4.98206090927124,0.03309098061894205,,out_of_road
1105,fresh,0,fresh,,,0,0.0,0,0,0,0,0,10.0,5.0,5.0,20.0,0,781,19.197669982910156,0.09915934350560973,,out_of_road
1106,fresh,0,fresh,,,0,0.0,0,0,0,0,0,10.0,5.0,5.0,20.0,0,1000,13.698643684387207,0.07458031264320016,,max_step
1107,fresh,0,fresh,,,0,0.0,0,0,0,0,0,10.0,5.0,5.0,20.0,0,179,3.607314109802246,0.05263823779122956,,out_of_road
1108,fresh,0,fresh,,,0,0.0,0,0,0,0,0,10.0,5.0,5.0,20.0,0,282,6.736597537994385,0.0583801844523863,,out_of_road
1109,fresh,0,fresh,,,0,0.0,0,0,0,0,0,10.0,5.0,5.0,20.0,0,1000,2.2386093139648438,0.02987167028710246,,max_step
1110,fresh,0,fresh,,,0,0.0,0,0,0,0,0,10.0,5.0,5.0,20.0,0,645,15.343342781066895,0.12188806654073212,,arrive_dest
1111,fresh,0,fresh,,,0,0.0,0,0,0,0,0,10.0,5.0,5.0,20.0,0,1000,24.91139793395996,0.08860001778264996,,max_step
1112,fresh,0,fresh,,,0,0.0,0,0,0,0,0,10.0,5.0,5.0,20.0,0,439,8.965880393981934,0.05690178673519225,,out_of_road
1113,fresh,0,fresh,,,0,0.0,0,0,0,0,0,10.0,5.0,5.0,20.0,0,1000,16.506406784057617,0.05223272814927623,,max_step
1114,fresh,0,fresh,,,0,0.0,0,0,0,0,0,10.0,5.0,5.0,20.0,0,668,1.323862910270691,0.0030764825886093125,,out_of_road
1115,fresh,0,fresh,,,0,0.0,0,0,0,0,0,10.0,5.0,5.0,20.0,0,314,7.524768829345703,0.06616705351073153,,arrive_dest
1116,fresh,0,fresh,,,0,0.0,0,0,0,0,0,10.0,5.0,5.0,20.0,0,411,10.314947128295898,0.1196557372658901,,out_of_road
1117,fresh,0,fresh,,,0,0.0,0,0,0,0,0,10.0,5.0,5.0,20.0,0,391,10.94726848602295,0.09145973758984005,,arrive_dest
1118,fresh,0,fresh,,,0,0.0,0,0,0,0,0,10.0,5.0,5.0,20.0,0,273,6.0306010246276855,0.031575858245020384,,out_of_road
1119,fresh,0,fresh,,,0,0.0,0,0,0,0,0,10.0,5.0,5.0,20.0,0,267,7.349050521850586,0.08020871243533793,,arrive_dest
1120,fresh,0,fresh,,,0,0.0,0,0,0,0,0,10.0,5.0,5.0,20.0,0,573,16.157333374023438,0.08696824067392521,,arrive_dest
1121,fresh,0,fresh,,,0,0.0,0,0,0,0,0,10.0,5.0,5.0,20.0,0,1000,15.336201667785645,0.03318799857934937,,max_step
1122,fresh,0,fresh,,,0,0.0,0,0,0,0,0,10.0,5.0,5.0,20.0,0,504,12.572125434875488,0.08899125108049095,,out_of_road
1123,fresh,0,fresh,,,0,0.0,0,0,0,0,0,10.0,5.0,5.0,20.0,0,351,8.174040794372559,0.06274833847261817,,out_of_road
1124,fresh,0,fresh,,,0,0.0,0,0,0,0,0,10.0,5.0,5.0,20.0,0,214,5.7278666496276855,0.0412596427687557,,arrive_dest
1125,fresh,0,fresh,,,0,0.0,0,0,0,0,0,10.0,5.0,5.0,20.0,0,251,6.315992832183838,0.04844152798275074,,out_of_road
1126,fresh,0,fresh,,,0,0.0,0,0,0,0,0,10.0,5.0,5.0,20.0,0,694,18.220502853393555,0.12932468811251352,,arrive_dest
1127,fresh,0,fresh,,,0,0.0,0,0,0,0,0,10.0,5.0,5.0,20.0,0,116,1.7226083278656006,0.01920096944728545,,arrive_dest
1128,fresh,0,fresh,,,0,0.0,0,0,0,0,0,10.0,5.0,5.0,20.0,0,121,1.8669893741607666,0.004447836126778121,,out_of_road
1129,fresh,0,fresh,,,0,0.0,0,0,0,0,0,10.0,5.0,5.0,20.0,0,504,12.664997100830078,0.06708868578148429,,arrive_dest
1130,fresh,0,fresh,,,0,0.0,0,0,0,0,0,10.0,5.0,5.0,20.0,0,715,18.42436981201172,0.1160333478523718,,arrive_dest
1131,fresh,0,fresh,,,0,0.0,0,0,0,0,0,10.0,5.0,5.0,20.0,0,644,14.413727760314941,0.07122606841029501,,arrive_dest
1132,fresh,0,fresh,,,0,0.0,0,0,0,0,0,10.0,5.0,5.0,20.0,0,165,3.5277159214019775,0.06487977094948291,,arrive_dest
1133,fresh,0,fresh,,,0,0.0,0,0,0,0,0,10.0,5.0,5.0,20.0,0,536,1.7406818866729736,0.005011460344209823,,out_of_road
1134,fresh,0,fresh,,,0,0.0,0,0,0,0,0,10.0,5.0,5.0,20.0,0,123,1.8257427215576172,0.016707530139180703,,out_of_road
1135,fresh,0,fresh,,,0,0.0,0,0,0,0,0,10.0,5.0,5.0,20.0,0,541,12.712635040283203,0.11985902898289029,,out_of_road
1136,fresh,0,fresh,,,0,0.0,0,0,0,0,0,10.0,5.0,5.0,20.0,0,296,8.002527236938477,0.08832292736671563,,arrive_dest
1137,fresh,0,fresh,,,0,0.0,0,0,0,0,0,10.0,5.0,5.0,20.0,0,167,3.1367533206939697,0.03242172820571654,,out_of_road
1138,fresh,0,fresh,,,0,0.0,0,0,0,0,0,10.0,5.0,5.0,20.0,0,1000,0.5316898226737976,0.003132545333355665,,max_step
1139,fresh,0,fresh,,,0,0.0,0,0,0,0,0,10.0,5.0,5.0,20.0,0,330,8.085983276367188,0.06028768368432242,,arrive_dest
1140,fresh,0,fresh,,,0,0.0,0,0,0,0,0,10.0,5.0,5.0,20.0,0,1000,5.062878131866455,0.018729665322520305,,max_step
1141,fresh,0,fresh,,,0,0.0,0,0,0,0,0,10.0,5.0,5.0,20.0,0,398,10.62086296081543,0.0892189733670023,,arrive_dest
1142,fresh,0,fresh,,,0,0.0,0,0,0,0,0,10.0,5.0,5.0,20.0,0,173,-0.13504143059253693,0.0015416933880375988,,out_of_road
1143,fresh,0,fresh,,,0,0.0,0,0,0,0,0,10.0,5.0,5.0,20.0,0,473,11.312506675720215,0.05920198546175158,,arrive_dest
1144,fresh,0,fresh,,,0,0.0,0,0,0,0,0,10.0,5.0,5.0,20.0,0,935,6.297142505645752,0.02567847677964697,,out_of_road
1145,fresh,0,fresh,,,0,0.0,0,0,0,0,0,10.0,5.0,5.0,20.0,0,557,14.561570167541504,0.08563827255680569,,arrive_dest
1146,fresh,0,fresh,,,0,0.0,0,0,0,0,0,10.0,5.0,5.0,20.0,0,706,2.3447649478912354,0.013816192025244868,,out_of_road
1147,fresh,0,fresh,,,0,0.0,0,0,0,0,0,10.0,5.0,5.0,20.0,0,561,15.731771469116211,0.1201136104074438,,arrive_dest
1148,fresh,0,fresh,,,0,0.0,0,0,0,0,0,10.0,5.0,5.0,20.0,0,808,21.24300193786621,0.10232224769828066,,arrive_dest
1149,fresh,0,fresh,,,0,0.0,0,0,0,0,0,10.0,5.0,5.0,20.0,0,73,0.41496163606643677,0.01078448698485959,,out_of_road
1150,fresh,0,fresh,,,0,0.0,0,0,0,0,0,10.0,5.0,5.0,20.0,0,786,21.330257415771484,0.14558879338659858,,arrive_dest
1151,fresh,0,fresh,,,0,0.0,0,0,0,0,0,10.0,5.0,5.0,20.0,0,1000,6.321605682373047,0.018431479927501642,,max_step
1152,fresh,0,fresh,,,0,0.0,0,0,0,0,0,10.0,5.0,5.0,20.0,0,348,7.13322114944458,0.05559872925527736,,out_of_road
1153,fresh,0,fresh,,,0,0.0,0,0,0,0,0,10.0,5.0,5.0,20.0,0,139,1.4390296936035156,0.02446868062260554,,out_of_road
1154,fresh,0,fresh,,,0,0.0,0,0,0,0,0,10.0,5.0,5.0,20.0,0,89,-0.11727835983037949,0.008108648691284522,,out_of_road
1155,fresh,0,fresh,,,0,0.0,0,0,0,0,0,10.0,5.0,5.0,20.0,0,176,1.7558619976043701,0.011529530708106573,,out_of_road
1156,fresh,0,fresh,,,0,0.0,0,0,0,0,0,10.0,5.0,5.0,20.0,0,287,7.76724100112915,0.09653325956509504,,out_of_road
1157,fresh,0,fresh,,,0,0.0,0,0,0,0,0,10.0,5.0,5.0,20.0,0,367,6.046200752258301,0.04496959571749459,,out_of_road
1158,fresh,0,fresh,,,0,0.0,0,0,0,0,0,10.0,5.0,5.0,20.0,0,1000,25.78554916381836,0.13044216658221558,,max_step
1159,fresh,0,fresh,,,0,0.0,0,0,0,0,0,10.0,5.0,5.0,20.0,0,791,20.25336265563965,0.05810815507049205,,arrive_dest
1160,fresh,0,fresh,,,0,0.0,0,0,0,0,0,10.0,5.0,5.0,20.0,0,624,15.565149307250977,0.11955229259276678,,arrive_dest
1161,fresh,0,fresh,,,0,0.0,0,0,0,0,0,10.0,5.0,5.0,20.0,0,290,8.073060989379883,0.11844893736957476,,arrive_dest
1162,fresh,0,fresh,,,0,0.0,0,0,0,0,0,10.0,5.0,5.0,20.0,0,670,16.144012451171875,0.07467079959156464,,arrive_dest
1163,fresh,0,fresh,,,0,0.0,0,0,0,0,0,10.0,5.0,5.0,20.0,0,334,6.129941940307617,0.03662291957584104,,arrive_dest
1164,fresh,0,fresh,,,0,0.0,0,0,0,0,0,10.0,5.0,5.0,20.0,0,756,19.468257904052734,0.07772491818322264,,arrive_dest
1165,fresh,0,fresh,,,0,0.0,0,0,0,0,0,10.0,5.0,5.0,20.0,0,94,1.8240866661071777,0.020117961662880917,,arrive_dest
1166,fresh,0,fresh,,,0,0.0,0,0,0,0,0,10.0,5.0,5.0,20.0,0,154,3.798701763153076,0.06568021499007554,,arrive_dest
1167,fresh,0,fresh,,,0,0.0,0,0,0,0,0,10.0,5.0,5.0,20.0,0,138,2.325732707977295,0.03199838928581364,,arrive_dest
1168,fresh,0,fresh,,,0,0.0,0,0,0,0,0,10.0,5.0,5.0,20.0,0,32,0.4281159043312073,0.06808672539773397,,arrive_dest
1169,fresh,0,fresh,,,0,0.0,0,0,0,0,0,10.0,5.0,5.0,20.0,0,258,5.237764358520508,0.07632571137546337,,arrive_dest
1170,fresh,0,fresh,,,0,0.0,0,0,0,0,0,10.0,5.0,5.0,20.0,0,630,7.2046027183532715,0.03455211872619296,,out_of_road
1171,fresh,0,fresh,,,0,0.0,0,0,0,0,0,10.0,5.0,5.0,20.0,0,244,6.229640007019043,0.07435383504928379,,out_of_road
1172,fresh,0,fresh,,,0,0.0,0,0,0,0,0,10.0,5.0,5.0,20.0,0,695,17.435291290283203,0.07470468232875502,,arrive_dest
1173,fresh,0,fresh,,,0,0.0,0,0,0,0,0,10.0,5.0,5.0,20.0,0,569,8.9452543258667,0.10161389153686423,,out_of_road
1174,fresh,0,fresh,,,0,0.0,0,0,0,0,0,10.0,5.0,5.0,20.0,0,613,15.952817916870117,0.11516109627229427,,out_of_road
1175,fresh,0,fresh,,,0,0.0,0,0,0,0,0,10.0,5.0,5.0,20.0,0,120,1.6875394582748413,3.542564809322357e-05,,out_of_road
1176,fresh,0,fresh,,,0,0.0,0,0,0,0,0,10.0,5.0,5.0,20.0,0,88,-0.14184100925922394,0.005428756460208784,,out_of_road
1177,fresh,0,fresh,,,0,0.0,0,0,0,0,0,10.0,5.0,5.0,20.0,0,2,0.26101577281951904,0.0,,arrive_dest
1178,fresh,0,fresh,,,0,0.0,0,0,0,0,0,10.0,5.0,5.0,20.0,0,136,-0.12309369444847107,0.0,,out_of_road
1179,fresh,0,fresh,,,0,0.0,0,0,0,0,0,10.0,5.0,5.0,20.0,0,769,19.524904251098633,0.0701097856528248,,arrive_dest
1180,fresh,0,fresh,,,0,0.0,0,0,0,0,0,10.0,5.0,5.0,20.0,0,1000,11.499527931213379,0.038027296639316775,,max_step
1181,fresh,0,fresh,,,0,0.0,0,0,0,0,0,10.0,5.0,5.0,20.0,0,219,1.7007333040237427,0.008041965866622995,,out_of_road
1182,fresh,0,fresh,,,0,0.0,0,0,0,0,0,10.0,5.0,5.0,20.0,0,744,18.536808013916016,0.07015228621731763,,arrive_dest
1183,fresh,0,fresh,,,0,0.0,0,0,0,0,0,10.0,5.0,5.0,20.0,0,1000,0.006329189520329237,0.0004458707571029663,,max_step
1184,fresh,0,fresh,,,0,0.0,0,0,0,0,0,10.0,5.0,5.0,20.0,0,258,4.582505226135254,0.04643247662790755,,out_of_road
1185,fresh,0,fresh,,,0,0.0,0,0,0,0,0,10.0,5.0,5.0,20.0,0,835,0.29498785734176636,0.0018659889541878672,,out_of_road
1186,fresh,0,fresh,,,0,0.0,0,0,0,0,0,10.0,5.0,5.0,20.0,0,609,15.47680377960205,0.06949444046459652,,out_of_road
1187,fresh,0,fresh,,,0,0.0,0,0,0,0,0,10.0,5.0,5.0,20.0,0,468,11.3229398727417,0.0978750237980141,,arrive_dest
1188,fresh,0,fresh,,,0,0.0,0,0,0,0,0,10.0,5.0,5.0,20.0,0,386,9.9193754196167,0.13757192965722378,,arrive_dest
1189,fresh,0,fresh,,,0,0.0,0,0,0,0,0,10.0,5.0,5.0,20.0,0,183,3.525895357131958,0.025079916335662696,,out_of_road
1190,fresh,0,fresh,,,0,0.0,0,0,0,0,0,10.0,5.0,5.0,20.0,0,117,1.919571876525879,0.018291897976245634,,out_of_road
1191,fresh,0,fresh,,,0,0.0,0,0,0,0,0,10.0,5.0,5.0,20.0,0,371,10.129352569580078,0.12387078158893795,,arrive_dest
1192,fresh,0,fresh,,,0,0.0,0,0,0,0,0,10.0,5.0,5.0,20.0,0,21,0.33295607566833496,0.0,,arrive_dest
1193,fresh,0,fresh,,,0,0.0,0,0,0,0,0,10.0,5.0,5.0,20.0,0,281,8.19624137878418,0.09201848230513601,,arrive_dest
1194,fresh,0,fresh,,,0,0.0,0,0,0,0,0,10.0,5.0,5.0,20.0,0,386,10.001890182495117,0.07141617471303964,,out_of_road
1195,fresh,0,fresh,,,0,0.0,0,0,0,0,0,10.0,5.0,5.0,20.0,0,707,16.12313461303711,0.08579675869059866,,arrive_dest
1196,fresh,0,fresh,,,0,0.0,0,0,0,0,0,10.0,5.0,5.0,20.0,0,363,2.037781000137329,0.008834225911334075,,out_of_road
1197,fresh,0,fresh,,,0,0.0,0,0,0,0,0,10.0,5.0,5.0,20.0,0,369,9.952239990234375,0.11622168892000102,,arrive_dest
1198,fresh,0,fresh,,,0,0.0,0,0,0,0,0,10.0,5.0,5.0,20.0,0,746,21.103302001953125,0.11725301373170703,,arrive_dest
1199,fresh,0,fresh,,,0,0.0,0,0,0,0,0,10.0,5.0,5.0,20.0,0,616,16.62104034423828,0.09638599240993657,,arrive_dest
1200,fresh,0,fresh,,,0,0.0,0,0,0,0,0,10.0,5.0,5.0,20.0,0,481,12.47922420501709,0.1215897783953619,,arrive_dest
1201,fresh,0,fresh,,,0,0.0,0,0,0,0,0,10.0,5.0,5.0,20.0,0,324,1.8586643934249878,0.008889733136769521,,out_of_road
1202,fresh,0,fresh,,,0,0.0,0,0,0,0,0,10.0,5.0,5.0,20.0,0,177,2.453691244125366,0.07798125957912308,,out_of_road
1203,fresh,0,fresh,,,0,0.0,0,0,0,0,0,10.0,5.0,5.0,20.0,0,546,13.813780784606934,0.07861369939166166,,arrive_dest
1204,fresh,0,fresh,,,0,0.0,0,0,0,0,0,10.0,5.0,5.0,20.0,0,412,9.225937843322754,0.06105237032820299,,arrive_dest
1205,fresh,0,fresh,,,0,0.0,0,0,0,0,0,10.0,5.0,5.0,20.0,0,125,1.491097331047058,0.020267750032246113,,out_of_road
1206,fresh,0,fresh,,,0,0.0,0,0,0,0,0,10.0,5.0,5.0,20.0,0,156,3.4639053344726562,0.08192301858574726,,arrive_dest
1207,fresh,0,fresh,,,0,0.0,0,0,0,0,0,10.0,5.0,5.0,20.0,0,381,9.773523330688477,0.0913779505472288,,out_of_road
1208,fresh,0,fresh,,,0,0.0,0,0,0,0,0,10.0,5.0,5.0,20.0,0,390,8.430469512939453,0.04759974747788734,,arrive_dest
1209,fresh,0,fresh,,,0,0.0,0,0,0,0,0,10.0,5.0,5.0,20.0,0,188,3.506768226623535,0.06242218929679787,,out_of_road
1210,fresh,0,fresh,,,0,0.0,0,0,0,0,0,10.0,5.0,5.0,20.0,0,1000,-0.10784665495157242,0.0004492727443575859,,max_step
1211,fresh,0,fresh,,,0,0.0,0,0,0,0,0,10.0,5.0,5.0,20.0,0,673,16.464962005615234,0.08638027992153494,,arrive_dest
1212,fresh,0,fresh,,,0,0.0,0,0,0,0,0,10.0,5.0,5.0,20.0,0,673,15.417052268981934,0.11221862173352784,,arrive_dest
1213,fresh,0,fresh,,,0,0.0,0,0,0,0,0,10.0,5.0,5.0,20.0,0,816,20.0258846282959,0.11819606524944652,,arrive_dest
1214,fresh,0,fresh,,,0,0.0,0,0,0,0,0,10.0,5.0,5.0,20.0,0,119,1.5055158138275146,0.014101574166106577,,out_of_road
1215,fresh,0,fresh,,,0,0.0,0,0,0,0,0,10.0,5.0,5.0,20.0,0,513,13.491283416748047,0.11906252015512764,,arrive_dest
1216,fresh,0,fresh,,,0,0.0,0,0,0,0,0,10.0,5.0,5.0,20.0,0,88,1.8486530780792236,0.06954110411673108,,arrive_dest
1217,fresh,0,fresh,,,0,0.0,0,0,0,0,0,10.0,5.0,5.0,20.0,0,492,10.682915687561035,0.10937402116104476,,out_of_road
1218,fresh,0,fresh,,,0,0.0,0,0,0,0,0,10.0,5.0,5.0,20.0,0,1000,9.48071002960205,0.03175707353651524,,max_step
1219,fresh,0,fresh,,,0,0.0,0,0,0,0,0,10.0,5.0,5.0,20.0,0,1000,18.35207748413086,0.08049258441846177,,max_step
1220,fresh,0,fresh,,,0,0.0,0,0,0,0,0,10.0,5.0,5.0,20.0,0,483,12.308752059936523,0.07051518866908013,,out_of_road
1221,fresh,0,fresh,,,0,0.0,0,0,0,0,0,10.0,5.0,5.0,20.0,0,588,12.581796646118164,0.06865368434623974,,out_of_road
1222,fresh,0,fresh,,,0,0.0,0,0,0,0,0,10.0,5.0,5.0,20.0,0,239,4.936339855194092,0.04582598439133317,,out_of_road
1223,fresh,0,fresh,,,0,0.0,0,0,0,0,0,10.0,5.0,5.0,20.0,0,1000,0.03502495214343071,0.02344390339712845,,max_step
1224,fresh,0,fresh,,,0,0.0,0,0,0,0,0,10.0,5.0,5.0,20.0,0,393,10.632671356201172,0.08919954396613682,,arrive_dest
1225,fresh,0,fresh,,,0,0.0,0,0,0,0,0,10.0,5.0,5.0,20.0,0,324,6.636343955993652,0.03559859730102076,,out_of_road
1226,fresh,0,fresh,,,0,0.0,0,0,0,0,0,10.0,5.0,5.0,20.0,0,266,4.315634250640869,0.016998515352326677,,arrive_dest
1227,fresh,0,fresh,,,0,0.0,0,0,0,0,0,10.0,5.0,5.0,20.0,0,1000,13.041221618652344,0.051084550583269446,,max_step
1228,fresh,0,fresh,,,0,0.0,0,0,0,0,0,10.0,5.0,5.0,20.0,0,536,14.892394065856934,0.0925234240621377,,out_of_road
1229,fresh,0,fresh,,,0,0.0,0,0,0,0,0,10.0,5.0,5.0,20.0,0,581,15.959434509277344,0.11445648134678038,,arrive_dest
1230,fresh,0,fresh,,,0,0.0,0,0,0,0,0,10.0,5.0,5.0,20.0,0,574,13.970684051513672,0.0830623127028463,,out_of_road
1231,fresh,0,fresh,,,0,0.0,0,0,0,0,0,10.0,5.0,5.0,20.0,0,372,9.39490795135498,0.07764725604592772,,out_of_road
1232,fresh,0,fresh,,,0,0.0,0,0,0,0,0,10.0,5.0,5.0,20.0,0,148,2.3445918560028076,0.02224777529733507,,out_of_road
1233,fresh,0,fresh,,,0,0.0,0,0,0,0,0,10.0,5.0,5.0,20.0,0,240,5.665951728820801,0.04533518176564636,,arrive_dest
1234,fresh,0,fresh,,,0,0.0,0,0,0,0,0,10.0,5.0,5.0,20.0,0,561,14.914525985717773,0.12479248779548628,,out_of_road
1235,fresh,0,fresh,,,0,0.0,0,0,0,0,0,10.0,5.0,5.0,20.0,0,556,14.683500289916992,0.08979234720158169,,arrive_dest
1236,fresh,0,fresh,,,0,0.0,0,0,0,0,0,10.0,5.0,5.0,20.0,0,384,9.479618072509766,0.07016207081323955,,arrive_dest
1237,fresh,0,fresh,,,0,0.0,0,0,0,0,0,10.0,5.0,5.0,20.0,0,126,1.479548454284668,0.013649714918481924,,out_of_road
1238,fresh,0,fresh,,,0,0.0,0,0,0,0,0,10.0,5.0,5.0,20.0,0,605,14.438206672668457,0.12367535535061408,,arrive_dest
1239,fresh,0,fresh,,,0,0.0,0,0,0,0,0,10.0,5.0,5.0,20.0,0,638,14.700407981872559,0.0580597481442919,,arrive_dest
1240,fresh,0,fresh,,,0,0.0,0,0,0,0,0,10.0,5.0,5.0,20.0,0,633,15.975029945373535,0.08689178967713063,,arrive_dest
1241,fresh,0,fresh,,,0,0.0,0,0,0,0,0,10.0,5.0,5.0,20.0,0,472,11.03215503692627,0.109221156680625,,arrive_dest
1242,fresh,0,fresh,,,0,0.0,0,0,0,0,0,10.0,5.0,5.0,20.0,0,1000,3.1256139278411865,0.008597054386511444,,max_step
1243,fresh,0,fresh,,,0,0.0,0,0,0,0,0,10.0,5.0,5.0,20.0,0,139,0.4058883786201477,0.017237071926109224,,out_of_road
1244,fresh,0,fresh,,,0,0.0,0,0,0,0,0,10.0,5.0,5.0,20.0,0,620,16.79299545288086,0.09693234830854401,,arrive_dest
1245,fresh,0,fresh,,,0,0.0,0,0,0,0,0,10.0,5.0,5.0,20.0,0,108,1.542038917541504,0.007098863504964996,,out_of_road
1246,fresh,0,fresh,,,0,0.0,0,0,0,0,0,10.0,5.0,5.0,20.0,0,516,9.500676155090332,0.05287147056994519,,out_of_road
1247,fresh,0,fresh,,,0,0.0,0,0,0,0,0,10.0,5.0,5.0,20.0,0,649,18.108362197875977,0.07918043241826085,,arrive_dest
1248,fresh,0,fresh,,,0,0.0,0,0,0,0,0,10.0,5.0,5.0,20.0,0,280,8.205395698547363,0.09729223859862292,,arrive_dest
1249,fresh,0,fresh,,,0,0.0,0,0,0,0,0,10.0,5.0,5.0,20.0,0,928,23.509811401367188,0.10846031809630623,,arrive_dest
1250,fresh,0,fresh,,,0,0.0,0,0,0,0,0,10.0,5.0,5.0,20.0,0,210,5.666322231292725,0.06690710676124408,,out_of_road
1251,fresh,0,fresh,,,0,0.0,0,0,0,0,0,10.0,5.0,5.0,20.0,0,435,10.730395317077637,0.13182370829470882,,out_of_road
1252,fresh,0,fresh,,,0,0.0,0,0,0,0,0,10.0,5.0,5.0,20.0,0,60,0.39444589614868164,0.035596292062352104,,out_of_road
1253,fresh,0,fresh,,,0,0.0,0,0,0,0,0,10.0,5.0,5.0,20.0,0,377,7.848449230194092,0.05920436590000869,,out_of_road
1254,fresh,0,fresh,,,0,0.0,0,0,0,0,0,10.0,5.0,5.0,20.0,0,531,13.517651557922363,0.06569383344604246,,arrive_dest
1255,fresh,0,fresh,,,0,0.0,0,0,0,0,0,10.0,5.0,5.0,20.0,0,22,-0.1215876042842865,0.0098838210105896,,out_of_road
1256,fresh,0,fresh,,,0,0.0,0,0,0,0,0,10.0,5.0,5.0,20.0,0,250,6.046953201293945,0.03106384826172143,,out_of_road
1257,fresh,0,fresh,,,0,0.0,0,0,0,0,0,10.0,5.0,5.0,20.0,0,1000,15.23271369934082,0.06755812257202343,,max_step
1258,fresh,0,fresh,,,0,0.0,0,0,0,0,0,10.0,5.0,5.0,20.0,0,397,9.565753936767578,0.07753044488119613,,out_of_road
1259,fresh,0,fresh,,,0,0.0,0,0,0,0,0,10.0,5.0,5.0,20.0,0,1000,20.41657257080078,0.07429582274897256,,max_step
1260,fresh,0,fresh,,,0,0.0,0,0,0,0,0,10.0,5.0,5.0,20.0,0,169,4.2511396408081055,0.06327710505134079,,arrive_dest
1261,fresh,0,fresh,,,0,0.0,0,0,0,0,0,10.0,5.0,5.0,20.0,0,1000,0.4954517185688019,0.0010855829713400454,,max_step
1262,fresh,0,fresh,,,0,0.0,0,0,0,0,0,10.0,5.0,5.0,20.0,0,512,13.555156707763672,0.07512808235514967,,out_of_road
1263,fresh,0,fresh,,,0,0.0,0,0,0,0,0,10.0,5.0,5.0,20.0,0,720,17.432395935058594,0.06370701552304026,,out_of_road
1264,fresh,0,fresh,,,0,0.0,0,0,0,0,0,10.0,5.0,5.0,20.0,0,113,2.001225233078003,0.013254296368367113,,arrive_dest
1265,fresh,0,fresh,,,0,0.0,0,0,0,0,0,10.0,5.0,5.0,20.0,0,263,7.999040603637695,0.12689240932103402,,out_of_road
1266,fresh,0,fresh,,,0,0.0,0,0,0,0,0,10.0,5.0,5.0,20.0,0,292,7.359941482543945,0.07635380566432715,,arrive_dest
1267,fresh,0,fresh,,,0,0.0,0,0,0,0,0,10.0,5.0,5.0,20.0,0,545,11.987086296081543,0.07560405939253509,,out_of_road
1268,fresh,0,fresh,,,0,0.0,0,0,0,0,0,10.0,5.0,5.0,20.0,0,379,10.022257804870605,0.12807244380031735,,out_of_road
1269,fresh,0,fresh,,,0,0.0,0,0,0,0,0,10.0,5.0,5.0,20.0,0,492,12.47849178314209,0.054205712047878774,,out_of_road
1270,fresh,0,fresh,,,0,0.0,0,0,0,0,0,10.0,5.0,5.0,20.0,0,260,7.806189060211182,0.09710105092515453,,out_of_road
1271,fresh,0,fresh,,,0,0.0,0,0,0,0,0,10.0,5.0,5.0,20.0,0,773,21.370243072509766,0.06926626968860174,,arrive_dest
1272,fresh,0,fresh,,,0,0.0,0,0,0,0,0,10.0,5.0,5.0,20.0,0,1000,26.503629684448242,0.11150296471687034,,max_step
1273,fresh,0,fresh,,,0,0.0,0,0,0,0,0,10.0,5.0,5.0,20.0,0,365,9.993317604064941,0.11269249421072333,,out_of_road
1274,fresh,0,fresh,,,0,0.0,0,0,0,0,0,10.0,5.0,5.0,20.0,0,120,2.001504898071289,0.023350293810168902,,out_of_road
1275,fresh,0,fresh,,,0,0.0,0,0,0,0,0,10.0,5.0,5.0,20.0,0,1000,11.22397232055664,0.051171026255935434,,max_step
1276,fresh,0,fresh,,,0,0.0,0,0,0,0,0,10.0,5.0,5.0,20.0,0,116,1.4648898839950562,0.07357531739398837,,out_of_road
1277,fresh,0,fresh,,,0,0.0,0,0,0,0,0,10.0,5.0,5.0,20.0,0,88,0.8900429010391235,0.056729303037917074,,out_of_road
1278,fresh,0,fresh,,,0,0.0,0,0,0,0,0,10.0,5.0,5.0,20.0,0,112,0.4269466996192932,0.01782775465315873,,out_of_road
1279,fresh,0,fresh,,,0,0.0,0,0,0,0,0,10.0,5.0,5.0,20.0,0,795,19.936506271362305,0.06190285585951001,,out_of_road
1280,fresh,0,fresh,,,0,0.0,0,0,0,0,0,10.0,5.0,5.0,20.0,0,360,5.399631023406982,0.04228355991072021,,out_of_road
1281,fresh,0,fresh,,,0,0.0,0,0,0,0,0,10.0,5.0,5.0,20.0,0,970,24.671092987060547,0.08324239293338981,,arrive_dest
1282,fresh,0,fresh,,,0,0.0,0,0,0,0,0,10.0,5.0,5.0,20.0,0,737,1.5438436269760132,0.05171721295884518,,out_of_road
1283,fresh,0,fresh,,,0,0.0,0,0,0,0,0,10.0,5.0,5.0,20.0,0,685,1.3764885663986206,0.015655772377274606,,out_of_road
1284,fresh,0,fresh,,,0,0.0,0,0,0,0,0,10.0,5.0,5.0,20.0,0,1000,1.5569430589675903,0.0026292760139331223,,max_step
1285,fresh,0,fresh,,,0,0.0,0,0,0,0,0,10.0,5.0,5.0,20.0,0,1000,0.48802584409713745,0.0032747629236546346,,max_step
1286,fresh,0,fresh,,,0,0.0,0,0,0,0,0,10.0,5.0,5.0,20.0,0,541,12.075690269470215,0.07295054242973752,,out_of_road
1287,fresh,0,fresh,,,0,0.0,0,0,0,0,0,10.0,5.0,5.0,20.0,0,612,15.021608352661133,0.10826196644707808,,arrive_dest
1288,fresh,0,fresh,,,0,0.0,0,0,0,0,0,10.0,5.0,5.0,20.0,0,933,23.074052810668945,0.0824125761576476,,arrive_dest
1289,fresh,0,fresh,,,0,0.0,0,0,0,0,0,10.0,5.0,5.0,20.0,0,1000,0.5449142456054688,0.007838539116026368,,max_step
1290,fresh,0,fresh,,,0,0.0,0,0,0,0,0,10.0,5.0,5.0,20.0,0,569,3.5385096073150635,0.01217629326248021,,out_of_road
1291,fresh,0,fresh,,,0,0.0,0,0,0,0,0,10.0,5.0,5.0,20.0,0,582,10.671443939208984,0.03371204085919296,,out_of_road
1292,fresh,0,fresh,,,0,0.0,0,0,0,0,0,10.0,5.0,5.0,20.0,0,655,17.285383224487305,0.08613135916507939,,arrive_dest
1293,fresh,0,fresh,,,0,0.0,0,0,0,0,0,10.0,5.0,5.0,20.0,0,617,3.1103508472442627,0.026029898055996654,,out_of_road
1294,fresh,0,fresh,,,0,0.0,0,0,0,0,0,10.0,5.0,5.0,20.0,0,47,0.15714800357818604,0.029355089715186584,,out_of_road
1295,fresh,0,fresh,,,0,0.0,0,0,0,0,0,10.0,5.0,5.0,20.0,0,500,13.951347351074219,0.0941857077460736,,arrive_dest
1296,fresh,0,fresh,,,0,0.0,0,0,0,0,0,10.0,5.0,5.0,20.0,0,735,7.388934135437012,0.039121115396154066,,out_of_road
1297,fresh,0,fresh,,,0,0.0,0,0,0,0,0,10.0,5.0,5.0,20.0,0,547,11.68884563446045,0.08412390445883453,,arrive_dest
1298,fresh,0,fresh,,,0,0.0,0,0,0,0,0,10.0,5.0,5.0,20.0,0,1000,26.79949378967285,0.10733896649436793,,max_step
1299,fresh,0,fresh,,,0,0.0,0,0,0,0,0,10.0,5.0,5.0,20.0,0,326,9.203006744384766,0.06314267855183296,,arrive_dest
1300,fresh,0,fresh,,,0,0.0,0,0,0,0,0,10.0,5.0,5.0,20.0,0,1000,25.564437866210938,0.09164636701601557,,max_step
1301,fresh,0,fresh,,,0,0.0,0,0,0,0,0,10.0,5.0,5.0,20.0,0,737,19.45465660095215,0.12297926004095416,,arrive_dest
1302,fresh,0,fresh,,,0,0.0,0,0,0,0,0,10.0,5.0,5.0,20.0,0,1000,3.5526716709136963,0.011677869041450321,,max_step
1303,fresh,0,fresh,,,0,0.0,0,0,0,0,0,10.0,5.0,5.0,20.0,0,337,9.829298973083496,0.14475620142806,,arrive_dest
1304,fresh,0,fresh,,,0,0.0,0,0,0,0,0,10.0,5.0,5.0,20.0,0,720,20.119916915893555,0.09265687511457751,,arrive_dest
1305,fresh,0,fresh,,,0,0.0,0,0,0,0,0,10.0,5.0,5.0,20.0,0,1000,8.031883239746094,0.016827932863729075,,max_step
1306,fresh,0,fresh,,,0,0.0,0,0,0,0,0,10.0,5.0,5.0,20.0,0,794,18.15705108642578,0.12000992784853697,,arrive_dest
1307,fresh,0,fresh,,,0,0.0,0,0,0,0,0,10.0,5.0,5.0,20.0,0,226,2.0876541137695312,0.018996850254794015,,out_of_road
1308,fresh,0,fresh,,,0,0.0,0,0,0,0,0,10.0,5.0,5.0,20.0,0,489,9.386096000671387,0.05619345248652077,,out_of_road
1309,fresh,0,fresh,,,0,0.0,0,0,0,0,0,10.0,5.0,5.0,20.0,0,425,10.554823875427246,0.054948712983990414,,arrive_dest
1310,fresh,0,fresh,,,0,0.0,0,0,0,0,0,10.0,5.0,5.0,20.0,0,601,15.43714427947998,0.08072717394021195,,arrive_dest
1311,fresh,0,fresh,,,0,0.0,0,0,0,0,0,10.0,5.0,5.0,20.0,0,824,20.987781524658203,0.10520705159977349,,arrive_dest
1312,fresh,0,fresh,,,0,0.0,0,0,0,0,0,10.0,5.0,5.0,20.0,0,235,3.697195529937744,0.0827798999925243,,out_of_road
1313,fresh,0,fresh,,,0,0.0,0,0,0,0,0,10.0,5.0,5.0,20.0,0,2,0.2561182379722595,0.0,,arrive_dest
1314,fresh,0,fresh,,,0,0.0,0,0,0,0,0,10.0,5.0,5.0,20.0,0,73,0.39938342571258545,0.0027723703086886503,,out_of_road
1315,fresh,0,fresh,,,0,0.0,0,0,0,0,0,10.0,5.0,5.0,20.0,0,355,8.981003761291504,0.13909370869030835,,out_of_road
1316,fresh,0,fresh,,,0,0.0,0,0,0,0,0,10.0,5.0,5.0,20.0,0,55,0.29009193181991577,0.007385819473049857,,out_of_road
1317,fresh,0,fresh,,,0,0.0,0,0,0,0,0,10.0,5.0,5.0,20.0,0,363,8.96101188659668,0.05944281846323992,,arrive_dest
1318,fresh,0,fresh,,,0,0.0,0,0,0,0,0,10.0,5.0,5.0,20.0,0,363,7.672921180725098,0.04290232242526969,,out_of_road
1319,fresh,0,fresh,,,0,0.0,0,0,0,0,0,10.0,5.0,5.0,20.0,0,179,1.3431918621063232,0.011478084646810533,,out_of_road
1320,fresh,0,fresh,,,0,0.0,0,0,0,0,0,10.0,5.0,5.0,20.0,0,1000,0.01018174085766077,0.008595135047566146,,max_step
1321,fresh,0,fresh,,,0,0.0,0,0,0,0,0,10.0,5.0,5.0,20.0,0,490,9.67909049987793,0.04625215364586828,,out_of_road
1322,fresh,0,fresh,,,0,0.0,0,0,0,0,0,10.0,5.0,5.0,20.0,0,259,2.099452257156372,0.01287823318662014,,out_of_road
1323,fresh,0,fresh,,,0,0.0,0,0,0,0,0,10.0,5.0,5.0,20.0,0,539,12.961280822753906,0.0822037392389202,,arrive_dest
1324,fresh,0,fresh,,,0,0.0,0,0,0,0,0,10.0,5.0,5.0,20.0,0,113,1.4473669528961182,0.011115979724687286,,out_of_road
1325,fresh,0,fresh,,,0,0.0,0,0,0,0,0,10.0,5.0,5.0,20.0,0,579,0.2754639983177185,0.014428695981488894,,out_of_road
1326,fresh,0,fresh,,,0,0.0,0,0,0,0,0,10.0,5.0,5.0,20.0,0,1000,0.005249532870948315,0.0009619990587234497,,max_step
1327,fresh,0,fresh,,,0,0.0,0,0,0,0,0,10.0,5.0,5.0,20.0,0,138,2.2514615058898926,0.01124720206565183,,out_of_road
1328,fresh,0,fresh,,,0,0.0,0,0,0,0,0,10.0,5.0,5.0,20.0,0,854,22.151704788208008,0.09725101803106624,,arrive_dest
1329,fresh,0,fresh,,,0,0.0,0,0,0,0,0,10.0,5.0,5.0,20.0,0,76,0.4127662479877472,0.01114362855380597,,out_of_road
1330,fresh,0,fresh,,,0,0.0,0,0,0,0,0,10.0,5.0,5.0,20.0,0,575,14.327580451965332,0.08334852016004532,,arrive_dest
1331,fresh,0,fresh,,,0,0.0,0,0,0,0,0,10.0,5.0,5.0,20.0,0,386,9.352666854858398,0.05976802094024003,,arrive_dest
1332,fresh,0,fresh,,,0,0.0,0,0,0,0,0,10.0,5.0,5.0,20.0,0,392,8.086292266845703,0.05103576690512733,,out_of_road
1333,fresh,0,fresh,,,0,0.0,0,0,0,0,0,10.0,5.0,5.0,20.0,0,1000,0.008360844105482101,0.0009161983765661716,,max_step
1334,fresh,0,fresh,,,0,0.0,0,0,0,0,0,10.0,5.0,5.0,20.0,0,106,0.4079599976539612,0.012495728706027259,,out_of_road
1335,fresh,0,fresh,,,0,0.0,0,0,0,0,0,10.0,5.0,5.0,20.0,0,1000,9.219932556152344,0.033193704473786056,,max_step
1336,fresh,0,fresh,,,0,0.0,0,0,0,0,0,10.0,5.0,5.0,20.0,0,263,0.39960038661956787,0.00997784716597698,,out_of_road
1337,fresh,0,fresh,,,0,0.0,0,0,0,0,0,10.0,5.0,5.0,20.0,0,85,0.42177534103393555,0.019162493018323883,,out_of_road
1338,fresh,0,fresh,,,0,0.0,0,0,0,0,0,10.0,5.0,5.0,20.0,0,1000,24.834121704101562,0.10009096379391849,,max_step
1339,fresh,0,fresh,,,0,0.0,0,0,0,0,0,10.0,5.0,5.0,20.0,0,57,0.3727339506149292,0.0045911540162929315,,out_of_road
1340,fresh,0,fresh,,,0,0.0,0,0,0,0,0,10.0,5.0,5.0,20.0,0,208,2.705461025238037,0.10277612127650243,,out_of_road
1341,fresh,0,fresh,,,0,0.0,0,0,0,0,0,10.0,5.0,5.0,20.0,0,239,5.946900844573975,0.05628301816184861,,out_of_road
1342,fresh,0,fresh,,,0,0.0,0,0,0,0,0,10.0,5.0,5.0,20.0,0,1000,-0.035109762102365494,0.0001625745017081499,,max_step
1343,fresh,0,fresh,,,0,0.0,0,0,0,0,0,10.0,5.0,5.0,20.0,0,1000,2.154632806777954,0.0030564028046210297,,max_step
1344,fresh,0,fresh,,,0,0.0,0,0,0,0,0,10.0,5.0,5.0,20.0,0,591,14.311640739440918,0.08168802312612707,,arrive_dest
1345,fresh,0,fresh,,,0,0.0,0,0,0,0,0,10.0,5.0,5.0,20.0,0,338,7.785938739776611,0.08184922172549489,,out_of_road
1346,fresh,0,fresh,,,0,0.0,0,0,0,0,0,10.0,5.0,5.0,20.0,0,899,21.94072914123535,0.0893134495898153,,arrive_dest
1347,fresh,0,fresh,,,0,0.0,0,0,0,0,0,10.0,5.0,5.0,20.0,0,590,15.170077323913574,0.09918139003201436,,arrive_dest
1348,fresh,0,fresh,,,0,0.0,0,0,0,0,0,10.0,5.0,5.0,20.0,0,686,13.835332870483398,0.05556789150600031,,out_of_road
1349,fresh,0,fresh,,,0,0.0,0,0,0,0,0,10.0,5.0,5.0,20.0,0,1000,6.473028659820557,0.02534728896606248,,max_step
1350,fresh,0,fresh,,,0,0.0,0,0,0,0,0,10.0,5.0,5.0,20.0,0,590,14.742101669311523,0.10300680513718655,,out_of_road
1351,fresh,0,fresh,,,0,0.0,0,0,0,0,0,10.0,5.0,5.0,20.0,0,537,12.506362915039062,0.09934728173885904,,arrive_dest
1352,fresh,0,fresh,,,0,0.0,0,0,0,0,0,10.0,5.0,5.0,20.0,0,385,7.994349002838135,0.044420110414336834,,out_of_road
1353,fresh,0,fresh,,,0,0.0,0,0,0,0,0,10.0,5.0,5.0,20.0,0,286,1.7372918128967285,0.013869683461962268,,out_of_road
1354,fresh,0,fresh,,,0,0.0,0,0,0,0,0,10.0,5.0,5.0,20.0,0,1000,25.452089309692383,0.0900895266875159,,max_step
1355,fresh,0,fresh,,,0,0.0,0,0,0,0,0,10.0,5.0,5.0,20.0,0,1000,2.1666505336761475,0.003619565038534347,,max_step
1356,fresh,0,fresh,,,0,0.0,0,0,0,0,0,10.0,5.0,5.0,20.0,0,243,6.4123735427856445,0.06135603801611765,,arrive_dest
1357,fresh,0,fresh,,,0,0.0,0,0,0,0,0,10.0,5.0,5.0,20.0,0,261,5.63397216796875,0.05149180207480016,,arrive_dest
1358,fresh,0,fresh,,,0,0.0,0,0,0,0,0,10.0,5.0,5.0,20.0,0,700,16.649696350097656,0.10547874028794467,,out_of_road
1359,fresh,0,fresh,,,0,0.0,0,0,0,0,0,10.0,5.0,5.0,20.0,0,831,20.574501037597656,0.08129114496312076,,out_of_road
1360,fresh,0,fresh,,,0,0.0,0,0,0,0,0,10.0,5.0,5.0,20.0,0,702,13.180471420288086,0.06910161671800502,,out_of_road
1361,fresh,0,fresh,,,0,0.0,0,0,0,0,0,10.0,5.0,5.0,20.0,0,498,10.544377326965332,0.05059085170229725,,out_of_road
1362,fresh,0,fresh,,,0,0.0,0,0,0,0,0,10.0,5.0,5.0,20.0,0,312,7.612177848815918,0.09121374262031168,,arrive_dest
1363,fresh,0,fresh,,,0,0.0,0,0,0,0,0,10.0,5.0,5.0,20.0,0,1000,10.44374942779541,0.0336413543575909,,max_step
1364,fresh,0,fresh,,,0,0.0,0,0,0,0,0,10.0,5.0,5.0,20.0,0,902,21.494089126586914,0.07536440191763616,,arrive_dest
1365,fresh,0,fresh,,,0,0.0,0,0,0,0,0,10.0,5.0,5.0,20.0,0,1000,11.031901359558105,0.03181539986660937,,max_step
1366,fresh,0,fresh,,,0,0.0,0,0,0,0,0,10.0,5.0,5.0,20.0,0,236,6.156731605529785,0.07289053389991997,,out_of_road
1367,fresh,0,fresh,,,0,0.0,0,0,0,0,0,10.0,5.0,5.0,20.0,0,587,13.837203979492188,0.07399172386792338,,arrive_dest
1368,fresh,0,fresh,,,0,0.0,0,0,0,0,0,10.0,5.0,5.0,20.0,0,564,11.789766311645508,0.043590246288581415,,out_of_road
1369,fresh,0,fresh,,,0,0.0,0,0,0,0,0,10.0,5.0,5.0,20.0,0,768,14.952176094055176,0.0800548107196543,,out_of_road
1370,fresh,0,fresh,,,0,0.0,0,0,0,0,0,10.0,5.0,5.0,20.0,0,656,15.314311027526855,0.051786609486997606,,out_of_road
1371,fresh,0,fresh,,,0,0.0,0,0,0,0,0,10.0,5.0,5.0,20.0,0,1000,0.009065626189112663,0.0007228404954075814,,max_step
1372,fresh,0,fresh,,,0,0.0,0,0,0,0,0,10.0,5.0,5.0,20.0,0,729,17.9288330078125,0.055111503537708516,,arrive_dest
1373,fresh,0,fresh,,,0,0.0,0,0,0,0,0,10.0,5.0,5.0,20.0,0,699,17.915817260742188,0.06737967667726798,,arrive_dest
1374,fresh,0,fresh,,,0,0.0,0,0,0,0,0,10.0,5.0,5.0,20.0,0,442,9.702889442443848,0.06582546576950278,,out_of_road
1375,fresh,0,fresh,,,0,0.0,0,0,0,0,0,10.0,5.0,5.0,20.0,0,292,7.057867527008057,0.04864198902912106,,arrive_dest
1376,fresh,0,fresh,,,0,0.0,0,0,0,0,0,10.0,5.0,5.0,20.0,0,640,14.16163444519043,0.03884288572662627,,arrive_dest
1377,fresh,0,fresh,,,0,0.0,0,0,0,0,0,10.0,5.0,5.0,20.0,0,213,-0.12220119684934616,0.002819341672977931,,out_of_road
1378,fresh,0,fresh,,,0,0.0,0,0,0,0,0,10.0,5.0,5.0,20.0,0,1000,-0.1088297888636589,0.0010515199303627015,,max_step
1379,fresh,0,fresh,,,0,0.0,0,0,0,0,0,10.0,5.0,5.0,20.0,0,242,5.238943576812744,0.06455678497402628,,arrive_dest
1380,fresh,0,fresh,,,0,0.0,0,0,0,0,0,10.0,5.0,5.0,20.0,0,631,16.127731323242188,0.09759780869076823,,arrive_dest
1381,fresh,0,fresh,,,0,0.0,0,0,0,0,0,10.0,5.0,5.0,20.0,0,1000,13.573688507080078,0.024742365100915778,,max_step
1382,fresh,0,fresh,,,0,0.0,0,0,0,0,0,10.0,5.0,5.0,20.0,0,1000,6.3052496910095215,0.01801252589491196,,max_step
1383,fresh,0,fresh,,,0,0.0,0,0,0,0,0,10.0,5.0,5.0,20.0,0,156,3.4476613998413086,0.039552783056233935,,out_of_road
1384,fresh,0,fresh,,,0,0.0,0,0,0,0,0,10.0,5.0,5.0,20.0,0,239,5.318709850311279,0.039374811875840424,,arrive_dest
1385,fresh,0,fresh,,,0,0.0,0,0,0,0,0,10.0,5.0,5.0,20.0,0,256,5.0155863761901855,0.023610577820363687,,out_of_road
1386,fresh,0,fresh,,,0,0.0,0,0,0,0,0,10.0,5.0,5.0,20.0,0,1000,-0.01496933028101921,0.00981600602529943,,max_step
1387,fresh,0,fresh,,,0,0.0,0,0,0,0,0,10.0,5.0,5.0,20.0,0,389,9.837104797363281,0.1195176293292971,,arrive_dest
1388,fresh,0,fresh,,,0,0.0,0,0,0,0,0,10.0,5.0,5.0,20.0,0,401,9.431485176086426,0.06027388977969154,,out_of_road
1389,fresh,0,fresh,,,0,0.0,0,0,0,0,0,10.0,5.0,5.0,20.0,0,328,7.644289970397949,0.07846371680441336,,out_of_road
1390,fresh,0,fresh,,,0,0.0,0,0,0,0,0,10.0,5.0,5.0,20.0,0,553,15.127100944519043,0.10646481383137175,,arrive_dest
1391,fresh,0,fresh,,,0,0.0,0,0,0,0,0,10.0,5.0,5.0,20.0,0,286,6.867722034454346,0.06869235671600783,,arrive_dest
1392,fresh,0,fresh,,,0,0.0,0,0,0,0,0,10.0,5.0,5.0,20.0,0,825,21.23429298400879,0.09157575289549476,,arrive_dest
1393,fresh,0,fresh,,,0,0.0,0,0,0,0,0,10.0,5.0,5.0,20.0,0,469,11.414166450500488,0.09221956424756662,,out_of_road
1394,fresh,0,fresh,,,0,0.0,0,0,0,0,0,10.0,5.0,5.0,20.0,0,1000,0.007812195923179388,4.197195172309875e-06,,max_step
1395,fresh,0,fresh,,,0,0.0,0,0,0,0,0,10.0,5.0,5.0,20.0,0,1000,16.676286697387695,0.08393201166973449,,max_step
1396,fresh,0,fresh,,,0,0.0,0,0,0,0,0,10.0,5.0,5.0,20.0,0,294,7.776916980743408,0.07581321046795367,,out_of_road
1397,fresh,0,fresh,,,0,0.0,0,0,0,0,0,10.0,5.0,5.0,20.0,0,365,6.014473915100098,0.03459160334928191,,out_of_road
1398,fresh,0,fresh,,,0,0.0,0,0,0,0,0,10.0,5.0,5.0,20.0,0,264,4.785333633422852,0.024630681269407047,,out_of_road
1399,fresh,0,fresh,,,0,0.0,0,0,0,0,0,10.0,5.0,5.0,20.0,0,370,9.414604187011719,0.12236543464147158,,out_of_road
1400,fresh,0,fresh,,,0,0.0,0,0,0,0,0,10.0,5.0,5.0,20.0,0,743,17.042573928833008,0.06578619314406524,,out_of_road
1401,fresh,0,fresh,,,0,0.0,0,0,0,0,0,10.0,5.0,5.0,20.0,0,1000,0.4921760857105255,0.009353340797126294,,max_step
1402,fresh,0,fresh,,,0,0.0,0,0,0,0,0,10.0,5.0,5.0,20.0,0,1000,4.425567150115967,0.008916825881402473,,max_step
1403,fresh,0,fresh,,,0,0.0,0,0,0,0,0,10.0,5.0,5.0,20.0,0,230,5.0995683670043945,0.04026884415956295,,arrive_dest
1404,fresh,0,fresh,,,0,0.0,0,0,0,0,0,10.0,5.0,5.0,20.0,0,403,9.740431785583496,0.08042396360629286,,out_of_road
1405,fresh,0,fresh,,,0,0.0,0,0,0,0,0,10.0,5.0,5.0,20.0,0,336,9.128047943115234,0.1272986001179864,,arrive_dest
1406,fresh,0,fresh,,,0,0.0,0,0,0,0,0,10.0,5.0,5.0,20.0,0,1000,4.984667778015137,0.009920127109158784,,max_step
1407,fresh,0,fresh,,,0,0.0,0,0,0,0,0,10.0,5.0,5.0,20.0,0,466,12.556565284729004,0.08631010102747656,,arrive_dest
1408,fresh,0,fresh,,,0,0.0,0,0,0,0,0,10.0,5.0,5.0,20.0,0,740,17.642576217651367,0.09468383862246835,,arrive_dest
1409,fresh,0,fresh,,,0,0.0,0,0,0,0,0,10.0,5.0,5.0,20.0,0,753,19.990785598754883,0.11183760061446987,,arrive_dest
1410,fresh,0,fresh,,,0,0.0,0,0,0,0,0,10.0,5.0,5.0,20.0,0,796,19.964576721191406,0.07314644516627047,,arrive_dest
1411,fresh,0,fresh,,,0,0.0,0,0,0,0,0,10.0,5.0,5.0,20.0,0,434,10.070113182067871,0.09975890503994571,,out_of_road
1412,fresh,0,fresh,,,0,0.0,0,0,0,0,0,10.0,5.0,5.0,20.0,0,107,1.2547041177749634,0.01155757920590238,,out_of_road
1413,fresh,0,fresh,,,0,0.0,0,0,0,0,0,10.0,5.0,5.0,20.0,0,104,0.33898258209228516,0.020647447905503213,,out_of_road
1414,fresh,0,fresh,,,0,0.0,0,0,0,0,0,10.0,5.0,5.0,20.0,0,174,4.192076683044434,0.026623448924343478,,out_of_road
1415,fresh,0,fresh,,,0,0.0,0,0,0,0,0,10.0,5.0,5.0,20.0,0,597,16.58148765563965,0.07139599549902331,,arrive_dest
1416,fresh,0,fresh,,,0,0.0,0,0,0,0,0,10.0,5.0,5.0,20.0,0,790,19.70147705078125,0.06795780556806941,,out_of_road
1417,fresh,0,fresh,,,0,0.0,0,0,0,0,0,10.0,5.0,5.0,20.0,0,43,0.06386691331863403,0.00201245553271715,,out_of_road
1418,fresh,0,fresh,,,0,0.0,0,0,0,0,0,10.0,5.0,5.0,20.0,0,585,13.961188316345215,0.057379066343140654,,out_of_road
1419,fresh,0,fresh,,,0,0.0,0,0,0,0,0,10.0,5.0,5.0,20.0,0,25,-0.13883109390735626,0.03192522525787354,,out_of_road
1420,fresh,0,fresh,,,0,0.0,0,0,0,0,0,10.0,5.0,5.0,20.0,0,299,8.526779174804688,0.08513584897626054,,arrive_dest
1421,fresh,0,fresh,,,0,0.0,0,0,0,0,0,10.0,5.0,5.0,20.0,0,222,4.648411750793457,0.037585092773493214,,out_of_road
1422,fresh,0,fresh,,,0,0.0,0,0,0,0,0,10.0,5.0,5.0,20.0,0,1000,6.222830295562744,0.018565640991902912,,max_step
1423,fresh,0,fresh,,,0,0.0,0,0,0,0,0,10.0,5.0,5.0,20.0,0,405,10.043240547180176,0.08636183056428477,,arrive_dest
1424,fresh,0,fresh,,,0,0.0,0,0,0,0,0,10.0,5.0,5.0,20.0,0,624,13.183303833007812,0.05330690684599969,,out_of_road
1425,fresh,0,fresh,,,0,0.0,0,0,0,0,0,10.0,5.0,5.0,20.0,0,448,10.979217529296875,0.05689998881799901,,arrive_dest
1426,fresh,0,fresh,,,0,0.0,0,0,0,0,0,10.0,5.0,5.0,20.0,0,390,1.936409831047058,0.010600348489167981,,out_of_road
1427,fresh,0,fresh,,,0,0.0,0,0,0,0,0,10.0,5.0,5.0,20.0,0,986,26.208999633789062,0.13752185943480733,,arrive_dest
1428,fresh,0,fresh,,,0,0.0,0,0,0,0,0,10.0,5.0,5.0,20.0,0,179,4.670755863189697,0.03144687151942173,,arrive_dest
1429,fresh,0,fresh,,,0,0.0,0,0,0,0,0,10.0,5.0,5.0,20.0,0,556,12.680309295654297,0.056019810787167584,,arrive_dest
1430,fresh,0,fresh,,,0,0.0,0,0,0,0,0,10.0,5.0,5.0,20.0,0,381,9.953125,0.07948656412503949,,arrive_dest
1431,fresh,0,fresh,,,0,0.0,0,0,0,0,0,10.0,5.0,5.0,20.0,0,479,9.795058250427246,0.0600341428722603,,out_of_road
1432,fresh,0,fresh,,,0,0.0,0,0,0,0,0,10.0,5.0,5.0,20.0,0,535,14.050468444824219,0.07205984630735121,,arrive_dest
1433,fresh,0,fresh,,,0,0.0,0,0,0,0,0,10.0,5.0,5.0,20.0,0,124,1.7061275243759155,0.013111031940957953,,out_of_road
1434,fresh,0,fresh,,,0,0.0,0,0,0,0,0,10.0,5.0,5.0,20.0,0,613,16.1557559967041,0.06212297269579199,,arrive_dest
1435,fresh,0,fresh,,,0,0.0,0,0,0,0,0,10.0,5.0,5.0,20.0,0,310,7.024441719055176,0.05439072452004879,,arrive_dest
1436,fresh,0,fresh,,,0,0.0,0,0,0,0,0,10.0,5.0,5.0,20.0,0,1000,1.8204413652420044,0.007233140247699339,,max_step
1437,fresh,0,fresh,,,0,0.0,0,0,0,0,0,10.0,5.0,5.0,20.0,0,1000,6.244107723236084,0.016459345347073395,,max_step
1438,fresh,0,fresh,,,0,0.0,0,0,0,0,0,10.0,5.0,5.0,20.0,0,80,1.5205051898956299,0.030229838192462923,,arrive_dest
1439,fresh,0,fresh,,,0,0.0,0,0,0,0,0,10.0,5.0,5.0,20.0,0,500,11.776535987854004,0.08351594774611294,,out_of_road
1440,fresh,0,fresh,,,0,0.0,0,0,0,0,0,10.0,5.0,5.0,20.0,0,315,7.772890090942383,0.10854511779274732,,out_of_road
1441,fresh,0,fresh,,,0,0.0,0,0,0,0,0,10.0,5.0,5.0,20.0,0,1000,13.37897777557373,0.04544498572475277,,max_step
1442,fresh,0,fresh,,,0,0.0,0,0,0,0,0,10.0,5.0,5.0,20.0,0,604,14.744607925415039,0.13871802660981225,,arrive_dest
1443,fresh,0,fresh,,,0,0.0,0,0,0,0,0,10.0,5.0,5.0,20.0,0,1000,0.006219346541911364,1.1359769850969315e-06,,max_step
1444,fresh,0,fresh,,,0,0.0,0,0,0,0,0,10.0,5.0,5.0,20.0,0,326,6.935316562652588,0.03657305316336773,,arrive_dest
1445,fresh,0,fresh,,,0,0.0,0,0,0,0,0,10.0,5.0,5.0,20.0,0,412,9.610225677490234,0.04247440301442464,,out_of_road
1446,fresh,0,fresh,,,0,0.0,0,0,0,0,0,10.0,5.0,5.0,20.0,0,139,2.102202892303467,0.012962336868061114,,out_of_road
1447,fresh,0,fresh,,,0,0.0,0,0,0,0,0,10.0,5.0,5.0,20.0,0,988,23.257139205932617,0.06286073886652228,,out_of_road
1448,fresh,0,fresh,,,0,0.0,0,0,0,0,0,10.0,5.0,5.0,20.0,0,225,5.702414035797119,0.03623622335286604,,out_of_road
1449,fresh,0,fresh,,,0,0.0,0,0,0,0,0,10.0,5.0,5.0,20.0,0,1000,0.06768742948770523,0.018812065630307188,,max_step
1450,fresh,0,fresh,,,0,0.0,0,0,0,0,0,10.0,5.0,5.0,20.0,0,751,17.32040786743164,0.04928073188700476,,arrive_dest
1451,fresh,0,fresh,,,0,0.0,0,0,0,0,0,10.0,5.0,5.0,20.0,0,120,1.7058274745941162,0.011518877422592293,,out_of_road
1452,fresh,0,fresh,,,0,0.0,0,0,0,0,0,10.0,5.0,5.0,20.0,0,384,9.706068992614746,0.13828624430000977,,out_of_road
1453,fresh,0,fresh,,,0,0.0,0,0,0,0,0,10.0,5.0,5.0,20.0,0,934,23.952306747436523,0.06691679339228339,,arrive_dest
1454,fresh,0,fresh,,,0,0.0,0,0,0,0,0,10.0,5.0,5.0,20.0,0,1000,4.36147928237915,0.011665383669314905,,max_step
1455,fresh,0,fresh,,,0,0.0,0,0,0,0,0,10.0,5.0,5.0,20.0,0,512,12.84735107421875,0.09588296112997341,,arrive_dest
1456,fresh,0,fresh,,,0,0.0,0,0,0,0,0,10.0,5.0,5.0,20.0,0,2,0.252789169549942,0.0,,arrive_dest
1457,fresh,0,fresh,,,0,0.0,0,0,0,0,0,10.0,5.0,5.0,20.0,0,498,11.968531608581543,0.053758881696856144,,arrive_dest
1458,fresh,0,fresh,,,0,0.0,0,0,0,0,0,10.0,5.0,5.0,20.0,0,723,16.811758041381836,0.06477330546480904,,out_of_road
1459,fresh,0,fresh,,,0,0.0,0,0,0,0,0,10.0,5.0,5.0,20.0,0,288,7.573704719543457,0.11138666620940461,,out_of_road
1460,fresh,0,fresh,,,0,0.0,0,0,0,0,0,10.0,5.0,5.0,20.0,0,388,10.953353881835938,0.0941579792307709,,arrive_dest
1461,fresh,0,fresh,,,0,0.0,0,0,0,0,0,10.0,5.0,5.0,20.0,0,232,4.310128211975098,0.04864252234431755,,out_of_road
1462,fresh,0,fresh,,,0,0.0,0,0,0,0,0,10.0,5.0,5.0,20.0,0,176,2.5619759559631348,0.013742389739491045,,out_of_road
1463,fresh,0,fresh,,,0,0.0,0,0,0,0,0,10.0,5.0,5.0,20.0,0,94,2.0930089950561523,0.023530732711499677,,arrive_dest
1464,fresh,0,fresh,,,0,0.0,0,0,0,0,0,10.0,5.0,5.0,20.0,0,652,16.586807250976562,0.13730753015109376,,out_of_road
1465,fresh,0,fresh,,,0,0.0,0,0,0,0,0,10.0,5.0,5.0,20.0,0,234,6.158236503601074,0.06668656947823544,,arrive_dest
1466,fresh,0,fresh,,,0,0.0,0,0,0,0,0,10.0,5.0,5.0,20.0,0,256,5.990255355834961,0.021971404976284248,,out_of_road
1467,fresh,0,fresh,,,0,0.0,0,0,0,0,0,10.0,5.0,5.0,20.0,0,716,19.539011001586914,0.1289866076400744,,arrive_dest
1468,fresh,0,fresh,,,0,0.0,0,0,0,0,0,10.0,5.0,5.0,20.0,0,569,13.479364395141602,0.06624591976313349,,arrive_dest
1469,fresh,0,fresh,,,0,0.0,0,0,0,0,0,10.0,5.0,5.0,20.0,0,738,18.982866287231445,0.0760264148847181,,out_of_road
1470,fresh,0,fresh,,,0,0.0,0,0,0,0,0,10.0,5.0,5.0,20.0,0,167,3.4664900302886963,0.013699189932671135,,out_of_road
1471,fresh,0,fresh,,,0,0.0,0,0,0,0,0,10.0,5.0,5.0,20.0,0,426,9.621301651000977,0.08086295493117625,,out_of_road
1472,fresh,0,fresh,,,0,0.0,0,0,0,0,0,10.0,5.0,5.0,20.0,0,729,17.839710235595703,0.04525239077308541,,arrive_dest
1473,fresh,0,fresh,,,0,0.0,0,0,0,0,0,10.0,5.0,5.0,20.0,0,222,6.229073524475098,0.07225911918847176,,arrive_dest
1474,fresh,0,fresh,,,0,0.0,0,0,0,0,0,10.0,5.0,5.0,20.0,0,467,10.684255599975586,0.06404638473827959,,arrive_dest
1475,fresh,0,fresh,,,0,0.0,0,0,0,0,0,10.0,5.0,5.0,20.0,0,453,10.896703720092773,0.0511888994140937,,arrive_dest
1476,fresh,0,fresh,,,0,0.0,0,0,0,0,0,10.0,5.0,5.0,20.0,0,756,16.673480987548828,0.05003345374722605,,out_of_road
1477,fresh,0,fresh,,,0,0.0,0,0,0,0,0,10.0,5.0,5.0,20.0,0,394,7.275202751159668,0.07169995537774666,,out_of_road
1478,fresh,0,fresh,,,0,0.0,0,0,0,0,0,10.0,5.0,5.0,20.0,0,489,12.71656608581543,0.07822155515741412,,arrive_dest
1479,fresh,0,fresh,,,0,0.0,0,0,0,0,0,10.0,5.0,5.0,20.0,0,236,5.878707408905029,0.03423156280769035,,out_of_road
1480,fresh,0,fresh,,,0,0.0,0,0,0,0,0,10.0,5.0,5.0,20.0,0,303,7.74087381362915,0.10452632468943746,,out_of_road
1481,fresh,0,fresh,,,0,0.0,0,0,0,0,0,10.0,5.0,5.0,20.0,0,213,4.976769924163818,0.014371110389813641,,out_of_road
1482,fresh,0,fresh,,,0,0.0,0,0,0,0,0,10.0,5.0,5.0,20.0,0,422,11.241724014282227,0.05940469140098629,,arrive_dest
1483,fresh,0,fresh,,,0,0.0,0,0,0,0,0,10.0,5.0,5.0,20.0,0,365,8.169694900512695,0.07935549162124118,,out_of_road
1484,fresh,0,fresh,,,0,0.0,0,0,0,0,0,10.0,5.0,5.0,20.0,0,364,8.008960723876953,0.04409489389074004,,out_of_road
1485,fresh,0,fresh,,,0,0.0,0,0,0,0,0,10.0,5.0,5.0,20.0,0,449,10.65451717376709,0.10899140750201117,,out_of_road
1486,fresh,0,fresh,,,0,0.0,0,0,0,0,0,10.0,5.0,5.0,20.0,0,246,4.63891077041626,0.10394909710630895,,arrive_dest
1487,fresh,0,fresh,,,0,0.0,0,0,0,0,0,10.0,5.0,5.0,20.0,0,357,8.645672798156738,0.04830307933679294,,out_of_road
1488,fresh,0,fresh,,,0,0.0,0,0,0,0,0,10.0,5.0,5.0,20.0,0,104,0.41315311193466187,0.02570094742651026,,out_of_road
1489,fresh,0,fresh,,,0,0.0,0,0,0,0,0,10.0,5.0,5.0,20.0,0,115,1.7248841524124146,0.022145398665705453,,out_of_road
1490,fresh,0,fresh,,,0,0.0,0,0,0,0,0,10.0,5.0,5.0,20.0,0,418,6.822647571563721,0.015079885356364389,,out_of_road
1491,fresh,0,fresh,,,0,0.0,0,0,0,0,0,10.0,5.0,5.0,20.0,0,121,1.465491771697998,0.02074745280498808,,out_of_road
1492,fresh,0,fresh,,,0,0.0,0,0,0,0,0,10.0,5.0,5.0,20.0,0,435,10.62539291381836,0.10418707996863744,,out_of_road
1493,fresh,0,fresh,,,0,0.0,0,0,0,0,0,10.0,5.0,5.0,20.0,0,467,8.565770149230957,0.036976231409912845,,out_of_road
1494,fresh,0,fresh,,,0,0.0,0,0,0,0,0,10.0,5.0,5.0,20.0,0,191,3.4046573638916016,0.02012604348488269,,arrive_dest
1495,fresh,0,fresh,,,0,0.0,0,0,0,0,0,10.0,5.0,5.0,20.0,0,374,9.65099048614502,0.06660328911403243,,out_of_road
1496,fresh,0,fresh,,,0,0.0,0,0,0,0,0,10.0,5.0,5.0,20.0,0,938,23.425647735595703,0.08875307658198736,,arrive_dest
1497,fresh,0,fresh,,,0,0.0,0,0,0,0,0,10.0,5.0,5.0,20.0,0,1000,0.024990249425172806,0.0,,max_step
1498,fresh,0,fresh,,,0,0.0,0,0,0,0,0,10.0,5.0,5.0,20.0,0,334,7.0600972175598145,0.05354640216839884,,out_of_road
1499,fresh,0,fresh,,,0,0.0,0,0,0,0,0,10.0,5.0,5.0,20.0,0,578,14.053287506103516,0.07807065261879156,,arrive_dest
1500,fresh,0,fresh,,,0,0.0,0,0,0,0,0,10.0,5.0,5.0,20.0,0,322,9.410138130187988,0.10251911857992596,,arrive_dest
1501,fresh,0,fresh,,,0,0.0,0,0,0,0,0,10.0,5.0,5.0,20.0,0,475,11.333918571472168,0.061054456212410804,,arrive_dest
1502,fresh,0,fresh,,,0,0.0,0,0,0,0,0,10.0,5.0,5.0,20.0,0,256,6.514162063598633,0.057418488864641404,,out_of_road
1503,fresh,0,fresh,,,0,0.0,0,0,0,0,0,10.0,5.0,5.0,20.0,0,2,0.2522115111351013,0.0,,arrive_dest
1504,fresh,0,fresh,,,0,0.0,0,0,0,0,0,10.0,5.0,5.0,20.0,0,151,3.286125898361206,0.03800621919876692,,arrive_dest
1505,fresh,0,fresh,,,0,0.0,0,0,0,0,0,10.0,5.0,5.0,20.0,0,453,10.412516593933105,0.11301178680979554,,out_of_road
1506,fresh,0,fresh,,,0,0.0,0,0,0,0,0,10.0,5.0,5.0,20.0,0,721,11.739629745483398,0.05251408342159664,,out_of_road
1507,fresh,0,fresh,,,0,0.0,0,0,0,0,0,10.0,5.0,5.0,20.0,0,818,21.535568237304688,0.0719028127950122,,out_of_road
1508,fresh,0,fresh,,,0,0.0,0,0,0,0,0,10.0,5.0,5.0,20.0,0,1000,1.9183549880981445,0.0045730772747192535,,max_step
1509,fresh,0,fresh,,,0,0.0,0,0,0,0,0,10.0,5.0,5.0,20.0,0,378,9.429800033569336,0.06106634212352296,,out_of_road
1510,fresh,0,fresh,,,0,0.0,0,0,0,0,0,10.0,5.0,5.0,20.0,0,1000,25.71654510498047,0.08701102782739327,,max_step
1511,fresh,0,fresh,,,0,0.0,0,0,0,0,0,10.0,5.0,5.0,20.0,0,473,11.280440330505371,0.06361313242205353,,arrive_dest
1512,fresh,0,fresh,,,0,0.0,0,0,0,0,0,10.0,5.0,5.0,20.0,0,1000,0.009548861533403397,9.642453491687774e-05,,max_step
1513,fresh,0,fresh,,,0,0.0,0,0,0,0,0,10.0,5.0,5.0,20.0,0,225,5.666417598724365,0.033486045677628785,,out_of_road
1514,fresh,0,fresh,,,0,0.0,0,0,0,0,0,10.0,5.0,5.0,20.0,0,231,5.861910343170166,0.044420008096053745,,out_of_road
1515,fresh,0,fresh,,,0,0.0,0,0,0,0,0,10.0,5.0,5.0,20.0,0,599,14.13541030883789,0.05196935551175739,,arrive_dest
1516,fresh,0,fresh,,,0,0.0,0,0,0,0,0,10.0,5.0,5.0,20.0,0,51,0.3427448868751526,4.5218158001993216e-05,,out_of_road
1517,fresh,0,fresh,,,0,0.0,0,0,0,0,0,10.0,5.0,5.0,20.0,0,34,0.4350851774215698,0.027307100155774283,,arrive_dest
1518,fresh,0,fresh,,,0,0.0,0,0,0,0,0,10.0,5.0,5.0,20.0,0,109,1.396024465560913,0.0009628902232154794,,out_of_road
1519,fresh,0,fresh,,,0,0.0,0,0,0,0,0,10.0,5.0,5.0,20.0,0,333,7.621361255645752,0.04387535414464112,,out_of_road
1520,fresh,0,fresh,,,0,0.0,0,0,0,0,0,10.0,5.0,5.0,20.0,0,95,1.376946210861206,0.013775436501753958,,out_of_road
1521,fresh,0,fresh,,,0,0.0,0,0,0,0,0,10.0,5.0,5.0,20.0,0,796,0.4318805932998657,0.000602035973356784,,out_of_road
1522,fresh,0,fresh,,,0,0.0,0,0,0,0,0,10.0,5.0,5.0,20.0,0,656,17.92682647705078,0.09388508440421968,,arrive_dest
1523,fresh,0,fresh,,,0,0.0,0,0,0,0,0,10.0,5.0,5.0,20.0,0,85,1.7182499170303345,0.058966229812187305,,arrive_dest
1524,fresh,0,fresh,,,0,0.0,0,0,0,0,0,10.0,5.0,5.0,20.0,0,876,24.919496536254883,0.09283849841130463,,arrive_dest
1525,fresh,0,fresh,,,0,0.0,0,0,0,0,0,10.0,5.0,5.0,20.0,0,391,8.766242027282715,0.05837734562733099,,arrive_dest
1526,fresh,0,fresh,,,0,0.0,0,0,0,0,0,10.0,5.0,5.0,20.0,0,617,17.014005661010742,0.09039525105863223,,arrive_dest
1527,fresh,0,fresh,,,0,0.0,0,0,0,0,0,10.0,5.0,5.0,20.0,0,28,-0.13960978388786316,0.0007249063679150172,,out_of_road
1528,fresh,0,fresh,,,0,0.0,0,0,0,0,0,10.0,5.0,5.0,20.0,0,869,0.41937679052352905,0.0015282151557213623,,out_of_road
1529,fresh,0,fresh,,,0,0.0,0,0,0,0,0,10.0,5.0,5.0,20.0,0,104,1.0776814222335815,0.12102983379736543,,out_of_road
1530,fresh,0,fresh,,,0,0.0,0,0,0,0,0,10.0,5.0,5.0,20.0,0,275,4.874538898468018,0.034256547724997456,,out_of_road
1531,fresh,0,fresh,,,0,0.0,0,0,0,0,0,10.0,5.0,5.0,20.0,0,435,10.273730278015137,0.10061837870456364,,out_of_road
1532,fresh,0,fresh,,,0,0.0,0,0,0,0,0,10.0,5.0,5.0,20.0,0,54,0.338364839553833,0.008272916182047792,,out_of_road
1533,fresh,0,fresh,,,0,0.0,0,0,0,0,0,10.0,5.0,5.0,20.0,0,636,15.68659496307373,0.07522037969799654,,arrive_dest
1534,fresh,0,fresh,,,0,0.0,0,0,0,0,0,10.0,5.0,5.0,20.0,0,21,-0.11545462161302567,0.0,,out_of_road
1535,fresh,0,fresh,,,0,0.0,0,0,0,0,0,10.0,5.0,5.0,20.0,0,142,2.1049532890319824,0.014851655679899203,,out_of_road
1536,fresh,0,fresh,,,0,0.0,0,0,0,0,0,10.0,5.0,5.0,20.0,0,470,11.949788093566895,0.07506388840364649,,arrive_dest
1537,fresh,0,fresh,,,0,0.0,0,0,0,0,0,10.0,5.0,5.0,20.0,0,475,12.712592124938965,0.06457178334803565,,arrive_dest
1538,fresh,0,fresh,,,0,0.0,0,0,0,0,0,10.0,5.0,5.0,20.0,0,249,2.0209646224975586,0.013125571222175437,,out_of_road
1539,fresh,0,fresh,,,0,0.0,0,0,0,0,0,10.0,5.0,5.0,20.0,0,133,1.9441213607788086,0.10491040735540533,,out_of_road
1540,fresh,0,fresh,,,0,0.0,0,0,0,0,0,10.0,5.0,5.0,20.0,0,427,10.670370101928711,0.14109956154673942,,arrive_dest
1541,fresh,0,fresh,,,0,0.0,0,0,0,0,0,10.0,5.0,5.0,20.0,0,635,9.074651718139648,0.04557556810158151,,out_of_road
1542,fresh,0,fresh,,,0,0.0,0,0,0,0,0,10.0,5.0,5.0,20.0,0,284,3.829942226409912,0.03505996448310866,,out_of_road
1543,fresh,0,fresh,,,0,0.0,0,0,0,0,0,10.0,5.0,5.0,20.0,0,349,7.605556011199951,0.05955916160402718,,out_of_road
1544,fresh,0,fresh,,,0,0.0,0,0,0,0,0,10.0,5.0,5.0,20.0,0,939,25.551347732543945,0.10097473711286165,,arrive_dest
1545,fresh,0,fresh,,,0,0.0,0,0,0,0,0,10.0,5.0,5.0,20.0,0,565,12.892213821411133,0.08961799603318218,,out_of_road
1546,fresh,0,fresh,,,0,0.0,0,0,0,0,0,10.0,5.0,5.0,20.0,0,149,2.030500888824463,0.014268653267281968,,out_of_road
1547,fresh,0,fresh,,,0,0.0,0,0,0,0,0,10.0,5.0,5.0,20.0,0,82,0.8905295133590698,0.09255633247652795,,out_of_road
1548,fresh,0,fresh,,,0,0.0,0,0,0,0,0,10.0,5.0,5.0,20.0,0,400,9.919661521911621,0.05782267317525111,,arrive_dest
1549,fresh,0,fresh,,,0,0.0,0,0,0,0,0,10.0,5.0,5.0,20.0,0,227,5.708858013153076,0.09667798624853993,,out_of_road
1550,fresh,0,fresh,,,0,0.0,0,0,0,0,0,10.0,5.0,5.0,20.0,0,1000,15.28538703918457,0.041200844968203455,,max_step
1551,fresh,0,fresh,,,0,0.0,0,0,0,0,0,10.0,5.0,5.0,20.0,0,814,12.345643997192383,0.06935100212918609,,out_of_road
1552,fresh,0,fresh,,,0,0.0,0,0,0,0,0,10.0,5.0,5.0,20.0,0,148,2.629042148590088,0.049199407648081214,,arrive_dest
1553,fresh,0,fresh,,,0,0.0,0,0,0,0,0,10.0,5.0,5.0,20.0,0,863,22.39716911315918,0.06746881245854656,,arrive_dest
1554,fresh,0,fresh,,,0,0.0,0,0,0,0,0,10.0,5.0,5.0,20.0,0,577,14.476896286010742,0.09289300913133205,,arrive_dest
1555,fresh,0,fresh,,,0,0.0,0,0,0,0,0,10.0,5.0,5.0,20.0,0,637,15.765878677368164,0.08447339558415408,,out_of_road
1556,fresh,0,fresh,,,0,0.0,0,0,0,0,0,10.0,5.0,5.0,20.0,0,550,6.2266082763671875,0.044227758933451364,,out_of_road
1557,fresh,0,fresh,,,0,0.0,0,0,0,0,0,10.0,5.0,5.0,20.0,0,306,0.39944443106651306,0.02378413451263328,,out_of_road
1558,fresh,0,fresh,,,0,0.0,0,0,0,0,0,10.0,5.0,5.0,20.0,0,614,17.05417251586914,0.08993123193856947,,arrive_dest
1559,fresh,0,fresh,,,0,0.0,0,0,0,0,0,10.0,5.0,5.0,20.0,0,402,9.34201431274414,0.048871750100075606,,out_of_road
1560,fresh,0,fresh,,,0,0.0,0,0,0,0,0,10.0,5.0,5.0,20.0,0,211,3.4346275329589844,0.020072600265779485,,out_of_road
1561,fresh,0,fresh,,,0,0.0,0,0,0,0,0,10.0,5.0,5.0,20.0,0,370,8.276497840881348,0.09293468365747784,,out_of_road
1562,fresh,0,fresh,,,0,0.0,0,0,0,0,0,10.0,5.0,5.0,20.0,0,601,12.376819610595703,0.036856569701142476,,out_of_road
1563,fresh,0,fresh,,,0,0.0,0,0,0,0,0,10.0,5.0,5.0,20.0,0,681,17.405223846435547,0.08924183490031047,,out_of_road
1564,fresh,0,fresh,,,0,0.0,0,0,0,0,0,10.0,5.0,5.0,20.0,0,43,0.703992486000061,0.22703277960766194,,arrive_dest
1565,fresh,0,fresh,,,0,0.0,0,0,0,0,0,10.0,5.0,5.0,20.0,0,484,12.039175987243652,0.07335057179563802,,arrive_dest
1566,fresh,0,fresh,,,0,0.0,0,0,0,0,0,10.0,5.0,5.0,20.0,0,260,4.388026714324951,0.020938681735872076,,arrive_dest
1567,fresh,0,fresh,,,0,0.0,0,0,0,0,0,10.0,5.0,5.0,20.0,0,174,3.9671480655670166,0.06419398691291096,,arrive_dest
1568,fresh,0,fresh,,,0,0.0,0,0,0,0,0,10.0,5.0,5.0,20.0,0,647,17.143144607543945,0.08562148594041247,,out_of_road
1569,fresh,0,fresh,,,0,0.0,0,0,0,0,0,10.0,5.0,5.0,20.0,0,224,5.7373857498168945,0.07783834134793974,,out_of_road
1570,fresh,0,fresh,,,0,0.0,0,0,0,0,0,10.0,5.0,5.0,20.0,0,573,14.502474784851074,0.09792604414505614,,out_of_road
1571,fresh,0,fresh,,,0,0.0,0,0,0,0,0,10.0,5.0,5.0,20.0,0,243,5.87254524230957,0.06955603630101853,,out_of_road
1572,fresh,0,fresh,,,0,0.0,0,0,0,0,0,10.0,5.0,5.0,20.0,0,313,6.690286636352539,0.03724301009165189,,arrive_dest
1573,fresh,0,fresh,,,0,0.0,0,0,0,0,0,10.0,5.0,5.0,20.0,0,384,7.936985015869141,0.0554204477436239,,out_of_road
1574,fresh,0,fresh,,,0,0.0,0,0,0,0,0,10.0,5.0,5.0,20.0,0,423,9.321371078491211,0.0751493796651157,,out_of_road
1575,fresh,0,fresh,,,0,0.0,0,0,0,0,0,10.0,5.0,5.0,20.0,0,202,3.7760934829711914,0.042834462591050435,,out_of_road
1576,fresh,0,fresh,,,0,0.0,0,0,0,0,0,10.0,5.0,5.0,20.0,0,498,10.186534881591797,0.09097031898138275,,out_of_road
1577,fresh,0,fresh,,,0,0.0,0,0,0,0,0,10.0,5.0,5.0,20.0,0,653,14.710297584533691,0.05558668135039246,,arrive_dest
1578,fresh,0,fresh,,,0,0.0,0,0,0,0,0,10.0,5.0,5.0,20.0,0,41,-0.13642708957195282,0.01002429970880834,,out_of_road
1579,fresh,0,fresh,,,0,0.0,0,0,0,0,0,10.0,5.0,5.0,20.0,0,859,21.586626052856445,0.10453545156220133,,arrive_dest
1580,fresh,0,fresh,,,0,0.0,0,0,0,0,0,10.0,5.0,5.0,20.0,0,243,5.746704578399658,0.046724091887612035,,out_of_road
1581,fresh,0,fresh,,,0,0.0,0,0,0,0,0,10.0,5.0,5.0,20.0,0,97,1.8870474100112915,0.04741139660022922,,arrive_dest
1582,fresh,0,fresh,,,0,0.0,0,0,0,0,0,10.0,5.0,5.0,20.0,0,512,4.786726474761963,0.03232097425734537,,out_of_road
1583,fresh,0,fresh,,,0,0.0,0,0,0,0,0,10.0,5.0,5.0,20.0,0,714,17.45048713684082,0.07103237696627875,,arrive_dest
1584,fresh,0,fresh,,,0,0.0,0,0,0,0,0,10.0,5.0,5.0,20.0,0,700,17.48331069946289,0.10938904274221775,,out_of_road
1585,fresh,0,fresh,,,0,0.0,0,0,0,0,0,10.0,5.0,5.0,20.0,0,466,12.5249662399292,0.09655426657167084,,arrive_dest
1586,fresh,0,fresh,,,0,0.0,0,0,0,0,0,10.0,5.0,5.0,20.0,0,126,1.6843211650848389,0.012992188404683792,,out_of_road
1587,fresh,0,fresh,,,0,0.0,0,0,0,0,0,10.0,5.0,5.0,20.0,0,779,20.0328369140625,0.10596561729214579,,out_of_road
1588,fresh,0,fresh,,,0,0.0,0,0,0,0,0,10.0,5.0,5.0,20.0,0,391,9.779939651489258,0.11128735675564622,,out_of_road
1589,fresh,0,fresh,,,0,0.0,0,0,0,0,0,10.0,5.0,5.0,20.0,0,291,6.125986099243164,0.061552761449027306,,out_of_road
1590,fresh,0,fresh,,,0,0.0,0,0,0,0,0,10.0,5.0,5.0,20.0,0,1000,17.20265769958496,0.05694015408097766,,max_step
1591,fresh,0,fresh,,,0,0.0,0,0,0,0,0,10.0,5.0,5.0,20.0,0,707,18.61354637145996,0.11619361070718463,,arrive_dest
1592,fresh,0,fresh,,,0,0.0,0,0,0,0,0,10.0,5.0,5.0,20.0,0,437,9.498395919799805,0.07725016044099012,,out_of_road
1593,fresh,0,fresh,,,0,0.0,0,0,0,0,0,10.0,5.0,5.0,20.0,0,63,0.39475512504577637,0.009943934512280282,,out_of_road
1594,fresh,0,fresh,,,0,0.0,0,0,0,0,0,10.0,5.0,5.0,20.0,0,606,14.974457740783691,0.06515167926425858,,out_of_road
1595,fresh,0,fresh,,,0,0.0,0,0,0,0,0,10.0,5.0,5.0,20.0,0,698,16.305217742919922,0.061621392100387626,,arrive_dest
1596,fresh,0,fresh,,,0,0.0,0,0,0,0,0,10.0,5.0,5.0,20.0,0,1000,26.3983211517334,0.10765657269326039,,max_step
1597,fresh,0,fresh,,,0,0.0,0,0,0,0,0,10.0,5.0,5.0,20.0,0,405,10.68448257446289,0.07326464274334779,,arrive_dest
1598,fresh,0,fresh,,,0,0.0,0,0,0,0,0,10.0,5.0,5.0,20.0,0,401,9.348531723022461,0.057652055248711025,,out_of_road
1599,fresh,0,fresh,,,0,0.0,0,0,0,0,0,10.0,5.0,5.0,20.0,0,1000,12.900161743164062,0.05442540817707777,,max_step
1600,fresh,0,fresh,,,0,0.0,0,0,0,0,0,10.0,5.0,5.0,20.0,0,375,7.584292888641357,0.049508847314553954,,out_of_road
1601,fresh,0,fresh,,,0,0.0,0,0,0,0,0,10.0,5.0,5.0,20.0,0,101,1.2149691581726074,0.01445360095378491,,out_of_road
1602,fresh,0,fresh,,,0,0.0,0,0,0,0,0,10.0,5.0,5.0,20.0,0,427,10.609009742736816,0.060886406769378405,,arrive_dest
1603,fresh,0,fresh,,,0,0.0,0,0,0,0,0,10.0,5.0,5.0,20.0,0,434,0.4351286292076111,0.0027393296742940555,,out_of_road
1604,fresh,0,fresh,,,0,0.0,0,0,0,0,0,10.0,5.0,5.0,20.0,0,342,7.810147762298584,0.04946231867638771,,arrive_dest
1605,fresh,0,fresh,,,0,0.0,0,0,0,0,0,10.0,5.0,5.0,20.0,0,899,6.443109035491943,0.02271462107330143,,out_of_road
1606,fresh,0,fresh,,,0,0.0,0,0,0,0,0,10.0,5.0,5.0,20.0,0,688,18.217824935913086,0.06816537973544085,,arrive_dest
1607,fresh,0,fresh,,,0,0.0,0,0,0,0,0,10.0,5.0,5.0,20.0,0,252,4.975334644317627,0.025230428370247995,,out_of_road
1608,fresh,0,fresh,,,0,0.0,0,0,0,0,0,10.0,5.0,5.0,20.0,0,365,8.227185249328613,0.07237094293080576,,out_of_road
1609,fresh,0,fresh,,,0,0.0,0,0,0,0,0,10.0,5.0,5.0,20.0,0,102,1.3030710220336914,0.012023076469845632,,out_of_road
1610,fresh,0,fresh,,,0,0.0,0,0,0,0,0,10.0,5.0,5.0,20.0,0,229,5.80194616317749,0.05183946438475337,,out_of_road
1611,fresh,0,fresh,,,0,0.0,0,0,0,0,0,10.0,5.0,5.0,20.0,0,221,4.6417460441589355,0.04471718836301828,,out_of_road
1612,fresh,0,fresh,,,0,0.0,0,0,0,0,0,10.0,5.0,5.0,20.0,0,530,13.808553695678711,0.09168697114114623,,out_of_road
1613,fresh,0,fresh,,,0,0.0,0,0,0,0,0,10.0,5.0,5.0,20.0,0,23,-0.15545563399791718,0.0,,out_of_road
1614,fresh,0,fresh,,,0,0.0,0,0,0,0,0,10.0,5.0,5.0,20.0,0,626,10.297623634338379,0.07133812676726903,,out_of_road
1615,fresh,0,fresh,,,0,0.0,0,0,0,0,0,10.0,5.0,5.0,20.0,0,211,4.919167995452881,0.039673893747771805,,arrive_dest
1616,fresh,0,fresh,,,0,0.0,0,0,0,0,0,10.0,5.0,5.0,20.0,0,288,7.258762359619141,0.04611653723905976,,arrive_dest
1617,fresh,0,fresh,,,0,0.0,0,0,0,0,0,10.0,5.0,5.0,20.0,0,294,7.641177654266357,0.06302870362387261,,out_of_road
1618,fresh,0,fresh,,,0,0.0,0,0,0,0,0,10.0,5.0,5.0,20.0,0,1000,23.74951171875,0.06866992443619528,,max_step
1619,fresh,0,fresh,,,0,0.0,0,0,0,0,0,10.0,5.0,5.0,20.0,0,673,15.992705345153809,0.04116268111095331,,arrive_dest
1620,fresh,0,fresh,,,0,0.0,0,0,0,0,0,10.0,5.0,5.0,20.0,0,486,11.43362808227539,0.03601304257150601,,arrive_dest
1621,fresh,0,fresh,,,0,0.0,0,0,0,0,0,10.0,5.0,5.0,20.0,0,380,9.546544075012207,0.11328048767264638,,out_of_road
1622,fresh,0,fresh,,,0,0.0,0,0,0,0,0,10.0,5.0,5.0,20.0,0,388,9.696858406066895,0.1272115071169725,,arrive_dest
1623,fresh,0,fresh,,,0,0.0,0,0,0,0,0,10.0,5.0,5.0,20.0,0,478,9.658318519592285,0.07513337655803462,,out_of_road
1624,fresh,0,fresh,,,0,0.0,0,0,0,0,0,10.0,5.0,5.0,20.0,0,314,7.772257328033447,0.047628882545740554,,arrive_dest
1625,fresh,0,fresh,,,0,0.0,0,0,0,0,0,10.0,5.0,5.0,20.0,0,355,7.9348931312561035,0.037968027513329936,,out_of_road
1626,fresh,0,fresh,,,0,0.0,0,0,0,0,0,10.0,5.0,5.0,20.0,0,307,7.969810962677002,0.04514805003484948,,arrive_dest
1627,fresh,0,fresh,,,0,0.0,0,0,0,0,0,10.0,5.0,5.0,20.0,0,1000,15.526703834533691,0.044548481894191354,,max_step
1628,fresh,0,fresh,,,0,0.0,0,0,0,0,0,10.0,5.0,5.0,20.0,0,564,9.668331146240234,0.042711981227918666,,out_of_road
1629,fresh,0,fresh,,,0,0.0,0,0,0,0,0,10.0,5.0,5.0,20.0,0,1000,0.0070301261730492115,0.0013653711285442113,,max_step
1630,fresh,0,fresh,,,0,0.0,0,0,0,0,0,10.0,5.0,5.0,20.0,0,723,17.352869033813477,0.09561893066879552,,out_of_road
1631,fresh,0,fresh,,,0,0.0,0,0,0,0,0,10.0,5.0,5.0,20.0,0,390,9.44991397857666,0.10235732088808734,,arrive_dest
1632,fresh,0,fresh,,,0,0.0,0,0,0,0,0,10.0,5.0,5.0,20.0,0,692,15.780068397521973,0.0834375574028744,,arrive_dest
1633,fresh,0,fresh,,,0,0.0,0,0,0,0,0,10.0,5.0,5.0,20.0,0,648,16.722517013549805,0.05706530113066374,,arrive_dest
1634,fresh,0,fresh,,,0,0.0,0,0,0,0,0,10.0,5.0,5.0,20.0,0,402,8.846314430236816,0.04649439713319958,,arrive_dest
1635,fresh,0,fresh,,,0,0.0,0,0,0,0,0,10.0,5.0,5.0,20.0,0,319,6.011306285858154,0.035291593276594875,,out_of_road
1636,fresh,0,fresh,,,0,0.0,0,0,0,0,0,10.0,5.0,5.0,20.0,0,525,12.039148330688477,0.08000535102472418,,arrive_dest
1637,fresh,0,fresh,,,0,0.0,0,0,0,0,0,10.0,5.0,5.0,20.0,0,236,5.595604419708252,0.03681026151309074,,out_of_road
1638,fresh,0,fresh,,,0,0.0,0,0,0,0,0,10.0,5.0,5.0,20.0,0,563,12.144953727722168,0.06757777494413127,,out_of_road
1639,fresh,0,fresh,,,0,0.0,0,0,0,0,0,10.0,5.0,5.0,20.0,0,374,8.967049598693848,0.04852145243769781,,out_of_road
1640,fresh,0,fresh,,,0,0.0,0,0,0,0,0,10.0,5.0,5.0,20.0,0,254,5.806952953338623,0.03407389393963624,,out_of_road
1641,fresh,0,fresh,,,0,0.0,0,0,0,0,0,10.0,5.0,5.0,20.0,0,248,5.433079719543457,0.04915639637000559,,out_of_road
1642,fresh,0,fresh,,,0,0.0,0,0,0,0,0,10.0,5.0,5.0,20.0,0,798,19.01875114440918,0.05343737744318933,,out_of_road
1643,fresh,0,fresh,,,0,0.0,0,0,0,0,0,10.0,5.0,5.0,20.0,0,226,4.359509468078613,0.06464547761592322,,out_of_road
1644,fresh,0,fresh,,,0,0.0,0,0,0,0,0,10.0,5.0,5.0,20.0,0,187,4.381181240081787,0.01830447344968524,,arrive_dest
1645,fresh,0,fresh,,,0,0.0,0,0,0,0,0,10.0,5.0,5.0,20.0,0,76,1.4987149238586426,0.02775469236075878,,arrive_dest
1646,fresh,0,fresh,,,0,0.0,0,0,0,0,0,10.0,5.0,5.0,20.0,0,802,19.788665771484375,0.10420026702218761,,arrive_dest
1647,fresh,0,fresh,,,0,0.0,0,0,0,0,0,10.0,5.0,5.0,20.0,0,266,5.764285087585449,0.06549860206887798,,arrive_dest
1648,fresh,0,fresh,,,0,0.0,0,0,0,0,0,10.0,5.0,5.0,20.0,0,712,16.17373275756836,0.09142933433791728,,out_of_road
1649,fresh,0,fresh,,,0,0.0,0,0,0,0,0,10.0,5.0,5.0,20.0,0,95,0.9078435897827148,0.057991843361799654,,out_of_road
1650,fresh,0,fresh,,,0,0.0,0,0,0,0,0,10.0,5.0,5.0,20.0,0,79,0.37736696004867554,0.012432824042213114,,out_of_road
1651,fresh,0,fresh,,,0,0.0,0,0,0,0,0,10.0,5.0,5.0,20.0,0,206,4.410166263580322,0.02650423461002822,,out_of_road
1652,fresh,0,fresh,,,0,0.0,0,0,0,0,0,10.0,5.0,5.0,20.0,0,875,23.286033630371094,0.10365982794069818,,arrive_dest
1653,fresh,0,fresh,,,0,0.0,0,0,0,0,0,10.0,5.0,5.0,20.0,0,96,1.1985948085784912,0.0169149661087431,,out_of_road
1654,fresh,0,fresh,,,0,0.0,0,0,0,0,0,10.0,5.0,5.0,20.0,0,350,0.41296112537384033,0.006662796523555049,,out_of_road
1655,fresh,0,fresh,,,0,0.0,0,0,0,0,0,10.0,5.0,5.0,20.0,0,473,11.971440315246582,0.09369453069818921,,out_of_road
1656,fresh,0,fresh,,,0,0.0,0,0,0,0,0,10.0,5.0,5.0,20.0,0,241,4.992878437042236,0.031516398796405935,,out_of_road
1657,fresh,0,fresh,,,0,0.0,0,0,0,0,0,10.0,5.0,5.0,20.0,0,395,3.071122169494629,0.01500581257698079,,out_of_road
1658,fresh,0,fresh,,,0,0.0,0,0,0,0,0,10.0,5.0,5.0,20.0,0,310,7.098657131195068,0.056461274629879384,,arrive_dest
1659,fresh,0,fresh,,,0,0.0,0,0,0,0,0,10.0,5.0,5.0,20.0,0,307,7.67524528503418,0.08451620868296462,,out_of_road
1660,fresh,0,fresh,,,0,0.0,0,0,0,0,0,10.0,5.0,5.0,20.0,0,392,9.032459259033203,0.06235880765123103,,out_of_road
1661,fresh,0,fresh,,,0,0.0,0,0,0,0,0,10.0,5.0,5.0,20.0,0,106,1.4230968952178955,0.015403555776431875,,out_of_road
1662,fresh,0,fresh,,,0,0.0,0,0,0,0,0,10.0,5.0,5.0,20.0,0,361,9.389663696289062,0.08519624609505329,,out_of_road
1663,fresh,0,fresh,,,0,0.0,0,0,0,0,0,10.0,5.0,5.0,20.0,0,700,18.04730224609375,0.067811304392027,,arrive_dest
1664,fresh,0,fresh,,,0,0.0,0,0,0,0,0,10.0,5.0,5.0,20.0,0,47,0.47745800018310547,0.03800520586206558,,arrive_dest
1665,fresh,0,fresh,,,0,0.0,0,0,0,0,0,10.0,5.0,5.0,20.0,0,21,-0.11290207505226135,0.006527426696958996,,out_of_road
1666,fresh,0,fresh,,,0,0.0,0,0,0,0,0,10.0,5.0,5.0,20.0,0,346,8.453978538513184,0.08173142071958696,,arrive_dest
1667,fresh,0,fresh,,,0,0.0,0,0,0,0,0,10.0,5.0,5.0,20.0,0,243,5.687192916870117,0.04148191921106337,,out_of_road
1668,fresh,0,fresh,,,0,0.0,0,0,0,0,0,10.0,5.0,5.0,20.0,0,828,2.007575511932373,0.0030570006745505814,,out_of_road
1669,fresh,0,fresh,,,0,0.0,0,0,0,0,0,10.0,5.0,5.0,20.0,0,293,6.518874168395996,0.05010228911128671,,out_of_road
1670,fresh,0,fresh,,,0,0.0,0,0,0,0,0,10.0,5.0,5.0,20.0,0,969,24.360294342041016,0.07932640929270048,,out_of_road
1671,fresh,0,fresh,,,0,0.0,0,0,0,0,0,10.0,5.0,5.0,20.0,0,823,20.121564865112305,0.10784347643518429,,arrive_dest
1672,fresh,0,fresh,,,0,0.0,0,0,0,0,0,10.0,5.0,5.0,20.0,0,196,3.275594472885132,0.009919585683858213,,out_of_road
1673,fresh,0,fresh,,,0,0.0,0,0,0,0,0,10.0,5.0,5.0,20.0,0,739,7.4228410720825195,0.03296460324573219,,out_of_road
1674,fresh,0,fresh,,,0,0.0,0,0,0,0,0,10.0,5.0,5.0,20.0,0,147,2.8962793350219727,0.02166561065811892,,out_of_road
1675,fresh,0,fresh,,,0,0.0,0,0,0,0,0,10.0,5.0,5.0,20.0,0,712,17.80636215209961,0.06537488423774458,,arrive_dest
1676,fresh,0,fresh,,,0,0.0,0,0,0,0,0,10.0,5.0,5.0,20.0,0,670,14.871843338012695,0.047283526779319254,,out_of_road
1677,fresh,0,fresh,,,0,0.0,0,0,0,0,0,10.0,5.0,5.0,20.0,0,638,15.203969955444336,0.06348363266598,,out_of_road
1678,fresh,0,fresh,,,0,0.0,0,0,0,0,0,10.0,5.0,5.0,20.0,0,837,20.725818634033203,0.09347368666697449,,arrive_dest
1679,fresh,0,fresh,,,0,0.0,0,0,0,0,0,10.0,5.0,5.0,20.0,0,109,1.4484142065048218,0.0065946715431065735,,out_of_road
1680,fresh,0,fresh,,,0,0.0,0,0,0,0,0,10.0,5.0,5.0,20.0,0,2,0.24966588616371155,0.12216007709503174,,arrive_dest
1681,fresh,0,fresh,,,0,0.0,0,0,0,0,0,10.0,5.0,5.0,20.0,0,616,13.356582641601562,0.044040339472008166,,out_of_road
1682,fresh,0,fresh,,,0,0.0,0,0,0,0,0,10.0,5.0,5.0,20.0,0,158,2.1085495948791504,0.04397588514404584,,out_of_road
1683,fresh,0,fresh,,,0,0.0,0,0,0,0,0,10.0,5.0,5.0,20.0,0,163,4.225861549377441,0.0506266338030802,,arrive_dest
1684,fresh,0,fresh,,,0,0.0,0,0,0,0,0,10.0,5.0,5.0,20.0,0,902,23.2465877532959,0.09363136596682413,,arrive_dest
1685,fresh,0,fresh,,,0,0.0,0,0,0,0,0,10.0,5.0,5.0,20.0,0,304,7.312251091003418,0.07179921486194392,,out_of_road
1686,fresh,0,fresh,,,0,0.0,0,0,0,0,0,10.0,5.0,5.0,20.0,0,183,1.3805972337722778,0.008661378068147136,,out_of_road
1687,fresh,0,fresh,,,0,0.0,0,0,0,0,0,10.0,5.0,5.0,20.0,0,928,23.136228561401367,0.09553716850935197,,out_of_road
1688,fresh,0,fresh,,,0,0.0,0,0,0,0,0,10.0,5.0,5.0,20.0,0,181,2.988335609436035,0.016150995360903482,,out_of_road
1689,fresh,0,fresh,,,0,0.0,0,0,0,0,0,10.0,5.0,5.0,20.0,0,391,9.654483795166016,0.11314329356098038,,out_of_road
1690,fresh,0,fresh,,,0,0.0,0,0,0,0,0,10.0,5.0,5.0,20.0,0,689,17.635684967041016,0.07328882340628368,,arrive_dest
1691,fresh,0,fresh,,,0,0.0,0,0,0,0,0,10.0,5.0,5.0,20.0,0,296,8.021390914916992,0.0781942373165244,,arrive_dest
1692,fresh,0,fresh,,,0,0.0,0,0,0,0,0,10.0,5.0,5.0,20.0,0,562,15.133602142333984,0.07458687451994543,,out_of_road
1693,fresh,0,fresh,,,0,0.0,0,0,0,0,0,10.0,5.0,5.0,20.0,0,663,17.36546516418457,0.08965569613592736,,arrive_dest
1694,fresh,0,fresh,,,0,0.0,0,0,0,0,0,10.0,5.0,5.0,20.0,0,610,15.18175983428955,0.0691972050105878,,arrive_dest
1695,fresh,0,fresh,,,0,0.0,0,0,0,0,0,10.0,5.0,5.0,20.0,0,248,5.765461444854736,0.05247922734011926,,out_of_road
1696,fresh,0,fresh,,,0,0.0,0,0,0,0,0,10.0,5.0,5.0,20.0,0,149,3.2936198711395264,0.043887849834641356,,arrive_dest
1697,fresh,0,fresh,,,0,0.0,0,0,0,0,0,10.0,5.0,5.0,20.0,0,103,1.6610478162765503,0.01791805857159559,,out_of_road
1698,fresh,0,fresh,,,0,0.0,0,0,0,0,0,10.0,5.0,5.0,20.0,0,181,4.465668201446533,0.039927749097017955,,arrive_dest
1699,fresh,0,fresh,,,0,0.0,0,0,0,0,0,10.0,5.0,5.0,20.0,0,301,6.026154518127441,0.05626845509324384,,out_of_road
1700,fresh,0,fresh,,,0,0.0,0,0,0,0,0,10.0,5.0,5.0,20.0,0,347,6.648439884185791,0.05183718770323724,,arrive_dest
1701,fresh,0,fresh,,,0,0.0,0,0,0,0,0,10.0,5.0,5.0,20.0,0,996,25.8913516998291,0.09395180907028906,,arrive_dest
1702,fresh,0,fresh,,,0,0.0,0,0,0,0,0,10.0,5.0,5.0,20.0,0,398,9.520042419433594,0.05849216157516661,,out_of_road
1703,fresh,0,fresh,,,0,0.0,0,0,0,0,0,10.0,5.0,5.0,20.0,0,555,14.024551391601562,0.08408137682682693,,arrive_dest
1704,fresh,0,fresh,,,0,0.0,0,0,0,0,0,10.0,5.0,5.0,20.0,0,168,3.0903608798980713,0.022872809802980294,,out_of_road
1705,fresh,0,fresh,,,0,0.0,0,0,0,0,0,10.0,5.0,5.0,20.0,0,330,1.284152865409851,0.008205276365025025,,out_of_road
1706,fresh,0,fresh,,,0,0.0,0,0,0,0,0,10.0,5.0,5.0,20.0,0,268,6.176748275756836,0.07906062381494958,,out_of_road
1707,fresh,0,fresh,,,0,0.0,0,0,0,0,0,10.0,5.0,5.0,20.0,0,194,4.607285022735596,0.03945928336524395,,arrive_dest
1708,fresh,0,fresh,,,0,0.0,0,0,0,0,0,10.0,5.0,5.0,20.0,0,748,20.386669158935547,0.10636076099739813,,arrive_dest
1709,fresh,0,fresh,,,0,0.0,0,0,0,0,0,10.0,5.0,5.0,20.0,0,586,13.57364559173584,0.05063854318482439,,out_of_road
1710,fresh,0,fresh,,,0,0.0,0,0,0,0,0,10.0,5.0,5.0,20.0,0,360,9.146610260009766,0.11840640265339365,,arrive_dest
1711,fresh,0,fresh,,,0,0.0,0,0,0,0,0,10.0,5.0,5.0,20.0,0,311,5.9880194664001465,0.04458432313551905,,out_of_road
1712,fresh,0,fresh,,,0,0.0,0,0,0,0,0,10.0,5.0,5.0,20.0,0,244,5.905278205871582,0.04085283754889655,,out_of_road
1713,fresh,0,fresh,,,0,0.0,0,0,0,0,0,10.0,5.0,5.0,20.0,0,841,20.287752151489258,0.08506350651605987,,out_of_road
1714,fresh,0,fresh,,,0,0.0,0,0,0,0,0,10.0,5.0,5.0,20.0,0,876,22.056909561157227,0.0891151687573667,,arrive_dest
1715,fresh,0,fresh,,,0,0.0,0,0,0,0,0,10.0,5.0,5.0,20.0,0,134,2.031428813934326,0.01067517530659575,,out_of_road
1716,fresh,0,fresh,,,0,0.0,0,0,0,0,0,10.0,5.0,5.0,20.0,0,388,9.6431245803833,0.069255662591139,,out_of_road
1717,fresh,0,fresh,,,0,0.0,0,0,0,0,0,10.0,5.0,5.0,20.0,0,596,15.46236801147461,0.09998173502136347,,arrive_dest
1718,fresh,0,fresh,,,0,0.0,0,0,0,0,0,10.0,5.0,5.0,20.0,0,147,2.2813351154327393,0.029333039624046306,,out_of_road
1719,fresh,0,fresh,,,0,0.0,0,0,0,0,0,10.0,5.0,5.0,20.0,0,564,13.263792991638184,0.10718265805370339,,arrive_dest
1720,fresh,0,fresh,,,0,0.0,0,0,0,0,0,10.0,5.0,5.0,20.0,0,204,4.714335918426514,0.04073453991555189,,out_of_road
1721,fresh,0,fresh,,,0,0.0,0,0,0,0,0,10.0,5.0,5.0,20.0,0,607,15.333579063415527,0.0645116485514919,,arrive_dest
1722,fresh,0,fresh,,,0,0.0,0,0,0,0,0,10.0,5.0,5.0,20.0,0,424,9.457894325256348,0.051364027253101706,,out_of_road
1723,fresh,0,fresh,,,0,0.0,0,0,0,0,0,10.0,5.0,5.0,20.0,0,138,2.1048126220703125,0.01810713171068093,,out_of_road
1724,fresh,0,fresh,,,0,0.0,0,0,0,0,0,10.0,5.0,5.0,20.0,0,943,23.500062942504883,0.10007633335670123,,arrive_dest
1725,fresh,0,fresh,,,0,0.0,0,0,0,0,0,10.0,5.0,5.0,20.0,0,102,1.2804878950119019,0.01117383824734419,,out_of_road
1726,fresh,0,fresh,,,0,0.0,0,0,0,0,0,10.0,5.0,5.0,20.0,0,441,9.493019104003906,0.06569471100689485,,out_of_road
1727,fresh,0,fresh,,,0,0.0,0,0,0,0,0,10.0,5.0,5.0,20.0,0,390,10.273212432861328,0.06946141890262086,,arrive_dest
1728,fresh,0,fresh,,,0,0.0,0,0,0,0,0,10.0,5.0,5.0,20.0,0,111,2.4366374015808105,0.009345773490028339,,arrive_dest
1729,fresh,0,fresh,,,0,0.0,0,0,0,0,0,10.0,5.0,5.0,20.0,0,67,1.2684478759765625,0.018121828172189085,,arrive_dest
1730,fresh,0,fresh,,,0,0.0,0,0,0,0,0,10.0,5.0,5.0,20.0,0,719,16.681392669677734,0.07712768694523188,,out_of_road
1731,fresh,0,fresh,,,0,0.0,0,0,0,0,0,10.0,5.0,5.0,20.0,0,376,8.641663551330566,0.06099917800066636,,arrive_dest
1732,fresh,0,fresh,,,0,0.0,0,0,0,0,0,10.0,5.0,5.0,20.0,0,698,12.122781753540039,0.04514498573490739,,out_of_road
1733,fresh,0,fresh,,,0,0.0,0,0,0,0,0,10.0,5.0,5.0,20.0,0,220,4.685156345367432,0.03650074038146572,,out_of_road
1734,fresh,0,fresh,,,0,0.0,0,0,0,0,0,10.0,5.0,5.0,20.0,0,145,2.0171725749969482,0.06797722202950511,,out_of_road
1735,fresh,0,fresh,,,0,0.0,0,0,0,0,0,10.0,5.0,5.0,20.0,0,551,12.683463096618652,0.08444123198878284,,arrive_dest
1736,fresh,0,fresh,,,0,0.0,0,0,0,0,0,10.0,5.0,5.0,20.0,0,99,0.4076601266860962,0.009786881334759821,,out_of_road
1737,fresh,0,fresh,,,0,0.0,0,0,0,0,0,10.0,5.0,5.0,20.0,0,266,4.83167028427124,0.022767130369530583,,arrive_dest
1738,fresh,0,fresh,,,0,0.0,0,0,0,0,0,10.0,5.0,5.0,20.0,0,419,9.666491508483887,0.10626357335259422,,out_of_road
1739,fresh,0,fresh,,,0,0.0,0,0,0,0,0,10.0,5.0,5.0,20.0,0,247,6.006834030151367,0.08660313600546074,,arrive_dest
1740,fresh,0,fresh,,,0,0.0,0,0,0,0,0,10.0,5.0,5.0,20.0,0,628,14.89696979522705,0.10504015450437025,,arrive_dest
1741,fresh,0,fresh,,,0,0.0,0,0,0,0,0,10.0,5.0,5.0,20.0,0,404,8.800679206848145,0.04941268332791284,,arrive_dest
1742,fresh,0,fresh,,,0,0.0,0,0,0,0,0,10.0,5.0,5.0,20.0,0,362,7.818172931671143,0.04532027289300941,,out_of_road
1743,fresh,0,fresh,,,0,0.0,0,0,0,0,0,10.0,5.0,5.0,20.0,0,301,7.227597236633301,0.07778476133472302,,out_of_road
1744,fresh,0,fresh,,,0,0.0,0,0,0,0,0,10.0,5.0,5.0,20.0,0,272,6.36399507522583,0.06002390831845867,,out_of_road
1745,fresh,0,fresh,,,0,0.0,0,0,0,0,0,10.0,5.0,5.0,20.0,0,337,7.641396999359131,0.08564399637956205,,out_of_road
1746,fresh,0,fresh,,,0,0.0,0,0,0,0,0,10.0,5.0,5.0,20.0,0,270,4.658329010009766,0.035811558048482295,,out_of_road
1747,fresh,0,fresh,,,0,0.0,0,0,0,0,0,10.0,5.0,5.0,20.0,0,430,10.652875900268555,0.06460362109030748,,arrive_dest
1748,fresh,0,fresh,,,0,0.0,0,0,0,0,0,10.0,5.0,5.0,20.0,0,776,15.663311004638672,0.07642670920191899,,out_of_road
1749,fresh,0,fresh,,,0,0.0,0,0,0,0,0,10.0,5.0,5.0,20.0,0,759,19.19538116455078,0.08733250937339934,,arrive_dest
1750,fresh,0,fresh,,,0,0.0,0,0,0,0,0,10.0,5.0,5.0,20.0,0,101,1.0253740549087524,0.04721480259432061,,out_of_road
1751,fresh,0,fresh,,,0,0.0,0,0,0,0,0,10.0,5.0,5.0,20.0,0,449,8.688921928405762,0.034993921380120856,,arrive_dest
1752,fresh,0,fresh,,,0,0.0,0,0,0,0,0,10.0,5.0,5.0,20.0,0,765,18.723981857299805,0.05585868760138397,,arrive_dest
1753,fresh,0,fresh,,,0,0.0,0,0,0,0,0,10.0,5.0,5.0,20.0,0,565,13.124802589416504,0.06760721236747583,,arrive_dest
1754,fresh,0,fresh,,,0,0.0,0,0,0,0,0,10.0,5.0,5.0,20.0,0,268,5.617000102996826,0.06440205414216521,,out_of_road
1755,fresh,0,fresh,,,0,0.0,0,0,0,0,0,10.0,5.0,5.0,20.0,0,788,20.1820011138916,0.08992521760117754,,arrive_dest
1756,fresh,0,fresh,,,0,0.0,0,0,0,0,0,10.0,5.0,5.0,20.0,0,232,0.4284899830818176,0.006925529033620039,,out_of_road
1757,fresh,0,fresh,,,0,0.0,0,0,0,0,0,10.0,5.0,5.0,20.0,0,437,8.983573913574219,0.05322516790710526,,out_of_road
1758,fresh,0,fresh,,,0,0.0,0,0,0,0,0,10.0,5.0,5.0,20.0,0,101,1.2447788715362549,0.01199652341258998,,out_of_road
1759,fresh,0,fresh,,,0,0.0,0,0,0,0,0,10.0,5.0,5.0,20.0,0,384,9.354314804077148,0.06957989976460037,,out_of_road
1760,fresh,0,fresh,,,0,0.0,0,0,0,0,0,10.0,5.0,5.0,20.0,0,677,15.978588104248047,0.05593674838442515,,arrive_dest
1761,fresh,0,fresh,,,0,0.0,0,0,0,0,0,10.0,5.0,5.0,20.0,0,395,9.65151309967041,0.06729003143602912,,out_of_road
1762,fresh,0,fresh,,,0,0.0,0,0,0,0,0,10.0,5.0,5.0,20.0,0,155,1.8493353128433228,0.012490997265183157,,out_of_road
1763,fresh,0,fresh,,,0,0.0,0,0,0,0,0,10.0,5.0,5.0,20.0,0,155,3.5463829040527344,0.04102899369693572,,arrive_dest
1764,fresh,0,fresh,,,0,0.0,0,0,0,0,0,10.0,5.0,5.0,20.0,0,69,1.3074548244476318,0.041679787678994995,,arrive_dest
1765,fresh,0,fresh,,,0,0.0,0,0,0,0,0,10.0,5.0,5.0,20.0,0,575,13.834147453308105,0.06661995678978122,,arrive_dest
1766,fresh,0,fresh,,,0,0.0,0,0,0,0,0,10.0,5.0,5.0,20.0,0,546,13.755636215209961,0.09354433220139136,,arrive_dest
1767,fresh,0,fresh,,,0,0.0,0,0,0,0,0,10.0,5.0,5.0,20.0,0,341,7.450239181518555,0.06081019795726428,,out_of_road
1768,fresh,0,fresh,,,0,0.0,0,0,0,0,0,10.0,5.0,5.0,20.0,0,56,-0.11497560143470764,0.009490833484700747,,out_of_road
1769,fresh,0,fresh,,,0,0.0,0,0,0,0,0,10.0,5.0,5.0,20.0,0,81,1.5091179609298706,0.025129134042395487,,arrive_dest
1770,fresh,0,fresh,,,0,0.0,0,0,0,0,0,10.0,5.0,5.0,20.0,0,187,3.141615629196167,0.0277324384875237,,out_of_road
1771,fresh,0,fresh,,,0,0.0,0,0,0,0,0,10.0,5.0,5.0,20.0,0,936,23.152183532714844,0.08818256503946031,,arrive_dest
1772,fresh,0,fresh,,,0,0.0,0,0,0,0,0,10.0,5.0,5.0,20.0,0,573,11.959549903869629,0.059498532598739266,,out_of_road
1773,fresh,0,fresh,,,0,0.0,0,0,0,0,0,10.0,5.0,5.0,20.0,0,761,18.210647583007812,0.08829708627847963,,arrive_dest
1774,fresh,0,fresh,,,0,0.0,0,0,0,0,0,10.0,5.0,5.0,20.0,0,66,-0.1124463602900505,0.0,,out_of_road
1775,fresh,0,fresh,,,0,0.0,0,0,0,0,0,10.0,5.0,5.0,20.0,0,323,8.242874145507812,0.09226416529735822,,out_of_road
1776,fresh,0,fresh,,,0,0.0,0,0,0,0,0,10.0,5.0,5.0,20.0,0,702,16.252727508544922,0.09624203816560387,,out_of_road
1777,fresh,0,fresh,,,0,0.0,0,0,0,0,0,10.0,5.0,5.0,20.0,0,229,4.737495422363281,0.08924160839168266,,arrive_dest
1778,fresh,0,fresh,,,0,0.0,0,0,0,0,0,10.0,5.0,5.0,20.0,0,146,2.847576141357422,0.010783012586403382,,arrive_dest
1779,fresh,0,fresh,,,0,0.0,0,0,0,0,0,10.0,5.0,5.0,20.0,0,605,13.850942611694336,0.05201426149723082,,out_of_road
1780,fresh,0,fresh,,,0,0.0,0,0,0,0,0,10.0,5.0,5.0,20.0,0,579,12.57394790649414,0.08970037124896606,,out_of_road
1781,fresh,0,fresh,,,0,0.0,0,0,0,0,0,10.0,5.0,5.0,20.0,0,72,0.38132673501968384,0.01236657501431182,,out_of_road
1782,fresh,0,fresh,,,0,0.0,0,0,0,0,0,10.0,5.0,5.0,20.0,0,637,15.003823280334473,0.07091365054357955,,out_of_road
1783,fresh,0,fresh,,,0,0.0,0,0,0,0,0,10.0,5.0,5.0,20.0,0,152,1.9312750101089478,0.02210897063579116,,out_of_road
1784,fresh,0,fresh,,,0,0.0,0,0,0,0,0,10.0,5.0,5.0,20.0,0,173,3.2079432010650635,0.019818217472060223,,out_of_road
1785,fresh,0,fresh,,,0,0.0,0,0,0,0,0,10.0,5.0,5.0,20.0,0,393,9.405987739562988,0.060372839773040615,,arrive_dest
1786,fresh,0,fresh,,,0,0.0,0,0,0,0,0,10.0,5.0,5.0,20.0,0,1000,23.47718048095703,0.07979039032105356,,max_step
1787,fresh,0,fresh,,,0,0.0,0,0,0,0,0,10.0,5.0,5.0,20.0,0,685,16.38850975036621,0.06995985623394703,,out_of_road
1788,fresh,0,fresh,,,0,0.0,0,0,0,0,0,10.0,5.0,5.0,20.0,0,345,7.7839555740356445,0.05103489762523036,,out_of_road
1789,fresh,0,fresh,,,0,0.0,0,0,0,0,0,10.0,5.0,5.0,20.0,0,151,1.9864503145217896,0.014447882768408155,,out_of_road
1790,fresh,0,fresh,,,0,0.0,0,0,0,0,0,10.0,5.0,5.0,20.0,0,154,2.3696444034576416,0.019280010235628912,,out_of_road
1791,fresh,0,fresh,,,0,0.0,0,0,0,0,0,10.0,5.0,5.0,20.0,0,700,18.390737533569336,0.0853948075829872,,arrive_dest
1792,fresh,0,fresh,,,0,0.0,0,0,0,0,0,10.0,5.0,5.0,20.0,0,357,7.813239097595215,0.05555253479687147,,out_of_road
1793,fresh,0,fresh,,,0,0.0,0,0,0,0,0,10.0,5.0,5.0,20.0,0,1000,25.121318817138672,0.09733165942784398,,max_step
1794,fresh,0,fresh,,,0,0.0,0,0,0,0,0,10.0,5.0,5.0,20.0,0,124,1.434730887413025,0.006020435252256932,,out_of_road
1795,fresh,0,fresh,,,0,0.0,0,0,0,0,0,10.0,5.0,5.0,20.0,0,151,2.6089134216308594,0.026234215779217664,,arrive_dest
1796,fresh,0,fresh,,,0,0.0,0,0,0,0,0,10.0,5.0,5.0,20.0,0,83,1.3408842086791992,0.0304762111325939,,arrive_dest
1797,fresh,0,fresh,,,0,0.0,0,0,0,0,0,10.0,5.0,5.0,20.0,0,572,13.84402847290039,0.06932973136093103,,arrive_dest
1798,fresh,0,fresh,,,0,0.0,0,0,0,0,0,10.0,5.0,5.0,20.0,0,565,14.021316528320312,0.08529579899710628,,arrive_dest
1799,fresh,0,fresh,,,0,0.0,0,0,0,0,0,10.0,5.0,5.0,20.0,0,58,0.34147191047668457,0.0012053747557039406,,out_of_road
1800,fresh,0,fresh,,,0,0.0,0,0,0,0,0,10.0,5.0,5.0,20.0,0,136,2.034625291824341,0.015848328859326157,,out_of_road
1801,fresh,0,fresh,,,0,0.0,0,0,0,0,0,10.0,5.0,5.0,20.0,0,310,1.697779893875122,0.01608341310714041,,out_of_road
1802,fresh,0,fresh,,,0,0.0,0,0,0,0,0,10.0,5.0,5.0,20.0,0,447,10.518122673034668,0.060161943556803384,,arrive_dest
1803,fresh,0,fresh,,,0,0.0,0,0,0,0,0,10.0,5.0,5.0,20.0,0,367,9.330674171447754,0.06240807039211491,,arrive_dest
1804,fresh,0,fresh,,,0,0.0,0,0,0,0,0,10.0,5.0,5.0,20.0,0,123,1.4770536422729492,0.0043015771931627905,,out_of_road
1805,fresh,0,fresh,,,0,0.0,0,0,0,0,0,10.0,5.0,5.0,20.0,0,277,5.6082234382629395,0.05630923488718669,,out_of_road
1806,fresh,0,fresh,,,0,0.0,0,0,0,0,0,10.0,5.0,5.0,20.0,0,55,0.31241482496261597,0.026256479051980107,,out_of_road
1807,fresh,0,fresh,,,0,0.0,0,0,0,0,0,10.0,5.0,5.0,20.0,0,764,18.687881469726562,0.07284665865218998,,arrive_dest
1808,fresh,0,fresh,,,0,0.0,0,0,0,0,0,10.0,5.0,5.0,20.0,0,864,20.183595657348633,0.08884541693125222,,arrive_dest
1809,fresh,0,fresh,,,0,0.0,0,0,0,0,0,10.0,5.0,5.0,20.0,0,754,18.013370513916016,0.0888174189679542,,arrive_dest
1810,fresh,0,fresh,,,0,0.0,0,0,0,0,0,10.0,5.0,5.0,20.0,0,592,13.84799861907959,0.07048954278060764,,out_of_road
1811,fresh,0,fresh,,,0,0.0,0,0,0,0,0,10.0,5.0,5.0,20.0,0,688,16.61226463317871,0.070782190446639,,out_of_road
1812,fresh,0,fresh,,,0,0.0,0,0,0,0,0,10.0,5.0,5.0,20.0,0,108,1.4409137964248657,0.015317168517935055,,out_of_road
1813,fresh,0,fresh,,,0,0.0,0,0,0,0,0,10.0,5.0,5.0,20.0,0,350,7.699563026428223,0.0646316858647125,,out_of_road
1814,fresh,0,fresh,,,0,0.0,0,0,0,0,0,10.0,5.0,5.0,20.0,0,170,2.8570356369018555,0.019380792945294694,,out_of_road
1815,fresh,0,fresh,,,0,0.0,0,0,0,0,0,10.0,5.0,5.0,20.0,0,403,9.700374603271484,0.0930414402039338,,out_of_road
1816,fresh,0,fresh,,,0,0.0,0,0,0,0,0,10.0,5.0,5.0,20.0,0,840,20.85836410522461,0.055992360551664164,,arrive_dest
1817,fresh,0,fresh,,,0,0.0,0,0,0,0,0,10.0,5.0,5.0,20.0,0,570,6.118598937988281,0.020056775869728115,,out_of_road
1818,fresh,0,fresh,,,0,0.0,0,0,0,0,0,10.0,5.0,5.0,20.0,0,540,13.07763671875,0.04857092834815072,,arrive_dest
1819,fresh,0,fresh,,,0,0.0,0,0,0,0,0,10.0,5.0,5.0,20.0,0,531,12.820999145507812,0.07259169660101727,,arrive_dest
1820,fresh,0,fresh,,,0,0.0,0,0,0,0,0,10.0,5.0,5.0,20.0,0,413,9.717337608337402,0.0848965558052045,,out_of_road
1821,fresh,0,fresh,,,0,0.0,0,0,0,0,0,10.0,5.0,5.0,20.0,0,631,13.99467658996582,0.08360027412849991,,arrive_dest
1822,fresh,0,fresh,,,0,0.0,0,0,0,0,0,10.0,5.0,5.0,20.0,0,720,18.50402069091797,0.08219726761292097,,arrive_dest
1823,fresh,0,fresh,,,0,0.0,0,0,0,0,0,10.0,5.0,5.0,20.0,0,407,8.260923385620117,0.06321809992779971,,arrive_dest
1824,fresh,0,fresh,,,0,0.0,0,0,0,0,0,10.0,5.0,5.0,20.0,0,497,10.909344673156738,0.038537890708890986,,out_of_road
1825,fresh,0,fresh,,,0,0.0,0,0,0,0,0,10.0,5.0,5.0,20.0,0,379,8.79576301574707,0.04481188935414448,,arrive_dest
1826,fresh,0,fresh,,,0,0.0,0,0,0,0,0,10.0,5.0,5.0,20.0,0,327,1.5685549974441528,0.012497589795277753,,out_of_road
1827,fresh,0,fresh,,,0,0.0,0,0,0,0,0,10.0,5.0,5.0,20.0,0,125,1.6474344730377197,0.020061099238693713,,out_of_road
1828,fresh,0,fresh,,,0,0.0,0,0,0,0,0,10.0,5.0,5.0,20.0,0,340,4.619746208190918,0.03254571490208892,,out_of_road
1829,fresh,0,fresh,,,0,0.0,0,0,0,0,0,10.0,5.0,5.0,20.0,0,612,14.969069480895996,0.07971879388312231,,arrive_dest
1830,fresh,0,fresh,,,0,0.0,0,0,0,0,0,10.0,5.0,5.0,20.0,0,820,18.36301612854004,0.08466970004459343,,out_of_road
1831,fresh,0,fresh,,,0,0.0,0,0,0,0,0,10.0,5.0,5.0,20.0,0,2,0.24921207129955292,0.029730677604675293,,arrive_dest
1832,fresh,0,fresh,,,0,0.0,0,0,0,0,0,10.0,5.0,5.0,20.0,0,328,0.433010071516037,0.00609601599947981,,out_of_road
1833,fresh,0,fresh,,,0,0.0,0,0,0,0,0,10.0,5.0,5.0,20.0,0,354,7.972286224365234,0.06127830789592854,,arrive_dest
1834,fresh,0,fresh,,,0,0.0,0,0,0,0,0,10.0,5.0,5.0,20.0,0,291,6.337966442108154,0.04964172292526338,,out_of_road
1835,fresh,0,fresh,,,0,0.0,0,0,0,0,0,10.0,5.0,5.0,20.0,0,484,11.316062927246094,0.04948430799004576,,arrive_dest
1836,fresh,0,fresh,,,0,0.0,0,0,0,0,0,10.0,5.0,5.0,20.0,0,257,1.5872995853424072,0.009034145051787394,,out_of_road
1837,fresh,0,fresh,,,0,0.0,0,0,0,0,0,10.0,5.0,5.0,20.0,0,854,19.217947006225586,0.0514312935682271,,out_of_road
1838,fresh,0,fresh,,,0,0.0,0,0,0,0,0,10.0,5.0,5.0,20.0,0,339,0.4199523627758026,0.004275193851397189,,out_of_road
1839,fresh,0,fresh,,,0,0.0,0,0,0,0,0,10.0,5.0,5.0,20.0,0,568,3.337139129638672,0.018404159925281216,,out_of_road
1840,fresh,0,fresh,,,0,0.0,0,0,0,0,0,10.0,5.0,5.0,20.0,0,293,5.44208288192749,0.023801742925756823,,arrive_dest
1841,fresh,0,fresh,,,0,0.0,0,0,0,0,0,10.0,5.0,5.0,20.0,0,151,1.4329240322113037,0.014337023208226194,,out_of_road
1842,fresh,0,fresh,,,0,0.0,0,0,0,0,0,10.0,5.0,5.0,20.0,0,166,1.4682374000549316,0.014767119809648538,,out_of_road
1843,fresh,0,fresh,,,0,0.0,0,0,0,0,0,10.0,5.0,5.0,20.0,0,382,9.17878246307373,0.0720659219952427,,arrive_dest
1844,fresh,0,fresh,,,0,0.0,0,0,0,0,0,10.0,5.0,5.0,20.0,0,517,12.666105270385742,0.09796224248179412,,arrive_dest
1845,fresh,0,fresh,,,0,0.0,0,0,0,0,0,10.0,5.0,5.0,20.0,0,525,10.711738586425781,0.03930129744201189,,out_of_road
1846,fresh,0,fresh,,,0,0.0,0,0,0,0,0,10.0,5.0,5.0,20.0,0,927,14.123779296875,0.04285007060574269,,out_of_road
1847,fresh,0,fresh,,,0,0.0,0,0,0,0,0,10.0,5.0,5.0,20.0,0,322,3.412288188934326,0.027036442419749784,,out_of_road
1848,fresh,0,fresh,,,0,0.0,0,0,0,0,0,10.0,5.0,5.0,20.0,0,122,1.70732581615448,0.01913761644868455,,out_of_road
1849,fresh,0,fresh,,,0,0.0,0,0,0,0,0,10.0,5.0,5.0,20.0,0,134,2.3705191612243652,0.02091595969065579,,arrive_dest
1850,fresh,0,fresh,,,0,0.0,0,0,0,0,0,10.0,5.0,5.0,20.0,0,426,9.268925666809082,0.050047076167866696,,out_of_road
1851,fresh,0,fresh,,,0,0.0,0,0,0,0,0,10.0,5.0,5.0,20.0,0,587,14.992719650268555,0.0788079049312105,,arrive_dest
1852,fresh,0,fresh,,,0,0.0,0,0,0,0,0,10.0,5.0,5.0,20.0,0,178,2.3175430297851562,0.11853234691733724,,out_of_road
1853,fresh,0,fresh,,,0,0.0,0,0,0,0,0,10.0,5.0,5.0,20.0,0,281,7.459996700286865,0.06596226536327462,,out_of_road
1854,fresh,0,fresh,,,0,0.0,0,0,0,0,0,10.0,5.0,5.0,20.0,0,639,9.438706398010254,0.058284495199311975,,out_of_road
1855,fresh,0,fresh,,,0,0.0,0,0,0,0,0,10.0,5.0,5.0,20.0,0,117,1.648928165435791,0.018333225789615232,,out_of_road
1856,fresh,0,fresh,,,0,0.0,0,0,0,0,0,10.0,5.0,5.0,20.0,0,332,1.6628786325454712,0.008887342126838055,,out_of_road
1857,fresh,0,fresh,,,0,0.0,0,0,0,0,0,10.0,5.0,5.0,20.0,0,591,15.796700477600098,0.12428395540686718,,out_of_road
1858,fresh,0,fresh,,,0,0.0,0,0,0,0,0,10.0,5.0,5.0,20.0,0,515,12.29232406616211,0.06424975236877799,,arrive_dest
1859,fresh,0,fresh,,,0,0.0,0,0,0,0,0,10.0,5.0,5.0,20.0,0,136,3.114762544631958,0.058880249370464724,,arrive_dest
1860,fresh,0,fresh,,,0,0.0,0,0,0,0,0,10.0,5.0,5.0,20.0,0,195,3.1286470890045166,0.0423026129269065,,out_of_road
1861,fresh,0,fresh,,,0,0.0,0,0,0,0,0,10.0,5.0,5.0,20.0,0,655,10.299674034118652,0.0757575458519957,,out_of_road
1862,fresh,0,fresh,,,0,0.0,0,0,0,0,0,10.0,5.0,5.0,20.0,0,816,5.652801036834717,0.028381919744966653,,out_of_road
1863,fresh,0,fresh,,,0,0.0,0,0,0,0,0,10.0,5.0,5.0,20.0,0,48,0.6420361995697021,0.026111590520789225,,arrive_dest
1864,fresh,0,fresh,,,0,0.0,0,0,0,0,0,10.0,5.0,5.0,20.0,0,178,3.0770039558410645,0.021892015419356273,,arrive_dest
1865,fresh,0,fresh,,,0,0.0,0,0,0,0,0,10.0,5.0,5.0,20.0,0,383,10.209765434265137,0.12924492254114026,,arrive_dest
1866,fresh,0,fresh,,,0,0.0,0,0,0,0,0,10.0,5.0,5.0,20.0,0,605,15.557652473449707,0.09978118176949172,,arrive_dest
1867,fresh,0,fresh,,,0,0.0,0,0,0,0,0,10.0,5.0,5.0,20.0,0,464,11.178223609924316,0.08429909164712218,,arrive_dest
1868,fresh,0,fresh,,,0,0.0,0,0,0,0,0,10.0,5.0,5.0,20.0,0,204,3.5705342292785645,0.030991068516182257,,out_of_road
1869,fresh,0,fresh,,,0,0.0,0,0,0,0,0,10.0,5.0,5.0,20.0,0,73,0.396548867225647,0.01207110080357692,,out_of_road
1870,fresh,0,fresh,,,0,0.0,0,0,0,0,0,10.0,5.0,5.0,20.0,0,773,18.77406120300293,0.11160138375119802,,arrive_dest
1871,fresh,0,fresh,,,0,0.0,0,0,0,0,0,10.0,5.0,5.0,20.0,0,636,15.407752990722656,0.07408617646213761,,arrive_dest
1872,fresh,0,fresh,,,0,0.0,0,0,0,0,0,10.0,5.0,5.0,20.0,0,62,0.41046851873397827,0.007065409576640495,,out_of_road
1873,fresh,0,fresh,,,0,0.0,0,0,0,0,0,10.0,5.0,5.0,20.0,0,483,9.091278076171875,0.06316710592586909,,out_of_road
1874,fresh,0,fresh,,,0,0.0,0,0,0,0,0,10.0,5.0,5.0,20.0,0,156,3.5997314453125,0.048016880152341075,,arrive_dest
1875,fresh,0,fresh,,,0,0.0,0,0,0,0,0,10.0,5.0,5.0,20.0,0,191,4.089203834533691,0.053111728519708384,,arrive_dest
1876,fresh,0,fresh,,,0,0.0,0,0,0,0,0,10.0,5.0,5.0,20.0,0,170,3.180236577987671,0.018848206031629268,,out_of_road
1877,fresh,0,fresh,,,0,0.0,0,0,0,0,0,10.0,5.0,5.0,20.0,0,1000,22.633975982666016,0.0641943532647565,,max_step
1878,fresh,0,fresh,,,0,0.0,0,0,0,0,0,10.0,5.0,5.0,20.0,0,679,10.418911933898926,0.029386217529310768,,out_of_road
1879,fresh,0,fresh,,,0,0.0,0,0,0,0,0,10.0,5.0,5.0,20.0,0,347,7.185511589050293,0.061507127381947094,,out_of_road
1880,fresh,0,fresh,,,0,0.0,0,0,0,0,0,10.0,5.0,5.0,20.0,0,688,15.461322784423828,0.06266913813018364,,arrive_dest
1881,fresh,0,fresh,,,0,0.0,0,0,0,0,0,10.0,5.0,5.0,20.0,0,89,1.9404220581054688,0.01316018800219793,,arrive_dest
1882,fresh,0,fresh,,,0,0.0,0,0,0,0,0,10.0,5.0,5.0,20.0,0,59,0.3861922025680542,0.001416773282749168,,out_of_road
1883,fresh,0,fresh,,,0,0.0,0,0,0,0,0,10.0,5.0,5.0,20.0,0,143,2.4550273418426514,0.012664091662614495,,arrive_dest
1884,fresh,0,fresh,,,0,0.0,0,0,0,0,0,10.0,5.0,5.0,20.0,0,1000,25.06971549987793,0.10209153399855131,,max_step
1885,fresh,0,fresh,,,0,0.0,0,0,0,0,0,10.0,5.0,5.0,20.0,0,741,18.647476196289062,0.08712919713368743,,arrive_dest
1886,fresh,0,fresh,,,0,0.0,0,0,0,0,0,10.0,5.0,5.0,20.0,0,238,4.1413655281066895,0.03995458364189297,,out_of_road
1887,fresh,0,fresh,,,0,0.0,0,0,0,0,0,10.0,5.0,5.0,20.0,0,76,0.421063631772995,0.013766122160871563,,out_of_road
1888,fresh,0,fresh,,,0,0.0,0,0,0,0,0,10.0,5.0,5.0,20.0,0,512,12.682805061340332,0.06815086007281934,,arrive_dest
1889,fresh,0,fresh,,,0,0.0,0,0,0,0,0,10.0,5.0,5.0,20.0,0,481,11.916521072387695,0.07041780557870679,,arrive_dest
1890,fresh,0,fresh,,,0,0.0,0,0,0,0,0,10.0,5.0,5.0,20.0,0,309,7.6619391441345215,0.05750590608407017,,arrive_dest
1891,fresh,0,fresh,,,0,0.0,0,0,0,0,0,10.0,5.0,5.0,20.0,0,735,17.95887565612793,0.10669203123876027,,out_of_road
1892,fresh,0,fresh,,,0,0.0,0,0,0,0,0,10.0,5.0,5.0,20.0,0,551,12.305085182189941,0.06322448567644492,,arrive_dest
1893,fresh,0,fresh,,,0,0.0,0,0,0,0,0,10.0,5.0,5.0,20.0,0,437,8.920403480529785,0.03234939675168635,,out_of_road
1894,fresh,0,fresh,,,0,0.0,0,0,0,0,0,10.0,5.0,5.0,20.0,0,373,8.819122314453125,0.05125461143488938,,arrive_dest
1895,fresh,0,fresh,,,0,0.0,0,0,0,0,0,10.0,5.0,5.0,20.0,0,682,15.388020515441895,0.07937033996914576,,out_of_road
1896,fresh,0,fresh,,,0,0.0,0,0,0,0,0,10.0,5.0,5.0,20.0,0,925,22.151039123535156,0.07694330000608839,,arrive_dest
1897,fresh,0,fresh,,,0,0.0,0,0,0,0,0,10.0,5.0,5.0,20.0,0,542,12.995223999023438,0.041340681691602474,,arrive_dest
1898,fresh,0,fresh,,,0,0.0,0,0,0,0,0,10.0,5.0,5.0,20.0,0,335,8.03158187866211,0.1248875705608681,,out_of_road
1899,fresh,0,fresh,,,0,0.0,0,0,0,0,0,10.0,5.0,5.0,20.0,0,1000,-0.025696825236082077,0.0009102264046669007,,max_step
1900,fresh,0,fresh,,,0,0.0,0,0,0,0,0,10.0,5.0,5.0,20.0,0,1000,10.544729232788086,0.05222017386788502,,max_step
1901,fresh,0,fresh,,,0,0.0,0,0,0,0,0,10.0,5.0,5.0,20.0,0,253,5.058377742767334,0.05171250537398599,,out_of_road
1902,fresh,0,fresh,,,0,0.0,0,0,0,0,0,10.0,5.0,5.0,20.0,0,396,5.881403923034668,0.03055728504768187,,out_of_road
1903,fresh,0,fresh,,,0,0.0,0,0,0,0,0,10.0,5.0,5.0,20.0,0,617,11.482246398925781,0.05797603361291971,,out_of_road
1904,fresh,0,fresh,,,0,0.0,0,0,0,0,0,10.0,5.0,5.0,20.0,0,686,17.107254028320312,0.09864940928836942,,arrive_dest
1905,fresh,0,fresh,,,0,0.0,0,0,0,0,0,10.0,5.0,5.0,20.0,0,136,1.7747043371200562,0.01053237054935273,,out_of_road
1906,fresh,0,fresh,,,0,0.0,0,0,0,0,0,10.0,5.0,5.0,20.0,0,28,-0.13691939413547516,0.022120173488344465,,out_of_road
1907,fresh,0,fresh,,,0,0.0,0,0,0,0,0,10.0,5.0,5.0,20.0,0,632,15.826370239257812,0.09844793842905024,,arrive_dest
1908,fresh,0,fresh,,,0,0.0,0,0,0,0,0,10.0,5.0,5.0,20.0,0,123,1.6249120235443115,0.0100578172435242,,out_of_road
1909,fresh,0,fresh,,,0,0.0,0,0,0,0,0,10.0,5.0,5.0,20.0,0,263,4.60502290725708,0.03169968571981323,,arrive_dest
1910,fresh,0,fresh,,,0,0.0,0,0,0,0,0,10.0,5.0,5.0,20.0,0,1000,7.067540168762207,0.021855279231676832,,max_step
1911,fresh,0,fresh,,,0,0.0,0,0,0,0,0,10.0,5.0,5.0,20.0,0,332,6.781427383422852,0.061960198544807374,,out_of_road
1912,fresh,0,fresh,,,0,0.0,0,0,0,0,0,10.0,5.0,5.0,20.0,0,567,12.367018699645996,0.08474806162185403,,out_of_road
1913,fresh,0,fresh,,,0,0.0,0,0,0,0,0,10.0,5.0,5.0,20.0,0,287,5.842781066894531,0.06463180064914897,,out_of_road
1914,fresh,0,fresh,,,0,0.0,0,0,0,0,0,10.0,5.0,5.0,20.0,0,671,17.754175186157227,0.1308326909662781,,arrive_dest
1915,fresh,0,fresh,,,0,0.0,0,0,0,0,0,10.0,5.0,5.0,20.0,0,245,0.42673903703689575,0.008209950959652055,,out_of_road
1916,fresh,0,fresh,,,0,0.0,0,0,0,0,0,10.0,5.0,5.0,20.0,0,971,7.499549865722656,0.03132802333304396,,out_of_road
1917,fresh,0,fresh,,,0,0.0,0,0,0,0,0,10.0,5.0,5.0,20.0,0,161,3.328176498413086,0.02408064434432095,,arrive_dest
1918,fresh,0,fresh,,,0,0.0,0,0,0,0,0,10.0,5.0,5.0,20.0,0,426,5.662578105926514,0.04107776513659863,,out_of_road
1919,fresh,0,fresh,,,0,0.0,0,0,0,0,0,10.0,5.0,5.0,20.0,0,323,5.991573333740234,0.03518539003237805,,arrive_dest
1920,fresh,0,fresh,,,0,0.0,0,0,0,0,0,10.0,5.0,5.0,20.0,0,470,3.3674230575561523,0.02522436678483884,,out_of_road
1921,fresh,0,fresh,,,0,0.0,0,0,0,0,0,10.0,5.0,5.0,20.0,0,165,0.3921913504600525,0.016767286164968302,,out_of_road
1922,fresh,0,fresh,,,0,0.0,0,0,0,0,0,10.0,5.0,5.0,20.0,0,335,6.409239292144775,0.05121811611661271,,out_of_road
1923,fresh,0,fresh,,,0,0.0,0,0,0,0,0,10.0,5.0,5.0,20.0,0,392,9.095162391662598,0.06269198944031888,,out_of_road
1924,fresh,0,fresh,,,0,0.0,0,0,0,0,0,10.0,5.0,5.0,20.0,0,330,0.40406903624534607,0.00591731316103092,,out_of_road
1925,fresh,0,fresh,,,0,0.0,0,0,0,0,0,10.0,5.0,5.0,20.0,0,42,0.4848374128341675,0.06932495725119397,,arrive_dest
1926,fresh,0,fresh,,,0,0.0,0,0,0,0,0,10.0,5.0,5.0,20.0,0,1000,24.20692253112793,0.07412497733556665,,max_step
1927,fresh,0,fresh,,,0,0.0,0,0,0,0,0,10.0,5.0,5.0,20.0,0,247,5.8873610496521,0.0657978983565803,,arrive_dest
1928,fresh,0,fresh,,,0,0.0,0,0,0,0,0,10.0,5.0,5.0,20.0,0,286,6.910013675689697,0.06112791839873066,,arrive_dest
1929,fresh,0,fresh,,,0,0.0,0,0,0,0,0,10.0,5.0,5.0,20.0,0,459,10.878056526184082,0.07173009205017085,,arrive_dest
1930,fresh,0,fresh,,,0,0.0,0,0,0,0,0,10.0,5.0,5.0,20.0,0,241,5.43271017074585,0.07014366643526494,,out_of_road
1931,fresh,0,fresh,,,0,0.0,0,0,0,0,0,10.0,5.0,5.0,20.0,0,340,7.8098039627075195,0.0726826753700152,,out_of_road
1932,fresh,0,fresh,,,0,0.0,0,0,0,0,0,10.0,5.0,5.0,20.0,0,779,19.678104400634766,0.0633773355909651,,arrive_dest
1933,fresh,0,fresh,,,0,0.0,0,0,0,0,0,10.0,5.0,5.0,20.0,0,790,19.83187484741211,0.0721200451667456,,arrive_dest
1934,fresh,0,fresh,,,0,0.0,0,0,0,0,0,10.0,5.0,5.0,20.0,0,257,6.020272254943848,0.046556751448516134,,out_of_road
1935,fresh,0,fresh,,,0,0.0,0,0,0,0,0,10.0,5.0,5.0,20.0,0,711,16.53519630432129,0.10660137359246759,,out_of_road
1936,fresh,0,fresh,,,0,0.0,0,0,0,0,0,10.0,5.0,5.0,20.0,0,260,4.720404624938965,0.056199793675198007,,out_of_road
1937,fresh,0,fresh,,,0,0.0,0,0,0,0,0,10.0,5.0,5.0,20.0,0,534,10.800552368164062,0.04808075644933943,,out_of_road
1938,fresh,0,fresh,,,0,0.0,0,0,0,0,0,10.0,5.0,5.0,20.0,0,114,1.7771655321121216,0.024625710129999277,,out_of_road
1939,fresh,0,fresh,,,0,0.0,0,0,0,0,0,10.0,5.0,5.0,20.0,0,410,10.826210975646973,0.07447014399463447,,arrive_dest
1940,fresh,0,fresh,,,0,0.0,0,0,0,0,0,10.0,5.0,5.0,20.0,0,423,9.858630180358887,0.06659744161535627,,arrive_dest
1941,fresh,0,fresh,,,0,0.0,0,0,0,0,0,10.0,5.0,5.0,20.0,0,302,6.760206699371338,0.0499565960424613,,arrive_dest
1942,fresh,0,fresh,,,0,0.0,0,0,0,0,0,10.0,5.0,5.0,20.0,0,320,1.532623529434204,0.007584272108215373,,out_of_road
1943,fresh,0,fresh,,,0,0.0,0,0,0,0,0,10.0,5.0,5.0,20.0,0,801,19.682811737060547,0.09389987660452175,,arrive_dest
1944,fresh,0,fresh,,,0,0.0,0,0,0,0,0,10.0,5.0,5.0,20.0,0,1000,25.83993148803711,0.09436792530439561,,max_step
1945,fresh,0,fresh,,,0,0.0,0,0,0,0,0,10.0,5.0,5.0,20.0,0,356,7.682026386260986,0.054562719414544325,,out_of_road
1946,fresh,0,fresh,,,0,0.0,0,0,0,0,0,10.0,5.0,5.0,20.0,0,219,5.75743293762207,0.05277256500167287,,arrive_dest
1947,fresh,0,fresh,,,0,0.0,0,0,0,0,0,10.0,5.0,5.0,20.0,0,130,1.9524701833724976,0.006948997725087863,,out_of_road
1948,fresh,0,fresh,,,0,0.0,0,0,0,0,0,10.0,5.0,5.0,20.0,0,712,15.976496696472168,0.05586188288766556,,arrive_dest
1949,fresh,0,fresh,,,0,0.0,0,0,0,0,0,10.0,5.0,5.0,20.0,0,101,1.7652612924575806,0.0018345149289263358,,arrive_dest
1950,fresh,0,fresh,,,0,0.0,0,0,0,0,0,10.0,5.0,5.0,20.0,0,119,1.9678659439086914,0.020681832772249185,,arrive_dest
1951,fresh,0,fresh,,,0,0.0,0,0,0,0,0,10.0,5.0,5.0,20.0,0,371,8.763151168823242,0.06606495263170441,,arrive_dest
1952,fresh,0,fresh,,,0,0.0,0,0,0,0,0,10.0,5.0,5.0,20.0,0,382,9.161957740783691,0.04250606054596174,,arrive_dest
1953,fresh,0,fresh,,,0,0.0,0,0,0,0,0,10.0,5.0,5.0,20.0,0,364,7.940275192260742,0.042234769058388216,,out_of_road
1954,fresh,0,fresh,,,0,0.0,0,0,0,0,0,10.0,5.0,5.0,20.0,0,470,10.359342575073242,0.07869766309480876,,arrive_dest
1955,fresh,0,fresh,,,0,0.0,0,0,0,0,0,10.0,5.0,5.0,20.0,0,194,2.7188868522644043,0.09946170311478764,,out_of_road
1956,fresh,0,fresh,,,0,0.0,0,0,0,0,0,10.0,5.0,5.0,20.0,0,2,0.24940763413906097,0.0,,arrive_dest
1957,fresh,0,fresh,,,0,0.0,0,0,0,0,0,10.0,5.0,5.0,20.0,0,660,14.012967109680176,0.06269104057414965,,out_of_road
1958,fresh,0,fresh,,,0,0.0,0,0,0,0,0,10.0,5.0,5.0,20.0,0,568,14.11536693572998,0.07470511330265395,,arrive_dest
1959,fresh,0,fresh,,,0,0.0,0,0,0,0,0,10.0,5.0,5.0,20.0,0,688,16.64606285095215,0.06725384337965637,,out_of_road
1960,fresh,0,fresh,,,0,0.0,0,0,0,0,0,10.0,5.0,5.0,20.0,0,89,0.382329523563385,0.006204459554609958,,out_of_road
1961,fresh,0,fresh,,,0,0.0,0,0,0,0,0,10.0,5.0,5.0,20.0,0,728,17.08401870727539,0.055377860134755326,,arrive_dest
1962,fresh,0,fresh,,,0,0.0,0,0,0,0,0,10.0,5.0,5.0,20.0,0,367,7.70435094833374,0.04983563651838302,,out_of_road
1963,fresh,0,fresh,,,0,0.0,0,0,0,0,0,10.0,5.0,5.0,20.0,0,62,0.38630086183547974,0.0058399276627648265,,out_of_road
1964,fresh,0,fresh,,,0,0.0,0,0,0,0,0,10.0,5.0,5.0,20.0,0,200,3.1798453330993652,0.028239746368490158,,out_of_road
1965,fresh,0,fresh,,,0,0.0,0,0,0,0,0,10.0,5.0,5.0,20.0,0,445,9.518136024475098,0.05015286615306742,,out_of_road
1966,fresh,0,fresh,,,0,0.0,0,0,0,0,0,10.0,5.0,5.0,20.0,0,542,13.256795883178711,0.06790009522518466,,arrive_dest
1967,fresh,0,fresh,,,0,0.0,0,0,0,0,0,10.0,5.0,5.0,20.0,0,285,4.423856258392334,0.047823297776069425,,out_of_road
1968,fresh,0,fresh,,,0,0.0,0,0,0,0,0,10.0,5.0,5.0,20.0,0,93,1.5860620737075806,0.029888115552884918,,arrive_dest
1969,fresh,0,fresh,,,0,0.0,0,0,0,0,0,10.0,5.0,5.0,20.0,0,452,10.611702919006348,0.06554158336783768,,out_of_road
1970,fresh,0,fresh,,,0,0.0,0,0,0,0,0,10.0,5.0,5.0,20.0,0,867,22.136924743652344,0.07729305759840484,,out_of_road
1971,fresh,0,fresh,,,0,0.0,0,0,0,0,0,10.0,5.0,5.0,20.0,0,1000,1.8197729587554932,0.015782173270359634,,max_step
1972,fresh,0,fresh,,,0,0.0,0,0,0,0,0,10.0,5.0,5.0,20.0,0,559,12.55663776397705,0.05395560417564216,,arrive_dest
1973,fresh,0,fresh,,,0,0.0,0,0,0,0,0,10.0,5.0,5.0,20.0,0,115,0.3907964527606964,0.00870493062083488,,out_of_road
1974,fresh,0,fresh,,,0,0.0,0,0,0,0,0,10.0,5.0,5.0,20.0,0,404,9.64688777923584,0.09743632000552878,,out_of_road
1975,fresh,0,fresh,,,0,0.0,0,0,0,0,0,10.0,5.0,5.0,20.0,0,537,12.463351249694824,0.0549070921195827,,arrive_dest
1976,fresh,0,fresh,,,0,0.0,0,0,0,0,0,10.0,5.0,5.0,20.0,0,809,17.650165557861328,0.09963348040737705,,arrive_dest
1977,fresh,0,fresh,,,0,0.0,0,0,0,0,0,10.0,5.0,5.0,20.0,0,374,8.565174102783203,0.05624921737677034,,arrive_dest
1978,fresh,0,fresh,,,0,0.0,0,0,0,0,0,10.0,5.0,5.0,20.0,0,68,0.3895169496536255,0.006686987375895328,,out_of_road
1979,fresh,0,fresh,,,0,0.0,0,0,0,0,0,10.0,5.0,5.0,20.0,0,747,17.631305694580078,0.05943373495487214,,arrive_dest
1980,fresh,0,fresh,,,0,0.0,0,0,0,0,0,10.0,5.0,5.0,20.0,0,545,3.3708717823028564,0.009368486707995928,,out_of_road
1981,fresh,0,fresh,,,0,0.0,0,0,0,0,0,10.0,5.0,5.0,20.0,0,928,14.90967845916748,0.07764735963691832,,out_of_road
1982,fresh,0,fresh,,,0,0.0,0,0,0,0,0,10.0,5.0,5.0,20.0,0,141,1.1971418857574463,0.016077943278331282,,out_of_road
1983,fresh,0,fresh,,,0,0.0,0,0,0,0,0,10.0,5.0,5.0,20.0,0,133,0.3836568295955658,0.034046198563524206,,out_of_road
1984,fresh,0,fresh,,,0,0.0,0,0,0,0,0,10.0,5.0,5.0,20.0,0,452,9.549233436584473,0.07182990257685955,,out_of_road
1985,fresh,0,fresh,,,0,0.0,0,0,0,0,0,10.0,5.0,5.0,20.0,0,381,7.306753635406494,0.052235078995160056,,out_of_road
1986,fresh,0,fresh,,,0,0.0,0,0,0,0,0,10.0,5.0,5.0,20.0,0,774,18.313251495361328,0.10865901634385881,,out_of_road
1987,fresh,0,fresh,,,0,0.0,0,0,0,0,0,10.0,5.0,5.0,20.0,0,1000,24.291168212890625,0.09078423664625734,,max_step
1988,fresh,0,fresh,,,0,0.0,0,0,0,0,0,10.0,5.0,5.0,20.0,0,91,1.7525298595428467,0.004823031333776621,,arrive_dest
1989,fresh,0,fresh,,,0,0.0,0,0,0,0,0,10.0,5.0,5.0,20.0,0,344,7.482423305511475,0.047711941965877316,,out_of_road
1990,fresh,0,fresh,,,0,0.0,0,0,0,0,0,10.0,5.0,5.0,20.0,0,145,2.0075156688690186,0.017527522772133094,,out_of_road
1991,fresh,0,fresh,,,0,0.0,0,0,0,0,0,10.0,5.0,5.0,20.0,0,198,1.842110514640808,0.013871541006885695,,out_of_road
1992,fresh,0,fresh,,,0,0.0,0,0,0,0,0,10.0,5.0,5.0,20.0,0,573,12.987802505493164,0.06846447000978921,,arrive_dest
1993,fresh,0,fresh,,,0,0.0,0,0,0,0,0,10.0,5.0,5.0,20.0,0,363,3.1429407596588135,0.014428399361800865,,out_of_road
1994,fresh,0,fresh,,,0,0.0,0,0,0,0,0,10.0,5.0,5.0,20.0,0,307,6.845240592956543,0.06154839730220892,,out_of_road
1995,fresh,0,fresh,,,0,0.0,0,0,0,0,0,10.0,5.0,5.0,20.0,0,117,1.4150347709655762,0.01765661475320275,,out_of_road
1996,fresh,0,fresh,,,0,0.0,0,0,0,0,0,10.0,5.0,5.0,20.0,0,1000,15.676719665527344,0.0461099447151646,,max_step
1997,fresh,0,fresh,,,0,0.0,0,0,0,0,0,10.0,5.0,5.0,20.0,0,122,1.6231348514556885,0.014581686481222754,,out_of_road
1998,fresh,0,fresh,,,0,0.0,0,0,0,0,0,10.0,5.0,5.0,20.0,0,235,4.719374179840088,0.046502291857007334,,out_of_road
1999,fresh,0,fresh,,,0,0.0,0,0,0,0,0,10.0,5.0,5.0,20.0,0,1000,-0.04180588945746422,0.0011243830415187403,,max_step
2000,fresh,0,fresh,,,0,0.0,0,0,0,0,0,10.0,5.0,5.0,20.0,0,527,11.674951553344727,0.06309508085887051,,out_of_road
2001,fresh,0,fresh,,,0,0.0,0,0,0,0,0,10.0,5.0,5.0,20.0,0,637,14.214262008666992,0.06827520389326233,,out_of_road
2002,fresh,0,fresh,,,0,0.0,0,0,0,0,0,10.0,5.0,5.0,20.0,0,1000,0.007209981791675091,0.003582974131422816,,max_step
2003,fresh,0,fresh,,,0,0.0,0,0,0,0,0,10.0,5.0,5.0,20.0,0,627,13.599454879760742,0.07917435624060389,,out_of_road
2004,fresh,0,fresh,,,0,0.0,0,0,0,0,0,10.0,5.0,5.0,20.0,0,9,0.26479005813598633,0.06885376241472033,,arrive_dest
2005,fresh,0,fresh,,,0,0.0,0,0,0,0,0,10.0,5.0,5.0,20.0,0,1000,23.03229331970215,0.062350826607318596,,max_step
2006,fresh,0,fresh,,,0,0.0,0,0,0,0,0,10.0,5.0,5.0,20.0,0,605,15.015377044677734,0.0769808797756487,,arrive_dest
2007,fresh,0,fresh,,,0,0.0,0,0,0,0,0,10.0,5.0,5.0,20.0,0,295,5.628324508666992,0.026600764463734577,,out_of_road
2008,fresh,0,fresh,,,0,0.0,0,0,0,0,0,10.0,5.0,5.0,20.0,0,709,16.524782180786133,0.04679994485426395,,out_of_road
2009,fresh,0,fresh,,,0,0.0,0,0,0,0,0,10.0,5.0,5.0,20.0,0,18,-0.1184522956609726,0.010441291663381789,,out_of_road
2010,fresh,0,fresh,,,0,0.0,0,0,0,0,0,10.0,5.0,5.0,20.0,0,402,9.083372116088867,0.03892465309698635,,out_of_road
2011,fresh,0,fresh,,,0,0.0,0,0,0,0,0,10.0,5.0,5.0,20.0,0,666,16.215944290161133,0.04418882553559356,,arrive_dest
2012,fresh,0,fresh,,,0,0.0,0,0,0,0,0,10.0,5.0,5.0,20.0,0,247,1.4404481649398804,0.011534727881719106,,out_of_road
2013,fresh,0,fresh,,,0,0.0,0,0,0,0,0,10.0,5.0,5.0,20.0,0,761,17.165517807006836,0.0971645746898988,,arrive_dest
2014,fresh,0,fresh,,,0,0.0,0,0,0,0,0,10.0,5.0,5.0,20.0,0,569,13.190570831298828,0.0430291591634696,,arrive_dest
2015,fresh,0,fresh,,,0,0.0,0,0,0,0,0,10.0,5.0,5.0,20.0,0,708,15.917900085449219,0.10699740642521235,,arrive_dest
2016,fresh,0,fresh,,,0,0.0,0,0,0,0,0,10.0,5.0,5.0,20.0,0,139,1.8179298639297485,0.015684507164112526,,out_of_road
2017,fresh,0,fresh,,,0,0.0,0,0,0,0,0,10.0,5.0,5.0,20.0,0,35,0.5734838843345642,0.03475748811449323,,arrive_dest
2018,fresh,0,fresh,,,0,0.0,0,0,0,0,0,10.0,5.0,5.0,20.0,0,332,0.40192341804504395,0.005587102429441973,,out_of_road
2019,fresh,0,fresh,,,0,0.0,0,0,0,0,0,10.0,5.0,5.0,20.0,0,947,14.94325065612793,0.073756104292409,,out_of_road
2020,fresh,0,fresh,,,0,0.0,0,0,0,0,0,10.0,5.0,5.0,20.0,0,579,11.055809020996094,0.04767840158935019,,out_of_road
2021,fresh,0,fresh,,,0,0.0,0,0,0,0,0,10.0,5.0,5.0,20.0,0,641,-0.10692927986383438,0.004332773397965778,,out_of_road
2022,fresh,0,fresh,,,0,0.0,0,0,0,0,0,10.0,5.0,5.0,20.0,0,494,10.466506004333496,0.05097968505623822,,out_of_road
2023,fresh,0,fresh,,,0,0.0,0,0,0,0,0,10.0,5.0,5.0,20.0,0,515,10.403825759887695,0.0525740583816055,,out_of_road
2024,fresh,0,fresh,,,0,0.0,0,0,0,0,0,10.0,5.0,5.0,20.0,0,257,4.28145694732666,0.09035278218236646,,out_of_road
2025,fresh,0,fresh,,,0,0.0,0,0,0,0,0,10.0,5.0,5.0,20.0,0,899,1.4356610774993896,0.010728546014227578,,out_of_road
2026,fresh,0,fresh,,,0,0.0,0,0,0,0,0,10.0,5.0,5.0,20.0,0,128,1.4605998992919922,0.023601901390065905,,out_of_road
2027,fresh,0,fresh,,,0,0.0,0,0,0,0,0,10.0,5.0,5.0,20.0,0,175,0.42010068893432617,0.01651252297152366,,out_of_road
2028,fresh,0,fresh,,,0,0.0,0,0,0,0,0,10.0,5.0,5.0,20.0,0,612,13.573578834533691,0.10077649523090157,,arrive_dest
2029,fresh,0,fresh,,,0,0.0,0,0,0,0,0,10.0,5.0,5.0,20.0,0,39,-0.11837577819824219,0.014367354221833058,,out_of_road
2030,fresh,0,fresh,,,0,0.0,0,0,0,0,0,10.0,5.0,5.0,20.0,0,614,14.540839195251465,0.0994412485686061,,out_of_road
2031,fresh,0,fresh,,,0,0.0,0,0,0,0,0,10.0,5.0,5.0,20.0,0,1000,24.615623474121094,0.08573005278268829,,max_step
2032,fresh,0,fresh,,,0,0.0,0,0,0,0,0,10.0,5.0,5.0,20.0,0,120,1.4296435117721558,0.013693398745575298,,out_of_road
2033,fresh,0,fresh,,,0,0.0,0,0,0,0,0,10.0,5.0,5.0,20.0,0,471,10.298272132873535,0.05601652648355298,,out_of_road
2034,fresh,0,fresh,,,0,0.0,0,0,0,0,0,10.0,5.0,5.0,20.0,0,759,16.355602264404297,0.0532309134209796,,out_of_road
2035,fresh,0,fresh,,,0,0.0,0,0,0,0,0,10.0,5.0,5.0,20.0,0,82,1.679749846458435,0.0761810048290233,,arrive_dest
2036,fresh,0,fresh,,,0,0.0,0,0,0,0,0,10.0,5.0,5.0,20.0,0,478,11.52518081665039,0.05729089309091224,,arrive_dest
2037,fresh,0,fresh,,,0,0.0,0,0,0,0,0,10.0,5.0,5.0,20.0,0,34,0.5297213196754456,0.012145800625576693,,arrive_dest
2038,fresh,0,fresh,,,0,0.0,0,0,0,0,0,10.0,5.0,5.0,20.0,0,472,11.12850570678711,0.06292314698497402,,arrive_dest
2039,fresh,0,fresh,,,0,0.0,0,0,0,0,0,10.0,5.0,5.0,20.0,0,201,2.9658336639404297,0.010112708476163558,,out_of_road
2040,fresh,0,fresh,,,0,0.0,0,0,0,0,0,10.0,5.0,5.0,20.0,0,116,1.3847308158874512,0.018807026481352233,,out_of_road
2041,fresh,0,fresh,,,0,0.0,0,0,0,0,0,10.0,5.0,5.0,20.0,0,58,0.3724415898323059,0.032431941535645006,,out_of_road
2042,fresh,0,fresh,,,0,0.0,0,0,0,0,0,10.0,5.0,5.0,20.0,0,256,2.7823359966278076,0.02211288187390892,,out_of_road
2043,fresh,0,fresh,,,0,0.0,0,0,0,0,0,10.0,5.0,5.0,20.0,0,406,7.7439985275268555,0.07266975034216391,,out_of_road
2044,fresh,0,fresh,,,0,0.0,0,0,0,0,0,10.0,5.0,5.0,20.0,0,1000,0.006582106929272413,0.0004182998538017273,,max_step
2045,fresh,0,fresh,,,0,0.0,0,0,0,0,0,10.0,5.0,5.0,20.0,0,576,12.043099403381348,0.06938207907337023,,out_of_road
2046,fresh,0,fresh,,,0,0.0,0,0,0,0,0,10.0,5.0,5.0,20.0,0,1000,24.538034439086914,0.09146898177918046,,max_step
2047,fresh,0,fresh,,,0,0.0,0,0,0,0,0,10.0,5.0,5.0,20.0,0,398,9.516840934753418,0.11096676875750568,,out_of_road
2048,fresh,0,fresh,,,0,0.0,0,0,0,0,0,10.0,5.0,5.0,20.0,0,256,5.99574089050293,0.0669544884995048,,out_of_road
2049,fresh,0,fresh,,,0,0.0,0,0,0,0,0,10.0,5.0,5.0,20.0,0,399,6.436671733856201,0.05903151884492963,,out_of_road
2050,fresh,0,fresh,,,0,0.0,0,0,0,0,0,10.0,5.0,5.0,20.0,0,1000,-0.05360059440135956,0.0014193158689886332,,max_step
2051,fresh,0,fresh,,,0,0.0,0,0,0,0,0,10.0,5.0,5.0,20.0,0,421,9.537827491760254,0.06325746804803185,,out_of_road
2052,fresh,0,fresh,,,0,0.0,0,0,0,0,0,10.0,5.0,5.0,20.0,0,1000,13.85134220123291,0.07119780576508493,,max_step
2053,fresh,0,fresh,,,0,0.0,0,0,0,0,0,10.0,5.0,5.0,20.0,0,629,1.6641522645950317,0.013728613072387364,,out_of_road
2054,fresh,0,fresh,,,0,0.0,0,0,0,0,0,10.0,5.0,5.0,20.0,0,187,1.614701509475708,0.025775192636637925,,out_of_road
2055,fresh,0,fresh,,,0,0.0,0,0,0,0,0,10.0,5.0,5.0,20.0,0,449,10.071390151977539,0.06521741291279914,,out_of_road
2056,fresh,0,fresh,,,0,0.0,0,0,0,0,0,10.0,5.0,5.0,20.0,0,363,7.291903972625732,0.06034115303856816,,out_of_road
2057,fresh,0,fresh,,,0,0.0,0,0,0,0,0,10.0,5.0,5.0,20.0,0,1000,24.545745849609375,0.0979622859635856,,max_step
2058,fresh,0,fresh,,,0,0.0,0,0,0,0,0,10.0,5.0,5.0,20.0,0,911,10.68127727508545,0.040380105811491214,,out_of_road
2059,fresh,0,fresh,,,0,0.0,0,0,0,0,0,10.0,5.0,5.0,20.0,0,364,9.667932510375977,0.11240755950975753,,arrive_dest
2060,fresh,0,fresh,,,0,0.0,0,0,0,0,0,10.0,5.0,5.0,20.0,0,23,-0.11138477176427841,0.0,,out_of_road
2061,fresh,0,fresh,,,0,0.0,0,0,0,0,0,10.0,5.0,5.0,20.0,0,583,13.526910781860352,0.061720982969915864,,out_of_road
2062,fresh,0,fresh,,,0,0.0,0,0,0,0,0,10.0,5.0,5.0,20.0,0,296,7.530992031097412,0.08448670396417682,,out_of_road
2063,fresh,0,fresh,,,0,0.0,0,0,0,0,0,10.0,5.0,5.0,20.0,0,245,1.5467160940170288,0.007484708270248101,,out_of_road
2064,fresh,0,fresh,,,0,0.0,0,0,0,0,0,10.0,5.0,5.0,20.0,0,466,11.383070945739746,0.10132612467067947,,arrive_dest
2065,fresh,0,fresh,,,0,0.0,0,0,0,0,0,10.0,5.0,5.0,20.0,0,271,4.988193988800049,0.044184828639319135,,out_of_road
2066,fresh,0,fresh,,,0,0.0,0,0,0,0,0,10.0,5.0,5.0,20.0,0,440,9.429645538330078,0.07260740322738209,,out_of_road
2067,fresh,0,fresh,,,0,0.0,0,0,0,0,0,10.0,5.0,5.0,20.0,0,677,16.16877555847168,0.09408884924565451,,out_of_road
2068,fresh,0,fresh,,,0,0.0,0,0,0,0,0,10.0,5.0,5.0,20.0,0,840,17.463973999023438,0.07080744588609031,,arrive_dest
2069,fresh,0,fresh,,,0,0.0,0,0,0,0,0,10.0,5.0,5.0,20.0,0,83,1.4090690612792969,0.04159550072557955,,arrive_dest
2070,fresh,0,fresh,,,0,0.0,0,0,0,0,0,10.0,5.0,5.0,20.0,0,2,0.24920375645160675,0.0,,arrive_dest
2071,fresh,0,fresh,,,0,0.0,0,0,0,0,0,10.0,5.0,5.0,20.0,0,118,1.2472681999206543,0.022509850466908034,,out_of_road
2072,fresh,0,fresh,,,0,0.0,0,0,0,0,0,10.0,5.0,5.0,20.0,0,270,5.886800289154053,0.04279244249186444,,out_of_road
2073,fresh,0,fresh,,,0,0.0,0,0,0,0,0,10.0,5.0,5.0,20.0,0,137,2.1660919189453125,0.02101621026662688,,out_of_road
2074,fresh,0,fresh,,,0,0.0,0,0,0,0,0,10.0,5.0,5.0,20.0,0,520,11.632909774780273,0.06312346481986773,,arrive_dest
2075,fresh,0,fresh,,,0,0.0,0,0,0,0,0,10.0,5.0,5.0,20.0,0,371,9.599641799926758,0.0692732259003581,,arrive_dest
2076,fresh,0,fresh,,,0,0.0,0,0,0,0,0,10.0,5.0,5.0,20.0,0,1000,19.89289093017578,0.06343533461494372,,max_step
2077,fresh,0,fresh,,,0,0.0,0,0,0,0,0,10.0,5.0,5.0,20.0,0,690,9.381463050842285,0.034394848600461866,,out_of_road
2078,fresh,0,fresh,,,0,0.0,0,0,0,0,0,10.0,5.0,5.0,20.0,0,624,14.829804420471191,0.060564907195303254,,arrive_dest
2079,fresh,0,fresh,,,0,0.0,0,0,0,0,0,10.0,5.0,5.0,20.0,0,544,14.259198188781738,0.0964662019028123,,arrive_dest
2080,fresh,0,fresh,,,0,0.0,0,0,0,0,0,10.0,5.0,5.0,20.0,0,428,10.770956993103027,0.04818707942379482,,arrive_dest
2081,fresh,0,fresh,,,0,0.0,0,0,0,0,0,10.0,5.0,5.0,20.0,0,601,14.371038436889648,0.10058547277545894,,arrive_dest
2082,fresh,0,fresh,,,0,0.0,0,0,0,0,0,10.0,5.0,5.0,20.0,0,484,7.596895217895508,0.04895345375234307,,out_of_road
2083,fresh,0,fresh,,,0,0.0,0,0,0,0,0,10.0,5.0,5.0,20.0,0,205,4.412403583526611,0.03436482143020485,,arrive_dest
2084,fresh,0,fresh,,,0,0.0,0,0,0,0,0,10.0,5.0,5.0,20.0,0,551,11.91569995880127,0.06986629401465469,,out_of_road
2085,fresh,0,fresh,,,0,0.0,0,0,0,0,0,10.0,5.0,5.0,20.0,0,493,13.158573150634766,0.07978282884777756,,arrive_dest
2086,fresh,0,fresh,,,0,0.0,0,0,0,0,0,10.0,5.0,5.0,20.0,0,176,3.177781581878662,0.030143009816211732,,out_of_road
2087,fresh,0,fresh,,,0,0.0,0,0,0,0,0,10.0,5.0,5.0,20.0,0,754,17.86447525024414,0.08040176830730038,,arrive_dest
2088,fresh,0,fresh,,,0,0.0,0,0,0,0,0,10.0,5.0,5.0,20.0,0,220,4.779398441314697,0.029337539832869713,,out_of_road
2089,fresh,0,fresh,,,0,0.0,0,0,0,0,0,10.0,5.0,5.0,20.0,0,132,2.1264772415161133,0.015200236374794535,,out_of_road
2090,fresh,0,fresh,,,0,0.0,0,0,0,0,0,10.0,5.0,5.0,20.0,0,1000,24.587799072265625,0.07689342525997199,,max_step
2091,fresh,0,fresh,,,0,0.0,0,0,0,0,0,10.0,5.0,5.0,20.0,0,196,1.5432168245315552,0.009917838092684289,,out_of_road
2092,fresh,0,fresh,,,0,0.0,0,0,0,0,0,10.0,5.0,5.0,20.0,0,242,4.188438415527344,0.05111947962590917,,out_of_road
2093,fresh,0,fresh,,,0,0.0,0,0,0,0,0,10.0,5.0,5.0,20.0,0,471,10.897064208984375,0.05795494162906634,,arrive_dest
2094,fresh,0,fresh,,,0,0.0,0,0,0,0,0,10.0,5.0,5.0,20.0,0,670,1.6280138492584229,0.006633691578919291,,out_of_road
2095,fresh,0,fresh,,,0,0.0,0,0,0,0,0,10.0,5.0,5.0,20.0,0,216,3.5285487174987793,0.04031547487398644,,out_of_road
2096,fresh,0,fresh,,,0,0.0,0,0,0,0,0,10.0,5.0,5.0,20.0,0,393,9.381474494934082,0.1052608318655318,,out_of_road
2097,fresh,0,fresh,,,0,0.0,0,0,0,0,0,10.0,5.0,5.0,20.0,0,56,0.41638079285621643,0.0011093318961294635,,out_of_road
2098,fresh,0,fresh,,,0,0.0,0,0,0,0,0,10.0,5.0,5.0,20.0,0,471,10.471638679504395,0.07817467892712532,,arrive_dest
2099,fresh,0,fresh,,,0,0.0,0,0,0,0,0,10.0,5.0,5.0,20.0,0,189,3.8638758659362793,0.036155978365549964,,arrive_dest
2100,fresh,0,fresh,,,0,0.0,0,0,0,0,0,10.0,5.0,5.0,20.0,0,456,3.2416419982910156,0.008249669009002676,,out_of_road
2101,fresh,0,fresh,,,0,0.0,0,0,0,0,0,10.0,5.0,5.0,20.0,0,156,2.3186469078063965,0.04762914413526559,,out_of_road
2102,fresh,0,fresh,,,0,0.0,0,0,0,0,0,10.0,5.0,5.0,20.0,0,297,4.571191787719727,0.03521250790731373,,out_of_road
2103,fresh,0,fresh,,,0,0.0,0,0,0,0,0,10.0,5.0,5.0,20.0,0,401,9.112524032592773,0.075605627356046,,out_of_road
2104,fresh,0,fresh,,,0,0.0,0,0,0,0,0,10.0,5.0,5.0,20.0,0,751,18.6005802154541,0.0795099613081277,,arrive_dest
2105,fresh,0,fresh,,,0,0.0,0,0,0,0,0,10.0,5.0,5.0,20.0,0,1000,24.663822174072266,0.11113229808444157,,max_step
2106,fresh,0,fresh,,,0,0.0,0,0,0,0,0,10.0,5.0,5.0,20.0,0,445,10.269630432128906,0.1268190473945958,,arrive_dest
2107,fresh,0,fresh,,,0,0.0,0,0,0,0,0,10.0,5.0,5.0,20.0,0,299,6.698530673980713,0.058532026383004164,,out_of_road
2108,fresh,0,fresh,,,0,0.0,0,0,0,0,0,10.0,5.0,5.0,20.0,0,258,4.878194808959961,0.0362615952946881,,out_of_road
2109,fresh,0,fresh,,,0,0.0,0,0,0,0,0,10.0,5.0,5.0,20.0,0,599,13.456656455993652,0.08722177537885777,,out_of_road
2110,fresh,0,fresh,,,0,0.0,0,0,0,0,0,10.0,5.0,5.0,20.0,0,165,2.880650758743286,0.03047719310517564,,arrive_dest
2111,fresh,0,fresh,,,0,0.0,0,0,0,0,0,10.0,5.0,5.0,20.0,0,555,12.822088241577148,0.08124004602474202,,arrive_dest
2112,fresh,0,fresh,,,0,0.0,0,0,0,0,0,10.0,5.0,5.0,20.0,0,92,1.0268628597259521,0.08087100514777652,,out_of_road
2113,fresh,0,fresh,,,0,0.0,0,0,0,0,0,10.0,5.0,5.0,20.0,0,255,6.344225883483887,0.07674220998899317,,arrive_dest
2114,fresh,0,fresh,,,0,0.0,0,0,0,0,0,10.0,5.0,5.0,20.0,0,268,0.4022975564002991,0.006020093579007071,,out_of_road
2115,fresh,0,fresh,,,0,0.0,0,0,0,0,0,10.0,5.0,5.0,20.0,0,560,12.931078910827637,0.0664931378583008,,arrive_dest
2116,fresh,0,fresh,,,0,0.0,0,0,0,0,0,10.0,5.0,5.0,20.0,0,1000,0.5033438801765442,0.0033154738325974903,,max_step
2117,fresh,0,fresh,,,0,0.0,0,0,0,0,0,10.0,5.0,5.0,20.0,0,759,16.995059967041016,0.06255786021808174,,out_of_road
2118,fresh,0,fresh,,,0,0.0,0,0,0,0,0,10.0,5.0,5.0,20.0,0,165,3.1974127292633057,0.02866273539310152,,arrive_dest
2119,fresh,0,fresh,,,0,0.0,0,0,0,0,0,10.0,5.0,5.0,20.0,0,112,1.3420923948287964,0.019024782240324254,,out_of_road
2120,fresh,0,fresh,,,0,0.0,0,0,0,0,0,10.0,5.0,5.0,20.0,0,242,6.05327033996582,0.035184145669360484,,arrive_dest
2121,fresh,0,fresh,,,0,0.0,0,0,0,0,0,10.0,5.0,5.0,20.0,0,378,9.409035682678223,0.061822750621041644,,arrive_dest
2122,fresh,0,fresh,,,0,0.0,0,0,0,0,0,10.0,5.0,5.0,20.0,0,792,19.225040435791016,0.0638457484107648,,out_of_road
2123,fresh,0,fresh,,,0,0.0,0,0,0,0,0,10.0,5.0,5.0,20.0,0,214,4.229541301727295,0.03674212109871974,,arrive_dest
2124,fresh,0,fresh,,,0,0.0,0,0,0,0,0,10.0,5.0,5.0,20.0,0,283,6.442922592163086,0.05283999217751472,,out_of_road
2125,fresh,0,fresh,,,0,0.0,0,0,0,0,0,10.0,5.0,5.0,20.0,0,20,-0.11280538141727448,0.014161041378974915,,out_of_road
2126,fresh,0,fresh,,,0,0.0,0,0,0,0,0,10.0,5.0,5.0,20.0,0,354,7.638113975524902,0.041686549885356326,,out_of_road
2127,fresh,0,fresh,,,0,0.0,0,0,0,0,0,10.0,5.0,5.0,20.0,0,611,14.987066268920898,0.09598612996144448,,arrive_dest
2128,fresh,0,fresh,,,0,0.0,0,0,0,0,0,10.0,5.0,5.0,20.0,0,477,9.428596496582031,0.06411255250120657,,out_of_road
2129,fresh,0,fresh,,,0,0.0,0,0,0,0,0,10.0,5.0,5.0,20.0,0,885,21.3828067779541,0.09722224790813391,,arrive_dest
2130,fresh,0,fresh,,,0,0.0,0,0,0,0,0,10.0,5.0,5.0,20.0,0,331,7.881464004516602,0.07283347597053089,,out_of_road
