episode,op_actual,category_id,generation_source,params_mutated,params_crossed,n_params_differ,ego_on_intersection,intersection_has_cars,distractor_cars,has_brake_checker,has_cluster,maximum_distractor_speed,distance_to_nearest,cluster_dist,brake_dist,intersection_cars,num_steps,reward_sum,pvl,failure,termination_reason
0,fresh,0,fresh,,,0,0,0,1,1,1,15.0,10.0,15.0,20.0,1,999,10.721665382385254,0.1997487097978592,,max_step
1,fresh,0,fresh,,,0,1,1,2,1,0,20.0,20.0,10.0,35.0,2,1000,10.529073715209961,0.1868015892934054,,max_step
2,fresh,0,fresh,,,0,0,0,1,1,1,5.0,20.0,10.0,35.0,1,1000,16.298633575439453,0.2657954386109486,,max_step
3,fresh,0,fresh,,,0,1,0,8,1,0,5.0,5.0,10.0,20.0,3,936,4.283570289611816,0.15270523455304405,,out_of_road
4,fresh,0,fresh,,,0,0,0,8,1,1,20.0,40.0,5.0,55.0,1,462,2.626838207244873,0.21957404781092618,,out_of_road
5,fresh,0,fresh,,,0,0,0,2,1,1,15.0,5.0,10.0,55.0,0,283,-0.5926861763000488,0.19865376507540894,,crash_vehicle
6,fresh,0,fresh,,,0,0,0,0,0,0,20.0,40.0,10.0,20.0,0,484,4.701833724975586,0.2617193910231706,,out_of_road
7,fresh,0,fresh,,,0,0,0,3,1,0,20.0,5.0,5.0,20.0,0,692,10.354715347290039,0.30689468113113344,,out_of_road
8,fresh,0,fresh,,,0,1,0,18,1,1,10.0,40.0,15.0,55.0,2,509,6.941256523132324,0.3145130761845992,,out_of_road
9,fresh,0,fresh,,,0,0,0,18,1,1,20.0,10.0,15.0,35.0,2,311,2.023836135864258,0.32806305109652006,,out_of_road
10,fresh,0,fresh,,,0,0,0,1,0,1,15.0,20.0,10.0,10.0,1,114,-5.444664001464844,0.010831223964168314,,out_of_road
11,fresh,0,fresh,,,0,0,0,4,0,1,15.0,5.0,15.0,10.0,2,1000,22.856674194335938,0.29629418553225695,,max_step
12,fresh,0,fresh,,,0,1,0,8,1,1,10.0,5.0,10.0,20.0,2,169,0.23592233657836914,0.2838220849809562,,crash_vehicle
13,fresh,0,fresh,,,0,0,0,1,1,0,15.0,40.0,10.0,55.0,1,2,10.0,9.32003402709961,,arrive_dest
14,fresh,0,fresh,,,0,1,0,4,0,1,5.0,20.0,15.0,20.0,2,738,19.33241081237793,0.44536967334769123,,out_of_road
15,fresh,0,fresh,,,0,1,0,8,0,1,5.0,5.0,10.0,55.0,2,410,3.4516658782958984,0.19377795474649204,,out_of_road
16,fresh,0,fresh,,,0,0,0,0,0,0,10.0,5.0,5.0,20.0,0,137,0.38022899627685547,0.3958330162032677,rejection_fallback,out_of_road
17,fresh,0,fresh,,,0,1,0,5,1,1,20.0,40.0,5.0,55.0,0,264,4.04105281829834,0.424646554578265,,out_of_road
18,fresh,0,fresh,,,0,0,0,1,1,1,20.0,20.0,15.0,35.0,1,924,28.027565002441406,0.48327272502278096,,out_of_road
19,fresh,0,fresh,,,0,0,0,0,0,0,20.0,5.0,15.0,55.0,0,228,19.10384178161621,1.3996839450116743,,arrive_dest
20,fresh,0,fresh,,,0,0,0,0,1,0,15.0,20.0,5.0,35.0,0,463,-6.992942810058594,0.10103103104922478,,out_of_road
21,fresh,0,fresh,,,0,0,0,12,0,1,10.0,10.0,5.0,10.0,1,1000,24.754161834716797,0.34145583844790234,,max_step
22,fresh,0,fresh,,,0,0,0,0,0,0,10.0,5.0,5.0,20.0,0,90,-3.213639259338379,0.16504371309032043,rejection_fallback,out_of_road
23,fresh,0,fresh,,,0,0,0,4,1,0,15.0,10.0,10.0,20.0,1,294,6.563794136047363,0.5883778645752036,,crash_vehicle
24,fresh,0,fresh,,,0,1,1,1,0,1,10.0,20.0,5.0,20.0,1,297,6.719089508056641,0.43520128435803335,,out_of_road
25,fresh,0,fresh,,,0,0,0,12,1,0,20.0,10.0,5.0,20.0,1,198,2.4238181114196777,0.3638297634556739,,out_of_road
26,crossover,0,crossover,,has_brake_checker|maximum_distractor_speed|distance_to_nearest|brake_dist,2,0,0,3,1,0,20.0,40.0,5.0,55.0,0,271,7.886019706726074,0.535899646360276,,out_of_road
27,fresh,0,fresh,,,0,0,0,0,0,0,5.0,20.0,5.0,20.0,0,189,0.7061724662780762,0.4564466841479458,,out_of_road
28,mutation,0,mutation,brake_dist,,0,0,0,12,0,1,10.0,10.0,5.0,10.0,1,83,1.8352551460266113,0.3860792998807976,,crash_vehicle
29,fresh,0,fresh,,,0,1,1,1,0,0,10.0,20.0,15.0,10.0,1,138,0.632328987121582,0.33959676660057425,,out_of_road
30,crossover,0,crossover,,select_lane|ego_on_intersection|intersection_has_cars|intersection_cars|has_cluster|maximum_distractor_speed|distance_to_nearest|cluster_dist|brake_dist,6,0,0,1,1,1,20.0,20.0,15.0,35.0,1,182,4.694533348083496,0.5320297906912126,,out_of_road
31,fresh,0,fresh,,,0,1,0,5,0,0,10.0,10.0,5.0,10.0,1,138,-1.0150585174560547,0.2915838155085626,,out_of_road
32,crossover,0,crossover,,intersection_cars|maximum_distractor_speed|distance_to_nearest|brake_dist,3,0,0,0,0,0,5.0,5.0,10.0,55.0,0,165,3.853984832763672,0.5506809511419498,,out_of_road
33,fresh,0,fresh,,,0,0,0,8,1,1,20.0,5.0,15.0,55.0,0,109,-0.0373988151550293,0.24675585602948424,,crash_vehicle
34,replay,0,replay,,,0,0,0,8,1,1,20.0,5.0,15.0,55.0,0,304,22.58132553100586,1.1959407329559326,,arrive_dest
35,fresh,0,fresh,,,0,1,1,1,1,1,10.0,20.0,15.0,35.0,1,227,2.9509472846984863,0.3427977615040173,,out_of_road
36,crossover,0,crossover,,select_lane|ego_on_intersection|intersection_has_cars|distractor_cars|intersection_cars|has_cluster|distance_to_nearest|brake_dist,5,0,0,1,0,0,10.0,40.0,5.0,55.0,1,120,-0.37157678604125977,0.19873681521664063,,out_of_road
37,fresh,0,fresh,,,0,0,0,1,1,0,15.0,40.0,10.0,55.0,1,338,5.0202484130859375,0.27640216811642754,,out_of_road
38,crossover,0,crossover,,select_lane|ego_on_intersection|intersection_has_cars|has_brake_checker|intersection_cars|has_cluster|brake_dist,3,0,0,0,1,0,5.0,5.0,10.0,20.0,0,1000,33.49775695800781,0.44384320079535244,,max_step
39,fresh,0,fresh,,,0,1,0,2,0,1,20.0,10.0,15.0,20.0,0,745,22.04773712158203,0.4719637857475037,,out_of_road
40,replay,0,replay,,,0,1,0,2,0,1,20.0,10.0,15.0,20.0,0,2,10.0,9.762872695922852,,arrive_dest
41,fresh,0,fresh,,,0,0,0,3,0,1,20.0,10.0,15.0,35.0,0,675,19.194446563720703,0.45120638280831,,crash_vehicle
42,replay,0,replay,,,0,0,0,3,0,1,20.0,10.0,15.0,35.0,0,1000,26.0656795501709,0.4671766593717039,,max_step
43,fresh,0,fresh,,,0,0,0,8,0,0,15.0,5.0,10.0,55.0,0,126,0.12702465057373047,0.2378014681772107,,crash_vehicle
44,crossover,0,crossover,,distractor_cars|intersection_cars|distance_to_nearest|brake_dist,4,1,0,0,1,0,20.0,5.0,5.0,20.0,0,262,7.2501678466796875,0.6290502480305874,,out_of_road
45,fresh,0,fresh,,,0,0,0,3,0,0,15.0,5.0,10.0,20.0,3,477,25.738914489746094,0.752763264138931,,out_of_road
46,mutation,0,mutation,has_cluster,,0,0,0,1,1,0,15.0,40.0,10.0,55.0,1,199,6.810224533081055,0.5601568613107779,,out_of_road
47,fresh,0,fresh,,,0,1,1,3,0,1,10.0,5.0,10.0,35.0,2,406,14.451164245605469,0.5635074775647647,,out_of_road
48,mutation,0,mutation,has_brake_checker,,1,1,1,3,1,1,10.0,5.0,10.0,35.0,2,319,13.44398307800293,0.5984822945424055,,out_of_road
49,fresh,0,fresh,,,0,1,1,18,0,1,5.0,20.0,5.0,10.0,2,288,14.84500503540039,0.9728107159025967,,crash_vehicle
50,crossover,0,crossover,,select_lane|ego_on_intersection|intersection_has_cars|distractor_cars|has_brake_checker|maximum_distractor_speed|distance_to_nearest|brake_dist,7,0,0,12,0,0,10.0,10.0,5.0,10.0,0,242,-9.615528106689453,0.11149367314478582,,crash_vehicle
51,fresh,0,fresh,,,0,0,0,8,0,1,10.0,10.0,15.0,20.0,0,115,1.9298691749572754,0.3586873034420221,,out_of_road
52,replay,0,replay,,,0,0,0,8,0,1,10.0,10.0,15.0,20.0,0,141,8.285258293151855,0.894145851968028,,crash_vehicle
53,fresh,0,fresh,,,0,1,0,5,1,1,5.0,20.0,15.0,35.0,2,240,4.150141716003418,0.5227206751238554,,out_of_road
54,replay,0,replay,,,0,1,0,5,1,1,5.0,20.0,15.0,35.0,2,128,0.5658025741577148,0.23380832572001964,,out_of_road
55,fresh,0,fresh,,,0,1,1,1,1,0,20.0,20.0,5.0,55.0,1,65,0.9951052665710449,0.6805485243980701,,out_of_road
56,mutation,0,mutation,distance_to_nearest,,0,0,0,0,0,0,5.0,5.0,10.0,55.0,0,1000,29.8370418548584,0.5096228699125349,,max_step
57,fresh,0,fresh,,,0,1,1,5,1,0,5.0,10.0,15.0,20.0,3,237,3.912202835083008,0.47478150841996136,,crash_vehicle
58,crossover,0,crossover,,distractor_cars|intersection_cars|maximum_distractor_speed|cluster_dist|brake_dist,2,0,0,8,0,0,10.0,5.0,15.0,20.0,0,713,17.73043441772461,0.410518264862987,,out_of_road
59,fresh,0,fresh,,,0,0,0,18,0,0,10.0,10.0,15.0,35.0,2,292,0.598792552947998,0.2669817537375509,,out_of_road
60,replay,0,replay,,,0,0,0,18,0,0,10.0,10.0,15.0,35.0,2,121,2.512582302093506,0.6249253858681306,,out_of_road
61,fresh,0,fresh,,,0,0,0,18,1,0,5.0,40.0,15.0,55.0,1,103,0.7269964218139648,0.4174589961043839,,out_of_road
62,crossover,0,crossover,,distractor_cars|has_cluster|cluster_dist,2,1,0,0,0,0,10.0,10.0,5.0,10.0,0,186,6.138874053955078,0.48117594040369477,,out_of_road
63,fresh,0,fresh,,,0,1,1,18,1,1,20.0,20.0,10.0,35.0,2,625,20.719478607177734,0.5062521991938352,,crash_vehicle
64,replay,0,replay,,,0,1,1,18,1,1,20.0,20.0,10.0,35.0,2,183,2.987320899963379,0.5901859535382745,,out_of_road
65,fresh,0,fresh,,,0,1,0,2,0,1,5.0,10.0,15.0,55.0,1,201,7.912117004394531,0.5618987689628753,,out_of_road
66,mutation,0,mutation,has_brake_checker,,2,1,1,1,1,1,10.0,20.0,5.0,35.0,1,441,14.621931076049805,0.4769467809691586,,out_of_road
67,fresh,0,fresh,,,0,0,0,18,1,0,20.0,10.0,15.0,35.0,2,125,-0.46119165420532227,0.11709943318367004,,out_of_road
68,crossover,0,crossover,,select_lane|ego_on_intersection|intersection_has_cars|has_cluster|maximum_distractor_speed|cluster_dist,4,0,0,12,0,0,5.0,10.0,10.0,10.0,1,1000,46.72949981689453,0.588500516038388,,max_step
69,fresh,0,fresh,,,0,0,0,3,1,1,5.0,10.0,10.0,20.0,1,165,1.4527502059936523,0.26459473760967905,,out_of_road
70,replay,0,replay,,,0,0,0,3,1,1,5.0,10.0,10.0,20.0,1,77,1.7483229637145996,0.5696976116628616,,out_of_road
71,fresh,0,fresh,,,0,1,1,0,1,0,10.0,20.0,5.0,10.0,0,114,4.031965255737305,0.44548388930413413,,out_of_road
72,crossover,0,crossover,,distractor_cars|has_cluster|maximum_distractor_speed|distance_to_nearest|cluster_dist|brake_dist,2,1,1,8,1,1,10.0,5.0,10.0,20.0,2,139,1.366743564605713,0.37147358381490914,,out_of_road
73,fresh,0,fresh,,,0,1,1,12,0,1,15.0,10.0,10.0,10.0,2,146,1.2618870735168457,0.37881360162202626,,out_of_road
74,mutation,0,mutation,distance_to_nearest,,1,0,0,0,0,0,10.0,10.0,5.0,20.0,0,49,-7.554940223693848,0.0,,out_of_road
75,fresh,0,fresh,,,0,0,0,4,0,1,20.0,5.0,5.0,20.0,3,99,0.2271418571472168,0.26469550881948734,,out_of_road
76,crossover,0,crossover,,intersection_cars|has_cluster|distance_to_nearest,3,1,1,3,0,0,10.0,40.0,10.0,35.0,1,91,-1.3788280487060547,0.3221313777369457,,out_of_road
77,fresh,0,fresh,,,0,1,0,4,1,0,5.0,40.0,15.0,55.0,3,68,2.360405921936035,0.4255179829128525,,out_of_road
78,crossover,0,crossover,,select_lane|ego_on_intersection|intersection_has_cars|intersection_cars|distance_to_nearest,2,0,0,0,0,0,10.0,40.0,5.0,20.0,0,101,-1.5504179000854492,0.327198523557791,,out_of_road
79,fresh,0,fresh,,,0,0,0,4,1,1,20.0,40.0,15.0,55.0,2,99,2.906693935394287,0.5640545850149309,,out_of_road
80,replay,0,replay,,,0,0,0,4,1,1,20.0,40.0,15.0,55.0,2,1000,47.62185287475586,0.640493047063239,,max_step
81,fresh,0,fresh,,,0,1,1,2,0,1,15.0,40.0,10.0,55.0,2,202,6.707801818847656,0.4182198940370564,,crash_vehicle
82,replay,0,replay,,,0,1,1,2,0,1,15.0,40.0,10.0,55.0,2,141,9.197118759155273,1.0221852318826297,,out_of_road
83,fresh,0,fresh,,,0,1,1,3,0,1,20.0,20.0,15.0,20.0,0,118,5.924522399902344,0.7387231369266065,,out_of_road
84,mutation,0,mutation,has_brake_checker,,0,1,1,3,1,1,10.0,5.0,10.0,35.0,2,183,5.286533355712891,0.28413418984763283,,out_of_road
85,fresh,0,fresh,,,0,1,1,5,1,0,15.0,20.0,15.0,35.0,0,235,11.957651138305664,0.9223926187433461,,out_of_road
86,mutation,0,mutation,select_road|select_lane|ego_on_intersection|intersection_has_cars,,2,1,0,4,0,1,15.0,5.0,15.0,10.0,2,161,-0.04101419448852539,0.10453940990456143,,out_of_road
87,fresh,0,fresh,,,0,1,1,5,0,0,5.0,5.0,15.0,10.0,3,64,-0.038239479064941406,0.4272254719398916,,crash_vehicle
88,mutation,0,mutation,cluster_dist,,1,0,0,12,0,1,10.0,10.0,15.0,10.0,1,97,0.620913028717041,0.3392808870556428,,out_of_road
89,fresh,0,fresh,,,0,1,0,5,1,0,10.0,40.0,10.0,55.0,1,971,39.4574089050293,0.5727699207377943,,out_of_road
90,crossover,0,crossover,,intersection_cars|maximum_distractor_speed|cluster_dist|brake_dist,1,0,0,1,1,0,5.0,40.0,10.0,55.0,1,539,31.846988677978516,0.8480767065206463,,out_of_road
91,fresh,0,fresh,,,0,0,0,18,1,1,15.0,40.0,5.0,55.0,1,2,10.0,9.36245346069336,,arrive_dest
92,mutation,0,mutation,select_road|select_lane|ego_on_intersection|intersection_has_cars,,3,1,1,18,1,1,15.0,40.0,5.0,55.0,1,66,0.30344724655151367,0.15275017996177528,,out_of_road
93,fresh,0,fresh,,,0,0,0,2,0,1,10.0,5.0,5.0,20.0,2,55,-0.6648759841918945,0.5078731538219885,,out_of_road
94,replay,0,replay,,,0,0,0,2,0,1,10.0,5.0,5.0,20.0,2,64,-1.6136326789855957,0.05559762194752693,,crash_vehicle
95,fresh,0,fresh,,,0,1,0,8,0,1,10.0,20.0,15.0,20.0,2,82,-1.9508566856384277,0.17064487507067075,,out_of_road
96,mutation,0,mutation,distractor_cars,,0,0,0,18,1,1,15.0,40.0,5.0,55.0,1,113,-0.009990692138671875,0.1620080000926963,,out_of_road
97,fresh,0,fresh,,,0,0,0,3,1,1,15.0,20.0,5.0,35.0,2,340,17.044832229614258,0.6572701316545991,,out_of_road
98,replay,0,replay,,,0,0,0,3,1,1,15.0,20.0,5.0,35.0,2,171,1.5641789436340332,0.21851115329572332,,out_of_road
99,fresh,0,fresh,,,0,1,0,1,1,1,10.0,40.0,5.0,55.0,0,112,-0.14223623275756836,0.4590637683868408,,out_of_road
100,replay,0,replay,,,0,1,0,1,1,1,10.0,40.0,5.0,55.0,0,81,3.579953193664551,0.8707025617728998,,crash_vehicle
101,fresh,0,fresh,,,0,0,0,3,0,0,10.0,20.0,15.0,35.0,2,733,24.482799530029297,0.457965799870343,,crash_vehicle
102,replay,0,replay,,,0,0,0,3,0,0,10.0,20.0,15.0,35.0,2,70,2.770071506500244,0.4661241765533175,,out_of_road
103,fresh,0,fresh,,,0,0,0,4,1,0,20.0,5.0,10.0,20.0,0,136,0.1802978515625,0.24813361674108925,,out_of_road
104,mutation,0,mutation,maximum_distractor_speed,,1,1,1,18,0,1,10.0,20.0,5.0,10.0,2,98,0.9055008888244629,0.5804842341007018,,out_of_road
105,fresh,0,fresh,,,0,0,0,18,1,1,15.0,5.0,10.0,20.0,2,99,-1.0838372707366943,0.31191560889434333,,out_of_road
106,crossover,0,crossover,,select_lane|ego_on_intersection|intersection_has_cars|distractor_cars|intersection_cars|has_cluster|maximum_distractor_speed|brake_dist,5,0,0,12,1,0,5.0,5.0,10.0,20.0,1,75,3.8240842819213867,0.4647961620489756,,crash_vehicle
107,fresh,0,fresh,,,0,0,0,5,0,1,15.0,40.0,15.0,20.0,1,31,-6.137885093688965,0.006057527757460071,,out_of_road
108,crossover,0,crossover,,distractor_cars|has_brake_checker|has_cluster|maximum_distractor_speed|cluster_dist|brake_dist,6,0,0,0,0,0,5.0,10.0,10.0,55.0,0,155,5.012241363525391,0.49058618785873537,,out_of_road
109,fresh,0,fresh,,,0,1,0,0,0,0,20.0,5.0,15.0,35.0,0,96,-1.577589750289917,0.08984885225072503,,out_of_road
110,crossover,0,crossover,,distractor_cars|has_brake_checker|has_cluster|maximum_distractor_speed|brake_dist,3,0,0,3,0,0,15.0,10.0,15.0,20.0,0,62,1.730268955230713,0.3007447472022426,,out_of_road
111,fresh,0,fresh,,,0,0,0,1,1,1,15.0,40.0,15.0,55.0,1,91,-1.1701273918151855,0.3580418223167186,,out_of_road
112,mutation,0,mutation,maximum_distractor_speed,,1,0,0,4,0,1,15.0,5.0,5.0,20.0,3,40,-2.8409125804901123,0.07271397598087788,,out_of_road
113,fresh,0,fresh,,,0,1,0,4,0,0,10.0,5.0,5.0,55.0,1,122,4.342607498168945,0.9456037207216513,,out_of_road
114,replay,0,replay,,,0,1,0,4,0,0,10.0,5.0,5.0,55.0,1,103,4.320034980773926,0.6663820731263717,,out_of_road
115,fresh,0,fresh,,,0,1,1,2,1,0,15.0,20.0,5.0,35.0,0,339,14.057441711425781,0.5996971517076007,,out_of_road
116,replay,0,replay,,,0,1,1,2,1,0,15.0,20.0,5.0,35.0,0,235,6.928658485412598,0.4579503649726827,,out_of_road
117,fresh,0,fresh,,,0,1,1,12,0,0,20.0,5.0,5.0,35.0,1,88,0.21286582946777344,0.3265501729805361,,crash_vehicle
118,mutation,0,mutation,has_cluster,,1,1,0,5,1,1,10.0,40.0,10.0,55.0,1,758,41.93645095825195,0.7205575609795926,,out_of_road
119,fresh,0,fresh,,,0,1,0,3,0,1,10.0,10.0,5.0,35.0,3,110,2.5195693969726562,0.3182942702688954,,out_of_road
120,crossover,0,crossover,,select_lane|ego_on_intersection|intersection_has_cars|distractor_cars|has_brake_checker|intersection_cars|maximum_distractor_speed|distance_to_nearest|cluster_dist,7,1,0,5,1,0,5.0,20.0,15.0,55.0,2,920,63.13672637939453,0.8539621870985011,,out_of_road
121,fresh,0,fresh,,,0,1,1,0,1,0,15.0,20.0,15.0,20.0,0,148,3.872471809387207,0.6406559040518226,,out_of_road
122,crossover,0,crossover,,distractor_cars|has_brake_checker|intersection_cars|has_cluster|maximum_distractor_speed|cluster_dist,5,0,0,4,0,1,5.0,5.0,15.0,20.0,2,666,8.206061363220215,0.23224161663330398,,crash_vehicle
123,fresh,0,fresh,,,0,0,0,5,0,1,20.0,5.0,5.0,20.0,1,170,8.631490707397461,0.9332988159183193,,crash_vehicle
124,crossover,0,crossover,,intersection_cars|has_cluster|maximum_distractor_speed|cluster_dist,3,1,1,12,0,0,5.0,5.0,10.0,35.0,0,85,1.1305575370788574,0.1009744458777063,,crash_vehicle
125,fresh,0,fresh,,,0,0,0,3,0,1,10.0,20.0,15.0,10.0,2,118,3.482516288757324,0.6500996446899944,,out_of_road
126,mutation,0,mutation,distance_to_nearest,,1,0,0,12,0,1,10.0,5.0,5.0,10.0,1,239,10.590789794921875,0.4660339053237039,,crash_vehicle
127,fresh,0,fresh,,,0,0,0,4,0,1,5.0,10.0,5.0,10.0,0,142,3.7133712768554688,0.3217786901013952,,out_of_road
128,replay,0,replay,,,0,0,0,4,0,1,5.0,10.0,5.0,10.0,0,152,-0.08365726470947266,0.4000686835007448,,out_of_road
129,fresh,0,fresh,,,0,1,1,8,1,0,15.0,10.0,15.0,35.0,2,585,16.46489715576172,0.33108949451587905,,out_of_road
130,crossover,0,crossover,,distractor_cars|has_brake_checker|maximum_distractor_speed,3,1,1,0,0,0,20.0,40.0,10.0,35.0,0,108,0.6141204833984375,0.12328861626210036,,out_of_road
131,fresh,0,fresh,,,0,0,0,5,0,0,20.0,5.0,5.0,35.0,1,116,7.3060407638549805,0.7351241707239814,,crash_vehicle
132,mutation,0,mutation,has_brake_checker,,1,1,0,5,0,0,10.0,40.0,10.0,55.0,1,191,18.776823043823242,1.18871925147104,,out_of_road
133,fresh,0,fresh,,,0,1,1,3,1,1,20.0,10.0,15.0,20.0,2,69,4.001304626464844,0.4205077582079431,,out_of_road
134,replay,0,replay,,,0,1,1,3,1,1,20.0,10.0,15.0,20.0,2,51,-0.30138254165649414,0.11381358419563256,,crash_vehicle
135,fresh,0,fresh,,,0,0,0,4,1,1,15.0,40.0,10.0,55.0,1,231,9.1954345703125,0.4254233349775855,,out_of_road
136,mutation,0,mutation,distance_to_nearest,,2,0,0,4,1,0,15.0,40.0,10.0,55.0,1,71,-0.3938632011413574,0.39488719330287314,,out_of_road
137,fresh,0,fresh,,,0,0,0,4,1,0,15.0,10.0,15.0,55.0,1,127,6.733120918273926,0.558650526416114,,crash_vehicle
138,mutation,0,mutation,distance_to_nearest,,1,1,0,2,0,1,5.0,40.0,15.0,55.0,1,255,10.719053268432617,0.6918607699228269,,out_of_road
139,fresh,0,fresh,,,0,0,0,3,0,1,10.0,40.0,15.0,10.0,3,148,7.3662109375,0.8405283121140422,,out_of_road
140,mutation,0,mutation,select_road|select_lane|ego_on_intersection|intersection_has_cars,,1,0,0,18,1,1,15.0,40.0,5.0,55.0,1,637,24.674640655517578,0.6802089166413741,,crash_vehicle
141,fresh,0,fresh,,,0,1,0,18,1,0,10.0,40.0,10.0,55.0,1,56,0.522456169128418,0.14810357362564122,,out_of_road
142,mutation,0,mutation,distance_to_nearest,,1,0,0,8,0,0,15.0,40.0,10.0,55.0,0,70,1.7302780151367188,0.18045167199202947,,out_of_road
143,fresh,0,fresh,,,0,1,1,2,1,1,15.0,5.0,10.0,35.0,1,44,-0.05201244354248047,0.14435589669102972,,crash_vehicle
144,replay,0,replay,,,0,1,1,2,1,1,15.0,5.0,10.0,35.0,1,69,3.6915016174316406,0.5062105084458987,,crash_vehicle
145,fresh,0,fresh,,,0,0,0,0,1,0,20.0,5.0,15.0,10.0,0,69,-11.268770217895508,0.0,,crash_vehicle
146,mutation,0,mutation,brake_dist,,0,1,0,5,0,0,10.0,40.0,10.0,55.0,1,400,19.4959774017334,0.5969691308657639,,out_of_road
147,fresh,0,fresh,,,0,1,1,18,0,0,20.0,10.0,5.0,55.0,3,103,1.0821771621704102,0.3451709806268076,,out_of_road
148,crossover,0,crossover,,intersection_cars|has_cluster|distance_to_nearest|cluster_dist,4,1,1,18,0,0,5.0,5.0,15.0,10.0,0,93,-0.5772891044616699,0.38857027063126204,,out_of_road
149,fresh,0,fresh,,,0,0,0,5,0,1,10.0,5.0,5.0,20.0,1,425,21.256685256958008,0.7200716368065161,,crash_vehicle
150,mutation,0,mutation,has_brake_checker,,1,0,0,0,1,0,5.0,10.0,10.0,55.0,0,190,10.455897331237793,0.8577228376543835,,out_of_road
151,fresh,0,fresh,,,0,0,0,0,0,0,5.0,5.0,15.0,20.0,0,151,13.151830673217773,1.4863429616223898,,out_of_road
152,mutation,0,mutation,distractor_cars,,1,1,0,18,0,0,10.0,10.0,5.0,10.0,1,76,1.542280673980713,0.49070697081716436,,out_of_road
153,fresh,0,fresh,,,0,0,0,4,1,0,20.0,5.0,10.0,55.0,0,99,5.4599103927612305,0.6656384503826348,,out_of_road
154,crossover,0,crossover,,select_lane|ego_on_intersection|intersection_has_cars|intersection_cars|maximum_distractor_speed|cluster_dist,1,0,0,18,1,1,15.0,40.0,5.0,55.0,1,166,22.403024673461914,1.6319027675921658,,crash_vehicle
155,fresh,0,fresh,,,0,0,0,12,0,1,15.0,40.0,5.0,35.0,0,106,3.7365922927856445,0.7886648379125685,,out_of_road
156,replay,0,replay,,,0,0,0,12,0,1,15.0,40.0,5.0,35.0,0,86,8.665464401245117,0.9090779356138651,,crash_vehicle
157,fresh,0,fresh,,,0,1,1,0,1,0,15.0,5.0,5.0,20.0,0,397,26.839080810546875,0.7326266822271443,,out_of_road
158,crossover,0,crossover,,has_brake_checker|has_cluster|cluster_dist,1,0,0,1,1,0,15.0,40.0,5.0,55.0,1,61,1.7911696434020996,0.9410633894263721,,out_of_road
159,fresh,0,fresh,,,0,1,0,2,1,1,15.0,20.0,15.0,55.0,2,242,10.67336368560791,0.6925549850960778,,out_of_road
160,crossover,0,crossover,,select_lane|ego_on_intersection|intersection_has_cars|has_brake_checker|intersection_cars|distance_to_nearest,5,1,1,18,1,1,15.0,20.0,5.0,55.0,0,137,12.471433639526367,0.8392499536819702,,crash_vehicle
161,fresh,0,fresh,,,0,1,0,0,0,0,15.0,20.0,5.0,20.0,0,306,24.228784561157227,0.9368844796824299,,out_of_road
162,mutation,0,mutation,distance_to_nearest,,1,0,0,18,1,1,15.0,5.0,5.0,55.0,1,71,0.5227665901184082,0.22527324156442158,,crash_vehicle
163,fresh,0,fresh,,,0,1,0,18,1,1,15.0,10.0,10.0,20.0,0,153,21.03929328918457,1.5352026910758485,,crash_vehicle
164,crossover,0,crossover,,distractor_cars|intersection_cars|has_cluster|maximum_distractor_speed|distance_to_nearest|cluster_dist,4,1,1,5,1,0,20.0,5.0,5.0,20.0,1,47,0.04179954528808594,0.057395904622179396,,crash_vehicle
165,fresh,0,fresh,,,0,1,0,2,0,1,20.0,40.0,5.0,10.0,2,56,3.1027870178222656,0.9826157806175095,,out_of_road
166,replay,0,replay,,,0,1,0,2,0,1,20.0,40.0,5.0,10.0,2,73,5.815199851989746,0.7790591826994125,,out_of_road
167,fresh,0,fresh,,,0,1,1,8,1,1,15.0,20.0,5.0,35.0,1,85,4.294425964355469,0.49009798712590164,,out_of_road
168,crossover,0,crossover,,select_lane|ego_on_intersection|intersection_has_cars|distractor_cars|intersection_cars|has_cluster|maximum_distractor_speed|distance_to_nearest|cluster_dist,6,1,0,5,1,0,5.0,20.0,15.0,35.0,2,457,32.106040954589844,0.7369207293284279,,out_of_road
169,fresh,0,fresh,,,0,1,1,8,1,0,10.0,20.0,15.0,35.0,1,144,2.286484718322754,0.39790371986519957,,out_of_road
170,replay,0,replay,,,0,1,1,8,1,0,10.0,20.0,15.0,35.0,1,92,2.9649949073791504,0.5897455759670424,,out_of_road
171,fresh,0,fresh,,,0,1,1,1,0,1,15.0,40.0,15.0,20.0,0,230,20.463598251342773,1.2389793700822023,,out_of_road
172,replay,0,replay,,,0,1,1,1,0,1,15.0,40.0,15.0,20.0,0,106,3.63748836517334,0.48093688741045176,,out_of_road
173,fresh,0,fresh,,,0,0,0,3,0,0,5.0,40.0,5.0,10.0,0,67,4.525334358215332,0.5106945767331479,,out_of_road
174,crossover,0,crossover,,intersection_cars|maximum_distractor_speed|cluster_dist,1,1,1,5,1,0,10.0,20.0,15.0,35.0,0,120,5.137900352478027,0.5932334326207638,,out_of_road
175,fresh,0,fresh,,,0,0,0,0,0,0,5.0,10.0,5.0,55.0,0,110,1.7868528366088867,0.46796887923370706,,out_of_road
176,replay,0,replay,,,0,0,0,0,0,0,5.0,10.0,5.0,55.0,0,73,1.8049755096435547,0.43987874967390544,,out_of_road
177,fresh,0,fresh,,,0,0,0,5,1,0,5.0,40.0,15.0,55.0,2,42,-3.458918571472168,0.014531010673159645,,out_of_road
178,replay,0,replay,,,0,0,0,5,1,0,5.0,40.0,15.0,55.0,2,405,52.41607666015625,1.8162133047426188,,out_of_road
179,fresh,0,fresh,,,0,0,0,2,1,1,15.0,5.0,10.0,35.0,0,177,14.080619812011719,0.7659812537206094,,crash_vehicle
180,mutation,0,mutation,distance_to_nearest,,2,1,0,5,1,1,5.0,40.0,15.0,55.0,2,97,8.996417999267578,1.0686225021622844,,out_of_road
181,fresh,0,fresh,,,0,1,0,4,1,0,20.0,5.0,15.0,20.0,2,31,-2.11199951171875,0.03536471628373669,,crash_vehicle
182,crossover,0,crossover,,select_lane|ego_on_intersection|intersection_has_cars|distractor_cars|has_brake_checker|has_cluster,4,1,1,2,0,1,15.0,20.0,15.0,35.0,0,386,41.17647933959961,1.1806256320674957,,crash_vehicle
183,fresh,0,fresh,,,0,1,0,2,0,0,5.0,5.0,15.0,10.0,2,43,-1.1845803260803223,0.05117913352888684,,out_of_road
184,replay,0,replay,,,0,1,0,2,0,0,5.0,5.0,15.0,10.0,2,65,2.589320659637451,0.4751864043565897,,out_of_road
185,fresh,0,fresh,,,0,1,1,5,1,0,15.0,20.0,10.0,35.0,0,259,47.27085876464844,2.354234580827956,,crash_vehicle
186,crossover,0,crossover,,distractor_cars|has_brake_checker|intersection_cars|has_cluster|cluster_dist,3,1,1,5,0,0,15.0,10.0,10.0,10.0,1,95,5.599803924560547,0.442302138789704,,out_of_road
187,fresh,0,fresh,,,0,0,0,3,0,0,5.0,10.0,5.0,35.0,1,57,-0.037580013275146484,0.18593716987392359,,crash_vehicle
188,crossover,0,crossover,,select_lane|ego_on_intersection|intersection_has_cars|has_cluster|maximum_distractor_speed|cluster_dist|brake_dist,4,1,0,5,0,1,20.0,40.0,5.0,55.0,1,273,20.27594757080078,0.7460840385366272,,crash_vehicle
189,fresh,0,fresh,,,0,1,1,4,0,0,20.0,5.0,15.0,55.0,3,52,-0.5016751289367676,0.13052741137261575,,crash_vehicle
190,mutation,0,mutation,distractor_cars,,3,1,0,0,0,0,5.0,40.0,15.0,55.0,0,98,4.285741806030273,0.9717140611337156,,out_of_road
191,fresh,0,fresh,,,0,1,0,0,0,0,5.0,40.0,15.0,55.0,0,201,14.768169403076172,0.7499454298348569,,out_of_road
192,replay,0,replay,,,0,1,0,0,0,0,5.0,40.0,15.0,55.0,0,83,9.766257286071777,0.9706382759992617,,out_of_road
193,fresh,0,fresh,,,0,1,0,18,1,1,10.0,40.0,5.0,55.0,0,34,-1.3550724983215332,0.06807606360491585,,out_of_road
194,mutation,0,mutation,maximum_distractor_speed,,1,1,1,5,1,0,20.0,20.0,15.0,35.0,0,59,1.5392475128173828,0.585550723186994,,out_of_road
195,fresh,0,fresh,,,0,1,1,5,0,1,10.0,20.0,15.0,10.0,3,133,14.892576217651367,0.9565429015267164,,crash_vehicle
196,crossover,0,crossover,,distractor_cars|has_cluster|maximum_distractor_speed|cluster_dist|brake_dist,4,1,1,0,1,0,10.0,20.0,5.0,10.0,0,81,2.142958641052246,0.16678103836782185,,crash_vehicle
197,fresh,0,fresh,,,0,0,0,3,0,1,15.0,20.0,10.0,35.0,2,192,14.320304870605469,0.5924260018703839,,crash_vehicle
198,replay,0,replay,,,0,0,0,3,0,1,15.0,20.0,10.0,35.0,2,43,1.2436423301696777,0.09989871777767359,,out_of_road
199,fresh,0,fresh,,,0,1,1,5,1,0,20.0,20.0,5.0,35.0,3,81,3.7012739181518555,1.0273285272220771,,out_of_road
200,crossover,0,crossover,,distractor_cars|has_cluster|maximum_distractor_speed|distance_to_nearest|cluster_dist|brake_dist,3,1,0,5,1,0,20.0,5.0,5.0,35.0,2,34,-0.23297834396362305,0.010480729972614962,,crash_vehicle
201,fresh,0,fresh,,,0,0,0,1,1,1,10.0,10.0,15.0,55.0,1,82,0.749509334564209,0.36511824534433646,,out_of_road
202,crossover,0,crossover,,select_lane|ego_on_intersection|intersection_has_cars|distractor_cars|has_brake_checker|has_cluster|maximum_distractor_speed|cluster_dist|brake_dist,5,0,0,2,1,1,15.0,20.0,10.0,35.0,0,110,11.153310775756836,0.922397137501023,,out_of_road
203,fresh,0,fresh,,,0,0,0,2,1,1,15.0,5.0,15.0,20.0,0,37,0.041632652282714844,0.1085705382598413,,crash_vehicle
204,mutation,0,mutation,intersection_cars,,0,1,1,0,1,0,10.0,20.0,5.0,10.0,0,54,4.627092361450195,0.3010555140122219,,crash_vehicle
205,fresh,0,fresh,,,0,0,0,8,0,0,15.0,10.0,15.0,20.0,0,195,20.18292808532715,1.0218473895620077,,out_of_road
206,crossover,0,crossover,,distractor_cars|has_cluster|distance_to_nearest|cluster_dist,3,1,1,5,0,0,15.0,40.0,10.0,20.0,0,242,19.7915096282959,0.9781148419215167,,out_of_road
207,fresh,0,fresh,,,0,0,0,4,0,0,5.0,5.0,5.0,35.0,2,274,4.057436943054199,0.36157034140379324,,out_of_road
208,replay,0,replay,,,0,0,0,4,0,0,5.0,5.0,5.0,35.0,2,142,18.188648223876953,1.371026695089441,,out_of_road
209,fresh,0,fresh,,,0,0,0,12,1,0,5.0,5.0,10.0,20.0,0,105,4.42732048034668,0.4645789718698888,,out_of_road
210,crossover,0,crossover,,select_lane|ego_on_intersection|intersection_has_cars|distractor_cars|has_brake_checker|has_cluster|distance_to_nearest|cluster_dist|brake_dist,6,0,0,1,1,0,5.0,40.0,10.0,55.0,1,231,27.533405303955078,1.6092161154011628,,out_of_road
211,fresh,0,fresh,,,0,1,1,5,0,0,10.0,40.0,10.0,10.0,3,39,-1.9538228511810303,0.030968225919283353,,out_of_road
212,crossover,0,crossover,,distractor_cars|has_brake_checker|intersection_cars|has_cluster|distance_to_nearest|cluster_dist,5,1,1,0,0,0,10.0,10.0,5.0,10.0,0,307,55.62956237792969,2.290005799140235,,out_of_road
213,fresh,0,fresh,,,0,0,0,0,0,0,20.0,10.0,10.0,20.0,0,65,-2.4357852935791016,0.00647223202081827,,out_of_road
214,crossover,0,crossover,,distractor_cars|intersection_cars|has_cluster|maximum_distractor_speed|distance_to_nearest|cluster_dist,6,0,0,3,0,1,15.0,20.0,5.0,55.0,2,69,2.3907079696655273,0.35941063861052197,,out_of_road
215,fresh,0,fresh,,,0,0,0,1,1,1,10.0,10.0,15.0,55.0,1,71,5.397859573364258,0.5064588700171927,,out_of_road
216,replay,0,replay,,,0,0,0,1,1,1,10.0,10.0,15.0,55.0,1,175,11.60246467590332,0.8452295128788266,,out_of_road
217,fresh,0,fresh,,,0,1,0,2,0,0,15.0,40.0,15.0,10.0,2,81,7.592294692993164,0.6580946154800462,,out_of_road
218,replay,0,replay,,,0,1,0,2,0,0,15.0,40.0,15.0,10.0,2,193,25.740190505981445,1.3615540833516442,,out_of_road
219,fresh,0,fresh,,,0,0,0,12,0,1,20.0,10.0,10.0,10.0,1,132,12.895959854125977,0.8918102908540856,,crash_vehicle
220,replay,0,replay,,,0,0,0,12,0,1,20.0,10.0,10.0,10.0,1,86,-0.37093496322631836,0.19260566958854364,,out_of_road
221,fresh,0,fresh,,,0,1,0,18,0,1,10.0,5.0,15.0,10.0,0,20,-4.028936386108398,0.07695904970169068,,crash_vehicle
222,replay,0,replay,,,0,1,0,18,0,1,10.0,5.0,15.0,10.0,0,204,20.937284469604492,1.055946365199691,,out_of_road
223,fresh,0,fresh,,,0,0,0,5,0,1,20.0,5.0,15.0,35.0,0,54,-5.601616382598877,0.0,,out_of_road
224,crossover,0,crossover,,distractor_cars|has_brake_checker|has_cluster|maximum_distractor_speed|brake_dist,3,1,0,2,1,1,15.0,20.0,15.0,35.0,2,198,26.848100662231445,1.6739869638901166,,out_of_road
225,fresh,0,fresh,,,0,0,0,1,1,1,5.0,20.0,10.0,35.0,1,68,-0.11213541030883789,0.08749147986664492,,out_of_road
226,replay,0,replay,,,0,0,0,1,1,1,5.0,20.0,10.0,35.0,1,436,44.463626861572266,1.2037040793396738,,out_of_road
227,fresh,0,fresh,,,0,1,0,12,0,0,15.0,5.0,5.0,10.0,1,188,32.54240417480469,2.2742073462206,,crash_vehicle
228,mutation,0,mutation,intersection_cars,,0,1,1,0,1,0,15.0,20.0,15.0,20.0,0,44,-1.1486172676086426,0.06562184423885563,,out_of_road
229,fresh,0,fresh,,,0,1,1,12,0,0,10.0,10.0,15.0,35.0,3,51,0.7290763854980469,0.092590004790063,,out_of_road
230,mutation,0,mutation,maximum_distractor_speed,,1,0,0,0,0,0,10.0,5.0,15.0,55.0,0,39,-3.4690027236938477,0.0,,out_of_road
231,fresh,0,fresh,,,0,1,1,0,1,0,10.0,10.0,10.0,10.0,0,71,4.441349983215332,0.2307800666337282,,crash_vehicle
232,crossover,0,crossover,,select_lane|ego_on_intersection|intersection_has_cars|has_cluster,3,1,1,2,1,0,15.0,20.0,15.0,55.0,2,49,-0.33304882049560547,0.0825235989629006,,out_of_road
233,fresh,0,fresh,,,0,0,0,18,0,1,10.0,10.0,15.0,10.0,3,149,3.690077781677246,0.8744496632142355,,out_of_road
234,crossover,0,crossover,,select_lane|ego_on_intersection|intersection_has_cars|distractor_cars|has_brake_checker|has_cluster|cluster_dist|brake_dist,6,1,1,5,1,0,5.0,40.0,10.0,55.0,1,405,45.03997039794922,1.211638710923769,,out_of_road
235,fresh,0,fresh,,,0,0,0,1,0,1,20.0,20.0,15.0,55.0,1,71,2.2266812324523926,0.2651264270846273,,out_of_road
236,replay,0,replay,,,0,0,0,1,0,1,20.0,20.0,15.0,55.0,1,38,0.04825878143310547,0.06797417841459576,,crash_vehicle
237,fresh,0,fresh,,,0,0,0,0,1,0,20.0,40.0,15.0,35.0,0,70,2.3055381774902344,0.13753435036965778,,out_of_road
238,crossover,0,crossover,,select_lane|ego_on_intersection|intersection_has_cars|distractor_cars|distance_to_nearest|cluster_dist,0,0,0,3,0,1,10.0,40.0,15.0,10.0,3,174,23.7279052734375,1.2456399544902232,,out_of_road
239,fresh,0,fresh,,,0,0,0,18,1,0,10.0,20.0,10.0,35.0,1,103,12.927370071411133,1.0967035383275412,,out_of_road
240,replay,0,replay,,,0,0,0,18,1,0,10.0,20.0,10.0,35.0,1,80,3.634842872619629,0.6253381514921784,,out_of_road
241,fresh,0,fresh,,,0,0,0,2,1,1,5.0,10.0,10.0,55.0,0,62,8.031167030334473,0.7276749714247642,,crash_vehicle
242,mutation,0,mutation,select_road|select_lane|ego_on_intersection|intersection_has_cars,,1,1,0,12,0,0,15.0,5.0,5.0,10.0,1,111,2.9663796424865723,0.4201906298094236,,crash_vehicle
243,fresh,0,fresh,,,0,0,0,4,1,0,15.0,20.0,15.0,35.0,0,69,5.757917404174805,0.5296289424101511,,out_of_road
244,crossover,0,crossover,,select_lane|ego_on_intersection|intersection_has_cars|distractor_cars|has_brake_checker|intersection_cars|maximum_distractor_speed|distance_to_nearest|cluster_dist|brake_dist,8,1,0,5,0,1,10.0,40.0,10.0,55.0,1,286,39.881778717041016,1.5763158103438106,,crash_vehicle
245,fresh,0,fresh,,,0,0,0,12,1,1,10.0,40.0,5.0,55.0,1,116,12.12022590637207,0.955491682835694,,out_of_road
246,mutation,0,mutation,select_road|select_lane|ego_on_intersection|intersection_has_cars,,1,0,0,12,1,1,10.0,40.0,5.0,55.0,1,127,19.051849365234375,1.5244485374510757,,out_of_road
247,fresh,0,fresh,,,0,0,0,8,0,1,10.0,10.0,5.0,10.0,2,76,6.094016075134277,0.33356601436083255,,crash_vehicle
248,crossover,0,crossover,,intersection_cars|maximum_distractor_speed|cluster_dist|brake_dist,1,0,0,0,1,0,5.0,10.0,15.0,55.0,0,60,0.37801313400268555,0.09904900640249252,,out_of_road
249,fresh,0,fresh,,,0,0,0,5,0,1,10.0,20.0,5.0,10.0,2,151,17.249555587768555,0.9940034013660933,,crash_vehicle
250,mutation,0,mutation,brake_dist,,0,0,0,2,0,1,10.0,5.0,5.0,20.0,2,207,25.80811882019043,1.6142393141840967,,out_of_road
251,fresh,0,fresh,,,0,0,0,5,0,0,15.0,5.0,10.0,10.0,3,127,9.047557830810547,1.2801707785899246,,out_of_road
252,replay,0,replay,,,0,0,0,5,0,0,15.0,5.0,10.0,10.0,3,72,4.745067596435547,0.4119081843851341,,out_of_road
253,fresh,0,fresh,,,0,0,0,2,0,1,10.0,40.0,5.0,35.0,0,177,26.237022399902344,1.4684750996319587,,out_of_road
254,replay,0,replay,,,0,0,0,2,0,1,10.0,40.0,5.0,35.0,0,377,49.520286560058594,1.4269774566436637,,out_of_road
255,fresh,0,fresh,,,0,1,1,5,0,1,20.0,20.0,5.0,55.0,0,161,15.31454086303711,0.5907561026559853,,crash_vehicle
256,replay,0,replay,,,0,1,1,5,0,1,20.0,20.0,5.0,55.0,0,454,73.32762908935547,1.9190731235012608,,out_of_road
257,fresh,0,fresh,,,0,1,0,2,0,0,5.0,5.0,10.0,10.0,1,77,7.619850158691406,0.9620933687048299,,crash_vehicle
258,replay,0,replay,,,0,1,0,2,0,0,5.0,5.0,10.0,10.0,1,147,6.285038948059082,0.7828877903774482,,out_of_road
259,fresh,0,fresh,,,0,0,0,3,1,0,10.0,10.0,10.0,20.0,2,89,4.307599067687988,0.43578387579221406,,crash_vehicle
260,mutation,0,mutation,distance_to_nearest,,1,0,0,1,1,0,15.0,20.0,5.0,55.0,1,77,7.9886627197265625,0.635507952470284,,out_of_road
261,fresh,0,fresh,,,0,1,1,8,0,0,10.0,20.0,15.0,10.0,3,109,1.8766803741455078,0.43944868472738,,out_of_road
262,mutation,0,mutation,cluster_dist,,1,1,1,5,1,0,5.0,40.0,5.0,55.0,1,205,21.00995445251465,1.0471213575634288,,out_of_road
263,fresh,0,fresh,,,0,0,0,2,1,0,20.0,5.0,15.0,20.0,1,71,2.8330278396606445,0.30743495700225026,,out_of_road
264,mutation,0,mutation,brake_dist,,0,1,0,18,1,1,15.0,10.0,10.0,20.0,0,525,17.045442581176758,0.46624457018006416,,crash_vehicle
265,fresh,0,fresh,,,0,0,0,12,0,0,15.0,10.0,10.0,10.0,2,120,15.154226303100586,0.9387844050923984,,crash_vehicle
266,replay,0,replay,,,0,0,0,12,0,0,15.0,10.0,10.0,10.0,2,342,30.93075942993164,0.9233753490397891,,out_of_road
267,fresh,0,fresh,,,0,0,0,8,0,0,20.0,5.0,10.0,10.0,3,153,5.19038200378418,0.8500130189205307,,out_of_road
268,replay,0,replay,,,0,0,0,8,0,0,20.0,5.0,10.0,10.0,3,395,59.84801483154297,1.9806252893579157,,out_of_road
269,fresh,0,fresh,,,0,0,0,4,0,0,10.0,40.0,10.0,20.0,1,111,6.800559997558594,1.004878015735665,,out_of_road
270,crossover,0,crossover,,select_lane|ego_on_intersection|intersection_has_cars|maximum_distractor_speed|distance_to_nearest|brake_dist,5,0,0,2,0,1,10.0,5.0,15.0,20.0,1,50,-2.04380202293396,0.08486767768859864,,crash_vehicle
271,fresh,0,fresh,,,0,1,0,3,1,0,10.0,20.0,5.0,35.0,2,382,57.91647720336914,1.8961453093167062,,out_of_road
272,crossover,0,crossover,,has_brake_checker|intersection_cars|maximum_distractor_speed|distance_to_nearest|brake_dist,4,0,0,1,1,0,15.0,20.0,10.0,35.0,0,80,1.291989803314209,0.3970309153199196,,out_of_road
273,fresh,0,fresh,,,0,1,1,5,1,0,5.0,40.0,10.0,55.0,0,143,15.00961685180664,1.5596956915476106,,out_of_road
274,replay,0,replay,,,0,1,1,5,1,0,5.0,40.0,10.0,55.0,0,99,5.5954179763793945,0.9243960356471514,,out_of_road
275,fresh,0,fresh,,,0,1,1,1,0,1,5.0,5.0,5.0,10.0,0,199,25.056331634521484,1.4519334038597855,,out_of_road
276,replay,0,replay,,,0,1,1,1,0,1,5.0,5.0,5.0,10.0,0,255,26.474327087402344,1.1178923104195764,,out_of_road
277,fresh,0,fresh,,,0,0,0,12,0,0,5.0,20.0,15.0,10.0,1,388,41.08906936645508,1.0463833117991994,,crash_vehicle
278,crossover,0,crossover,,distractor_cars|has_brake_checker|has_cluster|distance_to_nearest|brake_dist,3,1,1,0,0,0,5.0,5.0,5.0,20.0,0,502,47.718238830566406,0.930336648264373,,out_of_road
279,fresh,0,fresh,,,0,1,0,12,1,0,5.0,10.0,10.0,20.0,3,74,2.9944329261779785,0.361112813087734,,out_of_road
280,mutation,0,mutation,cluster_dist,,0,0,0,2,0,1,10.0,40.0,5.0,35.0,0,192,27.270160675048828,1.2845076152589172,,crash_vehicle
281,fresh,0,fresh,,,0,0,0,8,0,0,15.0,10.0,15.0,20.0,1,95,13.466999053955078,1.2269670759376727,,crash_vehicle
282,replay,0,replay,,,0,0,0,8,0,0,15.0,10.0,15.0,20.0,1,87,4.184414863586426,0.27878932252355004,,crash_vehicle
283,fresh,0,fresh,,,0,0,0,5,1,0,15.0,40.0,15.0,55.0,2,115,15.043638229370117,1.3163560783085615,,out_of_road
284,replay,0,replay,,,0,0,0,5,1,0,15.0,40.0,15.0,55.0,2,217,33.82247543334961,1.490116227023338,,crash_vehicle
285,fresh,0,fresh,,,0,1,0,5,1,1,20.0,40.0,5.0,55.0,2,68,2.8528928756713867,0.6548896710224011,,out_of_road
286,replay,0,replay,,,0,1,0,5,1,1,20.0,40.0,5.0,55.0,2,108,-3.222642421722412,0.1194086770216624,,out_of_road
287,fresh,0,fresh,,,0,0,0,12,0,0,10.0,20.0,10.0,35.0,2,241,39.99919128417969,1.988337423544207,,crash_vehicle
288,replay,0,replay,,,0,0,0,12,0,0,10.0,20.0,10.0,35.0,2,80,15.393693923950195,1.4191909381654113,,crash_vehicle
289,fresh,0,fresh,,,0,1,0,12,1,1,20.0,40.0,10.0,55.0,1,166,25.595909118652344,1.4490051002028477,,crash_vehicle
290,mutation,0,mutation,brake_dist,,1,0,0,0,0,0,5.0,10.0,10.0,35.0,0,614,152.1632843017578,3.2613238084102685,,out_of_road
291,fresh,0,fresh,,,0,1,0,4,0,0,10.0,10.0,10.0,10.0,2,108,11.28706169128418,1.058501185849309,,out_of_road
292,mutation,0,mutation,brake_dist,,0,0,0,0,0,0,5.0,10.0,10.0,35.0,0,110,12.48318099975586,1.3246118447997353,,out_of_road
293,fresh,0,fresh,,,0,1,1,4,0,1,5.0,5.0,15.0,35.0,2,72,9.416900634765625,0.9049968661533462,,crash_vehicle
294,mutation,0,mutation,has_cluster,,1,0,0,2,0,0,10.0,40.0,5.0,35.0,0,373,76.44393157958984,2.391690464984955,,out_of_road
295,fresh,0,fresh,,,0,0,0,1,1,1,5.0,5.0,15.0,20.0,0,33,0.7998085021972656,0.04619602001074589,,crash_vehicle
296,mutation,0,mutation,maximum_distractor_speed,,1,1,1,5,1,0,15.0,20.0,15.0,35.0,0,117,26.9385929107666,2.3072763610089946,,crash_vehicle
297,fresh,0,fresh,,,0,1,0,4,1,0,20.0,20.0,15.0,35.0,0,238,29.990684509277344,1.2785138942363883,,out_of_road
298,crossover,0,crossover,,select_lane|ego_on_intersection|intersection_has_cars|distractor_cars|intersection_cars|has_cluster|maximum_distractor_speed,6,0,0,3,0,1,10.0,5.0,5.0,10.0,2,39,0.09181833267211914,0.0007915389843476125,,crash_vehicle
299,fresh,0,fresh,,,0,0,0,12,0,1,15.0,10.0,10.0,55.0,0,47,5.651604652404785,0.29116734862327576,,crash_vehicle
300,replay,0,replay,,,0,0,0,12,0,1,15.0,10.0,10.0,55.0,0,71,8.710987091064453,1.1432265597330014,,out_of_road
301,fresh,0,fresh,,,0,0,0,4,1,0,5.0,20.0,10.0,35.0,0,145,19.54494857788086,0.9616343509791226,,out_of_road
302,crossover,0,crossover,,intersection_cars|distance_to_nearest,1,1,1,0,0,0,5.0,40.0,5.0,20.0,0,45,2.3251266479492188,0.1463544103834364,,out_of_road
303,fresh,0,fresh,,,0,0,0,8,1,1,10.0,20.0,5.0,35.0,1,58,-7.63015079498291,0.003543364590611951,,out_of_road
304,mutation,0,mutation,distance_to_nearest,,1,0,0,1,1,0,15.0,10.0,5.0,55.0,1,184,44.88650894165039,2.8939673850393812,,out_of_road
305,fresh,0,fresh,,,0,0,0,2,0,0,10.0,40.0,10.0,35.0,2,78,9.458507537841797,1.6408728792881355,,out_of_road
306,replay,0,replay,,,0,0,0,2,0,0,10.0,40.0,10.0,35.0,2,56,0.9073443412780762,0.1664786639490298,,out_of_road
307,fresh,0,fresh,,,0,0,0,8,0,1,10.0,40.0,10.0,20.0,3,110,21.51546859741211,2.0347196025604553,,crash_vehicle
308,mutation,0,mutation,brake_dist,,0,1,0,18,1,1,15.0,10.0,10.0,20.0,0,44,4.512569427490234,0.19273744929920544,,crash_vehicle
309,fresh,0,fresh,,,0,0,0,3,1,1,10.0,20.0,5.0,35.0,3,49,2.9807887077331543,0.8146792443431153,,out_of_road
310,mutation,0,mutation,has_cluster,,0,0,0,0,0,0,5.0,5.0,10.0,55.0,0,144,29.7783203125,2.20083096002539,,out_of_road
311,fresh,0,fresh,,,0,0,0,18,0,0,20.0,10.0,15.0,20.0,0,55,5.620059013366699,0.2267347579652613,,crash_vehicle
312,replay,0,replay,,,0,0,0,18,0,0,20.0,10.0,15.0,20.0,0,134,6.013103485107422,0.5401945110799661,,out_of_road
313,fresh,0,fresh,,,0,1,0,0,0,0,5.0,10.0,15.0,20.0,0,191,29.730194091796875,1.6178684321217511,,out_of_road
314,replay,0,replay,,,0,1,0,0,0,0,5.0,10.0,15.0,20.0,0,69,5.469059944152832,0.8343175083830736,,crash_vehicle
315,fresh,0,fresh,,,0,0,0,3,0,0,15.0,40.0,10.0,35.0,3,237,47.83737564086914,2.719446537238133,,out_of_road
316,crossover,0,crossover,,select_lane|ego_on_intersection|intersection_has_cars|distractor_cars|has_brake_checker|maximum_distractor_speed|distance_to_nearest|brake_dist,5,0,0,8,0,1,15.0,10.0,15.0,20.0,3,48,0.9075303077697754,0.03919631941244006,,out_of_road
317,fresh,0,fresh,,,0,1,0,1,1,1,15.0,5.0,10.0,55.0,0,34,0.8153514862060547,0.10650218935573802,,crash_vehicle
318,crossover,0,crossover,,select_lane|ego_on_intersection|intersection_has_cars|intersection_cars|maximum_distractor_speed,3,1,0,1,1,0,20.0,40.0,10.0,55.0,1,315,45.616371154785156,1.8241827119200948,,out_of_road
319,fresh,0,fresh,,,0,1,0,5,0,1,5.0,20.0,10.0,55.0,2,113,14.348871231079102,0.5993384397959551,,crash_vehicle
320,crossover,0,crossover,,intersection_cars,1,1,1,5,1,0,15.0,20.0,15.0,35.0,1,144,34.85181427001953,2.719174186181691,,out_of_road
321,fresh,0,fresh,,,0,0,0,5,1,1,10.0,20.0,15.0,35.0,0,175,35.22113800048828,1.8787040248087474,,crash_vehicle
322,crossover,0,crossover,,select_lane|ego_on_intersection|intersection_has_cars|has_brake_checker|intersection_cars|distance_to_nearest|cluster_dist,6,0,0,12,0,1,20.0,5.0,5.0,55.0,2,44,1.552642822265625,0.1371020715345036,,crash_vehicle
323,fresh,0,fresh,,,0,1,0,2,0,1,5.0,20.0,10.0,55.0,1,245,32.29302978515625,1.2923919358043647,,crash_vehicle
324,replay,0,replay,,,0,1,0,2,0,1,5.0,20.0,10.0,55.0,1,45,2.0227251052856445,0.3676552479465803,,out_of_road
325,fresh,0,fresh,,,0,0,0,3,0,1,15.0,10.0,5.0,55.0,3,38,0.8273434638977051,0.20490069138376335,,out_of_road
326,crossover,0,crossover,,distractor_cars|has_brake_checker|has_cluster|brake_dist,3,1,1,0,0,0,15.0,20.0,15.0,20.0,0,147,30.777626037597656,2.734356766047121,,out_of_road
327,fresh,0,fresh,,,0,1,1,2,1,1,10.0,20.0,5.0,35.0,1,125,11.783769607543945,0.6645114498734475,,out_of_road
328,crossover,0,crossover,,has_brake_checker|intersection_cars|has_cluster,0,0,0,0,0,0,5.0,10.0,10.0,55.0,0,310,66.79767608642578,2.701650567016294,,out_of_road
329,fresh,0,fresh,,,0,1,1,2,0,1,20.0,5.0,10.0,20.0,2,89,11.127944946289062,1.3619741127732095,,out_of_road
330,replay,0,replay,,,0,1,1,2,0,1,20.0,5.0,10.0,20.0,2,68,6.401392936706543,0.8434354270644048,,out_of_road
331,fresh,0,fresh,,,0,0,0,12,1,1,10.0,20.0,10.0,55.0,3,49,4.336147308349609,0.1928677422051527,,out_of_road
332,mutation,0,mutation,select_road|select_lane|ego_on_intersection|intersection_has_cars,,1,0,0,5,0,1,10.0,20.0,5.0,10.0,2,83,10.075538635253906,0.5662295886551041,,crash_vehicle
333,fresh,0,fresh,,,0,1,1,2,0,0,10.0,20.0,5.0,10.0,1,141,32.542388916015625,2.3183620635499347,,out_of_road
334,replay,0,replay,,,0,1,1,2,0,0,10.0,20.0,5.0,10.0,1,100,14.850872039794922,0.925216729938984,,out_of_road
335,fresh,0,fresh,,,0,0,0,18,0,1,10.0,40.0,15.0,35.0,1,102,7.674005508422852,0.5827280503569865,,out_of_road
336,crossover,0,crossover,,select_lane|ego_on_intersection|intersection_has_cars|distractor_cars|has_brake_checker|intersection_cars|has_cluster|maximum_distractor_speed|distance_to_nearest|cluster_dist,5,0,0,12,0,1,15.0,40.0,5.0,10.0,0,94,19.120685577392578,2.684858535039932,,crash_vehicle
337,fresh,0,fresh,,,0,0,0,0,0,0,20.0,40.0,15.0,20.0,0,214,40.200538635253906,2.193757848204853,,out_of_road
338,replay,0,replay,,,0,0,0,0,0,0,20.0,40.0,15.0,20.0,0,68,4.34996223449707,0.08407716540729299,,crash_vehicle
339,fresh,0,fresh,,,0,0,0,0,0,0,10.0,5.0,5.0,20.0,0,320,73.07282257080078,2.6605451902840285,rejection_fallback,out_of_road
340,mutation,0,mutation,distractor_cars,,1,0,0,5,1,0,10.0,20.0,10.0,35.0,1,69,2.3160271644592285,0.45052136545595917,,out_of_road
341,fresh,0,fresh,,,0,1,1,4,0,0,10.0,20.0,15.0,20.0,0,394,81.06100463867188,2.1611764978258137,,out_of_road
342,replay,0,replay,,,0,1,1,4,0,0,10.0,20.0,15.0,20.0,0,60,9.37298583984375,0.8374369755387306,,crash_vehicle
343,fresh,0,fresh,,,0,1,1,0,1,0,20.0,5.0,5.0,35.0,0,112,15.39306640625,0.9691776448993811,,out_of_road
344,replay,0,replay,,,0,1,1,0,1,0,20.0,5.0,5.0,35.0,0,63,2.3918447494506836,0.2807502656702011,,out_of_road
345,fresh,0,fresh,,,0,0,0,18,0,0,10.0,10.0,15.0,20.0,1,115,16.635066986083984,1.2253855961820355,,out_of_road
346,replay,0,replay,,,0,0,0,18,0,0,10.0,10.0,15.0,20.0,1,53,1.3267650604248047,0.03564800891392636,,crash_vehicle
347,fresh,0,fresh,,,0,0,0,3,0,1,15.0,10.0,15.0,20.0,3,152,34.54914855957031,2.2059712909946314,,out_of_road
348,mutation,0,mutation,distance_to_nearest,,1,0,0,18,1,0,10.0,5.0,10.0,35.0,1,268,54.61014175415039,2.448291662663444,,out_of_road
349,fresh,0,fresh,,,0,0,0,1,0,1,15.0,5.0,5.0,10.0,1,84,4.011003494262695,0.4495996566755431,,out_of_road
350,replay,0,replay,,,0,0,0,1,0,1,15.0,5.0,5.0,10.0,1,92,16.294187545776367,1.242137867471446,,out_of_road
351,fresh,0,fresh,,,0,0,0,18,0,1,10.0,20.0,10.0,55.0,0,148,15.67374038696289,0.670577260992817,,crash_vehicle
352,replay,0,replay,,,0,0,0,18,0,1,10.0,20.0,10.0,55.0,0,497,126.0565185546875,2.937921831860269,,out_of_road
353,fresh,0,fresh,,,0,0,0,12,0,1,20.0,40.0,5.0,35.0,1,143,31.385326385498047,2.211714095221116,,crash_vehicle
354,mutation,0,mutation,brake_dist,,1,0,0,2,0,1,10.0,5.0,5.0,55.0,2,106,12.225320816040039,1.3516729673687018,,out_of_road
355,fresh,0,fresh,,,0,1,1,12,0,0,10.0,10.0,15.0,35.0,3,86,3.037607192993164,0.39739454970803373,,out_of_road
356,crossover,0,crossover,,has_brake_checker|intersection_cars|cluster_dist|brake_dist,1,1,1,2,0,0,10.0,20.0,5.0,35.0,1,365,122.39753723144531,4.109746714487468,,out_of_road
357,fresh,0,fresh,,,0,0,0,4,0,1,15.0,10.0,5.0,35.0,2,57,4.419866561889648,0.13082660054951384,,crash_vehicle
358,crossover,0,crossover,,select_lane|ego_on_intersection|intersection_has_cars|distractor_cars|has_cluster|cluster_dist|brake_dist,3,0,0,3,0,1,10.0,5.0,5.0,35.0,2,36,0.5379557609558105,0.10769021511077881,,crash_vehicle
359,fresh,0,fresh,,,0,0,0,12,0,0,15.0,10.0,5.0,35.0,3,59,5.098111152648926,0.3355463407302307,,crash_vehicle
360,crossover,0,crossover,,has_cluster|maximum_distractor_speed|distance_to_nearest|brake_dist,2,0,0,0,0,0,20.0,40.0,10.0,35.0,0,718,208.87521362304688,3.744783220594764,,out_of_road
361,fresh,0,fresh,,,0,1,1,2,1,0,20.0,40.0,10.0,55.0,2,97,29.260282516479492,2.395962953567505,,arrive_dest
362,mutation,0,mutation,brake_dist,,1,0,0,0,0,0,20.0,40.0,10.0,10.0,0,653,160.87338256835938,2.870118565629215,,out_of_road
363,fresh,0,fresh,,,0,1,0,5,1,1,10.0,5.0,10.0,35.0,0,34,-1.872725486755371,0.0,,crash_vehicle
364,crossover,0,crossover,,select_lane|ego_on_intersection|intersection_has_cars|distractor_cars|intersection_cars|maximum_distractor_speed|brake_dist,5,0,0,5,0,0,10.0,5.0,15.0,10.0,2,384,1.1425414085388184,0.6706156812918683,,crash_vehicle
365,fresh,0,fresh,,,0,1,0,12,1,0,15.0,5.0,5.0,20.0,2,66,0.8553853034973145,0.7426492300900546,,out_of_road
366,mutation,0,mutation,distractor_cars,,1,0,0,4,0,0,5.0,20.0,15.0,10.0,1,383,84.34590911865234,2.2732160214733517,,crash_vehicle
367,fresh,0,fresh,,,0,0,0,4,0,1,10.0,40.0,15.0,20.0,2,215,42.23397445678711,1.8840095123579337,,crash_vehicle
368,mutation,0,mutation,select_road|select_lane|ego_on_intersection|intersection_has_cars,,2,0,0,2,1,1,15.0,20.0,15.0,35.0,2,429,96.78791809082031,2.4179431711495063,,out_of_road
369,fresh,0,fresh,,,0,1,1,5,1,1,15.0,10.0,10.0,20.0,0,54,4.043519973754883,0.04391642935850002,,crash_vehicle
370,replay,0,replay,,,0,1,1,5,1,1,15.0,10.0,10.0,20.0,0,1000,191.3601837158203,1.8849259933382272,,max_step
371,fresh,0,fresh,,,0,0,0,0,0,0,10.0,5.0,5.0,20.0,0,177,28.697372436523438,1.2040907973370982,rejection_fallback,out_of_road
372,replay,0,replay,,,0,0,0,0,0,0,10.0,5.0,5.0,20.0,0,236,35.42680740356445,1.9623180740528692,,out_of_road
373,fresh,0,fresh,,,0,0,0,1,1,1,10.0,10.0,15.0,35.0,0,493,109.1698226928711,2.5537973662600315,,out_of_road
374,crossover,0,crossover,,distractor_cars|intersection_cars|maximum_distractor_speed|distance_to_nearest|brake_dist,2,1,1,5,1,0,10.0,20.0,15.0,35.0,0,95,15.773454666137695,1.7973761685584722,,out_of_road
375,fresh,0,fresh,,,0,1,0,8,0,0,5.0,10.0,15.0,35.0,2,456,133.47850036621094,3.4628812705019585,,out_of_road
376,crossover,0,crossover,,intersection_cars|brake_dist,2,0,0,12,0,1,15.0,40.0,5.0,55.0,1,118,32.198204040527344,2.4060770294676392,,crash_vehicle
377,fresh,0,fresh,,,0,1,0,5,0,0,10.0,5.0,15.0,20.0,2,56,-0.4249124526977539,0.21326114955757344,,crash_vehicle
378,crossover,0,crossover,,distractor_cars|maximum_distractor_speed|brake_dist,2,0,0,2,1,0,20.0,10.0,10.0,55.0,0,167,32.44277572631836,1.8717046703050237,,crash_vehicle
379,fresh,0,fresh,,,0,0,0,2,1,1,20.0,20.0,15.0,35.0,2,58,0.9757213592529297,0.413325487539686,,out_of_road
380,crossover,0,crossover,,select_lane|ego_on_intersection|intersection_has_cars|has_brake_checker|maximum_distractor_speed|distance_to_nearest|brake_dist,6,0,0,5,0,0,5.0,10.0,10.0,55.0,0,81,11.209646224975586,0.6238068535372063,,crash_vehicle
381,fresh,0,fresh,,,0,1,1,18,0,0,15.0,10.0,10.0,10.0,0,581,168.58641052246094,3.3649558804018773,,crash_vehicle
382,crossover,0,crossover,,maximum_distractor_speed,0,1,1,18,0,1,5.0,20.0,5.0,10.0,2,103,17.673784255981445,0.6898051873572821,,crash_vehicle
383,fresh,0,fresh,,,0,0,0,12,1,0,5.0,20.0,5.0,35.0,1,229,43.33032989501953,2.123861447562297,,out_of_road
384,mutation,0,mutation,intersection_cars,,1,1,1,18,0,1,5.0,20.0,5.0,10.0,0,110,13.463329315185547,0.5515990059484135,,crash_vehicle
385,fresh,0,fresh,,,0,0,0,0,0,0,10.0,20.0,10.0,35.0,0,559,165.62420654296875,3.339538158958841,,out_of_road
386,replay,0,replay,,,0,0,0,0,0,0,10.0,20.0,10.0,35.0,0,121,20.959081649780273,1.417096896358758,,out_of_road
387,fresh,0,fresh,,,0,0,0,0,0,0,5.0,40.0,10.0,55.0,0,94,12.654640197753906,1.3691965343153223,,out_of_road
388,replay,0,replay,,,0,0,0,0,0,0,5.0,40.0,10.0,55.0,0,178,45.375301361083984,3.0965961867503906,,out_of_road
389,fresh,0,fresh,,,0,0,0,5,0,0,15.0,5.0,10.0,20.0,0,65,-9.663207054138184,0.0,,crash_vehicle
390,mutation,0,mutation,distractor_cars,,1,1,1,0,1,0,15.0,20.0,15.0,35.0,0,109,9.44682502746582,0.6678356066038575,,out_of_road
391,fresh,0,fresh,,,0,1,1,18,1,1,20.0,40.0,15.0,55.0,2,103,15.952251434326172,1.0426301636452813,,out_of_road
392,replay,0,replay,,,0,1,1,18,1,1,20.0,40.0,15.0,55.0,2,128,30.741893768310547,1.9259562566876411,,crash_vehicle
393,fresh,0,fresh,,,0,0,0,5,0,0,15.0,20.0,5.0,55.0,0,286,67.81584167480469,2.6585556184286836,,out_of_road
394,crossover,0,crossover,,select_lane|ego_on_intersection|intersection_has_cars|has_brake_checker|has_cluster|maximum_distractor_speed,2,0,0,1,0,0,5.0,40.0,10.0,55.0,1,74,5.492323875427246,0.3048959287839967,,out_of_road
395,fresh,0,fresh,,,0,1,1,3,0,0,20.0,20.0,10.0,10.0,2,194,53.89430236816406,3.5065362087844574,,out_of_road
396,replay,0,replay,,,0,1,1,3,0,0,20.0,20.0,10.0,10.0,2,164,28.89110565185547,1.355052605453061,,out_of_road
397,fresh,0,fresh,,,0,0,0,2,1,1,15.0,5.0,10.0,20.0,0,36,0.276580810546875,0.0595069858762953,,crash_vehicle
398,replay,0,replay,,,0,0,0,2,1,1,15.0,5.0,10.0,20.0,0,201,36.69935607910156,2.640244935282427,,out_of_road
399,fresh,0,fresh,,,0,1,1,12,1,1,15.0,20.0,5.0,35.0,1,114,13.15452766418457,1.4521492677822447,,crash_vehicle
400,crossover,0,crossover,,select_lane|ego_on_intersection|intersection_has_cars|maximum_distractor_speed|distance_to_nearest|cluster_dist,4,0,0,5,1,1,15.0,40.0,5.0,55.0,2,174,41.869773864746094,2.8796650414494263,,out_of_road
401,fresh,0,fresh,,,0,1,1,0,1,0,10.0,40.0,15.0,20.0,0,336,91.31024169921875,2.8650568915708434,,out_of_road
402,crossover,0,crossover,,select_lane|ego_on_intersection|intersection_has_cars|distractor_cars|has_brake_checker|has_cluster|distance_to_nearest,3,0,0,3,0,1,10.0,40.0,5.0,55.0,1,125,29.43148422241211,2.244123372197151,,crash_vehicle
403,fresh,0,fresh,,,0,0,0,2,1,0,5.0,20.0,5.0,35.0,2,145,37.591156005859375,2.5762446506270047,,out_of_road
404,replay,0,replay,,,0,0,0,2,1,0,5.0,20.0,5.0,35.0,2,272,67.12998962402344,2.839462220449658,,out_of_road
405,fresh,0,fresh,,,0,0,0,12,0,1,15.0,5.0,15.0,35.0,2,46,-0.11759805679321289,0.5870405225002248,,crash_vehicle
406,mutation,0,mutation,has_cluster,,1,1,1,5,1,1,15.0,20.0,15.0,35.0,1,81,16.497177124023438,0.9721373734466824,,crash_vehicle
407,fresh,0,fresh,,,0,0,0,5,1,1,5.0,40.0,15.0,55.0,1,134,38.58836364746094,2.7481476604493698,,crash_vehicle
408,mutation,0,mutation,has_cluster,,0,0,0,3,0,1,15.0,20.0,10.0,35.0,2,681,232.20156860351562,4.012730455499214,,out_of_road
409,fresh,0,fresh,,,0,1,0,3,1,1,15.0,20.0,10.0,35.0,0,116,25.537797927856445,1.3206718176089485,,crash_vehicle
410,replay,0,replay,,,0,1,0,3,1,1,15.0,20.0,10.0,35.0,0,55,5.21135139465332,0.4692505026405508,,out_of_road
411,fresh,0,fresh,,,0,1,1,5,1,1,10.0,5.0,10.0,20.0,3,133,23.689773559570312,1.8772207296880565,,crash_vehicle
412,crossover,0,crossover,,select_lane|ego_on_intersection|intersection_has_cars|distractor_cars|has_brake_checker|intersection_cars|has_cluster|maximum_distractor_speed|distance_to_nearest|cluster_dist,7,0,0,0,0,0,5.0,10.0,10.0,35.0,0,889,277.07611083984375,3.5867865946525193,,out_of_road
413,fresh,0,fresh,,,0,0,0,18,1,0,15.0,40.0,10.0,55.0,2,604,194.78187561035156,3.513186929488419,,out_of_road
414,mutation,0,mutation,distractor_cars,,1,0,0,2,0,0,5.0,10.0,10.0,35.0,0,47,3.2787065505981445,0.24756108953597697,,crash_vehicle
415,fresh,0,fresh,,,0,1,0,8,0,1,10.0,40.0,5.0,35.0,0,316,103.79592895507812,4.0639631484599805,,out_of_road
416,crossover,0,crossover,,distractor_cars|distance_to_nearest,1,1,1,4,0,0,20.0,20.0,10.0,10.0,2,114,24.285539627075195,1.245527211772768,,crash_vehicle
417,fresh,0,fresh,,,0,1,0,0,1,0,10.0,20.0,10.0,55.0,0,171,65.00039672851562,4.086458164697502,,out_of_road
418,replay,0,replay,,,0,1,0,0,1,0,10.0,20.0,10.0,55.0,0,380,128.8094940185547,3.656313490397052,,out_of_road
419,fresh,0,fresh,,,0,1,1,5,1,1,5.0,20.0,15.0,35.0,2,456,170.42349243164062,4.61591076252884,,out_of_road
420,crossover,0,crossover,,select_lane|ego_on_intersection|intersection_has_cars|distractor_cars|intersection_cars|has_cluster|distance_to_nearest|cluster_dist,4,0,0,0,0,0,10.0,10.0,10.0,35.0,0,883,303.71240234375,4.051902881261311,,out_of_road
421,fresh,0,fresh,,,0,1,0,8,1,0,10.0,40.0,5.0,55.0,2,58,2.6685171127319336,0.343429919846099,,out_of_road
422,crossover,0,crossover,,distractor_cars|has_brake_checker|distance_to_nearest|brake_dist,3,1,1,2,1,0,15.0,40.0,15.0,55.0,0,145,43.34415817260742,2.2715532866017574,,crash_vehicle
423,fresh,0,fresh,,,0,1,0,2,0,1,20.0,40.0,15.0,35.0,2,55,3.8668298721313477,0.22061769203706222,,crash_vehicle
424,replay,0,replay,,,0,1,0,2,0,1,20.0,40.0,15.0,35.0,2,427,168.23280334472656,4.567060095923288,,crash_vehicle
425,fresh,0,fresh,,,0,1,1,3,0,1,15.0,10.0,15.0,55.0,1,258,74.9483871459961,3.0046462331169335,,crash_vehicle
426,replay,0,replay,,,0,1,1,3,0,1,15.0,10.0,15.0,55.0,1,213,52.594608306884766,2.5432983283565638,,out_of_road
427,fresh,0,fresh,,,0,0,0,0,1,0,15.0,20.0,10.0,35.0,0,152,33.38322067260742,1.6120727773951857,,out_of_road
428,mutation,0,mutation,intersection_cars,,0,0,0,1,1,0,15.0,10.0,5.0,55.0,1,509,135.72882080078125,2.8887327943575407,,out_of_road
429,fresh,0,fresh,,,0,0,0,18,1,1,20.0,20.0,15.0,35.0,0,66,3.137913703918457,0.30701998485760257,,out_of_road
430,mutation,0,mutation,maximum_distractor_speed,,1,0,0,8,0,0,20.0,10.0,15.0,20.0,1,97,40.75094985961914,3.7568395531054626,,arrive_dest
431,fresh,0,fresh,,,0,1,0,5,0,0,10.0,20.0,10.0,10.0,0,132,33.36481475830078,1.9579473609725635,,out_of_road
432,replay,0,replay,,,0,1,0,5,0,0,10.0,20.0,10.0,10.0,0,839,262.0460510253906,3.303130402219736,,out_of_road
433,fresh,0,fresh,,,0,1,0,18,0,1,15.0,40.0,15.0,35.0,3,285,109.01947021484375,3.9695482394151522,,crash_vehicle
434,replay,0,replay,,,0,1,0,18,0,1,15.0,40.0,15.0,35.0,3,84,16.928390502929688,0.9001897613384894,,crash_vehicle
435,fresh,0,fresh,,,0,1,0,3,0,1,15.0,10.0,5.0,35.0,0,61,3.027682304382324,0.22627420894435193,,crash_vehicle
436,replay,0,replay,,,0,1,0,3,0,1,15.0,10.0,5.0,35.0,0,277,88.11402893066406,2.981105877389116,,out_of_road
437,fresh,0,fresh,,,0,1,0,5,0,1,5.0,10.0,5.0,20.0,1,62,7.069549560546875,0.21025225135587877,,crash_vehicle
438,crossover,0,crossover,,maximum_distractor_speed|brake_dist,2,0,0,2,0,0,5.0,40.0,5.0,55.0,0,250,71.58583068847656,2.367417696416378,,crash_vehicle
439,fresh,0,fresh,,,0,0,0,4,1,1,15.0,5.0,5.0,20.0,2,220,2.1612629890441895,0.14029206132346933,,crash_vehicle
440,mutation,0,mutation,maximum_distractor_speed,,1,1,1,0,1,0,5.0,40.0,15.0,20.0,0,68,2.0984420776367188,0.20023119822144508,,out_of_road
441,fresh,0,fresh,,,0,1,0,3,0,1,15.0,5.0,15.0,35.0,3,72,1.3813514709472656,0.019063055515289307,,out_of_road
442,crossover,0,crossover,,select_lane|ego_on_intersection|intersection_has_cars|intersection_cars|has_cluster|distance_to_nearest|cluster_dist|brake_dist,4,1,1,2,0,0,10.0,5.0,5.0,20.0,0,41,0.47734642028808594,0.06402698104701392,,crash_vehicle
443,fresh,0,fresh,,,0,1,1,1,0,1,5.0,5.0,10.0,10.0,0,53,6.937869071960449,1.0885035513706927,,crash_vehicle
444,mutation,0,mutation,select_road|select_lane|ego_on_intersection|intersection_has_cars,,1,0,0,0,0,0,10.0,10.0,10.0,35.0,0,498,173.38699340820312,3.747157667116468,,out_of_road
445,fresh,0,fresh,,,0,0,0,4,0,0,15.0,40.0,5.0,35.0,1,141,28.967029571533203,1.5343799684064607,,out_of_road
446,mutation,0,mutation,has_cluster,,0,0,0,0,0,0,20.0,40.0,10.0,10.0,0,588,178.75494384765625,3.227319318218296,,out_of_road
447,fresh,0,fresh,,,0,1,1,1,1,1,10.0,40.0,10.0,55.0,0,492,161.62306213378906,3.1544174544392076,,out_of_road
448,mutation,0,mutation,distractor_cars,,1,0,0,8,0,0,15.0,40.0,10.0,35.0,3,468,127.32804870605469,2.430055157193898,,out_of_road
449,fresh,0,fresh,,,0,0,0,4,1,0,10.0,5.0,5.0,55.0,0,38,2.620473861694336,0.15250207699443163,,crash_vehicle
450,crossover,0,crossover,,select_lane|ego_on_intersection|intersection_has_cars|distractor_cars|has_brake_checker|intersection_cars|maximum_distractor_speed|distance_to_nearest,5,0,0,12,1,0,10.0,40.0,10.0,55.0,1,140,43.81297302246094,2.734282493165561,,crash_vehicle
451,fresh,0,fresh,,,0,1,1,18,1,0,20.0,20.0,10.0,35.0,0,71,15.85283088684082,1.3318502500023641,,out_of_road
452,crossover,0,crossover,,distractor_cars|maximum_distractor_speed|distance_to_nearest|cluster_dist|brake_dist,6,0,0,1,0,1,20.0,20.0,15.0,35.0,1,319,92.0531005859375,3.2231450553598076,,out_of_road
453,fresh,0,fresh,,,0,0,0,3,0,1,10.0,10.0,15.0,35.0,0,495,154.9495391845703,3.3868376440923624,,crash_vehicle
454,replay,0,replay,,,0,0,0,3,0,1,10.0,10.0,15.0,35.0,0,221,54.256683349609375,2.487977507090137,,out_of_road
455,fresh,0,fresh,,,0,0,0,2,1,0,15.0,5.0,15.0,20.0,2,286,105.7694320678711,3.9827149979040755,,out_of_road
456,replay,0,replay,,,0,0,0,2,1,0,15.0,5.0,15.0,20.0,2,322,103.87382507324219,3.6136543848869964,,out_of_road
457,fresh,0,fresh,,,0,1,0,18,1,1,15.0,40.0,5.0,55.0,2,234,60.33717346191406,2.216158172577365,,crash_vehicle
458,mutation,0,mutation,select_road|select_lane|ego_on_intersection|intersection_has_cars,,1,0,0,2,1,0,20.0,10.0,10.0,55.0,0,252,51.31418991088867,1.9199407195288039,,out_of_road
459,fresh,0,fresh,,,0,1,1,0,0,0,10.0,5.0,15.0,55.0,0,261,111.04864501953125,4.807866566768094,,out_of_road
460,replay,0,replay,,,0,1,1,0,0,0,10.0,5.0,15.0,55.0,0,290,92.84492492675781,2.650249144794612,,out_of_road
461,fresh,0,fresh,,,0,1,1,2,0,0,15.0,40.0,15.0,55.0,2,55,2.91024112701416,0.1276414616541429,,out_of_road
462,replay,0,replay,,,0,1,1,2,0,0,15.0,40.0,15.0,55.0,2,619,208.16624450683594,3.4401980474085723,,out_of_road
463,fresh,0,fresh,,,0,1,1,2,1,0,5.0,40.0,15.0,55.0,2,174,52.9405403137207,1.8015001513834656,,arrive_dest
464,replay,0,replay,,,0,1,1,2,1,0,5.0,40.0,15.0,55.0,2,286,121.81302642822266,4.174638484949832,,crash_vehicle
465,fresh,0,fresh,,,0,1,1,8,1,0,5.0,10.0,10.0,20.0,1,60,5.4944915771484375,0.19161737263202666,,crash_vehicle
466,mutation,0,mutation,has_brake_checker,,0,0,0,3,0,1,15.0,10.0,15.0,20.0,3,127,9.465274810791016,0.15294432205947364,,out_of_road
467,fresh,0,fresh,,,0,1,0,4,1,1,20.0,20.0,5.0,35.0,2,103,14.438316345214844,0.026192004964189622,,crash_vehicle
468,mutation,0,mutation,distance_to_nearest,,11,0,0,0,0,0,10.0,5.0,5.0,20.0,0,807,253.04959106445312,2.900874476210483,rejection_fallback,out_of_road
469,fresh,0,fresh,,,0,0,0,4,0,0,10.0,40.0,15.0,35.0,0,77,12.722944259643555,0.4181812780534292,,crash_vehicle
470,mutation,0,mutation,brake_dist,,0,1,0,3,1,1,15.0,20.0,10.0,35.0,0,97,17.892845153808594,0.27890620833819674,,crash_vehicle
471,fresh,0,fresh,,,0,1,1,5,0,1,10.0,10.0,15.0,20.0,0,106,29.384838104248047,2.8131703790628686,,out_of_road
472,replay,0,replay,,,0,1,1,5,0,1,10.0,10.0,15.0,20.0,0,155,31.120929718017578,0.5916244862060394,,crash_vehicle
473,fresh,0,fresh,,,0,0,0,5,0,1,5.0,5.0,5.0,35.0,2,97,14.978424072265625,2.01530053827566,,crash_vehicle
474,crossover,0,crossover,,has_brake_checker|intersection_cars|maximum_distractor_speed|distance_to_nearest,5,1,0,5,1,0,15.0,40.0,10.0,55.0,2,103,31.979198455810547,1.795581502532496,,crash_vehicle
475,fresh,0,fresh,,,0,1,0,18,0,1,5.0,40.0,5.0,35.0,2,124,27.477794647216797,0.9409936027180764,,crash_vehicle
476,crossover,0,crossover,,select_lane|ego_on_intersection|intersection_has_cars|distractor_cars|has_cluster|maximum_distractor_speed|distance_to_nearest|cluster_dist,2,0,0,12,1,1,20.0,40.0,5.0,55.0,1,15,-3.8732855319976807,0.0,,crash_vehicle
477,fresh,0,fresh,,,0,1,0,18,1,0,15.0,10.0,5.0,35.0,0,74,3.3892459869384766,0.2725051503527809,,crash_vehicle
478,replay,0,replay,,,0,1,0,18,1,0,15.0,10.0,5.0,35.0,0,173,49.36532211303711,1.7419573943738993,,crash_vehicle
479,fresh,0,fresh,,,0,0,0,0,1,0,5.0,10.0,15.0,20.0,0,768,292.9945373535156,4.096193221543217,,out_of_road
480,crossover,0,crossover,,select_lane|ego_on_intersection|intersection_has_cars|distractor_cars|has_brake_checker|distance_to_nearest|cluster_dist,4,1,1,5,0,1,10.0,10.0,15.0,55.0,1,52,2.271731376647949,0.33741610038738984,,out_of_road
481,fresh,0,fresh,,,0,1,1,12,1,0,20.0,10.0,15.0,20.0,0,88,8.966765403747559,1.5716884888031266,,crash_vehicle
482,replay,0,replay,,,0,1,1,12,1,0,20.0,10.0,15.0,20.0,0,149,30.200721740722656,1.1772572389685068,,crash_vehicle
483,fresh,0,fresh,,,0,0,0,1,0,1,5.0,10.0,5.0,55.0,1,258,53.79814529418945,1.4141783645853054,,out_of_road
484,mutation,0,mutation,distractor_cars,,2,0,0,0,0,0,5.0,20.0,15.0,10.0,0,325,110.105224609375,2.832380623496496,,out_of_road
485,fresh,0,fresh,,,0,1,1,2,1,0,20.0,40.0,5.0,55.0,1,313,142.15872192382812,4.85344339835758,,out_of_road
486,crossover,0,crossover,,maximum_distractor_speed|cluster_dist|brake_dist,2,1,1,3,0,0,10.0,20.0,10.0,35.0,2,63,2.4749512672424316,0.07951640325879293,,out_of_road
487,fresh,0,fresh,,,0,0,0,5,0,0,20.0,5.0,10.0,35.0,1,107,31.5946044921875,4.00383280760774,,out_of_road
488,crossover,0,crossover,,select_lane|ego_on_intersection|intersection_has_cars|distractor_cars|intersection_cars|has_cluster|distance_to_nearest|brake_dist,6,0,0,0,1,0,20.0,20.0,15.0,10.0,0,47,4.902676582336426,0.2868919981286881,,crash_vehicle
489,fresh,0,fresh,,,0,1,0,8,1,0,15.0,40.0,15.0,55.0,2,391,136.69480895996094,3.046502580785233,,crash_vehicle
490,mutation,0,mutation,distractor_cars,,1,1,1,4,0,0,20.0,20.0,10.0,10.0,2,141,33.193260192871094,0.9544546407587985,,out_of_road
491,fresh,0,fresh,,,0,1,1,12,1,0,20.0,10.0,5.0,20.0,0,446,147.38818359375,3.9057983113243977,,out_of_road
492,crossover,0,crossover,,distractor_cars|has_cluster|maximum_distractor_speed|brake_dist,3,0,0,2,1,0,20.0,20.0,15.0,55.0,2,178,48.91389465332031,1.6947642975811208,,out_of_road
493,fresh,0,fresh,,,0,0,0,3,0,1,10.0,40.0,15.0,10.0,1,98,15.390008926391602,1.0917116730492942,,out_of_road
494,mutation,0,mutation,brake_dist,,1,1,0,8,0,0,5.0,10.0,15.0,20.0,2,2,10.0,3.6890759468078613,,arrive_dest
495,fresh,0,fresh,,,0,1,1,8,1,0,15.0,5.0,5.0,55.0,1,53,-2.4953420162200928,1.1787648594604347,,out_of_road
496,replay,0,replay,,,0,1,1,8,1,0,15.0,5.0,5.0,55.0,1,142,34.68745422363281,1.7102537484655917,,out_of_road
497,fresh,0,fresh,,,0,0,0,18,1,0,10.0,10.0,5.0,35.0,2,102,17.137897491455078,0.6970333902567041,,crash_vehicle
498,crossover,0,crossover,,select_lane|ego_on_intersection|intersection_has_cars|distractor_cars|intersection_cars|maximum_distractor_speed|distance_to_nearest|cluster_dist,3,0,0,0,0,0,10.0,5.0,5.0,35.0,0,414,174.1921844482422,3.8110901021943,,arrive_dest
499,fresh,0,fresh,,,0,1,0,1,1,1,20.0,20.0,10.0,35.0,1,87,16.05775260925293,0.18492678248848038,,out_of_road
500,mutation,0,mutation,has_cluster,,0,0,0,0,0,0,5.0,10.0,10.0,35.0,0,232,74.63251495361328,2.8328293870235313,,out_of_road
501,fresh,0,fresh,,,0,1,1,5,0,1,10.0,40.0,10.0,35.0,2,177,38.08634567260742,1.3340744564341287,,crash_vehicle
502,crossover,0,crossover,,has_brake_checker|maximum_distractor_speed|brake_dist,1,0,0,0,0,0,5.0,5.0,15.0,35.0,0,89,10.057641983032227,0.34733450714122044,,out_of_road
503,fresh,0,fresh,,,0,1,1,4,0,0,5.0,10.0,15.0,55.0,3,191,34.59943771362305,1.7614504215136872,,out_of_road
504,crossover,0,crossover,,distractor_cars|has_cluster|maximum_distractor_speed|distance_to_nearest|brake_dist,3,1,1,2,1,0,5.0,20.0,5.0,35.0,1,152,24.897171020507812,0.15800955514178464,,crash_vehicle
505,fresh,0,fresh,,,0,1,0,1,1,1,5.0,10.0,10.0,20.0,1,194,57.393272399902344,3.085766995076052,,out_of_road
506,mutation,0,mutation,select_road|select_lane|ego_on_intersection|intersection_has_cars,,1,1,0,18,1,1,15.0,40.0,5.0,55.0,2,136,38.126800537109375,1.3233401481719578,,crash_vehicle
507,fresh,0,fresh,,,0,1,1,0,0,0,5.0,10.0,5.0,20.0,0,129,27.104679107666016,0.9469435322423314,,out_of_road
508,mutation,0,mutation,cluster_dist,,1,1,0,2,1,1,15.0,20.0,10.0,35.0,2,92,14.914115905761719,1.264173941605765,,out_of_road
509,fresh,0,fresh,,,0,0,0,2,0,1,15.0,40.0,15.0,10.0,2,84,13.91624641418457,1.0282468348741531,,out_of_road
510,replay,0,replay,,,0,0,0,2,0,1,15.0,40.0,15.0,10.0,2,19,11.453652381896973,1.4676084518432617,,arrive_dest
511,fresh,0,fresh,,,0,1,0,18,1,0,10.0,20.0,5.0,35.0,0,70,9.656259536743164,0.21507680075509208,,crash_vehicle
512,mutation,0,mutation,brake_dist,,0,0,0,2,1,0,5.0,20.0,5.0,35.0,2,154,41.63933563232422,1.7212719553476805,,out_of_road
513,fresh,0,fresh,,,0,0,0,4,0,0,20.0,20.0,5.0,55.0,1,39,-1.786670446395874,0.0,,out_of_road
514,crossover,0,crossover,,select_lane|ego_on_intersection|intersection_has_cars|distractor_cars|has_brake_checker|intersection_cars|distance_to_nearest|cluster_dist|brake_dist,1,1,0,8,0,0,5.0,10.0,15.0,35.0,2,155,28.181991577148438,1.5605731879511187,,crash_vehicle
515,fresh,0,fresh,,,0,0,0,18,1,1,5.0,5.0,10.0,35.0,0,28,-0.13855266571044922,0.21303340366908483,,crash_vehicle
516,mutation,0,mutation,has_brake_checker,,1,0,0,5,1,0,20.0,5.0,10.0,35.0,1,66,10.435522079467773,1.6316398347191738,,crash_vehicle
517,fresh,0,fresh,,,0,0,0,18,0,1,15.0,5.0,10.0,55.0,3,106,24.93128204345703,2.7899713153546712,,crash_vehicle
518,crossover,0,crossover,,distractor_cars|has_brake_checker|has_cluster|cluster_dist|brake_dist,4,0,0,5,1,0,5.0,20.0,10.0,55.0,1,127,20.49520492553711,1.4800555139310716,,crash_vehicle
519,fresh,0,fresh,,,0,1,1,0,1,0,5.0,10.0,5.0,10.0,0,111,0.7605252265930176,0.3875103918080394,,out_of_road
520,replay,0,replay,,,0,1,1,0,1,0,5.0,10.0,5.0,10.0,0,365,143.6360321044922,3.8395061073237904,,out_of_road
521,fresh,0,fresh,,,0,0,0,0,0,0,10.0,5.0,5.0,20.0,0,68,8.653614044189453,0.29099660876261835,rejection_fallback,out_of_road
522,replay,0,replay,,,0,0,0,0,0,0,10.0,5.0,5.0,20.0,0,137,39.47065353393555,2.949250198520013,,out_of_road
523,fresh,0,fresh,,,0,1,0,8,1,0,15.0,40.0,5.0,55.0,3,177,48.5682373046875,1.276558221312566,,arrive_dest
524,crossover,0,crossover,,select_lane|ego_on_intersection|intersection_has_cars|distractor_cars|intersection_cars|distance_to_nearest|brake_dist,4,0,0,12,1,0,20.0,40.0,10.0,55.0,1,199,66.21647644042969,2.412464975000326,,out_of_road
525,fresh,0,fresh,,,0,1,1,3,0,1,5.0,10.0,15.0,20.0,0,65,7.010239601135254,0.09486512679320115,,crash_vehicle
526,replay,0,replay,,,0,1,1,3,0,1,5.0,10.0,15.0,20.0,0,108,35.72479248046875,2.291328752482379,,out_of_road
527,fresh,0,fresh,,,0,1,1,8,0,1,5.0,40.0,5.0,35.0,1,65,14.890235900878906,0.20246221102201023,,crash_vehicle
528,crossover,0,crossover,,has_cluster|maximum_distractor_speed|distance_to_nearest,1,1,1,3,0,1,5.0,10.0,15.0,55.0,1,80,15.401979446411133,0.6104386921972036,,crash_vehicle
529,fresh,0,fresh,,,0,1,0,3,1,1,15.0,40.0,15.0,55.0,2,136,35.07292556762695,1.3710095132975018,,out_of_road
530,replay,0,replay,,,0,1,0,3,1,1,15.0,40.0,15.0,55.0,2,119,34.23408889770508,2.897998525440192,,out_of_road
531,fresh,0,fresh,,,0,0,0,18,0,1,5.0,10.0,5.0,35.0,0,39,6.232119560241699,0.0022073892446664665,,crash_vehicle
532,mutation,0,mutation,distractor_cars,,1,0,0,18,0,0,20.0,40.0,10.0,10.0,0,218,71.9144058227539,2.9211861812466875,,crash_vehicle
533,fresh,0,fresh,,,0,0,0,12,1,1,10.0,5.0,10.0,20.0,3,120,27.222362518310547,2.7231074710687,,crash_vehicle
534,crossover,0,crossover,,distractor_cars|has_cluster,1,0,0,2,1,0,15.0,20.0,10.0,35.0,0,106,30.760807037353516,1.0081263367297515,,crash_vehicle
535,fresh,0,fresh,,,0,0,0,4,0,1,5.0,20.0,10.0,55.0,2,486,207.29344177246094,4.7620964410864275,,out_of_road
536,crossover,0,crossover,,select_lane|ego_on_intersection|intersection_has_cars|distractor_cars|intersection_cars|brake_dist,6,1,1,2,0,0,10.0,5.0,5.0,10.0,1,35,0.6211562156677246,0.11315062386648995,,crash_vehicle
537,fresh,0,fresh,,,0,0,0,2,0,0,20.0,40.0,10.0,35.0,0,78,12.990409851074219,0.3635313985630488,,crash_vehicle
538,mutation,0,mutation,maximum_distractor_speed,,1,1,1,2,1,0,15.0,40.0,15.0,55.0,2,2,10.0,2.97800874710083,,arrive_dest
539,fresh,0,fresh,,,0,1,1,0,1,0,10.0,20.0,5.0,55.0,0,178,32.39042663574219,0.6406288564288884,,out_of_road
540,crossover,0,crossover,,distractor_cars|has_brake_checker|has_cluster|distance_to_nearest|brake_dist,1,1,0,1,1,1,5.0,10.0,10.0,35.0,1,287,77.76487731933594,2.4331363896978857,,out_of_road
541,fresh,0,fresh,,,0,1,1,8,1,1,20.0,40.0,10.0,55.0,2,118,28.09790802001953,2.026260132506742,,crash_vehicle
542,replay,0,replay,,,0,1,1,8,1,1,20.0,40.0,10.0,55.0,2,361,153.83682250976562,4.069595883922894,,crash_vehicle
543,fresh,0,fresh,,,0,0,0,3,0,0,20.0,5.0,5.0,20.0,1,935,420.1267395019531,5.092156253014019,,out_of_road
544,mutation,0,mutation,intersection_cars,,1,1,1,5,1,0,15.0,20.0,15.0,35.0,3,152,53.28476333618164,1.8009320243604874,,arrive_dest
545,fresh,0,fresh,,,0,1,1,12,1,1,15.0,40.0,10.0,55.0,0,164,30.32806396484375,0.5628404841962747,,crash_vehicle
546,crossover,0,crossover,,has_brake_checker|maximum_distractor_speed|distance_to_nearest,2,0,0,0,0,0,5.0,20.0,5.0,35.0,0,298,116.11041259765625,4.259812450948978,,out_of_road
547,fresh,0,fresh,,,0,0,0,4,0,0,5.0,40.0,5.0,10.0,1,324,117.53612518310547,3.565962932360025,,out_of_road
548,mutation,0,mutation,select_road|select_lane|ego_on_intersection|intersection_has_cars,,2,1,1,2,0,1,5.0,20.0,10.0,55.0,1,78,20.03211784362793,0.39390314742922783,,crash_vehicle
549,fresh,0,fresh,,,0,0,0,5,1,0,15.0,10.0,10.0,35.0,2,68,9.19118595123291,0.34367729285184073,,crash_vehicle
550,replay,0,replay,,,0,0,0,5,1,0,15.0,10.0,10.0,35.0,2,192,54.76002502441406,1.8248394616724302,,out_of_road
551,fresh,0,fresh,,,0,0,0,1,0,0,20.0,5.0,15.0,35.0,0,44,2.8094253540039062,0.0037855218079957094,,crash_vehicle
552,mutation,0,mutation,has_cluster,,0,1,0,18,0,1,15.0,40.0,15.0,35.0,3,123,44.81160354614258,1.9298360284751024,,crash_vehicle
553,fresh,0,fresh,,,0,0,0,3,1,1,20.0,40.0,15.0,55.0,1,163,41.71078872680664,1.7928006232150493,,out_of_road
554,mutation,0,mutation,select_road|select_lane|ego_on_intersection|intersection_has_cars,,2,1,0,2,1,0,15.0,5.0,15.0,20.0,2,1000,387.8401794433594,4.2336809128969906,,max_step
555,fresh,0,fresh,,,0,1,0,4,0,0,10.0,40.0,5.0,55.0,0,144,37.66954803466797,0.8219112581573427,,crash_vehicle
556,crossover,0,crossover,,select_lane|ego_on_intersection|intersection_has_cars|distractor_cars|has_cluster|maximum_distractor_speed,5,0,0,0,0,0,5.0,20.0,15.0,35.0,0,436,194.57057189941406,5.117264802166082,,out_of_road
557,fresh,0,fresh,,,0,1,0,4,0,1,20.0,20.0,10.0,20.0,3,345,96.79045867919922,2.3303447798110435,,out_of_road
558,crossover,0,crossover,,has_brake_checker|has_cluster|maximum_distractor_speed|brake_dist,2,0,0,2,1,0,10.0,40.0,5.0,55.0,0,685,311.80059814453125,4.782624129689958,,out_of_road
559,fresh,0,fresh,,,0,1,1,12,0,1,20.0,40.0,15.0,55.0,1,76,16.891056060791016,0.18717870351515317,,crash_vehicle
560,replay,0,replay,,,0,1,1,12,0,1,20.0,40.0,15.0,55.0,1,365,136.97853088378906,3.4677583379288244,,out_of_road
561,fresh,0,fresh,,,0,1,1,12,1,1,15.0,40.0,5.0,55.0,1,154,39.12217712402344,0.8787798543835615,,crash_vehicle
562,replay,0,replay,,,0,1,1,12,1,1,15.0,40.0,5.0,55.0,1,140,19.409692764282227,0.949408153497747,,crash_vehicle
563,fresh,0,fresh,,,0,0,0,2,1,0,20.0,20.0,15.0,35.0,1,203,68.76141357421875,2.6689671719162336,,out_of_road
564,crossover,0,crossover,,select_lane|ego_on_intersection|intersection_has_cars|has_cluster|brake_dist,2,0,0,0,0,0,5.0,20.0,15.0,55.0,0,548,246.56759643554688,4.654268933528096,,out_of_road
565,fresh,0,fresh,,,0,0,0,5,1,0,10.0,20.0,15.0,35.0,3,174,40.313873291015625,1.9926846474409103,,out_of_road
566,mutation,0,mutation,select_road|select_lane|ego_on_intersection|intersection_has_cars,,2,1,0,0,0,0,10.0,5.0,15.0,55.0,0,462,187.07183837890625,3.584396568147135,,out_of_road
567,fresh,0,fresh,,,0,1,1,18,1,0,20.0,40.0,5.0,55.0,3,92,9.529516220092773,0.19350819030533667,,out_of_road
568,crossover,0,crossover,,distractor_cars|intersection_cars|distance_to_nearest|brake_dist,3,1,1,2,1,0,15.0,5.0,15.0,20.0,2,133,49.68519592285156,2.494253530202055,,crash_vehicle
569,fresh,0,fresh,,,0,1,0,2,0,0,5.0,10.0,10.0,10.0,2,66,3.1614990234375,0.28602938399170386,,out_of_road
570,mutation,0,mutation,brake_dist,,0,1,0,8,1,0,15.0,40.0,15.0,55.0,2,76,2.1232872009277344,0.09562164692110137,,out_of_road
571,fresh,0,fresh,,,0,0,0,4,0,1,5.0,40.0,10.0,20.0,2,36,-2.1498422622680664,0.0,,out_of_road
572,crossover,0,crossover,,distractor_cars|has_brake_checker|maximum_distractor_speed|brake_dist,0,1,1,18,0,0,15.0,10.0,10.0,10.0,0,199,61.081947326660156,2.4415734139219603,,crash_vehicle
573,fresh,0,fresh,,,0,0,0,5,0,1,15.0,5.0,10.0,55.0,1,106,-0.0021500587463378906,0.3588061289475212,,crash_vehicle
574,crossover,0,crossover,,has_cluster|maximum_distractor_speed|distance_to_nearest|brake_dist,2,1,1,0,0,0,10.0,5.0,15.0,20.0,0,51,-1.0256638526916504,0.20717248729631013,,out_of_road
575,fresh,0,fresh,,,0,0,0,3,0,1,5.0,20.0,15.0,10.0,3,159,30.551483154296875,0.41347940612888934,,out_of_road
576,replay,0,replay,,,0,0,0,3,0,1,5.0,20.0,15.0,10.0,3,32,-1.3191981315612793,0.280809611082077,,out_of_road
577,fresh,0,fresh,,,0,0,0,12,1,0,10.0,10.0,10.0,20.0,0,319,90.59172058105469,2.8072570716512613,,crash_vehicle
578,replay,0,replay,,,0,0,0,12,1,0,10.0,10.0,10.0,20.0,0,291,67.11820983886719,1.027644021353361,,out_of_road
579,fresh,0,fresh,,,0,1,1,12,1,0,15.0,10.0,5.0,35.0,1,164,36.77299499511719,2.378640651248577,,out_of_road
580,crossover,0,crossover,,select_lane|ego_on_intersection|intersection_has_cars|distractor_cars|maximum_distractor_speed|distance_to_nearest|cluster_dist,8,1,1,2,1,0,10.0,20.0,5.0,35.0,0,162,30.736251831054688,1.369926145783177,,out_of_road
581,fresh,0,fresh,,,0,1,1,2,1,0,20.0,10.0,15.0,20.0,0,208,28.959339141845703,1.599025763499622,,out_of_road
582,crossover,0,crossover,,distractor_cars|maximum_distractor_speed|distance_to_nearest,2,1,0,0,1,0,5.0,10.0,10.0,55.0,0,109,28.773677825927734,0.863347576298845,,out_of_road
583,fresh,0,fresh,,,0,1,0,5,1,1,15.0,5.0,10.0,20.0,3,37,0.04246711730957031,0.0,,crash_vehicle
584,mutation,0,mutation,intersection_cars,,0,1,1,0,0,0,10.0,5.0,15.0,55.0,0,83,-0.5559439659118652,0.12831453530185194,,out_of_road
585,fresh,0,fresh,,,0,1,1,1,0,0,10.0,40.0,10.0,35.0,0,34,-0.846776008605957,0.0,,out_of_road
586,replay,0,replay,,,0,1,1,1,0,0,10.0,40.0,10.0,35.0,0,97,8.860942840576172,0.779678376679568,,out_of_road
587,fresh,0,fresh,,,0,0,0,12,1,0,10.0,20.0,15.0,35.0,1,123,46.21295166015625,1.7741960954920548,,crash_vehicle
588,mutation,0,mutation,maximum_distractor_speed,,1,0,0,12,1,0,20.0,20.0,5.0,35.0,1,36,-5.36080265045166,0.056003696388668485,,out_of_road
589,fresh,0,fresh,,,0,0,0,12,1,1,20.0,40.0,15.0,55.0,2,54,-0.5357937812805176,0.08696907537954825,,out_of_road
590,crossover,0,crossover,,has_brake_checker|intersection_cars|maximum_distractor_speed,0,1,1,0,0,0,10.0,5.0,15.0,55.0,0,88,3.2108592987060547,0.002617575228214264,,out_of_road
591,fresh,0,fresh,,,0,1,1,18,0,1,20.0,10.0,5.0,10.0,0,55,5.678584098815918,0.0,,crash_vehicle
592,replay,0,replay,,,0,1,1,18,0,1,20.0,10.0,5.0,10.0,0,110,16.561233520507812,2.2200669142332945,,crash_vehicle
593,fresh,0,fresh,,,0,0,0,4,1,1,20.0,40.0,15.0,55.0,3,107,7.480292320251465,0.4911402147785525,,out_of_road
594,mutation,0,mutation,select_road|select_lane|ego_on_intersection|intersection_has_cars,,2,1,1,18,0,1,15.0,40.0,15.0,35.0,3,114,12.248086929321289,0.3876021732494496,,out_of_road
595,fresh,0,fresh,,,0,0,0,8,1,1,15.0,20.0,10.0,35.0,1,81,15.772294998168945,0.26114428999983236,,crash_vehicle
596,replay,0,replay,,,0,0,0,8,1,1,15.0,20.0,10.0,35.0,1,143,32.087703704833984,1.6730693519323856,,out_of_road
597,fresh,0,fresh,,,0,0,0,4,0,0,15.0,40.0,5.0,20.0,1,105,14.382659912109375,0.16780143266632444,,out_of_road
598,mutation,0,mutation,distractor_cars,,1,0,0,4,1,1,10.0,5.0,10.0,20.0,3,226,56.76643371582031,3.712450842414282,,crash_vehicle
599,fresh,0,fresh,,,0,1,0,2,1,0,20.0,20.0,5.0,35.0,2,49,2.294246196746826,0.3153757817891179,,out_of_road
600,replay,0,replay,,,0,1,0,2,1,0,20.0,20.0,5.0,35.0,2,55,-0.35585880279541016,0.0856505047191273,,out_of_road
601,fresh,0,fresh,,,0,1,0,8,0,1,20.0,40.0,15.0,35.0,3,89,3.5841751098632812,0.0396948985839158,,out_of_road
602,replay,0,replay,,,0,1,0,8,0,1,20.0,40.0,15.0,35.0,3,35,-1.9892287254333496,0.10170955657958984,,out_of_road
603,fresh,0,fresh,,,0,0,0,8,1,0,20.0,20.0,5.0,35.0,1,92,12.60152816772461,0.5199664974504191,,out_of_road
604,mutation,0,mutation,brake_dist,,0,0,0,2,0,0,5.0,40.0,5.0,55.0,0,142,42.87929916381836,1.3230752463281994,,crash_vehicle
605,fresh,0,fresh,,,0,1,0,5,0,1,20.0,40.0,5.0,35.0,0,223,20.649614334106445,0.23872014332245284,,crash_vehicle
606,replay,0,replay,,,0,1,0,5,0,1,20.0,40.0,5.0,35.0,0,191,66.5939712524414,2.782432294406816,,crash_vehicle
607,fresh,0,fresh,,,0,0,0,12,0,0,20.0,10.0,10.0,35.0,2,32,-1.7370197772979736,0.15431270003318787,,crash_vehicle
608,replay,0,replay,,,0,0,0,12,0,0,20.0,10.0,10.0,35.0,2,99,21.79369354248047,1.538202132390003,,crash_vehicle
609,fresh,0,fresh,,,0,0,0,18,0,0,10.0,5.0,15.0,55.0,3,70,0.2322382926940918,1.6919010294335228,,out_of_road
610,crossover,0,crossover,,select_lane|ego_on_intersection|intersection_has_cars|has_brake_checker|distance_to_nearest|cluster_dist,5,1,0,12,0,0,15.0,5.0,15.0,35.0,1,179,10.968870162963867,0.7392484765479018,,crash_vehicle
611,fresh,0,fresh,,,0,1,0,8,0,0,15.0,20.0,15.0,35.0,0,160,18.469009399414062,0.4438816513400525,,crash_vehicle
612,mutation,0,mutation,intersection_cars,,0,1,0,2,1,1,15.0,20.0,15.0,35.0,2,99,9.947856903076172,0.3927141197703101,,out_of_road
613,fresh,0,fresh,,,0,1,1,8,1,1,10.0,40.0,10.0,55.0,0,80,21.83135414123535,0.1878683054819703,,crash_vehicle
614,mutation,0,mutation,brake_dist,,1,0,0,2,0,0,5.0,40.0,5.0,20.0,0,125,40.06443405151367,1.500813606619835,,crash_vehicle
615,fresh,0,fresh,,,0,0,0,1,0,0,15.0,40.0,10.0,20.0,0,115,33.54420852661133,0.800315996615783,,crash_vehicle
616,crossover,0,crossover,,,0,0,0,0,0,0,10.0,10.0,10.0,35.0,0,87,5.61574649810791,0.8087299205790991,,out_of_road
617,fresh,0,fresh,,,0,0,0,18,0,1,20.0,10.0,10.0,55.0,3,785,0.332916259765625,0.5222086387858459,,out_of_road
618,mutation,0,mutation,has_cluster,,0,0,0,3,0,1,10.0,10.0,15.0,35.0,0,461,198.15379333496094,5.033552221824575,,out_of_road
619,fresh,0,fresh,,,0,1,1,1,0,0,15.0,10.0,15.0,10.0,1,398,120.28887176513672,2.4440089788231716,,arrive_dest
620,replay,0,replay,,,0,1,1,1,0,0,15.0,10.0,15.0,10.0,1,237,97.24285125732422,3.7733005041311563,,out_of_road
621,fresh,0,fresh,,,0,1,0,18,0,1,10.0,10.0,10.0,10.0,2,95,12.969217300415039,0.702274584927057,,crash_vehicle
622,mutation,0,mutation,cluster_dist,,0,1,0,2,1,1,15.0,20.0,15.0,35.0,2,170,12.441232681274414,0.25552391989485307,,out_of_road
623,fresh,0,fresh,,,0,1,1,12,1,0,20.0,20.0,15.0,35.0,3,103,26.392290115356445,0.8360149604313581,,crash_vehicle
624,mutation,0,mutation,distractor_cars,,1,0,0,12,1,1,15.0,40.0,5.0,55.0,2,71,-0.6471853256225586,0.13807184857801652,,crash_vehicle
625,fresh,0,fresh,,,0,1,1,18,0,1,20.0,20.0,10.0,55.0,1,83,14.879573822021484,0.2826166538948036,,crash_vehicle
626,crossover,0,crossover,,select_lane|ego_on_intersection|intersection_has_cars|distractor_cars|intersection_cars|distance_to_nearest,6,0,0,0,1,0,10.0,5.0,10.0,55.0,0,258,89.42475128173828,2.4628442561095074,,out_of_road
627,fresh,0,fresh,,,0,0,0,3,1,1,15.0,40.0,10.0,55.0,3,109,14.887609481811523,1.1701382494300878,,out_of_road
628,crossover,0,crossover,,intersection_cars|has_cluster|maximum_distractor_speed|distance_to_nearest|cluster_dist|brake_dist,3,0,0,18,1,0,10.0,40.0,15.0,55.0,0,156,70.66203308105469,3.5645563810681686,,crash_vehicle
629,fresh,0,fresh,,,0,0,0,3,1,0,15.0,40.0,10.0,55.0,1,76,14.526203155517578,1.5368934889373027,,out_of_road
630,mutation,0,mutation,cluster_dist,,1,0,0,0,0,0,10.0,5.0,10.0,20.0,0,293,98.294189453125,3.0966038468449595,,out_of_road
631,fresh,0,fresh,,,0,0,0,12,0,1,20.0,20.0,5.0,55.0,2,108,16.470117568969727,0.29842843070488284,,crash_vehicle
632,crossover,0,crossover,,has_brake_checker|has_cluster|maximum_distractor_speed|distance_to_nearest|brake_dist,3,0,0,4,0,1,20.0,40.0,10.0,35.0,2,110,33.71771240234375,1.1161330510269512,,crash_vehicle
633,fresh,0,fresh,,,0,0,0,12,0,0,15.0,10.0,15.0,55.0,3,684,295.03961181640625,4.756369687616825,,out_of_road
634,replay,0,replay,,,0,0,0,12,0,0,15.0,10.0,15.0,55.0,3,236,59.68522644042969,1.9452732755976208,,crash_vehicle
635,fresh,0,fresh,,,0,0,0,4,0,0,20.0,10.0,10.0,10.0,0,612,257.0631103515625,4.415354568657338,,out_of_road
636,mutation,0,mutation,maximum_distractor_speed,,1,0,0,2,1,0,5.0,20.0,15.0,35.0,1,205,76.34970092773438,2.937486163726667,,out_of_road
637,fresh,0,fresh,,,0,0,0,8,0,0,15.0,40.0,15.0,55.0,1,125,40.98783493041992,2.396116987466812,,out_of_road
638,mutation,0,mutation,has_cluster,,0,0,0,4,0,0,20.0,10.0,10.0,10.0,0,272,88.76028442382812,3.1820330567219677,,crash_vehicle
639,fresh,0,fresh,,,0,0,0,8,1,0,20.0,5.0,10.0,20.0,3,57,2.47206974029541,0.6348142934995785,,crash_vehicle
640,crossover,0,crossover,,distractor_cars|has_brake_checker|maximum_distractor_speed|distance_to_nearest|cluster_dist|brake_dist,5,1,1,12,0,1,15.0,10.0,15.0,55.0,0,154,31.22246551513672,2.223426715168473,,crash_vehicle
641,fresh,0,fresh,,,0,0,0,8,1,0,10.0,40.0,15.0,55.0,2,92,14.29085922241211,0.9691206330190534,,out_of_road
642,crossover,0,crossover,,select_lane|ego_on_intersection|intersection_has_cars|distractor_cars|cluster_dist|brake_dist,2,0,0,0,0,0,10.0,20.0,10.0,10.0,0,389,190.2901153564453,5.404872230189472,,out_of_road
643,fresh,0,fresh,,,0,1,0,1,0,1,15.0,5.0,5.0,10.0,0,36,2.067913055419922,0.11129644099209043,,crash_vehicle
644,replay,0,replay,,,0,1,0,1,0,1,15.0,5.0,5.0,10.0,0,270,108.14630126953125,4.155281941758262,,out_of_road
645,fresh,0,fresh,,,0,0,0,5,1,0,5.0,40.0,5.0,55.0,1,151,51.24155807495117,1.0480802754396634,,arrive_dest
646,crossover,0,crossover,,distractor_cars|has_brake_checker|maximum_distractor_speed|cluster_dist|brake_dist,5,1,0,0,0,0,5.0,40.0,15.0,10.0,0,385,132.829833984375,2.810025848254755,,out_of_road
647,fresh,0,fresh,,,0,1,0,5,1,0,20.0,40.0,5.0,55.0,3,403,190.46116638183594,4.865649708817082,,out_of_road
648,mutation,0,mutation,distance_to_nearest,,1,1,0,0,1,0,10.0,10.0,10.0,55.0,0,362,143.9484100341797,2.996298552362135,,out_of_road
649,fresh,0,fresh,,,0,0,0,3,1,0,10.0,20.0,10.0,35.0,3,206,95.5407943725586,3.599737000552196,,crash_vehicle
650,replay,0,replay,,,0,0,0,3,1,0,10.0,20.0,10.0,35.0,3,177,48.6454963684082,1.4327234425029511,,out_of_road
651,fresh,0,fresh,,,0,1,0,3,1,0,15.0,10.0,5.0,55.0,3,369,144.78863525390625,3.6367914328568673,,out_of_road
652,crossover,0,crossover,,distractor_cars|intersection_cars|distance_to_nearest|cluster_dist|brake_dist,4,0,0,3,0,0,20.0,10.0,15.0,35.0,0,205,53.086097717285156,2.0952762452204055,,out_of_road
653,fresh,0,fresh,,,0,0,0,1,0,1,10.0,10.0,15.0,55.0,0,179,51.369239807128906,2.6003805131719098,,out_of_road
654,mutation,0,mutation,has_brake_checker,,2,0,0,4,1,0,20.0,10.0,10.0,20.0,0,262,55.19425964355469,2.1376300317640524,,out_of_road
655,fresh,0,fresh,,,0,0,0,4,0,1,20.0,20.0,15.0,35.0,2,421,166.98785400390625,3.680117323074375,,out_of_road
656,replay,0,replay,,,0,0,0,4,0,1,20.0,20.0,15.0,35.0,2,231,74.51570129394531,2.281142351753784,,out_of_road
657,fresh,0,fresh,,,0,0,0,4,1,0,20.0,5.0,10.0,20.0,3,33,0.49292612075805664,0.0250946120782332,,crash_vehicle
658,mutation,0,mutation,has_brake_checker,,0,0,0,3,0,1,10.0,10.0,15.0,35.0,0,89,2.984428882598877,1.451403436366092,,out_of_road
659,fresh,0,fresh,,,0,0,0,0,1,0,20.0,5.0,15.0,55.0,0,163,63.34373092651367,2.7005907254167862,,arrive_dest
660,replay,0,replay,,,0,0,0,0,1,0,20.0,5.0,15.0,55.0,0,225,66.33433532714844,2.909567412734032,,out_of_road
661,fresh,0,fresh,,,0,0,0,2,1,0,15.0,20.0,5.0,35.0,2,116,31.519702911376953,1.0804108137200619,,out_of_road
662,mutation,0,mutation,has_cluster,,1,0,0,18,1,1,10.0,5.0,10.0,35.0,1,52,-0.5979633331298828,0.028452598131619967,,out_of_road
663,fresh,0,fresh,,,0,1,0,8,0,0,15.0,40.0,5.0,10.0,1,418,198.78895568847656,4.7904768227889205,,crash_vehicle
664,mutation,0,mutation,select_road|select_lane|ego_on_intersection|intersection_has_cars,,1,0,0,4,0,0,5.0,20.0,15.0,10.0,1,116,17.594072341918945,0.18059924501797248,,crash_vehicle
665,fresh,0,fresh,,,0,0,0,5,0,1,20.0,20.0,15.0,10.0,1,157,40.19154739379883,1.4064841071131882,,crash_vehicle
666,crossover,0,crossover,,distractor_cars|has_brake_checker|intersection_cars|cluster_dist,3,0,0,12,0,0,15.0,40.0,5.0,35.0,1,143,52.495201110839844,2.174799064239422,,out_of_road
667,fresh,0,fresh,,,0,1,0,5,0,0,15.0,40.0,5.0,55.0,1,203,52.45363998413086,1.491509811484755,,out_of_road
668,mutation,0,mutation,maximum_distractor_speed,,0,0,0,4,0,0,20.0,10.0,10.0,10.0,0,145,26.875646591186523,1.8907675060732612,,crash_vehicle
669,fresh,0,fresh,,,0,1,0,18,0,0,10.0,20.0,5.0,10.0,1,116,28.850032806396484,1.5072947379587025,,crash_vehicle
670,crossover,0,crossover,,select_lane|ego_on_intersection|intersection_has_cars|distractor_cars|intersection_cars|has_cluster|distance_to_nearest,5,1,1,5,0,0,10.0,20.0,5.0,35.0,0,122,49.56700897216797,2.2115388087561874,,crash_vehicle
671,fresh,0,fresh,,,0,1,1,12,0,1,20.0,5.0,5.0,55.0,2,42,1.4217147827148438,0.1322169303894043,,crash_vehicle
672,crossover,0,crossover,,distance_to_nearest|cluster_dist,3,0,0,2,1,0,15.0,20.0,10.0,35.0,2,283,101.56578826904297,3.2603557454191754,,out_of_road
673,fresh,0,fresh,,,0,1,0,1,0,1,10.0,40.0,10.0,10.0,1,110,40.663482666015625,1.5771175807172602,,out_of_road
674,replay,0,replay,,,0,1,0,1,0,1,10.0,40.0,10.0,10.0,1,476,203.96311950683594,4.38072318439724,,out_of_road
675,fresh,0,fresh,,,0,1,1,4,0,0,15.0,5.0,5.0,55.0,0,32,-0.19952726364135742,0.09693599515594542,,crash_vehicle
676,replay,0,replay,,,0,1,1,4,0,0,15.0,5.0,5.0,55.0,0,129,45.05375671386719,2.254449803699819,,out_of_road
677,fresh,0,fresh,,,0,0,0,5,1,0,15.0,20.0,15.0,35.0,3,93,14.890220642089844,0.17321057247138152,,crash_vehicle
678,mutation,0,mutation,brake_dist,,0,1,0,8,0,1,10.0,40.0,5.0,35.0,0,99,31.559951782226562,1.1326400875443159,,crash_vehicle
679,fresh,0,fresh,,,0,0,0,5,0,0,20.0,5.0,15.0,10.0,2,36,1.6739163398742676,0.2422703074084388,,crash_vehicle
680,replay,0,replay,,,0,0,0,5,0,0,20.0,5.0,15.0,10.0,2,114,26.529312133789062,0.4990100965655425,,out_of_road
681,fresh,0,fresh,,,0,0,0,18,0,0,15.0,10.0,5.0,20.0,3,299,76.5739974975586,2.064000809197641,,crash_vehicle
682,mutation,0,mutation,distractor_cars,,1,1,1,5,1,1,10.0,40.0,10.0,55.0,0,113,27.895851135253906,0.404425089437086,,out_of_road
683,fresh,0,fresh,,,0,0,0,3,0,1,5.0,5.0,15.0,55.0,0,131,2.748505115509033,0.039290374016943776,,crash_vehicle
684,mutation,0,mutation,intersection_cars,,0,1,0,0,1,0,10.0,20.0,10.0,55.0,0,117,5.987854957580566,0.4341451099030992,,out_of_road
685,fresh,0,fresh,,,0,1,0,3,1,1,20.0,40.0,10.0,55.0,3,258,117.19727325439453,4.228771952089182,,out_of_road
686,replay,0,replay,,,0,1,0,3,1,1,20.0,40.0,10.0,55.0,3,211,100.37319946289062,4.062627325267023,,out_of_road
687,fresh,0,fresh,,,0,0,0,0,0,0,5.0,20.0,15.0,20.0,0,126,36.00360870361328,1.3655954038813,,out_of_road
688,crossover,0,crossover,,distractor_cars|intersection_cars|has_cluster|maximum_distractor_speed,3,0,0,5,1,1,15.0,5.0,10.0,20.0,2,98,27.267417907714844,3.5041947325273437,,crash_vehicle
689,fresh,0,fresh,,,0,1,0,2,1,1,15.0,10.0,10.0,20.0,1,52,5.300815582275391,0.2524389303647555,,crash_vehicle
690,replay,0,replay,,,0,1,0,2,1,1,15.0,10.0,10.0,20.0,1,462,187.29209899902344,3.985967590501814,,out_of_road
691,fresh,0,fresh,,,0,1,1,4,1,0,5.0,5.0,10.0,55.0,2,61,-0.08869361877441406,0.018281859452607203,,crash_vehicle
692,crossover,0,crossover,,intersection_cars,1,1,1,5,1,0,15.0,20.0,10.0,35.0,1,269,113.88699340820312,3.6055499581156165,,crash_vehicle
693,fresh,0,fresh,,,0,0,0,5,1,1,20.0,40.0,10.0,55.0,2,96,5.204686164855957,0.3903473811224103,,out_of_road
694,crossover,0,crossover,,select_lane|ego_on_intersection|intersection_has_cars|distance_to_nearest|cluster_dist|brake_dist,5,0,0,18,0,0,15.0,20.0,10.0,35.0,0,365,184.40628051757812,4.157389497216025,,arrive_dest
695,fresh,0,fresh,,,0,1,0,0,1,0,10.0,20.0,10.0,35.0,0,603,272.7835693359375,4.436191444175556,,out_of_road
696,mutation,0,mutation,cluster_dist,,1,1,1,12,1,0,15.0,10.0,15.0,35.0,1,104,0.5628557205200195,1.0181933970262225,,out_of_road
697,fresh,0,fresh,,,0,1,0,1,0,1,20.0,20.0,5.0,20.0,1,365,180.01219177246094,4.085754408289309,,out_of_road
698,mutation,0,mutation,distractor_cars,,1,0,0,12,1,0,10.0,20.0,10.0,35.0,3,180,69.33052825927734,2.502027717398273,,out_of_road
699,fresh,0,fresh,,,0,1,1,5,0,0,10.0,40.0,5.0,35.0,0,226,66.80635833740234,1.928451428766799,,out_of_road
700,mutation,0,mutation,intersection_cars,,1,0,0,2,1,0,10.0,40.0,5.0,55.0,2,564,257.9717712402344,3.894611887329965,,crash_vehicle
701,fresh,0,fresh,,,0,1,1,2,0,0,20.0,40.0,15.0,55.0,1,59,9.554935455322266,0.3692518538337643,,crash_vehicle
702,mutation,0,mutation,distance_to_nearest,,1,1,0,5,1,0,20.0,20.0,5.0,55.0,3,244,117.25813293457031,3.5569656116307757,,crash_vehicle
703,fresh,0,fresh,,,0,1,1,8,0,0,5.0,5.0,10.0,35.0,1,43,-1.9757013320922852,0.1722545123030973,,crash_vehicle
704,mutation,0,mutation,intersection_cars,,0,0,0,3,0,0,15.0,40.0,10.0,35.0,3,23,11.641304016113281,0.5041814472364343,,arrive_dest
705,fresh,0,fresh,,,0,0,0,5,1,1,5.0,40.0,5.0,55.0,0,84,31.8760986328125,1.0563029669934796,,crash_vehicle
706,mutation,0,mutation,distance_to_nearest,,1,0,0,0,0,0,10.0,40.0,5.0,20.0,0,236,94.03838348388672,2.355646389962758,,out_of_road
707,fresh,0,fresh,,,0,1,1,1,0,0,20.0,10.0,5.0,20.0,1,633,214.78590393066406,3.0308882865177886,,out_of_road
708,replay,0,replay,,,0,1,1,1,0,0,20.0,10.0,5.0,20.0,1,477,121.45178985595703,1.5129592658120132,,arrive_dest
709,fresh,0,fresh,,,0,0,0,5,0,0,10.0,5.0,5.0,10.0,3,278,-33.67264175415039,0.23676397492640094,,crash_vehicle
710,crossover,0,crossover,,distractor_cars|has_brake_checker|maximum_distractor_speed|distance_to_nearest,4,1,1,0,0,0,20.0,40.0,5.0,35.0,0,471,121.46006774902344,1.7426778487149317,,out_of_road
711,fresh,0,fresh,,,0,0,0,5,0,0,10.0,10.0,10.0,55.0,3,929,314.62774658203125,2.6600418125386516,,out_of_road
712,replay,0,replay,,,0,0,0,5,0,0,10.0,10.0,10.0,55.0,3,237,72.18477630615234,2.2315384921016572,,out_of_road
713,fresh,0,fresh,,,0,1,0,4,0,0,10.0,20.0,5.0,35.0,0,643,291.03631591796875,4.102492883361146,,crash_vehicle
714,mutation,0,mutation,has_brake_checker,,1,0,0,4,1,1,5.0,20.0,10.0,55.0,2,160,49.51161193847656,0.9831881544087082,,out_of_road
715,fresh,0,fresh,,,0,0,0,0,1,0,10.0,5.0,5.0,10.0,0,253,79.31770324707031,2.627338663509241,,out_of_road
716,replay,0,replay,,,0,0,0,0,1,0,10.0,5.0,5.0,10.0,0,104,31.395214080810547,3.8231614438387065,,crash_vehicle
717,fresh,0,fresh,,,0,1,1,3,0,0,20.0,5.0,10.0,20.0,0,2,10.0,5.460684776306152,,arrive_dest
718,replay,0,replay,,,0,1,1,3,0,0,20.0,5.0,10.0,20.0,0,52,2.1986589431762695,1.003609190766628,,out_of_road
719,fresh,0,fresh,,,0,1,1,12,0,1,10.0,5.0,15.0,10.0,2,153,-0.01003122329711914,0.21367907113839987,,crash_vehicle
720,replay,0,replay,,,0,1,1,12,0,1,10.0,5.0,15.0,10.0,2,152,62.96094512939453,2.4880674340223012,,crash_vehicle
721,fresh,0,fresh,,,0,0,0,0,0,0,5.0,10.0,10.0,10.0,0,634,225.24819946289062,2.920103248526057,,out_of_road
722,crossover,0,crossover,,select_lane|ego_on_intersection|intersection_has_cars|intersection_cars|has_cluster|cluster_dist|brake_dist,4,0,0,18,0,0,15.0,5.0,10.0,20.0,0,30,-4.699090480804443,0.0,,crash_vehicle
723,fresh,0,fresh,,,0,1,1,0,0,0,5.0,10.0,15.0,35.0,0,52,1.4980111122131348,0.2081609139075646,,out_of_road
724,mutation,0,mutation,distractor_cars,,1,1,0,5,1,1,5.0,10.0,10.0,35.0,1,189,4.287075042724609,0.3358978474975894,,out_of_road
725,fresh,0,fresh,,,0,0,0,3,1,1,15.0,20.0,5.0,35.0,3,28,-5.585381984710693,0.0,,out_of_road
726,mutation,0,mutation,maximum_distractor_speed,,1,1,1,2,1,0,10.0,40.0,5.0,55.0,1,151,64.74188232421875,1.9142541499524717,,crash_vehicle
727,fresh,0,fresh,,,0,0,0,12,0,1,20.0,5.0,15.0,10.0,0,144,39.853240966796875,2.586457088175747,,crash_vehicle
728,replay,0,replay,,,0,0,0,12,0,1,20.0,5.0,15.0,10.0,0,999,277.76849365234375,2.1000202320762225,,out_of_road
729,fresh,0,fresh,,,0,1,0,8,0,0,20.0,20.0,15.0,55.0,3,2,10.0,2.763158082962036,,arrive_dest
730,mutation,0,mutation,select_road|select_lane|ego_on_intersection|intersection_has_cars,,2,1,0,2,1,0,10.0,40.0,5.0,55.0,0,145,44.18822479248047,1.0811904178611162,,out_of_road
731,fresh,0,fresh,,,0,0,0,0,0,0,5.0,5.0,5.0,55.0,0,414,226.15191650390625,4.957202587726611,,out_of_road
732,mutation,0,mutation,has_brake_checker,,0,0,0,0,1,0,10.0,5.0,5.0,10.0,0,98,28.88542938232422,1.3109842089517993,,out_of_road
733,fresh,0,fresh,,,0,1,1,0,1,0,20.0,20.0,5.0,35.0,0,491,201.95286560058594,3.598789578178507,,out_of_road
734,replay,0,replay,,,0,1,1,0,1,0,20.0,20.0,5.0,35.0,0,367,87.78862762451172,1.666562639136243,,out_of_road
735,fresh,0,fresh,,,0,0,0,18,0,0,10.0,5.0,15.0,10.0,3,264,92.38764953613281,3.906953210124012,,out_of_road
736,mutation,0,mutation,brake_dist,,1,0,0,18,1,0,10.0,5.0,10.0,55.0,1,221,0.7283802032470703,0.575327081765929,,crash_vehicle
737,fresh,0,fresh,,,0,1,1,18,1,0,10.0,10.0,5.0,55.0,0,129,38.151031494140625,1.5573578128056933,,crash_vehicle
738,replay,0,replay,,,0,1,1,18,1,0,10.0,10.0,5.0,55.0,0,159,68.13150024414062,2.394891621837826,,crash_vehicle
739,fresh,0,fresh,,,0,1,0,5,0,1,5.0,20.0,15.0,35.0,2,158,10.102621078491211,0.20631269200504582,,out_of_road
740,replay,0,replay,,,0,1,0,5,0,1,5.0,20.0,15.0,35.0,2,253,43.24147033691406,0.9718519743428871,,out_of_road
741,fresh,0,fresh,,,0,0,0,8,0,0,20.0,5.0,15.0,55.0,1,32,1.1669697761535645,0.0442422479391098,,crash_vehicle
742,replay,0,replay,,,0,0,0,8,0,0,20.0,5.0,15.0,55.0,1,402,221.5084991455078,5.723524802470978,,out_of_road
743,fresh,0,fresh,,,0,0,0,2,1,0,10.0,5.0,10.0,35.0,2,188,94.86209869384766,3.349354144899135,,crash_vehicle
744,replay,0,replay,,,0,0,0,2,1,0,10.0,5.0,10.0,35.0,2,83,17.671661376953125,1.9449155470692967,,crash_vehicle
745,fresh,0,fresh,,,0,1,1,0,1,0,15.0,40.0,5.0,20.0,0,132,3.8271894454956055,0.262437539118709,,out_of_road
746,mutation,0,mutation,maximum_distractor_speed,,0,0,0,0,0,0,10.0,5.0,5.0,35.0,0,101,37.379112243652344,1.237036714016801,,out_of_road
747,fresh,0,fresh,,,0,1,0,1,0,0,10.0,20.0,5.0,55.0,1,197,72.43951416015625,2.1690224567570056,,out_of_road
748,crossover,0,crossover,,select_lane|ego_on_intersection|intersection_has_cars|distractor_cars|has_brake_checker|intersection_cars|has_cluster|maximum_distractor_speed|distance_to_nearest,4,0,0,18,0,0,15.0,20.0,15.0,55.0,0,94,36.63307571411133,0.7892662190059399,,crash_vehicle
749,fresh,0,fresh,,,0,1,1,5,1,1,20.0,20.0,10.0,35.0,3,82,14.483846664428711,0.23900810138481418,,crash_vehicle
750,replay,0,replay,,,0,1,1,5,1,1,20.0,20.0,10.0,35.0,3,283,137.29098510742188,4.879171082493273,,out_of_road
751,fresh,0,fresh,,,0,1,0,5,1,1,15.0,5.0,5.0,35.0,2,56,6.715322494506836,0.20495886568512237,,crash_vehicle
752,crossover,0,crossover,,distractor_cars|has_brake_checker|maximum_distractor_speed|cluster_dist,4,0,0,12,1,0,10.0,10.0,15.0,35.0,0,141,57.99757385253906,2.786662111679713,,crash_vehicle
753,fresh,0,fresh,,,0,1,0,1,0,0,10.0,5.0,15.0,35.0,1,262,119.03636169433594,2.9904764099544243,,out_of_road
754,replay,0,replay,,,0,1,0,1,0,0,10.0,5.0,15.0,35.0,1,195,105.68759155273438,4.366340509439126,,out_of_road
755,fresh,0,fresh,,,0,0,0,5,0,0,20.0,10.0,10.0,20.0,3,198,79.53388977050781,4.059605689512359,,out_of_road
756,mutation,0,mutation,cluster_dist,,1,1,0,8,0,1,10.0,40.0,15.0,35.0,0,141,40.18900680541992,1.5004658665217407,,crash_vehicle
757,fresh,0,fresh,,,0,0,0,1,1,0,15.0,20.0,15.0,35.0,1,204,52.813568115234375,1.0053679780925022,,out_of_road
758,replay,0,replay,,,0,0,0,1,1,0,15.0,20.0,15.0,35.0,1,384,149.24392700195312,3.1875592150803036,,crash_vehicle
759,fresh,0,fresh,,,0,0,0,2,1,1,20.0,20.0,15.0,35.0,1,370,135.23402404785156,2.8665804164836537,,out_of_road
760,mutation,0,mutation,has_cluster,,1,0,0,5,0,1,20.0,5.0,10.0,35.0,1,49,6.857990264892578,0.29398883270974063,,crash_vehicle
761,fresh,0,fresh,,,0,1,1,18,1,0,15.0,5.0,15.0,20.0,3,45,3.6554346084594727,0.133172593679693,,crash_vehicle
762,mutation,0,mutation,brake_dist,,1,1,0,1,1,1,5.0,10.0,10.0,55.0,1,233,83.4339599609375,1.8945559077764274,,arrive_dest
763,fresh,0,fresh,,,0,1,0,8,1,0,15.0,5.0,5.0,20.0,1,105,8.210113525390625,1.226961160415695,,out_of_road
764,crossover,0,crossover,,select_lane|ego_on_intersection|intersection_has_cars|has_cluster|brake_dist,3,1,1,12,1,0,10.0,20.0,15.0,35.0,1,249,100.67487335205078,3.548254717784713,,out_of_road
765,fresh,0,fresh,,,0,1,0,0,1,0,10.0,5.0,10.0,55.0,0,2,10.0,0.0,,arrive_dest
766,crossover,0,crossover,,select_lane|ego_on_intersection|intersection_has_cars|distractor_cars|intersection_cars|has_cluster|distance_to_nearest|cluster_dist,5,1,1,3,0,0,20.0,5.0,10.0,10.0,0,377,189.97537231445312,5.208858604061192,,out_of_road
767,fresh,0,fresh,,,0,1,1,18,1,1,5.0,5.0,5.0,35.0,3,24,-0.0361790657043457,0.05496708552042643,,crash_vehicle
768,mutation,0,mutation,intersection_cars,,0,0,0,0,0,0,10.0,5.0,5.0,35.0,0,259,104.76049041748047,2.8518203992871243,,out_of_road
769,fresh,0,fresh,,,0,1,1,8,1,1,20.0,40.0,15.0,55.0,3,56,7.157971382141113,0.19433883258274623,,out_of_road
770,crossover,0,crossover,,distractor_cars|has_brake_checker|maximum_distractor_speed|distance_to_nearest|brake_dist,4,0,0,5,1,1,15.0,20.0,15.0,35.0,0,125,36.92450714111328,0.44101012659072875,,out_of_road
771,fresh,0,fresh,,,0,0,0,18,1,1,10.0,40.0,15.0,55.0,3,193,89.490478515625,2.314743045080511,,crash_vehicle
772,replay,0,replay,,,0,0,0,18,1,1,10.0,40.0,15.0,55.0,3,164,54.53849411010742,2.387288732863054,,out_of_road
773,fresh,0,fresh,,,0,0,0,2,1,1,10.0,5.0,5.0,35.0,2,172,91.45236206054688,3.1921836868101776,,crash_vehicle
774,crossover,0,crossover,,select_lane|ego_on_intersection|intersection_has_cars|brake_dist,2,0,0,0,0,0,5.0,20.0,5.0,55.0,0,277,144.91250610351562,4.207926368455164,,out_of_road
775,fresh,0,fresh,,,0,0,0,0,1,0,5.0,10.0,15.0,55.0,0,24,-5.0268707275390625,0.0,,out_of_road
776,crossover,0,crossover,,select_lane|ego_on_intersection|intersection_has_cars|has_cluster|maximum_distractor_speed|distance_to_nearest,3,0,0,0,0,0,10.0,40.0,15.0,55.0,0,44,2.131218433380127,0.35391679948026483,,out_of_road
777,fresh,0,fresh,,,0,1,1,0,0,0,5.0,20.0,10.0,35.0,0,230,112.39404296875,4.247433728238811,,out_of_road
778,crossover,0,crossover,,select_lane|ego_on_intersection|intersection_has_cars|distractor_cars|has_brake_checker|intersection_cars|has_cluster|brake_dist,6,0,0,1,0,1,10.0,5.0,10.0,55.0,0,98,12.429719924926758,1.4618811315419722,,crash_vehicle
779,fresh,0,fresh,,,0,0,0,4,0,0,10.0,5.0,15.0,55.0,1,36,-3.679694652557373,0.03644688334316015,,crash_vehicle
780,mutation,0,mutation,distractor_cars,,2,1,1,0,1,0,20.0,40.0,5.0,55.0,0,177,96.1266860961914,3.702736010248799,,out_of_road
781,fresh,0,fresh,,,0,1,0,12,1,0,5.0,5.0,5.0,35.0,2,30,0.1282062530517578,0.0,,crash_vehicle
782,replay,0,replay,,,0,1,0,12,1,0,5.0,5.0,5.0,35.0,2,200,96.4589614868164,3.090976550877094,,out_of_road
783,fresh,0,fresh,,,0,0,0,0,1,0,15.0,5.0,5.0,55.0,0,143,51.239341735839844,1.3262900961758373,,out_of_road
784,replay,0,replay,,,0,0,0,0,1,0,15.0,5.0,5.0,55.0,0,254,98.61437225341797,2.590888719037762,,out_of_road
785,fresh,0,fresh,,,0,1,0,8,1,0,20.0,10.0,10.0,20.0,1,52,0.30565738677978516,0.27883407874749255,,out_of_road
786,replay,0,replay,,,0,1,0,8,1,0,20.0,10.0,10.0,20.0,1,117,36.55830001831055,0.5757915390352918,,out_of_road
787,fresh,0,fresh,,,0,0,0,3,1,0,20.0,5.0,15.0,20.0,0,127,11.105232238769531,1.2745750910184515,,out_of_road
788,mutation,0,mutation,intersection_cars,,1,0,0,2,1,0,10.0,5.0,10.0,35.0,0,42,0.5029826164245605,0.2262211222024191,,crash_vehicle
789,fresh,0,fresh,,,0,0,0,3,1,0,5.0,10.0,10.0,55.0,3,266,105.42682647705078,3.1556114673166347,,out_of_road
790,replay,0,replay,,,0,0,0,3,1,0,5.0,10.0,10.0,55.0,3,100,11.599615097045898,0.7515274468064308,,out_of_road
791,fresh,0,fresh,,,0,1,1,2,0,1,20.0,20.0,5.0,35.0,0,66,14.535202026367188,0.0,,crash_vehicle
792,mutation,0,mutation,brake_dist,,0,1,1,1,1,1,10.0,40.0,10.0,55.0,0,139,36.8806037902832,0.9341037467443686,,crash_vehicle
793,fresh,0,fresh,,,0,1,0,3,0,1,20.0,10.0,10.0,10.0,1,58,3.0651159286499023,0.16354264884159483,,out_of_road
794,mutation,0,mutation,cluster_dist,,1,0,0,18,0,0,10.0,5.0,5.0,10.0,3,120,44.41081237792969,4.032347105443478,,out_of_road
795,fresh,0,fresh,,,0,1,0,0,1,0,5.0,5.0,5.0,10.0,0,286,87.68939971923828,1.6202849950380884,,out_of_road
796,replay,0,replay,,,0,1,0,0,1,0,5.0,5.0,5.0,10.0,0,184,90.65454864501953,3.6819297671318054,,crash_vehicle
797,fresh,0,fresh,,,0,1,0,0,0,0,20.0,40.0,5.0,10.0,0,236,111.57772064208984,3.308431851125117,,out_of_road
798,mutation,0,mutation,cluster_dist,,1,0,0,12,1,1,10.0,5.0,5.0,20.0,3,44,6.683852195739746,0.4660076695409688,,crash_vehicle
799,fresh,0,fresh,,,0,1,1,5,1,1,5.0,20.0,10.0,55.0,0,121,10.287870407104492,0.14650847282537743,,out_of_road
800,replay,0,replay,,,0,1,1,5,1,1,5.0,20.0,10.0,55.0,0,257,143.53530883789062,5.632146990368803,,out_of_road
801,fresh,0,fresh,,,0,0,0,8,0,0,15.0,10.0,5.0,35.0,1,221,95.99186706542969,4.174894283395008,,crash_vehicle
802,crossover,0,crossover,,distractor_cars|has_brake_checker|intersection_cars|maximum_distractor_speed|cluster_dist|brake_dist,2,0,0,2,1,0,15.0,5.0,15.0,35.0,2,262,127.22480773925781,3.1443237228361705,,crash_vehicle
803,fresh,0,fresh,,,0,0,0,3,0,1,5.0,40.0,5.0,55.0,3,201,96.27117919921875,2.948849684266902,,out_of_road
804,replay,0,replay,,,0,0,0,3,0,1,5.0,40.0,5.0,55.0,3,185,98.1571273803711,3.219026373689239,,crash_vehicle
805,fresh,0,fresh,,,0,1,1,8,0,0,10.0,40.0,10.0,10.0,1,346,150.315185546875,3.5681331580601676,,out_of_road
806,crossover,0,crossover,,intersection_cars|maximum_distractor_speed|brake_dist,2,1,0,8,1,0,10.0,40.0,15.0,55.0,0,411,187.34637451171875,3.784533079378216,,out_of_road
807,fresh,0,fresh,,,0,0,0,8,0,1,20.0,5.0,5.0,55.0,0,35,0.5628790855407715,0.0,,crash_vehicle
808,crossover,0,crossover,,select_lane|ego_on_intersection|intersection_has_cars|intersection_cars|has_cluster|maximum_distractor_speed|cluster_dist|brake_dist,5,0,0,2,1,0,10.0,40.0,5.0,55.0,2,149,44.66617965698242,1.2426956148455608,,out_of_road
809,fresh,0,fresh,,,0,1,1,4,0,0,15.0,10.0,5.0,10.0,3,63,13.469354629516602,0.7891823289886354,,crash_vehicle
810,mutation,0,mutation,brake_dist,,1,0,0,0,0,0,5.0,20.0,15.0,10.0,0,352,187.8556365966797,4.219681801867079,,out_of_road
811,fresh,0,fresh,,,0,0,0,3,0,1,10.0,5.0,5.0,35.0,1,96,18.40409278869629,2.36367483685414,,crash_vehicle
812,crossover,0,crossover,,select_lane|ego_on_intersection|intersection_has_cars|distractor_cars|intersection_cars|distance_to_nearest|cluster_dist|brake_dist,5,0,0,0,0,0,20.0,20.0,5.0,55.0,0,574,284.5885925292969,4.234840849862281,,out_of_road
813,fresh,0,fresh,,,0,1,1,5,1,0,20.0,40.0,5.0,55.0,3,348,143.14154052734375,2.9764443596546677,,out_of_road
814,crossover,0,crossover,,select_lane|ego_on_intersection|intersection_has_cars|distractor_cars|has_brake_checker|has_cluster|maximum_distractor_speed,4,1,0,5,1,0,20.0,10.0,5.0,20.0,1,204,63.432106018066406,2.550953277624121,,out_of_road
815,fresh,0,fresh,,,0,1,0,4,1,0,20.0,40.0,10.0,55.0,2,157,44.98014831542969,0.3440522123009536,,out_of_road
816,replay,0,replay,,,0,1,0,4,1,0,20.0,40.0,10.0,55.0,2,39,-0.38868093490600586,0.2522541926457332,,out_of_road
817,fresh,0,fresh,,,0,0,0,4,0,0,5.0,5.0,15.0,35.0,1,25,-0.18868207931518555,0.0,,crash_vehicle
818,mutation,0,mutation,distance_to_nearest,,1,0,0,0,0,0,5.0,10.0,15.0,10.0,0,326,157.03134155273438,3.8707218216560735,,out_of_road
819,fresh,0,fresh,,,0,0,0,0,0,0,10.0,5.0,5.0,20.0,0,2,10.0,0.0,rejection_fallback,arrive_dest
820,mutation,0,mutation,has_cluster,,1,0,0,4,0,0,20.0,20.0,15.0,35.0,2,29,-3.3406524658203125,0.0,,out_of_road
821,fresh,0,fresh,,,0,1,0,2,1,0,20.0,10.0,5.0,20.0,2,79,11.587909698486328,0.2786710383016852,,out_of_road
822,replay,0,replay,,,0,1,0,2,1,0,20.0,10.0,5.0,20.0,2,72,12.088935852050781,0.16125649255183008,,out_of_road
823,fresh,0,fresh,,,0,1,1,18,0,0,5.0,40.0,15.0,20.0,3,94,41.56842803955078,0.9634057326202697,,crash_vehicle
824,crossover,0,crossover,,select_lane|ego_on_intersection|intersection_has_cars|has_brake_checker|maximum_distractor_speed|cluster_dist|brake_dist,6,0,0,0,1,0,15.0,40.0,10.0,20.0,0,195,65.37913513183594,1.102792530029248,,out_of_road
825,fresh,0,fresh,,,0,0,0,2,1,0,10.0,5.0,15.0,20.0,2,133,57.660064697265625,1.8220449385786415,,crash_vehicle
826,replay,0,replay,,,0,0,0,2,1,0,10.0,5.0,15.0,20.0,2,389,174.29229736328125,3.12760116806814,,out_of_road
827,fresh,0,fresh,,,0,1,0,18,0,0,5.0,10.0,15.0,35.0,2,66,17.080602645874023,0.28067882855733234,,crash_vehicle
828,mutation,0,mutation,has_cluster,,1,1,0,1,0,0,20.0,20.0,5.0,20.0,1,123,3.886686325073242,0.24289810893739142,,out_of_road
829,fresh,0,fresh,,,0,0,0,2,0,0,10.0,10.0,15.0,35.0,2,71,0.44603776931762695,0.0,,out_of_road
830,replay,0,replay,,,0,0,0,2,0,0,10.0,10.0,15.0,35.0,2,237,138.0667724609375,4.173422670722762,,crash_vehicle
831,fresh,0,fresh,,,0,1,1,12,0,1,20.0,10.0,15.0,55.0,2,217,94.98816680908203,3.4444452444529206,,arrive_dest
832,replay,0,replay,,,0,1,1,12,0,1,20.0,10.0,15.0,55.0,2,56,4.702498435974121,0.6673634637679372,,out_of_road
833,fresh,0,fresh,,,0,0,0,8,1,0,20.0,5.0,10.0,55.0,0,52,-0.03478050231933594,0.0025307457320965254,,crash_vehicle
834,crossover,0,crossover,,distractor_cars|intersection_cars|maximum_distractor_speed|cluster_dist,3,1,1,4,0,1,20.0,10.0,10.0,55.0,0,110,10.671502113342285,0.6158051152120937,,crash_vehicle
835,fresh,0,fresh,,,0,1,0,0,0,0,15.0,5.0,10.0,35.0,0,154,51.906349182128906,1.4910767300465664,,out_of_road
836,replay,0,replay,,,0,1,0,0,0,0,15.0,5.0,10.0,35.0,0,130,46.55885314941406,1.987922200331321,,out_of_road
837,fresh,0,fresh,,,0,0,0,5,0,1,15.0,40.0,10.0,35.0,3,126,29.092700958251953,0.009795431106809586,,crash_vehicle
838,crossover,0,crossover,,distractor_cars|has_brake_checker|brake_dist,3,1,0,2,1,0,15.0,40.0,5.0,55.0,1,67,12.69991683959961,0.34833093899399487,,crash_vehicle
839,fresh,0,fresh,,,0,0,0,4,1,0,20.0,5.0,5.0,55.0,0,335,149.5928192138672,4.056044132940805,,out_of_road
840,replay,0,replay,,,0,0,0,4,1,0,20.0,5.0,5.0,55.0,0,169,78.5567398071289,2.2344611253611433,,crash_vehicle
841,fresh,0,fresh,,,0,0,0,18,0,0,10.0,5.0,15.0,10.0,2,216,66.95343017578125,2.193736749942656,,crash_vehicle
842,crossover,0,crossover,,select_lane|ego_on_intersection|intersection_has_cars|distractor_cars|has_brake_checker|intersection_cars|has_cluster|cluster_dist|brake_dist,5,0,0,18,1,0,10.0,20.0,10.0,55.0,2,164,68.72138977050781,2.039952631131178,,out_of_road
843,fresh,0,fresh,,,0,1,1,1,1,1,5.0,40.0,5.0,55.0,1,293,143.44154357910156,2.943852103585473,,out_of_road
844,replay,0,replay,,,0,1,1,1,1,1,5.0,40.0,5.0,55.0,1,221,102.57427978515625,2.5717421699972713,,out_of_road
845,fresh,0,fresh,,,0,0,0,4,1,0,5.0,40.0,10.0,55.0,3,64,13.696464538574219,0.3350474564358592,,crash_vehicle
846,replay,0,replay,,,0,0,0,4,1,0,5.0,40.0,10.0,55.0,3,418,192.51173400878906,3.7786248321310754,,out_of_road
847,fresh,0,fresh,,,0,0,0,2,0,0,15.0,40.0,10.0,35.0,1,358,197.58155822753906,4.071120656568911,,out_of_road
848,mutation,0,mutation,intersection_cars,,1,0,0,2,1,0,10.0,40.0,5.0,55.0,1,206,94.5296630859375,2.186627334182702,,crash_vehicle
849,fresh,0,fresh,,,0,0,0,0,0,0,10.0,10.0,5.0,55.0,0,322,210.17604064941406,5.484144612313798,,out_of_road
850,crossover,0,crossover,,distractor_cars|has_brake_checker|maximum_distractor_speed|distance_to_nearest|cluster_dist,1,0,0,18,0,0,15.0,5.0,10.0,35.0,0,55,9.264078140258789,1.382354231856086,,crash_vehicle
851,fresh,0,fresh,,,0,0,0,3,1,0,10.0,40.0,5.0,55.0,0,414,183.8936767578125,3.396336982611585,,out_of_road
852,mutation,0,mutation,distance_to_nearest,,0,0,0,2,1,0,5.0,20.0,15.0,35.0,1,77,14.684879302978516,0.2570485697164164,,crash_vehicle
853,fresh,0,fresh,,,0,0,0,1,0,0,15.0,40.0,10.0,55.0,0,108,40.22023391723633,0.6654166416437538,,crash_vehicle
854,mutation,0,mutation,brake_dist,,1,0,0,0,0,0,5.0,5.0,5.0,10.0,0,471,127.99310302734375,1.3251281630192466,,out_of_road
855,fresh,0,fresh,,,0,0,0,5,1,1,15.0,20.0,15.0,35.0,2,191,40.00222396850586,0.7403676464607578,,crash_vehicle
856,mutation,0,mutation,distractor_cars,,1,0,0,3,1,1,10.0,5.0,10.0,20.0,3,172,51.24423599243164,0.930295889547398,,out_of_road
857,fresh,0,fresh,,,0,1,1,4,1,1,15.0,10.0,10.0,20.0,0,105,17.365459442138672,1.0168889379217512,,crash_vehicle
858,mutation,0,mutation,cluster_dist,,1,1,0,0,0,0,20.0,40.0,15.0,10.0,0,428,108.6615219116211,1.2614701614131993,,out_of_road
859,fresh,0,fresh,,,0,0,0,12,0,0,10.0,5.0,10.0,20.0,0,45,-5.950839996337891,0.999697036213345,,out_of_road
860,crossover,0,crossover,,distractor_cars|maximum_distractor_speed|distance_to_nearest|cluster_dist|brake_dist,4,1,1,4,1,1,10.0,20.0,5.0,35.0,1,68,16.44127655029297,0.43517120456432595,,crash_vehicle
861,fresh,0,fresh,,,0,1,0,1,0,0,5.0,20.0,5.0,20.0,0,86,17.092395782470703,0.339615183514218,,crash_vehicle
862,mutation,0,mutation,maximum_distractor_speed,,1,0,0,4,0,0,5.0,10.0,10.0,10.0,0,98,1.0338969230651855,0.09273207750247449,,out_of_road
863,fresh,0,fresh,,,0,1,1,1,1,1,15.0,10.0,10.0,35.0,1,46,-0.3201160430908203,0.24584164826766305,,out_of_road
864,mutation,0,mutation,maximum_distractor_speed,,1,0,0,0,0,0,10.0,10.0,15.0,10.0,0,400,134.59693908691406,1.3907444773614406,,out_of_road
865,fresh,0,fresh,,,0,1,1,2,1,1,10.0,40.0,15.0,55.0,0,965,287.20062255859375,1.6232209214853808,,out_of_road
866,replay,0,replay,,,0,1,1,2,1,1,10.0,40.0,15.0,55.0,0,239,32.493221282958984,1.052684596330551,,out_of_road
867,fresh,0,fresh,,,0,1,0,0,0,0,15.0,20.0,10.0,10.0,0,157,31.22684097290039,0.21284963902394483,,out_of_road
868,replay,0,replay,,,0,1,0,0,0,0,15.0,20.0,10.0,10.0,0,413,115.72431182861328,1.1106633572832436,,arrive_dest
869,fresh,0,fresh,,,0,1,0,8,1,1,5.0,5.0,10.0,55.0,0,39,3.056764602661133,0.0,,crash_vehicle
870,crossover,0,crossover,,select_lane|ego_on_intersection|intersection_has_cars|has_brake_checker|intersection_cars|has_cluster|maximum_distractor_speed|brake_dist,3,0,0,0,0,0,20.0,10.0,5.0,20.0,0,600,234.29627990722656,2.652599320448935,,out_of_road
871,fresh,0,fresh,,,0,1,0,12,0,1,10.0,20.0,15.0,10.0,1,74,17.720247268676758,0.32822979302019684,,crash_vehicle
872,crossover,0,crossover,,distractor_cars|intersection_cars,2,0,0,12,0,1,10.0,10.0,15.0,35.0,1,593,160.7344970703125,1.3798151338507514,,out_of_road
873,fresh,0,fresh,,,0,1,0,8,0,0,10.0,10.0,10.0,35.0,2,171,35.583744049072266,1.0934813363335982,,out_of_road
874,crossover,0,crossover,,has_brake_checker|distance_to_nearest|cluster_dist|brake_dist,2,0,0,3,1,1,15.0,5.0,10.0,35.0,2,211,84.98169708251953,3.6521550629870587,,crash_vehicle
875,fresh,0,fresh,,,0,1,1,3,0,0,5.0,10.0,10.0,20.0,1,123,39.47878646850586,1.5743540873130162,,crash_vehicle
876,crossover,0,crossover,,has_cluster|cluster_dist|brake_dist,1,0,0,2,1,0,15.0,5.0,15.0,55.0,2,380,136.62335205078125,1.6879078837209627,,crash_vehicle
877,fresh,0,fresh,,,0,0,0,5,1,1,5.0,40.0,10.0,55.0,2,125,36.794193267822266,0.2954841715097427,,crash_vehicle
878,mutation,0,mutation,intersection_cars,,0,0,0,0,0,0,10.0,5.0,5.0,35.0,0,195,46.950748443603516,1.5142876234383156,,out_of_road
879,fresh,0,fresh,,,0,1,0,8,0,0,20.0,40.0,15.0,20.0,2,13,11.04056453704834,0.0,,arrive_dest
880,replay,0,replay,,,0,1,0,8,0,0,20.0,40.0,15.0,20.0,2,36,1.7736434936523438,0.01896780336068736,,crash_vehicle
881,fresh,0,fresh,,,0,1,0,4,1,1,10.0,10.0,15.0,35.0,0,82,22.54479217529297,1.2710951105123613,,crash_vehicle
882,replay,0,replay,,,0,1,0,4,1,1,10.0,10.0,15.0,35.0,0,58,4.665363311767578,0.2858075725621191,,out_of_road
883,fresh,0,fresh,,,0,1,0,8,0,0,15.0,10.0,10.0,20.0,3,246,111.564208984375,4.079454126154504,,out_of_road
884,crossover,0,crossover,,select_lane|ego_on_intersection|intersection_has_cars|distractor_cars|maximum_distractor_speed|distance_to_nearest,4,0,0,2,0,1,10.0,5.0,10.0,55.0,1,39,1.7980966567993164,0.014361415918056782,,crash_vehicle
885,fresh,0,fresh,,,0,1,1,3,0,1,10.0,5.0,5.0,55.0,3,32,-2.525909185409546,0.2450384795665741,,out_of_road
886,replay,0,replay,,,0,1,1,3,0,1,10.0,5.0,5.0,55.0,3,358,164.1919403076172,2.838484822455065,,out_of_road
887,fresh,0,fresh,,,0,0,0,3,0,1,15.0,20.0,15.0,35.0,2,325,116.74911499023438,2.3643837704108313,,out_of_road
888,mutation,0,mutation,distance_to_nearest,,1,1,1,0,1,0,10.0,20.0,15.0,20.0,0,97,30.467361450195312,0.4962496567786354,,out_of_road
889,fresh,0,fresh,,,0,0,0,0,0,0,15.0,5.0,5.0,55.0,0,133,39.09646224975586,0.36289014622457044,,out_of_road
890,mutation,0,mutation,maximum_distractor_speed,,1,1,1,12,1,0,5.0,10.0,5.0,20.0,0,77,21.758586883544922,2.161789380497747,,crash_vehicle
891,fresh,0,fresh,,,0,0,0,0,1,0,10.0,5.0,5.0,55.0,0,42,-0.13294458389282227,0.40518392835344585,,out_of_road
892,replay,0,replay,,,0,0,0,0,1,0,10.0,5.0,5.0,55.0,0,36,3.432969093322754,0.008915062579843733,,crash_vehicle
893,fresh,0,fresh,,,0,0,0,5,1,0,15.0,20.0,10.0,35.0,2,74,3.657052993774414,0.27598307452894544,,out_of_road
894,crossover,0,crossover,,has_brake_checker,1,0,0,0,1,0,10.0,5.0,5.0,20.0,0,542,205.5614776611328,2.82202189698183,,out_of_road
895,fresh,0,fresh,,,0,1,0,3,0,0,20.0,10.0,15.0,35.0,2,70,15.58953857421875,0.30061254213963234,,crash_vehicle
896,crossover,0,crossover,,select_lane|ego_on_intersection|intersection_has_cars|has_brake_checker|has_cluster|maximum_distractor_speed|distance_to_nearest|brake_dist,6,1,1,0,1,0,15.0,20.0,15.0,35.0,0,209,50.70684051513672,0.9092629302346535,,out_of_road
897,fresh,0,fresh,,,0,1,0,0,0,0,5.0,40.0,5.0,20.0,0,219,43.61648178100586,0.541609824486247,,out_of_road
898,crossover,0,crossover,,has_brake_checker|maximum_distractor_speed|distance_to_nearest|brake_dist,3,1,0,0,0,0,10.0,20.0,5.0,35.0,0,507,160.24868774414062,1.6202576205692818,,out_of_road
899,fresh,0,fresh,,,0,0,0,2,0,1,5.0,5.0,15.0,55.0,2,28,-4.358758926391602,0.08464751924787249,,out_of_road
900,crossover,0,crossover,,select_lane|ego_on_intersection|intersection_has_cars|maximum_distractor_speed|distance_to_nearest|brake_dist,4,0,0,8,0,0,5.0,40.0,15.0,55.0,2,108,32.31560516357422,0.29446673958941744,,crash_vehicle
901,fresh,0,fresh,,,0,1,0,12,0,1,5.0,10.0,5.0,35.0,3,45,5.226445198059082,0.24327500661214194,,crash_vehicle
902,mutation,0,mutation,cluster_dist,,0,0,0,0,0,0,10.0,20.0,10.0,35.0,0,388,159.56820678710938,1.8886299995302231,,out_of_road
903,fresh,0,fresh,,,0,0,0,18,1,0,10.0,5.0,10.0,20.0,0,52,2.8137502670288086,0.21781715808006433,,crash_vehicle
904,crossover,0,crossover,,select_lane|ego_on_intersection|intersection_has_cars|has_brake_checker|intersection_cars|brake_dist,4,1,0,0,1,0,20.0,40.0,10.0,55.0,0,120,28.134475708007812,0.2426447495818138,,out_of_road
905,fresh,0,fresh,,,0,0,0,4,0,1,20.0,20.0,5.0,35.0,0,89,15.716371536254883,0.06699343477742056,,crash_vehicle
906,mutation,0,mutation,intersection_cars,,0,1,1,0,1,0,20.0,40.0,5.0,55.0,0,86,0.25174522399902344,0.11639848663363346,,out_of_road
907,fresh,0,fresh,,,0,0,0,0,0,0,20.0,40.0,10.0,55.0,0,2,10.0,0.0,,arrive_dest
908,mutation,0,mutation,has_brake_checker,,0,0,0,18,0,0,10.0,5.0,15.0,10.0,3,51,6.1461334228515625,0.6458781022651523,,crash_vehicle
909,fresh,0,fresh,,,0,0,0,2,0,1,15.0,5.0,10.0,55.0,2,163,42.14348220825195,1.2561904932457977,,out_of_road
910,crossover,0,crossover,,distractor_cars|has_brake_checker|intersection_cars|has_cluster|maximum_distractor_speed|cluster_dist|brake_dist,6,0,0,4,0,1,20.0,10.0,15.0,35.0,2,43,1.8783550262451172,0.8196699439093124,,out_of_road
911,fresh,0,fresh,,,0,0,0,1,1,1,5.0,10.0,15.0,55.0,1,98,24.755529403686523,0.1552441606716234,,out_of_road
912,replay,0,replay,,,0,0,0,1,1,1,5.0,10.0,15.0,55.0,1,186,69.94677734375,1.2214265172519991,,out_of_road
913,fresh,0,fresh,,,0,0,0,1,1,0,10.0,20.0,15.0,35.0,1,102,1.3758974075317383,0.09684880311582603,,out_of_road
914,crossover,0,crossover,,distractor_cars|intersection_cars|maximum_distractor_speed,3,0,0,12,0,1,10.0,20.0,10.0,55.0,1,62,15.030080795288086,0.20319624870054184,,crash_vehicle
915,fresh,0,fresh,,,0,0,0,0,1,0,15.0,5.0,15.0,35.0,0,236,98.77059173583984,2.671863032725908,,crash_vehicle
916,mutation,0,mutation,distance_to_nearest,,0,0,0,18,1,0,15.0,40.0,10.0,55.0,2,145,63.266632080078125,1.7854193103724512,,out_of_road
917,fresh,0,fresh,,,0,1,0,3,0,1,20.0,5.0,5.0,55.0,2,28,-0.30126237869262695,0.10107594728469849,,crash_vehicle
918,crossover,0,crossover,,intersection_cars|has_cluster|maximum_distractor_speed|distance_to_nearest|cluster_dist,2,0,0,2,1,0,10.0,10.0,15.0,55.0,0,416,164.2129669189453,2.775730586100298,,crash_vehicle
919,fresh,0,fresh,,,0,1,1,18,1,0,15.0,40.0,15.0,55.0,0,107,16.56814193725586,0.9821645698257696,,out_of_road
920,mutation,0,mutation,cluster_dist,,1,0,0,5,0,0,20.0,10.0,15.0,20.0,3,22,-3.8156418800354004,0.0,,out_of_road
921,fresh,0,fresh,,,0,0,0,1,1,1,5.0,10.0,10.0,35.0,1,245,76.787841796875,1.7731568023258326,,out_of_road
922,replay,0,replay,,,0,0,0,1,1,1,5.0,10.0,10.0,35.0,1,313,188.21441650390625,5.59150706136379,,out_of_road
923,fresh,0,fresh,,,0,1,1,4,0,1,15.0,10.0,15.0,55.0,0,581,297.05615234375,4.686379154326583,,out_of_road
924,mutation,0,mutation,intersection_cars,,0,0,0,2,1,0,15.0,5.0,15.0,20.0,2,80,24.025545120239258,0.597813131287694,,arrive_dest
925,fresh,0,fresh,,,0,0,0,1,1,0,10.0,20.0,5.0,35.0,1,200,33.733028411865234,0.1960759201645851,,out_of_road
926,replay,0,replay,,,0,0,0,1,1,0,10.0,20.0,5.0,35.0,1,137,24.591461181640625,0.14010029813669023,,crash_vehicle
927,fresh,0,fresh,,,0,0,0,4,0,1,5.0,40.0,10.0,20.0,1,98,33.51803207397461,0.3367303159772133,,crash_vehicle
928,crossover,0,crossover,,select_lane|ego_on_intersection|intersection_has_cars|distractor_cars|has_brake_checker|maximum_distractor_speed|brake_dist,5,0,0,18,1,0,15.0,5.0,5.0,55.0,0,45,3.097637176513672,0.3944346487522125,,crash_vehicle
929,fresh,0,fresh,,,0,0,0,0,1,0,20.0,10.0,15.0,20.0,0,138,65.31793212890625,2.173437732123378,,arrive_dest
930,crossover,0,crossover,,select_lane|ego_on_intersection|intersection_has_cars|has_brake_checker|intersection_cars|has_cluster|maximum_distractor_speed|distance_to_nearest|cluster_dist|brake_dist,6,0,0,0,0,0,5.0,10.0,10.0,55.0,0,343,179.48887634277344,3.7894251472574627,,out_of_road
931,fresh,0,fresh,,,0,1,0,0,1,0,15.0,40.0,15.0,20.0,0,136,64.75128173828125,2.3528163850526598,,crash_vehicle
932,replay,0,replay,,,0,1,0,0,1,0,15.0,40.0,15.0,20.0,0,209,89.42035675048828,1.5088049636075371,,out_of_road
933,fresh,0,fresh,,,0,1,1,8,0,1,10.0,40.0,10.0,10.0,1,376,196.6300048828125,4.521240054926974,,out_of_road
934,mutation,0,mutation,has_cluster,,0,1,1,3,0,0,20.0,5.0,10.0,20.0,0,257,63.94386291503906,2.429954734989641,,out_of_road
935,fresh,0,fresh,,,0,0,0,8,0,1,15.0,40.0,15.0,10.0,3,120,30.931564331054688,1.052518564586838,,crash_vehicle
936,mutation,0,mutation,has_brake_checker,,0,1,0,0,0,0,20.0,40.0,5.0,10.0,0,2,10.0,5.268980503082275,,arrive_dest
937,fresh,0,fresh,,,0,0,0,2,1,0,10.0,40.0,10.0,55.0,2,142,68.536376953125,2.026610260068531,,out_of_road
938,mutation,0,mutation,has_cluster,,0,1,0,0,1,0,10.0,20.0,10.0,35.0,0,244,118.27146911621094,2.630298407901017,,crash_vehicle
939,fresh,0,fresh,,,0,0,0,2,1,0,5.0,40.0,15.0,55.0,0,89,2.259881019592285,0.6104177397288634,,out_of_road
940,mutation,0,mutation,cluster_dist,,1,0,0,0,0,0,10.0,10.0,10.0,55.0,0,327,245.2472686767578,7.08696780483657,,arrive_dest
941,fresh,0,fresh,,,0,0,0,2,1,0,15.0,5.0,15.0,20.0,2,118,36.8187255859375,1.0358996118529369,,out_of_road
942,mutation,0,mutation,has_cluster,,1,0,0,5,1,0,15.0,5.0,10.0,20.0,2,350,129.06381225585938,4.5425566164084845,,out_of_road
943,fresh,0,fresh,,,0,1,0,0,0,0,10.0,40.0,15.0,55.0,0,64,1.2155113220214844,0.33758788742125034,,out_of_road
944,crossover,0,crossover,,has_brake_checker|maximum_distractor_speed|brake_dist,2,0,0,4,1,1,20.0,20.0,15.0,55.0,2,2,10.0,0.0,,arrive_dest
945,fresh,0,fresh,,,0,0,0,18,1,0,5.0,20.0,15.0,55.0,1,293,9.72404956817627,0.04668208575289404,,out_of_road
946,crossover,0,crossover,,distractor_cars|intersection_cars|brake_dist,3,1,1,2,0,1,15.0,10.0,15.0,35.0,2,269,6.215191841125488,0.2141703797649717,,out_of_road
947,fresh,0,fresh,,,0,0,0,4,0,1,15.0,5.0,15.0,20.0,0,158,4.3511552810668945,0.6275989190687107,,out_of_road
948,crossover,0,crossover,,select_lane|ego_on_intersection|intersection_has_cars|distractor_cars|has_cluster|maximum_distractor_speed|distance_to_nearest|cluster_dist|brake_dist,5,1,0,0,1,0,20.0,40.0,5.0,10.0,0,239,11.370227813720703,0.17989059637405883,,out_of_road
949,fresh,0,fresh,,,0,0,0,4,0,1,5.0,5.0,10.0,35.0,2,65,-0.6141819953918457,0.0,,crash_vehicle
950,crossover,0,crossover,,has_cluster|distance_to_nearest|cluster_dist|brake_dist,4,1,1,2,1,1,20.0,10.0,10.0,20.0,1,178,55.389373779296875,3.209799078408252,,out_of_road
951,fresh,0,fresh,,,0,1,1,4,1,1,20.0,20.0,10.0,55.0,0,219,9.127498626708984,0.029233179748330486,,out_of_road
952,mutation,0,mutation,select_road|select_lane|ego_on_intersection|intersection_has_cars,,2,1,0,5,0,0,20.0,5.0,10.0,35.0,1,193,1.917872428894043,0.6325251942625936,,out_of_road
953,fresh,0,fresh,,,0,1,0,4,1,1,20.0,5.0,10.0,55.0,3,194,38.78362274169922,3.0425327775097384,,out_of_road
954,crossover,0,crossover,,select_lane|ego_on_intersection|intersection_has_cars|distractor_cars|has_brake_checker|intersection_cars|maximum_distractor_speed|distance_to_nearest|brake_dist,8,1,1,1,1,0,5.0,40.0,5.0,55.0,1,154,0.40206050872802734,0.1712464082550693,,out_of_road
955,fresh,0,fresh,,,0,1,0,0,1,0,20.0,5.0,10.0,35.0,0,167,36.12034606933594,0.06362577969442584,,out_of_road
956,mutation,0,mutation,intersection_cars,,1,1,0,8,0,0,15.0,40.0,5.0,10.0,3,147,-0.7445902824401855,0.610837136604348,,out_of_road
957,fresh,0,fresh,,,0,0,0,18,1,0,15.0,10.0,10.0,35.0,3,185,34.90690612792969,2.4050254483480713,,out_of_road
958,mutation,0,mutation,maximum_distractor_speed,,1,0,0,18,0,0,10.0,40.0,10.0,10.0,0,135,-1.8746099472045898,0.0,,out_of_road
959,fresh,0,fresh,,,0,1,0,5,0,0,10.0,20.0,15.0,10.0,2,43,-0.42818784713745117,0.004489204218221265,,out_of_road
960,crossover,0,crossover,,distractor_cars|has_brake_checker|intersection_cars|distance_to_nearest|cluster_dist|brake_dist,6,0,0,2,1,0,10.0,40.0,5.0,55.0,1,79,4.244346618652344,0.4025812607400025,,out_of_road
961,fresh,0,fresh,,,0,0,0,5,0,0,10.0,10.0,10.0,10.0,3,157,0.15465354919433594,0.14385054644885337,,out_of_road
962,crossover,0,crossover,,select_lane|ego_on_intersection|intersection_has_cars|maximum_distractor_speed|distance_to_nearest|cluster_dist,3,1,1,12,1,0,20.0,5.0,10.0,20.0,0,166,-2.0413529872894287,0.11433107883905072,,crash_vehicle
963,fresh,0,fresh,,,0,0,0,1,0,0,5.0,10.0,10.0,10.0,1,302,32.337459564208984,0.12728230901901297,,out_of_road
964,replay,0,replay,,,0,0,0,1,0,0,5.0,10.0,10.0,10.0,1,67,8.000422477722168,0.4797606610540134,,out_of_road
965,fresh,0,fresh,,,0,1,0,4,0,0,10.0,5.0,10.0,35.0,3,231,-0.48689937591552734,0.1541789450009406,,crash_vehicle
966,crossover,0,crossover,,select_lane|ego_on_intersection|intersection_has_cars|has_cluster|distance_to_nearest|cluster_dist|brake_dist,3,0,0,3,1,0,20.0,40.0,10.0,55.0,3,51,-1.9822239875793457,0.3214722427667356,,out_of_road
967,fresh,0,fresh,,,0,1,0,5,0,1,20.0,40.0,15.0,10.0,3,148,-1.084810733795166,0.12633482656265432,,out_of_road
968,crossover,0,crossover,,distractor_cars|has_brake_checker|intersection_cars|has_cluster|maximum_distractor_speed|brake_dist,4,0,0,2,0,1,5.0,5.0,10.0,55.0,1,545,-0.22411251068115234,0.053208638336338585,,crash_vehicle
969,fresh,0,fresh,,,0,1,1,1,1,0,20.0,5.0,10.0,55.0,1,83,4.245112419128418,0.3024233852524355,,out_of_road
970,mutation,0,mutation,has_brake_checker,,0,1,0,0,0,0,20.0,40.0,5.0,10.0,0,207,-1.4648942947387695,0.0,,out_of_road
971,fresh,0,fresh,,,0,0,0,1,1,1,15.0,40.0,5.0,55.0,1,160,-1.5505359172821045,0.16034300923347472,,out_of_road
972,crossover,0,crossover,,select_lane|ego_on_intersection|intersection_has_cars|distractor_cars|has_brake_checker|intersection_cars|has_cluster|maximum_distractor_speed,5,0,0,5,0,0,20.0,5.0,10.0,35.0,1,642,-0.6937155723571777,0.20008158229285636,,crash_vehicle
973,fresh,0,fresh,,,0,1,1,8,1,1,15.0,20.0,15.0,35.0,3,169,19.629383087158203,0.9006749451513121,,crash_vehicle
974,replay,0,replay,,,0,1,1,8,1,1,15.0,20.0,15.0,35.0,3,87,3.0695886611938477,1.774213198957772,,out_of_road
975,fresh,0,fresh,,,0,0,0,1,0,1,15.0,10.0,15.0,55.0,0,94,8.375919342041016,0.7116141503161573,,out_of_road
976,mutation,0,mutation,has_brake_checker,,1,1,0,8,1,0,5.0,10.0,15.0,35.0,2,75,6.871960639953613,0.031695227026939395,,crash_vehicle
977,fresh,0,fresh,,,0,0,0,5,0,1,15.0,40.0,15.0,55.0,3,46,-2.4075427055358887,0.3201813075853431,,out_of_road
978,replay,0,replay,,,0,0,0,5,0,1,15.0,40.0,15.0,55.0,3,74,-1.4019708633422852,0.0,,out_of_road
979,fresh,0,fresh,,,0,0,0,0,1,0,20.0,5.0,10.0,35.0,0,38,1.1470727920532227,0.0,,out_of_road
980,mutation,0,mutation,distractor_cars,,2,0,0,0,0,0,15.0,10.0,5.0,35.0,0,116,0.39317846298217773,0.01180963706353615,,out_of_road
981,fresh,0,fresh,,,0,0,0,5,0,0,10.0,20.0,5.0,35.0,3,120,-0.2101297378540039,0.14239522020022075,,out_of_road
982,mutation,0,mutation,distractor_cars,,1,0,0,8,0,0,10.0,10.0,10.0,35.0,0,71,-1.1829097270965576,0.0,,out_of_road
983,fresh,0,fresh,,,0,1,0,1,1,0,10.0,20.0,10.0,55.0,1,66,5.591778755187988,0.00597484184033943,,out_of_road
984,replay,0,replay,,,0,1,0,1,1,0,10.0,20.0,10.0,55.0,1,112,4.438676834106445,0.8343376112835748,,out_of_road
985,fresh,0,fresh,,,0,1,0,2,1,0,10.0,40.0,10.0,55.0,2,60,2.7150697708129883,0.15329652627309162,,out_of_road
986,mutation,0,mutation,has_brake_checker,,1,0,0,3,1,1,10.0,10.0,15.0,35.0,0,95,-1.1049304008483887,0.9418253453154313,,out_of_road
987,fresh,0,fresh,,,0,1,0,2,0,1,15.0,20.0,10.0,20.0,2,72,2.443697452545166,0.25890698035558063,,out_of_road
988,replay,0,replay,,,0,1,0,2,0,1,15.0,20.0,10.0,20.0,2,65,-2.156471014022827,0.004713579324575571,,out_of_road
989,fresh,0,fresh,,,0,1,0,18,0,1,5.0,40.0,5.0,35.0,3,113,14.472030639648438,0.2261470777798543,,out_of_road
990,mutation,0,mutation,select_road|select_lane|ego_on_intersection|intersection_has_cars,,2,0,0,0,0,0,20.0,40.0,5.0,10.0,0,34,-1.4458863735198975,0.0,,out_of_road
991,fresh,0,fresh,,,0,1,0,0,0,0,20.0,40.0,10.0,35.0,0,36,-0.6205363273620605,0.288300355275472,,out_of_road
992,mutation,0,mutation,distractor_cars,,1,1,0,8,1,0,10.0,20.0,10.0,35.0,0,123,-1.0775494575500488,0.4368502938650488,,out_of_road
993,fresh,0,fresh,,,0,1,0,3,0,0,20.0,40.0,15.0,10.0,0,75,6.811525344848633,0.10629875818888346,,out_of_road
994,crossover,0,crossover,,select_lane|ego_on_intersection|intersection_has_cars|maximum_distractor_speed|distance_to_nearest,4,1,1,5,0,0,20.0,20.0,10.0,20.0,3,84,10.354215621948242,0.0,,out_of_road
995,fresh,0,fresh,,,0,1,1,4,0,1,20.0,10.0,5.0,20.0,0,57,5.126300811767578,0.05855069244117068,,crash_vehicle
996,crossover,0,crossover,,distractor_cars|intersection_cars|maximum_distractor_speed|distance_to_nearest,4,1,1,3,1,0,20.0,5.0,10.0,35.0,0,119,16.10541534423828,2.09453955868713,,out_of_road
997,fresh,0,fresh,,,0,0,0,0,0,0,10.0,5.0,5.0,20.0,0,83,6.181156158447266,0.4578773127980979,rejection_fallback,out_of_road
998,mutation,0,mutation,has_brake_checker,,0,1,1,2,1,0,20.0,40.0,5.0,55.0,1,46,0.23832178115844727,0.0,,out_of_road
999,fresh,0,fresh,,,0,1,0,12,0,0,5.0,20.0,5.0,20.0,3,83,13.876020431518555,0.0,,crash_vehicle
1000,mutation,0,mutation,has_cluster,,1,1,0,5,1,1,20.0,20.0,5.0,55.0,3,87,-1.1179389953613281,0.17944685592391024,,out_of_road
1001,fresh,0,fresh,,,0,1,0,8,1,1,15.0,20.0,5.0,35.0,0,120,10.564682006835938,0.10175412694613138,,crash_vehicle
1002,replay,0,replay,,,0,1,0,8,1,1,15.0,20.0,5.0,35.0,0,88,-0.2011117935180664,0.15988022834062576,,out_of_road
1003,fresh,0,fresh,,,0,0,0,18,1,1,15.0,20.0,15.0,55.0,3,73,5.585014343261719,0.3942755346428858,,out_of_road
1004,mutation,0,mutation,has_brake_checker,,0,1,1,12,0,1,20.0,10.0,15.0,55.0,2,185,34.03452682495117,1.468290836424441,,out_of_road
1005,fresh,0,fresh,,,0,0,0,8,0,1,20.0,10.0,10.0,35.0,1,47,4.3690290451049805,0.022775751479128574,,crash_vehicle
1006,replay,0,replay,,,0,0,0,8,0,1,20.0,10.0,10.0,35.0,1,124,15.181888580322266,0.2839259389908083,,out_of_road
1007,fresh,0,fresh,,,0,0,0,4,0,1,10.0,20.0,10.0,20.0,1,202,-0.0961599349975586,0.0,,out_of_road
1008,mutation,0,mutation,maximum_distractor_speed,,1,1,0,0,1,0,5.0,10.0,10.0,55.0,0,76,-1.46360182762146,0.08984341276319403,,out_of_road
1009,fresh,0,fresh,,,0,0,0,1,0,1,20.0,20.0,5.0,55.0,1,39,-0.6237802505493164,0.06362291482778695,,out_of_road
1010,crossover,0,crossover,,has_brake_checker|maximum_distractor_speed,1,1,1,12,1,0,15.0,20.0,15.0,35.0,1,244,54.285003662109375,0.6192474542949044,,out_of_road
1011,fresh,0,fresh,,,0,0,0,5,0,1,5.0,10.0,10.0,35.0,0,49,3.7436370849609375,0.0,,crash_vehicle
1012,mutation,0,mutation,distractor_cars,,1,0,0,3,0,0,10.0,5.0,5.0,35.0,0,81,4.2435455322265625,0.1292428169629456,,crash_vehicle
1013,fresh,0,fresh,,,0,1,1,8,1,1,15.0,20.0,10.0,35.0,2,123,11.604486465454102,0.17022495734982374,,crash_vehicle
1014,crossover,0,crossover,,select_lane|ego_on_intersection|intersection_has_cars|distractor_cars|has_brake_checker|intersection_cars|has_cluster|maximum_distractor_speed|cluster_dist,5,1,1,2,0,0,10.0,10.0,5.0,20.0,1,287,4.916159629821777,0.06952976136880469,,crash_vehicle
1015,fresh,0,fresh,,,0,0,0,2,1,1,15.0,20.0,15.0,55.0,2,79,-3.6446352005004883,0.09746241267723373,,out_of_road
1016,mutation,0,mutation,distractor_cars,,1,1,0,1,0,0,20.0,40.0,5.0,10.0,0,66,5.278450012207031,0.2806112983010032,,out_of_road
1017,fresh,0,fresh,,,0,1,0,3,1,0,15.0,5.0,15.0,20.0,3,92,15.499044418334961,0.377669383974179,,out_of_road
1018,crossover,0,crossover,,select_lane|ego_on_intersection|intersection_has_cars|intersection_cars|has_cluster|cluster_dist,5,0,0,2,1,0,15.0,40.0,5.0,55.0,0,52,3.0579757690429688,0.0,,out_of_road
1019,fresh,0,fresh,,,0,0,0,1,1,1,5.0,10.0,5.0,20.0,1,34,-1.3466665744781494,0.0,,out_of_road
1020,mutation,0,mutation,select_road|select_lane|ego_on_intersection|intersection_has_cars,,2,0,0,1,0,0,10.0,5.0,15.0,35.0,1,54,3.169478416442871,0.021968002672548646,,out_of_road
1021,fresh,0,fresh,,,0,1,1,1,0,1,15.0,10.0,10.0,10.0,1,325,28.01879119873047,0.3631818164082674,,out_of_road
1022,replay,0,replay,,,0,1,1,1,0,1,15.0,10.0,10.0,10.0,1,113,7.459540367126465,0.22380297611245012,,out_of_road
1023,fresh,0,fresh,,,0,1,1,2,1,1,20.0,20.0,15.0,35.0,1,455,33.896697998046875,0.08294966656428117,,out_of_road
1024,mutation,0,mutation,select_road|select_lane|ego_on_intersection|intersection_has_cars,,1,0,0,2,1,0,15.0,5.0,15.0,35.0,2,115,20.294898986816406,0.29284440952798596,,out_of_road
1025,fresh,0,fresh,,,0,1,1,12,0,0,15.0,5.0,5.0,35.0,1,38,-0.46489667892456055,0.0,,crash_vehicle
1026,mutation,0,mutation,intersection_cars,,0,0,0,5,0,0,20.0,5.0,10.0,35.0,1,359,33.354408264160156,0.6232749809586238,,out_of_road
1027,fresh,0,fresh,,,0,0,0,5,1,0,20.0,5.0,10.0,20.0,2,468,136.71365356445312,2.8501940072856398,,out_of_road
1028,replay,0,replay,,,0,0,0,5,1,0,20.0,5.0,10.0,20.0,2,146,23.203020095825195,0.13134223549333338,,out_of_road
1029,fresh,0,fresh,,,0,0,0,3,1,1,5.0,40.0,10.0,55.0,3,350,31.63892364501953,0.14415786934750421,,out_of_road
1030,crossover,0,crossover,,select_lane|ego_on_intersection|intersection_has_cars|has_brake_checker|intersection_cars|has_cluster|distance_to_nearest|brake_dist,3,0,0,4,0,0,20.0,20.0,10.0,55.0,0,542,143.77743530273438,1.1065345956510915,,out_of_road
1031,fresh,0,fresh,,,0,1,0,0,0,0,5.0,20.0,5.0,20.0,0,183,-0.8291792869567871,0.04437841939144447,,out_of_road
1032,crossover,0,crossover,,has_brake_checker|maximum_distractor_speed|cluster_dist,0,0,0,1,1,0,15.0,10.0,5.0,55.0,1,211,53.193763732910156,0.7746461681068226,,out_of_road
1033,fresh,0,fresh,,,0,0,0,4,1,0,5.0,5.0,15.0,20.0,3,36,-0.11182785034179688,0.008896152178446451,,crash_vehicle
1034,mutation,0,mutation,distance_to_nearest,,1,0,0,0,0,0,10.0,40.0,5.0,35.0,0,74,-0.9529705047607422,0.17627310121079554,,out_of_road
1035,fresh,0,fresh,,,0,0,0,5,0,1,15.0,20.0,5.0,35.0,0,165,15.335823059082031,1.0763621568679809,,crash_vehicle
1036,replay,0,replay,,,0,0,0,5,0,1,15.0,20.0,5.0,35.0,0,685,148.74331665039062,0.4558685761842414,,out_of_road
1037,fresh,0,fresh,,,0,0,0,2,1,0,10.0,20.0,15.0,55.0,1,105,-0.8201699256896973,0.02205300558181036,,out_of_road
1038,crossover,0,crossover,,select_lane|ego_on_intersection|intersection_has_cars|distractor_cars|has_cluster|maximum_distractor_speed|distance_to_nearest|cluster_dist|brake_dist,6,0,0,2,0,0,15.0,40.0,10.0,35.0,2,363,96.4208755493164,0.9204448977736731,,out_of_road
1039,fresh,0,fresh,,,0,0,0,2,1,1,5.0,10.0,15.0,35.0,2,86,15.200206756591797,0.04141877556956092,,out_of_road
1040,mutation,0,mutation,has_brake_checker,,0,1,0,4,0,0,10.0,20.0,5.0,35.0,0,342,36.50686264038086,0.8248840228855958,,out_of_road
1041,fresh,0,fresh,,,0,0,0,2,1,1,5.0,10.0,5.0,35.0,0,257,0.4884786605834961,0.23857753274505705,,out_of_road
1042,replay,0,replay,,,0,0,0,2,1,1,5.0,10.0,5.0,35.0,0,284,30.654666900634766,0.236208033026524,,out_of_road
1043,fresh,0,fresh,,,0,0,0,0,1,0,5.0,10.0,5.0,20.0,0,205,-0.7478923797607422,0.0,,out_of_road
1044,mutation,0,mutation,brake_dist,,0,1,1,5,1,0,15.0,20.0,10.0,35.0,1,166,28.713211059570312,0.9772871975080076,,out_of_road
1045,fresh,0,fresh,,,0,0,0,12,1,0,15.0,20.0,5.0,35.0,2,126,-0.9324417114257812,0.0019513430103423103,,out_of_road
1046,crossover,0,crossover,,select_lane|ego_on_intersection|intersection_has_cars|has_brake_checker|maximum_distractor_speed|distance_to_nearest|brake_dist,5,1,0,3,0,1,15.0,10.0,10.0,20.0,3,69,5.055707931518555,0.12554423014322916,,out_of_road
1047,fresh,0,fresh,,,0,0,0,1,0,1,20.0,20.0,10.0,55.0,1,95,-3.586452007293701,0.0,,out_of_road
1048,mutation,0,mutation,select_road|select_lane|ego_on_intersection|intersection_has_cars,,3,1,1,3,0,0,20.0,5.0,5.0,20.0,1,100,16.05605125427246,2.913565354347229,,out_of_road
1049,fresh,0,fresh,,,0,1,0,4,1,0,15.0,20.0,5.0,35.0,1,138,26.88718032836914,1.4897889203351478,,out_of_road
1050,replay,0,replay,,,0,1,0,4,1,0,15.0,20.0,5.0,35.0,1,316,83.80682373046875,1.5386735472969617,,out_of_road
1051,fresh,0,fresh,,,0,1,0,3,1,0,5.0,40.0,10.0,55.0,0,290,-0.8233275413513184,0.0,,out_of_road
1052,replay,0,replay,,,0,1,0,3,1,0,5.0,40.0,10.0,55.0,0,145,5.939888000488281,0.10489762404869343,,out_of_road
1053,fresh,0,fresh,,,0,1,0,4,1,1,15.0,5.0,10.0,20.0,1,86,-0.359830379486084,0.0010182005028391992,,crash_vehicle
1054,replay,0,replay,,,0,1,0,4,1,1,15.0,5.0,10.0,20.0,1,97,-0.7969989776611328,0.09374403216175198,,out_of_road
1055,fresh,0,fresh,,,0,0,0,4,0,1,10.0,20.0,15.0,10.0,0,74,-1.3470826148986816,0.029285633080714458,,out_of_road
1056,crossover,0,crossover,,cluster_dist|brake_dist,2,1,1,18,0,0,15.0,10.0,5.0,55.0,0,234,-0.16010761260986328,0.013645195808166113,,out_of_road
1057,fresh,0,fresh,,,0,1,1,8,1,1,20.0,5.0,10.0,20.0,3,46,2.4839463233947754,0.3098760143570278,,crash_vehicle
1058,replay,0,replay,,,0,1,1,8,1,1,20.0,5.0,10.0,20.0,3,290,99.13592529296875,1.9001567268679882,,out_of_road
1059,fresh,0,fresh,,,0,0,0,2,0,1,10.0,5.0,10.0,10.0,2,55,3.9868783950805664,0.09400974837216464,,out_of_road
1060,crossover,0,crossover,,select_lane|ego_on_intersection|intersection_has_cars|has_brake_checker|intersection_cars,2,1,0,0,0,0,10.0,5.0,5.0,35.0,0,224,36.546714782714844,0.4736369991275881,,out_of_road
1061,fresh,0,fresh,,,0,1,0,12,1,1,15.0,5.0,10.0,20.0,2,265,-0.6668705940246582,0.04268804421683527,,crash_vehicle
1062,replay,0,replay,,,0,1,0,12,1,1,15.0,5.0,10.0,20.0,2,277,79.2793960571289,1.2962814979389687,,out_of_road
1063,fresh,0,fresh,,,0,0,0,2,0,1,5.0,40.0,15.0,10.0,2,322,58.32936477661133,0.729233832301005,,out_of_road
1064,crossover,0,crossover,,distractor_cars|has_brake_checker|maximum_distractor_speed|cluster_dist,3,1,1,0,0,0,10.0,5.0,5.0,20.0,0,202,0.46948909759521484,0.0,,out_of_road
1065,fresh,0,fresh,,,0,1,1,2,1,0,15.0,5.0,10.0,20.0,1,102,19.789308547973633,1.9865047947741021,,out_of_road
1066,mutation,0,mutation,cluster_dist,,1,1,0,0,1,0,10.0,20.0,5.0,55.0,0,237,36.002750396728516,0.2540458519373262,,out_of_road
1067,fresh,0,fresh,,,0,0,0,8,0,1,20.0,10.0,10.0,35.0,3,613,0.16188812255859375,0.039402058891964194,,out_of_road
1068,mutation,0,mutation,distance_to_nearest,,1,0,0,0,0,0,5.0,10.0,5.0,55.0,0,105,-1.311863660812378,0.0702380623136248,,out_of_road
1069,fresh,0,fresh,,,0,1,0,5,1,1,15.0,10.0,15.0,20.0,2,51,4.757071495056152,0.000289000716863894,,crash_vehicle
1070,mutation,0,mutation,brake_dist,,1,1,0,1,0,1,20.0,20.0,5.0,10.0,1,190,89.76702117919922,2.901701836523257,,out_of_road
1071,fresh,0,fresh,,,0,0,0,5,1,1,5.0,20.0,10.0,35.0,1,69,15.773109436035156,0.2801391789014789,,crash_vehicle
1072,mutation,0,mutation,maximum_distractor_speed,,1,1,0,3,1,1,5.0,40.0,10.0,55.0,3,495,177.205322265625,1.8063819819478073,,out_of_road
1073,fresh,0,fresh,,,0,1,0,18,1,1,15.0,40.0,15.0,55.0,2,242,95.73274230957031,1.8113597949181706,,out_of_road
1074,crossover,0,crossover,,select_lane|ego_on_intersection|intersection_has_cars|distractor_cars|has_brake_checker|intersection_cars|has_cluster|maximum_distractor_speed|cluster_dist,5,0,0,18,0,0,10.0,5.0,5.0,55.0,3,61,8.974363327026367,0.4324521630025301,,crash_vehicle
1075,fresh,0,fresh,,,0,1,0,8,0,1,5.0,20.0,15.0,55.0,0,100,15.440668106079102,0.187302188873291,,crash_vehicle
1076,mutation,0,mutation,select_road|select_lane|ego_on_intersection|intersection_has_cars,,2,0,0,8,0,1,10.0,40.0,5.0,35.0,0,196,3.297480583190918,0.051110500973478266,,out_of_road
1077,fresh,0,fresh,,,0,0,0,0,1,0,15.0,10.0,15.0,20.0,0,69,10.080775260925293,0.7741061880968619,,out_of_road
1078,mutation,0,mutation,brake_dist,,0,1,1,0,0,0,5.0,20.0,10.0,35.0,0,130,31.022483825683594,0.5136787005915091,,out_of_road
1079,fresh,0,fresh,,,0,0,0,5,0,0,15.0,40.0,15.0,20.0,2,215,101.07096862792969,2.8958865004916525,,crash_vehicle
1080,crossover,0,crossover,,has_brake_checker|intersection_cars|has_cluster|distance_to_nearest|brake_dist,3,0,0,0,1,0,20.0,5.0,5.0,20.0,0,103,0.7143392562866211,0.21827244816474545,,out_of_road
1081,fresh,0,fresh,,,0,0,0,18,1,1,20.0,20.0,15.0,35.0,2,119,-0.48108339309692383,0.04057719151512915,,out_of_road
1082,crossover,0,crossover,,has_brake_checker|intersection_cars|maximum_distractor_speed,3,0,0,5,0,0,15.0,5.0,10.0,20.0,3,149,-0.025211811065673828,0.5887083107193044,,out_of_road
1083,fresh,0,fresh,,,0,0,0,1,1,1,5.0,40.0,5.0,55.0,1,111,17.10209846496582,0.22024512505746102,,crash_vehicle
1084,replay,0,replay,,,0,0,0,1,1,1,5.0,40.0,5.0,55.0,1,334,1.063673973083496,0.15905876071777886,,crash_vehicle
1085,fresh,0,fresh,,,0,0,0,12,0,0,5.0,5.0,5.0,35.0,1,185,-2.196286916732788,0.24396105714746424,,out_of_road
1086,replay,0,replay,,,0,0,0,12,0,0,5.0,5.0,5.0,35.0,1,258,122.29363250732422,3.257534456460975,,crash_vehicle
1087,fresh,0,fresh,,,0,0,0,12,0,0,15.0,20.0,10.0,10.0,0,68,20.948183059692383,0.27938412831110115,,crash_vehicle
1088,crossover,0,crossover,,select_lane|ego_on_intersection|intersection_has_cars|distractor_cars|intersection_cars|has_cluster|maximum_distractor_speed|brake_dist,3,1,0,0,0,0,10.0,20.0,5.0,55.0,0,172,51.02432632446289,1.2925065112148606,,out_of_road
1089,fresh,0,fresh,,,0,0,0,18,1,0,20.0,20.0,10.0,35.0,2,125,27.980518341064453,0.7506104180216789,,out_of_road
1090,replay,0,replay,,,0,0,0,18,1,0,20.0,20.0,10.0,35.0,2,131,33.616943359375,1.0675444304089965,,crash_vehicle
1091,fresh,0,fresh,,,0,0,0,0,0,0,20.0,10.0,15.0,10.0,0,146,-0.8355817794799805,0.14584653099922285,,out_of_road
1092,mutation,0,mutation,select_road|select_lane|ego_on_intersection|intersection_has_cars,,2,1,0,4,0,1,15.0,10.0,15.0,55.0,0,292,-0.44935178756713867,0.0153999577901543,,out_of_road
1093,fresh,0,fresh,,,0,0,0,3,1,0,20.0,5.0,10.0,35.0,2,98,-1.9100956916809082,0.0672115403778699,,crash_vehicle
1094,mutation,0,mutation,intersection_cars,,1,1,0,8,1,0,10.0,40.0,15.0,55.0,1,251,-1.0894763469696045,0.04228674748029367,,out_of_road
1095,fresh,0,fresh,,,0,1,1,1,1,1,5.0,5.0,10.0,20.0,0,154,-0.11005687713623047,0.3267629583934685,,out_of_road
1096,mutation,0,mutation,has_brake_checker,,0,0,0,0,0,0,10.0,5.0,5.0,35.0,0,89,-0.14281225204467773,0.1604852354928349,,out_of_road
1097,fresh,0,fresh,,,0,0,0,18,1,1,15.0,40.0,5.0,55.0,1,386,47.25004196166992,0.7702154663097055,,crash_vehicle
1098,crossover,0,crossover,,has_brake_checker|intersection_cars|has_cluster|maximum_distractor_speed|distance_to_nearest|cluster_dist|brake_dist,5,0,0,4,0,0,15.0,40.0,15.0,20.0,2,115,15.907999038696289,0.3274306578156741,,out_of_road
1099,fresh,0,fresh,,,0,0,0,0,0,0,15.0,5.0,15.0,35.0,0,72,3.617812156677246,0.5346419904381037,,out_of_road
1100,replay,0,replay,,,0,0,0,0,0,0,15.0,5.0,15.0,35.0,0,167,56.22826385498047,1.2127666947192062,,out_of_road
1101,fresh,0,fresh,,,0,1,0,0,1,0,20.0,5.0,10.0,10.0,0,108,-1.0080723762512207,0.3012658379696034,,out_of_road
1102,replay,0,replay,,,0,1,0,0,1,0,20.0,5.0,10.0,10.0,0,59,5.411442756652832,1.0886288331979412,,out_of_road
1103,fresh,0,fresh,,,0,1,0,4,1,0,5.0,10.0,10.0,55.0,1,65,5.269513130187988,0.0,,crash_vehicle
1104,replay,0,replay,,,0,1,0,4,1,0,5.0,10.0,10.0,55.0,1,174,26.062448501586914,0.9335593364747434,,out_of_road
1105,fresh,0,fresh,,,0,1,0,8,1,1,15.0,40.0,15.0,55.0,3,135,-2.01289439201355,0.0,,out_of_road
1106,crossover,0,crossover,,select_lane|ego_on_intersection|intersection_has_cars|distractor_cars|intersection_cars|maximum_distractor_speed|cluster_dist|brake_dist,7,1,0,4,1,0,15.0,10.0,5.0,35.0,1,86,6.186822891235352,0.26426295000453326,,out_of_road
1107,fresh,0,fresh,,,0,1,1,8,1,1,20.0,40.0,5.0,55.0,0,41,-1.2573087215423584,0.0,,out_of_road
1108,mutation,0,mutation,cluster_dist,,0,1,0,8,0,0,15.0,10.0,10.0,20.0,3,173,24.92755699157715,0.8673628125059811,,crash_vehicle
1109,fresh,0,fresh,,,0,1,0,5,0,0,20.0,10.0,15.0,20.0,3,109,-1.319155216217041,0.13261579865709358,,out_of_road
1110,replay,0,replay,,,0,1,0,5,0,0,20.0,10.0,15.0,20.0,3,79,23.341697692871094,0.6635599200484119,,out_of_road
1111,fresh,0,fresh,,,0,1,0,4,0,1,10.0,40.0,5.0,55.0,3,171,63.159400939941406,1.9976504472961203,,crash_vehicle
1112,crossover,0,crossover,,has_brake_checker|intersection_cars|maximum_distractor_speed|brake_dist,2,0,0,3,0,1,15.0,20.0,10.0,10.0,0,66,13.981685638427734,0.3121680635394472,,crash_vehicle
1113,fresh,0,fresh,,,0,1,1,0,0,0,10.0,20.0,10.0,10.0,0,185,84.48932647705078,3.263540664717958,,out_of_road
1114,crossover,0,crossover,,select_lane|ego_on_intersection|intersection_has_cars|intersection_cars|has_cluster|distance_to_nearest,2,0,0,12,1,0,10.0,40.0,10.0,55.0,0,139,14.068403244018555,0.8427351211472381,,out_of_road
1115,fresh,0,fresh,,,0,0,0,8,0,0,15.0,5.0,10.0,35.0,3,183,41.77499771118164,1.9977717633292975,,out_of_road
1116,crossover,0,crossover,,select_lane|ego_on_intersection|intersection_has_cars|distractor_cars|has_brake_checker|intersection_cars|maximum_distractor_speed|cluster_dist,4,1,0,18,1,1,15.0,5.0,15.0,20.0,2,283,-1.4408330917358398,0.026332379693935492,,crash_vehicle
1117,fresh,0,fresh,,,0,1,0,5,1,1,15.0,5.0,15.0,20.0,2,178,10.400528907775879,0.695851653364351,,crash_vehicle
1118,replay,0,replay,,,0,1,0,5,1,1,15.0,5.0,15.0,20.0,2,90,0.5543217658996582,0.4021767558323012,,out_of_road
1119,fresh,0,fresh,,,0,0,0,12,0,0,5.0,5.0,5.0,55.0,0,249,0.22879266738891602,0.09418261673555796,,out_of_road
1120,replay,0,replay,,,0,0,0,12,0,0,5.0,5.0,5.0,55.0,0,39,-2.0018064975738525,0.2178525191086989,,out_of_road
1121,fresh,0,fresh,,,0,1,1,1,1,1,15.0,40.0,15.0,55.0,1,136,44.28095626831055,1.1554730342810644,,out_of_road
1122,replay,0,replay,,,0,1,1,1,1,1,15.0,40.0,15.0,55.0,1,145,46.31814193725586,1.5045120246451475,,out_of_road
1123,fresh,0,fresh,,,0,0,0,12,1,0,10.0,10.0,5.0,55.0,3,42,-0.23408985137939453,0.8316609348569598,,out_of_road
1124,crossover,0,crossover,,select_lane|ego_on_intersection|intersection_has_cars|maximum_distractor_speed|brake_dist,4,1,0,3,1,0,15.0,10.0,10.0,35.0,3,90,9.376141548156738,0.2765437596374088,,out_of_road
1125,fresh,0,fresh,,,0,0,0,2,0,0,15.0,40.0,15.0,20.0,2,57,-1.7121543884277344,0.0,,out_of_road
1126,mutation,0,mutation,distance_to_nearest,,1,1,1,0,1,0,20.0,10.0,5.0,35.0,0,56,3.111124038696289,0.1382075431091445,,out_of_road
1127,fresh,0,fresh,,,0,0,0,8,0,1,10.0,40.0,10.0,20.0,2,114,30.861919403076172,1.3926035709548414,,out_of_road
1128,replay,0,replay,,,0,0,0,8,0,1,10.0,40.0,10.0,20.0,2,199,59.139732360839844,1.4398486300853628,,out_of_road
1129,fresh,0,fresh,,,0,1,1,4,1,0,5.0,40.0,10.0,55.0,1,44,-2.311002016067505,0.05621412802826275,,out_of_road
1130,mutation,0,mutation,intersection_cars,,0,1,0,0,0,0,20.0,40.0,5.0,10.0,0,82,-2.4483182430267334,0.003597026917992569,,out_of_road
1131,fresh,0,fresh,,,0,0,0,2,0,0,20.0,10.0,5.0,35.0,2,89,-2.1557724475860596,0.06784550929337405,,out_of_road
1132,replay,0,replay,,,0,0,0,2,0,0,20.0,10.0,5.0,35.0,2,31,-2.2172603607177734,0.0,,out_of_road
1133,fresh,0,fresh,,,0,0,0,8,1,1,10.0,40.0,15.0,55.0,2,28,-4.083513259887695,0.0,,out_of_road
1134,replay,0,replay,,,0,0,0,8,1,1,10.0,40.0,15.0,55.0,2,117,29.677654266357422,0.7856306645095857,,out_of_road
1135,fresh,0,fresh,,,0,0,0,12,0,1,15.0,40.0,5.0,35.0,3,80,12.71335220336914,0.07126192203722895,,out_of_road
1136,crossover,0,crossover,,distractor_cars|intersection_cars|has_cluster|maximum_distractor_speed|distance_to_nearest|cluster_dist,5,0,0,4,0,1,10.0,40.0,5.0,35.0,3,36,-3.889307975769043,0.0,,out_of_road
1137,fresh,0,fresh,,,0,1,1,5,0,1,15.0,40.0,15.0,55.0,1,68,8.32532024383545,0.047130875727709604,,out_of_road
1138,replay,0,replay,,,0,1,1,5,0,1,15.0,40.0,15.0,55.0,1,62,-1.1559157371520996,0.0,,out_of_road
1139,fresh,0,fresh,,,0,0,0,8,1,0,20.0,20.0,10.0,35.0,3,84,-2.405123233795166,0.009021180460140818,,out_of_road
1140,crossover,0,crossover,,distractor_cars|cluster_dist,2,1,0,3,1,1,15.0,40.0,10.0,55.0,2,75,-2.336422920227051,0.04578999201456706,,out_of_road
1141,fresh,0,fresh,,,0,1,1,4,0,1,20.0,20.0,15.0,20.0,0,65,-1.6837198734283447,0.09702871212592491,,out_of_road
1142,crossover,0,crossover,,select_lane|ego_on_intersection|intersection_has_cars|has_cluster|brake_dist,2,1,0,0,0,0,5.0,10.0,10.0,10.0,0,82,4.260465621948242,0.14444206982124141,,out_of_road
1143,fresh,0,fresh,,,0,0,0,0,1,0,15.0,40.0,15.0,35.0,0,50,-2.5575687885284424,0.04837679505348205,,out_of_road
1144,replay,0,replay,,,0,0,0,0,1,0,15.0,40.0,15.0,35.0,0,135,23.578838348388672,1.6463611938335276,,out_of_road
1145,fresh,0,fresh,,,0,0,0,3,1,0,20.0,40.0,15.0,55.0,2,289,85.25166320800781,1.712201104908666,,crash_vehicle
1146,crossover,0,crossover,,select_lane|ego_on_intersection|intersection_has_cars|has_brake_checker|has_cluster|distance_to_nearest,4,1,0,0,1,0,10.0,10.0,10.0,10.0,0,155,2.478344440460205,0.0929673344858231,,crash_vehicle
1147,fresh,0,fresh,,,0,1,1,1,1,1,5.0,5.0,5.0,55.0,1,87,14.929683685302734,0.42576085767526733,,out_of_road
1148,mutation,0,mutation,intersection_cars,,1,0,0,18,0,0,10.0,5.0,15.0,10.0,1,593,32.402793884277344,0.40220313849364225,,out_of_road
1149,fresh,0,fresh,,,0,1,1,8,1,0,15.0,20.0,5.0,35.0,3,52,5.725061416625977,0.13940742382636437,,out_of_road
1150,mutation,0,mutation,has_brake_checker,,1,0,0,12,0,0,10.0,40.0,10.0,55.0,1,116,-2.1542627811431885,0.036395266138274096,,out_of_road
1151,fresh,0,fresh,,,0,1,0,18,0,1,20.0,20.0,5.0,55.0,0,309,-2.0156712532043457,0.035058214898827,,out_of_road
1152,replay,0,replay,,,0,1,0,18,0,1,20.0,20.0,5.0,55.0,0,40,-0.8345413208007812,0.2621158599853516,,out_of_road
1153,fresh,0,fresh,,,0,1,0,0,0,0,20.0,20.0,5.0,35.0,0,102,-1.991668939590454,0.013996681746314554,,out_of_road
1154,crossover,0,crossover,,intersection_cars|maximum_distractor_speed|brake_dist,3,1,1,12,1,0,15.0,10.0,5.0,55.0,3,294,78.63273620605469,1.7247483576711293,,out_of_road
1155,fresh,0,fresh,,,0,0,0,12,0,0,20.0,40.0,10.0,20.0,2,201,86.37257385253906,2.7774989243911867,,out_of_road
1156,mutation,0,mutation,distractor_cars,,1,1,1,12,1,0,20.0,5.0,10.0,35.0,0,243,26.305164337158203,0.6001265478538879,,out_of_road
1157,fresh,0,fresh,,,0,1,0,4,1,0,10.0,20.0,5.0,35.0,1,110,-1.319551944732666,0.08302284912629561,,out_of_road
1158,mutation,0,mutation,has_brake_checker,,1,1,0,2,1,1,5.0,20.0,10.0,55.0,1,89,9.327301025390625,0.14296147796545136,,crash_vehicle
1159,fresh,0,fresh,,,0,1,1,3,1,0,10.0,5.0,5.0,20.0,1,29,1.3946819305419922,0.2103471591554839,,crash_vehicle
1160,mutation,0,mutation,cluster_dist,,0,0,0,3,1,0,5.0,10.0,10.0,55.0,3,98,-1.813983678817749,0.15261506791017493,,out_of_road
1161,fresh,0,fresh,,,0,1,1,5,1,1,15.0,20.0,5.0,55.0,2,79,15.450048446655273,0.2952875759028181,,crash_vehicle
1162,replay,0,replay,,,0,1,1,5,1,1,15.0,20.0,5.0,55.0,2,74,-2.364748477935791,0.10878367077659916,,out_of_road
1163,fresh,0,fresh,,,0,1,1,3,0,0,5.0,40.0,15.0,55.0,1,131,26.68940544128418,0.4255717032738314,,crash_vehicle
1164,mutation,0,mutation,distractor_cars,,2,1,0,0,0,0,15.0,40.0,5.0,10.0,0,63,-1.9258332252502441,0.048490328448159356,,out_of_road
1165,fresh,0,fresh,,,0,0,0,1,0,0,10.0,40.0,5.0,20.0,1,141,-3.5194997787475586,0.0,,out_of_road
1166,replay,0,replay,,,0,0,0,1,0,0,10.0,40.0,5.0,20.0,1,34,-2.506173849105835,0.09948922606075511,,out_of_road
1167,fresh,0,fresh,,,0,0,0,2,1,1,20.0,5.0,15.0,55.0,0,224,31.14569854736328,0.9736093667535377,,out_of_road
1168,replay,0,replay,,,0,0,0,2,1,1,20.0,5.0,15.0,55.0,0,82,14.51736068725586,1.7427098967316674,,out_of_road
1169,fresh,0,fresh,,,0,0,0,12,0,0,10.0,40.0,5.0,35.0,0,120,-2.7684295177459717,0.0,,out_of_road
1170,mutation,0,mutation,has_brake_checker,,0,0,0,2,1,0,10.0,40.0,5.0,55.0,2,161,90.25259399414062,4.041724245555653,,out_of_road
1171,fresh,0,fresh,,,0,1,0,4,0,0,20.0,10.0,10.0,35.0,2,74,9.047115325927734,0.6226548735757131,,out_of_road
1172,mutation,0,mutation,has_cluster,,0,0,0,18,1,0,15.0,40.0,10.0,55.0,2,142,46.78160858154297,0.6657509012541301,,out_of_road
1173,fresh,0,fresh,,,0,1,1,5,0,0,15.0,5.0,10.0,20.0,1,226,-2.8082118034362793,0.003325953255448721,,crash_vehicle
1174,replay,0,replay,,,0,1,1,5,0,0,15.0,5.0,10.0,20.0,1,125,-1.8351364135742188,0.009608940124511718,,out_of_road
1175,fresh,0,fresh,,,0,0,0,1,0,1,20.0,20.0,10.0,10.0,1,297,26.275007247924805,0.27166068042167507,,out_of_road
1176,mutation,0,mutation,has_brake_checker,,0,1,0,1,0,1,20.0,20.0,5.0,20.0,1,102,-2.1013896465301514,0.015763004620869953,,out_of_road
1177,fresh,0,fresh,,,0,0,0,2,1,1,10.0,5.0,5.0,35.0,0,838,2.7354068756103516,0.03653298890515984,,crash_vehicle
1178,mutation,0,mutation,has_cluster,,0,1,1,1,1,1,15.0,40.0,15.0,55.0,1,136,43.202239990234375,1.3820467424743317,,out_of_road
1179,fresh,0,fresh,,,0,0,0,3,0,1,20.0,40.0,15.0,35.0,3,113,-0.0738077163696289,0.029101684030178373,,out_of_road
1180,replay,0,replay,,,0,0,0,3,0,1,20.0,40.0,15.0,35.0,3,118,5.186069488525391,0.1307880807731111,,out_of_road
1181,fresh,0,fresh,,,0,1,1,3,1,1,15.0,20.0,15.0,35.0,0,495,-1.5304741859436035,0.0,,out_of_road
1182,mutation,0,mutation,select_road|select_lane|ego_on_intersection|intersection_has_cars,,2,1,0,5,0,0,20.0,10.0,10.0,20.0,3,630,-2.0563695430755615,6.7500367997184634e-06,,out_of_road
1183,fresh,0,fresh,,,0,1,1,8,0,0,5.0,40.0,15.0,55.0,3,139,29.252689361572266,0.21399018747343435,,out_of_road
1184,mutation,0,mutation,cluster_dist,,1,0,0,5,0,0,15.0,40.0,10.0,20.0,2,395,170.90130615234375,3.1928825714307116,,out_of_road
1185,fresh,0,fresh,,,0,1,0,12,0,1,5.0,10.0,15.0,35.0,3,129,12.593368530273438,0.034008854119352595,,crash_vehicle
1186,mutation,0,mutation,distractor_cars,,1,1,0,5,0,0,20.0,40.0,5.0,10.0,0,280,-2.016836166381836,0.004306478558906487,,out_of_road
1187,fresh,0,fresh,,,0,1,1,5,0,0,15.0,20.0,10.0,10.0,1,191,47.11801528930664,0.7695952866089906,,crash_vehicle
1188,replay,0,replay,,,0,1,1,5,0,0,15.0,20.0,10.0,10.0,1,154,-2.3436269760131836,0.0508524061410458,,out_of_road
1189,fresh,0,fresh,,,0,0,0,2,0,0,5.0,10.0,10.0,20.0,2,193,93.51307678222656,2.865823556876553,,out_of_road
1190,replay,0,replay,,,0,0,0,2,0,0,5.0,10.0,10.0,20.0,2,179,42.85242462158203,0.874266089340828,,out_of_road
1191,fresh,0,fresh,,,0,0,0,12,1,1,20.0,40.0,5.0,55.0,3,264,49.679019927978516,1.0567266432300322,,crash_vehicle
1192,mutation,0,mutation,distractor_cars,,1,0,0,3,1,0,15.0,5.0,15.0,20.0,2,87,-5.540838718414307,0.19076331139638505,,out_of_road
1193,fresh,0,fresh,,,0,0,0,4,0,0,15.0,5.0,5.0,35.0,3,107,17.796972274780273,2.2776440175894264,,out_of_road
1194,replay,0,replay,,,0,0,0,4,0,0,15.0,5.0,5.0,35.0,3,747,-1.6096956729888916,0.06915140540963674,,out_of_road
1195,fresh,0,fresh,,,0,0,0,12,1,1,15.0,20.0,15.0,35.0,1,258,31.35280990600586,0.7179084635058115,,out_of_road
1196,replay,0,replay,,,0,0,0,12,1,1,15.0,20.0,15.0,35.0,1,117,-2.373340368270874,0.03823368671612862,,out_of_road
1197,fresh,0,fresh,,,0,0,0,3,1,1,20.0,40.0,10.0,55.0,1,301,-1.6454524993896484,0.012517283104384856,,out_of_road
1198,crossover,0,crossover,,select_lane|ego_on_intersection|intersection_has_cars|distractor_cars|has_brake_checker|has_cluster|maximum_distractor_speed|distance_to_nearest|brake_dist,9,1,1,0,1,0,10.0,40.0,5.0,20.0,0,2,10.0,3.619109869003296,,arrive_dest
1199,fresh,0,fresh,,,0,1,0,18,1,0,5.0,5.0,5.0,35.0,1,71,-0.4693174362182617,0.0,,crash_vehicle
1200,mutation,0,mutation,distractor_cars,,1,0,0,5,0,0,5.0,10.0,15.0,10.0,0,308,41.7845573425293,0.8020062302541616,,crash_vehicle
1201,fresh,0,fresh,,,0,0,0,12,0,0,5.0,20.0,5.0,55.0,3,531,32.154579162597656,0.45296635481541214,,out_of_road
1202,mutation,0,mutation,maximum_distractor_speed,,0,0,0,0,0,0,5.0,20.0,5.0,55.0,0,332,161.03981018066406,3.7732510274522992,,out_of_road
1203,fresh,0,fresh,,,0,1,0,4,1,1,15.0,40.0,15.0,55.0,0,293,-2.076160192489624,0.0,,out_of_road
1204,crossover,0,crossover,,select_lane|ego_on_intersection|intersection_has_cars|intersection_cars|has_cluster|brake_dist,5,1,0,5,1,1,15.0,5.0,10.0,55.0,3,312,29.323402404785156,0.7652842798867286,,out_of_road
1205,fresh,0,fresh,,,0,1,0,1,1,0,5.0,5.0,10.0,35.0,1,93,42.17285919189453,1.1196364363034566,,arrive_dest
1206,mutation,0,mutation,select_road|select_lane|ego_on_intersection|intersection_has_cars,,2,0,0,4,0,1,10.0,40.0,5.0,55.0,3,98,36.09062957763672,0.9438064086193941,,arrive_dest
1207,fresh,0,fresh,,,0,1,1,1,1,0,20.0,20.0,10.0,35.0,1,304,147.52964782714844,3.238395186631303,,crash_vehicle
1208,mutation,0,mutation,distance_to_nearest,,1,0,0,3,1,0,10.0,20.0,5.0,55.0,0,294,-2.0349111557006836,0.022167783205201026,,out_of_road
1209,fresh,0,fresh,,,0,0,0,2,0,0,5.0,10.0,10.0,20.0,1,85,21.152164459228516,0.7769496111308827,,crash_vehicle
1210,mutation,0,mutation,intersection_cars,,1,1,1,12,1,0,10.0,20.0,15.0,35.0,2,266,-1.3564906120300293,0.030704043357443988,,out_of_road
1211,fresh,0,fresh,,,0,1,1,1,0,0,5.0,5.0,15.0,55.0,1,670,134.99197387695312,1.6221363471681947,,out_of_road
1212,mutation,0,mutation,has_brake_checker,,0,0,0,1,1,0,15.0,10.0,5.0,55.0,1,229,-2.13095760345459,0.025369573888820333,,crash_vehicle
1213,fresh,0,fresh,,,0,0,0,4,0,0,5.0,20.0,15.0,10.0,3,917,-1.3707997798919678,0.032444632641621736,,out_of_road
1214,replay,0,replay,,,0,0,0,4,0,0,5.0,20.0,15.0,10.0,3,1000,136.26451110839844,0.7113789707124233,,max_step
1215,fresh,0,fresh,,,0,0,0,18,1,0,15.0,10.0,5.0,20.0,0,1000,4.201117038726807,0.02446598917618394,,max_step
1216,mutation,0,mutation,cluster_dist,,1,1,1,3,1,0,20.0,5.0,15.0,35.0,0,646,0.3347768783569336,0.04918731699752457,,out_of_road
1217,fresh,0,fresh,,,0,0,0,0,1,0,20.0,10.0,5.0,55.0,0,1000,4.14824104309082,0.030260470092296602,,max_step
1218,crossover,0,crossover,,distractor_cars|has_brake_checker|intersection_cars|has_cluster|distance_to_nearest|cluster_dist|brake_dist,1,0,0,5,0,0,15.0,40.0,10.0,20.0,2,241,94.10755157470703,2.790537580043943,,out_of_road
1219,fresh,0,fresh,,,0,0,0,3,0,1,5.0,5.0,5.0,35.0,3,671,62.51946258544922,0.7820345524437559,,out_of_road
1220,mutation,0,mutation,distractor_cars,,1,0,0,4,0,0,10.0,5.0,15.0,10.0,3,1000,4.443212509155273,0.03253504741191864,,max_step
1221,fresh,0,fresh,,,0,0,0,3,0,1,10.0,5.0,10.0,20.0,1,249,24.57249641418457,0.7608970254061213,,crash_vehicle
1222,replay,0,replay,,,0,0,0,3,0,1,10.0,5.0,10.0,20.0,1,1000,38.67312240600586,0.1114070720076561,,max_step
1223,fresh,0,fresh,,,0,0,0,0,1,0,5.0,10.0,15.0,20.0,0,403,31.995559692382812,0.306998747620482,,out_of_road
1224,replay,0,replay,,,0,0,0,0,1,0,5.0,10.0,15.0,20.0,0,1000,90.89916229248047,0.22990350103005766,,max_step
1225,fresh,0,fresh,,,0,1,0,0,0,0,5.0,10.0,10.0,55.0,0,1000,36.68156814575195,0.07835941864317283,,max_step
1226,mutation,0,mutation,cluster_dist,,1,1,0,3,1,1,5.0,40.0,15.0,55.0,3,282,110.51229095458984,2.2349436633975794,,out_of_road
1227,fresh,0,fresh,,,0,0,0,8,0,1,5.0,5.0,5.0,10.0,1,227,-2.126927137374878,0.12930533027333835,,crash_vehicle
1228,replay,0,replay,,,0,0,0,8,0,1,5.0,5.0,5.0,10.0,1,1000,179.927734375,1.2263744726721197,,max_step
1229,fresh,0,fresh,,,0,0,0,1,1,1,20.0,10.0,5.0,20.0,1,1000,36.898590087890625,0.19272754679620266,,max_step
1230,crossover,0,crossover,,distractor_cars|intersection_cars|maximum_distractor_speed|brake_dist,2,1,0,0,1,0,5.0,40.0,15.0,55.0,0,1000,5.7319440841674805,0.013325111538171768,,max_step
1231,fresh,0,fresh,,,0,1,0,1,0,0,20.0,40.0,10.0,20.0,1,1000,34.98622512817383,0.09529464265704155,,max_step
1232,crossover,0,crossover,,distractor_cars|has_brake_checker|intersection_cars|maximum_distractor_speed|distance_to_nearest|cluster_dist|brake_dist,4,0,0,5,0,0,15.0,40.0,10.0,20.0,2,246,78.84263610839844,3.0501373743986697,,crash_vehicle
1233,fresh,0,fresh,,,0,0,0,1,1,0,20.0,10.0,15.0,55.0,1,192,69.89208221435547,2.522786133146534,,out_of_road
1234,mutation,0,mutation,cluster_dist,,1,1,1,0,1,0,10.0,40.0,15.0,20.0,0,734,-1.6724481582641602,0.0,,out_of_road
1235,fresh,0,fresh,,,0,1,0,8,0,0,15.0,20.0,5.0,55.0,1,77,20.75450897216797,1.1532330586538686,,crash_vehicle
1236,crossover,0,crossover,,select_lane|ego_on_intersection|intersection_has_cars|distractor_cars|intersection_cars|maximum_distractor_speed|distance_to_nearest|cluster_dist,3,0,0,18,0,0,10.0,5.0,5.0,20.0,3,1000,46.00673294067383,0.4051314451850485,,max_step
1237,fresh,0,fresh,,,0,1,1,4,0,1,10.0,10.0,15.0,35.0,2,574,39.111663818359375,0.6521395422314019,,out_of_road
1238,crossover,0,crossover,,select_lane|ego_on_intersection|intersection_has_cars|maximum_distractor_speed|distance_to_nearest,3,0,0,2,1,0,20.0,40.0,15.0,55.0,0,203,-1.5232231616973877,0.22804415439773956,,out_of_road
1239,fresh,0,fresh,,,0,0,0,2,1,1,5.0,5.0,15.0,55.0,2,590,-1.3137376308441162,0.012227971507709915,,crash_vehicle
1240,mutation,0,mutation,cluster_dist,,1,0,0,18,1,0,15.0,40.0,5.0,55.0,2,149,65.38597869873047,2.372267291249845,,out_of_road
1241,fresh,0,fresh,,,0,0,0,2,1,1,10.0,5.0,10.0,20.0,2,1000,281.388427734375,2.5608491718694566,,max_step
1242,mutation,0,mutation,distractor_cars,,1,1,0,4,1,0,10.0,40.0,15.0,55.0,0,413,-0.7640409469604492,0.014543710217854012,,out_of_road
1243,fresh,0,fresh,,,0,0,0,4,0,1,15.0,40.0,5.0,55.0,1,92,31.638111114501953,1.6502171874694203,,crash_vehicle
1244,crossover,0,crossover,,distractor_cars|intersection_cars|has_cluster|distance_to_nearest|cluster_dist|brake_dist,3,0,0,5,0,0,15.0,20.0,10.0,35.0,1,110,37.285003662109375,0.7805185791443695,,crash_vehicle
1245,fresh,0,fresh,,,0,1,1,4,1,0,20.0,20.0,15.0,35.0,3,444,-0.3865175247192383,0.05954223486116609,,out_of_road
1246,mutation,0,mutation,has_cluster,,0,1,0,3,1,1,5.0,40.0,15.0,55.0,3,627,-0.07757043838500977,0.08112968799199143,,out_of_road
1247,fresh,0,fresh,,,0,0,0,3,0,1,15.0,20.0,15.0,55.0,2,262,2.787921905517578,0.23290695647446027,,out_of_road
1248,mutation,0,mutation,has_cluster,,1,1,1,2,1,1,20.0,40.0,5.0,55.0,1,66,11.01711654663086,0.2611054507168857,,crash_vehicle
1249,fresh,0,fresh,,,0,1,0,8,1,0,15.0,20.0,5.0,55.0,3,208,103.09030151367188,3.6463678615311017,,crash_vehicle
1250,mutation,0,mutation,has_cluster,,0,0,0,5,0,0,15.0,40.0,15.0,20.0,2,94,29.018756866455078,1.1508251102046763,,crash_vehicle
1251,fresh,0,fresh,,,0,0,0,3,1,1,20.0,40.0,15.0,55.0,1,326,114.12236022949219,4.163720119293162,,crash_vehicle
1252,replay,0,replay,,,0,0,0,3,1,1,20.0,40.0,15.0,55.0,1,398,-0.8144707679748535,0.008648277562223937,,out_of_road
1253,fresh,0,fresh,,,0,0,0,3,0,0,15.0,10.0,10.0,20.0,0,195,105.34721374511719,5.338255627950033,,out_of_road
1254,replay,0,replay,,,0,0,0,3,0,0,15.0,10.0,10.0,20.0,0,206,82.42790985107422,1.8642255467480247,,out_of_road
1255,fresh,0,fresh,,,0,1,0,0,0,0,5.0,5.0,10.0,35.0,0,215,83.3738784790039,1.9719037906375043,,out_of_road
1256,replay,0,replay,,,0,1,0,0,0,0,5.0,5.0,10.0,35.0,0,99,28.483840942382812,1.8099481577825065,,crash_vehicle
1257,fresh,0,fresh,,,0,1,1,5,0,0,20.0,20.0,10.0,20.0,0,105,41.9075927734375,2.4904543430854877,,crash_vehicle
1258,crossover,0,crossover,,distractor_cars|has_brake_checker|intersection_cars|maximum_distractor_speed|cluster_dist|brake_dist,5,0,0,12,1,1,20.0,20.0,5.0,35.0,0,65,14.398351669311523,0.20460835970365085,,crash_vehicle
1259,fresh,0,fresh,,,0,0,0,12,1,0,5.0,20.0,10.0,55.0,1,85,13.60215950012207,0.9276106678387698,,crash_vehicle
1260,replay,0,replay,,,0,0,0,12,1,0,5.0,20.0,10.0,55.0,1,26,-0.11178445816040039,0.0,,crash_vehicle
1261,fresh,0,fresh,,,0,0,0,8,0,1,15.0,40.0,10.0,55.0,1,50,-5.288414478302002,0.1335117706656456,,out_of_road
1262,mutation,0,mutation,cluster_dist,,1,1,1,12,1,0,15.0,10.0,15.0,55.0,3,151,-1.9209868907928467,0.004350413747181166,,crash_vehicle
1263,fresh,0,fresh,,,0,0,0,1,1,1,10.0,5.0,10.0,35.0,0,697,25.40009117126465,0.5090549566316681,,out_of_road
1264,replay,0,replay,,,0,0,0,1,1,1,10.0,5.0,10.0,35.0,0,245,-0.7640504837036133,0.05431865508459052,,out_of_road
1265,fresh,0,fresh,,,0,0,0,1,1,0,10.0,5.0,15.0,20.0,1,75,-5.462847709655762,0.13644494324922563,,out_of_road
1266,replay,0,replay,,,0,0,0,1,1,0,10.0,5.0,15.0,20.0,1,289,135.32159423828125,3.265836280006851,,out_of_road
1267,fresh,0,fresh,,,0,1,0,18,0,1,15.0,10.0,5.0,55.0,0,39,4.423646926879883,0.3240673358623798,,crash_vehicle
1268,mutation,0,mutation,brake_dist,,0,1,0,5,1,0,20.0,20.0,5.0,55.0,3,173,1.2432332038879395,0.07803570220752948,,out_of_road
1269,fresh,0,fresh,,,0,1,0,0,0,0,5.0,40.0,15.0,35.0,0,997,26.55403709411621,0.1789101612078794,,out_of_road
1270,crossover,0,crossover,,has_brake_checker|intersection_cars|maximum_distractor_speed|distance_to_nearest|cluster_dist|brake_dist,4,0,0,3,0,1,20.0,20.0,5.0,10.0,1,51,-4.897375106811523,0.06082307591157801,,out_of_road
1271,fresh,0,fresh,,,0,1,1,8,1,0,10.0,20.0,5.0,35.0,1,55,17.323673248291016,0.254482178254561,,crash_vehicle
1272,crossover,0,crossover,,distractor_cars|has_cluster|distance_to_nearest|brake_dist,3,1,1,18,0,0,5.0,10.0,15.0,10.0,1,343,-1.5744459629058838,0.03711326395870124,,out_of_road
1273,fresh,0,fresh,,,0,0,0,4,1,1,20.0,5.0,15.0,35.0,3,151,0.22573375701904297,0.2261798017787815,,crash_vehicle
1274,replay,0,replay,,,0,0,0,4,1,1,20.0,5.0,15.0,35.0,3,314,71.52461242675781,1.390077448266137,,crash_vehicle
1275,fresh,0,fresh,,,0,1,1,0,0,0,5.0,10.0,10.0,35.0,0,1000,165.0067138671875,1.5868737610951067,,max_step
1276,replay,0,replay,,,0,1,1,0,0,0,5.0,10.0,10.0,35.0,0,372,0.8304815292358398,0.052713102162865705,,out_of_road
1277,fresh,0,fresh,,,0,1,0,8,0,1,5.0,10.0,5.0,35.0,2,39,4.849339485168457,0.2750892914258517,,crash_vehicle
1278,crossover,0,crossover,,select_lane|ego_on_intersection|intersection_has_cars|distractor_cars|has_cluster|maximum_distractor_speed|distance_to_nearest,6,0,0,3,0,1,10.0,10.0,5.0,10.0,0,36,5.083754539489746,0.21660704082912868,,crash_vehicle
1279,fresh,0,fresh,,,0,0,0,0,0,0,10.0,5.0,5.0,20.0,0,366,190.3070831298828,5.501389614219874,rejection_fallback,out_of_road
1280,crossover,0,crossover,,distractor_cars|intersection_cars|distance_to_nearest|brake_dist,2,0,0,2,0,0,5.0,10.0,5.0,55.0,0,208,-1.3131434917449951,0.07397236700545853,,out_of_road
1281,fresh,0,fresh,,,0,1,0,5,1,0,10.0,5.0,5.0,20.0,2,460,-0.9987030029296875,0.13267071247505752,,crash_vehicle
1282,crossover,0,crossover,,select_lane|ego_on_intersection|intersection_has_cars|distractor_cars|intersection_cars|has_cluster|distance_to_nearest|brake_dist,8,1,1,12,0,1,10.0,10.0,15.0,55.0,2,452,-1.158419132232666,0.04033575537078808,,out_of_road
1283,fresh,0,fresh,,,0,1,1,8,1,0,10.0,20.0,15.0,35.0,0,714,1.2895021438598633,0.16234211212791064,,out_of_road
1284,replay,0,replay,,,0,1,1,8,1,0,10.0,20.0,15.0,35.0,0,156,-1.782334566116333,0.062004716422122255,,out_of_road
1285,fresh,0,fresh,,,0,1,1,18,0,1,5.0,40.0,5.0,35.0,2,91,29.212169647216797,0.8289082941118178,,crash_vehicle
1286,replay,0,replay,,,0,1,1,18,0,1,5.0,40.0,5.0,35.0,2,101,-2.045665740966797,0.0259750166004247,,out_of_road
1287,fresh,0,fresh,,,0,0,0,5,1,0,10.0,20.0,5.0,35.0,1,157,71.71602630615234,3.2086862539694567,,crash_vehicle
1288,replay,0,replay,,,0,0,0,5,1,0,10.0,20.0,5.0,35.0,1,116,31.02519989013672,0.6489365664792472,,out_of_road
1289,fresh,0,fresh,,,0,0,0,12,0,1,15.0,5.0,5.0,35.0,1,312,12.821249008178711,0.6080059726746418,,crash_vehicle
1290,replay,0,replay,,,0,0,0,12,0,1,15.0,5.0,5.0,35.0,1,238,130.1812744140625,4.99427385916229,,arrive_dest
1291,fresh,0,fresh,,,0,0,0,4,0,1,20.0,10.0,10.0,55.0,0,125,9.021615028381348,0.06689252680540085,,crash_vehicle
1292,crossover,0,crossover,,intersection_cars|has_cluster|maximum_distractor_speed|distance_to_nearest|cluster_dist|brake_dist,5,0,0,2,1,0,15.0,40.0,5.0,55.0,2,242,-2.114426612854004,0.04407893194747735,,out_of_road
1293,fresh,0,fresh,,,0,1,0,18,0,1,20.0,40.0,5.0,55.0,2,307,-1.711571216583252,0.1269759735765985,,out_of_road
1294,replay,0,replay,,,0,1,0,18,0,1,20.0,40.0,5.0,55.0,2,210,126.84968566894531,4.758228056061835,,out_of_road
1295,fresh,0,fresh,,,0,1,1,5,1,0,20.0,40.0,15.0,55.0,0,749,92.45018768310547,0.7159106356908725,,out_of_road
1296,replay,0,replay,,,0,1,1,5,1,0,20.0,40.0,15.0,55.0,0,81,23.37627601623535,3.5709786930201965,,crash_vehicle
1297,fresh,0,fresh,,,0,0,0,3,1,0,5.0,40.0,10.0,55.0,3,408,42.77924346923828,0.6467985369484214,,out_of_road
1298,replay,0,replay,,,0,0,0,3,1,0,5.0,40.0,10.0,55.0,3,259,159.65200805664062,5.057934301887355,,crash_vehicle
1299,fresh,0,fresh,,,0,1,0,1,1,0,20.0,40.0,15.0,55.0,0,492,-1.8047568798065186,0.010066436092573695,,out_of_road
1300,crossover,0,crossover,,cluster_dist,1,0,0,3,0,0,20.0,5.0,15.0,20.0,1,455,-1.3516595363616943,0.15735261142253876,,out_of_road
1301,fresh,0,fresh,,,0,0,0,1,0,0,15.0,20.0,15.0,35.0,0,309,3.855179786682129,0.47362848337209246,,out_of_road
1302,crossover,0,crossover,,distractor_cars|intersection_cars,1,1,0,4,1,1,20.0,5.0,10.0,55.0,0,34,-0.5352954864501953,0.0,,crash_vehicle
1303,fresh,0,fresh,,,0,1,1,0,0,0,15.0,40.0,15.0,20.0,0,176,-2.6199517250061035,0.08594517538916659,,out_of_road
1304,mutation,0,mutation,cluster_dist,,1,1,1,18,0,0,15.0,10.0,15.0,10.0,0,67,12.380868911743164,0.3958526280388903,,crash_vehicle
1305,fresh,0,fresh,,,0,1,0,4,1,1,20.0,10.0,10.0,55.0,1,123,39.248538970947266,1.207390322312107,,arrive_dest
1306,crossover,0,crossover,,distractor_cars|has_brake_checker|distance_to_nearest|cluster_dist,3,0,0,8,0,0,15.0,20.0,15.0,35.0,3,165,72.35547637939453,3.2210895971818405,,out_of_road
1307,fresh,0,fresh,,,0,0,0,1,0,0,5.0,5.0,5.0,35.0,1,109,17.622785568237305,1.5362043864683275,,out_of_road
1308,mutation,0,mutation,select_road|select_lane|ego_on_intersection|intersection_has_cars,,3,0,0,2,0,0,10.0,20.0,5.0,35.0,1,94,37.12339782714844,0.9383550597790707,,out_of_road
1309,fresh,0,fresh,,,0,0,0,8,0,0,20.0,5.0,10.0,35.0,3,215,-0.2924003601074219,0.24830235287027302,,crash_vehicle
1310,crossover,0,crossover,,select_lane|ego_on_intersection|intersection_has_cars|distractor_cars|maximum_distractor_speed|cluster_dist|brake_dist,5,0,0,3,1,0,10.0,5.0,5.0,55.0,2,31,-0.2577939033508301,0.0,,crash_vehicle
1311,fresh,0,fresh,,,0,1,1,5,1,1,5.0,40.0,15.0,55.0,0,651,43.572566986083984,0.19881301338443913,,out_of_road
1312,crossover,0,crossover,,select_lane|ego_on_intersection|intersection_has_cars|distractor_cars|has_brake_checker|intersection_cars|distance_to_nearest|cluster_dist|brake_dist,5,0,0,3,0,1,20.0,10.0,15.0,35.0,0,109,-2.504551649093628,0.10961029029220616,,out_of_road
1313,fresh,0,fresh,,,0,0,0,12,1,1,15.0,40.0,5.0,55.0,3,142,72.01459503173828,2.9702868269572797,,crash_vehicle
1314,replay,0,replay,,,0,0,0,12,1,1,15.0,40.0,5.0,55.0,3,207,141.76507568359375,5.250980538446546,,out_of_road
1315,fresh,0,fresh,,,0,0,0,18,0,0,20.0,5.0,10.0,55.0,1,397,-1.3965940475463867,0.3820826196550422,,crash_vehicle
1316,replay,0,replay,,,0,0,0,18,0,0,20.0,5.0,10.0,55.0,1,484,43.79252624511719,0.5842411156766856,,out_of_road
1317,fresh,0,fresh,,,0,0,0,2,0,0,5.0,10.0,15.0,55.0,2,141,63.79063415527344,2.6451311844883234,,out_of_road
1318,mutation,0,mutation,distractor_cars,,1,1,0,1,0,1,5.0,20.0,10.0,55.0,1,279,40.44773864746094,0.5070565198831875,,crash_vehicle
1319,fresh,0,fresh,,,0,1,0,5,0,1,20.0,20.0,15.0,20.0,0,149,38.603515625,1.4014599474784513,,out_of_road
1320,crossover,0,crossover,,select_lane|ego_on_intersection|intersection_has_cars|distractor_cars|has_brake_checker|intersection_cars|maximum_distractor_speed|brake_dist,6,0,0,0,0,0,5.0,5.0,10.0,10.0,0,138,0.21135997772216797,0.3212339514056626,,out_of_road
1321,fresh,0,fresh,,,0,1,0,5,1,1,10.0,40.0,5.0,55.0,2,88,30.276695251464844,0.732803171669895,,crash_vehicle
1322,mutation,0,mutation,distance_to_nearest,,0,0,0,8,0,1,10.0,40.0,10.0,20.0,2,390,-2.0377113819122314,0.05512627889999212,,out_of_road
1323,fresh,0,fresh,,,0,1,0,8,0,0,20.0,10.0,10.0,20.0,2,841,-2.095054864883423,0.2048155291750141,,crash_vehicle
1324,replay,0,replay,,,0,1,0,8,0,0,20.0,10.0,10.0,20.0,2,191,98.78028869628906,3.399299046990135,,crash_vehicle
1325,fresh,0,fresh,,,0,1,0,0,1,0,5.0,20.0,10.0,20.0,0,115,55.36670684814453,1.8975766478025395,,crash_vehicle
1326,mutation,0,mutation,distractor_cars,,2,1,1,4,1,0,10.0,40.0,5.0,55.0,0,103,37.78429412841797,1.4572832266103874,,crash_vehicle
1327,fresh,0,fresh,,,0,0,0,3,1,0,5.0,40.0,5.0,55.0,1,127,55.19025421142578,1.3772628182970632,,out_of_road
1328,crossover,0,crossover,,has_brake_checker|has_cluster|maximum_distractor_speed|distance_to_nearest|cluster_dist,2,1,1,2,0,0,20.0,20.0,10.0,35.0,1,1000,46.21495819091797,0.38692507219314576,,max_step
1329,fresh,0,fresh,,,0,0,0,1,0,0,5.0,10.0,10.0,10.0,0,987,-1.72849440574646,0.12798934762499162,,out_of_road
1330,replay,0,replay,,,0,0,0,1,0,0,5.0,10.0,10.0,10.0,0,244,141.6078643798828,4.750551877634936,,crash_vehicle
1331,fresh,0,fresh,,,0,1,1,1,1,1,15.0,20.0,10.0,55.0,0,64,14.576728820800781,0.5605528140440583,,crash_vehicle
1332,crossover,0,crossover,,select_lane|ego_on_intersection|intersection_has_cars|distractor_cars|has_brake_checker|has_cluster|maximum_distractor_speed|cluster_dist,6,1,1,0,0,0,5.0,10.0,10.0,55.0,0,437,-0.1038818359375,0.06391924822349229,,out_of_road
1333,fresh,0,fresh,,,0,1,0,18,1,0,5.0,20.0,5.0,55.0,2,73,26.729434967041016,0.9596304566892859,,crash_vehicle
1334,mutation,0,mutation,intersection_cars,,1,1,1,5,0,0,20.0,20.0,10.0,20.0,1,401,53.03551483154297,0.751506831682754,,out_of_road
1335,fresh,0,fresh,,,0,0,0,3,0,0,20.0,20.0,5.0,35.0,0,96,27.94048309326172,1.5533931939862669,,out_of_road
1336,crossover,0,crossover,,distractor_cars|intersection_cars|maximum_distractor_speed|distance_to_nearest|brake_dist,5,0,0,3,1,0,5.0,40.0,5.0,55.0,3,374,94.62307739257812,1.0838597632227416,,out_of_road
1337,fresh,0,fresh,,,0,0,0,8,1,1,20.0,20.0,5.0,35.0,2,61,16.462594985961914,0.6839939601352958,,crash_vehicle
1338,crossover,0,crossover,,select_lane|ego_on_intersection|intersection_has_cars|intersection_cars|has_cluster|distance_to_nearest,4,1,0,3,0,0,20.0,20.0,5.0,20.0,0,439,30.728870391845703,0.5284007606998188,,out_of_road
1339,fresh,0,fresh,,,0,0,0,4,1,0,20.0,40.0,10.0,55.0,2,111,37.67119216918945,0.495680629670083,,out_of_road
1340,crossover,0,crossover,,select_lane|ego_on_intersection|intersection_has_cars|distractor_cars|intersection_cars,4,1,1,5,1,1,20.0,20.0,15.0,35.0,1,2,10.0,5.087823867797852,,arrive_dest
1341,fresh,0,fresh,,,0,1,1,1,1,0,20.0,5.0,10.0,35.0,1,136,66.7723159790039,2.2894807839218307,,crash_vehicle
1342,crossover,0,crossover,,distractor_cars,0,0,0,0,0,0,10.0,5.0,5.0,35.0,0,67,1.130138874053955,0.12664706599134118,,out_of_road
1343,fresh,0,fresh,,,0,1,0,0,1,0,15.0,20.0,5.0,20.0,0,136,-0.9254641532897949,0.11329554174752797,,out_of_road
1344,crossover,0,crossover,,select_lane|ego_on_intersection|intersection_has_cars|intersection_cars|cluster_dist|brake_dist,3,0,0,2,1,0,20.0,40.0,5.0,55.0,1,124,-1.4236493110656738,0.04878440637501978,,out_of_road
1345,fresh,0,fresh,,,0,1,1,1,1,1,5.0,20.0,5.0,55.0,0,199,-0.8026604652404785,0.12421857361124838,,out_of_road
1346,mutation,0,mutation,select_road|select_lane|ego_on_intersection|intersection_has_cars,,2,0,0,0,1,0,10.0,20.0,10.0,55.0,0,1000,6.397049903869629,0.2369106658808887,,max_step
1347,fresh,0,fresh,,,0,0,0,5,0,0,5.0,5.0,10.0,55.0,1,1000,7.268831729888916,0.3054058810817078,,max_step
1348,mutation,0,mutation,has_cluster,,0,0,0,0,0,0,10.0,5.0,5.0,35.0,0,180,1.383568286895752,0.10088557785169947,,out_of_road
1349,fresh,0,fresh,,,0,1,1,8,1,0,20.0,10.0,15.0,20.0,0,79,17.00044822692871,1.4796660108656823,,crash_vehicle
1350,mutation,0,mutation,maximum_distractor_speed,,1,1,0,2,0,1,20.0,20.0,10.0,55.0,1,519,-0.9315156936645508,0.06684480111880914,,out_of_road
1351,fresh,0,fresh,,,0,0,0,5,0,1,5.0,20.0,15.0,35.0,3,410,-1.6024250984191895,0.05941622618517679,,out_of_road
1352,crossover,0,crossover,,distractor_cars|has_brake_checker|has_cluster|maximum_distractor_speed|distance_to_nearest|cluster_dist|brake_dist,3,0,0,2,0,0,15.0,40.0,10.0,35.0,0,563,291.71795654296875,4.992483953546673,,out_of_road
1353,fresh,0,fresh,,,0,1,1,2,1,1,5.0,5.0,5.0,20.0,0,93,8.161267280578613,0.5042377860956294,,crash_vehicle
1354,crossover,0,crossover,,distractor_cars|has_brake_checker|intersection_cars|maximum_distractor_speed|distance_to_nearest|cluster_dist,2,0,0,0,0,0,5.0,10.0,10.0,10.0,0,1000,112.77327728271484,0.8929042671322822,,max_step
1355,fresh,0,fresh,,,0,1,0,8,0,0,15.0,10.0,15.0,55.0,1,1000,42.722145080566406,0.2531762740043923,,max_step
1356,replay,0,replay,,,0,1,0,8,0,0,15.0,10.0,15.0,55.0,1,192,107.17527770996094,3.261859660153277,,out_of_road
1357,fresh,0,fresh,,,0,0,0,8,0,1,15.0,40.0,5.0,10.0,3,213,72.47425842285156,3.5292937982250265,,out_of_road
1358,crossover,0,crossover,,distractor_cars|distance_to_nearest,2,1,0,2,0,0,20.0,5.0,5.0,10.0,0,133,-0.665560245513916,0.20976530240946695,,out_of_road
1359,fresh,0,fresh,,,0,0,0,2,1,0,15.0,10.0,15.0,20.0,1,36,4.104885101318359,0.2738751305474175,,crash_vehicle
1360,replay,0,replay,,,0,0,0,2,1,0,15.0,10.0,15.0,20.0,1,490,171.25155639648438,3.0918720546425607,,out_of_road
1361,fresh,0,fresh,,,0,0,0,3,1,1,15.0,5.0,5.0,55.0,0,676,-0.7282605171203613,0.06724651601474137,,out_of_road
1362,mutation,0,mutation,has_brake_checker,,0,0,0,0,1,0,10.0,5.0,5.0,20.0,0,132,0.21883869171142578,0.06618146462873979,,out_of_road
1363,fresh,0,fresh,,,0,1,0,18,1,1,20.0,5.0,15.0,55.0,1,24,-0.7980551719665527,0.15606792767842612,,crash_vehicle
1364,replay,0,replay,,,0,1,0,18,1,1,20.0,5.0,15.0,55.0,1,372,253.20651245117188,7.1947123735582315,,out_of_road
1365,fresh,0,fresh,,,0,0,0,18,1,0,15.0,10.0,5.0,35.0,1,357,-0.5597085952758789,0.10918248038091997,,out_of_road
1366,replay,0,replay,,,0,0,0,18,1,0,15.0,10.0,5.0,35.0,1,269,187.36257934570312,5.949411685692777,,out_of_road
1367,fresh,0,fresh,,,0,0,0,8,0,1,20.0,20.0,5.0,35.0,3,75,12.329872131347656,0.3082805446783702,,crash_vehicle
1368,crossover,0,crossover,,has_brake_checker|intersection_cars|has_cluster|distance_to_nearest|cluster_dist,1,1,0,18,1,1,15.0,20.0,15.0,55.0,2,600,37.46116638183594,0.35409047129874427,,out_of_road
1369,fresh,0,fresh,,,0,0,0,0,0,0,5.0,10.0,10.0,20.0,0,1000,4.451357841491699,0.1403566007092595,,max_step
1370,crossover,0,crossover,,select_lane|ego_on_intersection|intersection_has_cars,1,0,0,0,0,0,10.0,5.0,5.0,20.0,0,305,191.6383056640625,6.519649238713452,,out_of_road
1371,fresh,0,fresh,,,0,0,0,12,0,1,15.0,40.0,10.0,10.0,3,360,-0.7413640022277832,0.1165575079775105,,out_of_road
1372,replay,0,replay,,,0,0,0,12,0,1,15.0,40.0,10.0,10.0,3,932,-3.2849154472351074,0.18212742796327616,,out_of_road
1373,fresh,0,fresh,,,0,0,0,0,0,0,10.0,5.0,5.0,20.0,0,682,34.965248107910156,0.25514563047559247,rejection_fallback,out_of_road
1374,mutation,0,mutation,brake_dist,,0,0,0,0,0,0,10.0,5.0,5.0,20.0,0,130,-6.314626693725586,0.013402766906298123,,out_of_road
1375,fresh,0,fresh,,,0,0,0,0,0,0,10.0,10.0,10.0,10.0,0,397,-0.9144115447998047,0.07241659915961457,,out_of_road
1376,crossover,0,crossover,,select_lane|ego_on_intersection|intersection_has_cars|distractor_cars,4,0,0,0,0,0,20.0,20.0,10.0,20.0,0,236,196.97683715820312,7.594097803457308,,out_of_road
1377,fresh,0,fresh,,,0,1,0,2,0,1,10.0,5.0,5.0,55.0,2,1000,5.051122188568115,0.1958928480388131,,max_step
1378,mutation,0,mutation,brake_dist,,1,0,0,2,0,0,15.0,40.0,10.0,10.0,0,93,-2.151364803314209,0.5510149162302735,,out_of_road
1379,fresh,0,fresh,,,0,1,1,4,1,0,10.0,20.0,15.0,35.0,2,42,-1.4652905464172363,0.14938810662854285,,out_of_road
1380,mutation,0,mutation,brake_dist,,1,1,1,3,0,0,20.0,5.0,5.0,35.0,1,45,-1.5750114917755127,0.23993520902262794,,out_of_road
1381,fresh,0,fresh,,,0,1,0,4,1,1,10.0,10.0,15.0,35.0,0,37,4.137109756469727,0.23096573030626452,,crash_vehicle
1382,mutation,0,mutation,maximum_distractor_speed,,1,1,0,0,0,0,15.0,40.0,5.0,10.0,0,171,92.67339324951172,3.2594516336569312,,out_of_road
1383,fresh,0,fresh,,,0,1,1,1,0,0,10.0,40.0,5.0,55.0,1,76,27.020164489746094,0.4790104646725874,,out_of_road
1384,crossover,0,crossover,,select_lane|ego_on_intersection|intersection_has_cars|distractor_cars|has_cluster|maximum_distractor_speed|distance_to_nearest,5,0,0,0,0,0,10.0,5.0,10.0,20.0,0,54,1.2358756065368652,0.3785667572584417,,out_of_road
1385,fresh,0,fresh,,,0,0,0,18,1,1,5.0,20.0,10.0,35.0,0,82,16.219772338867188,0.5355519281654824,,crash_vehicle
1386,crossover,0,crossover,,distractor_cars|intersection_cars|has_cluster|maximum_distractor_speed|distance_to_nearest,4,0,0,5,1,1,20.0,20.0,10.0,35.0,1,60,16.96396827697754,0.36933135737975437,,crash_vehicle
1387,fresh,0,fresh,,,0,1,0,8,1,0,10.0,40.0,5.0,55.0,2,56,-1.5683903694152832,0.05741216880934579,,out_of_road
1388,crossover,0,crossover,,distractor_cars|has_brake_checker|has_cluster|distance_to_nearest|brake_dist,4,0,0,3,1,0,10.0,20.0,10.0,35.0,2,89,40.04310607910156,1.1541966894704305,,crash_vehicle
1389,fresh,0,fresh,,,0,1,0,3,0,0,15.0,5.0,10.0,10.0,2,503,39.708763122558594,1.460819107756226,,out_of_road
1390,mutation,0,mutation,brake_dist,,1,0,0,8,0,1,15.0,40.0,5.0,20.0,3,269,56.166770935058594,2.35361033406621,,crash_vehicle
1391,fresh,0,fresh,,,0,1,1,0,1,0,15.0,20.0,15.0,35.0,0,819,-1.8535711765289307,0.11040590256816447,,out_of_road
1392,mutation,0,mutation,distance_to_nearest,,1,0,0,18,1,0,15.0,5.0,10.0,55.0,2,26,-0.22667884826660156,0.18999489969932115,,crash_vehicle
1393,fresh,0,fresh,,,0,1,0,8,1,1,15.0,40.0,15.0,55.0,3,153,85.56009674072266,2.7811004020809347,,crash_vehicle
1394,mutation,0,mutation,distance_to_nearest,,1,1,0,8,1,1,15.0,5.0,15.0,55.0,3,134,50.832496643066406,5.457235526237914,,crash_vehicle
1395,fresh,0,fresh,,,0,1,1,2,1,0,15.0,40.0,15.0,55.0,2,80,2.8569188117980957,0.6653942139819264,,out_of_road
1396,mutation,0,mutation,select_road|select_lane|ego_on_intersection|intersection_has_cars,,2,1,0,0,0,0,5.0,20.0,10.0,35.0,0,72,-2.1562273502349854,0.0,,out_of_road
1397,fresh,0,fresh,,,0,0,0,0,1,0,15.0,10.0,10.0,10.0,0,42,7.5642595291137695,0.24722162368042128,,crash_vehicle
1398,mutation,0,mutation,cluster_dist,,1,0,0,2,1,1,20.0,20.0,5.0,35.0,1,365,-1.0401160717010498,0.05462111408426745,,out_of_road
1399,fresh,0,fresh,,,0,0,0,0,1,0,5.0,40.0,15.0,20.0,0,243,-8.560274124145508,0.20696678182010542,,out_of_road
1400,crossover,0,crossover,,select_lane|ego_on_intersection|intersection_has_cars|has_cluster|maximum_distractor_speed|distance_to_nearest|cluster_dist|brake_dist,7,0,0,2,0,0,20.0,5.0,10.0,20.0,1,96,-0.33305931091308594,0.21229721792042255,,out_of_road
1401,fresh,0,fresh,,,0,1,0,18,1,0,10.0,20.0,5.0,35.0,0,300,-0.7356863021850586,0.12593527087941767,,out_of_road
1402,crossover,0,crossover,,select_lane|ego_on_intersection|intersection_has_cars|cluster_dist,1,0,0,4,1,0,20.0,5.0,5.0,55.0,0,108,-0.017847537994384766,0.22629972923271083,,out_of_road
1403,fresh,0,fresh,,,0,1,0,0,1,0,20.0,5.0,10.0,10.0,0,124,25.212148666381836,1.1203514758136965,,out_of_road
1404,crossover,0,crossover,,distractor_cars|has_brake_checker|intersection_cars|has_cluster|maximum_distractor_speed|cluster_dist|brake_dist,3,0,0,0,0,0,20.0,10.0,5.0,10.0,0,52,-2.2572202682495117,0.08349323244048999,,out_of_road
1405,fresh,0,fresh,,,0,0,0,12,1,0,5.0,5.0,5.0,20.0,2,63,6.454509735107422,0.4673610220825861,,crash_vehicle
1406,replay,0,replay,,,0,0,0,12,1,0,5.0,5.0,5.0,20.0,2,30,10.535782814025879,4.175004878391822,,arrive_dest
1407,fresh,0,fresh,,,0,1,0,3,0,1,20.0,10.0,5.0,35.0,2,79,-1.9950065612792969,0.09008101156995266,,out_of_road
1408,replay,0,replay,,,0,1,0,3,0,1,20.0,10.0,5.0,35.0,2,170,108.5448226928711,5.005511358906241,,out_of_road
1409,fresh,0,fresh,,,0,1,0,4,1,0,20.0,10.0,10.0,20.0,2,1000,4.243880748748779,0.1492280402276665,,max_step
1410,mutation,0,mutation,select_road|select_lane|ego_on_intersection|intersection_has_cars,,3,0,0,3,1,0,20.0,5.0,10.0,35.0,0,167,-1.4886717796325684,0.09012010251868985,,crash_vehicle
1411,fresh,0,fresh,,,0,1,0,0,0,0,10.0,40.0,10.0,35.0,0,358,-1.2040412425994873,0.04169492478945485,,out_of_road
1412,mutation,0,mutation,maximum_distractor_speed,,0,1,0,3,1,1,5.0,40.0,15.0,55.0,3,153,100.2914810180664,4.384285696581299,,crash_vehicle
1413,fresh,0,fresh,,,0,1,0,5,0,1,10.0,20.0,10.0,10.0,0,1000,4.086470603942871,0.1958774803187698,,max_step
1414,mutation,0,mutation,has_brake_checker,,0,1,0,18,1,1,15.0,40.0,15.0,55.0,2,104,22.904083251953125,0.7329700222382178,,crash_vehicle
1415,fresh,0,fresh,,,0,0,0,5,0,1,15.0,5.0,5.0,35.0,3,52,5.118745803833008,1.4622907975258737,,crash_vehicle
1416,mutation,0,mutation,distance_to_nearest,,1,0,0,18,0,0,20.0,5.0,10.0,10.0,0,523,-2.1304564476013184,0.06770686347956412,,out_of_road
1417,fresh,0,fresh,,,0,0,0,4,0,1,15.0,20.0,15.0,55.0,2,148,15.315004348754883,0.18931322474334691,,crash_vehicle
1418,replay,0,replay,,,0,0,0,4,0,1,15.0,20.0,15.0,55.0,2,322,-2.123469352722168,0.15055480183489758,,out_of_road
1419,fresh,0,fresh,,,0,0,0,18,0,0,15.0,5.0,10.0,10.0,3,889,-1.55660080909729,0.16065138545310537,,out_of_road
1420,replay,0,replay,,,0,0,0,18,0,0,15.0,5.0,10.0,10.0,3,810,-0.6503500938415527,0.018077264844661257,,out_of_road
1421,fresh,0,fresh,,,0,0,0,12,1,0,10.0,40.0,15.0,55.0,0,474,-2.2032370567321777,0.11174884186232392,,out_of_road
1422,replay,0,replay,,,0,0,0,12,1,0,10.0,40.0,15.0,55.0,0,267,-2.258207082748413,0.2255578256780735,,crash_vehicle
1423,fresh,0,fresh,,,0,1,0,18,1,0,10.0,5.0,10.0,20.0,0,33,-0.7593288421630859,0.011566507093834154,,crash_vehicle
1424,mutation,0,mutation,maximum_distractor_speed,,1,1,0,8,1,1,10.0,40.0,15.0,55.0,3,66,8.68336009979248,0.5295539255620856,,crash_vehicle
1425,fresh,0,fresh,,,0,1,0,2,1,0,20.0,10.0,10.0,35.0,2,1000,62.8025016784668,0.5185189114422537,,max_step
1426,mutation,0,mutation,brake_dist,,0,1,1,5,1,1,20.0,20.0,15.0,35.0,1,1000,33.9211540222168,0.25229353292519224,,max_step
1427,fresh,0,fresh,,,0,0,0,2,1,1,10.0,20.0,5.0,55.0,0,1000,4.2341628074646,0.017143108501841198,,max_step
1428,mutation,0,mutation,has_cluster,,1,1,0,18,1,0,15.0,40.0,15.0,55.0,2,75,11.896974563598633,1.0469490567843118,,out_of_road
1429,fresh,0,fresh,,,0,0,0,5,1,0,10.0,20.0,10.0,55.0,1,1000,4.257414817810059,0.006518650263082236,,max_step
1430,replay,0,replay,,,0,0,0,5,1,0,10.0,20.0,10.0,55.0,1,517,50.56561279296875,0.41505021886536186,,out_of_road
1431,fresh,0,fresh,,,0,0,0,2,1,1,10.0,5.0,5.0,35.0,1,1000,5.565618515014648,0.030497635938227175,,max_step
1432,replay,0,replay,,,0,0,0,2,1,1,10.0,5.0,5.0,35.0,1,423,0.27641725540161133,0.033116250173419924,,out_of_road
1433,fresh,0,fresh,,,0,0,0,3,0,0,15.0,5.0,10.0,35.0,2,171,56.39781188964844,2.986698438201034,,out_of_road
1434,crossover,0,crossover,,select_lane|ego_on_intersection|intersection_has_cars|intersection_cars|distance_to_nearest,2,1,1,0,1,0,10.0,20.0,5.0,20.0,0,220,80.53417205810547,1.9941783894446086,,out_of_road
1435,fresh,0,fresh,,,0,1,1,4,0,0,10.0,10.0,15.0,10.0,1,172,61.374610900878906,2.8047101442203966,,out_of_road
1436,mutation,0,mutation,distance_to_nearest,,1,0,0,0,0,0,10.0,10.0,5.0,20.0,0,929,-1.5430474281311035,0.06130973582942464,,out_of_road
1437,fresh,0,fresh,,,0,1,0,5,1,0,10.0,10.0,5.0,55.0,3,1000,37.52442932128906,0.33182946979813277,,max_step
1438,replay,0,replay,,,0,1,0,5,1,0,10.0,10.0,5.0,55.0,3,277,88.52136993408203,2.134538160845476,,out_of_road
1439,fresh,0,fresh,,,0,0,0,18,1,1,15.0,10.0,5.0,55.0,0,751,26.658184051513672,0.3676936026196307,,crash_vehicle
1440,replay,0,replay,,,0,0,0,18,1,1,15.0,10.0,5.0,55.0,0,199,99.58393859863281,3.836161755137707,,crash_vehicle
1441,fresh,0,fresh,,,0,0,0,2,1,0,10.0,20.0,15.0,35.0,2,1000,1.4521682262420654,0.04499476475547999,,max_step
1442,crossover,0,crossover,,select_lane|ego_on_intersection|intersection_has_cars|has_brake_checker|has_cluster|maximum_distractor_speed|distance_to_nearest|cluster_dist|brake_dist,6,1,0,18,1,1,5.0,10.0,10.0,20.0,2,1000,4.179705619812012,0.04651033300859854,,max_step
1443,fresh,0,fresh,,,0,1,1,0,1,0,5.0,20.0,15.0,20.0,0,764,91.6671142578125,1.1583444036461696,,out_of_road
1444,mutation,0,mutation,intersection_cars,,0,0,0,2,1,0,10.0,40.0,5.0,55.0,2,1000,86.8712158203125,0.5497111465055495,,max_step
1445,fresh,0,fresh,,,0,0,0,4,0,1,5.0,10.0,10.0,10.0,0,37,4.5034685134887695,0.2264001433913772,,crash_vehicle
1446,replay,0,replay,,,0,0,0,4,0,1,5.0,10.0,10.0,10.0,0,30,1.8763914108276367,0.262635201215744,,crash_vehicle
1447,fresh,0,fresh,,,0,1,1,18,1,1,15.0,20.0,15.0,35.0,1,90,-3.875392198562622,0.011542405457132393,,crash_vehicle
1448,crossover,0,crossover,,distractor_cars|has_cluster|maximum_distractor_speed|brake_dist,3,0,0,5,0,0,20.0,5.0,5.0,55.0,0,453,-0.8483123779296875,0.2225851176129798,,out_of_road
1449,fresh,0,fresh,,,0,1,0,18,1,1,10.0,10.0,10.0,20.0,2,40,5.855430603027344,0.10530872792005538,,crash_vehicle
1450,mutation,0,mutation,brake_dist,,1,1,0,8,1,1,15.0,5.0,15.0,20.0,3,622,0.24840259552001953,0.024101744690412878,,crash_vehicle
1451,fresh,0,fresh,,,0,0,0,5,1,0,15.0,10.0,15.0,20.0,1,593,0.11201810836791992,0.020158014604177887,,out_of_road
1452,replay,0,replay,,,0,0,0,5,1,0,15.0,10.0,15.0,20.0,1,138,66.60403442382812,3.2660207515177517,,crash_vehicle
1453,fresh,0,fresh,,,0,1,0,1,0,0,10.0,40.0,10.0,35.0,1,859,0.7026586532592773,0.005672083653691762,,out_of_road
1454,replay,0,replay,,,0,1,0,1,0,0,10.0,40.0,10.0,35.0,1,104,48.21440124511719,1.237650120917421,,crash_vehicle
1455,fresh,0,fresh,,,0,1,1,8,1,0,10.0,20.0,15.0,35.0,0,94,37.0508918762207,1.1571846636051828,,crash_vehicle
1456,mutation,0,mutation,maximum_distractor_speed,,0,1,0,1,1,1,5.0,10.0,10.0,20.0,1,502,0.7154541015625,0.012771424258580483,,out_of_road
1457,fresh,0,fresh,,,0,0,0,5,1,1,15.0,5.0,10.0,35.0,1,202,43.679325103759766,3.439861280493217,,out_of_road
1458,crossover,0,crossover,,brake_dist,1,0,0,3,0,0,15.0,10.0,10.0,10.0,0,511,0.21648311614990234,0.039011005946907075,,out_of_road
1459,fresh,0,fresh,,,0,0,0,18,1,1,20.0,20.0,10.0,35.0,3,659,0.7701058387756348,0.011240715268371861,,out_of_road
1460,mutation,0,mutation,select_road|select_lane|ego_on_intersection|intersection_has_cars,,1,0,0,2,1,1,10.0,5.0,10.0,20.0,2,117,52.798316955566406,1.9116627538306081,,crash_vehicle
1461,fresh,0,fresh,,,0,1,0,5,0,0,15.0,10.0,10.0,20.0,3,589,0.8953585624694824,0.011327659763421085,,out_of_road
1462,mutation,0,mutation,distance_to_nearest,,0,0,0,18,0,0,20.0,40.0,10.0,10.0,0,94,-2.3948044776916504,0.22032635286450386,,crash_vehicle
1463,fresh,0,fresh,,,0,1,0,8,1,0,5.0,10.0,5.0,20.0,3,37,4.280224800109863,0.09699748013470624,,crash_vehicle
1464,mutation,0,mutation,select_road|select_lane|ego_on_intersection|intersection_has_cars,,3,0,0,5,0,0,20.0,20.0,10.0,20.0,0,630,0.25785017013549805,0.010054977683143482,,out_of_road
1465,fresh,0,fresh,,,0,0,0,1,0,1,10.0,5.0,10.0,10.0,1,141,50.19369125366211,1.6503665476826066,,out_of_road
1466,mutation,0,mutation,intersection_cars,,1,0,0,8,0,0,15.0,20.0,15.0,35.0,1,250,144.5088653564453,5.698503020882606,,out_of_road
1467,fresh,0,fresh,,,0,1,0,18,0,0,10.0,10.0,5.0,20.0,2,223,101.82130432128906,3.6115730486208815,,crash_vehicle
1468,replay,0,replay,,,0,1,0,18,0,0,10.0,10.0,5.0,20.0,2,197,106.70407104492188,3.8669808163558166,,crash_vehicle
1469,fresh,0,fresh,,,0,1,0,12,1,1,20.0,10.0,15.0,20.0,0,38,5.783296585083008,0.23135895478098015,,crash_vehicle
1470,mutation,0,mutation,maximum_distractor_speed,,1,1,1,2,1,0,20.0,5.0,10.0,20.0,1,24,-0.49397897720336914,0.1089320182800293,,crash_vehicle
1471,fresh,0,fresh,,,0,1,1,18,0,1,20.0,40.0,15.0,35.0,3,802,-0.40807294845581055,0.19147393374734017,,crash_vehicle
1472,crossover,0,crossover,,has_brake_checker|has_cluster|distance_to_nearest|cluster_dist,3,0,0,2,0,0,10.0,5.0,10.0,55.0,0,33,-0.2248988151550293,0.21378355315237335,,crash_vehicle
1473,fresh,0,fresh,,,0,0,0,3,1,0,20.0,40.0,5.0,55.0,3,171,63.12389373779297,1.3202680561974731,,out_of_road
1474,crossover,0,crossover,,select_lane|ego_on_intersection|intersection_has_cars|distractor_cars|intersection_cars|has_cluster|distance_to_nearest|brake_dist,5,0,0,5,1,1,15.0,5.0,15.0,20.0,2,107,46.72867965698242,6.917735909747186,,crash_vehicle
1475,fresh,0,fresh,,,0,1,0,4,1,0,20.0,5.0,5.0,20.0,3,40,3.8161792755126953,1.0914509169757367,,crash_vehicle
1476,crossover,0,crossover,,select_lane|ego_on_intersection|intersection_has_cars|distractor_cars|has_brake_checker|maximum_distractor_speed|cluster_dist,3,1,0,1,1,1,5.0,40.0,10.0,55.0,0,414,56.85468673706055,0.9451039480765301,,out_of_road
1477,fresh,0,fresh,,,0,0,0,4,0,1,20.0,10.0,15.0,35.0,3,399,-2.201007604598999,0.07038734687543602,,crash_vehicle
1478,replay,0,replay,,,0,0,0,4,0,1,20.0,10.0,15.0,35.0,3,647,0.16727352142333984,0.008379124735454688,,out_of_road
1479,fresh,0,fresh,,,0,0,0,0,1,0,5.0,20.0,15.0,10.0,0,115,34.180789947509766,3.2790026001308274,,out_of_road
1480,crossover,0,crossover,,select_lane|ego_on_intersection|intersection_has_cars|has_brake_checker|intersection_cars|maximum_distractor_speed|cluster_dist|brake_dist,2,0,0,0,0,0,5.0,5.0,10.0,35.0,0,330,-1.8923923969268799,0.07139612335824605,,out_of_road
1481,fresh,0,fresh,,,0,1,0,1,1,1,15.0,5.0,5.0,35.0,1,572,33.68046951293945,0.11367565954836342,,out_of_road
1482,mutation,0,mutation,select_road|select_lane|ego_on_intersection|intersection_has_cars,,2,0,0,8,1,1,15.0,5.0,15.0,55.0,3,44,5.522237777709961,0.6593815144151449,,crash_vehicle
1483,fresh,0,fresh,,,0,1,1,2,1,0,10.0,5.0,5.0,55.0,2,364,234.8300018310547,6.172961439691729,,out_of_road
1484,replay,0,replay,,,0,1,1,2,1,0,10.0,5.0,5.0,55.0,2,379,162.8375701904297,4.45830667171244,,out_of_road
1485,fresh,0,fresh,,,0,0,0,0,0,0,5.0,10.0,15.0,20.0,0,432,188.16954040527344,4.868958049936703,,out_of_road
1486,crossover,0,crossover,,has_brake_checker|maximum_distractor_speed|brake_dist,2,0,0,0,0,0,5.0,5.0,5.0,55.0,0,288,6.217602729797363,0.16199329300110954,,out_of_road
1487,fresh,0,fresh,,,0,1,1,8,0,1,15.0,40.0,15.0,10.0,2,437,0.5052657127380371,0.012883540737608903,,out_of_road
1488,replay,0,replay,,,0,1,1,8,0,1,15.0,40.0,15.0,10.0,2,145,70.79256439208984,3.788457151939129,,crash_vehicle
1489,fresh,0,fresh,,,0,1,0,8,0,1,5.0,5.0,15.0,20.0,0,25,-0.8165507316589355,0.002688446044921875,,crash_vehicle
1490,crossover,0,crossover,,select_lane|ego_on_intersection|intersection_has_cars|distractor_cars|has_brake_checker|intersection_cars|has_cluster|maximum_distractor_speed|distance_to_nearest,7,0,0,0,1,0,10.0,5.0,5.0,55.0,0,215,5.870945930480957,0.4795191789825642,,out_of_road
1491,fresh,0,fresh,,,0,0,0,2,1,1,5.0,40.0,5.0,55.0,2,168,100.27376556396484,3.662831054202148,,crash_vehicle
1492,crossover,0,crossover,,select_lane|ego_on_intersection|intersection_has_cars|intersection_cars|has_cluster|maximum_distractor_speed|cluster_dist|brake_dist,5,0,0,4,1,0,20.0,5.0,10.0,20.0,0,26,-0.22362232208251953,0.1946876232440655,,crash_vehicle
1493,fresh,0,fresh,,,0,0,0,18,0,0,20.0,40.0,15.0,55.0,1,167,91.66651916503906,3.9265955300209763,,out_of_road
1494,crossover,0,crossover,,select_lane|ego_on_intersection|intersection_has_cars|has_brake_checker,1,0,0,5,0,0,15.0,40.0,15.0,20.0,2,293,121.46943664550781,4.6914372714840304,,out_of_road
1495,fresh,0,fresh,,,0,1,1,12,1,0,10.0,20.0,15.0,35.0,1,583,46.07590866088867,0.9758951191919797,,out_of_road
1496,mutation,0,mutation,cluster_dist,,1,0,0,0,0,0,10.0,5.0,15.0,20.0,0,266,141.49847412109375,6.287938001460599,,out_of_road
1497,fresh,0,fresh,,,0,1,1,18,0,1,20.0,40.0,10.0,35.0,3,97,30.67392349243164,0.5283350637278605,,crash_vehicle
1498,crossover,0,crossover,,select_lane|ego_on_intersection|intersection_has_cars|distractor_cars|has_brake_checker|intersection_cars|has_cluster|maximum_distractor_speed,5,0,0,0,0,0,20.0,20.0,5.0,35.0,0,714,0.7566184997558594,0.09275771421771653,,out_of_road
1499,fresh,0,fresh,,,0,0,0,1,1,1,10.0,10.0,15.0,20.0,1,46,-6.286155700683594,0.05477908383245054,,out_of_road
1500,crossover,0,crossover,,distractor_cars|has_cluster|maximum_distractor_speed|distance_to_nearest,2,0,0,0,0,0,10.0,5.0,15.0,10.0,0,63,-2.476330518722534,0.11347229542240264,,out_of_road
1501,fresh,0,fresh,,,0,1,1,5,1,1,5.0,20.0,10.0,35.0,0,59,16.506616592407227,0.7138431057081385,,crash_vehicle
1502,mutation,0,mutation,has_cluster,,1,0,0,5,0,1,15.0,40.0,15.0,20.0,2,121,48.68068313598633,3.9796972844965204,,crash_vehicle
1503,fresh,0,fresh,,,0,1,1,5,0,0,20.0,5.0,5.0,55.0,3,220,69.26130676269531,3.4780531124296514,,out_of_road
1504,crossover,0,crossover,,select_lane|ego_on_intersection|intersection_has_cars|distractor_cars|has_brake_checker|has_cluster|maximum_distractor_speed|brake_dist,7,1,1,12,0,1,20.0,5.0,10.0,55.0,2,26,-0.40914440155029297,0.0,,crash_vehicle
1505,fresh,0,fresh,,,0,0,0,4,1,1,10.0,40.0,10.0,55.0,2,88,32.10951232910156,1.2669293399561534,,crash_vehicle
1506,replay,0,replay,,,0,0,0,4,1,1,10.0,40.0,10.0,55.0,2,28,-0.32818126678466797,0.12499168940952846,,crash_vehicle
1507,fresh,0,fresh,,,0,0,0,2,1,0,15.0,5.0,5.0,35.0,0,130,-0.9769377708435059,0.13664346699817823,,crash_vehicle
1508,replay,0,replay,,,0,0,0,2,1,0,15.0,5.0,5.0,35.0,0,170,93.78299713134766,3.121668947137454,,out_of_road
1509,fresh,0,fresh,,,0,1,1,1,1,1,20.0,20.0,10.0,35.0,1,397,1.5379462242126465,0.025871367855302484,,out_of_road
1510,mutation,0,mutation,has_cluster,,1,1,1,4,0,1,10.0,10.0,15.0,10.0,1,67,15.986515045166016,1.5378168167462989,,crash_vehicle
1511,fresh,0,fresh,,,0,1,0,4,0,0,20.0,5.0,5.0,10.0,1,281,54.226619720458984,2.0295042089945587,,out_of_road
1512,mutation,0,mutation,has_brake_checker,,1,0,0,0,1,0,5.0,20.0,15.0,10.0,0,38,4.536465644836426,0.20739767269084328,,crash_vehicle
1513,fresh,0,fresh,,,0,0,0,4,1,0,10.0,40.0,15.0,55.0,1,329,192.17465209960938,6.371503344603947,,out_of_road
1514,mutation,0,mutation,brake_dist,,1,1,1,3,1,0,20.0,5.0,10.0,55.0,0,66,20.470829010009766,4.284430516037074,,crash_vehicle
1515,fresh,0,fresh,,,0,1,0,12,0,1,15.0,10.0,15.0,55.0,2,54,14.412960052490234,0.671486261404223,,crash_vehicle
1516,crossover,0,crossover,,select_lane|ego_on_intersection|intersection_has_cars|has_brake_checker|intersection_cars|cluster_dist,2,0,0,0,0,0,20.0,20.0,5.0,20.0,0,183,140.23681640625,7.0647725668109835,,out_of_road
1517,fresh,0,fresh,,,0,1,1,0,1,0,20.0,40.0,5.0,10.0,0,279,1.7142233848571777,0.09375148000843209,,out_of_road
1518,mutation,0,mutation,distance_to_nearest,,1,1,0,3,1,1,5.0,20.0,15.0,55.0,3,96,4.164100646972656,0.2934862437347571,,out_of_road
1519,fresh,0,fresh,,,0,0,0,1,1,1,10.0,5.0,15.0,20.0,1,161,45.16556930541992,2.5066874124433682,,out_of_road
1520,crossover,0,crossover,,select_lane|ego_on_intersection|intersection_has_cars|distractor_cars|intersection_cars|cluster_dist|brake_dist,4,0,0,0,0,0,20.0,40.0,15.0,20.0,0,267,146.95553588867188,6.39931613809607,,out_of_road
1521,fresh,0,fresh,,,0,1,0,8,0,0,15.0,40.0,10.0,35.0,1,308,191.7593994140625,7.134502727489967,,out_of_road
1522,crossover,0,crossover,,distractor_cars|intersection_cars|maximum_distractor_speed|brake_dist,5,0,0,0,1,0,5.0,20.0,15.0,10.0,0,322,5.269165992736816,0.19424178354696642,,out_of_road
1523,fresh,0,fresh,,,0,1,0,8,1,1,10.0,20.0,5.0,35.0,2,59,15.162710189819336,0.552501090754897,,crash_vehicle
1524,crossover,0,crossover,,intersection_cars|has_cluster,2,1,1,12,1,1,10.0,20.0,15.0,35.0,2,76,21.066349029541016,0.43794694856593486,,crash_vehicle
1525,fresh,0,fresh,,,0,1,0,4,0,0,20.0,20.0,5.0,35.0,2,57,17.61390495300293,0.5045838342946872,,crash_vehicle
1526,crossover,0,crossover,,select_lane|ego_on_intersection|intersection_has_cars|distractor_cars|intersection_cars|has_cluster|maximum_distractor_speed|cluster_dist|brake_dist,5,0,0,0,0,0,10.0,20.0,5.0,35.0,0,272,161.40875244140625,4.207414910169867,,out_of_road
1527,fresh,0,fresh,,,0,0,0,8,1,0,20.0,5.0,15.0,55.0,0,42,7.368902206420898,1.1944002913577216,,crash_vehicle
1528,replay,0,replay,,,0,0,0,8,1,0,20.0,5.0,15.0,55.0,0,180,110.72708129882812,6.565580329298973,,out_of_road
1529,fresh,0,fresh,,,0,1,1,8,0,0,5.0,20.0,15.0,20.0,2,121,5.000147819519043,0.31291548156541243,,out_of_road
1530,replay,0,replay,,,0,1,1,8,0,0,5.0,20.0,15.0,20.0,2,45,-1.287644863128662,0.38284451829062566,,out_of_road
1531,fresh,0,fresh,,,0,0,0,2,1,0,5.0,10.0,5.0,55.0,0,72,-2.0332555770874023,0.4898293862740199,,out_of_road
1532,replay,0,replay,,,0,0,0,2,1,0,5.0,10.0,5.0,55.0,0,194,128.2344970703125,5.716879130024271,,out_of_road
1533,fresh,0,fresh,,,0,1,0,8,0,1,5.0,10.0,10.0,20.0,3,296,1.86189603805542,0.708009239676333,,out_of_road
1534,mutation,0,mutation,select_road|select_lane|ego_on_intersection|intersection_has_cars,,1,0,0,2,1,0,5.0,20.0,15.0,35.0,1,56,13.107383728027344,1.022379287651607,,crash_vehicle
1535,fresh,0,fresh,,,0,0,0,4,1,1,5.0,10.0,15.0,35.0,3,375,1.9677824974060059,0.38498184507588545,,out_of_road
1536,replay,0,replay,,,0,0,0,4,1,1,5.0,10.0,15.0,35.0,3,240,179.64051818847656,6.07177518264701,,out_of_road
1537,fresh,0,fresh,,,0,1,1,5,0,1,5.0,40.0,10.0,20.0,3,93,42.072532653808594,0.8704393022964078,,crash_vehicle
1538,replay,0,replay,,,0,1,1,5,0,1,5.0,40.0,10.0,20.0,3,182,49.046714782714844,2.3982556101221304,,crash_vehicle
1539,fresh,0,fresh,,,0,1,0,12,1,0,5.0,5.0,15.0,20.0,1,68,10.956512451171875,1.133396964520216,,crash_vehicle
1540,crossover,0,crossover,,distractor_cars|has_brake_checker|maximum_distractor_speed|distance_to_nearest|cluster_dist,5,0,0,0,0,0,20.0,20.0,5.0,10.0,0,205,54.47059631347656,2.840326473189563,,out_of_road
1541,fresh,0,fresh,,,0,1,1,5,1,1,20.0,10.0,10.0,20.0,2,168,-2.293600082397461,0.18386929034299793,,crash_vehicle
1542,mutation,0,mutation,has_cluster,,0,1,0,5,1,0,20.0,20.0,5.0,55.0,3,132,86.20174407958984,5.213464577992757,,crash_vehicle
1543,fresh,0,fresh,,,0,1,0,18,0,0,20.0,20.0,15.0,55.0,1,137,1.2225632667541504,0.14871395414654356,,crash_vehicle
1544,crossover,0,crossover,,distractor_cars|has_brake_checker|intersection_cars|has_cluster|maximum_distractor_speed|distance_to_nearest|cluster_dist|brake_dist,5,0,0,5,0,0,15.0,40.0,15.0,20.0,2,214,202.7457733154297,8.88504476079317,,out_of_road
1545,fresh,0,fresh,,,0,1,1,3,0,0,20.0,20.0,15.0,20.0,0,342,160.47825622558594,5.024865220600401,,out_of_road
1546,crossover,0,crossover,,select_lane|ego_on_intersection|intersection_has_cars|has_brake_checker,0,0,0,0,0,0,5.0,20.0,15.0,10.0,0,295,187.2840576171875,6.466560830807282,,out_of_road
1547,fresh,0,fresh,,,0,1,1,12,0,1,10.0,20.0,10.0,35.0,1,323,2.639832019805908,0.09331115587519326,,out_of_road
1548,crossover,0,crossover,,distractor_cars|has_cluster|maximum_distractor_speed,2,0,0,5,0,0,15.0,20.0,5.0,55.0,0,96,52.278411865234375,2.9591587403168282,,crash_vehicle
1549,fresh,0,fresh,,,0,0,0,18,0,0,15.0,10.0,5.0,10.0,0,186,3.435276985168457,0.24109980612192103,,out_of_road
1550,mutation,0,mutation,maximum_distractor_speed,,1,0,0,0,0,0,20.0,5.0,5.0,35.0,0,160,109.89878845214844,5.24930893778801,,out_of_road
1551,fresh,0,fresh,,,0,0,0,4,1,0,10.0,20.0,15.0,35.0,0,100,46.56018829345703,2.1926373201608658,,crash_vehicle
1552,crossover,0,crossover,,distractor_cars|intersection_cars|cluster_dist,4,0,0,0,1,0,15.0,5.0,5.0,20.0,0,130,57.01491928100586,1.9885539800501786,,crash_vehicle
1553,fresh,0,fresh,,,0,0,0,5,0,1,5.0,5.0,10.0,35.0,1,24,0.08134746551513672,0.09134825070699056,,crash_vehicle
1554,replay,0,replay,,,0,0,0,5,0,1,5.0,5.0,10.0,35.0,1,265,191.3063201904297,7.705470674667718,,out_of_road
1555,fresh,0,fresh,,,0,1,0,5,1,0,5.0,20.0,10.0,35.0,0,81,31.360797882080078,2.3966912423019058,,crash_vehicle
1556,replay,0,replay,,,0,1,0,5,1,0,5.0,20.0,10.0,35.0,0,104,42.86110305786133,5.721707766159223,,crash_vehicle
1557,fresh,0,fresh,,,0,0,0,3,1,0,5.0,20.0,10.0,55.0,0,99,40.55965042114258,1.297782772719258,,crash_vehicle
1558,replay,0,replay,,,0,0,0,3,1,0,5.0,20.0,10.0,55.0,0,257,188.3962860107422,6.875623166793051,,out_of_road
1559,fresh,0,fresh,,,0,0,0,12,0,1,15.0,40.0,5.0,55.0,3,82,33.98051452636719,0.6300922399613915,,crash_vehicle
1560,replay,0,replay,,,0,0,0,12,0,1,15.0,40.0,5.0,55.0,3,211,81.05300903320312,4.380067720514903,,crash_vehicle
1561,fresh,0,fresh,,,0,1,1,8,0,0,15.0,5.0,10.0,55.0,1,188,1.693122386932373,0.4896673786830395,,crash_vehicle
1562,replay,0,replay,,,0,1,1,8,0,0,15.0,5.0,10.0,55.0,1,175,126.13455200195312,5.669100022486278,,out_of_road
1563,fresh,0,fresh,,,0,1,1,4,0,0,15.0,20.0,15.0,10.0,1,193,5.285341262817383,0.14457263108439397,,out_of_road
1564,mutation,0,mutation,has_brake_checker,,0,0,0,5,0,0,15.0,40.0,10.0,20.0,2,235,193.02175903320312,8.147285949422958,,out_of_road
1565,fresh,0,fresh,,,0,1,0,2,1,0,20.0,10.0,10.0,20.0,0,38,4.58969783782959,0.21638037029065585,,crash_vehicle
1566,replay,0,replay,,,0,1,0,2,1,0,20.0,10.0,10.0,20.0,0,84,36.24445343017578,1.0097260109281965,,crash_vehicle
1567,fresh,0,fresh,,,0,1,0,1,0,0,20.0,10.0,15.0,35.0,1,241,186.1551513671875,6.296872553241698,,out_of_road
1568,replay,0,replay,,,0,1,0,1,0,0,20.0,10.0,15.0,35.0,1,55,14.987556457519531,2.1798547863960267,,crash_vehicle
1569,fresh,0,fresh,,,0,0,0,12,1,1,20.0,40.0,5.0,55.0,3,73,32.75163650512695,1.659148833523058,,crash_vehicle
1570,mutation,0,mutation,cluster_dist,,1,0,0,3,0,0,15.0,5.0,5.0,35.0,2,35,5.175870895385742,0.9873864429337638,,crash_vehicle
1571,fresh,0,fresh,,,0,0,0,2,0,0,10.0,40.0,15.0,20.0,2,106,4.218816757202148,0.3821416342947281,,out_of_road
1572,replay,0,replay,,,0,0,0,2,0,0,10.0,40.0,15.0,20.0,2,341,246.62457275390625,7.121031452134208,,out_of_road
1573,fresh,0,fresh,,,0,0,0,12,1,0,5.0,5.0,15.0,35.0,1,28,-0.3040132522583008,0.19772200765354292,,crash_vehicle
1574,mutation,0,mutation,cluster_dist,,1,1,1,2,1,0,10.0,5.0,10.0,55.0,2,117,42.83713912963867,1.5562520001688573,,out_of_road
1575,fresh,0,fresh,,,0,1,0,2,0,0,20.0,20.0,15.0,35.0,2,87,32.85531234741211,0.5405657359923439,,out_of_road
1576,replay,0,replay,,,0,1,0,2,0,0,20.0,20.0,15.0,35.0,2,93,11.168432235717773,3.906056732259771,,out_of_road
1577,fresh,0,fresh,,,0,0,0,3,1,1,20.0,40.0,10.0,55.0,0,316,5.303152084350586,0.15605399215924023,,out_of_road
1578,crossover,0,crossover,,maximum_distractor_speed|distance_to_nearest,2,0,0,0,0,0,20.0,5.0,15.0,10.0,0,251,199.24977111816406,7.800638874154167,,out_of_road
1579,fresh,0,fresh,,,0,1,0,4,0,1,15.0,20.0,15.0,20.0,2,148,5.122694969177246,0.16498482096436862,,out_of_road
1580,crossover,0,crossover,,select_lane|ego_on_intersection|intersection_has_cars|distractor_cars|intersection_cars|has_cluster|distance_to_nearest|cluster_dist,8,1,1,0,1,0,5.0,20.0,10.0,55.0,0,168,95.65441131591797,3.158812692654984,,crash_vehicle
1581,fresh,0,fresh,,,0,1,0,4,0,0,20.0,20.0,15.0,35.0,2,109,54.724273681640625,2.7051713704516036,,out_of_road
1582,crossover,0,crossover,,distractor_cars|maximum_distractor_speed|distance_to_nearest|cluster_dist,2,1,1,5,1,1,20.0,5.0,5.0,35.0,1,64,15.530773162841797,3.0463190502487123,,crash_vehicle
1583,fresh,0,fresh,,,0,0,0,2,0,1,15.0,20.0,5.0,10.0,2,152,84.56372833251953,2.852037193743806,,out_of_road
1584,crossover,0,crossover,,intersection_cars|has_cluster|maximum_distractor_speed|cluster_dist|brake_dist,3,0,0,0,0,0,20.0,5.0,10.0,10.0,0,92,2.739553928375244,0.004125740541064221,,out_of_road
1585,fresh,0,fresh,,,0,1,0,5,1,1,10.0,20.0,5.0,35.0,0,50,15.16786003112793,0.5101277589797973,,crash_vehicle
1586,replay,0,replay,,,0,1,0,5,1,1,10.0,20.0,5.0,35.0,0,251,173.2528533935547,6.138161468731455,,out_of_road
1587,fresh,0,fresh,,,0,0,0,4,1,0,5.0,5.0,10.0,20.0,1,212,6.078902244567871,0.17695851881882912,,out_of_road
1588,mutation,0,mutation,has_cluster,,0,0,0,8,0,0,15.0,20.0,15.0,35.0,3,239,200.5934295654297,7.625607391032215,,out_of_road
1589,fresh,0,fresh,,,0,1,1,1,1,0,20.0,40.0,15.0,55.0,1,225,79.50552368164062,1.3248326638506518,,out_of_road
1590,mutation,0,mutation,brake_dist,,0,0,0,0,0,0,20.0,20.0,10.0,20.0,0,658,4.173547744750977,0.15477356988169524,,out_of_road
1591,fresh,0,fresh,,,0,1,0,5,0,1,5.0,20.0,5.0,55.0,1,60,16.01265525817871,0.3252676739046971,,crash_vehicle
1592,replay,0,replay,,,0,1,0,5,0,1,5.0,20.0,5.0,55.0,1,124,47.65216827392578,3.289458539697432,,out_of_road
1593,fresh,0,fresh,,,0,1,1,5,1,1,20.0,5.0,5.0,55.0,1,40,5.663134574890137,0.9562413807958364,,crash_vehicle
1594,mutation,0,mutation,intersection_cars,,1,0,0,4,1,0,20.0,5.0,5.0,55.0,3,43,-1.2077527046203613,1.0126973362856133,,out_of_road
1595,fresh,0,fresh,,,0,1,0,3,1,0,10.0,20.0,5.0,35.0,1,123,59.839080810546875,3.295639030817078,,crash_vehicle
1596,mutation,0,mutation,cluster_dist,,1,1,0,8,1,1,15.0,5.0,5.0,55.0,3,26,-0.047466278076171875,0.1380484654353215,,crash_vehicle
1597,fresh,0,fresh,,,0,1,0,3,0,0,20.0,10.0,10.0,10.0,3,74,14.464941024780273,1.5644319959588953,,out_of_road
1598,mutation,0,mutation,distractor_cars,,1,1,1,4,1,1,20.0,5.0,5.0,35.0,1,25,-0.036643028259277344,0.27544143676757815,,crash_vehicle
1599,fresh,0,fresh,,,0,0,0,5,1,1,20.0,5.0,10.0,55.0,2,256,96.82044982910156,3.8616623940179124,,out_of_road
1600,replay,0,replay,,,0,0,0,5,1,1,20.0,5.0,10.0,55.0,2,115,50.35790252685547,5.7278028685113656,,out_of_road
1601,fresh,0,fresh,,,0,1,1,5,0,1,20.0,10.0,15.0,10.0,1,48,10.625682830810547,0.9235942382365465,,crash_vehicle
1602,replay,0,replay,,,0,1,1,5,0,1,20.0,10.0,15.0,10.0,1,130,68.13745880126953,3.5505869393165295,,crash_vehicle
1603,fresh,0,fresh,,,0,0,0,18,0,1,15.0,40.0,10.0,10.0,3,76,4.06060791015625,0.8269232319373834,,out_of_road
1604,replay,0,replay,,,0,0,0,18,0,1,15.0,40.0,10.0,10.0,3,81,10.674675941467285,3.0366882100517367,,out_of_road
1605,fresh,0,fresh,,,0,1,0,1,0,1,20.0,5.0,10.0,20.0,1,97,32.36727523803711,0.3968754203356418,,out_of_road
1606,mutation,0,mutation,intersection_cars,,0,1,0,1,1,1,5.0,10.0,10.0,20.0,1,83,34.805782318115234,1.434247130819832,,crash_vehicle
1607,fresh,0,fresh,,,0,1,0,12,1,1,15.0,20.0,10.0,35.0,2,64,19.551166534423828,0.46953219547867775,,crash_vehicle
1608,crossover,0,crossover,,select_lane|ego_on_intersection|intersection_has_cars|has_brake_checker|has_cluster|maximum_distractor_speed|cluster_dist,3,0,0,2,0,0,15.0,40.0,5.0,55.0,2,214,125.23788452148438,3.939429547463622,,out_of_road
1609,fresh,0,fresh,,,0,0,0,0,0,0,20.0,20.0,15.0,10.0,0,243,152.00582885742188,4.162425748850583,,out_of_road
1610,crossover,0,crossover,,select_lane|ego_on_intersection|intersection_has_cars|has_brake_checker,2,0,0,0,1,0,5.0,10.0,15.0,20.0,0,96,47.56283950805664,1.8627792558011909,,crash_vehicle
1611,fresh,0,fresh,,,0,1,1,5,1,0,15.0,10.0,5.0,20.0,3,32,4.537685394287109,0.20261049270629883,,crash_vehicle
1612,replay,0,replay,,,0,1,1,5,1,0,15.0,10.0,5.0,20.0,3,269,164.2144012451172,4.6861066513012775,,out_of_road
1613,fresh,0,fresh,,,0,0,0,8,1,1,20.0,40.0,15.0,55.0,1,99,41.839839935302734,1.1618191060995815,,crash_vehicle
1614,crossover,0,crossover,,select_lane|ego_on_intersection|intersection_has_cars|maximum_distractor_speed|cluster_dist|brake_dist,4,0,0,1,0,0,5.0,5.0,15.0,20.0,1,122,49.57305145263672,0.727124604289649,,out_of_road
1615,fresh,0,fresh,,,0,0,0,0,0,0,5.0,20.0,5.0,35.0,0,160,81.79879760742188,3.077588522667065,,out_of_road
1616,mutation,0,mutation,maximum_distractor_speed,,0,1,0,3,1,1,5.0,40.0,15.0,55.0,3,99,35.40789031982422,0.4301033895274605,,out_of_road
1617,fresh,0,fresh,,,0,1,1,0,0,0,10.0,40.0,5.0,10.0,0,117,46.06237030029297,1.0282700586522746,,out_of_road
1618,crossover,0,crossover,,select_lane|ego_on_intersection|intersection_has_cars|distractor_cars|has_brake_checker,2,0,0,3,0,0,20.0,20.0,5.0,10.0,0,94,35.254310607910156,1.3810008785271264,,out_of_road
1619,fresh,0,fresh,,,0,1,0,2,1,0,5.0,20.0,5.0,35.0,2,160,77.28710174560547,1.8735468196216971,,crash_vehicle
1620,replay,0,replay,,,0,1,0,2,1,0,5.0,20.0,5.0,35.0,2,224,136.73651123046875,5.39430458318176,,out_of_road
1621,fresh,0,fresh,,,0,1,1,3,0,1,15.0,5.0,15.0,10.0,0,81,25.40555763244629,4.019031360561465,,crash_vehicle
1622,replay,0,replay,,,0,1,1,3,0,1,15.0,5.0,15.0,10.0,0,91,44.580013275146484,1.9534076354005834,,crash_vehicle
1623,fresh,0,fresh,,,0,1,1,5,0,0,20.0,10.0,10.0,20.0,2,49,9.793334007263184,0.5767532009251264,,crash_vehicle
1624,crossover,0,crossover,,distractor_cars|distance_to_nearest|brake_dist,3,0,0,3,0,0,10.0,10.0,5.0,55.0,0,83,22.16050910949707,1.36308797098786,,crash_vehicle
1625,fresh,0,fresh,,,0,0,0,12,0,1,10.0,20.0,5.0,20.0,0,59,15.045934677124023,0.6181120488603237,,crash_vehicle
1626,replay,0,replay,,,0,0,0,12,0,1,10.0,20.0,5.0,20.0,0,338,168.91392517089844,4.724716852578891,,out_of_road
1627,fresh,0,fresh,,,0,0,0,0,1,0,20.0,40.0,15.0,35.0,0,187,86.68696594238281,3.345831347420254,,arrive_dest
1628,crossover,0,crossover,,distractor_cars|distance_to_nearest|cluster_dist,2,1,1,0,1,0,20.0,20.0,10.0,55.0,0,307,138.6218719482422,4.539228690248165,,out_of_road
1629,fresh,0,fresh,,,0,0,0,5,0,0,20.0,20.0,15.0,35.0,2,94,3.5071229934692383,0.2030240493886014,,crash_vehicle
1630,crossover,0,crossover,,select_lane|ego_on_intersection|intersection_has_cars|distractor_cars|has_cluster|maximum_distractor_speed|cluster_dist|brake_dist,6,1,0,3,1,1,5.0,20.0,15.0,55.0,1,402,4.767650604248047,0.19569797907487965,,out_of_road
1631,fresh,0,fresh,,,0,0,0,2,0,0,5.0,40.0,15.0,20.0,2,101,35.06767654418945,0.9453184131053415,,out_of_road
1632,crossover,0,crossover,,distractor_cars|maximum_distractor_speed|distance_to_nearest|cluster_dist|brake_dist,3,0,0,0,0,0,5.0,20.0,15.0,10.0,0,277,158.42782592773438,3.066715338250575,,out_of_road
1633,fresh,0,fresh,,,0,1,1,5,0,0,5.0,10.0,10.0,55.0,2,493,12.207216262817383,0.3734866799163286,,out_of_road
1634,crossover,0,crossover,,select_lane|ego_on_intersection|intersection_has_cars|has_brake_checker|intersection_cars|has_cluster|distance_to_nearest|cluster_dist,5,0,0,3,0,1,5.0,40.0,5.0,55.0,3,90,27.018264770507812,0.19756335020065308,,out_of_road
1635,fresh,0,fresh,,,0,1,1,0,0,0,5.0,40.0,15.0,35.0,0,154,71.65972137451172,2.2633931491669124,,out_of_road
1636,replay,0,replay,,,0,1,1,0,0,0,5.0,40.0,15.0,35.0,0,108,39.03425979614258,4.919230955066504,,out_of_road
1637,fresh,0,fresh,,,0,1,0,4,0,1,15.0,20.0,10.0,35.0,0,59,16.710712432861328,0.29360709756107656,,crash_vehicle
1638,crossover,0,crossover,,has_brake_checker|has_cluster|distance_to_nearest,2,0,0,8,1,0,15.0,5.0,15.0,35.0,1,42,7.193926811218262,1.4234837705180758,,crash_vehicle
1639,fresh,0,fresh,,,0,0,0,12,0,0,10.0,5.0,5.0,20.0,0,57,-1.4779272079467773,0.01454498056779828,,crash_vehicle
1640,mutation,0,mutation,distance_to_nearest,,1,0,0,3,0,0,15.0,40.0,10.0,20.0,0,824,13.59394645690918,0.21024246696208704,,out_of_road
1641,fresh,0,fresh,,,0,0,0,18,0,0,15.0,40.0,10.0,10.0,3,112,45.70817565917969,2.563586112377899,,crash_vehicle
1642,replay,0,replay,,,0,0,0,18,0,0,15.0,40.0,10.0,10.0,3,294,170.66026306152344,3.560768573057084,,out_of_road
1643,fresh,0,fresh,,,0,0,0,12,1,0,15.0,40.0,15.0,55.0,2,160,82.03289031982422,1.9607598284259438,,crash_vehicle
1644,crossover,0,crossover,,select_lane|ego_on_intersection|intersection_has_cars|has_cluster|maximum_distractor_speed|distance_to_nearest|cluster_dist|brake_dist,3,0,0,0,0,0,20.0,40.0,10.0,10.0,0,290,159.59585571289062,4.986537361530394,,out_of_road
1645,fresh,0,fresh,,,0,1,0,8,1,0,15.0,40.0,10.0,55.0,3,140,73.70545959472656,1.967159613727459,,crash_vehicle
1646,replay,0,replay,,,0,1,0,8,1,0,15.0,40.0,10.0,55.0,3,240,178.43653869628906,5.328318872054418,,out_of_road
1647,fresh,0,fresh,,,0,1,1,1,0,0,10.0,40.0,5.0,10.0,1,276,168.922119140625,4.151098267323729,,out_of_road
1648,crossover,0,crossover,,select_lane|ego_on_intersection|intersection_has_cars|distractor_cars|has_brake_checker|has_cluster|maximum_distractor_speed|distance_to_nearest|cluster_dist,6,0,0,0,0,0,10.0,5.0,5.0,20.0,0,249,171.28225708007812,6.125221714736467,,out_of_road
1649,fresh,0,fresh,,,0,1,0,2,1,0,10.0,10.0,5.0,35.0,2,58,10.20667839050293,0.306611653031974,,crash_vehicle
1650,replay,0,replay,,,0,1,0,2,1,0,10.0,10.0,5.0,35.0,2,44,7.0247650146484375,1.0271261808547107,,crash_vehicle
1651,fresh,0,fresh,,,0,1,1,4,0,1,5.0,20.0,15.0,35.0,2,471,57.14374923706055,1.005837405179558,,crash_vehicle
1652,crossover,0,crossover,,distractor_cars|has_brake_checker|has_cluster|distance_to_nearest|cluster_dist,3,1,0,8,0,0,20.0,20.0,15.0,10.0,0,72,27.200664520263672,0.8392889605214199,,crash_vehicle
1653,fresh,0,fresh,,,0,1,0,2,0,0,20.0,20.0,10.0,20.0,2,936,9.131423950195312,0.3054190033212957,,out_of_road
1654,crossover,0,crossover,,select_lane|ego_on_intersection|intersection_has_cars|distractor_cars|has_brake_checker|intersection_cars|maximum_distractor_speed|distance_to_nearest|cluster_dist|brake_dist,7,1,0,0,0,0,15.0,40.0,5.0,10.0,0,106,38.164791107177734,0.601098192187975,,out_of_road
1655,fresh,0,fresh,,,0,1,0,0,1,0,10.0,10.0,15.0,35.0,0,132,78.69976043701172,2.526569999754429,,crash_vehicle
1656,replay,0,replay,,,0,1,0,0,1,0,10.0,10.0,15.0,35.0,0,236,184.45053100585938,7.100985503045179,,out_of_road
1657,fresh,0,fresh,,,0,0,0,12,1,1,5.0,40.0,5.0,55.0,0,80,29.113670349121094,0.6567674160003663,,crash_vehicle
1658,mutation,0,mutation,has_brake_checker,,1,1,0,5,0,0,20.0,20.0,5.0,55.0,3,298,52.297515869140625,1.8833717641064385,,crash_vehicle
1659,fresh,0,fresh,,,0,1,0,3,0,0,20.0,10.0,5.0,35.0,3,928,8.070869445800781,0.18713498073740428,,out_of_road
1660,crossover,0,crossover,,distractor_cars|distance_to_nearest,10,0,0,0,0,0,10.0,5.0,5.0,20.0,0,335,252.87295532226562,7.657646706388958,rejection_fallback,out_of_road
1661,fresh,0,fresh,,,0,0,0,18,1,1,10.0,10.0,10.0,20.0,1,90,2.9632434844970703,0.45207356214523314,,out_of_road
1662,mutation,0,mutation,has_brake_checker,,0,0,0,4,1,0,20.0,5.0,5.0,55.0,0,325,2.4790306091308594,0.062443756458277884,,out_of_road
1663,fresh,0,fresh,,,0,0,0,12,0,0,15.0,5.0,10.0,35.0,3,92,-2.870805263519287,0.021350490010303,,crash_vehicle
1664,replay,0,replay,,,0,0,0,12,0,0,15.0,5.0,10.0,35.0,3,46,7.788965225219727,1.2811037807360939,,crash_vehicle
1665,fresh,0,fresh,,,0,0,0,4,1,0,15.0,40.0,15.0,55.0,0,98,36.346248626708984,0.9125892553402453,,out_of_road
1666,crossover,0,crossover,,distractor_cars|intersection_cars|maximum_distractor_speed|cluster_dist,2,0,0,5,1,0,15.0,5.0,15.0,20.0,2,27,0.30646610260009766,0.0,,crash_vehicle
1667,fresh,0,fresh,,,0,1,1,2,0,1,5.0,10.0,15.0,35.0,2,98,26.236095428466797,0.5329992029131675,,out_of_road
1668,crossover,0,crossover,,distractor_cars|intersection_cars|has_cluster|distance_to_nearest|cluster_dist|brake_dist,5,1,0,2,0,0,20.0,40.0,5.0,55.0,2,338,70.53079986572266,1.948566483939893,,out_of_road
1669,fresh,0,fresh,,,0,0,0,12,1,0,15.0,40.0,10.0,55.0,2,263,78.25889587402344,2.3796109036177735,,crash_vehicle
1670,replay,0,replay,,,0,0,0,12,1,0,15.0,40.0,10.0,55.0,2,133,63.761505126953125,2.1621681752061486,,out_of_road
1671,fresh,0,fresh,,,0,1,0,5,1,0,10.0,20.0,10.0,35.0,0,727,9.003094673156738,0.24075736428266378,,out_of_road
1672,mutation,0,mutation,maximum_distractor_speed,,1,0,0,0,0,0,15.0,20.0,10.0,20.0,0,87,20.357688903808594,0.32826180293642243,,out_of_road
1673,fresh,0,fresh,,,0,1,0,18,1,1,20.0,10.0,10.0,20.0,0,36,5.4533796310424805,0.16514126459757486,,crash_vehicle
1674,replay,0,replay,,,0,1,0,18,1,1,20.0,10.0,10.0,20.0,0,77,1.6716508865356445,0.3794665630761679,,out_of_road
1675,fresh,0,fresh,,,0,1,0,18,0,1,20.0,40.0,5.0,10.0,1,78,27.129741668701172,0.32361509861090243,,crash_vehicle
1676,crossover,0,crossover,,distractor_cars|intersection_cars|has_cluster|brake_dist,1,0,0,0,0,0,10.0,5.0,5.0,20.0,0,62,2.602200508117676,0.5616719333394882,,out_of_road
1677,fresh,0,fresh,,,0,1,1,4,1,1,20.0,20.0,10.0,35.0,2,274,21.58171844482422,0.4911059525108685,,crash_vehicle
1678,crossover,0,crossover,,select_lane|ego_on_intersection|intersection_has_cars|maximum_distractor_speed,2,0,0,5,1,0,10.0,5.0,10.0,20.0,2,82,34.42375946044922,5.826232776409242,,crash_vehicle
1679,fresh,0,fresh,,,0,0,0,0,0,0,20.0,10.0,15.0,20.0,0,155,89.68699645996094,3.4447096697745785,,out_of_road
1680,mutation,0,mutation,has_cluster,,0,1,1,2,1,0,10.0,5.0,5.0,55.0,2,127,3.1890106201171875,0.7081882090960431,,out_of_road
1681,fresh,0,fresh,,,0,0,0,8,0,1,15.0,10.0,5.0,10.0,0,38,4.998797416687012,0.0,,crash_vehicle
1682,crossover,0,crossover,,has_brake_checker|maximum_distractor_speed|distance_to_nearest,1,1,1,5,0,0,15.0,20.0,10.0,35.0,1,73,21.164148330688477,0.8411938617490742,,crash_vehicle
1683,fresh,0,fresh,,,0,1,1,5,0,1,15.0,20.0,5.0,10.0,2,59,14.632162094116211,0.4092182274592125,,crash_vehicle
1684,replay,0,replay,,,0,1,1,5,0,1,15.0,20.0,5.0,10.0,2,123,73.05426025390625,2.4866829655034755,,out_of_road
1685,fresh,0,fresh,,,0,0,0,4,0,0,5.0,10.0,5.0,10.0,2,83,25.806154251098633,2.1664641944758865,,crash_vehicle
1686,replay,0,replay,,,0,0,0,4,0,0,5.0,10.0,5.0,10.0,2,225,184.27684020996094,7.803278449376424,,out_of_road
1687,fresh,0,fresh,,,0,0,0,3,1,0,5.0,10.0,5.0,20.0,0,36,4.762945175170898,0.2126086023118761,,crash_vehicle
1688,mutation,0,mutation,cluster_dist,,1,0,0,0,0,0,20.0,5.0,5.0,10.0,0,270,187.859619140625,5.438473840720124,,out_of_road
1689,fresh,0,fresh,,,0,1,1,3,0,0,5.0,40.0,10.0,10.0,2,88,41.18853759765625,0.7964064533060248,,crash_vehicle
1690,mutation,0,mutation,has_cluster,,0,1,0,0,0,0,20.0,40.0,5.0,10.0,0,85,4.451560974121094,0.5585484042106306,,out_of_road
1691,fresh,0,fresh,,,0,1,1,2,1,0,20.0,20.0,5.0,55.0,1,176,102.660888671875,4.19194852499376,,out_of_road
1692,replay,0,replay,,,0,1,1,2,1,0,20.0,20.0,5.0,55.0,1,237,175.0162811279297,5.087131780285373,,out_of_road
1693,fresh,0,fresh,,,0,1,0,0,0,0,5.0,40.0,10.0,20.0,0,86,28.366580963134766,1.6556325845940167,,out_of_road
1694,mutation,0,mutation,has_brake_checker,,0,1,0,8,1,0,15.0,20.0,5.0,55.0,3,111,66.10458374023438,3.2463899394413374,,crash_vehicle
1695,fresh,0,fresh,,,0,1,0,2,0,1,10.0,10.0,15.0,10.0,2,286,14.803199768066406,0.5611997360194271,,out_of_road
1696,mutation,0,mutation,has_brake_checker,,0,0,0,4,1,0,10.0,40.0,15.0,55.0,1,307,183.10057067871094,6.125765305194482,,out_of_road
1697,fresh,0,fresh,,,0,1,1,0,0,0,20.0,10.0,5.0,20.0,0,283,59.232643127441406,1.6913486843922112,,out_of_road
1698,crossover,0,crossover,,select_lane|ego_on_intersection|intersection_has_cars|distractor_cars|has_brake_checker|intersection_cars|maximum_distractor_speed|distance_to_nearest,5,0,0,5,0,0,15.0,40.0,5.0,20.0,2,102,31.939083099365234,2.0951368089984443,,crash_vehicle
1699,fresh,0,fresh,,,0,1,0,12,1,0,15.0,5.0,15.0,55.0,2,280,110.01578521728516,3.612382690076317,,out_of_road
1700,replay,0,replay,,,0,1,0,12,1,0,15.0,5.0,15.0,55.0,2,138,79.62406158447266,2.077265584598417,,crash_vehicle
1701,fresh,0,fresh,,,0,1,1,0,0,0,15.0,40.0,5.0,10.0,0,189,138.0712127685547,4.771402250837396,,out_of_road
1702,mutation,0,mutation,distance_to_nearest,,1,1,1,3,0,1,15.0,20.0,15.0,10.0,0,80,30.413127899169922,2.0564939975738525,,out_of_road
1703,fresh,0,fresh,,,0,1,1,3,0,0,5.0,40.0,5.0,20.0,3,115,56.37773895263672,0.6982502700194069,,out_of_road
1704,mutation,0,mutation,distractor_cars,,1,1,0,3,0,1,20.0,20.0,5.0,20.0,1,54,14.723007202148438,0.4091278711954753,,crash_vehicle
1705,fresh,0,fresh,,,0,0,0,18,0,1,10.0,10.0,5.0,20.0,0,34,4.937392234802246,0.18143008737003102,,crash_vehicle
1706,replay,0,replay,,,0,0,0,18,0,1,10.0,10.0,5.0,20.0,0,289,191.5574493408203,6.222313573925553,,out_of_road
1707,fresh,0,fresh,,,0,1,1,2,0,0,15.0,10.0,10.0,35.0,2,126,4.194479942321777,0.3892042161453338,,crash_vehicle
1708,replay,0,replay,,,0,1,1,2,0,0,15.0,10.0,10.0,35.0,2,127,39.80643081665039,4.434624649642959,,out_of_road
1709,fresh,0,fresh,,,0,1,1,12,0,0,20.0,5.0,10.0,10.0,2,146,78.15016174316406,7.908926290192016,,crash_vehicle
1710,crossover,0,crossover,,distractor_cars|intersection_cars|has_cluster,1,0,0,3,0,0,10.0,20.0,5.0,35.0,0,62,17.664440155029297,0.3607320184669187,,crash_vehicle
1711,fresh,0,fresh,,,0,0,0,1,1,0,5.0,10.0,15.0,20.0,1,68,23.620267868041992,0.4816001381396371,,crash_vehicle
1712,mutation,0,mutation,distance_to_nearest,,1,0,0,18,1,0,15.0,10.0,10.0,55.0,2,169,102.46627807617188,7.662943439723472,,crash_vehicle
1713,fresh,0,fresh,,,0,1,1,12,0,0,15.0,5.0,10.0,10.0,3,28,-0.10555219650268555,0.0,,crash_vehicle
1714,crossover,0,crossover,,select_lane|ego_on_intersection|intersection_has_cars|has_cluster|maximum_distractor_speed|distance_to_nearest|cluster_dist|brake_dist,4,1,1,0,0,0,20.0,20.0,15.0,20.0,0,143,94.04261016845703,3.650063051002009,,out_of_road
1715,fresh,0,fresh,,,0,0,0,2,0,0,10.0,20.0,15.0,10.0,2,77,16.147933959960938,0.8646695141668443,,out_of_road
1716,crossover,0,crossover,,distractor_cars|has_brake_checker|has_cluster|distance_to_nearest,5,0,0,0,0,0,15.0,20.0,10.0,35.0,0,295,192.90248107910156,6.188513494295589,,out_of_road
1717,fresh,0,fresh,,,0,1,1,0,1,0,20.0,10.0,5.0,35.0,0,145,80.13644409179688,1.993258174431735,,crash_vehicle
1718,crossover,0,crossover,,select_lane|ego_on_intersection|intersection_has_cars|distractor_cars|intersection_cars|distance_to_nearest,5,0,0,2,1,0,10.0,40.0,10.0,55.0,0,127,60.05268859863281,2.829403498980004,,crash_vehicle
1719,fresh,0,fresh,,,0,1,0,2,0,1,15.0,20.0,5.0,35.0,1,150,15.286321640014648,0.15873886908094087,,crash_vehicle
1720,crossover,0,crossover,,distractor_cars|has_brake_checker|intersection_cars|has_cluster|brake_dist,1,1,0,8,0,0,10.0,5.0,15.0,35.0,1,23,-3.9538025856018066,0.0,,crash_vehicle
1721,fresh,0,fresh,,,0,1,1,8,1,0,10.0,40.0,5.0,55.0,3,2,10.0,3.4906888008117676,,arrive_dest
1722,replay,0,replay,,,0,1,1,8,1,0,10.0,40.0,5.0,55.0,3,219,190.30686950683594,6.847968699453084,,out_of_road
1723,fresh,0,fresh,,,0,0,0,4,0,1,5.0,40.0,15.0,10.0,2,397,63.97301483154297,0.8783875641410687,,crash_vehicle
1724,mutation,0,mutation,has_brake_checker,,1,0,0,0,1,0,10.0,5.0,5.0,20.0,0,86,44.03913116455078,2.008705388494702,,crash_vehicle
1725,fresh,0,fresh,,,0,0,0,3,1,1,5.0,10.0,15.0,55.0,3,144,102.30735778808594,3.6648884465297065,,crash_vehicle
1726,mutation,0,mutation,intersection_cars,,0,0,0,0,0,0,20.0,20.0,10.0,20.0,0,180,65.32431030273438,2.059414800711804,,arrive_dest
1727,fresh,0,fresh,,,0,1,0,8,0,1,15.0,10.0,10.0,35.0,1,40,6.29971981048584,0.11287816092371941,,crash_vehicle
1728,crossover,0,crossover,,distractor_cars|intersection_cars|maximum_distractor_speed|distance_to_nearest|cluster_dist,5,0,0,0,0,0,20.0,40.0,5.0,35.0,0,218,187.99435424804688,6.890523403336148,,out_of_road
1729,fresh,0,fresh,,,0,1,0,2,0,0,5.0,40.0,15.0,35.0,1,337,194.26278686523438,5.621990369096708,,out_of_road
1730,crossover,0,crossover,,select_lane|ego_on_intersection|intersection_has_cars|has_brake_checker|intersection_cars|maximum_distractor_speed,2,0,0,8,0,1,15.0,40.0,5.0,10.0,0,78,32.8819465637207,0.7694087028503418,,crash_vehicle
1731,fresh,0,fresh,,,0,0,0,12,1,0,15.0,20.0,5.0,55.0,3,262,50.29294204711914,1.1580757878663885,,out_of_road
1732,crossover,0,crossover,,distractor_cars|has_brake_checker|intersection_cars|has_cluster|distance_to_nearest,2,0,0,0,1,0,10.0,20.0,15.0,20.0,0,142,65.9406967163086,2.9440631077323163,,crash_vehicle
1733,fresh,0,fresh,,,0,1,1,2,0,0,5.0,5.0,15.0,20.0,2,90,29.251014709472656,0.8375223474370108,,out_of_road
1734,mutation,0,mutation,distractor_cars,,1,0,0,2,0,0,15.0,20.0,10.0,35.0,0,91,32.21299362182617,1.1573611887601705,,crash_vehicle
1735,fresh,0,fresh,,,0,1,0,1,0,0,20.0,5.0,5.0,55.0,1,206,126.77131652832031,4.490692872590231,,out_of_road
1736,mutation,0,mutation,select_road|select_lane|ego_on_intersection|intersection_has_cars,,3,0,0,3,0,0,20.0,20.0,15.0,20.0,0,448,46.31687545776367,0.839753861871681,,out_of_road
1737,fresh,0,fresh,,,0,0,0,18,0,1,20.0,10.0,10.0,55.0,3,38,4.76385498046875,0.04014692808452405,,crash_vehicle
1738,crossover,0,crossover,,has_brake_checker|has_cluster|maximum_distractor_speed|distance_to_nearest|cluster_dist|brake_dist,4,0,0,0,1,0,5.0,40.0,5.0,55.0,0,147,96.11497497558594,4.096794565746776,,crash_vehicle
1739,fresh,0,fresh,,,0,1,0,18,0,0,10.0,20.0,5.0,10.0,3,95,36.10410690307617,0.6601088084672627,,crash_vehicle
1740,crossover,0,crossover,,distractor_cars|has_brake_checker|distance_to_nearest|cluster_dist,4,1,0,8,1,0,20.0,20.0,5.0,35.0,1,151,3.0420284271240234,0.222048692750615,,out_of_road
1741,fresh,0,fresh,,,0,0,0,8,0,1,10.0,20.0,5.0,55.0,0,158,3.0759944915771484,0.10488708713386632,,out_of_road
1742,replay,0,replay,,,0,0,0,8,0,1,10.0,20.0,5.0,55.0,0,87,28.643070220947266,4.15043183578842,,crash_vehicle
1743,fresh,0,fresh,,,0,0,0,5,0,0,10.0,20.0,5.0,35.0,0,186,91.07595825195312,3.0190812650947803,,crash_vehicle
1744,replay,0,replay,,,0,0,0,5,0,0,10.0,20.0,5.0,35.0,0,210,149.88323974609375,4.320810968570766,,out_of_road
1745,fresh,0,fresh,,,0,0,0,18,0,0,5.0,40.0,15.0,35.0,0,72,2.724325656890869,0.3653364736172888,,out_of_road
1746,replay,0,replay,,,0,0,0,18,0,0,5.0,40.0,15.0,35.0,0,126,76.7852783203125,3.597401430209478,,crash_vehicle
1747,fresh,0,fresh,,,0,1,1,12,1,1,10.0,40.0,5.0,55.0,1,85,33.2036247253418,0.2983602271360509,,crash_vehicle
1748,mutation,0,mutation,has_cluster,,0,0,0,0,0,0,20.0,10.0,15.0,20.0,0,266,100.26502990722656,2.7061798098616134,,out_of_road
1749,fresh,0,fresh,,,0,0,0,4,0,1,5.0,40.0,5.0,20.0,3,748,100.5942153930664,0.7486115306376774,,out_of_road
1750,mutation,0,mutation,has_brake_checker,,0,1,1,0,0,0,10.0,20.0,10.0,10.0,0,560,83.07084655761719,1.369192804013645,,out_of_road
1751,fresh,0,fresh,,,0,0,0,1,0,0,20.0,20.0,5.0,35.0,1,367,118.67725372314453,2.028816987042206,,out_of_road
1752,replay,0,replay,,,0,0,0,1,0,0,20.0,20.0,5.0,35.0,1,235,173.19351196289062,5.098568685384507,,arrive_dest
1753,fresh,0,fresh,,,0,1,0,1,1,1,5.0,10.0,15.0,55.0,1,160,94.92941284179688,2.9760906528681517,,crash_vehicle
1754,mutation,0,mutation,select_road|select_lane|ego_on_intersection|intersection_has_cars,,1,1,1,1,1,1,10.0,40.0,10.0,55.0,0,90,26.769187927246094,2.36326547993554,,out_of_road
1755,fresh,0,fresh,,,0,1,1,5,1,0,15.0,5.0,5.0,20.0,2,131,-0.10466861724853516,0.3799451717552338,,crash_vehicle
1756,crossover,0,crossover,,select_lane|ego_on_intersection|intersection_has_cars|intersection_cars|maximum_distractor_speed|distance_to_nearest|cluster_dist,5,1,1,2,0,0,20.0,10.0,15.0,35.0,2,79,26.195764541625977,0.2840207222896286,,out_of_road
1757,fresh,0,fresh,,,0,0,0,2,0,1,20.0,40.0,15.0,55.0,1,85,25.312395095825195,2.3542903051656836,,out_of_road
1758,replay,0,replay,,,0,0,0,2,0,1,20.0,40.0,15.0,55.0,1,162,88.03922271728516,1.7276616563767562,,crash_vehicle
1759,fresh,0,fresh,,,0,0,0,2,1,1,10.0,20.0,10.0,55.0,2,75,5.794218063354492,0.34657821655273435,,out_of_road
1760,replay,0,replay,,,0,0,0,2,1,1,10.0,20.0,10.0,55.0,2,141,77.77566528320312,3.8139836585268063,,crash_vehicle
1761,fresh,0,fresh,,,0,0,0,2,1,1,5.0,10.0,15.0,20.0,2,92,33.88603210449219,2.705746810073438,,crash_vehicle
1762,replay,0,replay,,,0,0,0,2,1,1,5.0,10.0,15.0,20.0,2,197,125.39617919921875,4.25151262655476,,out_of_road
1763,fresh,0,fresh,,,0,0,0,3,0,1,5.0,5.0,10.0,35.0,2,27,0.5050034523010254,0.005390606544635914,,crash_vehicle
1764,replay,0,replay,,,0,0,0,3,0,1,5.0,5.0,10.0,35.0,2,138,81.10042572021484,4.484453983065011,,crash_vehicle
1765,fresh,0,fresh,,,0,0,0,8,1,0,10.0,5.0,5.0,20.0,0,225,1.0032768249511719,0.11815137185156345,,crash_vehicle
1766,mutation,0,mutation,brake_dist,,0,1,1,12,0,1,20.0,10.0,15.0,55.0,2,68,19.285091400146484,2.247327190549935,,crash_vehicle
1767,fresh,0,fresh,,,0,0,0,8,0,1,5.0,40.0,15.0,35.0,2,690,12.57699966430664,0.027431427843976713,,crash_vehicle
1768,crossover,0,crossover,,has_brake_checker|has_cluster,2,0,0,5,0,0,15.0,5.0,15.0,20.0,2,35,2.219414234161377,0.5458876641733306,,crash_vehicle
1769,fresh,0,fresh,,,0,1,1,3,1,1,5.0,5.0,5.0,55.0,2,199,3.994013786315918,0.6966514099183394,,out_of_road
1770,mutation,0,mutation,has_brake_checker,,1,0,0,0,1,0,10.0,20.0,5.0,35.0,0,78,1.4133062362670898,0.29142252986247724,,out_of_road
1771,fresh,0,fresh,,,0,1,1,18,1,0,10.0,10.0,10.0,55.0,1,566,49.06946563720703,0.9932262145456703,,out_of_road
1772,replay,0,replay,,,0,1,1,18,1,0,10.0,10.0,10.0,55.0,1,154,100.32022857666016,8.311694517538145,,crash_vehicle
1773,fresh,0,fresh,,,0,0,0,2,0,0,15.0,10.0,15.0,20.0,1,138,3.5342397689819336,0.291016424830625,,out_of_road
1774,replay,0,replay,,,0,0,0,2,0,0,15.0,10.0,15.0,20.0,1,249,3.0780067443847656,0.08283615941144376,,out_of_road
1775,fresh,0,fresh,,,0,0,0,12,0,0,5.0,10.0,10.0,20.0,2,68,17.48930549621582,0.8226203773828114,,crash_vehicle
1776,mutation,0,mutation,brake_dist,,1,0,0,5,1,0,10.0,5.0,10.0,35.0,2,217,3.23824405670166,0.3381722890836303,,out_of_road
1777,fresh,0,fresh,,,0,0,0,12,1,0,5.0,20.0,10.0,55.0,1,70,-6.0884881019592285,0.06197816942419324,,out_of_road
1778,replay,0,replay,,,0,0,0,12,1,0,5.0,20.0,10.0,55.0,1,151,97.02412414550781,5.686296573340498,,crash_vehicle
1779,fresh,0,fresh,,,0,0,0,4,1,1,10.0,40.0,10.0,55.0,2,120,37.45083236694336,1.8486387718468904,,out_of_road
1780,crossover,0,crossover,,intersection_cars|has_cluster|maximum_distractor_speed|cluster_dist,1,0,0,0,0,0,20.0,40.0,5.0,10.0,0,275,193.68179321289062,6.694947289878672,,out_of_road
1781,fresh,0,fresh,,,0,0,0,18,0,1,15.0,5.0,15.0,55.0,2,92,-2.4021451473236084,0.057784093057979706,,crash_vehicle
1782,crossover,0,crossover,,select_lane|ego_on_intersection|intersection_has_cars|distractor_cars|intersection_cars|has_cluster|distance_to_nearest|brake_dist,3,0,0,4,0,0,15.0,40.0,5.0,55.0,1,633,147.837646484375,2.2657939989243356,,out_of_road
1783,fresh,0,fresh,,,0,0,0,4,0,0,20.0,10.0,10.0,55.0,3,247,198.25717163085938,9.263342441696869,,out_of_road
1784,mutation,0,mutation,distractor_cars,,2,0,0,1,1,1,5.0,40.0,5.0,55.0,1,158,105.1669921875,4.074982437340519,,crash_vehicle
1785,fresh,0,fresh,,,0,1,0,0,0,0,10.0,20.0,10.0,55.0,0,802,147.93743896484375,1.6045996362176211,,out_of_road
1786,replay,0,replay,,,0,1,0,0,0,0,10.0,20.0,10.0,55.0,0,73,3.9655113220214844,0.5039512535480604,,out_of_road
1787,fresh,0,fresh,,,0,1,1,0,1,0,15.0,20.0,15.0,35.0,0,153,78.82142639160156,2.4311390155865475,,crash_vehicle
1788,replay,0,replay,,,0,1,1,0,1,0,15.0,20.0,15.0,35.0,0,249,179.58103942871094,6.483294101364641,,out_of_road
1789,fresh,0,fresh,,,0,0,0,0,0,0,10.0,10.0,5.0,35.0,0,95,36.60301971435547,0.6242936895081871,,out_of_road
1790,replay,0,replay,,,0,0,0,0,0,0,10.0,10.0,5.0,35.0,0,235,177.61512756347656,7.087412539568353,,out_of_road
1791,fresh,0,fresh,,,0,1,1,8,0,1,5.0,10.0,5.0,20.0,0,34,5.318197250366211,0.2749764954342562,,crash_vehicle
1792,crossover,0,crossover,,distractor_cars|has_brake_checker|intersection_cars|maximum_distractor_speed|cluster_dist,5,0,0,4,1,0,10.0,20.0,15.0,55.0,1,86,38.10240173339844,1.4138555963372075,,crash_vehicle
1793,fresh,0,fresh,,,0,1,0,3,1,1,10.0,20.0,10.0,55.0,3,134,87.07758331298828,3.609734828125185,,crash_vehicle
1794,mutation,0,mutation,brake_dist,,0,0,0,4,1,0,20.0,5.0,5.0,55.0,0,438,55.269775390625,1.0372868923887135,,out_of_road
1795,fresh,0,fresh,,,0,1,0,18,0,1,5.0,5.0,5.0,10.0,3,27,0.37059593200683594,0.17601867958351416,,crash_vehicle
1796,replay,0,replay,,,0,1,0,18,0,1,5.0,5.0,5.0,10.0,3,235,183.60110473632812,7.345503327187071,,out_of_road
1797,fresh,0,fresh,,,0,0,0,2,0,0,5.0,5.0,10.0,20.0,0,151,1.2727875709533691,0.18827402966701431,,crash_vehicle
1798,mutation,0,mutation,cluster_dist,,1,1,0,2,0,0,5.0,40.0,10.0,35.0,1,174,42.389610290527344,1.951067506753165,,out_of_road
1799,fresh,0,fresh,,,0,0,0,12,0,1,20.0,40.0,5.0,10.0,1,57,1.7544007301330566,0.22626916201491104,,out_of_road
1800,mutation,0,mutation,distractor_cars,,1,0,0,12,0,0,15.0,20.0,15.0,35.0,3,79,23.66591453552246,0.8607629846922958,,crash_vehicle
1801,fresh,0,fresh,,,0,1,0,5,0,1,10.0,10.0,15.0,10.0,3,67,2.0952343940734863,0.21653350008957423,,out_of_road
1802,crossover,0,crossover,,select_lane|ego_on_intersection|intersection_has_cars|intersection_cars|maximum_distractor_speed|distance_to_nearest|cluster_dist,5,0,0,1,1,1,20.0,20.0,10.0,55.0,0,374,13.85175895690918,0.24215241697900755,,out_of_road
1803,fresh,0,fresh,,,0,1,0,12,1,0,20.0,5.0,15.0,20.0,2,331,0.7517538070678711,0.021295522730741256,,crash_vehicle
1804,crossover,0,crossover,,has_brake_checker|has_cluster|distance_to_nearest,1,0,0,0,0,0,10.0,20.0,5.0,20.0,0,419,195.41709899902344,4.302691732215426,,arrive_dest
1805,fresh,0,fresh,,,0,1,1,5,1,1,20.0,20.0,10.0,35.0,1,63,19.732324600219727,0.3614317812616863,,crash_vehicle
1806,replay,0,replay,,,0,1,1,5,1,1,20.0,20.0,10.0,35.0,1,86,5.5007524490356445,0.8047446625870328,,out_of_road
1807,fresh,0,fresh,,,0,0,0,3,0,0,20.0,20.0,15.0,10.0,1,316,48.811119079589844,1.345135701513743,,out_of_road
1808,crossover,0,crossover,,select_lane|ego_on_intersection|intersection_has_cars|has_cluster|maximum_distractor_speed|distance_to_nearest|cluster_dist,3,0,0,4,1,0,15.0,40.0,5.0,55.0,1,174,5.855901718139648,0.6982495566594532,,crash_vehicle
1809,fresh,0,fresh,,,0,1,0,3,0,1,5.0,40.0,10.0,35.0,3,246,40.78435134887695,1.517260809285127,,out_of_road
1810,mutation,0,mutation,cluster_dist,,0,0,0,5,1,1,15.0,5.0,10.0,35.0,1,1000,6.662664890289307,0.027008088747039437,,max_step
1811,fresh,0,fresh,,,0,0,0,2,0,1,20.0,10.0,10.0,20.0,0,36,4.929227828979492,0.15559376610649955,,crash_vehicle
1812,replay,0,replay,,,0,0,0,2,0,1,20.0,10.0,10.0,20.0,0,213,166.439453125,6.278798675033408,,out_of_road
1813,fresh,0,fresh,,,0,0,0,12,1,0,10.0,10.0,5.0,35.0,0,90,35.67528533935547,3.902205295695199,,out_of_road
1814,crossover,0,crossover,,select_lane|ego_on_intersection|intersection_has_cars|intersection_cars|has_cluster|distance_to_nearest,1,0,0,0,0,0,10.0,40.0,5.0,20.0,0,50,-2.5848920345306396,0.19968815356492997,,out_of_road
1815,fresh,0,fresh,,,0,0,0,2,1,0,5.0,5.0,15.0,20.0,2,89,30.291248321533203,0.8759596734569314,,out_of_road
1816,mutation,0,mutation,brake_dist,,1,1,0,1,0,0,20.0,10.0,15.0,10.0,1,440,53.20952224731445,0.9262058566917073,,out_of_road
1817,fresh,0,fresh,,,0,1,0,18,1,1,5.0,10.0,10.0,35.0,3,49,11.180990219116211,0.5795088349556436,,crash_vehicle
1818,replay,0,replay,,,0,1,0,18,1,1,5.0,10.0,10.0,35.0,3,252,169.97804260253906,4.419065730823648,,out_of_road
1819,fresh,0,fresh,,,0,0,0,2,0,1,10.0,5.0,10.0,20.0,0,38,6.183367729187012,1.5964020114195974,,crash_vehicle
1820,mutation,0,mutation,distance_to_nearest,,1,1,1,0,0,0,20.0,5.0,15.0,20.0,0,286,61.451690673828125,1.7993443472297874,,out_of_road
1821,fresh,0,fresh,,,0,1,0,3,1,1,20.0,20.0,5.0,35.0,3,115,64.8537826538086,2.0561454031778417,,crash_vehicle
1822,replay,0,replay,,,0,1,0,3,1,1,20.0,20.0,5.0,35.0,3,231,175.5909881591797,6.757770183927569,,out_of_road
1823,fresh,0,fresh,,,0,1,0,4,1,1,20.0,5.0,15.0,55.0,2,98,38.613285064697266,5.957909540862453,,out_of_road
1824,crossover,0,crossover,,intersection_cars|has_cluster|distance_to_nearest|cluster_dist,4,1,1,12,0,1,20.0,10.0,15.0,10.0,3,90,32.223636627197266,2.6464755399359596,,crash_vehicle
1825,fresh,0,fresh,,,0,0,0,12,1,0,5.0,20.0,5.0,35.0,3,67,24.51797866821289,0.6167754895651518,,crash_vehicle
1826,crossover,0,crossover,,has_brake_checker|intersection_cars|maximum_distractor_speed|distance_to_nearest|brake_dist,4,1,1,2,0,0,15.0,20.0,5.0,35.0,2,154,96.88143920898438,2.6997804645594066,,out_of_road
1827,fresh,0,fresh,,,0,0,0,3,0,1,20.0,10.0,5.0,35.0,2,204,78.66767120361328,4.21254957339489,,out_of_road
1828,crossover,0,crossover,,intersection_cars|distance_to_nearest|cluster_dist|brake_dist,4,0,0,4,0,0,20.0,40.0,5.0,10.0,0,209,188.7621307373047,7.597871564506914,,out_of_road
1829,fresh,0,fresh,,,0,0,0,2,0,1,10.0,20.0,15.0,20.0,2,216,164.88702392578125,5.44106692061932,,out_of_road
1830,replay,0,replay,,,0,0,0,2,0,1,10.0,20.0,15.0,20.0,2,162,105.12918090820312,8.264161083801293,,crash_vehicle
1831,fresh,0,fresh,,,0,1,0,3,1,1,20.0,20.0,15.0,55.0,3,139,88.51053619384766,2.775480960341666,,crash_vehicle
1832,replay,0,replay,,,0,1,0,3,1,1,20.0,20.0,15.0,55.0,3,82,34.69842529296875,5.871257277523599,,crash_vehicle
1833,fresh,0,fresh,,,0,1,0,0,0,0,20.0,10.0,5.0,55.0,0,206,53.03681564331055,1.9990321563068525,,out_of_road
1834,replay,0,replay,,,0,1,0,0,0,0,20.0,10.0,5.0,55.0,0,358,201.36581420898438,5.503160717891914,,out_of_road
1835,fresh,0,fresh,,,0,0,0,3,1,0,10.0,40.0,5.0,55.0,3,47,-5.385562419891357,0.0354231975259299,,out_of_road
1836,crossover,0,crossover,,distractor_cars|has_cluster|distance_to_nearest|cluster_dist|brake_dist,3,0,0,5,0,0,20.0,40.0,15.0,20.0,0,270,150.9813232421875,7.045370919395376,,out_of_road
1837,fresh,0,fresh,,,0,0,0,0,0,0,15.0,40.0,10.0,20.0,0,81,27.92746353149414,2.9416031331559758,,out_of_road
1838,mutation,0,mutation,distractor_cars,,2,0,0,1,1,0,20.0,40.0,15.0,55.0,0,81,31.141738891601562,0.8591276951778082,,crash_vehicle
1839,fresh,0,fresh,,,0,1,1,8,1,1,10.0,5.0,15.0,20.0,2,29,0.6403999328613281,0.010351838736698545,,crash_vehicle
1840,mutation,0,mutation,cluster_dist,,1,1,0,8,1,0,15.0,20.0,10.0,55.0,3,106,62.4255256652832,3.429246628059531,,arrive_dest
1841,fresh,0,fresh,,,0,0,0,3,0,0,10.0,40.0,5.0,35.0,3,150,2.6280899047851562,0.8923408134778341,,out_of_road
1842,crossover,0,crossover,,distractor_cars|intersection_cars|has_cluster|maximum_distractor_speed|distance_to_nearest,4,1,0,0,0,0,20.0,20.0,5.0,20.0,0,340,154.371826171875,4.275805929741439,,out_of_road
1843,fresh,0,fresh,,,0,0,0,5,1,0,15.0,10.0,10.0,20.0,1,35,5.099562644958496,0.25444153376988005,,crash_vehicle
1844,replay,0,replay,,,0,0,0,5,1,0,15.0,10.0,10.0,20.0,1,257,96.94247436523438,3.507278570347259,,out_of_road
1845,fresh,0,fresh,,,0,0,0,0,1,0,5.0,5.0,5.0,35.0,0,71,28.472312927246094,0.711868318873392,,out_of_road
1846,mutation,0,mutation,maximum_distractor_speed,,0,1,0,3,1,0,10.0,20.0,5.0,35.0,1,51,15.502525329589844,0.3832401808570413,,crash_vehicle
1847,fresh,0,fresh,,,0,1,0,8,0,0,10.0,40.0,15.0,20.0,2,118,4.580080032348633,0.2415154089172513,,out_of_road
1848,replay,0,replay,,,0,1,0,8,0,0,10.0,40.0,15.0,20.0,2,81,3.4017868041992188,0.6437339695331491,,out_of_road
1849,fresh,0,fresh,,,0,1,0,0,1,0,15.0,5.0,10.0,20.0,0,106,54.10468673706055,2.7422759954659446,,crash_vehicle
1850,crossover,0,crossover,,distractor_cars|intersection_cars|maximum_distractor_speed,3,1,1,0,0,0,10.0,5.0,10.0,10.0,0,154,88.17830657958984,4.215582558957787,,out_of_road
1851,fresh,0,fresh,,,0,0,0,5,0,0,15.0,40.0,15.0,10.0,1,200,105.69695281982422,4.994284385591746,,out_of_road
1852,crossover,0,crossover,,cluster_dist|brake_dist,1,1,0,1,0,0,20.0,10.0,15.0,55.0,1,408,172.2043914794922,4.3596235856450365,,out_of_road
1853,fresh,0,fresh,,,0,1,0,5,0,0,10.0,40.0,15.0,35.0,2,87,28.777931213378906,0.8662838480253329,,out_of_road
1854,crossover,0,crossover,,select_lane|ego_on_intersection|intersection_has_cars|distractor_cars|has_cluster|brake_dist,3,1,1,12,0,0,15.0,5.0,15.0,10.0,0,36,4.403507232666016,0.8387026803361045,,crash_vehicle
1855,fresh,0,fresh,,,0,1,1,4,1,0,20.0,20.0,10.0,35.0,0,91,41.83588409423828,2.0549116953388675,,crash_vehicle
1856,crossover,0,crossover,,select_lane|ego_on_intersection|intersection_has_cars|distractor_cars|has_brake_checker|intersection_cars|maximum_distractor_speed|distance_to_nearest|cluster_dist|brake_dist,6,0,0,3,0,0,15.0,10.0,10.0,20.0,0,289,208.78964233398438,10.16677655635408,,out_of_road
1857,fresh,0,fresh,,,0,1,1,8,1,1,20.0,20.0,5.0,35.0,3,179,14.809164047241211,0.21372179133432537,,crash_vehicle
1858,crossover,0,crossover,,has_brake_checker|maximum_distractor_speed|distance_to_nearest|brake_dist,2,0,0,0,0,0,15.0,20.0,15.0,35.0,0,67,-2.1140201091766357,0.44315043625546924,,out_of_road
1859,fresh,0,fresh,,,0,1,1,4,1,1,15.0,10.0,15.0,20.0,3,33,4.9571075439453125,0.0632476806640625,,crash_vehicle
1860,crossover,0,crossover,,select_lane|ego_on_intersection|intersection_has_cars|distractor_cars|maximum_distractor_speed,4,1,0,8,0,0,15.0,5.0,5.0,20.0,0,108,40.37480926513672,5.528402619615749,,out_of_road
1861,fresh,0,fresh,,,0,1,1,5,1,0,20.0,5.0,5.0,20.0,2,41,5.590229034423828,0.8852792563961773,,crash_vehicle
1862,replay,0,replay,,,0,1,1,5,1,0,20.0,5.0,5.0,20.0,2,231,214.14971923828125,11.59695482744283,,out_of_road
1863,fresh,0,fresh,,,0,1,0,8,0,0,20.0,20.0,15.0,10.0,1,199,148.30288696289062,7.7746334758835225,,out_of_road
1864,crossover,0,crossover,,distractor_cars|has_cluster,2,1,1,3,0,1,10.0,20.0,10.0,10.0,0,101,19.17125129699707,0.9437996190742101,,crash_vehicle
1865,fresh,0,fresh,,,0,1,1,5,0,1,5.0,5.0,10.0,35.0,0,35,4.026538848876953,1.034362597124917,,crash_vehicle
1866,crossover,0,crossover,,intersection_cars,1,0,0,3,1,0,10.0,20.0,10.0,35.0,0,84,39.66572952270508,2.1786506403060186,,crash_vehicle
1867,fresh,0,fresh,,,0,1,1,2,1,0,5.0,10.0,5.0,20.0,1,43,7.1922454833984375,0.24350065755289654,,crash_vehicle
1868,mutation,0,mutation,brake_dist,,1,0,0,0,0,0,20.0,40.0,10.0,55.0,0,261,197.29881286621094,7.380255292886975,,out_of_road
1869,fresh,0,fresh,,,0,0,0,4,0,0,15.0,5.0,5.0,55.0,0,34,0.9224562644958496,0.11138618693632238,,crash_vehicle
1870,crossover,0,crossover,,select_lane|ego_on_intersection|intersection_has_cars|has_brake_checker|intersection_cars|has_cluster|maximum_distractor_speed|brake_dist,4,0,0,3,1,0,15.0,10.0,10.0,55.0,2,118,75.01898193359375,8.142497248568777,,out_of_road
1871,fresh,0,fresh,,,0,0,0,1,1,1,20.0,20.0,10.0,35.0,1,120,58.474884033203125,2.460454585279028,,out_of_road
1872,mutation,0,mutation,has_cluster,,1,1,0,1,0,1,20.0,10.0,15.0,35.0,1,101,5.695649147033691,0.4316387616909376,,out_of_road
1873,fresh,0,fresh,,,0,0,0,3,0,0,20.0,40.0,15.0,55.0,0,233,163.2938995361328,6.669119720934798,,crash_vehicle
1874,crossover,0,crossover,,distance_to_nearest,1,0,0,5,0,0,15.0,20.0,15.0,20.0,2,61,21.33922576904297,0.9180894755437726,,crash_vehicle
1875,fresh,0,fresh,,,0,1,0,8,1,0,5.0,40.0,10.0,55.0,2,82,34.488277435302734,0.6784403116964712,,crash_vehicle
1876,crossover,0,crossover,,select_lane|ego_on_intersection|intersection_has_cars|distractor_cars|intersection_cars|has_cluster|maximum_distractor_speed,4,1,0,1,1,0,20.0,40.0,15.0,55.0,1,77,28.425216674804688,1.4828833620269577,,out_of_road
1877,fresh,0,fresh,,,0,0,0,5,1,0,20.0,5.0,5.0,20.0,0,28,0.8541598320007324,0.07851720707757133,,crash_vehicle
1878,mutation,0,mutation,intersection_cars,,0,1,1,0,1,0,20.0,20.0,10.0,55.0,0,216,128.4192657470703,5.807534774972333,,out_of_road
1879,fresh,0,fresh,,,0,1,1,18,0,0,15.0,10.0,5.0,20.0,3,47,8.763519287109375,0.21360087045963774,,crash_vehicle
1880,mutation,0,mutation,distractor_cars,,1,1,0,12,1,0,20.0,20.0,5.0,55.0,3,77,26.019418716430664,0.8603578910425111,,crash_vehicle
1881,fresh,0,fresh,,,0,1,1,12,0,0,5.0,20.0,15.0,10.0,1,86,39.62564468383789,1.8797199199366015,,crash_vehicle
1882,replay,0,replay,,,0,1,1,12,0,0,5.0,20.0,15.0,10.0,1,84,32.89431381225586,1.2963938287326269,,crash_vehicle
1883,fresh,0,fresh,,,0,0,0,18,0,1,15.0,5.0,5.0,20.0,1,27,0.8143248558044434,0.14080241984791225,,crash_vehicle
1884,crossover,0,crossover,,select_lane|ego_on_intersection|intersection_has_cars|distractor_cars|has_brake_checker|brake_dist,2,1,0,18,0,1,20.0,20.0,5.0,20.0,1,50,14.073915481567383,0.2190066719055176,,crash_vehicle
1885,fresh,0,fresh,,,0,0,0,2,0,1,20.0,5.0,5.0,10.0,2,225,184.15147399902344,9.54251695950826,,out_of_road
1886,mutation,0,mutation,maximum_distractor_speed,,1,0,0,0,0,0,5.0,5.0,5.0,35.0,0,211,89.88773345947266,4.039260983184616,,out_of_road
1887,fresh,0,fresh,,,0,1,1,5,1,0,20.0,5.0,5.0,20.0,0,26,0.83544921875,0.0,,crash_vehicle
1888,mutation,0,mutation,cluster_dist,,1,0,0,18,1,0,15.0,40.0,5.0,55.0,2,143,101.69871520996094,4.312227797466559,,crash_vehicle
1889,fresh,0,fresh,,,0,0,0,5,1,0,5.0,5.0,10.0,20.0,2,25,0.12575721740722656,0.00453216552734375,,crash_vehicle
1890,replay,0,replay,,,0,0,0,5,1,0,5.0,5.0,10.0,20.0,2,248,204.57968139648438,8.025612807081592,,out_of_road
1891,fresh,0,fresh,,,0,1,1,2,0,0,5.0,40.0,5.0,10.0,1,264,213.765869140625,8.49037410996177,,out_of_road
1892,mutation,0,mutation,distance_to_nearest,,1,0,0,8,0,0,15.0,10.0,15.0,35.0,3,104,57.08110046386719,5.837098769843578,,crash_vehicle
1893,fresh,0,fresh,,,0,0,0,0,0,0,15.0,20.0,10.0,20.0,0,89,34.58636474609375,1.386666951554545,,out_of_road
1894,mutation,0,mutation,intersection_cars,,0,0,0,0,0,0,20.0,20.0,15.0,10.0,0,236,205.292724609375,6.492236573691085,,out_of_road
1895,fresh,0,fresh,,,0,0,0,12,1,0,5.0,40.0,5.0,55.0,1,100,52.982200622558594,1.2923858574032783,,crash_vehicle
1896,replay,0,replay,,,0,0,0,12,1,0,5.0,40.0,5.0,55.0,1,2,10.0,3.0478148460388184,,arrive_dest
1897,fresh,0,fresh,,,0,0,0,4,0,0,10.0,20.0,5.0,20.0,3,233,33.32941436767578,1.0558848353862251,,out_of_road
1898,mutation,0,mutation,maximum_distractor_speed,,1,0,0,0,0,0,5.0,5.0,5.0,20.0,0,279,272.1122131347656,10.87340211932377,,out_of_road
1899,fresh,0,fresh,,,0,0,0,4,0,0,5.0,20.0,15.0,20.0,3,138,13.95758056640625,0.15383195013239764,,crash_vehicle
1900,replay,0,replay,,,0,0,0,4,0,0,5.0,20.0,15.0,20.0,3,218,189.3444366455078,7.593017251324763,,out_of_road
1901,fresh,0,fresh,,,0,0,0,8,1,0,10.0,5.0,10.0,20.0,1,49,-7.2966814041137695,0.06904605456760951,,out_of_road
1902,replay,0,replay,,,0,0,0,8,1,0,10.0,5.0,10.0,20.0,1,34,4.103133201599121,0.4083475790479604,,crash_vehicle
1903,fresh,0,fresh,,,0,1,1,18,1,0,5.0,5.0,15.0,20.0,2,28,1.3884286880493164,0.04442964281354632,,crash_vehicle
1904,crossover,0,crossover,,distractor_cars|has_brake_checker|intersection_cars|has_cluster|maximum_distractor_speed|distance_to_nearest|brake_dist,5,0,0,12,1,0,10.0,10.0,15.0,35.0,0,45,2.0486631393432617,0.09343090057373046,,crash_vehicle
1905,fresh,0,fresh,,,0,0,0,0,0,0,10.0,5.0,5.0,20.0,0,95,7.010462760925293,0.38265305012464523,rejection_fallback,out_of_road
1906,replay,0,replay,,,0,0,0,0,0,0,10.0,5.0,5.0,20.0,0,227,186.3285369873047,6.674552868871174,,out_of_road
1907,fresh,0,fresh,,,0,0,0,0,0,0,15.0,40.0,10.0,10.0,0,57,4.502580642700195,0.5100799404215395,,out_of_road
1908,crossover,0,crossover,,has_brake_checker|has_cluster|cluster_dist,2,0,0,0,1,0,20.0,5.0,10.0,10.0,0,94,36.02899169921875,3.1490386927381473,,crash_vehicle
1909,fresh,0,fresh,,,0,1,0,8,0,1,10.0,5.0,15.0,20.0,2,317,185.2382354736328,5.476737310833736,,out_of_road
1910,crossover,0,crossover,,maximum_distractor_speed|cluster_dist|brake_dist,3,0,0,0,0,0,20.0,5.0,15.0,10.0,0,227,165.16587829589844,7.87125730593299,,out_of_road
1911,fresh,0,fresh,,,0,0,0,1,0,0,15.0,20.0,10.0,55.0,1,40,-2.9742982387542725,0.0,,out_of_road
1912,mutation,0,mutation,distractor_cars,,1,0,0,5,0,0,20.0,40.0,10.0,10.0,0,216,189.66287231445312,7.339833352783764,,out_of_road
1913,fresh,0,fresh,,,0,1,0,18,1,0,10.0,5.0,10.0,20.0,1,54,14.667081832885742,1.3217245599737875,,crash_vehicle
1914,crossover,0,crossover,,has_brake_checker|intersection_cars|has_cluster|distance_to_nearest|cluster_dist|brake_dist,5,0,0,5,0,0,15.0,20.0,5.0,20.0,0,62,19.449811935424805,0.3284009829644234,,crash_vehicle
1915,fresh,0,fresh,,,0,1,1,5,0,1,5.0,20.0,15.0,35.0,0,60,21.125768661499023,0.40507523765166603,,crash_vehicle
1916,mutation,0,mutation,intersection_cars,,1,1,0,8,0,0,20.0,20.0,15.0,10.0,3,158,89.33738708496094,5.096210306203818,,out_of_road
1917,fresh,0,fresh,,,0,0,0,1,1,0,10.0,20.0,5.0,35.0,1,91,33.560218811035156,1.4049903878143855,,out_of_road
1918,crossover,0,crossover,,maximum_distractor_speed|distance_to_nearest|brake_dist,2,0,0,4,0,0,20.0,20.0,5.0,55.0,0,196,165.51043701171875,8.389038287711386,,crash_vehicle
1919,fresh,0,fresh,,,0,0,0,2,1,0,10.0,40.0,10.0,55.0,2,128,31.934898376464844,1.6226070374250412,,out_of_road
1920,replay,0,replay,,,0,0,0,2,1,0,10.0,40.0,10.0,55.0,2,226,194.92413330078125,7.534578269298097,,out_of_road
1921,fresh,0,fresh,,,0,0,0,1,1,1,10.0,5.0,15.0,20.0,0,24,-0.1747751235961914,0.22404193878173828,,crash_vehicle
1922,replay,0,replay,,,0,0,0,1,1,1,10.0,5.0,15.0,20.0,0,306,224.7225799560547,6.972307631490278,,out_of_road
1923,fresh,0,fresh,,,0,1,0,12,1,0,5.0,5.0,10.0,20.0,0,30,2.5411229133605957,0.2650035579999288,,crash_vehicle
1924,crossover,0,crossover,,select_lane|ego_on_intersection|intersection_has_cars|distractor_cars|intersection_cars|has_cluster|distance_to_nearest|brake_dist,5,0,0,18,1,0,20.0,10.0,5.0,55.0,2,110,54.17736053466797,5.118005468357693,,crash_vehicle
1925,fresh,0,fresh,,,0,0,0,4,1,1,10.0,40.0,15.0,55.0,1,80,36.61669921875,0.42214126586914064,,crash_vehicle
1926,mutation,0,mutation,select_road|select_lane|ego_on_intersection|intersection_has_cars,,3,1,1,0,0,0,20.0,40.0,10.0,55.0,0,87,26.57974624633789,0.6354574060988152,,out_of_road
1927,fresh,0,fresh,,,0,1,0,3,0,1,10.0,40.0,15.0,20.0,0,123,55.38008499145508,1.706983948383874,,crash_vehicle
1928,crossover,0,crossover,,select_lane|ego_on_intersection|intersection_has_cars|has_brake_checker|intersection_cars|distance_to_nearest|brake_dist,5,0,0,1,0,0,20.0,40.0,15.0,10.0,0,215,187.04562377929688,7.801565279794294,,out_of_road
1929,fresh,0,fresh,,,0,1,1,1,0,0,5.0,5.0,15.0,10.0,1,260,206.45333862304688,8.010334036900447,,out_of_road
1930,replay,0,replay,,,0,1,1,1,0,0,5.0,5.0,15.0,10.0,1,227,187.04937744140625,5.482151759222216,,out_of_road
1931,fresh,0,fresh,,,0,0,0,5,0,1,5.0,40.0,10.0,20.0,3,82,28.12594223022461,0.4972795720507459,,crash_vehicle
1932,crossover,0,crossover,,select_lane|ego_on_intersection|intersection_has_cars|has_brake_checker|intersection_cars|distance_to_nearest|brake_dist,3,0,0,0,0,0,20.0,20.0,15.0,35.0,0,224,199.52755737304688,6.5710752209914585,,out_of_road
1933,fresh,0,fresh,,,0,0,0,0,0,0,10.0,10.0,15.0,10.0,0,39,-5.5610785484313965,0.08250017655201447,,out_of_road
1934,mutation,0,mutation,brake_dist,,1,0,0,5,0,0,15.0,40.0,15.0,35.0,1,330,219.71043395996094,6.941335323949655,,out_of_road
1935,fresh,0,fresh,,,0,0,0,0,0,0,5.0,20.0,5.0,55.0,0,91,41.11494445800781,1.0071398894210437,,out_of_road
1936,mutation,0,mutation,intersection_cars,,1,1,1,3,0,0,20.0,20.0,15.0,20.0,1,107,66.33849334716797,3.8855082200509368,,crash_vehicle
1937,fresh,0,fresh,,,0,0,0,4,0,1,5.0,5.0,10.0,35.0,1,26,-0.20136737823486328,0.0002541175255408654,,crash_vehicle
1938,replay,0,replay,,,0,0,0,4,0,1,5.0,5.0,10.0,35.0,1,159,139.9801788330078,9.252699626879123,,crash_vehicle
1939,fresh,0,fresh,,,0,1,0,8,0,0,5.0,20.0,15.0,35.0,0,78,33.48050308227539,1.0305428107579548,,crash_vehicle
1940,mutation,0,mutation,brake_dist,,0,0,0,0,0,0,10.0,5.0,5.0,20.0,0,271,194.89260864257812,6.741576384464313,,out_of_road
1941,fresh,0,fresh,,,0,0,0,2,1,0,5.0,20.0,5.0,55.0,1,62,12.344377517700195,0.5635380312319724,,crash_vehicle
1942,crossover,0,crossover,,has_brake_checker|maximum_distractor_speed|distance_to_nearest|cluster_dist|brake_dist,3,1,1,12,0,0,10.0,5.0,5.0,20.0,2,285,118.19246673583984,5.654614655176799,,out_of_road
1943,fresh,0,fresh,,,0,1,1,18,0,0,15.0,40.0,15.0,35.0,2,205,125.96127319335938,5.639370720560958,,crash_vehicle
1944,mutation,0,mutation,distance_to_nearest,,1,1,1,2,0,0,5.0,10.0,5.0,10.0,1,2,10.0,0.13022422790527344,,arrive_dest
1945,fresh,0,fresh,,,0,1,0,3,0,1,10.0,20.0,10.0,35.0,3,155,112.83004760742188,4.581872256436656,,out_of_road
1946,crossover,0,crossover,,distractor_cars|has_brake_checker|intersection_cars|has_cluster|distance_to_nearest|cluster_dist|brake_dist,4,1,0,5,0,0,20.0,40.0,10.0,20.0,2,138,68.91334533691406,4.665780038073443,,out_of_road
1947,fresh,0,fresh,,,0,0,0,3,0,1,10.0,20.0,10.0,55.0,3,73,5.660510063171387,0.30090727871411466,,out_of_road
1948,replay,0,replay,,,0,0,0,3,0,1,10.0,20.0,10.0,55.0,3,211,123.296142578125,5.498968732159285,,out_of_road
1949,fresh,0,fresh,,,0,0,0,1,1,1,15.0,20.0,5.0,35.0,1,103,67.8623046875,2.15003782908604,,crash_vehicle
1950,replay,0,replay,,,0,0,0,1,1,1,15.0,20.0,5.0,35.0,1,209,217.7329864501953,8.998712894734012,,out_of_road
1951,fresh,0,fresh,,,0,0,0,18,1,0,10.0,10.0,5.0,20.0,3,37,7.725459098815918,0.09651266239784859,,crash_vehicle
1952,crossover,0,crossover,,select_lane|ego_on_intersection|intersection_has_cars|intersection_cars|has_cluster|distance_to_nearest,3,1,1,0,0,0,20.0,20.0,5.0,20.0,0,69,11.242570877075195,0.3540392734002376,,out_of_road
1953,fresh,0,fresh,,,0,1,1,8,0,1,20.0,10.0,5.0,10.0,0,61,2.052903652191162,0.6321327183090273,,out_of_road
1954,mutation,0,mutation,brake_dist,,1,0,0,4,0,0,20.0,20.0,5.0,10.0,0,53,16.3699893951416,0.16947613122328273,,crash_vehicle
1955,fresh,0,fresh,,,0,1,1,3,0,1,10.0,10.0,5.0,55.0,2,180,65.6732177734375,2.9215474599765408,,crash_vehicle
1956,replay,0,replay,,,0,1,1,3,0,1,10.0,10.0,5.0,55.0,2,77,4.982990264892578,0.21789356504941915,,out_of_road
1957,fresh,0,fresh,,,0,1,1,18,0,0,5.0,20.0,15.0,55.0,3,56,15.219385147094727,0.17433435576302664,,crash_vehicle
1958,mutation,0,mutation,has_brake_checker,,0,1,1,12,0,0,10.0,5.0,5.0,20.0,2,221,105.83955383300781,4.115590359560505,,out_of_road
1959,fresh,0,fresh,,,0,0,0,4,0,0,15.0,20.0,10.0,20.0,0,106,62.932464599609375,3.820334107948924,,crash_vehicle
1960,replay,0,replay,,,0,0,0,4,0,0,15.0,20.0,10.0,20.0,0,214,198.78883361816406,6.741568790696491,,out_of_road
1961,fresh,0,fresh,,,0,0,0,5,1,0,5.0,10.0,5.0,20.0,1,43,1.765620231628418,0.20146072742550872,,out_of_road
1962,mutation,0,mutation,brake_dist,,1,0,0,0,0,0,5.0,20.0,5.0,10.0,0,50,19.428295135498047,2.4128158783912657,,arrive_dest
1963,fresh,0,fresh,,,0,1,1,1,1,1,15.0,40.0,15.0,55.0,0,75,53.424034118652344,2.650460935433706,,arrive_dest
1964,crossover,0,crossover,,distractor_cars|has_brake_checker|intersection_cars|has_cluster|cluster_dist,3,1,1,0,0,0,10.0,5.0,10.0,20.0,0,186,144.73130798339844,4.985715676059005,,out_of_road
1965,fresh,0,fresh,,,0,1,0,8,0,0,20.0,40.0,15.0,35.0,0,140,100.83073425292969,3.759906107187271,,out_of_road
1966,replay,0,replay,,,0,1,0,8,0,0,20.0,40.0,15.0,35.0,0,220,196.6151580810547,6.296184952828017,,crash_vehicle
1967,fresh,0,fresh,,,0,0,0,2,0,1,20.0,5.0,5.0,20.0,2,107,64.45575714111328,1.4610575239792047,,out_of_road
1968,replay,0,replay,,,0,0,0,2,0,1,20.0,5.0,5.0,20.0,2,300,270.8984375,8.895038305918376,,out_of_road
1969,fresh,0,fresh,,,0,0,0,2,0,0,10.0,40.0,5.0,55.0,0,82,31.17938232421875,0.6781765480593938,,out_of_road
1970,crossover,0,crossover,,distractor_cars|has_brake_checker|has_cluster,0,0,0,0,0,0,10.0,5.0,5.0,20.0,0,229,191.7748565673828,7.299194637019041,,out_of_road
1971,fresh,0,fresh,,,0,0,0,5,1,1,15.0,5.0,10.0,55.0,2,69,-3.0493979454040527,0.2681507509255755,,out_of_road
1972,crossover,0,crossover,,has_cluster|maximum_distractor_speed|distance_to_nearest|cluster_dist,1,1,1,0,1,0,20.0,40.0,10.0,55.0,0,152,94.3138427734375,2.231382970355059,,out_of_road
1973,fresh,0,fresh,,,0,1,0,0,1,0,20.0,20.0,5.0,55.0,0,266,217.90965270996094,8.065315191683016,,out_of_road
1974,mutation,0,mutation,has_cluster,,1,0,0,8,0,1,15.0,20.0,15.0,35.0,1,64,24.838239669799805,0.7409321605227888,,crash_vehicle
1975,fresh,0,fresh,,,0,1,1,5,0,0,5.0,40.0,15.0,55.0,3,75,38.79169464111328,0.9187680037816366,,crash_vehicle
1976,crossover,0,crossover,,select_lane|ego_on_intersection|intersection_has_cars|intersection_cars|has_cluster|maximum_distractor_speed|distance_to_nearest|cluster_dist,5,0,0,0,0,0,10.0,5.0,5.0,10.0,0,224,189.69801330566406,5.705847731259253,,out_of_road
1977,fresh,0,fresh,,,0,1,1,5,0,0,5.0,5.0,10.0,20.0,1,150,1.3448691368103027,0.20827563407520452,,crash_vehicle
1978,mutation,0,mutation,has_brake_checker,,0,0,0,4,0,0,20.0,10.0,10.0,55.0,3,85,42.57547378540039,4.434097440803752,,crash_vehicle
1979,fresh,0,fresh,,,0,0,0,5,0,0,15.0,10.0,10.0,20.0,1,98,38.977874755859375,4.286372345321032,,out_of_road
1980,crossover,0,crossover,,select_lane|ego_on_intersection|intersection_has_cars|distractor_cars|has_brake_checker|has_cluster|maximum_distractor_speed|brake_dist,2,0,0,0,0,0,20.0,5.0,5.0,55.0,0,34,-0.9885711669921875,0.25223389793844786,,out_of_road
1981,fresh,0,fresh,,,0,1,0,0,0,0,10.0,20.0,15.0,10.0,0,53,9.686455726623535,0.4541745995575527,,out_of_road
1982,crossover,0,crossover,,select_lane|ego_on_intersection|intersection_has_cars|distractor_cars|has_brake_checker|maximum_distractor_speed|distance_to_nearest,6,0,0,4,1,0,10.0,40.0,5.0,55.0,1,277,192.8284912109375,6.457950079484107,,out_of_road
1983,fresh,0,fresh,,,0,1,0,5,0,1,15.0,5.0,10.0,10.0,2,25,-1.6474518775939941,0.04195762634277344,,crash_vehicle
1984,replay,0,replay,,,0,1,0,5,0,1,15.0,5.0,10.0,10.0,2,259,274.006591796875,11.421233859301534,,out_of_road
1985,fresh,0,fresh,,,0,0,0,3,0,0,5.0,20.0,15.0,10.0,1,98,39.34490966796875,2.484843079532896,,crash_vehicle
1986,replay,0,replay,,,0,0,0,3,0,0,5.0,20.0,15.0,10.0,1,156,108.86357879638672,4.016072765374795,,crash_vehicle
1987,fresh,0,fresh,,,0,1,0,4,1,0,20.0,40.0,10.0,55.0,1,84,14.006502151489258,1.372479074412868,,out_of_road
1988,crossover,0,crossover,,select_lane|ego_on_intersection|intersection_has_cars|intersection_cars|has_cluster|maximum_distractor_speed|cluster_dist|brake_dist,5,0,0,5,1,0,20.0,5.0,5.0,20.0,0,28,0.7321362495422363,0.0,,crash_vehicle
1989,fresh,0,fresh,,,0,0,0,2,0,1,10.0,5.0,10.0,35.0,2,75,30.634624481201172,0.7982814172903697,,out_of_road
1990,replay,0,replay,,,0,0,0,2,0,1,10.0,5.0,10.0,35.0,2,256,203.82618713378906,7.461972243880155,,crash_vehicle
1991,fresh,0,fresh,,,0,1,0,8,0,0,20.0,5.0,15.0,35.0,0,26,0.05330371856689453,0.0,,crash_vehicle
1992,mutation,0,mutation,intersection_cars,,1,1,1,2,0,0,5.0,40.0,5.0,10.0,2,73,28.81865692138672,0.2995285553066698,,out_of_road
1993,fresh,0,fresh,,,0,0,0,5,1,1,20.0,20.0,5.0,35.0,0,106,16.860139846801758,0.32684451763360006,,crash_vehicle
1994,mutation,0,mutation,has_cluster,,0,0,0,0,0,0,15.0,20.0,10.0,35.0,0,256,221.82862854003906,8.444893412524834,,out_of_road
1995,fresh,0,fresh,,,0,1,0,4,0,0,15.0,20.0,5.0,10.0,3,77,29.696685791015625,1.3880592379477117,,out_of_road
1996,replay,0,replay,,,0,1,0,4,0,0,15.0,20.0,5.0,10.0,3,223,210.21287536621094,7.6959382728610874,,out_of_road
1997,fresh,0,fresh,,,0,1,1,18,1,0,5.0,10.0,5.0,55.0,0,55,13.693584442138672,0.45585131211714314,,crash_vehicle
1998,crossover,0,crossover,,distractor_cars|has_brake_checker|intersection_cars|maximum_distractor_speed|distance_to_nearest|cluster_dist,4,0,0,0,0,0,5.0,20.0,5.0,10.0,0,231,191.50790405273438,6.731665939995737,,out_of_road
1999,fresh,0,fresh,,,0,1,0,12,1,1,15.0,40.0,5.0,55.0,1,72,33.19480895996094,0.8362326323986053,,crash_vehicle
2000,crossover,0,crossover,,select_lane|ego_on_intersection|intersection_has_cars|has_brake_checker|intersection_cars|maximum_distractor_speed|distance_to_nearest|cluster_dist|brake_dist,7,1,1,0,1,0,20.0,20.0,10.0,55.0,0,132,93.76849365234375,2.457064511197986,,crash_vehicle
2001,fresh,0,fresh,,,0,0,0,1,0,0,10.0,10.0,10.0,10.0,1,111,63.634490966796875,1.5035376109115712,,out_of_road
2002,mutation,0,mutation,has_cluster,,0,0,0,0,0,0,5.0,20.0,5.0,10.0,0,235,168.75833129882812,7.556661994660154,,out_of_road
2003,fresh,0,fresh,,,0,1,1,4,0,0,20.0,10.0,15.0,35.0,2,164,107.21469116210938,5.899834810233697,,crash_vehicle
2004,crossover,0,crossover,,select_lane|ego_on_intersection|intersection_has_cars|has_cluster|maximum_distractor_speed|distance_to_nearest|brake_dist,5,0,0,3,1,1,15.0,5.0,15.0,20.0,3,88,44.63383483886719,1.9854197085581042,,crash_vehicle
2005,fresh,0,fresh,,,0,0,0,18,0,0,15.0,5.0,10.0,55.0,3,153,-30.10927963256836,0.0,,out_of_road
2006,crossover,0,crossover,,intersection_cars|brake_dist,1,0,0,0,0,0,15.0,20.0,10.0,10.0,0,82,38.56805419921875,0.31149318250941066,,out_of_road
2007,fresh,0,fresh,,,0,0,0,3,1,1,10.0,40.0,10.0,55.0,1,83,19.992618560791016,2.6776878618332276,,out_of_road
2008,mutation,0,mutation,distractor_cars,,1,0,0,1,0,0,20.0,40.0,10.0,10.0,0,231,190.7279815673828,6.658701915826116,,out_of_road
2009,fresh,0,fresh,,,0,0,0,4,1,1,10.0,20.0,5.0,35.0,3,120,51.30326843261719,2.702530608077844,,crash_vehicle
2010,mutation,0,mutation,has_cluster,,0,0,0,1,0,0,20.0,40.0,10.0,10.0,0,227,193.02903747558594,7.384498540131531,,out_of_road
2011,fresh,0,fresh,,,0,1,0,5,1,1,20.0,10.0,5.0,55.0,0,57,3.643747329711914,0.19633805542661434,,crash_vehicle
2012,crossover,0,crossover,,select_lane|ego_on_intersection|intersection_has_cars|intersection_cars|maximum_distractor_speed|cluster_dist,1,0,0,0,0,0,5.0,5.0,15.0,20.0,0,211,185.76394653320312,7.333105526546731,,out_of_road
2013,fresh,0,fresh,,,0,0,0,5,1,0,5.0,5.0,5.0,20.0,3,24,-1.900036334991455,0.12714457511901855,,crash_vehicle
2014,replay,0,replay,,,0,0,0,5,1,0,5.0,5.0,5.0,20.0,3,134,95.49014282226562,3.0228082673874366,,crash_vehicle
2015,fresh,0,fresh,,,0,1,0,3,0,1,5.0,20.0,5.0,55.0,2,100,45.85611343383789,1.434880478680134,,crash_vehicle
2016,crossover,0,crossover,,select_lane|ego_on_intersection|intersection_has_cars|has_brake_checker|maximum_distractor_speed|cluster_dist|brake_dist,5,1,0,18,0,0,10.0,10.0,10.0,35.0,2,274,193.3950653076172,6.2637653753814035,,out_of_road
2017,fresh,0,fresh,,,0,0,0,5,0,0,15.0,10.0,10.0,20.0,0,54,2.065934658050537,0.15965523543181243,,out_of_road
2018,mutation,0,mutation,cluster_dist,,0,1,1,0,1,0,20.0,20.0,10.0,55.0,0,66,13.094511032104492,0.6641852898579655,,out_of_road
2019,fresh,0,fresh,,,0,0,0,0,0,0,5.0,10.0,15.0,10.0,0,246,221.97430419921875,8.654897773411216,,out_of_road
2020,crossover,0,crossover,,intersection_cars|has_cluster|cluster_dist,2,1,0,8,1,0,15.0,5.0,15.0,55.0,1,160,42.600467681884766,3.1521383844316007,,out_of_road
2021,fresh,0,fresh,,,0,0,0,0,0,0,10.0,5.0,5.0,20.0,0,215,144.8572235107422,5.909408333412436,rejection_fallback,out_of_road
2022,crossover,0,crossover,,select_lane|ego_on_intersection|intersection_has_cars|has_brake_checker|intersection_cars|maximum_distractor_speed,2,0,0,0,0,0,20.0,5.0,5.0,10.0,0,13,10.668890953063965,0.9794481717623197,,arrive_dest
2023,fresh,0,fresh,,,0,1,0,4,0,1,5.0,20.0,15.0,55.0,0,68,26.822168350219727,0.4101124743328375,,crash_vehicle
2024,crossover,0,crossover,,select_lane|ego_on_intersection|intersection_has_cars|intersection_cars|has_cluster|distance_to_nearest,3,0,0,4,0,0,20.0,40.0,10.0,55.0,0,112,60.143531799316406,2.3853907031672343,,crash_vehicle
2025,fresh,0,fresh,,,0,1,1,18,1,1,5.0,10.0,10.0,35.0,1,49,1.7006564140319824,0.5524678608896781,,out_of_road
2026,replay,0,replay,,,0,1,1,18,1,1,5.0,10.0,10.0,35.0,1,189,130.96498107910156,6.037469800660219,,crash_vehicle
2027,fresh,0,fresh,,,0,0,0,8,0,1,15.0,10.0,10.0,35.0,0,62,7.559355735778809,0.06541035108027919,,crash_vehicle
2028,crossover,0,crossover,,maximum_distractor_speed|distance_to_nearest,2,1,1,12,0,0,5.0,20.0,5.0,20.0,2,70,27.585479736328125,0.7262109115719795,,crash_vehicle
2029,fresh,0,fresh,,,0,1,0,1,0,0,10.0,5.0,15.0,55.0,0,116,17.570112228393555,2.0739208015388457,,crash_vehicle
2030,crossover,0,crossover,,select_lane|ego_on_intersection|intersection_has_cars|distance_to_nearest|cluster_dist,4,1,0,0,0,0,5.0,40.0,10.0,55.0,0,177,143.01806640625,4.254378041810235,,out_of_road
2031,fresh,0,fresh,,,0,1,0,18,1,0,20.0,20.0,5.0,35.0,0,111,47.95824432373047,1.5910417842972386,,out_of_road
2032,replay,0,replay,,,0,1,0,18,1,0,20.0,20.0,5.0,35.0,0,117,64.34587860107422,4.90449456552155,,out_of_road
2033,fresh,0,fresh,,,0,1,1,8,1,1,10.0,5.0,15.0,20.0,3,23,0.1354217529296875,0.0,,crash_vehicle
2034,crossover,0,crossover,,select_lane|ego_on_intersection|intersection_has_cars|distractor_cars|intersection_cars|has_cluster|distance_to_nearest,4,0,0,18,0,0,20.0,10.0,5.0,10.0,2,89,42.13322448730469,4.135992942231424,,crash_vehicle
2035,fresh,0,fresh,,,0,1,1,3,1,0,15.0,10.0,5.0,20.0,1,77,17.444843292236328,1.546486952475139,,crash_vehicle
2036,mutation,0,mutation,distance_to_nearest,,1,0,0,3,0,0,20.0,10.0,15.0,55.0,0,127,43.47358703613281,2.769017675260859,,crash_vehicle
2037,fresh,0,fresh,,,0,1,0,8,0,0,20.0,20.0,10.0,55.0,3,184,88.24620056152344,4.2097789496183395,,crash_vehicle
2038,replay,0,replay,,,0,1,0,8,0,0,20.0,20.0,10.0,55.0,3,218,190.1040802001953,7.148416533929493,,out_of_road
2039,fresh,0,fresh,,,0,0,0,0,1,0,5.0,20.0,15.0,55.0,0,83,37.602684020996094,0.5253853927175682,,out_of_road
2040,crossover,0,crossover,,select_lane|ego_on_intersection|intersection_has_cars|has_brake_checker|intersection_cars|has_cluster|maximum_distractor_speed|cluster_dist|brake_dist,5,1,0,0,0,0,20.0,20.0,5.0,55.0,0,231,183.0526885986328,8.00035965778095,,out_of_road
2041,fresh,0,fresh,,,0,0,0,4,0,1,20.0,10.0,5.0,10.0,0,40,5.854290008544922,0.35374453067779543,,crash_vehicle
2042,crossover,0,crossover,,select_lane|ego_on_intersection|intersection_has_cars|intersection_cars|maximum_distractor_speed|distance_to_nearest|brake_dist,4,0,0,18,0,0,15.0,10.0,10.0,35.0,3,134,91.6476058959961,7.8620142634235215,,crash_vehicle
2043,fresh,0,fresh,,,0,1,1,8,0,0,15.0,10.0,10.0,20.0,3,50,14.705402374267578,0.7343269422650337,,crash_vehicle
2044,mutation,0,mutation,cluster_dist,,1,0,0,5,0,0,15.0,40.0,10.0,20.0,2,142,100.57706451416016,4.249001842779173,,crash_vehicle
2045,fresh,0,fresh,,,0,0,0,8,1,1,20.0,40.0,5.0,55.0,2,73,32.593936920166016,0.3931180875595302,,crash_vehicle
2046,crossover,0,crossover,,select_lane|ego_on_intersection|intersection_has_cars|intersection_cars|has_cluster|distance_to_nearest|cluster_dist|brake_dist,4,1,0,4,0,0,20.0,5.0,5.0,20.0,0,59,17.888826370239258,2.469896365020235,,crash_vehicle
2047,fresh,0,fresh,,,0,0,0,0,0,0,20.0,10.0,5.0,35.0,0,20,-5.212010860443115,0.04453778266906738,,out_of_road
2048,replay,0,replay,,,0,0,0,0,0,0,20.0,10.0,5.0,35.0,0,269,275.4052429199219,9.673569548528876,,out_of_road
2049,fresh,0,fresh,,,0,1,0,3,0,0,10.0,20.0,15.0,10.0,2,176,122.12417602539062,5.81690347677266,,out_of_road
2050,replay,0,replay,,,0,1,0,3,0,0,10.0,20.0,15.0,10.0,2,93,49.99297332763672,7.002778055847332,,arrive_dest
2051,fresh,0,fresh,,,0,1,0,1,0,0,15.0,5.0,10.0,10.0,1,93,51.9698486328125,2.695745864222127,,out_of_road
2052,replay,0,replay,,,0,1,0,1,0,0,15.0,5.0,10.0,10.0,1,66,30.438800811767578,3.356776102022691,,crash_vehicle
2053,fresh,0,fresh,,,0,0,0,0,0,0,5.0,20.0,10.0,10.0,0,127,39.950992584228516,2.5102278505723308,,out_of_road
2054,mutation,0,mutation,maximum_distractor_speed,,0,1,0,0,0,0,20.0,20.0,5.0,55.0,0,82,37.40534210205078,0.3844012981507836,,out_of_road
2055,fresh,0,fresh,,,0,1,0,12,1,1,10.0,40.0,10.0,55.0,3,173,113.21052551269531,5.859547974143414,,out_of_road
2056,mutation,0,mutation,distractor_cars,,1,0,0,2,0,0,15.0,40.0,10.0,20.0,2,236,207.62521362304688,7.612831857497409,,out_of_road
2057,fresh,0,fresh,,,0,1,0,18,0,1,10.0,20.0,10.0,10.0,2,65,14.917116165161133,1.0555173912873634,,out_of_road
2058,crossover,0,crossover,,distractor_cars|has_brake_checker|has_cluster|distance_to_nearest,3,1,0,5,0,0,20.0,40.0,5.0,20.0,1,91,57.71925735473633,1.2968606418305701,,crash_vehicle
2059,fresh,0,fresh,,,0,0,0,8,0,1,5.0,5.0,10.0,55.0,0,19,-5.308064937591553,0.0,,out_of_road
2060,mutation,0,mutation,cluster_dist,,0,0,0,18,0,0,15.0,10.0,10.0,35.0,3,50,14.28559684753418,0.686228948533535,,crash_vehicle
2061,fresh,0,fresh,,,0,1,1,0,1,0,10.0,20.0,15.0,20.0,0,87,42.777442932128906,2.0275774063735175,,crash_vehicle
2062,crossover,0,crossover,,select_lane|ego_on_intersection|intersection_has_cars|intersection_cars|has_cluster|distance_to_nearest,3,0,0,4,1,0,10.0,5.0,15.0,55.0,0,49,7.153419494628906,0.29886846943777434,,crash_vehicle
2063,fresh,0,fresh,,,0,1,1,3,0,1,15.0,40.0,5.0,20.0,2,183,122.6685562133789,6.122068654969742,,out_of_road
2064,crossover,0,crossover,,select_lane|ego_on_intersection|intersection_has_cars|distractor_cars|intersection_cars|maximum_distractor_speed|distance_to_nearest|cluster_dist|brake_dist,6,0,0,0,0,0,5.0,20.0,5.0,10.0,0,262,194.5807342529297,6.5997000683582465,,out_of_road
2065,fresh,0,fresh,,,0,0,0,0,1,0,15.0,10.0,5.0,20.0,0,147,57.50117111206055,2.3404140356852086,,out_of_road
2066,crossover,0,crossover,,distractor_cars|has_brake_checker|distance_to_nearest|cluster_dist|brake_dist,4,0,0,0,0,0,15.0,20.0,10.0,35.0,0,160,40.88322067260742,1.9004706408828498,,out_of_road
2067,fresh,0,fresh,,,0,1,0,4,1,1,5.0,40.0,15.0,55.0,1,112,72.59339904785156,1.4261751446340765,,crash_vehicle
2068,mutation,0,mutation,brake_dist,,0,1,0,8,0,0,20.0,20.0,15.0,10.0,1,138,56.32517623901367,2.438235783490582,,out_of_road
2069,fresh,0,fresh,,,0,0,0,0,0,0,15.0,20.0,15.0,55.0,0,257,220.17442321777344,9.634526510646834,,out_of_road
2070,mutation,0,mutation,intersection_cars,,1,1,1,12,0,0,20.0,5.0,10.0,10.0,1,97,38.004547119140625,5.285938782790272,,out_of_road
2071,fresh,0,fresh,,,0,0,0,8,1,1,10.0,10.0,10.0,20.0,3,38,5.0958051681518555,0.24813616903204666,,crash_vehicle
2072,replay,0,replay,,,0,0,0,8,1,1,10.0,10.0,10.0,20.0,3,252,185.46400451660156,5.0964928184236795,,out_of_road
2073,fresh,0,fresh,,,0,0,0,0,0,0,5.0,40.0,10.0,55.0,0,95,42.62510681152344,0.6170477961239061,,out_of_road
2074,replay,0,replay,,,0,0,0,0,0,0,5.0,40.0,10.0,55.0,0,233,207.57247924804688,7.430075281167746,,out_of_road
2075,fresh,0,fresh,,,0,0,0,4,1,0,10.0,5.0,10.0,35.0,1,52,-0.032382965087890625,0.008803661052997295,,out_of_road
2076,crossover,0,crossover,,select_lane|ego_on_intersection|intersection_has_cars|distractor_cars|brake_dist,2,0,0,5,0,0,5.0,20.0,15.0,20.0,0,60,11.85805892944336,0.29357617696126304,,crash_vehicle
2077,fresh,0,fresh,,,0,0,0,5,1,0,15.0,10.0,15.0,55.0,3,65,9.566479682922363,0.5115666614128993,,crash_vehicle
2078,mutation,0,mutation,distance_to_nearest,,1,0,0,0,0,0,10.0,20.0,5.0,20.0,0,67,13.828145980834961,1.406202411473687,,out_of_road
2079,fresh,0,fresh,,,0,0,0,5,0,1,10.0,20.0,10.0,35.0,1,52,15.741361618041992,0.29273207371051496,,crash_vehicle
2080,replay,0,replay,,,0,0,0,5,0,1,10.0,20.0,10.0,35.0,1,80,11.193754196166992,0.3490825738757849,,out_of_road
2081,fresh,0,fresh,,,0,1,1,3,0,1,15.0,40.0,10.0,55.0,3,100,40.85669708251953,0.46192987009882924,,out_of_road
2082,mutation,0,mutation,intersection_cars,,1,1,1,12,0,0,10.0,5.0,5.0,20.0,0,25,0.38207387924194336,0.07838172912597656,,crash_vehicle
2083,fresh,0,fresh,,,0,1,0,0,0,0,15.0,40.0,5.0,20.0,0,51,5.142458915710449,0.2248881646231109,,out_of_road
2084,mutation,0,mutation,brake_dist,,1,0,0,0,0,0,20.0,40.0,15.0,10.0,0,244,190.0083465576172,5.528808766945463,,out_of_road
2085,fresh,0,fresh,,,0,1,0,2,1,0,15.0,5.0,5.0,55.0,1,24,-0.0004038810729980469,0.15657989184061685,,crash_vehicle
2086,replay,0,replay,,,0,1,0,2,1,0,15.0,5.0,5.0,55.0,1,217,197.03282165527344,6.038132350153638,,out_of_road
2087,fresh,0,fresh,,,0,0,0,2,0,0,5.0,40.0,5.0,20.0,2,200,196.98898315429688,6.981705598235131,,out_of_road
2088,replay,0,replay,,,0,0,0,2,0,0,5.0,40.0,5.0,20.0,2,240,203.20758056640625,6.732168045888344,,out_of_road
2089,fresh,0,fresh,,,0,0,0,1,0,0,5.0,40.0,10.0,10.0,1,174,124.10560607910156,4.068441236156157,,out_of_road
2090,crossover,0,crossover,,select_lane|ego_on_intersection|intersection_has_cars|distractor_cars|has_brake_checker|maximum_distractor_speed|distance_to_nearest|cluster_dist|brake_dist,6,0,0,0,0,0,20.0,40.0,5.0,35.0,0,112,40.336246490478516,2.8045071810483932,,out_of_road
2091,fresh,0,fresh,,,0,0,0,3,0,1,10.0,40.0,10.0,35.0,1,79,33.900733947753906,0.49075331869004646,,crash_vehicle
2092,mutation,0,mutation,maximum_distractor_speed,,1,0,0,5,1,0,15.0,5.0,10.0,20.0,2,300,185.63279724121094,5.656869692603747,,out_of_road
2093,fresh,0,fresh,,,0,1,1,18,1,1,10.0,10.0,15.0,20.0,1,36,-2.6613540649414062,0.21425255139668783,,crash_vehicle
2094,mutation,0,mutation,intersection_cars,,0,0,0,3,0,0,15.0,10.0,10.0,20.0,0,198,145.94552612304688,7.93937912869333,,out_of_road
2095,fresh,0,fresh,,,0,0,0,0,0,0,10.0,40.0,10.0,10.0,0,80,31.418193817138672,0.8469870641827584,,out_of_road
2096,crossover,0,crossover,,maximum_distractor_speed|cluster_dist|brake_dist,2,1,1,0,0,0,10.0,40.0,5.0,20.0,0,2,10.0,0.0,,arrive_dest
2097,fresh,0,fresh,,,0,1,0,12,1,0,15.0,5.0,15.0,20.0,0,28,0.7067294120788574,0.0033500194549560547,,crash_vehicle
2098,replay,0,replay,,,0,1,0,12,1,0,15.0,5.0,15.0,20.0,0,187,105.65019226074219,4.683662975216932,,out_of_road
2099,fresh,0,fresh,,,0,1,1,0,0,0,20.0,40.0,15.0,35.0,0,168,142.45257568359375,4.830395694289889,,out_of_road
2100,crossover,0,crossover,,distractor_cars|intersection_cars|cluster_dist,3,0,0,3,0,0,5.0,5.0,10.0,20.0,2,39,1.2621221542358398,0.19851763431842512,,crash_vehicle
2101,fresh,0,fresh,,,0,1,0,1,0,0,15.0,40.0,5.0,35.0,1,68,11.526731491088867,0.5234258455388686,,out_of_road
2102,crossover,0,crossover,,intersection_cars|distance_to_nearest,2,0,0,2,0,1,10.0,10.0,15.0,20.0,0,101,49.806884765625,4.879547831150565,,crash_vehicle
2103,fresh,0,fresh,,,0,0,0,3,0,1,15.0,20.0,5.0,35.0,3,95,44.990535736083984,0.6288968559942747,,out_of_road
2104,replay,0,replay,,,0,0,0,3,0,1,15.0,20.0,5.0,35.0,3,190,199.1666259765625,8.315110231230133,,crash_vehicle
2105,fresh,0,fresh,,,0,0,0,12,0,0,5.0,20.0,10.0,20.0,2,167,110.87911224365234,6.267123472815502,,crash_vehicle
2106,crossover,0,crossover,,has_brake_checker|intersection_cars|cluster_dist|brake_dist,1,0,0,0,0,0,5.0,5.0,5.0,20.0,0,300,202.21519470214844,5.815181199212869,,out_of_road
2107,fresh,0,fresh,,,0,1,1,18,0,0,20.0,20.0,10.0,20.0,2,83,27.28729248046875,1.028756768049964,,out_of_road
2108,mutation,0,mutation,has_brake_checker,,1,0,0,0,1,0,5.0,10.0,15.0,10.0,0,33,4.448970794677734,0.33453727490974194,,crash_vehicle
2109,fresh,0,fresh,,,0,0,0,2,1,1,5.0,20.0,10.0,35.0,2,118,8.637628555297852,0.2637235795037221,,out_of_road
2110,crossover,0,crossover,,distractor_cars|intersection_cars|has_cluster|maximum_distractor_speed|distance_to_nearest|brake_dist,5,0,0,5,0,0,15.0,40.0,15.0,20.0,2,122,81.42769622802734,2.187542821540207,,out_of_road
2111,fresh,0,fresh,,,0,0,0,1,0,0,20.0,5.0,15.0,10.0,0,155,43.90655517578125,1.9482512973969983,,crash_vehicle
2112,mutation,0,mutation,cluster_dist,,1,0,0,0,0,0,10.0,5.0,10.0,20.0,0,79,30.996288299560547,0.47719625808015653,,out_of_road
2113,fresh,0,fresh,,,0,1,0,2,0,0,5.0,20.0,10.0,35.0,0,56,16.06494903564453,0.4052097068301269,,crash_vehicle
2114,crossover,0,crossover,,select_lane|ego_on_intersection|intersection_has_cars|distractor_cars|has_brake_checker|has_cluster|maximum_distractor_speed|cluster_dist|brake_dist,3,0,0,0,0,0,20.0,20.0,15.0,10.0,0,83,43.281009674072266,2.3506832269121367,,out_of_road
2115,fresh,0,fresh,,,0,1,0,1,1,0,20.0,10.0,5.0,35.0,1,102,60.083763122558594,1.9869474418023054,,crash_vehicle
2116,replay,0,replay,,,0,1,0,1,1,0,20.0,10.0,5.0,35.0,1,234,176.6394805908203,5.041346316759149,,out_of_road
2117,fresh,0,fresh,,,0,0,0,1,1,1,20.0,10.0,5.0,55.0,1,154,52.873863220214844,2.287175977336509,,out_of_road
2118,replay,0,replay,,,0,0,0,1,1,1,20.0,10.0,5.0,55.0,1,264,205.82635498046875,6.814044656514218,,out_of_road
2119,fresh,0,fresh,,,0,0,0,4,0,1,15.0,5.0,10.0,10.0,2,95,3.4735307693481445,1.2036061122229225,,out_of_road
2120,crossover,0,crossover,,select_lane|ego_on_intersection|intersection_has_cars|intersection_cars|has_cluster|maximum_distractor_speed|cluster_dist,5,0,0,2,0,0,5.0,5.0,15.0,10.0,0,52,2.840236186981201,0.0,,crash_vehicle
2121,fresh,0,fresh,,,0,1,1,12,1,0,10.0,20.0,5.0,35.0,2,72,30.514236450195312,1.3801210187375546,,crash_vehicle
2122,crossover,0,crossover,,select_lane|ego_on_intersection|intersection_has_cars|distractor_cars|has_cluster|maximum_distractor_speed|distance_to_nearest|cluster_dist,6,1,0,1,0,0,20.0,10.0,15.0,10.0,0,249,159.53468322753906,5.593430825385703,,out_of_road
2123,fresh,0,fresh,,,0,1,0,12,0,0,5.0,10.0,15.0,20.0,2,81,32.875938415527344,3.517169882485896,,crash_vehicle
2124,crossover,0,crossover,,distractor_cars|has_brake_checker|has_cluster|distance_to_nearest|cluster_dist|brake_dist,3,0,0,3,0,0,15.0,10.0,10.0,20.0,0,95,40.51616668701172,3.5034248941823054,,out_of_road
2125,fresh,0,fresh,,,0,0,0,12,0,0,10.0,5.0,15.0,20.0,3,24,0.7805728912353516,0.020362059275309246,,crash_vehicle
2126,replay,0,replay,,,0,0,0,12,0,0,10.0,5.0,15.0,20.0,3,202,166.3571014404297,7.299048527927682,,out_of_road
2127,fresh,0,fresh,,,0,1,0,3,1,1,5.0,20.0,10.0,35.0,3,109,64.70407104492188,1.0134743620906401,,crash_vehicle
2128,crossover,0,crossover,,distractor_cars|has_cluster|maximum_distractor_speed|distance_to_nearest|brake_dist,5,0,0,0,1,0,20.0,20.0,10.0,10.0,0,257,216.1416778564453,7.752251063107517,,out_of_road
2129,fresh,0,fresh,,,0,1,1,12,0,0,15.0,40.0,5.0,55.0,1,235,169.7855682373047,6.5010976115439805,,arrive_dest
2130,replay,0,replay,,,0,1,1,12,0,0,15.0,40.0,5.0,55.0,1,28,2.4604315757751465,0.26921586745551657,,crash_vehicle
2131,fresh,0,fresh,,,0,1,1,4,0,1,5.0,10.0,5.0,35.0,2,121,9.345799446105957,0.42866038820467706,,crash_vehicle
2132,replay,0,replay,,,0,1,1,4,0,1,5.0,10.0,5.0,35.0,2,50,14.163124084472656,0.47707930088043216,,crash_vehicle
2133,fresh,0,fresh,,,0,1,0,1,1,1,15.0,40.0,10.0,55.0,1,88,45.13669204711914,0.599363393404267,,out_of_road
2134,crossover,0,crossover,,select_lane|ego_on_intersection|intersection_has_cars|distractor_cars|has_brake_checker|intersection_cars|distance_to_nearest,2,0,0,0,0,0,5.0,20.0,15.0,20.0,0,84,38.4486198425293,0.3764895683243161,,out_of_road
2135,fresh,0,fresh,,,0,1,1,3,0,0,15.0,40.0,15.0,10.0,0,80,43.680267333984375,1.2172594357281923,,out_of_road
2136,replay,0,replay,,,0,1,1,3,0,0,15.0,40.0,15.0,10.0,0,217,183.6293487548828,5.876979376313873,,out_of_road
2137,fresh,0,fresh,,,0,1,1,3,0,0,20.0,10.0,5.0,10.0,0,196,67.39897155761719,3.5114756112500114,,out_of_road
2138,replay,0,replay,,,0,1,1,3,0,0,20.0,10.0,5.0,10.0,0,122,62.222511291503906,7.268188395949661,,crash_vehicle
2139,fresh,0,fresh,,,0,0,0,5,0,1,10.0,20.0,10.0,55.0,0,46,14.703132629394531,0.39667975384256116,,crash_vehicle
2140,crossover,0,crossover,,distractor_cars|has_brake_checker|intersection_cars|has_cluster|distance_to_nearest|cluster_dist,5,0,0,0,0,0,15.0,20.0,15.0,20.0,0,136,64.44017028808594,3.9183249367291437,,out_of_road
2141,fresh,0,fresh,,,0,1,1,12,1,1,15.0,5.0,10.0,35.0,0,75,25.7836856842041,4.273975766102473,,crash_vehicle
2142,mutation,0,mutation,distance_to_nearest,,0,0,0,1,0,0,20.0,40.0,10.0,10.0,0,222,183.67422485351562,6.6415196630331845,,out_of_road
2143,fresh,0,fresh,,,0,0,0,1,1,1,15.0,40.0,15.0,55.0,0,110,73.50169372558594,1.7902667040174658,,crash_vehicle
2144,mutation,0,mutation,distractor_cars,,1,0,0,18,0,0,15.0,20.0,15.0,35.0,3,96,60.08263397216797,3.8041859002163014,,crash_vehicle
2145,fresh,0,fresh,,,0,0,0,12,0,0,10.0,20.0,10.0,35.0,2,212,139.00750732421875,5.8916622214722185,,out_of_road
2146,replay,0,replay,,,0,0,0,12,0,0,10.0,20.0,10.0,35.0,2,208,197.8224639892578,6.690202277440291,,out_of_road
2147,fresh,0,fresh,,,0,1,1,8,0,1,10.0,5.0,5.0,35.0,2,2,10.0,5.4868879318237305,,arrive_dest
2148,replay,0,replay,,,0,1,1,8,0,1,10.0,5.0,5.0,35.0,2,234,161.19375610351562,10.583392754706562,,crash_vehicle
2149,fresh,0,fresh,,,0,0,0,8,0,1,5.0,20.0,10.0,20.0,2,53,15.200111389160156,0.3927211401597509,,crash_vehicle
2150,mutation,0,mutation,has_brake_checker,,2,1,1,1,1,0,10.0,40.0,5.0,55.0,1,274,133.8083038330078,4.2347016028352895,,crash_vehicle
2151,fresh,0,fresh,,,0,0,0,2,0,1,10.0,5.0,10.0,55.0,0,27,-9.152825355529785,0.0,,crash_vehicle
2152,mutation,0,mutation,distractor_cars,,1,0,0,4,0,0,15.0,20.0,10.0,35.0,0,84,43.196510314941406,2.281040290281886,,out_of_road
2153,fresh,0,fresh,,,0,1,1,5,0,0,20.0,20.0,15.0,20.0,0,131,41.602806091308594,2.157344930954562,,out_of_road
2154,crossover,0,crossover,,has_brake_checker|maximum_distractor_speed|cluster_dist,4,1,0,1,1,0,15.0,10.0,10.0,20.0,0,39,4.9647016525268555,0.18085044469588843,,crash_vehicle
2155,fresh,0,fresh,,,0,0,0,1,0,1,20.0,40.0,15.0,55.0,1,248,183.49075317382812,7.236785257047403,,out_of_road
2156,replay,0,replay,,,0,0,0,1,0,1,20.0,40.0,15.0,55.0,1,250,206.60487365722656,6.6130601034164425,,out_of_road
2157,fresh,0,fresh,,,0,1,0,8,0,1,20.0,5.0,10.0,20.0,0,22,-0.3452134132385254,0.20547040755098517,,crash_vehicle
2158,crossover,0,crossover,,distractor_cars|maximum_distractor_speed,1,0,0,0,0,0,15.0,10.0,10.0,20.0,0,67,6.41339111328125,0.1527588115588053,,out_of_road
2159,fresh,0,fresh,,,0,0,0,1,0,0,10.0,20.0,5.0,20.0,1,241,214.63327026367188,7.9406584295989076,,out_of_road
2160,replay,0,replay,,,0,0,0,1,0,0,10.0,20.0,5.0,20.0,1,86,41.151790618896484,2.0603114740793096,,out_of_road
2161,fresh,0,fresh,,,0,0,0,12,1,0,5.0,10.0,10.0,35.0,0,52,-9.227922439575195,0.06265304982662201,,out_of_road
2162,replay,0,replay,,,0,0,0,12,1,0,5.0,10.0,10.0,35.0,0,123,77.65740966796875,6.943325079795791,,crash_vehicle
2163,fresh,0,fresh,,,0,1,0,2,1,0,10.0,40.0,5.0,55.0,2,134,99.06746673583984,2.2069868479869257,,crash_vehicle
2164,crossover,0,crossover,,select_lane|ego_on_intersection|intersection_has_cars|distractor_cars|has_brake_checker|has_cluster,1,0,0,0,0,0,5.0,10.0,15.0,10.0,0,212,203.9010772705078,7.699318810243089,,out_of_road
2165,fresh,0,fresh,,,0,0,0,0,1,0,20.0,5.0,15.0,10.0,0,46,4.504281044006348,0.20128229390019955,,crash_vehicle
2166,crossover,0,crossover,,intersection_cars|has_cluster,0,0,0,0,0,0,5.0,10.0,15.0,10.0,0,209,190.3068389892578,5.607156797887035,,out_of_road
2167,fresh,0,fresh,,,0,1,0,1,1,0,5.0,20.0,5.0,35.0,0,74,29.922740936279297,0.7759535225561341,,crash_vehicle
2168,mutation,0,mutation,distance_to_nearest,,0,0,0,0,0,0,5.0,20.0,5.0,10.0,0,206,201.37191772460938,8.307103574854656,,out_of_road
2169,fresh,0,fresh,,,0,0,0,3,1,1,15.0,5.0,5.0,35.0,0,34,-0.25055599212646484,0.27840815199648633,,crash_vehicle
2170,crossover,0,crossover,,has_brake_checker|has_cluster|maximum_distractor_speed|distance_to_nearest|brake_dist,2,1,1,0,1,0,15.0,5.0,10.0,55.0,0,139,98.5273208618164,1.8610172421812154,,crash_vehicle
2171,fresh,0,fresh,,,0,1,1,3,1,1,20.0,20.0,15.0,35.0,3,157,71.40762329101562,3.323462471745576,,out_of_road
2172,crossover,0,crossover,,select_lane|ego_on_intersection|intersection_has_cars|intersection_cars|distance_to_nearest|cluster_dist,3,0,0,0,1,0,20.0,10.0,15.0,10.0,0,65,5.501035690307617,0.9388024568557739,,out_of_road
2173,fresh,0,fresh,,,0,1,1,0,0,0,15.0,20.0,15.0,35.0,0,58,8.176337242126465,0.42814806155089674,,out_of_road
2174,crossover,0,crossover,,select_lane|ego_on_intersection|intersection_has_cars|has_brake_checker|intersection_cars|has_cluster|maximum_distractor_speed,1,1,1,12,0,0,20.0,5.0,10.0,10.0,2,72,-0.794548511505127,0.35134360525343156,,out_of_road
2175,fresh,0,fresh,,,0,1,0,4,1,0,15.0,40.0,15.0,55.0,3,76,13.571964263916016,1.292080534916175,,out_of_road
2176,crossover,0,crossover,,select_lane|ego_on_intersection|intersection_has_cars|distractor_cars|has_cluster|maximum_distractor_speed|cluster_dist,4,0,0,2,0,1,20.0,20.0,5.0,20.0,1,67,21.094982147216797,2.3130707523938434,,crash_vehicle
2177,fresh,0,fresh,,,0,1,1,18,0,1,15.0,10.0,15.0,35.0,3,160,81.99383544921875,4.919223703909665,,crash_vehicle
2178,crossover,0,crossover,,distractor_cars|intersection_cars|has_cluster,3,1,0,12,0,1,20.0,10.0,15.0,35.0,3,62,11.830575942993164,1.044809692328976,,out_of_road
2179,fresh,0,fresh,,,0,1,1,18,0,0,10.0,10.0,5.0,20.0,2,48,12.38751220703125,0.2810932130863269,,crash_vehicle
2180,replay,0,replay,,,0,1,1,18,0,0,10.0,10.0,5.0,20.0,2,128,70.93964385986328,6.16589138796553,,out_of_road
2181,fresh,0,fresh,,,0,1,1,0,1,0,20.0,5.0,15.0,20.0,0,79,34.6289176940918,1.4998996376614027,,crash_vehicle
2182,mutation,0,mutation,cluster_dist,,1,0,0,0,0,0,20.0,5.0,10.0,10.0,0,283,277.477294921875,9.970839101097187,,out_of_road
2183,fresh,0,fresh,,,0,0,0,18,0,1,20.0,5.0,15.0,20.0,2,2,10.0,6.653889179229736,,arrive_dest
2184,mutation,0,mutation,intersection_cars,,0,0,0,0,0,0,20.0,40.0,5.0,35.0,0,172,162.20591735839844,7.160734390450078,,out_of_road
2185,fresh,0,fresh,,,0,1,1,2,1,1,20.0,20.0,10.0,35.0,1,83,42.59202575683594,1.6263010649077863,,crash_vehicle
2186,replay,0,replay,,,0,1,1,2,1,1,20.0,20.0,10.0,35.0,1,38,-2.8537957668304443,0.06111895410638107,,out_of_road
2187,fresh,0,fresh,,,0,0,0,5,0,1,20.0,40.0,10.0,55.0,0,91,44.32359313964844,0.41726670356897205,,crash_vehicle
2188,mutation,0,mutation,distractor_cars,,1,1,0,2,0,1,10.0,5.0,15.0,20.0,2,87,36.33829879760742,1.3053336534006843,,out_of_road
2189,fresh,0,fresh,,,0,0,0,0,0,0,10.0,40.0,5.0,55.0,0,45,0.5205779075622559,0.0,,out_of_road
2190,crossover,0,crossover,,intersection_cars|maximum_distractor_speed|brake_dist,1,0,0,0,0,0,20.0,20.0,5.0,10.0,0,234,200.44203186035156,7.8414346351582775,,out_of_road
2191,fresh,0,fresh,,,0,0,0,4,1,1,20.0,5.0,10.0,20.0,0,25,0.45439672470092773,0.14837989807128907,,crash_vehicle
2192,mutation,0,mutation,cluster_dist,,0,0,0,18,0,0,15.0,10.0,10.0,35.0,3,37,5.87391471862793,0.4157866400641364,,crash_vehicle
2193,fresh,0,fresh,,,0,0,0,18,0,1,10.0,20.0,15.0,20.0,1,84,43.11455535888672,2.101011827233292,,crash_vehicle
2194,crossover,0,crossover,,select_lane|ego_on_intersection|intersection_has_cars|distractor_cars|has_brake_checker|has_cluster|distance_to_nearest|cluster_dist,5,1,0,8,0,0,20.0,20.0,15.0,10.0,0,51,14.462753295898438,0.2788282726325241,,crash_vehicle
2195,fresh,0,fresh,,,0,1,1,1,1,1,15.0,40.0,5.0,55.0,1,71,30.197174072265625,0.34016192672957835,,out_of_road
2196,replay,0,replay,,,0,1,1,1,1,1,15.0,40.0,5.0,55.0,1,154,105.79964447021484,6.294632810083303,,out_of_road
2197,fresh,0,fresh,,,0,1,0,8,0,0,15.0,40.0,5.0,20.0,3,150,99.37016296386719,2.0151653963824114,,crash_vehicle
2198,mutation,0,mutation,maximum_distractor_speed,,1,1,1,4,0,0,10.0,10.0,15.0,35.0,2,2,10.0,1.8938302993774414,,arrive_dest
2199,fresh,0,fresh,,,0,0,0,1,0,0,20.0,40.0,5.0,35.0,1,137,78.69120025634766,4.916490074600617,,out_of_road
2200,mutation,0,mutation,brake_dist,,1,0,0,1,0,0,20.0,40.0,15.0,35.0,0,28,-1.3616664409637451,0.6082057952880859,,out_of_road
2201,fresh,0,fresh,,,0,0,0,12,0,0,5.0,20.0,5.0,35.0,2,90,32.725990295410156,0.48059139061305256,,crash_vehicle
2202,crossover,0,crossover,,has_brake_checker|maximum_distractor_speed|distance_to_nearest|cluster_dist|brake_dist,4,0,0,0,0,0,20.0,10.0,15.0,35.0,0,87,46.277400970458984,2.590816099753325,,out_of_road
2203,fresh,0,fresh,,,0,0,0,3,0,1,15.0,10.0,10.0,20.0,1,41,5.649883270263672,0.21513441713844858,,crash_vehicle
2204,mutation,0,mutation,maximum_distractor_speed,,1,0,0,0,0,0,5.0,5.0,5.0,10.0,0,196,165.32540893554688,4.256484969690138,,out_of_road
2205,fresh,0,fresh,,,0,1,1,2,0,1,10.0,5.0,5.0,55.0,2,207,215.09710693359375,9.899505233995004,,out_of_road
2206,replay,0,replay,,,0,1,1,2,0,1,10.0,5.0,5.0,55.0,2,221,194.2577667236328,7.203772184535929,,out_of_road
2207,fresh,0,fresh,,,0,1,0,18,1,0,10.0,40.0,10.0,55.0,0,103,64.67950439453125,0.9894527437038791,,crash_vehicle
2208,crossover,0,crossover,,maximum_distractor_speed|distance_to_nearest|cluster_dist,2,1,1,1,0,0,15.0,5.0,10.0,10.0,1,139,93.26296997070312,3.7648110621267086,,out_of_road
2209,fresh,0,fresh,,,0,1,1,12,0,1,5.0,20.0,10.0,20.0,2,69,15.75486946105957,0.41598530092101166,,crash_vehicle
2210,mutation,0,mutation,has_brake_checker,,0,0,0,0,0,0,10.0,5.0,5.0,20.0,0,36,15.092437744140625,0.8020815054575602,,arrive_dest
2211,fresh,0,fresh,,,0,0,0,1,0,1,5.0,40.0,5.0,20.0,1,76,10.647963523864746,0.0,,out_of_road
2212,replay,0,replay,,,0,0,0,1,0,1,5.0,40.0,5.0,20.0,1,32,-0.28801488876342773,0.0,,out_of_road
2213,fresh,0,fresh,,,0,1,0,1,1,1,5.0,20.0,10.0,35.0,1,108,60.83208465576172,2.79946731996757,,crash_vehicle
2214,replay,0,replay,,,0,1,0,1,1,1,5.0,20.0,10.0,35.0,1,47,13.523378372192383,0.5398437114472084,,crash_vehicle
2215,fresh,0,fresh,,,0,0,0,12,0,0,15.0,5.0,10.0,35.0,1,38,-0.21297073364257812,0.08850738837530739,,crash_vehicle
2216,mutation,0,mutation,has_cluster,,1,1,0,8,0,1,15.0,5.0,5.0,20.0,0,30,-0.311586856842041,0.020650955537954967,,crash_vehicle
2217,fresh,0,fresh,,,0,0,0,4,0,1,20.0,20.0,15.0,10.0,1,76,27.95294189453125,0.3406758826029928,,crash_vehicle
2218,crossover,0,crossover,,distractor_cars|maximum_distractor_speed|brake_dist,2,0,0,18,0,0,20.0,20.0,5.0,20.0,0,64,17.13629722595215,0.35761370323598385,,crash_vehicle
2219,fresh,0,fresh,,,0,1,1,2,0,0,20.0,40.0,10.0,20.0,2,74,27.72735595703125,0.636203533894307,,out_of_road
2220,replay,0,replay,,,0,1,1,2,0,0,20.0,40.0,10.0,20.0,2,110,60.556419372558594,7.766525409438393,,crash_vehicle
2221,fresh,0,fresh,,,0,1,0,0,0,0,10.0,5.0,5.0,55.0,0,191,200.97244262695312,7.268056514999629,,out_of_road
2222,replay,0,replay,,,0,1,0,0,0,0,10.0,5.0,5.0,55.0,0,218,192.64988708496094,6.596622649306824,,out_of_road
2223,fresh,0,fresh,,,0,1,0,4,0,0,15.0,10.0,15.0,20.0,0,82,26.198049545288086,1.6907682709577607,,out_of_road
2224,mutation,0,mutation,select_road|select_lane|ego_on_intersection|intersection_has_cars,,1,1,0,1,0,0,20.0,10.0,15.0,55.0,1,80,41.87041091918945,0.4968563705682755,,crash_vehicle
2225,fresh,0,fresh,,,0,0,0,18,0,1,15.0,20.0,5.0,55.0,0,52,13.59138298034668,0.25699281692504883,,crash_vehicle
2226,mutation,0,mutation,has_brake_checker,,0,0,0,8,0,0,15.0,20.0,15.0,35.0,3,217,196.35443115234375,8.520470172578838,,out_of_road
2227,fresh,0,fresh,,,0,0,0,2,1,0,15.0,5.0,15.0,20.0,2,103,50.03203201293945,1.5263974377252523,,crash_vehicle
2228,crossover,0,crossover,,distractor_cars|has_cluster|maximum_distractor_speed|cluster_dist|brake_dist,4,1,1,5,0,0,15.0,10.0,10.0,20.0,2,197,126.20904541015625,5.32561450538599,,out_of_road
2229,fresh,0,fresh,,,0,1,0,5,1,0,5.0,10.0,5.0,35.0,3,57,17.244274139404297,0.672648851285901,,crash_vehicle
2230,replay,0,replay,,,0,1,0,5,1,0,5.0,10.0,5.0,35.0,3,90,30.904170989990234,3.8243013789256413,,crash_vehicle
2231,fresh,0,fresh,,,0,1,1,1,1,1,15.0,20.0,5.0,55.0,1,103,57.68926239013672,1.0474127825458073,,out_of_road
2232,mutation,0,mutation,has_brake_checker,,1,1,0,0,0,0,20.0,20.0,5.0,55.0,0,216,203.67068481445312,5.794255329089032,,out_of_road
2233,fresh,0,fresh,,,0,0,0,12,1,1,10.0,20.0,5.0,55.0,2,50,15.08102798461914,0.5019674062728882,,crash_vehicle
2234,mutation,0,mutation,has_brake_checker,,0,0,0,0,0,0,20.0,5.0,10.0,10.0,0,87,42.553585052490234,1.7557748521881542,,out_of_road
2235,fresh,0,fresh,,,0,0,0,3,0,1,10.0,20.0,10.0,55.0,0,49,15.83669662475586,0.3794893537248884,,crash_vehicle
2236,replay,0,replay,,,0,0,0,3,0,1,10.0,20.0,10.0,55.0,0,256,210.5813751220703,6.715627713128924,,out_of_road
2237,fresh,0,fresh,,,0,0,0,2,1,1,10.0,20.0,5.0,35.0,1,89,40.89707946777344,1.2810773976733176,,crash_vehicle
2238,replay,0,replay,,,0,0,0,2,1,1,10.0,20.0,5.0,35.0,1,121,6.836617469787598,0.23808013383022025,,out_of_road
2239,fresh,0,fresh,,,0,0,0,1,0,0,10.0,10.0,10.0,35.0,1,78,33.602394104003906,0.6254142871460854,,out_of_road
2240,crossover,0,crossover,,distance_to_nearest|cluster_dist|brake_dist,3,0,0,18,0,1,20.0,20.0,10.0,55.0,2,47,14.649482727050781,0.45537408869317236,,crash_vehicle
2241,fresh,0,fresh,,,0,0,0,5,0,0,20.0,20.0,10.0,10.0,0,141,100.65702819824219,6.28672755356376,,out_of_road
2242,mutation,0,mutation,cluster_dist,,0,0,0,0,0,0,20.0,5.0,5.0,10.0,0,236,198.9089813232422,6.1228081518310615,,out_of_road
2243,fresh,0,fresh,,,0,1,0,12,1,0,20.0,10.0,5.0,20.0,3,35,4.58405876159668,0.32662860325404575,,crash_vehicle
2244,crossover,0,crossover,,distractor_cars|intersection_cars|cluster_dist|brake_dist,3,0,0,2,0,0,10.0,20.0,5.0,55.0,2,241,203.13851928710938,7.202780990061424,,out_of_road
2245,fresh,0,fresh,,,0,0,0,2,1,1,15.0,40.0,15.0,55.0,0,233,214.07061767578125,7.816819279490622,,out_of_road
2246,replay,0,replay,,,0,0,0,2,1,1,15.0,40.0,15.0,55.0,0,205,194.593994140625,7.056435601885726,,crash_vehicle
2247,fresh,0,fresh,,,0,1,0,1,0,0,10.0,40.0,10.0,35.0,0,183,95.3902816772461,3.3853223168296243,,crash_vehicle
2248,crossover,0,crossover,,has_brake_checker|maximum_distractor_speed|cluster_dist|brake_dist,4,0,0,2,0,1,5.0,40.0,5.0,10.0,0,72,32.11989212036133,0.5075000392066108,,crash_vehicle
2249,fresh,0,fresh,,,0,0,0,5,0,1,5.0,20.0,15.0,20.0,3,68,28.973731994628906,0.6720697564237258,,crash_vehicle
2250,mutation,0,mutation,has_brake_checker,,0,0,0,0,0,0,10.0,5.0,5.0,20.0,0,254,287.50927734375,11.806752834029085,,out_of_road
2251,fresh,0,fresh,,,0,1,1,5,1,0,5.0,5.0,5.0,35.0,1,23,-0.36179113388061523,0.4569183017896569,,crash_vehicle
2252,replay,0,replay,,,0,1,1,5,1,0,5.0,5.0,5.0,35.0,1,312,262.19024658203125,7.309237453991022,,out_of_road
2253,fresh,0,fresh,,,0,0,0,3,1,1,5.0,40.0,15.0,55.0,1,102,50.952911376953125,2.2227714187374303,,crash_vehicle
2254,crossover,0,crossover,,distractor_cars|maximum_distractor_speed|cluster_dist|brake_dist,3,0,0,8,0,0,15.0,20.0,15.0,35.0,2,98,44.27570724487305,1.7373334934212723,,out_of_road
2255,fresh,0,fresh,,,0,0,0,5,1,0,5.0,20.0,15.0,35.0,3,77,32.39558410644531,0.6994355891819124,,crash_vehicle
2256,mutation,0,mutation,distractor_cars,,1,0,0,5,0,0,20.0,5.0,5.0,10.0,0,32,-0.6534428596496582,0.037946105003356934,,crash_vehicle
2257,fresh,0,fresh,,,0,1,1,8,0,0,15.0,20.0,10.0,10.0,3,92,44.766170501708984,2.162148008527963,,out_of_road
2258,crossover,0,crossover,,select_lane|ego_on_intersection|intersection_has_cars|intersection_cars|has_cluster|distance_to_nearest|brake_dist,2,0,0,0,0,0,10.0,20.0,5.0,35.0,0,203,191.0829315185547,5.550981142250775,,out_of_road
2259,fresh,0,fresh,,,0,1,0,3,0,1,20.0,40.0,10.0,20.0,3,77,27.951763153076172,0.362357201514306,,out_of_road
2260,mutation,0,mutation,has_cluster,,0,0,0,0,0,0,5.0,20.0,5.0,10.0,0,242,200.82168579101562,6.590657046880604,,out_of_road
2261,fresh,0,fresh,,,0,0,0,18,1,0,5.0,20.0,5.0,55.0,2,66,20.302846908569336,0.4660540223121643,,crash_vehicle
2262,crossover,0,crossover,,select_lane|ego_on_intersection|intersection_has_cars|distractor_cars|has_brake_checker|intersection_cars|has_cluster|maximum_distractor_speed|distance_to_nearest|cluster_dist,6,0,0,5,0,0,20.0,40.0,15.0,20.0,0,54,6.778820037841797,1.8776584927130628,,out_of_road
2263,fresh,0,fresh,,,0,1,1,8,1,0,5.0,5.0,15.0,20.0,0,30,-0.1707744598388672,0.0,,crash_vehicle
2264,crossover,0,crossover,,select_lane|ego_on_intersection|intersection_has_cars|distractor_cars|has_brake_checker|has_cluster|maximum_distractor_speed|cluster_dist,1,0,0,0,0,0,10.0,5.0,5.0,20.0,0,160,120.442138671875,6.916060814261437,,out_of_road
2265,fresh,0,fresh,,,0,0,0,8,0,1,20.0,5.0,15.0,10.0,3,23,-0.32498693466186523,0.0,,crash_vehicle
2266,replay,0,replay,,,0,0,0,8,0,1,20.0,5.0,15.0,10.0,3,109,57.006248474121094,7.64514871201384,,crash_vehicle
2267,fresh,0,fresh,,,0,0,0,2,1,1,10.0,40.0,10.0,55.0,2,126,90.16748046875,1.5708855499350836,,crash_vehicle
2268,mutation,0,mutation,select_road|select_lane|ego_on_intersection|intersection_has_cars,,2,1,0,0,0,0,20.0,40.0,10.0,55.0,0,236,211.01707458496094,7.474130907301175,,out_of_road
2269,fresh,0,fresh,,,0,1,1,18,0,1,20.0,40.0,10.0,55.0,1,75,28.170310974121094,0.5000842793782552,,crash_vehicle
2270,replay,0,replay,,,0,1,1,18,0,1,20.0,40.0,10.0,55.0,1,200,195.4863739013672,6.090586987286806,,out_of_road
2271,fresh,0,fresh,,,0,1,1,18,0,1,5.0,20.0,15.0,35.0,0,57,21.136682510375977,0.7244232746592739,,crash_vehicle
2272,replay,0,replay,,,0,1,1,18,0,1,5.0,20.0,15.0,35.0,0,210,186.19859313964844,8.134122190021333,,crash_vehicle
2273,fresh,0,fresh,,,0,0,0,2,1,1,15.0,5.0,10.0,55.0,2,233,205.6297607421875,8.684517474645197,,out_of_road
2274,replay,0,replay,,,0,0,0,2,1,1,15.0,5.0,10.0,55.0,2,279,217.5578155517578,6.04616912077832,,out_of_road
2275,fresh,0,fresh,,,0,0,0,2,0,0,15.0,10.0,15.0,35.0,2,185,153.03207397460938,6.268809804078695,,out_of_road
2276,mutation,0,mutation,brake_dist,,1,1,0,1,0,0,20.0,10.0,15.0,20.0,1,239,218.15052795410156,8.080651986299697,,out_of_road
2277,fresh,0,fresh,,,0,1,1,4,0,1,10.0,40.0,15.0,55.0,2,65,9.549478530883789,0.5365368402921237,,out_of_road
2278,crossover,0,crossover,,select_lane|ego_on_intersection|intersection_has_cars|distractor_cars|distance_to_nearest,3,0,0,0,0,0,15.0,20.0,10.0,20.0,0,231,199.21624755859375,7.092957242871776,,out_of_road
2279,fresh,0,fresh,,,0,0,0,0,0,0,10.0,5.0,5.0,20.0,0,106,60.32318878173828,2.3571637398651184,rejection_fallback,out_of_road
2280,mutation,0,mutation,maximum_distractor_speed,,1,1,0,8,0,0,5.0,20.0,15.0,10.0,1,80,28.40215301513672,0.9920320466160775,,crash_vehicle
2281,fresh,0,fresh,,,0,0,0,8,1,0,15.0,40.0,10.0,55.0,3,63,17.05836296081543,0.9126803193773542,,out_of_road
2282,mutation,0,mutation,intersection_cars,,0,1,1,1,0,0,10.0,40.0,5.0,10.0,1,82,40.382076263427734,0.17813404231536678,,out_of_road
2283,fresh,0,fresh,,,0,0,0,18,0,1,15.0,20.0,5.0,20.0,0,51,15.39439582824707,0.3220622118781595,,crash_vehicle
2284,mutation,0,mutation,brake_dist,,1,0,0,0,0,0,20.0,40.0,5.0,10.0,0,53,3.4591760635375977,0.09072978415016858,,out_of_road
2285,fresh,0,fresh,,,0,1,1,12,1,0,10.0,20.0,10.0,55.0,3,60,13.907711029052734,0.31062853982051214,,out_of_road
2286,crossover,0,crossover,,select_lane|ego_on_intersection|intersection_has_cars|has_brake_checker|maximum_distractor_speed|distance_to_nearest|brake_dist,4,0,0,0,1,0,15.0,10.0,5.0,55.0,0,108,68.81029510498047,0.9846661477522166,,out_of_road
2287,fresh,0,fresh,,,0,1,0,1,0,0,5.0,20.0,15.0,35.0,1,156,112.78607177734375,4.162952868267894,,out_of_road
2288,replay,0,replay,,,0,1,0,1,0,0,5.0,20.0,15.0,35.0,1,257,206.19508361816406,7.097040828099974,,out_of_road
2289,fresh,0,fresh,,,0,0,0,3,0,0,20.0,10.0,15.0,20.0,2,252,1.613851547241211,0.10688105462089417,,crash_vehicle
2290,replay,0,replay,,,0,0,0,3,0,0,20.0,10.0,15.0,20.0,2,210,202.6256866455078,6.46520718960535,,out_of_road
2291,fresh,0,fresh,,,0,1,0,4,0,1,20.0,40.0,5.0,35.0,3,147,110.6877670288086,3.9925399264510797,,out_of_road
2292,mutation,0,mutation,distractor_cars,,1,0,0,8,1,1,15.0,5.0,10.0,55.0,2,107,50.02488708496094,7.198198594779612,,out_of_road
2293,fresh,0,fresh,,,0,0,0,8,0,1,5.0,20.0,15.0,55.0,1,242,194.87767028808594,6.59035697776424,,out_of_road
2294,mutation,0,mutation,brake_dist,,1,0,0,1,0,0,10.0,20.0,5.0,10.0,1,224,201.49241638183594,7.506709378744874,,out_of_road
2295,fresh,0,fresh,,,0,1,0,8,1,1,15.0,20.0,15.0,55.0,0,59,22.826221466064453,1.050972230858722,,crash_vehicle
2296,replay,0,replay,,,0,1,0,8,1,1,15.0,20.0,15.0,55.0,0,226,220.87884521484375,8.907898453220858,,out_of_road
2297,fresh,0,fresh,,,0,0,0,4,1,0,5.0,40.0,15.0,55.0,0,130,62.68202209472656,3.54332954075474,,crash_vehicle
2298,replay,0,replay,,,0,0,0,4,1,0,5.0,40.0,15.0,55.0,0,189,179.78289794921875,7.1134484419747,,crash_vehicle
2299,fresh,0,fresh,,,0,0,0,8,0,1,20.0,5.0,15.0,55.0,1,30,2.426703453063965,0.3321251223484675,,crash_vehicle
2300,replay,0,replay,,,0,0,0,8,0,1,20.0,5.0,15.0,55.0,1,207,147.40191650390625,5.085095650044041,,out_of_road
2301,fresh,0,fresh,,,0,1,1,2,1,0,20.0,40.0,10.0,55.0,0,82,28.974193572998047,0.4750475185673411,,out_of_road
2302,mutation,0,mutation,brake_dist,,0,0,0,18,0,0,20.0,40.0,15.0,55.0,1,76,35.018863677978516,0.7212764060026721,,out_of_road
2303,fresh,0,fresh,,,0,1,1,5,1,0,20.0,5.0,5.0,20.0,0,29,-0.21137666702270508,0.0,,crash_vehicle
2304,mutation,0,mutation,distractor_cars,,0,1,1,2,0,0,5.0,40.0,5.0,10.0,1,77,36.19883346557617,0.42244110333842116,,crash_vehicle
2305,fresh,0,fresh,,,0,1,1,4,0,1,5.0,10.0,15.0,20.0,2,131,43.712669372558594,1.9201314754158485,,crash_vehicle
2306,crossover,0,crossover,,distractor_cars|has_brake_checker|intersection_cars|maximum_distractor_speed|distance_to_nearest|cluster_dist,2,1,0,0,0,0,10.0,5.0,5.0,20.0,0,235,254.80392456054688,11.067963048245044,,arrive_dest
2307,fresh,0,fresh,,,0,1,0,1,0,0,20.0,20.0,15.0,20.0,0,148,60.433380126953125,2.2484058506182723,,out_of_road
2308,replay,0,replay,,,0,1,0,1,0,0,20.0,20.0,15.0,20.0,0,129,73.96186065673828,6.904935028894927,,out_of_road
2309,fresh,0,fresh,,,0,0,0,0,0,0,10.0,5.0,10.0,55.0,0,176,133.9698028564453,6.463142028247768,,out_of_road
2310,mutation,0,mutation,intersection_cars,,0,0,0,0,0,0,5.0,10.0,15.0,10.0,0,211,199.02960205078125,7.08854943065423,,out_of_road
2311,fresh,0,fresh,,,0,1,0,2,1,0,10.0,10.0,10.0,20.0,0,303,253.84130859375,8.854566338235395,,out_of_road
2312,crossover,0,crossover,,has_brake_checker|distance_to_nearest|cluster_dist,2,0,0,1,0,0,10.0,5.0,15.0,10.0,1,80,31.017868041992188,0.6650233864784241,,out_of_road
2313,fresh,0,fresh,,,0,1,1,2,1,1,10.0,20.0,15.0,35.0,0,139,62.37501525878906,3.0484355220691763,,out_of_road
2314,mutation,0,mutation,has_brake_checker,,0,0,0,0,1,0,20.0,20.0,10.0,10.0,0,45,9.806255340576172,0.6175950474209255,,crash_vehicle
2315,fresh,0,fresh,,,0,0,0,18,0,0,15.0,10.0,10.0,20.0,1,125,70.25234985351562,5.702669852733612,,crash_vehicle
2316,crossover,0,crossover,,select_lane|ego_on_intersection|intersection_has_cars|distractor_cars|has_cluster|brake_dist,3,0,0,0,0,0,15.0,10.0,10.0,10.0,0,267,281.4302673339844,9.96455875262339,,out_of_road
2317,fresh,0,fresh,,,0,1,1,4,1,1,20.0,40.0,5.0,55.0,2,77,33.46120834350586,0.8621820073042598,,crash_vehicle
2318,crossover,0,crossover,,select_lane|ego_on_intersection|intersection_has_cars|distractor_cars|intersection_cars|has_cluster|maximum_distractor_speed|distance_to_nearest|cluster_dist|brake_dist,8,1,1,2,0,1,10.0,5.0,5.0,55.0,2,136,74.38907623291016,5.447538398863638,,out_of_road
2319,fresh,0,fresh,,,0,0,0,12,1,1,15.0,40.0,5.0,55.0,3,97,33.277259826660156,1.7892455772026299,,crash_vehicle
2320,replay,0,replay,,,0,0,0,12,1,1,15.0,40.0,5.0,55.0,3,176,103.10894775390625,4.699795482849533,,crash_vehicle
2321,fresh,0,fresh,,,0,1,0,18,0,0,15.0,40.0,10.0,10.0,1,202,150.81036376953125,5.10218813366229,,out_of_road
2322,crossover,0,crossover,,distractor_cars|has_brake_checker|intersection_cars|has_cluster|cluster_dist|brake_dist,4,0,0,5,0,0,20.0,20.0,10.0,20.0,2,200,210.8074493408203,12.141845543682575,,crash_vehicle
2323,fresh,0,fresh,,,0,0,0,0,1,0,10.0,20.0,5.0,55.0,0,101,38.89985656738281,1.5801902301240676,,out_of_road
2324,replay,0,replay,,,0,0,0,0,1,0,10.0,20.0,5.0,55.0,0,180,188.23306274414062,7.297994934850269,,crash_vehicle
2325,fresh,0,fresh,,,0,0,0,5,0,1,20.0,5.0,15.0,35.0,1,62,22.5594425201416,4.322048970768528,,crash_vehicle
2326,mutation,0,mutation,cluster_dist,,1,0,0,2,1,1,15.0,40.0,5.0,55.0,0,74,32.83739471435547,0.4401923031420321,,crash_vehicle
2327,fresh,0,fresh,,,0,1,0,3,1,0,10.0,5.0,15.0,20.0,2,117,43.46648406982422,5.137052207930475,,out_of_road
2328,crossover,0,crossover,,select_lane|ego_on_intersection|intersection_has_cars|distractor_cars|intersection_cars|has_cluster|distance_to_nearest|brake_dist,7,0,0,0,0,0,5.0,5.0,5.0,20.0,0,244,205.26234436035156,5.320676514726193,,out_of_road
2329,fresh,0,fresh,,,0,1,1,2,1,0,20.0,20.0,5.0,35.0,2,118,54.27827453613281,1.9183696522298506,,out_of_road
2330,mutation,0,mutation,intersection_cars,,0,0,0,0,1,0,20.0,20.0,10.0,10.0,0,40,8.464068412780762,0.09419033899903298,,crash_vehicle
2331,fresh,0,fresh,,,0,1,0,12,1,1,10.0,40.0,15.0,55.0,1,95,36.77895736694336,0.9620869903188003,,out_of_road
2332,replay,0,replay,,,0,1,0,12,1,1,10.0,40.0,15.0,55.0,1,228,204.83059692382812,6.935407276673798,,out_of_road
2333,fresh,0,fresh,,,0,0,0,4,1,0,20.0,40.0,5.0,55.0,3,92,43.22538375854492,0.9632639651713164,,crash_vehicle
2334,crossover,0,crossover,,select_lane|ego_on_intersection|intersection_has_cars|distractor_cars|maximum_distractor_speed|cluster_dist|brake_dist,5,1,0,0,0,0,20.0,10.0,5.0,55.0,0,142,73.78417205810547,3.318816279441538,,out_of_road
2335,fresh,0,fresh,,,0,1,0,8,0,1,5.0,5.0,15.0,55.0,2,145,0.6136164665222168,0.2552780985832214,,crash_vehicle
2336,crossover,0,crossover,,select_lane|ego_on_intersection|intersection_has_cars|distractor_cars|has_cluster|maximum_distractor_speed|distance_to_nearest,3,1,0,8,0,0,20.0,20.0,15.0,35.0,0,92,53.58976364135742,3.344299708938469,,out_of_road
2337,fresh,0,fresh,,,0,1,0,5,1,0,10.0,40.0,5.0,55.0,0,70,34.52714538574219,0.4613826751708984,,crash_vehicle
2338,replay,0,replay,,,0,1,0,5,1,0,10.0,40.0,5.0,55.0,0,238,217.4182891845703,7.472709770337874,,out_of_road
2339,fresh,0,fresh,,,0,1,0,2,0,0,10.0,40.0,10.0,20.0,2,222,205.88775634765625,4.931328117444709,,out_of_road
2340,crossover,0,crossover,,select_lane|ego_on_intersection|intersection_has_cars|distractor_cars|has_brake_checker|intersection_cars|has_cluster|cluster_dist,3,0,0,5,0,0,5.0,20.0,10.0,10.0,2,85,39.84975051879883,1.698440594006987,,crash_vehicle
2341,fresh,0,fresh,,,0,1,1,2,0,1,10.0,40.0,5.0,35.0,1,70,33.40410232543945,0.7057323455810547,,crash_vehicle
2342,mutation,0,mutation,intersection_cars,,0,0,0,0,0,0,10.0,5.0,5.0,20.0,0,100,7.010350227355957,0.41317585155367853,,out_of_road
2343,fresh,0,fresh,,,0,0,0,12,1,1,5.0,40.0,15.0,55.0,0,95,39.29071044921875,1.4792164432375055,,out_of_road
2344,crossover,0,crossover,,has_brake_checker|intersection_cars|has_cluster|maximum_distractor_speed|brake_dist,1,0,0,0,0,0,20.0,20.0,15.0,20.0,0,210,200.1396942138672,5.637637800333046,,out_of_road
2345,fresh,0,fresh,,,0,0,0,3,1,0,10.0,20.0,5.0,55.0,0,232,224.31175231933594,9.904516393254543,,arrive_dest
2346,replay,0,replay,,,0,0,0,3,1,0,10.0,20.0,5.0,55.0,0,183,104.93682861328125,7.475048591530388,,out_of_road
2347,fresh,0,fresh,,,0,1,1,8,1,1,15.0,20.0,5.0,55.0,2,56,14.325948715209961,0.2756485939025879,,crash_vehicle
2348,mutation,0,mutation,distractor_cars,,1,0,0,2,0,0,10.0,5.0,5.0,20.0,0,170,99.86878204345703,5.839340682152439,,crash_vehicle
2349,fresh,0,fresh,,,0,1,0,18,1,0,20.0,5.0,5.0,20.0,2,33,2.876765727996826,0.016786979906486744,,crash_vehicle
2350,crossover,0,crossover,,distractor_cars|has_brake_checker|intersection_cars|maximum_distractor_speed|distance_to_nearest|cluster_dist|brake_dist,5,0,0,18,0,0,20.0,5.0,15.0,20.0,2,30,0.1540980339050293,0.0,,crash_vehicle
2351,fresh,0,fresh,,,0,0,0,0,1,0,5.0,10.0,10.0,10.0,0,80,28.273014068603516,2.3273530416190624,,crash_vehicle
2352,mutation,0,mutation,distance_to_nearest,,1,0,0,3,0,0,15.0,5.0,10.0,20.0,0,65,3.036968231201172,0.034832823735017046,,crash_vehicle
2353,fresh,0,fresh,,,0,1,1,5,0,1,10.0,5.0,5.0,10.0,3,26,-0.22759437561035156,0.0577091803917518,,crash_vehicle
2354,mutation,0,mutation,intersection_cars,,0,1,1,2,0,1,10.0,5.0,5.0,55.0,2,131,72.8410873413086,4.4670319898437905,,out_of_road
2355,fresh,0,fresh,,,0,1,0,0,0,0,10.0,5.0,10.0,35.0,0,73,14.252336502075195,0.22428118917223525,,out_of_road
2356,mutation,0,mutation,intersection_cars,,0,0,0,0,0,0,10.0,5.0,5.0,20.0,0,81,39.93220901489258,1.131945886729676,,out_of_road
2357,fresh,0,fresh,,,0,1,0,4,0,0,10.0,20.0,10.0,20.0,2,84,38.50775909423828,2.074766657270846,,out_of_road
2358,mutation,0,mutation,select_road|select_lane|ego_on_intersection|intersection_has_cars,,2,1,1,0,0,0,10.0,5.0,5.0,20.0,0,163,110.89411926269531,5.055438381579756,,out_of_road
2359,fresh,0,fresh,,,0,0,0,18,0,0,20.0,10.0,15.0,10.0,0,84,34.13595199584961,2.727446560703573,,crash_vehicle
2360,crossover,0,crossover,,select_lane|ego_on_intersection|intersection_has_cars|distractor_cars|has_brake_checker|intersection_cars|maximum_distractor_speed|cluster_dist,5,0,0,0,0,0,5.0,10.0,5.0,35.0,0,216,209.938720703125,7.870821679079974,,out_of_road
2361,fresh,0,fresh,,,0,1,0,8,0,0,5.0,10.0,10.0,55.0,1,57,4.560921669006348,0.3853054470137546,,crash_vehicle
2362,mutation,0,mutation,distractor_cars,,0,0,0,0,0,0,10.0,5.0,5.0,20.0,0,169,109.9698715209961,5.800210287232371,,out_of_road
2363,fresh,0,fresh,,,0,1,1,1,0,1,15.0,10.0,5.0,35.0,1,70,12.882911682128906,0.23029172718524932,,out_of_road
2364,replay,0,replay,,,0,1,1,1,0,1,15.0,10.0,5.0,35.0,1,284,259.3990478515625,7.7677247766667685,,out_of_road
2365,fresh,0,fresh,,,0,0,0,5,1,1,15.0,5.0,15.0,55.0,0,73,-0.26465749740600586,0.2857375300604187,,crash_vehicle
2366,crossover,0,crossover,,select_lane|ego_on_intersection|intersection_has_cars|has_brake_checker|intersection_cars|has_cluster|maximum_distractor_speed|cluster_dist|brake_dist,3,0,0,0,0,0,20.0,20.0,5.0,20.0,0,181,175.90313720703125,4.7717347830040024,,out_of_road
2367,fresh,0,fresh,,,0,1,1,1,0,0,5.0,20.0,15.0,10.0,1,202,151.5374298095703,5.413721677985522,,out_of_road
2368,crossover,0,crossover,,distractor_cars|has_cluster|maximum_distractor_speed|distance_to_nearest|brake_dist,3,0,0,5,0,0,20.0,40.0,15.0,10.0,0,135,86.65632629394531,2.4965290879761732,,crash_vehicle
2369,fresh,0,fresh,,,0,0,0,8,1,1,20.0,20.0,10.0,35.0,3,62,22.629749298095703,0.5420076121245662,,crash_vehicle
2370,mutation,0,mutation,select_road|select_lane|ego_on_intersection|intersection_has_cars,,1,0,0,8,0,1,5.0,20.0,15.0,55.0,1,92,18.356218338012695,0.17386998430542325,,crash_vehicle
2371,fresh,0,fresh,,,0,0,0,4,0,1,5.0,5.0,5.0,35.0,1,2,10.0,1.831721305847168,,arrive_dest
2372,crossover,0,crossover,,select_lane|ego_on_intersection|intersection_has_cars|distractor_cars|intersection_cars|has_cluster|brake_dist,3,0,0,1,0,0,10.0,5.0,5.0,10.0,0,270,206.83990478515625,6.632243704499194,,out_of_road
2373,fresh,0,fresh,,,0,0,0,18,0,0,15.0,20.0,5.0,55.0,3,125,52.02849197387695,2.4027775564193727,,out_of_road
2374,crossover,0,crossover,,select_lane|ego_on_intersection|intersection_has_cars|distractor_cars|has_brake_checker|cluster_dist,3,0,0,2,0,0,10.0,5.0,15.0,20.0,0,53,1.0782065391540527,2.5428066343631386,,crash_vehicle
2375,fresh,0,fresh,,,0,0,0,18,0,1,20.0,5.0,5.0,20.0,0,137,-2.0762362480163574,0.747533369020824,,crash_vehicle
2376,crossover,0,crossover,,select_lane|ego_on_intersection|intersection_has_cars,0,0,0,0,0,0,10.0,5.0,15.0,20.0,0,222,199.57814025878906,6.405416338293402,,out_of_road
2377,fresh,0,fresh,,,0,0,0,12,1,1,15.0,20.0,10.0,35.0,0,150,109.19466400146484,6.182930261294047,,out_of_road
2378,replay,0,replay,,,0,0,0,12,1,1,15.0,20.0,10.0,35.0,0,175,129.59405517578125,5.457887989793505,,out_of_road
2379,fresh,0,fresh,,,0,0,0,3,0,0,10.0,10.0,10.0,20.0,0,168,0.6856026649475098,0.01920073399586337,,out_of_road
2380,mutation,0,mutation,distractor_cars,,1,0,0,1,0,0,20.0,40.0,15.0,20.0,0,171,115.2599105834961,5.23906841229277,,out_of_road
2381,fresh,0,fresh,,,0,1,0,5,0,0,5.0,40.0,5.0,20.0,1,76,38.24232864379883,1.0463906196191122,,crash_vehicle
2382,crossover,0,crossover,,select_lane|ego_on_intersection|intersection_has_cars|distractor_cars|intersection_cars|has_cluster|maximum_distractor_speed|distance_to_nearest|brake_dist,5,0,0,0,0,0,20.0,5.0,15.0,10.0,0,2,10.0,2.3546581268310547,,arrive_dest
2383,fresh,0,fresh,,,0,1,1,18,0,1,10.0,40.0,5.0,35.0,2,71,33.67655563354492,0.5842741022647266,,crash_vehicle
2384,crossover,0,crossover,,select_lane|ego_on_intersection|intersection_has_cars|distractor_cars|has_cluster|distance_to_nearest|cluster_dist,2,0,0,0,0,0,20.0,40.0,10.0,55.0,0,276,279.638671875,9.193997431492459,,arrive_dest
2385,fresh,0,fresh,,,0,0,0,3,0,0,20.0,5.0,5.0,10.0,2,149,44.12158966064453,3.4055846892547286,,out_of_road
2386,crossover,0,crossover,,select_lane|ego_on_intersection|intersection_has_cars|has_brake_checker|intersection_cars|has_cluster|maximum_distractor_speed|distance_to_nearest|brake_dist,1,0,0,0,0,0,20.0,40.0,5.0,20.0,0,168,104.60945892333984,4.9915226983527345,,out_of_road
2387,fresh,0,fresh,,,0,1,0,12,1,0,15.0,20.0,15.0,35.0,0,116,50.019283294677734,2.097748417792649,,crash_vehicle
2388,replay,0,replay,,,0,1,0,12,1,0,15.0,20.0,15.0,35.0,0,210,202.24742126464844,6.433718442065375,,out_of_road
2389,fresh,0,fresh,,,0,1,1,1,1,1,20.0,5.0,5.0,35.0,1,78,37.62663650512695,0.40788474449744594,,out_of_road
2390,crossover,0,crossover,,distractor_cars|has_brake_checker|maximum_distractor_speed|brake_dist,3,0,0,2,0,0,10.0,40.0,10.0,55.0,0,2,10.0,5.3738179206848145,,arrive_dest
2391,fresh,0,fresh,,,0,0,0,8,0,1,10.0,5.0,5.0,10.0,2,48,4.000609397888184,0.24459770694375038,,crash_vehicle
2392,crossover,0,crossover,,distractor_cars|has_brake_checker|has_cluster|distance_to_nearest|cluster_dist|brake_dist,4,1,0,0,0,0,10.0,40.0,10.0,55.0,0,215,193.3227081298828,6.009303125392559,,out_of_road
2393,fresh,0,fresh,,,0,0,0,12,0,1,20.0,20.0,15.0,20.0,0,80,25.668760299682617,1.1604484537616373,,crash_vehicle
2394,replay,0,replay,,,0,0,0,12,0,1,20.0,20.0,15.0,20.0,0,175,188.63352966308594,12.342381107125963,,crash_vehicle
2395,fresh,0,fresh,,,0,0,0,1,1,1,15.0,5.0,5.0,55.0,0,77,34.38285827636719,6.381324098481761,,crash_vehicle
2396,mutation,0,mutation,intersection_cars,,1,1,0,2,1,0,10.0,10.0,10.0,20.0,2,93,47.4531135559082,2.3655154288456006,,crash_vehicle
2397,fresh,0,fresh,,,0,0,0,0,1,0,20.0,40.0,5.0,20.0,0,135,54.1793327331543,1.7377325801937669,,crash_vehicle
2398,crossover,0,crossover,,select_lane|ego_on_intersection|intersection_has_cars|distractor_cars|maximum_distractor_speed|distance_to_nearest|cluster_dist,6,0,0,3,0,0,15.0,10.0,10.0,10.0,1,131,73.89215850830078,5.401227059710116,,out_of_road
2399,fresh,0,fresh,,,0,0,0,3,0,1,15.0,5.0,5.0,35.0,2,25,-2.78116774559021,0.10611686706542969,,crash_vehicle
2400,crossover,0,crossover,,select_lane|ego_on_intersection|intersection_has_cars|distractor_cars|intersection_cars|has_cluster|cluster_dist,4,0,0,3,0,0,20.0,5.0,10.0,10.0,2,55,13.746095657348633,2.540223730694164,,crash_vehicle
2401,fresh,0,fresh,,,0,0,0,5,0,1,10.0,20.0,15.0,10.0,3,69,7.776607513427734,0.5129279460811961,,crash_vehicle
2402,crossover,0,crossover,,intersection_cars|has_cluster|maximum_distractor_speed,1,0,0,0,0,0,15.0,20.0,15.0,10.0,0,30,-7.361208915710449,0.20270317395528156,,out_of_road
2403,fresh,0,fresh,,,0,0,0,18,1,0,20.0,5.0,15.0,35.0,1,323,0.1532902717590332,0.3847728325025216,,crash_vehicle
2404,mutation,0,mutation,has_cluster,,0,1,1,12,0,0,15.0,40.0,5.0,55.0,1,91,53.44301223754883,0.44227631799467315,,crash_vehicle
2405,fresh,0,fresh,,,0,1,1,2,0,1,15.0,40.0,15.0,20.0,2,253,214.0149383544922,6.1247133843512405,,out_of_road
2406,crossover,0,crossover,,select_lane|ego_on_intersection|intersection_has_cars|intersection_cars|has_cluster|maximum_distractor_speed|brake_dist,2,0,0,0,0,0,20.0,10.0,15.0,20.0,0,215,195.83555603027344,6.431654109857803,,out_of_road
2407,fresh,0,fresh,,,0,1,0,5,0,0,10.0,40.0,10.0,35.0,2,103,64.9571304321289,1.6945562408965769,,crash_vehicle
2408,crossover,0,crossover,,distractor_cars|intersection_cars|maximum_distractor_speed,3,0,0,0,1,0,15.0,5.0,10.0,55.0,0,98,47.92719268798828,0.7775022907524692,,out_of_road
2409,fresh,0,fresh,,,0,1,1,2,0,1,5.0,5.0,5.0,10.0,2,197,182.2266845703125,5.34916862875677,,out_of_road
2410,replay,0,replay,,,0,1,1,2,0,1,5.0,5.0,5.0,10.0,2,216,204.72030639648438,7.644380052608472,,out_of_road
2411,fresh,0,fresh,,,0,1,1,1,0,1,5.0,10.0,5.0,10.0,0,49,9.97445011138916,0.37070145412367217,,crash_vehicle
2412,mutation,0,mutation,has_cluster,,0,0,0,0,0,0,5.0,5.0,5.0,20.0,0,248,285.2950744628906,11.052382775131733,,out_of_road
2413,fresh,0,fresh,,,0,1,0,18,1,1,15.0,10.0,15.0,20.0,3,123,41.36378860473633,2.961656736285706,,out_of_road
2414,replay,0,replay,,,0,1,0,18,1,1,15.0,10.0,15.0,20.0,3,166,111.98091125488281,4.170493829770979,,out_of_road
2415,fresh,0,fresh,,,0,0,0,4,1,1,5.0,5.0,15.0,55.0,0,38,4.571903228759766,0.10731386981512371,,crash_vehicle
2416,replay,0,replay,,,0,0,0,4,1,1,5.0,5.0,15.0,55.0,0,231,200.64012145996094,6.448103052713138,,out_of_road
2417,fresh,0,fresh,,,0,1,1,18,0,0,20.0,20.0,10.0,10.0,0,109,63.86454772949219,3.5441735583707827,,crash_vehicle
2418,mutation,0,mutation,has_brake_checker,,1,0,0,0,1,0,10.0,5.0,10.0,55.0,0,64,13.332414627075195,0.287508100271225,,out_of_road
2419,fresh,0,fresh,,,0,0,0,4,1,1,5.0,20.0,10.0,35.0,0,61,25.934019088745117,0.1928119972103932,,crash_vehicle
2420,crossover,0,crossover,,distractor_cars|has_brake_checker|has_cluster|distance_to_nearest|cluster_dist|brake_dist,5,1,0,0,0,0,20.0,5.0,5.0,20.0,0,75,34.858131408691406,0.6930259577433269,,out_of_road
2421,fresh,0,fresh,,,0,1,0,8,1,0,15.0,5.0,5.0,55.0,2,732,2.621168613433838,0.049525874425132906,,crash_vehicle
2422,replay,0,replay,,,0,1,0,8,1,0,15.0,5.0,5.0,55.0,2,48,4.7418670654296875,0.34930018583933514,,out_of_road
2423,fresh,0,fresh,,,0,0,0,0,0,0,10.0,5.0,5.0,20.0,0,36,3.7922487258911133,0.1979813443289863,rejection_fallback,out_of_road
2424,mutation,0,mutation,distractor_cars,,1,0,0,3,0,0,15.0,20.0,15.0,35.0,3,195,197.37814331054688,5.8560891860570665,,out_of_road
2425,fresh,0,fresh,,,0,1,1,1,1,0,10.0,10.0,15.0,20.0,1,107,41.016292572021484,2.0549006606930886,,out_of_road
2426,crossover,0,crossover,,distractor_cars|intersection_cars|has_cluster,0,0,0,0,0,0,5.0,20.0,5.0,10.0,0,243,193.48922729492188,6.0032789415292775,,out_of_road
2427,fresh,0,fresh,,,0,0,0,4,1,1,10.0,20.0,10.0,35.0,0,42,-9.140886306762695,0.06692741598401751,,out_of_road
2428,crossover,0,crossover,,distractor_cars|intersection_cars|cluster_dist,2,0,0,1,0,0,10.0,20.0,10.0,10.0,0,224,194.2678985595703,6.574372645201428,,out_of_road
2429,fresh,0,fresh,,,0,1,1,2,0,0,20.0,5.0,10.0,20.0,2,226,206.19232177734375,7.048293089444658,,out_of_road
2430,crossover,0,crossover,,select_lane|ego_on_intersection|intersection_has_cars|intersection_cars|has_cluster,4,0,0,2,0,0,10.0,5.0,5.0,55.0,2,203,185.69473266601562,4.756936570179874,,out_of_road
2431,fresh,0,fresh,,,0,1,1,18,0,0,20.0,40.0,15.0,35.0,3,139,54.56430435180664,3.125792317682033,,out_of_road
2432,replay,0,replay,,,0,1,1,18,0,0,20.0,40.0,15.0,35.0,3,175,104.07246398925781,4.844042445421219,,out_of_road
2433,fresh,0,fresh,,,0,1,1,1,0,0,5.0,40.0,10.0,55.0,1,199,166.039794921875,4.033692450754008,,out_of_road
2434,mutation,0,mutation,cluster_dist,,0,0,0,8,0,0,15.0,20.0,15.0,35.0,3,79,34.22054672241211,0.7753913704353043,,crash_vehicle
2435,fresh,0,fresh,,,0,1,1,1,1,1,15.0,10.0,5.0,55.0,1,122,50.357093811035156,1.4378865368542124,,out_of_road
2436,mutation,0,mutation,distractor_cars,,0,0,0,5,0,0,20.0,40.0,10.0,10.0,0,116,74.965576171875,3.185982381090008,,crash_vehicle
2437,fresh,0,fresh,,,0,0,0,2,0,0,10.0,10.0,10.0,20.0,2,128,51.9027099609375,2.094290387816727,,out_of_road
2438,replay,0,replay,,,0,0,0,2,0,0,10.0,10.0,10.0,20.0,2,49,16.23040771484375,1.264292061328888,,crash_vehicle
2439,fresh,0,fresh,,,0,1,0,5,0,1,15.0,10.0,5.0,55.0,0,69,4.989382743835449,1.7859813199527022,,out_of_road
2440,crossover,0,crossover,,distractor_cars|has_brake_checker|intersection_cars|maximum_distractor_speed|distance_to_nearest,4,0,0,1,0,0,20.0,40.0,10.0,10.0,1,299,311.43133544921875,9.799889617116754,,out_of_road
2441,fresh,0,fresh,,,0,0,0,1,1,0,15.0,40.0,15.0,55.0,1,60,14.875864028930664,0.5802757995824019,,out_of_road
2442,replay,0,replay,,,0,0,0,1,1,0,15.0,40.0,15.0,55.0,1,228,211.60995483398438,6.727870723918865,,out_of_road
2443,fresh,0,fresh,,,0,0,0,5,1,1,5.0,20.0,15.0,35.0,3,72,26.910377502441406,1.00427069928911,,crash_vehicle
2444,mutation,0,mutation,select_road|select_lane|ego_on_intersection|intersection_has_cars,,2,1,0,0,0,0,10.0,5.0,5.0,20.0,0,54,27.129661560058594,0.5262078477276696,,arrive_dest
2445,fresh,0,fresh,,,0,1,0,18,1,1,5.0,40.0,10.0,55.0,3,98,32.841373443603516,0.8372290900775364,,crash_vehicle
2446,crossover,0,crossover,,distractor_cars|maximum_distractor_speed|brake_dist,3,0,0,2,0,0,10.0,20.0,15.0,55.0,1,132,96.11561584472656,5.451420765934569,,crash_vehicle
2447,fresh,0,fresh,,,0,1,1,0,0,0,15.0,20.0,5.0,10.0,0,84,51.65019607543945,0.8690929937930334,,arrive_dest
2448,mutation,0,mutation,distance_to_nearest,,0,0,0,0,0,0,15.0,20.0,10.0,35.0,0,225,213.94044494628906,7.154065264066061,,out_of_road
2449,fresh,0,fresh,,,0,1,1,18,1,0,15.0,10.0,10.0,20.0,2,47,2.225831985473633,0.2627941699738198,,out_of_road
2450,mutation,0,mutation,distractor_cars,,1,0,0,2,1,0,15.0,10.0,10.0,55.0,2,121,92.18902587890625,0.7503780285435274,,crash_vehicle
2451,fresh,0,fresh,,,0,1,1,4,0,1,20.0,40.0,15.0,10.0,3,95,52.107521057128906,0.514346917052018,,crash_vehicle
2452,replay,0,replay,,,0,1,1,4,0,1,20.0,40.0,15.0,10.0,3,228,209.83474731445312,7.16297404834053,,out_of_road
2453,fresh,0,fresh,,,0,0,0,12,0,0,5.0,5.0,10.0,55.0,3,28,-0.013358116149902344,0.28585075054849896,,crash_vehicle
2454,replay,0,replay,,,0,0,0,12,0,0,5.0,5.0,10.0,55.0,3,181,184.7838134765625,11.348567467038803,,crash_vehicle
2455,fresh,0,fresh,,,0,0,0,1,1,0,15.0,10.0,5.0,35.0,1,77,33.67578887939453,0.8940029399735587,,out_of_road
2456,replay,0,replay,,,0,0,0,1,1,0,15.0,10.0,5.0,35.0,1,218,188.92031860351562,5.970908818441793,,out_of_road
2457,fresh,0,fresh,,,0,1,0,5,0,0,5.0,5.0,5.0,20.0,2,44,8.81710147857666,1.6470566845752976,,crash_vehicle
2458,replay,0,replay,,,0,1,0,5,0,0,5.0,5.0,5.0,20.0,2,29,0.17924118041992188,0.03852758736445986,,crash_vehicle
2459,fresh,0,fresh,,,0,0,0,4,0,0,10.0,5.0,10.0,20.0,1,26,-3.13500714302063,0.0,,crash_vehicle
2460,mutation,0,mutation,brake_dist,,0,0,0,0,0,0,10.0,5.0,15.0,20.0,0,208,200.8557891845703,6.63761617988348,,out_of_road
2461,fresh,0,fresh,,,0,0,0,2,0,1,20.0,20.0,15.0,10.0,2,53,2.4399242401123047,0.7137546443714285,,out_of_road
2462,crossover,0,crossover,,has_brake_checker|cluster_dist|brake_dist,3,0,0,0,1,0,10.0,5.0,15.0,55.0,0,117,92.9110107421875,1.312717040379842,,crash_vehicle
2463,fresh,0,fresh,,,0,0,0,18,0,0,15.0,40.0,15.0,20.0,1,74,25.76852798461914,0.7165472185289538,,out_of_road
2464,mutation,0,mutation,distance_to_nearest,,1,0,0,3,0,0,15.0,5.0,10.0,20.0,0,29,0.7931771278381348,0.2784310044913456,,crash_vehicle
2465,fresh,0,fresh,,,0,0,0,0,1,0,10.0,20.0,15.0,10.0,0,67,21.597206115722656,1.6280761676937787,,crash_vehicle
2466,crossover,0,crossover,,select_lane|ego_on_intersection|intersection_has_cars|distance_to_nearest,2,0,0,0,0,0,10.0,40.0,5.0,20.0,0,212,211.86997985839844,5.44918681217252,,out_of_road
2467,fresh,0,fresh,,,0,0,0,8,0,0,5.0,10.0,15.0,35.0,2,59,22.881816864013672,3.2117031388363597,,crash_vehicle
2468,crossover,0,crossover,,distractor_cars|has_cluster|distance_to_nearest|cluster_dist|brake_dist,4,0,0,8,0,0,20.0,5.0,5.0,20.0,1,23,-0.3920903205871582,0.024741048398225204,,crash_vehicle
2469,fresh,0,fresh,,,0,1,0,2,1,1,10.0,40.0,15.0,55.0,0,87,37.24127197265625,1.4926458651992096,,out_of_road
2470,replay,0,replay,,,0,1,0,2,1,1,10.0,40.0,15.0,55.0,0,163,138.06752014160156,6.813395876825953,,crash_vehicle
2471,fresh,0,fresh,,,0,1,1,8,0,1,15.0,40.0,5.0,10.0,1,74,32.02968978881836,0.6587744790154535,,crash_vehicle
2472,crossover,0,crossover,,select_lane|ego_on_intersection|intersection_has_cars|distractor_cars|has_brake_checker|distance_to_nearest|cluster_dist|brake_dist,3,0,0,2,0,0,20.0,40.0,5.0,20.0,0,196,208.32266235351562,6.921224875717747,,out_of_road
2473,fresh,0,fresh,,,0,1,1,0,0,0,20.0,40.0,15.0,35.0,0,142,53.81168746948242,1.0720006485640163,,out_of_road
2474,crossover,0,crossover,,select_lane|ego_on_intersection|intersection_has_cars|has_brake_checker|distance_to_nearest|brake_dist,3,0,0,18,0,0,15.0,40.0,10.0,10.0,3,128,79.80538940429688,2.048269016202539,,crash_vehicle
2475,fresh,0,fresh,,,0,0,0,2,0,1,15.0,5.0,10.0,10.0,1,38,0.21167421340942383,0.5856003384841116,,crash_vehicle
2476,replay,0,replay,,,0,0,0,2,0,1,15.0,5.0,10.0,10.0,1,230,205.13685607910156,6.799102033545141,,out_of_road
2477,fresh,0,fresh,,,0,0,0,1,1,0,5.0,20.0,10.0,35.0,0,54,14.887689590454102,0.3910520857682935,,crash_vehicle
2478,crossover,0,crossover,,distractor_cars|intersection_cars|has_cluster|distance_to_nearest|cluster_dist,1,0,0,0,0,0,5.0,20.0,10.0,10.0,0,243,212.78646850585938,6.542007086698901,,out_of_road
2479,fresh,0,fresh,,,0,0,0,18,1,0,5.0,20.0,10.0,35.0,3,59,22.205766677856445,0.48161092552088075,,crash_vehicle
2480,replay,0,replay,,,0,0,0,18,1,0,5.0,20.0,10.0,35.0,3,211,200.05636596679688,7.224282629117017,,out_of_road
2481,fresh,0,fresh,,,0,1,0,5,1,0,5.0,5.0,5.0,20.0,2,37,5.932933807373047,1.2734829936478589,,crash_vehicle
2482,mutation,0,mutation,intersection_cars,,1,0,0,5,0,0,20.0,40.0,10.0,10.0,3,99,51.193939208984375,2.091116300737015,,crash_vehicle
2483,fresh,0,fresh,,,0,0,0,18,0,1,20.0,5.0,10.0,35.0,1,59,10.378315925598145,2.8333730313737515,,crash_vehicle
2484,replay,0,replay,,,0,0,0,18,0,1,20.0,5.0,10.0,35.0,1,241,210.83230590820312,6.418579175264509,,out_of_road
2485,fresh,0,fresh,,,0,1,1,12,1,0,15.0,5.0,15.0,35.0,2,73,32.026710510253906,5.792863929108398,,crash_vehicle
2486,crossover,0,crossover,,select_lane|ego_on_intersection|intersection_has_cars|distractor_cars|intersection_cars|has_cluster|maximum_distractor_speed|cluster_dist,6,0,0,8,0,1,5.0,5.0,15.0,20.0,1,43,8.680355072021484,1.1410579178915468,,crash_vehicle
2487,fresh,0,fresh,,,0,1,0,8,0,1,20.0,40.0,15.0,10.0,3,251,201.02316284179688,5.255055865681029,,out_of_road
2488,crossover,0,crossover,,distractor_cars|has_brake_checker|brake_dist,1,0,0,18,0,0,20.0,40.0,5.0,35.0,0,189,197.65872192382812,7.109824950732882,,crash_vehicle
2489,fresh,0,fresh,,,0,1,1,1,1,0,20.0,5.0,10.0,35.0,1,81,34.32733154296875,0.9109742764705493,,out_of_road
2490,crossover,0,crossover,,has_cluster|distance_to_nearest|cluster_dist,2,0,0,12,1,0,15.0,5.0,10.0,35.0,0,733,7.016263961791992,0.14232856189732987,,crash_vehicle
2491,fresh,0,fresh,,,0,0,0,0,1,0,5.0,40.0,10.0,35.0,0,88,45.77663803100586,0.6961052363569086,,out_of_road
2492,crossover,0,crossover,,has_cluster|brake_dist,0,1,0,2,1,0,10.0,10.0,10.0,20.0,0,52,10.422849655151367,0.9934676356900197,,crash_vehicle
2493,fresh,0,fresh,,,0,1,1,2,0,1,10.0,20.0,15.0,10.0,2,91,41.01200866699219,0.5269504340140374,,out_of_road
2494,replay,0,replay,,,0,1,1,2,0,1,10.0,20.0,15.0,10.0,2,204,194.60609436035156,6.552969648776686,,out_of_road
2495,fresh,0,fresh,,,0,1,0,5,0,1,15.0,20.0,10.0,20.0,0,64,14.988208770751953,0.32192593812942505,,crash_vehicle
2496,crossover,0,crossover,,distractor_cars|has_brake_checker|has_cluster|distance_to_nearest|brake_dist,2,0,0,1,0,0,5.0,5.0,5.0,10.0,0,22,-0.4669327735900879,0.0,,crash_vehicle
2497,fresh,0,fresh,,,0,1,1,4,1,1,20.0,10.0,15.0,20.0,1,39,7.798192024230957,0.21210108047876602,,crash_vehicle
2498,crossover,0,crossover,,select_lane|ego_on_intersection|intersection_has_cars|distractor_cars|has_brake_checker|cluster_dist|brake_dist,4,0,0,2,0,0,15.0,20.0,5.0,20.0,0,111,67.23299407958984,3.4603259850729695,,crash_vehicle
2499,fresh,0,fresh,,,0,0,0,4,0,1,5.0,10.0,5.0,10.0,0,39,5.225076675415039,0.13676785200070113,,crash_vehicle
2500,replay,0,replay,,,0,0,0,4,0,1,5.0,10.0,5.0,10.0,0,248,203.02764892578125,5.911986573689407,,out_of_road
2501,fresh,0,fresh,,,0,1,0,4,0,1,5.0,40.0,10.0,10.0,0,107,29.566246032714844,0.2800330104671906,,crash_vehicle
2502,replay,0,replay,,,0,1,0,4,0,1,5.0,40.0,10.0,10.0,0,246,207.17811584472656,5.909085189060467,,out_of_road
2503,fresh,0,fresh,,,0,1,0,5,0,1,20.0,5.0,5.0,20.0,2,31,0.9110946655273438,0.14788326140372984,,crash_vehicle
2504,mutation,0,mutation,select_road|select_lane|ego_on_intersection|intersection_has_cars,,2,0,0,0,1,0,20.0,20.0,5.0,55.0,0,224,205.98228454589844,6.38063581968059,,arrive_dest
2505,fresh,0,fresh,,,0,1,0,4,1,1,20.0,20.0,15.0,35.0,0,246,225.73666381835938,6.734370016409614,,out_of_road
2506,replay,0,replay,,,0,1,0,4,1,1,20.0,20.0,15.0,35.0,0,204,152.92416381835938,9.70990571788713,,crash_vehicle
2507,fresh,0,fresh,,,0,1,0,4,1,1,10.0,5.0,10.0,20.0,3,273,103.52428436279297,3.8816372530036793,,out_of_road
2508,replay,0,replay,,,0,1,0,4,1,1,10.0,5.0,10.0,20.0,3,133,88.22705841064453,8.238639976745262,,crash_vehicle
2509,fresh,0,fresh,,,0,0,0,1,0,1,5.0,5.0,15.0,55.0,1,129,101.94960021972656,2.151777112668799,,out_of_road
2510,crossover,0,crossover,,select_lane|ego_on_intersection|intersection_has_cars|has_brake_checker|intersection_cars|has_cluster|distance_to_nearest|cluster_dist|brake_dist,2,0,0,5,0,0,20.0,40.0,10.0,20.0,2,105,72.6597900390625,1.2998591235705785,,crash_vehicle
2511,fresh,0,fresh,,,0,0,0,4,0,0,5.0,40.0,10.0,35.0,3,98,58.983009338378906,0.9689845418443486,,crash_vehicle
2512,mutation,0,mutation,maximum_distractor_speed,,1,0,0,0,0,0,5.0,5.0,5.0,20.0,0,223,200.6881103515625,6.623102175147009,,out_of_road
2513,fresh,0,fresh,,,0,0,0,3,1,0,15.0,20.0,10.0,35.0,3,2,10.0,5.045098781585693,,arrive_dest
2514,crossover,0,crossover,,has_brake_checker|intersection_cars|distance_to_nearest|cluster_dist|brake_dist,3,0,0,4,0,0,20.0,40.0,10.0,10.0,0,122,89.63219451904297,0.8497126263673188,,crash_vehicle
2515,fresh,0,fresh,,,0,0,0,2,0,0,20.0,5.0,15.0,20.0,0,122,75.16819763183594,9.122399442508572,,out_of_road
2516,mutation,0,mutation,brake_dist,,1,0,0,4,0,0,20.0,20.0,5.0,10.0,0,95,49.72962188720703,1.696858191803882,,crash_vehicle
2517,fresh,0,fresh,,,0,0,0,18,0,1,15.0,5.0,10.0,20.0,0,24,-0.23043584823608398,0.0,,crash_vehicle
2518,crossover,0,crossover,,select_lane|ego_on_intersection|intersection_has_cars|has_brake_checker|brake_dist,4,0,0,2,0,0,10.0,10.0,10.0,35.0,0,36,4.684011459350586,0.1588160196940104,,crash_vehicle
2519,fresh,0,fresh,,,0,1,1,1,1,0,5.0,40.0,15.0,55.0,0,84,32.039100646972656,0.32636113393874394,,out_of_road
2520,mutation,0,mutation,select_road|select_lane|ego_on_intersection|intersection_has_cars,,1,1,0,2,1,0,10.0,10.0,10.0,20.0,0,35,3.8931283950805664,0.20716661725725447,,crash_vehicle
2521,fresh,0,fresh,,,0,1,1,1,0,1,20.0,40.0,15.0,35.0,1,136,64.00994110107422,3.780139714917716,,out_of_road
2522,replay,0,replay,,,0,1,1,1,0,1,20.0,40.0,15.0,35.0,1,160,128.671630859375,5.639327155053616,,out_of_road
2523,fresh,0,fresh,,,0,0,0,2,0,1,10.0,20.0,15.0,35.0,1,140,69.08684539794922,2.7553914689591954,,out_of_road
2524,crossover,0,crossover,,select_lane|ego_on_intersection|intersection_has_cars|distractor_cars|has_brake_checker|maximum_distractor_speed|distance_to_nearest|cluster_dist,4,0,0,0,1,0,20.0,20.0,5.0,20.0,0,88,36.91899490356445,0.5511481362310323,,crash_vehicle
2525,fresh,0,fresh,,,0,0,0,5,0,0,5.0,40.0,10.0,35.0,3,85,24.022052764892578,1.2638768616844627,,out_of_road
2526,replay,0,replay,,,0,0,0,5,0,0,5.0,40.0,10.0,35.0,3,164,104.22164154052734,4.12237080132089,,out_of_road
2527,fresh,0,fresh,,,0,0,0,12,1,0,5.0,10.0,15.0,35.0,2,74,24.668291091918945,0.9060251877920048,,crash_vehicle
2528,mutation,0,mutation,has_brake_checker,,1,0,0,0,1,0,5.0,20.0,5.0,10.0,0,91,33.226524353027344,2.2245940066628402,,crash_vehicle
2529,fresh,0,fresh,,,0,0,0,2,1,1,10.0,10.0,15.0,20.0,2,89,42.21910095214844,1.1133907370353013,,crash_vehicle
2530,mutation,0,mutation,select_road|select_lane|ego_on_intersection|intersection_has_cars,,1,0,0,1,0,1,20.0,40.0,15.0,55.0,1,75,33.975196838378906,0.6216401894887288,,out_of_road
2531,fresh,0,fresh,,,0,1,1,18,1,0,15.0,10.0,15.0,20.0,0,49,11.196344375610352,0.622329370099671,,crash_vehicle
2532,mutation,0,mutation,has_cluster,,0,1,0,1,0,0,20.0,10.0,15.0,35.0,1,76,25.664228439331055,0.32693571793405635,,out_of_road
2533,fresh,0,fresh,,,0,1,1,8,0,1,5.0,20.0,5.0,20.0,2,47,12.875591278076172,0.29372795591963097,,crash_vehicle
2534,crossover,0,crossover,,intersection_cars|has_cluster|maximum_distractor_speed|distance_to_nearest|cluster_dist|brake_dist,4,0,0,1,0,0,5.0,20.0,5.0,10.0,0,75,34.52886199951172,1.2825267672538758,,crash_vehicle
2535,fresh,0,fresh,,,0,0,0,18,0,1,5.0,10.0,5.0,20.0,0,72,4.775442123413086,0.5966355755097337,,crash_vehicle
2536,replay,0,replay,,,0,0,0,18,0,1,5.0,10.0,5.0,20.0,0,45,2.889493942260742,0.9767536825603909,,out_of_road
2537,fresh,0,fresh,,,0,0,0,2,0,1,20.0,20.0,10.0,10.0,1,89,44.083003997802734,2.4929976925421298,,out_of_road
2538,mutation,0,mutation,intersection_cars,,0,1,0,0,0,0,10.0,5.0,5.0,20.0,0,142,108.23138427734375,2.659693325069589,,out_of_road
2539,fresh,0,fresh,,,0,0,0,8,1,1,20.0,40.0,15.0,55.0,0,228,205.51089477539062,6.16721219791655,,out_of_road
2540,crossover,0,crossover,,distractor_cars|intersection_cars|brake_dist,2,1,0,8,1,1,20.0,20.0,15.0,35.0,3,93,42.53678894042969,1.1101019334408544,,crash_vehicle
2541,fresh,0,fresh,,,0,1,1,2,1,0,5.0,20.0,5.0,35.0,2,141,64.31048583984375,2.5636476888882775,,crash_vehicle
2542,mutation,0,mutation,has_cluster,,0,1,1,1,0,0,10.0,40.0,5.0,10.0,1,43,1.5406203269958496,0.4082028352937033,,out_of_road
2543,fresh,0,fresh,,,0,1,1,8,1,0,5.0,20.0,15.0,55.0,1,68,27.122215270996094,0.17857948109945831,,crash_vehicle
2544,crossover,0,crossover,,distractor_cars|has_brake_checker|intersection_cars|has_cluster|cluster_dist|brake_dist,2,0,0,0,0,0,20.0,20.0,5.0,20.0,0,214,203.6242218017578,4.302410448544493,,out_of_road
2545,fresh,0,fresh,,,0,0,0,18,0,0,5.0,10.0,15.0,35.0,1,40,-11.99456787109375,0.14588601589202882,,crash_vehicle
2546,crossover,0,crossover,,select_lane|ego_on_intersection|intersection_has_cars|distractor_cars|has_brake_checker|intersection_cars|maximum_distractor_speed|cluster_dist|brake_dist,2,0,0,0,0,0,20.0,5.0,5.0,10.0,0,246,185.51547241210938,4.4948602414470376,,out_of_road
2547,fresh,0,fresh,,,0,0,0,8,1,1,5.0,5.0,15.0,20.0,0,29,2.660572052001953,0.31641468816790086,,crash_vehicle
2548,mutation,0,mutation,maximum_distractor_speed,,1,0,0,0,0,0,10.0,10.0,10.0,10.0,0,251,271.3236083984375,10.032627772821849,,arrive_dest
2549,fresh,0,fresh,,,0,1,0,5,0,1,10.0,40.0,5.0,55.0,2,75,29.938648223876953,0.6242779032389323,,crash_vehicle
2550,crossover,0,crossover,,has_brake_checker|has_cluster|maximum_distractor_speed|distance_to_nearest|brake_dist,2,0,0,2,0,0,20.0,20.0,5.0,35.0,0,173,139.85540771484375,7.71079284417836,,crash_vehicle
2551,fresh,0,fresh,,,0,0,0,5,1,0,5.0,40.0,15.0,55.0,3,111,48.649105072021484,1.4398004646236833,,out_of_road
2552,crossover,0,crossover,,has_brake_checker|maximum_distractor_speed|distance_to_nearest,2,0,0,18,0,0,15.0,20.0,10.0,55.0,2,116,72.74246978759766,4.044743056955008,,crash_vehicle
2553,fresh,0,fresh,,,0,0,0,3,0,0,15.0,5.0,15.0,35.0,1,158,82.06795501708984,6.41392371548882,,out_of_road
2554,crossover,0,crossover,,distractor_cars|intersection_cars|has_cluster|maximum_distractor_speed|cluster_dist|brake_dist,2,0,0,5,0,0,20.0,40.0,15.0,20.0,0,76,35.33385467529297,0.6245408309133429,,crash_vehicle
2555,fresh,0,fresh,,,0,1,0,5,1,1,20.0,10.0,5.0,35.0,1,258,202.98590087890625,6.2709060453975844,,out_of_road
2556,crossover,0,crossover,,has_brake_checker|has_cluster|maximum_distractor_speed|cluster_dist|brake_dist,2,0,0,2,0,0,10.0,20.0,5.0,20.0,0,94,50.05958938598633,1.5647818189352116,,crash_vehicle
2557,fresh,0,fresh,,,0,0,0,12,1,1,5.0,5.0,10.0,20.0,3,44,8.91214370727539,1.367013229565187,,crash_vehicle
2558,crossover,0,crossover,,select_lane|ego_on_intersection|intersection_has_cars|has_brake_checker|intersection_cars|distance_to_nearest|brake_dist,3,0,0,0,0,0,20.0,20.0,10.0,35.0,0,49,5.1942949295043945,0.5335971989801952,,out_of_road
2559,fresh,0,fresh,,,0,0,0,4,1,1,15.0,5.0,10.0,55.0,3,26,-3.2032651901245117,0.0,,out_of_road
2560,replay,0,replay,,,0,0,0,4,1,1,15.0,5.0,10.0,55.0,3,204,169.73507690429688,3.6182521507143974,,crash_vehicle
2561,fresh,0,fresh,,,0,1,1,18,0,1,20.0,40.0,5.0,35.0,1,75,30.610076904296875,1.4407551781336467,,out_of_road
2562,mutation,0,mutation,maximum_distractor_speed,,1,0,0,0,0,0,15.0,5.0,15.0,10.0,0,232,174.95443725585938,4.890370403512798,,out_of_road
2563,fresh,0,fresh,,,0,0,0,4,0,1,15.0,20.0,5.0,55.0,2,49,12.319099426269531,0.3992138687445193,,crash_vehicle
2564,mutation,0,mutation,has_brake_checker,,2,0,0,5,1,0,20.0,20.0,10.0,35.0,2,79,30.90618133544922,0.7902398999733261,,crash_vehicle
2565,fresh,0,fresh,,,0,0,0,12,0,1,20.0,10.0,5.0,55.0,0,260,184.260009765625,4.944629610931644,,out_of_road
2566,replay,0,replay,,,0,0,0,12,0,1,20.0,10.0,5.0,55.0,0,46,17.44808578491211,0.45746574971986853,,arrive_dest
2567,fresh,0,fresh,,,0,1,1,18,0,0,15.0,5.0,15.0,55.0,0,63,-0.09725427627563477,0.2881564554714021,,crash_vehicle
2568,replay,0,replay,,,0,1,1,18,0,0,15.0,5.0,15.0,55.0,0,146,89.91877746582031,6.998792873669977,,crash_vehicle
2569,fresh,0,fresh,,,0,1,0,2,0,1,20.0,40.0,15.0,55.0,0,90,35.31169509887695,0.7035789310932159,,out_of_road
2570,mutation,0,mutation,maximum_distractor_speed,,1,0,0,1,0,0,20.0,5.0,5.0,10.0,0,42,0.28596067428588867,0.0,,crash_vehicle
2571,fresh,0,fresh,,,0,0,0,0,0,0,10.0,5.0,5.0,20.0,0,107,58.89142990112305,1.0422747352412929,rejection_fallback,out_of_road
2572,mutation,0,mutation,brake_dist,,1,0,0,1,0,0,10.0,20.0,5.0,20.0,1,64,8.192152976989746,0.42708340287208557,,out_of_road
2573,fresh,0,fresh,,,0,1,1,2,1,0,5.0,40.0,10.0,55.0,2,92,44.261409759521484,0.9922915204711582,,out_of_road
2574,crossover,0,crossover,,select_lane|ego_on_intersection|intersection_has_cars|distractor_cars|has_cluster|maximum_distractor_speed|distance_to_nearest,3,0,0,0,0,0,15.0,20.0,10.0,55.0,0,115,61.95561218261719,1.2958283574684806,,out_of_road
2575,fresh,0,fresh,,,0,0,0,5,0,1,20.0,20.0,10.0,35.0,0,39,16.538530349731445,0.5865209316596006,,arrive_dest
2576,replay,0,replay,,,0,0,0,5,0,1,20.0,20.0,10.0,35.0,0,225,190.25399780273438,3.6054074226485358,,out_of_road
2577,fresh,0,fresh,,,0,0,0,8,1,0,15.0,10.0,5.0,55.0,0,35,6.2749528884887695,0.46499241420200893,,crash_vehicle
2578,crossover,0,crossover,,intersection_cars|maximum_distractor_speed|brake_dist,1,0,0,0,0,0,5.0,5.0,5.0,20.0,0,216,211.29359436035156,6.120628084711455,,out_of_road
2579,fresh,0,fresh,,,0,0,0,3,0,0,15.0,40.0,10.0,20.0,2,100,42.437355041503906,2.394154436588287,,out_of_road
2580,replay,0,replay,,,0,0,0,3,0,0,15.0,40.0,10.0,20.0,2,209,201.1012725830078,4.64242845659621,,out_of_road
2581,fresh,0,fresh,,,0,1,1,5,1,1,15.0,40.0,15.0,55.0,1,126,73.36911010742188,4.143058816591899,,crash_vehicle
2582,mutation,0,mutation,select_road|select_lane|ego_on_intersection|intersection_has_cars,,2,0,0,2,1,0,10.0,10.0,10.0,20.0,0,53,6.2087812423706055,0.10665152207860407,,crash_vehicle
2583,fresh,0,fresh,,,0,1,0,12,0,0,15.0,40.0,5.0,10.0,1,72,34.262969970703125,0.42997497982449,,crash_vehicle
2584,replay,0,replay,,,0,1,0,12,0,0,15.0,40.0,5.0,10.0,1,201,185.16412353515625,5.8303811295115535,,out_of_road
2585,fresh,0,fresh,,,0,1,0,5,0,0,20.0,10.0,5.0,10.0,0,72,7.097806930541992,1.6045078593823645,,out_of_road
2586,crossover,0,crossover,,select_lane|ego_on_intersection|intersection_has_cars|distractor_cars|maximum_distractor_speed|distance_to_nearest|cluster_dist|brake_dist,2,0,0,0,0,0,10.0,5.0,5.0,20.0,0,23,-5.127621650695801,0.0,,out_of_road
2587,fresh,0,fresh,,,0,1,0,4,0,1,5.0,20.0,10.0,20.0,2,54,13.447797775268555,0.3230791445131655,,crash_vehicle
2588,mutation,0,mutation,has_cluster,,1,0,0,5,0,1,20.0,40.0,10.0,10.0,0,76,29.066795349121094,1.2448864045896029,,crash_vehicle
2589,fresh,0,fresh,,,0,1,1,4,0,1,10.0,5.0,10.0,35.0,0,23,-0.6737828254699707,0.0,,crash_vehicle
2590,mutation,0,mutation,has_brake_checker,,1,1,0,5,0,1,20.0,10.0,5.0,35.0,1,31,4.63430118560791,0.07807879294118573,,crash_vehicle
2591,fresh,0,fresh,,,0,0,0,2,1,1,20.0,40.0,10.0,55.0,1,110,74.86839294433594,1.1471336750821635,,crash_vehicle
2592,crossover,0,crossover,,distractor_cars|has_cluster|maximum_distractor_speed|cluster_dist|brake_dist,3,0,0,8,0,0,15.0,40.0,5.0,20.0,0,114,70.12047576904297,0.9541881570690557,,crash_vehicle
2593,fresh,0,fresh,,,0,1,0,4,0,1,15.0,40.0,15.0,10.0,3,220,165.38754272460938,6.496156392559747,,crash_vehicle
2594,mutation,0,mutation,has_brake_checker,,0,0,0,0,1,0,20.0,20.0,10.0,10.0,0,71,25.64623260498047,2.1293977179997405,,crash_vehicle
2595,fresh,0,fresh,,,0,1,0,3,1,0,10.0,40.0,15.0,55.0,3,97,43.35271453857422,2.3992183721557105,,out_of_road
2596,replay,0,replay,,,0,1,0,3,1,0,10.0,40.0,15.0,55.0,3,241,204.41998291015625,5.009900577830082,,out_of_road
2597,fresh,0,fresh,,,0,1,1,12,1,1,5.0,10.0,10.0,55.0,2,47,9.807124137878418,0.38026202993190034,,crash_vehicle
2598,mutation,0,mutation,distractor_cars,,1,0,0,2,0,0,20.0,20.0,10.0,20.0,2,206,197.923583984375,4.513547047502497,,out_of_road
2599,fresh,0,fresh,,,0,1,1,18,1,1,5.0,20.0,5.0,55.0,0,60,5.24867057800293,0.8186744054158529,,out_of_road
2600,replay,0,replay,,,0,1,1,18,1,1,5.0,20.0,5.0,55.0,0,131,92.49272918701172,9.177614365825216,,arrive_dest
2601,fresh,0,fresh,,,0,1,1,2,1,1,5.0,10.0,10.0,55.0,0,44,7.809116363525391,0.24739235097711737,,crash_vehicle
2602,crossover,0,crossover,,select_lane|ego_on_intersection|intersection_has_cars|distractor_cars|has_brake_checker|maximum_distractor_speed|distance_to_nearest|cluster_dist|brake_dist,2,0,0,0,0,0,10.0,5.0,5.0,20.0,0,257,259.1251220703125,7.431017068341548,rejection_fallback,out_of_road
2603,fresh,0,fresh,,,0,1,1,12,0,0,20.0,40.0,15.0,35.0,2,104,54.931697845458984,0.670241157595928,,out_of_road
2604,mutation,0,mutation,maximum_distractor_speed,,1,0,0,8,0,0,10.0,20.0,15.0,35.0,3,112,59.81592559814453,2.2375125757285526,,crash_vehicle
2605,fresh,0,fresh,,,0,0,0,5,1,0,10.0,20.0,10.0,35.0,2,122,58.63978958129883,2.34025361254567,,crash_vehicle
2606,mutation,0,mutation,maximum_distractor_speed,,1,0,0,0,0,0,10.0,20.0,15.0,35.0,0,198,203.41152954101562,4.907264097320913,,out_of_road
2607,fresh,0,fresh,,,0,0,0,2,1,0,15.0,5.0,5.0,20.0,2,78,26.3621826171875,0.4706802834302951,,out_of_road
2608,replay,0,replay,,,0,0,0,2,1,0,15.0,5.0,5.0,20.0,2,163,148.12506103515625,7.87737526849735,,crash_vehicle
2609,fresh,0,fresh,,,0,1,0,5,1,1,10.0,10.0,10.0,20.0,0,34,3.7614049911499023,0.24511101666618795,,crash_vehicle
2610,replay,0,replay,,,0,1,0,5,1,1,10.0,10.0,10.0,20.0,0,210,158.3566436767578,9.596595280511039,,out_of_road
2611,fresh,0,fresh,,,0,0,0,8,0,1,5.0,20.0,15.0,10.0,0,51,17.466522216796875,0.5489257363712087,,crash_vehicle
2612,crossover,0,crossover,,select_lane|ego_on_intersection|intersection_has_cars|distractor_cars|intersection_cars,2,0,0,0,0,0,20.0,40.0,5.0,35.0,0,264,287.4170837402344,9.948364069516009,,out_of_road
2613,fresh,0,fresh,,,0,1,1,0,0,0,5.0,10.0,10.0,55.0,0,230,225.9495849609375,5.784127007748769,,out_of_road
2614,replay,0,replay,,,0,1,1,0,0,0,5.0,10.0,10.0,55.0,0,200,212.68927001953125,6.4087564581632614,,out_of_road
2615,fresh,0,fresh,,,0,1,1,2,0,1,20.0,5.0,15.0,55.0,1,101,40.971160888671875,5.7325185926833955,,out_of_road
2616,mutation,0,mutation,has_cluster,,0,1,0,0,0,0,10.0,5.0,5.0,55.0,0,86,36.503719329833984,0.39340196653854015,,out_of_road
2617,fresh,0,fresh,,,0,1,0,12,1,1,5.0,5.0,10.0,55.0,3,34,5.40125846862793,0.5557531083331388,,crash_vehicle
2618,mutation,0,mutation,select_road|select_lane|ego_on_intersection|intersection_has_cars,,1,0,0,8,1,1,15.0,5.0,10.0,55.0,2,153,2.450817584991455,0.0645060600116362,,crash_vehicle
2619,fresh,0,fresh,,,0,0,0,8,0,1,15.0,5.0,5.0,55.0,2,22,-0.40012550354003906,0.0,,crash_vehicle
2620,mutation,0,mutation,select_road|select_lane|ego_on_intersection|intersection_has_cars,,1,0,0,0,0,0,10.0,5.0,5.0,20.0,0,83,36.329627990722656,2.9634354645947374,,out_of_road
2621,fresh,0,fresh,,,0,0,0,18,1,0,20.0,40.0,5.0,55.0,3,122,45.3278923034668,2.6158227080204446,,crash_vehicle
2622,mutation,0,mutation,select_road|select_lane|ego_on_intersection|intersection_has_cars,,2,0,0,0,1,0,20.0,20.0,5.0,55.0,0,126,65.79838562011719,3.0633795332340967,,out_of_road
2623,fresh,0,fresh,,,0,0,0,5,0,0,10.0,5.0,15.0,10.0,1,23,-0.37091588973999023,0.35027321525242017,,crash_vehicle
2624,replay,0,replay,,,0,0,0,5,0,0,10.0,5.0,15.0,10.0,1,246,197.62025451660156,4.084327759054618,,out_of_road
2625,fresh,0,fresh,,,0,0,0,8,1,1,15.0,40.0,15.0,55.0,2,275,219.48191833496094,7.427335041967982,,out_of_road
2626,mutation,0,mutation,intersection_cars,,0,0,0,0,0,0,5.0,5.0,5.0,20.0,0,145,61.529449462890625,1.943120258943788,,out_of_road
2627,fresh,0,fresh,,,0,0,0,5,1,0,15.0,5.0,5.0,35.0,1,117,8.588530540466309,2.0977290188654876,,out_of_road
2628,replay,0,replay,,,0,0,0,5,1,0,15.0,5.0,5.0,35.0,1,146,60.486183166503906,2.72783018669037,,crash_vehicle
2629,fresh,0,fresh,,,0,1,1,12,1,1,20.0,20.0,5.0,35.0,0,54,3.678940773010254,0.5262306194614481,,out_of_road
2630,mutation,0,mutation,has_brake_checker,,0,0,0,1,0,0,10.0,5.0,5.0,10.0,0,71,-0.9823098182678223,0.0,,crash_vehicle
2631,fresh,0,fresh,,,0,1,1,18,0,1,5.0,20.0,15.0,35.0,1,64,14.44791030883789,0.244167260825634,,crash_vehicle
2632,replay,0,replay,,,0,1,1,18,0,1,5.0,20.0,15.0,35.0,1,200,203.70703125,4.808600657880306,,out_of_road
2633,fresh,0,fresh,,,0,0,0,2,1,0,10.0,40.0,5.0,55.0,2,137,88.81180572509766,3.0177191442599263,,crash_vehicle
2634,replay,0,replay,,,0,0,0,2,1,0,10.0,40.0,5.0,55.0,2,262,272.6273193359375,9.165834220311114,,out_of_road
2635,fresh,0,fresh,,,0,0,0,12,1,0,10.0,20.0,10.0,35.0,0,56,16.979164123535156,0.5710916604314532,,crash_vehicle
2636,crossover,0,crossover,,select_lane|ego_on_intersection|intersection_has_cars|intersection_cars|distance_to_nearest|cluster_dist,4,1,0,0,0,0,20.0,10.0,5.0,10.0,0,135,86.78742218017578,0.8691522933818676,,out_of_road
2637,fresh,0,fresh,,,0,0,0,1,0,1,20.0,40.0,10.0,20.0,0,40,0.41550445556640625,0.3064133882522583,,out_of_road
2638,crossover,0,crossover,,select_lane|ego_on_intersection|intersection_has_cars|has_brake_checker|intersection_cars|maximum_distractor_speed|distance_to_nearest|brake_dist,3,0,0,0,0,0,10.0,10.0,10.0,10.0,0,83,57.58481979370117,3.101452385086611,,arrive_dest
2639,fresh,0,fresh,,,0,0,0,3,1,0,20.0,40.0,5.0,55.0,3,140,87.66764831542969,3.5504158326557707,,crash_vehicle
2640,crossover,0,crossover,,intersection_cars|maximum_distractor_speed|cluster_dist,2,0,0,0,0,0,20.0,5.0,5.0,20.0,0,223,210.06790161132812,6.681194000714563,,out_of_road
2641,fresh,0,fresh,,,0,1,1,4,0,0,15.0,5.0,15.0,35.0,2,48,-1.4541957378387451,0.19880862658222517,,out_of_road
2642,mutation,0,mutation,intersection_cars,,0,0,0,0,1,0,20.0,20.0,5.0,55.0,0,156,93.7723388671875,3.0091218589208064,,crash_vehicle
2643,fresh,0,fresh,,,0,0,0,8,1,1,15.0,40.0,10.0,55.0,3,104,31.457725524902344,0.27339489643390363,,crash_vehicle
2644,replay,0,replay,,,0,0,0,8,1,1,15.0,40.0,10.0,55.0,3,267,226.4170379638672,6.655646921766831,,out_of_road
2645,fresh,0,fresh,,,0,0,0,2,1,0,10.0,40.0,5.0,55.0,2,89,50.04073715209961,0.5794634845819366,,crash_vehicle
2646,mutation,0,mutation,cluster_dist,,1,0,0,2,0,0,20.0,40.0,10.0,20.0,0,214,200.60617065429688,4.658755615632111,,out_of_road
2647,fresh,0,fresh,,,0,0,0,3,0,0,10.0,10.0,10.0,20.0,3,235,186.8833465576172,5.6519168146113135,,out_of_road
2648,replay,0,replay,,,0,0,0,3,0,0,10.0,10.0,10.0,20.0,3,61,15.003501892089844,2.814954112787716,,crash_vehicle
2649,fresh,0,fresh,,,0,1,0,18,0,1,20.0,10.0,15.0,20.0,3,259,148.96139526367188,3.9274861439774855,,out_of_road
2650,mutation,0,mutation,intersection_cars,,1,0,0,1,0,0,10.0,20.0,10.0,10.0,1,84,35.518768310546875,0.4725949310121082,,out_of_road
2651,fresh,0,fresh,,,0,1,1,2,0,1,10.0,5.0,15.0,10.0,2,134,115.6940689086914,1.8761305499877503,,out_of_road
2652,mutation,0,mutation,intersection_cars,,0,0,0,0,0,0,15.0,20.0,15.0,55.0,0,102,55.02638626098633,1.5048818091551464,,out_of_road
2653,fresh,0,fresh,,,0,0,0,5,0,1,10.0,10.0,15.0,20.0,2,45,12.517173767089844,0.4903636578056547,,crash_vehicle
2654,mutation,0,mutation,select_road|select_lane|ego_on_intersection|intersection_has_cars,,1,1,0,2,1,0,10.0,10.0,10.0,20.0,0,45,9.201713562011719,0.15511548850271437,,crash_vehicle
2655,fresh,0,fresh,,,0,1,1,1,1,1,10.0,10.0,15.0,55.0,1,284,261.724609375,9.218444074858242,,out_of_road
2656,crossover,0,crossover,,select_lane|ego_on_intersection|intersection_has_cars|distractor_cars|has_brake_checker|cluster_dist,5,1,0,8,0,1,15.0,5.0,5.0,55.0,2,348,278.4115295410156,9.1639951185334,,out_of_road
2657,fresh,0,fresh,,,0,0,0,18,1,1,5.0,5.0,10.0,55.0,1,44,8.989883422851562,1.567038980397311,,crash_vehicle
2658,replay,0,replay,,,0,0,0,18,1,1,5.0,5.0,10.0,55.0,1,237,215.11465454101562,6.0158321866254765,,out_of_road
2659,fresh,0,fresh,,,0,0,0,5,1,1,5.0,5.0,15.0,55.0,1,37,4.246498107910156,0.5091968593565194,,crash_vehicle
2660,replay,0,replay,,,0,0,0,5,1,1,5.0,5.0,15.0,55.0,1,195,180.55296325683594,9.127851143479347,,crash_vehicle
2661,fresh,0,fresh,,,0,0,0,12,1,1,10.0,5.0,10.0,35.0,0,45,8.176668167114258,2.2212269862492877,,crash_vehicle
2662,replay,0,replay,,,0,0,0,12,1,1,10.0,5.0,10.0,35.0,0,254,288.1107482910156,10.368357873925074,,out_of_road
2663,fresh,0,fresh,,,0,1,0,3,0,1,5.0,5.0,10.0,10.0,2,149,58.90000534057617,4.7339972041597305,,out_of_road
2664,mutation,0,mutation,distance_to_nearest,,1,0,0,8,0,0,15.0,10.0,15.0,35.0,1,211,195.29339599609375,9.903838157936296,,crash_vehicle
2665,fresh,0,fresh,,,0,1,0,5,1,1,15.0,10.0,15.0,20.0,1,40,7.220247268676758,0.16678662300109864,,crash_vehicle
2666,replay,0,replay,,,0,1,0,5,1,1,15.0,10.0,15.0,20.0,1,227,223.4276580810547,6.932855832419206,,out_of_road
2667,fresh,0,fresh,,,0,1,0,12,1,0,20.0,5.0,5.0,35.0,3,1000,6.432650089263916,0.013922121841460466,,max_step
2668,replay,0,replay,,,0,1,0,12,1,0,20.0,5.0,5.0,35.0,3,211,222.62843322753906,7.456011911704077,,arrive_dest
2669,fresh,0,fresh,,,0,0,0,8,0,1,10.0,40.0,10.0,10.0,2,74,31.02398681640625,0.6238503842740446,,crash_vehicle
2670,replay,0,replay,,,0,0,0,8,0,1,10.0,40.0,10.0,10.0,2,208,202.4150390625,7.221958835394337,,out_of_road
2671,fresh,0,fresh,,,0,1,0,18,1,1,20.0,5.0,10.0,20.0,1,1000,1.5168758630752563,0.01047875202447176,,max_step
2672,mutation,0,mutation,brake_dist,,1,1,1,1,0,0,5.0,5.0,15.0,35.0,1,84,38.02590560913086,1.0875888431356067,,out_of_road
2673,fresh,0,fresh,,,0,1,0,4,1,0,10.0,20.0,10.0,55.0,0,126,71.50906372070312,3.715680450437561,,out_of_road
2674,mutation,0,mutation,intersection_cars,,0,0,0,18,0,0,15.0,10.0,10.0,35.0,3,46,13.98841667175293,0.3938206900721011,,crash_vehicle
2675,fresh,0,fresh,,,0,0,0,2,1,1,15.0,40.0,10.0,55.0,0,95,34.82380294799805,2.620669244465075,,crash_vehicle
2676,crossover,0,crossover,,has_brake_checker|distance_to_nearest|brake_dist,1,0,0,0,0,0,10.0,40.0,5.0,20.0,0,212,181.95782470703125,4.580857940861639,,out_of_road
2677,fresh,0,fresh,,,0,1,1,12,0,1,5.0,5.0,10.0,10.0,0,71,-4.511953830718994,0.0,,crash_vehicle
2678,crossover,0,crossover,,select_lane|ego_on_intersection|intersection_has_cars|has_brake_checker|cluster_dist,2,0,0,18,0,0,15.0,10.0,15.0,35.0,3,152,62.0654296875,2.756195757342012,,crash_vehicle
2679,fresh,0,fresh,,,0,1,0,8,1,0,10.0,10.0,5.0,35.0,0,44,11.89268684387207,0.21075104380195792,,crash_vehicle
2680,replay,0,replay,,,0,1,0,8,1,0,10.0,10.0,5.0,35.0,0,142,81.9498519897461,2.9753636008417104,,out_of_road
2681,fresh,0,fresh,,,0,0,0,0,1,0,5.0,20.0,10.0,20.0,0,48,5.525483131408691,0.002558118353287379,,crash_vehicle
2682,crossover,0,crossover,,select_lane|ego_on_intersection|intersection_has_cars|distractor_cars|has_brake_checker|intersection_cars|maximum_distractor_speed|distance_to_nearest,4,0,0,18,0,0,15.0,10.0,10.0,20.0,3,56,20.21817398071289,1.4247246895517622,,crash_vehicle
2683,fresh,0,fresh,,,0,0,0,12,0,1,5.0,10.0,15.0,10.0,1,53,19.018537521362305,1.183015762634997,,crash_vehicle
2684,replay,0,replay,,,0,0,0,12,0,1,5.0,10.0,15.0,10.0,1,285,251.42605590820312,7.226400611170551,,out_of_road
2685,fresh,0,fresh,,,0,1,0,4,1,1,15.0,10.0,10.0,55.0,3,60,3.906064033508301,2.960817809899648,,out_of_road
2686,crossover,0,crossover,,intersection_cars|maximum_distractor_speed|distance_to_nearest,1,0,0,5,0,0,5.0,20.0,10.0,10.0,0,166,80.82230377197266,3.372589980353074,,out_of_road
2687,fresh,0,fresh,,,0,1,1,18,1,0,5.0,10.0,15.0,20.0,0,33,4.787448883056641,0.0,,crash_vehicle
2688,mutation,0,mutation,has_brake_checker,,0,0,0,0,0,0,20.0,20.0,5.0,20.0,0,166,91.27227020263672,3.574012424460197,,out_of_road
2689,fresh,0,fresh,,,0,0,0,18,1,1,20.0,20.0,5.0,35.0,0,49,14.903726577758789,0.34923630344624423,,crash_vehicle
2690,crossover,0,crossover,,has_brake_checker|maximum_distractor_speed|distance_to_nearest|brake_dist,3,0,0,0,1,0,20.0,20.0,15.0,55.0,0,131,84.70340728759766,2.7628264070012185,,crash_vehicle
2691,fresh,0,fresh,,,0,1,0,18,1,1,5.0,5.0,10.0,35.0,3,236,103.26558685302734,3.223110454314846,,arrive_dest
2692,crossover,0,crossover,,distractor_cars|intersection_cars|maximum_distractor_speed|distance_to_nearest|brake_dist,4,0,0,3,0,0,15.0,10.0,5.0,20.0,0,70,31.531089782714844,2.6247479557991027,,crash_vehicle
2693,fresh,0,fresh,,,0,0,0,8,1,0,15.0,20.0,15.0,55.0,2,2,10.0,1.594736099243164,,arrive_dest
2694,crossover,0,crossover,,intersection_cars|has_cluster|cluster_dist,1,0,0,5,0,0,20.0,20.0,10.0,20.0,3,127,82.38145446777344,4.297678604839355,,crash_vehicle
2695,fresh,0,fresh,,,0,0,0,5,0,1,5.0,20.0,10.0,35.0,0,248,190.36163330078125,4.841463104611443,,out_of_road
2696,replay,0,replay,,,0,0,0,5,0,1,5.0,20.0,10.0,35.0,0,164,142.9807891845703,3.9510788684029405,,out_of_road
2697,fresh,0,fresh,,,0,0,0,5,1,0,5.0,20.0,15.0,55.0,1,57,22.608592987060547,0.6240217398133194,,crash_vehicle
2698,mutation,0,mutation,has_cluster,,1,0,0,2,0,1,15.0,10.0,15.0,35.0,2,30,-5.187867641448975,0.0,,out_of_road
2699,fresh,0,fresh,,,0,0,0,0,1,0,5.0,40.0,15.0,20.0,0,140,52.70829772949219,0.8928168352161135,,out_of_road
2700,replay,0,replay,,,0,0,0,0,1,0,5.0,40.0,15.0,20.0,0,170,122.53231811523438,6.54876184779055,,out_of_road
2701,fresh,0,fresh,,,0,1,1,18,1,1,10.0,10.0,10.0,55.0,1,46,12.873077392578125,0.10076768145613048,,crash_vehicle
2702,crossover,0,crossover,,intersection_cars|has_cluster|maximum_distractor_speed|distance_to_nearest|cluster_dist|brake_dist,4,0,0,8,0,0,20.0,40.0,15.0,20.0,0,181,177.91009521484375,5.330879191831989,,out_of_road
2703,fresh,0,fresh,,,0,1,1,4,1,0,10.0,5.0,10.0,20.0,1,80,25.739425659179688,3.181657876074314,,crash_vehicle
2704,mutation,0,mutation,distance_to_nearest,,1,1,1,2,0,0,5.0,20.0,5.0,10.0,1,85,30.818458557128906,0.7782327147091136,,crash_vehicle
2705,fresh,0,fresh,,,0,1,1,4,1,0,15.0,10.0,10.0,35.0,0,92,47.13383102416992,5.363104999065399,,crash_vehicle
2706,crossover,0,crossover,,has_brake_checker|intersection_cars|cluster_dist,3,0,0,8,0,1,15.0,40.0,10.0,55.0,1,74,31.90790557861328,0.7384628283010947,,crash_vehicle
2707,fresh,0,fresh,,,0,1,1,5,0,1,20.0,40.0,15.0,20.0,2,96,55.91039276123047,1.3349034488201141,,crash_vehicle
2708,replay,0,replay,,,0,1,1,5,0,1,20.0,40.0,15.0,20.0,2,165,107.09923553466797,3.710637068387234,,out_of_road
2709,fresh,0,fresh,,,0,1,1,2,0,0,10.0,40.0,15.0,35.0,2,189,149.791015625,2.6317088042617476,,out_of_road
2710,crossover,0,crossover,,select_lane|ego_on_intersection|intersection_has_cars|distractor_cars|has_brake_checker|intersection_cars|has_cluster|maximum_distractor_speed,6,1,0,5,1,1,20.0,20.0,10.0,35.0,1,58,21.658458709716797,0.07097014887579556,,crash_vehicle
2711,fresh,0,fresh,,,0,1,0,2,0,1,10.0,20.0,10.0,10.0,2,65,3.9077911376953125,0.39552068343529334,,out_of_road
2712,crossover,0,crossover,,distractor_cars|intersection_cars|cluster_dist,1,0,0,5,0,0,20.0,20.0,10.0,20.0,0,172,168.08096313476562,10.213507231238276,,crash_vehicle
2713,fresh,0,fresh,,,0,0,0,1,1,1,20.0,20.0,15.0,35.0,1,53,12.39162826538086,0.4265724757932267,,crash_vehicle
2714,replay,0,replay,,,0,0,0,1,1,1,20.0,20.0,15.0,35.0,1,173,88.85798645019531,2.2782905941796785,,out_of_road
2715,fresh,0,fresh,,,0,0,0,4,1,0,20.0,20.0,15.0,35.0,3,76,6.631893157958984,1.0788869308797937,,out_of_road
2716,crossover,0,crossover,,distractor_cars|has_brake_checker|intersection_cars|cluster_dist,4,0,0,4,0,0,15.0,10.0,5.0,55.0,0,2,10.0,0.0,,arrive_dest
2717,fresh,0,fresh,,,0,0,0,18,0,0,5.0,5.0,5.0,35.0,3,61,2.0055594444274902,0.708960298632012,,out_of_road
2718,crossover,0,crossover,,select_lane|ego_on_intersection|intersection_has_cars|intersection_cars|has_cluster|maximum_distractor_speed|distance_to_nearest|cluster_dist,7,0,0,0,0,0,10.0,5.0,5.0,20.0,0,182,147.57852172851562,4.334669627986112,rejection_fallback,out_of_road
2719,fresh,0,fresh,,,0,0,0,1,0,1,15.0,40.0,5.0,20.0,0,77,7.072063446044922,0.3628712443562297,,out_of_road
2720,replay,0,replay,,,0,0,0,1,0,1,15.0,40.0,5.0,20.0,0,49,15.538501739501953,0.37205880393787305,,crash_vehicle
2721,fresh,0,fresh,,,0,1,0,18,1,0,10.0,20.0,15.0,55.0,0,57,19.509103775024414,0.3366282111720035,,crash_vehicle
2722,mutation,0,mutation,maximum_distractor_speed,,0,0,0,0,0,0,5.0,5.0,5.0,20.0,0,257,263.7416076660156,8.241338889422584,,out_of_road
2723,fresh,0,fresh,,,0,1,0,8,1,0,15.0,40.0,15.0,55.0,3,54,12.88503646850586,0.5608410305447049,,crash_vehicle
2724,mutation,0,mutation,has_brake_checker,,1,0,0,0,1,0,20.0,5.0,5.0,20.0,0,113,54.13240432739258,1.8665988049675932,,crash_vehicle
2725,fresh,0,fresh,,,0,1,1,4,1,0,10.0,40.0,10.0,55.0,3,108,68.46025848388672,1.4568386356587764,,crash_vehicle
2726,crossover,0,crossover,,intersection_cars|maximum_distractor_speed,1,0,0,3,0,0,15.0,5.0,15.0,35.0,0,165,50.814056396484375,2.628632113789067,,out_of_road
2727,fresh,0,fresh,,,0,1,1,0,0,0,20.0,5.0,5.0,20.0,0,196,153.01150512695312,4.019102684697327,,out_of_road
2728,mutation,0,mutation,cluster_dist,,0,0,0,0,0,0,5.0,10.0,5.0,35.0,0,203,204.92649841308594,6.445430010850794,,out_of_road
2729,fresh,0,fresh,,,0,0,0,3,1,0,10.0,5.0,5.0,55.0,1,57,16.472518920898438,3.3811995334792555,,crash_vehicle
2730,crossover,0,crossover,,select_lane|ego_on_intersection|intersection_has_cars|intersection_cars|has_cluster|maximum_distractor_speed|cluster_dist,3,0,0,0,0,0,20.0,5.0,15.0,20.0,0,209,205.3537139892578,5.414253515632529,,out_of_road
2731,fresh,0,fresh,,,0,0,0,4,1,1,20.0,40.0,10.0,55.0,1,198,117.44764709472656,4.4617026792933245,,out_of_road
2732,mutation,0,mutation,maximum_distractor_speed,,1,0,0,8,1,1,20.0,40.0,15.0,55.0,2,251,172.08433532714844,5.2157170585545884,,out_of_road
2733,fresh,0,fresh,,,0,1,1,1,1,0,15.0,10.0,10.0,55.0,0,168,99.14500427246094,5.634667754882858,,crash_vehicle
2734,mutation,0,mutation,has_cluster,,1,0,0,1,0,1,20.0,40.0,10.0,10.0,1,260,257.9712219238281,7.855945156801205,,out_of_road
2735,fresh,0,fresh,,,0,1,0,12,0,0,15.0,40.0,10.0,35.0,2,202,143.5642547607422,3.3995736493627624,,crash_vehicle
2736,replay,0,replay,,,0,1,0,12,0,0,15.0,40.0,10.0,35.0,2,265,258.98309326171875,8.013472426612422,,out_of_road
2737,fresh,0,fresh,,,0,0,0,1,0,0,5.0,5.0,15.0,10.0,1,101,59.4420166015625,1.549117633611849,,out_of_road
2738,mutation,0,mutation,maximum_distractor_speed,,1,0,0,2,0,0,10.0,40.0,5.0,20.0,2,48,3.889906883239746,0.284829040368398,,crash_vehicle
2739,fresh,0,fresh,,,0,1,1,18,1,0,15.0,20.0,5.0,35.0,3,110,38.31391906738281,1.5416809949007901,,crash_vehicle
2740,mutation,0,mutation,maximum_distractor_speed,,0,1,1,1,0,0,10.0,40.0,5.0,10.0,1,100,65.63489532470703,1.4218292689323426,,out_of_road
2741,fresh,0,fresh,,,0,1,0,8,0,1,15.0,5.0,15.0,10.0,1,33,0.5742239952087402,0.0,,crash_vehicle
2742,mutation,0,mutation,intersection_cars,,1,0,0,8,0,0,15.0,20.0,15.0,35.0,1,54,16.013351440429688,0.30172710258651664,,crash_vehicle
2743,fresh,0,fresh,,,0,0,0,1,1,0,5.0,40.0,15.0,55.0,1,237,207.5711212158203,5.115462764280255,,out_of_road
2744,mutation,0,mutation,brake_dist,,1,1,0,8,0,1,15.0,5.0,5.0,20.0,2,883,0.5209107398986816,0.08150737303164646,,crash_vehicle
2745,fresh,0,fresh,,,0,1,0,12,0,1,20.0,10.0,10.0,20.0,1,39,7.974551200866699,0.37961079524113583,,crash_vehicle
2746,crossover,0,crossover,,select_lane|ego_on_intersection|intersection_has_cars|distractor_cars|intersection_cars|maximum_distractor_speed|distance_to_nearest|brake_dist,6,0,0,3,0,0,15.0,10.0,5.0,55.0,2,91,46.78620147705078,5.208377619366069,,crash_vehicle
2747,fresh,0,fresh,,,0,1,0,12,1,0,15.0,10.0,5.0,20.0,0,96,20.279695510864258,1.1142822376762826,,crash_vehicle
2748,mutation,0,mutation,intersection_cars,,1,0,0,5,0,0,20.0,20.0,10.0,20.0,3,62,28.560161590576172,0.5730729660680217,,crash_vehicle
2749,fresh,0,fresh,,,0,0,0,18,0,1,20.0,10.0,15.0,20.0,2,84,30.941993713378906,2.2176221406885555,,crash_vehicle
2750,replay,0,replay,,,0,0,0,18,0,1,20.0,10.0,15.0,20.0,2,213,193.34629821777344,4.303217653097681,,out_of_road
2751,fresh,0,fresh,,,0,0,0,3,0,1,5.0,40.0,10.0,55.0,0,70,35.673828125,0.6640114375523158,,crash_vehicle
2752,crossover,0,crossover,,select_lane|ego_on_intersection|intersection_has_cars|distractor_cars|has_brake_checker|has_cluster|maximum_distractor_speed|brake_dist,6,0,0,0,0,0,20.0,20.0,15.0,20.0,0,216,198.61892700195312,5.6580388766747935,,out_of_road
2753,fresh,0,fresh,,,0,1,0,8,1,1,20.0,40.0,5.0,55.0,2,235,208.52542114257812,5.242438157061313,,out_of_road
2754,replay,0,replay,,,0,1,0,8,1,1,20.0,40.0,5.0,55.0,2,43,20.29242515563965,0.37050174003423647,,arrive_dest
2755,fresh,0,fresh,,,0,0,0,18,1,0,5.0,40.0,15.0,55.0,0,96,55.46691131591797,0.3850899562239647,,crash_vehicle
2756,mutation,0,mutation,distractor_cars,,1,0,0,8,0,0,10.0,20.0,5.0,35.0,0,105,72.89080810546875,4.077323796919414,,crash_vehicle
2757,fresh,0,fresh,,,0,0,0,1,1,1,5.0,40.0,5.0,55.0,1,212,191.32566833496094,5.785259296590427,,out_of_road
2758,mutation,0,mutation,select_road|select_lane|ego_on_intersection|intersection_has_cars,,1,0,0,0,0,0,10.0,5.0,5.0,20.0,0,72,24.661428451538086,0.42385292053222656,,out_of_road
2759,fresh,0,fresh,,,0,1,1,5,0,0,5.0,40.0,5.0,10.0,3,83,31.982078552246094,0.40385044913694085,,out_of_road
2760,crossover,0,crossover,,select_lane|ego_on_intersection|intersection_has_cars|has_brake_checker|intersection_cars|maximum_distractor_speed|brake_dist,3,0,0,5,0,0,5.0,40.0,10.0,10.0,0,101,65.48343658447266,1.8734857298360013,,crash_vehicle
2761,fresh,0,fresh,,,0,0,0,4,0,0,5.0,5.0,10.0,55.0,2,111,28.550010681152344,2.3137195351961495,,crash_vehicle
2762,replay,0,replay,,,0,0,0,4,0,0,5.0,5.0,10.0,55.0,2,205,193.0640869140625,5.18590949744713,,out_of_road
2763,fresh,0,fresh,,,0,0,0,18,0,1,20.0,5.0,5.0,10.0,3,724,1.2293591499328613,0.0900793125523635,,crash_vehicle
2764,crossover,0,crossover,,select_lane|ego_on_intersection|intersection_has_cars|distractor_cars|has_brake_checker|cluster_dist|brake_dist,2,0,0,0,0,0,15.0,20.0,15.0,20.0,0,215,209.5310821533203,6.522906562339428,,out_of_road
2765,fresh,0,fresh,,,0,0,0,2,0,0,10.0,5.0,5.0,55.0,0,32,-0.2784876823425293,0.18692940473556519,,crash_vehicle
2766,replay,0,replay,,,0,0,0,2,0,0,10.0,5.0,5.0,55.0,0,218,207.63861083984375,4.981683281036692,,out_of_road
2767,fresh,0,fresh,,,0,0,0,2,0,1,15.0,40.0,15.0,55.0,2,85,40.10384750366211,0.4626857533174403,,out_of_road
2768,replay,0,replay,,,0,0,0,2,0,1,15.0,40.0,15.0,55.0,2,229,221.25315856933594,8.92332644246551,,out_of_road
2769,fresh,0,fresh,,,0,0,0,5,0,0,5.0,20.0,10.0,55.0,3,54,6.648198127746582,0.4198695045930368,,out_of_road
2770,mutation,0,mutation,has_cluster,,1,0,0,18,1,1,15.0,10.0,10.0,55.0,2,89,46.170204162597656,4.17550296461984,,crash_vehicle
2771,fresh,0,fresh,,,0,0,0,4,0,0,5.0,10.0,5.0,10.0,3,35,5.130614280700684,0.10904481070382255,,crash_vehicle
2772,crossover,0,crossover,,select_lane|ego_on_intersection|intersection_has_cars|distractor_cars|has_brake_checker|has_cluster|maximum_distractor_speed|distance_to_nearest|cluster_dist,4,1,0,0,0,0,20.0,40.0,10.0,20.0,0,97,59.75027847290039,1.051305046247453,,arrive_dest
2773,fresh,0,fresh,,,0,1,0,1,1,1,20.0,20.0,5.0,55.0,0,71,18.1158447265625,0.19202233704043106,,crash_vehicle
2774,mutation,0,mutation,has_cluster,,1,0,0,8,0,1,15.0,20.0,15.0,35.0,3,96,54.110164642333984,2.67748258371527,,crash_vehicle
2775,fresh,0,fresh,,,0,1,0,12,1,0,5.0,40.0,10.0,55.0,3,78,42.65328598022461,1.2705825872910328,,crash_vehicle
2776,crossover,0,crossover,,distractor_cars|has_brake_checker|distance_to_nearest,2,0,0,5,0,0,5.0,20.0,5.0,20.0,0,61,24.735641479492188,0.7011212349915114,,crash_vehicle
2777,fresh,0,fresh,,,0,0,0,18,0,0,5.0,20.0,5.0,35.0,1,58,25.71565818786621,0.40555806766296254,,crash_vehicle
2778,replay,0,replay,,,0,0,0,18,0,0,5.0,20.0,5.0,35.0,1,174,101.88555908203125,5.49066860374363,,crash_vehicle
2779,fresh,0,fresh,,,0,1,1,5,0,0,20.0,10.0,15.0,20.0,1,45,13.748382568359375,0.3798195825682746,,crash_vehicle
2780,replay,0,replay,,,0,1,1,5,0,0,20.0,10.0,15.0,20.0,1,223,192.16212463378906,5.065782029265246,,out_of_road
2781,fresh,0,fresh,,,0,0,0,18,1,0,15.0,10.0,5.0,55.0,3,95,52.55506134033203,4.197786097777517,,crash_vehicle
2782,mutation,0,mutation,maximum_distractor_speed,,1,1,0,4,0,1,5.0,40.0,15.0,10.0,3,96,43.123146057128906,0.5194101872233053,,out_of_road
2783,fresh,0,fresh,,,0,1,1,0,1,0,20.0,10.0,15.0,35.0,0,77,39.3416633605957,0.2735721619872304,,out_of_road
2784,crossover,0,crossover,,select_lane|ego_on_intersection|intersection_has_cars|has_brake_checker|has_cluster|cluster_dist,1,0,0,0,0,0,10.0,5.0,5.0,20.0,0,248,265.1024169921875,7.716981161986628,,out_of_road
2785,fresh,0,fresh,,,0,0,0,18,1,0,5.0,40.0,15.0,55.0,1,118,39.23005294799805,1.170636965056597,,crash_vehicle
2786,replay,0,replay,,,0,0,0,18,1,0,5.0,40.0,15.0,55.0,1,208,209.00526428222656,6.357356345710846,,out_of_road
2787,fresh,0,fresh,,,0,0,0,1,1,1,5.0,10.0,10.0,20.0,1,96,40.469383239746094,0.6698629784708222,,crash_vehicle
2788,mutation,0,mutation,has_cluster,,0,0,0,0,0,0,10.0,5.0,5.0,20.0,0,205,196.62554931640625,5.064058371578775,,out_of_road
2789,fresh,0,fresh,,,0,0,0,1,1,0,10.0,20.0,5.0,35.0,0,133,17.638633728027344,0.25452735625151407,,crash_vehicle
2790,crossover,0,crossover,,select_lane|ego_on_intersection|intersection_has_cars|has_brake_checker|distance_to_nearest|cluster_dist,3,0,0,8,1,1,15.0,40.0,15.0,55.0,3,140,72.89639282226562,3.3222322221313205,,crash_vehicle
2791,fresh,0,fresh,,,0,1,1,8,1,1,10.0,5.0,10.0,20.0,3,24,-0.362612247467041,0.0,,crash_vehicle
2792,crossover,0,crossover,,select_lane|ego_on_intersection|intersection_has_cars|has_brake_checker|has_cluster|maximum_distractor_speed|distance_to_nearest|cluster_dist|brake_dist,7,0,0,4,0,0,5.0,5.0,5.0,20.0,3,23,-0.3640861511230469,0.0,,crash_vehicle
2793,fresh,0,fresh,,,0,0,0,2,1,0,5.0,10.0,15.0,20.0,1,38,4.031160354614258,0.14152326081928454,,crash_vehicle
2794,replay,0,replay,,,0,0,0,2,1,0,5.0,10.0,15.0,20.0,1,168,165.2285614013672,9.91758755257442,,crash_vehicle
2795,fresh,0,fresh,,,0,0,0,4,1,0,10.0,10.0,5.0,20.0,2,32,4.712064743041992,0.21589702367782593,,crash_vehicle
2796,crossover,0,crossover,,distractor_cars|has_brake_checker|has_cluster|brake_dist,3,0,0,0,0,0,10.0,20.0,5.0,55.0,0,82,38.896339416503906,0.6345454657950053,,out_of_road
2797,fresh,0,fresh,,,0,0,0,5,0,0,20.0,5.0,15.0,10.0,0,297,152.09959411621094,5.5000755725685595,,out_of_road
2798,replay,0,replay,,,0,0,0,5,0,0,20.0,5.0,15.0,10.0,0,131,84.74249267578125,3.364305600580823,,arrive_dest
2799,fresh,0,fresh,,,0,0,0,5,0,1,5.0,40.0,10.0,20.0,3,80,8.00650691986084,0.28084502862766386,,out_of_road
2800,replay,0,replay,,,0,0,0,5,0,1,5.0,40.0,10.0,20.0,3,222,199.45484924316406,4.691718228362702,,out_of_road
2801,fresh,0,fresh,,,0,1,0,1,0,0,20.0,20.0,15.0,35.0,1,99,58.00640869140625,1.1999302003720793,,out_of_road
2802,replay,0,replay,,,0,1,0,1,0,0,20.0,20.0,15.0,35.0,1,114,58.893497467041016,6.748126094801384,,crash_vehicle
2803,fresh,0,fresh,,,0,1,0,5,1,1,5.0,20.0,5.0,35.0,1,48,14.151960372924805,0.37796926498413086,,crash_vehicle
2804,replay,0,replay,,,0,1,0,5,1,1,5.0,20.0,5.0,35.0,1,211,191.6874237060547,5.413468745647449,,out_of_road
2805,fresh,0,fresh,,,0,0,0,2,0,0,15.0,40.0,15.0,10.0,1,104,63.544776916503906,3.6106537526043563,,out_of_road
2806,mutation,0,mutation,has_brake_checker,,0,1,0,0,1,0,20.0,20.0,5.0,55.0,0,110,42.76924514770508,0.5282598078250885,,out_of_road
2807,fresh,0,fresh,,,0,0,0,4,1,0,10.0,20.0,5.0,35.0,3,98,42.74578857421875,0.6064103683646844,,crash_vehicle
2808,mutation,0,mutation,select_road|select_lane|ego_on_intersection|intersection_has_cars,,3,1,1,0,0,0,5.0,5.0,5.0,20.0,0,43,22.10150146484375,0.5737459569476372,,arrive_dest
2809,fresh,0,fresh,,,0,0,0,3,1,1,20.0,40.0,10.0,55.0,1,298,252.28207397460938,7.992619919596902,,out_of_road
2810,crossover,0,crossover,,select_lane|ego_on_intersection|intersection_has_cars|intersection_cars|maximum_distractor_speed|distance_to_nearest|cluster_dist|brake_dist,5,0,0,5,1,1,20.0,5.0,5.0,20.0,0,26,-0.5060172080993652,0.21667803250826323,,crash_vehicle
2811,fresh,0,fresh,,,0,1,1,4,0,1,15.0,40.0,5.0,55.0,3,174,107.91475677490234,2.770433608913559,,out_of_road
2812,mutation,0,mutation,distractor_cars,,1,0,0,1,0,0,10.0,5.0,15.0,20.0,0,39,2.052248954772949,0.07320075806898949,,crash_vehicle
2813,fresh,0,fresh,,,0,1,0,5,1,0,15.0,40.0,10.0,55.0,3,93,54.72430419921875,2.0841969370201068,,out_of_road
2814,mutation,0,mutation,select_road|select_lane|ego_on_intersection|intersection_has_cars,,1,0,0,0,0,0,20.0,20.0,5.0,10.0,0,98,57.46922302246094,0.5553864252810575,,out_of_road
2815,fresh,0,fresh,,,0,1,0,18,0,1,5.0,10.0,10.0,35.0,2,2,10.0,2.3356218338012695,,arrive_dest
2816,crossover,0,crossover,,select_lane|ego_on_intersection|intersection_has_cars|intersection_cars|has_cluster|maximum_distractor_speed|cluster_dist|brake_dist,3,0,0,0,0,0,15.0,10.0,10.0,20.0,0,222,211.74205017089844,5.330360453609411,,out_of_road
2817,fresh,0,fresh,,,0,0,0,1,0,1,10.0,10.0,5.0,35.0,1,166,113.2569580078125,5.581368379564171,,out_of_road
2818,mutation,0,mutation,cluster_dist,,1,0,0,0,0,0,10.0,5.0,15.0,35.0,0,243,269.050537109375,7.00795637788596,,out_of_road
2819,fresh,0,fresh,,,0,0,0,4,0,1,20.0,20.0,10.0,55.0,3,144,67.00741577148438,1.8733902639812894,,out_of_road
2820,replay,0,replay,,,0,0,0,4,0,1,20.0,20.0,10.0,55.0,3,241,283.25799560546875,10.534539012988079,,out_of_road
2821,fresh,0,fresh,,,0,0,0,12,1,1,5.0,10.0,15.0,35.0,1,52,3.958986282348633,1.4466400811305413,,out_of_road
2822,replay,0,replay,,,0,0,0,12,1,1,5.0,10.0,15.0,35.0,1,213,218.27105712890625,6.4421415450707284,,out_of_road
2823,fresh,0,fresh,,,0,1,0,4,1,0,10.0,5.0,10.0,20.0,1,204,2.9026474952697754,0.11844697121676862,,crash_vehicle
2824,crossover,0,crossover,,select_lane|ego_on_intersection|intersection_has_cars|maximum_distractor_speed,9,0,0,0,0,0,10.0,5.0,5.0,20.0,0,133,104.89004516601562,2.658697377246125,rejection_fallback,out_of_road
2825,fresh,0,fresh,,,0,0,0,5,0,1,5.0,10.0,5.0,10.0,3,58,4.634585380554199,1.870149751161707,,out_of_road
2826,replay,0,replay,,,0,0,0,5,0,1,5.0,10.0,5.0,10.0,3,61,23.661943435668945,1.3334077459866884,,crash_vehicle
2827,fresh,0,fresh,,,0,0,0,8,0,1,15.0,5.0,10.0,55.0,1,24,-0.5949158668518066,0.0,,crash_vehicle
2828,replay,0,replay,,,0,0,0,8,0,1,15.0,5.0,10.0,55.0,1,270,274.5807189941406,7.039870459669166,,out_of_road
2829,fresh,0,fresh,,,0,0,0,18,0,0,5.0,10.0,15.0,10.0,0,46,12.825645446777344,0.44623824306156323,,crash_vehicle
2830,mutation,0,mutation,distractor_cars,,2,0,0,0,0,0,20.0,20.0,10.0,20.0,0,198,193.19058227539062,3.4775933770820346,,out_of_road
2831,fresh,0,fresh,,,0,1,0,4,1,0,5.0,10.0,10.0,35.0,3,2,10.0,6.907825469970703,,arrive_dest
2832,mutation,0,mutation,intersection_cars,,1,0,0,1,1,1,5.0,40.0,5.0,55.0,0,85,35.237979888916016,0.21932559293859144,,out_of_road
2833,fresh,0,fresh,,,0,0,0,8,0,1,15.0,5.0,10.0,55.0,2,40,7.702425956726074,1.2256718963384627,,crash_vehicle
2834,crossover,0,crossover,,select_lane|ego_on_intersection|intersection_has_cars|distance_to_nearest|cluster_dist|brake_dist,4,0,0,0,0,0,10.0,20.0,15.0,35.0,0,210,201.57574462890625,3.6196700787969998,,out_of_road
2835,fresh,0,fresh,,,0,0,0,4,0,0,15.0,5.0,5.0,55.0,3,39,7.327169418334961,1.4020708157466009,,crash_vehicle
2836,crossover,0,crossover,,has_brake_checker|has_cluster|distance_to_nearest|cluster_dist,1,0,0,0,0,0,5.0,5.0,5.0,10.0,0,210,205.39735412597656,5.861886909178325,,out_of_road
2837,fresh,0,fresh,,,0,0,0,18,0,0,15.0,10.0,15.0,20.0,1,37,-9.273926734924316,0.07511993356653161,,out_of_road
2838,mutation,0,mutation,brake_dist,,9,0,0,0,0,0,10.0,5.0,5.0,20.0,0,90,46.356014251708984,0.9142567601468828,rejection_fallback,out_of_road
2839,fresh,0,fresh,,,0,0,0,8,0,1,10.0,40.0,15.0,55.0,2,100,61.46100616455078,1.1114935076236725,,crash_vehicle
2840,mutation,0,mutation,has_brake_checker,,0,0,0,5,0,0,15.0,40.0,10.0,20.0,2,176,147.90492248535156,3.4604213781316173,,crash_vehicle
2841,fresh,0,fresh,,,0,0,0,2,1,1,15.0,10.0,15.0,35.0,2,63,10.386652946472168,0.29930643512616084,,out_of_road
2842,replay,0,replay,,,0,0,0,2,1,1,15.0,10.0,15.0,35.0,2,97,55.212310791015625,6.641352764724457,,crash_vehicle
2843,fresh,0,fresh,,,0,1,1,12,1,1,20.0,10.0,15.0,55.0,0,51,15.534818649291992,0.35338538592936947,,crash_vehicle
2844,replay,0,replay,,,0,1,1,12,1,1,20.0,10.0,15.0,55.0,0,215,202.3075714111328,5.719221180261568,,out_of_road
2845,fresh,0,fresh,,,0,0,0,2,1,1,5.0,5.0,10.0,20.0,0,24,-0.33493566513061523,0.12443653742472331,,crash_vehicle
2846,replay,0,replay,,,0,0,0,2,1,1,5.0,5.0,10.0,20.0,0,139,113.96101379394531,3.431824621000736,,out_of_road
2847,fresh,0,fresh,,,0,1,0,5,1,1,10.0,5.0,10.0,55.0,2,244,190.63941955566406,6.492382502458135,,out_of_road
2848,mutation,0,mutation,maximum_distractor_speed,,1,0,0,3,0,0,10.0,5.0,15.0,35.0,1,245,195.59783935546875,7.439192322443943,,out_of_road
2849,fresh,0,fresh,,,0,0,0,2,0,1,10.0,20.0,5.0,20.0,0,63,15.500221252441406,0.3334905230809772,,crash_vehicle
2850,replay,0,replay,,,0,0,0,2,0,1,10.0,20.0,5.0,20.0,0,130,99.38262176513672,2.657734210674579,,out_of_road
2851,fresh,0,fresh,,,0,1,0,1,0,0,20.0,20.0,15.0,10.0,0,91,47.78355407714844,2.3175845984369516,,out_of_road
2852,mutation,0,mutation,has_cluster,,0,0,0,8,0,0,15.0,20.0,15.0,35.0,1,201,202.3483123779297,10.164259338853372,,out_of_road
2853,fresh,0,fresh,,,0,1,1,12,1,0,10.0,20.0,10.0,35.0,2,78,42.94526290893555,1.4358491538426814,,crash_vehicle
2854,replay,0,replay,,,0,1,1,12,1,0,10.0,20.0,10.0,35.0,2,221,186.84339904785156,3.3766178162389213,,out_of_road
2855,fresh,0,fresh,,,0,1,1,18,0,0,10.0,40.0,10.0,55.0,0,68,40.77472686767578,3.905666090986308,,arrive_dest
2856,replay,0,replay,,,0,1,1,18,0,0,10.0,40.0,10.0,55.0,0,210,179.753173828125,4.18378916269257,,out_of_road
2857,fresh,0,fresh,,,0,0,0,8,1,1,10.0,20.0,5.0,35.0,1,47,13.604042053222656,0.44858981193380154,,crash_vehicle
2858,mutation,0,mutation,distractor_cars,,1,0,0,1,0,0,10.0,10.0,10.0,10.0,0,97,44.246822357177734,4.1159813090698005,,crash_vehicle
2859,fresh,0,fresh,,,0,0,0,8,1,0,20.0,5.0,15.0,35.0,2,24,-0.38529396057128906,0.0,,crash_vehicle
2860,replay,0,replay,,,0,0,0,8,1,0,20.0,5.0,15.0,35.0,2,160,103.56594848632812,4.799409128865227,,out_of_road
2861,fresh,0,fresh,,,0,1,0,0,0,0,15.0,10.0,15.0,10.0,0,154,138.55084228515625,3.1368326637652015,,out_of_road
2862,mutation,0,mutation,has_cluster,,0,0,0,0,0,0,10.0,5.0,5.0,20.0,0,157,113.41110229492188,3.579621596321179,,out_of_road
2863,fresh,0,fresh,,,0,1,0,3,0,0,20.0,10.0,10.0,20.0,0,69,30.777385711669922,2.9642394487408623,,crash_vehicle
2864,mutation,0,mutation,intersection_cars,,0,0,0,0,0,0,5.0,10.0,15.0,10.0,0,135,99.80007934570312,1.2504184888468848,,out_of_road
2865,fresh,0,fresh,,,0,0,0,12,1,0,15.0,10.0,5.0,20.0,2,42,8.647773742675781,0.2602956805910383,,crash_vehicle
2866,crossover,0,crossover,,has_cluster|maximum_distractor_speed,2,0,0,8,1,0,10.0,5.0,10.0,55.0,2,53,14.221776962280273,2.03306604443856,,crash_vehicle
2867,fresh,0,fresh,,,0,0,0,1,0,1,10.0,40.0,10.0,20.0,1,77,35.72285461425781,0.37551051126672075,,out_of_road
2868,mutation,0,mutation,has_cluster,,1,0,0,1,0,0,20.0,40.0,15.0,55.0,1,107,54.68688201904297,0.6153573724571789,,arrive_dest
2869,fresh,0,fresh,,,0,1,1,3,0,0,20.0,10.0,10.0,20.0,2,136,51.97100067138672,2.1344711497864304,,out_of_road
2870,crossover,0,crossover,,select_lane|ego_on_intersection|intersection_has_cars|distractor_cars|has_brake_checker|maximum_distractor_speed|distance_to_nearest|cluster_dist|brake_dist,3,0,0,0,0,0,5.0,20.0,5.0,10.0,0,197,200.85183715820312,5.2773577437788095,,out_of_road
2871,fresh,0,fresh,,,0,1,0,3,0,0,15.0,20.0,10.0,35.0,2,69,33.12800216674805,0.686674162313558,,crash_vehicle
2872,replay,0,replay,,,0,1,0,3,0,0,15.0,20.0,10.0,35.0,2,192,194.84466552734375,4.5925477350441115,,out_of_road
2873,fresh,0,fresh,,,0,0,0,2,0,1,15.0,40.0,10.0,35.0,0,121,98.54732513427734,3.558110535637406,,crash_vehicle
2874,crossover,0,crossover,,distractor_cars|has_brake_checker|intersection_cars|maximum_distractor_speed|brake_dist,2,0,0,0,0,0,20.0,10.0,15.0,55.0,0,203,198.53089904785156,5.869319732553266,,out_of_road
2875,fresh,0,fresh,,,0,1,0,2,1,0,20.0,40.0,5.0,55.0,2,78,35.01271438598633,0.6321531136830648,,out_of_road
2876,replay,0,replay,,,0,1,0,2,1,0,20.0,40.0,5.0,55.0,2,236,248.51393127441406,5.728609272989176,,out_of_road
2877,fresh,0,fresh,,,0,1,0,1,0,1,20.0,10.0,5.0,55.0,1,207,67.61654663085938,3.0151218398325685,,out_of_road
2878,crossover,0,crossover,,has_brake_checker|maximum_distractor_speed|cluster_dist|brake_dist,2,0,0,0,0,0,10.0,20.0,5.0,20.0,0,226,199.7471923828125,4.512083035489891,,out_of_road
2879,fresh,0,fresh,,,0,1,1,0,1,0,5.0,5.0,10.0,55.0,0,130,58.52010726928711,1.285292578373964,,out_of_road
2880,mutation,0,mutation,select_road|select_lane|ego_on_intersection|intersection_has_cars,,1,0,0,0,0,0,10.0,5.0,10.0,55.0,0,219,196.9173126220703,4.250211414340969,,out_of_road
2881,fresh,0,fresh,,,0,1,0,2,0,0,20.0,20.0,10.0,55.0,2,124,96.42811584472656,1.3404100580561547,,out_of_road
2882,crossover,0,crossover,,distractor_cars|has_cluster|maximum_distractor_speed|cluster_dist,4,1,0,0,1,0,10.0,10.0,5.0,35.0,0,96,39.81147766113281,0.9599196960528692,,out_of_road
2883,fresh,0,fresh,,,0,0,0,12,0,0,15.0,5.0,5.0,35.0,0,157,125.90556335449219,6.923468761857907,,out_of_road
2884,mutation,0,mutation,distractor_cars,,1,0,0,3,0,0,20.0,20.0,5.0,10.0,0,156,139.46414184570312,7.956200057497392,,crash_vehicle
2885,fresh,0,fresh,,,0,1,0,3,1,1,15.0,40.0,5.0,55.0,3,109,75.96138000488281,1.4027137132959628,,crash_vehicle
2886,mutation,0,mutation,distance_to_nearest,,1,1,0,2,1,0,10.0,5.0,10.0,20.0,0,61,21.85651397705078,3.8723439906464248,,crash_vehicle
2887,fresh,0,fresh,,,0,0,0,2,1,1,15.0,40.0,5.0,55.0,0,70,27.659282684326172,0.7009623391287667,,crash_vehicle
2888,replay,0,replay,,,0,0,0,2,1,1,15.0,40.0,5.0,55.0,0,161,144.73199462890625,8.586262957649941,,crash_vehicle
2889,fresh,0,fresh,,,0,0,0,0,0,0,10.0,5.0,5.0,20.0,0,235,269.140380859375,7.618859229316103,rejection_fallback,out_of_road
2890,replay,0,replay,,,0,0,0,0,0,0,10.0,5.0,5.0,20.0,0,259,206.91709899902344,5.780714708175438,,out_of_road
2891,fresh,0,fresh,,,0,0,0,2,0,0,5.0,40.0,5.0,35.0,2,142,105.1956787109375,2.685792787603929,,out_of_road
2892,mutation,0,mutation,maximum_distractor_speed,,0,0,0,0,0,0,5.0,10.0,15.0,10.0,0,199,209.6529083251953,5.604065280463828,,out_of_road
2893,fresh,0,fresh,,,0,0,0,1,0,0,15.0,5.0,10.0,20.0,1,233,206.65660095214844,4.316063049221372,,out_of_road
2894,replay,0,replay,,,0,0,0,1,0,0,15.0,5.0,10.0,20.0,1,203,201.9617919921875,5.204233853687794,,out_of_road
2895,fresh,0,fresh,,,0,1,0,1,0,1,5.0,40.0,15.0,20.0,1,124,73.25093841552734,3.511594633902273,,out_of_road
2896,replay,0,replay,,,0,1,0,1,0,1,5.0,40.0,15.0,20.0,1,218,184.62501525878906,4.597714718875535,,out_of_road
2897,fresh,0,fresh,,,0,1,0,0,1,0,10.0,20.0,10.0,35.0,0,98,61.991912841796875,1.109133844472924,,crash_vehicle
2898,replay,0,replay,,,0,1,0,0,1,0,10.0,20.0,10.0,35.0,0,61,8.755692481994629,0.20799120918649142,,out_of_road
2899,fresh,0,fresh,,,0,0,0,12,1,0,15.0,20.0,5.0,35.0,3,223,211.48680114746094,6.064455022191788,,out_of_road
2900,crossover,0,crossover,,distractor_cars|intersection_cars|maximum_distractor_speed|brake_dist,4,0,0,1,0,0,20.0,5.0,5.0,35.0,1,230,187.63421630859375,5.8689579157077745,,out_of_road
2901,fresh,0,fresh,,,0,0,0,0,0,0,10.0,5.0,10.0,10.0,0,31,-7.823073387145996,0.0,,out_of_road
2902,crossover,0,crossover,,distractor_cars|has_brake_checker|has_cluster|maximum_distractor_speed|cluster_dist|brake_dist,2,0,0,1,0,0,10.0,5.0,5.0,10.0,0,55,14.30933952331543,1.9544921140779148,,crash_vehicle
2903,fresh,0,fresh,,,0,1,0,1,0,0,10.0,10.0,5.0,55.0,0,105,46.869598388671875,4.733252922693889,,out_of_road
2904,replay,0,replay,,,0,1,0,1,0,0,10.0,10.0,5.0,55.0,0,264,281.796630859375,8.458544718948277,,out_of_road
2905,fresh,0,fresh,,,0,0,0,1,0,0,20.0,40.0,10.0,10.0,0,174,152.1873321533203,4.4104932303401245,,out_of_road
2906,mutation,0,mutation,cluster_dist,,1,0,0,1,0,0,20.0,5.0,15.0,35.0,1,23,-6.056685924530029,0.8655194821565048,,out_of_road
2907,fresh,0,fresh,,,0,1,1,18,0,1,10.0,5.0,10.0,55.0,3,23,-0.20875215530395508,0.0,,crash_vehicle
2908,replay,0,replay,,,0,1,1,18,0,1,10.0,5.0,10.0,55.0,3,95,47.20098114013672,6.986110470169469,,out_of_road
2909,fresh,0,fresh,,,0,1,1,12,1,0,10.0,5.0,15.0,20.0,0,77,26.428966522216797,3.8338188072303674,,crash_vehicle
2910,crossover,0,crossover,,select_lane|ego_on_intersection|intersection_has_cars|intersection_cars|has_cluster|maximum_distractor_speed|cluster_dist,4,1,0,1,0,1,20.0,20.0,5.0,20.0,1,47,-0.3461751937866211,0.11301612854003906,,crash_vehicle
2911,fresh,0,fresh,,,0,1,0,4,0,0,15.0,40.0,15.0,10.0,3,72,34.12739181518555,1.9963125329878595,,out_of_road
2912,replay,0,replay,,,0,1,0,4,0,0,15.0,40.0,15.0,10.0,3,178,157.35284423828125,5.561171413472529,,out_of_road
2913,fresh,0,fresh,,,0,1,1,5,1,0,5.0,5.0,15.0,35.0,3,23,0.19178009033203125,0.0,,crash_vehicle
2914,mutation,0,mutation,brake_dist,,0,1,0,8,0,1,15.0,5.0,5.0,55.0,2,27,1.0083551406860352,0.0,,crash_vehicle
2915,fresh,0,fresh,,,0,1,0,0,0,0,5.0,20.0,5.0,35.0,0,149,114.77363586425781,4.223115972824544,,out_of_road
2916,replay,0,replay,,,0,1,0,0,0,0,5.0,20.0,5.0,35.0,0,204,207.74722290039062,9.942731284919907,,out_of_road
2917,fresh,0,fresh,,,0,1,0,12,1,1,15.0,20.0,5.0,35.0,1,225,208.5248565673828,8.051610352463193,,out_of_road
2918,mutation,0,mutation,cluster_dist,,1,1,0,0,1,0,20.0,20.0,10.0,55.0,0,124,97.85147857666016,0.6866626136245266,,crash_vehicle
2919,fresh,0,fresh,,,0,0,0,18,0,1,15.0,10.0,10.0,55.0,2,46,10.425167083740234,0.20619527477285135,,crash_vehicle
2920,replay,0,replay,,,0,0,0,18,0,1,15.0,10.0,10.0,55.0,2,193,197.4386444091797,5.50903099466482,,out_of_road
2921,fresh,0,fresh,,,0,1,0,12,1,1,5.0,5.0,10.0,20.0,1,48,10.41065502166748,1.6269758592049282,,crash_vehicle
2922,replay,0,replay,,,0,1,0,12,1,1,5.0,5.0,10.0,20.0,1,208,206.25946044921875,8.769964343939836,,out_of_road
2923,fresh,0,fresh,,,0,1,1,4,0,1,5.0,10.0,10.0,20.0,0,34,4.55800724029541,0.35344931658576517,,crash_vehicle
2924,crossover,0,crossover,,select_lane|ego_on_intersection|intersection_has_cars|distractor_cars|has_brake_checker|intersection_cars|maximum_distractor_speed|distance_to_nearest|cluster_dist,7,1,0,12,1,0,15.0,20.0,5.0,35.0,1,226,211.65870666503906,7.345767598632163,,arrive_dest
2925,fresh,0,fresh,,,0,0,0,12,0,1,20.0,20.0,15.0,55.0,1,74,20.33473014831543,0.2957656858740626,,crash_vehicle
2926,crossover,0,crossover,,select_lane|ego_on_intersection|intersection_has_cars|has_cluster|maximum_distractor_speed|distance_to_nearest|brake_dist,3,0,0,0,0,0,10.0,5.0,5.0,20.0,0,226,196.9346923828125,3.9589252693463215,,out_of_road
2927,fresh,0,fresh,,,0,0,0,18,1,0,5.0,20.0,10.0,35.0,3,74,36.12397003173828,0.8304291874975771,,crash_vehicle
2928,crossover,0,crossover,,select_lane|ego_on_intersection|intersection_has_cars|has_cluster|maximum_distractor_speed|brake_dist,3,0,0,8,1,0,10.0,40.0,15.0,55.0,2,100,52.21445846557617,1.495150821208954,,crash_vehicle
2929,fresh,0,fresh,,,0,0,0,8,0,0,10.0,10.0,5.0,10.0,2,36,5.571915626525879,0.3334661059909397,,crash_vehicle
2930,replay,0,replay,,,0,0,0,8,0,0,10.0,10.0,5.0,10.0,2,258,257.88323974609375,7.282564368705417,,out_of_road
2931,fresh,0,fresh,,,0,0,0,0,0,0,5.0,10.0,10.0,35.0,0,168,100.15203094482422,2.701271521016246,,out_of_road
2932,replay,0,replay,,,0,0,0,0,0,0,5.0,10.0,10.0,35.0,0,257,190.7665557861328,3.5112481106811924,,out_of_road
2933,fresh,0,fresh,,,0,1,1,2,0,1,10.0,20.0,10.0,35.0,2,117,47.21260070800781,0.5417362747029362,,out_of_road
2934,crossover,0,crossover,,select_lane|ego_on_intersection|intersection_has_cars|distractor_cars|has_brake_checker,3,1,0,12,1,1,15.0,40.0,15.0,55.0,2,228,194.10133361816406,4.363274250375597,,out_of_road
2935,fresh,0,fresh,,,0,1,0,0,0,0,20.0,20.0,15.0,35.0,0,201,193.22256469726562,5.267961126803166,,out_of_road
2936,mutation,0,mutation,select_road|select_lane|ego_on_intersection|intersection_has_cars,,1,0,0,0,0,0,10.0,5.0,5.0,20.0,0,271,193.3048095703125,4.2650473986054696,,out_of_road
2937,fresh,0,fresh,,,0,1,1,1,0,0,10.0,20.0,5.0,10.0,1,208,171.81568908691406,3.2068870306874695,,out_of_road
2938,replay,0,replay,,,0,1,1,1,0,0,10.0,20.0,5.0,10.0,1,160,112.05239868164062,3.1532324837520718,,out_of_road
2939,fresh,0,fresh,,,0,0,0,4,1,1,5.0,40.0,5.0,55.0,3,91,42.644996643066406,0.7611276225729303,,crash_vehicle
2940,crossover,0,crossover,,select_lane|ego_on_intersection|intersection_has_cars|distractor_cars|has_brake_checker|maximum_distractor_speed|distance_to_nearest,6,1,0,12,1,0,15.0,20.0,15.0,35.0,0,249,187.86013793945312,4.76473015654518,,out_of_road
2941,fresh,0,fresh,,,0,1,0,4,1,1,10.0,20.0,15.0,35.0,3,153,106.97020721435547,8.16282865356386,,out_of_road
2942,mutation,0,mutation,select_road|select_lane|ego_on_intersection|intersection_has_cars,,1,0,0,0,0,0,15.0,20.0,10.0,35.0,0,90,44.01951217651367,0.24777565466033089,,out_of_road
2943,fresh,0,fresh,,,0,0,0,12,0,0,20.0,20.0,10.0,20.0,3,209,199.2716064453125,5.84176823568116,,out_of_road
2944,replay,0,replay,,,0,0,0,12,0,0,20.0,20.0,10.0,20.0,3,216,210.2877197265625,5.232069457846659,,out_of_road
2945,fresh,0,fresh,,,0,1,1,2,0,1,15.0,10.0,5.0,55.0,2,214,210.59861755371094,5.4187004580118945,,out_of_road
2946,replay,0,replay,,,0,1,1,2,0,1,15.0,10.0,5.0,55.0,2,145,129.9207000732422,8.136586052795936,,crash_vehicle
2947,fresh,0,fresh,,,0,0,0,0,0,0,5.0,10.0,10.0,10.0,0,27,-5.354527950286865,0.33776505788167316,,out_of_road
2948,mutation,0,mutation,select_road|select_lane|ego_on_intersection|intersection_has_cars,,1,0,0,2,1,1,15.0,5.0,10.0,55.0,2,113,67.25725555419922,2.467053366445862,,out_of_road
2949,fresh,0,fresh,,,0,1,0,3,1,1,20.0,5.0,5.0,55.0,0,22,-0.41366052627563477,0.0,,crash_vehicle
2950,crossover,0,crossover,,distractor_cars|intersection_cars|has_cluster|maximum_distractor_speed|distance_to_nearest|cluster_dist|brake_dist,4,1,0,0,0,0,5.0,10.0,5.0,35.0,0,141,70.69468688964844,1.7905546411977593,,out_of_road
2951,fresh,0,fresh,,,0,1,0,3,0,1,20.0,20.0,10.0,20.0,0,51,14.476585388183594,0.3946506649840112,,crash_vehicle
2952,crossover,0,crossover,,distractor_cars|has_cluster|maximum_distractor_speed|distance_to_nearest|cluster_dist|brake_dist,4,0,0,8,0,0,15.0,5.0,5.0,20.0,0,44,-1.7682905197143555,0.44110056351531635,,out_of_road
2953,fresh,0,fresh,,,0,0,0,0,0,0,10.0,5.0,10.0,35.0,0,72,33.958797454833984,0.44990237553914386,,out_of_road
2954,mutation,0,mutation,has_cluster,,0,0,0,0,0,0,20.0,20.0,5.0,10.0,0,218,188.89598083496094,4.304913831550047,,out_of_road
2955,fresh,0,fresh,,,0,0,0,12,1,1,5.0,5.0,5.0,20.0,1,23,-0.6438007354736328,0.03611025602921196,,crash_vehicle
2956,crossover,0,crossover,,distractor_cars|maximum_distractor_speed|distance_to_nearest|cluster_dist,4,0,0,2,1,1,5.0,40.0,5.0,55.0,2,2,10.0,1.5434017181396484,,arrive_dest
2957,fresh,0,fresh,,,0,0,0,2,0,1,15.0,40.0,5.0,20.0,1,91,50.974098205566406,0.4040454131561321,,crash_vehicle
2958,replay,0,replay,,,0,0,0,2,0,1,15.0,40.0,5.0,20.0,1,236,248.02154541015625,7.1578157570655065,,out_of_road
2959,fresh,0,fresh,,,0,0,0,5,0,0,20.0,10.0,5.0,20.0,1,145,72.07041931152344,4.283510664413715,,out_of_road
2960,replay,0,replay,,,0,0,0,5,0,0,20.0,10.0,5.0,20.0,1,205,207.2171173095703,5.6833566949861805,,out_of_road
2961,fresh,0,fresh,,,0,0,0,5,0,1,5.0,5.0,5.0,10.0,2,143,-0.8027544021606445,0.12341616787276902,,crash_vehicle
2962,mutation,0,mutation,maximum_distractor_speed,,1,0,0,8,0,0,20.0,10.0,15.0,35.0,1,67,28.47329330444336,2.357246077772397,,crash_vehicle
2963,fresh,0,fresh,,,0,0,0,5,1,1,5.0,40.0,10.0,55.0,2,93,38.782752990722656,0.303420155279098,,crash_vehicle
2964,replay,0,replay,,,0,0,0,5,1,1,5.0,40.0,10.0,55.0,2,263,284.5980224609375,8.452442198708484,,out_of_road
2965,fresh,0,fresh,,,0,0,0,0,0,0,20.0,40.0,10.0,35.0,0,230,205.12913513183594,4.52158125306925,,out_of_road
2966,crossover,0,crossover,,maximum_distractor_speed|cluster_dist|brake_dist,2,0,0,0,0,0,20.0,40.0,10.0,10.0,0,107,50.519100189208984,0.9236958194001813,,out_of_road
2967,fresh,0,fresh,,,0,0,0,0,0,0,5.0,5.0,10.0,35.0,0,199,163.1210174560547,3.3530754026156573,,out_of_road
2968,mutation,0,mutation,intersection_cars,,1,1,0,12,1,0,15.0,20.0,5.0,35.0,2,76,31.686359405517578,1.111269889889579,,out_of_road
2969,fresh,0,fresh,,,0,1,1,0,1,0,5.0,10.0,5.0,35.0,0,137,68.79008483886719,1.2477033886596234,,crash_vehicle
2970,mutation,0,mutation,distance_to_nearest,,1,0,0,3,0,0,10.0,20.0,15.0,35.0,1,104,47.517581939697266,2.4267264936979,,out_of_road
2971,fresh,0,fresh,,,0,1,1,0,0,0,20.0,20.0,10.0,55.0,0,198,212.10499572753906,4.6352376277097544,,out_of_road
2972,mutation,0,mutation,brake_dist,,1,1,0,0,0,0,20.0,40.0,10.0,20.0,0,91,51.876529693603516,0.7451473009455335,,out_of_road
2973,fresh,0,fresh,,,0,0,0,4,0,1,15.0,5.0,10.0,35.0,3,141,52.8544921875,4.611559536651517,,out_of_road
2974,mutation,0,mutation,has_brake_checker,,2,0,0,5,1,0,20.0,20.0,10.0,35.0,2,74,36.49987030029297,0.9843093301798846,,crash_vehicle
2975,fresh,0,fresh,,,0,0,0,3,1,1,15.0,10.0,5.0,55.0,0,81,5.102180480957031,2.641613957322674,,out_of_road
2976,mutation,0,mutation,has_brake_checker,,0,0,0,0,0,0,10.0,5.0,10.0,55.0,0,150,55.70073318481445,0.07977763811747234,,out_of_road
2977,fresh,0,fresh,,,0,1,0,1,0,0,15.0,10.0,5.0,35.0,1,172,154.9388427734375,4.073641605328682,,out_of_road
2978,replay,0,replay,,,0,1,0,1,0,0,15.0,10.0,5.0,35.0,1,167,146.00680541992188,7.2623172741450235,,crash_vehicle
2979,fresh,0,fresh,,,0,0,0,4,1,0,10.0,40.0,15.0,55.0,2,108,67.73201751708984,0.826576983763112,,crash_vehicle
2980,crossover,0,crossover,,select_lane|ego_on_intersection|intersection_has_cars|has_cluster|distance_to_nearest|cluster_dist|brake_dist,4,0,0,0,0,0,10.0,20.0,5.0,10.0,0,259,273.0518493652344,7.789917766702682,,out_of_road
2981,fresh,0,fresh,,,0,0,0,1,1,0,15.0,10.0,5.0,20.0,1,75,38.04792404174805,1.2596809454758962,,crash_vehicle
2982,mutation,0,mutation,intersection_cars,,7,0,0,0,0,0,10.0,5.0,5.0,20.0,0,79,36.59922790527344,0.6067560364173937,rejection_fallback,out_of_road
2983,fresh,0,fresh,,,0,1,0,0,1,0,15.0,20.0,5.0,10.0,0,40,9.674845695495605,0.059374695643782616,,crash_vehicle
2984,replay,0,replay,,,0,1,0,0,1,0,15.0,20.0,5.0,10.0,0,221,196.41050720214844,4.519599169762426,,out_of_road
2985,fresh,0,fresh,,,0,1,1,18,0,1,15.0,40.0,5.0,20.0,2,54,0.5797667503356934,0.9336738895486902,,out_of_road
2986,mutation,0,mutation,has_cluster,,0,1,0,5,1,1,20.0,10.0,5.0,35.0,1,71,9.81458568572998,0.2972093446993492,,crash_vehicle
2987,fresh,0,fresh,,,0,1,1,3,1,1,5.0,10.0,5.0,20.0,3,133,65.30001068115234,0.9634511470794678,,crash_vehicle
2988,replay,0,replay,,,0,1,1,3,1,1,5.0,10.0,5.0,20.0,3,250,197.4868621826172,3.42032893037796,,out_of_road
2989,fresh,0,fresh,,,0,0,0,12,1,1,5.0,10.0,5.0,35.0,2,34,4.412026405334473,0.13908464768353632,,crash_vehicle
2990,mutation,0,mutation,distance_to_nearest,,1,0,0,3,0,0,20.0,10.0,5.0,10.0,0,85,42.652000427246094,3.4677292592385234,,crash_vehicle
2991,fresh,0,fresh,,,0,0,0,3,1,1,20.0,5.0,10.0,20.0,2,27,1.7746686935424805,0.0,,crash_vehicle
2992,replay,0,replay,,,0,0,0,3,1,1,20.0,5.0,10.0,20.0,2,133,61.37578582763672,0.5387409533324995,,out_of_road
2993,fresh,0,fresh,,,0,0,0,3,1,1,20.0,40.0,15.0,55.0,0,83,41.339500427246094,0.41584195465926665,,out_of_road
2994,crossover,0,crossover,,distractor_cars|has_brake_checker|intersection_cars|maximum_distractor_speed|brake_dist,2,0,0,0,0,0,20.0,20.0,10.0,55.0,0,149,112.07205200195312,2.634259539762599,,out_of_road
2995,fresh,0,fresh,,,0,1,0,2,0,1,15.0,20.0,5.0,35.0,0,48,12.670783996582031,0.3225661541024844,,crash_vehicle
2996,replay,0,replay,,,0,1,0,2,0,1,15.0,20.0,5.0,35.0,0,213,203.4432373046875,4.81947849278159,,out_of_road
2997,fresh,0,fresh,,,0,1,0,2,0,1,5.0,40.0,10.0,55.0,2,125,97.74492645263672,1.7042262086868285,,out_of_road
2998,crossover,0,crossover,,select_lane|ego_on_intersection|intersection_has_cars|distractor_cars|has_brake_checker|has_cluster|brake_dist,3,1,0,4,1,1,15.0,5.0,15.0,35.0,3,52,14.851573944091797,2.9953753535564127,,crash_vehicle
2999,fresh,0,fresh,,,0,0,0,1,0,1,20.0,5.0,5.0,55.0,0,237,195.41741943359375,7.430894579062482,,out_of_road
3000,replay,0,replay,,,0,0,0,1,0,1,20.0,5.0,5.0,55.0,0,190,196.5906982421875,3.8494048796202005,,out_of_road
3001,fresh,0,fresh,,,0,1,1,0,0,0,15.0,10.0,10.0,35.0,0,71,30.295974731445312,0.49065109038017163,,out_of_road
3002,crossover,0,crossover,,distractor_cars|has_brake_checker|intersection_cars|has_cluster,0,0,0,0,0,0,10.0,5.0,5.0,20.0,0,202,203.2733154296875,5.401898485746714,,out_of_road
3003,fresh,0,fresh,,,0,1,0,4,1,1,5.0,20.0,15.0,35.0,1,63,26.321048736572266,0.5443717335897779,,crash_vehicle
3004,crossover,0,crossover,,intersection_cars|has_cluster|maximum_distractor_speed|distance_to_nearest|brake_dist,2,0,0,0,0,0,5.0,10.0,5.0,35.0,0,196,183.25111389160156,2.7713810092940623,,out_of_road
3005,fresh,0,fresh,,,0,0,0,2,0,1,10.0,20.0,10.0,10.0,0,104,31.024715423583984,0.4732101476536347,,crash_vehicle
3006,replay,0,replay,,,0,0,0,2,0,1,10.0,20.0,10.0,10.0,0,44,12.365249633789062,2.4759801805696706,,crash_vehicle
3007,fresh,0,fresh,,,0,1,1,3,0,0,10.0,10.0,10.0,35.0,0,85,46.412776947021484,4.569492391978993,,crash_vehicle
3008,mutation,0,mutation,has_brake_checker,,1,0,0,0,1,0,20.0,5.0,5.0,10.0,0,61,16.909223556518555,0.42261633716645786,,crash_vehicle
3009,fresh,0,fresh,,,0,1,1,5,0,0,5.0,20.0,15.0,20.0,1,61,24.283424377441406,0.3184951871144967,,crash_vehicle
3010,mutation,0,mutation,brake_dist,,1,0,0,0,0,0,5.0,5.0,5.0,10.0,0,261,256.7768859863281,6.951250801769253,,out_of_road
3011,fresh,0,fresh,,,0,1,1,1,1,0,10.0,10.0,5.0,55.0,0,41,11.715805053710938,0.39126163830117483,,crash_vehicle
3012,replay,0,replay,,,0,1,1,1,1,0,10.0,10.0,5.0,55.0,0,200,196.5628662109375,4.908276386335492,,out_of_road
3013,fresh,0,fresh,,,0,1,1,4,0,0,5.0,20.0,5.0,35.0,1,61,26.555221557617188,0.6590834035248053,,crash_vehicle
3014,mutation,0,mutation,intersection_cars,,0,0,0,0,1,0,20.0,20.0,5.0,55.0,0,211,201.60227966308594,4.946680473631592,,out_of_road
3015,fresh,0,fresh,,,0,1,1,4,0,1,10.0,10.0,5.0,55.0,3,42,10.732589721679688,0.41624824631781804,,crash_vehicle
3016,replay,0,replay,,,0,1,1,4,0,1,10.0,10.0,5.0,55.0,3,135,65.37100982666016,1.8867894968500845,,arrive_dest
3017,fresh,0,fresh,,,0,0,0,12,1,0,10.0,40.0,15.0,55.0,0,104,66.88261413574219,0.6240816566949854,,crash_vehicle
3018,replay,0,replay,,,0,0,0,12,1,0,10.0,40.0,15.0,55.0,0,96,65.56661987304688,0.6149145780752102,,out_of_road
3019,fresh,0,fresh,,,0,1,0,2,0,0,15.0,5.0,15.0,35.0,2,131,94.29788970947266,1.1587546583805375,,out_of_road
3020,crossover,0,crossover,,select_lane|ego_on_intersection|intersection_has_cars|has_brake_checker|has_cluster|maximum_distractor_speed,1,0,0,5,0,0,20.0,20.0,10.0,20.0,2,262,281.73150634765625,10.619005490805357,,out_of_road
3021,fresh,0,fresh,,,0,1,1,3,0,0,20.0,5.0,15.0,35.0,0,235,194.1699981689453,6.963971096150418,,out_of_road
3022,mutation,0,mutation,distance_to_nearest,,0,1,1,12,0,0,20.0,5.0,10.0,10.0,2,24,-0.10656976699829102,0.10692183176676433,,crash_vehicle
3023,fresh,0,fresh,,,0,1,0,12,0,1,5.0,5.0,15.0,10.0,3,53,11.42350959777832,1.573807619652658,,crash_vehicle
3024,crossover,0,crossover,,select_lane|ego_on_intersection|intersection_has_cars|has_brake_checker|distance_to_nearest|cluster_dist,4,1,0,5,0,0,20.0,5.0,5.0,20.0,0,51,-1.0318787097930908,0.34198422992930694,,out_of_road
3025,fresh,0,fresh,,,0,1,1,5,0,1,20.0,5.0,15.0,20.0,3,84,0.3340001106262207,0.24917583770695187,,crash_vehicle
3026,mutation,0,mutation,select_road|select_lane|ego_on_intersection|intersection_has_cars,,1,0,0,0,0,0,10.0,5.0,5.0,20.0,0,54,5.25050163269043,0.5259538579870153,,out_of_road
3027,fresh,0,fresh,,,0,0,0,5,1,1,5.0,20.0,15.0,35.0,2,40,0.24010229110717773,0.0,,out_of_road
3028,crossover,0,crossover,,select_lane|ego_on_intersection|intersection_has_cars|intersection_cars,3,0,0,8,0,1,15.0,5.0,5.0,55.0,0,34,0.16107797622680664,0.0,,crash_vehicle
3029,fresh,0,fresh,,,0,0,0,1,1,1,15.0,10.0,15.0,20.0,1,52,4.80904483795166,0.7869752891934835,,out_of_road
3030,replay,0,replay,,,0,0,0,1,1,1,15.0,10.0,15.0,20.0,1,213,211.25064086914062,5.005064577843662,,out_of_road
3031,fresh,0,fresh,,,0,1,1,5,1,1,20.0,40.0,10.0,55.0,3,71,36.80849838256836,1.530398407452543,,crash_vehicle
3032,replay,0,replay,,,0,1,1,5,1,1,20.0,40.0,10.0,55.0,3,214,199.19564819335938,4.53463897230887,,out_of_road
3033,fresh,0,fresh,,,0,0,0,5,1,1,10.0,40.0,10.0,55.0,0,85,50.885589599609375,0.8034187053932863,,arrive_dest
3034,crossover,0,crossover,,distractor_cars|intersection_cars|maximum_distractor_speed|distance_to_nearest|brake_dist,5,0,0,18,0,0,15.0,10.0,5.0,55.0,2,169,131.98394775390625,8.043679381968706,,crash_vehicle
3035,fresh,0,fresh,,,0,1,0,5,0,0,20.0,10.0,5.0,10.0,1,72,39.08699035644531,4.694463587469524,,crash_vehicle
3036,crossover,0,crossover,,select_lane|ego_on_intersection|intersection_has_cars|distractor_cars|has_brake_checker|intersection_cars|has_cluster|brake_dist,2,0,0,0,0,0,20.0,40.0,15.0,20.0,0,82,44.38764190673828,1.1206940797770895,,out_of_road
3037,fresh,0,fresh,,,0,1,0,12,0,0,15.0,5.0,10.0,35.0,2,157,0.017777442932128906,0.3139381420080829,,crash_vehicle
3038,mutation,0,mutation,has_cluster,,0,0,0,0,0,0,20.0,5.0,15.0,10.0,0,243,281.9223937988281,9.892707290963381,,out_of_road
3039,fresh,0,fresh,,,0,1,1,1,0,0,20.0,40.0,10.0,55.0,1,70,30.687103271484375,0.662905386516026,,out_of_road
3040,crossover,0,crossover,,select_lane|ego_on_intersection|intersection_has_cars|has_brake_checker|intersection_cars|has_cluster|maximum_distractor_speed|distance_to_nearest|brake_dist,6,0,0,1,1,0,15.0,10.0,5.0,55.0,1,114,88.33271026611328,0.7755476184058607,,crash_vehicle
3041,fresh,0,fresh,,,0,0,0,2,1,0,15.0,40.0,5.0,55.0,0,24,-5.18825626373291,0.0,,out_of_road
3042,mutation,0,mutation,brake_dist,,0,0,0,0,0,0,5.0,5.0,5.0,10.0,0,187,199.95530700683594,5.425203957022193,,out_of_road
3043,fresh,0,fresh,,,0,1,0,2,0,1,15.0,40.0,10.0,55.0,1,94,58.82231903076172,0.9398470939473903,,crash_vehicle
3044,mutation,0,mutation,maximum_distractor_speed,,0,1,0,2,1,0,10.0,10.0,10.0,20.0,0,39,8.029489517211914,0.3417162665954003,,crash_vehicle
3045,fresh,0,fresh,,,0,0,0,5,1,1,15.0,20.0,10.0,35.0,2,36,17.13642692565918,0.37727218204074436,,arrive_dest
3046,crossover,0,crossover,,distractor_cars|intersection_cars|maximum_distractor_speed,3,0,0,2,0,0,5.0,20.0,5.0,10.0,2,207,201.00770568847656,4.129088422238539,,out_of_road
3047,fresh,0,fresh,,,0,0,0,18,1,0,5.0,40.0,5.0,55.0,3,81,45.20440673828125,1.023342058982378,,crash_vehicle
3048,mutation,0,mutation,distance_to_nearest,,1,0,0,8,0,0,15.0,40.0,15.0,35.0,3,114,89.93193817138672,1.6386658282656419,,crash_vehicle
3049,fresh,0,fresh,,,0,0,0,2,1,0,10.0,20.0,5.0,55.0,1,62,10.334774017333984,0.31618690490722656,,crash_vehicle
3050,replay,0,replay,,,0,0,0,2,1,0,10.0,20.0,5.0,55.0,1,194,212.20150756835938,10.840127086977368,,crash_vehicle
3051,fresh,0,fresh,,,0,0,0,12,0,1,10.0,20.0,10.0,35.0,0,50,14.534408569335938,0.44031987473368644,,crash_vehicle
3052,crossover,0,crossover,,select_lane|ego_on_intersection|intersection_has_cars|intersection_cars|has_cluster|maximum_distractor_speed,1,0,0,0,0,0,20.0,5.0,5.0,10.0,0,118,49.40602493286133,4.505229808263859,,out_of_road
3053,fresh,0,fresh,,,0,0,0,2,1,1,5.0,20.0,15.0,35.0,0,66,18.473514556884766,0.0,,crash_vehicle
3054,crossover,0,crossover,,distractor_cars|intersection_cars|has_cluster|maximum_distractor_speed,1,1,0,0,0,0,20.0,5.0,5.0,20.0,0,190,165.17303466796875,5.588398599938342,,out_of_road
3055,fresh,0,fresh,,,0,1,0,4,1,0,20.0,10.0,15.0,20.0,3,32,4.651980400085449,0.15389317274093628,,crash_vehicle
3056,crossover,0,crossover,,select_lane|ego_on_intersection|intersection_has_cars|has_brake_checker|distance_to_nearest,2,0,0,0,0,0,15.0,5.0,10.0,35.0,0,267,267.44464111328125,7.427123105481323,,out_of_road
3057,fresh,0,fresh,,,0,0,0,12,1,1,10.0,40.0,5.0,55.0,3,68,14.256000518798828,0.5706963469000423,,out_of_road
3058,crossover,0,crossover,,select_lane|ego_on_intersection|intersection_has_cars|maximum_distractor_speed|cluster_dist,4,0,0,4,1,0,10.0,10.0,5.0,35.0,3,57,19.64380645751953,0.794514655021199,,crash_vehicle
3059,fresh,0,fresh,,,0,0,0,12,1,1,10.0,5.0,5.0,35.0,2,27,-0.7232012748718262,0.0,,crash_vehicle
3060,mutation,0,mutation,select_road|select_lane|ego_on_intersection|intersection_has_cars,,2,1,0,5,0,0,20.0,20.0,10.0,20.0,2,54,13.25547981262207,0.9452815629817821,,out_of_road
3061,fresh,0,fresh,,,0,0,0,5,0,0,20.0,20.0,5.0,55.0,2,110,65.85089874267578,2.938903431729837,,out_of_road
3062,mutation,0,mutation,maximum_distractor_speed,,0,0,0,0,0,0,20.0,40.0,5.0,35.0,0,57,9.69774055480957,0.3665141641047963,,out_of_road
3063,fresh,0,fresh,,,0,1,0,12,0,1,15.0,5.0,5.0,35.0,1,24,0.7882914543151855,0.0,,crash_vehicle
3064,replay,0,replay,,,0,1,0,12,0,1,15.0,5.0,5.0,35.0,1,96,48.32497024536133,7.432416940728824,,out_of_road
3065,fresh,0,fresh,,,0,0,0,3,0,1,20.0,40.0,10.0,55.0,1,223,189.71319580078125,5.880605697030444,,out_of_road
3066,crossover,0,crossover,,select_lane|ego_on_intersection|intersection_has_cars|distractor_cars|intersection_cars|maximum_distractor_speed|distance_to_nearest,5,0,0,0,1,0,5.0,20.0,10.0,55.0,0,122,89.31993865966797,0.7527356821371883,,crash_vehicle
3067,fresh,0,fresh,,,0,1,1,2,0,1,20.0,40.0,15.0,20.0,1,71,24.802183151245117,0.4230581563963017,,out_of_road
3068,crossover,0,crossover,,select_lane|ego_on_intersection|intersection_has_cars|distractor_cars|has_brake_checker|intersection_cars|has_cluster|maximum_distractor_speed|distance_to_nearest|cluster_dist|brake_dist,6,0,0,0,0,0,20.0,20.0,15.0,20.0,0,37,1.237159252166748,0.7745885075749578,,out_of_road
3069,fresh,0,fresh,,,0,0,0,4,0,0,5.0,5.0,5.0,20.0,2,24,-0.038539886474609375,0.0,,crash_vehicle
3070,crossover,0,crossover,,select_lane|ego_on_intersection|intersection_has_cars|maximum_distractor_speed|distance_to_nearest|cluster_dist|brake_dist,1,0,0,0,0,0,10.0,5.0,5.0,20.0,0,198,214.2098846435547,6.6037705661070465,,out_of_road
3071,fresh,0,fresh,,,0,1,0,12,0,0,15.0,20.0,5.0,20.0,3,122,49.27550506591797,0.8229787178703996,,crash_vehicle
3072,replay,0,replay,,,0,1,0,12,0,0,15.0,20.0,5.0,20.0,3,254,279.2608947753906,8.816059229176814,,out_of_road
3073,fresh,0,fresh,,,0,0,0,3,1,1,5.0,40.0,10.0,55.0,0,79,31.05303192138672,0.776561746114417,,crash_vehicle
3074,mutation,0,mutation,has_brake_checker,,1,0,0,0,1,0,5.0,5.0,5.0,10.0,0,47,9.205177307128906,0.15451078212007563,,crash_vehicle
3075,fresh,0,fresh,,,0,0,0,12,0,1,10.0,5.0,15.0,55.0,0,23,-0.11804437637329102,0.06670681030853935,,crash_vehicle
3076,replay,0,replay,,,0,0,0,12,0,1,10.0,5.0,15.0,55.0,0,53,9.32097339630127,0.2730589452779518,,out_of_road
3077,fresh,0,fresh,,,0,1,1,4,0,0,20.0,10.0,15.0,10.0,2,82,29.835037231445312,3.348274182982561,,crash_vehicle
3078,replay,0,replay,,,0,1,1,4,0,0,20.0,10.0,15.0,10.0,2,198,191.84425354003906,4.3718977594616435,,out_of_road
3079,fresh,0,fresh,,,0,0,0,2,1,1,10.0,10.0,15.0,35.0,2,57,14.398948669433594,0.5642961870160019,,out_of_road
3080,crossover,0,crossover,,select_lane|ego_on_intersection|intersection_has_cars|has_brake_checker|intersection_cars|cluster_dist|brake_dist,1,0,0,0,0,0,20.0,5.0,10.0,20.0,0,34,-7.238908767700195,0.0,,out_of_road
3081,fresh,0,fresh,,,0,1,1,2,0,1,5.0,40.0,10.0,20.0,2,43,4.179562568664551,0.7705573924752169,,out_of_road
3082,mutation,0,mutation,distractor_cars,,1,0,0,3,0,0,20.0,20.0,10.0,20.0,2,96,55.34770965576172,2.1372394977758327,,crash_vehicle
3083,fresh,0,fresh,,,0,1,1,0,0,0,5.0,40.0,5.0,55.0,0,41,1.004621982574463,0.6047662874547447,,out_of_road
3084,crossover,0,crossover,,select_lane|ego_on_intersection|intersection_has_cars|distractor_cars|intersection_cars|maximum_distractor_speed|cluster_dist|brake_dist,5,1,0,8,0,0,20.0,20.0,15.0,10.0,1,113,69.21910095214844,1.9545849253118566,,crash_vehicle
3085,fresh,0,fresh,,,0,1,1,8,1,1,5.0,40.0,10.0,55.0,1,2,10.0,1.5689048767089844,,arrive_dest
3086,crossover,0,crossover,,select_lane|ego_on_intersection|intersection_has_cars|has_brake_checker|intersection_cars|maximum_distractor_speed|distance_to_nearest|brake_dist,5,0,0,4,0,0,20.0,5.0,15.0,10.0,0,2,10.0,0.0,,arrive_dest
3087,fresh,0,fresh,,,0,1,1,8,1,1,5.0,40.0,5.0,55.0,0,53,17.177486419677734,0.525330309597951,,out_of_road
3088,crossover,0,crossover,,select_lane|ego_on_intersection|intersection_has_cars|has_brake_checker|intersection_cars|has_cluster|distance_to_nearest,2,0,0,12,0,0,15.0,20.0,5.0,35.0,0,41,2.7761926651000977,0.2683344988561258,,out_of_road
3089,fresh,0,fresh,,,0,1,1,0,0,0,20.0,20.0,15.0,10.0,0,49,7.893230438232422,0.0,,out_of_road
3090,replay,0,replay,,,0,1,1,0,0,0,20.0,20.0,15.0,10.0,0,158,95.21791076660156,4.399610001075117,,out_of_road
3091,fresh,0,fresh,,,0,0,0,4,0,1,5.0,10.0,10.0,20.0,0,36,-10.388471603393555,0.0,,out_of_road
3092,crossover,0,crossover,,intersection_cars|has_cluster|maximum_distractor_speed|brake_dist,4,1,1,3,0,1,10.0,5.0,15.0,55.0,2,84,7.092360496520996,4.099137971089,,out_of_road
3093,fresh,0,fresh,,,0,1,1,12,0,1,20.0,10.0,5.0,55.0,2,31,4.176662445068359,0.0,,crash_vehicle
3094,replay,0,replay,,,0,1,1,12,0,1,20.0,10.0,5.0,55.0,2,117,74.23282623291016,7.310198454775362,,out_of_road
3095,fresh,0,fresh,,,0,1,1,5,0,1,10.0,40.0,15.0,55.0,3,44,1.9311566352844238,0.8698159239508889,,out_of_road
3096,mutation,0,mutation,maximum_distractor_speed,,1,0,0,0,0,0,20.0,20.0,5.0,10.0,0,204,194.13467407226562,4.481424744222679,,out_of_road
3097,fresh,0,fresh,,,0,0,0,0,0,0,20.0,40.0,15.0,10.0,0,19,-4.924065113067627,0.015557916540848581,,out_of_road
3098,crossover,0,crossover,,has_brake_checker|intersection_cars|distance_to_nearest,1,0,0,0,1,0,20.0,10.0,15.0,55.0,0,116,86.99214935302734,2.4932246305819215,,crash_vehicle
3099,fresh,0,fresh,,,0,1,1,1,0,0,20.0,40.0,5.0,35.0,0,93,45.99923324584961,2.7784441203199406,,out_of_road
3100,replay,0,replay,,,0,1,1,1,0,0,20.0,40.0,5.0,35.0,0,228,194.2423858642578,7.576658480849705,,out_of_road
3101,fresh,0,fresh,,,0,0,0,5,0,1,5.0,10.0,10.0,55.0,3,42,8.254298210144043,0.3268378816899799,,crash_vehicle
3102,mutation,0,mutation,has_cluster,,1,1,0,12,1,1,15.0,20.0,5.0,35.0,1,50,13.278553009033203,0.35731255531311035,,crash_vehicle
3103,fresh,0,fresh,,,0,0,0,1,1,0,10.0,10.0,15.0,55.0,1,87,33.34171676635742,0.6542488377669762,,out_of_road
3104,replay,0,replay,,,0,0,0,1,1,0,10.0,10.0,15.0,55.0,1,127,77.86066436767578,5.703930156906758,,crash_vehicle
3105,fresh,0,fresh,,,0,0,0,5,1,1,15.0,40.0,15.0,55.0,3,56,8.21861743927002,0.188164944095271,,out_of_road
3106,replay,0,replay,,,0,0,0,5,1,1,15.0,40.0,15.0,55.0,3,76,36.67383575439453,0.3660319515160824,,out_of_road
3107,fresh,0,fresh,,,0,1,1,2,0,0,5.0,40.0,5.0,35.0,1,70,37.48466491699219,0.5679279327392578,,crash_vehicle
3108,mutation,0,mutation,maximum_distractor_speed,,1,0,0,0,0,0,5.0,20.0,15.0,35.0,0,170,183.42648315429688,4.3404954307219565,,out_of_road
3109,fresh,0,fresh,,,0,1,0,18,1,1,5.0,5.0,5.0,20.0,2,104,-0.49829864501953125,1.0114633038353462,,crash_vehicle
3110,mutation,0,mutation,cluster_dist,,1,0,0,2,0,0,20.0,40.0,15.0,20.0,0,109,74.58010864257812,0.6534887084720331,,crash_vehicle
3111,fresh,0,fresh,,,0,0,0,18,1,1,20.0,40.0,15.0,55.0,0,143,100.31107330322266,3.819160258853352,,out_of_road
3112,replay,0,replay,,,0,0,0,18,1,1,20.0,40.0,15.0,55.0,0,206,184.7327423095703,7.908380059651958,,out_of_road
3113,fresh,0,fresh,,,0,0,0,8,0,0,20.0,40.0,15.0,10.0,3,207,187.66778564453125,4.488025441837771,,out_of_road
3114,crossover,0,crossover,,distractor_cars|has_brake_checker|has_cluster|maximum_distractor_speed|distance_to_nearest|cluster_dist,2,0,0,0,0,0,5.0,10.0,5.0,20.0,0,194,195.92100524902344,5.012759727915538,,out_of_road
3115,fresh,0,fresh,,,0,1,1,5,0,0,20.0,10.0,15.0,10.0,2,46,12.51583480834961,0.29183123033979663,,crash_vehicle
3116,mutation,0,mutation,distance_to_nearest,,0,0,0,4,0,0,20.0,20.0,5.0,55.0,0,52,18.15983772277832,0.3728774877694937,,crash_vehicle
3117,fresh,0,fresh,,,0,1,0,18,0,1,15.0,5.0,15.0,10.0,2,22,-0.15096807479858398,0.0,,crash_vehicle
3118,crossover,0,crossover,,has_brake_checker|intersection_cars|cluster_dist,2,0,0,5,0,0,20.0,20.0,15.0,20.0,1,31,-1.2251980304718018,0.39259276851531,,out_of_road
3119,fresh,0,fresh,,,0,1,0,3,1,0,5.0,10.0,15.0,20.0,0,43,8.572649955749512,0.3279456052669259,,crash_vehicle
3120,crossover,0,crossover,,select_lane|ego_on_intersection|intersection_has_cars|has_brake_checker|intersection_cars|has_cluster|distance_to_nearest|brake_dist,2,0,0,0,0,0,20.0,20.0,5.0,10.0,0,37,0.4621000289916992,0.6030719860180004,,out_of_road
3121,fresh,0,fresh,,,0,1,0,1,1,1,10.0,5.0,5.0,35.0,1,96,56.72635269165039,0.1914572436362505,,crash_vehicle
3122,replay,0,replay,,,0,1,0,1,1,1,10.0,5.0,5.0,35.0,1,221,193.73866271972656,5.308749785115816,,out_of_road
3123,fresh,0,fresh,,,0,1,0,2,1,1,5.0,10.0,15.0,20.0,2,76,37.14396286010742,0.7533999708922285,,crash_vehicle
3124,crossover,0,crossover,,select_lane|ego_on_intersection|intersection_has_cars|distractor_cars|intersection_cars|has_cluster|maximum_distractor_speed|distance_to_nearest,1,0,0,0,0,0,15.0,20.0,15.0,20.0,0,47,4.3254852294921875,0.639750805306942,,out_of_road
3125,fresh,0,fresh,,,0,0,0,18,0,1,5.0,5.0,10.0,20.0,1,26,0.3818378448486328,0.0,,crash_vehicle
3126,crossover,0,crossover,,select_lane|ego_on_intersection|intersection_has_cars|distractor_cars|intersection_cars|cluster_dist,2,0,0,0,0,0,15.0,5.0,5.0,35.0,0,124,50.36018371582031,1.038977819945543,,out_of_road
3127,fresh,0,fresh,,,0,1,0,1,1,0,5.0,40.0,10.0,55.0,1,81,36.66875457763672,0.3847908443874783,,out_of_road
3128,crossover,0,crossover,,has_brake_checker|intersection_cars|has_cluster|maximum_distractor_speed|distance_to_nearest,2,0,0,0,1,0,10.0,20.0,15.0,10.0,0,52,16.644941329956055,0.736329571558879,,crash_vehicle
3129,fresh,0,fresh,,,0,1,0,18,1,0,10.0,5.0,15.0,20.0,3,22,-0.1892557144165039,0.0,,crash_vehicle
3130,replay,0,replay,,,0,1,0,18,1,0,10.0,5.0,15.0,20.0,3,155,142.88348388671875,4.036991545461839,,out_of_road
3131,fresh,0,fresh,,,0,0,0,2,1,1,20.0,10.0,10.0,20.0,1,35,4.611149787902832,0.0,,crash_vehicle
3132,replay,0,replay,,,0,0,0,2,1,1,20.0,10.0,10.0,20.0,1,124,44.17266845703125,3.475988477949173,,out_of_road
3133,fresh,0,fresh,,,0,0,0,12,1,1,10.0,20.0,15.0,55.0,3,77,37.58071517944336,0.3365579170066041,,crash_vehicle
3134,mutation,0,mutation,distractor_cars,,1,0,0,2,0,0,5.0,20.0,10.0,10.0,0,87,37.08027267456055,0.7512143432408914,,crash_vehicle
3135,fresh,0,fresh,,,0,1,1,1,1,0,15.0,20.0,15.0,35.0,1,77,33.29145812988281,0.3241449826723569,,out_of_road
3136,mutation,0,mutation,brake_dist,,1,0,0,8,0,0,15.0,20.0,15.0,10.0,3,65,28.92798614501953,0.5004058929590078,,crash_vehicle
3137,fresh,0,fresh,,,0,1,0,1,0,0,20.0,10.0,5.0,35.0,1,83,33.51963806152344,0.3711028271410839,,out_of_road
3138,crossover,0,crossover,,has_brake_checker|intersection_cars|cluster_dist|brake_dist,1,0,0,0,0,0,20.0,5.0,10.0,10.0,0,45,3.1177845001220703,0.47522176106770836,,out_of_road
3139,fresh,0,fresh,,,0,0,0,0,0,0,10.0,5.0,5.0,20.0,0,102,65.60384368896484,1.1378165384133656,rejection_fallback,out_of_road
3140,replay,0,replay,,,0,0,0,0,0,0,10.0,5.0,5.0,20.0,0,44,2.948791027069092,0.8495438207279552,,out_of_road
3141,fresh,0,fresh,,,0,1,0,1,0,1,10.0,10.0,5.0,55.0,1,169,165.96714782714844,4.289631598447201,,out_of_road
3142,mutation,0,mutation,brake_dist,,1,0,0,8,0,0,15.0,20.0,15.0,20.0,1,100,56.68287658691406,2.001483400464058,,crash_vehicle
3143,fresh,0,fresh,,,0,1,0,5,0,0,10.0,5.0,10.0,10.0,2,164,109.32182312011719,5.796902013715448,,out_of_road
3144,replay,0,replay,,,0,1,0,5,0,0,10.0,5.0,10.0,10.0,2,2,10.0,6.533365249633789,,arrive_dest
3145,fresh,0,fresh,,,0,0,0,18,0,0,5.0,5.0,5.0,10.0,2,23,-0.10868120193481445,0.0,,crash_vehicle
3146,replay,0,replay,,,0,0,0,18,0,0,5.0,5.0,5.0,10.0,2,41,8.094100952148438,0.18598832226381068,,crash_vehicle
3147,fresh,0,fresh,,,0,1,0,3,1,1,15.0,5.0,10.0,55.0,0,24,-0.24242496490478516,0.0,,crash_vehicle
3148,crossover,0,crossover,,distractor_cars|has_cluster|maximum_distractor_speed|cluster_dist|brake_dist,4,0,0,0,0,0,20.0,10.0,5.0,10.0,0,52,3.648543357849121,0.5795607268810272,,out_of_road
3149,fresh,0,fresh,,,0,1,0,3,0,0,15.0,10.0,10.0,55.0,0,143,97.5782241821289,7.581567349133792,,out_of_road
3150,crossover,0,crossover,,has_brake_checker|has_cluster|distance_to_nearest|cluster_dist,2,0,0,0,0,0,5.0,5.0,5.0,10.0,0,197,203.6516876220703,5.151902049174769,,out_of_road
3151,fresh,0,fresh,,,0,0,0,4,1,0,20.0,40.0,10.0,55.0,0,97,63.81776428222656,0.8743689007980308,,crash_vehicle
3152,replay,0,replay,,,0,0,0,4,1,0,20.0,40.0,10.0,55.0,0,103,24.574527740478516,0.2804157817826688,,crash_vehicle
3153,fresh,0,fresh,,,0,1,1,8,1,1,15.0,20.0,5.0,35.0,1,50,14.585975646972656,0.24021923065185546,,crash_vehicle
3154,replay,0,replay,,,0,1,1,8,1,1,15.0,20.0,5.0,35.0,1,192,217.47349548339844,6.270645949058235,,out_of_road
3155,fresh,0,fresh,,,0,0,0,12,1,0,20.0,10.0,15.0,20.0,1,34,6.445040702819824,0.4858662100399242,,crash_vehicle
3156,crossover,0,crossover,,distractor_cars|has_brake_checker|intersection_cars|has_cluster|distance_to_nearest|cluster_dist|brake_dist,4,0,0,0,0,0,10.0,5.0,5.0,20.0,0,67,3.514171600341797,0.27531057329320197,rejection_fallback,out_of_road
3157,fresh,0,fresh,,,0,1,0,12,0,1,20.0,5.0,10.0,55.0,3,42,8.465935707092285,1.4182279251870655,,crash_vehicle
3158,mutation,0,mutation,select_road|select_lane|ego_on_intersection|intersection_has_cars,,3,1,1,0,0,0,15.0,20.0,15.0,20.0,0,61,13.192163467407227,0.3898083733730629,,out_of_road
3159,fresh,0,fresh,,,0,1,0,12,0,1,10.0,10.0,15.0,20.0,3,257,196.0708770751953,8.747013978109285,,crash_vehicle
3160,mutation,0,mutation,brake_dist,,1,0,0,0,0,0,10.0,5.0,5.0,10.0,0,250,281.5163269042969,8.083518532633782,,out_of_road
3161,fresh,0,fresh,,,0,0,0,5,0,0,5.0,20.0,5.0,35.0,3,74,32.38825988769531,4.885310053825378,,out_of_road
3162,mutation,0,mutation,has_cluster,,0,0,0,0,0,0,20.0,5.0,15.0,10.0,0,265,280.54400634765625,7.825956906575077,,out_of_road
3163,fresh,0,fresh,,,0,1,0,3,0,1,5.0,20.0,15.0,35.0,0,68,21.66866111755371,0.6591643796247595,,crash_vehicle
3164,replay,0,replay,,,0,1,0,3,0,1,5.0,20.0,15.0,35.0,0,2,10.0,1.3899474143981934,,arrive_dest
3165,fresh,0,fresh,,,0,1,0,12,0,1,10.0,5.0,10.0,20.0,3,28,1.0176987648010254,0.0,,crash_vehicle
3166,mutation,0,mutation,distance_to_nearest,,0,1,0,5,0,0,10.0,5.0,10.0,10.0,2,28,1.382866382598877,0.03603483736515045,,crash_vehicle
3167,fresh,0,fresh,,,0,1,1,0,1,0,5.0,40.0,15.0,20.0,0,75,29.05038833618164,0.5416586089134217,,out_of_road
3168,crossover,0,crossover,,distractor_cars|has_brake_checker|intersection_cars|has_cluster|maximum_distractor_speed|distance_to_nearest|cluster_dist|brake_dist,4,0,0,1,0,1,20.0,5.0,5.0,55.0,0,195,121.55569458007812,5.6972818443408375,,arrive_dest
3169,fresh,0,fresh,,,0,1,0,0,0,0,15.0,40.0,10.0,55.0,0,108,46.0124397277832,0.34706367938606825,,out_of_road
3170,replay,0,replay,,,0,1,0,0,0,0,15.0,40.0,10.0,55.0,0,211,202.38250732421875,4.4622172139832195,,out_of_road
3171,fresh,0,fresh,,,0,1,0,2,1,0,10.0,40.0,10.0,55.0,2,130,84.8284912109375,2.6942714892900907,,crash_vehicle
3172,crossover,0,crossover,,select_lane|ego_on_intersection|intersection_has_cars|distractor_cars|has_brake_checker|has_cluster|cluster_dist|brake_dist,6,1,1,12,0,0,15.0,5.0,10.0,10.0,2,307,0.7407608032226562,0.2713381167871313,,crash_vehicle
3173,fresh,0,fresh,,,0,1,1,3,1,1,5.0,5.0,15.0,20.0,1,25,-0.3544740676879883,0.3353144073486328,,crash_vehicle
3174,replay,0,replay,,,0,1,1,3,1,1,5.0,5.0,15.0,20.0,1,55,-1.256934642791748,0.310489931973544,,out_of_road
3175,fresh,0,fresh,,,0,1,0,1,1,1,20.0,5.0,15.0,20.0,1,99,10.20040225982666,0.9746875600381331,,crash_vehicle
3176,crossover,0,crossover,,has_brake_checker|intersection_cars|has_cluster|brake_dist,1,0,0,0,0,0,15.0,10.0,10.0,35.0,0,82,42.442359924316406,0.8600542995987869,,out_of_road
3177,fresh,0,fresh,,,0,0,0,18,0,1,5.0,20.0,10.0,20.0,3,52,14.161853790283203,0.274367997279534,,crash_vehicle
3178,mutation,0,mutation,select_road|select_lane|ego_on_intersection|intersection_has_cars,,1,0,0,1,0,0,10.0,20.0,5.0,10.0,1,105,74.25395965576172,5.471401613099235,,arrive_dest
3179,fresh,0,fresh,,,0,0,0,18,1,1,20.0,20.0,15.0,55.0,3,82,28.63684844970703,0.5282757468521595,,crash_vehicle
3180,mutation,0,mutation,intersection_cars,,0,0,0,3,1,0,15.0,10.0,10.0,55.0,2,60,23.692785263061523,1.5518691593160232,,crash_vehicle
3181,fresh,0,fresh,,,0,0,0,3,1,1,15.0,20.0,5.0,35.0,1,55,5.491556167602539,0.16552352038296786,,out_of_road
3182,crossover,0,crossover,,select_lane|ego_on_intersection|intersection_has_cars|distractor_cars|has_brake_checker|maximum_distractor_speed|cluster_dist,3,0,0,0,0,0,10.0,20.0,5.0,10.0,0,249,279.918212890625,8.94278731451456,,out_of_road
3183,fresh,0,fresh,,,0,1,1,18,1,0,15.0,10.0,5.0,35.0,0,44,12.125932693481445,0.6608159785920923,,crash_vehicle
3184,mutation,0,mutation,maximum_distractor_speed,,1,0,0,1,0,1,10.0,5.0,5.0,55.0,0,238,192.21531677246094,7.400227673602204,,out_of_road
3185,fresh,0,fresh,,,0,0,0,5,1,0,10.0,10.0,10.0,55.0,2,98,52.3014030456543,5.147047756277785,,out_of_road
3186,crossover,0,crossover,,distractor_cars|has_brake_checker|has_cluster|maximum_distractor_speed|distance_to_nearest|brake_dist,5,0,0,0,0,0,20.0,20.0,5.0,35.0,0,223,182.0093231201172,4.486863425627952,,out_of_road
3187,fresh,0,fresh,,,0,1,1,5,1,0,5.0,40.0,5.0,55.0,1,128,88.82008361816406,5.720408504828811,,crash_vehicle
3188,mutation,0,mutation,intersection_cars,,0,0,0,0,0,0,20.0,5.0,5.0,10.0,0,210,198.20382690429688,4.272210717059317,,out_of_road
3189,fresh,0,fresh,,,0,1,0,2,1,1,15.0,5.0,5.0,20.0,1,32,1.4657173156738281,0.05406200885772705,,crash_vehicle
3190,replay,0,replay,,,0,1,0,2,1,1,15.0,5.0,5.0,20.0,1,108,60.43867492675781,8.336104066283614,,crash_vehicle
3191,fresh,0,fresh,,,0,1,0,4,0,1,10.0,5.0,15.0,35.0,2,32,3.2432727813720703,0.09953877329826355,,crash_vehicle
3192,crossover,0,crossover,,select_lane|ego_on_intersection|intersection_has_cars|distractor_cars|has_brake_checker|has_cluster|maximum_distractor_speed|cluster_dist|brake_dist,6,0,0,0,0,0,20.0,20.0,15.0,35.0,0,190,192.96888732910156,3.6615929042822435,,out_of_road
3193,fresh,0,fresh,,,0,0,0,4,0,1,10.0,10.0,5.0,35.0,2,49,1.4162406921386719,0.3751320352359694,,crash_vehicle
3194,replay,0,replay,,,0,0,0,4,0,1,10.0,10.0,5.0,35.0,2,141,61.63887023925781,3.385980648563263,,out_of_road
3195,fresh,0,fresh,,,0,0,0,4,1,1,10.0,5.0,5.0,55.0,1,65,4.977148056030273,4.928437181619498,,out_of_road
3196,replay,0,replay,,,0,0,0,4,1,1,10.0,5.0,5.0,55.0,1,2,10.0,1.196122169494629,,arrive_dest
3197,fresh,0,fresh,,,0,0,0,18,0,1,5.0,10.0,10.0,20.0,2,43,4.108739852905273,0.007589013077491938,,crash_vehicle
3198,crossover,0,crossover,,select_lane|ego_on_intersection|intersection_has_cars|distractor_cars|has_brake_checker|intersection_cars|cluster_dist,2,0,0,0,0,0,20.0,40.0,5.0,20.0,0,268,298.7612609863281,9.417948795677122,,out_of_road
3199,fresh,0,fresh,,,0,1,0,2,0,1,20.0,10.0,5.0,55.0,1,208,219.12020874023438,12.681620872937716,,out_of_road
3200,replay,0,replay,,,0,1,0,2,0,1,20.0,10.0,5.0,55.0,1,53,9.79647445678711,0.5446595965691332,,out_of_road
3201,fresh,0,fresh,,,0,1,1,2,0,1,5.0,10.0,10.0,10.0,0,55,10.515758514404297,0.8230602849613536,,crash_vehicle
3202,mutation,0,mutation,brake_dist,,1,0,0,1,0,0,10.0,20.0,5.0,35.0,1,77,37.26537322998047,0.7098054638156643,,out_of_road
3203,fresh,0,fresh,,,0,1,1,4,1,0,10.0,5.0,15.0,35.0,3,33,1.1149802207946777,0.0,,crash_vehicle
3204,mutation,0,mutation,distractor_cars,,0,1,0,8,1,1,15.0,5.0,15.0,55.0,3,23,-0.33112335205078125,0.07965237161387569,,crash_vehicle
3205,fresh,0,fresh,,,0,0,0,8,0,1,10.0,10.0,5.0,10.0,1,37,5.534845352172852,0.012017945985536318,,crash_vehicle
3206,replay,0,replay,,,0,0,0,8,0,1,10.0,10.0,5.0,10.0,1,184,206.86285400390625,6.00610695503976,,out_of_road
3207,fresh,0,fresh,,,0,0,0,12,0,1,15.0,10.0,15.0,10.0,3,170,143.884521484375,6.783312739519512,,out_of_road
3208,crossover,0,crossover,,distractor_cars|has_brake_checker|intersection_cars|has_cluster|maximum_distractor_speed|distance_to_nearest|cluster_dist|brake_dist,5,0,0,0,0,0,20.0,5.0,15.0,10.0,0,217,206.97023010253906,4.760868696676146,,out_of_road
3209,fresh,0,fresh,,,0,0,0,4,1,0,20.0,10.0,5.0,35.0,2,120,59.37825393676758,4.282446699341138,,arrive_dest
3210,replay,0,replay,,,0,0,0,4,1,0,20.0,10.0,5.0,35.0,2,251,271.3739013671875,8.395793560966553,,out_of_road
3211,fresh,0,fresh,,,0,0,0,12,0,1,15.0,20.0,10.0,35.0,2,83,12.91793441772461,0.30169948899602317,,crash_vehicle
3212,mutation,0,mutation,select_road|select_lane|ego_on_intersection|intersection_has_cars,,1,0,0,0,0,0,5.0,20.0,5.0,10.0,0,174,119.22319793701172,4.240515421604973,,out_of_road
3213,fresh,0,fresh,,,0,0,0,1,1,0,20.0,10.0,10.0,20.0,0,40,-2.8227930068969727,0.0040626160800457,,out_of_road
3214,mutation,0,mutation,distance_to_nearest,,1,1,0,12,0,1,10.0,40.0,15.0,20.0,3,83,43.30678939819336,0.5668501336890531,,crash_vehicle
3215,fresh,0,fresh,,,0,1,0,12,0,1,10.0,5.0,5.0,20.0,0,29,0.3496851921081543,0.0,,crash_vehicle
3216,replay,0,replay,,,0,1,0,12,0,1,10.0,5.0,5.0,20.0,0,213,187.59979248046875,3.6795469057951733,,out_of_road
3217,fresh,0,fresh,,,0,1,0,4,0,1,10.0,5.0,5.0,10.0,0,37,2.196587562561035,0.37155945236618454,,crash_vehicle
3218,crossover,0,crossover,,select_lane|ego_on_intersection|intersection_has_cars|intersection_cars|distance_to_nearest,2,0,0,2,0,0,20.0,10.0,5.0,20.0,0,51,18.624713897705078,1.243418897629953,,crash_vehicle
3219,fresh,0,fresh,,,0,1,0,5,0,0,20.0,10.0,10.0,55.0,0,73,33.06967544555664,3.1372206554020923,,crash_vehicle
3220,mutation,0,mutation,select_road|select_lane|ego_on_intersection|intersection_has_cars,,3,1,1,0,0,0,10.0,5.0,5.0,20.0,0,105,53.69112014770508,0.8535396908010755,,out_of_road
3221,fresh,0,fresh,,,0,0,0,0,1,0,15.0,40.0,5.0,55.0,0,272,229.6026611328125,4.934308468747665,,out_of_road
3222,crossover,0,crossover,,select_lane|ego_on_intersection|intersection_has_cars|distractor_cars|has_cluster|maximum_distractor_speed|distance_to_nearest|brake_dist,5,0,0,0,0,0,10.0,5.0,10.0,20.0,0,246,275.25042724609375,8.726588546745177,,out_of_road
3223,fresh,0,fresh,,,0,1,0,5,0,1,15.0,20.0,15.0,10.0,0,76,35.07479476928711,0.8847500666191703,,crash_vehicle
3224,mutation,0,mutation,has_brake_checker,,0,0,0,12,0,1,15.0,10.0,15.0,10.0,3,2,10.0,0.0,,arrive_dest
3225,fresh,0,fresh,,,0,0,0,3,1,0,15.0,40.0,15.0,55.0,0,65,44.95037841796875,0.33979439368614783,,arrive_dest
3226,crossover,0,crossover,,distractor_cars|has_cluster|cluster_dist,1,0,0,5,0,0,5.0,10.0,15.0,10.0,0,65,22.029598236083984,0.8942195589725788,,crash_vehicle
3227,fresh,0,fresh,,,0,0,0,8,0,0,20.0,10.0,15.0,55.0,0,113,52.37963104248047,6.210264541406547,,crash_vehicle
3228,mutation,0,mutation,cluster_dist,,0,1,0,0,0,0,10.0,5.0,5.0,20.0,0,269,312.07867431640625,9.213358643662087,,out_of_road
3229,fresh,0,fresh,,,0,0,0,2,1,0,15.0,20.0,15.0,35.0,2,86,44.764774322509766,0.8829705604287081,,out_of_road
3230,crossover,0,crossover,,select_lane|ego_on_intersection|intersection_has_cars|distractor_cars|has_cluster|maximum_distractor_speed|distance_to_nearest|cluster_dist,8,0,0,0,1,0,5.0,10.0,5.0,35.0,0,113,70.80583953857422,2.46981391693111,,crash_vehicle
3231,fresh,0,fresh,,,0,0,0,18,0,0,20.0,40.0,15.0,35.0,1,196,174.79425048828125,4.668689000059147,,crash_vehicle
3232,replay,0,replay,,,0,0,0,18,0,0,20.0,40.0,15.0,35.0,1,185,187.02598571777344,3.387354154200167,,out_of_road
3233,fresh,0,fresh,,,0,0,0,0,0,0,10.0,5.0,5.0,20.0,0,265,241.33897399902344,5.237321060783458,rejection_fallback,out_of_road
3234,mutation,0,mutation,cluster_dist,,1,0,0,3,0,0,20.0,20.0,10.0,10.0,0,53,12.480403900146484,0.46424894512824294,,crash_vehicle
3235,fresh,0,fresh,,,0,0,0,8,1,0,5.0,10.0,10.0,20.0,2,36,4.81357479095459,0.07257684071858723,,crash_vehicle
3236,replay,0,replay,,,0,0,0,8,1,0,5.0,10.0,10.0,20.0,2,212,190.03033447265625,3.685739460418809,,out_of_road
3237,fresh,0,fresh,,,0,1,1,8,0,1,5.0,10.0,5.0,35.0,3,44,3.1153573989868164,0.054851389744065025,,crash_vehicle
3238,mutation,0,mutation,distance_to_nearest,,1,0,0,0,0,0,5.0,20.0,5.0,20.0,0,74,35.330055236816406,0.6337545143591391,,out_of_road
3239,fresh,0,fresh,,,0,1,0,4,1,1,5.0,20.0,10.0,35.0,1,54,19.678152084350586,0.3289431465996636,,crash_vehicle
3240,replay,0,replay,,,0,1,0,4,1,1,5.0,20.0,10.0,35.0,1,195,196.601806640625,2.647038055345034,,out_of_road
3241,fresh,0,fresh,,,0,0,0,1,0,1,5.0,10.0,5.0,20.0,1,163,139.29872131347656,6.4389080354498205,,out_of_road
3242,replay,0,replay,,,0,0,0,1,0,1,5.0,10.0,5.0,20.0,1,21,-4.504064083099365,1.085519245692662,,out_of_road
3243,fresh,0,fresh,,,0,0,0,3,1,1,20.0,10.0,5.0,55.0,2,46,12.566781997680664,0.3544933251712633,,crash_vehicle
3244,replay,0,replay,,,0,0,0,3,1,1,20.0,10.0,5.0,55.0,2,41,10.338459968566895,0.4081869139903929,,crash_vehicle
3245,fresh,0,fresh,,,0,0,0,4,1,1,5.0,10.0,10.0,20.0,0,67,11.994144439697266,0.6414790455974749,,crash_vehicle
3246,mutation,0,mutation,has_cluster,,0,0,0,0,0,0,5.0,20.0,10.0,10.0,0,201,204.9689483642578,4.6894389814257025,,out_of_road
3247,fresh,0,fresh,,,0,0,0,18,1,0,10.0,10.0,10.0,55.0,1,41,10.316485404968262,0.30942098105826027,,crash_vehicle
3248,mutation,0,mutation,has_cluster,,0,0,0,0,0,0,15.0,20.0,10.0,35.0,0,144,98.83659362792969,4.375937644806173,,out_of_road
3249,fresh,0,fresh,,,0,0,0,2,0,1,10.0,40.0,15.0,35.0,0,148,105.8375244140625,3.248547062479161,,arrive_dest
3250,crossover,0,crossover,,distractor_cars|maximum_distractor_speed|distance_to_nearest,1,0,0,0,0,0,20.0,20.0,5.0,35.0,0,178,190.55593872070312,3.7097163270698505,,out_of_road
3251,fresh,0,fresh,,,0,0,0,12,1,0,10.0,10.0,15.0,20.0,0,31,4.561651229858398,0.38266717233965475,,crash_vehicle
3252,replay,0,replay,,,0,0,0,12,1,0,10.0,10.0,15.0,20.0,0,154,103.21280670166016,3.123639793655315,,out_of_road
3253,fresh,0,fresh,,,0,0,0,2,0,0,20.0,5.0,5.0,20.0,2,29,-3.850283145904541,0.0,,out_of_road
3254,mutation,0,mutation,has_brake_checker,,1,1,0,4,0,1,10.0,20.0,15.0,35.0,3,79,44.57290267944336,1.3909097759029534,,crash_vehicle
3255,fresh,0,fresh,,,0,0,0,12,1,1,10.0,40.0,5.0,55.0,2,208,202.797119140625,4.645311690866947,,out_of_road
3256,crossover,0,crossover,,distractor_cars|has_cluster|maximum_distractor_speed|distance_to_nearest,2,0,0,5,1,0,20.0,20.0,5.0,35.0,3,242,198.0253143310547,3.9529704291157977,,out_of_road
3257,fresh,0,fresh,,,0,0,0,0,1,0,10.0,20.0,15.0,55.0,0,66,5.502206802368164,0.39412520735552814,,out_of_road
3258,mutation,0,mutation,has_cluster,,1,0,0,5,0,1,15.0,40.0,10.0,20.0,2,76,40.325225830078125,0.3965992394246553,,crash_vehicle
3259,fresh,0,fresh,,,0,1,1,12,0,1,5.0,20.0,15.0,20.0,1,92,29.729999542236328,0.5226160462783731,,crash_vehicle
3260,crossover,0,crossover,,select_lane|ego_on_intersection|intersection_has_cars|distractor_cars|has_brake_checker|has_cluster|maximum_distractor_speed|distance_to_nearest,0,0,0,0,0,0,10.0,5.0,5.0,20.0,0,235,249.35433959960938,6.104853433751045,,out_of_road
3261,fresh,0,fresh,,,0,1,1,5,0,0,5.0,5.0,10.0,10.0,1,23,-0.43451690673828125,0.0,,crash_vehicle
3262,mutation,0,mutation,has_brake_checker,,1,0,0,0,1,0,5.0,20.0,5.0,10.0,0,89,32.636470794677734,2.4730635503034915,,crash_vehicle
3263,fresh,0,fresh,,,0,0,0,1,0,1,5.0,5.0,10.0,20.0,0,27,1.3714027404785156,0.14445179424904012,,crash_vehicle
3264,mutation,0,mutation,select_road|select_lane|ego_on_intersection|intersection_has_cars,,3,1,1,0,0,0,20.0,40.0,5.0,35.0,0,68,29.86376190185547,0.539278458146488,,out_of_road
3265,fresh,0,fresh,,,0,0,0,8,0,0,15.0,20.0,15.0,55.0,2,50,14.947866439819336,0.23516149520874025,,crash_vehicle
3266,replay,0,replay,,,0,0,0,8,0,0,15.0,20.0,15.0,55.0,2,202,193.72512817382812,4.009899105175887,,out_of_road
3267,fresh,0,fresh,,,0,1,0,8,0,0,5.0,40.0,15.0,55.0,1,202,211.53550720214844,5.820003290135081,,out_of_road
3268,mutation,0,mutation,has_cluster,,1,0,0,3,0,1,20.0,20.0,5.0,10.0,0,62,15.369852066040039,0.38479822153045284,,crash_vehicle
3269,fresh,0,fresh,,,0,1,1,2,0,1,15.0,20.0,15.0,35.0,1,107,58.52012634277344,2.8259577572902788,,out_of_road
3270,mutation,0,mutation,has_cluster,,0,0,0,0,0,0,20.0,20.0,15.0,35.0,0,250,254.94595336914062,5.220261575698853,,out_of_road
3271,fresh,0,fresh,,,0,0,0,2,0,1,10.0,10.0,15.0,55.0,2,108,70.69556427001953,3.0010526643859015,,out_of_road
3272,mutation,0,mutation,has_brake_checker,,0,0,0,12,0,1,15.0,10.0,15.0,10.0,3,215,186.74246215820312,5.322590448516746,,out_of_road
3273,fresh,0,fresh,,,0,0,0,2,0,0,20.0,10.0,10.0,10.0,2,64,9.094376564025879,0.7403826091904193,,out_of_road
3274,mutation,0,mutation,distractor_cars,,1,0,0,8,0,0,20.0,20.0,10.0,20.0,2,121,91.27657318115234,5.683881263964432,,crash_vehicle
3275,fresh,0,fresh,,,0,1,1,0,1,0,15.0,10.0,10.0,10.0,0,47,9.117613792419434,0.26639139176683224,,crash_vehicle
3276,mutation,0,mutation,intersection_cars,,0,0,0,0,0,0,10.0,10.0,10.0,10.0,0,254,273.85272216796875,7.877806255901892,,out_of_road
3277,fresh,0,fresh,,,0,1,0,3,1,0,20.0,20.0,5.0,35.0,1,149,109.69409942626953,5.581015901677561,,out_of_road
3278,replay,0,replay,,,0,1,0,3,1,0,20.0,20.0,5.0,35.0,1,97,44.67417907714844,6.814312858065379,,crash_vehicle
3279,fresh,0,fresh,,,0,1,0,3,0,0,10.0,10.0,5.0,35.0,1,136,64.35417938232422,4.254857094629722,,out_of_road
3280,mutation,0,mutation,has_cluster,,1,1,0,8,0,1,20.0,20.0,15.0,10.0,1,65,29.53903579711914,0.785469757593595,,crash_vehicle
3281,fresh,0,fresh,,,0,1,1,2,1,0,20.0,40.0,15.0,55.0,2,110,87.25509643554688,0.791834105686708,,crash_vehicle
3282,crossover,0,crossover,,select_lane|ego_on_intersection|intersection_has_cars|has_brake_checker|intersection_cars|has_cluster|maximum_distractor_speed|distance_to_nearest|cluster_dist|brake_dist,3,0,0,0,0,0,10.0,10.0,10.0,10.0,0,253,282.02349853515625,8.916861411964469,,out_of_road
3283,fresh,0,fresh,,,0,0,0,8,1,1,10.0,10.0,10.0,20.0,0,41,4.840102195739746,0.3313605610917254,,crash_vehicle
3284,mutation,0,mutation,brake_dist,,1,0,0,2,0,0,20.0,40.0,5.0,55.0,0,98,72.59015655517578,0.6430004330313935,,crash_vehicle
3285,fresh,0,fresh,,,0,1,0,12,1,1,10.0,40.0,5.0,55.0,1,74,33.42029571533203,0.5523384680619111,,crash_vehicle
3286,crossover,0,crossover,,select_lane|ego_on_intersection|intersection_has_cars|has_brake_checker|distance_to_nearest|brake_dist,1,0,0,0,0,0,10.0,5.0,15.0,10.0,0,194,212.2230987548828,5.178460410959327,,out_of_road
3287,fresh,0,fresh,,,0,0,0,3,1,1,15.0,10.0,5.0,20.0,2,100,9.892067909240723,2.505093827098608,,out_of_road
3288,crossover,0,crossover,,intersection_cars|maximum_distractor_speed|cluster_dist,1,0,0,1,0,1,20.0,5.0,10.0,55.0,0,31,3.1679515838623047,0.6122551473879045,,crash_vehicle
3289,fresh,0,fresh,,,0,1,1,2,0,0,15.0,5.0,15.0,20.0,2,123,92.43115234375,1.2789725558302267,,out_of_road
3290,crossover,0,crossover,,select_lane|ego_on_intersection|intersection_has_cars|distractor_cars|has_brake_checker|has_cluster|maximum_distractor_speed|distance_to_nearest|cluster_dist|brake_dist,5,0,0,0,0,0,5.0,10.0,15.0,10.0,0,203,212.42820739746094,5.437291940738415,,out_of_road
3291,fresh,0,fresh,,,0,1,0,1,0,1,5.0,20.0,5.0,35.0,1,178,200.07044982910156,4.57097264839692,,out_of_road
3292,replay,0,replay,,,0,1,0,1,0,1,5.0,20.0,5.0,35.0,1,126,99.93881225585938,9.494962661039262,,crash_vehicle
3293,fresh,0,fresh,,,0,1,1,18,1,0,10.0,40.0,5.0,55.0,3,71,50.57340621948242,2.1712097676706987,,arrive_dest
3294,crossover,0,crossover,,select_lane|ego_on_intersection|intersection_has_cars|distractor_cars|intersection_cars|distance_to_nearest|cluster_dist|brake_dist,5,0,0,4,0,0,5.0,20.0,5.0,55.0,0,49,15.457660675048828,0.45930928600077725,,crash_vehicle
3295,fresh,0,fresh,,,0,0,0,3,0,1,10.0,20.0,5.0,55.0,3,20,-5.141540050506592,0.0,,out_of_road
3296,mutation,0,mutation,cluster_dist,,1,1,1,12,0,0,20.0,5.0,15.0,10.0,2,48,-2.5402920246124268,0.8995830118656158,,out_of_road
3297,fresh,0,fresh,,,0,1,0,18,1,1,5.0,10.0,5.0,55.0,1,33,4.458376884460449,0.13573542508212003,,crash_vehicle
3298,replay,0,replay,,,0,1,0,18,1,1,5.0,10.0,5.0,55.0,1,99,49.19350814819336,8.34744606355224,,out_of_road
3299,fresh,0,fresh,,,0,0,0,5,0,0,10.0,40.0,15.0,20.0,2,88,32.434844970703125,0.24848180975426326,,crash_vehicle
3300,crossover,0,crossover,,has_brake_checker|intersection_cars|maximum_distractor_speed,2,1,0,8,0,1,15.0,5.0,15.0,55.0,0,21,-0.40451526641845703,0.0,,crash_vehicle
3301,fresh,0,fresh,,,0,0,0,1,0,0,5.0,10.0,15.0,35.0,1,102,59.451637268066406,1.2021158729113786,,out_of_road
3302,crossover,0,crossover,,select_lane|ego_on_intersection|intersection_has_cars|distractor_cars|has_brake_checker|has_cluster|maximum_distractor_speed|distance_to_nearest|cluster_dist|brake_dist,7,1,0,0,0,0,10.0,5.0,5.0,20.0,0,90,45.40260314941406,0.49347987837261625,,arrive_dest
3303,fresh,0,fresh,,,0,1,1,3,0,0,15.0,40.0,15.0,35.0,2,87,53.61812973022461,1.2111193448647686,,crash_vehicle
3304,mutation,0,mutation,has_brake_checker,,0,0,0,0,0,0,20.0,40.0,5.0,35.0,0,196,139.65673828125,5.456950617383938,,out_of_road
3305,fresh,0,fresh,,,0,1,0,3,0,1,10.0,10.0,10.0,20.0,3,106,40.797279357910156,0.36680674749725267,,out_of_road
3306,mutation,0,mutation,cluster_dist,,1,0,0,2,0,0,20.0,5.0,5.0,20.0,0,23,0.11770486831665039,0.0023447145586428437,,crash_vehicle
3307,fresh,0,fresh,,,0,0,0,1,1,0,10.0,10.0,15.0,55.0,1,161,99.00167846679688,3.208651469731183,,crash_vehicle
3308,replay,0,replay,,,0,0,0,1,1,0,10.0,10.0,15.0,55.0,1,209,184.2317352294922,3.7823434630364323,,out_of_road
3309,fresh,0,fresh,,,0,0,0,1,0,1,15.0,40.0,5.0,35.0,0,88,36.66417694091797,0.46437937088988046,,crash_vehicle
3310,replay,0,replay,,,0,0,0,1,0,1,15.0,40.0,5.0,35.0,0,159,135.29209899902344,6.566987297070101,,crash_vehicle
3311,fresh,0,fresh,,,0,1,0,12,0,1,15.0,40.0,15.0,35.0,1,87,53.04994201660156,0.6234342873781576,,crash_vehicle
3312,mutation,0,mutation,maximum_distractor_speed,,1,1,0,8,0,0,5.0,5.0,5.0,20.0,0,22,-0.027109146118164062,0.02813625471158461,,crash_vehicle
3313,fresh,0,fresh,,,0,1,1,3,0,0,20.0,5.0,5.0,55.0,2,225,150.95370483398438,7.685783778230349,,out_of_road
3314,crossover,0,crossover,,select_lane|ego_on_intersection|intersection_has_cars|distractor_cars|has_brake_checker|intersection_cars|has_cluster|distance_to_nearest|cluster_dist,3,0,0,0,0,0,20.0,40.0,5.0,20.0,0,81,38.91429901123047,0.6288632397298459,,out_of_road
3315,fresh,0,fresh,,,0,1,1,0,1,0,20.0,20.0,15.0,35.0,0,73,30.21942138671875,0.3524556519234017,,out_of_road
3316,crossover,0,crossover,,select_lane|ego_on_intersection|intersection_has_cars|distractor_cars|has_brake_checker|intersection_cars|has_cluster|cluster_dist,1,0,0,0,0,0,20.0,5.0,10.0,10.0,0,257,263.6629333496094,7.448733964782744,,out_of_road
3317,fresh,0,fresh,,,0,0,0,0,1,0,5.0,20.0,5.0,35.0,0,94,61.276702880859375,1.235452744872012,,crash_vehicle
3318,mutation,0,mutation,maximum_distractor_speed,,1,0,0,0,0,0,5.0,5.0,5.0,20.0,0,183,207.1242218017578,4.280726329550717,,out_of_road
3319,fresh,0,fresh,,,0,1,1,0,1,0,5.0,10.0,5.0,35.0,0,78,27.643428802490234,0.3647390252504593,,out_of_road
3320,replay,0,replay,,,0,1,1,0,1,0,5.0,10.0,5.0,35.0,0,224,193.44308471679688,8.333413467343364,,out_of_road
3321,fresh,0,fresh,,,0,1,1,18,0,1,10.0,10.0,10.0,55.0,2,45,11.475101470947266,1.3137966384490332,,arrive_dest
3322,mutation,0,mutation,select_road|select_lane|ego_on_intersection|intersection_has_cars,,3,1,1,0,0,0,15.0,20.0,15.0,20.0,0,198,181.35330200195312,3.697247425263578,,arrive_dest
3323,fresh,0,fresh,,,0,1,1,0,0,0,10.0,20.0,15.0,20.0,0,154,146.2636260986328,3.2632605126732357,,out_of_road
3324,mutation,0,mutation,brake_dist,,1,0,0,0,0,0,10.0,10.0,10.0,35.0,0,82,41.30657958984375,0.6180995800873128,,out_of_road
3325,fresh,0,fresh,,,0,1,1,12,0,1,10.0,20.0,15.0,55.0,3,50,15.610130310058594,0.19073001861572267,,crash_vehicle
3326,replay,0,replay,,,0,1,1,12,0,1,10.0,20.0,15.0,55.0,3,129,99.40764617919922,6.349260714165,,crash_vehicle
3327,fresh,0,fresh,,,0,1,1,4,1,1,15.0,20.0,15.0,35.0,0,57,17.236366271972656,0.44450074957128155,,crash_vehicle
3328,replay,0,replay,,,0,1,1,4,1,1,15.0,20.0,15.0,35.0,0,50,18.335433959960938,3.8934566712379457,,arrive_dest
3329,fresh,0,fresh,,,0,1,1,0,0,0,5.0,10.0,15.0,35.0,0,189,192.0447540283203,3.26938008631348,,out_of_road
3330,mutation,0,mutation,distance_to_nearest,,1,0,0,0,0,0,20.0,20.0,5.0,20.0,0,264,277.0157470703125,7.130204848211371,,out_of_road
3331,fresh,0,fresh,,,0,0,0,1,1,1,5.0,10.0,15.0,55.0,1,125,91.70932006835938,4.342260400772095,,crash_vehicle
3332,mutation,0,mutation,maximum_distractor_speed,,0,1,0,5,1,1,20.0,10.0,5.0,35.0,1,52,9.758317947387695,0.5768114775419235,,crash_vehicle
3333,fresh,0,fresh,,,0,0,0,18,0,0,15.0,40.0,15.0,20.0,2,212,204.09005737304688,5.228971385449733,,out_of_road
3334,replay,0,replay,,,0,0,0,18,0,0,15.0,40.0,15.0,20.0,2,65,30.35394287109375,2.7977269080969003,,crash_vehicle
3335,fresh,0,fresh,,,0,1,1,0,0,0,10.0,10.0,10.0,35.0,0,97,61.65471649169922,1.186155951207446,,out_of_road
3336,crossover,0,crossover,,select_lane|ego_on_intersection|intersection_has_cars|intersection_cars|has_cluster|distance_to_nearest,1,0,0,0,0,0,20.0,5.0,5.0,20.0,0,222,207.28579711914062,7.732029835920076,,out_of_road
3337,fresh,0,fresh,,,0,1,1,1,1,0,5.0,10.0,15.0,20.0,0,103,38.21711349487305,3.8795600747599184,,out_of_road
3338,crossover,0,crossover,,distractor_cars|intersection_cars|has_cluster|distance_to_nearest|brake_dist,4,0,0,12,0,1,10.0,10.0,5.0,20.0,3,32,4.5475053787231445,0.0,,crash_vehicle
3339,fresh,0,fresh,,,0,0,0,8,0,1,20.0,5.0,10.0,20.0,0,24,-0.3671751022338867,0.0,,crash_vehicle
3340,crossover,0,crossover,,select_lane|ego_on_intersection|intersection_has_cars|distractor_cars|has_cluster|distance_to_nearest,3,0,0,0,0,0,15.0,10.0,10.0,20.0,0,233,271.0954895019531,9.266181923033342,,out_of_road
3341,fresh,0,fresh,,,0,0,0,4,1,1,5.0,5.0,5.0,20.0,1,22,-0.41548871994018555,0.2823971835049716,,crash_vehicle
3342,replay,0,replay,,,0,0,0,4,1,1,5.0,5.0,5.0,20.0,1,78,34.17518615722656,1.4139921275468974,,out_of_road
3343,fresh,0,fresh,,,0,1,1,1,1,1,10.0,10.0,15.0,35.0,1,68,29.974109649658203,0.4696807265281677,,out_of_road
3344,mutation,0,mutation,has_brake_checker,,1,0,0,0,1,0,20.0,5.0,5.0,10.0,0,50,16.56461524963379,0.7488741707801819,,crash_vehicle
3345,fresh,0,fresh,,,0,1,1,1,1,1,10.0,40.0,5.0,55.0,1,64,42.79644012451172,1.2230572830885649,,arrive_dest
3346,mutation,0,mutation,select_road|select_lane|ego_on_intersection|intersection_has_cars,,2,1,1,8,0,0,20.0,20.0,15.0,10.0,1,83,38.445831298828125,1.4053265560104187,,out_of_road
3347,fresh,0,fresh,,,0,0,0,4,1,0,5.0,20.0,5.0,35.0,3,54,19.311079025268555,0.30962855727584276,,crash_vehicle
3348,mutation,0,mutation,select_road|select_lane|ego_on_intersection|intersection_has_cars,,1,0,0,0,0,0,15.0,20.0,10.0,35.0,0,80,34.4981575012207,0.383124041557312,,out_of_road
3349,fresh,0,fresh,,,0,0,0,5,1,0,20.0,5.0,10.0,20.0,3,23,0.3505997657775879,0.07477868380753891,,crash_vehicle
3350,crossover,0,crossover,,distractor_cars|has_brake_checker|has_cluster|maximum_distractor_speed,4,0,0,0,0,0,10.0,40.0,10.0,55.0,0,193,199.05921936035156,4.477956458848992,,out_of_road
3351,fresh,0,fresh,,,0,1,0,3,1,1,10.0,5.0,10.0,35.0,1,24,0.7234439849853516,0.42566267649332684,,crash_vehicle
3352,replay,0,replay,,,0,1,0,3,1,1,10.0,5.0,10.0,35.0,1,49,14.91545295715332,0.7116181782009651,,crash_vehicle
3353,fresh,0,fresh,,,0,0,0,5,0,0,15.0,5.0,10.0,20.0,1,72,28.761276245117188,4.5943502179450455,,crash_vehicle
3354,crossover,0,crossover,,intersection_cars|has_cluster|distance_to_nearest|cluster_dist|brake_dist,3,0,0,0,0,0,20.0,20.0,10.0,20.0,0,194,183.32948303222656,3.897547743062383,,out_of_road
3355,fresh,0,fresh,,,0,0,0,3,1,0,5.0,20.0,5.0,55.0,2,49,15.231975555419922,0.47566316565688777,,crash_vehicle
3356,mutation,0,mutation,maximum_distractor_speed,,1,0,0,0,0,0,10.0,10.0,15.0,10.0,0,199,196.33810424804688,4.9684544228129655,,out_of_road
3357,fresh,0,fresh,,,0,0,0,1,0,0,10.0,20.0,15.0,55.0,1,154,140.44992065429688,4.1026942155190875,,out_of_road
3358,mutation,0,mutation,brake_dist,,1,0,0,0,0,0,10.0,10.0,10.0,55.0,0,74,38.072872161865234,0.6361280512568113,,out_of_road
3359,fresh,0,fresh,,,0,0,0,18,0,0,10.0,10.0,10.0,35.0,0,199,192.0531005859375,5.843713357520463,,out_of_road
3360,mutation,0,mutation,cluster_dist,,1,0,0,3,0,1,20.0,40.0,5.0,55.0,1,54,7.909966468811035,0.7252724258987991,,out_of_road
3361,fresh,0,fresh,,,0,0,0,5,1,1,15.0,10.0,5.0,55.0,2,36,6.566930770874023,0.012181795305675931,,crash_vehicle
3362,crossover,0,crossover,,has_brake_checker|cluster_dist|brake_dist,2,0,0,0,0,0,20.0,20.0,10.0,10.0,0,79,45.066463470458984,0.9354106542430346,,out_of_road
3363,fresh,0,fresh,,,0,1,0,3,0,0,20.0,20.0,15.0,35.0,3,45,6.313486099243164,2.4692334122127955,,out_of_road
3364,crossover,0,crossover,,select_lane|ego_on_intersection|intersection_has_cars|distractor_cars|intersection_cars|maximum_distractor_speed|cluster_dist,6,1,0,5,0,0,20.0,20.0,5.0,35.0,1,214,194.59487915039062,4.467385868045771,,out_of_road
3365,fresh,0,fresh,,,0,1,0,0,1,0,10.0,20.0,15.0,20.0,0,76,31.288410186767578,0.6692814819122616,,out_of_road
3366,crossover,0,crossover,,has_brake_checker|intersection_cars|maximum_distractor_speed|distance_to_nearest|cluster_dist,0,0,0,5,0,0,20.0,20.0,10.0,20.0,2,239,275.8228759765625,12.502974687759846,,out_of_road
3367,fresh,0,fresh,,,0,1,0,1,0,1,5.0,20.0,15.0,20.0,1,35,2.177107810974121,0.52220093863351,,crash_vehicle
3368,mutation,0,mutation,brake_dist,,1,0,0,0,0,0,15.0,10.0,10.0,20.0,0,246,274.9097900390625,8.976023292698995,,out_of_road
3369,fresh,0,fresh,,,0,0,0,2,1,0,5.0,10.0,10.0,55.0,2,101,46.93675994873047,0.5200938372918875,,out_of_road
3370,crossover,0,crossover,,select_lane|ego_on_intersection|intersection_has_cars|distractor_cars|intersection_cars|maximum_distractor_speed|distance_to_nearest|cluster_dist|brake_dist,5,0,0,0,0,0,5.0,5.0,5.0,20.0,0,240,292.9917907714844,10.326245902789136,,out_of_road
3371,fresh,0,fresh,,,0,0,0,0,1,0,20.0,20.0,15.0,20.0,0,63,29.239086151123047,0.7924738592571683,,crash_vehicle
3372,replay,0,replay,,,0,0,0,0,1,0,20.0,20.0,15.0,20.0,0,244,263.8010559082031,8.124495902022378,,out_of_road
3373,fresh,0,fresh,,,0,0,0,18,0,0,10.0,20.0,10.0,35.0,2,39,2.2922816276550293,0.6430255052370902,,out_of_road
3374,mutation,0,mutation,distance_to_nearest,,1,0,0,0,0,0,10.0,20.0,10.0,10.0,0,78,38.46965789794922,0.27394769627314347,,out_of_road
3375,fresh,0,fresh,,,0,1,1,0,0,0,5.0,20.0,15.0,55.0,0,123,96.52487182617188,1.5266692489385605,,out_of_road
3376,replay,0,replay,,,0,1,1,0,0,0,5.0,20.0,15.0,55.0,0,200,201.63796997070312,8.67374369621277,,out_of_road
3377,fresh,0,fresh,,,0,0,0,4,1,0,20.0,40.0,10.0,55.0,2,40,-0.863276481628418,0.7500216752290726,,out_of_road
3378,replay,0,replay,,,0,0,0,4,1,0,20.0,40.0,10.0,55.0,2,253,283.35577392578125,8.703903184106698,,out_of_road
3379,fresh,0,fresh,,,0,0,0,0,0,0,15.0,40.0,15.0,55.0,0,184,206.85934448242188,4.284903347330249,,out_of_road
3380,crossover,0,crossover,,select_lane|ego_on_intersection|intersection_has_cars|distractor_cars|has_brake_checker|intersection_cars|cluster_dist|brake_dist,6,1,1,3,0,0,5.0,20.0,5.0,55.0,2,65,27.307174682617188,0.7231426819012715,,crash_vehicle
3381,fresh,0,fresh,,,0,1,1,5,0,0,10.0,40.0,10.0,10.0,3,206,194.08126831054688,6.497969392289236,,out_of_road
3382,replay,0,replay,,,0,1,1,5,0,0,10.0,40.0,10.0,10.0,3,245,280.15631103515625,9.459097231772482,,out_of_road
3383,fresh,0,fresh,,,0,0,0,18,0,0,20.0,20.0,15.0,55.0,2,210,210.8118438720703,5.657839829297293,,out_of_road
3384,replay,0,replay,,,0,0,0,18,0,0,20.0,20.0,15.0,55.0,2,249,272.3713073730469,9.055560164901626,,out_of_road
3385,fresh,0,fresh,,,0,0,0,12,1,1,20.0,10.0,10.0,20.0,3,80,14.951740264892578,1.5974468261003494,,crash_vehicle
3386,mutation,0,mutation,has_cluster,,0,0,0,5,0,0,20.0,20.0,10.0,20.0,2,152,109.9041748046875,6.9520727921473355,,crash_vehicle
3387,fresh,0,fresh,,,0,1,1,3,1,0,5.0,10.0,10.0,20.0,2,38,7.1720170974731445,0.526998348926243,,crash_vehicle
3388,replay,0,replay,,,0,1,1,3,1,0,5.0,10.0,10.0,20.0,2,190,182.1499786376953,9.274802852421999,,crash_vehicle
3389,fresh,0,fresh,,,0,0,0,0,0,0,10.0,20.0,5.0,10.0,0,115,56.950870513916016,5.285307003104168,,out_of_road
3390,crossover,0,crossover,,select_lane|ego_on_intersection|intersection_has_cars|intersection_cars|has_cluster|distance_to_nearest|cluster_dist,6,1,0,4,0,1,20.0,10.0,15.0,55.0,3,44,9.863443374633789,0.28258385915647855,,crash_vehicle
3391,fresh,0,fresh,,,0,1,0,5,1,1,5.0,40.0,15.0,55.0,3,205,188.31329345703125,5.629686706822093,,out_of_road
3392,crossover,0,crossover,,select_lane|ego_on_intersection|intersection_has_cars|distractor_cars|has_brake_checker|distance_to_nearest,3,0,0,5,0,0,20.0,40.0,5.0,10.0,0,146,99.37544250488281,5.086949980830493,,out_of_road
3393,fresh,0,fresh,,,0,1,0,3,0,1,10.0,5.0,15.0,10.0,2,132,68.71048736572266,6.051773415370421,,out_of_road
3394,mutation,0,mutation,distance_to_nearest,,1,1,0,5,0,0,10.0,40.0,10.0,10.0,2,57,16.000036239624023,0.1427419896711383,,out_of_road
3395,fresh,0,fresh,,,0,0,0,0,1,0,15.0,10.0,5.0,10.0,0,62,18.599367141723633,1.1950885393927175,,crash_vehicle
3396,mutation,0,mutation,select_road|select_lane|ego_on_intersection|intersection_has_cars,,2,1,0,4,0,0,20.0,40.0,5.0,10.0,0,87,36.288944244384766,2.6702406985321265,,out_of_road
3397,fresh,0,fresh,,,0,1,1,5,1,0,10.0,10.0,10.0,20.0,0,40,2.859039783477783,0.10853615552186965,,crash_vehicle
3398,mutation,0,mutation,distance_to_nearest,,1,0,0,5,0,0,20.0,10.0,10.0,20.0,2,103,56.147151947021484,5.385442018508911,,crash_vehicle
3399,fresh,0,fresh,,,0,0,0,4,1,1,5.0,10.0,5.0,55.0,2,47,7.022388458251953,0.5559065478279236,,out_of_road
3400,crossover,0,crossover,,distractor_cars|has_brake_checker|intersection_cars|has_cluster|distance_to_nearest,3,0,0,0,0,0,15.0,10.0,10.0,55.0,0,110,68.7664794921875,0.4905891559340737,,out_of_road
3401,fresh,0,fresh,,,0,1,1,4,0,1,5.0,5.0,15.0,55.0,3,23,0.0663762092590332,0.3483722624571427,,crash_vehicle
3402,replay,0,replay,,,0,1,1,4,0,1,5.0,5.0,15.0,55.0,3,135,116.26502227783203,8.328163534182089,,crash_vehicle
3403,fresh,0,fresh,,,0,1,1,5,0,0,20.0,10.0,5.0,55.0,2,46,5.102434158325195,3.5190914195516836,,out_of_road
3404,replay,0,replay,,,0,1,1,5,0,0,20.0,10.0,5.0,55.0,2,176,169.1085662841797,4.626247735778716,,out_of_road
3405,fresh,0,fresh,,,0,1,0,1,1,1,5.0,40.0,10.0,55.0,1,56,14.38992691040039,0.12928201098527228,,out_of_road
3406,replay,0,replay,,,0,1,0,1,1,1,5.0,40.0,10.0,55.0,1,38,9.313769340515137,2.1763134755586324,,crash_vehicle
3407,fresh,0,fresh,,,0,0,0,1,1,0,5.0,40.0,15.0,55.0,1,85,47.836727142333984,0.7217743508956012,,out_of_road
3408,crossover,0,crossover,,has_brake_checker|cluster_dist|brake_dist,1,0,0,0,0,0,15.0,20.0,10.0,20.0,0,206,216.04644775390625,6.138949119928971,,out_of_road
3409,fresh,0,fresh,,,0,0,0,18,0,0,20.0,5.0,5.0,35.0,2,40,-4.023016452789307,1.6720069259405137,,crash_vehicle
3410,crossover,0,crossover,,distractor_cars|has_brake_checker|maximum_distractor_speed|cluster_dist,2,0,0,1,0,0,20.0,20.0,5.0,10.0,0,109,65.50823211669922,3.348147261580196,,crash_vehicle
3411,fresh,0,fresh,,,0,1,0,1,0,0,5.0,40.0,10.0,10.0,1,78,34.33203887939453,0.47466400342109877,,out_of_road
3412,replay,0,replay,,,0,1,0,1,0,0,5.0,40.0,10.0,10.0,1,137,111.2041015625,6.918095817531112,,crash_vehicle
3413,fresh,0,fresh,,,0,1,1,1,0,1,5.0,20.0,15.0,35.0,0,70,33.41078186035156,0.7549989065953664,,crash_vehicle
3414,replay,0,replay,,,0,1,1,1,0,1,5.0,20.0,15.0,35.0,0,85,44.42824172973633,2.315461308158496,,out_of_road
3415,fresh,0,fresh,,,0,1,1,18,1,0,10.0,5.0,10.0,20.0,1,27,1.438910961151123,0.21932594422940854,,crash_vehicle
3416,mutation,0,mutation,brake_dist,,0,0,0,8,0,0,15.0,20.0,15.0,35.0,1,139,109.72178649902344,6.503031057419537,,crash_vehicle
3417,fresh,0,fresh,,,0,0,0,3,1,1,10.0,10.0,5.0,35.0,0,35,6.865181922912598,0.21838929227420262,,crash_vehicle
3418,mutation,0,mutation,has_cluster,,0,0,0,0,0,0,10.0,5.0,5.0,20.0,0,245,282.8774719238281,8.634754338556407,,out_of_road
3419,fresh,0,fresh,,,0,0,0,18,0,0,10.0,40.0,5.0,20.0,2,75,41.134437561035156,0.7098246765136719,,crash_vehicle
3420,crossover,0,crossover,,distractor_cars|has_cluster|cluster_dist,1,0,0,0,0,0,15.0,10.0,15.0,20.0,0,198,198.30142211914062,4.673128905169891,,out_of_road
3421,fresh,0,fresh,,,0,1,1,3,1,1,15.0,5.0,15.0,20.0,2,89,-0.25643396377563477,1.1924797427118494,,crash_vehicle
3422,mutation,0,mutation,intersection_cars,,0,0,0,0,0,0,10.0,10.0,10.0,10.0,0,282,318.6103210449219,9.110649679780852,,out_of_road
3423,fresh,0,fresh,,,0,1,1,3,0,1,10.0,5.0,15.0,35.0,3,44,2.0315866470336914,0.8752855821089311,,out_of_road
3424,mutation,0,mutation,select_road|select_lane|ego_on_intersection|intersection_has_cars,,1,0,0,3,0,0,20.0,20.0,5.0,10.0,0,47,5.876458168029785,0.07988601605942909,,out_of_road
3425,fresh,0,fresh,,,0,0,0,12,1,1,20.0,5.0,15.0,20.0,1,29,-3.245701789855957,0.009254129282359419,,out_of_road
3426,crossover,0,crossover,,has_brake_checker|intersection_cars|has_cluster|distance_to_nearest,1,0,0,0,0,0,10.0,20.0,10.0,10.0,0,237,269.6628723144531,9.19109845620419,,out_of_road
3427,fresh,0,fresh,,,0,1,1,3,1,0,10.0,20.0,10.0,55.0,2,52,15.464447021484375,0.5284108015207144,,crash_vehicle
3428,mutation,0,mutation,has_cluster,,1,1,0,8,0,1,5.0,40.0,15.0,55.0,1,78,39.02123260498047,0.46294403076171875,,crash_vehicle
3429,fresh,0,fresh,,,0,0,0,2,1,0,20.0,5.0,10.0,20.0,1,73,0.4037952423095703,3.215908262827625,,out_of_road
3430,mutation,0,mutation,brake_dist,,1,0,0,8,0,0,15.0,20.0,15.0,55.0,3,124,94.17323303222656,5.539268530184223,,crash_vehicle
3431,fresh,0,fresh,,,0,0,0,1,1,0,20.0,10.0,10.0,20.0,1,65,32.54964828491211,0.7656958359938402,,crash_vehicle
3432,replay,0,replay,,,0,0,0,1,1,0,20.0,10.0,10.0,20.0,1,83,46.57753372192383,4.508992796920868,,crash_vehicle
3433,fresh,0,fresh,,,0,1,1,1,1,1,10.0,5.0,5.0,35.0,1,74,34.79454803466797,0.45761374404301514,,out_of_road
3434,mutation,0,mutation,brake_dist,,0,1,0,8,0,0,20.0,20.0,15.0,10.0,1,85,41.06696319580078,1.0740044092430787,,out_of_road
3435,fresh,0,fresh,,,0,1,1,0,1,0,5.0,10.0,5.0,35.0,0,95,62.86152648925781,1.068316736346797,,crash_vehicle
3436,mutation,0,mutation,has_brake_checker,,2,0,0,5,1,0,15.0,40.0,10.0,55.0,2,109,69.66352081298828,2.4125658173900133,,crash_vehicle
3437,fresh,0,fresh,,,0,0,0,0,0,0,10.0,5.0,5.0,20.0,0,56,11.352149963378906,0.5212209224700928,rejection_fallback,out_of_road
3438,mutation,0,mutation,distractor_cars,,0,0,0,0,0,0,15.0,10.0,10.0,20.0,0,187,195.14195251464844,4.374541269266669,,out_of_road
3439,fresh,0,fresh,,,0,1,0,0,1,0,20.0,5.0,5.0,20.0,0,74,37.12846374511719,1.1657645686252698,,crash_vehicle
3440,replay,0,replay,,,0,1,0,0,1,0,20.0,5.0,5.0,20.0,0,2,10.0,0.7561540603637695,,arrive_dest
3441,fresh,0,fresh,,,0,0,0,12,1,1,5.0,40.0,15.0,55.0,3,24,-6.750414848327637,0.0,,out_of_road
3442,crossover,0,crossover,,distractor_cars|has_brake_checker|intersection_cars|has_cluster|maximum_distractor_speed|cluster_dist|brake_dist,4,0,0,12,0,1,10.0,20.0,15.0,20.0,3,58,20.581844329833984,0.1712237390978583,,crash_vehicle
3443,fresh,0,fresh,,,0,1,1,12,0,0,10.0,40.0,15.0,20.0,0,78,28.93085479736328,0.38643971238380825,,crash_vehicle
3444,crossover,0,crossover,,distractor_cars|has_cluster,1,1,0,8,0,0,10.0,5.0,5.0,20.0,0,56,-3.630568265914917,0.22336699281420028,,crash_vehicle
3445,fresh,0,fresh,,,0,1,1,0,0,0,5.0,20.0,15.0,20.0,0,189,159.0973358154297,4.878359466160416,,out_of_road
3446,replay,0,replay,,,0,1,1,0,0,0,5.0,20.0,15.0,20.0,0,44,5.9580888748168945,0.25171253897927026,,crash_vehicle
3447,fresh,0,fresh,,,0,0,0,4,1,0,10.0,40.0,15.0,55.0,3,105,62.07649230957031,1.4211144413266863,,out_of_road
3448,crossover,0,crossover,,intersection_cars|has_cluster|maximum_distractor_speed|cluster_dist|brake_dist,2,1,0,0,0,0,20.0,5.0,10.0,20.0,0,190,200.95489501953125,6.323267221137097,,out_of_road
3449,fresh,0,fresh,,,0,1,0,12,0,1,20.0,20.0,10.0,35.0,2,151,122.30547332763672,6.512284804258915,,out_of_road
3450,mutation,0,mutation,maximum_distractor_speed,,0,0,0,0,0,0,10.0,5.0,10.0,20.0,0,168,132.6413116455078,6.4930844417374045,,out_of_road
3451,fresh,0,fresh,,,0,1,0,8,1,1,10.0,10.0,15.0,20.0,0,151,0.8787245750427246,0.07115942052263298,,out_of_road
3452,mutation,0,mutation,distance_to_nearest,,1,1,0,4,1,0,5.0,5.0,10.0,35.0,3,24,0.5505375862121582,0.33465925852457684,,crash_vehicle
3453,fresh,0,fresh,,,0,1,0,5,1,0,20.0,40.0,5.0,55.0,0,76,36.10795974731445,0.3502838235152395,,crash_vehicle
3454,replay,0,replay,,,0,1,0,5,1,0,20.0,40.0,5.0,55.0,0,215,199.66522216796875,8.705501919014509,,out_of_road
3455,fresh,0,fresh,,,0,0,0,1,0,1,15.0,40.0,5.0,35.0,0,54,13.897876739501953,0.32026916080051,,out_of_road
3456,mutation,0,mutation,maximum_distractor_speed,,1,0,0,5,0,0,5.0,40.0,15.0,20.0,0,171,122.75596618652344,5.235390766322264,,out_of_road
3457,fresh,0,fresh,,,0,0,0,5,1,1,15.0,5.0,5.0,35.0,1,200,171.8828582763672,7.529317944645881,,out_of_road
3458,mutation,0,mutation,has_brake_checker,,0,0,0,5,0,0,20.0,20.0,10.0,20.0,2,65,31.543174743652344,0.6862318699176495,,crash_vehicle
3459,fresh,0,fresh,,,0,1,0,0,1,0,5.0,5.0,10.0,20.0,0,58,12.271085739135742,1.490880232432793,,out_of_road
3460,crossover,0,crossover,,select_lane|ego_on_intersection|intersection_has_cars|distractor_cars|has_brake_checker|maximum_distractor_speed|cluster_dist|brake_dist,5,1,0,8,0,0,20.0,20.0,15.0,10.0,0,59,25.463214874267578,0.4810832799491236,,crash_vehicle
3461,fresh,0,fresh,,,0,0,0,8,0,0,15.0,20.0,15.0,20.0,3,124,102.46212005615234,6.54286356222245,,crash_vehicle
3462,mutation,0,mutation,distance_to_nearest,,0,1,0,0,0,0,20.0,5.0,10.0,20.0,0,48,8.304269790649414,0.19467536608378092,,out_of_road
3463,fresh,0,fresh,,,0,1,0,18,0,0,20.0,10.0,15.0,55.0,0,52,17.918731689453125,1.8399510819178362,,crash_vehicle
3464,mutation,0,mutation,has_brake_checker,,1,0,0,8,1,0,15.0,10.0,15.0,35.0,1,41,10.885489463806152,0.1512965952477804,,crash_vehicle
3465,fresh,0,fresh,,,0,0,0,5,1,0,20.0,40.0,15.0,55.0,2,113,73.47574615478516,0.9902731670742542,,crash_vehicle
3466,crossover,0,crossover,,has_brake_checker|has_cluster|maximum_distractor_speed|distance_to_nearest|brake_dist,3,0,0,5,0,0,10.0,10.0,10.0,10.0,2,35,8.206741333007812,0.2074474879673549,,crash_vehicle
3467,fresh,0,fresh,,,0,1,1,2,0,0,5.0,5.0,15.0,55.0,0,48,-0.640070915222168,0.1941089207927386,,crash_vehicle
3468,crossover,0,crossover,,distractor_cars|has_brake_checker|intersection_cars|has_cluster|maximum_distractor_speed|cluster_dist|brake_dist,2,0,0,0,0,0,10.0,10.0,10.0,10.0,0,252,257.1014709472656,8.511735741462973,,out_of_road
3469,fresh,0,fresh,,,0,1,1,8,1,1,15.0,20.0,10.0,55.0,0,51,20.208168029785156,0.608484193390491,,crash_vehicle
3470,crossover,0,crossover,,distractor_cars|has_brake_checker|intersection_cars|cluster_dist|brake_dist,4,0,0,3,0,0,5.0,5.0,15.0,35.0,1,34,0.3380012512207031,0.0,,crash_vehicle
3471,fresh,0,fresh,,,0,1,0,5,1,0,15.0,10.0,5.0,20.0,0,38,7.611250877380371,0.30636305244345413,,crash_vehicle
3472,replay,0,replay,,,0,1,0,5,1,0,15.0,10.0,5.0,20.0,0,253,271.5820617675781,7.6343352785223555,,out_of_road
3473,fresh,0,fresh,,,0,1,1,8,1,0,10.0,40.0,5.0,55.0,0,157,115.96797943115234,4.299913214080653,,out_of_road
3474,crossover,0,crossover,,intersection_cars|cluster_dist|brake_dist,2,0,0,4,0,0,20.0,40.0,15.0,20.0,0,76,39.953285217285156,0.6591481158607885,,crash_vehicle
3475,fresh,0,fresh,,,0,0,0,8,1,1,15.0,40.0,15.0,55.0,0,81,50.7931022644043,1.5848122849876498,,crash_vehicle
3476,crossover,0,crossover,,select_lane|ego_on_intersection|intersection_has_cars|has_brake_checker,2,1,0,0,0,0,5.0,20.0,5.0,10.0,0,209,205.62770080566406,4.911641327815763,,out_of_road
3477,fresh,0,fresh,,,0,1,0,12,1,0,20.0,10.0,5.0,55.0,2,47,12.583147048950195,0.5933206677436829,,crash_vehicle
3478,mutation,0,mutation,maximum_distractor_speed,,1,1,0,8,0,1,10.0,5.0,5.0,55.0,2,25,0.41312599182128906,0.015933723449707032,,crash_vehicle
3479,fresh,0,fresh,,,0,0,0,12,1,0,5.0,20.0,15.0,35.0,2,87,36.61806106567383,1.5103442411998222,,crash_vehicle
3480,mutation,0,mutation,maximum_distractor_speed,,1,0,0,5,0,0,5.0,20.0,10.0,10.0,0,151,109.93592071533203,4.080586064532892,,out_of_road
3481,fresh,0,fresh,,,0,0,0,3,0,1,20.0,40.0,5.0,10.0,0,51,7.76270866394043,0.4772339615167356,,out_of_road
3482,crossover,0,crossover,,select_lane|ego_on_intersection|intersection_has_cars|has_cluster|maximum_distractor_speed|distance_to_nearest|brake_dist,3,0,0,0,0,0,10.0,10.0,10.0,10.0,0,261,268.0883483886719,6.927680207395006,,out_of_road
3483,fresh,0,fresh,,,0,1,1,2,0,0,5.0,10.0,15.0,10.0,0,62,20.80329704284668,1.7049035304977047,,crash_vehicle
3484,crossover,0,crossover,,distractor_cars|has_brake_checker|intersection_cars|maximum_distractor_speed|distance_to_nearest,2,0,0,0,1,0,20.0,20.0,5.0,35.0,0,95,51.463321685791016,2.1626423576944753,,crash_vehicle
3485,fresh,0,fresh,,,0,1,1,18,0,0,15.0,40.0,15.0,55.0,3,74,37.002445220947266,0.381176639247585,,out_of_road
3486,mutation,0,mutation,intersection_cars,,0,0,0,8,0,0,15.0,10.0,15.0,35.0,1,95,47.988014221191406,4.267396606897053,,crash_vehicle
3487,fresh,0,fresh,,,0,1,1,18,0,0,15.0,20.0,15.0,10.0,3,70,31.898067474365234,1.0785833073513849,,crash_vehicle
3488,crossover,0,crossover,,select_lane|ego_on_intersection|intersection_has_cars|distractor_cars|maximum_distractor_speed|brake_dist,5,1,0,5,0,0,20.0,20.0,5.0,35.0,0,86,44.37215042114258,3.354892772990604,,out_of_road
3489,fresh,0,fresh,,,0,0,0,0,0,0,15.0,20.0,5.0,20.0,0,103,53.26164245605469,1.1836169853951166,,out_of_road
3490,crossover,0,crossover,,maximum_distractor_speed|distance_to_nearest,2,0,0,0,0,0,20.0,10.0,5.0,10.0,0,191,205.2264404296875,5.042883595871052,,out_of_road
3491,fresh,0,fresh,,,0,0,0,8,1,0,15.0,40.0,15.0,55.0,1,61,26.214984893798828,0.5215846554177707,,crash_vehicle
3492,crossover,0,crossover,,distractor_cars|maximum_distractor_speed|cluster_dist|brake_dist,4,0,0,12,0,0,15.0,20.0,5.0,35.0,2,57,21.936758041381836,0.3755633663712886,,crash_vehicle
3493,fresh,0,fresh,,,0,1,0,3,1,1,10.0,5.0,5.0,20.0,3,70,36.00904083251953,1.0025055634123938,,crash_vehicle
3494,crossover,0,crossover,,select_lane|ego_on_intersection|intersection_has_cars|intersection_cars|maximum_distractor_speed|distance_to_nearest|cluster_dist|brake_dist,4,0,0,0,0,0,20.0,40.0,5.0,35.0,0,203,202.77818298339844,3.3289308351248943,,out_of_road
3495,fresh,0,fresh,,,0,0,0,0,0,0,10.0,40.0,15.0,20.0,0,78,38.3990364074707,0.626692282847869,,out_of_road
3496,crossover,0,crossover,,select_lane|ego_on_intersection|intersection_has_cars|has_brake_checker|maximum_distractor_speed|distance_to_nearest|cluster_dist,6,1,0,5,1,0,15.0,5.0,15.0,20.0,2,22,-0.37508440017700195,0.0,,crash_vehicle
3497,fresh,0,fresh,,,0,0,0,3,1,0,10.0,20.0,5.0,35.0,1,72,13.035163879394531,0.9268577992916107,,out_of_road
3498,mutation,0,mutation,select_road|select_lane|ego_on_intersection|intersection_has_cars,,2,1,0,12,0,0,20.0,5.0,10.0,10.0,2,34,3.1531572341918945,0.1020452502895804,,crash_vehicle
3499,fresh,0,fresh,,,0,1,1,3,0,1,10.0,5.0,10.0,20.0,2,50,-1.1278607845306396,0.1964896148443222,,out_of_road
3500,crossover,0,crossover,,select_lane|ego_on_intersection|intersection_has_cars|distractor_cars|has_brake_checker|has_cluster|maximum_distractor_speed|cluster_dist,2,0,0,0,0,0,10.0,5.0,5.0,20.0,0,244,276.32989501953125,8.003825180110384,,out_of_road
3501,fresh,0,fresh,,,0,1,0,0,1,0,5.0,10.0,5.0,55.0,0,148,112.0759506225586,3.991985244223395,,out_of_road
3502,crossover,0,crossover,,select_lane|ego_on_intersection|intersection_has_cars|distractor_cars|has_brake_checker|distance_to_nearest,1,0,0,0,0,0,10.0,5.0,5.0,10.0,0,187,203.48013305664062,5.440239388674976,,out_of_road
3503,fresh,0,fresh,,,0,1,0,2,1,0,5.0,40.0,10.0,55.0,1,178,165.31639099121094,6.7088403831539525,,out_of_road
3504,crossover,0,crossover,,distractor_cars|has_brake_checker|intersection_cars|has_cluster|maximum_distractor_speed|distance_to_nearest,2,0,0,0,0,0,5.0,20.0,15.0,10.0,0,85,46.08644104003906,0.8598013337920694,,out_of_road
3505,fresh,0,fresh,,,0,0,0,4,1,1,10.0,40.0,5.0,55.0,2,24,-2.9079692363739014,0.0,,out_of_road
3506,replay,0,replay,,,0,0,0,4,1,1,10.0,40.0,5.0,55.0,2,247,259.93701171875,8.031372738511939,,out_of_road
3507,fresh,0,fresh,,,0,0,0,12,1,0,15.0,10.0,10.0,35.0,3,223,220.37709045410156,6.345177611962562,,out_of_road
3508,replay,0,replay,,,0,0,0,12,1,0,15.0,10.0,10.0,35.0,3,54,14.670778274536133,4.030008035125555,,crash_vehicle
3509,fresh,0,fresh,,,0,1,0,2,1,1,5.0,10.0,10.0,55.0,2,87,57.68194580078125,1.2119557446446911,,out_of_road
3510,mutation,0,mutation,intersection_cars,,0,0,0,0,0,0,20.0,5.0,10.0,10.0,0,271,285.30682373046875,6.901168518950579,,out_of_road
3511,fresh,0,fresh,,,0,0,0,1,1,1,20.0,10.0,5.0,20.0,1,78,40.340702056884766,1.1611298318856802,,crash_vehicle
3512,crossover,0,crossover,,select_lane|ego_on_intersection|intersection_has_cars|distractor_cars|has_brake_checker|maximum_distractor_speed,3,0,0,2,0,0,20.0,20.0,5.0,20.0,1,72,40.98613739013672,1.0466896750860744,,crash_vehicle
3513,fresh,0,fresh,,,0,1,0,5,1,1,20.0,5.0,5.0,35.0,2,45,10.573979377746582,1.8015059842003716,,crash_vehicle
3514,replay,0,replay,,,0,1,0,5,1,1,20.0,5.0,5.0,35.0,2,245,285.5794677734375,9.090246467687646,,out_of_road
3515,fresh,0,fresh,,,0,0,0,2,0,0,20.0,40.0,15.0,10.0,2,30,0.21731233596801758,0.7667039235432943,,out_of_road
3516,mutation,0,mutation,cluster_dist,,1,0,0,0,0,0,10.0,5.0,10.0,20.0,0,271,305.5356140136719,9.119335748282746,,out_of_road
3517,fresh,0,fresh,,,0,1,0,8,0,1,5.0,20.0,5.0,55.0,2,60,11.041934967041016,2.0012505183617275,,out_of_road
3518,mutation,0,mutation,distance_to_nearest,,1,0,0,0,0,0,20.0,40.0,5.0,20.0,0,259,268.24755859375,6.8193721702523735,,out_of_road
3519,fresh,0,fresh,,,0,1,0,0,1,0,15.0,10.0,10.0,10.0,0,60,13.949161529541016,3.2031712313493093,,out_of_road
3520,crossover,0,crossover,,maximum_distractor_speed|brake_dist,2,0,0,1,0,1,15.0,40.0,15.0,35.0,1,87,37.793235778808594,0.9857639156538864,,out_of_road
3521,fresh,0,fresh,,,0,1,0,0,0,0,5.0,20.0,15.0,55.0,0,85,43.070892333984375,0.8796934085733751,,out_of_road
3522,mutation,0,mutation,distractor_cars,,1,0,0,8,0,0,5.0,20.0,5.0,10.0,0,72,34.87619400024414,0.7446850910782814,,crash_vehicle
3523,fresh,0,fresh,,,0,0,0,4,1,1,20.0,40.0,5.0,55.0,3,219,198.35693359375,5.500817767561299,,out_of_road
3524,mutation,0,mutation,maximum_distractor_speed,,1,0,0,2,0,0,15.0,40.0,5.0,20.0,0,204,202.9086151123047,4.350608074599329,,out_of_road
3525,fresh,0,fresh,,,0,1,0,3,0,1,5.0,10.0,15.0,35.0,3,188,154.72903442382812,8.58016028397895,,out_of_road
3526,mutation,0,mutation,intersection_cars,,1,0,0,1,0,1,20.0,5.0,5.0,55.0,1,220,192.6883087158203,7.666210342401808,,out_of_road
3527,fresh,0,fresh,,,0,0,0,18,0,1,20.0,40.0,15.0,55.0,2,90,47.728309631347656,0.8508420924345652,,out_of_road
3528,mutation,0,mutation,cluster_dist,,1,1,1,12,0,0,20.0,5.0,5.0,10.0,2,47,2.156865119934082,0.6936111757729916,,out_of_road
3529,fresh,0,fresh,,,0,1,1,4,0,0,20.0,20.0,5.0,35.0,1,85,44.651214599609375,2.7652937187868005,,out_of_road
3530,mutation,0,mutation,maximum_distractor_speed,,1,0,0,1,0,1,15.0,5.0,5.0,55.0,1,112,61.64427947998047,2.5731841985668455,,out_of_road
3531,fresh,0,fresh,,,0,1,0,5,0,0,15.0,10.0,5.0,55.0,2,58,11.643775939941406,1.559360195850504,,crash_vehicle
3532,crossover,0,crossover,,distractor_cars|has_brake_checker|intersection_cars|maximum_distractor_speed,3,0,0,3,0,0,20.0,20.0,10.0,35.0,2,73,43.12543487548828,1.7073827357324836,,out_of_road
3533,fresh,0,fresh,,,0,0,0,4,0,0,10.0,10.0,15.0,35.0,0,61,16.03870964050293,1.1142496750003001,,crash_vehicle
3534,replay,0,replay,,,0,0,0,4,0,0,10.0,10.0,15.0,35.0,0,249,283.29443359375,8.291869019648157,,out_of_road
3535,fresh,0,fresh,,,0,0,0,18,1,0,10.0,5.0,5.0,55.0,2,34,4.2535858154296875,5.816268191618078,,crash_vehicle
3536,crossover,0,crossover,,select_lane|ego_on_intersection|intersection_has_cars|distractor_cars|has_brake_checker|intersection_cars|has_cluster|maximum_distractor_speed|brake_dist,1,0,0,0,0,0,20.0,20.0,5.0,10.0,0,273,271.1816711425781,6.353366170174036,,out_of_road
3537,fresh,0,fresh,,,0,1,1,5,0,0,5.0,20.0,10.0,55.0,1,72,40.24802780151367,0.8656043799387084,,crash_vehicle
3538,replay,0,replay,,,0,1,1,5,0,0,5.0,20.0,10.0,55.0,1,127,100.97323608398438,1.641627789599689,,out_of_road
3539,fresh,0,fresh,,,0,1,1,2,0,1,5.0,20.0,5.0,35.0,2,62,6.968481063842773,0.34152346561031954,,out_of_road
3540,mutation,0,mutation,brake_dist,,1,0,0,0,0,0,10.0,10.0,10.0,55.0,0,239,251.55023193359375,8.155892942490437,,out_of_road
3541,fresh,0,fresh,,,0,0,0,1,0,0,15.0,40.0,15.0,55.0,0,166,127.7864990234375,4.087539732994803,,out_of_road
3542,replay,0,replay,,,0,0,0,1,0,0,15.0,40.0,15.0,55.0,0,119,57.62936019897461,8.43225783059577,,out_of_road
3543,fresh,0,fresh,,,0,0,0,0,0,0,5.0,40.0,15.0,20.0,0,139,108.81987762451172,5.524186023490892,,out_of_road
3544,mutation,0,mutation,has_brake_checker,,1,1,0,0,1,0,10.0,5.0,5.0,20.0,0,74,35.6060791015625,1.3250994633983921,,crash_vehicle
3545,fresh,0,fresh,,,0,1,1,18,0,0,15.0,20.0,10.0,55.0,2,169,143.29296875,7.828416390179177,,out_of_road
3546,mutation,0,mutation,distractor_cars,,4,0,0,0,0,0,10.0,5.0,5.0,20.0,0,80,37.15498733520508,0.8390970230102539,rejection_fallback,out_of_road
3547,fresh,0,fresh,,,0,0,0,18,1,1,15.0,10.0,5.0,35.0,3,36,6.554906845092773,0.026583068900638156,,crash_vehicle
3548,replay,0,replay,,,0,0,0,18,1,1,15.0,10.0,5.0,35.0,3,223,171.03656005859375,2.7454489640590856,,out_of_road
3549,fresh,0,fresh,,,0,0,0,0,0,0,20.0,40.0,15.0,20.0,0,18,-4.976232528686523,1.4167034361097548,,out_of_road
3550,crossover,0,crossover,,distractor_cars|has_brake_checker|has_cluster|distance_to_nearest|cluster_dist|brake_dist,2,0,0,2,0,0,15.0,20.0,5.0,35.0,1,117,107.31983947753906,8.325896609033276,,crash_vehicle
3551,fresh,0,fresh,,,0,1,0,12,0,1,10.0,5.0,5.0,10.0,0,26,1.0421934127807617,0.0,,crash_vehicle
3552,crossover,0,crossover,,select_lane|ego_on_intersection|intersection_has_cars|distractor_cars,2,0,0,8,0,0,15.0,20.0,10.0,35.0,0,46,15.398063659667969,0.24042351349540378,,crash_vehicle
3553,fresh,0,fresh,,,0,1,1,1,1,0,20.0,10.0,5.0,35.0,1,68,31.326435089111328,0.3691984327400432,,out_of_road
3554,mutation,0,mutation,brake_dist,,1,0,0,0,0,0,10.0,20.0,5.0,20.0,0,70,32.814571380615234,0.4482104505811419,,out_of_road
3555,fresh,0,fresh,,,0,0,0,18,0,1,15.0,10.0,15.0,35.0,0,60,24.75152015686035,1.7867279668649039,,crash_vehicle
3556,replay,0,replay,,,0,0,0,18,0,1,15.0,10.0,15.0,35.0,0,163,139.0392303466797,6.703290494307419,,crash_vehicle
3557,fresh,0,fresh,,,0,1,0,18,0,0,15.0,10.0,10.0,35.0,3,45,12.64736557006836,0.41772368484073213,,crash_vehicle
3558,replay,0,replay,,,0,1,0,18,0,0,15.0,10.0,10.0,35.0,3,198,220.55618286132812,11.927015190774744,,arrive_dest
3559,fresh,0,fresh,,,0,1,1,8,1,1,20.0,10.0,5.0,35.0,3,37,4.315415382385254,0.3194493474187078,,crash_vehicle
3560,replay,0,replay,,,0,1,1,8,1,1,20.0,10.0,5.0,35.0,3,197,195.3946990966797,3.489718196960875,,out_of_road
3561,fresh,0,fresh,,,0,1,0,1,0,1,10.0,10.0,5.0,20.0,1,188,171.92962646484375,3.6459330992594836,,out_of_road
3562,mutation,0,mutation,has_brake_checker,,0,0,0,0,0,0,20.0,40.0,5.0,35.0,0,83,44.31836700439453,0.8243878800646368,,out_of_road
3563,fresh,0,fresh,,,0,1,0,12,1,1,5.0,20.0,10.0,35.0,2,2,10.0,0.0,,arrive_dest
3564,crossover,0,crossover,,intersection_cars|has_cluster|cluster_dist|brake_dist,2,0,0,0,0,0,5.0,5.0,15.0,35.0,0,75,32.67932891845703,0.19703999201456707,,out_of_road
3565,fresh,0,fresh,,,0,0,0,8,1,0,15.0,5.0,10.0,20.0,0,80,18.59555435180664,3.3757130721583963,,crash_vehicle
3566,mutation,0,mutation,intersection_cars,,0,0,0,0,0,0,20.0,20.0,15.0,35.0,0,237,223.16751098632812,4.135441384926627,,out_of_road
3567,fresh,0,fresh,,,0,0,0,1,0,0,15.0,20.0,5.0,20.0,0,86,44.998817443847656,1.9374769378540129,,out_of_road
3568,replay,0,replay,,,0,0,0,1,0,0,15.0,20.0,5.0,20.0,0,25,-2.5333874225616455,0.42170028686523436,,out_of_road
3569,fresh,0,fresh,,,0,0,0,18,1,0,5.0,40.0,5.0,55.0,0,204,197.89596557617188,4.527981902454414,,out_of_road
3570,crossover,0,crossover,,select_lane|ego_on_intersection|intersection_has_cars|distractor_cars|has_brake_checker|intersection_cars|maximum_distractor_speed|distance_to_nearest|cluster_dist,7,0,0,0,0,0,10.0,10.0,10.0,35.0,0,84,43.60399627685547,0.8034110982857999,,out_of_road
3571,fresh,0,fresh,,,0,0,0,1,1,1,10.0,10.0,15.0,20.0,1,69,36.82377624511719,0.7900195022424062,,crash_vehicle
3572,crossover,0,crossover,,has_cluster|maximum_distractor_speed|cluster_dist|brake_dist,1,0,0,5,1,1,15.0,5.0,5.0,55.0,1,185,141.83663940429688,6.850571550871875,,arrive_dest
3573,fresh,0,fresh,,,0,0,0,4,1,0,10.0,40.0,5.0,55.0,3,75,33.90794372558594,0.4543231709798177,,crash_vehicle
3574,crossover,0,crossover,,select_lane|ego_on_intersection|intersection_has_cars|intersection_cars|has_cluster|maximum_distractor_speed|brake_dist,3,0,0,0,0,0,15.0,5.0,5.0,55.0,0,159,116.50749969482422,3.810320572658155,,out_of_road
3575,fresh,0,fresh,,,0,1,0,8,0,1,20.0,10.0,5.0,55.0,3,35,5.053004264831543,0.46312571934291297,,crash_vehicle
3576,replay,0,replay,,,0,1,0,8,0,1,20.0,10.0,5.0,55.0,3,252,246.73793029785156,6.235036292364673,,out_of_road
3577,fresh,0,fresh,,,0,1,0,3,1,1,15.0,20.0,15.0,55.0,0,88,36.50971603393555,1.577533064240759,,crash_vehicle
3578,replay,0,replay,,,0,1,0,3,1,1,15.0,20.0,15.0,55.0,0,262,250.52435302734375,5.774250859465763,,out_of_road
3579,fresh,0,fresh,,,0,0,0,0,1,0,15.0,20.0,10.0,10.0,0,38,4.561488151550293,0.3255203648617393,,crash_vehicle
3580,replay,0,replay,,,0,0,0,0,1,0,15.0,20.0,10.0,10.0,0,2,10.0,3.429363250732422,,arrive_dest
3581,fresh,0,fresh,,,0,1,1,2,0,0,10.0,40.0,5.0,20.0,2,67,29.554611206054688,0.22034134793637403,,out_of_road
3582,mutation,0,mutation,cluster_dist,,1,0,0,8,0,0,15.0,20.0,10.0,35.0,1,109,86.36446380615234,5.5471290481199915,,crash_vehicle
3583,fresh,0,fresh,,,0,0,0,4,1,0,10.0,40.0,5.0,55.0,1,25,-4.007336616516113,0.0,,out_of_road
3584,replay,0,replay,,,0,0,0,4,1,0,10.0,40.0,5.0,55.0,1,170,161.27789306640625,9.391907268346232,,crash_vehicle
3585,fresh,0,fresh,,,0,1,1,12,0,1,20.0,10.0,15.0,55.0,0,58,16.47759246826172,3.3486094926965646,,out_of_road
3586,mutation,0,mutation,cluster_dist,,0,0,0,0,0,0,20.0,5.0,15.0,10.0,0,266,239.1243438720703,5.119379066098902,,out_of_road
3587,fresh,0,fresh,,,0,1,0,18,1,1,20.0,20.0,5.0,35.0,1,55,14.116523742675781,0.47918783968145195,,out_of_road
3588,mutation,0,mutation,brake_dist,,1,0,0,0,0,0,20.0,40.0,5.0,55.0,0,102,45.2225456237793,0.9489944244132322,,out_of_road
3589,fresh,0,fresh,,,0,1,1,0,1,0,15.0,20.0,10.0,10.0,0,75,27.79587173461914,1.7205864250659944,,crash_vehicle
3590,crossover,0,crossover,,has_brake_checker|intersection_cars|distance_to_nearest|cluster_dist|brake_dist,3,0,0,1,0,1,20.0,20.0,10.0,20.0,1,80,43.54075622558594,0.8453185141086579,,out_of_road
3591,fresh,0,fresh,,,0,0,0,1,0,1,10.0,10.0,5.0,55.0,1,227,242.9563446044922,9.139452862188154,,out_of_road
3592,mutation,0,mutation,intersection_cars,,1,0,0,1,0,1,20.0,5.0,5.0,55.0,0,110,45.48626708984375,4.45425990819931,,out_of_road
3593,fresh,0,fresh,,,0,1,1,8,1,1,10.0,40.0,5.0,55.0,1,60,7.171868324279785,0.7594723393519719,,out_of_road
3594,replay,0,replay,,,0,1,1,8,1,1,10.0,40.0,5.0,55.0,1,243,222.411376953125,5.447703807043686,,out_of_road
3595,fresh,0,fresh,,,0,1,1,18,1,0,20.0,10.0,15.0,55.0,1,42,10.836053848266602,0.3543130570933932,,crash_vehicle
3596,replay,0,replay,,,0,1,1,18,1,0,20.0,10.0,15.0,55.0,1,257,161.9199676513672,4.177639558157568,,out_of_road
3597,fresh,0,fresh,,,0,0,0,0,1,0,15.0,40.0,5.0,10.0,0,35,4.78839111328125,0.11728826250348773,,crash_vehicle
3598,replay,0,replay,,,0,0,0,0,1,0,15.0,40.0,5.0,10.0,0,213,195.48028564453125,6.419661064592885,,out_of_road
3599,fresh,0,fresh,,,0,0,0,1,0,1,5.0,10.0,15.0,20.0,1,26,-1.737595558166504,0.0,,crash_vehicle
3600,crossover,0,crossover,,select_lane|ego_on_intersection|intersection_has_cars|distractor_cars|has_brake_checker|distance_to_nearest|cluster_dist|brake_dist,4,0,0,0,0,0,15.0,40.0,5.0,35.0,0,183,181.92434692382812,2.383167378075136,,out_of_road
3601,fresh,0,fresh,,,0,0,0,3,0,0,15.0,40.0,15.0,20.0,0,22,-5.678027153015137,0.0,,out_of_road
3602,mutation,0,mutation,maximum_distractor_speed,,1,0,0,0,0,0,15.0,20.0,15.0,35.0,0,188,180.40277099609375,2.436468856765869,,out_of_road
3603,fresh,0,fresh,,,0,1,1,2,0,1,15.0,5.0,10.0,20.0,0,35,6.34189510345459,1.4882513080324447,,crash_vehicle
3604,mutation,0,mutation,brake_dist,,1,0,0,0,0,0,10.0,5.0,5.0,35.0,0,157,108.97286224365234,4.829980133825047,,out_of_road
3605,fresh,0,fresh,,,0,0,0,2,0,1,10.0,10.0,10.0,35.0,2,83,38.47104263305664,0.2423396282885448,,out_of_road
3606,replay,0,replay,,,0,0,0,2,0,1,10.0,10.0,10.0,35.0,2,106,73.32699584960938,3.978460912153406,,crash_vehicle
3607,fresh,0,fresh,,,0,0,0,2,1,1,10.0,40.0,5.0,55.0,2,92,59.78987121582031,1.4307194948196411,,out_of_road
3608,replay,0,replay,,,0,0,0,2,1,1,10.0,40.0,5.0,55.0,2,219,157.14999389648438,5.971007699563623,,crash_vehicle
3609,fresh,0,fresh,,,0,0,0,3,1,0,5.0,20.0,5.0,55.0,1,52,18.806795120239258,0.7773181864848504,,crash_vehicle
3610,replay,0,replay,,,0,0,0,3,1,0,5.0,20.0,5.0,55.0,1,23,13.332088470458984,0.7075751760731572,,arrive_dest
3611,fresh,0,fresh,,,0,0,0,2,1,0,10.0,5.0,5.0,20.0,0,43,3.2147064208984375,0.21935596022495005,,out_of_road
3612,replay,0,replay,,,0,0,0,2,1,0,10.0,5.0,5.0,20.0,0,222,241.23533630371094,5.0903495558210325,,out_of_road
3613,fresh,0,fresh,,,0,1,1,2,0,1,15.0,10.0,15.0,35.0,0,35,4.969731330871582,0.3495800563267299,,crash_vehicle
3614,mutation,0,mutation,has_brake_checker,,0,1,1,3,0,0,20.0,5.0,5.0,55.0,2,22,-0.18944978713989258,0.0,,crash_vehicle
3615,fresh,0,fresh,,,0,1,1,12,0,0,5.0,5.0,10.0,20.0,0,228,158.475830078125,6.091141850279088,,out_of_road
3616,mutation,0,mutation,intersection_cars,,0,0,0,0,0,0,5.0,20.0,10.0,10.0,0,189,196.4571533203125,4.104633710056386,,out_of_road
3617,fresh,0,fresh,,,0,0,0,4,0,1,20.0,5.0,15.0,20.0,3,111,41.54841995239258,2.838830662203265,,out_of_road
3618,mutation,0,mutation,has_brake_checker,,0,0,0,5,0,0,20.0,20.0,10.0,20.0,2,96,70.95194244384766,3.7336327033117414,,crash_vehicle
3619,fresh,0,fresh,,,0,0,0,8,0,1,15.0,20.0,10.0,55.0,1,47,14.830678939819336,0.3486274556910738,,crash_vehicle
3620,crossover,0,crossover,,intersection_cars|has_cluster|maximum_distractor_speed,1,0,0,0,0,0,15.0,10.0,5.0,35.0,0,187,193.04034423828125,3.8151133674032547,,out_of_road
3621,fresh,0,fresh,,,0,0,0,1,1,0,20.0,20.0,5.0,35.0,1,93,50.457393646240234,1.5425289523216985,,crash_vehicle
3622,mutation,0,mutation,maximum_distractor_speed,,1,1,1,5,0,0,20.0,40.0,10.0,10.0,3,68,29.50890350341797,0.10711294061997358,,crash_vehicle
3623,fresh,0,fresh,,,0,1,1,8,0,0,15.0,40.0,5.0,35.0,3,132,59.658966064453125,2.1225309290669183,,out_of_road
3624,replay,0,replay,,,0,1,1,8,0,0,15.0,40.0,5.0,35.0,3,78,34.514129638671875,0.5370279336586977,,out_of_road
3625,fresh,0,fresh,,,0,0,0,1,1,0,5.0,40.0,10.0,55.0,1,101,53.50887680053711,0.7784994262279851,,out_of_road
3626,crossover,0,crossover,,select_lane|ego_on_intersection|intersection_has_cars|has_brake_checker|intersection_cars|has_cluster|maximum_distractor_speed,5,1,1,4,0,0,5.0,40.0,15.0,10.0,0,87,29.94027328491211,0.45041827497811154,,crash_vehicle
3627,fresh,0,fresh,,,0,0,0,12,1,0,10.0,10.0,5.0,20.0,1,41,7.823297500610352,0.0,,crash_vehicle
3628,crossover,0,crossover,,distractor_cars|distance_to_nearest|cluster_dist,2,0,0,0,0,0,10.0,10.0,10.0,10.0,0,79,35.31441116333008,0.4026746961134898,,out_of_road
3629,fresh,0,fresh,,,0,0,0,3,1,1,15.0,10.0,15.0,55.0,1,56,14.689287185668945,1.0935355579214436,,crash_vehicle
3630,mutation,0,mutation,distance_to_nearest,,1,0,0,0,0,0,20.0,10.0,10.0,10.0,0,242,253.90606689453125,7.363528198200809,,out_of_road
3631,fresh,0,fresh,,,0,1,0,8,1,0,10.0,10.0,15.0,20.0,3,32,4.928921699523926,0.36829614639282227,,crash_vehicle
3632,crossover,0,crossover,,distance_to_nearest,1,1,0,5,1,1,20.0,20.0,5.0,35.0,1,50,14.964231491088867,0.2758641242980957,,crash_vehicle
3633,fresh,0,fresh,,,0,1,1,2,0,0,5.0,20.0,5.0,20.0,0,62,26.921833038330078,0.4045899635361087,,crash_vehicle
3634,mutation,0,mutation,intersection_cars,,0,0,0,0,0,0,10.0,10.0,10.0,10.0,0,81,41.50606918334961,0.5425279493685122,,out_of_road
3635,fresh,0,fresh,,,0,1,1,2,1,0,15.0,40.0,5.0,55.0,0,63,5.637535095214844,0.4448682793549129,,out_of_road
3636,replay,0,replay,,,0,1,1,2,1,0,15.0,40.0,5.0,55.0,0,258,250.46734619140625,4.99028623970442,,out_of_road
3637,fresh,0,fresh,,,0,0,0,2,0,0,10.0,5.0,10.0,35.0,2,104,45.688926696777344,0.8836844471784738,,out_of_road
3638,mutation,0,mutation,distractor_cars,,1,0,0,2,0,0,20.0,5.0,5.0,20.0,0,22,-0.5082783699035645,0.05091370303522457,,crash_vehicle
3639,fresh,0,fresh,,,0,0,0,4,0,1,5.0,5.0,15.0,35.0,0,27,-0.7319660186767578,0.0,,crash_vehicle
3640,mutation,0,mutation,cluster_dist,,1,1,0,4,0,1,15.0,40.0,10.0,10.0,3,147,128.455810546875,1.2419175067726447,,crash_vehicle
3641,fresh,0,fresh,,,0,0,0,8,0,1,5.0,5.0,10.0,55.0,1,23,0.17064809799194336,0.02240953497264696,,crash_vehicle
3642,replay,0,replay,,,0,0,0,8,0,1,5.0,5.0,10.0,55.0,1,254,255.680419921875,6.28602726704727,,out_of_road
3643,fresh,0,fresh,,,0,1,0,2,0,1,20.0,40.0,10.0,10.0,0,124,62.73284149169922,1.58237738138245,,out_of_road
3644,replay,0,replay,,,0,1,0,2,0,1,20.0,40.0,10.0,10.0,0,193,155.4036102294922,3.511430697505956,,out_of_road
3645,fresh,0,fresh,,,0,0,0,1,0,1,10.0,40.0,5.0,10.0,1,88,42.54888916015625,1.868831385265697,,out_of_road
3646,mutation,0,mutation,brake_dist,,1,0,0,0,0,0,10.0,10.0,10.0,55.0,0,276,268.39312744140625,7.03388233984942,,out_of_road
3647,fresh,0,fresh,,,0,1,0,4,0,1,5.0,40.0,15.0,20.0,2,65,29.53903579711914,1.6714292902212877,,out_of_road
3648,mutation,0,mutation,brake_dist,,1,0,0,2,0,0,20.0,40.0,5.0,35.0,0,92,39.22598648071289,0.55403733253479,,crash_vehicle
3649,fresh,0,fresh,,,0,0,0,1,1,0,20.0,5.0,5.0,35.0,1,90,48.78596115112305,0.7935422307915158,,out_of_road
3650,replay,0,replay,,,0,0,0,1,1,0,20.0,5.0,5.0,35.0,1,217,200.5104217529297,3.973323377870744,,out_of_road
3651,fresh,0,fresh,,,0,0,0,3,0,0,5.0,40.0,5.0,35.0,0,77,48.666038513183594,1.33265742930499,,crash_vehicle
3652,replay,0,replay,,,0,0,0,3,0,0,5.0,40.0,5.0,35.0,0,203,207.50022888183594,9.538428664207458,,out_of_road
3653,fresh,0,fresh,,,0,0,0,0,1,0,20.0,20.0,5.0,20.0,0,72,38.22079849243164,1.0280922293249104,,crash_vehicle
3654,replay,0,replay,,,0,0,0,0,1,0,20.0,20.0,5.0,20.0,0,244,258.33782958984375,9.858776028527588,,out_of_road
3655,fresh,0,fresh,,,0,1,0,8,1,0,5.0,20.0,10.0,35.0,1,75,37.766441345214844,0.9755083421866099,,crash_vehicle
3656,crossover,0,crossover,,select_lane|ego_on_intersection|intersection_has_cars|distractor_cars|has_brake_checker|intersection_cars|has_cluster|cluster_dist|brake_dist,3,0,0,0,0,0,10.0,5.0,10.0,10.0,0,71,32.53492736816406,0.368517667474881,,out_of_road
3657,fresh,0,fresh,,,0,0,0,2,1,1,5.0,40.0,5.0,55.0,0,228,179.58226013183594,5.728884751598041,,out_of_road
3658,replay,0,replay,,,0,0,0,2,1,1,5.0,40.0,5.0,55.0,0,69,34.158111572265625,0.9879802897356559,,out_of_road
3659,fresh,0,fresh,,,0,1,1,8,1,0,10.0,10.0,15.0,35.0,0,73,38.52077102661133,4.684186796619468,,crash_vehicle
3660,crossover,0,crossover,,select_lane|ego_on_intersection|intersection_has_cars|has_brake_checker|intersection_cars|has_cluster|maximum_distractor_speed|distance_to_nearest|brake_dist,3,0,0,0,0,0,20.0,5.0,10.0,10.0,0,189,193.7786865234375,4.268852857054856,,out_of_road
3661,fresh,0,fresh,,,0,1,0,3,0,0,15.0,20.0,5.0,55.0,2,82,41.93327331542969,1.599151512471641,,crash_vehicle
3662,mutation,0,mutation,intersection_cars,,0,0,0,0,0,0,5.0,10.0,5.0,35.0,0,221,176.27430725097656,2.5308877763705016,,out_of_road
3663,fresh,0,fresh,,,0,1,0,5,0,1,20.0,20.0,15.0,10.0,3,69,37.86634063720703,1.883387205393418,,crash_vehicle
3664,replay,0,replay,,,0,1,0,5,0,1,20.0,20.0,15.0,10.0,3,247,261.8028259277344,6.995594600796217,,out_of_road
3665,fresh,0,fresh,,,0,0,0,1,1,0,5.0,5.0,10.0,55.0,1,122,86.95169830322266,1.5281109655978249,,crash_vehicle
3666,replay,0,replay,,,0,0,0,1,1,0,5.0,5.0,10.0,55.0,1,135,111.6044692993164,5.981641975817857,,crash_vehicle
3667,fresh,0,fresh,,,0,0,0,4,0,0,10.0,10.0,10.0,35.0,3,51,14.687337875366211,0.8846986686774329,,crash_vehicle
3668,mutation,0,mutation,brake_dist,,0,1,0,8,0,1,15.0,5.0,5.0,55.0,2,24,-0.1692671775817871,0.07293440401554108,,crash_vehicle
3669,fresh,0,fresh,,,0,0,0,2,1,0,10.0,20.0,5.0,35.0,2,131,75.19574737548828,2.05625775547428,,crash_vehicle
3670,mutation,0,mutation,distractor_cars,,1,0,0,4,0,0,10.0,10.0,10.0,10.0,0,40,10.841046333312988,0.4947138711810112,,crash_vehicle
3671,fresh,0,fresh,,,0,0,0,2,1,1,5.0,10.0,5.0,35.0,2,84,44.654788970947266,1.4523724769907338,,out_of_road
3672,replay,0,replay,,,0,0,0,2,1,1,5.0,10.0,5.0,35.0,2,194,196.24478149414062,4.608215818853722,,out_of_road
3673,fresh,0,fresh,,,0,1,0,3,1,1,15.0,20.0,10.0,35.0,0,60,25.21785545349121,0.4799499715367953,,crash_vehicle
3674,mutation,0,mutation,select_road|select_lane|ego_on_intersection|intersection_has_cars,,3,1,1,0,0,0,20.0,40.0,5.0,35.0,0,61,2.4075865745544434,0.5618096472787075,,out_of_road
3675,fresh,0,fresh,,,0,1,0,8,1,0,20.0,10.0,10.0,20.0,1,40,7.994156837463379,0.327812497317791,,crash_vehicle
3676,crossover,0,crossover,,select_lane|ego_on_intersection|intersection_has_cars|has_brake_checker|maximum_distractor_speed|cluster_dist|brake_dist,3,0,0,0,0,0,20.0,20.0,5.0,20.0,0,193,185.97657775878906,2.506734937583844,,out_of_road
3677,fresh,0,fresh,,,0,1,1,4,0,1,5.0,5.0,15.0,55.0,2,31,3.0238800048828125,0.2787417750204763,,crash_vehicle
3678,mutation,0,mutation,maximum_distractor_speed,,1,0,0,0,0,0,20.0,20.0,10.0,10.0,0,166,129.82003784179688,6.378025847027101,,out_of_road
3679,fresh,0,fresh,,,0,1,0,18,1,0,20.0,20.0,10.0,35.0,1,68,34.180912017822266,0.28655681320849585,,crash_vehicle
3680,mutation,0,mutation,distractor_cars,,1,0,0,1,0,0,20.0,10.0,10.0,10.0,0,44,13.30699348449707,1.0285820249806752,,crash_vehicle
3681,fresh,0,fresh,,,0,0,0,2,1,0,15.0,10.0,10.0,20.0,2,56,3.6623363494873047,1.2718825020960398,,out_of_road
3682,crossover,0,crossover,,select_lane|ego_on_intersection|intersection_has_cars|distractor_cars|maximum_distractor_speed|cluster_dist,3,0,0,0,0,0,10.0,10.0,5.0,20.0,0,201,187.8074493408203,3.7429968688025403,,out_of_road
3683,fresh,0,fresh,,,0,0,0,4,1,1,5.0,10.0,10.0,55.0,3,44,6.215099334716797,1.3289491805163296,,crash_vehicle
3684,mutation,0,mutation,distance_to_nearest,,1,0,0,8,0,0,15.0,10.0,15.0,20.0,3,52,21.002410888671875,1.014483732672838,,crash_vehicle
3685,fresh,0,fresh,,,0,0,0,2,1,0,10.0,40.0,5.0,55.0,1,88,41.05179977416992,0.3800290118564259,,out_of_road
3686,mutation,0,mutation,has_cluster,,0,0,0,0,0,0,10.0,20.0,5.0,10.0,0,246,255.15023803710938,6.167197501938033,,out_of_road
3687,fresh,0,fresh,,,0,1,0,8,1,1,20.0,5.0,5.0,20.0,1,25,0.7380681037902832,0.8595622432231903,,crash_vehicle
3688,replay,0,replay,,,0,1,0,8,1,1,20.0,5.0,5.0,20.0,1,196,192.347900390625,3.6816676584433536,,out_of_road
3689,fresh,0,fresh,,,0,0,0,0,1,0,20.0,10.0,15.0,10.0,0,44,4.722280502319336,1.8767504082484678,,out_of_road
3690,replay,0,replay,,,0,0,0,0,1,0,20.0,10.0,15.0,10.0,0,234,181.19610595703125,5.848146011941453,,out_of_road
3691,fresh,0,fresh,,,0,1,1,4,1,1,20.0,10.0,10.0,20.0,1,32,4.974440574645996,0.25771601870656013,,crash_vehicle
3692,crossover,0,crossover,,select_lane|ego_on_intersection|intersection_has_cars|distractor_cars|maximum_distractor_speed|brake_dist,3,0,0,0,0,0,15.0,10.0,10.0,20.0,0,241,253.316650390625,6.419881903778963,,arrive_dest
3693,fresh,0,fresh,,,0,0,0,5,1,1,20.0,5.0,10.0,35.0,2,45,9.714140892028809,0.534215568502744,,crash_vehicle
3694,replay,0,replay,,,0,0,0,5,1,1,20.0,5.0,10.0,35.0,2,174,118.93079376220703,6.177586497931645,,out_of_road
3695,fresh,0,fresh,,,0,0,0,2,1,1,5.0,20.0,15.0,35.0,2,193,137.19131469726562,5.079898117505825,,out_of_road
3696,crossover,0,crossover,,intersection_cars|maximum_distractor_speed,0,0,0,0,0,0,5.0,20.0,10.0,10.0,0,121,51.61084747314453,2.9838703585065103,,out_of_road
3697,fresh,0,fresh,,,0,1,0,2,0,1,15.0,20.0,15.0,55.0,2,103,64.15473175048828,1.8680798681904969,,out_of_road
3698,replay,0,replay,,,0,1,0,2,0,1,15.0,20.0,15.0,55.0,2,44,8.323420524597168,0.19208500602028586,,crash_vehicle
3699,fresh,0,fresh,,,0,1,1,2,1,0,5.0,20.0,5.0,35.0,0,55,20.273460388183594,0.3483695379712365,,crash_vehicle
3700,crossover,0,crossover,,select_lane|ego_on_intersection|intersection_has_cars|distractor_cars|has_brake_checker|has_cluster|maximum_distractor_speed,3,0,0,0,0,0,20.0,5.0,5.0,20.0,0,72,36.60948944091797,0.44849388466940987,,out_of_road
3701,fresh,0,fresh,,,0,1,1,12,0,0,15.0,5.0,15.0,20.0,2,172,98.15792846679688,6.359698533318763,,out_of_road
3702,replay,0,replay,,,0,1,1,12,0,0,15.0,5.0,15.0,20.0,2,30,0.1708970069885254,0.4906848589579264,,out_of_road
3703,fresh,0,fresh,,,0,0,0,4,0,0,10.0,5.0,5.0,20.0,0,34,5.390622138977051,1.5805429044891806,,crash_vehicle
3704,mutation,0,mutation,brake_dist,,1,0,0,12,0,1,15.0,10.0,15.0,20.0,3,207,176.40357971191406,5.177997372144662,,out_of_road
3705,fresh,0,fresh,,,0,1,0,18,1,1,20.0,10.0,15.0,55.0,2,163,106.76255798339844,5.44234507215535,,out_of_road
3706,replay,0,replay,,,0,1,0,18,1,1,20.0,10.0,15.0,55.0,2,184,181.8609619140625,2.3853706066375193,,out_of_road
3707,fresh,0,fresh,,,0,1,1,8,1,1,15.0,40.0,10.0,55.0,3,182,131.24606323242188,2.75523392730239,,out_of_road
3708,replay,0,replay,,,0,1,1,8,1,1,15.0,40.0,10.0,55.0,3,182,186.38352966308594,2.446213112918885,,out_of_road
3709,fresh,0,fresh,,,0,0,0,1,0,1,20.0,20.0,15.0,20.0,1,181,123.51374816894531,2.9745459512123085,,out_of_road
3710,crossover,0,crossover,,select_lane|ego_on_intersection|intersection_has_cars|has_brake_checker|maximum_distractor_speed|distance_to_nearest|brake_dist,5,0,0,5,0,1,10.0,20.0,5.0,10.0,1,44,14.474388122558594,0.4075160460038619,,crash_vehicle
3711,fresh,0,fresh,,,0,1,0,1,0,0,10.0,40.0,5.0,20.0,0,142,106.60956573486328,5.033568457398616,,out_of_road
3712,crossover,0,crossover,,intersection_cars|cluster_dist,1,0,0,0,0,0,10.0,5.0,15.0,20.0,0,185,192.3589630126953,3.6998034012378067,,out_of_road
3713,fresh,0,fresh,,,0,0,0,18,0,0,10.0,20.0,15.0,55.0,1,50,14.486551284790039,0.44880656003952024,,crash_vehicle
3714,mutation,0,mutation,distance_to_nearest,,1,0,0,0,0,0,20.0,20.0,15.0,10.0,0,242,227.50289916992188,5.910357879582516,,out_of_road
3715,fresh,0,fresh,,,0,1,0,1,1,1,20.0,40.0,5.0,55.0,1,110,71.47724151611328,1.1845383828336542,,crash_vehicle
3716,mutation,0,mutation,distractor_cars,,1,0,0,12,0,0,20.0,5.0,15.0,10.0,0,22,-0.1496133804321289,0.390744375911626,,crash_vehicle
3717,fresh,0,fresh,,,0,0,0,2,1,0,15.0,10.0,15.0,20.0,0,2,10.0,0.8581562042236328,,arrive_dest
3718,mutation,0,mutation,intersection_cars,,1,0,0,2,0,0,20.0,40.0,5.0,20.0,1,127,98.51895141601562,1.0914528910803982,,crash_vehicle
3719,fresh,0,fresh,,,0,0,0,4,1,0,10.0,20.0,10.0,35.0,0,79,36.55595016479492,1.8923708849315402,,out_of_road
3720,mutation,0,mutation,maximum_distractor_speed,,1,0,0,8,0,0,10.0,10.0,15.0,35.0,1,39,10.590280532836914,0.5858420706712283,,crash_vehicle
3721,fresh,0,fresh,,,0,1,0,1,0,1,5.0,5.0,15.0,55.0,1,101,37.64161682128906,0.6219477393839619,,out_of_road
3722,crossover,0,crossover,,select_lane|ego_on_intersection|intersection_has_cars|distractor_cars|has_cluster|maximum_distractor_speed|distance_to_nearest|cluster_dist|brake_dist,3,0,0,0,0,0,10.0,5.0,5.0,20.0,0,251,248.97915649414062,6.306522710152357,,out_of_road
3723,fresh,0,fresh,,,0,1,0,4,1,1,15.0,20.0,15.0,35.0,1,113,40.721256256103516,1.8668305694529441,,crash_vehicle
3724,replay,0,replay,,,0,1,0,4,1,1,15.0,20.0,15.0,35.0,1,232,256.638671875,7.656997345131019,,out_of_road
3725,fresh,0,fresh,,,0,1,0,5,1,1,10.0,10.0,10.0,20.0,1,49,11.892093658447266,0.8333315666841001,,crash_vehicle
3726,mutation,0,mutation,distance_to_nearest,,1,1,1,12,0,0,20.0,20.0,10.0,10.0,2,63,32.1510009765625,1.7945916321542528,,crash_vehicle
3727,fresh,0,fresh,,,0,0,0,1,0,1,5.0,40.0,10.0,55.0,0,47,4.668342590332031,0.5084340115810962,,out_of_road
3728,mutation,0,mutation,has_cluster,,1,1,0,12,0,0,10.0,10.0,15.0,20.0,3,85,4.2220611572265625,2.0866378205664016,,out_of_road
3729,fresh,0,fresh,,,0,1,0,8,1,1,15.0,5.0,15.0,20.0,3,24,0.27370691299438477,0.09624657469491164,,crash_vehicle
3730,mutation,0,mutation,intersection_cars,,1,0,0,8,0,0,15.0,20.0,15.0,20.0,0,167,152.57872009277344,8.382425092829916,,crash_vehicle
3731,fresh,0,fresh,,,0,1,0,8,0,1,5.0,5.0,15.0,55.0,3,23,-0.44236135482788086,0.02802964915399966,,crash_vehicle
3732,crossover,0,crossover,,select_lane|ego_on_intersection|intersection_has_cars|has_brake_checker|has_cluster|maximum_distractor_speed,2,0,0,8,0,0,10.0,20.0,15.0,35.0,1,79,33.24428176879883,1.608169030539597,,out_of_road
3733,fresh,0,fresh,,,0,1,0,0,0,0,15.0,20.0,10.0,55.0,0,153,105.5447006225586,4.169916109321943,,out_of_road
3734,crossover,0,crossover,,intersection_cars|cluster_dist|brake_dist,1,1,0,2,1,0,5.0,40.0,10.0,55.0,0,77,42.292396545410156,1.086007886118703,,crash_vehicle
3735,fresh,0,fresh,,,0,1,0,4,0,0,20.0,20.0,15.0,10.0,2,52,20.065044403076172,0.4373733882720654,,crash_vehicle
3736,mutation,0,mutation,has_cluster,,0,0,0,0,0,0,15.0,10.0,10.0,20.0,0,200,194.02149963378906,2.8341455283761023,,out_of_road
3737,fresh,0,fresh,,,0,0,0,1,0,1,5.0,40.0,15.0,20.0,1,102,47.07448196411133,1.1488479609582938,,out_of_road
3738,mutation,0,mutation,maximum_distractor_speed,,0,1,0,12,0,1,20.0,20.0,10.0,35.0,2,50,15.077871322631836,0.43524635314941407,,crash_vehicle
3739,fresh,0,fresh,,,0,1,1,12,1,1,20.0,20.0,10.0,35.0,3,61,25.942602157592773,0.5386666010637753,,crash_vehicle
3740,mutation,0,mutation,has_brake_checker,,1,0,0,0,1,0,10.0,5.0,5.0,20.0,0,70,32.950904846191406,0.8005211634295327,,crash_vehicle
3741,fresh,0,fresh,,,0,0,0,1,1,1,5.0,40.0,5.0,55.0,1,43,0.7427053451538086,0.21107285521751226,,out_of_road
3742,replay,0,replay,,,0,0,0,1,1,1,5.0,40.0,5.0,55.0,1,29,-0.048128604888916016,0.0,,crash_vehicle
3743,fresh,0,fresh,,,0,1,1,4,0,1,5.0,5.0,10.0,55.0,0,31,4.195734024047852,1.5914407103292403,,crash_vehicle
3744,crossover,0,crossover,,has_brake_checker|intersection_cars|has_cluster|maximum_distractor_speed,1,0,0,0,0,0,10.0,20.0,15.0,10.0,0,161,128.5733184814453,2.7642163169680174,,out_of_road
3745,fresh,0,fresh,,,0,0,0,0,0,0,15.0,20.0,15.0,55.0,0,97,38.99903869628906,0.4019008266557123,,out_of_road
3746,mutation,0,mutation,has_cluster,,0,0,0,5,0,0,20.0,20.0,10.0,20.0,2,88,57.80068588256836,2.8191400928930803,,crash_vehicle
3747,fresh,0,fresh,,,0,0,0,5,1,0,10.0,10.0,10.0,35.0,2,39,9.80726432800293,0.4167523613342872,,crash_vehicle
3748,crossover,0,crossover,,has_brake_checker|distance_to_nearest|brake_dist,0,1,1,12,0,0,5.0,5.0,10.0,20.0,0,146,58.343772888183594,5.369525573433262,,out_of_road
3749,fresh,0,fresh,,,0,1,0,1,0,1,5.0,10.0,10.0,10.0,1,130,60.602760314941406,2.3090240636697184,,out_of_road
3750,replay,0,replay,,,0,1,0,1,0,1,5.0,10.0,10.0,10.0,1,159,122.16905975341797,3.56758783973238,,out_of_road
3751,fresh,0,fresh,,,0,1,1,8,1,1,15.0,40.0,15.0,55.0,0,75,32.36491394042969,1.037028522491455,,crash_vehicle
3752,replay,0,replay,,,0,1,1,8,1,1,15.0,40.0,15.0,55.0,0,263,231.86170959472656,4.778917519935184,,out_of_road
3753,fresh,0,fresh,,,0,1,0,12,1,1,20.0,40.0,5.0,55.0,3,66,33.41178894042969,0.7659230701851122,,crash_vehicle
3754,crossover,0,crossover,,select_lane|ego_on_intersection|intersection_has_cars|distractor_cars|has_brake_checker|has_cluster|maximum_distractor_speed|brake_dist,5,1,0,3,0,1,5.0,40.0,5.0,35.0,0,84,33.74710464477539,2.35173729345912,,out_of_road
3755,fresh,0,fresh,,,0,1,0,1,1,0,20.0,40.0,5.0,55.0,0,73,35.45917510986328,0.0,,out_of_road
3756,replay,0,replay,,,0,1,0,1,1,0,20.0,40.0,5.0,55.0,0,246,229.65162658691406,5.4900035970215875,,out_of_road
3757,fresh,0,fresh,,,0,1,1,5,0,1,15.0,10.0,5.0,55.0,0,137,47.506526947021484,5.708698698203929,,crash_vehicle
3758,replay,0,replay,,,0,1,1,5,0,1,15.0,10.0,5.0,55.0,0,97,76.13896179199219,5.504820453751948,,crash_vehicle
3759,fresh,0,fresh,,,0,1,0,0,1,0,10.0,10.0,10.0,20.0,0,100,40.98030471801758,1.077068386077881,,crash_vehicle
3760,mutation,0,mutation,has_brake_checker,,0,0,0,0,0,0,10.0,5.0,10.0,20.0,0,83,34.15517807006836,0.44162672399038294,,out_of_road
3761,fresh,0,fresh,,,0,1,1,8,0,1,20.0,10.0,15.0,35.0,1,97,50.71709060668945,4.192204599220728,,crash_vehicle
3762,replay,0,replay,,,0,1,1,8,0,1,20.0,10.0,15.0,35.0,1,255,223.0361785888672,4.875095067889083,,arrive_dest
3763,fresh,0,fresh,,,0,1,1,5,1,0,5.0,40.0,10.0,55.0,3,68,33.649505615234375,0.6135269613826976,,crash_vehicle
3764,crossover,0,crossover,,select_lane|ego_on_intersection|intersection_has_cars|distractor_cars|has_cluster|maximum_distractor_speed|distance_to_nearest|brake_dist,7,0,0,0,0,0,10.0,5.0,15.0,20.0,0,259,259.26715087890625,5.582018341451999,,out_of_road
3765,fresh,0,fresh,,,0,1,1,5,0,1,15.0,5.0,5.0,20.0,2,27,0.8600869178771973,0.5366829622674871,,crash_vehicle
3766,mutation,0,mutation,maximum_distractor_speed,,0,0,0,5,0,0,20.0,20.0,10.0,20.0,2,71,35.839263916015625,1.2398525698923728,,crash_vehicle
3767,fresh,0,fresh,,,0,1,0,3,1,0,10.0,10.0,10.0,55.0,1,52,20.0603084564209,2.1093245320595226,,crash_vehicle
3768,crossover,0,crossover,,intersection_cars|has_cluster|maximum_distractor_speed|cluster_dist,3,0,0,5,0,0,10.0,20.0,5.0,20.0,0,88,54.29228210449219,2.120855639604005,,crash_vehicle
3769,fresh,0,fresh,,,0,0,0,0,0,0,20.0,10.0,15.0,10.0,0,145,116.09142303466797,1.3454989678900817,,out_of_road
3770,crossover,0,crossover,,select_lane|ego_on_intersection|intersection_has_cars|distance_to_nearest,1,0,0,3,0,0,20.0,5.0,5.0,10.0,0,240,167.02890014648438,3.7847088906913995,,out_of_road
3771,fresh,0,fresh,,,0,0,0,1,1,1,20.0,20.0,10.0,35.0,1,80,28.648487091064453,0.8535652302205563,,out_of_road
3772,crossover,0,crossover,,select_lane|ego_on_intersection|intersection_has_cars|has_brake_checker,2,1,0,4,0,0,20.0,40.0,5.0,10.0,0,149,131.50247192382812,2.28085771523066,,crash_vehicle
3773,fresh,0,fresh,,,0,1,1,4,0,0,20.0,5.0,15.0,20.0,3,23,0.07638788223266602,0.5842147469520569,,crash_vehicle
3774,mutation,0,mutation,select_road|select_lane|ego_on_intersection|intersection_has_cars,,1,0,0,12,0,1,15.0,10.0,15.0,10.0,3,62,24.711807250976562,2.509501561522484,,crash_vehicle
3775,fresh,0,fresh,,,0,1,0,0,1,0,10.0,10.0,15.0,35.0,0,96,55.32061004638672,1.136689182991783,,crash_vehicle
3776,crossover,0,crossover,,select_lane|ego_on_intersection|intersection_has_cars|has_cluster|maximum_distractor_speed|distance_to_nearest|brake_dist,5,0,0,12,0,1,20.0,5.0,15.0,55.0,3,28,2.8257150650024414,0.9391361794301442,,crash_vehicle
3777,fresh,0,fresh,,,0,1,1,8,0,0,20.0,5.0,5.0,10.0,1,24,-0.020902633666992188,0.09305717113117377,,crash_vehicle
3778,crossover,0,crossover,,has_brake_checker|distance_to_nearest|cluster_dist|brake_dist,2,0,0,0,0,0,10.0,20.0,15.0,20.0,0,71,33.84646224975586,0.40680806065948916,,out_of_road
3779,fresh,0,fresh,,,0,0,0,5,0,1,20.0,5.0,10.0,20.0,1,23,-0.07287836074829102,0.29154126799624897,,crash_vehicle
3780,mutation,0,mutation,has_cluster,,1,0,0,1,0,0,20.0,40.0,15.0,55.0,1,93,26.809932708740234,0.3990384929923601,,out_of_road
3781,fresh,0,fresh,,,0,1,0,1,0,1,5.0,20.0,10.0,20.0,0,74,25.99570083618164,0.2882205006238577,,crash_vehicle
3782,crossover,0,crossover,,select_lane|ego_on_intersection|intersection_has_cars|distractor_cars|has_brake_checker|intersection_cars|has_cluster|distance_to_nearest,6,1,0,3,0,1,20.0,10.0,10.0,10.0,3,119,46.22752380371094,0.5323443317613682,,out_of_road
3783,fresh,0,fresh,,,0,0,0,1,0,1,5.0,20.0,5.0,55.0,1,230,169.12705993652344,4.524403072958407,,out_of_road
3784,mutation,0,mutation,cluster_dist,,1,0,0,0,0,0,20.0,20.0,5.0,10.0,0,76,29.228755950927734,0.5049227695716055,,out_of_road
3785,fresh,0,fresh,,,0,1,0,3,1,0,10.0,40.0,15.0,55.0,0,101,43.49718475341797,0.789515505922903,,crash_vehicle
3786,mutation,0,mutation,maximum_distractor_speed,,1,0,0,0,0,0,20.0,5.0,10.0,20.0,0,262,238.3698272705078,4.895727902110524,,out_of_road
3787,fresh,0,fresh,,,0,0,0,18,1,1,5.0,40.0,15.0,55.0,0,75,32.983829498291016,0.6946288045247396,,crash_vehicle
3788,replay,0,replay,,,0,0,0,18,1,1,5.0,40.0,15.0,55.0,0,201,129.73965454101562,3.7054541890894,,out_of_road
3789,fresh,0,fresh,,,0,0,0,0,0,0,5.0,20.0,15.0,10.0,0,200,165.67921447753906,1.8591855464875697,,out_of_road
3790,mutation,0,mutation,brake_dist,,1,0,0,0,0,0,15.0,20.0,10.0,55.0,0,40,3.95047664642334,0.8363909125328064,,out_of_road
3791,fresh,0,fresh,,,0,1,0,3,0,0,20.0,5.0,15.0,55.0,0,53,26.141082763671875,4.362560697321622,,arrive_dest
3792,replay,0,replay,,,0,1,0,3,0,0,20.0,5.0,15.0,55.0,0,48,3.8260364532470703,0.39017848173777264,,out_of_road
3793,fresh,0,fresh,,,0,0,0,2,0,1,15.0,10.0,10.0,55.0,0,74,10.472861289978027,5.758295858228529,,out_of_road
3794,replay,0,replay,,,0,0,0,2,0,1,15.0,10.0,10.0,55.0,0,80,38.437049865722656,0.25063310489058493,,out_of_road
3795,fresh,0,fresh,,,0,1,0,1,0,0,20.0,40.0,15.0,20.0,1,116,40.04115676879883,0.5473257051459675,,out_of_road
3796,replay,0,replay,,,0,1,0,1,0,0,20.0,40.0,15.0,20.0,1,189,188.6837615966797,4.207176270958765,,out_of_road
3797,fresh,0,fresh,,,0,1,1,1,0,0,20.0,20.0,15.0,35.0,1,68,27.81466293334961,0.6646433016833138,,out_of_road
3798,mutation,0,mutation,has_cluster,,0,0,0,5,0,0,20.0,20.0,10.0,10.0,0,34,0.11417341232299805,0.2932147979736328,,out_of_road
3799,fresh,0,fresh,,,0,0,0,4,0,1,5.0,40.0,15.0,55.0,1,72,34.71645736694336,0.9625483883751763,,crash_vehicle
3800,mutation,0,mutation,has_brake_checker,,8,0,0,0,0,0,10.0,5.0,5.0,20.0,0,104,64.89949798583984,2.747883448233971,rejection_fallback,out_of_road
3801,fresh,0,fresh,,,0,1,1,1,1,0,5.0,10.0,15.0,35.0,1,118,55.12527847290039,2.306906385947082,,out_of_road
3802,mutation,0,mutation,cluster_dist,,0,0,0,5,0,0,20.0,40.0,15.0,20.0,0,158,96.86585235595703,5.984695686946941,,out_of_road
3803,fresh,0,fresh,,,0,0,0,3,0,1,20.0,20.0,5.0,20.0,0,54,13.714672088623047,0.3467649530481409,,crash_vehicle
3804,replay,0,replay,,,0,0,0,3,0,1,20.0,20.0,5.0,20.0,0,261,268.9626159667969,6.243687013785045,,out_of_road
3805,fresh,0,fresh,,,0,0,0,8,0,1,10.0,40.0,15.0,35.0,2,101,55.25889587402344,0.5804458089394144,,crash_vehicle
3806,crossover,0,crossover,,distractor_cars|has_brake_checker|maximum_distractor_speed|cluster_dist,4,1,1,0,0,0,10.0,5.0,5.0,10.0,0,127,85.1565170288086,0.8663979902511506,,out_of_road
3807,fresh,0,fresh,,,0,1,1,8,0,0,5.0,40.0,5.0,20.0,2,38,3.5903730392456055,0.6457453275981703,,out_of_road
3808,crossover,0,crossover,,distractor_cars|has_brake_checker|intersection_cars|has_cluster|cluster_dist|brake_dist,4,0,0,0,0,0,15.0,20.0,5.0,20.0,0,190,171.24278259277344,1.9944799731436529,,out_of_road
3809,fresh,0,fresh,,,0,0,0,2,0,1,15.0,10.0,5.0,35.0,1,42,10.267956733703613,0.5967161499318623,,crash_vehicle
3810,crossover,0,crossover,,distractor_cars|has_brake_checker|has_cluster|maximum_distractor_speed|distance_to_nearest|brake_dist,2,0,0,12,0,0,5.0,5.0,10.0,20.0,0,22,-0.42165422439575195,0.06405648724599318,,crash_vehicle
3811,fresh,0,fresh,,,0,0,0,0,1,0,5.0,5.0,10.0,35.0,0,134,74.34957885742188,2.4309257015363492,,out_of_road
3812,mutation,0,mutation,has_cluster,,0,0,0,0,0,0,20.0,40.0,5.0,20.0,0,75,29.64699935913086,0.21207008679707845,,out_of_road
3813,fresh,0,fresh,,,0,0,0,18,0,1,15.0,5.0,15.0,35.0,2,35,1.2665748596191406,0.0,,crash_vehicle
3814,mutation,0,mutation,brake_dist,,1,0,0,0,0,0,10.0,10.0,10.0,55.0,0,45,20.29636001586914,0.34255523681640626,,arrive_dest
3815,fresh,0,fresh,,,0,1,1,4,1,1,15.0,20.0,5.0,55.0,1,65,8.822779655456543,0.7006399007943961,,out_of_road
3816,mutation,0,mutation,select_road|select_lane|ego_on_intersection|intersection_has_cars,,1,0,0,3,0,0,15.0,5.0,15.0,35.0,1,22,-0.2713198661804199,0.1849928762425076,,crash_vehicle
3817,fresh,0,fresh,,,0,0,0,5,1,0,5.0,10.0,5.0,20.0,1,35,5.083076477050781,0.061186814308166505,,crash_vehicle
3818,mutation,0,mutation,maximum_distractor_speed,,1,0,0,0,0,0,10.0,20.0,5.0,10.0,0,233,240.31884765625,7.200517898593338,,out_of_road
3819,fresh,0,fresh,,,0,1,0,18,1,1,15.0,10.0,5.0,55.0,2,43,2.8669233322143555,1.6585617980291678,,out_of_road
3820,replay,0,replay,,,0,1,0,18,1,1,15.0,10.0,5.0,55.0,2,108,31.984485626220703,4.146893598415233,,out_of_road
3821,fresh,0,fresh,,,0,0,0,0,0,0,5.0,40.0,10.0,20.0,0,252,251.94711303710938,5.727734132063767,,out_of_road
3822,replay,0,replay,,,0,0,0,0,0,0,5.0,40.0,10.0,20.0,0,258,251.95126342773438,6.553278528327166,,out_of_road
3823,fresh,0,fresh,,,0,0,0,3,1,0,20.0,10.0,15.0,35.0,3,80,31.789081573486328,0.6145039722323418,,out_of_road
3824,crossover,0,crossover,,select_lane|ego_on_intersection|intersection_has_cars|has_cluster|cluster_dist|brake_dist,4,1,0,0,0,0,10.0,5.0,15.0,55.0,0,169,99.9122543334961,2.3312610900966373,,out_of_road
3825,fresh,0,fresh,,,0,1,1,2,1,0,5.0,40.0,10.0,55.0,0,121,65.26466369628906,1.9919661224380998,,crash_vehicle
3826,replay,0,replay,,,0,1,1,2,1,0,5.0,40.0,10.0,55.0,0,129,111.594970703125,8.264121557390967,,crash_vehicle
3827,fresh,0,fresh,,,0,0,0,4,0,1,10.0,40.0,15.0,10.0,3,210,198.8500213623047,3.839513559710412,,out_of_road
3828,crossover,0,crossover,,has_brake_checker|intersection_cars|distance_to_nearest,1,1,1,12,0,0,20.0,5.0,10.0,10.0,0,22,-0.07713794708251953,0.31342930549925024,,crash_vehicle
3829,fresh,0,fresh,,,0,0,0,1,1,0,20.0,5.0,15.0,20.0,0,57,15.941329956054688,2.772605047937025,,crash_vehicle
3830,crossover,0,crossover,,select_lane|ego_on_intersection|intersection_has_cars|has_brake_checker|intersection_cars|distance_to_nearest|cluster_dist|brake_dist,5,0,0,0,1,0,10.0,5.0,5.0,35.0,0,158,124.5814208984375,4.073513117017625,,out_of_road
3831,fresh,0,fresh,,,0,0,0,12,1,0,20.0,40.0,5.0,55.0,0,92,56.874088287353516,0.5959860400661178,,crash_vehicle
3832,mutation,0,mutation,cluster_dist,,1,0,0,0,0,0,20.0,20.0,15.0,20.0,0,249,263.3708190917969,7.361652667383592,,out_of_road
3833,fresh,0,fresh,,,0,1,1,12,1,0,5.0,5.0,15.0,35.0,3,2,10.0,4.898332595825195,,arrive_dest
3834,crossover,0,crossover,,select_lane|ego_on_intersection|intersection_has_cars|distractor_cars|has_brake_checker|maximum_distractor_speed|distance_to_nearest|cluster_dist,4,0,0,5,0,0,20.0,20.0,10.0,35.0,1,110,72.86229705810547,3.7752773276784204,,crash_vehicle
3835,fresh,0,fresh,,,0,1,1,3,1,1,5.0,10.0,10.0,20.0,0,35,6.744513511657715,0.10126240977219172,,crash_vehicle
3836,replay,0,replay,,,0,1,1,3,1,1,5.0,10.0,10.0,20.0,0,230,278.0663146972656,9.251502255512321,,out_of_road
3837,fresh,0,fresh,,,0,0,0,5,0,1,15.0,5.0,15.0,10.0,0,38,-6.75212287902832,0.07676390597694799,,out_of_road
3838,crossover,0,crossover,,select_lane|ego_on_intersection|intersection_has_cars|distractor_cars|intersection_cars|has_cluster|maximum_distractor_speed,3,1,0,0,0,0,10.0,5.0,10.0,10.0,0,128,89.85625457763672,0.8045185420196503,,out_of_road
3839,fresh,0,fresh,,,0,0,0,1,1,1,5.0,5.0,5.0,35.0,0,24,0.02400827407836914,0.22900072733561197,,crash_vehicle
3840,mutation,0,mutation,brake_dist,,0,0,0,0,0,0,10.0,5.0,5.0,20.0,0,214,196.52301025390625,4.071708046456921,,out_of_road
3841,fresh,0,fresh,,,0,1,1,2,0,1,10.0,10.0,5.0,55.0,1,60,5.009957313537598,3.9863756279150646,,out_of_road
3842,crossover,0,crossover,,select_lane|ego_on_intersection|intersection_has_cars|distractor_cars|intersection_cars|cluster_dist,4,0,0,8,0,0,20.0,20.0,15.0,20.0,1,120,92.37704467773438,5.730055310825507,,crash_vehicle
3843,fresh,0,fresh,,,0,0,0,2,1,1,20.0,5.0,10.0,35.0,2,78,34.47666549682617,0.36716051934621274,,out_of_road
3844,replay,0,replay,,,0,0,0,2,1,1,20.0,5.0,10.0,35.0,2,246,204.88070678710938,7.370734316910186,,out_of_road
3845,fresh,0,fresh,,,0,1,1,4,1,1,15.0,20.0,10.0,55.0,2,85,35.241146087646484,0.6893213107305415,,crash_vehicle
3846,replay,0,replay,,,0,1,1,4,1,1,15.0,20.0,10.0,55.0,2,247,265.5693359375,6.387019346720777,,arrive_dest
3847,fresh,0,fresh,,,0,0,0,5,0,0,10.0,40.0,15.0,20.0,0,80,48.43537139892578,0.6246248245239258,,crash_vehicle
3848,crossover,0,crossover,,distractor_cars|has_brake_checker|distance_to_nearest|brake_dist,2,1,1,3,0,0,20.0,20.0,10.0,10.0,2,131,109.50958251953125,7.106895704305809,,crash_vehicle
3849,fresh,0,fresh,,,0,0,0,2,0,1,20.0,20.0,10.0,35.0,0,48,16.258514404296875,0.3289638062318166,,crash_vehicle
3850,replay,0,replay,,,0,0,0,2,0,1,20.0,20.0,10.0,35.0,0,215,200.2158966064453,4.235845558379972,,arrive_dest
3851,fresh,0,fresh,,,0,1,1,4,0,0,5.0,20.0,15.0,10.0,1,59,28.47494125366211,0.7439445079130641,,crash_vehicle
3852,mutation,0,mutation,has_brake_checker,,0,0,0,0,0,0,20.0,10.0,10.0,10.0,0,236,240.08262634277344,6.678735512040429,,out_of_road
3853,fresh,0,fresh,,,0,1,1,1,0,0,15.0,5.0,10.0,20.0,0,131,59.85357666015625,5.56310569193527,,out_of_road
3854,mutation,0,mutation,select_road|select_lane|ego_on_intersection|intersection_has_cars,,1,0,0,0,0,0,15.0,10.0,10.0,20.0,0,76,33.77530288696289,0.8492054813786557,,out_of_road
3855,fresh,0,fresh,,,0,1,0,18,0,0,20.0,40.0,10.0,55.0,3,143,119.2228775024414,1.1731140869897563,,crash_vehicle
3856,crossover,0,crossover,,select_lane|ego_on_intersection|intersection_has_cars|distractor_cars|has_brake_checker|intersection_cars|has_cluster|maximum_distractor_speed|cluster_dist,6,1,1,3,0,0,20.0,20.0,10.0,55.0,2,89,57.08538055419922,3.4522135619367105,,crash_vehicle
3857,fresh,0,fresh,,,0,1,1,4,0,0,10.0,20.0,10.0,10.0,0,50,15.39263916015625,0.25591737270355225,,crash_vehicle
3858,crossover,0,crossover,,has_cluster|brake_dist,1,0,0,8,0,0,15.0,10.0,15.0,10.0,1,42,11.038734436035156,0.3880451506092435,,crash_vehicle
3859,fresh,0,fresh,,,0,1,1,1,0,1,15.0,5.0,10.0,10.0,0,26,1.5232305526733398,0.7108674049377441,,crash_vehicle
3860,crossover,0,crossover,,has_brake_checker|intersection_cars|maximum_distractor_speed|brake_dist,0,1,0,4,0,1,15.0,40.0,15.0,10.0,3,95,48.670013427734375,1.399579555423636,,crash_vehicle
3861,fresh,0,fresh,,,0,0,0,18,1,1,15.0,40.0,10.0,55.0,3,71,37.86760711669922,0.5260339119064976,,crash_vehicle
3862,mutation,0,mutation,intersection_cars,,1,0,0,8,0,0,15.0,10.0,15.0,35.0,3,35,6.702802658081055,0.0,,crash_vehicle
3863,fresh,0,fresh,,,0,0,0,4,1,1,10.0,10.0,10.0,55.0,3,32,4.885662078857422,0.05885305628180504,,crash_vehicle
3864,crossover,0,crossover,,has_brake_checker|brake_dist,1,0,0,0,0,0,15.0,10.0,10.0,35.0,0,137,88.01404571533203,3.6354954814823874,,out_of_road
3865,fresh,0,fresh,,,0,1,0,5,1,0,5.0,10.0,5.0,55.0,0,68,19.178022384643555,1.479939019855331,,crash_vehicle
3866,replay,0,replay,,,0,1,0,5,1,0,5.0,10.0,5.0,55.0,0,177,187.46055603027344,11.399519434756478,,crash_vehicle
3867,fresh,0,fresh,,,0,0,0,8,0,1,5.0,20.0,5.0,35.0,0,48,13.650083541870117,0.4138617130617301,,crash_vehicle
3868,crossover,0,crossover,,select_lane|ego_on_intersection|intersection_has_cars|has_brake_checker|cluster_dist,1,0,0,5,0,0,20.0,20.0,10.0,20.0,2,84,33.930259704589844,1.430480690939086,,crash_vehicle
3869,fresh,0,fresh,,,0,0,0,3,0,0,15.0,5.0,10.0,55.0,1,241,218.0072784423828,5.510593053309007,,out_of_road
3870,replay,0,replay,,,0,0,0,3,0,0,15.0,5.0,10.0,55.0,1,151,144.56785583496094,9.430181174088787,,crash_vehicle
3871,fresh,0,fresh,,,0,1,0,4,1,0,20.0,40.0,10.0,55.0,1,133,53.119327545166016,1.3637589220713853,,out_of_road
3872,crossover,0,crossover,,has_brake_checker|intersection_cars|has_cluster|maximum_distractor_speed|cluster_dist|brake_dist,2,0,0,0,0,0,15.0,5.0,10.0,20.0,0,39,0.5360264778137207,0.4462691086989183,,out_of_road
3873,fresh,0,fresh,,,0,1,0,5,0,0,10.0,5.0,10.0,35.0,1,22,-0.32644081115722656,0.16248130256479437,,crash_vehicle
3874,replay,0,replay,,,0,1,0,5,0,0,10.0,5.0,10.0,35.0,1,251,213.9713897705078,4.778095727066595,,out_of_road
3875,fresh,0,fresh,,,0,1,0,12,1,0,10.0,20.0,15.0,35.0,1,61,15.785112380981445,0.2137129199309427,,crash_vehicle
3876,crossover,0,crossover,,intersection_cars|has_cluster|distance_to_nearest|brake_dist,2,0,0,0,0,0,10.0,20.0,5.0,35.0,0,75,34.78335189819336,0.37077258745829267,,out_of_road
3877,fresh,0,fresh,,,0,1,1,5,1,0,10.0,5.0,5.0,35.0,3,24,0.47300291061401367,0.23320304974913597,,crash_vehicle
3878,mutation,0,mutation,cluster_dist,,1,0,0,0,0,0,10.0,10.0,5.0,10.0,0,257,213.43634033203125,4.620945813185046,,out_of_road
3879,fresh,0,fresh,,,0,1,0,2,0,0,5.0,40.0,15.0,20.0,2,71,29.87990951538086,0.39570628085606535,,out_of_road
3880,crossover,0,crossover,,intersection_cars|has_cluster|distance_to_nearest|cluster_dist|brake_dist,2,0,0,0,0,0,15.0,20.0,15.0,20.0,0,81,37.347015380859375,0.4515467985176746,,out_of_road
3881,fresh,0,fresh,,,0,1,1,12,0,1,5.0,10.0,15.0,55.0,1,36,7.5019025802612305,0.1158682182431221,,crash_vehicle
3882,replay,0,replay,,,0,1,1,12,0,1,5.0,10.0,15.0,55.0,1,121,52.78572463989258,6.112197826223925,,out_of_road
3883,fresh,0,fresh,,,0,0,0,8,0,0,5.0,40.0,10.0,10.0,2,84,39.67317581176758,2.838027556737264,,out_of_road
3884,replay,0,replay,,,0,0,0,8,0,0,5.0,40.0,10.0,10.0,2,231,208.37835693359375,5.0238112324115,,out_of_road
3885,fresh,0,fresh,,,0,0,0,12,0,1,15.0,10.0,10.0,55.0,1,32,5.2232160568237305,0.09044971119146794,,crash_vehicle
3886,mutation,0,mutation,has_cluster,,0,1,0,0,0,0,20.0,5.0,10.0,20.0,0,131,55.95119094848633,1.0094499876935974,,out_of_road
3887,fresh,0,fresh,,,0,0,0,5,0,0,15.0,5.0,10.0,10.0,3,22,-1.1127204895019531,0.0575421310283921,,crash_vehicle
3888,mutation,0,mutation,intersection_cars,,1,0,0,5,0,0,20.0,20.0,10.0,20.0,1,132,98.63450622558594,5.413369955664331,,crash_vehicle
3889,fresh,0,fresh,,,0,1,1,8,1,1,15.0,20.0,10.0,35.0,3,55,18.805065155029297,0.6137396037578583,,crash_vehicle
3890,mutation,0,mutation,brake_dist,,1,0,0,8,0,0,15.0,20.0,15.0,55.0,3,54,21.32070541381836,0.36892434181990447,,crash_vehicle
3891,fresh,0,fresh,,,0,0,0,3,1,1,20.0,10.0,10.0,55.0,3,68,23.407075881958008,0.618937141755048,,out_of_road
3892,mutation,0,mutation,cluster_dist,,1,0,0,0,0,0,10.0,5.0,10.0,20.0,0,195,162.89967346191406,1.1927769695337003,,out_of_road
3893,fresh,0,fresh,,,0,0,0,8,1,0,5.0,20.0,15.0,35.0,0,70,29.59708023071289,0.6730442366429737,,crash_vehicle
3894,replay,0,replay,,,0,0,0,8,1,0,5.0,20.0,15.0,35.0,0,218,171.3247833251953,4.574066880919518,,out_of_road
3895,fresh,0,fresh,,,0,0,0,12,1,1,20.0,20.0,5.0,55.0,2,44,13.500131607055664,0.0,,crash_vehicle
3896,mutation,0,mutation,cluster_dist,,0,0,0,8,0,0,15.0,20.0,10.0,35.0,1,80,44.4631233215332,1.4279160290956496,,crash_vehicle
3897,fresh,0,fresh,,,0,0,0,1,0,1,10.0,20.0,15.0,35.0,0,218,189.43746948242188,4.3828371732299205,,out_of_road
3898,crossover,0,crossover,,select_lane|ego_on_intersection|intersection_has_cars|distractor_cars|has_brake_checker|intersection_cars|has_cluster|maximum_distractor_speed|cluster_dist|brake_dist,4,0,0,8,0,0,20.0,20.0,15.0,20.0,1,196,180.43405151367188,9.618586195366722,,out_of_road
3899,fresh,0,fresh,,,0,0,0,18,0,1,5.0,10.0,5.0,55.0,3,79,14.184545516967773,3.5161380945127223,,out_of_road
3900,replay,0,replay,,,0,0,0,18,0,1,5.0,10.0,5.0,55.0,3,57,29.730270385742188,0.23274891000044973,,arrive_dest
3901,fresh,0,fresh,,,0,0,0,0,0,0,10.0,20.0,5.0,10.0,0,80,34.83967590332031,0.2320619821548462,,out_of_road
3902,replay,0,replay,,,0,0,0,0,0,0,10.0,20.0,5.0,10.0,0,31,-2.875377655029297,0.21835497886903824,,out_of_road
3903,fresh,0,fresh,,,0,0,0,0,0,0,10.0,40.0,5.0,10.0,0,252,169.84967041015625,4.854925677889869,,out_of_road
3904,mutation,0,mutation,distance_to_nearest,,1,0,0,8,0,0,20.0,10.0,15.0,20.0,1,41,10.914017677307129,0.9201117561357778,,crash_vehicle
3905,fresh,0,fresh,,,0,1,0,8,0,0,10.0,5.0,10.0,55.0,2,44,1.9389300346374512,2.2560489936308428,,out_of_road
3906,replay,0,replay,,,0,1,0,8,0,0,10.0,5.0,10.0,55.0,2,179,92.5979995727539,4.119944857818455,,out_of_road
3907,fresh,0,fresh,,,0,1,1,12,1,0,5.0,40.0,15.0,55.0,1,74,31.713485717773438,0.31946048221072637,,crash_vehicle
3908,replay,0,replay,,,0,1,1,12,1,0,5.0,40.0,15.0,55.0,1,245,246.88429260253906,6.916964185359527,,out_of_road
3909,fresh,0,fresh,,,0,1,0,2,1,0,10.0,5.0,10.0,55.0,2,145,54.27983093261719,1.3401148460034666,,out_of_road
3910,replay,0,replay,,,0,1,0,2,1,0,10.0,5.0,10.0,55.0,2,28,14.905404090881348,0.0,,arrive_dest
3911,fresh,0,fresh,,,0,1,0,12,1,0,20.0,40.0,10.0,55.0,0,95,56.40116882324219,1.01726406310734,,crash_vehicle
3912,crossover,0,crossover,,select_lane|ego_on_intersection|intersection_has_cars|has_brake_checker|intersection_cars|has_cluster|maximum_distractor_speed|cluster_dist|brake_dist,7,0,0,3,0,0,10.0,10.0,10.0,55.0,0,53,20.78167724609375,2.891811935406811,,crash_vehicle
3913,fresh,0,fresh,,,0,1,1,4,1,0,10.0,20.0,15.0,35.0,1,58,18.425498962402344,0.5857801026311414,,crash_vehicle
3914,crossover,0,crossover,,distractor_cars|has_brake_checker|intersection_cars|has_cluster|maximum_distractor_speed,2,0,0,0,0,0,10.0,40.0,15.0,20.0,0,164,97.76642608642578,3.0946432324807818,,out_of_road
3915,fresh,0,fresh,,,0,1,1,1,0,1,20.0,10.0,5.0,20.0,1,83,37.74138259887695,1.6977870521775211,,out_of_road
3916,replay,0,replay,,,0,1,1,1,0,1,20.0,10.0,5.0,20.0,1,253,242.29055786132812,5.2003047917435765,,out_of_road
3917,fresh,0,fresh,,,0,1,1,5,0,0,10.0,10.0,10.0,10.0,0,42,9.854925155639648,0.7681535670445079,,crash_vehicle
3918,replay,0,replay,,,0,1,1,5,0,0,10.0,10.0,10.0,10.0,0,41,3.7114152908325195,1.4750860653272488,,out_of_road
3919,fresh,0,fresh,,,0,0,0,4,0,1,10.0,5.0,15.0,55.0,0,37,8.397692680358887,3.790819464503108,,crash_vehicle
3920,crossover,0,crossover,,select_lane|ego_on_intersection|intersection_has_cars|distractor_cars|has_cluster|brake_dist,2,0,0,5,0,0,20.0,20.0,5.0,20.0,0,50,16.572792053222656,0.2684493923187256,,crash_vehicle
3921,fresh,0,fresh,,,0,1,0,1,1,1,20.0,40.0,10.0,55.0,1,120,35.98794937133789,0.272777941574653,,out_of_road
3922,replay,0,replay,,,0,1,0,1,1,1,20.0,40.0,10.0,55.0,1,252,246.16134643554688,5.925816046340125,,out_of_road
3923,fresh,0,fresh,,,0,0,0,0,1,0,15.0,5.0,5.0,20.0,0,63,28.225265502929688,0.690308720346481,,crash_vehicle
3924,crossover,0,crossover,,select_lane|ego_on_intersection|intersection_has_cars|distractor_cars|has_brake_checker|intersection_cars|has_cluster|maximum_distractor_speed|distance_to_nearest|cluster_dist|brake_dist,5,0,0,8,0,0,15.0,20.0,10.0,35.0,1,63,27.92702865600586,0.8509293690560356,,crash_vehicle
3925,fresh,0,fresh,,,0,1,0,5,0,1,10.0,20.0,15.0,35.0,3,52,16.92354965209961,0.21230880342997038,,arrive_dest
3926,replay,0,replay,,,0,1,0,5,0,1,10.0,20.0,15.0,35.0,3,183,183.12777709960938,10.657826852277328,,crash_vehicle
3927,fresh,0,fresh,,,0,0,0,1,0,1,5.0,5.0,15.0,20.0,1,159,122.32227325439453,1.2902352575611018,,out_of_road
3928,crossover,0,crossover,,distractor_cars|intersection_cars|maximum_distractor_speed|distance_to_nearest,5,0,0,0,0,0,20.0,5.0,5.0,55.0,0,122,68.73067474365234,4.926387913891526,,out_of_road
3929,fresh,0,fresh,,,0,0,0,5,0,0,5.0,10.0,5.0,20.0,3,95,32.027313232421875,7.407403112712659,,out_of_road
3930,crossover,0,crossover,,distractor_cars|intersection_cars|maximum_distractor_speed|distance_to_nearest,2,1,0,2,0,0,20.0,20.0,15.0,10.0,0,46,13.88180923461914,0.16256303890891696,,crash_vehicle
3931,fresh,0,fresh,,,0,1,0,12,0,1,10.0,10.0,10.0,20.0,3,32,4.515174865722656,0.001971326768398285,,crash_vehicle
3932,crossover,0,crossover,,select_lane|ego_on_intersection|intersection_has_cars|intersection_cars,1,0,0,0,0,0,20.0,20.0,15.0,35.0,0,149,106.39892578125,3.9947555357177786,,out_of_road
3933,fresh,0,fresh,,,0,0,0,18,1,0,15.0,10.0,10.0,20.0,0,34,4.4329833984375,0.27516607326619763,,crash_vehicle
3934,mutation,0,mutation,maximum_distractor_speed,,0,0,0,0,0,0,10.0,10.0,10.0,10.0,0,84,40.0889778137207,0.6250297538936138,,out_of_road
3935,fresh,0,fresh,,,0,0,0,5,1,1,20.0,20.0,5.0,35.0,0,46,13.759780883789062,0.026527974916541058,,crash_vehicle
3936,mutation,0,mutation,cluster_dist,,1,0,0,0,0,0,10.0,10.0,5.0,10.0,0,78,33.9979248046875,0.3136132466487395,,out_of_road
3937,fresh,0,fresh,,,0,1,0,3,1,1,20.0,10.0,5.0,20.0,2,33,5.310297012329102,0.24156854730663876,,crash_vehicle
3938,replay,0,replay,,,0,1,0,3,1,1,20.0,10.0,5.0,20.0,2,203,181.7584228515625,9.871284497782515,,out_of_road
3939,fresh,0,fresh,,,0,0,0,5,1,0,5.0,5.0,10.0,20.0,2,23,0.2970147132873535,0.09291966891159183,,crash_vehicle
3940,mutation,0,mutation,cluster_dist,,0,0,0,8,0,0,20.0,20.0,15.0,20.0,1,50,15.596639633178711,0.16001005172729493,,crash_vehicle
3941,fresh,0,fresh,,,0,1,1,18,1,0,15.0,10.0,15.0,20.0,1,39,1.0971965789794922,0.07082557678222656,,out_of_road
3942,crossover,0,crossover,,select_lane|ego_on_intersection|intersection_has_cars|has_brake_checker|intersection_cars|has_cluster|distance_to_nearest|cluster_dist|brake_dist,3,0,0,0,0,0,20.0,5.0,15.0,10.0,0,81,34.21965789794922,0.1356205704771442,,out_of_road
3943,fresh,0,fresh,,,0,1,0,2,1,1,15.0,5.0,5.0,20.0,0,35,5.52586555480957,0.28718535389219013,,crash_vehicle
3944,replay,0,replay,,,0,1,0,2,1,1,15.0,5.0,5.0,20.0,0,166,168.42953491210938,11.677050924085709,,crash_vehicle
3945,fresh,0,fresh,,,0,0,0,8,0,1,5.0,40.0,15.0,35.0,1,117,44.282291412353516,0.6410093806747698,,crash_vehicle
3946,mutation,0,mutation,distance_to_nearest,,0,0,0,8,0,0,15.0,10.0,15.0,35.0,1,40,10.674281120300293,1.023337334394455,,crash_vehicle
3947,fresh,0,fresh,,,0,0,0,1,0,0,10.0,20.0,15.0,55.0,1,66,31.745025634765625,0.3719685872395833,,out_of_road
3948,replay,0,replay,,,0,0,0,1,0,0,10.0,20.0,15.0,55.0,1,87,51.151851654052734,2.163088287430248,,crash_vehicle
3949,fresh,0,fresh,,,0,0,0,5,0,1,10.0,5.0,15.0,55.0,2,23,-1.4712891578674316,0.6469340739042863,,crash_vehicle
3950,replay,0,replay,,,0,0,0,5,0,1,10.0,5.0,15.0,55.0,2,244,268.34747314453125,7.105222129186646,,out_of_road
3951,fresh,0,fresh,,,0,0,0,2,0,0,15.0,5.0,5.0,55.0,2,79,34.75169372558594,0.5706653172456766,,out_of_road
3952,mutation,0,mutation,maximum_distractor_speed,,1,0,0,1,0,1,15.0,40.0,15.0,55.0,1,122,39.15860366821289,0.19022956685941728,,out_of_road
3953,fresh,0,fresh,,,0,0,0,12,1,0,5.0,20.0,10.0,35.0,1,46,14.862829208374023,0.35218066236247186,,crash_vehicle
3954,replay,0,replay,,,0,0,0,12,1,0,5.0,20.0,10.0,35.0,1,237,241.84771728515625,6.850977088077159,,out_of_road
3955,fresh,0,fresh,,,0,1,1,8,1,0,20.0,40.0,5.0,55.0,0,102,66.73265838623047,1.2494771042290855,,crash_vehicle
3956,crossover,0,crossover,,select_lane|ego_on_intersection|intersection_has_cars|intersection_cars|has_cluster|brake_dist,2,0,0,0,0,0,15.0,20.0,10.0,10.0,0,80,37.380455017089844,0.41464546471834185,,out_of_road
3957,fresh,0,fresh,,,0,1,0,0,1,0,5.0,20.0,5.0,35.0,0,91,43.127323150634766,0.5499110123613379,,out_of_road
3958,mutation,0,mutation,maximum_distractor_speed,,1,1,1,5,0,1,10.0,10.0,5.0,55.0,0,31,4.489951133728027,0.01275735612838499,,crash_vehicle
3959,fresh,0,fresh,,,0,0,0,1,0,1,10.0,10.0,15.0,10.0,1,2,10.0,0.0,,arrive_dest
3960,crossover,0,crossover,,distractor_cars|intersection_cars|has_cluster|maximum_distractor_speed|distance_to_nearest|cluster_dist|brake_dist,6,0,0,0,0,0,10.0,20.0,5.0,10.0,0,111,45.744537353515625,0.7786389787991842,,out_of_road
3961,fresh,0,fresh,,,0,0,0,18,1,0,5.0,20.0,15.0,55.0,1,55,19.843990325927734,0.44726464423266327,,crash_vehicle
3962,mutation,0,mutation,cluster_dist,,1,0,0,1,0,1,10.0,10.0,15.0,55.0,1,133,77.32081604003906,5.336126562572064,,out_of_road
3963,fresh,0,fresh,,,0,0,0,12,0,0,5.0,40.0,10.0,10.0,1,73,34.530418395996094,0.6544540091736676,,crash_vehicle
3964,crossover,0,crossover,,distractor_cars|cluster_dist|brake_dist,4,0,0,0,0,0,15.0,10.0,10.0,10.0,0,176,176.46766662597656,2.6001039324328303,,out_of_road
3965,fresh,0,fresh,,,0,1,0,5,1,1,20.0,10.0,15.0,55.0,2,95,54.837608337402344,7.300481747482952,,crash_vehicle
3966,crossover,0,crossover,,select_lane|ego_on_intersection|intersection_has_cars|maximum_distractor_speed|distance_to_nearest,3,0,0,0,0,0,15.0,5.0,15.0,20.0,0,63,4.9936370849609375,0.37053350418333025,,out_of_road
3967,fresh,0,fresh,,,0,1,0,4,1,0,20.0,20.0,15.0,35.0,0,74,35.591922760009766,1.40106342551676,,crash_vehicle
3968,replay,0,replay,,,0,1,0,4,1,0,20.0,20.0,15.0,35.0,0,254,242.35733032226562,5.429541086000721,,out_of_road
3969,fresh,0,fresh,,,0,1,1,5,0,0,15.0,5.0,5.0,20.0,1,119,1.2013773918151855,0.49424577435525524,,crash_vehicle
3970,crossover,0,crossover,,intersection_cars|has_cluster|brake_dist,1,0,0,2,1,0,5.0,40.0,5.0,55.0,0,104,51.893470764160156,0.8387409849808767,,crash_vehicle
3971,fresh,0,fresh,,,0,1,0,1,1,0,15.0,20.0,10.0,35.0,1,81,37.77350997924805,0.8159078433189864,,out_of_road
3972,mutation,0,mutation,has_brake_checker,,1,1,1,12,1,0,5.0,5.0,10.0,20.0,0,47,12.26821517944336,3.901051861174563,,crash_vehicle
3973,fresh,0,fresh,,,0,1,1,3,1,1,20.0,5.0,5.0,55.0,2,24,0.37218523025512695,0.7237743313113848,,crash_vehicle
3974,mutation,0,mutation,has_brake_checker,,1,0,0,0,1,0,20.0,20.0,5.0,10.0,0,31,4.899731636047363,0.1185712372103045,,crash_vehicle
3975,fresh,0,fresh,,,0,1,0,18,0,0,15.0,10.0,15.0,20.0,1,39,9.571907997131348,0.33660978690171856,,crash_vehicle
3976,mutation,0,mutation,brake_dist,,1,0,0,0,0,0,20.0,5.0,10.0,20.0,0,77,36.01691818237305,0.34446862146451873,,out_of_road
3977,fresh,0,fresh,,,0,0,0,3,1,1,20.0,10.0,10.0,35.0,1,55,12.908203125,0.480060368234461,,crash_vehicle
3978,crossover,0,crossover,,select_lane|ego_on_intersection|intersection_has_cars|distractor_cars|intersection_cars|has_cluster|cluster_dist|brake_dist,2,0,0,8,0,0,20.0,20.0,15.0,20.0,3,197,204.45741271972656,10.35691683243979,,out_of_road
3979,fresh,0,fresh,,,0,1,1,4,1,0,15.0,10.0,15.0,35.0,1,38,9.054559707641602,0.5788631964670984,,crash_vehicle
3980,crossover,0,crossover,,select_lane|ego_on_intersection|intersection_has_cars|distractor_cars|intersection_cars|has_cluster|distance_to_nearest|cluster_dist,6,0,0,1,1,1,20.0,5.0,5.0,55.0,1,86,39.50723648071289,0.5193492253852445,,out_of_road
3981,fresh,0,fresh,,,0,1,1,0,1,0,5.0,10.0,15.0,20.0,0,70,36.21531295776367,0.9135410021458353,,crash_vehicle
3982,replay,0,replay,,,0,1,1,0,1,0,5.0,10.0,15.0,20.0,0,110,80.94913482666016,5.027167137102647,,crash_vehicle
3983,fresh,0,fresh,,,0,1,0,18,0,1,10.0,5.0,15.0,10.0,1,28,2.333287239074707,0.9581542653696877,,crash_vehicle
3984,mutation,0,mutation,maximum_distractor_speed,,1,0,0,0,0,0,20.0,5.0,5.0,20.0,0,32,-7.512712478637695,0.0,,out_of_road
3985,fresh,0,fresh,,,0,1,1,1,0,1,20.0,20.0,10.0,55.0,1,84,31.216049194335938,0.4650071660677592,,out_of_road
3986,crossover,0,crossover,,select_lane|ego_on_intersection|intersection_has_cars|distractor_cars|has_cluster|maximum_distractor_speed|distance_to_nearest|brake_dist,6,0,0,0,0,0,10.0,5.0,15.0,20.0,0,229,199.43202209472656,4.70531827549747,,out_of_road
3987,fresh,0,fresh,,,0,0,0,2,1,0,5.0,5.0,15.0,55.0,1,79,13.622764587402344,2.164185026401206,,crash_vehicle
3988,crossover,0,crossover,,select_lane|ego_on_intersection|intersection_has_cars|distractor_cars|has_brake_checker|has_cluster|maximum_distractor_speed|cluster_dist,3,0,0,0,0,0,5.0,20.0,5.0,35.0,0,261,261.1023254394531,5.940544941644559,,out_of_road
3989,fresh,0,fresh,,,0,0,0,18,0,1,10.0,20.0,15.0,10.0,0,57,22.553863525390625,0.6685051405638979,,crash_vehicle
3990,replay,0,replay,,,0,0,0,18,0,1,10.0,20.0,15.0,10.0,0,117,85.67597961425781,4.832846170816666,,crash_vehicle
3991,fresh,0,fresh,,,0,0,0,3,1,1,20.0,10.0,5.0,20.0,3,70,33.19053268432617,1.529750241126333,,crash_vehicle
3992,crossover,0,crossover,,select_lane|ego_on_intersection|intersection_has_cars|intersection_cars|has_cluster|maximum_distractor_speed|distance_to_nearest|cluster_dist,5,0,0,1,0,0,15.0,20.0,5.0,10.0,1,195,193.5315704345703,3.274810352692237,,out_of_road
3993,fresh,0,fresh,,,0,1,1,5,0,1,10.0,40.0,5.0,10.0,2,70,32.83040237426758,1.0385502815246581,,crash_vehicle
3994,crossover,0,crossover,,maximum_distractor_speed|distance_to_nearest|cluster_dist|brake_dist,4,1,1,5,0,1,20.0,5.0,10.0,10.0,0,37,7.867973327636719,2.9293477809106983,,crash_vehicle
3995,fresh,0,fresh,,,0,0,0,3,0,1,20.0,5.0,5.0,20.0,1,25,0.1407632827758789,0.0,,crash_vehicle
3996,replay,0,replay,,,0,0,0,3,0,1,20.0,5.0,5.0,20.0,1,173,104.14657592773438,4.013851913069025,,out_of_road
3997,fresh,0,fresh,,,0,1,1,5,0,1,5.0,20.0,5.0,55.0,3,112,23.141765594482422,1.7193223565284694,,crash_vehicle
3998,mutation,0,mutation,has_brake_checker,,0,0,0,0,0,0,10.0,20.0,5.0,10.0,0,191,193.3491973876953,4.045436329710546,,out_of_road
3999,fresh,0,fresh,,,0,1,1,18,0,0,20.0,40.0,15.0,55.0,2,83,46.71688461303711,0.9648710738822638,,out_of_road
4000,mutation,0,mutation,maximum_distractor_speed,,1,0,0,0,0,0,10.0,20.0,15.0,20.0,0,79,39.75929641723633,0.43452021668228924,,out_of_road
4001,fresh,0,fresh,,,0,1,1,12,1,1,20.0,5.0,5.0,20.0,0,24,-0.19322490692138672,0.20070543885231018,,crash_vehicle
4002,replay,0,replay,,,0,1,1,12,1,1,20.0,5.0,5.0,20.0,0,109,87.75376892089844,6.43031452828591,,crash_vehicle
4003,fresh,0,fresh,,,0,1,1,5,0,1,10.0,40.0,10.0,55.0,2,87,48.729984283447266,0.495442947608301,,crash_vehicle
4004,crossover,0,crossover,,has_brake_checker|intersection_cars|has_cluster|distance_to_nearest|cluster_dist|brake_dist,5,0,0,5,0,0,15.0,20.0,15.0,10.0,1,2,10.0,0.0,,arrive_dest
4005,fresh,0,fresh,,,0,1,1,0,1,0,10.0,20.0,5.0,55.0,0,125,82.94029998779297,2.515394714951515,,crash_vehicle
4006,mutation,0,mutation,has_brake_checker,,0,0,0,4,0,0,20.0,20.0,5.0,55.0,0,195,202.90664672851562,10.332465896850977,,crash_vehicle
4007,fresh,0,fresh,,,0,1,1,3,0,1,5.0,20.0,5.0,10.0,3,77,39.02980041503906,0.4550716830538465,,out_of_road
4008,crossover,0,crossover,,distractor_cars|intersection_cars|has_cluster|cluster_dist|brake_dist,2,0,0,0,0,0,20.0,20.0,5.0,10.0,0,163,157.5827178955078,3.195393205420371,,out_of_road
4009,fresh,0,fresh,,,0,1,1,0,0,0,20.0,40.0,15.0,10.0,0,94,6.769289016723633,0.5069613761090218,,out_of_road
4010,crossover,0,crossover,,intersection_cars|has_cluster|brake_dist,2,0,0,2,0,0,15.0,20.0,5.0,20.0,2,175,195.85101318359375,4.283851603099278,,out_of_road
4011,fresh,0,fresh,,,0,0,0,1,1,1,5.0,10.0,5.0,20.0,1,73,34.447147369384766,1.3051319681618312,,crash_vehicle
4012,mutation,0,mutation,cluster_dist,,0,0,0,0,0,0,10.0,20.0,5.0,10.0,0,227,264.3388366699219,7.957949362137244,,out_of_road
4013,fresh,0,fresh,,,0,1,0,2,0,1,15.0,10.0,10.0,10.0,1,198,148.58575439453125,7.431391898580272,,crash_vehicle
4014,mutation,0,mutation,distance_to_nearest,,1,1,0,12,0,1,10.0,40.0,15.0,20.0,3,95,38.92556381225586,0.3860176455033453,,crash_vehicle
4015,fresh,0,fresh,,,0,0,0,0,0,0,20.0,10.0,15.0,55.0,0,213,206.5179901123047,3.8433469966963423,,out_of_road
4016,mutation,0,mutation,maximum_distractor_speed,,0,0,0,0,0,0,10.0,10.0,10.0,10.0,0,77,37.13916015625,0.5329975286474475,,out_of_road
4017,fresh,0,fresh,,,0,1,0,3,0,1,15.0,40.0,15.0,55.0,2,185,114.2114486694336,3.731409648463533,,out_of_road
4018,mutation,0,mutation,cluster_dist,,1,0,0,0,0,0,10.0,10.0,15.0,10.0,0,85,45.29475402832031,0.7778204665464513,,out_of_road
4019,fresh,0,fresh,,,0,1,0,12,0,1,5.0,20.0,15.0,35.0,0,58,23.33247184753418,0.45452809025501384,,crash_vehicle
4020,replay,0,replay,,,0,1,0,12,0,1,5.0,20.0,15.0,35.0,0,273,299.03466796875,8.308380964502092,,out_of_road
4021,fresh,0,fresh,,,0,0,0,1,0,0,5.0,10.0,10.0,55.0,1,107,60.92304229736328,0.7413774728775024,,arrive_dest
4022,replay,0,replay,,,0,0,0,1,0,0,5.0,10.0,10.0,55.0,1,222,167.20042419433594,6.510632686384089,,out_of_road
4023,fresh,0,fresh,,,0,0,0,18,0,1,10.0,40.0,10.0,35.0,2,85,31.356159210205078,0.5004235479761573,,crash_vehicle
4024,mutation,0,mutation,select_road|select_lane|ego_on_intersection|intersection_has_cars,,1,0,0,0,0,0,10.0,5.0,5.0,20.0,0,111,59.661949157714844,0.6372916161477029,,out_of_road
4025,fresh,0,fresh,,,0,0,0,18,0,0,15.0,10.0,10.0,10.0,3,93,38.88959884643555,3.604993492044428,,crash_vehicle
4026,mutation,0,mutation,distractor_cars,,1,0,0,1,0,0,20.0,20.0,10.0,10.0,0,159,101.29669952392578,3.304023747361681,,out_of_road
4027,fresh,0,fresh,,,0,1,0,5,1,0,10.0,20.0,15.0,35.0,2,83,26.36923599243164,0.8091518922024462,,crash_vehicle
4028,replay,0,replay,,,0,1,0,5,1,0,10.0,20.0,15.0,35.0,2,82,35.02199172973633,0.34934331731098456,,out_of_road
4029,fresh,0,fresh,,,0,1,1,5,0,1,20.0,20.0,5.0,35.0,2,50,14.618656158447266,0.2887552845478058,,crash_vehicle
4030,replay,0,replay,,,0,1,1,5,0,1,20.0,20.0,5.0,35.0,2,162,98.45650482177734,5.4926086121043305,,out_of_road
4031,fresh,0,fresh,,,0,0,0,18,0,0,5.0,20.0,10.0,35.0,2,93,36.84550857543945,2.5173688614240257,,crash_vehicle
4032,mutation,0,mutation,maximum_distractor_speed,,1,0,0,0,0,0,10.0,5.0,10.0,10.0,0,246,277.8938903808594,8.23502198249344,,out_of_road
4033,fresh,0,fresh,,,0,0,0,8,1,0,10.0,10.0,5.0,20.0,1,92,5.09766960144043,2.579069768605025,,out_of_road
4034,replay,0,replay,,,0,0,0,8,1,0,10.0,10.0,5.0,20.0,1,260,280.4493408203125,6.877804706188349,,out_of_road
4035,fresh,0,fresh,,,0,0,0,3,0,1,5.0,20.0,10.0,20.0,1,49,18.13018035888672,0.5289659792063187,,crash_vehicle
4036,mutation,0,mutation,cluster_dist,,1,1,0,2,0,1,15.0,10.0,15.0,10.0,1,103,65.08013153076172,7.569701579010602,,crash_vehicle
4037,fresh,0,fresh,,,0,1,1,3,0,1,5.0,10.0,5.0,35.0,2,60,17.214723587036133,1.1206354161103567,,crash_vehicle
4038,mutation,0,mutation,has_cluster,,0,0,0,0,0,0,15.0,10.0,10.0,20.0,0,41,-7.433326721191406,0.0,,out_of_road
4039,fresh,0,fresh,,,0,0,0,0,0,0,20.0,40.0,5.0,35.0,0,139,65.89417266845703,1.198141044849972,,out_of_road
4040,crossover,0,crossover,,select_lane|ego_on_intersection|intersection_has_cars|has_brake_checker|maximum_distractor_speed|brake_dist,2,0,0,0,0,0,20.0,5.0,5.0,20.0,0,69,33.850868225097656,0.5650443961654884,,out_of_road
4041,fresh,0,fresh,,,0,1,0,3,1,1,15.0,5.0,10.0,20.0,1,32,5.35501766204834,1.7753452267497778,,crash_vehicle
4042,mutation,0,mutation,cluster_dist,,1,0,0,0,0,0,20.0,20.0,10.0,20.0,0,280,308.1878356933594,8.02386763867523,,out_of_road
4043,fresh,0,fresh,,,0,0,0,5,1,1,5.0,20.0,10.0,35.0,1,57,19.32952880859375,1.2145017197257595,,crash_vehicle
4044,mutation,0,mutation,maximum_distractor_speed,,1,0,0,8,0,0,10.0,20.0,15.0,20.0,1,71,37.674007415771484,1.5753148122572562,,crash_vehicle
4045,fresh,0,fresh,,,0,0,0,12,1,1,20.0,40.0,5.0,55.0,0,110,29.700897216796875,0.19578269936821677,,crash_vehicle
4046,crossover,0,crossover,,select_lane|ego_on_intersection|intersection_has_cars|has_brake_checker|intersection_cars|has_cluster|maximum_distractor_speed|distance_to_nearest,9,0,0,0,0,0,10.0,5.0,5.0,20.0,0,274,270.3754577636719,8.923362140836073,rejection_fallback,out_of_road
4047,fresh,0,fresh,,,0,0,0,4,1,1,10.0,10.0,15.0,55.0,1,62,-1.4031918048858643,1.4563654954394987,,out_of_road
4048,crossover,0,crossover,,select_lane|ego_on_intersection|intersection_has_cars|has_brake_checker|brake_dist,4,0,0,12,0,0,20.0,5.0,10.0,20.0,2,27,1.9182658195495605,0.34879635660736646,,crash_vehicle
4049,fresh,0,fresh,,,0,0,0,18,1,1,5.0,5.0,15.0,20.0,3,44,6.749493598937988,0.37690700455145404,,crash_vehicle
4050,replay,0,replay,,,0,0,0,18,1,1,5.0,5.0,15.0,20.0,3,106,78.03011322021484,2.7105281336127587,,out_of_road
4051,fresh,0,fresh,,,0,0,0,18,0,1,15.0,20.0,10.0,35.0,2,50,14.706005096435547,0.3970549774169922,,crash_vehicle
4052,replay,0,replay,,,0,0,0,18,0,1,15.0,20.0,10.0,35.0,2,64,19.864473342895508,2.798339464701712,,crash_vehicle
4053,fresh,0,fresh,,,0,1,0,18,1,1,5.0,40.0,5.0,55.0,2,71,32.09537124633789,0.9046472227069694,,crash_vehicle
4054,crossover,0,crossover,,select_lane|ego_on_intersection|intersection_has_cars|has_brake_checker|intersection_cars|maximum_distractor_speed|cluster_dist|brake_dist,7,1,1,5,0,0,10.0,40.0,10.0,10.0,3,167,100.71795654296875,2.272254245009965,,crash_vehicle
4055,fresh,0,fresh,,,0,1,0,4,1,1,15.0,10.0,10.0,55.0,1,41,1.5477418899536133,1.5426353361548446,,out_of_road
4056,replay,0,replay,,,0,1,0,4,1,1,15.0,10.0,10.0,55.0,1,204,213.82818603515625,9.628540536571368,,crash_vehicle
4057,fresh,0,fresh,,,0,0,0,2,1,1,20.0,20.0,5.0,35.0,2,69,29.178707122802734,0.41307987812636554,,out_of_road
4058,replay,0,replay,,,0,0,0,2,1,1,20.0,20.0,5.0,35.0,2,226,202.35972595214844,3.9294234779292503,,out_of_road
4059,fresh,0,fresh,,,0,1,0,0,1,0,5.0,5.0,15.0,55.0,0,84,37.16413116455078,0.43098336174374535,,out_of_road
4060,crossover,0,crossover,,select_lane|ego_on_intersection|intersection_has_cars|has_brake_checker|intersection_cars|brake_dist,2,0,0,0,0,0,20.0,20.0,15.0,55.0,0,136,46.41604232788086,0.14793078360312126,,out_of_road
4061,fresh,0,fresh,,,0,0,0,4,0,1,10.0,40.0,15.0,55.0,1,83,37.56354522705078,1.0004046904035362,,crash_vehicle
4062,mutation,0,mutation,maximum_distractor_speed,,0,0,0,4,0,0,20.0,20.0,5.0,55.0,0,189,208.3656768798828,11.478217102232433,,crash_vehicle
4063,fresh,0,fresh,,,0,1,0,3,1,0,5.0,5.0,10.0,55.0,0,25,0.3166799545288086,0.5009894919395447,,crash_vehicle
4064,mutation,0,mutation,distance_to_nearest,,1,0,0,12,0,1,15.0,5.0,15.0,10.0,3,39,2.0261030197143555,0.6162908879610208,,crash_vehicle
4065,fresh,0,fresh,,,0,1,1,0,0,0,10.0,10.0,10.0,10.0,0,198,196.5865936279297,3.5091261996163263,,out_of_road
4066,replay,0,replay,,,0,1,1,0,0,0,10.0,10.0,10.0,10.0,0,170,161.4719696044922,9.14331210080315,,crash_vehicle
4067,fresh,0,fresh,,,0,0,0,4,0,0,5.0,40.0,15.0,35.0,1,57,-0.46503353118896484,0.0,,crash_vehicle
4068,crossover,0,crossover,,distractor_cars|has_brake_checker|intersection_cars|has_cluster|maximum_distractor_speed|cluster_dist|brake_dist,5,1,0,0,0,0,20.0,10.0,10.0,10.0,0,58,8.689469337463379,0.5515874357059084,,out_of_road
4069,fresh,0,fresh,,,0,0,0,2,0,0,15.0,20.0,10.0,35.0,0,113,7.681705474853516,0.8702338374821486,,out_of_road
4070,crossover,0,crossover,,select_lane|ego_on_intersection|intersection_has_cars|distractor_cars|has_cluster|maximum_distractor_speed|cluster_dist|brake_dist,6,1,1,3,0,0,20.0,10.0,10.0,10.0,0,47,10.132863998413086,0.5670833359373376,,crash_vehicle
4071,fresh,0,fresh,,,0,0,0,1,0,0,5.0,5.0,5.0,55.0,1,111,80.1985092163086,1.4141790592992627,,out_of_road
4072,mutation,0,mutation,cluster_dist,,0,0,0,5,0,0,5.0,10.0,5.0,20.0,3,32,-1.5327470302581787,0.16165602207183838,,crash_vehicle
4073,fresh,0,fresh,,,0,1,1,3,0,1,20.0,40.0,15.0,10.0,2,109,87.87598419189453,2.0200749701316205,,crash_vehicle
4074,crossover,0,crossover,,distractor_cars|intersection_cars|has_cluster|brake_dist,1,0,0,0,0,0,20.0,5.0,5.0,10.0,0,244,287.6154479980469,8.655893322141445,,out_of_road
4075,fresh,0,fresh,,,0,1,1,2,0,0,15.0,40.0,5.0,10.0,0,2,10.0,5.67588996887207,,arrive_dest
4076,mutation,0,mutation,distance_to_nearest,,1,0,0,0,0,0,20.0,5.0,10.0,10.0,0,247,268.6231384277344,7.320917356834721,,out_of_road
4077,fresh,0,fresh,,,0,1,1,2,1,1,5.0,40.0,15.0,55.0,2,116,91.90400695800781,2.2957550986059783,,crash_vehicle
4078,replay,0,replay,,,0,1,1,2,1,1,5.0,40.0,15.0,55.0,2,231,201.3651580810547,7.953453350505788,,out_of_road
4079,fresh,0,fresh,,,0,0,0,0,0,0,10.0,5.0,5.0,20.0,0,75,38.9044189453125,0.6152533467610677,rejection_fallback,out_of_road
4080,replay,0,replay,,,0,0,0,0,0,0,10.0,5.0,5.0,20.0,0,223,222.6898651123047,4.558040574259822,,arrive_dest
4081,fresh,0,fresh,,,0,1,0,8,0,1,20.0,40.0,15.0,20.0,0,106,83.99280548095703,2.029799816462229,,crash_vehicle
4082,replay,0,replay,,,0,1,0,8,0,1,20.0,40.0,15.0,20.0,0,77,37.09134292602539,0.3808805841904182,,out_of_road
4083,fresh,0,fresh,,,0,0,0,2,0,0,10.0,40.0,5.0,55.0,2,21,-5.199310302734375,0.0,,out_of_road
4084,crossover,0,crossover,,distractor_cars|has_brake_checker|intersection_cars|has_cluster|distance_to_nearest|cluster_dist,0,0,0,0,0,0,10.0,5.0,5.0,20.0,0,82,44.472320556640625,1.0236576108670816,,out_of_road
4085,fresh,0,fresh,,,0,1,0,12,0,1,15.0,40.0,5.0,10.0,2,69,33.486236572265625,0.45525460312331933,,crash_vehicle
4086,crossover,0,crossover,,select_lane|ego_on_intersection|intersection_has_cars|has_brake_checker|cluster_dist|brake_dist,3,0,0,0,0,0,15.0,20.0,5.0,20.0,0,45,0.9876093864440918,0.28371433681911895,,out_of_road
4087,fresh,0,fresh,,,0,0,0,5,0,1,20.0,10.0,5.0,10.0,3,32,4.712512969970703,0.01420305110514164,,crash_vehicle
4088,replay,0,replay,,,0,0,0,5,0,1,20.0,10.0,5.0,10.0,3,221,207.9410858154297,6.365723647143506,,out_of_road
4089,fresh,0,fresh,,,0,1,1,4,1,1,5.0,5.0,5.0,20.0,3,36,6.4609479904174805,2.705181830459171,,crash_vehicle
4090,mutation,0,mutation,cluster_dist,,0,0,0,0,0,0,10.0,20.0,5.0,10.0,0,251,279.2785339355469,7.4031696058364505,,arrive_dest
4091,fresh,0,fresh,,,0,1,0,0,0,0,20.0,10.0,5.0,10.0,0,199,190.6852264404297,4.953322090264691,,out_of_road
4092,crossover,0,crossover,,distractor_cars|has_brake_checker|maximum_distractor_speed|distance_to_nearest|brake_dist,5,0,0,0,0,0,20.0,20.0,15.0,10.0,0,233,208.32826232910156,6.303913878396857,,out_of_road
4093,fresh,0,fresh,,,0,1,0,12,1,0,20.0,10.0,10.0,55.0,2,46,12.95384407043457,1.7027907786162004,,crash_vehicle
4094,replay,0,replay,,,0,1,0,12,1,0,20.0,10.0,10.0,55.0,2,222,191.18084716796875,4.967505987230185,,out_of_road
4095,fresh,0,fresh,,,0,0,0,18,0,0,10.0,20.0,10.0,35.0,1,49,17.340559005737305,0.5215212763572226,,crash_vehicle
4096,replay,0,replay,,,0,0,0,18,0,0,10.0,20.0,10.0,35.0,1,195,193.0990753173828,3.27396132732049,,out_of_road
4097,fresh,0,fresh,,,0,1,1,3,0,0,5.0,40.0,5.0,35.0,3,187,209.48947143554688,4.4045306413887655,,out_of_road
4098,replay,0,replay,,,0,1,1,3,0,0,5.0,40.0,5.0,35.0,3,263,281.0556335449219,7.111598621643088,,out_of_road
4099,fresh,0,fresh,,,0,1,1,0,1,0,10.0,20.0,10.0,55.0,0,66,28.204586029052734,0.5638049579027927,,out_of_road
4100,mutation,0,mutation,has_cluster,,0,0,0,0,0,0,20.0,5.0,15.0,10.0,0,82,39.51283264160156,0.42784443933789323,,out_of_road
4101,fresh,0,fresh,,,0,0,0,8,1,0,5.0,5.0,5.0,35.0,0,22,-0.25585079193115234,0.2762060951102864,,crash_vehicle
4102,mutation,0,mutation,has_brake_checker,,2,0,0,3,1,0,20.0,20.0,5.0,35.0,0,73,38.7335090637207,1.9356829915961173,,crash_vehicle
4103,fresh,0,fresh,,,0,1,0,1,0,0,15.0,20.0,5.0,55.0,1,159,60.62709045410156,1.5350158445115358,,out_of_road
4104,replay,0,replay,,,0,1,0,1,0,0,15.0,20.0,5.0,55.0,1,110,85.001708984375,5.984332838383588,,crash_vehicle
4105,fresh,0,fresh,,,0,1,0,8,1,0,5.0,5.0,5.0,20.0,1,30,3.519926071166992,1.6301795303821565,,crash_vehicle
4106,mutation,0,mutation,brake_dist,,1,1,0,2,0,1,15.0,10.0,15.0,20.0,1,38,8.048933029174805,0.24058790034369418,,crash_vehicle
4107,fresh,0,fresh,,,0,1,0,8,0,1,15.0,5.0,15.0,10.0,2,24,0.4785895347595215,0.6180446222424507,,crash_vehicle
4108,replay,0,replay,,,0,1,0,8,0,1,15.0,5.0,15.0,10.0,2,117,67.27161407470703,7.660060904983782,,crash_vehicle
4109,fresh,0,fresh,,,0,1,1,3,0,0,20.0,10.0,10.0,20.0,1,47,1.4541845321655273,0.3650446166383459,,out_of_road
4110,mutation,0,mutation,has_brake_checker,,0,1,1,5,0,0,10.0,40.0,10.0,10.0,3,129,117.32705688476562,3.334401805271474,,crash_vehicle
4111,fresh,0,fresh,,,0,0,0,4,1,0,15.0,40.0,5.0,55.0,1,98,9.547584533691406,0.1646660286553052,,out_of_road
4112,crossover,0,crossover,,select_lane|ego_on_intersection|intersection_has_cars|distractor_cars|has_brake_checker|intersection_cars|has_cluster|distance_to_nearest|cluster_dist|brake_dist,6,0,0,0,0,0,20.0,20.0,15.0,10.0,0,241,206.055908203125,5.183176753555591,,out_of_road
4113,fresh,0,fresh,,,0,1,1,5,1,1,15.0,20.0,10.0,35.0,0,50,18.446643829345703,0.4427115774154663,,crash_vehicle
4114,mutation,0,mutation,intersection_cars,,1,0,0,3,0,0,15.0,5.0,15.0,35.0,0,36,6.623085975646973,1.783885548512141,,crash_vehicle
4115,fresh,0,fresh,,,0,1,0,18,0,1,20.0,10.0,10.0,55.0,2,39,8.25015926361084,0.8006853461265564,,crash_vehicle
4116,mutation,0,mutation,brake_dist,,0,1,0,12,0,1,20.0,20.0,10.0,35.0,2,51,14.600578308105469,0.15904546251483992,,crash_vehicle
4117,fresh,0,fresh,,,0,1,0,18,1,1,10.0,10.0,15.0,20.0,2,37,7.673852920532227,1.0409414752109631,,crash_vehicle
4118,crossover,0,crossover,,has_brake_checker|intersection_cars|maximum_distractor_speed|distance_to_nearest|cluster_dist|brake_dist,3,0,0,0,0,0,10.0,5.0,5.0,20.0,0,87,41.00655746459961,0.5381180755365854,,out_of_road
4119,fresh,0,fresh,,,0,0,0,18,0,1,20.0,40.0,10.0,55.0,3,101,32.28113555908203,0.0,,crash_vehicle
4120,crossover,0,crossover,,distractor_cars|has_brake_checker,2,1,0,3,0,1,15.0,5.0,15.0,55.0,3,148,101.46219635009766,4.573482471744756,,out_of_road
4121,fresh,0,fresh,,,0,1,1,4,1,1,15.0,10.0,10.0,20.0,1,54,13.46914291381836,0.4050459596845839,,crash_vehicle
4122,mutation,0,mutation,intersection_cars,,0,0,0,0,0,0,10.0,10.0,10.0,55.0,0,250,279.68304443359375,8.274247433066368,,out_of_road
4123,fresh,0,fresh,,,0,0,0,1,0,1,10.0,40.0,10.0,10.0,1,152,142.3035125732422,3.1985367238521576,,out_of_road
4124,replay,0,replay,,,0,0,0,1,0,1,10.0,40.0,10.0,10.0,1,49,16.443851470947266,1.691799629327594,,crash_vehicle
4125,fresh,0,fresh,,,0,0,0,8,0,0,5.0,40.0,15.0,55.0,2,89,48.94514846801758,0.5293121947331375,,out_of_road
4126,crossover,0,crossover,,has_brake_checker|intersection_cars|distance_to_nearest|brake_dist,2,0,0,5,0,0,20.0,40.0,10.0,10.0,3,147,111.80618286132812,3.127252531700394,,out_of_road
4127,fresh,0,fresh,,,0,1,0,0,0,0,20.0,10.0,5.0,55.0,0,196,150.65725708007812,4.140067687752295,,out_of_road
4128,crossover,0,crossover,,select_lane|ego_on_intersection|intersection_has_cars|has_brake_checker,2,1,0,0,0,0,10.0,10.0,10.0,55.0,0,91,15.022022247314453,0.26521009845393045,,out_of_road
4129,fresh,0,fresh,,,0,1,0,2,0,1,5.0,40.0,5.0,55.0,2,224,210.47738647460938,5.120190174851034,,out_of_road
4130,mutation,0,mutation,distance_to_nearest,,1,1,1,12,0,0,5.0,20.0,10.0,20.0,0,112,14.147315979003906,1.0630925420139516,,out_of_road
4131,fresh,0,fresh,,,0,0,0,4,0,1,20.0,10.0,10.0,10.0,0,37,7.595107078552246,0.8336376290063601,,crash_vehicle
4132,crossover,0,crossover,,select_lane|ego_on_intersection|intersection_has_cars|has_brake_checker|has_cluster|maximum_distractor_speed|distance_to_nearest,2,0,0,0,0,0,10.0,10.0,10.0,10.0,0,127,81.2225112915039,5.056131485409624,,out_of_road
4133,fresh,0,fresh,,,0,1,0,0,1,0,20.0,20.0,5.0,20.0,0,105,51.74937057495117,1.6625406316348486,,crash_vehicle
4134,replay,0,replay,,,0,1,0,0,1,0,20.0,20.0,5.0,20.0,0,245,258.7003479003906,8.281504511954832,,out_of_road
4135,fresh,0,fresh,,,0,0,0,18,1,1,20.0,20.0,10.0,55.0,2,68,35.22579574584961,1.6121803828898598,,crash_vehicle
4136,replay,0,replay,,,0,0,0,18,1,1,20.0,20.0,10.0,55.0,2,243,278.9257507324219,8.466159998757359,,out_of_road
4137,fresh,0,fresh,,,0,1,0,0,0,0,10.0,20.0,15.0,10.0,0,71,33.141258239746094,0.5896622832392303,,out_of_road
4138,mutation,0,mutation,maximum_distractor_speed,,1,0,0,0,0,0,20.0,10.0,10.0,10.0,0,77,41.76418685913086,0.5165367826166285,,out_of_road
4139,fresh,0,fresh,,,0,0,0,5,0,1,15.0,10.0,10.0,10.0,3,48,11.203874588012695,0.1383670832340916,,crash_vehicle
4140,replay,0,replay,,,0,0,0,5,0,1,15.0,10.0,10.0,10.0,3,94,51.324241638183594,8.965087610990443,,out_of_road
4141,fresh,0,fresh,,,0,1,1,3,0,0,15.0,40.0,15.0,55.0,0,128,59.348480224609375,0.808122422080487,,crash_vehicle
4142,mutation,0,mutation,distractor_cars,,1,0,0,4,0,0,10.0,5.0,5.0,20.0,0,26,0.847930908203125,0.53006400511815,,crash_vehicle
4143,fresh,0,fresh,,,0,1,1,8,0,0,20.0,20.0,15.0,55.0,0,104,70.14823150634766,4.546092192714031,,crash_vehicle
4144,replay,0,replay,,,0,1,1,8,0,0,20.0,20.0,15.0,55.0,0,61,14.245218276977539,0.2701649421551188,,crash_vehicle
4145,fresh,0,fresh,,,0,1,1,8,0,0,15.0,40.0,5.0,20.0,3,69,29.84872817993164,1.875912033993265,,out_of_road
4146,crossover,0,crossover,,has_brake_checker|intersection_cars|maximum_distractor_speed|cluster_dist|brake_dist,1,0,0,0,0,0,10.0,5.0,15.0,20.0,0,224,273.05633544921875,8.547499128218208,,out_of_road
4147,fresh,0,fresh,,,0,0,0,12,0,1,10.0,40.0,5.0,35.0,1,67,32.97236251831055,0.5453081842678696,,crash_vehicle
4148,mutation,0,mutation,distance_to_nearest,,1,0,0,0,0,0,20.0,10.0,10.0,10.0,0,56,9.582281112670898,0.271185108593532,,out_of_road
4149,fresh,0,fresh,,,0,1,0,0,1,0,15.0,10.0,15.0,10.0,0,101,37.23820495605469,2.474766498154933,,crash_vehicle
4150,mutation,0,mutation,cluster_dist,,0,0,0,1,0,1,20.0,5.0,5.0,55.0,0,36,6.326828956604004,1.6674395344323583,,crash_vehicle
4151,fresh,0,fresh,,,0,0,0,18,1,1,15.0,10.0,10.0,35.0,0,65,17.350725173950195,0.4654199380141038,,crash_vehicle
4152,mutation,0,mutation,has_cluster,,0,0,0,0,0,0,15.0,10.0,10.0,10.0,0,256,283.550048828125,7.370385308982804,,out_of_road
4153,fresh,0,fresh,,,0,1,0,8,0,0,5.0,5.0,5.0,10.0,3,67,4.671299934387207,0.560756113102187,,crash_vehicle
4154,mutation,0,mutation,maximum_distractor_speed,,1,0,0,0,0,0,10.0,20.0,5.0,35.0,0,249,288.4869384765625,7.979833190699658,,out_of_road
4155,fresh,0,fresh,,,0,0,0,12,0,1,5.0,5.0,10.0,35.0,3,42,-0.03813934326171875,0.16074630192347936,,crash_vehicle
4156,replay,0,replay,,,0,0,0,12,0,1,5.0,5.0,10.0,35.0,3,118,68.49235534667969,5.001339418403173,,arrive_dest
4157,fresh,0,fresh,,,0,0,0,5,1,1,10.0,40.0,5.0,55.0,1,68,31.321701049804688,0.5029209887280184,,crash_vehicle
4158,replay,0,replay,,,0,0,0,5,1,1,10.0,40.0,5.0,55.0,1,91,54.801239013671875,7.40410531091166,,crash_vehicle
4159,fresh,0,fresh,,,0,1,0,1,1,1,5.0,40.0,10.0,55.0,1,108,86.4815673828125,1.844679427643617,,crash_vehicle
4160,replay,0,replay,,,0,1,0,1,1,1,5.0,40.0,10.0,55.0,1,259,275.61322021484375,8.086826649987099,,out_of_road
4161,fresh,0,fresh,,,0,1,0,18,1,0,20.0,10.0,5.0,35.0,0,36,4.527876853942871,0.44141774707370335,,crash_vehicle
4162,crossover,0,crossover,,distractor_cars|has_brake_checker,1,1,1,8,0,0,10.0,40.0,10.0,10.0,3,149,48.75906753540039,2.0775034915680854,,out_of_road
4163,fresh,0,fresh,,,0,0,0,5,1,0,20.0,20.0,10.0,35.0,3,55,20.142595291137695,1.0198287595402111,,crash_vehicle
4164,crossover,0,crossover,,has_brake_checker|has_cluster|maximum_distractor_speed|brake_dist,2,0,0,2,0,1,5.0,10.0,10.0,35.0,0,96,4.426172256469727,0.39057356398552656,,out_of_road
4165,fresh,0,fresh,,,0,0,0,5,1,1,5.0,40.0,5.0,55.0,0,65,32.56865310668945,0.4819500262920673,,crash_vehicle
4166,crossover,0,crossover,,select_lane|ego_on_intersection|intersection_has_cars|intersection_cars|cluster_dist|brake_dist,3,0,0,0,0,0,10.0,5.0,5.0,20.0,0,249,240.26087951660156,8.766022263760547,,out_of_road
4167,fresh,0,fresh,,,0,0,0,18,0,0,15.0,20.0,15.0,35.0,2,89,42.517974853515625,1.5404842248123682,,crash_vehicle
4168,replay,0,replay,,,0,0,0,18,0,0,15.0,20.0,15.0,35.0,2,224,202.8555145263672,6.231576368079653,,out_of_road
4169,fresh,0,fresh,,,0,1,1,5,1,0,5.0,5.0,10.0,20.0,2,36,6.9877119064331055,1.8752964056200452,,crash_vehicle
4170,crossover,0,crossover,,select_lane|ego_on_intersection|intersection_has_cars|has_brake_checker|intersection_cars|distance_to_nearest,1,0,0,0,0,0,10.0,20.0,5.0,20.0,0,259,276.05010986328125,7.110334664007872,,out_of_road
4171,fresh,0,fresh,,,0,0,0,0,1,0,5.0,20.0,5.0,35.0,0,79,37.87508773803711,0.7843696137395086,,out_of_road
4172,replay,0,replay,,,0,0,0,0,1,0,5.0,20.0,5.0,35.0,0,182,203.45428466796875,5.008231975220062,,out_of_road
4173,fresh,0,fresh,,,0,1,1,5,1,1,10.0,20.0,5.0,35.0,1,46,13.870574951171875,0.4861414536185887,,crash_vehicle
4174,replay,0,replay,,,0,1,1,5,1,1,10.0,20.0,5.0,35.0,1,227,213.84396362304688,7.1310572599261866,,out_of_road
4175,fresh,0,fresh,,,0,0,0,3,1,0,20.0,40.0,15.0,55.0,0,206,209.0074005126953,5.051435099354068,,out_of_road
4176,crossover,0,crossover,,select_lane|ego_on_intersection|intersection_has_cars|distractor_cars|has_brake_checker|intersection_cars,3,0,0,8,0,0,10.0,20.0,5.0,20.0,3,52,19.811185836791992,0.5990861562582163,,crash_vehicle
4177,fresh,0,fresh,,,0,0,0,8,1,0,10.0,5.0,5.0,20.0,0,56,5.369716644287109,0.598773028967636,,crash_vehicle
4178,crossover,0,crossover,,select_lane|ego_on_intersection|intersection_has_cars|distance_to_nearest,3,1,0,2,0,0,15.0,10.0,5.0,35.0,1,195,152.4964599609375,9.94924512570485,,out_of_road
4179,fresh,0,fresh,,,0,1,1,12,1,1,5.0,10.0,10.0,20.0,3,33,5.14423942565918,0.5300678087003303,,crash_vehicle
4180,mutation,0,mutation,has_cluster,,0,0,0,0,0,0,10.0,20.0,5.0,20.0,0,130,71.7112045288086,5.484481255595501,,out_of_road
4181,fresh,0,fresh,,,0,1,0,8,1,1,10.0,20.0,10.0,35.0,1,93,39.5752067565918,1.4090914085347166,,crash_vehicle
4182,replay,0,replay,,,0,1,0,8,1,1,10.0,20.0,10.0,35.0,1,250,289.36932373046875,7.941746350288391,,out_of_road
4183,fresh,0,fresh,,,0,0,0,4,0,0,5.0,5.0,10.0,10.0,1,124,15.198135375976562,2.780298999721004,,crash_vehicle
4184,replay,0,replay,,,0,0,0,4,0,0,5.0,5.0,10.0,10.0,1,31,12.567086219787598,3.2625444050758117,,arrive_dest
4185,fresh,0,fresh,,,0,0,0,4,1,0,20.0,5.0,15.0,35.0,2,33,-0.23268747329711914,0.0,,crash_vehicle
4186,replay,0,replay,,,0,0,0,4,1,0,20.0,5.0,15.0,35.0,2,253,287.1835632324219,7.76008676375325,,out_of_road
4187,fresh,0,fresh,,,0,1,1,2,1,1,10.0,20.0,10.0,35.0,1,74,31.09731674194336,1.8748302355005935,,out_of_road
4188,replay,0,replay,,,0,1,1,2,1,1,10.0,20.0,10.0,35.0,1,35,4.729557991027832,0.061414119175502234,,crash_vehicle
4189,fresh,0,fresh,,,0,0,0,3,1,0,5.0,10.0,5.0,35.0,2,50,11.025503158569336,0.3357571947574616,,crash_vehicle
4190,mutation,0,mutation,intersection_cars,,1,1,1,12,0,0,20.0,5.0,10.0,10.0,3,220,1.5922036170959473,0.7056705904955214,,crash_vehicle
4191,fresh,0,fresh,,,0,0,0,18,0,1,10.0,20.0,5.0,55.0,3,46,14.90139389038086,0.46197721232538635,,crash_vehicle
4192,crossover,0,crossover,,select_lane|ego_on_intersection|intersection_has_cars|distractor_cars|has_brake_checker|intersection_cars|has_cluster|maximum_distractor_speed|distance_to_nearest|brake_dist,7,1,1,5,0,0,10.0,40.0,10.0,10.0,3,195,171.3826446533203,4.601600413750379,,crash_vehicle
4193,fresh,0,fresh,,,0,1,0,0,0,0,10.0,5.0,10.0,55.0,0,161,122.41996765136719,3.964948232499709,,out_of_road
4194,mutation,0,mutation,cluster_dist,,0,0,0,1,0,1,10.0,10.0,5.0,55.0,1,270,295.7987365722656,9.256588506698609,,out_of_road
4195,fresh,0,fresh,,,0,1,1,5,1,0,10.0,20.0,5.0,35.0,1,72,33.49894332885742,1.2016701565848456,,crash_vehicle
4196,mutation,0,mutation,distance_to_nearest,,1,0,0,0,0,0,15.0,40.0,10.0,20.0,0,205,203.34080505371094,5.150720003174572,,out_of_road
4197,fresh,0,fresh,,,0,0,0,5,0,1,20.0,40.0,15.0,35.0,1,146,109.56079864501953,4.858503911797315,,out_of_road
4198,mutation,0,mutation,distractor_cars,,1,0,0,18,0,0,20.0,10.0,15.0,55.0,0,77,0.17772531509399414,0.14156214602581865,,out_of_road
4199,fresh,0,fresh,,,0,0,0,18,1,0,10.0,20.0,15.0,35.0,3,61,26.88928985595703,0.6365134207928766,,crash_vehicle
4200,mutation,0,mutation,intersection_cars,,0,0,0,0,0,0,20.0,5.0,10.0,10.0,0,254,285.928955078125,7.359359385929708,,out_of_road
4201,fresh,0,fresh,,,0,0,0,2,0,1,10.0,10.0,5.0,55.0,1,43,9.8418607711792,0.41692900103192,,crash_vehicle
4202,mutation,0,mutation,cluster_dist,,0,0,0,0,0,0,20.0,5.0,10.0,10.0,0,40,18.846111297607422,0.3581985950469971,,arrive_dest
4203,fresh,0,fresh,,,0,0,0,18,0,1,15.0,5.0,10.0,35.0,2,25,1.2762761116027832,0.3510401040315628,,crash_vehicle
4204,crossover,0,crossover,,select_lane|ego_on_intersection|intersection_has_cars|distractor_cars|has_brake_checker|intersection_cars|has_cluster|maximum_distractor_speed|cluster_dist|brake_dist,5,0,0,8,0,0,15.0,20.0,15.0,20.0,0,50,18.2033634185791,0.28950546264648436,,crash_vehicle
4205,fresh,0,fresh,,,0,1,1,2,1,0,10.0,20.0,10.0,35.0,1,202,219.25936889648438,5.758761483253819,,out_of_road
4206,mutation,0,mutation,brake_dist,,9,0,0,0,0,0,10.0,5.0,5.0,20.0,0,182,156.02743530273438,4.843127377413132,rejection_fallback,out_of_road
4207,fresh,0,fresh,,,0,0,0,8,0,1,5.0,20.0,10.0,35.0,2,46,14.592979431152344,0.3849166787188986,,crash_vehicle
4208,mutation,0,mutation,has_cluster,,0,0,0,5,0,0,20.0,20.0,10.0,20.0,2,154,117.51099395751953,6.363476530491532,,crash_vehicle
4209,fresh,0,fresh,,,0,0,0,12,1,0,5.0,5.0,15.0,20.0,1,23,-0.4389376640319824,0.03480538175157879,,crash_vehicle
4210,crossover,0,crossover,,select_lane|ego_on_intersection|intersection_has_cars|intersection_cars|distance_to_nearest,3,0,0,2,0,1,15.0,10.0,15.0,10.0,0,47,8.609394073486328,0.049584124950652425,,crash_vehicle
4211,fresh,0,fresh,,,0,1,0,18,1,0,10.0,5.0,5.0,20.0,1,35,5.596094131469727,1.0832742367471968,,crash_vehicle
4212,crossover,0,crossover,,select_lane|ego_on_intersection|intersection_has_cars|intersection_cars|has_cluster|distance_to_nearest|cluster_dist|brake_dist,6,0,0,1,0,0,20.0,20.0,5.0,35.0,0,69,32.14948654174805,1.1013448905685674,,crash_vehicle
4213,fresh,0,fresh,,,0,1,0,5,1,1,20.0,40.0,15.0,55.0,2,201,222.35372924804688,5.530956895864425,,out_of_road
4214,mutation,0,mutation,intersection_cars,,1,0,0,5,0,0,20.0,40.0,15.0,20.0,1,159,147.2419891357422,3.9753296427756735,,crash_vehicle
4215,fresh,0,fresh,,,0,1,0,0,0,0,20.0,5.0,10.0,35.0,0,187,196.98931884765625,3.8221391349791842,,out_of_road
4216,crossover,0,crossover,,intersection_cars|brake_dist,0,1,1,12,0,0,5.0,5.0,10.0,20.0,0,25,0.4136056900024414,0.210812726020813,,crash_vehicle
4217,fresh,0,fresh,,,0,0,0,2,1,0,10.0,20.0,5.0,55.0,2,77,36.007545471191406,0.7237785388896991,,out_of_road
4218,replay,0,replay,,,0,0,0,2,1,0,10.0,20.0,5.0,55.0,2,241,285.753662109375,8.70400400626709,,out_of_road
4219,fresh,0,fresh,,,0,1,0,2,1,0,15.0,40.0,10.0,55.0,0,62,20.669052124023438,0.4991423699163621,,arrive_dest
4220,replay,0,replay,,,0,1,0,2,1,0,15.0,40.0,10.0,55.0,0,85,42.59564971923828,0.34793313531314624,,out_of_road
4221,fresh,0,fresh,,,0,0,0,12,0,1,20.0,40.0,15.0,10.0,0,63,14.574447631835938,0.36338213322654606,,out_of_road
4222,crossover,0,crossover,,intersection_cars|has_cluster|maximum_distractor_speed|brake_dist,2,0,0,0,0,0,15.0,5.0,5.0,35.0,0,85,57.80390167236328,1.1191173514022548,,arrive_dest
4223,fresh,0,fresh,,,0,1,1,2,0,0,5.0,10.0,5.0,10.0,1,37,8.148414611816406,0.16668317769024824,,crash_vehicle
4224,crossover,0,crossover,,select_lane|ego_on_intersection|intersection_has_cars|distractor_cars|has_brake_checker|has_cluster|maximum_distractor_speed|brake_dist,3,0,0,8,0,0,15.0,40.0,15.0,20.0,0,141,122.48468017578125,4.260066057773346,,crash_vehicle
4225,fresh,0,fresh,,,0,1,1,4,0,0,10.0,40.0,15.0,10.0,0,91,54.60208511352539,1.3182375994357434,,crash_vehicle
4226,replay,0,replay,,,0,1,1,4,0,0,10.0,40.0,15.0,10.0,0,168,147.4641876220703,8.873311492304007,,crash_vehicle
4227,fresh,0,fresh,,,0,1,0,18,0,1,10.0,40.0,10.0,10.0,1,67,31.634403228759766,0.5948240721403663,,crash_vehicle
4228,crossover,0,crossover,,has_brake_checker|intersection_cars|has_cluster|distance_to_nearest|cluster_dist|brake_dist,2,0,0,0,0,0,10.0,20.0,10.0,20.0,0,37,2.9606704711914062,0.26121972058270426,,out_of_road
4229,fresh,0,fresh,,,0,1,1,18,0,0,5.0,10.0,10.0,35.0,1,52,19.293540954589844,2.150418498768256,,crash_vehicle
4230,crossover,0,crossover,,distractor_cars|has_brake_checker|has_cluster|maximum_distractor_speed|cluster_dist,2,0,0,12,0,0,5.0,10.0,10.0,55.0,0,47,13.588706970214844,2.09228851757151,,crash_vehicle
4231,fresh,0,fresh,,,0,1,1,0,1,0,10.0,5.0,5.0,20.0,0,75,38.37537384033203,1.829990626970927,,crash_vehicle
4232,replay,0,replay,,,0,1,1,0,1,0,10.0,5.0,5.0,20.0,0,246,273.35650634765625,6.953135867550121,,out_of_road
4233,fresh,0,fresh,,,0,1,1,5,0,0,5.0,20.0,10.0,35.0,3,110,44.777488708496094,1.5041731610216877,,crash_vehicle
4234,mutation,0,mutation,maximum_distractor_speed,,1,0,0,5,0,0,15.0,40.0,15.0,20.0,0,139,102.27210998535156,4.925598781743496,,out_of_road
4235,fresh,0,fresh,,,0,1,1,3,0,0,20.0,10.0,5.0,10.0,2,207,214.53253173828125,6.139446524822193,,out_of_road
4236,replay,0,replay,,,0,1,1,3,0,0,20.0,10.0,5.0,10.0,2,193,216.68214416503906,7.138579642371193,,out_of_road
4237,fresh,0,fresh,,,0,1,0,12,1,0,5.0,20.0,15.0,35.0,2,65,30.377906799316406,1.2534025898346535,,crash_vehicle
4238,mutation,0,mutation,select_road|select_lane|ego_on_intersection|intersection_has_cars,,1,0,0,0,0,0,5.0,5.0,5.0,20.0,0,100,56.43037796020508,1.4867822515964508,,out_of_road
4239,fresh,0,fresh,,,0,1,1,18,0,1,15.0,5.0,15.0,35.0,2,35,5.626530647277832,1.5534814911229269,,crash_vehicle
4240,crossover,0,crossover,,select_lane|ego_on_intersection|intersection_has_cars|has_brake_checker|intersection_cars|distance_to_nearest|cluster_dist,3,0,0,5,0,0,20.0,5.0,15.0,20.0,1,60,20.949541091918945,4.76457128127416,,crash_vehicle
4241,fresh,0,fresh,,,0,0,0,0,1,0,10.0,20.0,15.0,10.0,0,33,5.07991886138916,0.0,,crash_vehicle
4242,mutation,0,mutation,has_brake_checker,,0,1,0,8,1,1,15.0,5.0,15.0,55.0,3,25,0.4049959182739258,0.19694968760013581,,crash_vehicle
4243,fresh,0,fresh,,,0,0,0,5,1,0,10.0,5.0,5.0,35.0,2,26,-0.3065967559814453,0.0,,crash_vehicle
4244,mutation,0,mutation,cluster_dist,,1,0,0,8,0,0,15.0,10.0,5.0,35.0,1,37,9.519867897033691,0.3678183974446477,,crash_vehicle
4245,fresh,0,fresh,,,0,1,0,5,1,1,5.0,10.0,10.0,20.0,3,40,8.479125022888184,0.4890736654400826,,crash_vehicle
4246,crossover,0,crossover,,select_lane|ego_on_intersection|intersection_has_cars|distractor_cars|intersection_cars|has_cluster|distance_to_nearest|brake_dist,5,0,0,0,0,0,15.0,10.0,15.0,10.0,0,84,45.27274703979492,0.7608151894417547,,out_of_road
4247,fresh,0,fresh,,,0,0,0,2,0,0,10.0,5.0,10.0,10.0,1,39,7.038763046264648,0.30856828066783076,,crash_vehicle
4248,replay,0,replay,,,0,0,0,2,0,0,10.0,5.0,10.0,10.0,1,108,48.629940032958984,7.382383699770327,,out_of_road
4249,fresh,0,fresh,,,0,1,0,5,1,0,5.0,5.0,15.0,20.0,3,23,-0.11408519744873047,0.0,,crash_vehicle
4250,crossover,0,crossover,,select_lane|ego_on_intersection|intersection_has_cars|distractor_cars|has_brake_checker|intersection_cars|has_cluster|maximum_distractor_speed|distance_to_nearest|cluster_dist|brake_dist,7,1,0,2,0,1,15.0,10.0,10.0,10.0,1,173,141.51577758789062,9.67367807013451,,crash_vehicle
4251,fresh,0,fresh,,,0,1,0,0,1,0,20.0,5.0,10.0,35.0,0,83,43.653141021728516,0.7669874850705446,,out_of_road
4252,replay,0,replay,,,0,1,0,0,1,0,20.0,5.0,10.0,35.0,0,142,116.00468444824219,4.239734828682013,,out_of_road
4253,fresh,0,fresh,,,0,0,0,0,1,0,15.0,10.0,5.0,20.0,0,71,36.2867431640625,1.6254886984825134,,crash_vehicle
4254,replay,0,replay,,,0,0,0,0,1,0,15.0,10.0,5.0,20.0,0,193,209.7602081298828,12.084695974471037,,out_of_road
4255,fresh,0,fresh,,,0,0,0,5,0,0,10.0,10.0,10.0,35.0,1,87,37.42601013183594,3.5316612261465226,,crash_vehicle
4256,mutation,0,mutation,maximum_distractor_speed,,1,0,0,8,0,0,15.0,20.0,15.0,20.0,1,103,68.02543640136719,4.302695030147589,,crash_vehicle
4257,fresh,0,fresh,,,0,1,0,1,0,1,10.0,40.0,5.0,20.0,0,97,59.20642852783203,1.4622971360216435,,crash_vehicle
4258,mutation,0,mutation,has_brake_checker,,0,1,0,2,0,0,15.0,10.0,5.0,35.0,1,42,11.635852813720703,0.6688405168907983,,crash_vehicle
4259,fresh,0,fresh,,,0,0,0,12,0,0,20.0,5.0,15.0,35.0,2,35,5.573424339294434,1.4953423772539411,,crash_vehicle
4260,replay,0,replay,,,0,0,0,12,0,0,20.0,5.0,15.0,35.0,2,199,222.53419494628906,11.028110806666428,,out_of_road
4261,fresh,0,fresh,,,0,1,1,0,0,0,5.0,40.0,10.0,55.0,0,165,120.21894836425781,5.433182028387532,,out_of_road
4262,replay,0,replay,,,0,1,1,0,0,0,5.0,40.0,10.0,55.0,0,100,69.64314270019531,1.7237604689598083,,out_of_road
4263,fresh,0,fresh,,,0,0,0,1,1,1,20.0,20.0,15.0,35.0,0,84,39.16480255126953,1.5768142349663234,,crash_vehicle
4264,mutation,0,mutation,maximum_distractor_speed,,1,0,0,4,0,0,10.0,40.0,5.0,10.0,0,120,94.40977478027344,1.3031280986964702,,crash_vehicle
4265,fresh,0,fresh,,,0,0,0,4,0,1,15.0,20.0,15.0,35.0,1,66,22.334043502807617,0.4327695803208785,,crash_vehicle
4266,mutation,0,mutation,intersection_cars,,0,0,0,0,0,0,20.0,5.0,5.0,10.0,0,242,266.9222412109375,7.278658413197383,,out_of_road
4267,fresh,0,fresh,,,0,1,0,2,1,1,5.0,20.0,5.0,55.0,2,106,80.14002990722656,1.761406831021579,,crash_vehicle
4268,mutation,0,mutation,distance_to_nearest,,1,0,0,0,0,0,10.0,20.0,5.0,20.0,0,29,0.11018610000610352,0.5800355713942955,,out_of_road
4269,fresh,0,fresh,,,0,0,0,0,1,0,10.0,20.0,10.0,10.0,0,37,5.762746810913086,0.11647846449065853,,crash_vehicle
4270,replay,0,replay,,,0,0,0,0,1,0,10.0,20.0,10.0,10.0,0,47,15.325742721557617,4.187091056336748,,crash_vehicle
4271,fresh,0,fresh,,,0,1,1,18,1,1,15.0,20.0,15.0,35.0,3,62,31.078392028808594,0.740294927310559,,crash_vehicle
4272,mutation,0,mutation,select_road|select_lane|ego_on_intersection|intersection_has_cars,,1,0,0,0,0,0,20.0,5.0,5.0,20.0,0,116,58.96803665161133,4.003252190762553,,out_of_road
4273,fresh,0,fresh,,,0,1,0,0,1,0,20.0,40.0,5.0,35.0,0,85,54.40609359741211,1.6204764394199147,,out_of_road
4274,crossover,0,crossover,,select_lane|ego_on_intersection|intersection_has_cars|intersection_cars|has_cluster|cluster_dist|brake_dist,3,0,0,0,0,0,15.0,10.0,5.0,20.0,0,158,118.6181640625,4.349590109307555,,out_of_road
4275,fresh,0,fresh,,,0,0,0,8,0,0,5.0,20.0,5.0,20.0,1,81,29.27557373046875,0.5053593560501382,,crash_vehicle
4276,replay,0,replay,,,0,0,0,8,0,0,5.0,20.0,5.0,20.0,1,118,101.38507843017578,7.561711049307201,,crash_vehicle
4277,fresh,0,fresh,,,0,1,0,0,0,0,5.0,10.0,15.0,55.0,0,180,129.21372985839844,5.255755517217848,,out_of_road
4278,crossover,0,crossover,,has_brake_checker|distance_to_nearest,0,0,0,4,0,0,20.0,20.0,5.0,55.0,0,128,105.19774627685547,7.06875364203006,,crash_vehicle
4279,fresh,0,fresh,,,0,1,1,0,1,0,10.0,10.0,10.0,35.0,0,83,43.54317092895508,0.5500855492540153,,out_of_road
4280,crossover,0,crossover,,intersection_cars|has_cluster|maximum_distractor_speed|cluster_dist,3,0,0,3,0,0,10.0,5.0,5.0,55.0,0,36,5.934123992919922,0.42724103066656327,,crash_vehicle
4281,fresh,0,fresh,,,0,1,0,4,0,1,10.0,20.0,5.0,35.0,3,98,38.512901306152344,2.8655401334470634,,crash_vehicle
4282,crossover,0,crossover,,select_lane|ego_on_intersection|intersection_has_cars|distractor_cars|has_brake_checker|intersection_cars|has_cluster|maximum_distractor_speed|brake_dist,1,0,0,0,0,0,10.0,20.0,5.0,20.0,0,36,4.996447563171387,0.48569266001383465,,out_of_road
4283,fresh,0,fresh,,,0,0,0,1,0,0,10.0,10.0,15.0,35.0,0,181,142.1515350341797,5.840862804519538,,out_of_road
4284,replay,0,replay,,,0,0,0,1,0,0,10.0,10.0,15.0,35.0,0,209,212.50128173828125,10.842123591158378,,out_of_road
4285,fresh,0,fresh,,,0,1,1,0,1,0,5.0,10.0,15.0,55.0,0,105,86.3476333618164,1.8642010944230216,,crash_vehicle
4286,replay,0,replay,,,0,1,1,0,1,0,5.0,10.0,15.0,55.0,0,54,8.31743335723877,0.2897016737196181,,out_of_road
4287,fresh,0,fresh,,,0,1,1,1,0,1,10.0,40.0,10.0,20.0,1,158,137.78346252441406,6.1633793404207955,,out_of_road
4288,crossover,0,crossover,,has_brake_checker|intersection_cars|has_cluster|distance_to_nearest|cluster_dist,0,0,0,0,0,0,15.0,10.0,10.0,10.0,0,245,268.0185852050781,7.819118567632169,,out_of_road
4289,fresh,0,fresh,,,0,0,0,5,1,0,5.0,5.0,15.0,55.0,3,43,10.436460494995117,2.8709622649259345,,crash_vehicle
4290,crossover,0,crossover,,distractor_cars|has_brake_checker|intersection_cars|maximum_distractor_speed|distance_to_nearest|cluster_dist|brake_dist,6,0,0,3,0,0,20.0,20.0,10.0,10.0,2,165,150.59609985351562,9.237247900529342,,crash_vehicle
4291,fresh,0,fresh,,,0,1,1,1,1,0,20.0,5.0,5.0,20.0,1,69,30.390296936035156,0.9916793682437012,,crash_vehicle
4292,crossover,0,crossover,,select_lane|ego_on_intersection|intersection_has_cars|distractor_cars,5,0,0,0,0,0,15.0,10.0,15.0,10.0,0,82,42.89994430541992,0.8055328872145676,,out_of_road
4293,fresh,0,fresh,,,0,1,1,0,1,0,15.0,20.0,15.0,10.0,0,39,9.143207550048828,0.21107224929027069,,crash_vehicle
4294,mutation,0,mutation,brake_dist,,1,0,0,0,0,0,20.0,5.0,5.0,20.0,0,255,268.28411865234375,7.061467687756408,,out_of_road
4295,fresh,0,fresh,,,0,0,0,1,0,1,20.0,20.0,5.0,35.0,1,194,208.8204803466797,6.7905649685675336,,out_of_road
4296,mutation,0,mutation,brake_dist,,0,0,0,0,0,0,10.0,5.0,5.0,20.0,0,80,46.541175842285156,1.0663401682861149,,out_of_road
4297,fresh,0,fresh,,,0,0,0,8,0,0,10.0,10.0,15.0,10.0,0,70,33.07582473754883,3.5418056087834495,,crash_vehicle
4298,mutation,0,mutation,distractor_cars,,1,0,0,8,0,0,20.0,40.0,5.0,10.0,0,77,43.7351188659668,0.4512360808137175,,crash_vehicle
4299,fresh,0,fresh,,,0,1,1,12,1,0,5.0,5.0,10.0,20.0,1,25,1.346029281616211,0.02530301868915558,,crash_vehicle
4300,mutation,0,mutation,maximum_distractor_speed,,0,0,0,8,0,0,15.0,20.0,15.0,35.0,3,205,202.65318298339844,9.763680743008125,,crash_vehicle
4301,fresh,0,fresh,,,0,0,0,12,1,1,10.0,5.0,10.0,35.0,2,31,4.3809051513671875,0.9945203392736374,,crash_vehicle
4302,crossover,0,crossover,,select_lane|ego_on_intersection|intersection_has_cars|distractor_cars|has_brake_checker|intersection_cars|cluster_dist|brake_dist,6,1,0,2,0,0,20.0,10.0,10.0,10.0,1,38,8.633020401000977,0.163007269172292,,crash_vehicle
4303,fresh,0,fresh,,,0,0,0,5,0,1,20.0,20.0,15.0,20.0,2,81,49.028263092041016,2.598634794170474,,crash_vehicle
4304,crossover,0,crossover,,cluster_dist|brake_dist,1,1,0,2,0,0,15.0,10.0,5.0,55.0,1,40,10.19833755493164,0.10426721274852753,,crash_vehicle
4305,fresh,0,fresh,,,0,1,1,18,1,0,10.0,40.0,15.0,55.0,1,98,63.70973205566406,1.1373537613116964,,crash_vehicle
4306,mutation,0,mutation,intersection_cars,,0,0,0,0,0,0,10.0,5.0,10.0,20.0,0,72,35.298797607421875,0.502055060946279,,out_of_road
4307,fresh,0,fresh,,,0,0,0,4,0,1,20.0,20.0,10.0,20.0,1,52,7.303420066833496,1.1768928514077113,,out_of_road
4308,crossover,0,crossover,,select_lane|ego_on_intersection|intersection_has_cars|distractor_cars|maximum_distractor_speed|brake_dist,4,0,0,0,0,0,20.0,20.0,10.0,10.0,0,75,40.096710205078125,0.35307328939437865,,out_of_road
4309,fresh,0,fresh,,,0,0,0,4,1,0,10.0,10.0,15.0,20.0,3,35,4.248506546020508,0.08704675946916852,,crash_vehicle
4310,crossover,0,crossover,,distractor_cars|maximum_distractor_speed|distance_to_nearest|cluster_dist,3,0,0,8,0,0,20.0,10.0,15.0,10.0,0,87,41.0021858215332,4.622668562264278,,crash_vehicle
4311,fresh,0,fresh,,,0,1,0,18,0,1,15.0,5.0,15.0,35.0,3,153,83.11528015136719,4.709084248231127,,crash_vehicle
4312,replay,0,replay,,,0,1,0,18,0,1,15.0,5.0,15.0,35.0,3,262,291.1127624511719,7.274273931297637,,out_of_road
4313,fresh,0,fresh,,,0,0,0,4,1,1,15.0,40.0,10.0,55.0,0,76,26.40155601501465,0.7044647808529829,,crash_vehicle
4314,replay,0,replay,,,0,0,0,4,1,1,15.0,40.0,10.0,55.0,0,242,286.0651550292969,8.535878374680015,,out_of_road
4315,fresh,0,fresh,,,0,0,0,12,1,1,5.0,20.0,15.0,35.0,0,72,35.71293640136719,1.11600242389573,,crash_vehicle
4316,replay,0,replay,,,0,0,0,12,1,1,5.0,20.0,15.0,35.0,0,112,87.14832305908203,6.158472220812525,,crash_vehicle
4317,fresh,0,fresh,,,0,1,0,12,0,1,20.0,10.0,10.0,35.0,1,38,8.330219268798828,0.7185998833493182,,crash_vehicle
4318,crossover,0,crossover,,select_lane|ego_on_intersection|intersection_has_cars|distractor_cars|intersection_cars|has_cluster|cluster_dist|brake_dist,4,0,0,0,0,0,20.0,20.0,5.0,20.0,0,2,10.0,0.0,,arrive_dest
4319,fresh,0,fresh,,,0,0,0,8,1,1,15.0,40.0,5.0,55.0,1,68,36.247318267822266,0.20798862681669347,,crash_vehicle
4320,crossover,0,crossover,,has_brake_checker|intersection_cars|maximum_distractor_speed|brake_dist,2,0,0,0,0,0,15.0,20.0,5.0,10.0,0,250,281.72833251953125,7.844615719795227,,out_of_road
4321,fresh,0,fresh,,,0,0,0,1,1,0,15.0,20.0,5.0,35.0,1,122,62.397491455078125,2.2101788697916955,,out_of_road
4322,mutation,0,mutation,maximum_distractor_speed,,1,0,0,0,0,0,15.0,10.0,10.0,10.0,0,271,317.59661865234375,9.22132049319489,,out_of_road
4323,fresh,0,fresh,,,0,0,0,12,1,1,10.0,40.0,15.0,55.0,2,68,35.51749038696289,1.0091863704078339,,crash_vehicle
4324,mutation,0,mutation,distractor_cars,,1,1,1,2,0,0,15.0,20.0,10.0,55.0,2,123,95.37238311767578,2.0611480542314733,,out_of_road
4325,fresh,0,fresh,,,0,1,0,1,0,0,20.0,10.0,5.0,20.0,1,174,154.98341369628906,5.748759533824591,,out_of_road
4326,replay,0,replay,,,0,1,0,1,0,0,20.0,10.0,5.0,20.0,1,244,272.5581970214844,7.8042333055226525,,out_of_road
4327,fresh,0,fresh,,,0,1,0,5,1,1,5.0,20.0,15.0,55.0,0,75,40.07306671142578,1.6290249760945639,,crash_vehicle
4328,replay,0,replay,,,0,1,0,5,1,1,5.0,20.0,15.0,55.0,0,150,115.67082977294922,4.557815086046855,,out_of_road
4329,fresh,0,fresh,,,0,1,1,8,0,0,15.0,10.0,10.0,20.0,1,46,13.75006103515625,1.371956989493059,,crash_vehicle
4330,mutation,0,mutation,maximum_distractor_speed,,1,0,0,12,0,1,5.0,10.0,15.0,10.0,3,181,134.684814453125,5.235881937719181,,crash_vehicle
4331,fresh,0,fresh,,,0,1,1,8,1,0,15.0,40.0,10.0,55.0,0,136,85.33394622802734,1.6170683985247332,,crash_vehicle
4332,crossover,0,crossover,,distractor_cars|has_brake_checker|has_cluster|distance_to_nearest,1,0,0,0,0,0,10.0,5.0,5.0,10.0,0,81,45.841522216796875,1.0240767855703095,,out_of_road
4333,fresh,0,fresh,,,0,0,0,3,1,0,15.0,20.0,15.0,35.0,0,64,21.004379272460938,0.2494416618719697,,crash_vehicle
4334,replay,0,replay,,,0,0,0,3,1,0,15.0,20.0,15.0,35.0,0,151,138.72032165527344,8.749756284107436,,crash_vehicle
4335,fresh,0,fresh,,,0,1,1,4,0,1,5.0,5.0,15.0,10.0,2,25,0.8593487739562988,0.0009060916304588318,,crash_vehicle
4336,replay,0,replay,,,0,1,1,4,0,1,5.0,5.0,15.0,10.0,2,251,285.7887268066406,7.581820360752216,,out_of_road
4337,fresh,0,fresh,,,0,1,1,18,0,0,5.0,20.0,10.0,20.0,0,170,168.2939453125,5.988949989921906,,crash_vehicle
4338,mutation,0,mutation,maximum_distractor_speed,,1,0,0,1,0,1,10.0,20.0,5.0,35.0,1,176,154.01376342773438,4.013407643376426,,out_of_road
4339,fresh,0,fresh,,,0,0,0,0,1,0,15.0,20.0,5.0,35.0,0,97,63.04225158691406,1.84518629834824,,crash_vehicle
4340,mutation,0,mutation,distractor_cars,,1,0,0,8,0,0,20.0,5.0,10.0,10.0,0,25,0.4405856132507324,0.21885287046432494,,crash_vehicle
4341,fresh,0,fresh,,,0,0,0,4,1,0,20.0,20.0,5.0,55.0,1,112,82.46216583251953,5.737633128251348,,crash_vehicle
4342,replay,0,replay,,,0,0,0,4,1,0,20.0,20.0,5.0,55.0,1,158,147.6786651611328,9.414685049011737,,crash_vehicle
4343,fresh,0,fresh,,,0,0,0,18,0,1,10.0,5.0,5.0,20.0,2,25,0.35433244705200195,0.08429466247558594,,crash_vehicle
4344,replay,0,replay,,,0,0,0,18,0,1,10.0,5.0,5.0,20.0,2,234,265.7754821777344,6.807442693756177,,out_of_road
4345,fresh,0,fresh,,,0,0,0,18,1,0,5.0,10.0,5.0,20.0,3,34,4.863336563110352,0.32609401029698987,,crash_vehicle
4346,crossover,0,crossover,,select_lane|ego_on_intersection|intersection_has_cars|distractor_cars|intersection_cars|cluster_dist|brake_dist,4,0,0,0,0,0,20.0,20.0,5.0,20.0,0,133,72.91683197021484,3.961825908574843,,out_of_road
4347,fresh,0,fresh,,,0,1,0,4,0,0,15.0,40.0,5.0,20.0,3,121,106.17249298095703,3.1461969155910587,,crash_vehicle
4348,mutation,0,mutation,has_cluster,,1,0,0,1,0,0,10.0,10.0,5.0,55.0,1,124,81.9730224609375,5.260403349815357,,out_of_road
4349,fresh,0,fresh,,,0,1,0,1,0,0,20.0,5.0,5.0,35.0,1,82,41.80390167236328,0.2953517168033414,,out_of_road
4350,crossover,0,crossover,,select_lane|ego_on_intersection|intersection_has_cars|has_brake_checker|intersection_cars|maximum_distractor_speed|distance_to_nearest|brake_dist,2,0,0,0,0,0,20.0,5.0,5.0,10.0,0,239,267.48712158203125,7.671043499992482,,out_of_road
4351,fresh,0,fresh,,,0,0,0,5,0,1,10.0,5.0,5.0,10.0,2,23,-0.03781414031982422,0.1360177579133407,,crash_vehicle
4352,crossover,0,crossover,,intersection_cars|has_cluster|maximum_distractor_speed|distance_to_nearest|brake_dist,3,0,0,8,0,0,15.0,10.0,15.0,10.0,0,45,14.058095932006836,0.7738319105572171,,crash_vehicle
4353,fresh,0,fresh,,,0,0,0,8,1,1,15.0,5.0,15.0,20.0,3,30,4.049684524536133,1.377823277314504,,crash_vehicle
4354,replay,0,replay,,,0,0,0,8,1,1,15.0,5.0,15.0,20.0,3,150,133.7338409423828,8.228940553665161,,crash_vehicle
4355,fresh,0,fresh,,,0,0,0,8,0,1,20.0,10.0,15.0,20.0,0,43,12.905105590820312,0.6910493775855663,,crash_vehicle
4356,crossover,0,crossover,,select_lane|ego_on_intersection|intersection_has_cars|distractor_cars|has_brake_checker|distance_to_nearest,3,0,0,2,0,1,15.0,20.0,10.0,10.0,1,53,18.15292739868164,0.2250653662771549,,crash_vehicle
4357,fresh,0,fresh,,,0,1,1,8,0,0,15.0,5.0,10.0,10.0,1,23,-0.15140867233276367,0.0,,crash_vehicle
4358,mutation,0,mutation,distractor_cars,,1,1,0,12,0,1,5.0,10.0,15.0,35.0,3,33,5.016246795654297,0.0,,crash_vehicle
4359,fresh,0,fresh,,,0,0,0,3,1,1,5.0,40.0,15.0,55.0,3,124,60.777320861816406,0.8206915980385195,,out_of_road
4360,mutation,0,mutation,brake_dist,,1,0,0,8,0,0,15.0,10.0,15.0,20.0,1,43,14.15557861328125,1.215603991303333,,crash_vehicle
4361,fresh,0,fresh,,,0,1,1,0,0,0,20.0,5.0,15.0,10.0,0,145,124.7129898071289,4.285431756233347,,arrive_dest
4362,mutation,0,mutation,distance_to_nearest,,1,1,0,2,0,1,15.0,40.0,15.0,10.0,1,60,6.601042747497559,1.428661224246025,,out_of_road
4363,fresh,0,fresh,,,0,1,0,4,0,1,15.0,40.0,15.0,10.0,2,91,54.81719207763672,0.9460189679821769,,out_of_road
4364,crossover,0,crossover,,select_lane|ego_on_intersection|intersection_has_cars|distractor_cars|has_brake_checker|has_cluster|distance_to_nearest|cluster_dist,1,0,0,0,0,0,10.0,20.0,5.0,20.0,0,118,61.14787292480469,5.77348596564794,,out_of_road
4365,fresh,0,fresh,,,0,0,0,3,0,0,20.0,20.0,5.0,35.0,1,165,142.13424682617188,7.4255440964843284,,out_of_road
4366,replay,0,replay,,,0,0,0,3,0,0,20.0,20.0,5.0,35.0,1,40,3.8210840225219727,0.6336824476718903,,out_of_road
4367,fresh,0,fresh,,,0,1,1,1,1,1,5.0,5.0,10.0,20.0,1,84,37.0526237487793,4.234998814406849,,out_of_road
4368,crossover,0,crossover,,select_lane|ego_on_intersection|intersection_has_cars|has_cluster|cluster_dist|brake_dist,2,0,0,0,0,0,20.0,5.0,10.0,20.0,0,88,40.14945602416992,0.4666816243393855,,out_of_road
4369,fresh,0,fresh,,,0,1,0,0,1,0,15.0,20.0,15.0,35.0,0,93,60.67384338378906,1.2376875198015602,,crash_vehicle
4370,crossover,0,crossover,,distractor_cars|has_brake_checker|intersection_cars|has_cluster|cluster_dist|brake_dist,4,0,0,8,0,0,20.0,5.0,15.0,35.0,1,26,0.3336029052734375,0.5332271611461272,,crash_vehicle
4371,fresh,0,fresh,,,0,1,0,2,0,0,10.0,20.0,5.0,20.0,2,107,36.270751953125,0.5869341857522448,,out_of_road
4372,replay,0,replay,,,0,1,0,2,0,0,10.0,20.0,5.0,20.0,2,122,96.90933990478516,6.213839190905212,,crash_vehicle
4373,fresh,0,fresh,,,0,0,0,12,0,1,5.0,10.0,5.0,20.0,3,65,3.9707260131835938,1.5975637912750245,,out_of_road
4374,crossover,0,crossover,,select_lane|ego_on_intersection|intersection_has_cars|distractor_cars|has_brake_checker|has_cluster|distance_to_nearest,3,0,0,0,0,0,20.0,20.0,10.0,20.0,0,254,242.6561279296875,5.434450700996429,,out_of_road
4375,fresh,0,fresh,,,0,0,0,8,1,0,5.0,20.0,5.0,55.0,0,47,16.073318481445312,0.4512118285006665,,crash_vehicle
4376,replay,0,replay,,,0,0,0,8,1,0,5.0,20.0,5.0,55.0,0,70,38.238529205322266,5.63604119845799,,crash_vehicle
4377,fresh,0,fresh,,,0,1,1,12,0,0,15.0,20.0,5.0,35.0,0,54,21.51864242553711,0.3934578851417259,,crash_vehicle
4378,replay,0,replay,,,0,1,1,12,0,0,15.0,20.0,5.0,35.0,0,226,258.2466125488281,6.603527176960379,,out_of_road
4379,fresh,0,fresh,,,0,1,0,5,1,0,20.0,40.0,10.0,55.0,2,96,33.76003646850586,3.0922958304484687,,crash_vehicle
4380,replay,0,replay,,,0,1,0,5,1,0,20.0,40.0,10.0,55.0,2,250,272.2742919921875,7.05713603836298,,out_of_road
4381,fresh,0,fresh,,,0,1,1,5,0,0,10.0,20.0,5.0,35.0,0,118,62.859031677246094,4.238910912457159,,out_of_road
4382,replay,0,replay,,,0,1,1,5,0,0,10.0,20.0,5.0,35.0,0,210,194.52098083496094,8.077996029740287,,out_of_road
4383,fresh,0,fresh,,,0,0,0,4,0,1,5.0,20.0,5.0,35.0,2,47,15.378778457641602,0.6277274578175647,,crash_vehicle
4384,mutation,0,mutation,cluster_dist,,0,0,0,0,0,0,20.0,20.0,10.0,20.0,0,74,35.45921325683594,0.4408737924453375,,out_of_road
4385,fresh,0,fresh,,,0,1,1,12,0,0,5.0,10.0,10.0,20.0,3,45,11.892805099487305,1.1424935983286963,,crash_vehicle
4386,mutation,0,mutation,cluster_dist,,0,0,0,0,0,0,20.0,20.0,5.0,10.0,0,257,266.5950012207031,6.1790104281693585,,out_of_road
4387,fresh,0,fresh,,,0,1,0,12,1,1,20.0,5.0,10.0,20.0,2,22,0.0002894401550292969,0.09390906989574432,,crash_vehicle
4388,crossover,0,crossover,,intersection_cars|cluster_dist,1,0,0,8,0,0,15.0,20.0,10.0,20.0,0,112,78.95918273925781,5.4349750855139325,,out_of_road
4389,fresh,0,fresh,,,0,0,0,2,0,1,10.0,40.0,5.0,20.0,2,2,10.0,0.3458833694458008,,arrive_dest
4390,mutation,0,mutation,select_road|select_lane|ego_on_intersection|intersection_has_cars,,2,1,0,5,0,0,20.0,20.0,10.0,20.0,2,47,0.8471755981445312,0.7372841226293686,,out_of_road
4391,fresh,0,fresh,,,0,1,1,0,0,0,20.0,40.0,15.0,20.0,0,127,99.89391326904297,1.5529934402525893,,out_of_road
4392,mutation,0,mutation,has_brake_checker,,1,0,0,0,1,0,20.0,40.0,5.0,20.0,0,74,32.55035400390625,0.5807668278748924,,crash_vehicle
4393,fresh,0,fresh,,,0,0,0,8,0,1,10.0,5.0,10.0,55.0,3,29,1.4682807922363281,0.0,,crash_vehicle
4394,replay,0,replay,,,0,0,0,8,0,1,10.0,5.0,10.0,55.0,3,248,243.97552490234375,5.468061848753883,,out_of_road
4395,fresh,0,fresh,,,0,1,1,0,0,0,15.0,20.0,15.0,35.0,0,242,189.2795867919922,2.840414645996961,,out_of_road
4396,crossover,0,crossover,,distractor_cars|has_cluster|maximum_distractor_speed|brake_dist,3,0,0,5,0,1,15.0,20.0,15.0,55.0,1,61,24.099498748779297,0.8099540814024503,,crash_vehicle
4397,fresh,0,fresh,,,0,1,1,8,1,0,5.0,5.0,10.0,35.0,3,36,6.878410339355469,1.7584272291925218,,crash_vehicle
4398,replay,0,replay,,,0,1,1,8,1,0,5.0,5.0,10.0,35.0,3,241,245.23001098632812,6.419071091346721,,out_of_road
4399,fresh,0,fresh,,,0,0,0,4,1,0,5.0,10.0,5.0,20.0,3,33,4.67995548248291,0.22041989095283276,,crash_vehicle
4400,replay,0,replay,,,0,0,0,4,1,0,5.0,10.0,5.0,20.0,3,76,34.2895393371582,0.5369935492543798,,out_of_road
4401,fresh,0,fresh,,,0,1,1,8,0,1,5.0,5.0,15.0,20.0,0,102,7.906024932861328,3.6246973720251345,,crash_vehicle
4402,mutation,0,mutation,cluster_dist,,1,1,0,12,0,1,10.0,10.0,10.0,20.0,3,33,0.3299984931945801,0.7626081343853113,,crash_vehicle
4403,fresh,0,fresh,,,0,0,0,18,0,1,10.0,5.0,5.0,20.0,0,22,-0.38852787017822266,0.0,,crash_vehicle
4404,crossover,0,crossover,,select_lane|ego_on_intersection|intersection_has_cars|has_cluster|maximum_distractor_speed|distance_to_nearest|cluster_dist,3,0,0,4,0,1,20.0,40.0,15.0,10.0,0,86,39.2828254699707,0.5500796132309492,,out_of_road
4405,fresh,0,fresh,,,0,1,0,8,1,0,15.0,20.0,5.0,35.0,0,146,110.23766326904297,6.676986241789713,,out_of_road
4406,replay,0,replay,,,0,1,0,8,1,0,15.0,20.0,5.0,35.0,0,248,253.61688232421875,6.104983491943248,,out_of_road
4407,fresh,0,fresh,,,0,0,0,1,1,1,15.0,40.0,10.0,55.0,1,216,200.6445770263672,3.9093385680268207,,out_of_road
4408,crossover,0,crossover,,intersection_cars|has_cluster|cluster_dist,2,0,0,1,0,0,10.0,10.0,15.0,55.0,1,111,70.89569854736328,4.546687690524368,,out_of_road
4409,fresh,0,fresh,,,0,1,0,12,1,0,5.0,5.0,15.0,20.0,3,54,13.271484375,1.3679509394698672,,crash_vehicle
4410,replay,0,replay,,,0,1,0,12,1,0,5.0,5.0,15.0,20.0,3,166,170.99293518066406,12.096350162144168,,crash_vehicle
4411,fresh,0,fresh,,,0,0,0,4,1,1,15.0,40.0,10.0,55.0,2,70,31.25101089477539,0.6357593502317156,,crash_vehicle
4412,crossover,0,crossover,,select_lane|ego_on_intersection|intersection_has_cars|has_brake_checker|maximum_distractor_speed|cluster_dist|brake_dist,3,0,0,0,0,0,20.0,5.0,5.0,55.0,0,182,184.5768585205078,2.748376128775487,,out_of_road
4413,fresh,0,fresh,,,0,0,0,18,1,1,10.0,10.0,10.0,35.0,3,60,24.20430564880371,1.9074075321356456,,crash_vehicle
4414,replay,0,replay,,,0,0,0,18,1,1,10.0,10.0,10.0,35.0,3,197,155.90635681152344,8.54693996997049,,out_of_road
4415,fresh,0,fresh,,,0,1,1,3,0,0,15.0,10.0,10.0,20.0,0,51,15.779787063598633,0.8884731607109893,,crash_vehicle
4416,crossover,0,crossover,,select_lane|ego_on_intersection|intersection_has_cars|has_brake_checker|intersection_cars|cluster_dist|brake_dist,3,0,0,1,0,1,10.0,10.0,5.0,10.0,0,48,13.019447326660156,0.6386511611441771,,crash_vehicle
4417,fresh,0,fresh,,,0,1,0,3,1,0,5.0,40.0,15.0,55.0,3,76,38.783531188964844,0.6243659869620675,,out_of_road
4418,replay,0,replay,,,0,1,0,3,1,0,5.0,40.0,15.0,55.0,3,32,-2.870309591293335,0.44283533096313477,,out_of_road
4419,fresh,0,fresh,,,0,1,1,1,1,1,10.0,20.0,5.0,55.0,0,48,19.585039138793945,1.0855311453342438,,arrive_dest
4420,crossover,0,crossover,,select_lane|ego_on_intersection|intersection_has_cars|distractor_cars|intersection_cars|distance_to_nearest,1,0,0,0,0,0,10.0,20.0,10.0,55.0,0,84,39.16973876953125,0.3355382216118631,,out_of_road
4421,fresh,0,fresh,,,0,1,1,1,1,1,10.0,40.0,5.0,55.0,0,69,35.28848648071289,0.6606633905051411,,crash_vehicle
4422,mutation,0,mutation,maximum_distractor_speed,,1,0,0,0,0,0,5.0,20.0,5.0,10.0,0,240,283.3194885253906,8.499539658861856,,out_of_road
4423,fresh,0,fresh,,,0,1,0,5,1,0,5.0,5.0,5.0,55.0,0,22,-0.4351816177368164,0.07473217357288707,,crash_vehicle
4424,crossover,0,crossover,,select_lane|ego_on_intersection|intersection_has_cars|distractor_cars|has_brake_checker|intersection_cars|has_cluster|maximum_distractor_speed|cluster_dist,4,0,0,5,0,0,20.0,40.0,10.0,10.0,2,119,88.10106658935547,2.818383693068969,,crash_vehicle
4425,fresh,0,fresh,,,0,0,0,0,1,0,15.0,20.0,5.0,20.0,0,89,30.583480834960938,0.9099726328689061,,crash_vehicle
4426,crossover,0,crossover,,distractor_cars|has_brake_checker|intersection_cars|maximum_distractor_speed|cluster_dist,3,0,0,12,0,0,20.0,5.0,10.0,55.0,2,21,-2.051370143890381,0.0,,crash_vehicle
4427,fresh,0,fresh,,,0,1,0,12,1,0,5.0,20.0,15.0,35.0,0,52,17.103361129760742,0.12786186429170462,,crash_vehicle
4428,crossover,0,crossover,,select_lane|ego_on_intersection|intersection_has_cars|intersection_cars|has_cluster|cluster_dist|brake_dist,5,0,0,12,0,0,5.0,5.0,5.0,10.0,0,31,2.9617562294006348,0.0863027851427755,,crash_vehicle
4429,fresh,0,fresh,,,0,0,0,12,0,0,20.0,5.0,15.0,55.0,0,32,0.7264804840087891,0.04705202579498291,,crash_vehicle
4430,mutation,0,mutation,select_road|select_lane|ego_on_intersection|intersection_has_cars,,1,0,0,0,0,0,20.0,20.0,15.0,10.0,0,257,270.5710754394531,6.248648859647461,,out_of_road
4431,fresh,0,fresh,,,0,1,1,8,1,0,20.0,40.0,10.0,55.0,1,78,44.768646240234375,0.5835952269725311,,crash_vehicle
4432,replay,0,replay,,,0,1,1,8,1,0,20.0,40.0,10.0,55.0,1,42,20.99227523803711,0.37670789446149555,,arrive_dest
4433,fresh,0,fresh,,,0,0,0,8,1,1,10.0,40.0,15.0,55.0,1,88,46.494544982910156,1.406063375486569,,out_of_road
4434,crossover,0,crossover,,distractor_cars|has_brake_checker|maximum_distractor_speed|distance_to_nearest|cluster_dist,6,0,0,0,0,0,15.0,10.0,10.0,55.0,0,118,57.127113342285156,0.3755528371212846,,out_of_road
4435,fresh,0,fresh,,,0,0,0,4,1,1,5.0,40.0,10.0,55.0,2,30,15.020511627197266,0.8578784306844075,,arrive_dest
4436,replay,0,replay,,,0,0,0,4,1,1,5.0,40.0,10.0,55.0,2,23,-1.8570351600646973,0.3310864412266275,,crash_vehicle
4437,fresh,0,fresh,,,0,1,1,2,0,0,15.0,10.0,15.0,35.0,0,54,18.822181701660156,1.4229426549540625,,crash_vehicle
4438,crossover,0,crossover,,intersection_cars|maximum_distractor_speed|brake_dist,0,0,0,5,0,0,20.0,20.0,10.0,20.0,2,194,213.58953857421875,13.12924789522112,,out_of_road
4439,fresh,0,fresh,,,0,1,0,4,1,0,10.0,10.0,15.0,35.0,1,109,42.318607330322266,3.6522133530826744,,out_of_road
4440,crossover,0,crossover,,select_lane|ego_on_intersection|intersection_has_cars|distractor_cars|maximum_distractor_speed|cluster_dist|brake_dist,5,0,0,0,0,0,10.0,20.0,5.0,20.0,0,130,73.77569580078125,4.443543020034066,,out_of_road
4441,fresh,0,fresh,,,0,0,0,2,1,0,15.0,10.0,10.0,55.0,2,109,87.74081420898438,2.2757071130866304,,crash_vehicle
4442,mutation,0,mutation,brake_dist,,1,0,0,0,0,0,20.0,5.0,5.0,55.0,0,241,287.2818298339844,8.424404600225543,,out_of_road
4443,fresh,0,fresh,,,0,0,0,2,1,1,5.0,20.0,5.0,35.0,2,140,84.2784652709961,5.054579198360443,,out_of_road
4444,replay,0,replay,,,0,0,0,2,1,1,5.0,20.0,5.0,35.0,2,40,9.893279075622559,0.2743162766098976,,crash_vehicle
4445,fresh,0,fresh,,,0,1,1,3,1,0,5.0,5.0,5.0,20.0,2,149,0.7469487190246582,0.3662172864947543,,out_of_road
4446,replay,0,replay,,,0,1,1,3,1,0,5.0,5.0,5.0,20.0,2,204,203.06631469726562,8.85254031448972,,out_of_road
4447,fresh,0,fresh,,,0,0,0,8,0,1,20.0,20.0,15.0,35.0,1,64,24.217985153198242,0.7472850698977709,,crash_vehicle
4448,mutation,0,mutation,brake_dist,,1,1,1,3,0,0,20.0,10.0,5.0,35.0,2,228,4.759429931640625,0.21859037497064523,,crash_vehicle
4449,fresh,0,fresh,,,0,0,0,1,0,0,10.0,10.0,5.0,10.0,1,110,65.19786834716797,2.217853586240248,,out_of_road
4450,replay,0,replay,,,0,0,0,1,0,0,10.0,10.0,5.0,10.0,1,264,246.32936096191406,5.476686060597951,,out_of_road
4451,fresh,0,fresh,,,0,1,1,5,1,1,20.0,5.0,10.0,35.0,0,306,0.27252626419067383,0.17074525940651988,,crash_vehicle
4452,replay,0,replay,,,0,1,1,5,1,1,20.0,5.0,10.0,35.0,0,135,70.64684295654297,4.124290742918297,,out_of_road
4453,fresh,0,fresh,,,0,0,0,4,0,1,5.0,40.0,10.0,10.0,3,39,0.6258201599121094,0.3619762811905298,,crash_vehicle
4454,crossover,0,crossover,,intersection_cars|maximum_distractor_speed|distance_to_nearest|cluster_dist,2,0,0,0,0,0,15.0,10.0,5.0,55.0,0,234,287.0743103027344,8.95348693162967,,out_of_road
4455,fresh,0,fresh,,,0,0,0,3,0,1,15.0,40.0,5.0,10.0,1,23,-5.192835807800293,0.08923858145008916,,out_of_road
4456,mutation,0,mutation,cluster_dist,,1,1,0,2,0,1,15.0,10.0,5.0,10.0,1,225,199.98458862304688,4.489733518891865,,out_of_road
4457,fresh,0,fresh,,,0,0,0,5,0,0,10.0,5.0,15.0,20.0,2,26,-0.6160860061645508,0.4058324373685397,,crash_vehicle
4458,mutation,0,mutation,has_brake_checker,,1,0,0,0,1,0,15.0,10.0,10.0,10.0,0,35,7.180549621582031,0.00033321380615234373,,crash_vehicle
4459,fresh,0,fresh,,,0,0,0,8,1,0,10.0,40.0,15.0,55.0,3,41,-0.11585760116577148,0.16693194319562213,,out_of_road
4460,replay,0,replay,,,0,0,0,8,1,0,10.0,40.0,15.0,55.0,3,45,0.41646766662597656,0.0,,out_of_road
4461,fresh,0,fresh,,,0,0,0,8,1,1,15.0,20.0,10.0,35.0,3,53,18.702787399291992,0.3598525749062592,,crash_vehicle
4462,crossover,0,crossover,,has_cluster|maximum_distractor_speed,1,1,1,12,0,0,15.0,5.0,10.0,20.0,0,88,0.9177589416503906,1.0601927136833018,,out_of_road
4463,fresh,0,fresh,,,0,0,0,18,0,1,10.0,40.0,10.0,10.0,1,211,214.95016479492188,4.969233950732444,,out_of_road
4464,mutation,0,mutation,brake_dist,,0,0,0,0,0,0,10.0,10.0,10.0,55.0,0,258,282.7026672363281,6.485542788004229,,out_of_road
4465,fresh,0,fresh,,,0,0,0,12,1,0,20.0,5.0,10.0,20.0,3,24,0.8280487060546875,0.14245923360188803,,crash_vehicle
4466,replay,0,replay,,,0,0,0,12,1,0,20.0,5.0,10.0,20.0,3,145,145.649658203125,9.683275155774478,,crash_vehicle
4467,fresh,0,fresh,,,0,1,0,1,0,1,10.0,40.0,5.0,20.0,1,176,158.98643493652344,4.23443088714372,,out_of_road
4468,replay,0,replay,,,0,1,0,1,0,1,10.0,40.0,5.0,20.0,1,205,207.51922607421875,4.947215546340477,,out_of_road
4469,fresh,0,fresh,,,0,0,0,0,0,0,5.0,20.0,5.0,35.0,0,86,42.622337341308594,1.0434093101080073,,out_of_road
4470,crossover,0,crossover,,select_lane|ego_on_intersection|intersection_has_cars|has_brake_checker|intersection_cars|has_cluster|distance_to_nearest|brake_dist,4,0,0,5,0,0,20.0,10.0,10.0,10.0,0,35,7.044745445251465,0.0003573553902762277,,crash_vehicle
4471,fresh,0,fresh,,,0,1,1,0,1,0,10.0,40.0,15.0,35.0,0,94,59.79852294921875,1.4810161660326289,,crash_vehicle
4472,replay,0,replay,,,0,1,1,0,1,0,10.0,40.0,15.0,35.0,0,85,44.081275939941406,5.910771082779941,,out_of_road
4473,fresh,0,fresh,,,0,1,1,4,0,1,10.0,20.0,15.0,35.0,2,210,198.49502563476562,4.954905854236512,,out_of_road
4474,crossover,0,crossover,,distractor_cars|has_cluster|cluster_dist,2,0,0,0,0,0,10.0,5.0,10.0,10.0,0,196,200.3607940673828,5.0638927616635145,,out_of_road
4475,fresh,0,fresh,,,0,1,0,5,0,0,5.0,20.0,5.0,10.0,0,60,26.02606201171875,0.6277895569801331,,crash_vehicle
4476,replay,0,replay,,,0,1,0,5,0,0,5.0,20.0,5.0,10.0,0,245,287.0215759277344,7.923259833272622,,out_of_road
4477,fresh,0,fresh,,,0,1,1,12,0,0,5.0,40.0,5.0,10.0,1,80,40.0651741027832,0.4515106201171875,,out_of_road
4478,mutation,0,mutation,brake_dist,,0,0,0,0,0,0,10.0,5.0,5.0,20.0,0,272,328.74981689453125,9.424866125206737,,out_of_road
4479,fresh,0,fresh,,,0,0,0,18,1,0,10.0,40.0,15.0,55.0,1,137,57.62477493286133,0.6963422792780138,,out_of_road
4480,mutation,0,mutation,select_road|select_lane|ego_on_intersection|intersection_has_cars,,1,0,0,1,0,0,10.0,5.0,5.0,10.0,0,37,0.6812839508056641,0.08718897845294024,,out_of_road
4481,fresh,0,fresh,,,0,0,0,2,1,0,5.0,5.0,15.0,20.0,2,74,38.7528190612793,0.8565755885195088,,crash_vehicle
4482,crossover,0,crossover,,select_lane|ego_on_intersection|intersection_has_cars|has_brake_checker|has_cluster|maximum_distractor_speed,1,0,0,0,0,0,20.0,5.0,5.0,20.0,0,244,268.7590637207031,6.571034426694034,,out_of_road
4483,fresh,0,fresh,,,0,0,0,3,0,0,20.0,20.0,15.0,20.0,2,138,81.12110137939453,2.9283314936834834,,crash_vehicle
4484,mutation,0,mutation,intersection_cars,,1,0,0,5,0,0,5.0,10.0,5.0,20.0,0,60,-8.775823593139648,0.0,,out_of_road
4485,fresh,0,fresh,,,0,1,1,12,0,1,20.0,20.0,15.0,55.0,0,70,37.30112075805664,1.2358979978731701,,crash_vehicle
4486,mutation,0,mutation,select_road|select_lane|ego_on_intersection|intersection_has_cars,,1,0,0,0,0,0,20.0,5.0,10.0,10.0,0,77,32.099891662597656,0.48867437514391815,,out_of_road
4487,fresh,0,fresh,,,0,1,0,0,0,0,15.0,20.0,5.0,35.0,0,203,180.80067443847656,3.0747870905645964,,out_of_road
4488,crossover,0,crossover,,distractor_cars|intersection_cars|has_cluster|maximum_distractor_speed,3,1,0,0,0,0,5.0,10.0,15.0,35.0,0,203,201.2095489501953,5.049751919845642,,out_of_road
4489,fresh,0,fresh,,,0,0,0,3,0,1,15.0,20.0,10.0,10.0,1,45,15.391441345214844,0.43540785643789504,,crash_vehicle
4490,mutation,0,mutation,brake_dist,,1,0,0,8,0,0,20.0,20.0,15.0,55.0,1,143,115.13048553466797,5.893929099703168,,crash_vehicle
4491,fresh,0,fresh,,,0,0,0,5,0,1,10.0,5.0,5.0,10.0,0,24,0.34635066986083984,0.04931508004665375,,crash_vehicle
4492,replay,0,replay,,,0,0,0,5,0,1,10.0,5.0,5.0,10.0,0,61,9.925647735595703,0.31024804662485594,,out_of_road
4493,fresh,0,fresh,,,0,1,0,5,1,1,20.0,5.0,5.0,35.0,0,22,-2.3744444847106934,0.0,,crash_vehicle
4494,replay,0,replay,,,0,1,0,5,1,1,20.0,5.0,5.0,35.0,0,193,187.40078735351562,10.923411974017483,,out_of_road
4495,fresh,0,fresh,,,0,1,1,18,0,1,10.0,40.0,15.0,20.0,1,95,46.61412811279297,1.4762542461094104,,out_of_road
4496,crossover,0,crossover,,has_cluster|maximum_distractor_speed|brake_dist,0,0,0,0,0,0,20.0,20.0,5.0,10.0,0,275,243.58909606933594,3.8738879161531274,,out_of_road
4497,fresh,0,fresh,,,0,0,0,3,1,0,5.0,10.0,10.0,20.0,3,102,39.95956039428711,1.095469805539823,,crash_vehicle
4498,replay,0,replay,,,0,0,0,3,1,0,5.0,10.0,10.0,20.0,3,246,255.18441772460938,5.6953718519610605,,out_of_road
4499,fresh,0,fresh,,,0,1,1,2,1,1,15.0,5.0,5.0,55.0,0,23,-0.20523643493652344,0.1599745484797851,,crash_vehicle
4500,crossover,0,crossover,,select_lane|ego_on_intersection|intersection_has_cars|has_brake_checker|has_cluster|maximum_distractor_speed|cluster_dist|brake_dist,5,1,0,0,0,0,15.0,5.0,10.0,10.0,0,172,175.40383911132812,2.6379968796012014,,out_of_road
4501,fresh,0,fresh,,,0,0,0,8,1,1,20.0,40.0,5.0,55.0,3,44,-9.675016403198242,0.0932250131260265,,out_of_road
4502,crossover,0,crossover,,select_lane|ego_on_intersection|intersection_has_cars|intersection_cars|cluster_dist,2,0,0,4,0,0,20.0,20.0,10.0,55.0,0,74,34.633445739746094,1.5062319479278616,,out_of_road
4503,fresh,0,fresh,,,0,0,0,1,0,0,5.0,10.0,5.0,10.0,1,112,46.1851692199707,0.4641601751957621,,out_of_road
4504,crossover,0,crossover,,select_lane|ego_on_intersection|intersection_has_cars|has_brake_checker|has_cluster,1,0,0,8,0,0,20.0,20.0,15.0,20.0,3,60,21.643369674682617,0.3235895792643229,,crash_vehicle
4505,fresh,0,fresh,,,0,0,0,0,1,0,15.0,40.0,5.0,20.0,0,45,-12.418864250183105,0.0,,out_of_road
4506,crossover,0,crossover,,select_lane|ego_on_intersection|intersection_has_cars|has_brake_checker|intersection_cars|has_cluster|cluster_dist|brake_dist,6,0,0,5,0,0,15.0,10.0,10.0,10.0,0,58,23.08124351501465,2.1184172044540275,,crash_vehicle
4507,fresh,0,fresh,,,0,1,1,3,0,0,20.0,5.0,5.0,35.0,0,25,0.9099898338317871,0.008155608475208282,,crash_vehicle
4508,replay,0,replay,,,0,1,1,3,0,0,20.0,5.0,5.0,35.0,0,2,10.0,1.020430564880371,,arrive_dest
4509,fresh,0,fresh,,,0,1,1,0,0,0,10.0,40.0,10.0,20.0,0,44,5.337214469909668,0.49941727248105133,,out_of_road
4510,crossover,0,crossover,,distractor_cars|brake_dist,2,0,0,3,0,0,20.0,20.0,5.0,10.0,0,57,23.551054000854492,0.07186703096356309,,crash_vehicle
4511,fresh,0,fresh,,,0,0,0,1,0,1,15.0,40.0,15.0,10.0,1,37,0.860295295715332,0.4160416577313397,,crash_vehicle
4512,crossover,0,crossover,,select_lane|ego_on_intersection|intersection_has_cars|intersection_cars|has_cluster|maximum_distractor_speed,1,0,0,0,0,0,10.0,5.0,10.0,20.0,0,118,61.28132629394531,4.3227820356013416,,out_of_road
4513,fresh,0,fresh,,,0,1,1,8,1,1,20.0,40.0,10.0,55.0,0,82,53.28156661987305,0.8918448991891814,,crash_vehicle
4514,crossover,0,crossover,,select_lane|ego_on_intersection|intersection_has_cars|distractor_cars|has_cluster|maximum_distractor_speed|cluster_dist|brake_dist,5,0,0,0,0,0,10.0,20.0,10.0,55.0,0,170,113.58162689208984,4.914237065350308,,out_of_road
4515,fresh,0,fresh,,,0,0,0,0,1,0,5.0,10.0,10.0,10.0,0,46,12.86870002746582,0.8849181370890659,,crash_vehicle
4516,crossover,0,crossover,,has_brake_checker|brake_dist,1,0,0,0,0,0,5.0,20.0,5.0,35.0,0,213,201.08380126953125,3.4772970928972318,,out_of_road
4517,fresh,0,fresh,,,0,0,0,3,1,0,20.0,20.0,5.0,35.0,1,75,42.34541320800781,1.1426703533530236,,crash_vehicle
4518,mutation,0,mutation,intersection_cars,,1,0,0,8,0,0,15.0,20.0,15.0,20.0,2,81,45.01626205444336,1.2762870622085936,,crash_vehicle
4519,fresh,0,fresh,,,0,1,1,5,1,1,15.0,10.0,15.0,20.0,0,36,7.6162214279174805,0.13226662990119722,,crash_vehicle
4520,mutation,0,mutation,has_brake_checker,,0,0,0,0,0,0,10.0,10.0,10.0,55.0,0,82,43.89908218383789,0.6628487880637006,,out_of_road
4521,fresh,0,fresh,,,0,1,1,5,0,0,5.0,40.0,15.0,35.0,0,69,38.04491424560547,1.0232189980106077,,crash_vehicle
4522,crossover,0,crossover,,distractor_cars|has_cluster,1,0,0,5,0,0,20.0,5.0,5.0,20.0,0,23,-0.08964920043945312,0.2195568006971608,,crash_vehicle
4523,fresh,0,fresh,,,0,1,0,4,0,1,10.0,10.0,15.0,10.0,1,42,12.246482849121094,0.36973418082509724,,crash_vehicle
4524,crossover,0,crossover,,select_lane|ego_on_intersection|intersection_has_cars|distractor_cars|has_brake_checker|intersection_cars|has_cluster|maximum_distractor_speed|distance_to_nearest|cluster_dist,4,0,0,4,0,0,20.0,20.0,5.0,10.0,0,193,207.47067260742188,10.89661501016024,,crash_vehicle
4525,fresh,0,fresh,,,0,0,0,8,1,1,15.0,5.0,5.0,35.0,1,99,3.3338136672973633,3.3485002011963814,,out_of_road
4526,replay,0,replay,,,0,0,0,8,1,1,15.0,5.0,5.0,35.0,1,264,272.5335388183594,5.332112054030101,,out_of_road
4527,fresh,0,fresh,,,0,1,1,2,0,1,5.0,20.0,5.0,10.0,0,49,14.948192596435547,0.48103791840222415,,crash_vehicle
4528,mutation,0,mutation,has_brake_checker,,1,0,0,0,1,0,15.0,20.0,5.0,10.0,0,44,11.583024978637695,0.5487894984808835,,crash_vehicle
4529,fresh,0,fresh,,,0,0,0,4,0,1,20.0,40.0,15.0,35.0,0,94,62.072181701660156,1.1831754388961386,,crash_vehicle
4530,mutation,0,mutation,select_road|select_lane|ego_on_intersection|intersection_has_cars,,2,1,0,8,0,0,15.0,20.0,15.0,35.0,1,130,90.54155731201172,5.253612556824318,,crash_vehicle
4531,fresh,0,fresh,,,0,0,0,8,0,0,15.0,40.0,10.0,35.0,0,25,-5.849003791809082,0.0,,out_of_road
4532,mutation,0,mutation,has_brake_checker,,2,0,0,1,1,0,10.0,5.0,5.0,20.0,0,25,-0.522087574005127,0.0557086181640625,,crash_vehicle
4533,fresh,0,fresh,,,0,1,0,1,0,1,15.0,40.0,15.0,20.0,1,128,87.639404296875,1.6020805147709325,,out_of_road
4534,mutation,0,mutation,select_road|select_lane|ego_on_intersection|intersection_has_cars,,2,1,0,0,0,0,20.0,5.0,15.0,10.0,0,104,37.439064025878906,0.4774111606753789,,out_of_road
4535,fresh,0,fresh,,,0,1,1,3,0,1,5.0,5.0,15.0,20.0,1,22,-0.20116472244262695,0.007161668755791404,,crash_vehicle
4536,mutation,0,mutation,has_cluster,,0,0,0,0,0,0,20.0,20.0,15.0,20.0,0,243,275.081787109375,7.145624862899505,,out_of_road
4537,fresh,0,fresh,,,0,0,0,5,1,0,5.0,5.0,15.0,35.0,3,235,103.09991455078125,2.8290932778348314,,out_of_road
4538,replay,0,replay,,,0,0,0,5,1,0,5.0,5.0,15.0,35.0,3,158,157.88336181640625,9.596007843183566,,crash_vehicle
4539,fresh,0,fresh,,,0,1,1,8,1,0,5.0,20.0,15.0,55.0,3,49,16.256343841552734,0.37296557639326366,,crash_vehicle
4540,replay,0,replay,,,0,1,1,8,1,0,5.0,20.0,15.0,55.0,3,177,166.33279418945312,8.593282114314494,,crash_vehicle
4541,fresh,0,fresh,,,0,0,0,2,1,1,20.0,5.0,10.0,55.0,2,217,217.5312042236328,10.354488080547702,,arrive_dest
4542,crossover,0,crossover,,intersection_cars|has_cluster|maximum_distractor_speed|distance_to_nearest,2,0,0,8,0,0,20.0,20.0,15.0,35.0,0,76,48.01103210449219,1.832092366328365,,crash_vehicle
4543,fresh,0,fresh,,,0,0,0,0,0,0,15.0,40.0,15.0,20.0,0,91,31.513774871826172,1.2126672153289502,,out_of_road
4544,mutation,0,mutation,distance_to_nearest,,1,0,0,0,0,0,10.0,40.0,5.0,20.0,0,264,301.8544006347656,8.17644701378815,,out_of_road
4545,fresh,0,fresh,,,0,1,1,5,1,1,20.0,40.0,10.0,55.0,1,77,40.51788330078125,0.753534927770689,,crash_vehicle
4546,replay,0,replay,,,0,1,1,5,1,1,20.0,40.0,10.0,55.0,1,200,210.36883544921875,10.1618955296278,,out_of_road
4547,fresh,0,fresh,,,0,1,0,3,0,0,20.0,40.0,5.0,35.0,1,97,34.422367095947266,0.652345710193988,,crash_vehicle
4548,mutation,0,mutation,select_road|select_lane|ego_on_intersection|intersection_has_cars,,1,0,0,3,0,0,15.0,5.0,15.0,35.0,1,46,1.626676082611084,1.9056149099184119,,out_of_road
4549,fresh,0,fresh,,,0,0,0,18,1,1,10.0,5.0,10.0,55.0,3,27,0.0010156631469726562,0.0,,crash_vehicle
4550,mutation,0,mutation,has_cluster,,1,0,0,4,0,1,20.0,20.0,5.0,55.0,0,49,15.524112701416016,0.34907629538555535,,crash_vehicle
4551,fresh,0,fresh,,,0,1,0,12,1,0,20.0,40.0,5.0,55.0,2,121,53.776885986328125,0.8397706919465183,,out_of_road
4552,crossover,0,crossover,,distractor_cars|has_brake_checker|has_cluster|maximum_distractor_speed|distance_to_nearest,4,0,0,0,0,0,10.0,5.0,5.0,55.0,0,229,289.4182434082031,11.55887967250493,,out_of_road
4553,fresh,0,fresh,,,0,0,0,0,1,0,10.0,40.0,10.0,35.0,0,68,28.542678833007812,1.0646673881394022,,out_of_road
4554,replay,0,replay,,,0,0,0,0,1,0,10.0,40.0,10.0,35.0,0,253,276.4127502441406,6.634123819501032,,out_of_road
4555,fresh,0,fresh,,,0,0,0,4,1,0,5.0,40.0,15.0,55.0,2,94,63.06507873535156,1.3172566852671035,,crash_vehicle
4556,crossover,0,crossover,,select_lane|ego_on_intersection|intersection_has_cars|maximum_distractor_speed|distance_to_nearest|cluster_dist,5,1,1,0,0,0,15.0,20.0,10.0,10.0,0,78,33.9566650390625,0.671561381755731,,out_of_road
4557,fresh,0,fresh,,,0,0,0,5,0,1,5.0,10.0,15.0,35.0,2,26,-7.087563514709473,0.0,,out_of_road
4558,crossover,0,crossover,,select_lane|ego_on_intersection|intersection_has_cars|has_brake_checker|distance_to_nearest|cluster_dist|brake_dist,3,0,0,1,0,1,10.0,20.0,5.0,10.0,1,228,208.72805786132812,3.3897778003623613,,out_of_road
4559,fresh,0,fresh,,,0,0,0,5,1,0,10.0,40.0,15.0,55.0,0,207,212.9560546875,4.188999932385297,,out_of_road
4560,crossover,0,crossover,,select_lane|ego_on_intersection|intersection_has_cars|maximum_distractor_speed|distance_to_nearest|cluster_dist,3,0,0,4,0,0,15.0,10.0,5.0,55.0,0,39,11.189779281616211,0.7233242010458921,,crash_vehicle
4561,fresh,0,fresh,,,0,1,0,5,0,0,10.0,5.0,5.0,55.0,1,170,96.60440063476562,6.037918480003581,,out_of_road
4562,mutation,0,mutation,has_cluster,,0,0,0,0,0,0,20.0,40.0,5.0,20.0,0,251,280.4715270996094,7.373762784963585,,out_of_road
4563,fresh,0,fresh,,,0,1,0,4,0,1,10.0,20.0,5.0,55.0,1,49,15.054218292236328,0.4455090736856266,,crash_vehicle
4564,replay,0,replay,,,0,1,0,4,0,1,10.0,20.0,5.0,55.0,1,251,282.5208435058594,7.012142223072242,,out_of_road
4565,fresh,0,fresh,,,0,0,0,4,0,0,5.0,40.0,15.0,20.0,1,20,-5.0125932693481445,0.5293181896209717,,out_of_road
4566,replay,0,replay,,,0,0,0,4,0,0,5.0,40.0,15.0,20.0,1,244,280.4468688964844,7.425653888859221,,out_of_road
4567,fresh,0,fresh,,,0,1,0,4,0,1,10.0,10.0,15.0,20.0,3,208,182.67420959472656,5.019685781489198,,out_of_road
4568,mutation,0,mutation,brake_dist,,1,0,0,1,0,1,20.0,40.0,15.0,20.0,1,114,41.845218658447266,0.49761731948768884,,out_of_road
4569,fresh,0,fresh,,,0,0,0,8,0,0,10.0,40.0,10.0,20.0,3,186,104.92444610595703,4.472390388288805,,out_of_road
4570,crossover,0,crossover,,distractor_cars|has_brake_checker|intersection_cars,3,0,0,0,0,0,10.0,10.0,5.0,55.0,0,100,69.12771606445312,4.434473262429237,,out_of_road
4571,fresh,0,fresh,,,0,1,0,0,0,0,10.0,20.0,10.0,20.0,0,84,33.8233757019043,0.5857827322823661,,out_of_road
4572,mutation,0,mutation,distractor_cars,,1,0,0,2,0,0,10.0,5.0,5.0,20.0,0,20,-2.4980783462524414,0.0,,crash_vehicle
4573,fresh,0,fresh,,,0,1,0,4,1,1,10.0,5.0,10.0,20.0,1,38,8.473617553710938,2.826007692437423,,crash_vehicle
4574,crossover,0,crossover,,select_lane|ego_on_intersection|intersection_has_cars|distractor_cars|has_brake_checker|has_cluster|distance_to_nearest|brake_dist,5,0,0,0,0,0,15.0,10.0,15.0,10.0,0,78,41.75217056274414,0.5552788189588449,,out_of_road
4575,fresh,0,fresh,,,0,0,0,1,0,1,20.0,20.0,10.0,20.0,1,66,6.13102912902832,0.18839321578993942,,out_of_road
4576,replay,0,replay,,,0,0,0,1,0,1,20.0,20.0,10.0,20.0,1,224,196.62869262695312,4.902870962928448,,out_of_road
4577,fresh,0,fresh,,,0,1,1,8,0,1,5.0,40.0,15.0,55.0,1,79,46.949920654296875,1.1822665567639508,,crash_vehicle
4578,mutation,0,mutation,select_road|select_lane|ego_on_intersection|intersection_has_cars,,1,0,0,0,0,0,15.0,10.0,10.0,10.0,0,150,104.28086853027344,4.607313884496689,,out_of_road
4579,fresh,0,fresh,,,0,1,1,4,0,1,10.0,40.0,5.0,10.0,2,61,5.566629409790039,0.2865805796912459,,out_of_road
4580,crossover,0,crossover,,has_brake_checker|has_cluster|maximum_distractor_speed|distance_to_nearest|cluster_dist|brake_dist,2,0,0,0,0,0,10.0,20.0,5.0,10.0,0,273,316.4447937011719,8.689855852597582,,out_of_road
4581,fresh,0,fresh,,,0,1,0,12,0,0,20.0,5.0,15.0,35.0,0,23,-0.026851654052734375,0.19019917884598608,,crash_vehicle
4582,crossover,0,crossover,,has_brake_checker|intersection_cars|has_cluster|cluster_dist,3,1,0,3,0,0,5.0,10.0,10.0,35.0,0,38,9.716666221618652,0.3410476101072211,,crash_vehicle
4583,fresh,0,fresh,,,0,1,0,3,1,0,10.0,5.0,10.0,55.0,2,45,12.525407791137695,4.099711889690823,,crash_vehicle
4584,crossover,0,crossover,,has_cluster|distance_to_nearest|brake_dist,1,1,1,18,0,0,15.0,20.0,10.0,35.0,2,44,15.541814804077148,0.3356289646842263,,crash_vehicle
4585,fresh,0,fresh,,,0,0,0,1,0,1,20.0,40.0,5.0,20.0,1,124,98.30884552001953,1.4532814275833867,,out_of_road
4586,crossover,0,crossover,,select_lane|ego_on_intersection|intersection_has_cars|distractor_cars|intersection_cars|has_cluster|maximum_distractor_speed|distance_to_nearest|cluster_dist|brake_dist,6,0,0,1,0,1,20.0,5.0,5.0,55.0,1,81,24.82891845703125,0.5402812957763672,,crash_vehicle
4587,fresh,0,fresh,,,0,0,0,2,0,0,20.0,10.0,15.0,20.0,2,2,10.0,0.0,,arrive_dest
4588,replay,0,replay,,,0,0,0,2,0,0,20.0,10.0,15.0,20.0,2,261,281.4481506347656,9.21312951596304,,out_of_road
4589,fresh,0,fresh,,,0,1,1,2,0,0,20.0,10.0,15.0,55.0,2,190,193.2115936279297,6.968260594104466,,out_of_road
4590,crossover,0,crossover,,select_lane|ego_on_intersection|intersection_has_cars|distractor_cars|has_brake_checker|has_cluster,5,0,0,0,0,0,15.0,20.0,10.0,55.0,0,70,36.85307312011719,0.5522836821419852,,out_of_road
4591,fresh,0,fresh,,,0,1,1,4,0,0,5.0,20.0,10.0,10.0,2,193,170.3079833984375,6.748696796943487,,out_of_road
4592,mutation,0,mutation,select_road|select_lane|ego_on_intersection|intersection_has_cars,,1,0,0,0,0,0,10.0,5.0,10.0,10.0,0,102,40.237579345703125,0.4724953490145066,,out_of_road
4593,fresh,0,fresh,,,0,0,0,1,1,1,5.0,5.0,15.0,20.0,0,30,0.8477964401245117,0.11809260050455729,,crash_vehicle
4594,crossover,0,crossover,,select_lane|ego_on_intersection|intersection_has_cars|has_brake_checker|intersection_cars|brake_dist,3,0,0,2,0,0,15.0,20.0,5.0,20.0,0,79,43.86370849609375,1.7505392798140078,,crash_vehicle
4595,fresh,0,fresh,,,0,1,1,5,1,0,5.0,40.0,10.0,55.0,0,102,44.83778381347656,0.8986698552673938,,crash_vehicle
4596,replay,0,replay,,,0,1,1,5,1,0,5.0,40.0,10.0,55.0,0,209,210.9053955078125,7.394256750433639,,out_of_road
4597,fresh,0,fresh,,,0,0,0,0,0,0,10.0,5.0,5.0,20.0,0,71,40.31460952758789,0.5804548532190458,rejection_fallback,out_of_road
4598,replay,0,replay,,,0,0,0,0,0,0,10.0,5.0,5.0,20.0,0,244,283.0267639160156,7.728074900928091,,out_of_road
4599,fresh,0,fresh,,,0,0,0,1,0,1,5.0,10.0,15.0,55.0,1,97,63.91541290283203,0.946326596220744,,out_of_road
4600,crossover,0,crossover,,select_lane|ego_on_intersection|intersection_has_cars|has_brake_checker|cluster_dist|brake_dist,4,0,0,18,0,0,15.0,20.0,5.0,55.0,2,65,31.312198638916016,0.4428002164914058,,crash_vehicle
4601,fresh,0,fresh,,,0,1,0,5,0,1,5.0,10.0,10.0,55.0,2,61,7.864519119262695,0.45167752001129213,,crash_vehicle
4602,mutation,0,mutation,distance_to_nearest,,1,0,0,0,0,0,10.0,20.0,5.0,20.0,0,266,310.2026672363281,8.939787550472227,,out_of_road
4603,fresh,0,fresh,,,0,1,1,0,1,0,15.0,40.0,5.0,55.0,0,211,219.60885620117188,4.219820910861706,,out_of_road
4604,replay,0,replay,,,0,1,1,0,1,0,15.0,40.0,5.0,55.0,0,261,272.4658203125,6.057540418601584,,out_of_road
4605,fresh,0,fresh,,,0,1,1,12,1,1,20.0,5.0,5.0,20.0,3,230,2.42144775390625,0.3424591444432735,,crash_vehicle
4606,replay,0,replay,,,0,1,1,12,1,1,20.0,5.0,5.0,20.0,3,200,203.64566040039062,3.759577601701021,,out_of_road
4607,fresh,0,fresh,,,0,1,0,5,1,0,5.0,20.0,15.0,35.0,0,54,22.60088539123535,0.4764795998732249,,crash_vehicle
4608,replay,0,replay,,,0,1,0,5,1,0,5.0,20.0,15.0,35.0,0,265,276.50311279296875,8.70829928691657,,out_of_road
4609,fresh,0,fresh,,,0,0,0,0,0,0,20.0,5.0,15.0,20.0,0,49,3.640610694885254,0.3877610965650909,,out_of_road
4610,replay,0,replay,,,0,0,0,0,0,0,20.0,5.0,15.0,20.0,0,220,269.52197265625,7.629287175969644,,out_of_road
4611,fresh,0,fresh,,,0,1,0,3,1,1,20.0,40.0,5.0,55.0,1,182,151.6709747314453,5.627998024716482,,out_of_road
4612,mutation,0,mutation,maximum_distractor_speed,,1,0,0,8,0,0,5.0,20.0,15.0,20.0,3,72,37.391597747802734,1.0362272196345859,,crash_vehicle
4613,fresh,0,fresh,,,0,0,0,12,1,0,15.0,20.0,5.0,55.0,0,94,61.51531982421875,3.378440314150871,,crash_vehicle
4614,mutation,0,mutation,distractor_cars,,1,0,0,4,0,0,20.0,20.0,15.0,10.0,0,105,48.707489013671875,1.928467303230649,,out_of_road
4615,fresh,0,fresh,,,0,0,0,2,0,0,20.0,40.0,15.0,55.0,0,61,38.640289306640625,0.9613575710624945,,arrive_dest
4616,crossover,0,crossover,,distractor_cars|has_brake_checker|intersection_cars|brake_dist,4,0,0,0,0,0,20.0,5.0,5.0,20.0,0,101,49.11005783081055,0.6869273111961856,,out_of_road
4617,fresh,0,fresh,,,0,1,0,3,0,0,5.0,20.0,15.0,20.0,0,87,35.4953727722168,0.4880811957449749,,crash_vehicle
4618,mutation,0,mutation,select_road|select_lane|ego_on_intersection|intersection_has_cars,,2,1,0,0,0,0,5.0,20.0,5.0,10.0,0,211,153.12356567382812,3.9903372708372595,,out_of_road
4619,fresh,0,fresh,,,0,1,0,12,0,0,10.0,5.0,5.0,35.0,2,30,3.449000358581543,1.417818146944046,,crash_vehicle
4620,mutation,0,mutation,maximum_distractor_speed,,0,0,0,5,0,0,20.0,20.0,10.0,20.0,2,52,13.973520278930664,0.29008421531090367,,crash_vehicle
4621,fresh,0,fresh,,,0,0,0,1,1,1,5.0,5.0,5.0,20.0,1,106,35.85578918457031,1.3829414225974173,,crash_vehicle
4622,crossover,0,crossover,,select_lane|ego_on_intersection|intersection_has_cars|has_brake_checker|has_cluster|brake_dist,2,0,0,0,0,0,10.0,20.0,5.0,20.0,0,175,164.7202911376953,2.70071354338101,,out_of_road
4623,fresh,0,fresh,,,0,0,0,3,1,0,15.0,5.0,5.0,35.0,2,23,0.06987667083740234,0.2599207409050154,,crash_vehicle
4624,mutation,0,mutation,cluster_dist,,1,1,1,12,0,0,20.0,5.0,5.0,10.0,2,24,-0.06653308868408203,0.07180070225149393,,crash_vehicle
4625,fresh,0,fresh,,,0,0,0,2,0,1,20.0,40.0,10.0,10.0,0,162,81.30641174316406,2.498234476020307,,out_of_road
4626,crossover,0,crossover,,cluster_dist|brake_dist,0,1,0,8,1,0,15.0,20.0,5.0,35.0,0,76,34.404537200927734,1.3836147659703304,,crash_vehicle
4627,fresh,0,fresh,,,0,1,1,12,1,1,5.0,5.0,15.0,20.0,0,28,2.583125591278076,0.1149282061627933,,crash_vehicle
4628,mutation,0,mutation,intersection_cars,,0,0,0,1,0,1,10.0,10.0,5.0,55.0,1,107,68.35697174072266,4.580602672612556,,out_of_road
4629,fresh,0,fresh,,,0,0,0,1,1,1,20.0,10.0,5.0,35.0,0,37,9.003874778747559,0.4003262648711333,,crash_vehicle
4630,crossover,0,crossover,,has_cluster|distance_to_nearest|cluster_dist|brake_dist,3,0,0,0,0,0,10.0,20.0,10.0,10.0,0,241,290.88214111328125,8.309051163958316,,out_of_road
4631,fresh,0,fresh,,,0,1,1,18,1,1,20.0,20.0,15.0,55.0,2,76,35.24320602416992,1.32852353900671,,crash_vehicle
4632,replay,0,replay,,,0,1,1,18,1,1,20.0,20.0,15.0,55.0,2,202,211.15536499023438,10.817623010218734,,out_of_road
4633,fresh,0,fresh,,,0,0,0,12,1,0,15.0,40.0,15.0,55.0,3,77,38.97846984863281,0.6689830120507773,,crash_vehicle
4634,replay,0,replay,,,0,0,0,12,1,0,15.0,40.0,15.0,55.0,3,244,283.23968505859375,7.610412230989972,,out_of_road
4635,fresh,0,fresh,,,0,0,0,5,1,1,5.0,10.0,10.0,20.0,3,49,3.3830413818359375,1.7909455712960691,,out_of_road
4636,crossover,0,crossover,,distractor_cars|has_brake_checker|intersection_cars,2,1,1,0,0,0,20.0,10.0,15.0,55.0,0,173,158.13827514648438,3.9562271450985373,,out_of_road
4637,fresh,0,fresh,,,0,1,0,4,1,1,20.0,20.0,5.0,35.0,3,77,36.48146057128906,1.2110862716451867,,crash_vehicle
4638,replay,0,replay,,,0,1,0,4,1,1,20.0,20.0,5.0,35.0,3,204,196.90911865234375,4.031805778616199,,out_of_road
4639,fresh,0,fresh,,,0,1,0,5,1,1,5.0,20.0,10.0,35.0,1,47,14.379234313964844,0.41923222643263797,,crash_vehicle
4640,replay,0,replay,,,0,1,0,5,1,1,5.0,20.0,10.0,35.0,1,238,273.437255859375,9.808357531533522,,out_of_road
4641,fresh,0,fresh,,,0,1,1,1,1,0,20.0,10.0,5.0,35.0,0,204,208.25282287597656,5.911068004428172,,out_of_road
4642,crossover,0,crossover,,select_lane|ego_on_intersection|intersection_has_cars|has_brake_checker|intersection_cars|maximum_distractor_speed|distance_to_nearest,4,1,1,0,0,0,15.0,20.0,5.0,20.0,0,122,99.13848876953125,2.3017059098013113,,out_of_road
4643,fresh,0,fresh,,,0,1,0,0,1,0,5.0,20.0,10.0,55.0,0,106,80.59822845458984,1.8674749438211602,,crash_vehicle
4644,crossover,0,crossover,,select_lane|ego_on_intersection|intersection_has_cars|distractor_cars|intersection_cars|has_cluster|maximum_distractor_speed|distance_to_nearest|cluster_dist|brake_dist,6,1,1,1,0,0,20.0,10.0,5.0,35.0,0,37,8.753286361694336,0.23749587020358523,,crash_vehicle
4645,fresh,0,fresh,,,0,0,0,3,1,1,5.0,5.0,5.0,55.0,1,24,0.17734861373901367,0.2186400517821312,,crash_vehicle
4646,crossover,0,crossover,,select_lane|ego_on_intersection|intersection_has_cars|intersection_cars|has_cluster,1,0,0,5,0,0,20.0,20.0,10.0,20.0,0,90,46.5742301940918,3.8329159241583612,,crash_vehicle
4647,fresh,0,fresh,,,0,1,1,4,0,0,15.0,20.0,10.0,35.0,0,177,162.60499572753906,4.975052107525411,,out_of_road
4648,replay,0,replay,,,0,1,1,4,0,0,15.0,20.0,10.0,35.0,0,93,62.43604278564453,3.206885243776024,,crash_vehicle
4649,fresh,0,fresh,,,0,1,1,0,1,0,10.0,20.0,15.0,35.0,0,95,61.018310546875,1.0137408664352014,,crash_vehicle
4650,replay,0,replay,,,0,1,1,0,1,0,10.0,20.0,15.0,35.0,0,232,258.126220703125,5.922906540591141,,out_of_road
4651,fresh,0,fresh,,,0,1,0,18,1,0,15.0,10.0,5.0,20.0,0,205,198.51893615722656,6.590164720212541,,out_of_road
4652,mutation,0,mutation,maximum_distractor_speed,,1,0,0,8,0,0,10.0,20.0,15.0,20.0,3,54,19.606956481933594,0.49611116338659217,,crash_vehicle
4653,fresh,0,fresh,,,0,1,1,2,0,1,20.0,10.0,15.0,55.0,1,151,88.5033950805664,8.311647341740843,,out_of_road
4654,replay,0,replay,,,0,1,1,2,0,1,20.0,10.0,15.0,55.0,1,197,203.0900115966797,10.045686060477635,,crash_vehicle
4655,fresh,0,fresh,,,0,1,1,18,0,1,5.0,5.0,10.0,35.0,0,23,0.34233665466308594,0.050865409976762276,,crash_vehicle
4656,crossover,0,crossover,,distractor_cars|intersection_cars|has_cluster|maximum_distractor_speed,3,0,0,0,0,0,15.0,20.0,10.0,20.0,0,191,197.77491760253906,2.772595292220565,,out_of_road
4657,fresh,0,fresh,,,0,1,0,0,0,0,10.0,40.0,10.0,35.0,0,78,39.85444641113281,0.6533816686043372,,out_of_road
4658,replay,0,replay,,,0,1,0,0,0,0,10.0,40.0,10.0,35.0,0,201,173.93057250976562,6.556905948255785,,out_of_road
4659,fresh,0,fresh,,,0,0,0,0,0,0,15.0,40.0,5.0,35.0,0,183,193.42831420898438,5.393472386188194,,out_of_road
4660,crossover,0,crossover,,has_brake_checker|distance_to_nearest|cluster_dist|brake_dist,3,0,0,0,0,0,5.0,10.0,15.0,55.0,0,78,44.437320709228516,0.594515608671384,,out_of_road
4661,fresh,0,fresh,,,0,0,0,2,1,1,10.0,20.0,5.0,35.0,2,98,59.488868713378906,1.9817579373413203,,out_of_road
4662,replay,0,replay,,,0,0,0,2,1,1,10.0,20.0,5.0,35.0,2,129,110.50176239013672,6.787157639052516,,crash_vehicle
4663,fresh,0,fresh,,,0,0,0,1,0,1,5.0,40.0,15.0,55.0,1,117,71.09661865234375,2.7873645725413265,,out_of_road
4664,crossover,0,crossover,,distractor_cars|intersection_cars|has_cluster,0,0,0,0,0,0,10.0,5.0,5.0,20.0,0,116,82.18546295166016,4.621012352663895,,arrive_dest
4665,fresh,0,fresh,,,0,1,0,5,0,0,5.0,5.0,5.0,20.0,3,138,0.41002845764160156,0.6995778653932654,,crash_vehicle
4666,mutation,0,mutation,maximum_distractor_speed,,1,0,0,0,0,0,15.0,5.0,5.0,20.0,0,280,263.73638916015625,4.015441430705999,,out_of_road
4667,fresh,0,fresh,,,0,0,0,1,0,1,15.0,40.0,15.0,35.0,0,95,59.47216033935547,1.1577003610761543,,out_of_road
4668,mutation,0,mutation,select_road|select_lane|ego_on_intersection|intersection_has_cars,,1,0,0,5,0,0,5.0,10.0,5.0,20.0,3,47,11.163415908813477,0.5704222169328244,,crash_vehicle
4669,fresh,0,fresh,,,0,1,0,4,1,0,10.0,20.0,15.0,55.0,1,133,56.08177185058594,1.1041376285983207,,out_of_road
4670,replay,0,replay,,,0,1,0,4,1,0,10.0,20.0,15.0,55.0,1,124,95.99101257324219,6.848927559631486,,crash_vehicle
4671,fresh,0,fresh,,,0,1,0,12,1,1,20.0,5.0,15.0,55.0,3,64,12.554559707641602,0.5115510285831988,,crash_vehicle
4672,crossover,0,crossover,,select_lane|ego_on_intersection|intersection_has_cars|has_brake_checker|has_cluster|cluster_dist,2,0,0,0,0,0,20.0,20.0,10.0,10.0,0,190,187.3874969482422,2.4850215610704924,,out_of_road
4673,fresh,0,fresh,,,0,0,0,3,0,1,15.0,40.0,15.0,55.0,3,78,39.66815185546875,0.5033225929125761,,out_of_road
4674,crossover,0,crossover,,select_lane|ego_on_intersection|intersection_has_cars|maximum_distractor_speed|brake_dist,2,0,0,0,0,0,15.0,5.0,5.0,20.0,0,102,74.8964614868164,1.2604301627360137,,out_of_road
4675,fresh,0,fresh,,,0,0,0,3,0,0,10.0,10.0,10.0,20.0,2,105,41.21141052246094,2.1753376420055117,,crash_vehicle
4676,replay,0,replay,,,0,0,0,3,0,0,10.0,10.0,10.0,20.0,2,265,260.0191955566406,5.375453532276288,,out_of_road
4677,fresh,0,fresh,,,0,1,1,8,0,0,10.0,5.0,15.0,35.0,1,162,57.48794937133789,3.4270387391249337,,out_of_road
4678,mutation,0,mutation,distractor_cars,,0,0,0,0,0,0,10.0,10.0,10.0,55.0,0,266,268.2143859863281,5.2517326939711,,out_of_road
4679,fresh,0,fresh,,,0,0,0,12,0,1,5.0,10.0,15.0,20.0,2,49,10.089910507202148,0.44670433779152074,,crash_vehicle
4680,mutation,0,mutation,has_cluster,,0,0,0,0,0,0,10.0,40.0,5.0,20.0,0,230,237.59620666503906,6.628419728512349,,out_of_road
4681,fresh,0,fresh,,,0,0,0,12,1,1,20.0,40.0,5.0,55.0,3,72,32.435096740722656,0.13389583428700766,,crash_vehicle
4682,crossover,0,crossover,,select_lane|ego_on_intersection|intersection_has_cars|distractor_cars|has_brake_checker|distance_to_nearest|cluster_dist,3,0,0,0,0,0,20.0,20.0,15.0,10.0,0,127,57.17549514770508,0.466336641959318,,out_of_road
4683,fresh,0,fresh,,,0,0,0,3,0,1,15.0,10.0,10.0,20.0,2,135,79.17864990234375,4.910752314991421,,crash_vehicle
4684,crossover,0,crossover,,has_brake_checker|maximum_distractor_speed|distance_to_nearest|cluster_dist|brake_dist,4,0,0,0,0,0,20.0,5.0,5.0,20.0,0,280,321.71429443359375,7.765450728791101,,out_of_road
4685,fresh,0,fresh,,,0,0,0,0,0,0,15.0,5.0,5.0,20.0,0,23,-5.782625675201416,0.6918109396229619,,out_of_road
4686,replay,0,replay,,,0,0,0,0,0,0,15.0,5.0,5.0,20.0,0,44,8.564939498901367,0.0,,crash_vehicle
4687,fresh,0,fresh,,,0,1,0,0,1,0,10.0,10.0,15.0,55.0,0,200,119.73625183105469,1.7378332318365575,,crash_vehicle
4688,replay,0,replay,,,0,1,0,0,1,0,10.0,10.0,15.0,55.0,0,115,73.66313934326172,4.191494957260463,,out_of_road
4689,fresh,0,fresh,,,0,0,0,3,0,1,20.0,10.0,15.0,20.0,1,45,7.455656051635742,0.2820793999565972,,crash_vehicle
4690,mutation,0,mutation,distance_to_nearest,,1,0,0,8,0,0,15.0,40.0,15.0,20.0,0,93,56.905677795410156,0.6248652146708581,,crash_vehicle
4691,fresh,0,fresh,,,0,0,0,1,0,0,5.0,10.0,15.0,10.0,0,44,0.5080718994140625,0.29887825792486017,,out_of_road
4692,crossover,0,crossover,,distractor_cars|has_brake_checker|intersection_cars|has_cluster,0,0,0,0,0,0,10.0,5.0,5.0,20.0,0,57,35.78696823120117,0.16011879109499746,,arrive_dest
4693,fresh,0,fresh,,,0,1,1,3,0,0,20.0,5.0,10.0,10.0,0,22,-0.3632817268371582,0.0,,crash_vehicle
4694,crossover,0,crossover,,select_lane|ego_on_intersection|intersection_has_cars|distractor_cars|intersection_cars|maximum_distractor_speed|distance_to_nearest|cluster_dist|brake_dist,6,0,0,5,0,0,20.0,20.0,10.0,20.0,2,96,54.114906311035156,2.799148054793477,,crash_vehicle
4695,fresh,0,fresh,,,0,1,1,2,1,0,10.0,10.0,10.0,20.0,2,107,34.324188232421875,0.701460863385245,,crash_vehicle
4696,mutation,0,mutation,has_cluster,,0,0,0,0,0,0,10.0,5.0,15.0,20.0,0,30,0.3985452651977539,0.27506573994954425,,out_of_road
4697,fresh,0,fresh,,,0,0,0,0,1,0,15.0,40.0,5.0,35.0,0,138,62.13859558105469,1.21011439613674,,crash_vehicle
4698,crossover,0,crossover,,select_lane|ego_on_intersection|intersection_has_cars|intersection_cars,1,0,0,0,0,0,10.0,20.0,5.0,20.0,0,114,58.71194076538086,0.8490516653186396,,out_of_road
4699,fresh,0,fresh,,,0,1,1,5,0,1,20.0,10.0,10.0,10.0,1,238,138.2733154296875,3.370014682913027,,crash_vehicle
4700,replay,0,replay,,,0,1,1,5,0,1,20.0,10.0,10.0,10.0,1,161,129.58863830566406,8.914232603511454,,crash_vehicle
4701,fresh,0,fresh,,,0,1,0,12,0,1,20.0,5.0,5.0,20.0,0,24,0.3388705253601074,0.23097727013130984,,crash_vehicle
4702,replay,0,replay,,,0,1,0,12,0,1,20.0,5.0,5.0,20.0,0,237,273.6897888183594,7.4688909219790105,,out_of_road
4703,fresh,0,fresh,,,0,0,0,12,1,0,15.0,5.0,5.0,35.0,3,24,0.06096220016479492,0.6211626082658768,,crash_vehicle
4704,crossover,0,crossover,,intersection_cars|has_cluster|maximum_distractor_speed|cluster_dist,1,0,0,0,0,0,10.0,5.0,5.0,55.0,0,264,270.6261901855469,5.694957917499723,,out_of_road
4705,fresh,0,fresh,,,0,0,0,12,1,1,5.0,20.0,10.0,35.0,2,52,15.577592849731445,0.8437880369333121,,crash_vehicle
4706,replay,0,replay,,,0,0,0,12,1,1,5.0,20.0,10.0,35.0,2,229,207.41717529296875,7.028686172707112,,out_of_road
4707,fresh,0,fresh,,,0,0,0,1,1,0,5.0,20.0,10.0,35.0,1,91,60.62458801269531,0.8400903652002524,,crash_vehicle
4708,replay,0,replay,,,0,0,0,1,1,0,5.0,20.0,10.0,35.0,1,261,288.3929748535156,6.550961119918531,,out_of_road
4709,fresh,0,fresh,,,0,0,0,0,0,0,15.0,10.0,5.0,55.0,0,91,5.892829895019531,0.22169801969449598,,out_of_road
4710,mutation,0,mutation,intersection_cars,,0,0,0,0,0,0,20.0,5.0,5.0,55.0,0,2,10.0,0.0,,arrive_dest
4711,fresh,0,fresh,,,0,1,1,0,0,0,15.0,10.0,15.0,10.0,0,74,31.790218353271484,0.04406265954713564,,out_of_road
4712,mutation,0,mutation,distractor_cars,,1,1,1,12,0,0,20.0,10.0,15.0,55.0,2,54,22.743581771850586,3.0976194176408978,,crash_vehicle
4713,fresh,0,fresh,,,0,1,0,8,0,0,20.0,5.0,5.0,20.0,3,24,-0.0007786750793457031,0.19562247892220816,,crash_vehicle
4714,replay,0,replay,,,0,1,0,8,0,0,20.0,5.0,5.0,20.0,3,203,212.6754608154297,11.19511513727639,,crash_vehicle
4715,fresh,0,fresh,,,0,0,0,3,0,0,10.0,5.0,5.0,35.0,3,98,48.87229537963867,0.8733668062759905,,out_of_road
4716,replay,0,replay,,,0,0,0,3,0,0,10.0,5.0,5.0,35.0,3,198,216.1684112548828,10.720811756572338,,out_of_road
4717,fresh,0,fresh,,,0,0,0,12,1,0,15.0,20.0,5.0,35.0,1,76,39.536590576171875,0.9067267591231748,,crash_vehicle
4718,replay,0,replay,,,0,0,0,12,1,0,15.0,20.0,5.0,35.0,1,200,206.7928924560547,10.464908208698034,,out_of_road
4719,fresh,0,fresh,,,0,1,0,3,0,0,5.0,40.0,5.0,35.0,0,76,43.22962951660156,0.9679762328925886,,crash_vehicle
4720,crossover,0,crossover,,has_brake_checker|intersection_cars|distance_to_nearest|brake_dist,0,0,0,0,0,0,10.0,5.0,5.0,20.0,0,127,83.07837677001953,4.972139940956446,,out_of_road
4721,fresh,0,fresh,,,0,1,0,4,0,0,20.0,40.0,10.0,55.0,0,184,217.0344696044922,7.813078222715336,,out_of_road
4722,crossover,0,crossover,,select_lane|ego_on_intersection|intersection_has_cars|has_brake_checker|intersection_cars|distance_to_nearest|cluster_dist,5,1,1,5,0,0,20.0,10.0,15.0,20.0,2,59,8.55925178527832,0.8863601240061098,,out_of_road
4723,fresh,0,fresh,,,0,0,0,4,0,1,10.0,10.0,10.0,20.0,3,48,17.668874740600586,1.3967843626936276,,crash_vehicle
4724,mutation,0,mutation,maximum_distractor_speed,,1,0,0,0,0,0,20.0,20.0,5.0,10.0,0,265,299.9049377441406,9.139069147829739,,out_of_road
4725,fresh,0,fresh,,,0,0,0,3,0,0,10.0,5.0,15.0,35.0,1,223,210.05908203125,5.616777051824893,,arrive_dest
4726,crossover,0,crossover,,select_lane|ego_on_intersection|intersection_has_cars|distractor_cars|intersection_cars|maximum_distractor_speed,3,0,0,4,0,0,20.0,5.0,5.0,20.0,0,29,2.547860622406006,0.5324558646514498,,crash_vehicle
4727,fresh,0,fresh,,,0,0,0,1,0,1,5.0,40.0,15.0,35.0,1,25,-4.092038631439209,0.0,,out_of_road
4728,crossover,0,crossover,,has_brake_checker|intersection_cars|cluster_dist|brake_dist,1,0,0,0,0,0,10.0,5.0,5.0,10.0,0,75,38.12250900268555,0.2509278753399849,,out_of_road
4729,fresh,0,fresh,,,0,0,0,8,0,1,5.0,5.0,5.0,35.0,0,23,-0.5171489715576172,0.0,,crash_vehicle
4730,crossover,0,crossover,,select_lane|ego_on_intersection|intersection_has_cars|has_cluster|maximum_distractor_speed|brake_dist,0,0,0,0,0,0,15.0,10.0,10.0,10.0,0,79,44.14114761352539,0.5383958228026764,,out_of_road
4731,fresh,0,fresh,,,0,1,1,4,0,0,15.0,5.0,10.0,20.0,0,25,1.2689895629882812,1.0783961129188537,,crash_vehicle
4732,mutation,0,mutation,distractor_cars,,1,0,0,1,0,0,10.0,20.0,5.0,20.0,0,58,25.940946578979492,0.4942428032899725,,crash_vehicle
4733,fresh,0,fresh,,,0,0,0,2,0,1,20.0,20.0,5.0,55.0,2,87,45.56782531738281,0.33297828696239956,,out_of_road
4734,mutation,0,mutation,distractor_cars,,1,0,0,18,0,0,20.0,20.0,10.0,20.0,2,190,207.59771728515625,11.646725092122429,,crash_vehicle
4735,fresh,0,fresh,,,0,0,0,4,0,1,20.0,40.0,15.0,35.0,1,104,81.6173324584961,1.5075329275658498,,crash_vehicle
4736,crossover,0,crossover,,intersection_cars|has_cluster,0,1,1,12,0,0,20.0,5.0,10.0,10.0,2,41,10.065032005310059,2.944165744432589,,crash_vehicle
4737,fresh,0,fresh,,,0,1,1,8,0,1,10.0,10.0,10.0,35.0,1,55,8.035316467285156,0.12189653678373857,,crash_vehicle
4738,mutation,0,mutation,select_road|select_lane|ego_on_intersection|intersection_has_cars,,1,0,0,0,0,0,15.0,10.0,10.0,10.0,0,133,72.65946197509766,2.2993951005146918,,out_of_road
4739,fresh,0,fresh,,,0,1,0,1,1,1,15.0,40.0,15.0,55.0,1,80,40.27503204345703,0.6826137661933899,,out_of_road
4740,crossover,0,crossover,,intersection_cars|maximum_distractor_speed|cluster_dist,1,0,0,0,0,0,20.0,20.0,5.0,20.0,0,281,312.768798828125,7.4916567092900594,,out_of_road
4741,fresh,0,fresh,,,0,1,0,2,0,0,20.0,10.0,15.0,10.0,2,204,212.03672790527344,4.804773766620486,,out_of_road
4742,crossover,0,crossover,,select_lane|ego_on_intersection|intersection_has_cars|distractor_cars|has_brake_checker|cluster_dist,5,1,0,8,1,0,10.0,20.0,5.0,35.0,0,214,214.7550811767578,5.725066104503435,,out_of_road
4743,fresh,0,fresh,,,0,0,0,8,0,1,5.0,10.0,5.0,35.0,3,37,5.782205581665039,0.6144809296002259,,crash_vehicle
4744,crossover,0,crossover,,select_lane|ego_on_intersection|intersection_has_cars|distractor_cars|has_brake_checker|has_cluster|maximum_distractor_speed|cluster_dist|brake_dist,6,0,0,0,0,0,20.0,20.0,10.0,10.0,0,278,286.82513427734375,5.4404285110050825,,out_of_road
4745,fresh,0,fresh,,,0,0,0,1,0,0,10.0,10.0,15.0,20.0,1,242,196.42466735839844,5.296711260129597,,out_of_road
4746,crossover,0,crossover,,select_lane|ego_on_intersection|intersection_has_cars|distractor_cars|has_brake_checker|maximum_distractor_speed,0,0,0,0,0,0,10.0,5.0,10.0,10.0,0,77,42.304046630859375,0.7139344561796683,,out_of_road
4747,fresh,0,fresh,,,0,0,0,12,0,0,15.0,40.0,10.0,55.0,2,153,114.42005920410156,3.7342041803925645,,out_of_road
4748,crossover,0,crossover,,intersection_cars|has_cluster|cluster_dist,1,0,0,0,0,0,10.0,5.0,10.0,20.0,0,272,307.9336853027344,8.27772661484778,,out_of_road
4749,fresh,0,fresh,,,0,1,0,8,1,1,15.0,5.0,5.0,55.0,1,24,0.21912622451782227,0.26891177892684937,,crash_vehicle
4750,replay,0,replay,,,0,1,0,8,1,1,15.0,5.0,5.0,55.0,1,195,214.94703674316406,12.032120595834193,,out_of_road
4751,fresh,0,fresh,,,0,1,0,18,0,1,10.0,20.0,5.0,20.0,1,44,14.57138442993164,0.5193860747597434,,crash_vehicle
4752,replay,0,replay,,,0,1,0,18,0,1,10.0,20.0,5.0,20.0,1,73,35.845680236816406,0.4019613943687857,,out_of_road
4753,fresh,0,fresh,,,0,1,0,2,0,1,10.0,40.0,15.0,20.0,0,85,45.65403747558594,0.4228023304658778,,out_of_road
4754,replay,0,replay,,,0,1,0,2,0,1,10.0,40.0,15.0,20.0,0,274,328.2944030761719,8.813163915581077,,out_of_road
4755,fresh,0,fresh,,,0,1,0,1,1,0,15.0,20.0,15.0,55.0,0,86,53.37567901611328,2.771500661969185,,crash_vehicle
4756,replay,0,replay,,,0,1,0,1,1,0,15.0,20.0,15.0,55.0,0,192,214.39669799804688,6.399671559222043,,out_of_road
4757,fresh,0,fresh,,,0,0,0,3,0,1,5.0,5.0,15.0,10.0,0,28,2.59012508392334,1.3904750027826853,,crash_vehicle
4758,mutation,0,mutation,select_road|select_lane|ego_on_intersection|intersection_has_cars,,1,0,0,0,0,0,15.0,10.0,5.0,55.0,0,196,207.65921020507812,4.647130433241932,,out_of_road
4759,fresh,0,fresh,,,0,1,0,2,0,1,10.0,10.0,5.0,35.0,1,50,16.249662399291992,1.4483411508798598,,crash_vehicle
4760,crossover,0,crossover,,select_lane|ego_on_intersection|intersection_has_cars|distractor_cars|has_brake_checker|has_cluster|cluster_dist|brake_dist,3,0,0,0,0,0,20.0,5.0,10.0,35.0,0,198,204.0495147705078,5.1167228453689155,,out_of_road
4761,fresh,0,fresh,,,0,0,0,5,0,0,10.0,5.0,15.0,10.0,3,59,4.844195365905762,1.9710101737814434,,crash_vehicle
4762,mutation,0,mutation,distractor_cars,,1,0,0,8,0,0,10.0,5.0,10.0,20.0,0,25,1.1655025482177734,0.35619613140821454,,crash_vehicle
4763,fresh,0,fresh,,,0,1,0,18,1,1,20.0,40.0,15.0,55.0,1,141,112.15583801269531,5.503098500958571,,out_of_road
4764,mutation,0,mutation,has_cluster,,0,0,0,0,0,0,10.0,20.0,5.0,20.0,0,70,37.031402587890625,0.27605714819261007,,out_of_road
4765,fresh,0,fresh,,,0,1,1,12,0,0,10.0,20.0,15.0,10.0,0,59,2.798398017883301,0.38908304804462496,,out_of_road
4766,replay,0,replay,,,0,1,1,12,0,0,10.0,20.0,15.0,10.0,0,136,91.96694946289062,4.40490408855326,,arrive_dest
4767,fresh,0,fresh,,,0,1,1,4,0,0,10.0,40.0,10.0,20.0,2,114,45.36986541748047,0.42103704705572964,,out_of_road
4768,crossover,0,crossover,,intersection_cars|distance_to_nearest,0,0,0,0,0,0,20.0,5.0,5.0,10.0,0,278,334.6951904296875,8.757138738422086,,out_of_road
4769,fresh,0,fresh,,,0,0,0,18,0,1,10.0,5.0,15.0,10.0,1,240,191.60704040527344,5.825235983853539,,out_of_road
4770,mutation,0,mutation,select_road|select_lane|ego_on_intersection|intersection_has_cars,,1,1,1,2,0,1,20.0,10.0,15.0,55.0,1,39,10.665961265563965,0.41803386960274136,,crash_vehicle
4771,fresh,0,fresh,,,0,1,1,0,1,0,5.0,5.0,5.0,35.0,0,87,58.24538040161133,1.175563614943932,,crash_vehicle
4772,replay,0,replay,,,0,1,1,0,1,0,5.0,5.0,5.0,35.0,0,251,289.51251220703125,7.286514502271,,out_of_road
4773,fresh,0,fresh,,,0,1,0,1,1,1,10.0,20.0,15.0,35.0,1,83,48.17950439453125,0.8287690953317896,,out_of_road
4774,mutation,0,mutation,distance_to_nearest,,1,0,0,0,0,0,10.0,40.0,5.0,20.0,0,122,87.5657958984375,4.78026046225282,,out_of_road
4775,fresh,0,fresh,,,0,1,0,8,1,1,15.0,20.0,15.0,35.0,2,86,43.8074836730957,1.8726493324651274,,crash_vehicle
4776,crossover,0,crossover,,has_brake_checker|has_cluster|maximum_distractor_speed|cluster_dist|brake_dist,3,0,0,3,0,0,20.0,5.0,5.0,20.0,1,142,47.63637924194336,3.376047557508442,,out_of_road
4777,fresh,0,fresh,,,0,1,1,4,1,0,20.0,5.0,10.0,35.0,0,164,65.17221069335938,2.9094785192027324,,out_of_road
4778,replay,0,replay,,,0,1,1,4,1,0,20.0,5.0,10.0,35.0,0,302,319.7077941894531,8.738170060841059,,out_of_road
4779,fresh,0,fresh,,,0,0,0,1,0,1,20.0,10.0,15.0,10.0,0,83,6.301822662353516,1.4882170371262424,,out_of_road
4780,replay,0,replay,,,0,0,0,1,0,1,20.0,10.0,15.0,10.0,0,261,320.4436340332031,9.874547719727074,,out_of_road
4781,fresh,0,fresh,,,0,1,1,8,0,0,15.0,5.0,5.0,20.0,0,24,0.9234404563903809,0.06906092663606007,,crash_vehicle
4782,mutation,0,mutation,distance_to_nearest,,1,0,0,0,0,0,20.0,10.0,5.0,10.0,0,262,327.4387512207031,9.83948482971155,,out_of_road
4783,fresh,0,fresh,,,0,1,0,18,0,0,15.0,5.0,5.0,20.0,1,22,-0.2862396240234375,0.08709994229403409,,crash_vehicle
4784,mutation,0,mutation,cluster_dist,,1,0,0,0,0,0,10.0,20.0,15.0,10.0,0,246,292.65765380859375,8.060483023584858,,out_of_road
4785,fresh,0,fresh,,,0,1,1,1,1,1,10.0,20.0,10.0,35.0,0,55,21.33782386779785,0.44656992825594816,,crash_vehicle
4786,mutation,0,mutation,intersection_cars,,0,0,0,0,0,0,20.0,5.0,15.0,10.0,0,244,287.409912109375,7.670312805620373,,out_of_road
4787,fresh,0,fresh,,,0,0,0,4,0,1,5.0,5.0,10.0,20.0,3,22,-0.14096832275390625,0.1097885478626598,,crash_vehicle
4788,mutation,0,mutation,has_cluster,,1,0,0,8,0,1,20.0,20.0,15.0,20.0,3,61,30.63019561767578,0.330939490042749,,crash_vehicle
4789,fresh,0,fresh,,,0,1,0,1,1,1,10.0,20.0,10.0,35.0,1,68,29.613014221191406,0.25891273600213666,,out_of_road
4790,crossover,0,crossover,,intersection_cars|maximum_distractor_speed,1,0,0,0,0,0,10.0,20.0,5.0,10.0,0,248,283.58160400390625,7.269201723918799,,out_of_road
4791,fresh,0,fresh,,,0,0,0,18,1,1,5.0,40.0,10.0,55.0,2,70,32.899688720703125,0.5430209960256304,,crash_vehicle
4792,mutation,0,mutation,maximum_distractor_speed,,1,0,0,8,0,0,10.0,20.0,15.0,35.0,3,77,45.91913604736328,1.8715437484251989,,crash_vehicle
4793,fresh,0,fresh,,,0,0,0,8,1,0,10.0,40.0,10.0,55.0,0,99,32.649532318115234,0.2319191236688633,,crash_vehicle
4794,replay,0,replay,,,0,0,0,8,1,0,10.0,40.0,10.0,55.0,0,33,6.508286476135254,1.8539863436511068,,crash_vehicle
4795,fresh,0,fresh,,,0,1,0,8,0,1,5.0,10.0,5.0,55.0,1,33,4.906721115112305,0.11366637547810872,,crash_vehicle
4796,crossover,0,crossover,,select_lane|ego_on_intersection|intersection_has_cars|distractor_cars|has_cluster|distance_to_nearest|brake_dist,4,0,0,1,0,1,15.0,10.0,10.0,55.0,1,117,71.11763763427734,4.123157930170369,,out_of_road
4797,fresh,0,fresh,,,0,1,0,4,0,1,5.0,10.0,5.0,20.0,3,45,12.49881362915039,0.3896671149465773,,crash_vehicle
4798,replay,0,replay,,,0,1,0,4,0,1,5.0,10.0,5.0,20.0,3,251,281.1072082519531,6.705946336704422,,out_of_road
4799,fresh,0,fresh,,,0,1,0,1,0,1,5.0,40.0,15.0,35.0,1,89,46.04671859741211,0.7710598070969742,,out_of_road
4800,replay,0,replay,,,0,1,0,1,0,1,5.0,40.0,15.0,35.0,1,256,280.460693359375,6.482794069801457,,out_of_road
4801,fresh,0,fresh,,,0,0,0,18,0,0,15.0,40.0,15.0,55.0,0,204,209.63706970214844,5.8196999421891045,,out_of_road
4802,mutation,0,mutation,has_brake_checker,,0,0,0,0,0,0,15.0,10.0,10.0,10.0,0,246,296.8341979980469,8.055740005117121,,out_of_road
4803,fresh,0,fresh,,,0,1,1,18,1,0,20.0,40.0,15.0,55.0,3,59,21.695281982421875,0.5377712249755859,,crash_vehicle
4804,replay,0,replay,,,0,1,1,18,1,0,20.0,40.0,15.0,55.0,3,86,56.81062698364258,1.2153532657512398,,out_of_road
4805,fresh,0,fresh,,,0,1,1,1,1,0,10.0,10.0,5.0,35.0,1,94,10.011122703552246,0.2892254770119139,,out_of_road
4806,replay,0,replay,,,0,1,1,1,1,0,10.0,10.0,5.0,35.0,1,49,15.911703109741211,4.0411979531755255,,crash_vehicle
4807,fresh,0,fresh,,,0,1,0,1,0,1,20.0,40.0,5.0,20.0,0,74,36.80752182006836,0.6336925432488725,,out_of_road
4808,mutation,0,mutation,distance_to_nearest,,1,0,0,8,0,0,15.0,10.0,15.0,35.0,1,43,11.944005966186523,0.6949620579564294,,crash_vehicle
4809,fresh,0,fresh,,,0,1,0,3,1,0,20.0,20.0,10.0,35.0,2,145,67.7403335571289,2.7281092929429023,,crash_vehicle
4810,mutation,0,mutation,distractor_cars,,1,0,0,12,0,0,15.0,20.0,15.0,35.0,3,112,91.69967651367188,6.462678341727171,,crash_vehicle
4811,fresh,0,fresh,,,0,1,1,8,1,1,10.0,5.0,15.0,55.0,1,48,11.528812408447266,0.5901129202296337,,crash_vehicle
4812,mutation,0,mutation,select_road|select_lane|ego_on_intersection|intersection_has_cars,,1,0,0,0,0,0,10.0,40.0,5.0,20.0,0,93,54.626224517822266,0.7051973633708493,,out_of_road
4813,fresh,0,fresh,,,0,0,0,5,0,0,10.0,10.0,15.0,10.0,2,53,15.556705474853516,1.8723748450009328,,crash_vehicle
4814,replay,0,replay,,,0,0,0,5,0,0,10.0,10.0,15.0,10.0,2,218,204.4104461669922,4.121440558805379,,out_of_road
4815,fresh,0,fresh,,,0,1,1,0,0,0,15.0,20.0,15.0,10.0,0,84,8.175115585327148,0.7421523385814258,,out_of_road
4816,mutation,0,mutation,has_brake_checker,,1,0,0,0,1,0,20.0,20.0,15.0,20.0,0,74,37.08677673339844,1.1872463473999821,,crash_vehicle
4817,fresh,0,fresh,,,0,1,0,0,0,0,15.0,40.0,15.0,35.0,0,81,37.870121002197266,0.3041706445776386,,out_of_road
4818,mutation,0,mutation,intersection_cars,,0,0,0,4,0,0,20.0,20.0,5.0,55.0,0,92,57.43762969970703,2.3248368524338887,,crash_vehicle
4819,fresh,0,fresh,,,0,1,1,18,1,1,5.0,20.0,15.0,55.0,0,69,15.555713653564453,0.2516192180522974,,crash_vehicle
4820,mutation,0,mutation,distractor_cars,,1,1,1,4,0,1,20.0,10.0,15.0,55.0,1,44,13.628326416015625,0.8662881106138229,,crash_vehicle
4821,fresh,0,fresh,,,0,1,1,2,1,1,20.0,20.0,5.0,35.0,2,70,8.202424049377441,0.16358179364885603,,out_of_road
4822,crossover,0,crossover,,has_brake_checker|has_cluster|maximum_distractor_speed|distance_to_nearest|cluster_dist|brake_dist,0,0,0,5,0,0,20.0,20.0,10.0,20.0,2,186,189.31809997558594,10.39954473206433,,crash_vehicle
4823,fresh,0,fresh,,,0,0,0,2,1,0,15.0,10.0,5.0,55.0,0,70,25.424671173095703,1.0923559861523764,,crash_vehicle
4824,replay,0,replay,,,0,0,0,2,1,0,15.0,10.0,5.0,55.0,0,196,211.97811889648438,10.659440252549794,,out_of_road
4825,fresh,0,fresh,,,0,0,0,5,0,1,20.0,20.0,5.0,55.0,1,48,15.006376266479492,0.7335066795349121,,crash_vehicle
4826,mutation,0,mutation,intersection_cars,,0,0,0,0,0,0,20.0,5.0,5.0,10.0,0,266,276.2759704589844,6.0325432933474845,,out_of_road
4827,fresh,0,fresh,,,0,0,0,5,0,0,5.0,20.0,5.0,20.0,0,78,31.335102081298828,1.0540404579578302,,crash_vehicle
4828,mutation,0,mutation,maximum_distractor_speed,,1,0,0,0,0,0,15.0,40.0,5.0,20.0,0,260,323.7106628417969,9.926079838780256,,out_of_road
4829,fresh,0,fresh,,,0,0,0,4,0,1,5.0,40.0,10.0,10.0,0,64,34.45060729980469,0.6544344425201416,,crash_vehicle
4830,replay,0,replay,,,0,0,0,4,0,1,5.0,40.0,10.0,10.0,0,255,284.3705749511719,6.623746141732908,,out_of_road
4831,fresh,0,fresh,,,0,1,1,12,0,0,10.0,40.0,5.0,35.0,0,121,76.18306732177734,2.1114011628568665,,out_of_road
4832,replay,0,replay,,,0,1,1,12,0,0,10.0,40.0,5.0,35.0,0,239,281.08074951171875,7.257863774209841,,arrive_dest
4833,fresh,0,fresh,,,0,1,0,3,1,0,5.0,40.0,15.0,55.0,1,83,50.01344680786133,1.407406173556684,,crash_vehicle
4834,replay,0,replay,,,0,1,0,3,1,0,5.0,40.0,15.0,55.0,1,24,13.347525596618652,0.4548792044321696,,arrive_dest
4835,fresh,0,fresh,,,0,1,1,4,1,1,15.0,5.0,10.0,20.0,0,24,0.4165186882019043,0.2956925804416339,,crash_vehicle
4836,crossover,0,crossover,,select_lane|ego_on_intersection|intersection_has_cars|distractor_cars|has_brake_checker|intersection_cars|maximum_distractor_speed|distance_to_nearest,5,0,0,18,0,0,20.0,20.0,10.0,20.0,2,5,10.085810661315918,0.0,,arrive_dest
4837,fresh,0,fresh,,,0,1,0,18,1,1,20.0,10.0,10.0,55.0,3,130,94.0265121459961,5.159444785347351,,crash_vehicle
4838,mutation,0,mutation,brake_dist,,0,0,0,0,0,0,10.0,20.0,5.0,10.0,0,80,41.84515380859375,0.6236643631011247,,out_of_road
4839,fresh,0,fresh,,,0,0,0,3,0,1,5.0,40.0,5.0,55.0,2,61,11.654991149902344,0.26927697853963883,,out_of_road
4840,mutation,0,mutation,select_road|select_lane|ego_on_intersection|intersection_has_cars,,3,1,1,0,0,0,15.0,40.0,5.0,20.0,0,92,49.4021110534668,0.2923716055634229,,out_of_road
4841,fresh,0,fresh,,,0,1,0,1,0,0,20.0,5.0,5.0,20.0,1,93,48.223487854003906,0.6839775479929422,,out_of_road
4842,crossover,0,crossover,,select_lane|ego_on_intersection|intersection_has_cars|distractor_cars|has_cluster|distance_to_nearest|cluster_dist|brake_dist,6,1,0,4,0,0,20.0,40.0,10.0,55.0,0,177,144.7379150390625,6.1560407722063655,,out_of_road
4843,fresh,0,fresh,,,0,0,0,4,1,0,15.0,40.0,5.0,55.0,1,81,29.58456802368164,0.43103737889984506,,crash_vehicle
4844,crossover,0,crossover,,distractor_cars|has_brake_checker|intersection_cars|maximum_distractor_speed|distance_to_nearest|cluster_dist|brake_dist,6,0,0,0,0,0,20.0,20.0,5.0,20.0,0,110,50.843406677246094,0.6087187558412552,,out_of_road
4845,fresh,0,fresh,,,0,1,1,0,0,0,20.0,5.0,10.0,20.0,0,189,204.21469116210938,3.8061262162589524,,out_of_road
4846,mutation,0,mutation,distractor_cars,,0,0,0,5,0,0,20.0,20.0,10.0,20.0,0,56,21.24371337890625,0.4403808457510812,,crash_vehicle
4847,fresh,0,fresh,,,0,1,0,8,1,1,5.0,40.0,10.0,55.0,1,67,28.874553680419922,1.2192495349627823,,out_of_road
4848,crossover,0,crossover,,distractor_cars|intersection_cars|maximum_distractor_speed|cluster_dist|brake_dist,5,1,0,3,0,1,20.0,10.0,5.0,35.0,1,78,8.432873725891113,3.94360819993875,,out_of_road
4849,fresh,0,fresh,,,0,0,0,3,0,0,5.0,20.0,10.0,20.0,0,61,28.694355010986328,0.4366858103236214,,crash_vehicle
4850,crossover,0,crossover,,select_lane|ego_on_intersection|intersection_has_cars|intersection_cars|maximum_distractor_speed|cluster_dist,6,0,0,2,0,1,15.0,10.0,10.0,55.0,0,36,7.161287307739258,0.32942747117744553,,crash_vehicle
4851,fresh,0,fresh,,,0,1,0,18,1,0,5.0,5.0,5.0,55.0,1,66,0.824643611907959,0.5774719227444042,,crash_vehicle
4852,crossover,0,crossover,,distance_to_nearest|cluster_dist,1,0,0,0,0,0,20.0,20.0,5.0,20.0,0,85,43.84360885620117,1.0730634450912475,,out_of_road
4853,fresh,0,fresh,,,0,1,0,5,1,1,5.0,5.0,15.0,20.0,1,113,23.289669036865234,3.502125071872652,,crash_vehicle
4854,crossover,0,crossover,,maximum_distractor_speed|distance_to_nearest|cluster_dist|brake_dist,3,1,0,2,0,1,15.0,20.0,5.0,35.0,1,68,36.74904251098633,1.230394789182088,,crash_vehicle
4855,fresh,0,fresh,,,0,1,1,2,1,0,5.0,40.0,15.0,55.0,1,68,35.0010986328125,0.5613604854134953,,crash_vehicle
4856,crossover,0,crossover,,intersection_cars|has_cluster|cluster_dist|brake_dist,3,0,0,2,0,0,15.0,20.0,10.0,10.0,2,151,111.97769927978516,5.459771521932242,,out_of_road
4857,fresh,0,fresh,,,0,1,0,0,0,0,10.0,20.0,10.0,35.0,0,149,134.35572814941406,3.4740192106106136,,out_of_road
4858,mutation,0,mutation,brake_dist,,1,1,1,3,0,0,20.0,20.0,10.0,55.0,2,89,44.772300720214844,4.757997823565193,,out_of_road
4859,fresh,0,fresh,,,0,1,1,5,1,0,10.0,40.0,10.0,55.0,2,85,57.65400695800781,1.2506225957589991,,crash_vehicle
4860,replay,0,replay,,,0,1,1,5,1,0,10.0,40.0,10.0,55.0,2,72,35.4371337890625,0.58639129002889,,out_of_road
4861,fresh,0,fresh,,,0,0,0,4,0,1,10.0,20.0,10.0,55.0,2,47,13.986740112304688,0.2149791514619868,,crash_vehicle
4862,crossover,0,crossover,,has_brake_checker|intersection_cars|distance_to_nearest|brake_dist,2,0,0,0,0,0,10.0,10.0,5.0,55.0,0,23,14.107175827026367,0.52014508454696,,arrive_dest
4863,fresh,0,fresh,,,0,0,0,12,1,0,10.0,40.0,10.0,55.0,0,76,35.28672409057617,0.16971235369381152,,out_of_road
4864,crossover,0,crossover,,select_lane|ego_on_intersection|intersection_has_cars|distractor_cars|has_brake_checker|has_cluster|maximum_distractor_speed|distance_to_nearest|brake_dist,7,0,0,0,0,0,5.0,5.0,15.0,20.0,0,245,274.4344177246094,6.233528085144199,,out_of_road
4865,fresh,0,fresh,,,0,1,1,12,1,1,20.0,40.0,15.0,55.0,2,70,7.415853500366211,0.3707308837345668,,out_of_road
4866,mutation,0,mutation,distance_to_nearest,,1,0,0,0,0,0,10.0,5.0,15.0,10.0,0,239,273.92901611328125,7.590961478993484,,out_of_road
4867,fresh,0,fresh,,,0,0,0,12,0,0,20.0,40.0,10.0,20.0,2,77,11.239007949829102,0.24933916528697136,,out_of_road
4868,crossover,0,crossover,,has_cluster|maximum_distractor_speed|cluster_dist,2,0,0,0,0,0,15.0,20.0,10.0,10.0,0,242,277.2658386230469,6.958189396326207,,out_of_road
4869,fresh,0,fresh,,,0,0,0,3,0,0,10.0,20.0,15.0,35.0,3,90,44.839637756347656,1.0265398263931274,,out_of_road
4870,mutation,0,mutation,intersection_cars,,0,0,0,0,0,0,20.0,20.0,5.0,10.0,0,82,41.91278839111328,0.700236596712252,,out_of_road
4871,fresh,0,fresh,,,0,0,0,8,1,1,10.0,20.0,10.0,55.0,1,76,9.045228004455566,0.8223794820277315,,out_of_road
4872,replay,0,replay,,,0,0,0,8,1,1,10.0,20.0,10.0,55.0,1,255,275.1902770996094,6.202054147626839,,out_of_road
4873,fresh,0,fresh,,,0,0,0,0,0,0,15.0,5.0,15.0,10.0,0,195,199.9130401611328,5.097798247673572,,out_of_road
4874,replay,0,replay,,,0,0,0,0,0,0,15.0,5.0,15.0,10.0,0,134,119.80720520019531,8.534091515327567,,crash_vehicle
4875,fresh,0,fresh,,,0,1,1,4,0,0,10.0,10.0,5.0,35.0,0,43,11.345556259155273,0.20092431611792985,,crash_vehicle
4876,crossover,0,crossover,,select_lane|ego_on_intersection|intersection_has_cars|distractor_cars|has_brake_checker|intersection_cars|has_cluster|distance_to_nearest|cluster_dist|brake_dist,4,0,0,0,0,0,20.0,20.0,5.0,20.0,0,237,277.186767578125,7.5959302360498455,,out_of_road
4877,fresh,0,fresh,,,0,0,0,4,0,0,15.0,10.0,5.0,20.0,0,46,11.14332389831543,1.0367000258487205,,crash_vehicle
4878,replay,0,replay,,,0,0,0,4,0,0,15.0,10.0,5.0,20.0,0,181,123.62568664550781,7.451290362447665,,out_of_road
4879,fresh,0,fresh,,,0,0,0,1,1,0,20.0,10.0,10.0,20.0,1,66,34.42662811279297,1.1436629308895632,,crash_vehicle
4880,replay,0,replay,,,0,0,0,1,1,0,20.0,10.0,10.0,20.0,1,243,285.28961181640625,7.405696654515992,,out_of_road
4881,fresh,0,fresh,,,0,1,0,18,1,0,10.0,40.0,5.0,55.0,2,90,58.474727630615234,1.9229558808936014,,crash_vehicle
4882,replay,0,replay,,,0,1,0,18,1,0,10.0,40.0,5.0,55.0,2,202,213.54962158203125,10.968222382045028,,out_of_road
4883,fresh,0,fresh,,,0,0,0,4,1,0,5.0,10.0,10.0,55.0,1,69,4.747056007385254,1.264493295463963,,crash_vehicle
4884,mutation,0,mutation,cluster_dist,,1,0,0,0,0,0,10.0,40.0,15.0,20.0,0,259,316.59136962890625,9.492672061713046,,out_of_road
4885,fresh,0,fresh,,,0,0,0,5,1,1,15.0,20.0,15.0,35.0,0,150,87.21051788330078,4.311671410600344,,out_of_road
4886,mutation,0,mutation,distractor_cars,,1,0,0,12,0,0,10.0,5.0,5.0,20.0,0,33,5.592228889465332,1.412346733338905,,crash_vehicle
4887,fresh,0,fresh,,,0,1,0,5,1,0,20.0,20.0,10.0,35.0,1,61,21.917306900024414,0.36106786864702817,,crash_vehicle
4888,mutation,0,mutation,maximum_distractor_speed,,1,0,0,0,0,0,15.0,5.0,15.0,10.0,0,77,42.21552276611328,1.0268218300559304,,out_of_road
4889,fresh,0,fresh,,,0,0,0,4,1,1,5.0,20.0,15.0,35.0,1,48,17.71950912475586,0.23063257336616516,,crash_vehicle
4890,crossover,0,crossover,,has_brake_checker|intersection_cars|maximum_distractor_speed|distance_to_nearest,2,0,0,0,0,0,15.0,20.0,15.0,20.0,0,84,46.068077087402344,1.0511885998504502,,out_of_road
4891,fresh,0,fresh,,,0,1,0,0,1,0,5.0,40.0,10.0,10.0,0,60,19.833702087402344,0.6160508573055268,,crash_vehicle
4892,crossover,0,crossover,,select_lane|ego_on_intersection|intersection_has_cars|has_brake_checker|intersection_cars|has_cluster|distance_to_nearest,2,0,0,5,0,0,20.0,5.0,10.0,20.0,0,22,-0.2383561134338379,0.2240870420567014,,crash_vehicle
4893,fresh,0,fresh,,,0,1,1,8,1,0,10.0,5.0,10.0,20.0,2,68,31.06487274169922,6.750114151660134,,crash_vehicle
4894,replay,0,replay,,,0,1,1,8,1,0,10.0,5.0,10.0,20.0,2,144,125.759765625,7.962321551723613,,crash_vehicle
4895,fresh,0,fresh,,,0,0,0,2,0,0,15.0,5.0,15.0,10.0,0,24,-0.08524322509765625,0.06624959409236908,,crash_vehicle
4896,crossover,0,crossover,,select_lane|ego_on_intersection|intersection_has_cars|has_brake_checker|intersection_cars|has_cluster,2,0,0,5,0,0,20.0,20.0,10.0,20.0,3,189,222.216552734375,13.252388015468284,,out_of_road
4897,fresh,0,fresh,,,0,1,1,8,0,1,10.0,40.0,15.0,35.0,3,126,71.732177734375,3.5232121265596814,,out_of_road
4898,replay,0,replay,,,0,1,1,8,0,1,10.0,40.0,15.0,35.0,3,249,289.179931640625,7.345480586151521,,out_of_road
4899,fresh,0,fresh,,,0,0,0,5,1,0,20.0,5.0,15.0,35.0,1,22,-0.16390037536621094,0.18779116750440814,,crash_vehicle
4900,crossover,0,crossover,,has_brake_checker|maximum_distractor_speed|distance_to_nearest|cluster_dist|brake_dist,3,1,0,4,0,0,20.0,20.0,5.0,10.0,0,214,196.6295166015625,7.136235552691968,,out_of_road
4901,fresh,0,fresh,,,0,0,0,5,1,0,15.0,5.0,10.0,55.0,2,37,1.5784378051757812,0.8623761421925312,,crash_vehicle
4902,mutation,0,mutation,select_road|select_lane|ego_on_intersection|intersection_has_cars,,1,0,0,0,0,0,20.0,20.0,5.0,20.0,0,120,60.97072982788086,2.8305611719687778,,arrive_dest
4903,fresh,0,fresh,,,0,0,0,18,1,1,10.0,20.0,10.0,35.0,2,55,19.344478607177734,0.18958297100934116,,crash_vehicle
4904,crossover,0,crossover,,select_lane|ego_on_intersection|intersection_has_cars|has_cluster|distance_to_nearest|cluster_dist,1,0,0,0,0,0,10.0,5.0,5.0,20.0,0,242,253.01040649414062,6.750475458123467,,out_of_road
4905,fresh,0,fresh,,,0,0,0,0,1,0,5.0,10.0,10.0,10.0,0,34,4.626814842224121,0.0,,crash_vehicle
4906,replay,0,replay,,,0,0,0,0,1,0,5.0,10.0,10.0,10.0,0,241,275.1390075683594,7.032908992895941,,arrive_dest
4907,fresh,0,fresh,,,0,1,0,1,0,0,10.0,5.0,15.0,35.0,0,52,11.800378799438477,0.9221968974631566,,crash_vehicle
4908,replay,0,replay,,,0,1,0,1,0,0,10.0,5.0,15.0,35.0,0,248,287.3949890136719,7.393431978961153,,out_of_road
4909,fresh,0,fresh,,,0,0,0,4,1,1,10.0,5.0,15.0,20.0,3,347,-1.3873322010040283,0.19273743473573102,,crash_vehicle
4910,crossover,0,crossover,,select_lane|ego_on_intersection|intersection_has_cars|has_brake_checker|distance_to_nearest|cluster_dist|brake_dist,3,0,0,0,0,0,20.0,20.0,5.0,35.0,0,180,144.9796600341797,4.354227390554216,,out_of_road
4911,fresh,0,fresh,,,0,0,0,12,0,0,15.0,5.0,15.0,10.0,3,52,15.255830764770508,1.4031203228693743,,crash_vehicle
4912,replay,0,replay,,,0,0,0,12,0,0,15.0,5.0,15.0,10.0,3,254,276.1281433105469,6.527174347967613,,out_of_road
4913,fresh,0,fresh,,,0,0,0,0,1,0,5.0,20.0,15.0,10.0,0,56,15.754484176635742,0.8480188931737628,,crash_vehicle
4914,crossover,0,crossover,,has_cluster|maximum_distractor_speed|distance_to_nearest|cluster_dist,1,0,0,0,0,0,20.0,20.0,15.0,10.0,0,222,254.00177001953125,7.86865774360863,,out_of_road
4915,fresh,0,fresh,,,0,1,0,1,1,1,5.0,10.0,15.0,20.0,1,68,36.687843322753906,0.7095773149939144,,crash_vehicle
4916,mutation,0,mutation,has_brake_checker,,2,1,1,3,1,0,20.0,10.0,5.0,20.0,2,224,229.54949951171875,6.9433689793305735,,arrive_dest
4917,fresh,0,fresh,,,0,0,0,3,1,1,10.0,20.0,5.0,35.0,0,174,131.91259765625,4.864355127787453,,out_of_road
4918,mutation,0,mutation,brake_dist,,0,0,0,4,0,0,20.0,20.0,5.0,10.0,0,164,165.90682983398438,9.929010056867831,,crash_vehicle
4919,fresh,0,fresh,,,0,1,0,1,0,1,15.0,10.0,15.0,10.0,1,187,219.01315307617188,5.042140630158511,,out_of_road
4920,replay,0,replay,,,0,1,0,1,0,1,15.0,10.0,15.0,10.0,1,151,116.56014251708984,4.723678865081427,,out_of_road
4921,fresh,0,fresh,,,0,1,0,0,0,0,20.0,40.0,15.0,35.0,0,119,95.36951446533203,2.499737938912977,,out_of_road
4922,replay,0,replay,,,0,1,0,0,0,0,20.0,40.0,15.0,35.0,0,71,30.360763549804688,3.2596469143746605,,crash_vehicle
4923,fresh,0,fresh,,,0,1,1,8,0,0,20.0,10.0,10.0,35.0,3,46,12.935691833496094,1.1173539602238198,,crash_vehicle
4924,mutation,0,mutation,distractor_cars,,1,0,0,3,0,1,20.0,40.0,15.0,55.0,1,105,33.43760299682617,0.3067591899917239,,out_of_road
4925,fresh,0,fresh,,,0,0,0,2,0,0,15.0,5.0,10.0,35.0,2,143,118.24948120117188,2.019351501981695,,out_of_road
4926,replay,0,replay,,,0,0,0,2,0,0,15.0,5.0,10.0,35.0,2,269,291.4068603515625,6.062715845369495,,out_of_road
4927,fresh,0,fresh,,,0,0,0,0,1,0,5.0,20.0,5.0,20.0,0,73,38.62893295288086,1.1398362468366754,,crash_vehicle
4928,replay,0,replay,,,0,0,0,0,1,0,5.0,20.0,5.0,20.0,0,77,40.42437744140625,0.6032467910221645,,out_of_road
4929,fresh,0,fresh,,,0,1,0,1,1,1,15.0,5.0,5.0,35.0,0,43,9.098363876342773,2.6653443547182305,,crash_vehicle
4930,crossover,0,crossover,,select_lane|ego_on_intersection|intersection_has_cars|distractor_cars|has_brake_checker|cluster_dist,3,0,0,0,0,0,20.0,20.0,10.0,55.0,0,88,47.83998107910156,1.1482330911623484,,out_of_road
4931,fresh,0,fresh,,,0,1,1,8,1,0,5.0,10.0,10.0,20.0,2,34,5.806398391723633,0.23487635088317535,,crash_vehicle
4932,replay,0,replay,,,0,1,1,8,1,0,5.0,10.0,10.0,20.0,2,251,289.38079833984375,6.7439557719990555,,out_of_road
4933,fresh,0,fresh,,,0,1,0,1,0,0,10.0,20.0,15.0,20.0,1,133,93.21129608154297,2.640792523559771,,out_of_road
4934,crossover,0,crossover,,has_brake_checker|has_cluster|distance_to_nearest|brake_dist,2,1,1,4,0,0,5.0,5.0,10.0,20.0,2,23,0.17124223709106445,0.33477028070584586,,crash_vehicle
4935,fresh,0,fresh,,,0,0,0,5,1,1,5.0,40.0,10.0,55.0,3,95,36.170372009277344,0.3636109396031028,,crash_vehicle
4936,mutation,0,mutation,intersection_cars,,0,0,0,0,0,0,20.0,20.0,5.0,20.0,0,77,42.76539993286133,0.6332372883697609,,out_of_road
4937,fresh,0,fresh,,,0,1,1,0,0,0,15.0,20.0,10.0,35.0,0,185,209.48509216308594,3.9264557674124436,,out_of_road
4938,mutation,0,mutation,intersection_cars,,1,0,0,3,0,0,20.0,20.0,10.0,10.0,1,72,39.455039978027344,1.240558822121885,,crash_vehicle
4939,fresh,0,fresh,,,0,0,0,18,1,1,10.0,20.0,15.0,55.0,1,76,40.26805877685547,0.694955946191361,,crash_vehicle
4940,mutation,0,mutation,distractor_cars,,1,1,0,12,0,1,15.0,10.0,10.0,10.0,1,74,12.081480026245117,1.088410068001296,,out_of_road
4941,fresh,0,fresh,,,0,0,0,1,0,0,15.0,20.0,5.0,20.0,0,29,-6.842823505401611,0.0,,out_of_road
4942,crossover,0,crossover,,select_lane|ego_on_intersection|intersection_has_cars|distractor_cars|has_brake_checker|intersection_cars|has_cluster|distance_to_nearest|cluster_dist|brake_dist,1,0,0,0,0,0,20.0,20.0,5.0,10.0,0,247,276.5583801269531,6.8580741778559045,,out_of_road
4943,fresh,0,fresh,,,0,1,1,5,1,0,20.0,40.0,10.0,55.0,3,126,75.90582275390625,4.399903613896597,,out_of_road
4944,mutation,0,mutation,maximum_distractor_speed,,1,0,0,3,0,0,10.0,20.0,5.0,35.0,1,61,22.560293197631836,0.4853059336787365,,crash_vehicle
4945,fresh,0,fresh,,,0,1,0,0,1,0,10.0,20.0,15.0,55.0,0,139,94.80962371826172,4.475995203573927,,crash_vehicle
4946,crossover,0,crossover,,select_lane|ego_on_intersection|intersection_has_cars|has_brake_checker|intersection_cars|has_cluster|maximum_distractor_speed|distance_to_nearest,3,0,0,4,0,0,20.0,20.0,10.0,55.0,0,80,41.40275573730469,2.746160937752575,,out_of_road
4947,fresh,0,fresh,,,0,0,0,12,1,0,15.0,20.0,10.0,55.0,1,202,206.5950469970703,5.693013087357625,,crash_vehicle
4948,replay,0,replay,,,0,0,0,12,1,0,15.0,20.0,10.0,55.0,1,163,143.65771484375,7.47083687014375,,crash_vehicle
4949,fresh,0,fresh,,,0,0,0,4,0,0,10.0,20.0,10.0,20.0,1,62,25.68634605407715,0.31178003741848853,,crash_vehicle
4950,replay,0,replay,,,0,0,0,4,0,0,10.0,20.0,10.0,20.0,1,192,207.4077911376953,11.529782846570015,,crash_vehicle
4951,fresh,0,fresh,,,0,0,0,4,0,1,5.0,40.0,15.0,10.0,3,125,76.78854370117188,2.087876884937286,,crash_vehicle
4952,crossover,0,crossover,,distractor_cars|has_brake_checker|has_cluster|distance_to_nearest|brake_dist,4,0,0,0,0,0,15.0,5.0,5.0,20.0,0,182,194.03439331054688,3.9840671479047,,out_of_road
4953,fresh,0,fresh,,,0,1,1,18,1,0,15.0,10.0,10.0,55.0,1,58,22.574995040893555,2.43889803721987,,crash_vehicle
4954,replay,0,replay,,,0,1,1,18,1,0,15.0,10.0,10.0,55.0,1,259,322.7413635253906,9.023810140874856,,out_of_road
4955,fresh,0,fresh,,,0,0,0,18,0,0,15.0,10.0,5.0,55.0,2,66,27.669422149658203,2.9470259901700597,,crash_vehicle
4956,replay,0,replay,,,0,0,0,18,0,0,15.0,10.0,5.0,55.0,2,255,260.98602294921875,5.336987996802611,,out_of_road
4957,fresh,0,fresh,,,0,0,0,5,0,0,20.0,5.0,5.0,20.0,1,22,-0.36870908737182617,0.02463479475541548,,crash_vehicle
4958,mutation,0,mutation,has_cluster,,1,1,0,2,0,0,15.0,10.0,10.0,10.0,1,102,60.36530303955078,7.786148211535285,,out_of_road
4959,fresh,0,fresh,,,0,0,0,2,1,0,20.0,40.0,5.0,55.0,2,137,75.62770080566406,1.8893129457957554,,out_of_road
4960,mutation,0,mutation,brake_dist,,1,0,0,0,0,0,20.0,20.0,5.0,35.0,0,85,46.72178268432617,1.0477807823349448,,out_of_road
4961,fresh,0,fresh,,,0,1,1,5,1,1,20.0,10.0,10.0,35.0,2,46,12.971431732177734,0.4146536719863829,,crash_vehicle
4962,crossover,0,crossover,,select_lane|ego_on_intersection|intersection_has_cars|has_brake_checker|intersection_cars|distance_to_nearest|cluster_dist,2,0,0,0,0,0,20.0,5.0,5.0,20.0,0,261,321.0131530761719,9.361211152369036,,out_of_road
4963,fresh,0,fresh,,,0,1,0,18,1,0,15.0,10.0,15.0,20.0,1,45,2.160330295562744,0.6555349782937103,,crash_vehicle
4964,mutation,0,mutation,intersection_cars,,0,0,0,0,0,0,10.0,5.0,15.0,20.0,0,26,-2.3498027324676514,0.5861541674687312,,out_of_road
4965,fresh,0,fresh,,,0,0,0,5,1,1,5.0,10.0,10.0,55.0,1,57,18.710201263427734,1.0183821910044604,,crash_vehicle
4966,mutation,0,mutation,distance_to_nearest,,1,0,0,8,0,0,15.0,40.0,15.0,35.0,3,84,44.26481628417969,0.9309600627138501,,crash_vehicle
4967,fresh,0,fresh,,,0,1,0,2,0,1,10.0,10.0,15.0,20.0,2,117,54.77045440673828,1.1838405870983744,,out_of_road
4968,crossover,0,crossover,,select_lane|ego_on_intersection|intersection_has_cars|distractor_cars|intersection_cars|has_cluster|cluster_dist,3,0,0,8,0,0,15.0,10.0,15.0,10.0,0,17,-4.980231761932373,0.0,,out_of_road
4969,fresh,0,fresh,,,0,0,0,18,1,0,20.0,20.0,15.0,35.0,1,57,25.38579559326172,0.40530936602960554,,crash_vehicle
4970,crossover,0,crossover,,select_lane|ego_on_intersection|intersection_has_cars|has_brake_checker|intersection_cars|maximum_distractor_speed|distance_to_nearest|cluster_dist,2,0,0,5,0,0,15.0,20.0,10.0,20.0,0,82,37.24976348876953,2.1524572844912364,,out_of_road
4971,fresh,0,fresh,,,0,0,0,12,0,0,5.0,40.0,15.0,35.0,2,28,-6.664002895355225,0.0,,out_of_road
4972,mutation,0,mutation,has_brake_checker,,1,0,0,0,1,0,15.0,10.0,10.0,10.0,0,38,8.263615608215332,0.31761500239372253,,crash_vehicle
4973,fresh,0,fresh,,,0,0,0,3,1,1,5.0,20.0,5.0,35.0,0,136,35.698997497558594,1.1459423084469402,,crash_vehicle
4974,crossover,0,crossover,,distractor_cars|intersection_cars|maximum_distractor_speed|cluster_dist|brake_dist,5,0,0,8,0,0,15.0,20.0,15.0,35.0,3,79,42.06208801269531,1.7571172549188891,,crash_vehicle
4975,fresh,0,fresh,,,0,1,1,3,1,0,5.0,5.0,10.0,20.0,3,139,88.18612670898438,7.024913902762982,,out_of_road
4976,crossover,0,crossover,,has_cluster|cluster_dist,1,0,0,0,0,0,20.0,20.0,5.0,20.0,0,269,290.7071838378906,5.939395144304822,,out_of_road
4977,fresh,0,fresh,,,0,0,0,0,1,0,20.0,10.0,15.0,35.0,0,164,75.71463012695312,1.2515213267832268,,out_of_road
4978,mutation,0,mutation,has_brake_checker,,0,0,0,2,0,0,15.0,20.0,5.0,35.0,1,186,197.96031188964844,10.75023450005439,,crash_vehicle
4979,fresh,0,fresh,,,0,1,0,0,1,0,20.0,5.0,10.0,55.0,0,112,91.75732421875,2.418851727353675,,crash_vehicle
4980,crossover,0,crossover,,select_lane|ego_on_intersection|intersection_has_cars|distractor_cars|has_brake_checker|maximum_distractor_speed|brake_dist,4,0,0,8,0,0,15.0,20.0,5.0,20.0,0,178,184.650634765625,10.348716137784251,,crash_vehicle
4981,fresh,0,fresh,,,0,0,0,0,1,0,5.0,10.0,5.0,55.0,0,228,165.5367431640625,4.082325336049523,,out_of_road
4982,mutation,0,mutation,has_brake_checker,,1,0,0,1,1,1,10.0,10.0,5.0,55.0,1,95,64.2307357788086,2.962337515228673,,out_of_road
4983,fresh,0,fresh,,,0,1,0,0,1,0,5.0,5.0,5.0,35.0,0,92,44.436344146728516,1.3998343928352646,,out_of_road
4984,mutation,0,mutation,select_road|select_lane|ego_on_intersection|intersection_has_cars,,1,0,0,0,0,0,10.0,20.0,10.0,10.0,0,191,189.35792541503906,3.626788384471264,,out_of_road
4985,fresh,0,fresh,,,0,1,1,8,0,0,10.0,5.0,15.0,35.0,0,22,-0.15244531631469727,0.32827755266969855,,crash_vehicle
4986,crossover,0,crossover,,has_brake_checker|distance_to_nearest|cluster_dist,1,0,0,0,0,0,20.0,20.0,5.0,55.0,0,280,310.0252380371094,7.563411919027567,,out_of_road
4987,fresh,0,fresh,,,0,1,0,12,0,1,5.0,40.0,15.0,55.0,0,220,190.29063415527344,3.3224726880646567,,out_of_road
4988,replay,0,replay,,,0,1,0,12,0,1,5.0,40.0,15.0,55.0,0,214,214.03326416015625,6.937985197336317,,out_of_road
4989,fresh,0,fresh,,,0,0,0,0,1,0,15.0,10.0,10.0,35.0,0,106,57.37453842163086,1.8374253418648019,,crash_vehicle
4990,crossover,0,crossover,,has_brake_checker|intersection_cars|has_cluster|distance_to_nearest,1,0,0,0,0,0,20.0,20.0,5.0,20.0,0,81,42.27315902709961,0.7253426401703446,,out_of_road
4991,fresh,0,fresh,,,0,1,0,4,0,1,10.0,10.0,10.0,35.0,0,44,6.360450744628906,0.0,,crash_vehicle
4992,crossover,0,crossover,,has_brake_checker,0,0,0,3,0,0,20.0,20.0,5.0,10.0,0,74,29.542346954345703,0.4530778515177804,,crash_vehicle
4993,fresh,0,fresh,,,0,0,0,0,1,0,20.0,40.0,10.0,55.0,0,113,55.93347930908203,0.6178932206424992,,out_of_road
4994,replay,0,replay,,,0,0,0,0,1,0,20.0,40.0,10.0,55.0,0,82,45.07374572753906,0.9240259477278081,,out_of_road
4995,fresh,0,fresh,,,0,0,0,8,1,0,15.0,5.0,15.0,20.0,3,50,14.53106689453125,2.006215988993645,,crash_vehicle
4996,mutation,0,mutation,has_brake_checker,,0,0,0,0,0,0,10.0,5.0,5.0,20.0,0,18,-6.064664840698242,0.25861676534016925,,out_of_road
4997,fresh,0,fresh,,,0,0,0,3,1,1,20.0,10.0,5.0,35.0,3,96,48.58283233642578,0.9990442676159242,,crash_vehicle
4998,mutation,0,mutation,has_brake_checker,,1,0,0,0,1,0,20.0,20.0,5.0,10.0,0,42,11.184513092041016,0.6290418353109133,,crash_vehicle
4999,fresh,0,fresh,,,0,0,0,4,1,1,20.0,20.0,15.0,35.0,0,74,33.20132827758789,1.1811209353240761,,crash_vehicle
5000,mutation,0,mutation,cluster_dist,,1,0,0,4,0,0,20.0,20.0,15.0,10.0,0,67,34.377586364746094,0.4843005278884475,,crash_vehicle
5001,fresh,0,fresh,,,0,0,0,4,0,1,5.0,10.0,5.0,55.0,1,238,49.03630065917969,2.951839534675374,,out_of_road
5002,replay,0,replay,,,0,0,0,4,0,1,5.0,10.0,5.0,55.0,1,111,47.55545425415039,6.887487122604439,,out_of_road
5003,fresh,0,fresh,,,0,0,0,8,0,0,15.0,40.0,5.0,20.0,3,73,32.22863006591797,0.5293331668801504,,crash_vehicle
5004,replay,0,replay,,,0,0,0,8,0,0,15.0,40.0,5.0,20.0,3,261,281.03387451171875,5.6880997458751175,,out_of_road
5005,fresh,0,fresh,,,0,1,0,5,0,0,10.0,5.0,5.0,20.0,3,106,21.105079650878906,3.481948162024876,,crash_vehicle
5006,crossover,0,crossover,,distractor_cars|has_brake_checker|intersection_cars|has_cluster|distance_to_nearest|brake_dist,2,0,0,5,0,0,20.0,10.0,10.0,20.0,3,217,200.65267944335938,9.594067306287828,,out_of_road
5007,fresh,0,fresh,,,0,0,0,3,1,0,5.0,10.0,15.0,55.0,1,137,71.4330062866211,3.2761232269941454,,crash_vehicle
5008,mutation,0,mutation,cluster_dist,,0,0,0,8,0,0,15.0,20.0,15.0,20.0,0,99,58.28116226196289,2.700709351686516,,crash_vehicle
5009,fresh,0,fresh,,,0,1,1,18,0,0,10.0,10.0,5.0,10.0,2,38,5.572357177734375,0.031563551802384224,,crash_vehicle
5010,crossover,0,crossover,,has_brake_checker|distance_to_nearest|cluster_dist|brake_dist,2,0,0,0,0,0,10.0,20.0,10.0,20.0,0,254,267.4621276855469,5.407580496523324,,out_of_road
5011,fresh,0,fresh,,,0,1,1,8,1,0,10.0,5.0,15.0,20.0,0,23,-0.12438344955444336,0.19010734882043756,,crash_vehicle
5012,mutation,0,mutation,distractor_cars,,1,0,0,5,0,1,10.0,10.0,5.0,55.0,1,31,4.465057373046875,0.02873256610285851,,crash_vehicle
5013,fresh,0,fresh,,,0,1,1,18,0,0,20.0,10.0,5.0,10.0,3,101,59.48063659667969,8.007653549166008,,out_of_road
5014,mutation,0,mutation,has_brake_checker,,0,0,0,8,0,0,15.0,20.0,15.0,35.0,3,87,51.37763214111328,1.199269503526304,,crash_vehicle
5015,fresh,0,fresh,,,0,1,0,0,0,0,15.0,10.0,5.0,55.0,0,183,199.74009704589844,4.246566713222714,,out_of_road
5016,crossover,0,crossover,,has_cluster|distance_to_nearest|brake_dist,2,0,0,0,0,0,15.0,20.0,10.0,55.0,0,262,308.8185729980469,8.582732043307246,,out_of_road
5017,fresh,0,fresh,,,0,1,1,12,0,1,15.0,40.0,10.0,35.0,3,91,30.25588607788086,0.48944776005797336,,crash_vehicle
5018,replay,0,replay,,,0,1,1,12,0,1,15.0,40.0,10.0,35.0,3,73,27.819538116455078,0.7573578390356612,,out_of_road
5019,fresh,0,fresh,,,0,1,1,4,0,0,15.0,5.0,10.0,35.0,3,129,41.23148727416992,2.7774948602498966,,out_of_road
5020,crossover,0,crossover,,maximum_distractor_speed|cluster_dist,1,0,0,0,0,0,20.0,5.0,5.0,20.0,0,254,281.94207763671875,8.827278624369404,,out_of_road
5021,fresh,0,fresh,,,0,1,0,8,0,0,5.0,40.0,5.0,55.0,1,139,72.2127456665039,1.546997555350657,,out_of_road
5022,crossover,0,crossover,,intersection_cars,0,0,0,0,0,0,15.0,20.0,10.0,10.0,0,25,13.85041332244873,0.9386273193359375,,arrive_dest
5023,fresh,0,fresh,,,0,1,0,8,0,1,10.0,40.0,5.0,10.0,1,68,34.12501907348633,0.11174514714409323,,crash_vehicle
5024,mutation,0,mutation,select_road|select_lane|ego_on_intersection|intersection_has_cars,,2,1,0,0,0,0,20.0,5.0,5.0,55.0,0,101,41.697269439697266,0.3122396171092987,,out_of_road
5025,fresh,0,fresh,,,0,0,0,8,0,1,20.0,20.0,15.0,35.0,0,133,103.28359985351562,6.953104349903595,,crash_vehicle
5026,replay,0,replay,,,0,0,0,8,0,1,20.0,20.0,15.0,35.0,0,266,310.15924072265625,7.823966758647807,,out_of_road
5027,fresh,0,fresh,,,0,0,0,4,0,1,5.0,40.0,5.0,55.0,2,95,30.66614532470703,0.3242900120584588,,crash_vehicle
5028,mutation,0,mutation,intersection_cars,,0,0,0,0,0,0,20.0,5.0,15.0,10.0,0,268,304.7346496582031,7.56390791390536,,out_of_road
5029,fresh,0,fresh,,,0,1,1,18,0,1,15.0,5.0,10.0,20.0,2,33,4.100567817687988,2.015340378790191,,crash_vehicle
5030,crossover,0,crossover,,select_lane|ego_on_intersection|intersection_has_cars|distractor_cars|intersection_cars|has_cluster|distance_to_nearest|cluster_dist,4,0,0,8,0,0,20.0,20.0,15.0,10.0,3,190,205.03323364257812,10.351477296728836,,out_of_road
5031,fresh,0,fresh,,,0,0,0,5,0,0,20.0,5.0,15.0,35.0,1,24,0.03981208801269531,0.26207415262858075,,crash_vehicle
5032,replay,0,replay,,,0,0,0,5,0,0,20.0,5.0,15.0,35.0,1,188,198.4622802734375,11.094552295797683,,crash_vehicle
5033,fresh,0,fresh,,,0,1,0,18,1,1,15.0,10.0,15.0,20.0,2,104,40.66517639160156,4.287169866836988,,out_of_road
5034,mutation,0,mutation,select_road|select_lane|ego_on_intersection|intersection_has_cars,,1,1,1,3,0,0,20.0,10.0,5.0,10.0,2,46,12.082115173339844,1.803062476541685,,crash_vehicle
5035,fresh,0,fresh,,,0,1,1,1,1,1,20.0,10.0,5.0,35.0,1,54,8.738396644592285,1.1134239512461204,,out_of_road
5036,replay,0,replay,,,0,1,1,1,1,1,20.0,10.0,5.0,35.0,1,174,168.75917053222656,9.090547861724064,,crash_vehicle
5037,fresh,0,fresh,,,0,1,1,12,0,0,10.0,5.0,10.0,10.0,1,169,4.097983360290527,2.0366149019207476,,out_of_road
5038,mutation,0,mutation,brake_dist,,1,0,0,0,0,0,15.0,10.0,10.0,20.0,0,75,35.73810577392578,0.47625139872233074,,out_of_road
5039,fresh,0,fresh,,,0,1,0,3,0,1,10.0,20.0,5.0,20.0,3,166,48.96340560913086,2.2245123687996924,,out_of_road
5040,replay,0,replay,,,0,1,0,3,0,1,10.0,20.0,5.0,20.0,3,260,268.1502990722656,4.652570137152305,,out_of_road
5041,fresh,0,fresh,,,0,0,0,1,0,1,15.0,10.0,5.0,20.0,0,37,8.287918090820312,0.3077249555168925,,crash_vehicle
5042,crossover,0,crossover,,select_lane|ego_on_intersection|intersection_has_cars|has_brake_checker|intersection_cars|has_cluster|maximum_distractor_speed|distance_to_nearest|cluster_dist|brake_dist,3,0,0,5,0,0,20.0,20.0,5.0,20.0,0,80,43.56368637084961,3.583093360811472,,out_of_road
5043,fresh,0,fresh,,,0,1,1,12,1,1,20.0,10.0,10.0,20.0,3,114,57.6853141784668,4.364250739938335,,out_of_road
5044,crossover,0,crossover,,distractor_cars|intersection_cars|has_cluster,1,0,0,4,0,0,15.0,20.0,5.0,20.0,0,146,137.26303100585938,9.209267098609715,,crash_vehicle
5045,fresh,0,fresh,,,0,1,1,8,0,0,10.0,10.0,15.0,10.0,3,44,11.134632110595703,0.24029529230161148,,crash_vehicle
5046,mutation,0,mutation,intersection_cars,,0,0,0,0,0,0,20.0,5.0,5.0,20.0,0,278,318.91943359375,7.776474758178639,,out_of_road
5047,fresh,0,fresh,,,0,1,0,3,0,1,15.0,5.0,10.0,55.0,2,61,15.782402038574219,1.9825201068745284,,crash_vehicle
5048,crossover,0,crossover,,select_lane|ego_on_intersection|intersection_has_cars|distractor_cars|has_cluster|maximum_distractor_speed|distance_to_nearest|cluster_dist,5,0,0,2,0,1,20.0,5.0,10.0,55.0,0,39,6.196686744689941,0.9122204276231619,,crash_vehicle
5049,fresh,0,fresh,,,0,1,1,3,1,1,20.0,40.0,5.0,55.0,0,83,33.651641845703125,1.0986557897314968,,out_of_road
5050,crossover,0,crossover,,select_lane|ego_on_intersection|intersection_has_cars|distractor_cars|intersection_cars|distance_to_nearest,1,0,0,0,0,0,20.0,5.0,5.0,20.0,0,121,86.50234985351562,5.454718913913759,,out_of_road
5051,fresh,0,fresh,,,0,0,0,8,1,0,10.0,20.0,5.0,35.0,2,45,13.845552444458008,0.4397624969482422,,crash_vehicle
5052,crossover,0,crossover,,select_lane|ego_on_intersection|intersection_has_cars|has_brake_checker|maximum_distractor_speed|brake_dist,1,0,0,0,0,0,10.0,20.0,5.0,20.0,0,247,277.6060485839844,6.315928886897169,,out_of_road
5053,fresh,0,fresh,,,0,0,0,12,1,1,10.0,40.0,5.0,55.0,3,71,30.830951690673828,0.6225745812268324,,crash_vehicle
5054,replay,0,replay,,,0,0,0,12,1,1,10.0,40.0,5.0,55.0,3,254,281.2046813964844,6.264275916683392,,out_of_road
5055,fresh,0,fresh,,,0,0,0,3,0,1,5.0,5.0,15.0,55.0,1,42,10.051654815673828,2.440869004953475,,crash_vehicle
5056,mutation,0,mutation,has_cluster,,0,0,0,0,0,0,10.0,40.0,15.0,20.0,0,77,42.74332046508789,0.7430385923037282,,out_of_road
5057,fresh,0,fresh,,,0,0,0,0,1,0,15.0,40.0,10.0,10.0,0,237,187.34481811523438,4.598402864319363,,out_of_road
5058,crossover,0,crossover,,has_cluster|cluster_dist,1,0,0,4,0,0,20.0,20.0,10.0,55.0,0,63,27.320720672607422,0.4917077582979959,,crash_vehicle
5059,fresh,0,fresh,,,0,1,1,3,0,0,20.0,40.0,10.0,20.0,3,84,40.148311614990234,0.9391231128857249,,out_of_road
5060,mutation,0,mutation,has_cluster,,0,0,0,0,0,0,15.0,10.0,10.0,10.0,0,280,290.8050842285156,6.190856343427939,,out_of_road
5061,fresh,0,fresh,,,0,0,0,18,0,1,20.0,20.0,10.0,55.0,1,216,183.7124481201172,4.2701403722167015,,out_of_road
5062,crossover,0,crossover,,select_lane|ego_on_intersection|intersection_has_cars|distractor_cars|intersection_cars|has_cluster|maximum_distractor_speed|cluster_dist,1,0,0,0,0,0,20.0,20.0,5.0,10.0,0,271,302.151611328125,7.418422537866114,,out_of_road
5063,fresh,0,fresh,,,0,1,1,4,0,1,10.0,10.0,5.0,20.0,2,33,4.706928253173828,0.3203005140477961,,crash_vehicle
5064,replay,0,replay,,,0,1,1,4,0,1,10.0,10.0,5.0,20.0,2,181,130.46083068847656,3.2607544809991484,,out_of_road
5065,fresh,0,fresh,,,0,0,0,18,0,0,15.0,20.0,15.0,20.0,3,67,28.833030700683594,0.5773132363362099,,crash_vehicle
5066,mutation,0,mutation,has_cluster,,0,0,0,5,0,0,20.0,10.0,10.0,20.0,3,200,201.45201110839844,12.644554417133332,,out_of_road
5067,fresh,0,fresh,,,0,1,0,2,0,1,15.0,5.0,15.0,55.0,1,34,2.1025748252868652,0.17087611030129826,,crash_vehicle
5068,crossover,0,crossover,,select_lane|ego_on_intersection|intersection_has_cars|has_brake_checker|has_cluster|maximum_distractor_speed|cluster_dist|brake_dist,3,0,0,0,0,0,20.0,20.0,5.0,35.0,0,172,134.8296356201172,3.6013441734709017,,out_of_road
5069,fresh,0,fresh,,,0,1,0,5,0,1,20.0,20.0,5.0,35.0,0,50,14.741497039794922,0.35696876525878907,,crash_vehicle
5070,mutation,0,mutation,maximum_distractor_speed,,1,0,0,5,0,0,5.0,20.0,10.0,20.0,2,82,32.08015060424805,0.5614952045242961,,crash_vehicle
5071,fresh,0,fresh,,,0,1,0,3,1,1,15.0,20.0,10.0,35.0,1,49,18.465848922729492,0.20916048847899146,,crash_vehicle
5072,crossover,0,crossover,,select_lane|ego_on_intersection|intersection_has_cars|maximum_distractor_speed|distance_to_nearest|brake_dist,3,0,0,5,0,0,20.0,5.0,10.0,10.0,3,23,-0.2826566696166992,0.008628255647161732,,crash_vehicle
5073,fresh,0,fresh,,,0,0,0,12,1,0,10.0,20.0,10.0,35.0,3,94,31.167804718017578,0.6476721465587616,,crash_vehicle
5074,crossover,0,crossover,,intersection_cars|maximum_distractor_speed|brake_dist,1,0,0,4,0,0,20.0,20.0,5.0,10.0,0,108,74.24716186523438,3.679319735478472,,crash_vehicle
5075,fresh,0,fresh,,,0,1,0,2,0,0,20.0,5.0,10.0,55.0,2,127,88.70952606201172,2.220553365748698,,out_of_road
5076,replay,0,replay,,,0,1,0,2,0,0,20.0,5.0,10.0,55.0,2,259,269.85986328125,5.118270247829467,,out_of_road
5077,fresh,0,fresh,,,0,0,0,2,0,0,15.0,10.0,15.0,35.0,0,108,12.775711059570312,1.1776852822966046,,out_of_road
5078,replay,0,replay,,,0,0,0,2,0,0,15.0,10.0,15.0,35.0,0,197,211.83245849609375,10.116606933211312,,out_of_road
5079,fresh,0,fresh,,,0,0,0,18,0,0,20.0,20.0,10.0,55.0,0,170,177.03956604003906,11.262564936806173,,crash_vehicle
5080,crossover,0,crossover,,distractor_cars|intersection_cars|has_cluster|distance_to_nearest|cluster_dist|brake_dist,3,1,0,5,0,0,20.0,20.0,10.0,20.0,0,60,21.109373092651367,0.275600137313207,,crash_vehicle
5081,fresh,0,fresh,,,0,0,0,5,1,1,15.0,40.0,10.0,55.0,1,220,188.23179626464844,3.4812481636350805,,out_of_road
5082,replay,0,replay,,,0,0,0,5,1,1,15.0,40.0,10.0,55.0,1,249,276.1690979003906,5.991517762702153,,out_of_road
5083,fresh,0,fresh,,,0,1,0,5,0,0,20.0,40.0,10.0,35.0,2,70,7.488995552062988,0.44174493508679524,,out_of_road
5084,replay,0,replay,,,0,1,0,5,0,0,20.0,40.0,10.0,35.0,2,75,40.41596984863281,0.7499440828959147,,out_of_road
5085,fresh,0,fresh,,,0,0,0,1,1,0,15.0,5.0,5.0,35.0,1,137,57.526432037353516,1.085063354377329,,out_of_road
5086,mutation,0,mutation,intersection_cars,,0,0,0,0,0,0,20.0,5.0,5.0,55.0,0,269,303.112060546875,7.453900789793539,,out_of_road
5087,fresh,0,fresh,,,0,1,1,0,1,0,20.0,10.0,10.0,35.0,0,96,60.314361572265625,1.7283380494142573,,crash_vehicle
5088,crossover,0,crossover,,distractor_cars|has_brake_checker|maximum_distractor_speed|distance_to_nearest|cluster_dist|brake_dist,3,1,1,4,0,0,20.0,20.0,5.0,55.0,3,116,9.277932167053223,0.5808258236482226,,out_of_road
5089,fresh,0,fresh,,,0,0,0,18,0,1,5.0,40.0,10.0,20.0,0,90,29.285053253173828,0.25961485968695747,,crash_vehicle
5090,crossover,0,crossover,,intersection_cars|maximum_distractor_speed|distance_to_nearest|brake_dist,3,0,0,0,0,0,20.0,20.0,15.0,10.0,0,265,293.506591796875,7.412206392468146,,out_of_road
5091,fresh,0,fresh,,,0,0,0,3,0,1,10.0,40.0,10.0,10.0,2,101,46.67118835449219,0.7279167035133531,,out_of_road
5092,replay,0,replay,,,0,0,0,3,0,1,10.0,40.0,10.0,10.0,2,223,242.93934631347656,7.0784045858768065,,out_of_road
5093,fresh,0,fresh,,,0,1,0,18,0,0,20.0,20.0,10.0,35.0,3,68,29.366477966308594,0.5049814814153839,,out_of_road
5094,mutation,0,mutation,intersection_cars,,0,0,0,0,0,0,20.0,20.0,15.0,10.0,0,248,260.63714599609375,5.240722477195725,,out_of_road
5095,fresh,0,fresh,,,0,0,0,2,1,0,20.0,10.0,10.0,20.0,2,54,-2.9642374515533447,0.1232702996995714,,crash_vehicle
5096,replay,0,replay,,,0,0,0,2,1,0,20.0,10.0,10.0,20.0,2,243,270.3570556640625,6.103017115298613,,out_of_road
5097,fresh,0,fresh,,,0,1,0,8,0,1,5.0,40.0,15.0,35.0,0,80,38.83989334106445,0.5056935392320157,,crash_vehicle
5098,replay,0,replay,,,0,1,0,8,0,1,5.0,40.0,15.0,35.0,0,246,275.5732727050781,6.1548479138835654,,out_of_road
5099,fresh,0,fresh,,,0,0,0,2,0,1,20.0,20.0,15.0,20.0,1,87,51.39763641357422,2.1293147449520813,,crash_vehicle
5100,replay,0,replay,,,0,0,0,2,0,1,20.0,20.0,15.0,20.0,1,186,202.44703674316406,12.072910703638549,,crash_vehicle
5101,fresh,0,fresh,,,0,1,0,18,1,1,10.0,20.0,5.0,35.0,0,108,53.14479446411133,3.0069470965751894,,out_of_road
5102,mutation,0,mutation,brake_dist,,0,0,0,5,0,0,20.0,20.0,10.0,20.0,0,66,30.41119384765625,0.47881592403758655,,crash_vehicle
5103,fresh,0,fresh,,,0,1,1,12,1,1,10.0,10.0,10.0,20.0,3,31,4.125766754150391,0.0,,crash_vehicle
5104,mutation,0,mutation,has_cluster,,0,0,0,0,0,0,10.0,20.0,10.0,10.0,0,250,259.7686462402344,5.112137949407101,,out_of_road
5105,fresh,0,fresh,,,0,1,0,8,1,0,20.0,5.0,15.0,55.0,0,122,58.3719367980957,4.1562298204078045,,out_of_road
5106,replay,0,replay,,,0,1,0,8,1,0,20.0,5.0,15.0,55.0,0,188,159.38401794433594,5.41645757917394,,out_of_road
5107,fresh,0,fresh,,,0,0,0,0,1,0,20.0,40.0,5.0,35.0,0,147,59.214439392089844,0.8603827414058504,,out_of_road
5108,replay,0,replay,,,0,0,0,0,1,0,20.0,40.0,5.0,35.0,0,201,210.95408630371094,11.712162585993905,,out_of_road
5109,fresh,0,fresh,,,0,0,0,3,1,0,15.0,5.0,10.0,20.0,0,127,8.16169261932373,0.9432777196286232,,out_of_road
5110,replay,0,replay,,,0,0,0,3,1,0,15.0,5.0,10.0,20.0,0,251,252.90673828125,4.45938148435606,,out_of_road
5111,fresh,0,fresh,,,0,1,1,12,0,1,15.0,20.0,15.0,55.0,2,49,17.108753204345703,0.53724539523222,,crash_vehicle
5112,crossover,0,crossover,,select_lane|ego_on_intersection|intersection_has_cars|distractor_cars|intersection_cars|has_cluster|maximum_distractor_speed,5,0,0,1,0,1,10.0,20.0,15.0,10.0,1,92,58.68876647949219,1.9984224030505056,,out_of_road
5113,fresh,0,fresh,,,0,0,0,2,1,1,10.0,5.0,10.0,20.0,2,193,145.18954467773438,5.603059215017551,,out_of_road
5114,crossover,0,crossover,,select_lane|ego_on_intersection|intersection_has_cars|has_cluster|maximum_distractor_speed|distance_to_nearest,5,1,1,0,0,0,10.0,5.0,5.0,10.0,0,215,192.7410430908203,3.828527107626893,,out_of_road
5115,fresh,0,fresh,,,0,1,1,2,0,0,20.0,40.0,15.0,35.0,0,93,50.0372428894043,1.6428863710613661,,out_of_road
5116,mutation,0,mutation,intersection_cars,,1,1,1,18,0,0,15.0,20.0,10.0,55.0,1,59,5.63156795501709,0.30594133926650224,,out_of_road
5117,fresh,0,fresh,,,0,0,0,0,0,0,15.0,5.0,15.0,10.0,0,228,197.5457000732422,4.115823478879113,,out_of_road
5118,mutation,0,mutation,cluster_dist,,0,0,0,5,0,0,20.0,20.0,10.0,20.0,0,104,74.25244903564453,4.397790785162495,,out_of_road
5119,fresh,0,fresh,,,0,1,1,18,0,1,5.0,40.0,10.0,10.0,0,202,208.97283935546875,4.627835256776007,,out_of_road
5120,replay,0,replay,,,0,1,1,18,0,1,5.0,40.0,10.0,10.0,0,75,38.455135345458984,0.9261838046709696,,out_of_road
5121,fresh,0,fresh,,,0,1,0,2,0,0,10.0,20.0,15.0,35.0,0,80,20.284530639648438,0.8419120986014604,,crash_vehicle
5122,crossover,0,crossover,,has_cluster|distance_to_nearest|cluster_dist|brake_dist,3,0,0,0,0,0,15.0,5.0,15.0,20.0,0,78,42.17070388793945,0.46842868893574446,,out_of_road
5123,fresh,0,fresh,,,0,0,0,12,1,1,5.0,40.0,15.0,55.0,1,86,33.99734115600586,0.21058396371298058,,crash_vehicle
5124,replay,0,replay,,,0,0,0,12,1,1,5.0,40.0,15.0,55.0,1,253,272.3316345214844,5.435091487739397,,out_of_road
5125,fresh,0,fresh,,,0,0,0,0,0,0,15.0,40.0,5.0,55.0,0,37,14.637428283691406,0.43205696827656515,,arrive_dest
5126,mutation,0,mutation,brake_dist,,1,1,1,5,0,1,15.0,10.0,5.0,10.0,0,37,5.082108497619629,0.03832180435593064,,crash_vehicle
5127,fresh,0,fresh,,,0,0,0,4,0,0,5.0,5.0,5.0,35.0,0,166,59.47669219970703,4.237619004694812,,out_of_road
5128,replay,0,replay,,,0,0,0,4,0,0,5.0,5.0,5.0,35.0,0,140,118.92062377929688,7.398229028497424,,crash_vehicle
5129,fresh,0,fresh,,,0,0,0,8,0,0,20.0,40.0,10.0,20.0,0,123,56.106868743896484,1.4552827026785873,,out_of_road
5130,mutation,0,mutation,intersection_cars,,1,1,1,8,1,0,10.0,5.0,10.0,20.0,0,22,-0.33531665802001953,0.19064556875012137,,crash_vehicle
5131,fresh,0,fresh,,,0,1,1,3,1,1,15.0,20.0,10.0,35.0,2,90,40.329891204833984,2.633889713552263,,out_of_road
5132,mutation,0,mutation,distance_to_nearest,,1,0,0,0,0,0,20.0,5.0,5.0,20.0,0,245,283.1322021484375,6.674453935696154,,out_of_road
5133,fresh,0,fresh,,,0,0,0,0,1,0,5.0,20.0,10.0,35.0,0,228,214.87451171875,4.489989015878293,,out_of_road
5134,replay,0,replay,,,0,0,0,0,1,0,5.0,20.0,10.0,35.0,0,252,277.19561767578125,6.182077256578301,,out_of_road
5135,fresh,0,fresh,,,0,0,0,4,0,0,5.0,20.0,10.0,35.0,0,67,29.912158966064453,0.8779078840987006,,crash_vehicle
5136,crossover,0,crossover,,has_brake_checker|intersection_cars|maximum_distractor_speed|distance_to_nearest|cluster_dist,2,1,1,5,0,1,20.0,20.0,5.0,55.0,0,45,13.370176315307617,0.06605756547715928,,crash_vehicle
5137,fresh,0,fresh,,,0,1,0,2,0,0,15.0,10.0,15.0,55.0,2,177,63.627403259277344,2.4315054292059215,,out_of_road
5138,crossover,0,crossover,,intersection_cars|maximum_distractor_speed|brake_dist,2,0,0,4,0,0,20.0,20.0,5.0,20.0,3,189,196.19876098632812,10.441720690676775,,crash_vehicle
5139,fresh,0,fresh,,,0,1,1,0,0,0,20.0,20.0,5.0,20.0,0,210,213.0732879638672,4.875403106248095,,out_of_road
5140,mutation,0,mutation,brake_dist,,1,0,0,4,0,0,20.0,20.0,5.0,35.0,0,190,202.48464965820312,11.055404806137085,,crash_vehicle
5141,fresh,0,fresh,,,0,1,1,3,1,0,10.0,40.0,15.0,55.0,0,100,59.571434020996094,1.2356106758117675,,crash_vehicle
5142,crossover,0,crossover,,select_lane|ego_on_intersection|intersection_has_cars|intersection_cars|distance_to_nearest|brake_dist,0,0,0,0,0,0,5.0,20.0,5.0,10.0,0,79,40.07575607299805,0.6149118708658822,,out_of_road
5143,fresh,0,fresh,,,0,1,0,4,1,0,10.0,20.0,15.0,55.0,0,197,170.8276824951172,6.373820635873049,,out_of_road
5144,crossover,0,crossover,,select_lane|ego_on_intersection|intersection_has_cars|distractor_cars|intersection_cars|has_cluster|cluster_dist,3,1,0,4,0,0,20.0,20.0,10.0,10.0,0,121,8.812469482421875,0.3386401800084705,,out_of_road
5145,fresh,0,fresh,,,0,1,1,4,0,0,10.0,40.0,5.0,20.0,3,112,86.86603546142578,1.3027603881699699,,crash_vehicle
5146,mutation,0,mutation,select_road|select_lane|ego_on_intersection|intersection_has_cars,,2,0,0,4,0,0,20.0,40.0,10.0,55.0,0,55,12.53799057006836,0.45591917688196354,,out_of_road
5147,fresh,0,fresh,,,0,0,0,4,1,1,20.0,20.0,15.0,55.0,0,96,29.538848876953125,1.0661453623324633,,crash_vehicle
5148,crossover,0,crossover,,distractor_cars|has_brake_checker|intersection_cars|maximum_distractor_speed|cluster_dist|brake_dist,1,0,0,4,0,0,20.0,20.0,10.0,55.0,0,148,123.4873046875,6.513124747050775,,crash_vehicle
5149,fresh,0,fresh,,,0,0,0,1,1,0,5.0,5.0,10.0,35.0,1,88,29.029064178466797,0.6535728269002654,,out_of_road
5150,mutation,0,mutation,select_road|select_lane|ego_on_intersection|intersection_has_cars,,1,0,0,0,0,0,20.0,5.0,5.0,10.0,0,84,27.824687957763672,0.6244382531869979,,out_of_road
5151,fresh,0,fresh,,,0,0,0,12,1,0,5.0,10.0,10.0,35.0,3,92,10.950901985168457,3.7869269588719243,,out_of_road
5152,replay,0,replay,,,0,0,0,12,1,0,5.0,10.0,10.0,35.0,3,84,39.197330474853516,7.493278492064703,,out_of_road
5153,fresh,0,fresh,,,0,1,1,18,1,0,5.0,20.0,5.0,55.0,2,46,13.853050231933594,0.1091115371040676,,crash_vehicle
5154,crossover,0,crossover,,has_brake_checker|intersection_cars|cluster_dist|brake_dist,3,0,0,5,0,0,20.0,20.0,5.0,35.0,1,202,187.8214569091797,7.26129418670541,,out_of_road
5155,fresh,0,fresh,,,0,0,0,5,1,1,5.0,5.0,15.0,55.0,0,173,52.57215881347656,3.490910497703993,,out_of_road
5156,replay,0,replay,,,0,0,0,5,1,1,5.0,5.0,15.0,55.0,0,81,37.42083740234375,0.705196014157048,,out_of_road
5157,fresh,0,fresh,,,0,1,0,5,1,0,15.0,20.0,10.0,35.0,0,80,41.50966262817383,1.2539642699062825,,crash_vehicle
5158,mutation,0,mutation,select_road|select_lane|ego_on_intersection|intersection_has_cars,,3,1,1,4,0,0,20.0,20.0,10.0,55.0,0,76,13.474632263183594,1.3773410037944191,,out_of_road
5159,fresh,0,fresh,,,0,1,0,1,0,1,15.0,20.0,10.0,20.0,1,45,2.4001083374023438,1.4118743048773872,,out_of_road
5160,replay,0,replay,,,0,1,0,1,0,1,15.0,20.0,10.0,20.0,1,76,38.613468170166016,0.2194370960718707,,out_of_road
5161,fresh,0,fresh,,,0,0,0,0,1,0,5.0,20.0,15.0,35.0,0,48,6.812742233276367,0.44737104574839276,,out_of_road
5162,crossover,0,crossover,,has_cluster|cluster_dist,1,0,0,0,0,0,20.0,20.0,15.0,10.0,0,70,34.0354118347168,0.1836206981113979,,out_of_road
5163,fresh,0,fresh,,,0,0,0,12,1,0,15.0,5.0,15.0,20.0,0,31,3.210969924926758,0.0,,crash_vehicle
5164,replay,0,replay,,,0,0,0,12,1,0,15.0,5.0,15.0,20.0,0,125,90.0784912109375,5.55156769323349,,crash_vehicle
5165,fresh,0,fresh,,,0,1,0,12,1,1,5.0,5.0,5.0,20.0,1,34,5.330954551696777,1.4123771138050978,,crash_vehicle
5166,replay,0,replay,,,0,1,0,12,1,1,5.0,5.0,5.0,20.0,1,2,10.0,0.0,,arrive_dest
5167,fresh,0,fresh,,,0,1,1,0,1,0,5.0,10.0,15.0,10.0,0,35,6.623595237731934,0.022568896838596888,,crash_vehicle
5168,crossover,0,crossover,,distractor_cars|has_brake_checker|maximum_distractor_speed|cluster_dist,4,0,0,0,0,0,20.0,20.0,5.0,35.0,0,182,183.90939331054688,2.4855067000473636,,out_of_road
5169,fresh,0,fresh,,,0,0,0,12,0,0,10.0,20.0,10.0,10.0,1,155,120.19679260253906,5.375352065601657,,out_of_road
5170,mutation,0,mutation,has_cluster,,1,0,0,8,0,1,15.0,20.0,15.0,20.0,3,100,58.35785675048828,2.900058659315109,,crash_vehicle
5171,fresh,0,fresh,,,0,1,0,12,1,0,20.0,20.0,15.0,35.0,0,70,35.13254928588867,1.1942799270153046,,crash_vehicle
5172,mutation,0,mutation,maximum_distractor_speed,,0,0,0,5,0,0,20.0,20.0,10.0,20.0,2,75,42.62022399902344,0.8239130822320779,,crash_vehicle
5173,fresh,0,fresh,,,0,1,0,18,0,0,5.0,5.0,15.0,20.0,2,26,0.34694766998291016,0.5140981857593243,,crash_vehicle
5174,crossover,0,crossover,,distractor_cars|has_brake_checker|intersection_cars|has_cluster|cluster_dist,2,0,0,0,0,0,20.0,20.0,5.0,55.0,0,173,203.48081970214844,3.3264464096871413,,arrive_dest
5175,fresh,0,fresh,,,0,0,0,8,1,1,5.0,5.0,15.0,55.0,3,39,8.71783447265625,2.6634813990348425,,crash_vehicle
5176,replay,0,replay,,,0,0,0,8,1,1,5.0,5.0,15.0,55.0,3,120,87.27899169921875,5.986927486831943,,out_of_road
5177,fresh,0,fresh,,,0,0,0,8,0,0,5.0,40.0,15.0,20.0,3,83,40.575950622558594,0.8875114817217172,,crash_vehicle
5178,crossover,0,crossover,,select_lane|ego_on_intersection|intersection_has_cars|distractor_cars|has_brake_checker|intersection_cars|cluster_dist|brake_dist,0,0,0,0,0,0,10.0,20.0,15.0,10.0,0,48,9.152756690979004,0.332581102848053,,out_of_road
5179,fresh,0,fresh,,,0,0,0,12,0,0,10.0,5.0,5.0,55.0,2,22,-0.3540329933166504,0.0,,crash_vehicle
5180,replay,0,replay,,,0,0,0,12,0,0,10.0,5.0,5.0,55.0,2,79,32.668575286865234,0.4835465265603005,,out_of_road
5181,fresh,0,fresh,,,0,0,0,8,1,0,10.0,40.0,10.0,55.0,2,96,58.69628143310547,1.5625467306623857,,crash_vehicle
5182,crossover,0,crossover,,distractor_cars|distance_to_nearest|brake_dist,2,0,0,8,0,0,10.0,20.0,15.0,20.0,0,77,34.418190002441406,1.5523530811845483,,out_of_road
5183,fresh,0,fresh,,,0,1,0,3,0,0,5.0,10.0,10.0,10.0,3,209,198.3476104736328,3.457134527559771,,out_of_road
5184,replay,0,replay,,,0,1,0,3,0,0,5.0,10.0,10.0,10.0,3,159,150.82891845703125,9.103141140263036,,crash_vehicle
5185,fresh,0,fresh,,,0,1,0,5,0,1,10.0,10.0,10.0,55.0,1,32,4.401808738708496,0.010649936273694038,,crash_vehicle
5186,crossover,0,crossover,,distractor_cars|has_brake_checker|cluster_dist,2,0,0,2,0,0,10.0,20.0,10.0,10.0,0,46,14.069429397583008,0.050420696320741074,,crash_vehicle
5187,fresh,0,fresh,,,0,0,0,3,1,1,5.0,5.0,10.0,20.0,1,23,-0.14487552642822266,0.43890422129112744,,crash_vehicle
5188,mutation,0,mutation,brake_dist,,1,0,0,5,0,0,20.0,10.0,10.0,10.0,3,206,181.25682067871094,9.881178320032879,,out_of_road
5189,fresh,0,fresh,,,0,1,1,5,1,1,20.0,5.0,15.0,20.0,1,28,-0.2853074073791504,1.722697641168322,,crash_vehicle
5190,mutation,0,mutation,select_road|select_lane|ego_on_intersection|intersection_has_cars,,1,0,0,0,0,0,10.0,5.0,5.0,20.0,0,79,42.445064544677734,0.8291225950174694,,out_of_road
5191,fresh,0,fresh,,,0,1,1,3,0,1,5.0,10.0,5.0,20.0,3,70,16.192394256591797,0.3400658096585955,,out_of_road
5192,replay,0,replay,,,0,1,1,3,0,1,5.0,10.0,5.0,20.0,3,232,262.20880126953125,7.027880477365748,,out_of_road
5193,fresh,0,fresh,,,0,0,0,4,0,1,15.0,40.0,10.0,20.0,3,92,53.61322021484375,0.8997766958630603,,out_of_road
5194,mutation,0,mutation,distractor_cars,,0,1,1,18,0,0,15.0,20.0,10.0,55.0,2,46,8.394112586975098,0.5083767434825068,,out_of_road
5195,fresh,0,fresh,,,0,0,0,18,1,0,5.0,10.0,15.0,35.0,2,31,4.087679862976074,0.1412564439158286,,crash_vehicle
5196,crossover,0,crossover,,select_lane|ego_on_intersection|intersection_has_cars|has_brake_checker|intersection_cars|cluster_dist|brake_dist,5,0,0,18,0,0,20.0,10.0,5.0,35.0,1,51,14.897029876708984,0.25657155233270984,,crash_vehicle
5197,fresh,0,fresh,,,0,1,1,2,1,0,5.0,20.0,5.0,35.0,1,63,27.23444366455078,0.6621684081970699,,crash_vehicle
5198,mutation,0,mutation,select_road|select_lane|ego_on_intersection|intersection_has_cars,,1,0,0,5,0,0,5.0,10.0,5.0,20.0,3,41,10.10588550567627,0.09613709624220686,,crash_vehicle
5199,fresh,0,fresh,,,0,1,0,5,1,1,5.0,20.0,5.0,35.0,3,49,13.199092864990234,0.4454158641854111,,crash_vehicle
5200,mutation,0,mutation,brake_dist,,1,0,0,0,0,0,20.0,5.0,15.0,35.0,0,80,40.38466262817383,0.5481103256344795,,out_of_road
5201,fresh,0,fresh,,,0,0,0,12,1,1,20.0,10.0,15.0,20.0,2,36,3.601189613342285,0.0852743320994907,,crash_vehicle
5202,crossover,0,crossover,,distractor_cars|has_cluster|distance_to_nearest|cluster_dist|brake_dist,1,0,0,0,0,0,20.0,20.0,5.0,55.0,0,2,10.0,0.0,,arrive_dest
5203,fresh,0,fresh,,,0,0,0,4,1,0,20.0,10.0,15.0,20.0,2,37,7.298097610473633,0.19625983286548304,,crash_vehicle
5204,mutation,0,mutation,intersection_cars,,1,0,0,5,0,0,20.0,20.0,10.0,20.0,3,123,85.42497253417969,4.331638562970046,,crash_vehicle
5205,fresh,0,fresh,,,0,1,1,0,0,0,20.0,20.0,10.0,35.0,0,76,31.719684600830078,0.44203776434848185,,out_of_road
5206,mutation,0,mutation,has_brake_checker,,1,0,0,18,1,0,20.0,20.0,10.0,55.0,0,103,65.42083740234375,3.3113322217487595,,crash_vehicle
5207,fresh,0,fresh,,,0,1,0,5,1,1,5.0,40.0,10.0,55.0,3,89,44.89460372924805,1.1856972166661466,,out_of_road
5208,replay,0,replay,,,0,1,0,5,1,1,5.0,40.0,10.0,55.0,3,100,55.49871826171875,6.121277937889099,,out_of_road
5209,fresh,0,fresh,,,0,1,1,2,0,1,15.0,40.0,15.0,55.0,2,81,37.68919372558594,1.1541792456014657,,out_of_road
5210,mutation,0,mutation,select_road|select_lane|ego_on_intersection|intersection_has_cars,,1,0,0,5,0,0,20.0,10.0,10.0,20.0,3,101,36.906463623046875,2.656279741537453,,out_of_road
5211,fresh,0,fresh,,,0,0,0,8,0,0,5.0,5.0,5.0,20.0,1,66,-2.8211371898651123,0.8550134481805743,,out_of_road
5212,crossover,0,crossover,,select_lane|ego_on_intersection|intersection_has_cars|intersection_cars|cluster_dist,2,0,0,5,0,0,20.0,10.0,10.0,20.0,0,36,8.14037799835205,0.17648961808946398,,crash_vehicle
5213,fresh,0,fresh,,,0,1,1,4,0,1,20.0,10.0,10.0,10.0,1,32,4.640893936157227,0.001082446426153183,,crash_vehicle
5214,crossover,0,crossover,,select_lane|ego_on_intersection|intersection_has_cars|has_brake_checker|intersection_cars|maximum_distractor_speed,1,0,0,0,0,0,20.0,5.0,5.0,20.0,0,187,196.4127655029297,2.502524785020135,,out_of_road
5215,fresh,0,fresh,,,0,1,1,0,1,0,5.0,20.0,10.0,20.0,0,66,30.133678436279297,1.054394001310522,,crash_vehicle
5216,replay,0,replay,,,0,1,1,0,1,0,5.0,20.0,10.0,20.0,0,170,162.31614685058594,9.077855580694536,,crash_vehicle
5217,fresh,0,fresh,,,0,1,1,8,1,0,10.0,5.0,5.0,55.0,2,162,123.53387451171875,6.537371862081834,,out_of_road
5218,mutation,0,mutation,select_road|select_lane|ego_on_intersection|intersection_has_cars,,1,0,0,2,1,1,20.0,5.0,10.0,55.0,2,117,72.14118194580078,1.8091445109273634,,crash_vehicle
5219,fresh,0,fresh,,,0,1,1,12,1,1,10.0,20.0,10.0,35.0,3,56,21.984960556030273,0.1868122901235308,,crash_vehicle
5220,replay,0,replay,,,0,1,1,12,1,1,10.0,20.0,10.0,35.0,3,148,123.16119384765625,5.8798502007046265,,crash_vehicle
5221,fresh,0,fresh,,,0,0,0,0,1,0,15.0,20.0,5.0,10.0,0,82,29.095626831054688,6.61473998790834,,out_of_road
5222,crossover,0,crossover,,select_lane|ego_on_intersection|intersection_has_cars|distractor_cars|intersection_cars|has_cluster|maximum_distractor_speed|distance_to_nearest|cluster_dist|brake_dist,3,0,0,4,0,0,20.0,20.0,5.0,35.0,0,80,44.577030181884766,0.9078109849710018,,crash_vehicle
5223,fresh,0,fresh,,,0,1,0,2,1,0,15.0,10.0,10.0,35.0,1,51,18.004169464111328,2.137869452728945,,crash_vehicle
5224,crossover,0,crossover,,select_lane|ego_on_intersection|intersection_has_cars|has_brake_checker|has_cluster|distance_to_nearest|cluster_dist|brake_dist,3,0,0,0,0,0,20.0,5.0,5.0,20.0,0,82,42.58545684814453,0.6277372124718457,,out_of_road
5225,fresh,0,fresh,,,0,0,0,0,1,0,20.0,10.0,5.0,10.0,0,32,4.352810859680176,0.0,,crash_vehicle
5226,crossover,0,crossover,,select_lane|ego_on_intersection|intersection_has_cars|distractor_cars|has_brake_checker|intersection_cars|maximum_distractor_speed,5,0,0,0,0,0,20.0,10.0,5.0,55.0,0,76,37.861724853515625,0.3849227334323682,,out_of_road
5227,fresh,0,fresh,,,0,1,0,1,0,1,10.0,10.0,15.0,10.0,1,82,32.65449142456055,0.5738266401174592,,out_of_road
5228,replay,0,replay,,,0,1,0,1,0,1,10.0,10.0,15.0,10.0,1,112,76.52642059326172,5.915774730699403,,out_of_road
5229,fresh,0,fresh,,,0,1,1,3,1,0,10.0,10.0,10.0,55.0,2,40,9.759232521057129,0.31692325323820114,,crash_vehicle
5230,mutation,0,mutation,maximum_distractor_speed,,1,0,0,5,0,0,10.0,20.0,10.0,20.0,3,66,24.24582290649414,0.4082457319353566,,crash_vehicle
5231,fresh,0,fresh,,,0,1,1,3,1,0,15.0,20.0,5.0,35.0,1,113,46.16221618652344,1.6071593667817328,,crash_vehicle
5232,replay,0,replay,,,0,1,1,3,1,0,15.0,20.0,5.0,35.0,1,75,39.18886947631836,0.4383418470124404,,out_of_road
5233,fresh,0,fresh,,,0,1,0,5,0,1,20.0,10.0,15.0,10.0,0,37,5.584141731262207,0.07159119683343011,,crash_vehicle
5234,crossover,0,crossover,,select_lane|ego_on_intersection|intersection_has_cars|has_brake_checker|has_cluster|maximum_distractor_speed|brake_dist,1,0,0,4,0,0,20.0,20.0,5.0,10.0,0,80,40.863948822021484,2.0623113051056863,,out_of_road
5235,fresh,0,fresh,,,0,0,0,8,1,0,15.0,40.0,15.0,55.0,1,88,57.35306167602539,1.6288626532662998,,crash_vehicle
5236,crossover,0,crossover,,intersection_cars|has_cluster|cluster_dist,0,0,0,0,0,0,15.0,10.0,10.0,10.0,0,247,272.6015625,6.265459500223036,,out_of_road
5237,fresh,0,fresh,,,0,1,1,12,1,1,20.0,5.0,10.0,35.0,3,202,118.03028869628906,5.046971124882745,,out_of_road
5238,replay,0,replay,,,0,1,1,12,1,1,20.0,5.0,10.0,35.0,3,176,174.28065490722656,9.098044418814508,,crash_vehicle
5239,fresh,0,fresh,,,0,0,0,1,0,1,10.0,10.0,15.0,20.0,1,213,213.16058349609375,3.599307565062259,,out_of_road
5240,mutation,0,mutation,has_cluster,,0,0,0,8,0,0,15.0,20.0,15.0,35.0,1,52,20.05462074279785,0.5664744835633498,,crash_vehicle
5241,fresh,0,fresh,,,0,0,0,4,1,1,15.0,5.0,15.0,20.0,0,37,6.165480613708496,1.4508701401787836,,crash_vehicle
5242,crossover,0,crossover,,select_lane|ego_on_intersection|intersection_has_cars|has_cluster|cluster_dist|brake_dist,4,0,0,1,0,0,10.0,10.0,10.0,20.0,1,197,190.80068969726562,3.197282081554989,,out_of_road
5243,fresh,0,fresh,,,0,1,1,8,1,0,20.0,10.0,5.0,20.0,2,60,3.925501823425293,0.2148328796029091,,crash_vehicle
5244,replay,0,replay,,,0,1,1,8,1,0,20.0,10.0,5.0,20.0,2,124,93.94207000732422,5.158955840333816,,crash_vehicle
5245,fresh,0,fresh,,,0,1,0,4,0,0,5.0,5.0,15.0,20.0,2,31,3.361082077026367,1.3804041570232761,,crash_vehicle
5246,replay,0,replay,,,0,1,0,4,0,0,5.0,5.0,15.0,20.0,2,81,40.255615234375,0.6415039127991523,,out_of_road
5247,fresh,0,fresh,,,0,0,0,4,1,0,15.0,20.0,5.0,35.0,2,66,31.09506607055664,0.5221522089206811,,crash_vehicle
5248,mutation,0,mutation,select_road|select_lane|ego_on_intersection|intersection_has_cars,,1,0,0,0,0,0,20.0,5.0,5.0,20.0,0,114,56.49193572998047,2.676069491265113,,out_of_road
5249,fresh,0,fresh,,,0,1,0,8,1,0,5.0,40.0,5.0,55.0,1,75,40.08234786987305,0.15064289569854736,,crash_vehicle
5250,replay,0,replay,,,0,1,0,8,1,0,5.0,40.0,5.0,55.0,1,162,142.52174377441406,9.760087259481718,,out_of_road
5251,fresh,0,fresh,,,0,0,0,12,0,0,15.0,10.0,15.0,35.0,3,36,7.972527503967285,0.08318265196349886,,crash_vehicle
5252,replay,0,replay,,,0,0,0,12,0,0,15.0,10.0,15.0,35.0,3,150,149.30992126464844,10.092157401243846,,crash_vehicle
5253,fresh,0,fresh,,,0,0,0,3,0,1,20.0,10.0,10.0,20.0,0,31,4.3845930099487305,0.0,,crash_vehicle
5254,crossover,0,crossover,,brake_dist,1,0,0,0,0,0,15.0,20.0,10.0,20.0,0,73,36.43372344970703,0.31511011107327186,,out_of_road
5255,fresh,0,fresh,,,0,0,0,4,0,0,20.0,10.0,5.0,10.0,1,40,9.899270057678223,0.19323966205120086,,crash_vehicle
5256,mutation,0,mutation,has_brake_checker,,2,0,0,8,1,0,20.0,20.0,15.0,35.0,3,74,31.738502502441406,1.291835614958325,,crash_vehicle
5257,fresh,0,fresh,,,0,0,0,8,0,0,5.0,20.0,5.0,20.0,1,49,16.6049747467041,0.2631841387067522,,crash_vehicle
5258,crossover,0,crossover,,select_lane|ego_on_intersection|intersection_has_cars|has_brake_checker|intersection_cars|cluster_dist|brake_dist,3,0,0,0,0,0,20.0,5.0,15.0,20.0,0,173,192.1039276123047,2.866826434183672,,out_of_road
5259,fresh,0,fresh,,,0,0,0,1,0,0,15.0,10.0,15.0,55.0,1,109,62.794700622558594,4.90037834097486,,out_of_road
5260,crossover,0,crossover,,maximum_distractor_speed|distance_to_nearest,1,0,0,0,0,0,20.0,20.0,5.0,10.0,0,234,283.6619567871094,7.852313711093022,,out_of_road
5261,fresh,0,fresh,,,0,1,1,0,1,0,20.0,5.0,15.0,55.0,0,70,7.842813491821289,0.5190365484782627,,out_of_road
5262,crossover,0,crossover,,distractor_cars|intersection_cars|has_cluster,3,0,0,0,1,0,20.0,5.0,10.0,55.0,0,94,60.871253967285156,2.04553773301713,,out_of_road
5263,fresh,0,fresh,,,0,1,1,4,1,0,5.0,10.0,10.0,55.0,0,45,12.488861083984375,0.6645412551032173,,crash_vehicle
5264,crossover,0,crossover,,distractor_cars|has_brake_checker|intersection_cars,2,1,0,0,0,0,15.0,10.0,10.0,10.0,0,192,165.46693420410156,4.310824689610551,,out_of_road
5265,fresh,0,fresh,,,0,1,1,3,1,0,5.0,40.0,5.0,55.0,0,107,13.98831558227539,0.8518229383174504,,out_of_road
5266,crossover,0,crossover,,select_lane|ego_on_intersection|intersection_has_cars|distractor_cars|has_cluster|maximum_distractor_speed|distance_to_nearest,1,0,0,0,0,0,15.0,20.0,5.0,10.0,0,261,305.8916015625,8.50307653633114,,out_of_road
5267,fresh,0,fresh,,,0,1,1,12,1,0,10.0,40.0,5.0,55.0,3,192,161.74429321289062,7.526190659031272,,out_of_road
5268,crossover,0,crossover,,distractor_cars|has_cluster|cluster_dist,0,0,0,0,0,0,20.0,20.0,5.0,10.0,0,128,82.39811706542969,5.930092947091907,,out_of_road
5269,fresh,0,fresh,,,0,1,1,1,1,0,15.0,5.0,10.0,20.0,1,212,197.41529846191406,3.648420801069939,,out_of_road
5270,crossover,0,crossover,,select_lane|ego_on_intersection|intersection_has_cars|has_cluster|maximum_distractor_speed|distance_to_nearest|brake_dist,2,0,0,0,0,0,15.0,10.0,5.0,10.0,0,249,281.20599365234375,6.546413855918919,,out_of_road
5271,fresh,0,fresh,,,0,1,0,4,0,0,15.0,5.0,5.0,55.0,0,24,-0.3288283348083496,0.2753880595167478,,crash_vehicle
5272,replay,0,replay,,,0,1,0,4,0,0,15.0,5.0,5.0,55.0,0,187,197.50164794921875,10.39529454835596,,crash_vehicle
5273,fresh,0,fresh,,,0,0,0,0,1,0,15.0,20.0,10.0,20.0,0,101,43.324134826660156,1.7523943737591847,,crash_vehicle
5274,mutation,0,mutation,distance_to_nearest,,1,0,0,0,0,0,20.0,10.0,5.0,10.0,0,158,124.98670959472656,5.267191104119337,,out_of_road
5275,fresh,0,fresh,,,0,1,0,5,1,1,20.0,40.0,10.0,55.0,2,115,32.14471435546875,0.0877458033354386,,crash_vehicle
5276,replay,0,replay,,,0,1,0,5,1,1,20.0,40.0,10.0,55.0,2,81,56.45933532714844,1.3333554672606198,,arrive_dest
5277,fresh,0,fresh,,,0,0,0,18,0,1,20.0,10.0,5.0,55.0,3,155,97.87030029296875,4.647721362690771,,crash_vehicle
5278,replay,0,replay,,,0,0,0,18,0,1,20.0,10.0,5.0,55.0,3,155,145.8972930908203,8.728254448213885,,crash_vehicle
5279,fresh,0,fresh,,,0,0,0,3,1,0,5.0,5.0,10.0,20.0,1,22,-0.39278364181518555,0.017396531321785667,,crash_vehicle
5280,mutation,0,mutation,maximum_distractor_speed,,0,1,0,4,0,0,20.0,40.0,10.0,55.0,0,86,49.8398323059082,0.5855799220329108,,crash_vehicle
5281,fresh,0,fresh,,,0,1,1,2,0,1,5.0,40.0,15.0,55.0,2,74,21.712970733642578,0.3701805939545503,,out_of_road
5282,replay,0,replay,,,0,1,1,2,0,1,5.0,40.0,15.0,55.0,2,154,132.23757934570312,10.980969826315905,,crash_vehicle
5283,fresh,0,fresh,,,0,1,0,5,0,0,5.0,40.0,5.0,55.0,0,77,39.91606521606445,1.7549059296196157,,out_of_road
5284,mutation,0,mutation,intersection_cars,,0,0,0,0,0,0,20.0,5.0,5.0,20.0,0,119,86.52618408203125,6.102033055129171,,out_of_road
5285,fresh,0,fresh,,,0,1,0,18,1,1,20.0,40.0,10.0,55.0,3,223,198.7364501953125,2.9775549290292465,,out_of_road
5286,crossover,0,crossover,,distractor_cars|has_brake_checker|intersection_cars|maximum_distractor_speed|cluster_dist,4,0,0,8,0,0,15.0,5.0,15.0,10.0,1,22,-0.16573762893676758,0.1502714500847188,,crash_vehicle
5287,fresh,0,fresh,,,0,0,0,5,0,0,20.0,5.0,15.0,55.0,1,22,-0.321713924407959,0.05034437843344428,,crash_vehicle
5288,crossover,0,crossover,,select_lane|ego_on_intersection|intersection_has_cars|distractor_cars|has_brake_checker|intersection_cars|maximum_distractor_speed|distance_to_nearest|cluster_dist|brake_dist,2,0,0,5,0,0,20.0,20.0,10.0,20.0,2,90,40.10260009765625,1.2018296655681397,,crash_vehicle
5289,fresh,0,fresh,,,0,1,1,1,0,0,20.0,5.0,10.0,20.0,1,83,34.620731353759766,0.36803735738777255,,out_of_road
5290,replay,0,replay,,,0,1,1,1,0,0,20.0,5.0,10.0,20.0,1,127,101.4607162475586,6.341717289188716,,crash_vehicle
5291,fresh,0,fresh,,,0,1,0,4,1,1,5.0,20.0,15.0,35.0,0,68,32.23908996582031,0.6097874702776179,,crash_vehicle
5292,replay,0,replay,,,0,1,0,4,1,1,5.0,20.0,15.0,35.0,0,81,42.52591323852539,0.7164884020148972,,out_of_road
5293,fresh,0,fresh,,,0,0,0,3,1,1,5.0,10.0,10.0,35.0,1,52,5.9436540603637695,1.9934706791089132,,out_of_road
5294,crossover,0,crossover,,select_lane|ego_on_intersection|intersection_has_cars|distractor_cars|has_brake_checker|intersection_cars|has_cluster|brake_dist,4,0,0,8,0,0,20.0,20.0,5.0,10.0,3,91,66.77241516113281,3.2951808054368574,,crash_vehicle
5295,fresh,0,fresh,,,0,0,0,12,0,1,5.0,20.0,10.0,35.0,1,48,15.040626525878906,0.243452787399292,,crash_vehicle
5296,mutation,0,mutation,distractor_cars,,1,0,0,2,0,0,15.0,10.0,10.0,10.0,0,36,8.355230331420898,0.105525650911861,,crash_vehicle
5297,fresh,0,fresh,,,0,1,1,4,1,1,5.0,10.0,10.0,55.0,0,35,6.33582878112793,0.0,,crash_vehicle
5298,mutation,0,mutation,distance_to_nearest,,1,0,0,4,0,0,20.0,40.0,5.0,55.0,0,99,64.53651428222656,0.8682757161482416,,crash_vehicle
5299,fresh,0,fresh,,,0,1,1,4,0,1,5.0,40.0,5.0,10.0,2,218,198.16519165039062,6.933105191369669,,out_of_road
5300,mutation,0,mutation,distractor_cars,,1,0,0,12,0,0,10.0,20.0,5.0,10.0,0,73,40.93363571166992,2.5940791631806386,,out_of_road
5301,fresh,0,fresh,,,0,0,0,1,0,1,10.0,5.0,10.0,35.0,1,102,63.585289001464844,1.6241347123594845,,out_of_road
5302,crossover,0,crossover,,select_lane|ego_on_intersection|intersection_has_cars|distractor_cars|brake_dist,3,0,0,3,0,0,20.0,20.0,10.0,35.0,2,183,136.63638305664062,6.080048106407207,,out_of_road
5303,fresh,0,fresh,,,0,1,1,1,0,1,10.0,40.0,15.0,20.0,1,95,50.47808837890625,1.256733704868116,,out_of_road
5304,mutation,0,mutation,maximum_distractor_speed,,0,0,0,4,0,0,20.0,20.0,5.0,55.0,0,195,208.39476013183594,10.687505920422383,,crash_vehicle
5305,fresh,0,fresh,,,0,0,0,4,0,1,10.0,20.0,15.0,55.0,0,156,99.32161712646484,3.8718521262590704,,out_of_road
5306,replay,0,replay,,,0,0,0,4,0,1,10.0,20.0,15.0,55.0,0,138,127.37075805664062,7.936957713486492,,crash_vehicle
5307,fresh,0,fresh,,,0,1,1,1,1,0,20.0,40.0,10.0,55.0,0,209,110.17687225341797,2.0766948723907106,,crash_vehicle
5308,replay,0,replay,,,0,1,1,1,1,0,20.0,40.0,10.0,55.0,0,149,142.4193115234375,8.973385864456228,,crash_vehicle
5309,fresh,0,fresh,,,0,0,0,18,0,0,5.0,5.0,10.0,55.0,1,31,3.4801721572875977,1.3716152757406235,,crash_vehicle
5310,mutation,0,mutation,maximum_distractor_speed,,1,0,0,4,0,0,10.0,20.0,10.0,55.0,0,69,36.4324951171875,0.3925580183664958,,crash_vehicle
5311,fresh,0,fresh,,,0,0,0,0,0,0,20.0,5.0,15.0,55.0,0,93,43.77084732055664,0.3106880085442656,,out_of_road
5312,mutation,0,mutation,cluster_dist,,1,1,0,2,0,0,15.0,10.0,15.0,10.0,1,48,17.387901306152344,1.4650666986902554,,crash_vehicle
5313,fresh,0,fresh,,,0,1,1,5,1,0,20.0,40.0,15.0,55.0,1,73,39.759368896484375,0.5376880226069933,,crash_vehicle
5314,replay,0,replay,,,0,1,1,5,1,0,20.0,40.0,15.0,55.0,1,59,16.633596420288086,1.4580106189695454,,crash_vehicle
5315,fresh,0,fresh,,,0,1,0,18,0,1,5.0,5.0,15.0,20.0,3,26,1.7056069374084473,0.2772738007971874,,crash_vehicle
5316,mutation,0,mutation,intersection_cars,,0,0,0,0,0,0,20.0,20.0,15.0,10.0,0,218,213.2331085205078,5.56474914736704,,out_of_road
5317,fresh,0,fresh,,,0,0,0,12,1,0,5.0,5.0,5.0,20.0,1,22,-0.4020347595214844,0.04715760458599438,,crash_vehicle
5318,replay,0,replay,,,0,0,0,12,1,0,5.0,5.0,5.0,20.0,1,82,41.70702362060547,0.45225508947197984,,out_of_road
5319,fresh,0,fresh,,,0,0,0,8,1,0,10.0,40.0,5.0,55.0,1,143,70.39727783203125,2.1559749266484403,,out_of_road
5320,replay,0,replay,,,0,0,0,8,1,0,10.0,40.0,5.0,55.0,1,179,182.47666931152344,8.819845503934935,,crash_vehicle
5321,fresh,0,fresh,,,0,0,0,0,1,0,5.0,10.0,10.0,35.0,0,122,14.686368942260742,0.13850112747950633,,out_of_road
5322,replay,0,replay,,,0,0,0,0,1,0,5.0,10.0,10.0,35.0,0,116,61.60369110107422,2.89389433275009,,out_of_road
5323,fresh,0,fresh,,,0,1,1,12,0,0,15.0,20.0,15.0,35.0,2,2,10.0,0.0,,arrive_dest
5324,crossover,0,crossover,,distractor_cars,1,0,0,8,0,1,20.0,40.0,15.0,55.0,1,78,36.06416702270508,0.36066166789103776,,out_of_road
5325,fresh,0,fresh,,,0,0,0,3,1,1,20.0,10.0,10.0,20.0,2,202,216.98104858398438,5.7250476036921585,,crash_vehicle
5326,crossover,0,crossover,,distractor_cars|has_brake_checker|distance_to_nearest,2,0,0,0,0,0,20.0,20.0,10.0,20.0,0,205,174.2168426513672,2.883984738442956,,out_of_road
5327,fresh,0,fresh,,,0,1,0,12,0,0,5.0,10.0,5.0,10.0,0,174,110.49488067626953,6.482400692571169,,out_of_road
5328,replay,0,replay,,,0,1,0,12,0,0,5.0,10.0,5.0,10.0,0,233,282.2666931152344,8.103212496241786,,out_of_road
5329,fresh,0,fresh,,,0,1,1,2,1,1,5.0,20.0,15.0,35.0,2,96,59.624359130859375,1.2768710056940715,,crash_vehicle
5330,mutation,0,mutation,distance_to_nearest,,1,0,0,5,0,0,20.0,40.0,10.0,20.0,3,166,137.57241821289062,3.612956575959562,,crash_vehicle
5331,fresh,0,fresh,,,0,1,0,5,0,0,5.0,20.0,5.0,20.0,1,101,37.83156204223633,0.8172440446249329,,crash_vehicle
5332,crossover,0,crossover,,has_brake_checker|maximum_distractor_speed|cluster_dist,2,0,0,4,0,0,15.0,20.0,10.0,35.0,0,116,85.07929992675781,4.35032380809044,,crash_vehicle
5333,fresh,0,fresh,,,0,1,1,8,1,0,5.0,5.0,5.0,35.0,1,243,218.7979278564453,5.449451647606897,,out_of_road
5334,mutation,0,mutation,maximum_distractor_speed,,0,0,0,8,0,0,15.0,20.0,5.0,20.0,0,62,25.07192611694336,0.5024742349501579,,crash_vehicle
5335,fresh,0,fresh,,,0,1,0,4,0,1,20.0,20.0,5.0,55.0,1,48,14.305192947387695,0.18532133102416992,,crash_vehicle
5336,crossover,0,crossover,,select_lane|ego_on_intersection|intersection_has_cars|has_cluster|maximum_distractor_speed|cluster_dist|brake_dist,2,0,0,0,0,0,20.0,20.0,5.0,10.0,0,189,208.6719512939453,2.9451362198543927,,out_of_road
5337,fresh,0,fresh,,,0,0,0,12,1,1,15.0,20.0,5.0,35.0,1,47,13.548467636108398,0.5444253962090675,,crash_vehicle
5338,crossover,0,crossover,,select_lane|ego_on_intersection|intersection_has_cars|distractor_cars|has_cluster|cluster_dist|brake_dist,3,0,0,8,0,0,10.0,5.0,5.0,20.0,0,26,-1.602959394454956,0.0,,crash_vehicle
5339,fresh,0,fresh,,,0,0,0,1,1,0,20.0,5.0,15.0,55.0,1,110,89.54903411865234,1.4017392358996652,,crash_vehicle
5340,crossover,0,crossover,,select_lane|ego_on_intersection|intersection_has_cars|has_cluster|distance_to_nearest|brake_dist,4,1,1,8,0,0,20.0,5.0,15.0,20.0,3,21,-0.5103945732116699,0.07187588087150029,,crash_vehicle
5341,fresh,0,fresh,,,0,0,0,3,0,0,15.0,40.0,15.0,35.0,1,125,16.354736328125,0.21856876182556154,,out_of_road
5342,crossover,0,crossover,,has_brake_checker|intersection_cars|distance_to_nearest,2,1,0,2,0,0,15.0,20.0,10.0,10.0,0,273,10.407794952392578,0.10758697571771922,,out_of_road
5343,fresh,0,fresh,,,0,0,0,8,1,0,15.0,20.0,15.0,55.0,3,73,13.014083862304688,0.030136813856151006,,crash_vehicle
5344,replay,0,replay,,,0,0,0,8,1,0,15.0,20.0,15.0,55.0,3,160,142.51187133789062,8.234068030864,,arrive_dest
5345,fresh,0,fresh,,,0,0,0,18,0,0,10.0,10.0,15.0,10.0,1,136,60.49259948730469,4.512921107165954,,out_of_road
5346,replay,0,replay,,,0,0,0,18,0,0,10.0,10.0,15.0,10.0,1,103,38.72220993041992,0.5044579288913208,,out_of_road
5347,fresh,0,fresh,,,0,0,0,5,1,1,5.0,5.0,10.0,20.0,2,68,11.752256393432617,5.032562697634978,,out_of_road
5348,replay,0,replay,,,0,0,0,5,1,1,5.0,5.0,10.0,20.0,2,198,201.6806182861328,10.538525532742943,,out_of_road
5349,fresh,0,fresh,,,0,1,1,12,1,0,5.0,40.0,15.0,55.0,2,69,40.29611587524414,0.9476759744727093,,crash_vehicle
5350,replay,0,replay,,,0,1,1,12,1,0,5.0,40.0,15.0,55.0,2,198,198.31597900390625,10.396242491148337,,crash_vehicle
5351,fresh,0,fresh,,,0,0,0,3,1,0,5.0,40.0,10.0,55.0,2,98,64.34236907958984,1.3066669827213093,,crash_vehicle
5352,replay,0,replay,,,0,0,0,3,1,0,5.0,40.0,10.0,55.0,2,208,200.01695251464844,8.47616821455841,,out_of_road
5353,fresh,0,fresh,,,0,1,0,8,1,0,20.0,20.0,15.0,35.0,0,74,34.399513244628906,2.2340071716824093,,crash_vehicle
5354,mutation,0,mutation,intersection_cars,,0,0,0,0,0,0,10.0,20.0,5.0,10.0,0,57,8.528817176818848,0.435469342951189,,out_of_road
5355,fresh,0,fresh,,,0,1,0,0,0,0,20.0,10.0,10.0,20.0,0,110,49.70484924316406,1.1621730891141024,,out_of_road
5356,replay,0,replay,,,0,1,0,0,0,0,20.0,10.0,10.0,20.0,0,2,10.0,3.7053585052490234,,arrive_dest
5357,fresh,0,fresh,,,0,0,0,8,1,1,10.0,40.0,10.0,55.0,3,130,-2.7764039039611816,0.010428009526087688,,out_of_road
5358,replay,0,replay,,,0,0,0,8,1,1,10.0,40.0,10.0,55.0,3,152,138.33807373046875,8.352280293248201,,crash_vehicle
5359,fresh,0,fresh,,,0,1,0,4,1,1,10.0,10.0,5.0,35.0,3,39,9.056673049926758,0.08236912580636832,,crash_vehicle
5360,crossover,0,crossover,,distractor_cars|has_brake_checker|intersection_cars|maximum_distractor_speed|cluster_dist,3,0,0,5,0,0,20.0,20.0,5.0,10.0,1,83,43.648590087890625,2.343906373862761,,out_of_road
5361,fresh,0,fresh,,,0,1,0,12,1,1,15.0,20.0,5.0,55.0,3,45,13.8916015625,0.20964762369791667,,crash_vehicle
5362,mutation,0,mutation,distance_to_nearest,,1,0,0,18,0,0,20.0,5.0,10.0,55.0,0,42,11.269124984741211,3.3056856720220473,,crash_vehicle
5363,fresh,0,fresh,,,0,1,1,18,0,0,10.0,10.0,15.0,35.0,2,155,98.39962768554688,4.866850577631304,,crash_vehicle
5364,replay,0,replay,,,0,1,1,18,0,0,10.0,10.0,15.0,35.0,2,209,209.51376342773438,9.262542771950864,,out_of_road
5365,fresh,0,fresh,,,0,0,0,5,1,0,20.0,40.0,5.0,55.0,3,75,41.477745056152344,0.8712635739644369,,crash_vehicle
5366,replay,0,replay,,,0,0,0,5,1,0,20.0,40.0,5.0,55.0,3,85,43.43879318237305,0.6923087314647787,,out_of_road
5367,fresh,0,fresh,,,0,0,0,18,1,1,10.0,20.0,10.0,35.0,2,51,17.48204231262207,0.02271434372546626,,crash_vehicle
5368,replay,0,replay,,,0,0,0,18,1,1,10.0,20.0,10.0,35.0,2,79,41.48252868652344,0.46782504804903946,,out_of_road
5369,fresh,0,fresh,,,0,1,0,3,1,0,20.0,10.0,5.0,55.0,1,135,76.01373291015625,8.158000213128549,,crash_vehicle
5370,mutation,0,mutation,maximum_distractor_speed,,1,0,0,4,0,0,10.0,20.0,5.0,35.0,0,92,59.13276672363281,1.7724292104172965,,crash_vehicle
5371,fresh,0,fresh,,,0,0,0,0,0,0,10.0,5.0,5.0,20.0,0,97,55.49323272705078,1.044573729185714,rejection_fallback,out_of_road
5372,replay,0,replay,,,0,0,0,0,0,0,10.0,5.0,5.0,20.0,0,99,48.76081085205078,2.057547912312051,,out_of_road
5373,fresh,0,fresh,,,0,0,0,0,1,0,20.0,10.0,5.0,55.0,0,93,63.429847717285156,1.1950457935692163,,out_of_road
5374,crossover,0,crossover,,select_lane|ego_on_intersection|intersection_has_cars|distractor_cars|has_brake_checker|distance_to_nearest|cluster_dist|brake_dist,7,1,1,12,1,0,20.0,40.0,5.0,55.0,0,91,51.33412551879883,0.5828737194066519,,crash_vehicle
5375,fresh,0,fresh,,,0,0,0,1,1,1,5.0,10.0,5.0,55.0,1,90,49.0101432800293,0.8342266761594348,,out_of_road
5376,crossover,0,crossover,,select_lane|ego_on_intersection|intersection_has_cars|has_brake_checker|intersection_cars|has_cluster,1,0,0,0,0,0,20.0,20.0,5.0,20.0,0,228,272.5483093261719,8.239477877815565,,out_of_road
5377,fresh,0,fresh,,,0,0,0,3,0,0,15.0,10.0,10.0,35.0,1,50,11.689393997192383,1.4872556126117706,,out_of_road
5378,crossover,0,crossover,,select_lane|ego_on_intersection|intersection_has_cars|has_brake_checker|intersection_cars|maximum_distractor_speed|brake_dist,3,0,0,5,0,0,10.0,10.0,10.0,20.0,0,43,10.90919303894043,0.7108901032181674,,crash_vehicle
5379,fresh,0,fresh,,,0,0,0,3,1,1,10.0,40.0,15.0,55.0,3,66,9.5208158493042,0.25999742565733014,,out_of_road
5380,replay,0,replay,,,0,0,0,3,1,1,10.0,40.0,15.0,55.0,3,156,154.3814239501953,8.319067320189415,,crash_vehicle
5381,fresh,0,fresh,,,0,1,1,3,0,1,10.0,40.0,10.0,20.0,2,197,209.6686248779297,5.088090809619971,,out_of_road
5382,crossover,0,crossover,,maximum_distractor_speed|brake_dist,0,0,0,5,0,0,20.0,20.0,10.0,20.0,3,167,140.31800842285156,6.254000946433244,,crash_vehicle
5383,fresh,0,fresh,,,0,1,1,4,1,1,5.0,40.0,5.0,55.0,0,67,34.04996871948242,0.5174640256967118,,crash_vehicle
5384,mutation,0,mutation,has_cluster,,0,0,0,0,0,0,20.0,20.0,15.0,20.0,0,249,296.6546936035156,8.085479089533948,,out_of_road
5385,fresh,0,fresh,,,0,0,0,4,1,0,10.0,20.0,10.0,35.0,0,69,36.92981719970703,0.8680999583524206,,crash_vehicle
5386,crossover,0,crossover,,intersection_cars|maximum_distractor_speed|distance_to_nearest|cluster_dist,3,0,0,5,0,0,10.0,20.0,5.0,20.0,0,66,26.733871459960938,0.2304612620536125,,crash_vehicle
5387,fresh,0,fresh,,,0,0,0,0,0,0,10.0,20.0,15.0,10.0,0,67,10.247570037841797,1.3717491328716278,,out_of_road
5388,replay,0,replay,,,0,0,0,0,0,0,10.0,20.0,15.0,10.0,0,256,287.3759765625,7.384097814094275,,out_of_road
5389,fresh,0,fresh,,,0,1,0,8,0,1,10.0,20.0,10.0,10.0,3,49,13.998029708862305,0.49214744567871094,,crash_vehicle
5390,replay,0,replay,,,0,1,0,8,0,1,10.0,20.0,10.0,10.0,3,195,200.00645446777344,10.091893826998197,,crash_vehicle
5391,fresh,0,fresh,,,0,1,0,0,0,0,15.0,20.0,10.0,20.0,0,153,130.96485900878906,4.964825530652127,,out_of_road
5392,replay,0,replay,,,0,1,0,0,0,0,15.0,20.0,10.0,20.0,0,193,201.466552734375,10.138821541645367,,crash_vehicle
5393,fresh,0,fresh,,,0,0,0,18,1,1,20.0,5.0,15.0,20.0,2,21,-0.5278544425964355,0.025989433129628498,,crash_vehicle
5394,mutation,0,mutation,intersection_cars,,1,0,0,8,0,0,15.0,20.0,15.0,35.0,1,84,47.9979248046875,1.544916345250039,,crash_vehicle
5395,fresh,0,fresh,,,0,1,0,0,1,0,15.0,40.0,5.0,20.0,0,2,10.0,0.0,,arrive_dest
5396,crossover,0,crossover,,intersection_cars|has_cluster|maximum_distractor_speed,1,0,0,5,0,0,20.0,10.0,10.0,10.0,0,80,45.31985092163086,5.812007599323988,,crash_vehicle
5397,fresh,0,fresh,,,0,0,0,3,0,1,20.0,40.0,10.0,20.0,2,62,23.53326988220215,0.4305276082408044,,crash_vehicle
5398,crossover,0,crossover,,select_lane|ego_on_intersection|intersection_has_cars|distractor_cars|has_brake_checker|intersection_cars|has_cluster|maximum_distractor_speed,6,0,0,3,1,1,20.0,10.0,5.0,20.0,2,40,6.689303398132324,0.807385778427124,,crash_vehicle
5399,fresh,0,fresh,,,0,1,0,4,1,1,15.0,10.0,15.0,55.0,2,39,9.899531364440918,0.1734125044865486,,crash_vehicle
5400,mutation,0,mutation,maximum_distractor_speed,,0,0,0,0,0,0,10.0,20.0,10.0,10.0,0,85,36.64503479003906,0.34729798611472634,,out_of_road
5401,fresh,0,fresh,,,0,0,0,0,0,0,10.0,5.0,5.0,20.0,0,219,279.2737731933594,8.54207818284971,rejection_fallback,out_of_road
5402,mutation,0,mutation,has_cluster,,1,1,1,18,0,1,15.0,20.0,10.0,55.0,2,47,13.535139083862305,0.5627167884339678,,crash_vehicle
5403,fresh,0,fresh,,,0,1,0,12,0,0,20.0,20.0,15.0,10.0,1,61,21.390762329101562,0.2413098108573038,,crash_vehicle
5404,mutation,0,mutation,distractor_cars,,1,0,0,5,0,1,10.0,10.0,5.0,55.0,1,31,4.620745658874512,0.002146417094815162,,crash_vehicle
5405,fresh,0,fresh,,,0,0,0,0,1,0,20.0,40.0,15.0,20.0,0,79,39.63264465332031,1.2573563618750512,,crash_vehicle
5406,crossover,0,crossover,,has_brake_checker|has_cluster|distance_to_nearest,1,0,0,5,0,1,20.0,10.0,10.0,20.0,3,39,7.097570419311523,0.708755034666795,,crash_vehicle
5407,fresh,0,fresh,,,0,1,1,3,0,1,15.0,5.0,10.0,20.0,0,24,-0.12563514709472656,0.10756185526649158,,crash_vehicle
5408,mutation,0,mutation,brake_dist,,0,0,0,8,0,0,15.0,20.0,15.0,35.0,3,84,47.26256561279297,1.0454591262553419,,crash_vehicle
5409,fresh,0,fresh,,,0,1,0,1,1,0,10.0,5.0,5.0,20.0,1,68,32.143314361572266,0.8849992600872236,,crash_vehicle
5410,replay,0,replay,,,0,1,0,1,1,0,10.0,5.0,5.0,20.0,1,206,199.28175354003906,5.46821831933503,,out_of_road
5411,fresh,0,fresh,,,0,0,0,8,1,0,5.0,20.0,5.0,35.0,3,214,214.7857666015625,5.35395212248664,,out_of_road
5412,mutation,0,mutation,maximum_distractor_speed,,1,0,0,2,0,0,10.0,20.0,5.0,35.0,1,65,29.016620635986328,0.7696151773516948,,crash_vehicle
5413,fresh,0,fresh,,,0,0,0,5,0,0,5.0,5.0,5.0,20.0,1,35,5.072335243225098,0.0,,crash_vehicle
5414,replay,0,replay,,,0,0,0,5,0,0,5.0,5.0,5.0,20.0,1,102,52.21173095703125,6.937203632850273,,out_of_road
5415,fresh,0,fresh,,,0,0,0,5,1,1,20.0,40.0,5.0,55.0,2,85,32.30459976196289,0.5372322632985956,,crash_vehicle
5416,replay,0,replay,,,0,0,0,5,1,1,20.0,40.0,5.0,55.0,2,140,126.37030029296875,6.9698674193450385,,crash_vehicle
5417,fresh,0,fresh,,,0,1,0,0,1,0,10.0,40.0,5.0,10.0,0,45,9.555325508117676,0.3330857727262709,,crash_vehicle
5418,replay,0,replay,,,0,1,0,0,1,0,10.0,40.0,5.0,10.0,0,74,32.71297073364258,6.464366263634449,,crash_vehicle
5419,fresh,0,fresh,,,0,0,0,12,1,0,15.0,5.0,15.0,35.0,1,111,39.00214385986328,3.773490961607512,,crash_vehicle
5420,crossover,0,crossover,,distractor_cars|has_brake_checker|intersection_cars|distance_to_nearest|cluster_dist|brake_dist,2,0,0,0,0,0,20.0,5.0,5.0,20.0,0,77,40.23586654663086,0.36840314253584133,,out_of_road
5421,fresh,0,fresh,,,0,1,1,3,0,1,15.0,5.0,15.0,20.0,0,33,5.452892303466797,2.0589078484159526,,crash_vehicle
5422,replay,0,replay,,,0,1,1,3,0,1,15.0,5.0,15.0,20.0,0,243,273.832275390625,7.253299248439294,,out_of_road
5423,fresh,0,fresh,,,0,1,0,4,0,1,10.0,10.0,15.0,10.0,2,39,9.091588973999023,0.2925776869822771,,crash_vehicle
5424,crossover,0,crossover,,select_lane|ego_on_intersection|intersection_has_cars|distractor_cars|distance_to_nearest,4,0,0,5,0,1,15.0,20.0,5.0,55.0,0,45,14.137487411499023,0.2036603715684679,,crash_vehicle
5425,fresh,0,fresh,,,0,0,0,0,0,0,10.0,5.0,5.0,20.0,0,109,-3.4932100772857666,0.011502997590861189,rejection_fallback,out_of_road
5426,mutation,0,mutation,brake_dist,,0,1,1,12,1,0,10.0,40.0,5.0,55.0,3,145,89.512451171875,2.720384902789675,,crash_vehicle
5427,fresh,0,fresh,,,0,0,0,18,0,0,10.0,10.0,10.0,55.0,0,37,6.696755409240723,0.0,,crash_vehicle
5428,crossover,0,crossover,,select_lane|ego_on_intersection|intersection_has_cars|has_brake_checker|intersection_cars|cluster_dist|brake_dist,5,0,0,2,0,0,15.0,10.0,5.0,20.0,0,40,9.464637756347656,0.3861016184091568,,crash_vehicle
5429,fresh,0,fresh,,,0,1,1,18,0,1,15.0,20.0,5.0,35.0,0,45,12.989574432373047,0.19814953274197047,,crash_vehicle
5430,replay,0,replay,,,0,1,1,18,0,1,15.0,20.0,5.0,35.0,0,247,287.51910400390625,7.533346094341896,,out_of_road
5431,fresh,0,fresh,,,0,0,0,18,0,0,5.0,40.0,10.0,35.0,3,95,42.61634826660156,1.2493177344924524,,crash_vehicle
5432,crossover,0,crossover,,distractor_cars|has_brake_checker|intersection_cars|has_cluster|distance_to_nearest|brake_dist,3,0,0,0,1,0,20.0,20.0,5.0,10.0,0,39,10.60074234008789,0.8900272632256533,,crash_vehicle
5433,fresh,0,fresh,,,0,1,1,2,0,0,15.0,20.0,15.0,10.0,0,159,119.83763885498047,5.895787277311649,,out_of_road
5434,replay,0,replay,,,0,1,1,2,0,0,15.0,20.0,15.0,10.0,0,244,273.95831298828125,7.4707243037028395,,out_of_road
5435,fresh,0,fresh,,,0,1,0,12,0,0,15.0,10.0,10.0,35.0,2,38,8.719482421875,0.7383363027321664,,crash_vehicle
5436,replay,0,replay,,,0,1,0,12,0,0,15.0,10.0,10.0,35.0,2,241,282.6160888671875,14.866205129385984,,out_of_road
5437,fresh,0,fresh,,,0,1,0,3,1,1,10.0,5.0,15.0,20.0,2,35,6.9059295654296875,2.8363132681165424,,crash_vehicle
5438,mutation,0,mutation,maximum_distractor_speed,,1,0,0,0,0,0,5.0,40.0,15.0,20.0,0,257,286.20172119140625,6.568226454438866,,out_of_road
5439,fresh,0,fresh,,,0,0,0,18,0,0,10.0,5.0,10.0,35.0,0,28,0.11216068267822266,0.34477370977401733,,crash_vehicle
5440,crossover,0,crossover,,distractor_cars|has_brake_checker|intersection_cars|maximum_distractor_speed|distance_to_nearest|brake_dist,3,0,0,3,1,0,20.0,10.0,10.0,20.0,2,33,6.051278114318848,0.42485628096443234,,crash_vehicle
5441,fresh,0,fresh,,,0,1,1,2,0,0,10.0,10.0,5.0,55.0,1,46,14.268115997314453,1.073605037253836,,crash_vehicle
5442,crossover,0,crossover,,maximum_distractor_speed|brake_dist,2,0,0,0,0,0,10.0,5.0,5.0,10.0,0,78,40.49636459350586,0.6381798461079597,,out_of_road
5443,fresh,0,fresh,,,0,1,0,8,0,0,15.0,40.0,5.0,10.0,2,68,30.805622100830078,0.10740011174450903,,out_of_road
5444,mutation,0,mutation,distractor_cars,,1,0,0,8,0,0,15.0,20.0,5.0,10.0,0,84,46.431583404541016,2.6647656066786674,,crash_vehicle
5445,fresh,0,fresh,,,0,0,0,5,0,0,5.0,40.0,10.0,35.0,2,103,53.39616775512695,0.9497918271034667,,out_of_road
5446,replay,0,replay,,,0,0,0,5,0,0,5.0,40.0,10.0,35.0,2,43,8.00002670288086,0.0,,crash_vehicle
5447,fresh,0,fresh,,,0,1,1,2,1,1,10.0,10.0,10.0,20.0,2,216,220.04579162597656,6.256757280754822,,out_of_road
5448,mutation,0,mutation,select_road|select_lane|ego_on_intersection|intersection_has_cars,,1,0,0,5,0,0,20.0,10.0,10.0,20.0,3,61,19.30669403076172,1.4572622261819292,,crash_vehicle
5449,fresh,0,fresh,,,0,1,1,1,0,1,15.0,5.0,15.0,10.0,1,139,95.4502182006836,3.1418246330974773,,out_of_road
5450,crossover,0,crossover,,distractor_cars|intersection_cars|maximum_distractor_speed|distance_to_nearest|brake_dist,4,0,0,2,0,0,15.0,20.0,5.0,35.0,1,75,39.9423828125,0.9484968098004659,,crash_vehicle
5451,fresh,0,fresh,,,0,1,0,5,1,1,20.0,10.0,10.0,35.0,0,35,7.121601104736328,0.0,,crash_vehicle
5452,mutation,0,mutation,cluster_dist,,1,0,0,4,0,0,15.0,20.0,15.0,20.0,0,114,86.12313842773438,4.8059750659423965,,crash_vehicle
5453,fresh,0,fresh,,,0,0,0,12,0,1,10.0,10.0,10.0,10.0,0,33,5.233220100402832,0.0471869016235525,,crash_vehicle
5454,mutation,0,mutation,distractor_cars,,1,0,0,12,0,0,20.0,20.0,5.0,20.0,0,78,41.396026611328125,5.1931248768590965,,out_of_road
5455,fresh,0,fresh,,,0,0,0,0,0,0,20.0,10.0,15.0,35.0,0,69,30.981189727783203,0.6902711685153021,,out_of_road
5456,mutation,0,mutation,has_brake_checker,,1,0,0,0,1,0,10.0,5.0,15.0,20.0,0,231,269.43841552734375,7.554354635409979,,out_of_road
5457,fresh,0,fresh,,,0,1,0,4,1,0,10.0,40.0,5.0,55.0,0,69,35.82473373413086,0.9414915744809137,,crash_vehicle
5458,mutation,0,mutation,cluster_dist,,1,0,0,18,0,0,20.0,20.0,5.0,55.0,0,181,178.34487915039062,8.203778496434017,,crash_vehicle
5459,fresh,0,fresh,,,0,0,0,2,0,1,5.0,40.0,10.0,35.0,2,105,77.68659210205078,1.3315917618217923,,out_of_road
5460,mutation,0,mutation,intersection_cars,,0,0,0,5,0,0,20.0,10.0,10.0,20.0,3,208,211.28302001953125,10.575875728749311,,crash_vehicle
5461,fresh,0,fresh,,,0,0,0,8,1,0,15.0,10.0,5.0,20.0,3,31,-4.155300617218018,0.028935970798615488,,out_of_road
5462,mutation,0,mutation,maximum_distractor_speed,,1,0,0,0,0,0,20.0,5.0,5.0,20.0,0,38,5.723261833190918,0.3850451770581697,,out_of_road
5463,fresh,0,fresh,,,0,1,0,3,1,1,20.0,5.0,10.0,20.0,2,23,-0.14467906951904297,0.10283006792483122,,crash_vehicle
5464,mutation,0,mutation,has_cluster,,0,0,0,1,0,1,20.0,5.0,5.0,55.0,1,94,48.64971160888672,1.1576792914816674,,out_of_road
5465,fresh,0,fresh,,,0,1,0,8,1,1,15.0,40.0,5.0,55.0,2,81,31.573162078857422,0.13932581448260647,,crash_vehicle
5466,crossover,0,crossover,,distractor_cars|has_brake_checker|intersection_cars|has_cluster|maximum_distractor_speed|cluster_dist|brake_dist,2,0,0,4,0,0,20.0,5.0,5.0,55.0,0,22,-0.30315256118774414,0.02416996657848358,,crash_vehicle
5467,fresh,0,fresh,,,0,1,0,8,1,1,10.0,10.0,15.0,20.0,1,31,4.407077789306641,0.029739763467542587,,crash_vehicle
5468,replay,0,replay,,,0,1,0,8,1,1,10.0,10.0,15.0,20.0,1,259,331.621337890625,10.76632622402147,,out_of_road
5469,fresh,0,fresh,,,0,0,0,12,0,1,20.0,5.0,10.0,20.0,1,27,-0.1715559959411621,0.42996272334346064,,crash_vehicle
5470,replay,0,replay,,,0,0,0,12,0,1,20.0,5.0,10.0,20.0,1,238,298.6596374511719,9.437207407310229,,out_of_road
5471,fresh,0,fresh,,,0,1,1,1,1,0,10.0,5.0,5.0,20.0,1,203,203.4537811279297,5.566826962044674,,out_of_road
5472,mutation,0,mutation,cluster_dist,,1,0,0,0,0,0,20.0,5.0,15.0,20.0,0,126,100.17732238769531,5.502828701443615,,arrive_dest
5473,fresh,0,fresh,,,0,0,0,5,0,1,20.0,10.0,15.0,10.0,2,101,40.89769744873047,3.313900837656295,,crash_vehicle
5474,crossover,0,crossover,,select_lane|ego_on_intersection|intersection_has_cars|has_brake_checker|intersection_cars|has_cluster|cluster_dist,2,0,0,0,0,0,20.0,20.0,5.0,20.0,0,194,204.99208068847656,4.0448314653536706,,out_of_road
5475,fresh,0,fresh,,,0,0,0,0,0,0,15.0,10.0,5.0,20.0,0,196,220.97767639160156,5.741136987294469,,out_of_road
5476,mutation,0,mutation,has_brake_checker,,0,0,0,0,0,0,20.0,5.0,5.0,10.0,0,71,40.66239929199219,0.6163718892969716,,out_of_road
5477,fresh,0,fresh,,,0,0,0,0,0,0,10.0,20.0,5.0,20.0,0,115,61.53041076660156,1.7605074498964393,,out_of_road
5478,mutation,0,mutation,intersection_cars,,0,0,0,0,0,0,10.0,5.0,5.0,20.0,0,220,275.9365234375,8.020719534700566,,out_of_road
5479,fresh,0,fresh,,,0,1,1,5,1,0,10.0,40.0,15.0,55.0,1,77,48.986358642578125,1.2655159382077006,,crash_vehicle
5480,mutation,0,mutation,distance_to_nearest,,1,0,0,0,0,0,10.0,10.0,5.0,20.0,0,241,277.3507995605469,6.99248519304877,,out_of_road
5481,fresh,0,fresh,,,0,0,0,12,1,1,10.0,40.0,5.0,55.0,3,69,32.55912780761719,1.3317353621773098,,crash_vehicle
5482,mutation,0,mutation,intersection_cars,,1,0,0,8,0,0,20.0,20.0,15.0,20.0,1,115,79.76107788085938,3.8182293430618617,,out_of_road
5483,fresh,0,fresh,,,0,1,1,2,0,0,5.0,10.0,15.0,10.0,0,48,16.68811798095703,1.395520944148302,,crash_vehicle
5484,crossover,0,crossover,,has_brake_checker|has_cluster,0,0,0,3,0,0,20.0,20.0,10.0,10.0,2,92,61.721534729003906,3.0789609794383463,,crash_vehicle
5485,fresh,0,fresh,,,0,0,0,18,1,1,10.0,20.0,10.0,35.0,0,153,114.96800231933594,5.520335714022319,,out_of_road
5486,crossover,0,crossover,,select_lane|ego_on_intersection|intersection_has_cars|distractor_cars|intersection_cars|has_cluster|maximum_distractor_speed|cluster_dist,1,0,0,0,0,0,20.0,5.0,5.0,10.0,0,207,202.18907165527344,4.292608049180773,,out_of_road
5487,fresh,0,fresh,,,0,1,1,1,0,0,15.0,10.0,15.0,20.0,1,215,220.20660400390625,4.466552751667278,,out_of_road
5488,mutation,0,mutation,brake_dist,,0,0,0,0,0,0,10.0,5.0,5.0,20.0,0,232,285.9806213378906,8.074334464951194,,out_of_road
5489,fresh,0,fresh,,,0,0,0,5,1,1,20.0,40.0,15.0,55.0,0,218,203.03990173339844,4.26146794828253,,out_of_road
5490,crossover,0,crossover,,distractor_cars|has_brake_checker|intersection_cars|has_cluster|maximum_distractor_speed|cluster_dist|brake_dist,5,1,0,5,0,0,20.0,10.0,10.0,20.0,2,128,56.100101470947266,3.7685883393278345,,out_of_road
5491,fresh,0,fresh,,,0,1,1,3,0,0,5.0,40.0,10.0,20.0,3,91,62.482078552246094,1.6090809866622253,,out_of_road
5492,mutation,0,mutation,distance_to_nearest,,1,0,0,8,0,0,15.0,10.0,5.0,20.0,0,37,9.225423812866211,0.2297210693359375,,crash_vehicle
5493,fresh,0,fresh,,,0,0,0,2,1,1,10.0,10.0,5.0,55.0,0,52,6.123480796813965,0.0,,crash_vehicle
5494,replay,0,replay,,,0,0,0,2,1,1,10.0,10.0,5.0,55.0,0,203,214.0347137451172,9.19696901804708,,out_of_road
5495,fresh,0,fresh,,,0,1,0,5,1,1,10.0,20.0,10.0,35.0,2,91,45.939483642578125,4.040493592947394,,out_of_road
5496,crossover,0,crossover,,distractor_cars|has_brake_checker|intersection_cars|maximum_distractor_speed|brake_dist,5,1,0,0,0,0,20.0,10.0,15.0,10.0,0,89,46.00436782836914,0.7974357578191864,,out_of_road
5497,fresh,0,fresh,,,0,0,0,3,1,1,15.0,5.0,5.0,55.0,2,22,-0.3900876045227051,0.3083392760970376,,crash_vehicle
5498,crossover,0,crossover,,distractor_cars|has_cluster|maximum_distractor_speed|distance_to_nearest|brake_dist,1,0,0,8,0,0,10.0,5.0,15.0,20.0,0,24,-0.9728889465332031,0.5418892030914625,,crash_vehicle
5499,fresh,0,fresh,,,0,1,0,4,1,1,15.0,20.0,15.0,35.0,2,212,222.22206115722656,5.067527559005989,,out_of_road
5500,mutation,0,mutation,intersection_cars,,0,0,0,0,0,0,10.0,5.0,5.0,20.0,0,252,287.1246032714844,7.203119027117888,,out_of_road
5501,fresh,0,fresh,,,0,0,0,3,1,0,5.0,20.0,10.0,35.0,3,86,57.56919860839844,1.884888998297758,,crash_vehicle
5502,mutation,0,mutation,distractor_cars,,1,0,0,8,0,0,20.0,20.0,10.0,20.0,0,185,229.44329833984375,12.675835510202356,,arrive_dest
5503,fresh,0,fresh,,,0,0,0,5,0,0,10.0,5.0,5.0,10.0,3,215,207.42564392089844,9.47389166992764,,out_of_road
5504,mutation,0,mutation,distance_to_nearest,,1,0,0,18,0,0,20.0,5.0,10.0,20.0,2,32,4.361697196960449,1.2594274440780282,,crash_vehicle
5505,fresh,0,fresh,,,0,0,0,12,0,1,5.0,10.0,15.0,20.0,0,33,5.528964996337891,0.10286398006208015,,crash_vehicle
5506,replay,0,replay,,,0,0,0,12,0,1,5.0,10.0,15.0,20.0,0,172,175.99642944335938,9.988337891046392,,crash_vehicle
5507,fresh,0,fresh,,,0,0,0,1,1,0,10.0,10.0,5.0,20.0,0,37,7.189678192138672,0.5628028592547855,,crash_vehicle
5508,replay,0,replay,,,0,0,0,1,1,0,10.0,10.0,5.0,20.0,0,241,292.75445556640625,8.844640527770727,,out_of_road
5509,fresh,0,fresh,,,0,1,0,8,1,0,10.0,40.0,10.0,55.0,0,106,41.66277313232422,0.4958785024454009,,crash_vehicle
5510,crossover,0,crossover,,select_lane|ego_on_intersection|intersection_has_cars|has_brake_checker|maximum_distractor_speed|distance_to_nearest|cluster_dist|brake_dist,6,0,0,3,0,0,20.0,20.0,10.0,20.0,1,197,213.1800994873047,10.342197712302813,,out_of_road
5511,fresh,0,fresh,,,0,0,0,12,0,1,15.0,10.0,10.0,35.0,3,31,4.51451301574707,0.27467506162581906,,crash_vehicle
5512,crossover,0,crossover,,has_brake_checker|intersection_cars|has_cluster|maximum_distractor_speed|cluster_dist,3,0,0,2,0,0,20.0,5.0,15.0,55.0,2,95,66.91252136230469,1.9720032886454935,,out_of_road
5513,fresh,0,fresh,,,0,0,0,0,0,0,10.0,5.0,10.0,10.0,0,91,43.00933837890625,1.1494699258070726,,out_of_road
5514,mutation,0,mutation,cluster_dist,,1,0,0,0,0,0,20.0,5.0,10.0,20.0,0,238,273.795166015625,7.303567518957522,,out_of_road
5515,fresh,0,fresh,,,0,0,0,4,1,1,10.0,20.0,15.0,35.0,3,70,35.990272521972656,0.9724854018007006,,crash_vehicle
5516,crossover,0,crossover,,distractor_cars|has_brake_checker|intersection_cars|distance_to_nearest,3,0,0,4,0,0,20.0,20.0,10.0,20.0,0,103,64.30433654785156,3.219177444004318,,crash_vehicle
5517,fresh,0,fresh,,,0,0,0,1,1,1,20.0,20.0,10.0,35.0,1,107,62.680389404296875,2.1555215109174495,,crash_vehicle
5518,crossover,0,crossover,,distance_to_nearest|cluster_dist,1,0,0,0,0,0,10.0,20.0,5.0,20.0,0,35,3.2031984329223633,0.5268299647739956,,out_of_road
5519,fresh,0,fresh,,,0,1,1,2,0,0,15.0,40.0,10.0,10.0,2,82,45.14768600463867,0.9802289357999476,,out_of_road
5520,replay,0,replay,,,0,1,1,2,0,0,15.0,40.0,10.0,10.0,2,245,259.6922607421875,5.725962438388747,,out_of_road
5521,fresh,0,fresh,,,0,1,1,2,1,1,20.0,20.0,15.0,55.0,1,83,48.557247161865234,2.542931596019182,,out_of_road
5522,crossover,0,crossover,,select_lane|ego_on_intersection|intersection_has_cars|distractor_cars|has_brake_checker|intersection_cars|brake_dist,0,0,0,0,0,0,15.0,20.0,5.0,10.0,0,75,40.05542755126953,0.5814621464411418,,out_of_road
5523,fresh,0,fresh,,,0,0,0,0,1,0,20.0,5.0,15.0,55.0,0,90,61.972328186035156,2.7396554761462744,,out_of_road
5524,mutation,0,mutation,has_brake_checker,,0,0,0,0,0,0,20.0,20.0,5.0,20.0,0,249,297.40985107421875,8.446039409163486,,out_of_road
5525,fresh,0,fresh,,,0,0,0,18,1,1,10.0,40.0,15.0,55.0,0,89,61.685569763183594,1.2763821603207106,,crash_vehicle
5526,replay,0,replay,,,0,0,0,18,1,1,10.0,40.0,15.0,55.0,0,98,61.74278259277344,1.0333650339470835,,arrive_dest
5527,fresh,0,fresh,,,0,0,0,3,1,0,5.0,5.0,5.0,35.0,0,33,-0.5660190582275391,0.0,,crash_vehicle
5528,replay,0,replay,,,0,0,0,3,1,0,5.0,5.0,5.0,35.0,0,168,176.88717651367188,10.343667851317496,,crash_vehicle
5529,fresh,0,fresh,,,0,1,1,2,0,0,15.0,40.0,5.0,10.0,0,128,66.02313232421875,1.6519724503159523,,out_of_road
5530,crossover,0,crossover,,select_lane|ego_on_intersection|intersection_has_cars|has_brake_checker|intersection_cars|has_cluster,0,0,0,0,0,0,20.0,20.0,15.0,10.0,0,243,282.6240234375,8.088615488613584,,out_of_road
5531,fresh,0,fresh,,,0,0,0,12,0,0,20.0,40.0,5.0,20.0,1,58,24.867046356201172,0.4426354046525626,,crash_vehicle
5532,crossover,0,crossover,,select_lane|ego_on_intersection|intersection_has_cars|intersection_cars|has_cluster|maximum_distractor_speed|brake_dist,4,1,1,0,0,0,10.0,20.0,10.0,55.0,0,143,153.40455627441406,4.249268354652645,,arrive_dest
5533,fresh,0,fresh,,,0,0,0,18,1,0,20.0,40.0,5.0,55.0,1,99,72.61286926269531,1.4281334416432814,,out_of_road
5534,mutation,0,mutation,maximum_distractor_speed,,1,0,0,2,0,0,10.0,20.0,5.0,35.0,1,125,91.5789794921875,4.063563824176788,,crash_vehicle
5535,fresh,0,fresh,,,0,1,1,0,1,0,10.0,20.0,5.0,10.0,0,129,10.229430198669434,0.42760870322700617,,out_of_road
5536,crossover,0,crossover,,select_lane|ego_on_intersection|intersection_has_cars|distractor_cars|has_brake_checker|maximum_distractor_speed|cluster_dist|brake_dist,5,0,0,0,0,0,20.0,20.0,5.0,10.0,0,260,297.879638671875,7.209068339318037,,out_of_road
5537,fresh,0,fresh,,,0,0,0,2,1,1,5.0,20.0,15.0,55.0,2,111,83.5896224975586,1.531407184428997,,crash_vehicle
5538,replay,0,replay,,,0,0,0,2,1,1,5.0,20.0,15.0,55.0,2,135,110.82974243164062,5.218583523785626,,crash_vehicle
5539,fresh,0,fresh,,,0,1,0,5,0,1,5.0,10.0,15.0,55.0,0,46,14.596281051635742,0.5657545302225195,,crash_vehicle
5540,replay,0,replay,,,0,1,0,5,0,1,5.0,10.0,15.0,55.0,0,200,205.7274932861328,6.532355357855558,,out_of_road
5541,fresh,0,fresh,,,0,0,0,8,0,1,5.0,5.0,15.0,35.0,0,125,0.8720097541809082,1.171169553756714,,crash_vehicle
5542,mutation,0,mutation,maximum_distractor_speed,,0,0,0,0,0,0,10.0,20.0,5.0,10.0,0,270,275.4000549316406,5.491424609113623,,out_of_road
5543,fresh,0,fresh,,,0,0,0,18,0,1,10.0,10.0,15.0,10.0,2,210,214.53384399414062,6.290265511437541,,out_of_road
5544,mutation,0,mutation,intersection_cars,,1,0,0,4,0,0,20.0,20.0,5.0,20.0,0,188,221.53610229492188,13.735675478235205,,out_of_road
5545,fresh,0,fresh,,,0,0,0,18,0,0,5.0,40.0,5.0,55.0,1,80,43.25544357299805,0.731084793806076,,out_of_road
5546,mutation,0,mutation,distance_to_nearest,,0,0,0,0,0,0,20.0,20.0,5.0,20.0,0,193,214.8704071044922,4.727540231044428,,out_of_road
5547,fresh,0,fresh,,,0,0,0,5,0,1,15.0,10.0,15.0,55.0,3,62,21.302988052368164,3.205207597824835,,crash_vehicle
5548,crossover,0,crossover,,distractor_cars|has_cluster|distance_to_nearest,2,0,0,4,0,0,10.0,20.0,5.0,20.0,0,157,120.12042999267578,5.547281342706863,,crash_vehicle
5549,fresh,0,fresh,,,0,0,0,1,1,0,20.0,10.0,5.0,55.0,0,149,6.060824394226074,0.4626347608614288,,out_of_road
5550,replay,0,replay,,,0,0,0,1,1,0,20.0,10.0,5.0,55.0,0,249,278.9040832519531,6.72292349843615,,out_of_road
5551,fresh,0,fresh,,,0,0,0,0,1,0,20.0,40.0,5.0,10.0,0,43,10.84972095489502,0.7244226627571638,,crash_vehicle
5552,mutation,0,mutation,select_road|select_lane|ego_on_intersection|intersection_has_cars,,1,0,0,4,0,0,20.0,20.0,5.0,20.0,0,113,8.920049667358398,0.11718622957710671,,out_of_road
5553,fresh,0,fresh,,,0,0,0,8,0,1,15.0,5.0,10.0,35.0,2,22,-0.1765427589416504,0.04718183116479353,,crash_vehicle
5554,mutation,0,mutation,maximum_distractor_speed,,1,0,0,5,0,0,5.0,10.0,10.0,20.0,3,46,9.882070541381836,0.06672050123629363,,crash_vehicle
5555,fresh,0,fresh,,,0,1,0,12,1,0,20.0,10.0,5.0,35.0,3,100,58.508365631103516,3.443803768157959,,crash_vehicle
5556,mutation,0,mutation,has_brake_checker,,1,0,0,0,1,0,20.0,20.0,5.0,10.0,0,30,4.368253707885742,0.47205499013264973,,crash_vehicle
5557,fresh,0,fresh,,,0,1,0,1,0,0,20.0,5.0,10.0,35.0,1,206,204.9276123046875,6.326608875422802,,out_of_road
5558,crossover,0,crossover,,select_lane|ego_on_intersection|intersection_has_cars|distractor_cars|has_brake_checker|distance_to_nearest|brake_dist,4,0,0,4,0,0,20.0,20.0,5.0,55.0,0,132,107.78023529052734,5.111596594705726,,crash_vehicle
5559,fresh,0,fresh,,,0,0,0,2,1,0,20.0,5.0,10.0,35.0,0,58,18.592510223388672,2.5798801939035285,,crash_vehicle
5560,mutation,0,mutation,has_brake_checker,,0,0,0,4,0,0,20.0,20.0,5.0,20.0,3,199,212.38400268554688,10.085118484407214,,crash_vehicle
5561,fresh,0,fresh,,,0,0,0,1,0,0,10.0,20.0,15.0,10.0,0,47,26.030925750732422,0.43587461684612516,,arrive_dest
5562,mutation,0,mutation,distance_to_nearest,,1,0,0,2,0,0,15.0,5.0,5.0,35.0,1,36,6.765944480895996,1.9207247843345006,,crash_vehicle
5563,fresh,0,fresh,,,0,0,0,2,0,0,15.0,40.0,5.0,55.0,2,177,181.0281219482422,7.188735738144082,,out_of_road
5564,crossover,0,crossover,,select_lane|ego_on_intersection|intersection_has_cars|has_brake_checker|has_cluster|maximum_distractor_speed|distance_to_nearest|cluster_dist|brake_dist,2,0,0,4,0,0,20.0,20.0,10.0,20.0,0,189,221.13546752929688,12.64114362001419,,out_of_road
5565,fresh,0,fresh,,,0,1,0,18,1,0,20.0,20.0,15.0,35.0,0,67,36.1182861328125,1.5283987539917676,,crash_vehicle
5566,replay,0,replay,,,0,1,0,18,1,0,20.0,20.0,15.0,35.0,0,244,280.1209411621094,6.8539938721500455,,out_of_road
5567,fresh,0,fresh,,,0,0,0,2,0,0,10.0,20.0,5.0,35.0,2,215,199.623779296875,4.086691426953604,,out_of_road
5568,replay,0,replay,,,0,0,0,2,0,0,10.0,20.0,5.0,35.0,2,233,280.95001220703125,7.56440804240018,,out_of_road
5569,fresh,0,fresh,,,0,1,0,18,1,0,5.0,40.0,5.0,55.0,3,46,4.328019142150879,0.5521113354226818,,out_of_road
5570,mutation,0,mutation,cluster_dist,,1,0,0,5,0,0,20.0,10.0,15.0,20.0,3,51,11.78326416015625,0.1323236685392319,,crash_vehicle
5571,fresh,0,fresh,,,0,1,1,0,1,0,10.0,20.0,10.0,20.0,0,62,30.148746490478516,0.43778071095866544,,crash_vehicle
5572,mutation,0,mutation,select_road|select_lane|ego_on_intersection|intersection_has_cars,,1,0,0,0,0,0,15.0,10.0,10.0,20.0,0,54,1.2310409545898438,0.14490577909681532,,out_of_road
5573,fresh,0,fresh,,,0,0,0,0,0,0,10.0,5.0,5.0,20.0,0,156,119.21369934082031,4.515821277522123,rejection_fallback,out_of_road
5574,crossover,0,crossover,,select_lane|ego_on_intersection|intersection_has_cars|has_brake_checker|intersection_cars|maximum_distractor_speed,0,0,0,0,0,0,10.0,5.0,15.0,10.0,0,75,38.779335021972656,0.48027770678202314,,out_of_road
5575,fresh,0,fresh,,,0,0,0,2,1,1,10.0,40.0,15.0,55.0,2,147,85.855224609375,2.1950621645466812,,crash_vehicle
5576,crossover,0,crossover,,select_lane|ego_on_intersection|intersection_has_cars|has_brake_checker|has_cluster|distance_to_nearest|brake_dist,2,0,0,4,0,0,20.0,20.0,5.0,20.0,0,79,44.36396026611328,0.9137017451509645,,crash_vehicle
5577,fresh,0,fresh,,,0,0,0,5,1,0,10.0,20.0,15.0,35.0,3,53,23.788557052612305,0.6815289528864734,,crash_vehicle
5578,replay,0,replay,,,0,0,0,5,1,0,10.0,20.0,15.0,35.0,3,2,10.0,0.0,,arrive_dest
5579,fresh,0,fresh,,,0,0,0,18,0,0,15.0,20.0,15.0,20.0,3,69,24.680368423461914,0.2316954481428948,,crash_vehicle
5580,mutation,0,mutation,intersection_cars,,1,1,0,3,1,0,20.0,10.0,5.0,55.0,2,48,14.300325393676758,0.9917029715143144,,crash_vehicle
5581,fresh,0,fresh,,,0,0,0,8,0,1,5.0,20.0,15.0,20.0,1,59,15.397397994995117,0.337392774678893,,crash_vehicle
5582,replay,0,replay,,,0,0,0,8,0,1,5.0,20.0,15.0,20.0,1,260,296.4398193359375,6.914987890880841,,out_of_road
5583,fresh,0,fresh,,,0,1,0,8,1,0,10.0,40.0,5.0,55.0,2,69,34.50935363769531,0.6188628708106884,,crash_vehicle
5584,crossover,0,crossover,,has_brake_checker|intersection_cars|has_cluster|distance_to_nearest|cluster_dist|brake_dist,3,0,0,0,0,0,20.0,40.0,10.0,55.0,0,252,283.97314453125,6.879226980642194,,out_of_road
5585,fresh,0,fresh,,,0,1,1,12,0,0,5.0,10.0,15.0,55.0,2,42,13.418197631835938,0.9829455685047876,,crash_vehicle
5586,replay,0,replay,,,0,1,1,12,0,0,5.0,10.0,15.0,55.0,2,242,280.6748046875,7.166332049557,,out_of_road
5587,fresh,0,fresh,,,0,0,0,8,1,0,15.0,10.0,5.0,20.0,3,38,7.940491676330566,0.6996095133455176,,crash_vehicle
5588,mutation,0,mutation,distractor_cars,,1,0,0,4,0,0,20.0,10.0,10.0,20.0,3,35,1.8861804008483887,0.0,,crash_vehicle
5589,fresh,0,fresh,,,0,1,1,0,0,0,5.0,10.0,5.0,20.0,0,66,29.227603912353516,0.3987346472162189,,out_of_road
5590,mutation,0,mutation,has_brake_checker,,0,0,0,4,0,0,20.0,20.0,10.0,20.0,0,50,17.133644104003906,0.46204551696777346,,crash_vehicle
5591,fresh,0,fresh,,,0,1,1,18,0,0,20.0,40.0,15.0,20.0,2,173,128.61338806152344,6.375400143723956,,crash_vehicle
5592,replay,0,replay,,,0,1,1,18,0,0,20.0,40.0,15.0,20.0,2,237,271.0853271484375,12.280330305864036,,out_of_road
5593,fresh,0,fresh,,,0,1,1,0,0,0,15.0,20.0,5.0,10.0,0,100,45.94773483276367,1.1853312051296234,,out_of_road
5594,crossover,0,crossover,,has_brake_checker|has_cluster|brake_dist,1,0,0,0,0,0,20.0,20.0,5.0,35.0,0,205,210.5214385986328,5.388685192640235,,out_of_road
5595,fresh,0,fresh,,,0,1,0,5,1,0,15.0,10.0,10.0,35.0,2,46,11.610462188720703,0.861820132188175,,crash_vehicle
5596,replay,0,replay,,,0,1,0,5,1,0,15.0,10.0,10.0,35.0,2,198,202.53955078125,8.574793662443154,,crash_vehicle
5597,fresh,0,fresh,,,0,0,0,0,0,0,15.0,20.0,5.0,35.0,0,217,215.58424377441406,5.384683444477996,,out_of_road
5598,mutation,0,mutation,distance_to_nearest,,1,0,0,0,0,0,10.0,5.0,5.0,10.0,0,260,329.56744384765625,10.534556389771975,,out_of_road
5599,fresh,0,fresh,,,0,1,0,2,0,1,15.0,40.0,5.0,20.0,2,77,32.08031463623047,0.6263594472563112,,out_of_road
5600,mutation,0,mutation,maximum_distractor_speed,,1,0,0,4,0,0,10.0,20.0,5.0,20.0,3,58,20.3607177734375,0.2609743147060789,,crash_vehicle
5601,fresh,0,fresh,,,0,0,0,2,0,0,5.0,10.0,10.0,55.0,2,87,50.307254791259766,0.6423512433452168,,out_of_road
5602,crossover,0,crossover,,select_lane|ego_on_intersection|intersection_has_cars|has_brake_checker,0,0,0,4,0,0,20.0,20.0,5.0,55.0,0,70,34.192378997802734,0.6421038619109563,,crash_vehicle
5603,fresh,0,fresh,,,0,0,0,18,1,0,15.0,5.0,15.0,55.0,0,29,-0.3471040725708008,0.07355762350148168,,crash_vehicle
5604,mutation,0,mutation,distance_to_nearest,,1,0,0,0,0,0,10.0,40.0,5.0,20.0,0,227,263.4000244140625,6.477915841183473,,out_of_road
5605,fresh,0,fresh,,,0,1,1,3,1,0,15.0,5.0,15.0,55.0,0,191,114.88253021240234,6.849097191663312,,out_of_road
5606,mutation,0,mutation,cluster_dist,,0,0,0,0,1,0,15.0,20.0,5.0,10.0,0,34,4.687276840209961,0.0,,crash_vehicle
5607,fresh,0,fresh,,,0,1,0,2,1,0,15.0,10.0,10.0,55.0,1,62,26.751798629760742,3.5166168477266067,,crash_vehicle
5608,replay,0,replay,,,0,1,0,2,1,0,15.0,10.0,10.0,55.0,1,160,161.35572814941406,9.419447158277034,,crash_vehicle
5609,fresh,0,fresh,,,0,0,0,4,1,0,5.0,5.0,5.0,55.0,2,29,3.241365432739258,1.0510792835005398,,crash_vehicle
5610,crossover,0,crossover,,distractor_cars|has_brake_checker|intersection_cars|maximum_distractor_speed|distance_to_nearest,4,0,0,0,0,0,10.0,5.0,10.0,20.0,0,202,220.87429809570312,5.185595190761113,,out_of_road
5611,fresh,0,fresh,,,0,1,0,2,0,1,5.0,40.0,10.0,20.0,2,59,4.323619842529297,0.785266450906204,,out_of_road
5612,replay,0,replay,,,0,1,0,2,0,1,5.0,40.0,10.0,20.0,2,25,-2.8664357662200928,0.5766766738891601,,out_of_road
5613,fresh,0,fresh,,,0,0,0,12,0,0,20.0,5.0,10.0,20.0,0,53,4.066286087036133,0.5242165934364751,,out_of_road
5614,replay,0,replay,,,0,0,0,12,0,0,20.0,5.0,10.0,20.0,0,97,36.38603591918945,4.712151682253966,,out_of_road
5615,fresh,0,fresh,,,0,0,0,4,0,0,10.0,5.0,10.0,35.0,1,22,-0.06505155563354492,0.0368663760071451,,crash_vehicle
5616,replay,0,replay,,,0,0,0,4,0,0,10.0,5.0,10.0,35.0,1,197,201.8978271484375,7.986633950683671,,crash_vehicle
5617,fresh,0,fresh,,,0,0,0,5,0,1,10.0,10.0,10.0,55.0,0,47,10.115585327148438,0.244588055826248,,crash_vehicle
5618,mutation,0,mutation,distance_to_nearest,,1,0,0,0,0,0,15.0,40.0,5.0,10.0,0,272,287.4898681640625,5.984880736207261,,out_of_road
5619,fresh,0,fresh,,,0,1,0,0,1,0,20.0,10.0,15.0,55.0,0,81,44.67584228515625,0.49372093545065987,,out_of_road
5620,mutation,0,mutation,cluster_dist,,1,0,0,8,0,0,15.0,20.0,5.0,35.0,3,167,179.1041717529297,10.31350702404262,,crash_vehicle
5621,fresh,0,fresh,,,0,1,1,4,0,0,10.0,20.0,15.0,10.0,3,53,21.992799758911133,0.34789294116901903,,crash_vehicle
5622,replay,0,replay,,,0,1,1,4,0,0,10.0,20.0,15.0,10.0,3,239,290.6425476074219,8.281045599462598,,out_of_road
5623,fresh,0,fresh,,,0,1,1,8,1,1,5.0,40.0,5.0,55.0,2,85,42.025550842285156,2.4526953172157793,,out_of_road
5624,replay,0,replay,,,0,1,1,8,1,1,5.0,40.0,5.0,55.0,2,181,201.81118774414062,10.9105333511342,,crash_vehicle
5625,fresh,0,fresh,,,0,0,0,4,0,0,5.0,5.0,10.0,35.0,1,32,1.4193353652954102,0.4261217634193599,,crash_vehicle
5626,replay,0,replay,,,0,0,0,4,0,0,5.0,5.0,10.0,35.0,1,140,107.18949890136719,3.1627357333898543,,out_of_road
5627,fresh,0,fresh,,,0,0,0,2,0,0,15.0,40.0,15.0,10.0,2,77,41.868675231933594,0.3924178419175086,,out_of_road
5628,mutation,0,mutation,cluster_dist,,0,0,0,8,0,0,15.0,20.0,15.0,35.0,1,162,160.57423400878906,8.212002396215627,,crash_vehicle
5629,fresh,0,fresh,,,0,0,0,18,0,0,15.0,20.0,15.0,10.0,1,71,34.09894943237305,0.4174189248555143,,crash_vehicle
5630,mutation,0,mutation,select_road|select_lane|ego_on_intersection|intersection_has_cars,,2,1,0,8,0,0,15.0,20.0,5.0,35.0,3,70,33.915382385253906,0.44283166953495573,,out_of_road
5631,fresh,0,fresh,,,0,1,0,2,1,0,5.0,5.0,10.0,35.0,2,65,30.936660766601562,0.2507738571900588,,out_of_road
5632,replay,0,replay,,,0,1,0,2,1,0,5.0,5.0,10.0,35.0,2,267,270.1653137207031,5.797130387876364,,out_of_road
5633,fresh,0,fresh,,,0,0,0,3,0,1,15.0,5.0,10.0,20.0,2,36,6.016324043273926,0.23920096788141462,,crash_vehicle
5634,crossover,0,crossover,,select_lane|ego_on_intersection|intersection_has_cars|intersection_cars|maximum_distractor_speed|cluster_dist,2,0,0,5,0,0,20.0,20.0,10.0,20.0,0,194,167.78915405273438,7.285367574888406,,out_of_road
5635,fresh,0,fresh,,,0,1,0,5,0,0,10.0,20.0,15.0,35.0,1,77,36.86078643798828,0.9315604792012797,,crash_vehicle
5636,replay,0,replay,,,0,1,0,5,0,0,10.0,20.0,15.0,35.0,1,108,67.49337768554688,4.456197845715064,,out_of_road
5637,fresh,0,fresh,,,0,0,0,2,1,0,10.0,20.0,5.0,35.0,1,213,208.3876495361328,4.750793669845017,,out_of_road
5638,replay,0,replay,,,0,0,0,2,1,0,10.0,20.0,5.0,35.0,1,252,268.36932373046875,6.486009977284878,,out_of_road
5639,fresh,0,fresh,,,0,1,1,5,0,1,10.0,40.0,10.0,35.0,0,70,10.609624862670898,0.3434684310640608,,out_of_road
5640,crossover,0,crossover,,distractor_cars|has_brake_checker|intersection_cars|maximum_distractor_speed|distance_to_nearest,3,0,0,0,0,0,10.0,20.0,10.0,20.0,0,184,213.48336791992188,5.65340600223483,,out_of_road
5641,fresh,0,fresh,,,0,0,0,0,1,0,5.0,20.0,10.0,20.0,0,77,39.12710952758789,1.5472821004979023,,crash_vehicle
5642,mutation,0,mutation,brake_dist,,1,0,0,4,0,0,20.0,20.0,5.0,20.0,0,73,35.56524658203125,0.6882707850165564,,crash_vehicle
5643,fresh,0,fresh,,,0,0,0,5,1,0,20.0,40.0,5.0,55.0,0,84,55.71045684814453,1.3202838145551228,,crash_vehicle
5644,mutation,0,mutation,select_road|select_lane|ego_on_intersection|intersection_has_cars,,3,1,1,4,0,0,20.0,20.0,10.0,20.0,0,198,165.71054077148438,7.625061738370645,,out_of_road
5645,fresh,0,fresh,,,0,1,1,4,0,0,10.0,10.0,10.0,10.0,1,36,7.919419288635254,0.29533158739407855,,crash_vehicle
5646,mutation,0,mutation,distance_to_nearest,,1,0,0,5,0,0,20.0,5.0,5.0,35.0,1,214,204.78758239746094,5.339829389423689,,out_of_road
5647,fresh,0,fresh,,,0,0,0,4,1,1,5.0,10.0,15.0,55.0,2,203,200.4764862060547,5.140738453917903,,out_of_road
5648,replay,0,replay,,,0,0,0,4,1,1,5.0,10.0,15.0,55.0,2,197,209.2975311279297,9.761841297754781,,out_of_road
5649,fresh,0,fresh,,,0,0,0,18,0,0,15.0,10.0,10.0,10.0,2,42,11.457561492919922,0.5063772627285549,,crash_vehicle
5650,replay,0,replay,,,0,0,0,18,0,0,15.0,10.0,10.0,10.0,2,74,40.03494644165039,0.4281795924982509,,out_of_road
5651,fresh,0,fresh,,,0,0,0,4,0,1,20.0,5.0,5.0,55.0,1,24,-1.248565673828125,0.0,,crash_vehicle
5652,crossover,0,crossover,,select_lane|ego_on_intersection|intersection_has_cars|intersection_cars|has_cluster,1,0,0,5,0,0,20.0,20.0,10.0,20.0,0,107,69.00367736816406,3.29802230529696,,crash_vehicle
5653,fresh,0,fresh,,,0,1,1,4,1,0,20.0,40.0,5.0,55.0,3,89,60.60514831542969,1.3790253353922555,,crash_vehicle
5654,replay,0,replay,,,0,1,1,4,1,0,20.0,40.0,5.0,55.0,3,246,280.1759338378906,7.191954349114643,,out_of_road
5655,fresh,0,fresh,,,0,0,0,18,0,1,10.0,40.0,10.0,20.0,2,90,28.550426483154297,0.6583566109339396,,crash_vehicle
5656,replay,0,replay,,,0,0,0,18,0,1,10.0,40.0,10.0,20.0,2,180,177.75634765625,9.271391652027766,,crash_vehicle
5657,fresh,0,fresh,,,0,1,0,4,0,0,20.0,20.0,15.0,20.0,3,169,177.9728546142578,9.991937279348543,,crash_vehicle
5658,mutation,0,mutation,cluster_dist,,0,0,0,4,0,0,20.0,20.0,5.0,55.0,0,135,112.88890075683594,5.681625065097102,,crash_vehicle
5659,fresh,0,fresh,,,0,1,1,18,0,0,20.0,10.0,5.0,20.0,3,33,6.102812767028809,0.0020738009250525274,,crash_vehicle
5660,mutation,0,mutation,has_cluster,,0,0,0,0,0,0,20.0,5.0,5.0,55.0,0,252,260.9545593261719,5.57949854675976,,out_of_road
5661,fresh,0,fresh,,,0,1,1,8,0,0,10.0,5.0,5.0,10.0,1,315,-0.503425121307373,0.06268054899715242,,crash_vehicle
5662,replay,0,replay,,,0,1,1,8,0,0,10.0,5.0,5.0,10.0,1,181,177.71054077148438,8.71512979730058,,crash_vehicle
5663,fresh,0,fresh,,,0,1,1,1,0,0,15.0,40.0,10.0,10.0,0,159,158.03668212890625,4.433812821061356,,crash_vehicle
5664,mutation,0,mutation,cluster_dist,,1,0,0,0,0,0,10.0,5.0,15.0,20.0,0,31,-1.4654638767242432,0.48015053041519656,,out_of_road
5665,fresh,0,fresh,,,0,0,0,1,1,0,10.0,10.0,5.0,20.0,1,69,10.525979042053223,0.7259096136127693,,out_of_road
5666,replay,0,replay,,,0,0,0,1,1,0,10.0,10.0,5.0,20.0,1,184,189.92724609375,9.877610232519066,,crash_vehicle
5667,fresh,0,fresh,,,0,1,1,5,1,0,15.0,40.0,10.0,55.0,1,126,84.05433654785156,5.117970951847614,,crash_vehicle
5668,mutation,0,mutation,has_cluster,,0,0,0,5,0,0,5.0,10.0,5.0,20.0,3,39,6.058474540710449,0.34294953560217833,,crash_vehicle
5669,fresh,0,fresh,,,0,0,0,18,1,1,5.0,10.0,15.0,20.0,0,32,4.786734580993652,0.10124354157596827,,crash_vehicle
5670,mutation,0,mutation,maximum_distractor_speed,,1,0,0,0,0,0,20.0,40.0,15.0,20.0,0,72,37.105098724365234,0.3656474060068528,,out_of_road
5671,fresh,0,fresh,,,0,0,0,2,0,0,10.0,20.0,5.0,35.0,2,146,147.14703369140625,4.4967717424239195,,out_of_road
5672,crossover,0,crossover,,select_lane|ego_on_intersection|intersection_has_cars|has_cluster|maximum_distractor_speed,1,0,0,0,0,0,15.0,40.0,5.0,10.0,0,173,199.12330627441406,4.701944662311862,,out_of_road
5673,fresh,0,fresh,,,0,0,0,2,0,0,20.0,40.0,10.0,55.0,0,59,9.911848068237305,0.5165943271022732,,out_of_road
5674,replay,0,replay,,,0,0,0,2,0,0,20.0,40.0,10.0,55.0,0,249,275.6424560546875,6.368124695666823,,out_of_road
5675,fresh,0,fresh,,,0,0,0,2,1,0,15.0,40.0,15.0,55.0,1,90,57.60890197753906,1.4834592226478789,,crash_vehicle
5676,crossover,0,crossover,,select_lane|ego_on_intersection|intersection_has_cars|intersection_cars|maximum_distractor_speed,2,0,0,5,0,0,20.0,20.0,5.0,35.0,0,74,37.333892822265625,4.509692320952544,,out_of_road
5677,fresh,0,fresh,,,0,1,0,0,0,0,10.0,5.0,15.0,35.0,0,73,36.55006408691406,0.6490155654410793,,out_of_road
5678,crossover,0,crossover,,distance_to_nearest|brake_dist,0,0,0,0,0,0,20.0,20.0,5.0,10.0,0,229,273.12255859375,8.304431659035288,,out_of_road
5679,fresh,0,fresh,,,0,1,0,0,0,0,5.0,40.0,5.0,10.0,0,59,11.152240753173828,1.6890674142514246,,out_of_road
5680,replay,0,replay,,,0,1,0,0,0,0,5.0,40.0,5.0,10.0,0,96,47.76523971557617,3.0069787005583444,,out_of_road
5681,fresh,0,fresh,,,0,0,0,0,1,0,10.0,20.0,15.0,20.0,0,85,37.81264877319336,0.7387065151158501,,crash_vehicle
5682,crossover,0,crossover,,select_lane|ego_on_intersection|intersection_has_cars|distractor_cars|intersection_cars|has_cluster|maximum_distractor_speed|distance_to_nearest|brake_dist,6,0,0,8,0,0,15.0,20.0,10.0,35.0,1,52,19.225500106811523,0.35580957107819045,,crash_vehicle
5683,fresh,0,fresh,,,0,0,0,18,1,1,20.0,5.0,15.0,20.0,1,156,61.154693603515625,4.023737501639586,,crash_vehicle
5684,replay,0,replay,,,0,0,0,18,1,1,20.0,5.0,15.0,20.0,1,241,277.2103576660156,7.569976259069324,,out_of_road
5685,fresh,0,fresh,,,0,1,0,0,0,0,5.0,20.0,15.0,35.0,0,102,56.32883071899414,1.6059499090793086,,out_of_road
5686,mutation,0,mutation,cluster_dist,,0,0,0,4,0,0,20.0,20.0,5.0,55.0,0,110,78.72686767578125,3.6124639944596724,,crash_vehicle
5687,fresh,0,fresh,,,0,1,1,8,0,0,15.0,20.0,5.0,35.0,3,85,41.070037841796875,2.8268996792681076,,out_of_road
5688,mutation,0,mutation,maximum_distractor_speed,,0,1,1,3,1,0,20.0,10.0,5.0,20.0,2,37,7.13338565826416,0.9414280302621223,,crash_vehicle
5689,fresh,0,fresh,,,0,0,0,8,0,0,15.0,5.0,5.0,20.0,0,230,267.810791015625,8.807025433396516,,out_of_road
5690,replay,0,replay,,,0,0,0,8,0,0,15.0,5.0,5.0,20.0,0,80,44.067649841308594,0.8301167042925954,,out_of_road
5691,fresh,0,fresh,,,0,0,0,12,0,1,10.0,20.0,15.0,35.0,0,84,39.10354232788086,1.1691406901393617,,out_of_road
5692,replay,0,replay,,,0,0,0,12,0,1,10.0,20.0,15.0,35.0,0,233,282.0641174316406,8.726721169419044,,out_of_road
5693,fresh,0,fresh,,,0,1,0,12,1,0,15.0,40.0,10.0,55.0,0,69,11.055562973022461,0.7360163754311161,,out_of_road
5694,crossover,0,crossover,,select_lane|ego_on_intersection|intersection_has_cars|has_brake_checker|maximum_distractor_speed|distance_to_nearest,2,0,0,4,0,0,15.0,20.0,5.0,35.0,0,54,22.853971481323242,0.43164513287720857,,crash_vehicle
5695,fresh,0,fresh,,,0,0,0,12,1,0,15.0,20.0,5.0,35.0,3,86,38.19252014160156,1.4665847001380699,,crash_vehicle
5696,mutation,0,mutation,cluster_dist,,1,0,0,0,0,0,20.0,40.0,10.0,20.0,0,268,284.2194519042969,5.578781366681874,,out_of_road
5697,fresh,0,fresh,,,0,0,0,8,0,0,20.0,20.0,15.0,20.0,0,177,164.0861053466797,8.09920872975204,,crash_vehicle
5698,mutation,0,mutation,maximum_distractor_speed,,1,0,0,8,0,0,20.0,20.0,15.0,35.0,3,150,148.01846313476562,8.941101455688477,,crash_vehicle
5699,fresh,0,fresh,,,0,0,0,2,0,1,10.0,40.0,15.0,55.0,2,142,64.00373840332031,4.470444768667221,,out_of_road
5700,crossover,0,crossover,,distractor_cars|intersection_cars|has_cluster|distance_to_nearest,0,0,0,0,0,0,20.0,20.0,15.0,20.0,0,76,41.321956634521484,0.5690164581725472,,out_of_road
5701,fresh,0,fresh,,,0,0,0,8,1,1,15.0,40.0,5.0,55.0,3,72,33.20490264892578,1.246303043431706,,out_of_road
5702,mutation,0,mutation,maximum_distractor_speed,,1,0,0,0,0,0,5.0,5.0,5.0,20.0,0,79,45.82597351074219,0.662438761961611,,out_of_road
5703,fresh,0,fresh,,,0,1,0,4,0,1,15.0,10.0,5.0,10.0,2,46,11.236379623413086,0.29657954819824384,,crash_vehicle
5704,mutation,0,mutation,brake_dist,,1,0,0,5,0,0,20.0,10.0,10.0,35.0,3,200,214.106689453125,12.22383072823286,,out_of_road
5705,fresh,0,fresh,,,0,0,0,0,0,0,5.0,5.0,5.0,10.0,0,161,103.72870635986328,4.727737629265519,,out_of_road
5706,crossover,0,crossover,,select_lane|ego_on_intersection|intersection_has_cars|distractor_cars|cluster_dist,3,0,0,0,0,0,20.0,10.0,10.0,35.0,0,79,44.19425964355469,0.8272305808112591,,out_of_road
5707,fresh,0,fresh,,,0,0,0,8,0,1,15.0,40.0,10.0,20.0,0,67,32.959232330322266,0.46515114627667326,,crash_vehicle
5708,mutation,0,mutation,has_cluster,,0,0,0,0,0,0,20.0,5.0,10.0,20.0,0,83,43.38540267944336,0.6974350984197065,,out_of_road
5709,fresh,0,fresh,,,0,1,1,18,1,0,10.0,40.0,10.0,55.0,2,74,41.34717559814453,0.6384338559331121,,out_of_road
5710,crossover,0,crossover,,select_lane|ego_on_intersection|intersection_has_cars|has_brake_checker|maximum_distractor_speed|cluster_dist,2,0,0,0,0,0,20.0,20.0,5.0,10.0,0,182,201.43165588378906,3.2512417199847463,,out_of_road
5711,fresh,0,fresh,,,0,1,0,0,1,0,20.0,20.0,10.0,20.0,0,59,6.94294548034668,0.5671268009533317,,out_of_road
5712,replay,0,replay,,,0,1,0,0,1,0,20.0,20.0,10.0,20.0,0,149,130.5679168701172,6.654992601215439,,crash_vehicle
5713,fresh,0,fresh,,,0,0,0,0,0,0,10.0,20.0,5.0,55.0,0,61,8.621996879577637,0.3391231787009317,,out_of_road
5714,mutation,0,mutation,distractor_cars,,1,0,0,5,0,0,15.0,20.0,5.0,10.0,0,92,44.473289489746094,2.2023122083881628,,crash_vehicle
5715,fresh,0,fresh,,,0,1,0,8,0,1,10.0,20.0,15.0,35.0,2,50,18.01582908630371,0.4161160349845886,,crash_vehicle
5716,crossover,0,crossover,,select_lane|ego_on_intersection|intersection_has_cars|distractor_cars|intersection_cars|cluster_dist|brake_dist,4,0,0,5,0,0,10.0,5.0,10.0,20.0,2,23,-0.026128768920898438,0.33614280301591626,,crash_vehicle
5717,fresh,0,fresh,,,0,0,0,18,1,1,10.0,40.0,10.0,55.0,2,91,65.0435562133789,0.8903949932082669,,crash_vehicle
5718,replay,0,replay,,,0,0,0,18,1,1,10.0,40.0,10.0,55.0,2,177,182.65304565429688,8.870900448096,,crash_vehicle
5719,fresh,0,fresh,,,0,1,0,12,1,0,10.0,5.0,5.0,55.0,0,28,3.035360336303711,1.5853849862303053,,crash_vehicle
5720,mutation,0,mutation,distractor_cars,,2,0,0,2,1,0,15.0,20.0,5.0,35.0,0,78,35.096439361572266,1.7805512331617184,,crash_vehicle
5721,fresh,0,fresh,,,0,1,0,18,0,0,20.0,40.0,5.0,35.0,1,143,113.97864532470703,6.1520845681637315,,out_of_road
5722,crossover,0,crossover,,select_lane|ego_on_intersection|intersection_has_cars|distractor_cars|has_brake_checker|intersection_cars|has_cluster|cluster_dist|brake_dist,5,0,0,5,0,0,20.0,20.0,10.0,20.0,3,25,-1.0899887084960938,0.00343353271484375,,crash_vehicle
5723,fresh,0,fresh,,,0,1,0,0,0,0,15.0,5.0,15.0,20.0,0,131,85.09467315673828,2.3528139645816717,,out_of_road
5724,mutation,0,mutation,select_road|select_lane|ego_on_intersection|intersection_has_cars,,1,0,0,2,1,1,20.0,5.0,10.0,55.0,2,114,93.5253677368164,2.509421901744709,,crash_vehicle
5725,fresh,0,fresh,,,0,1,1,2,0,0,15.0,20.0,5.0,55.0,2,120,65.17759704589844,2.191029565533002,,out_of_road
5726,replay,0,replay,,,0,1,1,2,0,0,15.0,20.0,5.0,55.0,2,264,282.49493408203125,6.240824156299685,,out_of_road
5727,fresh,0,fresh,,,0,0,0,1,0,0,5.0,5.0,15.0,55.0,1,103,45.17003631591797,0.861607700586319,,out_of_road
5728,replay,0,replay,,,0,0,0,1,0,0,5.0,5.0,15.0,55.0,1,80,36.097896575927734,0.4417004369199276,,out_of_road
5729,fresh,0,fresh,,,0,0,0,3,0,0,10.0,5.0,15.0,10.0,1,187,152.26730346679688,7.154531417683484,,out_of_road
5730,replay,0,replay,,,0,0,0,3,0,0,10.0,5.0,15.0,10.0,1,254,286.3637390136719,6.723032022672375,,out_of_road
5731,fresh,0,fresh,,,0,0,0,1,1,1,15.0,20.0,15.0,35.0,1,21,-6.130444526672363,0.5794883909679595,,out_of_road
5732,crossover,0,crossover,,distractor_cars|distance_to_nearest|brake_dist,3,0,0,12,0,0,15.0,10.0,15.0,20.0,3,39,9.622761726379395,0.4409584150864528,,crash_vehicle
5733,fresh,0,fresh,,,0,0,0,2,1,0,20.0,5.0,10.0,55.0,1,20,-4.45709228515625,0.05695713460445404,,out_of_road
5734,crossover,0,crossover,,select_lane|ego_on_intersection|intersection_has_cars|distractor_cars|has_brake_checker|intersection_cars|maximum_distractor_speed|distance_to_nearest|cluster_dist|brake_dist,6,0,0,5,0,0,20.0,10.0,10.0,35.0,3,61,17.803890228271484,0.9459890816055361,,crash_vehicle
5735,fresh,0,fresh,,,0,1,0,3,1,1,20.0,5.0,5.0,35.0,1,34,14.696565628051758,4.240309844998753,,arrive_dest
5736,replay,0,replay,,,0,1,0,3,1,1,20.0,5.0,5.0,35.0,1,202,219.4449920654297,12.379430799200984,,out_of_road
5737,fresh,0,fresh,,,0,1,0,5,1,0,10.0,5.0,5.0,20.0,2,93,9.32953929901123,0.9684822902243625,,out_of_road
5738,replay,0,replay,,,0,1,0,5,1,0,10.0,5.0,5.0,20.0,2,265,272.5458068847656,5.391328224483526,,out_of_road
5739,fresh,0,fresh,,,0,0,0,12,0,0,15.0,5.0,15.0,20.0,1,23,-0.32772350311279297,0.21093570862127387,,crash_vehicle
5740,mutation,0,mutation,distance_to_nearest,,1,0,0,0,0,0,20.0,20.0,5.0,10.0,0,80,46.99162292480469,0.7233586013317108,,out_of_road
5741,fresh,0,fresh,,,0,0,0,5,1,0,15.0,40.0,5.0,55.0,2,66,35.027549743652344,0.6726359056703972,,crash_vehicle
5742,mutation,0,mutation,select_road|select_lane|ego_on_intersection|intersection_has_cars,,1,0,0,4,0,0,20.0,20.0,5.0,35.0,0,57,24.40831756591797,0.7212165353590982,,crash_vehicle
5743,fresh,0,fresh,,,0,1,0,12,0,1,5.0,5.0,15.0,20.0,2,28,1.9298858642578125,0.0,,crash_vehicle
5744,replay,0,replay,,,0,1,0,12,0,1,5.0,5.0,15.0,20.0,2,57,20.675912857055664,1.4901134549525745,,crash_vehicle
5745,fresh,0,fresh,,,0,1,0,8,1,1,5.0,10.0,15.0,20.0,1,224,214.20700073242188,5.769231718366167,,out_of_road
5746,mutation,0,mutation,has_cluster,,0,0,0,0,0,0,20.0,5.0,5.0,55.0,0,73,41.541542053222656,0.5731992868527974,,out_of_road
5747,fresh,0,fresh,,,0,0,0,2,1,0,15.0,40.0,5.0,55.0,0,76,46.6912841796875,1.0610362777584477,,crash_vehicle
5748,replay,0,replay,,,0,0,0,2,1,0,15.0,40.0,5.0,55.0,0,94,70.45484924316406,2.8650278778786356,,crash_vehicle
5749,fresh,0,fresh,,,0,0,0,4,1,1,10.0,40.0,5.0,55.0,3,69,35.69105529785156,0.5084791632666104,,crash_vehicle
5750,crossover,0,crossover,,intersection_cars|maximum_distractor_speed|cluster_dist|brake_dist,2,0,0,0,0,0,10.0,20.0,15.0,20.0,0,252,291.7120361328125,7.329146823476231,,out_of_road
5751,fresh,0,fresh,,,0,1,0,5,1,0,20.0,20.0,10.0,35.0,1,79,43.44935989379883,1.6662299719792377,,crash_vehicle
5752,replay,0,replay,,,0,1,0,5,1,0,20.0,20.0,10.0,35.0,1,205,209.12442016601562,9.07858974533837,,out_of_road
5753,fresh,0,fresh,,,0,0,0,18,0,0,10.0,40.0,10.0,55.0,0,83,55.98299789428711,0.9365460815199886,,crash_vehicle
5754,mutation,0,mutation,intersection_cars,,1,0,0,4,0,0,20.0,20.0,5.0,35.0,2,191,185.6255340576172,8.128283112148964,,crash_vehicle
5755,fresh,0,fresh,,,0,1,0,0,0,0,10.0,40.0,10.0,55.0,0,162,156.05162048339844,4.74671909580996,,out_of_road
5756,mutation,0,mutation,intersection_cars,,0,0,0,0,0,0,10.0,20.0,15.0,10.0,0,74,40.31268310546875,0.537342057034776,,out_of_road
5757,fresh,0,fresh,,,0,1,1,12,1,0,20.0,20.0,5.0,55.0,3,223,212.571533203125,5.174091306636152,,out_of_road
5758,crossover,0,crossover,,has_brake_checker|has_cluster|maximum_distractor_speed|distance_to_nearest|cluster_dist|brake_dist,4,0,0,0,0,0,20.0,20.0,5.0,35.0,0,76,41.52983474731445,0.6034508931793665,,out_of_road
5759,fresh,0,fresh,,,0,0,0,2,1,1,10.0,20.0,15.0,55.0,0,66,5.842906951904297,0.23437859930775382,,out_of_road
5760,crossover,0,crossover,,select_lane|ego_on_intersection|intersection_has_cars|distractor_cars|maximum_distractor_speed|cluster_dist|brake_dist,2,0,0,0,0,0,10.0,10.0,5.0,10.0,0,263,275.23309326171875,5.870069695629548,,out_of_road
5761,fresh,0,fresh,,,0,0,0,2,1,1,5.0,20.0,15.0,35.0,1,66,32.23598098754883,1.165714776877201,,crash_vehicle
5762,crossover,0,crossover,,distractor_cars|has_brake_checker|has_cluster,1,0,0,4,0,0,5.0,10.0,5.0,20.0,3,39,5.671527862548828,0.10295117971224663,,crash_vehicle
5763,fresh,0,fresh,,,0,0,0,18,1,1,20.0,20.0,10.0,55.0,2,68,23.189563751220703,0.3689672250081511,,crash_vehicle
5764,mutation,0,mutation,distance_to_nearest,,0,0,0,0,0,0,20.0,5.0,15.0,10.0,0,259,272.56939697265625,5.909757600787984,,out_of_road
5765,fresh,0,fresh,,,0,1,0,0,1,0,20.0,10.0,5.0,35.0,0,94,62.406150817871094,1.9098339803675388,,crash_vehicle
5766,replay,0,replay,,,0,1,0,0,1,0,20.0,10.0,5.0,35.0,0,251,279.66314697265625,6.344782654863905,,out_of_road
5767,fresh,0,fresh,,,0,0,0,4,0,0,15.0,5.0,10.0,55.0,2,28,2.418846607208252,0.7533622831106186,,crash_vehicle
5768,replay,0,replay,,,0,0,0,4,0,0,15.0,5.0,10.0,55.0,2,201,221.16156005859375,10.340904886449747,,out_of_road
5769,fresh,0,fresh,,,0,1,0,4,1,0,20.0,40.0,10.0,55.0,2,180,170.8744659423828,7.033974467383491,,crash_vehicle
5770,crossover,0,crossover,,select_lane|ego_on_intersection|intersection_has_cars|has_cluster|maximum_distractor_speed|distance_to_nearest,5,1,1,8,0,0,20.0,20.0,5.0,20.0,0,145,105.94319152832031,6.865685998160264,,out_of_road
5771,fresh,0,fresh,,,0,0,0,5,1,0,15.0,40.0,5.0,55.0,3,96,66.48028564453125,0.902374022329847,,crash_vehicle
5772,mutation,0,mutation,select_road|select_lane|ego_on_intersection|intersection_has_cars,,1,0,0,4,0,0,20.0,20.0,5.0,10.0,0,216,215.2498779296875,4.589643938673867,,out_of_road
5773,fresh,0,fresh,,,0,1,0,4,1,1,20.0,5.0,10.0,20.0,2,223,153.6482696533203,5.43377541132572,,out_of_road
5774,crossover,0,crossover,,select_lane|ego_on_intersection|intersection_has_cars|distractor_cars|maximum_distractor_speed|distance_to_nearest,4,0,0,4,0,0,20.0,20.0,5.0,20.0,0,116,87.97065734863281,4.321928139390616,,crash_vehicle
5775,fresh,0,fresh,,,0,1,1,0,1,0,10.0,5.0,15.0,35.0,0,92,59.81336975097656,1.7000595992026122,,crash_vehicle
5776,mutation,0,mutation,distractor_cars,,1,0,0,5,0,0,20.0,20.0,10.0,55.0,0,144,117.24469757080078,4.753210231454836,,crash_vehicle
5777,fresh,0,fresh,,,0,0,0,2,0,1,10.0,40.0,10.0,35.0,2,101,58.3827018737793,1.095610763176833,,out_of_road
5778,mutation,0,mutation,has_cluster,,0,0,0,0,0,0,10.0,20.0,5.0,10.0,0,78,45.26643753051758,0.5770805820058553,,out_of_road
5779,fresh,0,fresh,,,0,1,1,0,1,0,10.0,20.0,10.0,10.0,0,33,4.504543304443359,0.005771650509400802,,crash_vehicle
5780,replay,0,replay,,,0,1,1,0,1,0,10.0,20.0,10.0,10.0,0,252,278.1033935546875,11.69246289595252,,out_of_road
5781,fresh,0,fresh,,,0,1,0,0,1,0,15.0,10.0,10.0,10.0,0,42,11.113195419311523,0.8178698789505732,,crash_vehicle
5782,crossover,0,crossover,,select_lane|ego_on_intersection|intersection_has_cars|has_brake_checker|intersection_cars|brake_dist,2,0,0,5,0,0,5.0,10.0,5.0,20.0,0,40,10.726683616638184,0.45266724526882174,,crash_vehicle
5783,fresh,0,fresh,,,0,0,0,4,1,0,20.0,40.0,10.0,55.0,2,95,64.46926879882812,1.2703158660938865,,out_of_road
5784,mutation,0,mutation,distance_to_nearest,,1,0,0,3,0,0,20.0,5.0,10.0,20.0,1,243,219.43414306640625,5.289903924972923,,out_of_road
5785,fresh,0,fresh,,,0,0,0,12,1,0,5.0,40.0,10.0,55.0,0,213,204.620849609375,8.263792341583772,,out_of_road
5786,replay,0,replay,,,0,0,0,12,1,0,5.0,40.0,10.0,55.0,0,54,14.927680969238281,0.7737363472029015,,crash_vehicle
5787,fresh,0,fresh,,,0,0,0,8,1,1,15.0,5.0,15.0,55.0,1,130,8.806629180908203,0.7281426826348671,,out_of_road
5788,mutation,0,mutation,cluster_dist,,1,0,0,5,0,0,20.0,20.0,15.0,20.0,2,203,215.77767944335938,9.913481231980724,,out_of_road
5789,fresh,0,fresh,,,0,0,0,18,0,0,10.0,20.0,10.0,10.0,0,116,59.441261291503906,2.4967920126329206,,out_of_road
5790,replay,0,replay,,,0,0,0,18,0,0,10.0,20.0,10.0,10.0,0,215,221.3188934326172,9.531115454920503,,out_of_road
5791,fresh,0,fresh,,,0,1,1,5,1,1,10.0,20.0,5.0,35.0,1,48,13.66105842590332,0.7289829254150391,,crash_vehicle
5792,replay,0,replay,,,0,1,1,5,1,1,10.0,20.0,5.0,35.0,1,186,191.8225860595703,8.725154600316479,,crash_vehicle
5793,fresh,0,fresh,,,0,0,0,18,0,1,10.0,10.0,10.0,20.0,0,42,7.188589096069336,0.06210172744024368,,crash_vehicle
5794,crossover,0,crossover,,select_lane|ego_on_intersection|intersection_has_cars|intersection_cars|has_cluster|distance_to_nearest|brake_dist,1,0,0,5,0,0,20.0,20.0,10.0,20.0,0,85,54.8577766418457,1.4068530268967152,,crash_vehicle
5795,fresh,0,fresh,,,0,0,0,3,0,0,20.0,40.0,15.0,10.0,0,63,19.37212562561035,0.3062259166959732,,crash_vehicle
5796,replay,0,replay,,,0,0,0,3,0,0,20.0,40.0,15.0,10.0,0,205,195.74392700195312,7.406212881425532,,out_of_road
5797,fresh,0,fresh,,,0,0,0,0,1,0,5.0,40.0,5.0,10.0,0,39,9.698869705200195,0.6010173643246676,,crash_vehicle
5798,crossover,0,crossover,,select_lane|ego_on_intersection|intersection_has_cars|distractor_cars|has_brake_checker|has_cluster|brake_dist,3,0,0,0,0,0,20.0,20.0,5.0,20.0,0,253,288.5072021484375,6.565143318751113,,out_of_road
5799,fresh,0,fresh,,,0,1,1,1,1,0,10.0,20.0,15.0,35.0,1,216,209.51136779785156,3.6914502903819084,,out_of_road
5800,crossover,0,crossover,,distractor_cars|has_cluster|distance_to_nearest|brake_dist,2,0,0,0,0,0,10.0,20.0,15.0,20.0,0,256,268.2828674316406,6.182684771716595,,out_of_road
5801,fresh,0,fresh,,,0,1,0,3,0,1,5.0,5.0,10.0,10.0,2,22,-0.45426177978515625,0.0030725432390516453,,crash_vehicle
5802,replay,0,replay,,,0,1,0,3,0,1,5.0,5.0,10.0,10.0,2,249,295.33880615234375,7.453683490015895,,out_of_road
5803,fresh,0,fresh,,,0,1,0,0,0,0,10.0,40.0,10.0,20.0,0,57,36.90046310424805,0.727755805379466,,arrive_dest
5804,crossover,0,crossover,,select_lane|ego_on_intersection|intersection_has_cars|distractor_cars|intersection_cars|distance_to_nearest,4,0,0,2,0,0,20.0,5.0,10.0,35.0,2,140,116.75806427001953,4.065058890623706,,out_of_road
5805,fresh,0,fresh,,,0,0,0,5,1,0,20.0,5.0,10.0,35.0,3,96,2.96285343170166,4.45171953489383,,out_of_road
5806,mutation,0,mutation,has_cluster,,0,0,0,5,0,0,20.0,20.0,10.0,20.0,0,199,212.02944946289062,9.479288310860868,,out_of_road
5807,fresh,0,fresh,,,0,0,0,4,0,0,5.0,40.0,5.0,20.0,0,209,202.635986328125,4.954546643643859,,out_of_road
5808,crossover,0,crossover,,select_lane|ego_on_intersection|intersection_has_cars,1,0,0,5,0,0,20.0,10.0,10.0,35.0,3,48,14.296770095825195,1.0771967538942893,,crash_vehicle
5809,fresh,0,fresh,,,0,0,0,2,0,0,5.0,5.0,5.0,55.0,2,195,194.4698486328125,4.551027817221788,,out_of_road
5810,mutation,0,mutation,distractor_cars,,1,0,0,1,0,0,10.0,5.0,15.0,10.0,0,21,-0.4396944046020508,0.27094978945595877,,crash_vehicle
5811,fresh,0,fresh,,,0,0,0,4,1,0,15.0,20.0,15.0,35.0,1,57,20.193218231201172,0.41990747054417926,,crash_vehicle
5812,mutation,0,mutation,select_road|select_lane|ego_on_intersection|intersection_has_cars,,1,0,0,8,0,0,15.0,5.0,5.0,20.0,0,243,225.96994018554688,10.6219638738122,,out_of_road
5813,fresh,0,fresh,,,0,1,1,18,0,1,20.0,40.0,5.0,20.0,0,64,33.061038970947266,0.4634212851524353,,crash_vehicle
5814,crossover,0,crossover,,intersection_cars|maximum_distractor_speed|distance_to_nearest,2,0,0,5,0,0,20.0,5.0,10.0,20.0,0,220,198.34600830078125,4.1186535188420255,,out_of_road
5815,fresh,0,fresh,,,0,1,0,2,1,0,20.0,20.0,10.0,35.0,2,87,56.53044509887695,1.2978251686041382,,crash_vehicle
5816,mutation,0,mutation,intersection_cars,,1,0,0,5,0,0,20.0,20.0,10.0,20.0,2,202,211.64398193359375,9.94538017959878,,out_of_road
5817,fresh,0,fresh,,,0,1,0,8,0,0,10.0,20.0,15.0,10.0,3,88,8.40359878540039,0.2755515616895123,,out_of_road
5818,replay,0,replay,,,0,1,0,8,0,0,10.0,20.0,15.0,10.0,3,205,211.0328826904297,8.46018122696295,,out_of_road
5819,fresh,0,fresh,,,0,0,0,12,0,0,10.0,40.0,10.0,20.0,2,78,26.777267456054688,1.792302257166459,,out_of_road
5820,mutation,0,mutation,cluster_dist,,1,0,0,0,0,0,15.0,10.0,15.0,10.0,0,264,292.4245300292969,7.153242680893252,,out_of_road
5821,fresh,0,fresh,,,0,0,0,3,1,1,10.0,40.0,10.0,55.0,0,67,32.47315979003906,0.8879415063715693,,crash_vehicle
5822,crossover,0,crossover,,select_lane|ego_on_intersection|intersection_has_cars|distractor_cars|has_brake_checker|has_cluster|maximum_distractor_speed|distance_to_nearest|cluster_dist,7,0,0,0,0,0,15.0,10.0,10.0,55.0,0,266,262.33624267578125,4.708410166203976,,out_of_road
5823,fresh,0,fresh,,,0,1,1,3,0,0,5.0,5.0,5.0,35.0,1,249,2.9116005897521973,0.6621975417596748,,out_of_road
5824,crossover,0,crossover,,select_lane|ego_on_intersection|intersection_has_cars|distractor_cars|has_brake_checker|intersection_cars|maximum_distractor_speed,5,0,0,0,0,0,15.0,10.0,5.0,55.0,0,275,261.3205871582031,3.9287734297188845,,out_of_road
5825,fresh,0,fresh,,,0,0,0,4,1,0,15.0,20.0,5.0,35.0,1,86,38.46626281738281,2.4130834964818733,,crash_vehicle
5826,replay,0,replay,,,0,0,0,4,1,0,15.0,20.0,5.0,35.0,1,54,17.29340934753418,0.8586599230766296,,crash_vehicle
5827,fresh,0,fresh,,,0,1,0,5,0,1,10.0,20.0,10.0,10.0,1,46,14.261695861816406,0.13586842884188113,,crash_vehicle
5828,crossover,0,crossover,,intersection_cars|has_cluster|maximum_distractor_speed|distance_to_nearest,1,0,0,0,0,0,20.0,20.0,5.0,55.0,0,271,253.2177734375,3.8643893249250425,,out_of_road
5829,fresh,0,fresh,,,0,0,0,2,0,1,15.0,5.0,10.0,55.0,2,213,202.27200317382812,9.204018541345015,,out_of_road
5830,crossover,0,crossover,,has_brake_checker|intersection_cars|maximum_distractor_speed,1,0,0,0,0,0,15.0,40.0,15.0,20.0,0,271,261.47552490234375,4.296020741612269,,out_of_road
5831,fresh,0,fresh,,,0,1,0,18,1,0,10.0,10.0,5.0,55.0,0,62,6.341007232666016,5.565441823774768,,out_of_road
5832,mutation,0,mutation,brake_dist,,1,0,0,5,0,0,20.0,20.0,10.0,55.0,2,216,176.6533203125,6.432882854232082,,out_of_road
5833,fresh,0,fresh,,,0,0,0,18,0,1,20.0,10.0,10.0,55.0,1,72,10.782299041748047,0.9174945164057944,,crash_vehicle
5834,crossover,0,crossover,,distractor_cars|has_cluster|cluster_dist|brake_dist,2,0,0,8,0,0,20.0,20.0,5.0,20.0,0,153,137.06256103515625,7.1119524174266395,,crash_vehicle
5835,fresh,0,fresh,,,0,0,0,1,0,1,20.0,20.0,10.0,55.0,1,162,133.64585876464844,4.577140582564437,,out_of_road
5836,mutation,0,mutation,maximum_distractor_speed,,1,0,0,0,0,0,5.0,20.0,15.0,10.0,0,279,288.0242919921875,6.364275307371198,,out_of_road
5837,fresh,0,fresh,,,0,0,0,8,1,1,15.0,40.0,10.0,55.0,0,231,188.7091064453125,4.561323190035371,,out_of_road
5838,replay,0,replay,,,0,0,0,8,1,1,15.0,40.0,10.0,55.0,0,38,0.9921550750732422,0.13253352516575864,,crash_vehicle
5839,fresh,0,fresh,,,0,1,1,18,0,1,5.0,5.0,5.0,35.0,0,24,0.8969860076904297,0.44881167511145276,,crash_vehicle
5840,crossover,0,crossover,,has_brake_checker|intersection_cars|distance_to_nearest,3,0,0,2,1,1,15.0,10.0,10.0,55.0,1,43,11.34814453125,0.4584608244341473,,crash_vehicle
5841,fresh,0,fresh,,,0,0,0,2,0,0,5.0,40.0,10.0,55.0,0,118,57.65830612182617,0.7390366075402599,,crash_vehicle
5842,crossover,0,crossover,,distractor_cars|has_brake_checker|maximum_distractor_speed|cluster_dist,2,1,1,5,0,1,20.0,10.0,10.0,55.0,0,2,10.0,0.0,,arrive_dest
5843,fresh,0,fresh,,,0,1,0,1,1,1,20.0,5.0,15.0,20.0,1,68,2.369753837585449,0.7130206341252607,,out_of_road
5844,crossover,0,crossover,,select_lane|ego_on_intersection|intersection_has_cars|has_brake_checker|intersection_cars|maximum_distractor_speed|brake_dist,4,1,0,2,0,0,20.0,10.0,10.0,20.0,2,181,178.28285217285156,2.1325135387439094,,out_of_road
5845,fresh,0,fresh,,,0,1,1,4,1,1,15.0,10.0,10.0,20.0,3,159,80.18940734863281,5.366595856048776,,crash_vehicle
5846,mutation,0,mutation,maximum_distractor_speed,,1,0,0,4,0,0,10.0,20.0,5.0,20.0,0,139,89.9622573852539,3.3059682473004295,,crash_vehicle
5847,fresh,0,fresh,,,0,0,0,1,0,1,20.0,20.0,10.0,35.0,1,158,87.64789581298828,3.0595228391923484,,out_of_road
5848,replay,0,replay,,,0,0,0,1,0,1,20.0,20.0,10.0,35.0,1,261,253.54251098632812,3.5873761496210466,,out_of_road
5849,fresh,0,fresh,,,0,0,0,12,0,0,20.0,40.0,15.0,35.0,3,74,35.382911682128906,0.5372189589448877,,out_of_road
5850,mutation,0,mutation,brake_dist,,0,1,0,4,1,0,20.0,40.0,10.0,55.0,2,97,41.171749114990234,1.7076646876089352,,crash_vehicle
5851,fresh,0,fresh,,,0,1,1,18,0,1,20.0,10.0,5.0,20.0,3,54,5.498086929321289,4.540483315785726,,out_of_road
5852,replay,0,replay,,,0,1,1,18,0,1,20.0,10.0,5.0,20.0,3,219,193.63926696777344,7.563684315305867,,out_of_road
5853,fresh,0,fresh,,,0,1,0,12,1,1,20.0,10.0,10.0,20.0,3,40,8.934073448181152,0.982495438400656,,crash_vehicle
5854,replay,0,replay,,,0,1,0,12,1,1,20.0,10.0,10.0,20.0,3,60,7.880802154541016,0.28195886611938475,,out_of_road
5855,fresh,0,fresh,,,0,0,0,12,0,0,15.0,20.0,5.0,55.0,3,68,30.269989013671875,1.6824463101870872,,crash_vehicle
5856,crossover,0,crossover,,distractor_cars|intersection_cars|maximum_distractor_speed|distance_to_nearest|cluster_dist|brake_dist,4,0,0,0,0,0,10.0,20.0,5.0,10.0,0,97,47.79627227783203,1.303915178652891,,out_of_road
5857,fresh,0,fresh,,,0,0,0,8,0,0,20.0,20.0,5.0,20.0,0,85,39.73676300048828,1.231858997485217,,out_of_road
5858,replay,0,replay,,,0,0,0,8,0,0,20.0,20.0,5.0,20.0,0,34,0.9983615875244141,1.70708070081823,,out_of_road
5859,fresh,0,fresh,,,0,1,1,12,0,0,20.0,10.0,15.0,10.0,0,45,13.262994766235352,0.48413383497132195,,crash_vehicle
5860,crossover,0,crossover,,select_lane|ego_on_intersection|intersection_has_cars|distractor_cars|has_brake_checker|intersection_cars|maximum_distractor_speed|distance_to_nearest,2,0,0,4,0,0,20.0,20.0,5.0,20.0,0,45,14.378561019897461,0.2545218573676215,,crash_vehicle
5861,fresh,0,fresh,,,0,1,0,2,1,0,5.0,20.0,5.0,35.0,2,85,37.643218994140625,0.5944038349039414,,out_of_road
5862,replay,0,replay,,,0,1,0,2,1,0,5.0,20.0,5.0,35.0,2,220,194.9548797607422,8.32457876154645,,out_of_road
5863,fresh,0,fresh,,,0,0,0,18,1,0,15.0,10.0,15.0,20.0,1,33,5.436185836791992,0.3957608477635817,,crash_vehicle
5864,crossover,0,crossover,,distractor_cars|intersection_cars|has_cluster|maximum_distractor_speed|distance_to_nearest|cluster_dist,5,0,0,0,0,0,10.0,5.0,5.0,20.0,0,2,10.0,0.0,,arrive_dest
5865,fresh,0,fresh,,,0,0,0,3,0,0,15.0,10.0,15.0,20.0,1,24,-6.770322799682617,0.0,,out_of_road
5866,replay,0,replay,,,0,0,0,3,0,0,15.0,10.0,15.0,20.0,1,200,200.41058349609375,8.812230705916882,,out_of_road
5867,fresh,0,fresh,,,0,1,0,5,1,0,15.0,20.0,5.0,35.0,0,79,53.02937316894531,3.9889764725407466,,arrive_dest
5868,mutation,0,mutation,select_road|select_lane|ego_on_intersection|intersection_has_cars,,3,1,1,5,0,0,20.0,20.0,15.0,20.0,2,132,91.53669738769531,4.193064736992572,,crash_vehicle
5869,fresh,0,fresh,,,0,1,0,0,1,0,15.0,40.0,10.0,35.0,0,39,0.6723146438598633,0.2049584021935096,,out_of_road
5870,replay,0,replay,,,0,1,0,0,1,0,15.0,40.0,10.0,35.0,0,209,198.8097686767578,7.7115153878499445,,out_of_road
5871,fresh,0,fresh,,,0,0,0,0,0,0,15.0,5.0,5.0,35.0,0,100,39.78824996948242,0.7833423054218293,,out_of_road
5872,mutation,0,mutation,maximum_distractor_speed,,1,0,0,4,0,0,15.0,20.0,5.0,20.0,3,113,73.74113464355469,2.5083953730300466,,crash_vehicle
5873,fresh,0,fresh,,,0,0,0,2,0,1,15.0,40.0,10.0,20.0,2,160,93.98648071289062,3.2098243993707003,,out_of_road
5874,replay,0,replay,,,0,0,0,2,0,1,15.0,40.0,10.0,20.0,2,211,173.5931854248047,6.378614825660018,,out_of_road
5875,fresh,0,fresh,,,0,0,0,3,1,1,5.0,40.0,5.0,55.0,3,79,26.875932693481445,1.2013717980324468,,crash_vehicle
5876,crossover,0,crossover,,has_brake_checker|cluster_dist|brake_dist,0,0,0,0,0,0,10.0,5.0,15.0,20.0,0,262,238.09732055664062,4.135408045169506,,out_of_road
5877,fresh,0,fresh,,,0,0,0,3,1,1,10.0,5.0,5.0,55.0,0,45,9.938544273376465,1.111313737763299,,crash_vehicle
5878,mutation,0,mutation,brake_dist,,1,0,0,8,0,0,20.0,20.0,15.0,35.0,3,220,187.25885009765625,6.590422710860994,,out_of_road
5879,fresh,0,fresh,,,0,0,0,4,0,0,10.0,20.0,10.0,10.0,1,62,22.112157821655273,0.451017631157752,,crash_vehicle
5880,replay,0,replay,,,0,0,0,4,0,0,10.0,20.0,10.0,10.0,1,196,179.64871215820312,6.219666663025107,,crash_vehicle
5881,fresh,0,fresh,,,0,1,0,12,1,1,5.0,10.0,15.0,55.0,1,50,16.92981719970703,1.7107116651535035,,crash_vehicle
5882,replay,0,replay,,,0,1,0,12,1,1,5.0,10.0,15.0,55.0,1,205,193.4734649658203,8.40381032897205,,out_of_road
5883,fresh,0,fresh,,,0,1,0,8,1,1,10.0,20.0,5.0,35.0,3,46,12.732011795043945,0.35960911149563995,,crash_vehicle
5884,replay,0,replay,,,0,1,0,8,1,1,10.0,20.0,5.0,35.0,3,277,246.59759521484375,3.7758728541191733,,out_of_road
5885,fresh,0,fresh,,,0,1,0,18,1,1,20.0,40.0,10.0,55.0,1,67,34.09071350097656,0.6378918121110148,,crash_vehicle
5886,crossover,0,crossover,,select_lane|ego_on_intersection|intersection_has_cars|distractor_cars|intersection_cars|distance_to_nearest,5,1,0,4,0,0,15.0,40.0,15.0,35.0,0,72,30.582504272460938,0.37465418751041096,,out_of_road
5887,fresh,0,fresh,,,0,1,1,0,1,0,5.0,10.0,5.0,10.0,0,50,15.186784744262695,0.5593465280532837,,crash_vehicle
5888,crossover,0,crossover,,intersection_cars|cluster_dist,2,0,0,8,0,0,20.0,20.0,5.0,10.0,0,133,98.53543853759766,4.230987009249236,,crash_vehicle
5889,fresh,0,fresh,,,0,1,0,4,1,0,20.0,5.0,10.0,55.0,0,23,0.06597566604614258,0.064523093726324,,crash_vehicle
5890,mutation,0,mutation,distractor_cars,,1,0,0,12,0,0,20.0,20.0,5.0,20.0,0,200,203.865478515625,7.526224319189787,,out_of_road
5891,fresh,0,fresh,,,0,0,0,1,1,0,20.0,10.0,15.0,35.0,1,95,54.10442352294922,1.5229977168534932,,crash_vehicle
5892,mutation,0,mutation,intersection_cars,,0,1,0,12,0,1,10.0,10.0,15.0,20.0,3,59,14.658367156982422,0.6639067631656841,,crash_vehicle
5893,fresh,0,fresh,,,0,1,1,4,0,1,20.0,20.0,10.0,20.0,2,48,15.057586669921875,0.4255064328511556,,crash_vehicle
5894,crossover,0,crossover,,has_brake_checker|intersection_cars|has_cluster|maximum_distractor_speed|distance_to_nearest,2,0,0,0,0,0,20.0,20.0,5.0,20.0,0,232,254.65121459960938,5.2748222058831615,,out_of_road
5895,fresh,0,fresh,,,0,1,1,18,0,1,15.0,5.0,5.0,10.0,0,24,0.3685927391052246,0.2677231505513191,,crash_vehicle
5896,mutation,0,mutation,cluster_dist,,1,0,0,0,0,0,20.0,20.0,10.0,10.0,0,72,34.67650604248047,0.35448041392697227,,out_of_road
5897,fresh,0,fresh,,,0,0,0,0,0,0,5.0,5.0,15.0,35.0,0,62,4.531856536865234,0.3924318830813131,,out_of_road
5898,mutation,0,mutation,has_cluster,,1,0,0,5,0,1,20.0,20.0,10.0,20.0,2,50,11.719930648803711,0.1356195640563965,,crash_vehicle
5899,fresh,0,fresh,,,0,1,0,8,1,0,10.0,10.0,15.0,20.0,1,51,11.628561019897461,0.7195272270370933,,crash_vehicle
5900,crossover,0,crossover,,distractor_cars|intersection_cars|has_cluster|maximum_distractor_speed|cluster_dist|brake_dist,2,0,0,0,0,0,20.0,20.0,5.0,10.0,0,276,267.2008361816406,6.220521753896838,,out_of_road
5901,fresh,0,fresh,,,0,1,1,8,0,1,15.0,20.0,5.0,35.0,0,58,13.46976089477539,0.3494537986558059,,crash_vehicle
5902,mutation,0,mutation,has_cluster,,1,0,0,4,0,1,20.0,20.0,10.0,20.0,0,48,15.718000411987305,0.2683306932449341,,crash_vehicle
5903,fresh,0,fresh,,,0,0,0,4,1,0,5.0,20.0,10.0,55.0,1,73,36.36323547363281,0.4176960843679023,,crash_vehicle
5904,mutation,0,mutation,intersection_cars,,0,0,0,2,0,1,15.0,5.0,10.0,55.0,2,139,100.06426239013672,2.9685868204926416,,crash_vehicle
5905,fresh,0,fresh,,,0,0,0,8,1,1,5.0,5.0,5.0,20.0,0,45,5.305501937866211,0.17355187262097996,,crash_vehicle
5906,mutation,0,mutation,cluster_dist,,1,0,0,0,0,0,20.0,20.0,15.0,20.0,0,46,3.067300796508789,0.3727299234141474,,out_of_road
5907,fresh,0,fresh,,,0,1,0,5,1,0,20.0,5.0,10.0,20.0,1,31,4.582620620727539,1.6233195941294394,,crash_vehicle
5908,replay,0,replay,,,0,1,0,5,1,0,20.0,5.0,10.0,20.0,1,108,67.46060180664062,3.158058029358034,,out_of_road
5909,fresh,0,fresh,,,0,1,0,2,1,1,5.0,40.0,5.0,55.0,2,114,75.64249420166016,1.602075269347743,,crash_vehicle
5910,mutation,0,mutation,intersection_cars,,1,1,0,4,0,0,20.0,40.0,10.0,55.0,3,81,46.637996673583984,1.2577969571690502,,crash_vehicle
5911,fresh,0,fresh,,,0,0,0,0,0,0,20.0,5.0,15.0,20.0,0,86,44.148353576660156,0.9525531419487887,,out_of_road
5912,crossover,0,crossover,,select_lane|ego_on_intersection|intersection_has_cars|distractor_cars|intersection_cars|cluster_dist,3,0,0,12,0,0,20.0,20.0,10.0,20.0,0,152,99.932861328125,4.385182350873947,,out_of_road
5913,fresh,0,fresh,,,0,0,0,4,0,0,20.0,40.0,5.0,35.0,0,91,51.20687484741211,1.0946451080041928,,arrive_dest
5914,replay,0,replay,,,0,0,0,4,0,0,20.0,40.0,5.0,35.0,0,201,203.80984497070312,7.7798451517351825,,crash_vehicle
5915,fresh,0,fresh,,,0,1,1,2,1,0,15.0,40.0,10.0,55.0,0,71,36.804874420166016,0.6503218135363619,,crash_vehicle
5916,replay,0,replay,,,0,1,1,2,1,0,15.0,40.0,10.0,55.0,0,253,267.4874267578125,5.264793151687727,,arrive_dest
5917,fresh,0,fresh,,,0,1,0,2,1,0,10.0,10.0,15.0,20.0,0,38,7.925021171569824,1.3389241977741844,,crash_vehicle
5918,replay,0,replay,,,0,1,0,2,1,0,10.0,10.0,15.0,20.0,0,211,188.01084899902344,7.472602385197771,,out_of_road
5919,fresh,0,fresh,,,0,0,0,5,0,0,5.0,40.0,15.0,55.0,1,89,50.07366180419922,0.8503884800364462,,crash_vehicle
5920,crossover,0,crossover,,distractor_cars|intersection_cars|maximum_distractor_speed|cluster_dist,4,0,0,0,0,0,10.0,10.0,5.0,35.0,0,188,206.01959228515625,4.794216835910969,,out_of_road
5921,fresh,0,fresh,,,0,1,1,5,1,0,15.0,5.0,15.0,20.0,1,28,-0.0005664825439453125,0.2228219849722726,,crash_vehicle
5922,crossover,0,crossover,,distractor_cars|has_brake_checker|intersection_cars|has_cluster|maximum_distractor_speed|distance_to_nearest|cluster_dist,3,0,0,5,0,0,20.0,20.0,5.0,20.0,1,205,191.57177734375,7.980274616799703,,out_of_road
5923,fresh,0,fresh,,,0,0,0,5,0,1,20.0,10.0,15.0,35.0,3,71,5.70554256439209,1.1020979524498256,,out_of_road
5924,crossover,0,crossover,,select_lane|ego_on_intersection|intersection_has_cars|distractor_cars|intersection_cars|maximum_distractor_speed|cluster_dist,5,1,1,5,0,0,15.0,20.0,5.0,35.0,0,74,28.637950897216797,0.8089076825291723,,out_of_road
5925,fresh,0,fresh,,,0,0,0,2,0,0,20.0,20.0,15.0,20.0,1,81,38.47891616821289,0.8869316820745115,,crash_vehicle
5926,crossover,0,crossover,,select_lane|ego_on_intersection|intersection_has_cars|distractor_cars|has_cluster|distance_to_nearest,5,0,0,5,0,0,10.0,20.0,15.0,20.0,3,63,30.00551986694336,0.8611302829924083,,crash_vehicle
5927,fresh,0,fresh,,,0,0,0,0,1,0,20.0,20.0,10.0,10.0,0,40,10.018348693847656,0.28815737962722776,,crash_vehicle
5928,crossover,0,crossover,,distractor_cars|has_brake_checker|intersection_cars|distance_to_nearest|cluster_dist|brake_dist,2,0,0,0,0,0,20.0,20.0,5.0,10.0,0,277,305.9552917480469,7.27684527172939,,out_of_road
5929,fresh,0,fresh,,,0,0,0,4,1,1,10.0,5.0,15.0,55.0,2,23,0.08903121948242188,0.39363809739765915,,crash_vehicle
5930,crossover,0,crossover,,distractor_cars|has_cluster|maximum_distractor_speed|distance_to_nearest|cluster_dist,4,0,0,0,0,0,20.0,5.0,5.0,20.0,0,180,184.01144409179688,3.5649747795528834,,out_of_road
5931,fresh,0,fresh,,,0,1,0,4,0,1,5.0,40.0,15.0,55.0,0,74,5.498207092285156,0.1520179187929308,,out_of_road
5932,replay,0,replay,,,0,1,0,4,0,1,5.0,40.0,15.0,55.0,0,190,182.29798889160156,7.50639788571157,,crash_vehicle
5933,fresh,0,fresh,,,0,0,0,5,1,0,15.0,20.0,10.0,35.0,2,81,40.4304084777832,1.4642110301388636,,crash_vehicle
5934,crossover,0,crossover,,select_lane|ego_on_intersection|intersection_has_cars|intersection_cars|has_cluster|maximum_distractor_speed|distance_to_nearest|brake_dist,2,0,0,5,0,0,20.0,20.0,10.0,10.0,0,49,15.976957321166992,0.11310818730568399,,crash_vehicle
5935,fresh,0,fresh,,,0,0,0,5,1,0,15.0,20.0,5.0,35.0,1,75,30.752216339111328,1.2438903617858887,,out_of_road
5936,replay,0,replay,,,0,0,0,5,1,0,15.0,20.0,5.0,35.0,1,213,182.66065979003906,6.9378465733058015,,out_of_road
5937,fresh,0,fresh,,,0,1,1,0,0,0,10.0,20.0,5.0,20.0,0,262,225.1817169189453,7.515882463286851,,out_of_road
5938,replay,0,replay,,,0,1,1,0,0,0,10.0,20.0,5.0,20.0,0,121,94.07332611083984,2.7088889011666795,,out_of_road
5939,fresh,0,fresh,,,0,0,0,4,1,1,15.0,5.0,5.0,35.0,2,233,145.9110565185547,3.4303942343835665,,crash_vehicle
5940,mutation,0,mutation,distance_to_nearest,,1,0,0,0,0,0,20.0,10.0,5.0,10.0,0,277,295.0599670410156,6.829253729930423,,out_of_road
5941,fresh,0,fresh,,,0,0,0,1,1,0,20.0,20.0,5.0,35.0,1,66,-5.24157190322876,0.013508070147398746,,out_of_road
5942,mutation,0,mutation,cluster_dist,,1,0,0,3,0,0,20.0,20.0,5.0,20.0,1,67,22.225671768188477,1.4882896907293974,,crash_vehicle
5943,fresh,0,fresh,,,0,0,0,8,1,1,5.0,40.0,10.0,55.0,0,209,178.7633514404297,2.793575558508412,,out_of_road
5944,mutation,0,mutation,has_brake_checker,,1,0,0,0,1,0,20.0,5.0,5.0,20.0,0,75,34.660789489746094,0.6359784960746765,,crash_vehicle
5945,fresh,0,fresh,,,0,1,0,2,1,0,15.0,20.0,15.0,35.0,2,150,6.318497657775879,0.6163355345527332,,out_of_road
5946,replay,0,replay,,,0,1,0,2,1,0,15.0,20.0,15.0,35.0,2,265,251.03335571289062,4.850204936232207,,out_of_road
5947,fresh,0,fresh,,,0,1,0,0,1,0,20.0,40.0,15.0,10.0,0,44,7.864101409912109,0.8164649456739426,,crash_vehicle
5948,crossover,0,crossover,,has_brake_checker,0,0,0,18,0,0,20.0,20.0,10.0,55.0,0,157,118.11710357666016,5.2001641776151715,,out_of_road
5949,fresh,0,fresh,,,0,0,0,2,0,1,15.0,20.0,10.0,10.0,2,239,265.02996826171875,7.419767893009106,,out_of_road
5950,mutation,0,mutation,select_road|select_lane|ego_on_intersection|intersection_has_cars,,1,0,0,0,0,0,20.0,20.0,5.0,20.0,0,102,46.539093017578125,0.5008257668392331,,out_of_road
5951,fresh,0,fresh,,,0,1,0,4,1,0,5.0,10.0,10.0,20.0,0,40,8.465644836425781,0.692281836271286,,crash_vehicle
5952,replay,0,replay,,,0,1,0,4,1,0,5.0,10.0,10.0,20.0,0,278,256.3829345703125,3.96493932575309,,out_of_road
5953,fresh,0,fresh,,,0,0,0,3,0,0,20.0,10.0,5.0,20.0,0,57,11.116931915283203,0.21235523699668415,,crash_vehicle
5954,crossover,0,crossover,,select_lane|ego_on_intersection|intersection_has_cars|distractor_cars|maximum_distractor_speed|brake_dist,2,0,0,0,0,0,20.0,5.0,5.0,20.0,0,259,263.6951904296875,5.667881100334256,,out_of_road
5955,fresh,0,fresh,,,0,0,0,0,1,0,15.0,20.0,15.0,35.0,0,138,81.61599731445312,3.3101420851181382,,crash_vehicle
5956,mutation,0,mutation,cluster_dist,,1,0,0,4,0,0,20.0,20.0,15.0,20.0,0,214,204.96400451660156,6.994771517882837,,out_of_road
5957,fresh,0,fresh,,,0,0,0,4,0,1,10.0,10.0,15.0,20.0,1,43,9.675451278686523,0.383617035178251,,crash_vehicle
5958,mutation,0,mutation,distractor_cars,,1,0,0,1,0,0,20.0,20.0,5.0,20.0,0,2,10.0,0.0,,arrive_dest
5959,fresh,0,fresh,,,0,1,0,2,0,1,20.0,40.0,15.0,35.0,2,203,181.70823669433594,1.9454879719635536,,out_of_road
5960,crossover,0,crossover,,select_lane|ego_on_intersection|intersection_has_cars|has_brake_checker|intersection_cars|has_cluster|distance_to_nearest,5,0,0,8,1,1,20.0,5.0,10.0,20.0,2,28,1.9194250106811523,0.5899277233651706,,crash_vehicle
5961,fresh,0,fresh,,,0,0,0,5,0,0,10.0,5.0,5.0,10.0,2,23,0.06197309494018555,0.24985757599706235,,crash_vehicle
5962,mutation,0,mutation,intersection_cars,,0,0,0,0,0,0,10.0,20.0,10.0,10.0,0,276,306.88311767578125,7.478694417230461,,out_of_road
5963,fresh,0,fresh,,,0,1,0,18,0,0,10.0,10.0,10.0,10.0,1,102,41.69683074951172,4.478251226976806,,crash_vehicle
5964,mutation,0,mutation,select_road|select_lane|ego_on_intersection|intersection_has_cars,,3,1,1,0,0,0,10.0,20.0,10.0,10.0,0,147,128.7950897216797,2.0989155700417603,,out_of_road
5965,fresh,0,fresh,,,0,1,1,1,1,0,20.0,40.0,5.0,55.0,1,125,82.46475219726562,2.6639119801521303,,crash_vehicle
5966,replay,0,replay,,,0,1,1,1,1,0,20.0,40.0,5.0,55.0,1,268,274.3204650878906,5.4035369936210005,,out_of_road
5967,fresh,0,fresh,,,0,0,0,0,0,0,10.0,10.0,15.0,10.0,0,89,49.63805389404297,1.025659466057681,,out_of_road
5968,mutation,0,mutation,distance_to_nearest,,1,1,1,5,0,1,15.0,20.0,5.0,55.0,0,73,13.704641342163086,0.284653026763707,,crash_vehicle
5969,fresh,0,fresh,,,0,0,0,4,0,0,5.0,20.0,10.0,35.0,3,58,21.83772087097168,0.6503101165952354,,crash_vehicle
5970,crossover,0,crossover,,has_cluster|maximum_distractor_speed|distance_to_nearest|cluster_dist,1,0,0,4,0,0,20.0,20.0,10.0,20.0,3,100,60.31378173828125,1.5799440896511079,,crash_vehicle
5971,fresh,0,fresh,,,0,1,0,5,1,1,20.0,5.0,15.0,55.0,0,90,43.75732421875,8.024899630745251,,crash_vehicle
5972,crossover,0,crossover,,select_lane|ego_on_intersection|intersection_has_cars|distractor_cars|intersection_cars|has_cluster|maximum_distractor_speed|distance_to_nearest|brake_dist,4,0,0,8,0,0,15.0,20.0,5.0,35.0,3,78,41.51820373535156,1.1965034313690968,,crash_vehicle
5973,fresh,0,fresh,,,0,1,0,5,0,0,15.0,10.0,15.0,20.0,0,169,7.886987686157227,0.17987501585977317,,out_of_road
5974,mutation,0,mutation,has_brake_checker,,1,0,0,0,1,0,20.0,20.0,5.0,20.0,0,2,10.0,1.0264253616333008,,arrive_dest
5975,fresh,0,fresh,,,0,0,0,2,1,0,5.0,40.0,15.0,55.0,2,24,-5.316007614135742,0.0,,out_of_road
5976,mutation,0,mutation,distance_to_nearest,,1,0,0,0,0,0,10.0,5.0,10.0,10.0,0,76,42.006561279296875,0.5899063270342978,,out_of_road
5977,fresh,0,fresh,,,0,1,1,0,0,0,20.0,20.0,15.0,20.0,0,137,58.59874725341797,1.5068462673765028,,out_of_road
5978,replay,0,replay,,,0,1,1,0,0,0,20.0,20.0,15.0,20.0,0,77,30.935211181640625,0.503527562146063,,out_of_road
5979,fresh,0,fresh,,,0,1,0,4,1,0,10.0,10.0,10.0,20.0,1,50,7.7144012451171875,0.016603169441223146,,crash_vehicle
5980,crossover,0,crossover,,select_lane|ego_on_intersection|intersection_has_cars|maximum_distractor_speed|cluster_dist|brake_dist,1,0,0,0,0,0,20.0,20.0,5.0,20.0,0,80,41.72096252441406,0.47669646237045527,,out_of_road
5981,fresh,0,fresh,,,0,1,0,12,1,1,15.0,10.0,15.0,35.0,2,67,21.796958923339844,2.3834870003942235,,crash_vehicle
5982,mutation,0,mutation,has_brake_checker,,0,0,0,0,0,0,10.0,5.0,5.0,20.0,0,242,277.4488830566406,6.440184180155273,,out_of_road
5983,fresh,0,fresh,,,0,1,0,0,1,0,10.0,40.0,15.0,20.0,0,126,4.603089332580566,0.2988553134694932,,out_of_road
5984,replay,0,replay,,,0,1,0,0,1,0,10.0,40.0,15.0,20.0,0,212,192.19491577148438,7.410556954595278,,out_of_road
5985,fresh,0,fresh,,,0,1,0,3,1,1,15.0,5.0,10.0,20.0,2,24,0.5181970596313477,0.999076314891378,,crash_vehicle
5986,replay,0,replay,,,0,1,0,3,1,1,15.0,5.0,10.0,20.0,2,23,11.789383888244629,3.232764016027036,,arrive_dest
5987,fresh,0,fresh,,,0,0,0,8,1,0,15.0,10.0,5.0,35.0,0,35,7.344989776611328,0.23119586876460485,,crash_vehicle
5988,mutation,0,mutation,maximum_distractor_speed,,1,0,0,5,0,0,10.0,10.0,10.0,35.0,3,65,22.603235244750977,2.1360000940469597,,crash_vehicle
5989,fresh,0,fresh,,,0,0,0,4,1,0,5.0,5.0,15.0,35.0,1,48,-0.15834569931030273,0.3303522939483325,,crash_vehicle
5990,replay,0,replay,,,0,0,0,4,1,0,5.0,5.0,15.0,35.0,1,214,212.981201171875,7.837095997322385,,out_of_road
5991,fresh,0,fresh,,,0,0,0,0,0,0,20.0,20.0,5.0,10.0,0,103,36.0732421875,0.7664021566076186,,out_of_road
5992,replay,0,replay,,,0,0,0,0,0,0,20.0,20.0,5.0,10.0,0,205,210.7352294921875,7.245075358559446,,out_of_road
5993,fresh,0,fresh,,,0,0,0,18,1,1,15.0,20.0,10.0,35.0,0,51,19.540771484375,0.8096347883635876,,crash_vehicle
5994,crossover,0,crossover,,distractor_cars|has_brake_checker|intersection_cars|cluster_dist|brake_dist,3,0,0,12,0,0,10.0,5.0,15.0,20.0,3,22,-3.3504464626312256,0.05800861797549508,,crash_vehicle
5995,fresh,0,fresh,,,0,1,1,1,1,0,5.0,20.0,5.0,35.0,1,85,38.47447967529297,1.0472884345580549,,out_of_road
5996,crossover,0,crossover,,distractor_cars|has_brake_checker|intersection_cars|maximum_distractor_speed|distance_to_nearest,3,0,0,0,0,0,10.0,10.0,5.0,20.0,0,97,64.84571838378906,1.6406148893316996,,out_of_road
5997,fresh,0,fresh,,,0,0,0,8,1,0,20.0,5.0,10.0,55.0,2,1000,4.649060249328613,0.06173082028143108,,max_step
5998,replay,0,replay,,,0,0,0,8,1,0,20.0,5.0,10.0,55.0,2,267,296.0547180175781,6.564394958121946,,out_of_road
5999,fresh,0,fresh,,,0,0,0,0,0,0,15.0,10.0,10.0,55.0,0,94,5.775535583496094,0.4989468150950493,,out_of_road
6000,mutation,0,mutation,select_road|select_lane|ego_on_intersection|intersection_has_cars,,3,0,0,12,1,0,10.0,40.0,5.0,55.0,3,69,34.2744026184082,1.4779925726462102,,crash_vehicle
6001,fresh,0,fresh,,,0,0,0,2,0,0,5.0,40.0,10.0,35.0,1,77,40.8775634765625,0.31130708734710494,,out_of_road
6002,replay,0,replay,,,0,0,0,2,0,0,5.0,40.0,10.0,35.0,1,218,200.8249053955078,6.723939405395351,,out_of_road
6003,fresh,0,fresh,,,0,1,1,0,1,0,20.0,20.0,10.0,55.0,0,108,88.36886596679688,2.7057779514127307,,crash_vehicle
6004,crossover,0,crossover,,distractor_cars|intersection_cars|has_cluster|distance_to_nearest,3,0,0,0,0,0,20.0,10.0,10.0,20.0,0,209,210.81964111328125,4.667649675214119,,out_of_road
6005,fresh,0,fresh,,,0,1,0,12,1,1,10.0,5.0,5.0,35.0,3,41,8.325855255126953,3.0806401415569025,,crash_vehicle
6006,crossover,0,crossover,,distractor_cars|has_brake_checker|intersection_cars|has_cluster|maximum_distractor_speed|distance_to_nearest|cluster_dist|brake_dist,4,0,0,5,0,0,20.0,20.0,5.0,35.0,1,217,195.1907958984375,7.58197160264314,,crash_vehicle
6007,fresh,0,fresh,,,0,1,1,2,0,1,5.0,20.0,5.0,35.0,1,66,28.76888656616211,0.7928783405910839,,crash_vehicle
6008,replay,0,replay,,,0,1,1,2,0,1,5.0,20.0,5.0,35.0,1,219,224.47073364257812,8.465763529958245,,out_of_road
6009,fresh,0,fresh,,,0,1,0,12,0,1,10.0,40.0,15.0,20.0,2,267,168.20579528808594,7.288137421960688,,crash_vehicle
6010,mutation,0,mutation,distractor_cars,,1,0,0,12,0,0,15.0,20.0,5.0,35.0,1,56,21.571340560913086,0.34848197443144663,,crash_vehicle
6011,fresh,0,fresh,,,0,0,0,1,1,0,20.0,10.0,10.0,20.0,0,35,7.246344566345215,0.7165759631565639,,crash_vehicle
6012,crossover,0,crossover,,select_lane|ego_on_intersection|intersection_has_cars|distractor_cars|has_cluster|maximum_distractor_speed|distance_to_nearest|cluster_dist,2,0,0,0,0,0,20.0,20.0,5.0,10.0,0,260,298.87841796875,7.267496612381477,,out_of_road
6013,fresh,0,fresh,,,0,1,0,2,0,1,10.0,20.0,10.0,35.0,0,48,15.392969131469727,0.48818199646969634,,crash_vehicle
6014,replay,0,replay,,,0,1,0,2,0,1,10.0,20.0,10.0,35.0,0,137,104.10392761230469,4.521236056393951,,out_of_road
6015,fresh,0,fresh,,,0,0,0,2,1,0,20.0,40.0,10.0,55.0,1,103,54.87192153930664,2.3237951334240368,,out_of_road
6016,mutation,0,mutation,has_cluster,,0,0,0,0,0,0,15.0,10.0,10.0,10.0,0,280,303.44012451171875,6.472956928185054,,out_of_road
6017,fresh,0,fresh,,,0,1,0,18,1,0,5.0,10.0,5.0,20.0,3,219,212.8116455078125,7.674125042952359,,out_of_road
6018,mutation,0,mutation,maximum_distractor_speed,,0,0,0,0,0,0,10.0,5.0,15.0,20.0,0,221,283.2365417480469,8.702170848576731,,out_of_road
6019,fresh,0,fresh,,,0,1,0,2,0,0,15.0,40.0,15.0,10.0,2,74,29.611942291259766,0.6537317585300755,,out_of_road
6020,crossover,0,crossover,,distractor_cars|has_brake_checker|intersection_cars|maximum_distractor_speed|distance_to_nearest,2,0,0,4,0,0,20.0,20.0,15.0,20.0,2,180,168.9393768310547,7.4997635934087965,,crash_vehicle
6021,fresh,0,fresh,,,0,1,0,5,1,1,20.0,20.0,15.0,35.0,2,68,38.51764678955078,0.6520204026909435,,crash_vehicle
6022,crossover,0,crossover,,select_lane|ego_on_intersection|intersection_has_cars|distractor_cars|intersection_cars|has_cluster|maximum_distractor_speed,1,0,0,4,0,0,20.0,20.0,5.0,55.0,3,70,36.376502990722656,0.6029392759714808,,crash_vehicle
6023,fresh,0,fresh,,,0,0,0,12,0,1,10.0,10.0,10.0,20.0,3,36,3.99086856842041,0.0030778182877434623,,crash_vehicle
6024,replay,0,replay,,,0,0,0,12,0,1,10.0,10.0,10.0,20.0,3,275,287.267822265625,5.967381800954992,,out_of_road
6025,fresh,0,fresh,,,0,0,0,5,0,1,5.0,40.0,15.0,55.0,2,75,32.834983825683594,0.7004278866449992,,crash_vehicle
6026,mutation,0,mutation,select_road|select_lane|ego_on_intersection|intersection_has_cars,,1,0,0,4,0,0,20.0,20.0,5.0,35.0,0,77,36.58341979980469,1.8142321566482642,,out_of_road
6027,fresh,0,fresh,,,0,1,1,2,0,0,20.0,40.0,5.0,20.0,1,88,38.76052474975586,1.1550531725991855,,out_of_road
6028,replay,0,replay,,,0,1,1,2,0,0,20.0,40.0,5.0,20.0,1,190,171.41432189941406,8.264206033631375,,crash_vehicle
6029,fresh,0,fresh,,,0,0,0,1,1,1,15.0,20.0,15.0,35.0,1,94,60.58300018310547,1.1385262700471472,,crash_vehicle
6030,crossover,0,crossover,,select_lane|ego_on_intersection|intersection_has_cars|maximum_distractor_speed,0,0,0,0,0,0,20.0,20.0,5.0,20.0,0,79,41.218074798583984,0.42463778091382376,,out_of_road
6031,fresh,0,fresh,,,0,1,1,8,1,0,15.0,5.0,15.0,20.0,1,22,-0.14942169189453125,0.2923878560012037,,crash_vehicle
6032,crossover,0,crossover,,select_lane|ego_on_intersection|intersection_has_cars|intersection_cars|distance_to_nearest|brake_dist,5,0,0,3,1,0,20.0,5.0,5.0,20.0,0,46,10.796736717224121,2.6037036621052287,,crash_vehicle
6033,fresh,0,fresh,,,0,0,0,18,1,1,5.0,5.0,5.0,55.0,0,230,10.598008155822754,1.05950166395177,,crash_vehicle
6034,replay,0,replay,,,0,0,0,18,1,1,5.0,5.0,5.0,55.0,0,280,334.41357421875,8.53165992998651,,out_of_road
6035,fresh,0,fresh,,,0,0,0,4,0,1,5.0,40.0,15.0,20.0,2,83,39.383644104003906,0.4920946567891592,,crash_vehicle
6036,replay,0,replay,,,0,0,0,4,0,1,5.0,40.0,15.0,20.0,2,211,206.8590850830078,7.754526402148025,,out_of_road
6037,fresh,0,fresh,,,0,1,1,5,0,0,15.0,40.0,15.0,10.0,2,70,4.686049461364746,0.22433129123279028,,out_of_road
6038,crossover,0,crossover,,has_cluster|maximum_distractor_speed|cluster_dist,2,0,0,8,0,0,20.0,20.0,5.0,35.0,1,146,118.09811401367188,5.461077989372488,,crash_vehicle
6039,fresh,0,fresh,,,0,1,0,3,0,0,15.0,40.0,5.0,20.0,3,200,178.443603515625,7.461619195118547,,out_of_road
6040,crossover,0,crossover,,has_brake_checker|has_cluster|cluster_dist,1,0,0,8,0,0,20.0,20.0,5.0,20.0,0,210,212.80160522460938,8.524110446657453,,crash_vehicle
6041,fresh,0,fresh,,,0,0,0,5,1,1,10.0,40.0,5.0,55.0,2,67,34.87032699584961,0.6422665154756005,,crash_vehicle
6042,mutation,0,mutation,intersection_cars,,0,0,0,0,0,0,10.0,20.0,5.0,10.0,0,261,304.423583984375,7.075343057684515,,out_of_road
6043,fresh,0,fresh,,,0,1,0,18,0,1,5.0,5.0,10.0,55.0,0,44,0.6885948181152344,1.0423533157868818,,crash_vehicle
6044,replay,0,replay,,,0,1,0,18,0,1,5.0,5.0,10.0,55.0,0,223,208.9333038330078,6.72791297352902,,out_of_road
6045,fresh,0,fresh,,,0,0,0,3,0,0,5.0,5.0,5.0,20.0,0,42,-0.8242964744567871,1.3564506031218029,,crash_vehicle
6046,replay,0,replay,,,0,0,0,3,0,0,5.0,5.0,5.0,20.0,0,156,82.56855010986328,6.289601347385308,,crash_vehicle
6047,fresh,0,fresh,,,0,1,1,3,1,1,5.0,10.0,5.0,20.0,3,94,42.18703079223633,1.5091755396508155,,crash_vehicle
6048,crossover,0,crossover,,distractor_cars|has_cluster|distance_to_nearest|cluster_dist|brake_dist,4,0,0,8,0,0,10.0,20.0,15.0,20.0,0,83,34.26382827758789,2.238543775426336,,out_of_road
6049,fresh,0,fresh,,,0,1,0,8,1,0,20.0,5.0,10.0,55.0,1,120,38.89994430541992,4.785628074407578,,out_of_road
6050,replay,0,replay,,,0,1,0,8,1,0,20.0,5.0,10.0,55.0,1,282,298.4961242675781,5.549547461753196,,out_of_road
6051,fresh,0,fresh,,,0,0,0,3,0,1,20.0,20.0,5.0,55.0,3,130,70.6897201538086,2.2329000344643224,,out_of_road
6052,crossover,0,crossover,,has_brake_checker|maximum_distractor_speed|distance_to_nearest|cluster_dist|brake_dist,2,0,0,8,0,0,20.0,20.0,5.0,55.0,3,73,33.508968353271484,0.32094623760817803,,crash_vehicle
6053,fresh,0,fresh,,,0,1,0,2,0,1,20.0,20.0,15.0,55.0,2,60,6.684206962585449,0.5664345423380533,,out_of_road
6054,replay,0,replay,,,0,1,0,2,0,1,20.0,20.0,15.0,55.0,2,271,341.8226013183594,9.95888283381383,,out_of_road
6055,fresh,0,fresh,,,0,0,0,1,0,1,15.0,20.0,15.0,20.0,1,104,67.37004089355469,1.8352300570561335,,out_of_road
6056,mutation,0,mutation,has_brake_checker,,1,1,1,12,0,0,10.0,40.0,5.0,55.0,3,76,43.36831283569336,0.8928579321425212,,crash_vehicle
6057,fresh,0,fresh,,,0,1,1,8,1,1,5.0,40.0,5.0,55.0,2,61,28.74203109741211,0.579993263619845,,crash_vehicle
6058,replay,0,replay,,,0,1,1,8,1,1,5.0,40.0,5.0,55.0,2,269,298.34466552734375,6.505223047334465,,out_of_road
6059,fresh,0,fresh,,,0,1,1,5,1,0,15.0,5.0,10.0,35.0,3,32,1.8372507095336914,0.10620450973510742,,crash_vehicle
6060,crossover,0,crossover,,select_lane|ego_on_intersection|intersection_has_cars|cluster_dist,1,0,0,8,0,0,20.0,20.0,15.0,20.0,0,222,240.9756622314453,9.221652690891746,,crash_vehicle
6061,fresh,0,fresh,,,0,1,0,1,0,0,15.0,10.0,5.0,20.0,0,157,85.89977264404297,6.987176746319813,,out_of_road
6062,replay,0,replay,,,0,1,0,1,0,0,15.0,10.0,5.0,20.0,0,213,217.3571014404297,9.278123449691584,,out_of_road
6063,fresh,0,fresh,,,0,1,1,12,0,1,20.0,20.0,15.0,35.0,1,120,84.47364044189453,3.789664816111326,,crash_vehicle
6064,crossover,0,crossover,,intersection_cars|maximum_distractor_speed|distance_to_nearest,1,0,0,0,0,0,10.0,5.0,5.0,55.0,0,285,330.3031921386719,8.131671399296376,,out_of_road
6065,fresh,0,fresh,,,0,1,0,12,0,0,15.0,10.0,15.0,20.0,1,41,10.20322322845459,0.27485319463218133,,crash_vehicle
6066,replay,0,replay,,,0,1,0,12,0,0,15.0,10.0,15.0,20.0,1,306,296.70391845703125,4.112302834496779,,out_of_road
6067,fresh,0,fresh,,,0,0,0,3,1,0,5.0,10.0,10.0,20.0,3,100,46.63814163208008,1.9458096653223038,,crash_vehicle
6068,crossover,0,crossover,,maximum_distractor_speed|distance_to_nearest|brake_dist,2,0,0,5,0,0,10.0,5.0,10.0,20.0,2,34,2.681565284729004,0.17699555088492,,crash_vehicle
6069,fresh,0,fresh,,,0,1,1,12,0,0,5.0,5.0,15.0,55.0,2,74,1.7213335037231445,0.6931535939912539,,crash_vehicle
6070,replay,0,replay,,,0,1,1,12,0,0,5.0,5.0,15.0,55.0,2,219,223.1099090576172,8.092196446031195,,out_of_road
6071,fresh,0,fresh,,,0,1,1,4,0,0,5.0,5.0,5.0,20.0,1,179,100.17280578613281,5.698161440188659,,out_of_road
6072,mutation,0,mutation,distance_to_nearest,,1,0,0,8,0,0,15.0,40.0,15.0,20.0,0,73,39.48130416870117,0.5363138338474378,,crash_vehicle
6073,fresh,0,fresh,,,0,1,0,8,1,0,5.0,40.0,5.0,55.0,0,89,57.0938606262207,1.6084450932031267,,crash_vehicle
6074,replay,0,replay,,,0,1,0,8,1,0,5.0,40.0,5.0,55.0,0,210,206.73846435546875,8.310572728727545,,out_of_road
6075,fresh,0,fresh,,,0,1,1,8,1,1,20.0,5.0,5.0,35.0,0,144,57.658966064453125,3.2006754995220237,,crash_vehicle
6076,mutation,0,mutation,distractor_cars,,1,0,0,18,0,0,10.0,5.0,5.0,20.0,0,24,-0.9736204147338867,2.3087543646494546,,crash_vehicle
6077,fresh,0,fresh,,,0,1,0,18,0,1,10.0,10.0,10.0,20.0,1,30,4.546757698059082,0.012555861473083496,,crash_vehicle
6078,crossover,0,crossover,,select_lane|ego_on_intersection|intersection_has_cars|has_cluster|maximum_distractor_speed|distance_to_nearest|cluster_dist,0,0,0,5,0,0,20.0,20.0,10.0,20.0,0,78,49.6221923828125,0.6952026047003574,,crash_vehicle
6079,fresh,0,fresh,,,0,1,1,18,1,0,10.0,5.0,10.0,55.0,0,104,44.73881149291992,5.223269494680258,,crash_vehicle
6080,mutation,0,mutation,distractor_cars,,1,0,0,2,0,0,20.0,20.0,10.0,20.0,0,206,163.64694213867188,5.99709930784494,,out_of_road
6081,fresh,0,fresh,,,0,1,1,5,1,0,5.0,10.0,10.0,55.0,1,41,10.268738746643066,0.4946843981742859,,crash_vehicle
6082,replay,0,replay,,,0,1,1,5,1,0,5.0,10.0,10.0,55.0,1,281,299.4890441894531,6.379616131986163,,out_of_road
6083,fresh,0,fresh,,,0,0,0,4,1,0,15.0,20.0,15.0,55.0,0,96,51.975791931152344,1.7494383851687114,,crash_vehicle
6084,crossover,0,crossover,,select_lane|ego_on_intersection|intersection_has_cars|distractor_cars|has_cluster|distance_to_nearest|brake_dist,4,0,0,0,0,0,20.0,5.0,10.0,20.0,0,278,268.6544189453125,5.05518775476183,,out_of_road
6085,fresh,0,fresh,,,0,0,0,1,0,0,15.0,40.0,5.0,55.0,1,76,34.88471603393555,0.7121997632478413,,out_of_road
6086,crossover,0,crossover,,distractor_cars|intersection_cars|distance_to_nearest,1,0,0,18,0,0,15.0,20.0,15.0,20.0,0,75,39.03904342651367,0.5794513988494873,,crash_vehicle
6087,fresh,0,fresh,,,0,1,0,0,0,0,5.0,10.0,10.0,20.0,0,207,227.30014038085938,5.728267434138607,,out_of_road
6088,mutation,0,mutation,select_road|select_lane|ego_on_intersection|intersection_has_cars,,1,0,0,8,0,0,15.0,5.0,5.0,20.0,0,24,-0.4355463981628418,0.0,,crash_vehicle
6089,fresh,0,fresh,,,0,0,0,2,1,1,15.0,20.0,10.0,35.0,0,26,-5.733424186706543,0.10045939225416917,,out_of_road
6090,mutation,0,mutation,has_brake_checker,,1,0,0,0,1,0,10.0,5.0,15.0,10.0,0,43,12.557106018066406,0.9403608254221982,,crash_vehicle
6091,fresh,0,fresh,,,0,1,1,8,1,1,20.0,10.0,15.0,20.0,2,225,216.60569763183594,6.80555326157146,,out_of_road
6092,crossover,0,crossover,,select_lane|ego_on_intersection|intersection_has_cars|intersection_cars,1,0,0,5,0,0,20.0,20.0,5.0,35.0,2,209,223.1354522705078,9.444720800484767,,out_of_road
6093,fresh,0,fresh,,,0,1,1,5,1,1,15.0,10.0,10.0,55.0,0,46,13.293920516967773,0.4699573199386182,,crash_vehicle
6094,crossover,0,crossover,,distractor_cars|has_cluster|maximum_distractor_speed|brake_dist,1,0,0,5,0,0,20.0,20.0,10.0,35.0,2,209,187.82965087890625,5.852465948704897,,crash_vehicle
6095,fresh,0,fresh,,,0,1,0,18,0,0,5.0,5.0,5.0,20.0,1,31,4.189653396606445,1.2936352760561052,,crash_vehicle
6096,crossover,0,crossover,,distractor_cars|has_brake_checker|intersection_cars|has_cluster|maximum_distractor_speed|distance_to_nearest,3,0,0,0,0,0,10.0,20.0,5.0,35.0,0,203,223.21749877929688,4.258725029641185,,out_of_road
6097,fresh,0,fresh,,,0,0,0,12,0,1,10.0,10.0,10.0,10.0,2,33,2.8530468940734863,0.2636644451907187,,crash_vehicle
6098,crossover,0,crossover,,select_lane|ego_on_intersection|intersection_has_cars|maximum_distractor_speed|distance_to_nearest|brake_dist,1,0,0,18,0,0,20.0,20.0,10.0,20.0,2,219,210.49981689453125,7.566646956689826,,out_of_road
6099,fresh,0,fresh,,,0,1,1,3,1,1,5.0,40.0,5.0,55.0,2,211,216.02224731445312,4.459291604528495,,out_of_road
6100,crossover,0,crossover,,select_lane|ego_on_intersection|intersection_has_cars|has_brake_checker|intersection_cars,1,0,0,4,0,0,20.0,20.0,5.0,10.0,0,78,37.5194206237793,1.322622959430401,,out_of_road
6101,fresh,0,fresh,,,0,1,1,8,1,1,5.0,20.0,5.0,55.0,0,48,14.732666015625,0.3254263599713643,,crash_vehicle
6102,replay,0,replay,,,0,1,1,8,1,1,5.0,20.0,5.0,55.0,0,202,203.86236572265625,4.869974333165896,,out_of_road
6103,fresh,0,fresh,,,0,0,0,2,0,0,10.0,5.0,5.0,20.0,1,23,-0.10494565963745117,0.37088192610637,,crash_vehicle
6104,mutation,0,mutation,maximum_distractor_speed,,1,1,1,3,1,0,10.0,10.0,5.0,20.0,2,33,6.17426872253418,0.2653096408555002,,crash_vehicle
6105,fresh,0,fresh,,,0,1,0,1,1,0,20.0,5.0,15.0,35.0,1,102,64.92304229736328,1.7654615396670266,,crash_vehicle
6106,replay,0,replay,,,0,1,0,1,1,0,20.0,5.0,15.0,35.0,1,280,298.0050354003906,6.0101246234029535,,out_of_road
6107,fresh,0,fresh,,,0,0,0,8,0,1,15.0,40.0,10.0,35.0,3,194,173.75950622558594,6.572734549795229,,out_of_road
6108,replay,0,replay,,,0,0,0,8,0,1,15.0,40.0,10.0,35.0,3,110,78.12039947509766,1.8970388409766283,,out_of_road
6109,fresh,0,fresh,,,0,0,0,4,0,0,5.0,40.0,5.0,10.0,0,207,231.15269470214844,4.930193549768936,,arrive_dest
6110,replay,0,replay,,,0,0,0,4,0,0,5.0,40.0,5.0,10.0,0,229,215.17462158203125,7.189809245834184,,out_of_road
6111,fresh,0,fresh,,,0,1,0,4,0,1,15.0,40.0,15.0,20.0,1,110,49.84141540527344,1.9964144587516786,,crash_vehicle
6112,replay,0,replay,,,0,1,0,4,0,1,15.0,40.0,15.0,20.0,1,296,326.4633483886719,7.106293979830839,,out_of_road
6113,fresh,0,fresh,,,0,0,0,3,0,1,15.0,5.0,15.0,10.0,0,27,1.5536231994628906,0.24126782571827923,,crash_vehicle
6114,crossover,0,crossover,,select_lane|ego_on_intersection|intersection_has_cars|has_brake_checker|distance_to_nearest|cluster_dist|brake_dist,2,0,0,5,0,0,20.0,20.0,5.0,35.0,1,48,15.073328018188477,0.15768043200174967,,crash_vehicle
6115,fresh,0,fresh,,,0,1,0,12,1,1,10.0,5.0,15.0,20.0,2,71,0.0550074577331543,1.1986821302225892,,out_of_road
6116,replay,0,replay,,,0,1,0,12,1,1,10.0,5.0,15.0,20.0,2,216,207.2227325439453,8.005070264416712,,out_of_road
6117,fresh,0,fresh,,,0,0,0,8,0,0,5.0,40.0,10.0,10.0,2,91,55.451419830322266,0.8932347389367911,,crash_vehicle
6118,crossover,0,crossover,,distractor_cars|has_brake_checker|has_cluster|maximum_distractor_speed,4,1,0,0,0,0,10.0,10.0,5.0,20.0,0,113,55.488487243652344,0.46143455513283216,,out_of_road
6119,fresh,0,fresh,,,0,1,0,5,0,0,20.0,40.0,15.0,20.0,3,69,32.10865020751953,0.8663111337717029,,out_of_road
6120,replay,0,replay,,,0,1,0,5,0,0,20.0,40.0,15.0,20.0,3,200,220.4351806640625,7.847095511555672,,arrive_dest
6121,fresh,0,fresh,,,0,1,0,8,1,0,10.0,10.0,10.0,20.0,1,35,6.6750288009643555,0.6590023926326207,,crash_vehicle
6122,mutation,0,mutation,intersection_cars,,0,0,0,0,0,0,20.0,20.0,5.0,10.0,0,291,288.5550537109375,5.3718079004910395,,out_of_road
6123,fresh,0,fresh,,,0,0,0,18,0,1,10.0,20.0,10.0,20.0,1,53,16.060260772705078,0.3729554617180015,,crash_vehicle
6124,replay,0,replay,,,0,0,0,18,0,1,10.0,20.0,10.0,20.0,1,255,284.0975646972656,4.792178128279891,,arrive_dest
6125,fresh,0,fresh,,,0,1,0,18,0,0,20.0,20.0,5.0,20.0,1,104,60.67085266113281,2.120399059011386,,crash_vehicle
6126,mutation,0,mutation,cluster_dist,,1,0,0,4,0,0,20.0,20.0,10.0,20.0,3,227,203.7250518798828,5.526275882505636,,crash_vehicle
6127,fresh,0,fresh,,,0,1,0,3,1,1,5.0,10.0,5.0,20.0,2,33,4.805597305297852,0.02383435494971998,,crash_vehicle
6128,replay,0,replay,,,0,1,0,3,1,1,5.0,10.0,5.0,20.0,2,217,207.8619842529297,8.08660468225655,,out_of_road
6129,fresh,0,fresh,,,0,1,0,18,0,1,10.0,40.0,5.0,10.0,2,69,31.665443420410156,0.8044108396423035,,crash_vehicle
6130,replay,0,replay,,,0,1,0,18,0,1,10.0,40.0,5.0,10.0,2,160,114.21234893798828,5.93097974061966,,out_of_road
6131,fresh,0,fresh,,,0,0,0,18,1,0,20.0,20.0,10.0,35.0,3,84,41.19471740722656,0.8043739650221098,,crash_vehicle
6132,crossover,0,crossover,,distractor_cars|intersection_cars,2,0,0,0,0,0,15.0,20.0,5.0,35.0,0,196,201.5956268310547,3.3420577701561305,,out_of_road
6133,fresh,0,fresh,,,0,0,0,4,1,1,10.0,20.0,10.0,35.0,0,52,20.2913818359375,0.49295231012197643,,crash_vehicle
6134,replay,0,replay,,,0,0,0,4,1,1,10.0,20.0,10.0,35.0,0,255,286.72900390625,5.970232786618027,,out_of_road
6135,fresh,0,fresh,,,0,0,0,5,1,0,10.0,40.0,15.0,55.0,0,53,2.282104969024658,0.3024193970662243,,out_of_road
6136,crossover,0,crossover,,intersection_cars|has_cluster|distance_to_nearest,0,0,0,5,0,0,20.0,20.0,10.0,20.0,0,207,204.57806396484375,6.983263043101859,,crash_vehicle
6137,fresh,0,fresh,,,0,0,0,8,1,1,15.0,40.0,15.0,55.0,1,45,3.9687366485595703,0.7522719648149279,,out_of_road
6138,replay,0,replay,,,0,0,0,8,1,1,15.0,40.0,15.0,55.0,1,204,180.460205078125,7.0118263826942915,,crash_vehicle
6139,fresh,0,fresh,,,0,0,0,5,0,0,20.0,10.0,10.0,10.0,0,122,67.95882415771484,5.92411131253008,,out_of_road
6140,replay,0,replay,,,0,0,0,5,0,0,20.0,10.0,10.0,10.0,0,223,219.4744415283203,8.71637074201631,,out_of_road
6141,fresh,0,fresh,,,0,1,0,12,0,0,10.0,40.0,15.0,20.0,2,209,217.06333923339844,5.1088326262515125,,out_of_road
6142,crossover,0,crossover,,has_brake_checker|has_cluster,0,1,1,4,0,0,20.0,20.0,10.0,20.0,0,85,37.970359802246094,1.088164563740001,,out_of_road
6143,fresh,0,fresh,,,0,0,0,2,1,1,10.0,5.0,15.0,35.0,2,64,26.39088249206543,0.36931112920865417,,out_of_road
6144,mutation,0,mutation,intersection_cars,,1,0,0,4,0,0,20.0,20.0,5.0,35.0,1,85,51.26594924926758,1.0307747279896455,,crash_vehicle
6145,fresh,0,fresh,,,0,0,0,2,0,1,20.0,5.0,10.0,55.0,0,34,5.331632614135742,0.026611791814074796,,crash_vehicle
6146,replay,0,replay,,,0,0,0,2,0,1,20.0,5.0,10.0,55.0,0,188,163.2141571044922,5.3677266610271115,,crash_vehicle
6147,fresh,0,fresh,,,0,1,1,12,1,0,15.0,40.0,15.0,55.0,3,168,134.88168334960938,3.802236580777736,,arrive_dest
6148,replay,0,replay,,,0,1,1,12,1,0,15.0,40.0,15.0,55.0,3,214,199.19345092773438,7.217971747166643,,crash_vehicle
6149,fresh,0,fresh,,,0,0,0,12,1,0,15.0,40.0,5.0,55.0,2,99,38.76408386230469,1.0050169644933757,,crash_vehicle
6150,replay,0,replay,,,0,0,0,12,1,0,15.0,40.0,5.0,55.0,2,278,294.8292236328125,5.673105985087028,,out_of_road
6151,fresh,0,fresh,,,0,1,1,12,0,0,5.0,10.0,5.0,35.0,0,45,10.470848083496094,2.4560966968536375,,crash_vehicle
6152,replay,0,replay,,,0,1,1,12,0,0,5.0,10.0,5.0,35.0,0,121,46.290870666503906,3.579109718730627,,out_of_road
6153,fresh,0,fresh,,,0,0,0,12,1,1,20.0,10.0,5.0,35.0,3,34,4.211182594299316,0.28131243761848,,crash_vehicle
6154,mutation,0,mutation,has_brake_checker,,0,0,0,5,0,0,20.0,20.0,10.0,20.0,2,123,76.73845672607422,2.8304542506613384,,out_of_road
6155,fresh,0,fresh,,,0,0,0,18,0,1,20.0,10.0,5.0,55.0,0,201,167.1775360107422,7.902439360706071,,arrive_dest
6156,replay,0,replay,,,0,0,0,18,0,1,20.0,10.0,5.0,55.0,0,160,109.84212493896484,5.045740317553282,,out_of_road
6157,fresh,0,fresh,,,0,1,1,5,0,0,10.0,40.0,5.0,20.0,0,96,55.14914321899414,0.9302256740629673,,out_of_road
6158,crossover,0,crossover,,has_brake_checker|distance_to_nearest|cluster_dist|brake_dist,2,0,0,5,0,0,20.0,20.0,5.0,35.0,0,220,212.57615661621094,5.903024836832826,,crash_vehicle
6159,fresh,0,fresh,,,0,0,0,4,1,0,20.0,5.0,10.0,55.0,0,50,13.921707153320312,2.133946739435196,,crash_vehicle
6160,crossover,0,crossover,,select_lane|ego_on_intersection|intersection_has_cars|distractor_cars|has_brake_checker|intersection_cars|has_cluster|brake_dist,4,0,0,5,0,0,10.0,5.0,5.0,35.0,3,168,115.56590270996094,5.64738820706095,,crash_vehicle
6161,fresh,0,fresh,,,0,1,1,18,1,1,20.0,40.0,5.0,55.0,0,73,31.183216094970703,0.6792389562685196,,crash_vehicle
6162,mutation,0,mutation,select_road|select_lane|ego_on_intersection|intersection_has_cars,,2,1,0,18,0,1,20.0,10.0,5.0,55.0,0,34,4.847506523132324,0.01034932627397425,,crash_vehicle
6163,fresh,0,fresh,,,0,0,0,1,0,1,10.0,40.0,10.0,20.0,1,228,219.47726440429688,4.291012887630546,,out_of_road
6164,crossover,0,crossover,,select_lane|ego_on_intersection|intersection_has_cars|distractor_cars|cluster_dist|brake_dist,1,0,0,5,0,0,20.0,10.0,10.0,20.0,3,42,8.161849975585938,0.23130351588839576,,crash_vehicle
6165,fresh,0,fresh,,,0,0,0,8,1,0,5.0,5.0,5.0,20.0,1,24,-1.0170493125915527,0.0,,crash_vehicle
6166,mutation,0,mutation,intersection_cars,,1,0,0,2,0,0,15.0,20.0,5.0,35.0,0,184,152.21917724609375,5.355100250762442,,crash_vehicle
6167,fresh,0,fresh,,,0,1,1,1,1,0,10.0,40.0,10.0,55.0,1,213,222.37124633789062,4.030383312366378,,out_of_road
6168,crossover,0,crossover,,has_brake_checker|intersection_cars|has_cluster|maximum_distractor_speed|cluster_dist,2,0,0,3,0,0,20.0,20.0,10.0,35.0,2,200,151.74050903320312,5.1264646361768245,,out_of_road
6169,fresh,0,fresh,,,0,0,0,0,1,0,15.0,40.0,15.0,20.0,0,145,69.42970275878906,2.256366066480505,,crash_vehicle
6170,mutation,0,mutation,cluster_dist,,1,0,0,18,0,1,20.0,10.0,15.0,55.0,0,51,14.588520050048828,1.3463136296646268,,crash_vehicle
6171,fresh,0,fresh,,,0,1,1,8,0,0,20.0,40.0,5.0,55.0,3,114,53.42500305175781,3.9907027302603972,,out_of_road
6172,replay,0,replay,,,0,1,1,8,0,0,20.0,40.0,5.0,55.0,3,223,209.1806640625,8.096229451921488,,out_of_road
6173,fresh,0,fresh,,,0,1,0,3,0,1,15.0,5.0,10.0,10.0,0,228,155.77980041503906,5.82256336954602,,out_of_road
6174,mutation,0,mutation,has_brake_checker,,1,0,0,0,1,0,10.0,5.0,5.0,20.0,0,100,43.834407806396484,1.9583545142412186,,crash_vehicle
6175,fresh,0,fresh,,,0,1,0,3,1,0,5.0,40.0,15.0,55.0,3,128,94.33604431152344,1.8928918682504445,,crash_vehicle
6176,crossover,0,crossover,,select_lane|ego_on_intersection|intersection_has_cars|distractor_cars|has_brake_checker|cluster_dist|brake_dist,4,0,0,5,0,0,20.0,20.0,10.0,35.0,0,67,21.874448776245117,1.7406649500576419,,crash_vehicle
6177,fresh,0,fresh,,,0,1,0,0,1,0,10.0,5.0,5.0,20.0,0,84,41.1143913269043,0.6264658917983373,,crash_vehicle
6178,replay,0,replay,,,0,1,0,0,1,0,10.0,5.0,5.0,20.0,0,233,213.0875701904297,5.833579918217762,,out_of_road
6179,fresh,0,fresh,,,0,1,0,5,1,0,10.0,40.0,15.0,55.0,3,127,72.01121520996094,1.6947971502626975,,crash_vehicle
6180,crossover,0,crossover,,select_lane|ego_on_intersection|intersection_has_cars|intersection_cars|maximum_distractor_speed|distance_to_nearest|cluster_dist|brake_dist,4,0,0,0,0,0,15.0,20.0,5.0,35.0,0,198,212.47901916503906,3.6214069317687643,,out_of_road
6181,fresh,0,fresh,,,0,0,0,1,0,1,10.0,10.0,5.0,55.0,1,288,298.7291564941406,5.132411804153687,,out_of_road
6182,mutation,0,mutation,cluster_dist,,1,0,0,8,0,0,20.0,20.0,10.0,20.0,0,220,213.2322998046875,7.636727431145581,,out_of_road
6183,fresh,0,fresh,,,0,1,1,2,1,0,20.0,5.0,5.0,20.0,0,48,16.39774513244629,4.420810600121816,,crash_vehicle
6184,crossover,0,crossover,,distractor_cars|has_brake_checker|has_cluster|maximum_distractor_speed|distance_to_nearest|brake_dist,2,0,0,4,0,0,20.0,20.0,10.0,20.0,0,165,117.74945068359375,3.5605907746562453,,out_of_road
6185,fresh,0,fresh,,,0,1,1,8,0,0,10.0,5.0,15.0,10.0,3,68,2.4097585678100586,1.3579244990559185,,out_of_road
6186,crossover,0,crossover,,maximum_distractor_speed|distance_to_nearest|cluster_dist,3,0,0,0,0,0,20.0,10.0,5.0,20.0,0,273,283.9051513671875,5.287148687701959,,out_of_road
6187,fresh,0,fresh,,,0,0,0,2,1,0,15.0,20.0,10.0,35.0,2,94,45.85163497924805,2.4042835222913865,,crash_vehicle
6188,replay,0,replay,,,0,0,0,2,1,0,15.0,20.0,10.0,35.0,2,200,209.2364959716797,8.561821033358575,,out_of_road
6189,fresh,0,fresh,,,0,1,0,1,0,0,5.0,20.0,15.0,10.0,1,85,39.5800895690918,0.4694923527100507,,out_of_road
6190,replay,0,replay,,,0,1,0,1,0,0,5.0,20.0,15.0,10.0,1,269,284.636474609375,5.381194047934504,,out_of_road
6191,fresh,0,fresh,,,0,0,0,12,0,1,20.0,20.0,5.0,55.0,3,48,15.512201309204102,0.5192886193593343,,crash_vehicle
6192,mutation,0,mutation,has_cluster,,0,0,0,8,0,0,20.0,20.0,10.0,20.0,0,100,49.49357986450195,0.8265141710639,,crash_vehicle
6193,fresh,0,fresh,,,0,0,0,2,0,0,15.0,10.0,15.0,55.0,1,64,9.572733879089355,0.223411797080189,,crash_vehicle
6194,crossover,0,crossover,,intersection_cars|has_cluster|cluster_dist,3,1,1,8,1,0,20.0,10.0,10.0,20.0,0,39,8.044126510620117,0.9262493741817963,,crash_vehicle
6195,fresh,0,fresh,,,0,1,0,8,1,1,15.0,10.0,5.0,55.0,0,45,8.473526954650879,0.8856837107075586,,crash_vehicle
6196,crossover,0,crossover,,select_lane|ego_on_intersection|intersection_has_cars|has_brake_checker|intersection_cars|has_cluster|brake_dist,2,1,0,0,0,0,20.0,20.0,5.0,10.0,0,225,204.5435333251953,5.415077341397604,,out_of_road
6197,fresh,0,fresh,,,0,1,1,5,0,1,20.0,40.0,15.0,10.0,0,74,32.28666687011719,1.182048775054313,,out_of_road
6198,mutation,0,mutation,has_brake_checker,,1,0,0,18,1,0,20.0,20.0,5.0,55.0,0,55,20.572723388671875,0.41611804528669877,,crash_vehicle
6199,fresh,0,fresh,,,0,1,0,12,1,0,10.0,40.0,15.0,55.0,1,109,72.1732406616211,1.3448194797159334,,crash_vehicle
6200,replay,0,replay,,,0,1,0,12,1,0,10.0,40.0,15.0,55.0,1,144,111.54608917236328,4.899643023808797,,out_of_road
6201,fresh,0,fresh,,,0,0,0,4,1,0,10.0,5.0,5.0,35.0,0,27,1.9737787246704102,0.47123557660314774,,crash_vehicle
6202,replay,0,replay,,,0,0,0,4,1,0,10.0,5.0,5.0,35.0,0,183,169.34507751464844,6.825178637530635,,crash_vehicle
6203,fresh,0,fresh,,,0,1,1,4,0,1,10.0,20.0,5.0,35.0,1,180,156.49237060546875,4.114223896298143,,out_of_road
6204,crossover,0,crossover,,select_lane|ego_on_intersection|intersection_has_cars|has_brake_checker|intersection_cars|has_cluster|maximum_distractor_speed|distance_to_nearest,3,0,0,0,0,0,20.0,20.0,15.0,20.0,0,192,199.96693420410156,2.629645305685699,,out_of_road
6205,fresh,0,fresh,,,0,0,0,5,0,1,5.0,5.0,15.0,20.0,1,40,-0.6411533355712891,2.55093492269516,,crash_vehicle
6206,replay,0,replay,,,0,0,0,5,0,1,5.0,5.0,15.0,20.0,1,270,285.2765808105469,5.549742258257336,,out_of_road
6207,fresh,0,fresh,,,0,0,0,5,0,1,10.0,5.0,15.0,10.0,0,34,5.315605163574219,1.342681859345997,,crash_vehicle
6208,crossover,0,crossover,,select_lane|ego_on_intersection|intersection_has_cars|has_brake_checker|intersection_cars|maximum_distractor_speed|distance_to_nearest|cluster_dist,5,0,0,2,0,0,20.0,20.0,10.0,10.0,2,205,213.51126098632812,5.051994262163232,,out_of_road
6209,fresh,0,fresh,,,0,1,1,1,1,0,10.0,20.0,5.0,55.0,1,52,1.8759984970092773,0.3851295251112718,,out_of_road
6210,replay,0,replay,,,0,1,1,1,1,0,10.0,20.0,5.0,55.0,1,228,207.05465698242188,6.227855460260782,,out_of_road
6211,fresh,0,fresh,,,0,1,1,1,1,1,5.0,5.0,5.0,35.0,0,31,2.239643096923828,0.1979584232453377,,crash_vehicle
6212,mutation,0,mutation,brake_dist,,1,0,0,18,0,0,20.0,20.0,10.0,10.0,2,210,206.57034301757812,6.932973645982289,,crash_vehicle
6213,fresh,0,fresh,,,0,1,0,18,0,1,5.0,10.0,5.0,35.0,3,34,4.813511848449707,0.2576734712895225,,crash_vehicle
6214,crossover,0,crossover,,has_brake_checker|intersection_cars|maximum_distractor_speed|cluster_dist,2,0,0,5,0,0,15.0,10.0,10.0,35.0,1,51,12.802534103393555,0.2825137233617259,,crash_vehicle
6215,fresh,0,fresh,,,0,0,0,12,1,1,15.0,20.0,15.0,35.0,2,75,36.80054473876953,1.6507118145624797,,crash_vehicle
6216,replay,0,replay,,,0,0,0,12,1,1,15.0,20.0,15.0,35.0,2,301,324.9132995605469,6.347010408228022,,out_of_road
6217,fresh,0,fresh,,,0,1,1,12,1,0,5.0,20.0,10.0,55.0,0,64,22.82666778564453,0.6934425579383969,,crash_vehicle
6218,crossover,0,crossover,,distractor_cars|intersection_cars|has_cluster|maximum_distractor_speed,2,0,0,3,0,0,15.0,40.0,10.0,35.0,3,179,207.01718139648438,4.420155066018664,,out_of_road
6219,fresh,0,fresh,,,0,0,0,5,1,0,10.0,5.0,5.0,20.0,1,2,10.0,2.1622962951660156,,arrive_dest
6220,mutation,0,mutation,distance_to_nearest,,1,0,0,4,0,0,20.0,40.0,5.0,55.0,0,191,211.13015747070312,5.756694513777788,,out_of_road
6221,fresh,0,fresh,,,0,1,1,2,0,1,15.0,5.0,15.0,35.0,1,22,0.1537952423095703,0.03609750081192364,,crash_vehicle
6222,crossover,0,crossover,,select_lane|ego_on_intersection|intersection_has_cars|distractor_cars|has_brake_checker|intersection_cars|has_cluster|maximum_distractor_speed|distance_to_nearest|cluster_dist|brake_dist,6,0,0,0,0,0,10.0,5.0,5.0,20.0,0,237,280.8548889160156,7.108942550445911,,out_of_road
6223,fresh,0,fresh,,,0,1,1,2,0,0,15.0,20.0,15.0,10.0,0,95,41.62450408935547,2.8977886210930976,,out_of_road
6224,crossover,0,crossover,,has_brake_checker|has_cluster|maximum_distractor_speed,2,0,0,4,0,1,15.0,20.0,5.0,20.0,3,86,42.85736846923828,0.31371619950893315,,crash_vehicle
6225,fresh,0,fresh,,,0,1,1,4,0,0,20.0,40.0,10.0,20.0,3,154,117.9941635131836,4.112973749637604,,out_of_road
6226,replay,0,replay,,,0,1,1,4,0,0,20.0,40.0,10.0,20.0,3,265,291.8974304199219,6.123255575968409,,out_of_road
6227,fresh,0,fresh,,,0,1,1,2,0,1,10.0,40.0,15.0,10.0,0,99,65.44401550292969,1.4405390806872436,,crash_vehicle
6228,replay,0,replay,,,0,1,1,2,0,1,10.0,40.0,15.0,10.0,0,212,210.84266662597656,7.885694856491853,,out_of_road
6229,fresh,0,fresh,,,0,1,0,1,0,1,20.0,5.0,15.0,55.0,1,123,63.89545440673828,1.0701228457737744,,out_of_road
6230,replay,0,replay,,,0,1,0,1,0,1,20.0,5.0,15.0,55.0,1,220,217.02490234375,7.117450910942121,,out_of_road
6231,fresh,0,fresh,,,0,1,0,18,1,0,10.0,40.0,15.0,55.0,2,126,71.26615142822266,1.848988611073721,,out_of_road
6232,mutation,0,mutation,distance_to_nearest,,1,0,0,8,0,0,20.0,10.0,15.0,35.0,3,163,105.76995849609375,6.779252413591724,,crash_vehicle
6233,fresh,0,fresh,,,0,0,0,18,0,1,20.0,40.0,15.0,55.0,3,54,3.817594528198242,0.08382493478280527,,out_of_road
6234,crossover,0,crossover,,distractor_cars|intersection_cars|has_cluster|maximum_distractor_speed|cluster_dist,4,0,0,5,0,0,20.0,5.0,15.0,20.0,2,168,112.13602447509766,5.231310861451285,,out_of_road
6235,fresh,0,fresh,,,0,0,0,1,0,0,5.0,10.0,5.0,35.0,1,144,84.62925720214844,3.344107564124796,,out_of_road
6236,mutation,0,mutation,distance_to_nearest,,1,0,0,4,0,0,15.0,10.0,5.0,20.0,0,188,131.56715393066406,7.342519166621756,,crash_vehicle
6237,fresh,0,fresh,,,0,1,0,8,0,0,5.0,20.0,10.0,20.0,3,75,30.12578582763672,1.0545969605445862,,out_of_road
6238,crossover,0,crossover,,has_brake_checker|intersection_cars|distance_to_nearest|cluster_dist|brake_dist,3,1,0,3,0,0,15.0,20.0,15.0,35.0,3,85,37.371681213378906,0.41015412526972156,,out_of_road
6239,fresh,0,fresh,,,0,1,0,1,1,0,5.0,40.0,10.0,55.0,1,39,0.1026458740234375,0.0,,out_of_road
6240,replay,0,replay,,,0,1,0,1,1,0,5.0,40.0,10.0,55.0,1,210,188.4506378173828,8.296853697441874,,crash_vehicle
6241,fresh,0,fresh,,,0,1,0,1,1,0,20.0,40.0,10.0,55.0,1,66,32.00191879272461,0.6516545631668784,,out_of_road
6242,mutation,0,mutation,distractor_cars,,1,0,0,3,0,0,10.0,20.0,10.0,10.0,0,76,36.93056869506836,1.091736619409762,,crash_vehicle
6243,fresh,0,fresh,,,0,0,0,0,0,0,20.0,40.0,10.0,55.0,0,183,137.2495880126953,4.435789338877944,,arrive_dest
6244,replay,0,replay,,,0,0,0,0,0,0,20.0,40.0,10.0,55.0,0,224,218.70870971679688,7.434446245964084,,out_of_road
6245,fresh,0,fresh,,,0,0,0,4,1,1,5.0,5.0,10.0,55.0,1,23,-0.10303640365600586,0.10489158008409583,,crash_vehicle
6246,crossover,0,crossover,,intersection_cars|brake_dist,0,0,0,0,0,0,20.0,20.0,15.0,20.0,0,83,44.409881591796875,0.9300334927547409,,out_of_road
6247,fresh,0,fresh,,,0,0,0,4,0,1,20.0,5.0,5.0,10.0,1,22,-1.3181815147399902,0.0,,crash_vehicle
6248,mutation,0,mutation,brake_dist,,1,0,0,8,0,0,20.0,20.0,15.0,55.0,0,223,211.0567169189453,5.980559298810403,,out_of_road
6249,fresh,0,fresh,,,0,1,1,12,1,1,15.0,40.0,10.0,55.0,1,84,45.64686584472656,1.6178598070428485,,crash_vehicle
6250,crossover,0,crossover,,distractor_cars|has_brake_checker|intersection_cars|maximum_distractor_speed|distance_to_nearest|brake_dist,3,0,0,5,0,0,20.0,20.0,5.0,20.0,0,205,139.10679626464844,5.328802849606769,,crash_vehicle
6251,fresh,0,fresh,,,0,1,1,5,0,0,10.0,10.0,10.0,35.0,3,100,41.57707214355469,3.8123042204976083,,crash_vehicle
6252,mutation,0,mutation,has_brake_checker,,0,0,0,8,0,0,15.0,20.0,15.0,35.0,3,134,85.09444427490234,2.6330422656749612,,crash_vehicle
6253,fresh,0,fresh,,,0,1,0,5,0,1,15.0,10.0,10.0,20.0,3,49,10.8359956741333,0.5008611776390854,,crash_vehicle
6254,replay,0,replay,,,0,1,0,5,0,1,15.0,10.0,10.0,20.0,3,292,241.4834442138672,6.358982124200014,,out_of_road
6255,fresh,0,fresh,,,0,0,0,5,1,1,15.0,10.0,15.0,35.0,3,48,13.039892196655273,1.0692659821361303,,crash_vehicle
6256,mutation,0,mutation,has_brake_checker,,1,0,0,8,1,0,15.0,5.0,5.0,20.0,0,29,3.265650749206543,0.4321332363219097,,crash_vehicle
6257,fresh,0,fresh,,,0,0,0,0,0,0,15.0,20.0,15.0,35.0,0,103,59.54570770263672,1.1770055508150639,,out_of_road
6258,mutation,0,mutation,distance_to_nearest,,1,0,0,4,0,0,15.0,20.0,5.0,20.0,0,73,33.93624496459961,0.12590875078554023,,crash_vehicle
6259,fresh,0,fresh,,,0,1,1,1,1,0,20.0,40.0,10.0,55.0,1,83,45.81827926635742,0.8473115893731634,,out_of_road
6260,replay,0,replay,,,0,1,1,1,1,0,20.0,40.0,10.0,55.0,1,227,211.63519287109375,5.912635416908411,,arrive_dest
6261,fresh,0,fresh,,,0,1,1,18,0,1,15.0,10.0,10.0,35.0,2,233,212.5760955810547,5.167024349194228,,out_of_road
6262,mutation,0,mutation,maximum_distractor_speed,,1,0,0,4,0,0,15.0,20.0,10.0,20.0,0,81,33.64284133911133,0.36873913105623224,,crash_vehicle
6263,fresh,0,fresh,,,0,0,0,5,0,0,10.0,20.0,15.0,10.0,0,2,10.0,0.0,,arrive_dest
6264,mutation,0,mutation,intersection_cars,,0,0,0,0,0,0,20.0,20.0,5.0,20.0,0,210,225.81460571289062,4.4048762903327034,,out_of_road
6265,fresh,0,fresh,,,0,0,0,5,1,0,15.0,5.0,10.0,20.0,2,33,5.969937324523926,1.314329135147008,,crash_vehicle
6266,mutation,0,mutation,cluster_dist,,0,0,0,0,0,0,20.0,20.0,5.0,10.0,0,284,321.73223876953125,8.234639658369648,,out_of_road
6267,fresh,0,fresh,,,0,0,0,8,1,1,20.0,10.0,10.0,55.0,0,17,9.71168041229248,5.745605062035954,,arrive_dest
6268,mutation,0,mutation,intersection_cars,,0,0,0,0,0,0,20.0,10.0,5.0,10.0,0,49,20.315406799316406,0.7675682379274952,,arrive_dest
6269,fresh,0,fresh,,,0,1,0,1,1,0,5.0,5.0,15.0,55.0,0,64,20.761402130126953,4.39835473196581,,crash_vehicle
6270,crossover,0,crossover,,distractor_cars|has_brake_checker|has_cluster|maximum_distractor_speed|cluster_dist|brake_dist,2,0,0,5,0,0,20.0,20.0,10.0,20.0,3,50,14.270639419555664,0.19735240936279297,,crash_vehicle
6271,fresh,0,fresh,,,0,0,0,0,0,0,20.0,10.0,10.0,10.0,0,212,205.6110076904297,4.491124830156003,,out_of_road
6272,replay,0,replay,,,0,0,0,0,0,0,20.0,10.0,10.0,10.0,0,256,294.1838684082031,7.676113715860993,,out_of_road
6273,fresh,0,fresh,,,0,0,0,4,1,1,15.0,20.0,15.0,35.0,2,117,55.39299392700195,5.22511977619595,,out_of_road
6274,crossover,0,crossover,,distractor_cars|has_cluster|maximum_distractor_speed|brake_dist,3,0,0,0,0,0,10.0,20.0,5.0,10.0,0,114,81.69005584716797,1.4904156423974455,,out_of_road
6275,fresh,0,fresh,,,0,0,0,18,1,0,5.0,10.0,5.0,35.0,1,35,7.636503219604492,0.049173078792435786,,crash_vehicle
6276,replay,0,replay,,,0,0,0,18,1,0,5.0,10.0,5.0,35.0,1,230,201.79534912109375,7.012365150840386,,out_of_road
6277,fresh,0,fresh,,,0,1,0,0,1,0,20.0,10.0,5.0,35.0,0,109,56.00519561767578,2.8399049729929056,,crash_vehicle
6278,crossover,0,crossover,,select_lane|ego_on_intersection|intersection_has_cars|has_cluster|maximum_distractor_speed|cluster_dist,2,0,0,0,0,0,20.0,5.0,15.0,10.0,0,266,293.41705322265625,6.296480806026244,,out_of_road
6279,fresh,0,fresh,,,0,0,0,5,0,1,20.0,20.0,10.0,35.0,1,52,16.018218994140625,0.4235392424922723,,crash_vehicle
6280,replay,0,replay,,,0,0,0,5,0,1,20.0,20.0,10.0,35.0,1,42,11.305667877197266,0.5398388533365159,,crash_vehicle
6281,fresh,0,fresh,,,0,1,1,2,0,1,10.0,10.0,10.0,55.0,0,35,4.574572563171387,0.012262112753731864,,crash_vehicle
6282,crossover,0,crossover,,select_lane|ego_on_intersection|intersection_has_cars|has_brake_checker|has_cluster|cluster_dist|brake_dist,2,0,0,0,0,0,20.0,5.0,5.0,55.0,0,301,322.3653869628906,6.448698213627172,,out_of_road
6283,fresh,0,fresh,,,0,1,1,2,0,0,15.0,5.0,5.0,55.0,0,24,-0.5355067253112793,0.19506279627482095,,crash_vehicle
6284,replay,0,replay,,,0,1,1,2,0,0,15.0,5.0,5.0,55.0,0,215,204.77317810058594,7.146949030354966,,out_of_road
6285,fresh,0,fresh,,,0,0,0,2,1,0,10.0,40.0,15.0,55.0,0,39,-0.4451327323913574,0.3657862100845728,,out_of_road
6286,replay,0,replay,,,0,0,0,2,1,0,10.0,40.0,15.0,55.0,0,77,43.23512649536133,0.6554036279777428,,out_of_road
6287,fresh,0,fresh,,,0,1,1,1,0,0,15.0,20.0,10.0,10.0,1,197,166.4157257080078,3.4773353855621996,,out_of_road
6288,replay,0,replay,,,0,1,1,1,0,0,15.0,20.0,10.0,10.0,1,216,214.37197875976562,8.282432719927144,,out_of_road
6289,fresh,0,fresh,,,0,0,0,3,1,0,15.0,5.0,10.0,20.0,3,85,35.749107360839844,1.083542779263328,,crash_vehicle
6290,replay,0,replay,,,0,0,0,3,1,0,15.0,5.0,10.0,20.0,3,79,37.256900787353516,1.5305731379533116,,out_of_road
6291,fresh,0,fresh,,,0,1,1,0,1,0,15.0,5.0,15.0,20.0,0,231,230.60484313964844,4.0103787359221155,,out_of_road
6292,mutation,0,mutation,distractor_cars,,3,0,0,0,0,0,10.0,5.0,5.0,20.0,0,313,277.3716735839844,5.727929335718338,rejection_fallback,out_of_road
6293,fresh,0,fresh,,,0,1,0,4,0,0,15.0,20.0,10.0,35.0,3,91,37.90458679199219,0.7868585259049803,,crash_vehicle
6294,replay,0,replay,,,0,1,0,4,0,0,15.0,20.0,10.0,35.0,3,230,200.00164794921875,4.771288158582604,,out_of_road
6295,fresh,0,fresh,,,0,0,0,2,1,0,10.0,40.0,15.0,55.0,1,249,200.87876892089844,2.0661909006924994,,out_of_road
6296,crossover,0,crossover,,distractor_cars|has_cluster|maximum_distractor_speed|brake_dist,3,0,0,5,0,0,20.0,5.0,5.0,35.0,0,36,-8.221271514892578,0.058459864722357854,,out_of_road
6297,fresh,0,fresh,,,0,1,1,8,0,0,5.0,10.0,15.0,10.0,2,2,10.0,0.0,,arrive_dest
6298,crossover,0,crossover,,has_cluster|maximum_distractor_speed|distance_to_nearest|cluster_dist,0,0,0,4,0,0,20.0,20.0,5.0,20.0,3,221,205.22378540039062,6.611727012228642,,out_of_road
6299,fresh,0,fresh,,,0,0,0,8,1,1,15.0,10.0,10.0,20.0,1,36,4.114476203918457,0.3458234469095866,,crash_vehicle
6300,mutation,0,mutation,intersection_cars,,0,0,0,18,0,0,20.0,20.0,5.0,55.0,0,197,162.98622131347656,5.88625646893143,,out_of_road
6301,fresh,0,fresh,,,0,0,0,4,1,1,15.0,5.0,5.0,35.0,0,29,-0.3161196708679199,0.0,,crash_vehicle
6302,mutation,0,mutation,brake_dist,,0,0,0,0,0,0,20.0,5.0,15.0,10.0,0,300,321.84844970703125,6.587904304414987,,out_of_road
6303,fresh,0,fresh,,,0,1,1,5,0,1,20.0,5.0,15.0,20.0,0,53,1.5924663543701172,2.4151812476931878,,out_of_road
6304,replay,0,replay,,,0,1,1,5,0,1,20.0,5.0,15.0,20.0,0,213,216.06002807617188,7.6757927000382695,,out_of_road
6305,fresh,0,fresh,,,0,1,1,18,0,0,20.0,20.0,5.0,55.0,0,150,93.36981201171875,3.431590915719668,,out_of_road
6306,mutation,0,mutation,distractor_cars,,1,0,0,18,0,0,20.0,20.0,5.0,55.0,0,163,115.30497741699219,3.519408082486662,,crash_vehicle
6307,fresh,0,fresh,,,0,1,1,8,0,1,10.0,40.0,5.0,10.0,3,47,1.0950899124145508,0.11390805751719374,,out_of_road
6308,replay,0,replay,,,0,1,1,8,0,1,10.0,40.0,5.0,10.0,3,221,225.75521850585938,6.907030015914149,,arrive_dest
6309,fresh,0,fresh,,,0,1,0,0,0,0,15.0,20.0,10.0,10.0,0,89,45.510276794433594,0.9014472305104974,,out_of_road
6310,replay,0,replay,,,0,1,0,0,0,0,15.0,20.0,10.0,10.0,0,225,218.0105743408203,6.153515499962701,,out_of_road
6311,fresh,0,fresh,,,0,0,0,8,0,0,20.0,5.0,5.0,55.0,0,52,14.93803596496582,2.9637537203156032,,crash_vehicle
6312,mutation,0,mutation,cluster_dist,,1,0,0,4,0,0,20.0,20.0,10.0,55.0,0,209,213.29547119140625,6.871436720544642,,arrive_dest
6313,fresh,0,fresh,,,0,1,0,12,1,0,5.0,5.0,10.0,20.0,1,22,-0.2466745376586914,0.0,,crash_vehicle
6314,replay,0,replay,,,0,1,0,12,1,0,5.0,5.0,10.0,20.0,1,212,210.67457580566406,6.582455689474097,,out_of_road
6315,fresh,0,fresh,,,0,0,0,5,0,0,20.0,10.0,5.0,35.0,2,42,8.525062561035156,0.38411313933985575,,crash_vehicle
6316,crossover,0,crossover,,has_brake_checker|distance_to_nearest|cluster_dist,1,0,0,4,0,0,20.0,40.0,5.0,55.0,0,196,216.48236083984375,5.130185339675874,,arrive_dest
6317,fresh,0,fresh,,,0,1,0,5,1,0,20.0,10.0,10.0,35.0,1,41,10.265768051147461,0.47302304535377315,,crash_vehicle
6318,mutation,0,mutation,brake_dist,,1,0,0,4,0,0,20.0,20.0,5.0,35.0,3,168,142.5635223388672,4.446794251955691,,crash_vehicle
6319,fresh,0,fresh,,,0,1,1,4,0,0,10.0,5.0,10.0,35.0,2,130,53.23026657104492,4.215047087348425,,out_of_road
6320,replay,0,replay,,,0,1,1,4,0,0,10.0,5.0,10.0,35.0,2,306,323.2674560546875,6.48720125392615,,out_of_road
6321,fresh,0,fresh,,,0,0,0,18,0,1,15.0,40.0,5.0,35.0,3,92,27.309253692626953,0.4420331068660902,,crash_vehicle
6322,crossover,0,crossover,,cluster_dist,0,0,0,18,0,1,20.0,10.0,5.0,55.0,0,35,4.855748176574707,0.0018428802490234376,,crash_vehicle
6323,fresh,0,fresh,,,0,0,0,1,0,0,15.0,5.0,15.0,55.0,1,154,149.6180419921875,2.41307012330402,,out_of_road
6324,crossover,0,crossover,,select_lane|ego_on_intersection|intersection_has_cars|has_brake_checker|intersection_cars|maximum_distractor_speed,4,1,1,12,0,0,15.0,20.0,5.0,20.0,0,104,52.660430908203125,2.2011847579135346,,crash_vehicle
6325,fresh,0,fresh,,,0,1,1,18,0,1,20.0,5.0,15.0,10.0,3,25,1.6728153228759766,0.5433717477321625,,crash_vehicle
6326,replay,0,replay,,,0,1,1,18,0,1,20.0,5.0,15.0,10.0,3,220,215.25836181640625,6.082046974043955,,out_of_road
6327,fresh,0,fresh,,,0,0,0,4,0,1,10.0,40.0,10.0,55.0,2,251,217.3944549560547,3.558893400834376,,out_of_road
6328,crossover,0,crossover,,distractor_cars|intersection_cars|has_cluster|maximum_distractor_speed,3,0,0,0,0,0,10.0,20.0,10.0,20.0,0,234,289.48394775390625,8.409247249492214,,out_of_road
6329,fresh,0,fresh,,,0,1,0,8,1,1,5.0,10.0,10.0,20.0,0,32,4.605096817016602,0.26288902759552,,crash_vehicle
6330,replay,0,replay,,,0,1,0,8,1,1,5.0,10.0,10.0,20.0,0,220,217.18997192382812,7.327943078496239,,out_of_road
6331,fresh,0,fresh,,,0,0,0,18,0,0,15.0,40.0,15.0,10.0,2,42,-10.231045722961426,0.10665969621567499,,out_of_road
6332,crossover,0,crossover,,has_brake_checker|intersection_cars|maximum_distractor_speed|distance_to_nearest|cluster_dist|brake_dist,4,0,0,8,0,1,20.0,20.0,15.0,10.0,3,61,24.30731201171875,0.8299776222862181,,crash_vehicle
6333,fresh,0,fresh,,,0,1,0,12,1,0,10.0,20.0,5.0,35.0,3,71,25.478639602661133,0.27595606488241275,,crash_vehicle
6334,crossover,0,crossover,,distractor_cars|has_brake_checker|intersection_cars|maximum_distractor_speed,2,0,0,18,0,0,20.0,20.0,5.0,20.0,0,214,215.97540283203125,7.076024463382836,,out_of_road
6335,fresh,0,fresh,,,0,1,0,0,1,0,5.0,40.0,10.0,55.0,0,111,87.61997985839844,2.3449780097952835,,crash_vehicle
6336,mutation,0,mutation,maximum_distractor_speed,,1,0,0,8,0,0,15.0,20.0,15.0,20.0,3,127,76.54817199707031,1.7830490570838058,,crash_vehicle
6337,fresh,0,fresh,,,0,1,0,8,1,1,15.0,40.0,10.0,55.0,2,76,35.965538024902344,0.7076580224460677,,crash_vehicle
6338,replay,0,replay,,,0,1,0,8,1,1,15.0,40.0,10.0,55.0,2,210,217.15853881835938,7.02381010055542,,out_of_road
6339,fresh,0,fresh,,,0,1,1,18,0,1,5.0,5.0,15.0,55.0,1,29,0.9315986633300781,0.05656932962351832,,crash_vehicle
6340,crossover,0,crossover,,select_lane|ego_on_intersection|intersection_has_cars|intersection_cars|maximum_distractor_speed|cluster_dist|brake_dist,4,0,0,0,0,0,20.0,20.0,10.0,20.0,0,198,207.9444122314453,2.342985515454502,,out_of_road
6341,fresh,0,fresh,,,0,1,1,18,0,1,5.0,5.0,5.0,20.0,2,116,-2.075390577316284,1.9484458146937962,,crash_vehicle
6342,crossover,0,crossover,,select_lane|ego_on_intersection|intersection_has_cars|distractor_cars|maximum_distractor_speed|distance_to_nearest|brake_dist,7,1,1,5,0,0,15.0,10.0,5.0,55.0,0,95,4.945473670959473,2.049530386611035,,out_of_road
6343,fresh,0,fresh,,,0,1,0,18,1,0,10.0,40.0,15.0,55.0,0,104,55.83091735839844,0.8066088339457145,,out_of_road
6344,mutation,0,mutation,maximum_distractor_speed,,0,1,0,18,1,0,5.0,10.0,5.0,20.0,3,34,5.406167984008789,0.0,,crash_vehicle
6345,fresh,0,fresh,,,0,1,1,3,0,0,5.0,40.0,5.0,20.0,3,137,99.50857543945312,1.5793573953156923,,out_of_road
6346,replay,0,replay,,,0,1,1,3,0,0,5.0,40.0,5.0,20.0,3,218,193.69705200195312,6.903545288044378,,out_of_road
6347,fresh,0,fresh,,,0,1,0,12,0,0,15.0,10.0,10.0,55.0,1,210,201.58209228515625,5.432279916533402,,crash_vehicle
6348,mutation,0,mutation,distance_to_nearest,,0,0,0,18,0,0,20.0,20.0,10.0,20.0,2,163,100.47305297851562,2.9197532821652348,,crash_vehicle
6349,fresh,0,fresh,,,0,1,1,2,0,1,20.0,40.0,10.0,10.0,0,214,214.86611938476562,6.130505196680533,,out_of_road
6350,crossover,0,crossover,,select_lane|ego_on_intersection|intersection_has_cars|distractor_cars|intersection_cars|has_cluster|maximum_distractor_speed|brake_dist,4,0,0,0,0,0,10.0,20.0,10.0,20.0,0,29,-0.5054473876953125,0.7524483779381061,,out_of_road
6351,fresh,0,fresh,,,0,0,0,2,1,0,10.0,10.0,15.0,20.0,0,45,10.723575592041016,1.4853155288431379,,crash_vehicle
6352,crossover,0,crossover,,select_lane|ego_on_intersection|intersection_has_cars|distractor_cars|has_brake_checker|intersection_cars|maximum_distractor_speed|brake_dist,5,0,0,12,1,0,5.0,20.0,10.0,55.0,0,165,131.66622924804688,4.593788956873345,,out_of_road
6353,fresh,0,fresh,,,0,1,1,4,0,1,15.0,5.0,5.0,20.0,2,35,5.077428817749023,0.37090365716389245,,crash_vehicle
6354,replay,0,replay,,,0,1,1,4,0,1,15.0,5.0,5.0,20.0,2,165,137.105224609375,7.82869204752373,,crash_vehicle
6355,fresh,0,fresh,,,0,0,0,0,0,0,5.0,20.0,10.0,20.0,0,319,281.816162109375,7.975721431376418,,out_of_road
6356,replay,0,replay,,,0,0,0,0,0,0,5.0,20.0,10.0,20.0,0,220,212.941650390625,7.621685872836546,,out_of_road
6357,fresh,0,fresh,,,0,0,0,5,0,0,5.0,5.0,10.0,20.0,1,24,0.4563126564025879,0.006981413501004378,,crash_vehicle
6358,mutation,0,mutation,has_cluster,,0,0,0,0,0,0,15.0,10.0,10.0,10.0,0,79,41.73375701904297,0.3605061173439026,,out_of_road
6359,fresh,0,fresh,,,0,0,0,8,1,1,20.0,40.0,15.0,55.0,3,64,3.6147384643554688,0.05308109521865845,,out_of_road
6360,mutation,0,mutation,cluster_dist,,1,0,0,4,0,0,20.0,20.0,15.0,20.0,3,116,67.78768920898438,1.4807077055347377,,crash_vehicle
6361,fresh,0,fresh,,,0,0,0,2,1,1,15.0,5.0,15.0,20.0,1,34,0.23020076751708984,0.20154258214375553,,crash_vehicle
6362,replay,0,replay,,,0,0,0,2,1,1,15.0,5.0,15.0,20.0,1,45,4.545248031616211,0.4376013437906901,,out_of_road
6363,fresh,0,fresh,,,0,0,0,2,1,1,5.0,40.0,15.0,55.0,0,116,66.54083251953125,3.049253104832666,,crash_vehicle
6364,crossover,0,crossover,,select_lane|ego_on_intersection|intersection_has_cars|distractor_cars|has_brake_checker|has_cluster|brake_dist,1,0,0,0,0,0,10.0,5.0,5.0,20.0,0,248,288.90185546875,6.710653298864922,,out_of_road
6365,fresh,0,fresh,,,0,0,0,1,1,0,10.0,40.0,5.0,55.0,0,113,51.76457977294922,0.7961718325989436,,crash_vehicle
6366,replay,0,replay,,,0,0,0,1,1,0,10.0,40.0,5.0,55.0,0,168,121.29315185546875,4.273439157576788,,out_of_road
6367,fresh,0,fresh,,,0,0,0,12,0,0,10.0,40.0,15.0,35.0,3,226,211.14222717285156,3.000312380822359,,out_of_road
6368,replay,0,replay,,,0,0,0,12,0,0,10.0,40.0,15.0,35.0,3,47,0.575589656829834,1.141034151645417,,out_of_road
6369,fresh,0,fresh,,,0,1,1,4,1,1,5.0,20.0,5.0,35.0,0,158,119.22703552246094,3.761208756815029,,out_of_road
6370,crossover,0,crossover,,distractor_cars|distance_to_nearest|brake_dist,2,0,0,12,0,0,20.0,20.0,5.0,20.0,0,90,42.077796936035156,0.5413691878318787,,crash_vehicle
6371,fresh,0,fresh,,,0,0,0,12,0,1,20.0,10.0,15.0,20.0,0,38,9.580720901489258,0.0,,crash_vehicle
6372,crossover,0,crossover,,distractor_cars|has_brake_checker|maximum_distractor_speed|distance_to_nearest|cluster_dist|brake_dist,5,0,0,0,0,0,10.0,5.0,5.0,20.0,0,213,202.69642639160156,2.0616988565230594,rejection_fallback,out_of_road
6373,fresh,0,fresh,,,0,1,0,5,1,0,15.0,20.0,15.0,35.0,3,75,30.77511978149414,1.3184898153940836,,out_of_road
6374,replay,0,replay,,,0,1,0,5,1,0,15.0,20.0,15.0,35.0,3,230,217.41299438476562,6.640367133980212,,out_of_road
6375,fresh,0,fresh,,,0,0,0,3,1,1,5.0,40.0,5.0,55.0,1,76,34.26403045654297,0.6470597213820407,,crash_vehicle
6376,replay,0,replay,,,0,0,0,3,1,1,5.0,40.0,5.0,55.0,1,241,226.72451782226562,5.567130324875171,,out_of_road
6377,fresh,0,fresh,,,0,1,0,1,1,1,20.0,5.0,15.0,20.0,0,22,-0.24299192428588867,0.0,,crash_vehicle
6378,crossover,0,crossover,,has_brake_checker|intersection_cars|has_cluster|distance_to_nearest|cluster_dist,0,0,0,0,0,0,10.0,5.0,5.0,20.0,0,247,292.5753173828125,6.881401915600908,,out_of_road
6379,fresh,0,fresh,,,0,1,0,3,1,1,20.0,5.0,10.0,35.0,1,24,0.15709733963012695,0.1621053752799829,,crash_vehicle
6380,replay,0,replay,,,0,1,0,3,1,1,20.0,5.0,10.0,35.0,1,334,317.4850769042969,4.936237357199906,,out_of_road
6381,fresh,0,fresh,,,0,1,0,0,1,0,10.0,40.0,15.0,35.0,0,106,67.85749816894531,1.8059226077682566,,crash_vehicle
6382,replay,0,replay,,,0,1,0,0,1,0,10.0,40.0,15.0,35.0,0,225,216.91188049316406,5.944149050033754,,out_of_road
6383,fresh,0,fresh,,,0,0,0,5,1,1,10.0,20.0,15.0,35.0,2,150,131.64599609375,4.355851260224978,,arrive_dest
6384,mutation,0,mutation,brake_dist,,1,0,0,18,0,0,20.0,20.0,5.0,20.0,0,157,112.43429565429688,3.560292254208,,out_of_road
6385,fresh,0,fresh,,,0,0,0,5,0,0,5.0,5.0,15.0,35.0,1,28,-5.348904132843018,0.49254133871623446,,out_of_road
6386,replay,0,replay,,,0,0,0,5,0,0,5.0,5.0,15.0,35.0,1,220,204.93338012695312,6.214893808148124,,out_of_road
6387,fresh,0,fresh,,,0,0,0,5,1,1,15.0,5.0,10.0,20.0,3,22,-0.16318130493164062,0.007212114943699403,,crash_vehicle
6388,replay,0,replay,,,0,0,0,5,1,1,15.0,5.0,10.0,20.0,3,221,217.15771484375,6.2366597172361695,,out_of_road
6389,fresh,0,fresh,,,0,0,0,0,0,0,10.0,20.0,5.0,35.0,0,234,212.37606811523438,7.362051769072174,,out_of_road
6390,crossover,0,crossover,,select_lane|ego_on_intersection|intersection_has_cars|distance_to_nearest,3,0,0,0,0,0,10.0,5.0,5.0,20.0,0,128,61.196372985839844,1.1180555927567184,rejection_fallback,out_of_road
6391,fresh,0,fresh,,,0,1,0,8,0,0,5.0,10.0,5.0,20.0,2,34,5.881230354309082,0.37270117551088333,,crash_vehicle
6392,mutation,0,mutation,cluster_dist,,1,1,1,2,0,1,20.0,40.0,5.0,10.0,0,216,220.4108428955078,3.7533793874360897,,out_of_road
6393,fresh,0,fresh,,,0,0,0,1,1,0,10.0,20.0,5.0,35.0,0,70,18.770082473754883,0.2793220422097615,,crash_vehicle
6394,replay,0,replay,,,0,0,0,1,1,0,10.0,20.0,5.0,35.0,0,217,224.23788452148438,6.090830377719369,,arrive_dest
6395,fresh,0,fresh,,,0,1,1,4,1,0,5.0,5.0,10.0,55.0,1,132,1.3323993682861328,2.3958215983302305,,out_of_road
6396,replay,0,replay,,,0,1,1,4,1,0,5.0,5.0,10.0,55.0,1,211,221.50755310058594,6.522932253177697,,out_of_road
6397,fresh,0,fresh,,,0,0,0,2,0,0,10.0,10.0,5.0,10.0,1,45,7.979260444641113,0.26246571011013453,,crash_vehicle
6398,crossover,0,crossover,,distractor_cars|has_brake_checker|has_cluster|maximum_distractor_speed|distance_to_nearest|cluster_dist,5,0,0,0,0,0,10.0,5.0,5.0,20.0,0,129,59.058555603027344,0.9213831369266954,rejection_fallback,out_of_road
6399,fresh,0,fresh,,,0,0,0,2,0,1,5.0,20.0,15.0,35.0,2,172,149.98568725585938,3.168341005437596,,out_of_road
6400,replay,0,replay,,,0,0,0,2,0,1,5.0,20.0,15.0,35.0,2,310,324.4271240234375,6.388954705360436,,out_of_road
6401,fresh,0,fresh,,,0,1,0,12,1,1,15.0,10.0,10.0,20.0,1,32,5.381200790405273,0.18860024213790894,,crash_vehicle
6402,mutation,0,mutation,select_road|select_lane|ego_on_intersection|intersection_has_cars,,3,1,1,3,0,0,20.0,20.0,10.0,20.0,1,100,49.60948181152344,1.8989163279533385,,out_of_road
6403,fresh,0,fresh,,,0,0,0,0,1,0,10.0,5.0,5.0,55.0,0,124,96.17892456054688,2.3898487951486342,,crash_vehicle
6404,mutation,0,mutation,cluster_dist,,1,0,0,8,0,0,20.0,20.0,5.0,10.0,3,173,118.03646850585938,3.2391905140325514,,crash_vehicle
6405,fresh,0,fresh,,,0,0,0,3,0,0,20.0,40.0,5.0,55.0,1,140,64.21293640136719,1.4417577598776137,,out_of_road
6406,crossover,0,crossover,,has_brake_checker|intersection_cars|distance_to_nearest|cluster_dist|brake_dist,3,0,0,8,0,0,15.0,20.0,10.0,10.0,0,58,18.352027893066406,0.42001038686982517,,crash_vehicle
6407,fresh,0,fresh,,,0,1,0,4,0,1,5.0,40.0,15.0,55.0,1,59,24.451557159423828,0.7449515896328425,,arrive_dest
6408,crossover,0,crossover,,distractor_cars|intersection_cars|maximum_distractor_speed|distance_to_nearest|cluster_dist|brake_dist,5,0,0,0,0,0,20.0,5.0,5.0,55.0,0,107,54.639808654785156,0.8281876728913494,,out_of_road
6409,fresh,0,fresh,,,0,0,0,0,0,0,5.0,40.0,5.0,20.0,0,264,135.90939331054688,4.004534204800923,,out_of_road
6410,crossover,0,crossover,,distractor_cars|intersection_cars|has_cluster|maximum_distractor_speed|cluster_dist,2,0,0,5,0,0,20.0,20.0,15.0,20.0,2,67,25.876806259155273,0.495573663222256,,crash_vehicle
6411,fresh,0,fresh,,,0,1,1,4,0,1,15.0,10.0,15.0,20.0,3,46,11.746667861938477,0.9165137494387834,,crash_vehicle
6412,crossover,0,crossover,,select_lane|ego_on_intersection|intersection_has_cars|has_brake_checker|maximum_distractor_speed|distance_to_nearest|brake_dist,3,0,0,4,0,0,20.0,10.0,15.0,35.0,0,38,9.450984954833984,0.09616320423389736,,crash_vehicle
6413,fresh,0,fresh,,,0,1,1,1,0,1,5.0,20.0,15.0,55.0,1,236,193.82044982910156,3.8435046048361365,,out_of_road
6414,replay,0,replay,,,0,1,1,1,0,1,5.0,20.0,15.0,55.0,1,193,151.72152709960938,5.715376278279359,,out_of_road
6415,fresh,0,fresh,,,0,0,0,5,0,1,20.0,10.0,10.0,10.0,2,57,9.249847412109375,1.740049215785244,,crash_vehicle
6416,replay,0,replay,,,0,0,0,5,0,1,20.0,10.0,10.0,10.0,2,320,323.2796936035156,5.687112281797454,,out_of_road
6417,fresh,0,fresh,,,0,1,1,5,1,0,10.0,10.0,15.0,20.0,1,73,16.27224349975586,1.353267828895621,,crash_vehicle
6418,crossover,0,crossover,,select_lane|ego_on_intersection|intersection_has_cars|distractor_cars|intersection_cars|distance_to_nearest|cluster_dist|brake_dist,5,0,0,8,0,0,20.0,10.0,15.0,35.0,3,55,18.71172332763672,1.4722086711363358,,crash_vehicle
6419,fresh,0,fresh,,,0,1,1,8,0,0,5.0,10.0,10.0,10.0,3,75,21.32636833190918,1.6501857610543569,,crash_vehicle
6420,mutation,0,mutation,distance_to_nearest,,1,0,0,8,0,0,20.0,40.0,10.0,20.0,0,245,267.6734924316406,6.002193523426445,,out_of_road
6421,fresh,0,fresh,,,0,1,0,3,0,1,20.0,40.0,15.0,20.0,1,113,45.36826705932617,0.7075414610120048,,crash_vehicle
6422,crossover,0,crossover,,select_lane|ego_on_intersection|intersection_has_cars|distractor_cars|has_brake_checker|intersection_cars|has_cluster|cluster_dist,5,0,0,0,0,0,15.0,10.0,15.0,10.0,0,312,320.00079345703125,5.8164217964005775,,out_of_road
6423,fresh,0,fresh,,,0,0,0,4,0,1,5.0,20.0,5.0,35.0,3,71,25.994503021240234,0.5527488442373948,,crash_vehicle
6424,mutation,0,mutation,has_cluster,,0,0,0,5,0,0,20.0,20.0,5.0,35.0,1,226,218.00450134277344,5.882366702619907,,out_of_road
6425,fresh,0,fresh,,,0,1,0,1,1,0,10.0,20.0,15.0,35.0,1,69,28.757068634033203,0.4774254417937735,,out_of_road
6426,replay,0,replay,,,0,1,0,1,1,0,10.0,20.0,15.0,35.0,1,147,94.4848403930664,6.275977074694471,,crash_vehicle
6427,fresh,0,fresh,,,0,1,0,4,1,1,5.0,20.0,15.0,35.0,3,71,30.700958251953125,0.42759204582429267,,crash_vehicle
6428,mutation,0,mutation,distance_to_nearest,,1,0,0,0,0,0,15.0,5.0,15.0,10.0,0,270,292.03167724609375,6.206720321045982,,out_of_road
6429,fresh,0,fresh,,,0,1,0,18,0,1,5.0,20.0,15.0,35.0,0,58,20.074209213256836,0.4973811959398204,,crash_vehicle
6430,crossover,0,crossover,,has_brake_checker|intersection_cars|has_cluster|maximum_distractor_speed|distance_to_nearest|cluster_dist,1,0,0,8,0,0,20.0,20.0,5.0,20.0,0,133,61.23896026611328,2.582943046003356,,out_of_road
6431,fresh,0,fresh,,,0,1,1,0,1,0,15.0,10.0,10.0,20.0,0,78,37.536956787109375,0.7559830668645028,,crash_vehicle
6432,crossover,0,crossover,,distractor_cars|has_brake_checker|intersection_cars|has_cluster|maximum_distractor_speed|distance_to_nearest,4,0,0,4,0,0,20.0,20.0,15.0,20.0,3,18,-5.258847713470459,0.025438626607259113,,out_of_road
6433,fresh,0,fresh,,,0,1,1,0,1,0,10.0,40.0,15.0,35.0,0,126,73.68854522705078,1.1742356009190045,,out_of_road
6434,mutation,0,mutation,has_brake_checker,,0,0,0,5,0,0,20.0,20.0,5.0,35.0,2,231,220.82611083984375,7.863942698998884,,out_of_road
6435,fresh,0,fresh,,,0,1,0,4,1,1,20.0,10.0,5.0,55.0,0,31,4.850975036621094,0.010165975939842963,,crash_vehicle
6436,replay,0,replay,,,0,1,0,4,1,1,20.0,10.0,5.0,55.0,0,214,161.05618286132812,4.849931184933564,,out_of_road
6437,fresh,0,fresh,,,0,0,0,12,0,1,10.0,5.0,5.0,10.0,2,163,2.2811179161071777,1.851048577508312,,out_of_road
6438,mutation,0,mutation,select_road|select_lane|ego_on_intersection|intersection_has_cars,,1,1,0,2,0,0,15.0,10.0,10.0,10.0,1,234,221.7138671875,4.70058809239895,,out_of_road
6439,fresh,0,fresh,,,0,1,1,12,1,1,10.0,5.0,5.0,35.0,3,23,-0.043407440185546875,0.10742259673450304,,crash_vehicle
6440,replay,0,replay,,,0,1,1,12,1,1,10.0,5.0,5.0,35.0,3,209,215.9083709716797,7.4020374913535045,,out_of_road
6441,fresh,0,fresh,,,0,0,0,2,0,1,15.0,20.0,15.0,35.0,1,90,32.74633026123047,1.2167328086164262,,crash_vehicle
6442,mutation,0,mutation,select_road|select_lane|ego_on_intersection|intersection_has_cars,,3,1,1,8,0,0,20.0,20.0,5.0,20.0,0,86,34.39741516113281,1.2924865615922352,,out_of_road
6443,fresh,0,fresh,,,0,1,0,8,1,0,15.0,40.0,15.0,55.0,1,82,44.6740608215332,0.7059576424156747,,crash_vehicle
6444,crossover,0,crossover,,select_lane|ego_on_intersection|intersection_has_cars|distractor_cars|has_brake_checker|maximum_distractor_speed,3,0,0,4,0,0,20.0,5.0,5.0,55.0,0,26,1.8565282821655273,0.17277838060489067,,crash_vehicle
6445,fresh,0,fresh,,,0,1,1,8,1,1,20.0,20.0,15.0,35.0,2,65,5.802186965942383,0.130952682861915,,out_of_road
6446,replay,0,replay,,,0,1,1,8,1,1,20.0,20.0,15.0,35.0,2,239,265.015869140625,8.297991040735564,,crash_vehicle
6447,fresh,0,fresh,,,0,1,1,8,1,0,5.0,40.0,15.0,55.0,2,109,69.23342895507812,1.2084665588282664,,crash_vehicle
6448,replay,0,replay,,,0,1,1,8,1,0,5.0,40.0,15.0,55.0,2,230,220.30552673339844,5.8130630695301555,,out_of_road
6449,fresh,0,fresh,,,0,0,0,3,1,1,10.0,20.0,15.0,55.0,0,58,4.685274124145508,0.5730529499465021,,out_of_road
6450,replay,0,replay,,,0,0,0,3,1,1,10.0,20.0,15.0,55.0,0,370,324.06390380859375,8.249881349947001,,out_of_road
6451,fresh,0,fresh,,,0,1,1,1,0,0,20.0,40.0,10.0,35.0,1,180,162.49928283691406,2.9368177547223038,,out_of_road
6452,crossover,0,crossover,,distractor_cars|intersection_cars|maximum_distractor_speed|cluster_dist|brake_dist,2,0,0,3,0,0,15.0,5.0,5.0,20.0,3,248,293.8341369628906,5.826937399143653,,out_of_road
6453,fresh,0,fresh,,,0,1,1,18,1,0,10.0,10.0,5.0,20.0,0,31,4.526645660400391,0.3643942686819261,,crash_vehicle
6454,mutation,0,mutation,has_brake_checker,,0,0,0,18,0,0,20.0,20.0,10.0,55.0,0,167,114.67298889160156,3.341144603169607,,out_of_road
6455,fresh,0,fresh,,,0,1,0,5,0,1,5.0,20.0,15.0,35.0,0,220,221.6439666748047,3.9431830832904033,,out_of_road
6456,mutation,0,mutation,has_brake_checker,,0,0,0,0,0,0,10.0,40.0,15.0,20.0,0,51,19.363759994506836,0.5884345933502796,,arrive_dest
6457,fresh,0,fresh,,,0,1,0,0,1,0,20.0,5.0,5.0,55.0,0,64,3.420175552368164,0.0013725310564041138,,out_of_road
6458,crossover,0,crossover,,select_lane|ego_on_intersection|intersection_has_cars|maximum_distractor_speed|distance_to_nearest,1,0,0,0,0,0,20.0,20.0,5.0,10.0,0,226,223.5361328125,3.2330164213096144,,out_of_road
6459,fresh,0,fresh,,,0,1,0,1,0,1,5.0,5.0,15.0,20.0,1,69,30.58584213256836,0.5480934917062953,,out_of_road
6460,crossover,0,crossover,,select_lane|ego_on_intersection|intersection_has_cars|distractor_cars|has_brake_checker|maximum_distractor_speed|brake_dist,5,0,0,0,0,0,10.0,10.0,5.0,10.0,0,314,333.0124206542969,6.436659481684873,,out_of_road
6461,fresh,0,fresh,,,0,1,1,8,0,0,10.0,10.0,15.0,10.0,1,38,8.583342552185059,0.3025246340977518,,crash_vehicle
6462,mutation,0,mutation,select_road|select_lane|ego_on_intersection|intersection_has_cars,,1,0,0,0,0,0,20.0,20.0,5.0,10.0,0,122,62.507286071777344,1.060319937154895,,out_of_road
6463,fresh,0,fresh,,,0,0,0,4,0,1,10.0,20.0,5.0,20.0,2,46,14.415180206298828,0.5851314378821332,,crash_vehicle
6464,replay,0,replay,,,0,0,0,4,0,1,10.0,20.0,5.0,20.0,2,228,222.12962341308594,5.758584246300814,,out_of_road
6465,fresh,0,fresh,,,0,0,0,18,0,0,10.0,5.0,5.0,35.0,0,183,126.14567565917969,7.055960506363645,,out_of_road
6466,replay,0,replay,,,0,0,0,18,0,0,10.0,5.0,5.0,35.0,0,263,216.76141357421875,6.260791216059783,,out_of_road
6467,fresh,0,fresh,,,0,1,0,8,0,0,5.0,10.0,15.0,35.0,2,41,11.045038223266602,0.6715579814300304,,crash_vehicle
6468,mutation,0,mutation,maximum_distractor_speed,,1,0,0,5,0,0,5.0,20.0,5.0,35.0,1,79,33.676483154296875,0.9421366116479982,,crash_vehicle
6469,fresh,0,fresh,,,0,0,0,1,1,0,10.0,10.0,15.0,20.0,0,150,114.046875,6.279324695666631,,out_of_road
6470,replay,0,replay,,,0,0,0,1,1,0,10.0,10.0,15.0,20.0,0,259,204.49522399902344,5.562885716269836,,out_of_road
6471,fresh,0,fresh,,,0,1,0,18,0,1,15.0,10.0,10.0,10.0,1,37,5.630319595336914,0.3038544082963789,,crash_vehicle
6472,replay,0,replay,,,0,1,0,18,0,1,15.0,10.0,10.0,10.0,1,136,67.28791809082031,1.8127299981082188,,out_of_road
6473,fresh,0,fresh,,,0,1,1,12,0,0,15.0,10.0,15.0,20.0,0,122,62.953643798828125,5.350748024880886,,out_of_road
6474,crossover,0,crossover,,distractor_cars|intersection_cars|maximum_distractor_speed,2,0,0,8,0,0,20.0,20.0,5.0,35.0,2,108,68.70832824707031,2.6417684157689414,,crash_vehicle
6475,fresh,0,fresh,,,0,0,0,1,0,0,20.0,5.0,15.0,35.0,1,125,105.26616668701172,1.3332675461769103,,out_of_road
6476,replay,0,replay,,,0,0,0,1,0,0,20.0,5.0,15.0,35.0,1,224,218.23641967773438,6.424111214200301,,out_of_road
6477,fresh,0,fresh,,,0,0,0,3,0,1,5.0,5.0,5.0,35.0,1,28,2.803452491760254,0.6711852510592767,,crash_vehicle
6478,mutation,0,mutation,distractor_cars,,1,0,0,8,0,0,20.0,20.0,10.0,20.0,0,250,218.50006103515625,4.944111282110215,,out_of_road
6479,fresh,0,fresh,,,0,0,0,8,0,0,5.0,20.0,10.0,10.0,0,95,32.631168365478516,0.8749095753619546,,out_of_road
6480,mutation,0,mutation,cluster_dist,,1,0,0,8,0,0,20.0,20.0,15.0,20.0,0,49,14.39940071105957,0.5601861184957077,,crash_vehicle
6481,fresh,0,fresh,,,0,1,1,18,0,0,10.0,10.0,5.0,35.0,3,144,80.05863952636719,4.066561948094103,,out_of_road
6482,crossover,0,crossover,,brake_dist,1,0,0,0,0,0,15.0,5.0,15.0,20.0,0,284,344.54534912109375,9.057924551023564,,out_of_road
6483,fresh,0,fresh,,,0,0,0,8,1,0,10.0,40.0,5.0,55.0,3,135,32.65269088745117,2.2498035060034858,,out_of_road
6484,crossover,0,crossover,,select_lane|ego_on_intersection|intersection_has_cars|has_brake_checker,1,0,0,5,0,0,20.0,20.0,10.0,20.0,2,95,43.54669952392578,4.721384423030051,,crash_vehicle
6485,fresh,0,fresh,,,0,0,0,2,0,1,10.0,20.0,5.0,55.0,0,50,14.20732307434082,0.36117752075195314,,crash_vehicle
6486,crossover,0,crossover,,distance_to_nearest|cluster_dist,2,0,0,5,0,0,20.0,5.0,15.0,20.0,2,128,69.76765441894531,4.485729329288006,,crash_vehicle
6487,fresh,0,fresh,,,0,1,1,1,1,1,15.0,20.0,15.0,35.0,1,221,205.09912109375,6.111358004188106,,out_of_road
6488,mutation,0,mutation,has_cluster,,0,0,0,0,0,0,15.0,10.0,15.0,10.0,0,272,308.7225036621094,6.5288718326345965,,out_of_road
6489,fresh,0,fresh,,,0,1,0,0,1,0,15.0,10.0,15.0,35.0,0,69,25.399587631225586,0.5119344186091769,,out_of_road
6490,replay,0,replay,,,0,1,0,0,1,0,15.0,10.0,15.0,35.0,0,238,215.25123596191406,6.833469276919084,,out_of_road
6491,fresh,0,fresh,,,0,0,0,8,0,0,5.0,40.0,10.0,20.0,0,225,221.461181640625,4.277164514329698,,out_of_road
6492,crossover,0,crossover,,select_lane|ego_on_intersection|intersection_has_cars|distractor_cars|has_brake_checker,3,0,0,0,0,0,20.0,20.0,15.0,20.0,0,291,298.5373229980469,5.7354930610143136,,out_of_road
6493,fresh,0,fresh,,,0,1,0,5,0,1,15.0,10.0,5.0,20.0,2,195,226.31649780273438,7.600992897229317,,out_of_road
6494,replay,0,replay,,,0,1,0,5,0,1,15.0,10.0,5.0,20.0,2,285,348.6576232910156,9.430024182169062,,out_of_road
6495,fresh,0,fresh,,,0,0,0,1,0,0,15.0,20.0,10.0,10.0,1,119,58.263614654541016,0.7676420367064596,,out_of_road
6496,crossover,0,crossover,,select_lane|ego_on_intersection|intersection_has_cars|has_brake_checker,0,0,0,0,0,0,10.0,5.0,5.0,20.0,0,60,6.271153450012207,0.1202399730682373,,out_of_road
6497,fresh,0,fresh,,,0,1,1,0,1,0,15.0,40.0,5.0,35.0,0,99,45.036930084228516,0.47463745029285703,,out_of_road
6498,mutation,0,mutation,maximum_distractor_speed,,1,0,0,0,0,0,15.0,5.0,5.0,55.0,0,285,293.3518981933594,5.24345489306408,,out_of_road
6499,fresh,0,fresh,,,0,0,0,18,1,1,5.0,40.0,10.0,55.0,0,74,34.76461410522461,1.7655320167541504,,crash_vehicle
6500,replay,0,replay,,,0,0,0,18,1,1,5.0,40.0,10.0,55.0,0,149,110.05470275878906,2.3935556811774337,,out_of_road
6501,fresh,0,fresh,,,0,1,0,18,1,0,10.0,40.0,5.0,55.0,3,176,125.23957824707031,4.136550761251287,,out_of_road
6502,crossover,0,crossover,,select_lane|ego_on_intersection|intersection_has_cars|distractor_cars|has_brake_checker|has_cluster|maximum_distractor_speed|distance_to_nearest,7,0,0,8,0,0,20.0,20.0,5.0,55.0,0,131,71.38231658935547,2.5469928897974143,,out_of_road
6503,fresh,0,fresh,,,0,0,0,1,0,1,20.0,5.0,15.0,55.0,1,96,65.30191040039062,1.6846486181020737,,out_of_road
6504,replay,0,replay,,,0,0,0,1,0,1,20.0,5.0,15.0,55.0,1,287,298.950439453125,5.5104220152316605,,out_of_road
6505,fresh,0,fresh,,,0,1,1,12,1,0,10.0,10.0,10.0,35.0,0,53,18.978347778320312,1.832984577934697,,crash_vehicle
6506,crossover,0,crossover,,intersection_cars|maximum_distractor_speed|distance_to_nearest|cluster_dist,3,0,0,8,0,0,15.0,10.0,10.0,20.0,1,46,13.569164276123047,0.2341991416786028,,crash_vehicle
6507,fresh,0,fresh,,,0,1,0,3,1,1,5.0,10.0,15.0,20.0,0,39,8.039347648620605,0.4509521008302004,,crash_vehicle
6508,crossover,0,crossover,,select_lane|ego_on_intersection|intersection_has_cars|distractor_cars|has_brake_checker|has_cluster|distance_to_nearest|brake_dist,2,0,0,8,0,0,20.0,20.0,10.0,35.0,0,223,214.03660583496094,5.786570455160644,,out_of_road
6509,fresh,0,fresh,,,0,0,0,5,0,0,15.0,40.0,15.0,35.0,3,70,0.40398597717285156,0.33263526899474005,,out_of_road
6510,mutation,0,mutation,maximum_distractor_speed,,1,0,0,5,0,0,10.0,10.0,10.0,35.0,3,48,5.746843338012695,0.0,,crash_vehicle
6511,fresh,0,fresh,,,0,0,0,3,1,0,5.0,5.0,15.0,20.0,3,247,194.90972900390625,4.9036063866818,,out_of_road
6512,replay,0,replay,,,0,0,0,3,1,0,5.0,5.0,15.0,20.0,3,218,215.8048553466797,7.043996480626798,,out_of_road
6513,fresh,0,fresh,,,0,1,1,3,0,0,5.0,40.0,10.0,35.0,3,38,1.4823126792907715,0.4087286497417249,,crash_vehicle
6514,crossover,0,crossover,,select_lane|ego_on_intersection|intersection_has_cars|distractor_cars|has_brake_checker|intersection_cars|maximum_distractor_speed|cluster_dist,3,0,0,0,0,0,20.0,20.0,15.0,55.0,0,309,299.8802490234375,4.418606292275549,,out_of_road
6515,fresh,0,fresh,,,0,0,0,18,1,0,10.0,10.0,15.0,35.0,2,98,39.850677490234375,4.558280202807213,,crash_vehicle
6516,replay,0,replay,,,0,0,0,18,1,0,10.0,10.0,15.0,35.0,2,211,223.1122283935547,7.030153309988185,,out_of_road
6517,fresh,0,fresh,,,0,1,0,5,0,0,15.0,40.0,15.0,35.0,3,76,33.284912109375,1.5068692847302085,,crash_vehicle
6518,crossover,0,crossover,,select_lane|ego_on_intersection|intersection_has_cars|distractor_cars|maximum_distractor_speed|cluster_dist,2,0,0,4,0,0,20.0,20.0,5.0,20.0,0,118,51.31779479980469,1.0554171151528924,,crash_vehicle
6519,fresh,0,fresh,,,0,1,0,0,1,0,10.0,5.0,15.0,10.0,0,59,21.133066177368164,1.4914812948239051,,crash_vehicle
6520,crossover,0,crossover,,has_brake_checker|intersection_cars|has_cluster|maximum_distractor_speed|distance_to_nearest|cluster_dist|brake_dist,4,0,0,1,0,0,20.0,20.0,10.0,20.0,0,155,120.66333770751953,4.255476738176038,,out_of_road
6521,fresh,0,fresh,,,0,1,0,4,1,1,10.0,5.0,15.0,20.0,2,206,-0.30072736740112305,0.42942979519517677,,crash_vehicle
6522,mutation,0,mutation,select_road|select_lane|ego_on_intersection|intersection_has_cars,,3,1,1,3,0,0,20.0,20.0,10.0,20.0,1,74,31.046539306640625,0.8409156275762094,,crash_vehicle
6523,fresh,0,fresh,,,0,1,0,3,1,1,20.0,5.0,5.0,20.0,2,23,-0.31285810470581055,0.02905841754830402,,crash_vehicle
6524,crossover,0,crossover,,intersection_cars|maximum_distractor_speed|distance_to_nearest|cluster_dist,4,0,0,5,0,0,10.0,5.0,15.0,35.0,0,318,287.6026916503906,5.745860330643332,,out_of_road
6525,fresh,0,fresh,,,0,1,0,4,0,1,10.0,10.0,15.0,55.0,3,62,1.4463081359863281,1.5025376658285818,,out_of_road
6526,replay,0,replay,,,0,1,0,4,0,1,10.0,10.0,15.0,55.0,3,224,214.31585693359375,6.651645269876878,,out_of_road
6527,fresh,0,fresh,,,0,0,0,8,1,1,5.0,10.0,10.0,20.0,3,35,5.49271297454834,0.08668971061706543,,crash_vehicle
6528,crossover,0,crossover,,select_lane|ego_on_intersection|intersection_has_cars|has_brake_checker|intersection_cars|has_cluster|distance_to_nearest,3,0,0,4,0,0,20.0,10.0,5.0,55.0,3,46,5.515608787536621,0.0,,crash_vehicle
6529,fresh,0,fresh,,,0,0,0,0,1,0,20.0,10.0,10.0,35.0,0,122,61.19267272949219,1.5297605033780708,,out_of_road
6530,replay,0,replay,,,0,0,0,0,1,0,20.0,10.0,10.0,35.0,0,90,43.31072235107422,0.2565968963834975,,out_of_road
6531,fresh,0,fresh,,,0,0,0,8,1,0,5.0,5.0,15.0,35.0,3,99,3.6531858444213867,1.2708656438673385,,out_of_road
6532,mutation,0,mutation,has_brake_checker,,0,0,0,5,0,0,20.0,20.0,5.0,35.0,2,226,208.82196044921875,5.705066095279381,,crash_vehicle
6533,fresh,0,fresh,,,0,0,0,3,1,1,10.0,40.0,10.0,55.0,0,228,225.73431396484375,3.339278087983921,,out_of_road
6534,mutation,0,mutation,has_cluster,,1,0,0,5,0,1,20.0,20.0,10.0,20.0,2,55,9.444326400756836,0.3237592870538885,,crash_vehicle
6535,fresh,0,fresh,,,0,0,0,18,0,0,10.0,10.0,15.0,35.0,2,65,3.472240447998047,1.2287534365287194,,out_of_road
6536,crossover,0,crossover,,distractor_cars|has_brake_checker|intersection_cars|has_cluster|maximum_distractor_speed|distance_to_nearest|cluster_dist,2,0,0,8,0,0,20.0,20.0,5.0,35.0,0,242,211.85540771484375,5.2839424427875805,,crash_vehicle
6537,fresh,0,fresh,,,0,1,0,8,0,0,15.0,20.0,10.0,35.0,3,69,28.143177032470703,0.579059930815213,,crash_vehicle
6538,crossover,0,crossover,,has_brake_checker|has_cluster|maximum_distractor_speed,1,0,0,0,0,0,20.0,10.0,10.0,10.0,0,285,338.74066162109375,8.319137351554737,,out_of_road
6539,fresh,0,fresh,,,0,0,0,12,1,0,15.0,40.0,5.0,55.0,3,90,61.880279541015625,1.2369892262750202,,crash_vehicle
6540,replay,0,replay,,,0,0,0,12,1,0,15.0,40.0,5.0,55.0,3,314,332.7283630371094,6.188829178500707,,out_of_road
6541,fresh,0,fresh,,,0,0,0,4,0,1,5.0,10.0,5.0,20.0,0,18,-5.1719770431518555,0.38063526153564453,,out_of_road
6542,replay,0,replay,,,0,0,0,4,0,1,5.0,10.0,5.0,20.0,0,87,48.614070892333984,1.1216298447943283,,out_of_road
6543,fresh,0,fresh,,,0,0,0,0,1,0,15.0,40.0,10.0,20.0,0,99,47.35313415527344,1.2151996433132826,,crash_vehicle
6544,mutation,0,mutation,has_cluster,,0,0,0,4,0,0,20.0,20.0,5.0,10.0,0,214,199.1256103515625,5.625837787428749,,crash_vehicle
6545,fresh,0,fresh,,,0,0,0,8,1,0,20.0,10.0,10.0,35.0,2,42,9.592796325683594,0.5567493530965987,,crash_vehicle
6546,mutation,0,mutation,cluster_dist,,1,0,0,4,0,0,20.0,20.0,15.0,55.0,0,152,101.14555358886719,2.179580110076227,,crash_vehicle
6547,fresh,0,fresh,,,0,1,1,3,1,1,5.0,10.0,15.0,35.0,1,77,21.609107971191406,1.9925440758853763,,crash_vehicle
6548,replay,0,replay,,,0,1,1,3,1,1,5.0,10.0,15.0,35.0,1,242,220.3482208251953,5.890595439267306,,out_of_road
6549,fresh,0,fresh,,,0,0,0,0,0,0,10.0,10.0,5.0,35.0,0,90,60.482398986816406,0.822348862224155,,arrive_dest
6550,mutation,0,mutation,brake_dist,,1,0,0,8,0,0,20.0,20.0,15.0,10.0,3,122,65.81462860107422,1.4864056247179624,,crash_vehicle
6551,fresh,0,fresh,,,0,0,0,1,1,1,20.0,10.0,5.0,20.0,1,80,35.80891418457031,0.6806927787140011,,crash_vehicle
6552,mutation,0,mutation,has_cluster,,0,0,0,0,0,0,20.0,20.0,15.0,10.0,0,285,337.3424072265625,8.625676752809893,,out_of_road
6553,fresh,0,fresh,,,0,0,0,12,1,0,20.0,10.0,5.0,35.0,1,41,9.383912086486816,0.4953311456412804,,crash_vehicle
6554,crossover,0,crossover,,distractor_cars|intersection_cars|maximum_distractor_speed|distance_to_nearest|cluster_dist|brake_dist,2,0,0,0,0,0,20.0,20.0,15.0,20.0,0,271,306.6201477050781,7.14169265934682,,out_of_road
6555,fresh,0,fresh,,,0,0,0,18,1,1,10.0,20.0,15.0,35.0,0,101,41.42916488647461,1.9149421477081752,,crash_vehicle
6556,crossover,0,crossover,,has_brake_checker|has_cluster|maximum_distractor_speed|distance_to_nearest|brake_dist,1,0,0,8,0,0,20.0,20.0,10.0,10.0,0,124,88.26545715332031,2.3404298912613624,,crash_vehicle
6557,fresh,0,fresh,,,0,1,0,4,0,0,20.0,10.0,5.0,10.0,0,159,104.3637924194336,6.508733262056075,,out_of_road
6558,mutation,0,mutation,distractor_cars,,1,0,0,3,0,0,20.0,20.0,15.0,10.0,0,79,38.53739547729492,0.898461163798465,,crash_vehicle
6559,fresh,0,fresh,,,0,0,0,12,1,1,20.0,20.0,10.0,35.0,1,57,18.738554000854492,0.34909506011427494,,crash_vehicle
6560,mutation,0,mutation,cluster_dist,,0,1,0,3,1,0,20.0,10.0,5.0,55.0,1,43,15.941701889038086,2.585186947223752,,arrive_dest
6561,fresh,0,fresh,,,0,1,1,1,1,1,10.0,10.0,5.0,20.0,1,139,66.0786361694336,1.791883680031454,,crash_vehicle
6562,mutation,0,mutation,maximum_distractor_speed,,1,1,1,1,1,1,10.0,20.0,15.0,35.0,1,100,56.87051773071289,0.7767306631803512,,out_of_road
6563,fresh,0,fresh,,,0,0,0,8,1,1,10.0,40.0,10.0,55.0,1,103,35.44511413574219,0.3267445350156247,,crash_vehicle
6564,replay,0,replay,,,0,0,0,8,1,1,10.0,40.0,10.0,55.0,1,304,336.9841003417969,6.854193244815657,,out_of_road
6565,fresh,0,fresh,,,0,1,1,5,1,0,20.0,20.0,15.0,35.0,0,52,26.360076904296875,0.49097208220225114,,arrive_dest
6566,replay,0,replay,,,0,1,1,5,1,0,20.0,20.0,15.0,35.0,0,207,204.37643432617188,6.555913724473133,,crash_vehicle
6567,fresh,0,fresh,,,0,1,1,18,1,0,20.0,40.0,10.0,55.0,3,68,32.17350769042969,0.5074778725119198,,out_of_road
6568,mutation,0,mutation,maximum_distractor_speed,,1,0,0,4,0,0,10.0,20.0,5.0,35.0,0,71,25.102693557739258,0.3771559218285789,,crash_vehicle
6569,fresh,0,fresh,,,0,0,0,12,0,0,10.0,20.0,10.0,10.0,1,161,115.0425033569336,2.4641512447262404,,out_of_road
6570,crossover,0,crossover,,distractor_cars|has_brake_checker|distance_to_nearest|cluster_dist,3,0,0,2,0,0,20.0,10.0,10.0,10.0,0,45,11.750425338745117,0.9033045689264934,,crash_vehicle
6571,fresh,0,fresh,,,0,0,0,1,0,1,5.0,5.0,10.0,20.0,1,103,69.71231079101562,1.5656897905960823,,out_of_road
6572,replay,0,replay,,,0,0,0,1,0,1,5.0,5.0,10.0,20.0,1,228,216.2268829345703,7.378465512734756,,out_of_road
6573,fresh,0,fresh,,,0,0,0,0,1,0,5.0,10.0,5.0,10.0,0,49,1.7076687812805176,0.45920698010191624,,out_of_road
6574,mutation,0,mutation,intersection_cars,,0,0,0,0,0,0,10.0,20.0,10.0,10.0,0,77,39.8668098449707,0.3974287850516183,,out_of_road
6575,fresh,0,fresh,,,0,1,1,8,0,1,10.0,20.0,10.0,35.0,1,62,14.433889389038086,0.18935983411727414,,crash_vehicle
6576,crossover,0,crossover,,distractor_cars|has_brake_checker|distance_to_nearest,1,0,0,0,0,0,20.0,20.0,10.0,55.0,0,188,219.38644409179688,3.731233559390332,,out_of_road
6577,fresh,0,fresh,,,0,0,0,12,0,0,20.0,20.0,10.0,20.0,0,86,40.80126190185547,0.6707786640455556,,crash_vehicle
6578,replay,0,replay,,,0,0,0,12,0,0,20.0,20.0,10.0,20.0,0,183,128.2709503173828,6.471723657651026,,crash_vehicle
6579,fresh,0,fresh,,,0,0,0,1,0,1,20.0,10.0,15.0,55.0,0,58,4.017574310302734,1.0889083208708927,,out_of_road
6580,replay,0,replay,,,0,0,0,1,0,1,20.0,10.0,15.0,55.0,0,214,211.22457885742188,5.720609780226912,,out_of_road
6581,fresh,0,fresh,,,0,1,1,0,1,0,10.0,40.0,5.0,55.0,0,113,62.886531829833984,0.8932082790189084,,arrive_dest
6582,replay,0,replay,,,0,1,1,0,1,0,10.0,40.0,5.0,55.0,0,181,114.47957611083984,5.650761406066009,,out_of_road
6583,fresh,0,fresh,,,0,1,1,18,0,0,15.0,5.0,15.0,35.0,3,158,73.69808959960938,4.705335729484316,,out_of_road
6584,replay,0,replay,,,0,1,1,18,0,0,15.0,5.0,15.0,35.0,3,198,181.62374877929688,7.367560320430332,,crash_vehicle
6585,fresh,0,fresh,,,0,1,1,12,1,1,10.0,20.0,5.0,35.0,2,99,22.19420623779297,1.127882339135565,,crash_vehicle
6586,crossover,0,crossover,,select_lane|ego_on_intersection|intersection_has_cars|intersection_cars|maximum_distractor_speed|cluster_dist|brake_dist,3,0,0,0,0,0,20.0,20.0,5.0,55.0,0,197,217.63711547851562,3.163568899111094,,out_of_road
6587,fresh,0,fresh,,,0,0,0,5,1,1,5.0,20.0,15.0,35.0,0,68,14.350311279296875,0.4023392279358471,,crash_vehicle
6588,replay,0,replay,,,0,0,0,5,1,1,5.0,20.0,15.0,35.0,0,217,218.63133239746094,6.11624399608662,,out_of_road
6589,fresh,0,fresh,,,0,1,1,1,1,1,10.0,20.0,15.0,35.0,0,68,39.600860595703125,1.0755287636728847,,arrive_dest
6590,crossover,0,crossover,,distractor_cars|intersection_cars|maximum_distractor_speed|cluster_dist|brake_dist,3,1,1,5,1,1,20.0,20.0,5.0,35.0,1,104,31.665019989013672,3.2623711136671214,,out_of_road
6591,fresh,0,fresh,,,0,0,0,1,0,1,20.0,40.0,10.0,55.0,0,77,3.877591133117676,0.07058000835505399,,out_of_road
6592,replay,0,replay,,,0,0,0,1,0,1,20.0,40.0,10.0,55.0,0,84,46.2097282409668,1.4973883515312558,,out_of_road
6593,fresh,0,fresh,,,0,0,0,4,0,1,5.0,5.0,10.0,10.0,0,39,7.283568382263184,1.8832590060356336,,crash_vehicle
6594,mutation,0,mutation,has_brake_checker,,0,0,0,8,0,0,15.0,20.0,5.0,20.0,0,202,176.65611267089844,5.105977098835577,,crash_vehicle
6595,fresh,0,fresh,,,0,0,0,2,0,0,5.0,5.0,10.0,55.0,2,24,-5.879122257232666,0.5257237752278646,,out_of_road
6596,mutation,0,mutation,distance_to_nearest,,1,0,0,0,0,0,15.0,5.0,10.0,10.0,0,326,329.4999694824219,5.601051217573552,,out_of_road
6597,fresh,0,fresh,,,0,1,1,0,1,0,20.0,10.0,5.0,35.0,0,112,71.95960235595703,1.4927813591701644,,crash_vehicle
6598,replay,0,replay,,,0,1,1,0,1,0,20.0,10.0,5.0,35.0,0,295,298.2590026855469,5.411718040906777,,out_of_road
6599,fresh,0,fresh,,,0,1,0,12,0,0,15.0,10.0,5.0,10.0,1,41,11.502704620361328,0.6452587047909818,,crash_vehicle
6600,replay,0,replay,,,0,1,0,12,0,0,15.0,10.0,5.0,10.0,1,94,42.97877502441406,7.819214902025588,,crash_vehicle
6601,fresh,0,fresh,,,0,1,1,1,1,0,15.0,40.0,15.0,55.0,1,212,226.91908264160156,4.1779431260700495,,out_of_road
6602,mutation,0,mutation,cluster_dist,,1,0,0,2,0,0,15.0,20.0,10.0,35.0,1,51,14.676847457885742,0.5010280422135895,,crash_vehicle
6603,fresh,0,fresh,,,0,0,0,3,0,1,10.0,40.0,5.0,55.0,2,218,224.42947387695312,3.512299009692778,,out_of_road
6604,mutation,0,mutation,maximum_distractor_speed,,1,0,0,8,0,0,15.0,20.0,15.0,35.0,3,85,50.1927490234375,1.4233343909768497,,crash_vehicle
6605,fresh,0,fresh,,,0,0,0,12,0,1,20.0,5.0,10.0,20.0,0,27,0.09557676315307617,0.0,,crash_vehicle
6606,replay,0,replay,,,0,0,0,12,0,1,20.0,5.0,10.0,20.0,0,207,221.88186645507812,8.360586616512082,,out_of_road
6607,fresh,0,fresh,,,0,0,0,12,0,1,20.0,10.0,5.0,35.0,0,34,4.692788124084473,0.17466713444275014,,crash_vehicle
6608,mutation,0,mutation,select_road|select_lane|ego_on_intersection|intersection_has_cars,,3,1,1,0,0,0,20.0,20.0,15.0,20.0,0,237,159.26097106933594,5.586879978200051,,out_of_road
6609,fresh,0,fresh,,,0,1,1,4,1,0,10.0,40.0,10.0,55.0,0,106,63.40983581542969,0.6732963149277669,,out_of_road
6610,replay,0,replay,,,0,1,1,4,1,0,10.0,40.0,10.0,55.0,0,231,226.3677215576172,5.215701811628424,,out_of_road
6611,fresh,0,fresh,,,0,0,0,3,1,1,20.0,40.0,5.0,55.0,2,158,116.90508270263672,6.185248083706144,,out_of_road
6612,replay,0,replay,,,0,0,0,3,1,1,20.0,40.0,5.0,55.0,2,291,338.8079833984375,8.236097695235534,,out_of_road
6613,fresh,0,fresh,,,0,1,1,8,0,1,15.0,40.0,10.0,55.0,0,2,10.0,4.0538835525512695,,arrive_dest
6614,mutation,0,mutation,distractor_cars,,1,0,0,18,0,0,20.0,20.0,10.0,55.0,0,57,16.420591354370117,0.0,,crash_vehicle
6615,fresh,0,fresh,,,0,0,0,4,0,1,20.0,5.0,10.0,55.0,1,40,5.336206436157227,0.13559493720531463,,crash_vehicle
6616,crossover,0,crossover,,has_brake_checker|distance_to_nearest|cluster_dist,2,1,0,5,1,1,15.0,10.0,15.0,20.0,2,36,5.720386505126953,0.0,,crash_vehicle
6617,fresh,0,fresh,,,0,1,1,18,1,1,20.0,5.0,10.0,35.0,0,23,-0.2625856399536133,0.0,,crash_vehicle
6618,crossover,0,crossover,,select_lane|ego_on_intersection|intersection_has_cars|intersection_cars|has_cluster|distance_to_nearest|cluster_dist|brake_dist,4,0,0,5,0,0,20.0,20.0,5.0,10.0,0,233,220.40127563476562,7.179032894035266,,crash_vehicle
6619,fresh,0,fresh,,,0,0,0,0,0,0,15.0,5.0,10.0,55.0,0,124,62.74254608154297,1.6751732672414472,,out_of_road
6620,crossover,0,crossover,,select_lane|ego_on_intersection|intersection_has_cars|distractor_cars|intersection_cars|has_cluster|cluster_dist|brake_dist,6,0,0,0,0,0,15.0,10.0,15.0,20.0,0,290,291.0985107421875,5.2054880813278,,out_of_road
6621,fresh,0,fresh,,,0,0,0,8,1,0,15.0,10.0,15.0,20.0,1,37,4.901296615600586,0.20481859671102987,,crash_vehicle
6622,replay,0,replay,,,0,0,0,8,1,0,15.0,10.0,15.0,20.0,1,299,295.9550476074219,4.63082705841814,,out_of_road
6623,fresh,0,fresh,,,0,1,1,18,0,0,20.0,10.0,10.0,55.0,2,40,3.351290702819824,0.7681581526994705,,crash_vehicle
6624,replay,0,replay,,,0,1,1,18,0,0,20.0,10.0,10.0,55.0,2,240,209.31802368164062,5.813864426439007,,out_of_road
6625,fresh,0,fresh,,,0,1,1,1,0,0,20.0,40.0,10.0,10.0,0,106,66.06070709228516,1.4398371349528152,,crash_vehicle
6626,mutation,0,mutation,distance_to_nearest,,1,0,0,18,0,0,10.0,40.0,5.0,35.0,0,166,114.68257141113281,3.2843119778546943,,out_of_road
6627,fresh,0,fresh,,,0,0,0,1,0,1,20.0,5.0,15.0,10.0,0,28,1.4849109649658203,0.11197763149227415,,crash_vehicle
6628,replay,0,replay,,,0,0,0,1,0,1,20.0,5.0,15.0,10.0,0,263,257.7824401855469,11.305835372141559,,out_of_road
6629,fresh,0,fresh,,,0,0,0,5,0,0,20.0,20.0,10.0,35.0,3,59,15.482641220092773,0.10154185860843981,,crash_vehicle
6630,mutation,0,mutation,has_brake_checker,,0,0,0,8,0,0,20.0,20.0,15.0,10.0,3,208,204.32302856445312,6.175421562475654,,crash_vehicle
6631,fresh,0,fresh,,,0,1,1,0,0,0,20.0,10.0,10.0,10.0,0,193,216.47607421875,3.6498091338212006,,out_of_road
6632,mutation,0,mutation,has_cluster,,0,0,0,0,0,0,20.0,20.0,5.0,10.0,0,283,299.8576965332031,6.2312047774294665,,out_of_road
6633,fresh,0,fresh,,,0,0,0,4,1,0,20.0,40.0,10.0,55.0,2,168,118.04682922363281,5.837642304954075,,out_of_road
6634,replay,0,replay,,,0,0,0,4,1,0,20.0,40.0,10.0,55.0,2,268,341.5373229980469,10.01301645287382,,out_of_road
6635,fresh,0,fresh,,,0,1,1,18,0,0,15.0,5.0,10.0,20.0,0,35,5.865483283996582,1.5930092096328736,,crash_vehicle
6636,crossover,0,crossover,,select_lane|ego_on_intersection|intersection_has_cars|has_brake_checker|intersection_cars|has_cluster|maximum_distractor_speed|distance_to_nearest,4,1,0,0,1,0,20.0,5.0,5.0,10.0,0,44,11.750547409057617,0.4009126394309781,,crash_vehicle
6637,fresh,0,fresh,,,0,0,0,18,0,1,10.0,40.0,5.0,10.0,1,75,33.865135192871094,0.4183589299519857,,crash_vehicle
6638,mutation,0,mutation,distractor_cars,,1,0,0,3,0,1,20.0,10.0,5.0,55.0,0,38,4.754090309143066,0.0,,crash_vehicle
6639,fresh,0,fresh,,,0,0,0,12,0,0,10.0,20.0,10.0,35.0,2,253,210.2515869140625,7.317993029775356,,out_of_road
6640,crossover,0,crossover,,select_lane|ego_on_intersection|intersection_has_cars|distractor_cars|has_brake_checker|intersection_cars|has_cluster|maximum_distractor_speed,6,1,1,5,0,1,15.0,20.0,10.0,20.0,0,51,15.616230010986328,0.3883205488616345,,crash_vehicle
6641,fresh,0,fresh,,,0,0,0,12,1,1,15.0,40.0,15.0,55.0,3,93,50.110469818115234,1.2709780809699849,,crash_vehicle
6642,mutation,0,mutation,has_brake_checker,,1,0,0,0,1,0,10.0,5.0,15.0,10.0,0,44,10.790945053100586,1.0069890821521932,,crash_vehicle
6643,fresh,0,fresh,,,0,0,0,1,0,1,15.0,40.0,10.0,55.0,1,155,120.63274383544922,2.742353125349168,,out_of_road
6644,replay,0,replay,,,0,0,0,1,0,1,15.0,40.0,10.0,55.0,1,262,298.7086181640625,7.324500710397731,,out_of_road
6645,fresh,0,fresh,,,0,1,1,4,1,1,5.0,20.0,10.0,35.0,3,63,5.205636978149414,0.39702497730179437,,out_of_road
6646,crossover,0,crossover,,select_lane|ego_on_intersection|intersection_has_cars,0,0,0,5,0,0,20.0,20.0,10.0,20.0,2,103,46.43001937866211,0.47924346194683926,,crash_vehicle
6647,fresh,0,fresh,,,0,1,0,0,0,0,20.0,5.0,15.0,55.0,0,43,-0.3275146484375,0.0896008291909861,,out_of_road
6648,crossover,0,crossover,,has_brake_checker|intersection_cars|maximum_distractor_speed|distance_to_nearest|brake_dist,1,0,0,5,0,0,20.0,20.0,10.0,10.0,0,101,53.256675720214844,0.44734829774882534,,crash_vehicle
6649,fresh,0,fresh,,,0,1,0,12,1,1,5.0,20.0,15.0,35.0,0,124,47.7720832824707,0.6769824073679985,,crash_vehicle
6650,replay,0,replay,,,0,1,0,12,1,1,5.0,20.0,15.0,35.0,0,232,167.0856475830078,4.409867625812004,,out_of_road
6651,fresh,0,fresh,,,0,1,0,8,0,0,15.0,40.0,15.0,20.0,0,122,83.67975616455078,1.8492439213346263,,crash_vehicle
6652,replay,0,replay,,,0,1,0,8,0,0,15.0,40.0,15.0,20.0,0,220,219.91357421875,6.063169312951239,,out_of_road
6653,fresh,0,fresh,,,0,0,0,2,0,1,5.0,5.0,15.0,55.0,0,28,2.4238524436950684,0.24025740953428404,,crash_vehicle
6654,replay,0,replay,,,0,0,0,2,0,1,5.0,5.0,15.0,55.0,0,208,222.73313903808594,7.016924135386944,,out_of_road
6655,fresh,0,fresh,,,0,1,0,4,1,0,20.0,10.0,15.0,35.0,1,43,10.386711120605469,0.3723236308541409,,crash_vehicle
6656,mutation,0,mutation,cluster_dist,,1,0,0,3,1,1,20.0,40.0,10.0,55.0,2,78,31.544818878173828,0.7396910435114151,,out_of_road
6657,fresh,0,fresh,,,0,1,0,1,1,1,10.0,5.0,10.0,35.0,1,195,165.1991729736328,2.908692671243961,,out_of_road
6658,mutation,0,mutation,maximum_distractor_speed,,1,0,0,0,0,0,5.0,20.0,10.0,10.0,0,262,328.54229736328125,10.888348214043916,,out_of_road
6659,fresh,0,fresh,,,0,0,0,1,0,0,5.0,10.0,10.0,20.0,1,188,209.70083618164062,3.69238183532465,,out_of_road
6660,replay,0,replay,,,0,0,0,1,0,0,5.0,10.0,10.0,20.0,1,116,65.90799713134766,8.674617208283523,,arrive_dest
6661,fresh,0,fresh,,,0,0,0,5,0,1,15.0,20.0,10.0,10.0,2,71,14.613361358642578,0.006162351285907584,,crash_vehicle
6662,replay,0,replay,,,0,0,0,5,0,1,15.0,20.0,10.0,10.0,2,272,291.5901794433594,7.253295702969327,,out_of_road
6663,fresh,0,fresh,,,0,1,0,4,0,1,10.0,10.0,15.0,20.0,3,51,16.069761276245117,1.117543381803176,,crash_vehicle
6664,mutation,0,mutation,maximum_distractor_speed,,1,0,0,5,0,0,5.0,20.0,5.0,20.0,1,84,43.2547721862793,0.30309538587573026,,crash_vehicle
6665,fresh,0,fresh,,,0,0,0,4,1,0,15.0,5.0,10.0,20.0,1,52,13.437019348144531,1.8567716728609343,,crash_vehicle
6666,crossover,0,crossover,,intersection_cars|maximum_distractor_speed|distance_to_nearest|cluster_dist|brake_dist,3,0,0,12,0,0,5.0,20.0,10.0,10.0,0,23,-5.618417263031006,0.20508650074834409,,out_of_road
6667,fresh,0,fresh,,,0,0,0,1,1,0,15.0,10.0,15.0,35.0,1,119,61.88841247558594,3.8220480642899743,,out_of_road
6668,replay,0,replay,,,0,0,0,1,1,0,15.0,10.0,15.0,35.0,1,201,220.28814697265625,8.594273664909808,,out_of_road
6669,fresh,0,fresh,,,0,0,0,2,0,0,5.0,40.0,10.0,35.0,1,199,171.58233642578125,5.188822371351659,,out_of_road
6670,mutation,0,mutation,has_cluster,,0,0,0,0,0,0,10.0,20.0,10.0,10.0,0,274,298.57147216796875,6.279350768638788,,out_of_road
6671,fresh,0,fresh,,,0,1,0,18,0,0,5.0,10.0,5.0,20.0,1,44,11.153804779052734,0.6103578291156075,,crash_vehicle
6672,crossover,0,crossover,,has_brake_checker|has_cluster|cluster_dist,1,0,0,4,0,0,20.0,20.0,15.0,55.0,0,76,31.126224517822266,0.2897738171251197,,crash_vehicle
6673,fresh,0,fresh,,,0,0,0,12,0,0,10.0,5.0,5.0,10.0,3,22,-0.07059955596923828,0.0,,crash_vehicle
6674,crossover,0,crossover,,select_lane|ego_on_intersection|intersection_has_cars|distractor_cars|has_brake_checker|maximum_distractor_speed|distance_to_nearest,6,1,1,2,0,0,20.0,40.0,5.0,20.0,0,224,224.12826538085938,3.2322600275012,,out_of_road
6675,fresh,0,fresh,,,0,0,0,3,1,1,5.0,10.0,5.0,35.0,1,54,5.240012168884277,1.7590964988425926,,out_of_road
6676,mutation,0,mutation,select_road|select_lane|ego_on_intersection|intersection_has_cars,,2,1,0,4,1,0,20.0,40.0,10.0,55.0,2,83,35.95668411254883,0.31113914050251607,,out_of_road
6677,fresh,0,fresh,,,0,1,1,2,1,1,15.0,40.0,5.0,55.0,1,73,28.68218994140625,0.5177658159438878,,out_of_road
6678,crossover,0,crossover,,select_lane|ego_on_intersection|intersection_has_cars|has_brake_checker|has_cluster|brake_dist,2,0,0,0,0,0,10.0,20.0,10.0,55.0,0,189,214.36590576171875,3.409909114951179,,out_of_road
6679,fresh,0,fresh,,,0,1,0,3,1,1,20.0,40.0,5.0,55.0,0,76,34.64850616455078,0.9288343889148611,,crash_vehicle
6680,crossover,0,crossover,,has_brake_checker|intersection_cars|cluster_dist|brake_dist,2,0,0,4,0,0,20.0,20.0,10.0,20.0,2,234,224.31524658203125,5.905879326483124,,out_of_road
6681,fresh,0,fresh,,,0,0,0,3,0,1,20.0,40.0,15.0,35.0,0,57,3.668337821960449,0.4073571923531984,,out_of_road
6682,crossover,0,crossover,,distractor_cars|intersection_cars|maximum_distractor_speed|cluster_dist|brake_dist,3,0,0,8,0,0,20.0,20.0,10.0,20.0,0,212,185.00833129882812,4.858344406170665,,crash_vehicle
6683,fresh,0,fresh,,,0,0,0,12,0,0,10.0,5.0,15.0,10.0,0,22,-0.29781579971313477,0.05774344910274853,,crash_vehicle
6684,replay,0,replay,,,0,0,0,12,0,0,10.0,5.0,15.0,10.0,0,302,345.4571838378906,7.192921393014343,,out_of_road
6685,fresh,0,fresh,,,0,1,1,2,1,0,20.0,20.0,15.0,55.0,2,86,44.01668930053711,1.0055492887663287,,out_of_road
6686,crossover,0,crossover,,select_lane|ego_on_intersection|intersection_has_cars|distractor_cars|has_brake_checker|intersection_cars|has_cluster|maximum_distractor_speed,1,0,0,5,0,0,20.0,20.0,5.0,35.0,2,61,13.444242477416992,0.13788985033504297,,crash_vehicle
6687,fresh,0,fresh,,,0,1,0,5,1,0,5.0,5.0,10.0,20.0,2,23,-0.22838735580444336,0.001901660276495892,,crash_vehicle
6688,mutation,0,mutation,distractor_cars,,1,0,0,4,0,0,20.0,5.0,15.0,10.0,0,21,-0.48012351989746094,0.0,,crash_vehicle
6689,fresh,0,fresh,,,0,0,0,18,1,1,10.0,10.0,10.0,55.0,2,77,33.170345306396484,3.120188530679647,,crash_vehicle
6690,crossover,0,crossover,,select_lane|ego_on_intersection|intersection_has_cars|distractor_cars|maximum_distractor_speed|cluster_dist|brake_dist,4,0,0,5,0,0,20.0,20.0,5.0,20.0,3,263,240.9942626953125,5.168459144495286,,crash_vehicle
6691,fresh,0,fresh,,,0,0,0,1,1,0,10.0,5.0,10.0,55.0,0,23,-0.05578136444091797,0.029692984145620594,,crash_vehicle
6692,replay,0,replay,,,0,0,0,1,1,0,10.0,5.0,10.0,55.0,0,2,10.0,0.0,,arrive_dest
6693,fresh,0,fresh,,,0,0,0,18,0,1,20.0,40.0,15.0,20.0,1,112,59.614013671875,1.520081914961338,,out_of_road
6694,crossover,0,crossover,,has_brake_checker|intersection_cars|has_cluster|distance_to_nearest|cluster_dist|brake_dist,3,0,0,8,0,0,15.0,20.0,15.0,35.0,3,209,161.9055633544922,4.00332600020906,,crash_vehicle
6695,fresh,0,fresh,,,0,0,0,1,0,0,15.0,40.0,10.0,10.0,1,224,224.66641235351562,3.3171869789283455,,out_of_road
6696,crossover,0,crossover,,maximum_distractor_speed|cluster_dist|brake_dist,1,0,0,5,0,0,20.0,20.0,10.0,20.0,2,163,104.58272552490234,2.47902691181452,,crash_vehicle
6697,fresh,0,fresh,,,0,1,1,18,1,1,15.0,40.0,10.0,55.0,3,78,33.394134521484375,0.44423295156313825,,crash_vehicle
6698,mutation,0,mutation,has_brake_checker,,1,0,0,0,1,0,10.0,5.0,5.0,20.0,0,229,287.60406494140625,9.77086640315285,,out_of_road
6699,fresh,0,fresh,,,0,0,0,12,0,0,15.0,10.0,10.0,55.0,3,126,55.93175506591797,6.421929423771207,,out_of_road
6700,replay,0,replay,,,0,0,0,12,0,0,15.0,10.0,10.0,55.0,3,224,209.54803466796875,7.662577804710184,,out_of_road
6701,fresh,0,fresh,,,0,1,1,12,1,1,10.0,20.0,5.0,35.0,3,57,14.508146286010742,0.330574537578382,,crash_vehicle
6702,mutation,0,mutation,cluster_dist,,0,0,0,0,0,0,20.0,20.0,5.0,10.0,0,278,303.98760986328125,6.090346066482204,,out_of_road
6703,fresh,0,fresh,,,0,0,0,1,1,0,20.0,5.0,10.0,55.0,0,177,104.56239318847656,8.134285107507544,,crash_vehicle
6704,replay,0,replay,,,0,0,0,1,1,0,20.0,5.0,10.0,55.0,0,222,219.79701232910156,7.6028376457927465,,out_of_road
6705,fresh,0,fresh,,,0,0,0,3,1,1,15.0,10.0,15.0,55.0,3,200,222.0831298828125,4.936127105653286,,out_of_road
6706,crossover,0,crossover,,distractor_cars|has_brake_checker|has_cluster|maximum_distractor_speed|distance_to_nearest|cluster_dist|brake_dist,3,0,0,0,0,0,10.0,20.0,10.0,10.0,0,204,212.95742797851562,2.628973857006606,,out_of_road
6707,fresh,0,fresh,,,0,0,0,3,0,0,20.0,40.0,15.0,10.0,3,114,65.33573150634766,2.0543356171825478,,out_of_road
6708,crossover,0,crossover,,select_lane|ego_on_intersection|intersection_has_cars|distractor_cars|has_brake_checker|has_cluster,0,0,0,0,0,0,10.0,5.0,5.0,55.0,0,313,291.97772216796875,3.715732531520886,,out_of_road
6709,fresh,0,fresh,,,0,1,0,8,1,0,5.0,10.0,15.0,20.0,1,34,6.724675178527832,0.412670843741473,,crash_vehicle
6710,crossover,0,crossover,,distractor_cars|intersection_cars|cluster_dist,2,0,0,8,0,0,15.0,20.0,15.0,20.0,3,126,57.54987335205078,0.5028743030769485,,crash_vehicle
6711,fresh,0,fresh,,,0,0,0,8,0,0,20.0,10.0,5.0,20.0,0,236,221.55615234375,4.997032609089452,,out_of_road
6712,replay,0,replay,,,0,0,0,8,0,0,20.0,10.0,5.0,20.0,0,224,232.86727905273438,7.945041304055069,,out_of_road
6713,fresh,0,fresh,,,0,1,0,5,0,1,10.0,10.0,10.0,20.0,0,35,6.850886344909668,0.01589260016168867,,crash_vehicle
6714,replay,0,replay,,,0,1,0,5,0,1,10.0,10.0,10.0,20.0,0,251,207.97303771972656,4.563695026999451,,out_of_road
6715,fresh,0,fresh,,,0,0,0,12,1,0,20.0,20.0,10.0,35.0,0,81,38.39423751831055,0.8554505788617663,,crash_vehicle
6716,replay,0,replay,,,0,0,0,12,1,0,20.0,20.0,10.0,35.0,0,282,307.10986328125,6.148013402278542,,out_of_road
6717,fresh,0,fresh,,,0,0,0,4,1,1,15.0,5.0,5.0,20.0,0,178,-0.4785175323486328,1.264196110659101,,crash_vehicle
6718,mutation,0,mutation,maximum_distractor_speed,,1,0,0,0,0,0,15.0,5.0,5.0,20.0,0,244,281.56787109375,6.43728728262616,,out_of_road
6719,fresh,0,fresh,,,0,0,0,2,1,1,20.0,20.0,10.0,35.0,1,49,0.7115073204040527,0.2894318006476577,,out_of_road
6720,crossover,0,crossover,,has_brake_checker|intersection_cars|distance_to_nearest|cluster_dist|brake_dist,2,0,0,0,0,0,20.0,20.0,5.0,20.0,0,319,299.5082092285156,3.299732154252761,,out_of_road
6721,fresh,0,fresh,,,0,1,1,2,0,1,10.0,10.0,10.0,55.0,1,128,76.76972198486328,5.204802902648225,,arrive_dest
6722,crossover,0,crossover,,distractor_cars|has_brake_checker|intersection_cars|has_cluster|maximum_distractor_speed|brake_dist,3,0,0,4,0,0,20.0,5.0,5.0,20.0,3,262,293.9344177246094,7.553642525358964,,out_of_road
6723,fresh,0,fresh,,,0,1,1,2,1,0,5.0,20.0,5.0,35.0,2,69,29.292037963867188,0.6124442833057349,,out_of_road
6724,crossover,0,crossover,,select_lane|ego_on_intersection|intersection_has_cars|intersection_cars|cluster_dist|brake_dist,2,0,0,0,0,0,15.0,20.0,10.0,55.0,0,152,109.34037017822266,2.046686991068878,,out_of_road
6725,fresh,0,fresh,,,0,0,0,5,0,0,10.0,5.0,10.0,10.0,1,197,95.68475341796875,6.68304474916555,,out_of_road
6726,replay,0,replay,,,0,0,0,5,0,0,10.0,5.0,10.0,10.0,1,221,220.58543395996094,6.884196635487393,,out_of_road
6727,fresh,0,fresh,,,0,1,0,5,1,1,15.0,20.0,10.0,35.0,1,63,20.668224334716797,0.5697372016452608,,crash_vehicle
6728,mutation,0,mutation,distance_to_nearest,,1,0,0,0,0,0,10.0,40.0,15.0,10.0,0,305,341.6600646972656,6.845628436618164,,out_of_road
6729,fresh,0,fresh,,,0,0,0,2,1,0,15.0,10.0,10.0,20.0,1,22,-5.659374237060547,0.529954650185325,,out_of_road
6730,replay,0,replay,,,0,0,0,2,1,0,15.0,10.0,10.0,20.0,1,243,207.91177368164062,4.036738240915071,,out_of_road
6731,fresh,0,fresh,,,0,1,0,2,0,0,20.0,5.0,10.0,10.0,2,103,54.41093444824219,1.1393343187072902,,out_of_road
6732,replay,0,replay,,,0,1,0,2,0,0,20.0,5.0,10.0,10.0,2,253,294.4258728027344,8.58394440808315,,out_of_road
6733,fresh,0,fresh,,,0,0,0,1,0,1,20.0,20.0,10.0,10.0,0,94,49.01020050048828,0.7054837998299999,,crash_vehicle
6734,crossover,0,crossover,,distractor_cars|intersection_cars|maximum_distractor_speed|distance_to_nearest|cluster_dist,4,0,0,8,0,0,15.0,20.0,5.0,20.0,3,231,217.70553588867188,4.942617879672484,,out_of_road
6735,fresh,0,fresh,,,0,0,0,5,0,0,5.0,5.0,5.0,20.0,1,110,-1.5575053691864014,2.032903062213551,,crash_vehicle
6736,replay,0,replay,,,0,0,0,5,0,0,5.0,5.0,5.0,20.0,1,206,154.234130859375,3.987199563135221,,out_of_road
6737,fresh,0,fresh,,,0,0,0,3,1,1,15.0,40.0,5.0,55.0,2,85,45.88813781738281,0.5497479103943881,,crash_vehicle
6738,mutation,0,mutation,intersection_cars,,0,0,0,0,0,0,20.0,20.0,5.0,10.0,0,319,328.085693359375,6.147909306153235,,out_of_road
6739,fresh,0,fresh,,,0,0,0,2,1,1,15.0,5.0,5.0,35.0,2,221,230.2675323486328,3.9671688553839246,,out_of_road
6740,mutation,0,mutation,select_road|select_lane|ego_on_intersection|intersection_has_cars,,1,0,0,8,0,0,20.0,20.0,5.0,20.0,0,157,82.58222198486328,2.4865359765519,,crash_vehicle
6741,fresh,0,fresh,,,0,0,0,18,1,1,15.0,5.0,5.0,20.0,0,27,1.5319018363952637,0.012553462827647174,,crash_vehicle
6742,crossover,0,crossover,,select_lane|ego_on_intersection|intersection_has_cars|has_brake_checker|has_cluster|cluster_dist,3,0,0,2,0,0,15.0,10.0,15.0,10.0,1,320,333.8576354980469,9.009524764306843,,crash_vehicle
6743,fresh,0,fresh,,,0,1,1,18,1,1,10.0,10.0,15.0,35.0,3,38,6.629786491394043,0.06365073354620683,,crash_vehicle
6744,crossover,0,crossover,,has_brake_checker|intersection_cars|maximum_distractor_speed|distance_to_nearest|cluster_dist|brake_dist,3,0,0,5,0,0,20.0,20.0,5.0,55.0,0,85,34.249210357666016,0.8605076625066646,,crash_vehicle
6745,fresh,0,fresh,,,0,0,0,8,0,0,15.0,20.0,5.0,20.0,2,185,116.07997131347656,3.075779631008973,,crash_vehicle
6746,mutation,0,mutation,distance_to_nearest,,1,0,0,0,0,0,15.0,20.0,15.0,10.0,0,307,332.3645935058594,7.235850161614946,,out_of_road
6747,fresh,0,fresh,,,0,1,0,2,0,1,20.0,40.0,10.0,20.0,2,193,212.3773956298828,2.9746205760407323,,out_of_road
6748,mutation,0,mutation,cluster_dist,,1,0,0,5,0,0,20.0,20.0,10.0,35.0,2,139,76.34320831298828,2.4387620147183644,,crash_vehicle
6749,fresh,0,fresh,,,0,1,0,12,1,0,20.0,20.0,15.0,35.0,1,99,51.2962532043457,1.5822733848383932,,crash_vehicle
6750,crossover,0,crossover,,select_lane|ego_on_intersection|intersection_has_cars|distractor_cars|has_brake_checker|distance_to_nearest,3,0,0,0,0,0,15.0,20.0,5.0,20.0,0,3,10.006532669067383,0.0,,arrive_dest
6751,fresh,0,fresh,,,0,0,0,0,0,0,15.0,10.0,10.0,20.0,0,180,127.06903076171875,2.902447746694088,,arrive_dest
6752,crossover,0,crossover,,has_brake_checker|maximum_distractor_speed|distance_to_nearest|brake_dist,3,0,0,5,0,0,15.0,10.0,5.0,10.0,2,58,8.728212356567383,0.07562611020844558,,crash_vehicle
6753,fresh,0,fresh,,,0,0,0,2,1,0,5.0,40.0,5.0,55.0,2,107,67.07794952392578,1.6199169259205042,,out_of_road
6754,replay,0,replay,,,0,0,0,2,1,0,5.0,40.0,5.0,55.0,2,255,283.55419921875,6.505953068125482,,out_of_road
6755,fresh,0,fresh,,,0,1,1,12,1,1,15.0,10.0,5.0,35.0,1,38,7.040619850158691,0.40907398023103414,,crash_vehicle
6756,crossover,0,crossover,,has_cluster|maximum_distractor_speed|cluster_dist|brake_dist,3,0,0,5,0,0,15.0,20.0,10.0,10.0,1,119,69.97036743164062,2.1505274677476964,,crash_vehicle
6757,fresh,0,fresh,,,0,1,1,12,1,0,5.0,10.0,10.0,20.0,0,35,5.32850456237793,0.0,,crash_vehicle
6758,mutation,0,mutation,has_brake_checker,,0,0,0,8,0,0,20.0,10.0,15.0,35.0,3,228,193.284912109375,6.212024686629312,,crash_vehicle
6759,fresh,0,fresh,,,0,0,0,8,1,1,15.0,40.0,5.0,55.0,1,100,31.689075469970703,0.2601659822463989,,crash_vehicle
6760,replay,0,replay,,,0,0,0,8,1,1,15.0,40.0,5.0,55.0,1,98,47.32551956176758,1.0601307153701782,,out_of_road
6761,fresh,0,fresh,,,0,1,0,1,1,0,10.0,40.0,10.0,55.0,1,125,95.73103332519531,1.3131311354637145,,crash_vehicle
6762,crossover,0,crossover,,select_lane|ego_on_intersection|intersection_has_cars|intersection_cars|has_cluster|maximum_distractor_speed,1,0,0,0,0,0,20.0,20.0,5.0,20.0,0,198,220.25949096679688,2.5451929670090627,,out_of_road
6763,fresh,0,fresh,,,0,0,0,4,1,1,10.0,5.0,5.0,55.0,2,33,3.07804012298584,0.5720308088895046,,crash_vehicle
6764,crossover,0,crossover,,select_lane|ego_on_intersection|intersection_has_cars|distractor_cars|has_brake_checker|intersection_cars|has_cluster|distance_to_nearest|brake_dist,0,0,0,0,0,0,10.0,5.0,5.0,20.0,0,265,301.9991455078125,6.969958906803491,,out_of_road
6765,fresh,0,fresh,,,0,1,1,12,1,0,20.0,20.0,10.0,55.0,0,216,123.60528564453125,3.960317801684141,,out_of_road
6766,mutation,0,mutation,intersection_cars,,0,0,0,0,0,0,15.0,5.0,5.0,20.0,0,272,295.4010314941406,6.263229204396553,,out_of_road
6767,fresh,0,fresh,,,0,0,0,5,1,0,20.0,40.0,15.0,55.0,0,58,3.254605293273926,0.3132490926775439,,out_of_road
6768,crossover,0,crossover,,cluster_dist|brake_dist,2,0,0,5,0,0,20.0,20.0,15.0,20.0,2,252,219.39218139648438,6.017071512483415,,out_of_road
6769,fresh,0,fresh,,,0,0,0,8,1,1,15.0,5.0,5.0,35.0,3,30,3.5866432189941406,0.29250503256917,,crash_vehicle
6770,replay,0,replay,,,0,0,0,8,1,1,15.0,5.0,5.0,35.0,3,226,219.66970825195312,5.939662548952398,,out_of_road
6771,fresh,0,fresh,,,0,0,0,4,1,1,10.0,10.0,10.0,20.0,2,53,11.952251434326172,0.9113361970433649,,crash_vehicle
6772,replay,0,replay,,,0,0,0,4,1,1,10.0,10.0,10.0,20.0,2,102,43.88764190673828,7.68500086314538,,crash_vehicle
6773,fresh,0,fresh,,,0,1,0,2,0,1,10.0,20.0,5.0,20.0,2,80,35.52242660522461,0.45570879280567167,,out_of_road
6774,mutation,0,mutation,select_road|select_lane|ego_on_intersection|intersection_has_cars,,1,0,0,2,0,0,15.0,20.0,5.0,35.0,1,81,37.94329833984375,0.755621087403945,,crash_vehicle
6775,fresh,0,fresh,,,0,0,0,18,1,1,5.0,10.0,10.0,20.0,2,35,4.824498176574707,0.053192792619977676,,crash_vehicle
6776,replay,0,replay,,,0,0,0,18,1,1,5.0,10.0,10.0,20.0,2,233,219.31198120117188,5.132078175892646,,out_of_road
6777,fresh,0,fresh,,,0,0,0,0,1,0,15.0,10.0,15.0,55.0,0,131,89.93490600585938,3.045507263136274,,arrive_dest
6778,mutation,0,mutation,has_cluster,,0,0,0,0,0,0,10.0,5.0,5.0,55.0,0,70,8.085984230041504,0.28907459803989954,,out_of_road
6779,fresh,0,fresh,,,0,1,0,1,0,1,5.0,10.0,10.0,55.0,0,38,8.498210906982422,0.1735690051787778,,crash_vehicle
6780,mutation,0,mutation,distractor_cars,,1,1,0,12,0,0,15.0,10.0,10.0,10.0,1,93,29.323444366455078,3.662726084391276,,out_of_road
6781,fresh,0,fresh,,,0,0,0,0,1,0,15.0,5.0,5.0,10.0,0,92,34.58616256713867,2.9252674799898397,,crash_vehicle
6782,replay,0,replay,,,0,0,0,0,1,0,15.0,5.0,5.0,10.0,0,296,300.483154296875,4.431418699086518,,out_of_road
6783,fresh,0,fresh,,,0,0,0,5,0,0,20.0,10.0,5.0,10.0,2,160,108.2252426147461,7.0411647915840145,,out_of_road
6784,mutation,0,mutation,cluster_dist,,1,0,0,0,0,0,5.0,20.0,5.0,10.0,0,316,326.12542724609375,5.827990003213098,,out_of_road
6785,fresh,0,fresh,,,0,0,0,1,1,0,10.0,20.0,5.0,55.0,1,123,94.23065948486328,1.5315803793387683,,crash_vehicle
6786,mutation,0,mutation,distractor_cars,,1,0,0,1,0,0,15.0,10.0,15.0,10.0,1,310,299.5435485839844,4.598151490188414,,out_of_road
6787,fresh,0,fresh,,,0,0,0,18,0,1,10.0,10.0,15.0,20.0,3,76,27.48642349243164,1.95416785227625,,crash_vehicle
6788,mutation,0,mutation,distractor_cars,,1,0,0,4,0,0,20.0,20.0,5.0,10.0,0,116,41.32843017578125,1.1171058311030782,,crash_vehicle
6789,fresh,0,fresh,,,0,1,0,5,1,1,5.0,40.0,15.0,55.0,3,83,46.77326202392578,0.704571040279894,,crash_vehicle
6790,crossover,0,crossover,,select_lane|ego_on_intersection|intersection_has_cars|has_brake_checker|distance_to_nearest|cluster_dist|brake_dist,3,0,0,4,0,0,20.0,20.0,10.0,10.0,0,73,30.249393463134766,1.2323949745256606,,out_of_road
6791,fresh,0,fresh,,,0,1,0,8,1,0,15.0,20.0,10.0,35.0,2,75,30.06882095336914,0.48986663977305095,,crash_vehicle
6792,crossover,0,crossover,,distractor_cars|has_brake_checker|has_cluster|distance_to_nearest|cluster_dist|brake_dist,3,0,0,0,0,0,10.0,5.0,5.0,20.0,0,303,330.0296936035156,7.265702781872977,,out_of_road
6793,fresh,0,fresh,,,0,1,0,5,0,0,5.0,40.0,5.0,20.0,2,111,66.68531799316406,1.2695140312383841,,crash_vehicle
6794,mutation,0,mutation,has_brake_checker,,2,0,0,8,1,0,20.0,20.0,15.0,35.0,0,74,39.40150833129883,0.5024048182609919,,crash_vehicle
6795,fresh,0,fresh,,,0,0,0,2,1,1,20.0,40.0,15.0,55.0,2,91,45.05282974243164,0.6100845703711877,,out_of_road
6796,mutation,0,mutation,has_brake_checker,,0,1,0,5,0,1,15.0,10.0,5.0,20.0,2,33,4.603179931640625,0.24468485514322916,,crash_vehicle
6797,fresh,0,fresh,,,0,1,1,3,0,0,5.0,40.0,10.0,20.0,3,94,63.3626708984375,1.711157073999973,,out_of_road
6798,crossover,0,crossover,,has_brake_checker|intersection_cars|has_cluster|maximum_distractor_speed|distance_to_nearest|cluster_dist|brake_dist,3,0,0,0,0,0,20.0,20.0,5.0,20.0,0,325,301.7838134765625,3.6124220705777406,,out_of_road
6799,fresh,0,fresh,,,0,0,0,3,0,0,15.0,10.0,10.0,35.0,0,112,42.31177520751953,2.983824403158256,,crash_vehicle
6800,replay,0,replay,,,0,0,0,3,0,0,15.0,10.0,10.0,35.0,0,200,118.04730987548828,4.160923230648041,,out_of_road
6801,fresh,0,fresh,,,0,0,0,2,1,0,15.0,10.0,10.0,20.0,2,265,183.84852600097656,3.6642256718761517,,out_of_road
6802,crossover,0,crossover,,has_brake_checker|distance_to_nearest|brake_dist,2,0,0,0,0,0,10.0,10.0,15.0,10.0,0,288,302.95025634765625,5.5991868689242335,,out_of_road
6803,fresh,0,fresh,,,0,1,1,18,0,1,10.0,20.0,5.0,20.0,3,52,15.012727737426758,0.5474803631122296,,crash_vehicle
6804,mutation,0,mutation,select_road|select_lane|ego_on_intersection|intersection_has_cars,,1,0,0,0,0,0,10.0,5.0,15.0,10.0,0,154,130.08505249023438,1.7475872026248411,,out_of_road
6805,fresh,0,fresh,,,0,0,0,12,1,0,20.0,20.0,5.0,35.0,1,54,18.232481002807617,0.5557687856532909,,crash_vehicle
6806,replay,0,replay,,,0,0,0,12,1,0,20.0,20.0,5.0,35.0,1,86,46.452816009521484,1.2852980702422385,,out_of_road
6807,fresh,0,fresh,,,0,1,1,12,0,1,5.0,10.0,10.0,10.0,3,36,5.244770050048828,0.0,,crash_vehicle
6808,mutation,0,mutation,intersection_cars,,1,0,0,4,0,0,20.0,20.0,15.0,20.0,2,246,226.82017517089844,5.353516774388348,,out_of_road
6809,fresh,0,fresh,,,0,0,0,3,0,1,5.0,40.0,15.0,35.0,1,16,11.542595863342285,1.1512175798416138,,arrive_dest
6810,crossover,0,crossover,,select_lane|ego_on_intersection|intersection_has_cars|has_brake_checker|maximum_distractor_speed|cluster_dist,4,0,0,5,0,1,20.0,10.0,10.0,20.0,2,33,5.370777130126953,0.011243397539312189,,crash_vehicle
6811,fresh,0,fresh,,,0,0,0,3,1,0,10.0,10.0,15.0,20.0,1,37,2.0341901779174805,0.0,,crash_vehicle
6812,mutation,0,mutation,select_road|select_lane|ego_on_intersection|intersection_has_cars,,3,1,1,0,0,0,10.0,5.0,5.0,20.0,0,168,152.6636505126953,4.344371659237714,,out_of_road
6813,fresh,0,fresh,,,0,1,1,2,1,1,15.0,20.0,5.0,35.0,2,131,73.46453857421875,1.6245451114559901,,crash_vehicle
6814,replay,0,replay,,,0,1,1,2,1,1,15.0,20.0,5.0,35.0,2,310,302.9668273925781,4.606612931744706,,out_of_road
6815,fresh,0,fresh,,,0,0,0,8,0,0,5.0,10.0,10.0,20.0,1,35,4.701322555541992,0.20054946286337716,,crash_vehicle
6816,mutation,0,mutation,distance_to_nearest,,1,0,0,4,0,0,20.0,5.0,15.0,20.0,0,27,1.61250638961792,5.68407553213614e-05,,crash_vehicle
6817,fresh,0,fresh,,,0,0,0,1,0,0,10.0,20.0,15.0,35.0,1,97,46.87181091308594,1.2876800688886152,,out_of_road
6818,replay,0,replay,,,0,0,0,1,0,0,10.0,20.0,15.0,35.0,1,207,213.89111328125,7.373548561536172,,out_of_road
6819,fresh,0,fresh,,,0,1,1,1,1,0,5.0,10.0,5.0,55.0,1,109,87.76639556884766,1.9389482173350974,,crash_vehicle
6820,mutation,0,mutation,distractor_cars,,1,0,0,8,0,0,20.0,20.0,15.0,10.0,0,292,338.9649658203125,10.00276405435719,,out_of_road
6821,fresh,0,fresh,,,0,1,1,8,1,1,20.0,40.0,15.0,55.0,1,92,51.868019104003906,2.521873087986656,,crash_vehicle
6822,crossover,0,crossover,,select_lane|ego_on_intersection|intersection_has_cars|distractor_cars|maximum_distractor_speed|brake_dist,4,0,0,1,0,0,20.0,20.0,10.0,55.0,1,207,169.50833129882812,3.5166628518398255,,out_of_road
6823,fresh,0,fresh,,,0,1,1,12,1,1,5.0,5.0,15.0,20.0,0,186,121.19258880615234,5.788310092783743,,out_of_road
6824,mutation,0,mutation,has_cluster,,0,0,0,4,0,0,20.0,20.0,5.0,55.0,0,90,41.44062423706055,0.3652101026640998,,crash_vehicle
6825,fresh,0,fresh,,,0,0,0,5,1,0,10.0,5.0,10.0,20.0,1,34,2.8451781272888184,0.0810561936129542,,crash_vehicle
6826,crossover,0,crossover,,has_brake_checker|intersection_cars|distance_to_nearest|brake_dist,2,1,0,5,0,1,15.0,5.0,5.0,20.0,0,31,2.2575178146362305,0.0,,crash_vehicle
6827,fresh,0,fresh,,,0,1,1,2,0,1,15.0,5.0,15.0,10.0,0,233,124.4205322265625,5.57702356346687,,out_of_road
6828,replay,0,replay,,,0,1,1,2,0,1,15.0,5.0,15.0,10.0,0,26,-1.8389499187469482,1.045619010925293,,out_of_road
6829,fresh,0,fresh,,,0,1,0,5,0,1,5.0,40.0,15.0,20.0,3,109,50.517520904541016,1.980673662292848,,out_of_road
6830,crossover,0,crossover,,select_lane|ego_on_intersection|intersection_has_cars|has_brake_checker|maximum_distractor_speed|distance_to_nearest,2,0,0,4,0,0,20.0,10.0,5.0,10.0,0,2,10.0,0.0,,arrive_dest
6831,fresh,0,fresh,,,0,1,1,0,0,0,10.0,20.0,5.0,20.0,0,116,53.636749267578125,1.002601199622812,,out_of_road
6832,crossover,0,crossover,,distractor_cars|has_brake_checker|intersection_cars|has_cluster|distance_to_nearest|cluster_dist,2,0,0,8,0,0,20.0,20.0,10.0,55.0,0,108,72.5453109741211,1.60567307472229,,crash_vehicle
6833,fresh,0,fresh,,,0,1,0,8,1,1,20.0,20.0,5.0,35.0,0,59,14.030693054199219,0.11816008616301973,,crash_vehicle
6834,mutation,0,mutation,distance_to_nearest,,1,0,0,5,0,0,20.0,10.0,5.0,35.0,1,216,147.28692626953125,4.865179165093987,,crash_vehicle
6835,fresh,0,fresh,,,0,0,0,3,1,1,5.0,40.0,15.0,55.0,3,108,69.2862548828125,0.6360696145781765,,out_of_road
6836,mutation,0,mutation,select_road|select_lane|ego_on_intersection|intersection_has_cars,,3,0,0,4,0,0,20.0,20.0,10.0,20.0,0,127,59.361412048339844,1.6231169463611963,,crash_vehicle
6837,fresh,0,fresh,,,0,1,0,2,0,0,10.0,10.0,15.0,55.0,0,132,57.361263275146484,5.227901207678245,,out_of_road
6838,crossover,0,crossover,,intersection_cars|distance_to_nearest|brake_dist,2,0,0,0,0,0,10.0,10.0,10.0,35.0,0,293,304.61517333984375,5.571845395929171,,out_of_road
6839,fresh,0,fresh,,,0,1,1,18,1,0,5.0,40.0,15.0,55.0,2,98,62.81846618652344,0.8769879730380311,,crash_vehicle
6840,replay,0,replay,,,0,1,1,18,1,0,5.0,40.0,15.0,55.0,2,318,339.251708984375,7.398513495922089,,out_of_road
6841,fresh,0,fresh,,,0,1,1,3,1,0,15.0,40.0,15.0,55.0,2,232,215.38661193847656,3.18987336446499,,out_of_road
6842,replay,0,replay,,,0,1,1,3,1,0,15.0,40.0,15.0,55.0,2,297,347.94769287109375,7.968133116611327,,out_of_road
6843,fresh,0,fresh,,,0,1,1,5,0,0,10.0,10.0,10.0,55.0,0,47,11.972640991210938,0.4951660480905086,,crash_vehicle
6844,mutation,0,mutation,select_road|select_lane|ego_on_intersection|intersection_has_cars,,1,0,0,0,0,0,10.0,5.0,5.0,20.0,0,90,47.230255126953125,0.6645475149154663,,out_of_road
6845,fresh,0,fresh,,,0,1,0,4,0,0,15.0,5.0,5.0,35.0,3,233,116.98015594482422,4.625200447526485,,out_of_road
6846,mutation,0,mutation,distance_to_nearest,,1,0,0,0,0,0,10.0,5.0,15.0,20.0,0,282,301.2467041015625,6.1468845100161875,,out_of_road
6847,fresh,0,fresh,,,0,1,1,18,1,0,15.0,5.0,15.0,35.0,0,23,-0.18934106826782227,0.0897706073263417,,crash_vehicle
6848,replay,0,replay,,,0,1,1,18,1,0,15.0,5.0,15.0,35.0,0,307,346.24810791015625,8.34107010265515,,out_of_road
6849,fresh,0,fresh,,,0,1,0,12,1,1,15.0,5.0,10.0,20.0,2,38,8.808856964111328,2.185369529222187,,crash_vehicle
6850,mutation,0,mutation,intersection_cars,,1,0,0,4,0,0,20.0,20.0,5.0,35.0,2,203,164.9921417236328,4.175897289819905,,crash_vehicle
6851,fresh,0,fresh,,,0,0,0,12,0,1,5.0,5.0,10.0,10.0,2,23,-0.13487815856933594,0.0,,crash_vehicle
6852,replay,0,replay,,,0,0,0,12,0,1,5.0,5.0,10.0,10.0,2,50,23.344345092773438,6.892947015762329,,arrive_dest
6853,fresh,0,fresh,,,0,0,0,4,0,0,20.0,40.0,10.0,55.0,1,169,149.12466430664062,3.3518265201847934,,out_of_road
