episode,op_actual,category_id,generation_source,params_mutated,params_crossed,n_params_differ,ego_speed,ego_on_intersection,intersection_has_cars,distractor_cars,has_brake_checker,has_cluster,maximum_distractor_speed,distance_to_nearest,cluster_dist,brake_dist,intersection_cars,num_steps,reward_sum,pvl,failure,termination_reason
0,fresh,0,fresh,,,0,0.0,0,0,0,0,0,10.0,5.0,5.0,20.0,0,999,50.075679779052734,0.830991917236655,,max_step
1,fresh,0,fresh,,,0,0.0,0,0,0,0,0,10.0,5.0,5.0,20.0,0,868,17.070241928100586,0.4717759911243456,,out_of_road
2,fresh,0,fresh,,,0,0.0,0,0,0,0,0,10.0,5.0,5.0,20.0,0,1000,16.942407608032227,0.29853117220522835,,max_step
3,fresh,0,fresh,,,0,0.0,0,0,0,0,0,10.0,5.0,5.0,20.0,0,1000,15.033777236938477,0.26748252772912384,,max_step
4,fresh,0,fresh,,,0,0.0,0,0,0,0,0,10.0,5.0,5.0,20.0,0,1000,13.069108009338379,0.16905582969007082,,max_step
5,fresh,0,fresh,,,0,0.0,0,0,0,0,0,10.0,5.0,5.0,20.0,0,649,0.5334959030151367,0.1809131324876714,,out_of_road
6,fresh,0,fresh,,,0,0.0,0,0,0,0,0,10.0,5.0,5.0,20.0,0,1000,15.166967391967773,0.2032167349611409,,max_step
7,fresh,0,fresh,,,0,0.0,0,0,0,0,0,10.0,5.0,5.0,20.0,0,871,1.2038893699645996,0.11223326824994674,,out_of_road
8,fresh,0,fresh,,,0,0.0,0,0,0,0,0,10.0,5.0,5.0,20.0,0,1000,18.49162483215332,0.17716531244362704,,max_step
9,fresh,0,fresh,,,0,0.0,0,0,0,0,0,10.0,5.0,5.0,20.0,0,334,5.712865352630615,0.446171290570212,,out_of_road
10,fresh,0,fresh,,,0,0.0,0,0,0,0,0,10.0,5.0,5.0,20.0,0,553,2.5482797622680664,0.1558140982582384,,out_of_road
11,fresh,0,fresh,,,0,0.0,0,0,0,0,0,10.0,5.0,5.0,20.0,0,769,7.8925065994262695,0.14018965228151903,,out_of_road
12,fresh,0,fresh,,,0,0.0,0,0,0,0,0,10.0,5.0,5.0,20.0,0,483,-1.8078742027282715,0.12042445083357023,,out_of_road
13,fresh,0,fresh,,,0,0.0,0,0,0,0,0,10.0,5.0,5.0,20.0,0,647,2.2237043380737305,0.1766852810341934,,out_of_road
14,fresh,0,fresh,,,0,0.0,0,0,0,0,0,10.0,5.0,5.0,20.0,0,1000,19.205007553100586,0.19039967034338043,,max_step
15,fresh,0,fresh,,,0,0.0,0,0,0,0,0,10.0,5.0,5.0,20.0,0,949,14.604022979736328,0.24628034848533376,,out_of_road
16,fresh,0,fresh,,,0,0.0,0,0,0,0,0,10.0,5.0,5.0,20.0,0,2,7.946119785308838,7.254819869995117,,arrive_dest
17,fresh,0,fresh,,,0,0.0,0,0,0,0,0,10.0,5.0,5.0,20.0,0,192,-4.1848649978637695,0.0014478223456535488,,out_of_road
18,fresh,0,fresh,,,0,0.0,0,0,0,0,0,10.0,5.0,5.0,20.0,0,1000,8.728862762451172,0.08964055783837102,,max_step
19,fresh,0,fresh,,,0,0.0,0,0,0,0,0,10.0,5.0,5.0,20.0,0,886,6.67268180847168,0.1108584724759271,,out_of_road
20,fresh,0,fresh,,,0,0.0,0,0,0,0,0,10.0,5.0,5.0,20.0,0,1000,13.985227584838867,0.2096345469597727,,max_step
21,fresh,0,fresh,,,0,0.0,0,0,0,0,0,10.0,5.0,5.0,20.0,0,50,9.045568466186523,2.486391067504883,,arrive_dest
22,fresh,0,fresh,,,0,0.0,0,0,0,0,0,10.0,5.0,5.0,20.0,0,211,1.0319409370422363,0.16232481670358453,,out_of_road
23,fresh,0,fresh,,,0,0.0,0,0,0,0,0,10.0,5.0,5.0,20.0,0,339,0.8635516166687012,0.06548073422361185,,out_of_road
24,fresh,0,fresh,,,0,0.0,0,0,0,0,0,10.0,5.0,5.0,20.0,0,391,8.023097038269043,0.32777775948405113,,out_of_road
25,fresh,0,fresh,,,0,0.0,0,0,0,0,0,10.0,5.0,5.0,20.0,0,717,11.378020286560059,0.23733681983170274,,out_of_road
26,fresh,0,fresh,,,0,0.0,0,0,0,0,0,10.0,5.0,5.0,20.0,0,973,23.8437442779541,0.27042412001281624,,out_of_road
27,fresh,0,fresh,,,0,0.0,0,0,0,0,0,10.0,5.0,5.0,20.0,0,202,-2.3524065017700195,0.01656684984849526,,out_of_road
28,fresh,0,fresh,,,0,0.0,0,0,0,0,0,10.0,5.0,5.0,20.0,0,468,6.238448143005371,0.21440963712212446,,out_of_road
29,fresh,0,fresh,,,0,0.0,0,0,0,0,0,10.0,5.0,5.0,20.0,0,711,14.422740936279297,0.22960067680171062,,out_of_road
30,fresh,0,fresh,,,0,0.0,0,0,0,0,0,10.0,5.0,5.0,20.0,0,208,1.3973755836486816,0.17147300677159086,,out_of_road
31,fresh,0,fresh,,,0,0.0,0,0,0,0,0,10.0,5.0,5.0,20.0,0,28,6.360743999481201,2.501307249069214,,arrive_dest
32,fresh,0,fresh,,,0,0.0,0,0,0,0,0,10.0,5.0,5.0,20.0,0,62,-0.004209280014038086,0.06612835475994695,,out_of_road
33,fresh,0,fresh,,,0,0.0,0,0,0,0,0,10.0,5.0,5.0,20.0,0,164,0.9027681350708008,0.1181414034444748,,out_of_road
34,fresh,0,fresh,,,0,0.0,0,0,0,0,0,10.0,5.0,5.0,20.0,0,171,1.0518736839294434,0.09489709758118056,,out_of_road
35,fresh,0,fresh,,,0,0.0,0,0,0,0,0,10.0,5.0,5.0,20.0,0,216,0.7753756046295166,0.09432857674848358,,out_of_road
36,fresh,0,fresh,,,0,0.0,0,0,0,0,0,10.0,5.0,5.0,20.0,0,158,3.489502191543579,0.24302505950525968,,out_of_road
37,fresh,0,fresh,,,0,0.0,0,0,0,0,0,10.0,5.0,5.0,20.0,0,243,-0.3900325298309326,0.028541248525519675,,out_of_road
38,fresh,0,fresh,,,0,0.0,0,0,0,0,0,10.0,5.0,5.0,20.0,0,1000,20.884721755981445,0.1843465140266344,,max_step
39,fresh,0,fresh,,,0,0.0,0,0,0,0,0,10.0,5.0,5.0,20.0,0,1000,34.57053756713867,0.35223753681289965,,max_step
40,fresh,0,fresh,,,0,0.0,0,0,0,0,0,10.0,5.0,5.0,20.0,0,347,1.363339900970459,0.03916122247424696,,out_of_road
41,fresh,0,fresh,,,0,0.0,0,0,0,0,0,10.0,5.0,5.0,20.0,0,262,-0.7753797769546509,0.009755224312961329,,out_of_road
42,fresh,0,fresh,,,0,0.0,0,0,0,0,0,10.0,5.0,5.0,20.0,0,853,14.462952613830566,0.12813925359519318,,out_of_road
43,fresh,0,fresh,,,0,0.0,0,0,0,0,0,10.0,5.0,5.0,20.0,0,1000,39.377052307128906,0.3547117927405052,,max_step
44,fresh,0,fresh,,,0,0.0,0,0,0,0,0,10.0,5.0,5.0,20.0,0,63,1.8232407569885254,0.053851303481866446,,out_of_road
45,fresh,0,fresh,,,0,0.0,0,0,0,0,0,10.0,5.0,5.0,20.0,0,1000,45.7232780456543,0.4147886974168941,,max_step
46,fresh,0,fresh,,,0,0.0,0,0,0,0,0,10.0,5.0,5.0,20.0,0,167,1.0504789352416992,0.030128455904875687,,out_of_road
47,fresh,0,fresh,,,0,0.0,0,0,0,0,0,10.0,5.0,5.0,20.0,0,1000,33.6541748046875,0.23000714185927063,,max_step
48,fresh,0,fresh,,,0,0.0,0,0,0,0,0,10.0,5.0,5.0,20.0,0,1000,36.414710998535156,0.2158955488661304,,max_step
49,fresh,0,fresh,,,0,0.0,0,0,0,0,0,10.0,5.0,5.0,20.0,0,364,10.366442680358887,0.14069569266304005,,out_of_road
50,fresh,0,fresh,,,0,0.0,0,0,0,0,0,10.0,5.0,5.0,20.0,0,1000,40.77142333984375,0.250113075369969,,max_step
51,fresh,0,fresh,,,0,0.0,0,0,0,0,0,10.0,5.0,5.0,20.0,0,164,0.007538497447967529,0.02835192700575401,,out_of_road
52,fresh,0,fresh,,,0,0.0,0,0,0,0,0,10.0,5.0,5.0,20.0,0,752,6.6366143226623535,0.06020078956560688,,out_of_road
53,fresh,0,fresh,,,0,0.0,0,0,0,0,0,10.0,5.0,5.0,20.0,0,199,0.8085005283355713,0.043986721703754596,,out_of_road
54,fresh,0,fresh,,,0,0.0,0,0,0,0,0,10.0,5.0,5.0,20.0,0,1000,39.54343032836914,0.19614572899974883,,max_step
55,fresh,0,fresh,,,0,0.0,0,0,0,0,0,10.0,5.0,5.0,20.0,0,161,4.917034149169922,0.061494058009630405,,out_of_road
56,fresh,0,fresh,,,0,0.0,0,0,0,0,0,10.0,5.0,5.0,20.0,0,1000,36.16407775878906,0.15934164891857655,,max_step
57,fresh,0,fresh,,,0,0.0,0,0,0,0,0,10.0,5.0,5.0,20.0,0,413,7.113503932952881,0.0544471011449725,,out_of_road
58,fresh,0,fresh,,,0,0.0,0,0,0,0,0,10.0,5.0,5.0,20.0,0,490,7.391489028930664,0.10981602545789614,,out_of_road
59,fresh,0,fresh,,,0,0.0,0,0,0,0,0,10.0,5.0,5.0,20.0,0,1000,25.511972427368164,0.0874379604968708,,max_step
60,fresh,0,fresh,,,0,0.0,0,0,0,0,0,10.0,5.0,5.0,20.0,0,276,5.524377822875977,0.053624596139686044,,out_of_road
61,fresh,0,fresh,,,0,0.0,0,0,0,0,0,10.0,5.0,5.0,20.0,0,364,9.677475929260254,0.05497535433400177,,out_of_road
62,fresh,0,fresh,,,0,0.0,0,0,0,0,0,10.0,5.0,5.0,20.0,0,606,-0.6496395468711853,0.0,,out_of_road
63,fresh,0,fresh,,,0,0.0,0,0,0,0,0,10.0,5.0,5.0,20.0,0,838,29.367292404174805,0.11704908660057319,,arrive_dest
64,fresh,0,fresh,,,0,0.0,0,0,0,0,0,10.0,5.0,5.0,20.0,0,1000,35.96044921875,0.17855167518509552,,max_step
65,fresh,0,fresh,,,0,0.0,0,0,0,0,0,10.0,5.0,5.0,20.0,0,1000,34.93701171875,0.10917684134794399,,max_step
66,fresh,0,fresh,,,0,0.0,0,0,0,0,0,10.0,5.0,5.0,20.0,0,1000,-0.08816579729318619,0.002249441788997501,,max_step
67,fresh,0,fresh,,,0,0.0,0,0,0,0,0,10.0,5.0,5.0,20.0,0,69,-0.4889427125453949,0.007304693477741186,,out_of_road
68,fresh,0,fresh,,,0,0.0,0,0,0,0,0,10.0,5.0,5.0,20.0,0,632,20.572277069091797,0.043811831568055376,,out_of_road
69,fresh,0,fresh,,,0,0.0,0,0,0,0,0,10.0,5.0,5.0,20.0,0,900,27.426002502441406,0.11517593818173433,,out_of_road
70,fresh,0,fresh,,,0,0.0,0,0,0,0,0,10.0,5.0,5.0,20.0,0,165,5.341796875,0.09341797591610389,,arrive_dest
71,fresh,0,fresh,,,0,0.0,0,0,0,0,0,10.0,5.0,5.0,20.0,0,269,-0.7112252116203308,0.0,,out_of_road
72,fresh,0,fresh,,,0,0.0,0,0,0,0,0,10.0,5.0,5.0,20.0,0,903,30.769872665405273,0.08132032826073583,,out_of_road
73,fresh,0,fresh,,,0,0.0,0,0,0,0,0,10.0,5.0,5.0,20.0,0,408,13.73896598815918,0.06158014758108823,,arrive_dest
74,fresh,0,fresh,,,0,0.0,0,0,0,0,0,10.0,5.0,5.0,20.0,0,508,16.102294921875,0.09871253405704977,,arrive_dest
75,fresh,0,fresh,,,0,0.0,0,0,0,0,0,10.0,5.0,5.0,20.0,0,774,28.546663284301758,0.10648982715823035,,out_of_road
76,fresh,0,fresh,,,0,0.0,0,0,0,0,0,10.0,5.0,5.0,20.0,0,1000,31.213659286499023,0.07414837900642306,,max_step
77,fresh,0,fresh,,,0,0.0,0,0,0,0,0,10.0,5.0,5.0,20.0,0,1000,32.88252258300781,0.10424873235449195,,max_step
78,fresh,0,fresh,,,0,0.0,0,0,0,0,0,10.0,5.0,5.0,20.0,0,889,30.526071548461914,0.09874599306929031,,arrive_dest
79,fresh,0,fresh,,,0,0.0,0,0,0,0,0,10.0,5.0,5.0,20.0,0,793,22.992977142333984,0.05530292195447663,,out_of_road
80,fresh,0,fresh,,,0,0.0,0,0,0,0,0,10.0,5.0,5.0,20.0,0,191,4.669885158538818,0.00650235560005872,,out_of_road
81,fresh,0,fresh,,,0,0.0,0,0,0,0,0,10.0,5.0,5.0,20.0,0,401,14.6760835647583,0.08800985419569987,,out_of_road
82,fresh,0,fresh,,,0,0.0,0,0,0,0,0,10.0,5.0,5.0,20.0,0,881,25.355640411376953,0.06508634364915321,,arrive_dest
83,fresh,0,fresh,,,0,0.0,0,0,0,0,0,10.0,5.0,5.0,20.0,0,1000,31.723499298095703,0.06075270638801158,,max_step
84,fresh,0,fresh,,,0,0.0,0,0,0,0,0,10.0,5.0,5.0,20.0,0,740,23.50505828857422,0.08100138029989762,,arrive_dest
85,fresh,0,fresh,,,0,0.0,0,0,0,0,0,10.0,5.0,5.0,20.0,0,978,28.966808319091797,0.08680189163509779,,arrive_dest
86,fresh,0,fresh,,,0,0.0,0,0,0,0,0,10.0,5.0,5.0,20.0,0,1000,13.099762916564941,0.02231569712702185,,max_step
87,fresh,0,fresh,,,0,0.0,0,0,0,0,0,10.0,5.0,5.0,20.0,0,497,17.761451721191406,0.13592815133686773,,out_of_road
88,fresh,0,fresh,,,0,0.0,0,0,0,0,0,10.0,5.0,5.0,20.0,0,499,16.516342163085938,0.09922291728703377,,out_of_road
89,fresh,0,fresh,,,0,0.0,0,0,0,0,0,10.0,5.0,5.0,20.0,0,648,13.200218200683594,0.03461274098213992,,out_of_road
90,fresh,0,fresh,,,0,0.0,0,0,0,0,0,10.0,5.0,5.0,20.0,0,185,4.143330097198486,0.012198005797895225,,out_of_road
91,fresh,0,fresh,,,0,0.0,0,0,0,0,0,10.0,5.0,5.0,20.0,0,337,12.64963150024414,0.11631665249266702,,out_of_road
92,fresh,0,fresh,,,0,0.0,0,0,0,0,0,10.0,5.0,5.0,20.0,0,581,15.33266544342041,0.08324418125654894,,out_of_road
93,fresh,0,fresh,,,0,0.0,0,0,0,0,0,10.0,5.0,5.0,20.0,0,1000,0.017283177003264427,0.01257252379192505,,max_step
94,fresh,0,fresh,,,0,0.0,0,0,0,0,0,10.0,5.0,5.0,20.0,0,515,12.295181274414062,0.029513527762180972,,out_of_road
95,fresh,0,fresh,,,0,0.0,0,0,0,0,0,10.0,5.0,5.0,20.0,0,837,26.834880828857422,0.09021679544014681,,arrive_dest
96,fresh,0,fresh,,,0,0.0,0,0,0,0,0,10.0,5.0,5.0,20.0,0,81,0.5854203701019287,0.004472023772972601,,out_of_road
97,fresh,0,fresh,,,0,0.0,0,0,0,0,0,10.0,5.0,5.0,20.0,0,431,15.224845886230469,0.09655502750786786,,out_of_road
98,fresh,0,fresh,,,0,0.0,0,0,0,0,0,10.0,5.0,5.0,20.0,0,743,24.523632049560547,0.08320849977902477,,out_of_road
99,fresh,0,fresh,,,0,0.0,0,0,0,0,0,10.0,5.0,5.0,20.0,0,433,14.718544960021973,0.10837668194123662,,out_of_road
100,fresh,0,fresh,,,0,0.0,0,0,0,0,0,10.0,5.0,5.0,20.0,0,1000,0.03786960244178772,0.0008856399850919842,,max_step
101,fresh,0,fresh,,,0,0.0,0,0,0,0,0,10.0,5.0,5.0,20.0,0,817,22.78608512878418,0.07853598488526672,,out_of_road
102,fresh,0,fresh,,,0,0.0,0,0,0,0,0,10.0,5.0,5.0,20.0,0,180,3.378296375274658,0.07587267533979482,,out_of_road
103,fresh,0,fresh,,,0,0.0,0,0,0,0,0,10.0,5.0,5.0,20.0,0,311,8.36182975769043,0.016427883079539015,,out_of_road
104,fresh,0,fresh,,,0,0.0,0,0,0,0,0,10.0,5.0,5.0,20.0,0,377,9.622776985168457,0.0537383397176506,,out_of_road
105,fresh,0,fresh,,,0,0.0,0,0,0,0,0,10.0,5.0,5.0,20.0,0,352,10.439469337463379,0.01801393112823875,,out_of_road
106,fresh,0,fresh,,,0,0.0,0,0,0,0,0,10.0,5.0,5.0,20.0,0,1000,0.03396490216255188,0.04662122461595573,,max_step
107,fresh,0,fresh,,,0,0.0,0,0,0,0,0,10.0,5.0,5.0,20.0,0,328,11.190041542053223,0.06088364265274211,,out_of_road
108,fresh,0,fresh,,,0,0.0,0,0,0,0,0,10.0,5.0,5.0,20.0,0,815,23.50016212463379,0.06238649017606045,,out_of_road
109,fresh,0,fresh,,,0,0.0,0,0,0,0,0,10.0,5.0,5.0,20.0,0,212,4.476696968078613,0.023528793044739735,,out_of_road
110,fresh,0,fresh,,,0,0.0,0,0,0,0,0,10.0,5.0,5.0,20.0,0,64,-0.03514070808887482,0.023057740181684494,,out_of_road
111,fresh,0,fresh,,,0,0.0,0,0,0,0,0,10.0,5.0,5.0,20.0,0,1000,3.687201738357544,0.01563879383634776,,max_step
112,fresh,0,fresh,,,0,0.0,0,0,0,0,0,10.0,5.0,5.0,20.0,0,115,1.8262956142425537,0.03485867121945257,,out_of_road
113,fresh,0,fresh,,,0,0.0,0,0,0,0,0,10.0,5.0,5.0,20.0,0,412,-0.2746959626674652,0.0,,out_of_road
114,fresh,0,fresh,,,0,0.0,0,0,0,0,0,10.0,5.0,5.0,20.0,0,154,2.762232780456543,0.009504953435585871,,out_of_road
115,fresh,0,fresh,,,0,0.0,0,0,0,0,0,10.0,5.0,5.0,20.0,0,2,0.49221551418304443,0.0,,arrive_dest
116,fresh,0,fresh,,,0,0.0,0,0,0,0,0,10.0,5.0,5.0,20.0,0,1000,10.733399391174316,0.015849335476756096,,max_step
117,fresh,0,fresh,,,0,0.0,0,0,0,0,0,10.0,5.0,5.0,20.0,0,341,7.777906894683838,0.0650227943249593,,out_of_road
118,fresh,0,fresh,,,0,0.0,0,0,0,0,0,10.0,5.0,5.0,20.0,0,832,5.560359954833984,0.010640283534415245,,out_of_road
119,fresh,0,fresh,,,0,0.0,0,0,0,0,0,10.0,5.0,5.0,20.0,0,168,3.8603882789611816,0.02071217305049123,,out_of_road
120,fresh,0,fresh,,,0,0.0,0,0,0,0,0,10.0,5.0,5.0,20.0,0,1000,17.272968292236328,0.029749411049066112,,max_step
121,fresh,0,fresh,,,0,0.0,0,0,0,0,0,10.0,5.0,5.0,20.0,0,414,13.838485717773438,0.14498788643862315,,out_of_road
122,fresh,0,fresh,,,0,0.0,0,0,0,0,0,10.0,5.0,5.0,20.0,0,110,1.8758383989334106,0.015178172425790266,,out_of_road
123,fresh,0,fresh,,,0,0.0,0,0,0,0,0,10.0,5.0,5.0,20.0,0,108,2.7973132133483887,0.007058357888901675,,arrive_dest
124,fresh,0,fresh,,,0,0.0,0,0,0,0,0,10.0,5.0,5.0,20.0,0,280,9.15915584564209,0.09729689764790236,,out_of_road
125,fresh,0,fresh,,,0,0.0,0,0,0,0,0,10.0,5.0,5.0,20.0,0,518,16.600502014160156,0.09611773041245962,,out_of_road
126,fresh,0,fresh,,,0,0.0,0,0,0,0,0,10.0,5.0,5.0,20.0,0,2,0.4778328239917755,0.21058642864227295,,arrive_dest
127,fresh,0,fresh,,,0,0.0,0,0,0,0,0,10.0,5.0,5.0,20.0,0,316,9.419808387756348,0.06473250013092367,,out_of_road
128,fresh,0,fresh,,,0,0.0,0,0,0,0,0,10.0,5.0,5.0,20.0,0,1000,29.47212028503418,0.13401290004188196,,max_step
129,fresh,0,fresh,,,0,0.0,0,0,0,0,0,10.0,5.0,5.0,20.0,0,211,3.702854871749878,0.030740459754144977,,out_of_road
130,fresh,0,fresh,,,0,0.0,0,0,0,0,0,10.0,5.0,5.0,20.0,0,142,2.6360878944396973,0.012309727285214712,,out_of_road
131,fresh,0,fresh,,,0,0.0,0,0,0,0,0,10.0,5.0,5.0,20.0,0,324,9.492791175842285,0.042259236221362684,,out_of_road
132,fresh,0,fresh,,,0,0.0,0,0,0,0,0,10.0,5.0,5.0,20.0,0,523,16.820457458496094,0.14798422342537587,,out_of_road
133,fresh,0,fresh,,,0,0.0,0,0,0,0,0,10.0,5.0,5.0,20.0,0,303,9.564866065979004,0.058660760260626624,,out_of_road
134,fresh,0,fresh,,,0,0.0,0,0,0,0,0,10.0,5.0,5.0,20.0,0,1000,0.8868042230606079,0.0017857347466051579,,max_step
135,fresh,0,fresh,,,0,0.0,0,0,0,0,0,10.0,5.0,5.0,20.0,0,1000,0.05071968957781792,1.0161846876144408e-06,,max_step
136,fresh,0,fresh,,,0,0.0,0,0,0,0,0,10.0,5.0,5.0,20.0,0,523,3.5394957065582275,0.015741451630942226,,out_of_road
137,fresh,0,fresh,,,0,0.0,0,0,0,0,0,10.0,5.0,5.0,20.0,0,399,11.346673965454102,0.07543310994529784,,out_of_road
138,fresh,0,fresh,,,0,0.0,0,0,0,0,0,10.0,5.0,5.0,20.0,0,208,-0.21165670454502106,0.0008373140937272602,,out_of_road
139,fresh,0,fresh,,,0,0.0,0,0,0,0,0,10.0,5.0,5.0,20.0,0,548,16.536449432373047,0.11786013491873215,,arrive_dest
140,fresh,0,fresh,,,0,0.0,0,0,0,0,0,10.0,5.0,5.0,20.0,0,401,3.8480842113494873,0.03192846302611944,,arrive_dest
141,fresh,0,fresh,,,0,0.0,0,0,0,0,0,10.0,5.0,5.0,20.0,0,103,2.219367265701294,0.015400713183058119,,arrive_dest
142,fresh,0,fresh,,,0,0.0,0,0,0,0,0,10.0,5.0,5.0,20.0,0,275,5.595131874084473,0.08436794392087243,,out_of_road
143,fresh,0,fresh,,,0,0.0,0,0,0,0,0,10.0,5.0,5.0,20.0,0,532,15.236173629760742,0.07844004453040827,,out_of_road
144,fresh,0,fresh,,,0,0.0,0,0,0,0,0,10.0,5.0,5.0,20.0,0,353,11.507619857788086,0.15595516813628735,,out_of_road
145,fresh,0,fresh,,,0,0.0,0,0,0,0,0,10.0,5.0,5.0,20.0,0,1000,5.25469970703125,0.016398846733383834,,max_step
146,fresh,0,fresh,,,0,0.0,0,0,0,0,0,10.0,5.0,5.0,20.0,0,293,9.3641996383667,0.08265936256659698,,out_of_road
147,fresh,0,fresh,,,0,0.0,0,0,0,0,0,10.0,5.0,5.0,20.0,0,401,14.645824432373047,0.24926523159971076,,out_of_road
148,fresh,0,fresh,,,0,0.0,0,0,0,0,0,10.0,5.0,5.0,20.0,0,2,0.4422897398471832,0.0,,arrive_dest
149,fresh,0,fresh,,,0,0.0,0,0,0,0,0,10.0,5.0,5.0,20.0,0,410,11.85921859741211,0.10684758179775644,,out_of_road
150,fresh,0,fresh,,,0,0.0,0,0,0,0,0,10.0,5.0,5.0,20.0,0,194,5.051384449005127,0.13426159784082592,,out_of_road
151,fresh,0,fresh,,,0,0.0,0,0,0,0,0,10.0,5.0,5.0,20.0,0,1000,25.317283630371094,0.11355905542941765,,max_step
152,fresh,0,fresh,,,0,0.0,0,0,0,0,0,10.0,5.0,5.0,20.0,0,265,7.474837779998779,0.11551021020508037,,out_of_road
153,fresh,0,fresh,,,0,0.0,0,0,0,0,0,10.0,5.0,5.0,20.0,0,350,10.931272506713867,0.11473295803980103,,out_of_road
154,fresh,0,fresh,,,0,0.0,0,0,0,0,0,10.0,5.0,5.0,20.0,0,487,11.919883728027344,0.054691732885006214,,out_of_road
155,fresh,0,fresh,,,0,0.0,0,0,0,0,0,10.0,5.0,5.0,20.0,0,377,-0.20790602266788483,0.12271986539112478,,out_of_road
156,fresh,0,fresh,,,0,0.0,0,0,0,0,0,10.0,5.0,5.0,20.0,0,229,6.484071254730225,0.019357956470067585,,arrive_dest
157,fresh,0,fresh,,,0,0.0,0,0,0,0,0,10.0,5.0,5.0,20.0,0,1000,0.8830272555351257,0.0030558285433799027,,max_step
158,fresh,0,fresh,,,0,0.0,0,0,0,0,0,10.0,5.0,5.0,20.0,0,602,4.784750461578369,0.026537621379876353,,out_of_road
159,fresh,0,fresh,,,0,0.0,0,0,0,0,0,10.0,5.0,5.0,20.0,0,125,2.1972968578338623,0.019837883204221727,,out_of_road
160,fresh,0,fresh,,,0,0.0,0,0,0,0,0,10.0,5.0,5.0,20.0,0,1000,0.8894325494766235,0.0016125770770013333,,max_step
161,fresh,0,fresh,,,0,0.0,0,0,0,0,0,10.0,5.0,5.0,20.0,0,731,22.325096130371094,0.10677273199726635,,out_of_road
162,fresh,0,fresh,,,0,0.0,0,0,0,0,0,10.0,5.0,5.0,20.0,0,358,10.787117004394531,0.0802004732348951,,out_of_road
163,fresh,0,fresh,,,0,0.0,0,0,0,0,0,10.0,5.0,5.0,20.0,0,257,5.8627238273620605,0.0999493401077239,,out_of_road
164,fresh,0,fresh,,,0,0.0,0,0,0,0,0,10.0,5.0,5.0,20.0,0,234,6.853653430938721,0.033622368528412126,,out_of_road
165,fresh,0,fresh,,,0,0.0,0,0,0,0,0,10.0,5.0,5.0,20.0,0,475,15.073554992675781,0.1390748752359497,,arrive_dest
166,fresh,0,fresh,,,0,0.0,0,0,0,0,0,10.0,5.0,5.0,20.0,0,385,11.479307174682617,0.12393948541131693,,out_of_road
167,fresh,0,fresh,,,0,0.0,0,0,0,0,0,10.0,5.0,5.0,20.0,0,499,14.488862037658691,0.09937032805671747,,out_of_road
168,fresh,0,fresh,,,0,0.0,0,0,0,0,0,10.0,5.0,5.0,20.0,0,152,2.913893461227417,0.04960136923105701,,arrive_dest
169,fresh,0,fresh,,,0,0.0,0,0,0,0,0,10.0,5.0,5.0,20.0,0,1000,4.835647106170654,0.013053201784263365,,max_step
170,fresh,0,fresh,,,0,0.0,0,0,0,0,0,10.0,5.0,5.0,20.0,0,752,3.118872880935669,0.007295016531257871,,out_of_road
171,fresh,0,fresh,,,0,0.0,0,0,0,0,0,10.0,5.0,5.0,20.0,0,429,8.798709869384766,0.03723152196425554,,out_of_road
172,fresh,0,fresh,,,0,0.0,0,0,0,0,0,10.0,5.0,5.0,20.0,0,468,13.585057258605957,0.0971879507225946,,out_of_road
173,fresh,0,fresh,,,0,0.0,0,0,0,0,0,10.0,5.0,5.0,20.0,0,611,20.149959564208984,0.15565548553215355,,out_of_road
174,fresh,0,fresh,,,0,0.0,0,0,0,0,0,10.0,5.0,5.0,20.0,0,430,15.374988555908203,0.2155157632432705,,out_of_road
175,fresh,0,fresh,,,0,0.0,0,0,0,0,0,10.0,5.0,5.0,20.0,0,168,2.338080406188965,0.014461341757504713,,out_of_road
176,fresh,0,fresh,,,0,0.0,0,0,0,0,0,10.0,5.0,5.0,20.0,0,346,9.12083911895752,0.050648645453445745,,out_of_road
177,fresh,0,fresh,,,0,0.0,0,0,0,0,0,10.0,5.0,5.0,20.0,0,538,16.976106643676758,0.1210500348080642,,out_of_road
178,fresh,0,fresh,,,0,0.0,0,0,0,0,0,10.0,5.0,5.0,20.0,0,164,3.5904316902160645,0.06705206875666612,,arrive_dest
179,fresh,0,fresh,,,0,0.0,0,0,0,0,0,10.0,5.0,5.0,20.0,0,124,2.603663206100464,0.019370390612992547,,out_of_road
180,fresh,0,fresh,,,0,0.0,0,0,0,0,0,10.0,5.0,5.0,20.0,0,297,8.972367286682129,0.11573402581090478,,out_of_road
181,fresh,0,fresh,,,0,0.0,0,0,0,0,0,10.0,5.0,5.0,20.0,0,1000,2.492114305496216,0.004220630422234535,,max_step
182,fresh,0,fresh,,,0,0.0,0,0,0,0,0,10.0,5.0,5.0,20.0,0,1000,0.8252025246620178,0.005536849645723123,,max_step
183,fresh,0,fresh,,,0,0.0,0,0,0,0,0,10.0,5.0,5.0,20.0,0,135,2.641468048095703,0.02531123844285806,,out_of_road
184,fresh,0,fresh,,,0,0.0,0,0,0,0,0,10.0,5.0,5.0,20.0,0,626,18.050153732299805,0.20149452170392815,,out_of_road
185,fresh,0,fresh,,,0,0.0,0,0,0,0,0,10.0,5.0,5.0,20.0,0,311,8.829517364501953,0.03266309109932692,,out_of_road
186,fresh,0,fresh,,,0,0.0,0,0,0,0,0,10.0,5.0,5.0,20.0,0,295,9.070215225219727,0.09623263890586667,,out_of_road
187,fresh,0,fresh,,,0,0.0,0,0,0,0,0,10.0,5.0,5.0,20.0,0,1000,7.9313483238220215,0.022122800895944237,,max_step
188,fresh,0,fresh,,,0,0.0,0,0,0,0,0,10.0,5.0,5.0,20.0,0,517,14.737266540527344,0.1470614678903737,,out_of_road
189,fresh,0,fresh,,,0,0.0,0,0,0,0,0,10.0,5.0,5.0,20.0,0,1000,2.4922292232513428,0.005685592538211495,,max_step
190,fresh,0,fresh,,,0,0.0,0,0,0,0,0,10.0,5.0,5.0,20.0,0,301,10.836735725402832,0.13040630847982987,,out_of_road
191,fresh,0,fresh,,,0,0.0,0,0,0,0,0,10.0,5.0,5.0,20.0,0,280,9.096656799316406,0.11109713708117072,,out_of_road
192,fresh,0,fresh,,,0,0.0,0,0,0,0,0,10.0,5.0,5.0,20.0,0,895,28.16427230834961,0.1410410296223933,,arrive_dest
193,fresh,0,fresh,,,0,0.0,0,0,0,0,0,10.0,5.0,5.0,20.0,0,300,8.434466361999512,0.04811679418509205,,out_of_road
194,fresh,0,fresh,,,0,0.0,0,0,0,0,0,10.0,5.0,5.0,20.0,0,234,4.6251935958862305,0.02197728044966347,,out_of_road
195,fresh,0,fresh,,,0,0.0,0,0,0,0,0,10.0,5.0,5.0,20.0,0,146,2.6909289360046387,0.01578043066347911,,out_of_road
196,fresh,0,fresh,,,0,0.0,0,0,0,0,0,10.0,5.0,5.0,20.0,0,227,6.560435771942139,0.12507959115544603,,out_of_road
197,fresh,0,fresh,,,0,0.0,0,0,0,0,0,10.0,5.0,5.0,20.0,0,135,2.1714420318603516,0.002123379020917195,,out_of_road
198,fresh,0,fresh,,,0,0.0,0,0,0,0,0,10.0,5.0,5.0,20.0,0,407,10.825797080993652,0.12249774610422351,,out_of_road
199,fresh,0,fresh,,,0,0.0,0,0,0,0,0,10.0,5.0,5.0,20.0,0,356,10.29659366607666,0.09654725759860464,,out_of_road
200,fresh,0,fresh,,,0,0.0,0,0,0,0,0,10.0,5.0,5.0,20.0,0,731,15.735861778259277,0.06060769930596574,,out_of_road
201,fresh,0,fresh,,,0,0.0,0,0,0,0,0,10.0,5.0,5.0,20.0,0,311,7.634110927581787,0.0713040430661758,,out_of_road
202,fresh,0,fresh,,,0,0.0,0,0,0,0,0,10.0,5.0,5.0,20.0,0,419,12.137603759765625,0.06081939981761333,,out_of_road
203,fresh,0,fresh,,,0,0.0,0,0,0,0,0,10.0,5.0,5.0,20.0,0,282,-0.18653136491775513,0.1215427965454176,,out_of_road
204,fresh,0,fresh,,,0,0.0,0,0,0,0,0,10.0,5.0,5.0,20.0,0,228,6.636204242706299,0.09009476150018408,,out_of_road
205,fresh,0,fresh,,,0,0.0,0,0,0,0,0,10.0,5.0,5.0,20.0,0,1000,2.391573905944824,0.001454654835164547,,max_step
206,fresh,0,fresh,,,0,0.0,0,0,0,0,0,10.0,5.0,5.0,20.0,0,147,3.0293357372283936,0.02425563000269285,,out_of_road
207,fresh,0,fresh,,,0,0.0,0,0,0,0,0,10.0,5.0,5.0,20.0,0,253,4.976210117340088,0.05846845878383859,,out_of_road
208,fresh,0,fresh,,,0,0.0,0,0,0,0,0,10.0,5.0,5.0,20.0,0,262,6.007316589355469,0.10994771048817642,,out_of_road
209,fresh,0,fresh,,,0,0.0,0,0,0,0,0,10.0,5.0,5.0,20.0,0,1000,0.7852246761322021,0.0029719122532987966,,max_step
210,fresh,0,fresh,,,0,0.0,0,0,0,0,0,10.0,5.0,5.0,20.0,0,1000,0.011411858722567558,0.1514228520139586,,max_step
211,fresh,0,fresh,,,0,0.0,0,0,0,0,0,10.0,5.0,5.0,20.0,0,108,2.3273961544036865,0.04271383338211173,,out_of_road
212,fresh,0,fresh,,,0,0.0,0,0,0,0,0,10.0,5.0,5.0,20.0,0,1000,0.8295835852622986,0.0012952429837314412,,max_step
213,fresh,0,fresh,,,0,0.0,0,0,0,0,0,10.0,5.0,5.0,20.0,0,247,5.398836612701416,0.0419350839898684,,arrive_dest
214,fresh,0,fresh,,,0,0.0,0,0,0,0,0,10.0,5.0,5.0,20.0,0,633,17.75501251220703,0.10618682029196554,,out_of_road
215,fresh,0,fresh,,,0,0.0,0,0,0,0,0,10.0,5.0,5.0,20.0,0,449,11.861272811889648,0.11953683518171974,,arrive_dest
216,fresh,0,fresh,,,0,0.0,0,0,0,0,0,10.0,5.0,5.0,20.0,0,284,7.209985733032227,0.06662627739764579,,out_of_road
217,fresh,0,fresh,,,0,0.0,0,0,0,0,0,10.0,5.0,5.0,20.0,0,253,8.282488822937012,0.1083952707336045,,out_of_road
218,fresh,0,fresh,,,0,0.0,0,0,0,0,0,10.0,5.0,5.0,20.0,0,409,3.0045459270477295,0.006680997845678064,,out_of_road
219,fresh,0,fresh,,,0,0.0,0,0,0,0,0,10.0,5.0,5.0,20.0,0,1000,2.678929090499878,0.012755745557078625,,max_step
220,fresh,0,fresh,,,0,0.0,0,0,0,0,0,10.0,5.0,5.0,20.0,0,171,2.964308738708496,0.016880134534504678,,out_of_road
221,fresh,0,fresh,,,0,0.0,0,0,0,0,0,10.0,5.0,5.0,20.0,0,358,7.568368911743164,0.07592732440576207,,out_of_road
222,fresh,0,fresh,,,0,0.0,0,0,0,0,0,10.0,5.0,5.0,20.0,0,239,4.9297709465026855,0.07294749007969471,,arrive_dest
223,fresh,0,fresh,,,0,0.0,0,0,0,0,0,10.0,5.0,5.0,20.0,0,1000,0.01649186946451664,0.13785245014727115,,max_step
224,fresh,0,fresh,,,0,0.0,0,0,0,0,0,10.0,5.0,5.0,20.0,0,430,13.874735832214355,0.19118958877746103,,out_of_road
225,fresh,0,fresh,,,0,0.0,0,0,0,0,0,10.0,5.0,5.0,20.0,0,119,1.9142119884490967,0.010852212446326968,,out_of_road
226,fresh,0,fresh,,,0,0.0,0,0,0,0,0,10.0,5.0,5.0,20.0,0,517,12.559708595275879,0.09837068694443721,,out_of_road
227,fresh,0,fresh,,,0,0.0,0,0,0,0,0,10.0,5.0,5.0,20.0,0,757,20.996295928955078,0.14985727720747516,,out_of_road
228,fresh,0,fresh,,,0,0.0,0,0,0,0,0,10.0,5.0,5.0,20.0,0,366,10.411145210266113,0.1265702111267388,,out_of_road
229,fresh,0,fresh,,,0,0.0,0,0,0,0,0,10.0,5.0,5.0,20.0,0,229,5.812450885772705,0.06876055648200637,,out_of_road
230,fresh,0,fresh,,,0,0.0,0,0,0,0,0,10.0,5.0,5.0,20.0,0,353,10.376426696777344,0.12259396682189984,,out_of_road
231,fresh,0,fresh,,,0,0.0,0,0,0,0,0,10.0,5.0,5.0,20.0,0,273,8.128186225891113,0.08686943711788007,,out_of_road
232,fresh,0,fresh,,,0,0.0,0,0,0,0,0,10.0,5.0,5.0,20.0,0,156,2.919259548187256,0.036664943855542406,,out_of_road
233,fresh,0,fresh,,,0,0.0,0,0,0,0,0,10.0,5.0,5.0,20.0,0,287,6.674499988555908,0.07582663230189099,,out_of_road
234,fresh,0,fresh,,,0,0.0,0,0,0,0,0,10.0,5.0,5.0,20.0,0,564,15.60173225402832,0.10660299772053217,,arrive_dest
235,fresh,0,fresh,,,0,0.0,0,0,0,0,0,10.0,5.0,5.0,20.0,0,435,9.700002670288086,0.08343424894044112,,out_of_road
236,fresh,0,fresh,,,0,0.0,0,0,0,0,0,10.0,5.0,5.0,20.0,0,248,6.152286529541016,0.05782089145260773,,out_of_road
237,fresh,0,fresh,,,0,0.0,0,0,0,0,0,10.0,5.0,5.0,20.0,0,1000,11.513818740844727,0.06948698521452025,,max_step
238,fresh,0,fresh,,,0,0.0,0,0,0,0,0,10.0,5.0,5.0,20.0,0,556,15.662325859069824,0.14523777896756132,,arrive_dest
239,fresh,0,fresh,,,0,0.0,0,0,0,0,0,10.0,5.0,5.0,20.0,0,1000,25.63395118713379,0.10652755713975057,,max_step
240,fresh,0,fresh,,,0,0.0,0,0,0,0,0,10.0,5.0,5.0,20.0,0,369,10.045892715454102,0.10091269079363605,,arrive_dest
241,fresh,0,fresh,,,0,0.0,0,0,0,0,0,10.0,5.0,5.0,20.0,0,443,11.801297187805176,0.0876601376869289,,out_of_road
242,fresh,0,fresh,,,0,0.0,0,0,0,0,0,10.0,5.0,5.0,20.0,0,323,8.073588371276855,0.1048462492004383,,out_of_road
243,fresh,0,fresh,,,0,0.0,0,0,0,0,0,10.0,5.0,5.0,20.0,0,326,7.98000955581665,0.04591999661485933,,out_of_road
244,fresh,0,fresh,,,0,0.0,0,0,0,0,0,10.0,5.0,5.0,20.0,0,376,10.403848648071289,0.10551819279715617,,out_of_road
245,fresh,0,fresh,,,0,0.0,0,0,0,0,0,10.0,5.0,5.0,20.0,0,270,7.52740478515625,0.06633392563089728,,out_of_road
246,fresh,0,fresh,,,0,0.0,0,0,0,0,0,10.0,5.0,5.0,20.0,0,118,0.27843552827835083,0.037963773281771244,,out_of_road
247,fresh,0,fresh,,,0,0.0,0,0,0,0,0,10.0,5.0,5.0,20.0,0,109,1.5848970413208008,0.06386626510103362,,out_of_road
248,fresh,0,fresh,,,0,0.0,0,0,0,0,0,10.0,5.0,5.0,20.0,0,259,8.182083129882812,0.12169723992656672,,out_of_road
249,fresh,0,fresh,,,0,0.0,0,0,0,0,0,10.0,5.0,5.0,20.0,0,296,8.062092781066895,0.06997478515148868,,out_of_road
250,fresh,0,fresh,,,0,0.0,0,0,0,0,0,10.0,5.0,5.0,20.0,0,605,16.576021194458008,0.11656704814488854,,out_of_road
251,fresh,0,fresh,,,0,0.0,0,0,0,0,0,10.0,5.0,5.0,20.0,0,634,17.735692977905273,0.09798089372088152,,arrive_dest
252,fresh,0,fresh,,,0,0.0,0,0,0,0,0,10.0,5.0,5.0,20.0,0,172,3.0962612628936768,0.034227856142489715,,out_of_road
253,fresh,0,fresh,,,0,0.0,0,0,0,0,0,10.0,5.0,5.0,20.0,0,381,10.071578025817871,0.0636108672329447,,out_of_road
254,fresh,0,fresh,,,0,0.0,0,0,0,0,0,10.0,5.0,5.0,20.0,0,362,10.697637557983398,0.09519116503304868,,out_of_road
255,fresh,0,fresh,,,0,0.0,0,0,0,0,0,10.0,5.0,5.0,20.0,0,1000,2.1629843711853027,0.009505520295992028,,max_step
256,fresh,0,fresh,,,0,0.0,0,0,0,0,0,10.0,5.0,5.0,20.0,0,1000,4.375478267669678,0.02552042231732048,,max_step
257,fresh,0,fresh,,,0,0.0,0,0,0,0,0,10.0,5.0,5.0,20.0,0,338,8.23841381072998,0.030960633637130083,,out_of_road
258,fresh,0,fresh,,,0,0.0,0,0,0,0,0,10.0,5.0,5.0,20.0,0,507,10.973982810974121,0.07262605056534034,,out_of_road
259,fresh,0,fresh,,,0,0.0,0,0,0,0,0,10.0,5.0,5.0,20.0,0,269,7.802251815795898,0.1359340356988313,,out_of_road
260,fresh,0,fresh,,,0,0.0,0,0,0,0,0,10.0,5.0,5.0,20.0,0,337,9.82255744934082,0.09128346749324384,,out_of_road
261,fresh,0,fresh,,,0,0.0,0,0,0,0,0,10.0,5.0,5.0,20.0,0,1000,0.0018925198819488287,0.0,,max_step
262,fresh,0,fresh,,,0,0.0,0,0,0,0,0,10.0,5.0,5.0,20.0,0,1000,4.6152424812316895,0.010811965765431523,,max_step
263,fresh,0,fresh,,,0,0.0,0,0,0,0,0,10.0,5.0,5.0,20.0,0,460,10.805750846862793,0.06891933936807934,,out_of_road
264,fresh,0,fresh,,,0,0.0,0,0,0,0,0,10.0,5.0,5.0,20.0,0,1000,0.015702351927757263,0.0,,max_step
265,fresh,0,fresh,,,0,0.0,0,0,0,0,0,10.0,5.0,5.0,20.0,0,169,4.09618616104126,0.08256170105949573,,out_of_road
266,fresh,0,fresh,,,0,0.0,0,0,0,0,0,10.0,5.0,5.0,20.0,0,362,9.881933212280273,0.09027767840911793,,out_of_road
267,fresh,0,fresh,,,0,0.0,0,0,0,0,0,10.0,5.0,5.0,20.0,0,358,9.957505226135254,0.06831233357027298,,out_of_road
268,fresh,0,fresh,,,0,0.0,0,0,0,0,0,10.0,5.0,5.0,20.0,0,336,10.573127746582031,0.11566546454560012,,out_of_road
269,fresh,0,fresh,,,0,0.0,0,0,0,0,0,10.0,5.0,5.0,20.0,0,1000,0.0034704450517892838,0.0004882684829644859,,max_step
270,fresh,0,fresh,,,0,0.0,0,0,0,0,0,10.0,5.0,5.0,20.0,0,256,6.653844356536865,0.10375732527973014,,arrive_dest
271,fresh,0,fresh,,,0,0.0,0,0,0,0,0,10.0,5.0,5.0,20.0,0,1000,0.7325602173805237,0.0015579820666462183,,max_step
272,fresh,0,fresh,,,0,0.0,0,0,0,0,0,10.0,5.0,5.0,20.0,0,159,4.471037864685059,0.09462413615283538,,arrive_dest
273,fresh,0,fresh,,,0,0.0,0,0,0,0,0,10.0,5.0,5.0,20.0,0,160,2.9436943531036377,0.016354769200552254,,out_of_road
274,fresh,0,fresh,,,0,0.0,0,0,0,0,0,10.0,5.0,5.0,20.0,0,127,2.5073964595794678,0.032368423285212104,,out_of_road
275,fresh,0,fresh,,,0,0.0,0,0,0,0,0,10.0,5.0,5.0,20.0,0,125,2.202852964401245,0.016178377389907836,,out_of_road
276,fresh,0,fresh,,,0,0.0,0,0,0,0,0,10.0,5.0,5.0,20.0,0,371,10.338262557983398,0.08946322545728011,,out_of_road
277,fresh,0,fresh,,,0,0.0,0,0,0,0,0,10.0,5.0,5.0,20.0,0,341,10.229316711425781,0.14087276606304336,,out_of_road
278,fresh,0,fresh,,,0,0.0,0,0,0,0,0,10.0,5.0,5.0,20.0,0,2,0.36277735233306885,0.0,,arrive_dest
279,fresh,0,fresh,,,0,0.0,0,0,0,0,0,10.0,5.0,5.0,20.0,0,601,15.99601936340332,0.104362008963772,,out_of_road
280,fresh,0,fresh,,,0,0.0,0,0,0,0,0,10.0,5.0,5.0,20.0,0,344,8.2512788772583,0.06735480890668885,,out_of_road
281,fresh,0,fresh,,,0,0.0,0,0,0,0,0,10.0,5.0,5.0,20.0,0,882,22.18312644958496,0.08984544473228229,,out_of_road
282,fresh,0,fresh,,,0,0.0,0,0,0,0,0,10.0,5.0,5.0,20.0,0,672,21.15888786315918,0.16241151052582564,,out_of_road
283,fresh,0,fresh,,,0,0.0,0,0,0,0,0,10.0,5.0,5.0,20.0,0,152,3.0598366260528564,0.09029318958422855,,arrive_dest
284,fresh,0,fresh,,,0,0.0,0,0,0,0,0,10.0,5.0,5.0,20.0,0,1000,2.6995928287506104,0.016610551482765003,,max_step
285,fresh,0,fresh,,,0,0.0,0,0,0,0,0,10.0,5.0,5.0,20.0,0,252,5.325406074523926,0.038914091617611814,,arrive_dest
286,fresh,0,fresh,,,0,0.0,0,0,0,0,0,10.0,5.0,5.0,20.0,0,606,19.07745933532715,0.14939701288482082,,out_of_road
287,fresh,0,fresh,,,0,0.0,0,0,0,0,0,10.0,5.0,5.0,20.0,0,455,12.711129188537598,0.12194914904597041,,out_of_road
288,fresh,0,fresh,,,0,0.0,0,0,0,0,0,10.0,5.0,5.0,20.0,0,112,2.5102734565734863,0.02924498271230342,,arrive_dest
289,fresh,0,fresh,,,0,0.0,0,0,0,0,0,10.0,5.0,5.0,20.0,0,337,8.76212215423584,0.07833329894585474,,out_of_road
290,fresh,0,fresh,,,0,0.0,0,0,0,0,0,10.0,5.0,5.0,20.0,0,302,7.6532135009765625,0.05332789562923205,,out_of_road
291,fresh,0,fresh,,,0,0.0,0,0,0,0,0,10.0,5.0,5.0,20.0,0,508,12.926254272460938,0.10283835965216043,,out_of_road
292,fresh,0,fresh,,,0,0.0,0,0,0,0,0,10.0,5.0,5.0,20.0,0,368,11.681753158569336,0.18710085792649214,,out_of_road
293,fresh,0,fresh,,,0,0.0,0,0,0,0,0,10.0,5.0,5.0,20.0,0,252,7.939483642578125,0.11711639667018539,,out_of_road
294,fresh,0,fresh,,,0,0.0,0,0,0,0,0,10.0,5.0,5.0,20.0,0,127,2.2317066192626953,0.011440533220650643,,arrive_dest
295,fresh,0,fresh,,,0,0.0,0,0,0,0,0,10.0,5.0,5.0,20.0,0,284,6.926789283752441,0.06653774918621065,,out_of_road
296,fresh,0,fresh,,,0,0.0,0,0,0,0,0,10.0,5.0,5.0,20.0,0,249,7.077221870422363,0.055641397310188974,,out_of_road
297,fresh,0,fresh,,,0,0.0,0,0,0,0,0,10.0,5.0,5.0,20.0,0,1000,3.833158493041992,0.012146077326498925,,max_step
298,fresh,0,fresh,,,0,0.0,0,0,0,0,0,10.0,5.0,5.0,20.0,0,462,11.923110961914062,0.10673481174260861,,out_of_road
299,fresh,0,fresh,,,0,0.0,0,0,0,0,0,10.0,5.0,5.0,20.0,0,1000,10.653023719787598,0.046657525067217646,,max_step
300,fresh,0,fresh,,,0,0.0,0,0,0,0,0,10.0,5.0,5.0,20.0,0,259,7.521505355834961,0.08084083093927173,,out_of_road
301,fresh,0,fresh,,,0,0.0,0,0,0,0,0,10.0,5.0,5.0,20.0,0,266,7.149125576019287,0.04209906893565243,,out_of_road
302,fresh,0,fresh,,,0,0.0,0,0,0,0,0,10.0,5.0,5.0,20.0,0,211,4.278392791748047,0.05899807697568107,,out_of_road
303,fresh,0,fresh,,,0,0.0,0,0,0,0,0,10.0,5.0,5.0,20.0,0,335,9.575438499450684,0.10344475039711862,,out_of_road
304,fresh,0,fresh,,,0,0.0,0,0,0,0,0,10.0,5.0,5.0,20.0,0,1000,2.7807745933532715,0.005430541739799082,,max_step
305,fresh,0,fresh,,,0,0.0,0,0,0,0,0,10.0,5.0,5.0,20.0,0,730,21.72917366027832,0.14966165171617207,,arrive_dest
306,fresh,0,fresh,,,0,0.0,0,0,0,0,0,10.0,5.0,5.0,20.0,0,252,6.852588653564453,0.03243078117162758,,out_of_road
307,fresh,0,fresh,,,0,0.0,0,0,0,0,0,10.0,5.0,5.0,20.0,0,1000,-0.007458607200533152,1.8731486052274703e-05,,max_step
308,fresh,0,fresh,,,0,0.0,0,0,0,0,0,10.0,5.0,5.0,20.0,0,351,8.039166450500488,0.05249814042424189,,out_of_road
309,fresh,0,fresh,,,0,0.0,0,0,0,0,0,10.0,5.0,5.0,20.0,0,1000,10.708484649658203,0.0280167844761163,,max_step
310,fresh,0,fresh,,,0,0.0,0,0,0,0,0,10.0,5.0,5.0,20.0,0,755,4.121747016906738,0.012700027458690453,,out_of_road
311,fresh,0,fresh,,,0,0.0,0,0,0,0,0,10.0,5.0,5.0,20.0,0,241,7.453837871551514,0.09126991084371056,,out_of_road
312,fresh,0,fresh,,,0,0.0,0,0,0,0,0,10.0,5.0,5.0,20.0,0,1000,19.335607528686523,0.0868329892794136,,max_step
313,fresh,0,fresh,,,0,0.0,0,0,0,0,0,10.0,5.0,5.0,20.0,0,251,7.933833599090576,0.14455466989457488,,out_of_road
314,fresh,0,fresh,,,0,0.0,0,0,0,0,0,10.0,5.0,5.0,20.0,0,1000,5.980586528778076,0.03426993812876754,,max_step
315,fresh,0,fresh,,,0,0.0,0,0,0,0,0,10.0,5.0,5.0,20.0,0,181,3.8392386436462402,0.023489061315950438,,out_of_road
316,fresh,0,fresh,,,0,0.0,0,0,0,0,0,10.0,5.0,5.0,20.0,0,386,12.362895965576172,0.16783464695067613,,out_of_road
317,fresh,0,fresh,,,0,0.0,0,0,0,0,0,10.0,5.0,5.0,20.0,0,228,7.6379075050354,0.12002589893037159,,arrive_dest
318,fresh,0,fresh,,,0,0.0,0,0,0,0,0,10.0,5.0,5.0,20.0,0,99,1.3077061176300049,0.009304078439288217,,out_of_road
319,fresh,0,fresh,,,0,0.0,0,0,0,0,0,10.0,5.0,5.0,20.0,0,285,6.55269193649292,0.049562769701802414,,out_of_road
320,fresh,0,fresh,,,0,0.0,0,0,0,0,0,10.0,5.0,5.0,20.0,0,1000,2.0468809604644775,0.003103242308832705,,max_step
321,fresh,0,fresh,,,0,0.0,0,0,0,0,0,10.0,5.0,5.0,20.0,0,287,7.490967750549316,0.06711620223815537,,out_of_road
322,fresh,0,fresh,,,0,0.0,0,0,0,0,0,10.0,5.0,5.0,20.0,0,1000,0.0012202051002532244,0.0,,max_step
323,fresh,0,fresh,,,0,0.0,0,0,0,0,0,10.0,5.0,5.0,20.0,0,286,5.511727333068848,0.036083495420227936,,out_of_road
324,fresh,0,fresh,,,0,0.0,0,0,0,0,0,10.0,5.0,5.0,20.0,0,257,7.109228134155273,0.08029598590885272,,out_of_road
325,fresh,0,fresh,,,0,0.0,0,0,0,0,0,10.0,5.0,5.0,20.0,0,146,3.0412559509277344,0.04415119355799605,,arrive_dest
326,fresh,0,fresh,,,0,0.0,0,0,0,0,0,10.0,5.0,5.0,20.0,0,417,13.013197898864746,0.17525117232395018,,out_of_road
327,fresh,0,fresh,,,0,0.0,0,0,0,0,0,10.0,5.0,5.0,20.0,0,409,11.614174842834473,0.10397803366484808,,out_of_road
328,fresh,0,fresh,,,0,0.0,0,0,0,0,0,10.0,5.0,5.0,20.0,0,355,10.08977222442627,0.10398926840124416,,out_of_road
329,fresh,0,fresh,,,0,0.0,0,0,0,0,0,10.0,5.0,5.0,20.0,0,196,5.496189117431641,0.06606403065427226,,arrive_dest
330,fresh,0,fresh,,,0,0.0,0,0,0,0,0,10.0,5.0,5.0,20.0,0,825,22.109445571899414,0.13090470741756938,,arrive_dest
331,fresh,0,fresh,,,0,0.0,0,0,0,0,0,10.0,5.0,5.0,20.0,0,54,-0.13838621973991394,0.0010413014226489598,,out_of_road
332,fresh,0,fresh,,,0,0.0,0,0,0,0,0,10.0,5.0,5.0,20.0,0,518,6.041578769683838,0.05110921963045201,,out_of_road
333,fresh,0,fresh,,,0,0.0,0,0,0,0,0,10.0,5.0,5.0,20.0,0,203,4.338026523590088,0.014033924782501874,,out_of_road
334,fresh,0,fresh,,,0,0.0,0,0,0,0,0,10.0,5.0,5.0,20.0,0,490,10.775940895080566,0.048359807784079896,,arrive_dest
335,fresh,0,fresh,,,0,0.0,0,0,0,0,0,10.0,5.0,5.0,20.0,0,1000,7.960793972015381,0.023411776165477932,,max_step
336,fresh,0,fresh,,,0,0.0,0,0,0,0,0,10.0,5.0,5.0,20.0,0,224,5.161134719848633,0.0408103049017622,,out_of_road
337,fresh,0,fresh,,,0,0.0,0,0,0,0,0,10.0,5.0,5.0,20.0,0,1000,2.120509624481201,0.004378895767615177,,max_step
338,fresh,0,fresh,,,0,0.0,0,0,0,0,0,10.0,5.0,5.0,20.0,0,763,18.95807456970215,0.07301610809119802,,out_of_road
339,fresh,0,fresh,,,0,0.0,0,0,0,0,0,10.0,5.0,5.0,20.0,0,886,19.594520568847656,0.06661792368466207,,out_of_road
340,fresh,0,fresh,,,0,0.0,0,0,0,0,0,10.0,5.0,5.0,20.0,0,173,3.339336395263672,0.014989138591625442,,out_of_road
341,fresh,0,fresh,,,0,0.0,0,0,0,0,0,10.0,5.0,5.0,20.0,0,1000,2.6701126098632812,0.004940149442380061,,max_step
342,fresh,0,fresh,,,0,0.0,0,0,0,0,0,10.0,5.0,5.0,20.0,0,420,12.381711959838867,0.13664731461599114,,out_of_road
343,fresh,0,fresh,,,0,0.0,0,0,0,0,0,10.0,5.0,5.0,20.0,0,179,2.4674270153045654,0.013114012330354259,,out_of_road
344,fresh,0,fresh,,,0,0.0,0,0,0,0,0,10.0,5.0,5.0,20.0,0,1000,-0.008486181497573853,0.0009413422346115113,,max_step
345,fresh,0,fresh,,,0,0.0,0,0,0,0,0,10.0,5.0,5.0,20.0,0,344,9.197005271911621,0.08478875445786777,,out_of_road
346,fresh,0,fresh,,,0,0.0,0,0,0,0,0,10.0,5.0,5.0,20.0,0,389,10.732891082763672,0.11340193024113449,,out_of_road
347,fresh,0,fresh,,,0,0.0,0,0,0,0,0,10.0,5.0,5.0,20.0,0,298,6.770475387573242,0.058287411257812144,,out_of_road
348,fresh,0,fresh,,,0,0.0,0,0,0,0,0,10.0,5.0,5.0,20.0,0,232,3.918020009994507,0.032235893934708215,,out_of_road
349,fresh,0,fresh,,,0,0.0,0,0,0,0,0,10.0,5.0,5.0,20.0,0,1000,0.4847120940685272,0.0037263983727898447,,max_step
350,fresh,0,fresh,,,0,0.0,0,0,0,0,0,10.0,5.0,5.0,20.0,0,250,7.08875846862793,0.07566758434474469,,out_of_road
351,fresh,0,fresh,,,0,0.0,0,0,0,0,0,10.0,5.0,5.0,20.0,0,132,2.3701064586639404,0.024196665966883302,,out_of_road
352,fresh,0,fresh,,,0,0.0,0,0,0,0,0,10.0,5.0,5.0,20.0,0,314,7.500884532928467,0.07464016996217286,,out_of_road
353,fresh,0,fresh,,,0,0.0,0,0,0,0,0,10.0,5.0,5.0,20.0,0,155,3.056577682495117,0.030667028317768727,,arrive_dest
354,fresh,0,fresh,,,0,0.0,0,0,0,0,0,10.0,5.0,5.0,20.0,0,246,7.203203201293945,0.09094963248012723,,out_of_road
355,fresh,0,fresh,,,0,0.0,0,0,0,0,0,10.0,5.0,5.0,20.0,0,499,14.028486251831055,0.144228626097196,,out_of_road
356,fresh,0,fresh,,,0,0.0,0,0,0,0,0,10.0,5.0,5.0,20.0,0,1000,0.6844700574874878,0.004352132214349694,,max_step
357,fresh,0,fresh,,,0,0.0,0,0,0,0,0,10.0,5.0,5.0,20.0,0,431,12.15099811553955,0.11594820439841451,,out_of_road
358,fresh,0,fresh,,,0,0.0,0,0,0,0,0,10.0,5.0,5.0,20.0,0,457,12.305584907531738,0.13284961574790383,,out_of_road
359,fresh,0,fresh,,,0,0.0,0,0,0,0,0,10.0,5.0,5.0,20.0,0,189,4.305517196655273,0.0256394824831101,,out_of_road
360,fresh,0,fresh,,,0,0.0,0,0,0,0,0,10.0,5.0,5.0,20.0,0,309,7.363734245300293,0.05769513292889138,,out_of_road
361,fresh,0,fresh,,,0,0.0,0,0,0,0,0,10.0,5.0,5.0,20.0,0,740,17.59281349182129,0.06474673721775714,,arrive_dest
362,fresh,0,fresh,,,0,0.0,0,0,0,0,0,10.0,5.0,5.0,20.0,0,474,11.344836235046387,0.06032606811244984,,out_of_road
363,fresh,0,fresh,,,0,0.0,0,0,0,0,0,10.0,5.0,5.0,20.0,0,1000,7.698573589324951,0.022457457438344135,,max_step
364,fresh,0,fresh,,,0,0.0,0,0,0,0,0,10.0,5.0,5.0,20.0,0,144,3.003171920776367,0.037059538984774716,,arrive_dest
365,fresh,0,fresh,,,0,0.0,0,0,0,0,0,10.0,5.0,5.0,20.0,0,267,7.011266708374023,0.042696819211659805,,out_of_road
366,fresh,0,fresh,,,0,0.0,0,0,0,0,0,10.0,5.0,5.0,20.0,0,1000,1.95822012424469,0.003701413995004259,,max_step
367,fresh,0,fresh,,,0,0.0,0,0,0,0,0,10.0,5.0,5.0,20.0,0,1000,4.728041648864746,0.014115002561942674,,max_step
368,fresh,0,fresh,,,0,0.0,0,0,0,0,0,10.0,5.0,5.0,20.0,0,404,11.8469820022583,0.1307974441039219,,out_of_road
369,fresh,0,fresh,,,0,0.0,0,0,0,0,0,10.0,5.0,5.0,20.0,0,627,16.262889862060547,0.08543220648550959,,out_of_road
370,fresh,0,fresh,,,0,0.0,0,0,0,0,0,10.0,5.0,5.0,20.0,0,517,11.375523567199707,0.06391095941435056,,out_of_road
371,fresh,0,fresh,,,0,0.0,0,0,0,0,0,10.0,5.0,5.0,20.0,0,566,13.946975708007812,0.10263300588656407,,arrive_dest
372,fresh,0,fresh,,,0,0.0,0,0,0,0,0,10.0,5.0,5.0,20.0,0,1000,12.621098518371582,0.05093980223336257,,max_step
373,fresh,0,fresh,,,0,0.0,0,0,0,0,0,10.0,5.0,5.0,20.0,0,281,7.4460062980651855,0.07248557252922092,,out_of_road
374,fresh,0,fresh,,,0,0.0,0,0,0,0,0,10.0,5.0,5.0,20.0,0,848,21.052156448364258,0.0892656810679429,,out_of_road
375,fresh,0,fresh,,,0,0.0,0,0,0,0,0,10.0,5.0,5.0,20.0,0,52,0.8906252384185791,0.01607769039961008,,arrive_dest
376,fresh,0,fresh,,,0,0.0,0,0,0,0,0,10.0,5.0,5.0,20.0,0,1000,2.892711639404297,0.019441710410639645,,max_step
377,fresh,0,fresh,,,0,0.0,0,0,0,0,0,10.0,5.0,5.0,20.0,0,377,9.66488265991211,0.06704873752851899,,arrive_dest
378,fresh,0,fresh,,,0,0.0,0,0,0,0,0,10.0,5.0,5.0,20.0,0,748,2.493509292602539,0.021876731270832075,,out_of_road
379,fresh,0,fresh,,,0,0.0,0,0,0,0,0,10.0,5.0,5.0,20.0,0,1000,2.323129415512085,0.005261334816081217,,max_step
380,fresh,0,fresh,,,0,0.0,0,0,0,0,0,10.0,5.0,5.0,20.0,0,366,8.936293601989746,0.060232855509355906,,out_of_road
381,fresh,0,fresh,,,0,0.0,0,0,0,0,0,10.0,5.0,5.0,20.0,0,514,12.486205101013184,0.0681363547511638,,arrive_dest
382,fresh,0,fresh,,,0,0.0,0,0,0,0,0,10.0,5.0,5.0,20.0,0,250,7.357210636138916,0.09540290441177786,,out_of_road
383,fresh,0,fresh,,,0,0.0,0,0,0,0,0,10.0,5.0,5.0,20.0,0,213,5.041478157043457,0.02669504457131518,,out_of_road
384,fresh,0,fresh,,,0,0.0,0,0,0,0,0,10.0,5.0,5.0,20.0,0,827,20.63071632385254,0.07241557816639227,,out_of_road
385,fresh,0,fresh,,,0,0.0,0,0,0,0,0,10.0,5.0,5.0,20.0,0,1000,9.279988288879395,0.036892949230968954,,max_step
386,fresh,0,fresh,,,0,0.0,0,0,0,0,0,10.0,5.0,5.0,20.0,0,347,5.961820602416992,0.028671437275920718,,arrive_dest
387,fresh,0,fresh,,,0,0.0,0,0,0,0,0,10.0,5.0,5.0,20.0,0,803,19.560443878173828,0.08773623942861457,,arrive_dest
388,fresh,0,fresh,,,0,0.0,0,0,0,0,0,10.0,5.0,5.0,20.0,0,1000,7.257316589355469,0.015555124613922089,,max_step
389,fresh,0,fresh,,,0,0.0,0,0,0,0,0,10.0,5.0,5.0,20.0,0,411,11.195191383361816,0.12755448709711106,,out_of_road
390,fresh,0,fresh,,,0,0.0,0,0,0,0,0,10.0,5.0,5.0,20.0,0,701,19.659915924072266,0.1137250727002699,,arrive_dest
391,fresh,0,fresh,,,0,0.0,0,0,0,0,0,10.0,5.0,5.0,20.0,0,401,10.249276161193848,0.09993457451620676,,out_of_road
392,fresh,0,fresh,,,0,0.0,0,0,0,0,0,10.0,5.0,5.0,20.0,0,1000,7.067541122436523,0.013374982951208949,,max_step
393,fresh,0,fresh,,,0,0.0,0,0,0,0,0,10.0,5.0,5.0,20.0,0,1000,7.663866996765137,0.032216066766763106,,max_step
394,fresh,0,fresh,,,0,0.0,0,0,0,0,0,10.0,5.0,5.0,20.0,0,1000,23.778987884521484,0.06866685742000118,,max_step
395,fresh,0,fresh,,,0,0.0,0,0,0,0,0,10.0,5.0,5.0,20.0,0,739,20.5080623626709,0.12553384209225643,,out_of_road
396,fresh,0,fresh,,,0,0.0,0,0,0,0,0,10.0,5.0,5.0,20.0,0,1000,3.799175500869751,0.013550603248877451,,max_step
397,fresh,0,fresh,,,0,0.0,0,0,0,0,0,10.0,5.0,5.0,20.0,0,1000,17.709697723388672,0.05631513169087703,,max_step
398,fresh,0,fresh,,,0,0.0,0,0,0,0,0,10.0,5.0,5.0,20.0,0,1000,4.039295673370361,0.006235619157727342,,max_step
399,fresh,0,fresh,,,0,0.0,0,0,0,0,0,10.0,5.0,5.0,20.0,0,1000,6.608162879943848,0.014080848297569901,,max_step
400,fresh,0,fresh,,,0,0.0,0,0,0,0,0,10.0,5.0,5.0,20.0,0,718,19.616985321044922,0.09589602941942912,,out_of_road
401,fresh,0,fresh,,,0,0.0,0,0,0,0,0,10.0,5.0,5.0,20.0,0,1000,23.23443031311035,0.08110099415155128,,max_step
402,fresh,0,fresh,,,0,0.0,0,0,0,0,0,10.0,5.0,5.0,20.0,0,1000,27.387739181518555,0.09686708159954287,,max_step
403,fresh,0,fresh,,,0,0.0,0,0,0,0,0,10.0,5.0,5.0,20.0,0,45,0.10401195287704468,0.0,,out_of_road
404,fresh,0,fresh,,,0,0.0,0,0,0,0,0,10.0,5.0,5.0,20.0,0,1000,0.0006048879586160183,0.0,,max_step
405,fresh,0,fresh,,,0,0.0,0,0,0,0,0,10.0,5.0,5.0,20.0,0,199,4.261419296264648,0.027739020086703214,,out_of_road
406,fresh,0,fresh,,,0,0.0,0,0,0,0,0,10.0,5.0,5.0,20.0,0,416,11.146032333374023,0.06598837806982025,,out_of_road
407,fresh,0,fresh,,,0,0.0,0,0,0,0,0,10.0,5.0,5.0,20.0,0,653,17.658550262451172,0.08431232542335805,,out_of_road
408,fresh,0,fresh,,,0,0.0,0,0,0,0,0,10.0,5.0,5.0,20.0,0,327,7.986976623535156,0.04598130344410373,,arrive_dest
409,fresh,0,fresh,,,0,0.0,0,0,0,0,0,10.0,5.0,5.0,20.0,0,304,7.914095401763916,0.056183673579270316,,out_of_road
410,fresh,0,fresh,,,0,0.0,0,0,0,0,0,10.0,5.0,5.0,20.0,0,777,19.242374420166016,0.05049830336666677,,arrive_dest
411,fresh,0,fresh,,,0,0.0,0,0,0,0,0,10.0,5.0,5.0,20.0,0,1000,2.1067190170288086,0.0009863614870700985,,max_step
412,fresh,0,fresh,,,0,0.0,0,0,0,0,0,10.0,5.0,5.0,20.0,0,132,1.3294254541397095,0.03469780743277321,,out_of_road
413,fresh,0,fresh,,,0,0.0,0,0,0,0,0,10.0,5.0,5.0,20.0,0,699,19.523088455200195,0.10434569100028594,,arrive_dest
414,fresh,0,fresh,,,0,0.0,0,0,0,0,0,10.0,5.0,5.0,20.0,0,1000,15.361672401428223,0.033609856717055665,,max_step
415,fresh,0,fresh,,,0,0.0,0,0,0,0,0,10.0,5.0,5.0,20.0,0,282,8.213591575622559,0.08144581950672553,,out_of_road
416,fresh,0,fresh,,,0,0.0,0,0,0,0,0,10.0,5.0,5.0,20.0,0,1000,9.937027931213379,0.023981579367158702,,max_step
417,fresh,0,fresh,,,0,0.0,0,0,0,0,0,10.0,5.0,5.0,20.0,0,359,9.076258659362793,0.07365622491028398,,out_of_road
418,fresh,0,fresh,,,0,0.0,0,0,0,0,0,10.0,5.0,5.0,20.0,0,277,7.868157863616943,0.04134184015000286,,arrive_dest
419,fresh,0,fresh,,,0,0.0,0,0,0,0,0,10.0,5.0,5.0,20.0,0,195,5.689093112945557,0.044428038492034645,,out_of_road
420,fresh,0,fresh,,,0,0.0,0,0,0,0,0,10.0,5.0,5.0,20.0,0,901,26.28822898864746,0.11488263827818886,,arrive_dest
421,fresh,0,fresh,,,0,0.0,0,0,0,0,0,10.0,5.0,5.0,20.0,0,1000,1.953791618347168,0.0026517713842913507,,max_step
422,fresh,0,fresh,,,0,0.0,0,0,0,0,0,10.0,5.0,5.0,20.0,0,1000,6.321977138519287,0.021150276855856645,,max_step
423,fresh,0,fresh,,,0,0.0,0,0,0,0,0,10.0,5.0,5.0,20.0,0,370,9.961764335632324,0.10095958902274033,,out_of_road
424,fresh,0,fresh,,,0,0.0,0,0,0,0,0,10.0,5.0,5.0,20.0,0,759,20.48209571838379,0.075357929747294,,arrive_dest
425,fresh,0,fresh,,,0,0.0,0,0,0,0,0,10.0,5.0,5.0,20.0,0,1000,3.8786115646362305,0.00834181328608247,,max_step
426,fresh,0,fresh,,,0,0.0,0,0,0,0,0,10.0,5.0,5.0,20.0,0,422,12.337116241455078,0.10815193208808441,,out_of_road
427,fresh,0,fresh,,,0,0.0,0,0,0,0,0,10.0,5.0,5.0,20.0,0,600,12.120585441589355,0.03784380490736415,,out_of_road
428,fresh,0,fresh,,,0,0.0,0,0,0,0,0,10.0,5.0,5.0,20.0,0,611,15.00017261505127,0.06779311827605715,,arrive_dest
429,fresh,0,fresh,,,0,0.0,0,0,0,0,0,10.0,5.0,5.0,20.0,0,244,2.165830612182617,0.008597530479939868,,out_of_road
430,fresh,0,fresh,,,0,0.0,0,0,0,0,0,10.0,5.0,5.0,20.0,0,378,10.105676651000977,0.0945274987862884,,out_of_road
431,fresh,0,fresh,,,0,0.0,0,0,0,0,0,10.0,5.0,5.0,20.0,0,656,17.255414962768555,0.07505438222319864,,out_of_road
432,fresh,0,fresh,,,0,0.0,0,0,0,0,0,10.0,5.0,5.0,20.0,0,334,10.21066665649414,0.12329635539923064,,arrive_dest
433,fresh,0,fresh,,,0,0.0,0,0,0,0,0,10.0,5.0,5.0,20.0,0,293,9.3938570022583,0.11163380935688029,,out_of_road
434,fresh,0,fresh,,,0,0.0,0,0,0,0,0,10.0,5.0,5.0,20.0,0,1000,15.668335914611816,0.038840617242152806,,max_step
435,fresh,0,fresh,,,0,0.0,0,0,0,0,0,10.0,5.0,5.0,20.0,0,502,13.215422630310059,0.11515833216856616,,out_of_road
436,fresh,0,fresh,,,0,0.0,0,0,0,0,0,10.0,5.0,5.0,20.0,0,571,15.239706039428711,0.07631329432433233,,out_of_road
437,fresh,0,fresh,,,0,0.0,0,0,0,0,0,10.0,5.0,5.0,20.0,0,1000,2.4375596046447754,0.0017570480973809026,,max_step
438,fresh,0,fresh,,,0,0.0,0,0,0,0,0,10.0,5.0,5.0,20.0,0,623,19.848417282104492,0.18703697752999815,,arrive_dest
439,fresh,0,fresh,,,0,0.0,0,0,0,0,0,10.0,5.0,5.0,20.0,0,286,7.251142978668213,0.0687770516142718,,out_of_road
440,fresh,0,fresh,,,0,0.0,0,0,0,0,0,10.0,5.0,5.0,20.0,0,1000,2.1705214977264404,0.008000397836323827,,max_step
441,fresh,0,fresh,,,0,0.0,0,0,0,0,0,10.0,5.0,5.0,20.0,0,1000,14.224992752075195,0.06226135930448072,,max_step
442,fresh,0,fresh,,,0,0.0,0,0,0,0,0,10.0,5.0,5.0,20.0,0,820,21.28958511352539,0.07277224360050906,,arrive_dest
443,fresh,0,fresh,,,0,0.0,0,0,0,0,0,10.0,5.0,5.0,20.0,0,478,11.588693618774414,0.03332179735821894,,arrive_dest
444,fresh,0,fresh,,,0,0.0,0,0,0,0,0,10.0,5.0,5.0,20.0,0,1000,0.00045282923383638263,0.0,,max_step
445,fresh,0,fresh,,,0,0.0,0,0,0,0,0,10.0,5.0,5.0,20.0,0,1000,0.011358118616044521,0.0007401224374771118,,max_step
446,fresh,0,fresh,,,0,0.0,0,0,0,0,0,10.0,5.0,5.0,20.0,0,1000,0.6157350540161133,0.014651278723453289,,max_step
447,fresh,0,fresh,,,0,0.0,0,0,0,0,0,10.0,5.0,5.0,20.0,0,730,20.27425193786621,0.08495951628835541,,arrive_dest
448,fresh,0,fresh,,,0,0.0,0,0,0,0,0,10.0,5.0,5.0,20.0,0,1000,0.0024922124575823545,0.0,,max_step
449,fresh,0,fresh,,,0,0.0,0,0,0,0,0,10.0,5.0,5.0,20.0,0,1000,2.2855443954467773,0.004373427581274882,,max_step
450,fresh,0,fresh,,,0,0.0,0,0,0,0,0,10.0,5.0,5.0,20.0,0,322,9.640789031982422,0.13251064798754195,,out_of_road
451,fresh,0,fresh,,,0,0.0,0,0,0,0,0,10.0,5.0,5.0,20.0,0,1000,2.087475061416626,0.005706734927196522,,max_step
452,fresh,0,fresh,,,0,0.0,0,0,0,0,0,10.0,5.0,5.0,20.0,0,1000,0.0008883659611456096,0.00022468362003564836,,max_step
453,fresh,0,fresh,,,0,0.0,0,0,0,0,0,10.0,5.0,5.0,20.0,0,375,7.622228145599365,0.08390620507051548,,arrive_dest
454,fresh,0,fresh,,,0,0.0,0,0,0,0,0,10.0,5.0,5.0,20.0,0,407,11.085091590881348,0.08643931627653412,,out_of_road
455,fresh,0,fresh,,,0,0.0,0,0,0,0,0,10.0,5.0,5.0,20.0,0,265,7.175556182861328,0.08013260919108706,,out_of_road
456,fresh,0,fresh,,,0,0.0,0,0,0,0,0,10.0,5.0,5.0,20.0,0,1000,1.8447353839874268,0.01852097945148125,,max_step
457,fresh,0,fresh,,,0,0.0,0,0,0,0,0,10.0,5.0,5.0,20.0,0,1000,2.09055757522583,0.00678809162057587,,max_step
458,fresh,0,fresh,,,0,0.0,0,0,0,0,0,10.0,5.0,5.0,20.0,0,257,6.4288811683654785,0.08210907653082844,,out_of_road
459,fresh,0,fresh,,,0,0.0,0,0,0,0,0,10.0,5.0,5.0,20.0,0,405,11.02830982208252,0.12298849821435633,,out_of_road
460,fresh,0,fresh,,,0,0.0,0,0,0,0,0,10.0,5.0,5.0,20.0,0,310,8.007733345031738,0.08198269535937618,,arrive_dest
461,fresh,0,fresh,,,0,0.0,0,0,0,0,0,10.0,5.0,5.0,20.0,0,457,11.589287757873535,0.08867549403169125,,out_of_road
462,fresh,0,fresh,,,0,0.0,0,0,0,0,0,10.0,5.0,5.0,20.0,0,270,7.0314860343933105,0.04453072487031696,,out_of_road
463,fresh,0,fresh,,,0,0.0,0,0,0,0,0,10.0,5.0,5.0,20.0,0,1000,20.52918243408203,0.05487541965895798,,max_step
464,fresh,0,fresh,,,0,0.0,0,0,0,0,0,10.0,5.0,5.0,20.0,0,1000,6.170321941375732,0.026299984729499556,,max_step
465,fresh,0,fresh,,,0,0.0,0,0,0,0,0,10.0,5.0,5.0,20.0,0,29,-0.14851528406143188,0.025586450922078098,,out_of_road
466,fresh,0,fresh,,,0,0.0,0,0,0,0,0,10.0,5.0,5.0,20.0,0,1000,5.380075454711914,0.014939151428610785,,max_step
467,fresh,0,fresh,,,0,0.0,0,0,0,0,0,10.0,5.0,5.0,20.0,0,254,7.098539352416992,0.08846545668124536,,out_of_road
468,fresh,0,fresh,,,0,0.0,0,0,0,0,0,10.0,5.0,5.0,20.0,0,346,9.106799125671387,0.06824461346212236,,out_of_road
469,fresh,0,fresh,,,0,0.0,0,0,0,0,0,10.0,5.0,5.0,20.0,0,1000,9.821227073669434,0.027142874096171,,max_step
470,fresh,0,fresh,,,0,0.0,0,0,0,0,0,10.0,5.0,5.0,20.0,0,440,11.527519226074219,0.06436743336433376,,out_of_road
471,fresh,0,fresh,,,0,0.0,0,0,0,0,0,10.0,5.0,5.0,20.0,0,1000,14.485611915588379,0.05363402367569506,,max_step
472,fresh,0,fresh,,,0,0.0,0,0,0,0,0,10.0,5.0,5.0,20.0,0,886,11.670845031738281,0.026089066917310062,,out_of_road
473,fresh,0,fresh,,,0,0.0,0,0,0,0,0,10.0,5.0,5.0,20.0,0,500,10.350685119628906,0.0612745223660022,,out_of_road
474,fresh,0,fresh,,,0,0.0,0,0,0,0,0,10.0,5.0,5.0,20.0,0,374,10.180779457092285,0.1146491042432938,,arrive_dest
475,fresh,0,fresh,,,0,0.0,0,0,0,0,0,10.0,5.0,5.0,20.0,0,1000,8.004046440124512,0.016828220083378257,,max_step
476,fresh,0,fresh,,,0,0.0,0,0,0,0,0,10.0,5.0,5.0,20.0,0,1000,5.708990097045898,0.004577184309484437,,max_step
477,fresh,0,fresh,,,0,0.0,0,0,0,0,0,10.0,5.0,5.0,20.0,0,1000,1.9140052795410156,0.00257787243052735,,max_step
478,fresh,0,fresh,,,0,0.0,0,0,0,0,0,10.0,5.0,5.0,20.0,0,1000,4.26671838760376,0.024061755365197314,,max_step
479,fresh,0,fresh,,,0,0.0,0,0,0,0,0,10.0,5.0,5.0,20.0,0,1000,12.99781608581543,0.030797257163067117,,max_step
480,fresh,0,fresh,,,0,0.0,0,0,0,0,0,10.0,5.0,5.0,20.0,0,1000,4.660442352294922,0.012487686888314784,,max_step
481,fresh,0,fresh,,,0,0.0,0,0,0,0,0,10.0,5.0,5.0,20.0,0,566,15.393991470336914,0.11393132435927963,,out_of_road
482,fresh,0,fresh,,,0,0.0,0,0,0,0,0,10.0,5.0,5.0,20.0,0,1000,1.8136776685714722,0.0015682033153716474,,max_step
483,fresh,0,fresh,,,0,0.0,0,0,0,0,0,10.0,5.0,5.0,20.0,0,435,11.827678680419922,0.1337791739149426,,out_of_road
484,fresh,0,fresh,,,0,0.0,0,0,0,0,0,10.0,5.0,5.0,20.0,0,562,14.923467636108398,0.10347814176453682,,out_of_road
485,fresh,0,fresh,,,0,0.0,0,0,0,0,0,10.0,5.0,5.0,20.0,0,1000,13.058526039123535,0.08177045988850296,,max_step
486,fresh,0,fresh,,,0,0.0,0,0,0,0,0,10.0,5.0,5.0,20.0,0,887,21.76961898803711,0.09935382437097431,,arrive_dest
487,fresh,0,fresh,,,0,0.0,0,0,0,0,0,10.0,5.0,5.0,20.0,0,516,14.757966995239258,0.1073266926506722,,out_of_road
488,fresh,0,fresh,,,0,0.0,0,0,0,0,0,10.0,5.0,5.0,20.0,0,559,13.355518341064453,0.045771085630106026,,arrive_dest
489,fresh,0,fresh,,,0,0.0,0,0,0,0,0,10.0,5.0,5.0,20.0,0,369,9.132792472839355,0.06617468639925567,,out_of_road
490,fresh,0,fresh,,,0,0.0,0,0,0,0,0,10.0,5.0,5.0,20.0,0,1000,0.3309779763221741,0.000731257911073044,,max_step
491,fresh,0,fresh,,,0,0.0,0,0,0,0,0,10.0,5.0,5.0,20.0,0,1000,3.682232141494751,0.005869852919364348,,max_step
492,fresh,0,fresh,,,0,0.0,0,0,0,0,0,10.0,5.0,5.0,20.0,0,221,5.15423583984375,0.03856362592285642,,out_of_road
493,fresh,0,fresh,,,0,0.0,0,0,0,0,0,10.0,5.0,5.0,20.0,0,546,13.861353874206543,0.07345061147804696,,out_of_road
494,fresh,0,fresh,,,0,0.0,0,0,0,0,0,10.0,5.0,5.0,20.0,0,380,7.873739242553711,0.037748157224728185,,out_of_road
495,fresh,0,fresh,,,0,0.0,0,0,0,0,0,10.0,5.0,5.0,20.0,0,259,7.229402542114258,0.10795479266397282,,out_of_road
496,fresh,0,fresh,,,0,0.0,0,0,0,0,0,10.0,5.0,5.0,20.0,0,30,-0.02986970543861389,0.00984732707341512,,out_of_road
497,fresh,0,fresh,,,0,0.0,0,0,0,0,0,10.0,5.0,5.0,20.0,0,304,9.667698860168457,0.13177333554746215,,out_of_road
498,fresh,0,fresh,,,0,0.0,0,0,0,0,0,10.0,5.0,5.0,20.0,0,1000,0.456165075302124,0.0007397083081305027,,max_step
499,fresh,0,fresh,,,0,0.0,0,0,0,0,0,10.0,5.0,5.0,20.0,0,239,5.883702278137207,0.05663825166859824,,out_of_road
500,fresh,0,fresh,,,0,0.0,0,0,0,0,0,10.0,5.0,5.0,20.0,0,256,7.282134056091309,0.0873932238719135,,out_of_road
501,fresh,0,fresh,,,0,0.0,0,0,0,0,0,10.0,5.0,5.0,20.0,0,326,9.921177864074707,0.1354719980425584,,out_of_road
502,fresh,0,fresh,,,0,0.0,0,0,0,0,0,10.0,5.0,5.0,20.0,0,250,7.214217185974121,0.07652276939526201,,out_of_road
503,fresh,0,fresh,,,0,0.0,0,0,0,0,0,10.0,5.0,5.0,20.0,0,1000,2.2501494884490967,0.0037982540049706585,,max_step
504,fresh,0,fresh,,,0,0.0,0,0,0,0,0,10.0,5.0,5.0,20.0,0,234,7.671149253845215,0.0955409694256054,,arrive_dest
505,fresh,0,fresh,,,0,0.0,0,0,0,0,0,10.0,5.0,5.0,20.0,0,480,11.390759468078613,0.08186840233101975,,arrive_dest
506,fresh,0,fresh,,,0,0.0,0,0,0,0,0,10.0,5.0,5.0,20.0,0,259,7.018452167510986,0.052455712611423844,,out_of_road
507,fresh,0,fresh,,,0,0.0,0,0,0,0,0,10.0,5.0,5.0,20.0,0,199,4.954664707183838,0.03944302343028649,,out_of_road
508,fresh,0,fresh,,,0,0.0,0,0,0,0,0,10.0,5.0,5.0,20.0,0,506,12.72994613647461,0.11635606838095741,,out_of_road
509,fresh,0,fresh,,,0,0.0,0,0,0,0,0,10.0,5.0,5.0,20.0,0,404,8.704113006591797,0.044728082549380196,,out_of_road
510,fresh,0,fresh,,,0,0.0,0,0,0,0,0,10.0,5.0,5.0,20.0,0,144,2.9791839122772217,0.0482862485676176,,arrive_dest
511,fresh,0,fresh,,,0,0.0,0,0,0,0,0,10.0,5.0,5.0,20.0,0,1000,2.552365779876709,0.008203862817434128,,max_step
512,fresh,0,fresh,,,0,0.0,0,0,0,0,0,10.0,5.0,5.0,20.0,0,46,0.16409356892108917,0.023698762707088306,,out_of_road
513,fresh,0,fresh,,,0,0.0,0,0,0,0,0,10.0,5.0,5.0,20.0,0,611,17.465383529663086,0.1019785658314629,,arrive_dest
514,fresh,0,fresh,,,0,0.0,0,0,0,0,0,10.0,5.0,5.0,20.0,0,1000,16.35108757019043,0.047283643611706797,,max_step
515,fresh,0,fresh,,,0,0.0,0,0,0,0,0,10.0,5.0,5.0,20.0,0,255,7.178780555725098,0.03544526171377477,,out_of_road
516,fresh,0,fresh,,,0,0.0,0,0,0,0,0,10.0,5.0,5.0,20.0,0,181,3.326643466949463,0.017020506146286734,,arrive_dest
517,fresh,0,fresh,,,0,0.0,0,0,0,0,0,10.0,5.0,5.0,20.0,0,1000,4.3181023597717285,0.012294750085799024,,max_step
518,fresh,0,fresh,,,0,0.0,0,0,0,0,0,10.0,5.0,5.0,20.0,0,600,14.712286949157715,0.05842353791473821,,out_of_road
519,fresh,0,fresh,,,0,0.0,0,0,0,0,0,10.0,5.0,5.0,20.0,0,418,11.192450523376465,0.1017511747376414,,arrive_dest
520,fresh,0,fresh,,,0,0.0,0,0,0,0,0,10.0,5.0,5.0,20.0,0,413,11.039569854736328,0.0904988559925834,,out_of_road
521,fresh,0,fresh,,,0,0.0,0,0,0,0,0,10.0,5.0,5.0,20.0,0,168,4.116271018981934,0.035286260613550745,,out_of_road
522,fresh,0,fresh,,,0,0.0,0,0,0,0,0,10.0,5.0,5.0,20.0,0,590,14.72563362121582,0.07059229686698419,,out_of_road
523,fresh,0,fresh,,,0,0.0,0,0,0,0,0,10.0,5.0,5.0,20.0,0,1000,4.343260288238525,0.011830137073993684,,max_step
524,fresh,0,fresh,,,0,0.0,0,0,0,0,0,10.0,5.0,5.0,20.0,0,527,9.56860065460205,0.05581451047112922,,arrive_dest
525,fresh,0,fresh,,,0,0.0,0,0,0,0,0,10.0,5.0,5.0,20.0,0,379,9.69015121459961,0.03846398604195811,,arrive_dest
526,fresh,0,fresh,,,0,0.0,0,0,0,0,0,10.0,5.0,5.0,20.0,0,355,9.099836349487305,0.08530811238706007,,out_of_road
527,fresh,0,fresh,,,0,0.0,0,0,0,0,0,10.0,5.0,5.0,20.0,0,1000,5.642741680145264,0.014167876321589574,,max_step
528,fresh,0,fresh,,,0,0.0,0,0,0,0,0,10.0,5.0,5.0,20.0,0,268,7.308629989624023,0.07184007021584618,,out_of_road
529,fresh,0,fresh,,,0,0.0,0,0,0,0,0,10.0,5.0,5.0,20.0,0,430,11.174413681030273,0.0944095331027584,,out_of_road
530,fresh,0,fresh,,,0,0.0,0,0,0,0,0,10.0,5.0,5.0,20.0,0,399,7.629659652709961,0.060077232951741846,,arrive_dest
531,fresh,0,fresh,,,0,0.0,0,0,0,0,0,10.0,5.0,5.0,20.0,0,665,16.593358993530273,0.046138743187924075,,arrive_dest
532,fresh,0,fresh,,,0,0.0,0,0,0,0,0,10.0,5.0,5.0,20.0,0,858,18.771106719970703,0.06703379834429003,,out_of_road
533,fresh,0,fresh,,,0,0.0,0,0,0,0,0,10.0,5.0,5.0,20.0,0,104,1.6589457988739014,0.076307109127251,,out_of_road
534,fresh,0,fresh,,,0,0.0,0,0,0,0,0,10.0,5.0,5.0,20.0,0,275,7.3309149742126465,0.05909094145690853,,out_of_road
535,fresh,0,fresh,,,0,0.0,0,0,0,0,0,10.0,5.0,5.0,20.0,0,433,12.129430770874023,0.10650377795874522,,out_of_road
536,fresh,0,fresh,,,0,0.0,0,0,0,0,0,10.0,5.0,5.0,20.0,0,238,6.834860801696777,0.06608310377248759,,out_of_road
537,fresh,0,fresh,,,0,0.0,0,0,0,0,0,10.0,5.0,5.0,20.0,0,270,5.16934061050415,0.0408360178961798,,arrive_dest
538,fresh,0,fresh,,,0,0.0,0,0,0,0,0,10.0,5.0,5.0,20.0,0,461,12.601396560668945,0.10325974593375387,,out_of_road
539,fresh,0,fresh,,,0,0.0,0,0,0,0,0,10.0,5.0,5.0,20.0,0,552,10.861924171447754,0.06431077901768309,,arrive_dest
540,fresh,0,fresh,,,0,0.0,0,0,0,0,0,10.0,5.0,5.0,20.0,0,794,20.96352195739746,0.09243042117585276,,out_of_road
541,fresh,0,fresh,,,0,0.0,0,0,0,0,0,10.0,5.0,5.0,20.0,0,1000,1.6022721529006958,0.0022695990421925673,,max_step
542,fresh,0,fresh,,,0,0.0,0,0,0,0,0,10.0,5.0,5.0,20.0,0,317,8.710935592651367,0.08169203082375721,,out_of_road
543,fresh,0,fresh,,,0,0.0,0,0,0,0,0,10.0,5.0,5.0,20.0,0,1000,22.4686222076416,0.0836057788451435,,max_step
544,fresh,0,fresh,,,0,0.0,0,0,0,0,0,10.0,5.0,5.0,20.0,0,1000,24.150232315063477,0.07054283490031958,,max_step
545,fresh,0,fresh,,,0,0.0,0,0,0,0,0,10.0,5.0,5.0,20.0,0,191,2.6803739070892334,0.06838855836589221,,out_of_road
546,fresh,0,fresh,,,0,0.0,0,0,0,0,0,10.0,5.0,5.0,20.0,0,431,10.523022651672363,0.04225073288910074,,out_of_road
547,fresh,0,fresh,,,0,0.0,0,0,0,0,0,10.0,5.0,5.0,20.0,0,1000,16.47430992126465,0.03363946001720615,,max_step
548,fresh,0,fresh,,,0,0.0,0,0,0,0,0,10.0,5.0,5.0,20.0,0,860,18.62552261352539,0.05104683779415588,,out_of_road
549,fresh,0,fresh,,,0,0.0,0,0,0,0,0,10.0,5.0,5.0,20.0,0,52,0.7340393662452698,0.015767342769182645,,arrive_dest
550,fresh,0,fresh,,,0,0.0,0,0,0,0,0,10.0,5.0,5.0,20.0,0,1000,11.344684600830078,0.031022803293482865,,max_step
551,fresh,0,fresh,,,0,0.0,0,0,0,0,0,10.0,5.0,5.0,20.0,0,334,9.049895286560059,0.06430754560243873,,out_of_road
552,fresh,0,fresh,,,0,0.0,0,0,0,0,0,10.0,5.0,5.0,20.0,0,414,8.367021560668945,0.06862040537191276,,out_of_road
553,fresh,0,fresh,,,0,0.0,0,0,0,0,0,10.0,5.0,5.0,20.0,0,1000,7.259068965911865,0.013419136858545243,,max_step
554,fresh,0,fresh,,,0,0.0,0,0,0,0,0,10.0,5.0,5.0,20.0,0,502,11.372784614562988,0.04768606039752954,,out_of_road
555,fresh,0,fresh,,,0,0.0,0,0,0,0,0,10.0,5.0,5.0,20.0,0,1000,1.7907875776290894,0.0022208826592395783,,max_step
556,fresh,0,fresh,,,0,0.0,0,0,0,0,0,10.0,5.0,5.0,20.0,0,256,6.829865455627441,0.04121994471279322,,out_of_road
557,fresh,0,fresh,,,0,0.0,0,0,0,0,0,10.0,5.0,5.0,20.0,0,354,8.1969575881958,0.06471359323694419,,arrive_dest
558,fresh,0,fresh,,,0,0.0,0,0,0,0,0,10.0,5.0,5.0,20.0,0,1000,0.5364506840705872,0.0057415532863306,,max_step
559,fresh,0,fresh,,,0,0.0,0,0,0,0,0,10.0,5.0,5.0,20.0,0,689,18.009841918945312,0.11428553009397623,,out_of_road
560,fresh,0,fresh,,,0,0.0,0,0,0,0,0,10.0,5.0,5.0,20.0,0,271,8.465136528015137,0.11772125502154782,,out_of_road
561,fresh,0,fresh,,,0,0.0,0,0,0,0,0,10.0,5.0,5.0,20.0,0,308,8.59667682647705,0.05642346004908602,,out_of_road
562,fresh,0,fresh,,,0,0.0,0,0,0,0,0,10.0,5.0,5.0,20.0,0,362,9.596179962158203,0.13446407550328426,,arrive_dest
563,fresh,0,fresh,,,0,0.0,0,0,0,0,0,10.0,5.0,5.0,20.0,0,1000,1.8072210550308228,0.004087683815509081,,max_step
564,fresh,0,fresh,,,0,0.0,0,0,0,0,0,10.0,5.0,5.0,20.0,0,134,2.6753079891204834,0.04346670712163644,,out_of_road
565,fresh,0,fresh,,,0,0.0,0,0,0,0,0,10.0,5.0,5.0,20.0,0,499,12.168790817260742,0.0797866819844486,,arrive_dest
566,fresh,0,fresh,,,0,0.0,0,0,0,0,0,10.0,5.0,5.0,20.0,0,1000,19.216806411743164,0.06444705623970368,,max_step
567,fresh,0,fresh,,,0,0.0,0,0,0,0,0,10.0,5.0,5.0,20.0,0,569,14.564972877502441,0.07151190608147343,,out_of_road
568,fresh,0,fresh,,,0,0.0,0,0,0,0,0,10.0,5.0,5.0,20.0,0,395,11.059391975402832,0.14289781921837905,,out_of_road
569,fresh,0,fresh,,,0,0.0,0,0,0,0,0,10.0,5.0,5.0,20.0,0,1000,4.198037624359131,0.004461831109365448,,max_step
570,fresh,0,fresh,,,0,0.0,0,0,0,0,0,10.0,5.0,5.0,20.0,0,489,11.724629402160645,0.04520959863515384,,out_of_road
571,fresh,0,fresh,,,0,0.0,0,0,0,0,0,10.0,5.0,5.0,20.0,0,381,8.694875717163086,0.045887287915745395,,arrive_dest
572,fresh,0,fresh,,,0,0.0,0,0,0,0,0,10.0,5.0,5.0,20.0,0,181,3.5682027339935303,0.036115319509244424,,out_of_road
573,fresh,0,fresh,,,0,0.0,0,0,0,0,0,10.0,5.0,5.0,20.0,0,347,7.8979878425598145,0.04689329647343681,,out_of_road
574,fresh,0,fresh,,,0,0.0,0,0,0,0,0,10.0,5.0,5.0,20.0,0,325,9.3421049118042,0.07298554365164958,,arrive_dest
575,fresh,0,fresh,,,0,0.0,0,0,0,0,0,10.0,5.0,5.0,20.0,0,407,11.74802303314209,0.15778179516780125,,out_of_road
576,fresh,0,fresh,,,0,0.0,0,0,0,0,0,10.0,5.0,5.0,20.0,0,358,11.457975387573242,0.14496360180441645,,arrive_dest
577,fresh,0,fresh,,,0,0.0,0,0,0,0,0,10.0,5.0,5.0,20.0,0,1000,22.504228591918945,0.07523430598387494,,max_step
578,fresh,0,fresh,,,0,0.0,0,0,0,0,0,10.0,5.0,5.0,20.0,0,1000,0.0007724685710854828,0.0549109791405499,,max_step
579,fresh,0,fresh,,,0,0.0,0,0,0,0,0,10.0,5.0,5.0,20.0,0,680,18.848377227783203,0.07716129923184567,,arrive_dest
580,fresh,0,fresh,,,0,0.0,0,0,0,0,0,10.0,5.0,5.0,20.0,0,1000,0.5279012322425842,0.00044883745815604923,,max_step
581,fresh,0,fresh,,,0,0.0,0,0,0,0,0,10.0,5.0,5.0,20.0,0,842,22.898332595825195,0.0951701691523504,,out_of_road
582,fresh,0,fresh,,,0,0.0,0,0,0,0,0,10.0,5.0,5.0,20.0,0,639,17.047691345214844,0.13643561080768588,,out_of_road
583,fresh,0,fresh,,,0,0.0,0,0,0,0,0,10.0,5.0,5.0,20.0,0,339,10.132694244384766,0.06222756877459124,,out_of_road
584,fresh,0,fresh,,,0,0.0,0,0,0,0,0,10.0,5.0,5.0,20.0,0,270,6.280829429626465,0.038292364488114364,,arrive_dest
585,fresh,0,fresh,,,0,0.0,0,0,0,0,0,10.0,5.0,5.0,20.0,0,1000,20.234521865844727,0.03972482955362648,,max_step
586,fresh,0,fresh,,,0,0.0,0,0,0,0,0,10.0,5.0,5.0,20.0,0,290,2.459920644760132,0.00624239948530007,,out_of_road
587,fresh,0,fresh,,,0,0.0,0,0,0,0,0,10.0,5.0,5.0,20.0,0,1000,2.3058297634124756,0.0021339002447202803,,max_step
588,fresh,0,fresh,,,0,0.0,0,0,0,0,0,10.0,5.0,5.0,20.0,0,1000,6.898470401763916,0.01926485940112616,,max_step
589,fresh,0,fresh,,,0,0.0,0,0,0,0,0,10.0,5.0,5.0,20.0,0,1000,2.1006484031677246,0.0029316752202903445,,max_step
590,fresh,0,fresh,,,0,0.0,0,0,0,0,0,10.0,5.0,5.0,20.0,0,492,12.790827751159668,0.07867872334729949,,arrive_dest
591,fresh,0,fresh,,,0,0.0,0,0,0,0,0,10.0,5.0,5.0,20.0,0,366,9.527664184570312,0.11002307553276867,,out_of_road
592,fresh,0,fresh,,,0,0.0,0,0,0,0,0,10.0,5.0,5.0,20.0,0,145,2.785400152206421,0.1329448321513061,,arrive_dest
593,fresh,0,fresh,,,0,0.0,0,0,0,0,0,10.0,5.0,5.0,20.0,0,301,6.083595275878906,0.07865009763961862,,arrive_dest
594,fresh,0,fresh,,,0,0.0,0,0,0,0,0,10.0,5.0,5.0,20.0,0,203,5.523169994354248,0.08405132680268858,,out_of_road
595,fresh,0,fresh,,,0,0.0,0,0,0,0,0,10.0,5.0,5.0,20.0,0,51,-0.14681591093540192,0.0,,out_of_road
596,fresh,0,fresh,,,0,0.0,0,0,0,0,0,10.0,5.0,5.0,20.0,0,93,1.4307372570037842,0.016812784316879447,,out_of_road
597,fresh,0,fresh,,,0,0.0,0,0,0,0,0,10.0,5.0,5.0,20.0,0,431,11.03624153137207,0.07704958811687553,,out_of_road
598,fresh,0,fresh,,,0,0.0,0,0,0,0,0,10.0,5.0,5.0,20.0,0,410,3.8303065299987793,0.032725288258388455,,out_of_road
599,fresh,0,fresh,,,0,0.0,0,0,0,0,0,10.0,5.0,5.0,20.0,0,1000,7.20953893661499,0.018510489298263565,,max_step
600,fresh,0,fresh,,,0,0.0,0,0,0,0,0,10.0,5.0,5.0,20.0,0,1000,0.4881899356842041,0.0008665917351609096,,max_step
601,fresh,0,fresh,,,0,0.0,0,0,0,0,0,10.0,5.0,5.0,20.0,0,2,0.3058690130710602,0.15491411089897156,,arrive_dest
602,fresh,0,fresh,,,0,0.0,0,0,0,0,0,10.0,5.0,5.0,20.0,0,59,0.2976577877998352,0.004296229268282147,,out_of_road
603,fresh,0,fresh,,,0,0.0,0,0,0,0,0,10.0,5.0,5.0,20.0,0,623,7.255553245544434,0.03138922901717979,,out_of_road
604,fresh,0,fresh,,,0,0.0,0,0,0,0,0,10.0,5.0,5.0,20.0,0,1000,3.974616289138794,0.014739873804850505,,max_step
605,fresh,0,fresh,,,0,0.0,0,0,0,0,0,10.0,5.0,5.0,20.0,0,870,22.395143508911133,0.08533936818986702,,arrive_dest
606,fresh,0,fresh,,,0,0.0,0,0,0,0,0,10.0,5.0,5.0,20.0,0,1000,10.049057006835938,0.05258484221319668,,max_step
607,fresh,0,fresh,,,0,0.0,0,0,0,0,0,10.0,5.0,5.0,20.0,0,1000,7.293330192565918,0.015519104599487037,,max_step
608,fresh,0,fresh,,,0,0.0,0,0,0,0,0,10.0,5.0,5.0,20.0,0,568,14.720951080322266,0.09644883084209295,,arrive_dest
609,fresh,0,fresh,,,0,0.0,0,0,0,0,0,10.0,5.0,5.0,20.0,0,1000,23.465608596801758,0.07684456634311937,,max_step
610,fresh,0,fresh,,,0,0.0,0,0,0,0,0,10.0,5.0,5.0,20.0,0,194,2.7702507972717285,0.11228270942498882,,out_of_road
611,fresh,0,fresh,,,0,0.0,0,0,0,0,0,10.0,5.0,5.0,20.0,0,709,17.979080200195312,0.0928569370788773,,arrive_dest
612,fresh,0,fresh,,,0,0.0,0,0,0,0,0,10.0,5.0,5.0,20.0,0,303,9.234211921691895,0.0779978132256531,,out_of_road
613,fresh,0,fresh,,,0,0.0,0,0,0,0,0,10.0,5.0,5.0,20.0,0,1000,0.00308236014097929,0.04676909063430503,,max_step
614,fresh,0,fresh,,,0,0.0,0,0,0,0,0,10.0,5.0,5.0,20.0,0,240,6.019068717956543,0.06315042486821767,,arrive_dest
615,fresh,0,fresh,,,0,0.0,0,0,0,0,0,10.0,5.0,5.0,20.0,0,763,18.35123634338379,0.094399615734093,,arrive_dest
616,fresh,0,fresh,,,0,0.0,0,0,0,0,0,10.0,5.0,5.0,20.0,0,410,11.711627960205078,0.15347111821061046,,arrive_dest
617,fresh,0,fresh,,,0,0.0,0,0,0,0,0,10.0,5.0,5.0,20.0,0,1000,14.2769775390625,0.05421431735658552,,max_step
618,fresh,0,fresh,,,0,0.0,0,0,0,0,0,10.0,5.0,5.0,20.0,0,1000,7.143772125244141,0.01675808995247644,,max_step
619,fresh,0,fresh,,,0,0.0,0,0,0,0,0,10.0,5.0,5.0,20.0,0,771,18.54918670654297,0.11204932354500544,,out_of_road
620,fresh,0,fresh,,,0,0.0,0,0,0,0,0,10.0,5.0,5.0,20.0,0,17,0.28724831342697144,0.0,,arrive_dest
621,fresh,0,fresh,,,0,0.0,0,0,0,0,0,10.0,5.0,5.0,20.0,0,734,17.71269989013672,0.09006017592179841,,out_of_road
622,fresh,0,fresh,,,0,0.0,0,0,0,0,0,10.0,5.0,5.0,20.0,0,2,0.3032781183719635,0.0,,arrive_dest
623,fresh,0,fresh,,,0,0.0,0,0,0,0,0,10.0,5.0,5.0,20.0,0,1000,-0.01897345297038555,0.008329665236873552,,max_step
624,fresh,0,fresh,,,0,0.0,0,0,0,0,0,10.0,5.0,5.0,20.0,0,582,13.371567726135254,0.08228140593829639,,arrive_dest
625,fresh,0,fresh,,,0,0.0,0,0,0,0,0,10.0,5.0,5.0,20.0,0,282,7.274511337280273,0.06585869879349537,,out_of_road
626,fresh,0,fresh,,,0,0.0,0,0,0,0,0,10.0,5.0,5.0,20.0,0,101,1.914224624633789,0.048696791688625764,,arrive_dest
627,fresh,0,fresh,,,0,0.0,0,0,0,0,0,10.0,5.0,5.0,20.0,0,1000,8.644118309020996,0.03258171110972762,,max_step
628,fresh,0,fresh,,,0,0.0,0,0,0,0,0,10.0,5.0,5.0,20.0,0,225,7.118063449859619,0.17960242417020103,,out_of_road
629,fresh,0,fresh,,,0,0.0,0,0,0,0,0,10.0,5.0,5.0,20.0,0,725,16.749937057495117,0.07152430504592586,,arrive_dest
630,fresh,0,fresh,,,0,0.0,0,0,0,0,0,10.0,5.0,5.0,20.0,0,1000,0.42828047275543213,0.004819353489147034,,max_step
631,fresh,0,fresh,,,0,0.0,0,0,0,0,0,10.0,5.0,5.0,20.0,0,1000,0.4301476776599884,0.005139154072472593,,max_step
632,fresh,0,fresh,,,0,0.0,0,0,0,0,0,10.0,5.0,5.0,20.0,0,1000,8.977721214294434,0.051077201332664114,,max_step
633,fresh,0,fresh,,,0,0.0,0,0,0,0,0,10.0,5.0,5.0,20.0,0,1000,10.71487045288086,0.048377695092349314,,max_step
634,fresh,0,fresh,,,0,0.0,0,0,0,0,0,10.0,5.0,5.0,20.0,0,203,5.747462272644043,0.06898830050208005,,arrive_dest
635,fresh,0,fresh,,,0,0.0,0,0,0,0,0,10.0,5.0,5.0,20.0,0,496,9.599796295166016,0.05923140121599464,,arrive_dest
636,fresh,0,fresh,,,0,0.0,0,0,0,0,0,10.0,5.0,5.0,20.0,0,155,2.015303134918213,0.018077126854369716,,out_of_road
637,fresh,0,fresh,,,0,0.0,0,0,0,0,0,10.0,5.0,5.0,20.0,0,235,7.021013259887695,0.09932340625277225,,out_of_road
638,fresh,0,fresh,,,0,0.0,0,0,0,0,0,10.0,5.0,5.0,20.0,0,433,11.850226402282715,0.13921961782168915,,out_of_road
639,fresh,0,fresh,,,0,0.0,0,0,0,0,0,10.0,5.0,5.0,20.0,0,465,1.803878664970398,0.008866837667927186,,out_of_road
640,fresh,0,fresh,,,0,0.0,0,0,0,0,0,10.0,5.0,5.0,20.0,0,417,11.493082046508789,0.12586244951478012,,out_of_road
641,fresh,0,fresh,,,0,0.0,0,0,0,0,0,10.0,5.0,5.0,20.0,0,284,7.837851524353027,0.07254108749608784,,arrive_dest
642,fresh,0,fresh,,,0,0.0,0,0,0,0,0,10.0,5.0,5.0,20.0,0,248,4.115275859832764,0.04279714125591601,,out_of_road
643,fresh,0,fresh,,,0,0.0,0,0,0,0,0,10.0,5.0,5.0,20.0,0,310,9.451375961303711,0.12208132378291339,,out_of_road
644,fresh,0,fresh,,,0,0.0,0,0,0,0,0,10.0,5.0,5.0,20.0,0,821,23.963668823242188,0.11985081784318266,,out_of_road
645,fresh,0,fresh,,,0,0.0,0,0,0,0,0,10.0,5.0,5.0,20.0,0,73,0.4441055655479431,0.003164971993649251,,out_of_road
646,fresh,0,fresh,,,0,0.0,0,0,0,0,0,10.0,5.0,5.0,20.0,0,277,7.890263557434082,0.10396716144063682,,arrive_dest
647,fresh,0,fresh,,,0,0.0,0,0,0,0,0,10.0,5.0,5.0,20.0,0,307,8.939933776855469,0.10664465592670519,,out_of_road
648,fresh,0,fresh,,,0,0.0,0,0,0,0,0,10.0,5.0,5.0,20.0,0,138,1.6476879119873047,0.06294198421950357,,out_of_road
649,fresh,0,fresh,,,0,0.0,0,0,0,0,0,10.0,5.0,5.0,20.0,0,688,0.4228913187980652,0.006451563244322748,,out_of_road
650,fresh,0,fresh,,,0,0.0,0,0,0,0,0,10.0,5.0,5.0,20.0,0,196,4.2205986976623535,0.035617180383640666,,arrive_dest
651,fresh,0,fresh,,,0,0.0,0,0,0,0,0,10.0,5.0,5.0,20.0,0,302,9.592580795288086,0.12381630764028292,,arrive_dest
652,fresh,0,fresh,,,0,0.0,0,0,0,0,0,10.0,5.0,5.0,20.0,0,421,9.28918743133545,0.08701411397456282,,out_of_road
653,fresh,0,fresh,,,0,0.0,0,0,0,0,0,10.0,5.0,5.0,20.0,0,143,2.2950246334075928,0.017462241144238652,,arrive_dest
654,fresh,0,fresh,,,0,0.0,0,0,0,0,0,10.0,5.0,5.0,20.0,0,313,0.4627002477645874,0.014402034102207103,,out_of_road
655,fresh,0,fresh,,,0,0.0,0,0,0,0,0,10.0,5.0,5.0,20.0,0,1000,15.168961524963379,0.04965183826140128,,max_step
656,fresh,0,fresh,,,0,0.0,0,0,0,0,0,10.0,5.0,5.0,20.0,0,1000,0.5586684346199036,0.0031883796521869952,,max_step
657,fresh,0,fresh,,,0,0.0,0,0,0,0,0,10.0,5.0,5.0,20.0,0,687,15.975274085998535,0.060684748184751974,,out_of_road
658,fresh,0,fresh,,,0,0.0,0,0,0,0,0,10.0,5.0,5.0,20.0,0,399,10.159063339233398,0.056248263128563986,,out_of_road
659,fresh,0,fresh,,,0,0.0,0,0,0,0,0,10.0,5.0,5.0,20.0,0,408,10.23176383972168,0.05601433864749018,,out_of_road
660,fresh,0,fresh,,,0,0.0,0,0,0,0,0,10.0,5.0,5.0,20.0,0,286,8.801275253295898,0.10715611258495625,,out_of_road
661,fresh,0,fresh,,,0,0.0,0,0,0,0,0,10.0,5.0,5.0,20.0,0,229,6.4836578369140625,0.032320589187054785,,out_of_road
662,fresh,0,fresh,,,0,0.0,0,0,0,0,0,10.0,5.0,5.0,20.0,0,629,16.389657974243164,0.10384158574826483,,arrive_dest
663,fresh,0,fresh,,,0,0.0,0,0,0,0,0,10.0,5.0,5.0,20.0,0,410,10.602676391601562,0.0805580082854892,,out_of_road
664,fresh,0,fresh,,,0,0.0,0,0,0,0,0,10.0,5.0,5.0,20.0,0,235,2.675262689590454,0.09115018945662899,,out_of_road
665,fresh,0,fresh,,,0,0.0,0,0,0,0,0,10.0,5.0,5.0,20.0,0,349,8.875667572021484,0.10739822626076533,,arrive_dest
666,fresh,0,fresh,,,0,0.0,0,0,0,0,0,10.0,5.0,5.0,20.0,0,742,0.2762207090854645,0.005168406426940475,,out_of_road
667,fresh,0,fresh,,,0,0.0,0,0,0,0,0,10.0,5.0,5.0,20.0,0,1000,0.0017758202739059925,0.053219719982007516,,max_step
668,fresh,0,fresh,,,0,0.0,0,0,0,0,0,10.0,5.0,5.0,20.0,0,45,0.7784281373023987,0.031909265162216295,,arrive_dest
669,fresh,0,fresh,,,0,0.0,0,0,0,0,0,10.0,5.0,5.0,20.0,0,450,10.558531761169434,0.09238504125064032,,out_of_road
670,fresh,0,fresh,,,0,0.0,0,0,0,0,0,10.0,5.0,5.0,20.0,0,1000,0.5760338306427002,0.002323265297396574,,max_step
671,fresh,0,fresh,,,0,0.0,0,0,0,0,0,10.0,5.0,5.0,20.0,0,235,6.639036178588867,0.04476440961056567,,out_of_road
672,fresh,0,fresh,,,0,0.0,0,0,0,0,0,10.0,5.0,5.0,20.0,0,457,1.6407254934310913,0.010876520471627002,,out_of_road
673,fresh,0,fresh,,,0,0.0,0,0,0,0,0,10.0,5.0,5.0,20.0,0,299,7.584993362426758,0.09641890543945957,,out_of_road
674,fresh,0,fresh,,,0,0.0,0,0,0,0,0,10.0,5.0,5.0,20.0,0,1000,8.80585765838623,0.023333388172090054,,max_step
675,fresh,0,fresh,,,0,0.0,0,0,0,0,0,10.0,5.0,5.0,20.0,0,434,11.770633697509766,0.11343392171824034,,out_of_road
676,fresh,0,fresh,,,0,0.0,0,0,0,0,0,10.0,5.0,5.0,20.0,0,603,3.3042118549346924,0.012800399785487608,,out_of_road
677,fresh,0,fresh,,,0,0.0,0,0,0,0,0,10.0,5.0,5.0,20.0,0,121,0.43654346466064453,0.016823132037500705,,out_of_road
678,fresh,0,fresh,,,0,0.0,0,0,0,0,0,10.0,5.0,5.0,20.0,0,363,9.781227111816406,0.11627125998666464,,arrive_dest
679,fresh,0,fresh,,,0,0.0,0,0,0,0,0,10.0,5.0,5.0,20.0,0,489,14.376258850097656,0.12438200398944395,,out_of_road
680,fresh,0,fresh,,,0,0.0,0,0,0,0,0,10.0,5.0,5.0,20.0,0,322,8.647649765014648,0.08180631405633429,,out_of_road
681,fresh,0,fresh,,,0,0.0,0,0,0,0,0,10.0,5.0,5.0,20.0,0,815,19.45386505126953,0.07829921523400474,,out_of_road
682,fresh,0,fresh,,,0,0.0,0,0,0,0,0,10.0,5.0,5.0,20.0,0,190,4.171759128570557,0.06791404467566232,,arrive_dest
683,fresh,0,fresh,,,0,0.0,0,0,0,0,0,10.0,5.0,5.0,20.0,0,1000,6.814339637756348,0.01967674287187401,,max_step
684,fresh,0,fresh,,,0,0.0,0,0,0,0,0,10.0,5.0,5.0,20.0,0,457,1.5882147550582886,0.017281711377668107,,out_of_road
685,fresh,0,fresh,,,0,0.0,0,0,0,0,0,10.0,5.0,5.0,20.0,0,1000,16.198593139648438,0.048243491859175265,,max_step
686,fresh,0,fresh,,,0,0.0,0,0,0,0,0,10.0,5.0,5.0,20.0,0,265,4.002042770385742,0.03337705720321468,,out_of_road
687,fresh,0,fresh,,,0,0.0,0,0,0,0,0,10.0,5.0,5.0,20.0,0,73,1.465484857559204,0.02515607528796751,,arrive_dest
688,fresh,0,fresh,,,0,0.0,0,0,0,0,0,10.0,5.0,5.0,20.0,0,1000,2.6449265480041504,0.006435104944277555,,max_step
689,fresh,0,fresh,,,0,0.0,0,0,0,0,0,10.0,5.0,5.0,20.0,0,301,6.489871978759766,0.05560496180671023,,out_of_road
690,fresh,0,fresh,,,0,0.0,0,0,0,0,0,10.0,5.0,5.0,20.0,0,323,8.286534309387207,0.10863884260601166,,out_of_road
691,fresh,0,fresh,,,0,0.0,0,0,0,0,0,10.0,5.0,5.0,20.0,0,122,0.4242250323295593,0.02674126299288979,,out_of_road
692,fresh,0,fresh,,,0,0.0,0,0,0,0,0,10.0,5.0,5.0,20.0,0,271,7.239006042480469,0.05983076425272683,,out_of_road
693,fresh,0,fresh,,,0,0.0,0,0,0,0,0,10.0,5.0,5.0,20.0,0,687,15.618410110473633,0.06280036107416698,,arrive_dest
694,fresh,0,fresh,,,0,0.0,0,0,0,0,0,10.0,5.0,5.0,20.0,0,227,5.623382091522217,0.04274583903104395,,arrive_dest
695,fresh,0,fresh,,,0,0.0,0,0,0,0,0,10.0,5.0,5.0,20.0,0,975,26.31048583984375,0.11245108743341496,,out_of_road
696,fresh,0,fresh,,,0,0.0,0,0,0,0,0,10.0,5.0,5.0,20.0,0,372,9.686851501464844,0.14162365035704708,,out_of_road
697,fresh,0,fresh,,,0,0.0,0,0,0,0,0,10.0,5.0,5.0,20.0,0,994,23.72310447692871,0.09313713483652006,,out_of_road
698,fresh,0,fresh,,,0,0.0,0,0,0,0,0,10.0,5.0,5.0,20.0,0,543,16.117595672607422,0.11059259849023348,,arrive_dest
699,fresh,0,fresh,,,0,0.0,0,0,0,0,0,10.0,5.0,5.0,20.0,0,1000,7.04673957824707,0.011974153066403233,,max_step
700,fresh,0,fresh,,,0,0.0,0,0,0,0,0,10.0,5.0,5.0,20.0,0,123,-0.13916027545928955,0.00907740166516808,,out_of_road
701,fresh,0,fresh,,,0,0.0,0,0,0,0,0,10.0,5.0,5.0,20.0,0,725,17.320417404174805,0.07350234300990043,,arrive_dest
702,fresh,0,fresh,,,0,0.0,0,0,0,0,0,10.0,5.0,5.0,20.0,0,432,11.178834915161133,0.12160062112013327,,out_of_road
703,fresh,0,fresh,,,0,0.0,0,0,0,0,0,10.0,5.0,5.0,20.0,0,1000,9.522073745727539,0.026591774674132467,,max_step
704,fresh,0,fresh,,,0,0.0,0,0,0,0,0,10.0,5.0,5.0,20.0,0,545,11.29175090789795,0.05822467298926187,,out_of_road
705,fresh,0,fresh,,,0,0.0,0,0,0,0,0,10.0,5.0,5.0,20.0,0,373,6.968483924865723,0.02631215906974138,,out_of_road
706,fresh,0,fresh,,,0,0.0,0,0,0,0,0,10.0,5.0,5.0,20.0,0,192,5.124196529388428,0.05988723839497349,,out_of_road
707,fresh,0,fresh,,,0,0.0,0,0,0,0,0,10.0,5.0,5.0,20.0,0,776,21.129505157470703,0.08586883273146105,,arrive_dest
708,fresh,0,fresh,,,0,0.0,0,0,0,0,0,10.0,5.0,5.0,20.0,0,393,11.205530166625977,0.12971577457562278,,out_of_road
709,fresh,0,fresh,,,0,0.0,0,0,0,0,0,10.0,5.0,5.0,20.0,0,1000,6.0734076499938965,0.008014867714606225,,max_step
710,fresh,0,fresh,,,0,0.0,0,0,0,0,0,10.0,5.0,5.0,20.0,0,458,11.199141502380371,0.06512256401441543,,arrive_dest
711,fresh,0,fresh,,,0,0.0,0,0,0,0,0,10.0,5.0,5.0,20.0,0,733,19.782123565673828,0.07250504048209572,,arrive_dest
712,fresh,0,fresh,,,0,0.0,0,0,0,0,0,10.0,5.0,5.0,20.0,0,1000,3.8983473777770996,0.006881124874198576,,max_step
713,fresh,0,fresh,,,0,0.0,0,0,0,0,0,10.0,5.0,5.0,20.0,0,434,11.301935195922852,0.08000878838571175,,out_of_road
714,fresh,0,fresh,,,0,0.0,0,0,0,0,0,10.0,5.0,5.0,20.0,0,1000,3.930509090423584,0.006460510246455669,,max_step
715,fresh,0,fresh,,,0,0.0,0,0,0,0,0,10.0,5.0,5.0,20.0,0,1000,26.658531188964844,0.08584904564451426,,max_step
716,fresh,0,fresh,,,0,0.0,0,0,0,0,0,10.0,5.0,5.0,20.0,0,1000,6.055199146270752,0.014575815303833223,,max_step
717,fresh,0,fresh,,,0,0.0,0,0,0,0,0,10.0,5.0,5.0,20.0,0,1000,0.5792540311813354,0.002135728140725405,,max_step
718,fresh,0,fresh,,,0,0.0,0,0,0,0,0,10.0,5.0,5.0,20.0,0,219,5.558627605438232,0.07803099349563193,,arrive_dest
719,fresh,0,fresh,,,0,0.0,0,0,0,0,0,10.0,5.0,5.0,20.0,0,1000,13.964916229248047,0.030056841545097995,,max_step
720,fresh,0,fresh,,,0,0.0,0,0,0,0,0,10.0,5.0,5.0,20.0,0,1000,0.5507830381393433,0.0015696711089112796,,max_step
721,fresh,0,fresh,,,0,0.0,0,0,0,0,0,10.0,5.0,5.0,20.0,0,532,14.610148429870605,0.07132253961382028,,arrive_dest
722,fresh,0,fresh,,,0,0.0,0,0,0,0,0,10.0,5.0,5.0,20.0,0,406,10.928513526916504,0.0884132536203862,,out_of_road
723,fresh,0,fresh,,,0,0.0,0,0,0,0,0,10.0,5.0,5.0,20.0,0,101,1.6503689289093018,0.05939730776861162,,arrive_dest
724,fresh,0,fresh,,,0,0.0,0,0,0,0,0,10.0,5.0,5.0,20.0,0,319,8.943930625915527,0.08000346206181148,,arrive_dest
725,fresh,0,fresh,,,0,0.0,0,0,0,0,0,10.0,5.0,5.0,20.0,0,114,1.5470929145812988,0.021149479097833757,,out_of_road
726,fresh,0,fresh,,,0,0.0,0,0,0,0,0,10.0,5.0,5.0,20.0,0,37,0.6532173156738281,0.0,,arrive_dest
727,fresh,0,fresh,,,0,0.0,0,0,0,0,0,10.0,5.0,5.0,20.0,0,476,10.899375915527344,0.0333167686510612,,arrive_dest
728,fresh,0,fresh,,,0,0.0,0,0,0,0,0,10.0,5.0,5.0,20.0,0,417,10.401013374328613,0.07691265063665191,,out_of_road
729,fresh,0,fresh,,,0,0.0,0,0,0,0,0,10.0,5.0,5.0,20.0,0,245,5.200984477996826,0.03220337796005972,,arrive_dest
730,fresh,0,fresh,,,0,0.0,0,0,0,0,0,10.0,5.0,5.0,20.0,0,442,11.088913917541504,0.06913656090508422,,arrive_dest
731,fresh,0,fresh,,,0,0.0,0,0,0,0,0,10.0,5.0,5.0,20.0,0,309,6.866796493530273,0.04015919201537171,,out_of_road
732,fresh,0,fresh,,,0,0.0,0,0,0,0,0,10.0,5.0,5.0,20.0,0,1000,5.945457458496094,0.003605237886775285,,max_step
733,fresh,0,fresh,,,0,0.0,0,0,0,0,0,10.0,5.0,5.0,20.0,0,201,1.8651235103607178,0.01808477582326576,,out_of_road
734,fresh,0,fresh,,,0,0.0,0,0,0,0,0,10.0,5.0,5.0,20.0,0,152,2.0040197372436523,0.024239377804884787,,out_of_road
735,fresh,0,fresh,,,0,0.0,0,0,0,0,0,10.0,5.0,5.0,20.0,0,403,9.948810577392578,0.09267047985986097,,out_of_road
736,fresh,0,fresh,,,0,0.0,0,0,0,0,0,10.0,5.0,5.0,20.0,0,123,2.544487476348877,0.01998832108589207,,arrive_dest
737,fresh,0,fresh,,,0,0.0,0,0,0,0,0,10.0,5.0,5.0,20.0,0,325,6.560349941253662,0.03787426364249908,,arrive_dest
738,fresh,0,fresh,,,0,0.0,0,0,0,0,0,10.0,5.0,5.0,20.0,0,264,6.116093635559082,0.06084485298064961,,out_of_road
739,fresh,0,fresh,,,0,0.0,0,0,0,0,0,10.0,5.0,5.0,20.0,0,59,0.42626070976257324,0.031050987289113513,,out_of_road
740,fresh,0,fresh,,,0,0.0,0,0,0,0,0,10.0,5.0,5.0,20.0,0,99,1.2159676551818848,0.10141150214511788,,out_of_road
741,fresh,0,fresh,,,0,0.0,0,0,0,0,0,10.0,5.0,5.0,20.0,0,146,1.681984543800354,0.011306674302593894,,out_of_road
742,fresh,0,fresh,,,0,0.0,0,0,0,0,0,10.0,5.0,5.0,20.0,0,207,4.912625312805176,0.03791779595548692,,out_of_road
743,fresh,0,fresh,,,0,0.0,0,0,0,0,0,10.0,5.0,5.0,20.0,0,315,8.390616416931152,0.07727336011649598,,out_of_road
744,fresh,0,fresh,,,0,0.0,0,0,0,0,0,10.0,5.0,5.0,20.0,0,893,1.505254864692688,0.0024424148347382073,,out_of_road
745,fresh,0,fresh,,,0,0.0,0,0,0,0,0,10.0,5.0,5.0,20.0,0,355,9.921791076660156,0.11671489742650112,,arrive_dest
746,fresh,0,fresh,,,0,0.0,0,0,0,0,0,10.0,5.0,5.0,20.0,0,626,18.703044891357422,0.13700843950549063,,arrive_dest
747,fresh,0,fresh,,,0,0.0,0,0,0,0,0,10.0,5.0,5.0,20.0,0,154,2.3854541778564453,0.03346857393474935,,out_of_road
748,fresh,0,fresh,,,0,0.0,0,0,0,0,0,10.0,5.0,5.0,20.0,0,344,8.417821884155273,0.06983659819694409,,arrive_dest
749,fresh,0,fresh,,,0,0.0,0,0,0,0,0,10.0,5.0,5.0,20.0,0,105,2.206395149230957,0.046212080138779824,,arrive_dest
750,fresh,0,fresh,,,0,0.0,0,0,0,0,0,10.0,5.0,5.0,20.0,0,430,11.545714378356934,0.12779933770382126,,out_of_road
751,fresh,0,fresh,,,0,0.0,0,0,0,0,0,10.0,5.0,5.0,20.0,0,306,8.164591789245605,0.08268476172739919,,out_of_road
752,fresh,0,fresh,,,0,0.0,0,0,0,0,0,10.0,5.0,5.0,20.0,0,767,17.669633865356445,0.09787476871944624,,out_of_road
753,fresh,0,fresh,,,0,0.0,0,0,0,0,0,10.0,5.0,5.0,20.0,0,528,8.968939781188965,0.04810099426267146,,out_of_road
754,fresh,0,fresh,,,0,0.0,0,0,0,0,0,10.0,5.0,5.0,20.0,0,1000,2.11702036857605,0.004877891045762226,,max_step
755,fresh,0,fresh,,,0,0.0,0,0,0,0,0,10.0,5.0,5.0,20.0,0,1000,7.656960964202881,0.018221702157054095,,max_step
756,fresh,0,fresh,,,0,0.0,0,0,0,0,0,10.0,5.0,5.0,20.0,0,379,5.7648396492004395,0.03612849158714071,,out_of_road
757,fresh,0,fresh,,,0,0.0,0,0,0,0,0,10.0,5.0,5.0,20.0,0,189,3.6724319458007812,0.04094089613981033,,out_of_road
758,fresh,0,fresh,,,0,0.0,0,0,0,0,0,10.0,5.0,5.0,20.0,0,453,11.662823677062988,0.12554207363291325,,out_of_road
759,fresh,0,fresh,,,0,0.0,0,0,0,0,0,10.0,5.0,5.0,20.0,0,1000,2.4104983806610107,0.004895567689090967,,max_step
760,fresh,0,fresh,,,0,0.0,0,0,0,0,0,10.0,5.0,5.0,20.0,0,681,19.678529739379883,0.11548610500958523,,arrive_dest
761,fresh,0,fresh,,,0,0.0,0,0,0,0,0,10.0,5.0,5.0,20.0,0,139,2.5990307331085205,0.029066157034805997,,out_of_road
762,fresh,0,fresh,,,0,0.0,0,0,0,0,0,10.0,5.0,5.0,20.0,0,584,13.42414379119873,0.06609455662243681,,arrive_dest
763,fresh,0,fresh,,,0,0.0,0,0,0,0,0,10.0,5.0,5.0,20.0,0,1000,14.402619361877441,0.10328081902395934,,max_step
764,fresh,0,fresh,,,0,0.0,0,0,0,0,0,10.0,5.0,5.0,20.0,0,773,20.658788681030273,0.08625025138015562,,out_of_road
765,fresh,0,fresh,,,0,0.0,0,0,0,0,0,10.0,5.0,5.0,20.0,0,2,0.29374587535858154,0.0,,arrive_dest
766,fresh,0,fresh,,,0,0.0,0,0,0,0,0,10.0,5.0,5.0,20.0,0,597,15.915109634399414,0.0797938336017643,,arrive_dest
767,fresh,0,fresh,,,0,0.0,0,0,0,0,0,10.0,5.0,5.0,20.0,0,1000,0.003973033279180527,0.0,,max_step
768,fresh,0,fresh,,,0,0.0,0,0,0,0,0,10.0,5.0,5.0,20.0,0,502,13.386059761047363,0.07377533441079238,,out_of_road
769,fresh,0,fresh,,,0,0.0,0,0,0,0,0,10.0,5.0,5.0,20.0,0,511,12.632864952087402,0.06431959559885811,,arrive_dest
770,fresh,0,fresh,,,0,0.0,0,0,0,0,0,10.0,5.0,5.0,20.0,0,1000,0.5882601141929626,0.0013801068615284747,,max_step
771,fresh,0,fresh,,,0,0.0,0,0,0,0,0,10.0,5.0,5.0,20.0,0,1000,0.553786039352417,0.00134188237413764,,max_step
772,fresh,0,fresh,,,0,0.0,0,0,0,0,0,10.0,5.0,5.0,20.0,0,57,0.3154148757457733,0.013168346430910262,,out_of_road
773,fresh,0,fresh,,,0,0.0,0,0,0,0,0,10.0,5.0,5.0,20.0,0,1000,17.29657554626465,0.05783768158135354,,max_step
774,fresh,0,fresh,,,0,0.0,0,0,0,0,0,10.0,5.0,5.0,20.0,0,237,6.811758518218994,0.05005411270078476,,out_of_road
775,fresh,0,fresh,,,0,0.0,0,0,0,0,0,10.0,5.0,5.0,20.0,0,1000,7.383563995361328,0.022887812889181076,,max_step
776,fresh,0,fresh,,,0,0.0,0,0,0,0,0,10.0,5.0,5.0,20.0,0,124,1.9676729440689087,0.01359710842370987,,out_of_road
777,fresh,0,fresh,,,0,0.0,0,0,0,0,0,10.0,5.0,5.0,20.0,0,917,24.070493698120117,0.06388441464714421,,arrive_dest
778,fresh,0,fresh,,,0,0.0,0,0,0,0,0,10.0,5.0,5.0,20.0,0,397,10.118514060974121,0.07407879101708344,,arrive_dest
779,fresh,0,fresh,,,0,0.0,0,0,0,0,0,10.0,5.0,5.0,20.0,0,1000,5.519695281982422,0.011662864352052566,,max_step
780,fresh,0,fresh,,,0,0.0,0,0,0,0,0,10.0,5.0,5.0,20.0,0,136,2.3007912635803223,0.054108982645523024,,arrive_dest
781,fresh,0,fresh,,,0,0.0,0,0,0,0,0,10.0,5.0,5.0,20.0,0,1000,6.978885173797607,0.011211591179016978,,max_step
782,fresh,0,fresh,,,0,0.0,0,0,0,0,0,10.0,5.0,5.0,20.0,0,280,5.163125991821289,0.041667742386925964,,arrive_dest
783,fresh,0,fresh,,,0,0.0,0,0,0,0,0,10.0,5.0,5.0,20.0,0,420,8.38345718383789,0.05158353186367701,,arrive_dest
784,fresh,0,fresh,,,0,0.0,0,0,0,0,0,10.0,5.0,5.0,20.0,0,79,0.43822962045669556,0.00958952146193272,,out_of_road
785,fresh,0,fresh,,,0,0.0,0,0,0,0,0,10.0,5.0,5.0,20.0,0,1000,6.675986289978027,0.02177302447985858,,max_step
786,fresh,0,fresh,,,0,0.0,0,0,0,0,0,10.0,5.0,5.0,20.0,0,307,7.937003135681152,0.08911231756574362,,out_of_road
787,fresh,0,fresh,,,0,0.0,0,0,0,0,0,10.0,5.0,5.0,20.0,0,1000,1.8198388814926147,0.002367151003330946,,max_step
788,fresh,0,fresh,,,0,0.0,0,0,0,0,0,10.0,5.0,5.0,20.0,0,1000,0.6189123392105103,0.0014400466305669398,,max_step
789,fresh,0,fresh,,,0,0.0,0,0,0,0,0,10.0,5.0,5.0,20.0,0,239,6.595898151397705,0.05294230229622649,,out_of_road
790,fresh,0,fresh,,,0,0.0,0,0,0,0,0,10.0,5.0,5.0,20.0,0,1000,9.838644981384277,0.05292160822357982,,max_step
791,fresh,0,fresh,,,0,0.0,0,0,0,0,0,10.0,5.0,5.0,20.0,0,168,2.3060190677642822,0.01589139259331638,,out_of_road
792,fresh,0,fresh,,,0,0.0,0,0,0,0,0,10.0,5.0,5.0,20.0,0,1000,2.4680984020233154,0.003298303109128028,,max_step
793,fresh,0,fresh,,,0,0.0,0,0,0,0,0,10.0,5.0,5.0,20.0,0,316,6.79568338394165,0.04554713414200947,,out_of_road
794,fresh,0,fresh,,,0,0.0,0,0,0,0,0,10.0,5.0,5.0,20.0,0,1000,1.8696420192718506,0.002481610044371337,,max_step
795,fresh,0,fresh,,,0,0.0,0,0,0,0,0,10.0,5.0,5.0,20.0,0,1000,2.296846389770508,0.004515277891809092,,max_step
796,fresh,0,fresh,,,0,0.0,0,0,0,0,0,10.0,5.0,5.0,20.0,0,1000,0.5903401374816895,0.0017662692114827224,,max_step
797,fresh,0,fresh,,,0,0.0,0,0,0,0,0,10.0,5.0,5.0,20.0,0,130,2.2582802772521973,0.044958449735377846,,arrive_dest
798,fresh,0,fresh,,,0,0.0,0,0,0,0,0,10.0,5.0,5.0,20.0,0,514,12.761754035949707,0.11084130645733226,,out_of_road
799,fresh,0,fresh,,,0,0.0,0,0,0,0,0,10.0,5.0,5.0,20.0,0,1000,1.940415620803833,0.0019231944791972637,,max_step
800,fresh,0,fresh,,,0,0.0,0,0,0,0,0,10.0,5.0,5.0,20.0,0,62,0.45889949798583984,0.016402963759197343,,out_of_road
801,fresh,0,fresh,,,0,0.0,0,0,0,0,0,10.0,5.0,5.0,20.0,0,201,4.061947822570801,0.07119924568256077,,out_of_road
802,fresh,0,fresh,,,0,0.0,0,0,0,0,0,10.0,5.0,5.0,20.0,0,22,-0.15304841101169586,0.02607816457748413,,out_of_road
803,fresh,0,fresh,,,0,0.0,0,0,0,0,0,10.0,5.0,5.0,20.0,0,1000,6.237765312194824,0.029463764290558175,,max_step
804,fresh,0,fresh,,,0,0.0,0,0,0,0,0,10.0,5.0,5.0,20.0,0,654,16.016639709472656,0.1401307020811307,,arrive_dest
805,fresh,0,fresh,,,0,0.0,0,0,0,0,0,10.0,5.0,5.0,20.0,0,1000,16.7916259765625,0.09155713499942794,,max_step
806,fresh,0,fresh,,,0,0.0,0,0,0,0,0,10.0,5.0,5.0,20.0,0,897,24.910173416137695,0.11433561105195977,,arrive_dest
807,fresh,0,fresh,,,0,0.0,0,0,0,0,0,10.0,5.0,5.0,20.0,0,1000,17.554718017578125,0.07456978084240108,,max_step
808,fresh,0,fresh,,,0,0.0,0,0,0,0,0,10.0,5.0,5.0,20.0,0,1000,5.690809726715088,0.014636910778935999,,max_step
809,fresh,0,fresh,,,0,0.0,0,0,0,0,0,10.0,5.0,5.0,20.0,0,449,11.71577262878418,0.10725138607623683,,out_of_road
810,fresh,0,fresh,,,0,0.0,0,0,0,0,0,10.0,5.0,5.0,20.0,0,747,22.352523803710938,0.1965614160226092,,out_of_road
811,fresh,0,fresh,,,0,0.0,0,0,0,0,0,10.0,5.0,5.0,20.0,0,293,8.989026069641113,0.14282674083181057,,out_of_road
812,fresh,0,fresh,,,0,0.0,0,0,0,0,0,10.0,5.0,5.0,20.0,0,398,9.127436637878418,0.07229741234519524,,out_of_road
813,fresh,0,fresh,,,0,0.0,0,0,0,0,0,10.0,5.0,5.0,20.0,0,1000,1.735363245010376,0.004122572297346778,,max_step
814,fresh,0,fresh,,,0,0.0,0,0,0,0,0,10.0,5.0,5.0,20.0,0,325,9.012274742126465,0.1173698954971937,,out_of_road
815,fresh,0,fresh,,,0,0.0,0,0,0,0,0,10.0,5.0,5.0,20.0,0,246,4.396127223968506,0.03864707952986161,,arrive_dest
816,fresh,0,fresh,,,0,0.0,0,0,0,0,0,10.0,5.0,5.0,20.0,0,1000,0.571754515171051,0.0013651541945291683,,max_step
817,fresh,0,fresh,,,0,0.0,0,0,0,0,0,10.0,5.0,5.0,20.0,0,141,1.8806743621826172,0.01785344211384654,,out_of_road
818,fresh,0,fresh,,,0,0.0,0,0,0,0,0,10.0,5.0,5.0,20.0,0,1000,0.5710040330886841,0.001733065612759674,,max_step
819,fresh,0,fresh,,,0,0.0,0,0,0,0,0,10.0,5.0,5.0,20.0,0,1000,6.752215385437012,0.020876961945556105,,max_step
820,fresh,0,fresh,,,0,0.0,0,0,0,0,0,10.0,5.0,5.0,20.0,0,55,0.3684197664260864,0.1812120069834319,,arrive_dest
821,fresh,0,fresh,,,0,0.0,0,0,0,0,0,10.0,5.0,5.0,20.0,0,297,9.138656616210938,0.13921563629600336,,out_of_road
822,fresh,0,fresh,,,0,0.0,0,0,0,0,0,10.0,5.0,5.0,20.0,0,400,11.093428611755371,0.14800603026873432,,out_of_road
823,fresh,0,fresh,,,0,0.0,0,0,0,0,0,10.0,5.0,5.0,20.0,0,398,11.52189826965332,0.17152360698498373,,out_of_road
824,fresh,0,fresh,,,0,0.0,0,0,0,0,0,10.0,5.0,5.0,20.0,0,237,2.4046902656555176,0.019237717692170465,,out_of_road
825,fresh,0,fresh,,,0,0.0,0,0,0,0,0,10.0,5.0,5.0,20.0,0,389,10.26502799987793,0.12698201146359844,,out_of_road
826,fresh,0,fresh,,,0,0.0,0,0,0,0,0,10.0,5.0,5.0,20.0,0,1000,18.00297737121582,0.05617006955444231,,max_step
827,fresh,0,fresh,,,0,0.0,0,0,0,0,0,10.0,5.0,5.0,20.0,0,729,21.043737411499023,0.12999288009643167,,out_of_road
828,fresh,0,fresh,,,0,0.0,0,0,0,0,0,10.0,5.0,5.0,20.0,0,990,25.832542419433594,0.09902413386470553,,out_of_road
829,fresh,0,fresh,,,0,0.0,0,0,0,0,0,10.0,5.0,5.0,20.0,0,25,-0.15633739531040192,0.007320790290832519,,out_of_road
830,fresh,0,fresh,,,0,0.0,0,0,0,0,0,10.0,5.0,5.0,20.0,0,1000,0.38784223794937134,0.002727560907427687,,max_step
831,fresh,0,fresh,,,0,0.0,0,0,0,0,0,10.0,5.0,5.0,20.0,0,180,5.227484703063965,0.07171870413779592,,out_of_road
832,fresh,0,fresh,,,0,0.0,0,0,0,0,0,10.0,5.0,5.0,20.0,0,1000,4.519908428192139,0.012044616151892115,,max_step
833,fresh,0,fresh,,,0,0.0,0,0,0,0,0,10.0,5.0,5.0,20.0,0,43,0.03313127160072327,0.030179619789123535,,out_of_road
834,fresh,0,fresh,,,0,0.0,0,0,0,0,0,10.0,5.0,5.0,20.0,0,816,22.850553512573242,0.1127279513805429,,arrive_dest
835,fresh,0,fresh,,,0,0.0,0,0,0,0,0,10.0,5.0,5.0,20.0,0,231,6.641606330871582,0.08929573597781586,,out_of_road
836,fresh,0,fresh,,,0,0.0,0,0,0,0,0,10.0,5.0,5.0,20.0,0,1000,3.9414870738983154,0.007523371933028102,,max_step
837,fresh,0,fresh,,,0,0.0,0,0,0,0,0,10.0,5.0,5.0,20.0,0,255,4.465475559234619,0.04566308990458721,,out_of_road
838,fresh,0,fresh,,,0,0.0,0,0,0,0,0,10.0,5.0,5.0,20.0,0,147,2.790646553039551,0.08808310287941222,,out_of_road
839,fresh,0,fresh,,,0,0.0,0,0,0,0,0,10.0,5.0,5.0,20.0,0,106,2.27358341217041,0.012795167667615527,,out_of_road
840,fresh,0,fresh,,,0,0.0,0,0,0,0,0,10.0,5.0,5.0,20.0,0,44,0.1710892617702484,0.0024108649654821916,,out_of_road
841,fresh,0,fresh,,,0,0.0,0,0,0,0,0,10.0,5.0,5.0,20.0,0,284,9.156830787658691,0.15436266944415764,,out_of_road
842,fresh,0,fresh,,,0,0.0,0,0,0,0,0,10.0,5.0,5.0,20.0,0,237,4.241290092468262,0.04423979809114764,,out_of_road
843,fresh,0,fresh,,,0,0.0,0,0,0,0,0,10.0,5.0,5.0,20.0,0,131,1.9457144737243652,0.015822978413002637,,out_of_road
844,fresh,0,fresh,,,0,0.0,0,0,0,0,0,10.0,5.0,5.0,20.0,0,878,26.704179763793945,0.14071798189898532,,arrive_dest
845,fresh,0,fresh,,,0,0.0,0,0,0,0,0,10.0,5.0,5.0,20.0,0,1000,10.929823875427246,0.0244506743112579,,max_step
846,fresh,0,fresh,,,0,0.0,0,0,0,0,0,10.0,5.0,5.0,20.0,0,330,8.11586856842041,0.06856632594611835,,out_of_road
847,fresh,0,fresh,,,0,0.0,0,0,0,0,0,10.0,5.0,5.0,20.0,0,233,6.899898052215576,0.06744279577336854,,out_of_road
848,fresh,0,fresh,,,0,0.0,0,0,0,0,0,10.0,5.0,5.0,20.0,0,423,11.240641593933105,0.08488874184958478,,out_of_road
849,fresh,0,fresh,,,0,0.0,0,0,0,0,0,10.0,5.0,5.0,20.0,0,150,2.3121449947357178,0.009309358224272727,,out_of_road
850,fresh,0,fresh,,,0,0.0,0,0,0,0,0,10.0,5.0,5.0,20.0,0,346,8.698335647583008,0.07173794606630556,,arrive_dest
851,fresh,0,fresh,,,0,0.0,0,0,0,0,0,10.0,5.0,5.0,20.0,0,1000,5.195411682128906,0.032047004253952766,,max_step
852,fresh,0,fresh,,,0,0.0,0,0,0,0,0,10.0,5.0,5.0,20.0,0,46,0.09952953457832336,0.02102875061657118,,out_of_road
853,fresh,0,fresh,,,0,0.0,0,0,0,0,0,10.0,5.0,5.0,20.0,0,554,14.79018497467041,0.11985527955513407,,out_of_road
854,fresh,0,fresh,,,0,0.0,0,0,0,0,0,10.0,5.0,5.0,20.0,0,182,3.6579391956329346,0.040373007485458814,,out_of_road
855,fresh,0,fresh,,,0,0.0,0,0,0,0,0,10.0,5.0,5.0,20.0,0,1000,13.996505737304688,0.08748987202439457,,max_step
856,fresh,0,fresh,,,0,0.0,0,0,0,0,0,10.0,5.0,5.0,20.0,0,723,19.966276168823242,0.09891891665177041,,out_of_road
857,fresh,0,fresh,,,0,0.0,0,0,0,0,0,10.0,5.0,5.0,20.0,0,296,7.3615288734436035,0.07283842022769858,,out_of_road
858,fresh,0,fresh,,,0,0.0,0,0,0,0,0,10.0,5.0,5.0,20.0,0,196,3.8577988147735596,0.03359664070933145,,out_of_road
859,fresh,0,fresh,,,0,0.0,0,0,0,0,0,10.0,5.0,5.0,20.0,0,224,6.602633953094482,0.07539690540371728,,out_of_road
860,fresh,0,fresh,,,0,0.0,0,0,0,0,0,10.0,5.0,5.0,20.0,0,412,10.644803047180176,0.14291808475487078,,arrive_dest
861,fresh,0,fresh,,,0,0.0,0,0,0,0,0,10.0,5.0,5.0,20.0,0,132,3.229379653930664,0.029391652862118048,,arrive_dest
862,fresh,0,fresh,,,0,0.0,0,0,0,0,0,10.0,5.0,5.0,20.0,0,1000,2.32231068611145,0.006697911209485028,,max_step
863,fresh,0,fresh,,,0,0.0,0,0,0,0,0,10.0,5.0,5.0,20.0,0,488,11.23153305053711,0.07954407320119303,,arrive_dest
864,fresh,0,fresh,,,0,0.0,0,0,0,0,0,10.0,5.0,5.0,20.0,0,50,0.14391429722309113,0.0954122044146061,,out_of_road
865,fresh,0,fresh,,,0,0.0,0,0,0,0,0,10.0,5.0,5.0,20.0,0,398,11.283185005187988,0.15141592695185888,,out_of_road
866,fresh,0,fresh,,,0,0.0,0,0,0,0,0,10.0,5.0,5.0,20.0,0,1000,2.6364758014678955,0.003992133974388707,,max_step
867,fresh,0,fresh,,,0,0.0,0,0,0,0,0,10.0,5.0,5.0,20.0,0,1000,6.205733776092529,0.022999305775476386,,max_step
868,fresh,0,fresh,,,0,0.0,0,0,0,0,0,10.0,5.0,5.0,20.0,0,402,10.371959686279297,0.06613146497715097,,out_of_road
869,fresh,0,fresh,,,0,0.0,0,0,0,0,0,10.0,5.0,5.0,20.0,0,239,6.644036769866943,0.0811042371537209,,out_of_road
870,fresh,0,fresh,,,0,0.0,0,0,0,0,0,10.0,5.0,5.0,20.0,0,400,7.127262115478516,0.059454074933310036,,out_of_road
871,fresh,0,fresh,,,0,0.0,0,0,0,0,0,10.0,5.0,5.0,20.0,0,583,15.936087608337402,0.08323489669806246,,arrive_dest
872,fresh,0,fresh,,,0,0.0,0,0,0,0,0,10.0,5.0,5.0,20.0,0,146,3.6746506690979004,0.04754027087809135,,arrive_dest
873,fresh,0,fresh,,,0,0.0,0,0,0,0,0,10.0,5.0,5.0,20.0,0,2,0.28745609521865845,0.0,,arrive_dest
874,fresh,0,fresh,,,0,0.0,0,0,0,0,0,10.0,5.0,5.0,20.0,0,1000,5.929780960083008,0.017366117444005794,,max_step
875,fresh,0,fresh,,,0,0.0,0,0,0,0,0,10.0,5.0,5.0,20.0,0,2,0.28749948740005493,0.19050341844558716,,arrive_dest
876,fresh,0,fresh,,,0,0.0,0,0,0,0,0,10.0,5.0,5.0,20.0,0,208,6.316029071807861,0.08011065193792231,,out_of_road
877,fresh,0,fresh,,,0,0.0,0,0,0,0,0,10.0,5.0,5.0,20.0,0,1000,5.4784979820251465,0.00925546522278455,,max_step
878,fresh,0,fresh,,,0,0.0,0,0,0,0,0,10.0,5.0,5.0,20.0,0,2,0.28755390644073486,0.1823461651802063,,arrive_dest
879,fresh,0,fresh,,,0,0.0,0,0,0,0,0,10.0,5.0,5.0,20.0,0,347,10.129654884338379,0.1760897816827129,,out_of_road
880,fresh,0,fresh,,,0,0.0,0,0,0,0,0,10.0,5.0,5.0,20.0,0,379,10.269155502319336,0.12658490887953652,,out_of_road
881,fresh,0,fresh,,,0,0.0,0,0,0,0,0,10.0,5.0,5.0,20.0,0,769,20.801788330078125,0.13782270516478426,,arrive_dest
882,fresh,0,fresh,,,0,0.0,0,0,0,0,0,10.0,5.0,5.0,20.0,0,207,6.513602256774902,0.08650742285403508,,out_of_road
883,fresh,0,fresh,,,0,0.0,0,0,0,0,0,10.0,5.0,5.0,20.0,0,1000,2.5293874740600586,0.004129881438711891,,max_step
884,fresh,0,fresh,,,0,0.0,0,0,0,0,0,10.0,5.0,5.0,20.0,0,307,9.010934829711914,0.11608817265975722,,out_of_road
885,fresh,0,fresh,,,0,0.0,0,0,0,0,0,10.0,5.0,5.0,20.0,0,250,6.927727699279785,0.0842470717113465,,out_of_road
886,fresh,0,fresh,,,0,0.0,0,0,0,0,0,10.0,5.0,5.0,20.0,0,1000,9.00319766998291,0.04325041785898793,,max_step
887,fresh,0,fresh,,,0,0.0,0,0,0,0,0,10.0,5.0,5.0,20.0,0,348,9.941218376159668,0.07438985863633604,,out_of_road
888,fresh,0,fresh,,,0,0.0,0,0,0,0,0,10.0,5.0,5.0,20.0,0,1000,6.763817310333252,0.013958988174854312,,max_step
889,fresh,0,fresh,,,0,0.0,0,0,0,0,0,10.0,5.0,5.0,20.0,0,241,6.746707439422607,0.04661946123875523,,out_of_road
890,fresh,0,fresh,,,0,0.0,0,0,0,0,0,10.0,5.0,5.0,20.0,0,99,1.4086134433746338,0.096347514097814,,out_of_road
891,fresh,0,fresh,,,0,0.0,0,0,0,0,0,10.0,5.0,5.0,20.0,0,33,-0.05558127909898758,0.0,,out_of_road
892,fresh,0,fresh,,,0,0.0,0,0,0,0,0,10.0,5.0,5.0,20.0,0,139,1.878989577293396,0.03405601190898916,,out_of_road
893,fresh,0,fresh,,,0,0.0,0,0,0,0,0,10.0,5.0,5.0,20.0,0,1000,2.4168179035186768,0.0029335697547066956,,max_step
894,fresh,0,fresh,,,0,0.0,0,0,0,0,0,10.0,5.0,5.0,20.0,0,354,9.963822364807129,0.06479387885744889,,out_of_road
895,fresh,0,fresh,,,0,0.0,0,0,0,0,0,10.0,5.0,5.0,20.0,0,43,-0.1742052137851715,0.021089678586915482,,out_of_road
896,fresh,0,fresh,,,0,0.0,0,0,0,0,0,10.0,5.0,5.0,20.0,0,576,14.502532958984375,0.07679147995966357,,out_of_road
897,fresh,0,fresh,,,0,0.0,0,0,0,0,0,10.0,5.0,5.0,20.0,0,40,-0.1344037503004074,0.030162498354911804,,out_of_road
898,fresh,0,fresh,,,0,0.0,0,0,0,0,0,10.0,5.0,5.0,20.0,0,334,9.160447120666504,0.08666247044394385,,arrive_dest
899,fresh,0,fresh,,,0,0.0,0,0,0,0,0,10.0,5.0,5.0,20.0,0,212,2.074538469314575,0.011005304494591535,,out_of_road
900,fresh,0,fresh,,,0,0.0,0,0,0,0,0,10.0,5.0,5.0,20.0,0,366,10.6281156539917,0.09179471845896355,,arrive_dest
901,fresh,0,fresh,,,0,0.0,0,0,0,0,0,10.0,5.0,5.0,20.0,0,362,8.148701667785645,0.07380585746520626,,arrive_dest
902,fresh,0,fresh,,,0,0.0,0,0,0,0,0,10.0,5.0,5.0,20.0,0,563,15.97998046875,0.1353640693651767,,out_of_road
903,fresh,0,fresh,,,0,0.0,0,0,0,0,0,10.0,5.0,5.0,20.0,0,407,11.93752384185791,0.1055791223266091,,arrive_dest
904,fresh,0,fresh,,,0,0.0,0,0,0,0,0,10.0,5.0,5.0,20.0,0,287,1.7924277782440186,0.010505296471642285,,out_of_road
905,fresh,0,fresh,,,0,0.0,0,0,0,0,0,10.0,5.0,5.0,20.0,0,725,20.896135330200195,0.12598371847982293,,arrive_dest
906,fresh,0,fresh,,,0,0.0,0,0,0,0,0,10.0,5.0,5.0,20.0,0,324,6.329331398010254,0.09861138145680781,,out_of_road
907,fresh,0,fresh,,,0,0.0,0,0,0,0,0,10.0,5.0,5.0,20.0,0,365,10.667325019836426,0.127191253664763,,out_of_road
908,fresh,0,fresh,,,0,0.0,0,0,0,0,0,10.0,5.0,5.0,20.0,0,704,19.702442169189453,0.10003478310814402,,out_of_road
909,fresh,0,fresh,,,0,0.0,0,0,0,0,0,10.0,5.0,5.0,20.0,0,679,19.233739852905273,0.08253223678221945,,arrive_dest
910,fresh,0,fresh,,,0,0.0,0,0,0,0,0,10.0,5.0,5.0,20.0,0,1000,8.656046867370605,0.01809607024816796,,max_step
911,fresh,0,fresh,,,0,0.0,0,0,0,0,0,10.0,5.0,5.0,20.0,0,348,8.92112922668457,0.060616467032988355,,arrive_dest
912,fresh,0,fresh,,,0,0.0,0,0,0,0,0,10.0,5.0,5.0,20.0,0,288,7.6618499755859375,0.08349885694850753,,out_of_road
913,fresh,0,fresh,,,0,0.0,0,0,0,0,0,10.0,5.0,5.0,20.0,0,1000,7.5057573318481445,0.017301668660948052,,max_step
914,fresh,0,fresh,,,0,0.0,0,0,0,0,0,10.0,5.0,5.0,20.0,0,314,8.368273735046387,0.045382043388286594,,arrive_dest
915,fresh,0,fresh,,,0,0.0,0,0,0,0,0,10.0,5.0,5.0,20.0,0,348,8.469511032104492,0.032141750232830384,,arrive_dest
916,fresh,0,fresh,,,0,0.0,0,0,0,0,0,10.0,5.0,5.0,20.0,0,1000,12.453561782836914,0.03144313112145755,,max_step
917,fresh,0,fresh,,,0,0.0,0,0,0,0,0,10.0,5.0,5.0,20.0,0,394,10.553876876831055,0.1364316409117652,,out_of_road
918,fresh,0,fresh,,,0,0.0,0,0,0,0,0,10.0,5.0,5.0,20.0,0,1000,4.98809814453125,0.010082259208429605,,max_step
919,fresh,0,fresh,,,0,0.0,0,0,0,0,0,10.0,5.0,5.0,20.0,0,1000,2.568366765975952,0.002501721528591588,,max_step
920,fresh,0,fresh,,,0,0.0,0,0,0,0,0,10.0,5.0,5.0,20.0,0,692,19.67112159729004,0.14161392666649805,,out_of_road
921,fresh,0,fresh,,,0,0.0,0,0,0,0,0,10.0,5.0,5.0,20.0,0,269,6.636971473693848,0.037248189709942134,,out_of_road
922,fresh,0,fresh,,,0,0.0,0,0,0,0,0,10.0,5.0,5.0,20.0,0,1000,2.0569162368774414,0.0014703311811463209,,max_step
923,fresh,0,fresh,,,0,0.0,0,0,0,0,0,10.0,5.0,5.0,20.0,0,1000,6.510035991668701,0.023361645573517307,,max_step
924,fresh,0,fresh,,,0,0.0,0,0,0,0,0,10.0,5.0,5.0,20.0,0,744,19.250059127807617,0.092635094862236,,arrive_dest
925,fresh,0,fresh,,,0,0.0,0,0,0,0,0,10.0,5.0,5.0,20.0,0,255,4.705785751342773,0.04230271259359285,,out_of_road
926,fresh,0,fresh,,,0,0.0,0,0,0,0,0,10.0,5.0,5.0,20.0,0,1000,1.518658995628357,0.0009572079483550624,,max_step
927,fresh,0,fresh,,,0,0.0,0,0,0,0,0,10.0,5.0,5.0,20.0,0,1000,6.8726959228515625,0.012586561829113635,,max_step
928,fresh,0,fresh,,,0,0.0,0,0,0,0,0,10.0,5.0,5.0,20.0,0,62,0.35485589504241943,0.03866200653776046,,out_of_road
929,fresh,0,fresh,,,0,0.0,0,0,0,0,0,10.0,5.0,5.0,20.0,0,35,-0.02732045203447342,0.0,,out_of_road
930,fresh,0,fresh,,,0,0.0,0,0,0,0,0,10.0,5.0,5.0,20.0,0,2,0.28429919481277466,0.12432754039764404,,arrive_dest
931,fresh,0,fresh,,,0,0.0,0,0,0,0,0,10.0,5.0,5.0,20.0,0,850,22.93862533569336,0.11969757765476756,,out_of_road
932,fresh,0,fresh,,,0,0.0,0,0,0,0,0,10.0,5.0,5.0,20.0,0,702,18.718311309814453,0.08996638995754477,,arrive_dest
933,fresh,0,fresh,,,0,0.0,0,0,0,0,0,10.0,5.0,5.0,20.0,0,1000,0.001637347275391221,0.0,,max_step
934,fresh,0,fresh,,,0,0.0,0,0,0,0,0,10.0,5.0,5.0,20.0,0,1000,2.5578887462615967,0.010129773217544425,,max_step
935,fresh,0,fresh,,,0,0.0,0,0,0,0,0,10.0,5.0,5.0,20.0,0,1000,1.6440304517745972,0.0027921489150030537,,max_step
936,fresh,0,fresh,,,0,0.0,0,0,0,0,0,10.0,5.0,5.0,20.0,0,263,5.449444770812988,0.029096032772567337,,out_of_road
937,fresh,0,fresh,,,0,0.0,0,0,0,0,0,10.0,5.0,5.0,20.0,0,1000,14.028669357299805,0.08033323349361308,,max_step
938,fresh,0,fresh,,,0,0.0,0,0,0,0,0,10.0,5.0,5.0,20.0,0,876,24.56416130065918,0.12176791722721475,,arrive_dest
939,fresh,0,fresh,,,0,0.0,0,0,0,0,0,10.0,5.0,5.0,20.0,0,1000,10.685535430908203,0.038579234968172386,,max_step
940,fresh,0,fresh,,,0,0.0,0,0,0,0,0,10.0,5.0,5.0,20.0,0,529,12.180667877197266,0.06855400009054359,,arrive_dest
941,fresh,0,fresh,,,0,0.0,0,0,0,0,0,10.0,5.0,5.0,20.0,0,1000,13.98784351348877,0.07171371124946745,,max_step
942,fresh,0,fresh,,,0,0.0,0,0,0,0,0,10.0,5.0,5.0,20.0,0,1000,1.7946735620498657,0.0051301916251686635,,max_step
943,fresh,0,fresh,,,0,0.0,0,0,0,0,0,10.0,5.0,5.0,20.0,0,253,6.064113616943359,0.05907958099552294,,arrive_dest
944,fresh,0,fresh,,,0,0.0,0,0,0,0,0,10.0,5.0,5.0,20.0,0,541,16.154216766357422,0.12227596729380973,,arrive_dest
945,fresh,0,fresh,,,0,0.0,0,0,0,0,0,10.0,5.0,5.0,20.0,0,895,23.320648193359375,0.0658955587784359,,arrive_dest
946,fresh,0,fresh,,,0,0.0,0,0,0,0,0,10.0,5.0,5.0,20.0,0,1000,8.684272766113281,0.02142949064457207,,max_step
947,fresh,0,fresh,,,0,0.0,0,0,0,0,0,10.0,5.0,5.0,20.0,0,558,14.001099586486816,0.08155448164366934,,out_of_road
948,fresh,0,fresh,,,0,0.0,0,0,0,0,0,10.0,5.0,5.0,20.0,0,256,4.907917022705078,0.03793802945074276,,out_of_road
949,fresh,0,fresh,,,0,0.0,0,0,0,0,0,10.0,5.0,5.0,20.0,0,847,22.1552791595459,0.11165205129683942,,arrive_dest
950,fresh,0,fresh,,,0,0.0,0,0,0,0,0,10.0,5.0,5.0,20.0,0,126,1.9105957746505737,0.06798220857504815,,out_of_road
951,fresh,0,fresh,,,0,0.0,0,0,0,0,0,10.0,5.0,5.0,20.0,0,265,5.184759616851807,0.03941599077650539,,out_of_road
952,fresh,0,fresh,,,0,0.0,0,0,0,0,0,10.0,5.0,5.0,20.0,0,693,17.06741714477539,0.0549612687195115,,out_of_road
953,fresh,0,fresh,,,0,0.0,0,0,0,0,0,10.0,5.0,5.0,20.0,0,1000,5.947609901428223,0.012829864014755003,,max_step
954,fresh,0,fresh,,,0,0.0,0,0,0,0,0,10.0,5.0,5.0,20.0,0,340,5.57219934463501,0.03487237102646545,,out_of_road
955,fresh,0,fresh,,,0,0.0,0,0,0,0,0,10.0,5.0,5.0,20.0,0,1000,3.4222846031188965,0.010538086247630417,,max_step
956,fresh,0,fresh,,,0,0.0,0,0,0,0,0,10.0,5.0,5.0,20.0,0,1000,5.4865522384643555,0.01451022936173831,,max_step
957,fresh,0,fresh,,,0,0.0,0,0,0,0,0,10.0,5.0,5.0,20.0,0,772,18.888465881347656,0.07060810401667768,,arrive_dest
958,fresh,0,fresh,,,0,0.0,0,0,0,0,0,10.0,5.0,5.0,20.0,0,106,1.6620712280273438,0.016001459536195365,,out_of_road
959,fresh,0,fresh,,,0,0.0,0,0,0,0,0,10.0,5.0,5.0,20.0,0,393,-0.12447655200958252,0.000503553423566066,,out_of_road
960,fresh,0,fresh,,,0,0.0,0,0,0,0,0,10.0,5.0,5.0,20.0,0,388,8.6917142868042,0.048074860645448504,,out_of_road
961,fresh,0,fresh,,,0,0.0,0,0,0,0,0,10.0,5.0,5.0,20.0,0,27,-0.16670168936252594,0.024099082858474168,,out_of_road
962,fresh,0,fresh,,,0,0.0,0,0,0,0,0,10.0,5.0,5.0,20.0,0,382,8.937775611877441,0.051613200999581846,,out_of_road
963,fresh,0,fresh,,,0,0.0,0,0,0,0,0,10.0,5.0,5.0,20.0,0,313,8.043342590332031,0.0812743855134462,,out_of_road
964,fresh,0,fresh,,,0,0.0,0,0,0,0,0,10.0,5.0,5.0,20.0,0,560,15.315580368041992,0.09587717823700846,,arrive_dest
965,fresh,0,fresh,,,0,0.0,0,0,0,0,0,10.0,5.0,5.0,20.0,0,1000,6.804100036621094,0.010940139054291649,,max_step
966,fresh,0,fresh,,,0,0.0,0,0,0,0,0,10.0,5.0,5.0,20.0,0,238,6.757876873016357,0.08412622199237284,,out_of_road
967,fresh,0,fresh,,,0,0.0,0,0,0,0,0,10.0,5.0,5.0,20.0,0,674,16.813188552856445,0.12319851397370535,,out_of_road
968,fresh,0,fresh,,,0,0.0,0,0,0,0,0,10.0,5.0,5.0,20.0,0,522,13.19821548461914,0.07762214220557148,,out_of_road
969,fresh,0,fresh,,,0,0.0,0,0,0,0,0,10.0,5.0,5.0,20.0,0,970,25.78097915649414,0.09844905116700942,,out_of_road
970,fresh,0,fresh,,,0,0.0,0,0,0,0,0,10.0,5.0,5.0,20.0,0,2,0.28152090311050415,0.0,,arrive_dest
971,fresh,0,fresh,,,0,0.0,0,0,0,0,0,10.0,5.0,5.0,20.0,0,331,8.407500267028809,0.04746484718766637,,out_of_road
972,fresh,0,fresh,,,0,0.0,0,0,0,0,0,10.0,5.0,5.0,20.0,0,345,8.848474502563477,0.06678871459773053,,out_of_road
973,fresh,0,fresh,,,0,0.0,0,0,0,0,0,10.0,5.0,5.0,20.0,0,1000,2.2954318523406982,0.002827338227070868,,max_step
974,fresh,0,fresh,,,0,0.0,0,0,0,0,0,10.0,5.0,5.0,20.0,0,1000,4.246615886688232,0.012901038051582873,,max_step
975,fresh,0,fresh,,,0,0.0,0,0,0,0,0,10.0,5.0,5.0,20.0,0,1000,8.870168685913086,0.016865261892904528,,max_step
976,fresh,0,fresh,,,0,0.0,0,0,0,0,0,10.0,5.0,5.0,20.0,0,276,8.781807899475098,0.09835195761052487,,arrive_dest
977,fresh,0,fresh,,,0,0.0,0,0,0,0,0,10.0,5.0,5.0,20.0,0,1000,1.9062163829803467,0.0026750857206061483,,max_step
978,fresh,0,fresh,,,0,0.0,0,0,0,0,0,10.0,5.0,5.0,20.0,0,25,-0.12170927971601486,0.03623892307281494,,out_of_road
979,fresh,0,fresh,,,0,0.0,0,0,0,0,0,10.0,5.0,5.0,20.0,0,789,21.850479125976562,0.13266161791077274,,out_of_road
980,fresh,0,fresh,,,0,0.0,0,0,0,0,0,10.0,5.0,5.0,20.0,0,288,-0.14372611045837402,0.031897239671606153,,out_of_road
981,fresh,0,fresh,,,0,0.0,0,0,0,0,0,10.0,5.0,5.0,20.0,0,1000,4.466693878173828,0.009536424281075597,,max_step
982,fresh,0,fresh,,,0,0.0,0,0,0,0,0,10.0,5.0,5.0,20.0,0,42,0.12708167731761932,0.030726875577654158,,out_of_road
983,fresh,0,fresh,,,0,0.0,0,0,0,0,0,10.0,5.0,5.0,20.0,0,1000,9.143643379211426,0.02256423158454709,,max_step
984,fresh,0,fresh,,,0,0.0,0,0,0,0,0,10.0,5.0,5.0,20.0,0,399,10.284090995788574,0.1080627673700041,,out_of_road
985,fresh,0,fresh,,,0,0.0,0,0,0,0,0,10.0,5.0,5.0,20.0,0,42,0.10295501351356506,0.015740980704625446,,out_of_road
986,fresh,0,fresh,,,0,0.0,0,0,0,0,0,10.0,5.0,5.0,20.0,0,641,15.576059341430664,0.06507155401399722,,arrive_dest
987,fresh,0,fresh,,,0,0.0,0,0,0,0,0,10.0,5.0,5.0,20.0,0,216,4.261358261108398,0.06623421812050596,,arrive_dest
988,fresh,0,fresh,,,0,0.0,0,0,0,0,0,10.0,5.0,5.0,20.0,0,31,-0.0691448226571083,0.018411761330020045,,out_of_road
989,fresh,0,fresh,,,0,0.0,0,0,0,0,0,10.0,5.0,5.0,20.0,0,759,20.839712142944336,0.09450867819420046,,arrive_dest
990,fresh,0,fresh,,,0,0.0,0,0,0,0,0,10.0,5.0,5.0,20.0,0,615,15.556429862976074,0.11604340476385219,,arrive_dest
991,fresh,0,fresh,,,0,0.0,0,0,0,0,0,10.0,5.0,5.0,20.0,0,371,-0.15045887231826782,0.004193652048455978,,out_of_road
992,fresh,0,fresh,,,0,0.0,0,0,0,0,0,10.0,5.0,5.0,20.0,0,183,4.653018474578857,0.01652514624098937,,out_of_road
993,fresh,0,fresh,,,0,0.0,0,0,0,0,0,10.0,5.0,5.0,20.0,0,137,2.370797634124756,0.016637686816771535,,out_of_road
994,fresh,0,fresh,,,0,0.0,0,0,0,0,0,10.0,5.0,5.0,20.0,0,1000,1.9967987537384033,0.0014690160006284713,,max_step
995,fresh,0,fresh,,,0,0.0,0,0,0,0,0,10.0,5.0,5.0,20.0,0,344,8.872674942016602,0.07011649242147457,,out_of_road
996,fresh,0,fresh,,,0,0.0,0,0,0,0,0,10.0,5.0,5.0,20.0,0,1000,8.47030258178711,0.02449737408803776,,max_step
997,fresh,0,fresh,,,0,0.0,0,0,0,0,0,10.0,5.0,5.0,20.0,0,672,16.117385864257812,0.05020225658552677,,arrive_dest
998,fresh,0,fresh,,,0,0.0,0,0,0,0,0,10.0,5.0,5.0,20.0,0,629,16.8461856842041,0.07797507203919947,,out_of_road
999,fresh,0,fresh,,,0,0.0,0,0,0,0,0,10.0,5.0,5.0,20.0,0,1000,15.555072784423828,0.07052305064094253,,max_step
1000,fresh,0,fresh,,,0,0.0,0,0,0,0,0,10.0,5.0,5.0,20.0,0,90,0.4471704363822937,0.007097832392901182,,out_of_road
1001,fresh,0,fresh,,,0,0.0,0,0,0,0,0,10.0,5.0,5.0,20.0,0,474,12.150747299194336,0.09266097144565627,,out_of_road
1002,fresh,0,fresh,,,0,0.0,0,0,0,0,0,10.0,5.0,5.0,20.0,0,1000,18.76656150817871,0.06557802424207329,,max_step
1003,fresh,0,fresh,,,0,0.0,0,0,0,0,0,10.0,5.0,5.0,20.0,0,495,13.14708423614502,0.06127577038820494,,out_of_road
1004,fresh,0,fresh,,,0,0.0,0,0,0,0,0,10.0,5.0,5.0,20.0,0,379,10.230712890625,0.06111277159706426,,arrive_dest
1005,fresh,0,fresh,,,0,0.0,0,0,0,0,0,10.0,5.0,5.0,20.0,0,146,3.8063583374023438,0.025961483152557727,,arrive_dest
1006,fresh,0,fresh,,,0,0.0,0,0,0,0,0,10.0,5.0,5.0,20.0,0,2,0.2799358367919922,0.0,,arrive_dest
1007,fresh,0,fresh,,,0,0.0,0,0,0,0,0,10.0,5.0,5.0,20.0,0,1000,8.597400665283203,0.031872720711544386,,max_step
1008,fresh,0,fresh,,,0,0.0,0,0,0,0,0,10.0,5.0,5.0,20.0,0,706,21.452198028564453,0.1338197875043401,,arrive_dest
1009,fresh,0,fresh,,,0,0.0,0,0,0,0,0,10.0,5.0,5.0,20.0,0,576,14.087015151977539,0.0629103940817812,,out_of_road
1010,fresh,0,fresh,,,0,0.0,0,0,0,0,0,10.0,5.0,5.0,20.0,0,549,13.198660850524902,0.06794872981341783,,out_of_road
1011,fresh,0,fresh,,,0,0.0,0,0,0,0,0,10.0,5.0,5.0,20.0,0,52,0.1353209763765335,0.02463062494420088,,out_of_road
1012,fresh,0,fresh,,,0,0.0,0,0,0,0,0,10.0,5.0,5.0,20.0,0,199,3.0883913040161133,0.053173350451055486,,out_of_road
1013,fresh,0,fresh,,,0,0.0,0,0,0,0,0,10.0,5.0,5.0,20.0,0,357,9.619983673095703,0.06442435530564782,,out_of_road
1014,fresh,0,fresh,,,0,0.0,0,0,0,0,0,10.0,5.0,5.0,20.0,0,1000,14.922162055969238,0.0553407812473597,,max_step
1015,fresh,0,fresh,,,0,0.0,0,0,0,0,0,10.0,5.0,5.0,20.0,0,408,8.362191200256348,0.06241234568719223,,arrive_dest
1016,fresh,0,fresh,,,0,0.0,0,0,0,0,0,10.0,5.0,5.0,20.0,0,1000,0.5771364569664001,0.0025193965232610934,,max_step
1017,fresh,0,fresh,,,0,0.0,0,0,0,0,0,10.0,5.0,5.0,20.0,0,48,0.2850542664527893,0.014149312279187143,,out_of_road
1018,fresh,0,fresh,,,0,0.0,0,0,0,0,0,10.0,5.0,5.0,20.0,0,1000,1.9638806581497192,0.0027239115500706248,,max_step
1019,fresh,0,fresh,,,0,0.0,0,0,0,0,0,10.0,5.0,5.0,20.0,0,429,11.543207168579102,0.08368328290325014,,out_of_road
1020,fresh,0,fresh,,,0,0.0,0,0,0,0,0,10.0,5.0,5.0,20.0,0,557,14.485830307006836,0.08105205416284783,,arrive_dest
1021,fresh,0,fresh,,,0,0.0,0,0,0,0,0,10.0,5.0,5.0,20.0,0,411,10.167137145996094,0.10633467225960644,,out_of_road
1022,fresh,0,fresh,,,0,0.0,0,0,0,0,0,10.0,5.0,5.0,20.0,0,402,9.845586776733398,0.05077071609184035,,arrive_dest
1023,fresh,0,fresh,,,0,0.0,0,0,0,0,0,10.0,5.0,5.0,20.0,0,351,9.732613563537598,0.10745736769933859,,out_of_road
1024,fresh,0,fresh,,,0,0.0,0,0,0,0,0,10.0,5.0,5.0,20.0,0,245,5.183345317840576,0.03296524126614843,,arrive_dest
1025,fresh,0,fresh,,,0,0.0,0,0,0,0,0,10.0,5.0,5.0,20.0,0,977,25.143165588378906,0.07065634542128629,,arrive_dest
1026,fresh,0,fresh,,,0,0.0,0,0,0,0,0,10.0,5.0,5.0,20.0,0,320,8.439789772033691,0.06557079215708654,,out_of_road
1027,fresh,0,fresh,,,0,0.0,0,0,0,0,0,10.0,5.0,5.0,20.0,0,82,0.4320679306983948,0.006277255782085221,,out_of_road
1028,fresh,0,fresh,,,0,0.0,0,0,0,0,0,10.0,5.0,5.0,20.0,0,1000,4.1713433265686035,0.007404198989737779,,max_step
1029,fresh,0,fresh,,,0,0.0,0,0,0,0,0,10.0,5.0,5.0,20.0,0,77,0.4388916492462158,0.011719411638166224,,out_of_road
1030,fresh,0,fresh,,,0,0.0,0,0,0,0,0,10.0,5.0,5.0,20.0,0,322,8.739391326904297,0.04944722430909057,,arrive_dest
1031,fresh,0,fresh,,,0,0.0,0,0,0,0,0,10.0,5.0,5.0,20.0,0,1000,20.964210510253906,0.11246145154209808,,max_step
1032,fresh,0,fresh,,,0,0.0,0,0,0,0,0,10.0,5.0,5.0,20.0,0,1000,4.84253454208374,0.013393098317552359,,max_step
1033,fresh,0,fresh,,,0,0.0,0,0,0,0,0,10.0,5.0,5.0,20.0,0,173,4.014855861663818,0.050651809596322005,,arrive_dest
1034,fresh,0,fresh,,,0,0.0,0,0,0,0,0,10.0,5.0,5.0,20.0,0,613,16.92738151550293,0.10503066306991493,,arrive_dest
1035,fresh,0,fresh,,,0,0.0,0,0,0,0,0,10.0,5.0,5.0,20.0,0,319,7.974154472351074,0.04245763085344602,,out_of_road
1036,fresh,0,fresh,,,0,0.0,0,0,0,0,0,10.0,5.0,5.0,20.0,0,168,3.6157114505767822,0.03680803572725771,,out_of_road
1037,fresh,0,fresh,,,0,0.0,0,0,0,0,0,10.0,5.0,5.0,20.0,0,448,12.403189659118652,0.08740395003094038,,arrive_dest
1038,fresh,0,fresh,,,0,0.0,0,0,0,0,0,10.0,5.0,5.0,20.0,0,286,7.77215576171875,0.08000510781059054,,out_of_road
1039,fresh,0,fresh,,,0,0.0,0,0,0,0,0,10.0,5.0,5.0,20.0,0,68,1.2624483108520508,0.0,,arrive_dest
1040,fresh,0,fresh,,,0,0.0,0,0,0,0,0,10.0,5.0,5.0,20.0,0,897,24.072595596313477,0.09181684786697836,,arrive_dest
1041,fresh,0,fresh,,,0,0.0,0,0,0,0,0,10.0,5.0,5.0,20.0,0,172,4.088665962219238,0.032280258623190054,,arrive_dest
1042,fresh,0,fresh,,,0,0.0,0,0,0,0,0,10.0,5.0,5.0,20.0,0,106,1.6036796569824219,0.013240919448435307,,out_of_road
1043,fresh,0,fresh,,,0,0.0,0,0,0,0,0,10.0,5.0,5.0,20.0,0,1000,27.747398376464844,0.10394563798978924,,max_step
1044,fresh,0,fresh,,,0,0.0,0,0,0,0,0,10.0,5.0,5.0,20.0,0,173,5.0737433433532715,0.04537024223945518,,arrive_dest
1045,fresh,0,fresh,,,0,0.0,0,0,0,0,0,10.0,5.0,5.0,20.0,0,1000,13.006083488464355,0.03775162430369528,,max_step
1046,fresh,0,fresh,,,0,0.0,0,0,0,0,0,10.0,5.0,5.0,20.0,0,387,8.397174835205078,0.0457011430117588,,out_of_road
1047,fresh,0,fresh,,,0,0.0,0,0,0,0,0,10.0,5.0,5.0,20.0,0,34,-0.0031716525554656982,0.028186233604655546,,out_of_road
1048,fresh,0,fresh,,,0,0.0,0,0,0,0,0,10.0,5.0,5.0,20.0,0,479,13.41627025604248,0.10428124159673668,,out_of_road
1049,fresh,0,fresh,,,0,0.0,0,0,0,0,0,10.0,5.0,5.0,20.0,0,1000,1.9121577739715576,0.0059310385930002665,,max_step
1050,fresh,0,fresh,,,0,0.0,0,0,0,0,0,10.0,5.0,5.0,20.0,0,207,4.121846675872803,0.04240564135429652,,out_of_road
1051,fresh,0,fresh,,,0,0.0,0,0,0,0,0,10.0,5.0,5.0,20.0,0,264,5.887722015380859,0.05114648113852705,,out_of_road
1052,fresh,0,fresh,,,0,0.0,0,0,0,0,0,10.0,5.0,5.0,20.0,0,432,11.63772964477539,0.06320034713900424,,arrive_dest
1053,fresh,0,fresh,,,0,0.0,0,0,0,0,0,10.0,5.0,5.0,20.0,0,224,5.754951477050781,0.038621804459710675,,arrive_dest
1054,fresh,0,fresh,,,0,0.0,0,0,0,0,0,10.0,5.0,5.0,20.0,0,854,23.427623748779297,0.12264403843525928,,arrive_dest
1055,fresh,0,fresh,,,0,0.0,0,0,0,0,0,10.0,5.0,5.0,20.0,0,219,6.104506492614746,0.04868679816439135,,out_of_road
1056,fresh,0,fresh,,,0,0.0,0,0,0,0,0,10.0,5.0,5.0,20.0,0,363,10.079289436340332,0.1468847792085065,,out_of_road
1057,fresh,0,fresh,,,0,0.0,0,0,0,0,0,10.0,5.0,5.0,20.0,0,504,13.01974868774414,0.046749326065995744,,arrive_dest
1058,fresh,0,fresh,,,0,0.0,0,0,0,0,0,10.0,5.0,5.0,20.0,0,257,7.129436016082764,0.07610756551288793,,out_of_road
1059,fresh,0,fresh,,,0,0.0,0,0,0,0,0,10.0,5.0,5.0,20.0,0,87,1.9053621292114258,0.02669504229193446,,arrive_dest
1060,fresh,0,fresh,,,0,0.0,0,0,0,0,0,10.0,5.0,5.0,20.0,0,1000,1.8927890062332153,0.006092710190074286,,max_step
1061,fresh,0,fresh,,,0,0.0,0,0,0,0,0,10.0,5.0,5.0,20.0,0,269,5.513858795166016,0.05234586199413168,,out_of_road
1062,fresh,0,fresh,,,0,0.0,0,0,0,0,0,10.0,5.0,5.0,20.0,0,217,6.37172269821167,0.054959329892881215,,out_of_road
1063,fresh,0,fresh,,,0,0.0,0,0,0,0,0,10.0,5.0,5.0,20.0,0,232,4.656566619873047,0.04059895235595518,,out_of_road
1064,fresh,0,fresh,,,0,0.0,0,0,0,0,0,10.0,5.0,5.0,20.0,0,273,8.39792251586914,0.09755287575748692,,out_of_road
1065,fresh,0,fresh,,,0,0.0,0,0,0,0,0,10.0,5.0,5.0,20.0,0,555,15.092528343200684,0.17486987225879153,,arrive_dest
1066,fresh,0,fresh,,,0,0.0,0,0,0,0,0,10.0,5.0,5.0,20.0,0,344,8.182149887084961,0.07594957774732435,,out_of_road
1067,fresh,0,fresh,,,0,0.0,0,0,0,0,0,10.0,5.0,5.0,20.0,0,541,14.694841384887695,0.08077686502772095,,out_of_road
1068,fresh,0,fresh,,,0,0.0,0,0,0,0,0,10.0,5.0,5.0,20.0,0,268,5.822891712188721,0.09368750859232647,,arrive_dest
1069,fresh,0,fresh,,,0,0.0,0,0,0,0,0,10.0,5.0,5.0,20.0,0,309,7.128066539764404,0.040650103847016984,,out_of_road
1070,fresh,0,fresh,,,0,0.0,0,0,0,0,0,10.0,5.0,5.0,20.0,0,681,18.091392517089844,0.07520848695802805,,arrive_dest
1071,fresh,0,fresh,,,0,0.0,0,0,0,0,0,10.0,5.0,5.0,20.0,0,244,6.562349319458008,0.05976517948505209,,out_of_road
1072,fresh,0,fresh,,,0,0.0,0,0,0,0,0,10.0,5.0,5.0,20.0,0,141,3.452711582183838,0.014997604190774843,,arrive_dest
1073,fresh,0,fresh,,,0,0.0,0,0,0,0,0,10.0,5.0,5.0,20.0,0,1000,2.1324191093444824,0.0025977641995996235,,max_step
1074,fresh,0,fresh,,,0,0.0,0,0,0,0,0,10.0,5.0,5.0,20.0,0,679,1.992307186126709,0.03437034232851902,,out_of_road
1075,fresh,0,fresh,,,0,0.0,0,0,0,0,0,10.0,5.0,5.0,20.0,0,363,9.577404022216797,0.13668119220689104,,out_of_road
1076,fresh,0,fresh,,,0,0.0,0,0,0,0,0,10.0,5.0,5.0,20.0,0,446,10.559004783630371,0.10508063565542913,,out_of_road
1077,fresh,0,fresh,,,0,0.0,0,0,0,0,0,10.0,5.0,5.0,20.0,0,1000,2.348031520843506,0.0013235821360722184,,max_step
1078,fresh,0,fresh,,,0,0.0,0,0,0,0,0,10.0,5.0,5.0,20.0,0,336,7.56800651550293,0.06644810474244878,,out_of_road
1079,fresh,0,fresh,,,0,0.0,0,0,0,0,0,10.0,5.0,5.0,20.0,0,1000,8.40929889678955,0.017852068273350598,,max_step
1080,fresh,0,fresh,,,0,0.0,0,0,0,0,0,10.0,5.0,5.0,20.0,0,562,12.85539722442627,0.06337678570702615,,arrive_dest
1081,fresh,0,fresh,,,0,0.0,0,0,0,0,0,10.0,5.0,5.0,20.0,0,1000,1.8650370836257935,0.017527779136435127,,max_step
1082,fresh,0,fresh,,,0,0.0,0,0,0,0,0,10.0,5.0,5.0,20.0,0,929,25.072141647338867,0.10610913813707647,,arrive_dest
1083,fresh,0,fresh,,,0,0.0,0,0,0,0,0,10.0,5.0,5.0,20.0,0,574,15.445672035217285,0.08728539203707363,,arrive_dest
1084,fresh,0,fresh,,,0,0.0,0,0,0,0,0,10.0,5.0,5.0,20.0,0,306,5.723429203033447,0.034187667010948546,,out_of_road
1085,fresh,0,fresh,,,0,0.0,0,0,0,0,0,10.0,5.0,5.0,20.0,0,1000,8.011850357055664,0.030947865177528,,max_step
1086,fresh,0,fresh,,,0,0.0,0,0,0,0,0,10.0,5.0,5.0,20.0,0,1000,8.707571983337402,0.023558930109255017,,max_step
1087,fresh,0,fresh,,,0,0.0,0,0,0,0,0,10.0,5.0,5.0,20.0,0,1000,0.0004043690860271454,0.0004799243211746216,,max_step
1088,fresh,0,fresh,,,0,0.0,0,0,0,0,0,10.0,5.0,5.0,20.0,0,1000,1.728890061378479,0.004974960178660694,,max_step
1089,fresh,0,fresh,,,0,0.0,0,0,0,0,0,10.0,5.0,5.0,20.0,0,640,16.620731353759766,0.06749803977472765,,arrive_dest
1090,fresh,0,fresh,,,0,0.0,0,0,0,0,0,10.0,5.0,5.0,20.0,0,223,5.571255207061768,0.106746494594644,,arrive_dest
1091,fresh,0,fresh,,,0,0.0,0,0,0,0,0,10.0,5.0,5.0,20.0,0,1000,27.305625915527344,0.13134631060110405,,max_step
1092,fresh,0,fresh,,,0,0.0,0,0,0,0,0,10.0,5.0,5.0,20.0,0,394,9.909059524536133,0.06498753629284462,,out_of_road
1093,fresh,0,fresh,,,0,0.0,0,0,0,0,0,10.0,5.0,5.0,20.0,0,427,11.356979370117188,0.06624684803323075,,arrive_dest
1094,fresh,0,fresh,,,0,0.0,0,0,0,0,0,10.0,5.0,5.0,20.0,0,399,11.689788818359375,0.10805195442664631,,out_of_road
1095,fresh,0,fresh,,,0,0.0,0,0,0,0,0,10.0,5.0,5.0,20.0,0,244,6.394791126251221,0.06769464294174228,,out_of_road
1096,fresh,0,fresh,,,0,0.0,0,0,0,0,0,10.0,5.0,5.0,20.0,0,117,1.5606253147125244,0.006773360813848483,,out_of_road
1097,fresh,0,fresh,,,0,0.0,0,0,0,0,0,10.0,5.0,5.0,20.0,0,111,1.187936782836914,0.09661928873072874,,out_of_road
1098,fresh,0,fresh,,,0,0.0,0,0,0,0,0,10.0,5.0,5.0,20.0,0,56,0.2571502923965454,0.015619181994614857,,out_of_road
1099,fresh,0,fresh,,,0,0.0,0,0,0,0,0,10.0,5.0,5.0,20.0,0,49,0.08427467942237854,0.025340445187627052,,out_of_road
1100,fresh,0,fresh,,,0,0.0,0,0,0,0,0,10.0,5.0,5.0,20.0,0,1000,1.657422423362732,0.002246907111257315,,max_step
1101,fresh,0,fresh,,,0,0.0,0,0,0,0,0,10.0,5.0,5.0,20.0,0,248,6.247555732727051,0.03587896106839781,,out_of_road
1102,fresh,0,fresh,,,0,0.0,0,0,0,0,0,10.0,5.0,5.0,20.0,0,268,6.679184436798096,0.0367987429368685,,out_of_road
1103,fresh,0,fresh,,,0,0.0,0,0,0,0,0,10.0,5.0,5.0,20.0,0,263,6.353019714355469,0.09672652949497614,,arrive_dest
1104,fresh,0,fresh,,,0,0.0,0,0,0,0,0,10.0,5.0,5.0,20.0,0,427,10.593023300170898,0.06963451225005213,,arrive_dest
1105,fresh,0,fresh,,,0,0.0,0,0,0,0,0,10.0,5.0,5.0,20.0,0,61,0.41636210680007935,0.004963344436322079,,out_of_road
1106,fresh,0,fresh,,,0,0.0,0,0,0,0,0,10.0,5.0,5.0,20.0,0,1000,10.647128105163574,0.03678133466350846,,max_step
1107,fresh,0,fresh,,,0,0.0,0,0,0,0,0,10.0,5.0,5.0,20.0,0,41,0.012775838375091553,0.01885179194008432,,out_of_road
1108,fresh,0,fresh,,,0,0.0,0,0,0,0,0,10.0,5.0,5.0,20.0,0,938,26.414562225341797,0.09568498616140567,,arrive_dest
1109,fresh,0,fresh,,,0,0.0,0,0,0,0,0,10.0,5.0,5.0,20.0,0,685,18.64963150024414,0.11519193483217463,,arrive_dest
1110,fresh,0,fresh,,,0,0.0,0,0,0,0,0,10.0,5.0,5.0,20.0,0,587,13.274103164672852,0.038579384475038905,,arrive_dest
1111,fresh,0,fresh,,,0,0.0,0,0,0,0,0,10.0,5.0,5.0,20.0,0,1000,0.000548963958863169,0.0,,max_step
1112,fresh,0,fresh,,,0,0.0,0,0,0,0,0,10.0,5.0,5.0,20.0,0,417,11.249473571777344,0.0668287003587047,,out_of_road
1113,fresh,0,fresh,,,0,0.0,0,0,0,0,0,10.0,5.0,5.0,20.0,0,790,10.35671615600586,0.046146326904079014,,out_of_road
1114,fresh,0,fresh,,,0,0.0,0,0,0,0,0,10.0,5.0,5.0,20.0,0,2,0.2741696834564209,0.07584571838378906,,arrive_dest
1115,fresh,0,fresh,,,0,0.0,0,0,0,0,0,10.0,5.0,5.0,20.0,0,1000,10.356608390808105,0.030064160235226154,,max_step
1116,fresh,0,fresh,,,0,0.0,0,0,0,0,0,10.0,5.0,5.0,20.0,0,1000,3.4957003593444824,0.008210542890708893,,max_step
1117,fresh,0,fresh,,,0,0.0,0,0,0,0,0,10.0,5.0,5.0,20.0,0,70,0.4218575954437256,0.008939716572474157,,out_of_road
1118,fresh,0,fresh,,,0,0.0,0,0,0,0,0,10.0,5.0,5.0,20.0,0,342,7.28282356262207,0.04037692910741078,,out_of_road
1119,fresh,0,fresh,,,0,0.0,0,0,0,0,0,10.0,5.0,5.0,20.0,0,218,4.543865203857422,0.06516260103805316,,out_of_road
1120,fresh,0,fresh,,,0,0.0,0,0,0,0,0,10.0,5.0,5.0,20.0,0,575,14.757918357849121,0.06419958660905452,,arrive_dest
1121,fresh,0,fresh,,,0,0.0,0,0,0,0,0,10.0,5.0,5.0,20.0,0,139,2.2812411785125732,0.0870282566844881,,out_of_road
1122,fresh,0,fresh,,,0,0.0,0,0,0,0,0,10.0,5.0,5.0,20.0,0,252,6.388571739196777,0.0419514248709357,,out_of_road
1123,fresh,0,fresh,,,0,0.0,0,0,0,0,0,10.0,5.0,5.0,20.0,0,1000,0.0014264165656641126,1.8730026204138993e-06,,max_step
1124,fresh,0,fresh,,,0,0.0,0,0,0,0,0,10.0,5.0,5.0,20.0,0,199,5.452286243438721,0.05407004783295057,,arrive_dest
1125,fresh,0,fresh,,,0,0.0,0,0,0,0,0,10.0,5.0,5.0,20.0,0,796,19.5354061126709,0.07969171431701837,,arrive_dest
1126,fresh,0,fresh,,,0,0.0,0,0,0,0,0,10.0,5.0,5.0,20.0,0,129,2.0096957683563232,0.0076411023245070335,,out_of_road
1127,fresh,0,fresh,,,0,0.0,0,0,0,0,0,10.0,5.0,5.0,20.0,0,240,6.391552925109863,0.05117716023620839,,out_of_road
1128,fresh,0,fresh,,,0,0.0,0,0,0,0,0,10.0,5.0,5.0,20.0,0,2,0.2739758789539337,0.046556174755096436,,arrive_dest
1129,fresh,0,fresh,,,0,0.0,0,0,0,0,0,10.0,5.0,5.0,20.0,0,935,24.775686264038086,0.0774686136009062,,out_of_road
1130,fresh,0,fresh,,,0,0.0,0,0,0,0,0,10.0,5.0,5.0,20.0,0,256,6.202007293701172,0.015372126663351082,,out_of_road
1131,fresh,0,fresh,,,0,0.0,0,0,0,0,0,10.0,5.0,5.0,20.0,0,258,4.896111011505127,0.05338489320923307,,out_of_road
1132,fresh,0,fresh,,,0,0.0,0,0,0,0,0,10.0,5.0,5.0,20.0,0,254,6.574334621429443,0.06502523570042837,,out_of_road
1133,fresh,0,fresh,,,0,0.0,0,0,0,0,0,10.0,5.0,5.0,20.0,0,55,0.42899495363235474,0.005450744283470241,,out_of_road
1134,fresh,0,fresh,,,0,0.0,0,0,0,0,0,10.0,5.0,5.0,20.0,0,981,26.857431411743164,0.11596978448139585,,arrive_dest
1135,fresh,0,fresh,,,0,0.0,0,0,0,0,0,10.0,5.0,5.0,20.0,0,220,3.75467586517334,0.04166269233365628,,out_of_road
1136,fresh,0,fresh,,,0,0.0,0,0,0,0,0,10.0,5.0,5.0,20.0,0,1000,3.9737133979797363,0.01978255284950137,,max_step
1137,fresh,0,fresh,,,0,0.0,0,0,0,0,0,10.0,5.0,5.0,20.0,0,103,1.3841750621795654,0.12802771943648464,,out_of_road
1138,fresh,0,fresh,,,0,0.0,0,0,0,0,0,10.0,5.0,5.0,20.0,0,612,17.606857299804688,0.11784729510134853,,arrive_dest
1139,fresh,0,fresh,,,0,0.0,0,0,0,0,0,10.0,5.0,5.0,20.0,0,340,8.766400337219238,0.07877638434190029,,arrive_dest
1140,fresh,0,fresh,,,0,0.0,0,0,0,0,0,10.0,5.0,5.0,20.0,0,1000,9.288049697875977,0.04547218958940357,,max_step
1141,fresh,0,fresh,,,0,0.0,0,0,0,0,0,10.0,5.0,5.0,20.0,0,382,9.92788028717041,0.07236114927782088,,out_of_road
1142,fresh,0,fresh,,,0,0.0,0,0,0,0,0,10.0,5.0,5.0,20.0,0,299,8.103168487548828,0.07753548716166894,,arrive_dest
1143,fresh,0,fresh,,,0,0.0,0,0,0,0,0,10.0,5.0,5.0,20.0,0,180,3.8014986515045166,0.040563688473775984,,arrive_dest
1144,fresh,0,fresh,,,0,0.0,0,0,0,0,0,10.0,5.0,5.0,20.0,0,826,21.490886688232422,0.0949826672251537,,arrive_dest
1145,fresh,0,fresh,,,0,0.0,0,0,0,0,0,10.0,5.0,5.0,20.0,0,437,11.642073631286621,0.08454520920466299,,out_of_road
1146,fresh,0,fresh,,,0,0.0,0,0,0,0,0,10.0,5.0,5.0,20.0,0,371,9.670660018920898,0.07959917145203849,,arrive_dest
1147,fresh,0,fresh,,,0,0.0,0,0,0,0,0,10.0,5.0,5.0,20.0,0,376,9.464386940002441,0.05931682769330516,,out_of_road
1148,fresh,0,fresh,,,0,0.0,0,0,0,0,0,10.0,5.0,5.0,20.0,0,48,0.0980347990989685,0.0,,out_of_road
1149,fresh,0,fresh,,,0,0.0,0,0,0,0,0,10.0,5.0,5.0,20.0,0,231,6.07541036605835,0.055363535568585774,,out_of_road
1150,fresh,0,fresh,,,0,0.0,0,0,0,0,0,10.0,5.0,5.0,20.0,0,142,1.9372693300247192,0.009115730805820982,,out_of_road
1151,fresh,0,fresh,,,0,0.0,0,0,0,0,0,10.0,5.0,5.0,20.0,0,319,8.784846305847168,0.12026542705720214,,arrive_dest
1152,fresh,0,fresh,,,0,0.0,0,0,0,0,0,10.0,5.0,5.0,20.0,0,420,11.175491333007812,0.07383153285232506,,out_of_road
1153,fresh,0,fresh,,,0,0.0,0,0,0,0,0,10.0,5.0,5.0,20.0,0,406,10.609048843383789,0.12450459981887725,,out_of_road
1154,fresh,0,fresh,,,0,0.0,0,0,0,0,0,10.0,5.0,5.0,20.0,0,247,6.70068883895874,0.06661879405499953,,out_of_road
1155,fresh,0,fresh,,,0,0.0,0,0,0,0,0,10.0,5.0,5.0,20.0,0,271,7.956761360168457,0.10286365601155095,,arrive_dest
1156,fresh,0,fresh,,,0,0.0,0,0,0,0,0,10.0,5.0,5.0,20.0,0,638,15.27314567565918,0.06839448114314049,,arrive_dest
1157,fresh,0,fresh,,,0,0.0,0,0,0,0,0,10.0,5.0,5.0,20.0,0,186,3.2502055168151855,0.017914032455914282,,out_of_road
1158,fresh,0,fresh,,,0,0.0,0,0,0,0,0,10.0,5.0,5.0,20.0,0,508,11.484387397766113,0.047126345735182616,,out_of_road
1159,fresh,0,fresh,,,0,0.0,0,0,0,0,0,10.0,5.0,5.0,20.0,0,738,20.83977699279785,0.1084531088467551,,arrive_dest
1160,fresh,0,fresh,,,0,0.0,0,0,0,0,0,10.0,5.0,5.0,20.0,0,831,22.174036026000977,0.08181880515421237,,arrive_dest
1161,fresh,0,fresh,,,0,0.0,0,0,0,0,0,10.0,5.0,5.0,20.0,0,479,9.627785682678223,0.02247094740995861,,out_of_road
1162,fresh,0,fresh,,,0,0.0,0,0,0,0,0,10.0,5.0,5.0,20.0,0,340,8.329412460327148,0.08040643240160802,,out_of_road
1163,fresh,0,fresh,,,0,0.0,0,0,0,0,0,10.0,5.0,5.0,20.0,0,1000,1.7077475786209106,0.006963040518574416,,max_step
1164,fresh,0,fresh,,,0,0.0,0,0,0,0,0,10.0,5.0,5.0,20.0,0,419,10.036713600158691,0.058469286375192296,,out_of_road
1165,fresh,0,fresh,,,0,0.0,0,0,0,0,0,10.0,5.0,5.0,20.0,0,1000,2.0850462913513184,0.005527236196678132,,max_step
1166,fresh,0,fresh,,,0,0.0,0,0,0,0,0,10.0,5.0,5.0,20.0,0,665,16.79019546508789,0.08961348308642444,,out_of_road
1167,fresh,0,fresh,,,0,0.0,0,0,0,0,0,10.0,5.0,5.0,20.0,0,757,20.12322998046875,0.15457499210717823,,out_of_road
1168,fresh,0,fresh,,,0,0.0,0,0,0,0,0,10.0,5.0,5.0,20.0,0,978,19.981826782226562,0.12084355613084392,,out_of_road
1169,fresh,0,fresh,,,0,0.0,0,0,0,0,0,10.0,5.0,5.0,20.0,0,376,10.022809028625488,0.11407452334768753,,out_of_road
1170,fresh,0,fresh,,,0,0.0,0,0,0,0,0,10.0,5.0,5.0,20.0,0,1000,3.481846332550049,0.004338783778861398,,max_step
1171,fresh,0,fresh,,,0,0.0,0,0,0,0,0,10.0,5.0,5.0,20.0,0,100,1.351364016532898,0.016600159350782632,,out_of_road
1172,fresh,0,fresh,,,0,0.0,0,0,0,0,0,10.0,5.0,5.0,20.0,0,1000,26.108104705810547,0.11865673884679563,,max_step
1173,fresh,0,fresh,,,0,0.0,0,0,0,0,0,10.0,5.0,5.0,20.0,0,29,-0.19271303713321686,0.01691058997450204,,out_of_road
1174,fresh,0,fresh,,,0,0.0,0,0,0,0,0,10.0,5.0,5.0,20.0,0,169,4.796109676361084,0.08218967835226003,,out_of_road
1175,fresh,0,fresh,,,0,0.0,0,0,0,0,0,10.0,5.0,5.0,20.0,0,1000,3.93782377243042,0.014403854369185865,,max_step
1176,fresh,0,fresh,,,0,0.0,0,0,0,0,0,10.0,5.0,5.0,20.0,0,527,15.189764022827148,0.11205501015632956,,out_of_road
1177,fresh,0,fresh,,,0,0.0,0,0,0,0,0,10.0,5.0,5.0,20.0,0,125,1.924289345741272,0.023236208783462643,,out_of_road
1178,fresh,0,fresh,,,0,0.0,0,0,0,0,0,10.0,5.0,5.0,20.0,0,44,0.14179429411888123,0.0,,out_of_road
1179,fresh,0,fresh,,,0,0.0,0,0,0,0,0,10.0,5.0,5.0,20.0,0,770,20.478639602661133,0.0897092540712132,,out_of_road
1180,fresh,0,fresh,,,0,0.0,0,0,0,0,0,10.0,5.0,5.0,20.0,0,1000,9.63494873046875,0.028915591151453555,,max_step
1181,fresh,0,fresh,,,0,0.0,0,0,0,0,0,10.0,5.0,5.0,20.0,0,392,9.640002250671387,0.08092345688159444,,out_of_road
1182,fresh,0,fresh,,,0,0.0,0,0,0,0,0,10.0,5.0,5.0,20.0,0,264,6.290969371795654,0.038140545690883744,,out_of_road
1183,fresh,0,fresh,,,0,0.0,0,0,0,0,0,10.0,5.0,5.0,20.0,0,440,11.648941993713379,0.05526225741513455,,arrive_dest
1184,fresh,0,fresh,,,0,0.0,0,0,0,0,0,10.0,5.0,5.0,20.0,0,594,15.089009284973145,0.11967079356032101,,out_of_road
1185,fresh,0,fresh,,,0,0.0,0,0,0,0,0,10.0,5.0,5.0,20.0,0,130,1.7346909046173096,0.01404469136435252,,out_of_road
1186,fresh,0,fresh,,,0,0.0,0,0,0,0,0,10.0,5.0,5.0,20.0,0,636,15.871201515197754,0.06293275756647945,,out_of_road
1187,fresh,0,fresh,,,0,0.0,0,0,0,0,0,10.0,5.0,5.0,20.0,0,161,4.562772274017334,0.049047545767071085,,arrive_dest
1188,fresh,0,fresh,,,0,0.0,0,0,0,0,0,10.0,5.0,5.0,20.0,0,667,17.595796585083008,0.10320040410017313,,arrive_dest
1189,fresh,0,fresh,,,0,0.0,0,0,0,0,0,10.0,5.0,5.0,20.0,0,62,0.3789813816547394,0.028673932316803163,,out_of_road
1190,fresh,0,fresh,,,0,0.0,0,0,0,0,0,10.0,5.0,5.0,20.0,0,399,10.23360824584961,0.11096861893847995,,out_of_road
1191,fresh,0,fresh,,,0,0.0,0,0,0,0,0,10.0,5.0,5.0,20.0,0,45,0.23200514912605286,0.0,,out_of_road
1192,fresh,0,fresh,,,0,0.0,0,0,0,0,0,10.0,5.0,5.0,20.0,0,315,7.558816432952881,0.040077375820172685,,out_of_road
1193,fresh,0,fresh,,,0,0.0,0,0,0,0,0,10.0,5.0,5.0,20.0,0,1000,5.034271717071533,0.007949221408227458,,max_step
1194,fresh,0,fresh,,,0,0.0,0,0,0,0,0,10.0,5.0,5.0,20.0,0,436,10.173995971679688,0.048767887039853415,,out_of_road
1195,fresh,0,fresh,,,0,0.0,0,0,0,0,0,10.0,5.0,5.0,20.0,0,1000,8.842644691467285,0.04281672649644315,,max_step
1196,fresh,0,fresh,,,0,0.0,0,0,0,0,0,10.0,5.0,5.0,20.0,0,858,23.24380874633789,0.13374050506846524,,arrive_dest
1197,fresh,0,fresh,,,0,0.0,0,0,0,0,0,10.0,5.0,5.0,20.0,0,98,1.058671236038208,0.12733452653094213,,out_of_road
1198,fresh,0,fresh,,,0,0.0,0,0,0,0,0,10.0,5.0,5.0,20.0,0,511,12.642868995666504,0.05007325887949791,,arrive_dest
1199,fresh,0,fresh,,,0,0.0,0,0,0,0,0,10.0,5.0,5.0,20.0,0,1000,2.402574062347412,0.002363191006341367,,max_step
1200,fresh,0,fresh,,,0,0.0,0,0,0,0,0,10.0,5.0,5.0,20.0,0,688,16.310876846313477,0.0666550503023203,,arrive_dest
1201,fresh,0,fresh,,,0,0.0,0,0,0,0,0,10.0,5.0,5.0,20.0,0,354,9.878460884094238,0.08197598734549588,,out_of_road
1202,fresh,0,fresh,,,0,0.0,0,0,0,0,0,10.0,5.0,5.0,20.0,0,118,1.5509305000305176,0.02323660251321429,,out_of_road
1203,fresh,0,fresh,,,0,0.0,0,0,0,0,0,10.0,5.0,5.0,20.0,0,570,15.19389820098877,0.0735743014485036,,arrive_dest
1204,fresh,0,fresh,,,0,0.0,0,0,0,0,0,10.0,5.0,5.0,20.0,0,274,6.498385429382324,0.037552337955860216,,arrive_dest
1205,fresh,0,fresh,,,0,0.0,0,0,0,0,0,10.0,5.0,5.0,20.0,0,492,12.063027381896973,0.07420500587412664,,out_of_road
1206,fresh,0,fresh,,,0,0.0,0,0,0,0,0,10.0,5.0,5.0,20.0,0,474,1.52225661277771,0.005200191432382236,,out_of_road
1207,fresh,0,fresh,,,0,0.0,0,0,0,0,0,10.0,5.0,5.0,20.0,0,258,5.486413478851318,0.0496973612168876,,arrive_dest
1208,fresh,0,fresh,,,0,0.0,0,0,0,0,0,10.0,5.0,5.0,20.0,0,290,7.982761859893799,0.05166059799877734,,arrive_dest
1209,fresh,0,fresh,,,0,0.0,0,0,0,0,0,10.0,5.0,5.0,20.0,0,189,4.703425884246826,0.04017503844098577,,out_of_road
1210,fresh,0,fresh,,,0,0.0,0,0,0,0,0,10.0,5.0,5.0,20.0,0,180,3.3387672901153564,0.023145657914897633,,out_of_road
1211,fresh,0,fresh,,,0,0.0,0,0,0,0,0,10.0,5.0,5.0,20.0,0,1000,0.0004894621670246124,0.0,,max_step
1212,fresh,0,fresh,,,0,0.0,0,0,0,0,0,10.0,5.0,5.0,20.0,0,1000,3.858914375305176,0.018599328839452936,,max_step
1213,fresh,0,fresh,,,0,0.0,0,0,0,0,0,10.0,5.0,5.0,20.0,0,904,22.775386810302734,0.08068575333820376,,arrive_dest
1214,fresh,0,fresh,,,0,0.0,0,0,0,0,0,10.0,5.0,5.0,20.0,0,238,4.224264621734619,0.05839337296236087,,out_of_road
1215,fresh,0,fresh,,,0,0.0,0,0,0,0,0,10.0,5.0,5.0,20.0,0,181,4.62938928604126,0.045296082806963865,,arrive_dest
1216,fresh,0,fresh,,,0,0.0,0,0,0,0,0,10.0,5.0,5.0,20.0,0,318,8.493005752563477,0.11496980576160944,,out_of_road
1217,fresh,0,fresh,,,0,0.0,0,0,0,0,0,10.0,5.0,5.0,20.0,0,80,1.5390117168426514,0.01731782958959229,,arrive_dest
1218,fresh,0,fresh,,,0,0.0,0,0,0,0,0,10.0,5.0,5.0,20.0,0,1000,6.411267280578613,0.015002466023899614,,max_step
1219,fresh,0,fresh,,,0,0.0,0,0,0,0,0,10.0,5.0,5.0,20.0,0,389,9.771917343139648,0.0968027284786651,,arrive_dest
1220,fresh,0,fresh,,,0,0.0,0,0,0,0,0,10.0,5.0,5.0,20.0,0,319,8.573465347290039,0.07449110371402251,,out_of_road
1221,fresh,0,fresh,,,0,0.0,0,0,0,0,0,10.0,5.0,5.0,20.0,0,329,8.404569625854492,0.09715834153178474,,out_of_road
1222,fresh,0,fresh,,,0,0.0,0,0,0,0,0,10.0,5.0,5.0,20.0,0,71,1.2522051334381104,0.008075302781563409,,arrive_dest
1223,fresh,0,fresh,,,0,0.0,0,0,0,0,0,10.0,5.0,5.0,20.0,0,705,18.834049224853516,0.0904842704689751,,arrive_dest
1224,fresh,0,fresh,,,0,0.0,0,0,0,0,0,10.0,5.0,5.0,20.0,0,584,14.645281791687012,0.13838344872833472,,arrive_dest
1225,fresh,0,fresh,,,0,0.0,0,0,0,0,0,10.0,5.0,5.0,20.0,0,250,4.869162082672119,0.03180950092198327,,out_of_road
1226,fresh,0,fresh,,,0,0.0,0,0,0,0,0,10.0,5.0,5.0,20.0,0,514,13.853848457336426,0.12317450625793863,,arrive_dest
1227,fresh,0,fresh,,,0,0.0,0,0,0,0,0,10.0,5.0,5.0,20.0,0,1000,6.304771423339844,0.01678576693334617,,max_step
1228,fresh,0,fresh,,,0,0.0,0,0,0,0,0,10.0,5.0,5.0,20.0,0,61,0.35705530643463135,0.027005977440075796,,out_of_road
1229,fresh,0,fresh,,,0,0.0,0,0,0,0,0,10.0,5.0,5.0,20.0,0,104,1.2765284776687622,0.1036513129947707,,out_of_road
1230,fresh,0,fresh,,,0,0.0,0,0,0,0,0,10.0,5.0,5.0,20.0,0,700,19.792062759399414,0.16202697551277068,,out_of_road
1231,fresh,0,fresh,,,0,0.0,0,0,0,0,0,10.0,5.0,5.0,20.0,0,449,11.180684089660645,0.1389218638806639,,out_of_road
1232,fresh,0,fresh,,,0,0.0,0,0,0,0,0,10.0,5.0,5.0,20.0,0,290,5.301904678344727,0.020347470801387883,,arrive_dest
1233,fresh,0,fresh,,,0,0.0,0,0,0,0,0,10.0,5.0,5.0,20.0,0,970,26.040332794189453,0.0870150525631748,,arrive_dest
1234,fresh,0,fresh,,,0,0.0,0,0,0,0,0,10.0,5.0,5.0,20.0,0,323,7.809716701507568,0.06060005406252233,,arrive_dest
1235,fresh,0,fresh,,,0,0.0,0,0,0,0,0,10.0,5.0,5.0,20.0,0,43,0.6128605604171753,0.032143416099770124,,arrive_dest
1236,fresh,0,fresh,,,0,0.0,0,0,0,0,0,10.0,5.0,5.0,20.0,0,146,2.3103342056274414,0.00255100944953371,,out_of_road
1237,fresh,0,fresh,,,0,0.0,0,0,0,0,0,10.0,5.0,5.0,20.0,0,1000,10.310310363769531,0.030317449853289873,,max_step
1238,fresh,0,fresh,,,0,0.0,0,0,0,0,0,10.0,5.0,5.0,20.0,0,698,18.459718704223633,0.11267685517268441,,out_of_road
1239,fresh,0,fresh,,,0,0.0,0,0,0,0,0,10.0,5.0,5.0,20.0,0,305,6.851560115814209,0.04335534223126339,,out_of_road
1240,fresh,0,fresh,,,0,0.0,0,0,0,0,0,10.0,5.0,5.0,20.0,0,53,0.14219215512275696,0.04243906334323703,,out_of_road
1241,fresh,0,fresh,,,0,0.0,0,0,0,0,0,10.0,5.0,5.0,20.0,0,1000,1.8976763486862183,0.005964809589320794,,max_step
1242,fresh,0,fresh,,,0,0.0,0,0,0,0,0,10.0,5.0,5.0,20.0,0,226,3.93048095703125,0.04337142107686836,,out_of_road
1243,fresh,0,fresh,,,0,0.0,0,0,0,0,0,10.0,5.0,5.0,20.0,0,340,7.661874294281006,0.04932798464809928,,out_of_road
1244,fresh,0,fresh,,,0,0.0,0,0,0,0,0,10.0,5.0,5.0,20.0,0,276,5.313760757446289,0.0283321055273215,,out_of_road
1245,fresh,0,fresh,,,0,0.0,0,0,0,0,0,10.0,5.0,5.0,20.0,0,502,13.236598014831543,0.06647607198646441,,arrive_dest
1246,fresh,0,fresh,,,0,0.0,0,0,0,0,0,10.0,5.0,5.0,20.0,0,501,13.637551307678223,0.08923220302363088,,arrive_dest
1247,fresh,0,fresh,,,0,0.0,0,0,0,0,0,10.0,5.0,5.0,20.0,0,1000,11.284764289855957,0.06175601739692502,,max_step
1248,fresh,0,fresh,,,0,0.0,0,0,0,0,0,10.0,5.0,5.0,20.0,0,363,9.231514930725098,0.054424423378373984,,out_of_road
1249,fresh,0,fresh,,,0,0.0,0,0,0,0,0,10.0,5.0,5.0,20.0,0,1000,10.384429931640625,0.03241614962398307,,max_step
1250,fresh,0,fresh,,,0,0.0,0,0,0,0,0,10.0,5.0,5.0,20.0,0,1000,1.6189879179000854,0.0036267210710793736,,max_step
1251,fresh,0,fresh,,,0,0.0,0,0,0,0,0,10.0,5.0,5.0,20.0,0,1000,9.00992202758789,0.03574622598662972,,max_step
1252,fresh,0,fresh,,,0,0.0,0,0,0,0,0,10.0,5.0,5.0,20.0,0,1000,9.661274909973145,0.02616598645586055,,max_step
1253,fresh,0,fresh,,,0,0.0,0,0,0,0,0,10.0,5.0,5.0,20.0,0,538,13.492527961730957,0.12516266583693542,,out_of_road
1254,fresh,0,fresh,,,0,0.0,0,0,0,0,0,10.0,5.0,5.0,20.0,0,246,2.897442579269409,0.040271401223612995,,out_of_road
1255,fresh,0,fresh,,,0,0.0,0,0,0,0,0,10.0,5.0,5.0,20.0,0,650,15.142195701599121,0.07082324251854935,,out_of_road
1256,fresh,0,fresh,,,0,0.0,0,0,0,0,0,10.0,5.0,5.0,20.0,0,119,1.6923096179962158,0.06214338556683364,,out_of_road
1257,fresh,0,fresh,,,0,0.0,0,0,0,0,0,10.0,5.0,5.0,20.0,0,125,1.7032816410064697,0.0044058443307876585,,out_of_road
1258,fresh,0,fresh,,,0,0.0,0,0,0,0,0,10.0,5.0,5.0,20.0,0,870,22.476102828979492,0.09640782884182944,,arrive_dest
1259,fresh,0,fresh,,,0,0.0,0,0,0,0,0,10.0,5.0,5.0,20.0,0,944,-0.14919941127300262,0.06769163488268347,,out_of_road
1260,fresh,0,fresh,,,0,0.0,0,0,0,0,0,10.0,5.0,5.0,20.0,0,1000,19.47294807434082,0.08982797981984914,,max_step
1261,fresh,0,fresh,,,0,0.0,0,0,0,0,0,10.0,5.0,5.0,20.0,0,223,5.904463768005371,0.06280130674047688,,out_of_road
1262,fresh,0,fresh,,,0,0.0,0,0,0,0,0,10.0,5.0,5.0,20.0,0,573,16.22403907775879,0.09243238666281754,,arrive_dest
1263,fresh,0,fresh,,,0,0.0,0,0,0,0,0,10.0,5.0,5.0,20.0,0,175,2.4177541732788086,0.034393558789576804,,out_of_road
1264,fresh,0,fresh,,,0,0.0,0,0,0,0,0,10.0,5.0,5.0,20.0,0,350,7.908431053161621,0.03819848208555154,,out_of_road
1265,fresh,0,fresh,,,0,0.0,0,0,0,0,0,10.0,5.0,5.0,20.0,0,1000,9.767885208129883,0.021620177782227985,,max_step
1266,fresh,0,fresh,,,0,0.0,0,0,0,0,0,10.0,5.0,5.0,20.0,0,692,17.67862319946289,0.10394225466620942,,out_of_road
1267,fresh,0,fresh,,,0,0.0,0,0,0,0,0,10.0,5.0,5.0,20.0,0,92,1.3388557434082031,0.13089487055802476,,out_of_road
1268,fresh,0,fresh,,,0,0.0,0,0,0,0,0,10.0,5.0,5.0,20.0,0,336,8.306302070617676,0.09919338152048156,,out_of_road
1269,fresh,0,fresh,,,0,0.0,0,0,0,0,0,10.0,5.0,5.0,20.0,0,733,17.389087677001953,0.05375432263390195,,arrive_dest
1270,fresh,0,fresh,,,0,0.0,0,0,0,0,0,10.0,5.0,5.0,20.0,0,1000,2.2836802005767822,0.0025280906824045814,,max_step
1271,fresh,0,fresh,,,0,0.0,0,0,0,0,0,10.0,5.0,5.0,20.0,0,654,17.624788284301758,0.11792928419810711,,arrive_dest
1272,fresh,0,fresh,,,0,0.0,0,0,0,0,0,10.0,5.0,5.0,20.0,0,215,6.089776039123535,0.049572859474912634,,out_of_road
1273,fresh,0,fresh,,,0,0.0,0,0,0,0,0,10.0,5.0,5.0,20.0,0,1000,0.3601129651069641,0.0021102611803798937,,max_step
1274,fresh,0,fresh,,,0,0.0,0,0,0,0,0,10.0,5.0,5.0,20.0,0,69,0.4045972228050232,0.009144779510688091,,out_of_road
1275,fresh,0,fresh,,,0,0.0,0,0,0,0,0,10.0,5.0,5.0,20.0,0,885,22.80635643005371,0.08790630390880745,,arrive_dest
1276,fresh,0,fresh,,,0,0.0,0,0,0,0,0,10.0,5.0,5.0,20.0,0,581,12.499032020568848,0.04275435456852212,,arrive_dest
1277,fresh,0,fresh,,,0,0.0,0,0,0,0,0,10.0,5.0,5.0,20.0,0,77,1.6254656314849854,0.02141909877007658,,arrive_dest
1278,fresh,0,fresh,,,0,0.0,0,0,0,0,0,10.0,5.0,5.0,20.0,0,126,1.7893542051315308,0.06044014697037046,,out_of_road
1279,fresh,0,fresh,,,0,0.0,0,0,0,0,0,10.0,5.0,5.0,20.0,0,1000,1.8908847570419312,0.003450326672682422,,max_step
1280,fresh,0,fresh,,,0,0.0,0,0,0,0,0,10.0,5.0,5.0,20.0,0,497,11.891987800598145,0.06275902768190374,,arrive_dest
1281,fresh,0,fresh,,,0,0.0,0,0,0,0,0,10.0,5.0,5.0,20.0,0,301,8.76664924621582,0.0880316758924396,,arrive_dest
1282,fresh,0,fresh,,,0,0.0,0,0,0,0,0,10.0,5.0,5.0,20.0,0,356,9.051265716552734,0.06197533055648124,,arrive_dest
1283,fresh,0,fresh,,,0,0.0,0,0,0,0,0,10.0,5.0,5.0,20.0,0,189,2.5538597106933594,0.06183501454957184,,out_of_road
1284,fresh,0,fresh,,,0,0.0,0,0,0,0,0,10.0,5.0,5.0,20.0,0,713,19.453657150268555,0.12742131271858034,,out_of_road
1285,fresh,0,fresh,,,0,0.0,0,0,0,0,0,10.0,5.0,5.0,20.0,0,292,5.400801658630371,0.04229158746263599,,out_of_road
1286,fresh,0,fresh,,,0,0.0,0,0,0,0,0,10.0,5.0,5.0,20.0,0,674,17.11117935180664,0.05295512381697886,,arrive_dest
1287,fresh,0,fresh,,,0,0.0,0,0,0,0,0,10.0,5.0,5.0,20.0,0,637,15.300332069396973,0.05416207603183305,,out_of_road
1288,fresh,0,fresh,,,0,0.0,0,0,0,0,0,10.0,5.0,5.0,20.0,0,249,4.609087944030762,0.07678575694456277,,out_of_road
1289,fresh,0,fresh,,,0,0.0,0,0,0,0,0,10.0,5.0,5.0,20.0,0,625,15.204899787902832,0.05702955412901938,,arrive_dest
1290,fresh,0,fresh,,,0,0.0,0,0,0,0,0,10.0,5.0,5.0,20.0,0,426,10.301284790039062,0.05576639801390609,,out_of_road
1291,fresh,0,fresh,,,0,0.0,0,0,0,0,0,10.0,5.0,5.0,20.0,0,135,1.8069044351577759,0.0066606905104385486,,out_of_road
1292,fresh,0,fresh,,,0,0.0,0,0,0,0,0,10.0,5.0,5.0,20.0,0,425,8.092227935791016,0.053977129241342056,,out_of_road
1293,fresh,0,fresh,,,0,0.0,0,0,0,0,0,10.0,5.0,5.0,20.0,0,144,1.9666545391082764,0.013815711017943814,,out_of_road
1294,fresh,0,fresh,,,0,0.0,0,0,0,0,0,10.0,5.0,5.0,20.0,0,481,12.171144485473633,0.0965790277281137,,out_of_road
1295,fresh,0,fresh,,,0,0.0,0,0,0,0,0,10.0,5.0,5.0,20.0,0,1000,4.6147284507751465,0.008346662893658504,,max_step
1296,fresh,0,fresh,,,0,0.0,0,0,0,0,0,10.0,5.0,5.0,20.0,0,308,8.30283260345459,0.13681643598338034,,out_of_road
1297,fresh,0,fresh,,,0,0.0,0,0,0,0,0,10.0,5.0,5.0,20.0,0,1000,9.84063720703125,0.029777476287446918,,max_step
1298,fresh,0,fresh,,,0,0.0,0,0,0,0,0,10.0,5.0,5.0,20.0,0,127,1.7643126249313354,0.02351542465447441,,out_of_road
1299,fresh,0,fresh,,,0,0.0,0,0,0,0,0,10.0,5.0,5.0,20.0,0,1000,10.093228340148926,0.0348880013206508,,max_step
1300,fresh,0,fresh,,,0,0.0,0,0,0,0,0,10.0,5.0,5.0,20.0,0,375,10.349322319030762,0.10552165969166284,,arrive_dest
1301,fresh,0,fresh,,,0,0.0,0,0,0,0,0,10.0,5.0,5.0,20.0,0,1000,1.8627450466156006,0.002601311981037725,,max_step
1302,fresh,0,fresh,,,0,0.0,0,0,0,0,0,10.0,5.0,5.0,20.0,0,377,9.885931015014648,0.13072460641298908,,out_of_road
1303,fresh,0,fresh,,,0,0.0,0,0,0,0,0,10.0,5.0,5.0,20.0,0,640,16.123573303222656,0.08574019981570018,,out_of_road
1304,fresh,0,fresh,,,0,0.0,0,0,0,0,0,10.0,5.0,5.0,20.0,0,217,5.884141445159912,0.05517028458845643,,out_of_road
1305,fresh,0,fresh,,,0,0.0,0,0,0,0,0,10.0,5.0,5.0,20.0,0,421,8.751930236816406,0.054802263520034186,,out_of_road
1306,fresh,0,fresh,,,0,0.0,0,0,0,0,0,10.0,5.0,5.0,20.0,0,190,4.497601509094238,0.07312871209394775,,out_of_road
1307,fresh,0,fresh,,,0,0.0,0,0,0,0,0,10.0,5.0,5.0,20.0,0,1000,8.09995174407959,0.02191500937116507,,max_step
1308,fresh,0,fresh,,,0,0.0,0,0,0,0,0,10.0,5.0,5.0,20.0,0,1000,0.00048248731764033437,0.0004550912082195282,,max_step
1309,fresh,0,fresh,,,0,0.0,0,0,0,0,0,10.0,5.0,5.0,20.0,0,156,2.7276127338409424,0.04423465677656424,,arrive_dest
1310,fresh,0,fresh,,,0,0.0,0,0,0,0,0,10.0,5.0,5.0,20.0,0,67,0.40735170245170593,0.011420687827378956,,out_of_road
1311,fresh,0,fresh,,,0,0.0,0,0,0,0,0,10.0,5.0,5.0,20.0,0,861,25.082319259643555,0.11047726440185013,,arrive_dest
1312,fresh,0,fresh,,,0,0.0,0,0,0,0,0,10.0,5.0,5.0,20.0,0,498,13.667609214782715,0.10273197921082737,,out_of_road
1313,fresh,0,fresh,,,0,0.0,0,0,0,0,0,10.0,5.0,5.0,20.0,0,420,10.134581565856934,0.09856099665187122,,arrive_dest
1314,fresh,0,fresh,,,0,0.0,0,0,0,0,0,10.0,5.0,5.0,20.0,0,596,14.860115051269531,0.08516511098433273,,arrive_dest
1315,fresh,0,fresh,,,0,0.0,0,0,0,0,0,10.0,5.0,5.0,20.0,0,1000,3.801070213317871,0.016391399581450968,,max_step
1316,fresh,0,fresh,,,0,0.0,0,0,0,0,0,10.0,5.0,5.0,20.0,0,593,15.00638484954834,0.0819027047811632,,out_of_road
1317,fresh,0,fresh,,,0,0.0,0,0,0,0,0,10.0,5.0,5.0,20.0,0,1000,19.8509464263916,0.11748420190671459,,max_step
1318,fresh,0,fresh,,,0,0.0,0,0,0,0,0,10.0,5.0,5.0,20.0,0,184,4.291292190551758,0.02958669643545442,,out_of_road
1319,fresh,0,fresh,,,0,0.0,0,0,0,0,0,10.0,5.0,5.0,20.0,0,288,8.216176986694336,0.1221184986255442,,arrive_dest
1320,fresh,0,fresh,,,0,0.0,0,0,0,0,0,10.0,5.0,5.0,20.0,0,34,0.5732832551002502,0.02598752694971421,,arrive_dest
1321,fresh,0,fresh,,,0,0.0,0,0,0,0,0,10.0,5.0,5.0,20.0,0,208,5.811089515686035,0.03912904079054268,,out_of_road
1322,fresh,0,fresh,,,0,0.0,0,0,0,0,0,10.0,5.0,5.0,20.0,0,356,9.562308311462402,0.05083155589704035,,out_of_road
1323,fresh,0,fresh,,,0,0.0,0,0,0,0,0,10.0,5.0,5.0,20.0,0,772,19.938873291015625,0.07323428633420154,,out_of_road
1324,fresh,0,fresh,,,0,0.0,0,0,0,0,0,10.0,5.0,5.0,20.0,0,225,6.1821064949035645,0.046213679822782676,,out_of_road
1325,fresh,0,fresh,,,0,0.0,0,0,0,0,0,10.0,5.0,5.0,20.0,0,1000,0.5364924073219299,0.0010279517110902815,,max_step
1326,fresh,0,fresh,,,0,0.0,0,0,0,0,0,10.0,5.0,5.0,20.0,0,544,12.776692390441895,0.06748316521920703,,arrive_dest
1327,fresh,0,fresh,,,0,0.0,0,0,0,0,0,10.0,5.0,5.0,20.0,0,177,4.730683326721191,0.05326078968953952,,out_of_road
1328,fresh,0,fresh,,,0,0.0,0,0,0,0,0,10.0,5.0,5.0,20.0,0,952,27.6301212310791,0.1467063233920103,,arrive_dest
1329,fresh,0,fresh,,,0,0.0,0,0,0,0,0,10.0,5.0,5.0,20.0,0,99,1.5742769241333008,0.009481209697145405,,out_of_road
1330,fresh,0,fresh,,,0,0.0,0,0,0,0,0,10.0,5.0,5.0,20.0,0,704,14.417112350463867,0.04386410363853925,,out_of_road
1331,fresh,0,fresh,,,0,0.0,0,0,0,0,0,10.0,5.0,5.0,20.0,0,1000,9.43647289276123,0.030127157661947422,,max_step
1332,fresh,0,fresh,,,0,0.0,0,0,0,0,0,10.0,5.0,5.0,20.0,0,1000,4.572239875793457,0.004769735950510949,,max_step
1333,fresh,0,fresh,,,0,0.0,0,0,0,0,0,10.0,5.0,5.0,20.0,0,265,7.912897109985352,0.09294374404158795,,arrive_dest
1334,fresh,0,fresh,,,0,0.0,0,0,0,0,0,10.0,5.0,5.0,20.0,0,107,1.8356770277023315,0.03908472142626192,,out_of_road
1335,fresh,0,fresh,,,0,0.0,0,0,0,0,0,10.0,5.0,5.0,20.0,0,275,7.269082069396973,0.08120970218019052,,out_of_road
1336,fresh,0,fresh,,,0,0.0,0,0,0,0,0,10.0,5.0,5.0,20.0,0,110,1.75682532787323,0.028831783783706752,,out_of_road
1337,fresh,0,fresh,,,0,0.0,0,0,0,0,0,10.0,5.0,5.0,20.0,0,226,5.538084983825684,0.054845059898360506,,out_of_road
1338,fresh,0,fresh,,,0,0.0,0,0,0,0,0,10.0,5.0,5.0,20.0,0,345,8.105010986328125,0.0652815486398944,,out_of_road
1339,fresh,0,fresh,,,0,0.0,0,0,0,0,0,10.0,5.0,5.0,20.0,0,570,15.617095947265625,0.09379981293653449,,arrive_dest
1340,fresh,0,fresh,,,0,0.0,0,0,0,0,0,10.0,5.0,5.0,20.0,0,228,5.35340690612793,0.04263180737146748,,out_of_road
1341,fresh,0,fresh,,,0,0.0,0,0,0,0,0,10.0,5.0,5.0,20.0,0,1000,1.8764665126800537,0.0028520573880523445,,max_step
1342,fresh,0,fresh,,,0,0.0,0,0,0,0,0,10.0,5.0,5.0,20.0,0,417,11.687162399291992,0.08299381071053963,,arrive_dest
1343,fresh,0,fresh,,,0,0.0,0,0,0,0,0,10.0,5.0,5.0,20.0,0,96,1.504043459892273,0.02232322432488824,,out_of_road
1344,fresh,0,fresh,,,0,0.0,0,0,0,0,0,10.0,5.0,5.0,20.0,0,217,0.3724737763404846,0.009156381737114647,,out_of_road
1345,fresh,0,fresh,,,0,0.0,0,0,0,0,0,10.0,5.0,5.0,20.0,0,222,5.866696357727051,0.0686059378188204,,out_of_road
1346,fresh,0,fresh,,,0,0.0,0,0,0,0,0,10.0,5.0,5.0,20.0,0,333,9.114048957824707,0.10966681393126289,,out_of_road
1347,fresh,0,fresh,,,0,0.0,0,0,0,0,0,10.0,5.0,5.0,20.0,0,375,10.473869323730469,0.08024962653592228,,arrive_dest
1348,fresh,0,fresh,,,0,0.0,0,0,0,0,0,10.0,5.0,5.0,20.0,0,272,7.170854568481445,0.10240731705733411,,out_of_road
1349,fresh,0,fresh,,,0,0.0,0,0,0,0,0,10.0,5.0,5.0,20.0,0,194,5.008779048919678,0.0727171701566345,,out_of_road
1350,fresh,0,fresh,,,0,0.0,0,0,0,0,0,10.0,5.0,5.0,20.0,0,228,7.050243377685547,0.12445605091195096,,arrive_dest
1351,fresh,0,fresh,,,0,0.0,0,0,0,0,0,10.0,5.0,5.0,20.0,0,1000,6.753097057342529,0.02208853467251174,,max_step
1352,fresh,0,fresh,,,0,0.0,0,0,0,0,0,10.0,5.0,5.0,20.0,0,1000,1.4941364526748657,0.0021828993433155117,,max_step
1353,fresh,0,fresh,,,0,0.0,0,0,0,0,0,10.0,5.0,5.0,20.0,0,394,10.308450698852539,0.14597930667241138,,out_of_road
1354,fresh,0,fresh,,,0,0.0,0,0,0,0,0,10.0,5.0,5.0,20.0,0,535,13.856134414672852,0.09060804522922698,,arrive_dest
1355,fresh,0,fresh,,,0,0.0,0,0,0,0,0,10.0,5.0,5.0,20.0,0,417,11.827201843261719,0.08295700504897917,,arrive_dest
1356,fresh,0,fresh,,,0,0.0,0,0,0,0,0,10.0,5.0,5.0,20.0,0,212,5.903994560241699,0.07182030164513667,,out_of_road
1357,fresh,0,fresh,,,0,0.0,0,0,0,0,0,10.0,5.0,5.0,20.0,0,720,21.65189552307129,0.13565222937646063,,arrive_dest
1358,fresh,0,fresh,,,0,0.0,0,0,0,0,0,10.0,5.0,5.0,20.0,0,316,6.561861515045166,0.04586599448907979,,out_of_road
1359,fresh,0,fresh,,,0,0.0,0,0,0,0,0,10.0,5.0,5.0,20.0,0,218,7.016680717468262,0.12151529038444571,,arrive_dest
1360,fresh,0,fresh,,,0,0.0,0,0,0,0,0,10.0,5.0,5.0,20.0,0,1000,1.7597012519836426,0.001724333427613601,,max_step
1361,fresh,0,fresh,,,0,0.0,0,0,0,0,0,10.0,5.0,5.0,20.0,0,1000,3.6097514629364014,0.00450878606014885,,max_step
1362,fresh,0,fresh,,,0,0.0,0,0,0,0,0,10.0,5.0,5.0,20.0,0,113,2.2993600368499756,0.08032898248000218,,arrive_dest
1363,fresh,0,fresh,,,0,0.0,0,0,0,0,0,10.0,5.0,5.0,20.0,0,524,9.467097282409668,0.06461338215073897,,out_of_road
1364,fresh,0,fresh,,,0,0.0,0,0,0,0,0,10.0,5.0,5.0,20.0,0,1000,11.501602172851562,0.035046804372221234,,max_step
1365,fresh,0,fresh,,,0,0.0,0,0,0,0,0,10.0,5.0,5.0,20.0,0,390,10.388684272766113,0.1259259716165849,,arrive_dest
1366,fresh,0,fresh,,,0,0.0,0,0,0,0,0,10.0,5.0,5.0,20.0,0,225,5.603790283203125,0.097383506451216,,arrive_dest
1367,fresh,0,fresh,,,0,0.0,0,0,0,0,0,10.0,5.0,5.0,20.0,0,201,4.513632774353027,0.043152790827055774,,arrive_dest
1368,fresh,0,fresh,,,0,0.0,0,0,0,0,0,10.0,5.0,5.0,20.0,0,254,5.211374282836914,0.022814569356814612,,out_of_road
1369,fresh,0,fresh,,,0,0.0,0,0,0,0,0,10.0,5.0,5.0,20.0,0,541,15.73757553100586,0.08919822927710709,,arrive_dest
1370,fresh,0,fresh,,,0,0.0,0,0,0,0,0,10.0,5.0,5.0,20.0,0,28,-0.16053864359855652,0.011579375181879317,,out_of_road
1371,fresh,0,fresh,,,0,0.0,0,0,0,0,0,10.0,5.0,5.0,20.0,0,1000,0.5289603471755981,0.0014325329626881285,,max_step
1372,fresh,0,fresh,,,0,0.0,0,0,0,0,0,10.0,5.0,5.0,20.0,0,156,3.336458444595337,0.060100505200143046,,out_of_road
1373,fresh,0,fresh,,,0,0.0,0,0,0,0,0,10.0,5.0,5.0,20.0,0,496,14.426592826843262,0.09442100753644368,,arrive_dest
1374,fresh,0,fresh,,,0,0.0,0,0,0,0,0,10.0,5.0,5.0,20.0,0,286,8.231302261352539,0.12112816089562342,,out_of_road
1375,fresh,0,fresh,,,0,0.0,0,0,0,0,0,10.0,5.0,5.0,20.0,0,136,2.857689142227173,0.026229220373994288,,out_of_road
1376,fresh,0,fresh,,,0,0.0,0,0,0,0,0,10.0,5.0,5.0,20.0,0,230,4.358752250671387,0.02864360457346977,,arrive_dest
1377,fresh,0,fresh,,,0,0.0,0,0,0,0,0,10.0,5.0,5.0,20.0,0,715,21.257308959960938,0.14138128120400065,,arrive_dest
1378,fresh,0,fresh,,,0,0.0,0,0,0,0,0,10.0,5.0,5.0,20.0,0,113,1.7668328285217285,0.013181463765821098,,out_of_road
1379,fresh,0,fresh,,,0,0.0,0,0,0,0,0,10.0,5.0,5.0,20.0,0,21,-0.15864598751068115,0.009142594678061349,,out_of_road
1380,fresh,0,fresh,,,0,0.0,0,0,0,0,0,10.0,5.0,5.0,20.0,0,1000,3.0297811031341553,0.009820139297691639,,max_step
1381,fresh,0,fresh,,,0,0.0,0,0,0,0,0,10.0,5.0,5.0,20.0,0,310,7.544443130493164,0.06321341431429309,,out_of_road
1382,fresh,0,fresh,,,0,0.0,0,0,0,0,0,10.0,5.0,5.0,20.0,0,119,2.040414333343506,0.01732141977692602,,out_of_road
1383,fresh,0,fresh,,,0,0.0,0,0,0,0,0,10.0,5.0,5.0,20.0,0,706,16.79738426208496,0.13555676020082796,,out_of_road
1384,fresh,0,fresh,,,0,0.0,0,0,0,0,0,10.0,5.0,5.0,20.0,0,70,1.3515673875808716,0.056789446675351685,,arrive_dest
1385,fresh,0,fresh,,,0,0.0,0,0,0,0,0,10.0,5.0,5.0,20.0,0,229,5.024356842041016,0.04521892941963562,,out_of_road
1386,fresh,0,fresh,,,0,0.0,0,0,0,0,0,10.0,5.0,5.0,20.0,0,504,12.650476455688477,0.09678287522512533,,arrive_dest
1387,fresh,0,fresh,,,0,0.0,0,0,0,0,0,10.0,5.0,5.0,20.0,0,1000,0.0004782697360496968,0.0,,max_step
1388,fresh,0,fresh,,,0,0.0,0,0,0,0,0,10.0,5.0,5.0,20.0,0,23,-0.16401320695877075,0.00022119024525518003,,out_of_road
1389,fresh,0,fresh,,,0,0.0,0,0,0,0,0,10.0,5.0,5.0,20.0,0,369,10.007299423217773,0.08794920889251842,,out_of_road
1390,fresh,0,fresh,,,0,0.0,0,0,0,0,0,10.0,5.0,5.0,20.0,0,98,1.9346140623092651,0.05641901371430377,,arrive_dest
1391,fresh,0,fresh,,,0,0.0,0,0,0,0,0,10.0,5.0,5.0,20.0,0,119,2.257850170135498,0.0681879160957051,,arrive_dest
1392,fresh,0,fresh,,,0,0.0,0,0,0,0,0,10.0,5.0,5.0,20.0,0,580,14.462214469909668,0.07996010676082545,,out_of_road
1393,fresh,0,fresh,,,0,0.0,0,0,0,0,0,10.0,5.0,5.0,20.0,0,1000,8.459253311157227,0.024523965570842847,,max_step
1394,fresh,0,fresh,,,0,0.0,0,0,0,0,0,10.0,5.0,5.0,20.0,0,319,7.916733741760254,0.06342973863285584,,out_of_road
1395,fresh,0,fresh,,,0,0.0,0,0,0,0,0,10.0,5.0,5.0,20.0,0,319,7.911532402038574,0.06291416800087522,,out_of_road
1396,fresh,0,fresh,,,0,0.0,0,0,0,0,0,10.0,5.0,5.0,20.0,0,1000,0.001427383511327207,0.0,,max_step
1397,fresh,0,fresh,,,0,0.0,0,0,0,0,0,10.0,5.0,5.0,20.0,0,951,24.189489364624023,0.11791678495018633,,arrive_dest
1398,fresh,0,fresh,,,0,0.0,0,0,0,0,0,10.0,5.0,5.0,20.0,0,496,13.473711013793945,0.13347916553104897,,arrive_dest
1399,fresh,0,fresh,,,0,0.0,0,0,0,0,0,10.0,5.0,5.0,20.0,0,582,14.80174446105957,0.10979095087394669,,out_of_road
1400,fresh,0,fresh,,,0,0.0,0,0,0,0,0,10.0,5.0,5.0,20.0,0,643,1.629582166671753,0.004339848190957382,,out_of_road
1401,fresh,0,fresh,,,0,0.0,0,0,0,0,0,10.0,5.0,5.0,20.0,0,117,3.1234383583068848,0.027044616683394227,,arrive_dest
1402,fresh,0,fresh,,,0,0.0,0,0,0,0,0,10.0,5.0,5.0,20.0,0,579,14.774835586547852,0.0800727935711369,,arrive_dest
1403,fresh,0,fresh,,,0,0.0,0,0,0,0,0,10.0,5.0,5.0,20.0,0,703,19.336782455444336,0.09188540830527953,,arrive_dest
1404,fresh,0,fresh,,,0,0.0,0,0,0,0,0,10.0,5.0,5.0,20.0,0,525,15.482209205627441,0.13340815095319633,,out_of_road
1405,fresh,0,fresh,,,0,0.0,0,0,0,0,0,10.0,5.0,5.0,20.0,0,740,9.355416297912598,0.03267490002039562,,out_of_road
1406,fresh,0,fresh,,,0,0.0,0,0,0,0,0,10.0,5.0,5.0,20.0,0,454,11.74644947052002,0.0726516184823727,,arrive_dest
1407,fresh,0,fresh,,,0,0.0,0,0,0,0,0,10.0,5.0,5.0,20.0,0,364,9.155783653259277,0.12566757793947644,,out_of_road
1408,fresh,0,fresh,,,0,0.0,0,0,0,0,0,10.0,5.0,5.0,20.0,0,542,14.499692916870117,0.08802514745874461,,arrive_dest
1409,fresh,0,fresh,,,0,0.0,0,0,0,0,0,10.0,5.0,5.0,20.0,0,226,4.8360981941223145,0.032370156391144655,,arrive_dest
1410,fresh,0,fresh,,,0,0.0,0,0,0,0,0,10.0,5.0,5.0,20.0,0,491,13.702825546264648,0.0828945238442898,,arrive_dest
1411,fresh,0,fresh,,,0,0.0,0,0,0,0,0,10.0,5.0,5.0,20.0,0,313,8.641084671020508,0.08067959490657663,,arrive_dest
1412,fresh,0,fresh,,,0,0.0,0,0,0,0,0,10.0,5.0,5.0,20.0,0,328,8.444734573364258,0.1033112929151507,,out_of_road
1413,fresh,0,fresh,,,0,0.0,0,0,0,0,0,10.0,5.0,5.0,20.0,0,29,0.4683331251144409,0.017787493508437585,,arrive_dest
1414,fresh,0,fresh,,,0,0.0,0,0,0,0,0,10.0,5.0,5.0,20.0,0,920,17.057144165039062,0.09178584771643332,,out_of_road
1415,fresh,0,fresh,,,0,0.0,0,0,0,0,0,10.0,5.0,5.0,20.0,0,636,14.312507629394531,0.0656332688747668,,arrive_dest
1416,fresh,0,fresh,,,0,0.0,0,0,0,0,0,10.0,5.0,5.0,20.0,0,935,24.92236328125,0.086031921121496,,out_of_road
1417,fresh,0,fresh,,,0,0.0,0,0,0,0,0,10.0,5.0,5.0,20.0,0,494,12.075948715209961,0.06479571247661886,,arrive_dest
1418,fresh,0,fresh,,,0,0.0,0,0,0,0,0,10.0,5.0,5.0,20.0,0,86,0.39738696813583374,0.019467456006380016,,out_of_road
1419,fresh,0,fresh,,,0,0.0,0,0,0,0,0,10.0,5.0,5.0,20.0,0,90,2.056749105453491,0.021893815603107214,,arrive_dest
1420,fresh,0,fresh,,,0,0.0,0,0,0,0,0,10.0,5.0,5.0,20.0,0,135,2.0344889163970947,0.05317805100370337,,out_of_road
1421,fresh,0,fresh,,,0,0.0,0,0,0,0,0,10.0,5.0,5.0,20.0,0,675,19.03411865234375,0.08001469622400624,,arrive_dest
1422,fresh,0,fresh,,,0,0.0,0,0,0,0,0,10.0,5.0,5.0,20.0,0,241,6.188994407653809,0.043914223369017735,,out_of_road
1423,fresh,0,fresh,,,0,0.0,0,0,0,0,0,10.0,5.0,5.0,20.0,0,327,0.3796572685241699,0.007721422446534943,,out_of_road
1424,fresh,0,fresh,,,0,0.0,0,0,0,0,0,10.0,5.0,5.0,20.0,0,72,1.3549753427505493,0.03751892909511096,,arrive_dest
1425,fresh,0,fresh,,,0,0.0,0,0,0,0,0,10.0,5.0,5.0,20.0,0,445,11.740560531616211,0.08634502106252011,,out_of_road
1426,fresh,0,fresh,,,0,0.0,0,0,0,0,0,10.0,5.0,5.0,20.0,0,377,9.641462326049805,0.0901857207600887,,arrive_dest
1427,fresh,0,fresh,,,0,0.0,0,0,0,0,0,10.0,5.0,5.0,20.0,0,1000,26.80236053466797,0.1085087112521287,,max_step
1428,fresh,0,fresh,,,0,0.0,0,0,0,0,0,10.0,5.0,5.0,20.0,0,429,11.601415634155273,0.06913471496598861,,arrive_dest
1429,fresh,0,fresh,,,0,0.0,0,0,0,0,0,10.0,5.0,5.0,20.0,0,484,12.594629287719727,0.08225316330424919,,arrive_dest
1430,fresh,0,fresh,,,0,0.0,0,0,0,0,0,10.0,5.0,5.0,20.0,0,1000,5.935113430023193,0.02193563078972511,,max_step
1431,fresh,0,fresh,,,0,0.0,0,0,0,0,0,10.0,5.0,5.0,20.0,0,1000,18.817333221435547,0.08992366418841993,,max_step
1432,fresh,0,fresh,,,0,0.0,0,0,0,0,0,10.0,5.0,5.0,20.0,0,818,20.50056266784668,0.06309413220841566,,arrive_dest
1433,fresh,0,fresh,,,0,0.0,0,0,0,0,0,10.0,5.0,5.0,20.0,0,109,1.6078848838806152,0.011894758850541136,,out_of_road
1434,fresh,0,fresh,,,0,0.0,0,0,0,0,0,10.0,5.0,5.0,20.0,0,1000,14.200218200683594,0.04411326727434062,,max_step
1435,fresh,0,fresh,,,0,0.0,0,0,0,0,0,10.0,5.0,5.0,20.0,0,1000,0.5324355959892273,0.0030503111495636405,,max_step
1436,fresh,0,fresh,,,0,0.0,0,0,0,0,0,10.0,5.0,5.0,20.0,0,22,-0.12390552461147308,0.019723348996855995,,out_of_road
1437,fresh,0,fresh,,,0,0.0,0,0,0,0,0,10.0,5.0,5.0,20.0,0,46,-0.12087767571210861,0.002114955821762914,,out_of_road
1438,fresh,0,fresh,,,0,0.0,0,0,0,0,0,10.0,5.0,5.0,20.0,0,310,7.727944850921631,0.04734240200130209,,arrive_dest
1439,fresh,0,fresh,,,0,0.0,0,0,0,0,0,10.0,5.0,5.0,20.0,0,497,13.173257827758789,0.07925310674811183,,arrive_dest
1440,fresh,0,fresh,,,0,0.0,0,0,0,0,0,10.0,5.0,5.0,20.0,0,93,1.951294183731079,0.02474387581910818,,arrive_dest
1441,fresh,0,fresh,,,0,0.0,0,0,0,0,0,10.0,5.0,5.0,20.0,0,1000,1.7613909244537354,0.0014567810747394105,,max_step
1442,fresh,0,fresh,,,0,0.0,0,0,0,0,0,10.0,5.0,5.0,20.0,0,623,15.94918155670166,0.10447396410881044,,out_of_road
1443,fresh,0,fresh,,,0,0.0,0,0,0,0,0,10.0,5.0,5.0,20.0,0,1000,1.9513837099075317,0.00432051563175628,,max_step
1444,fresh,0,fresh,,,0,0.0,0,0,0,0,0,10.0,5.0,5.0,20.0,0,1000,2.240082263946533,0.004400368621572852,,max_step
1445,fresh,0,fresh,,,0,0.0,0,0,0,0,0,10.0,5.0,5.0,20.0,0,128,2.01254940032959,0.03092763373570051,,out_of_road
1446,fresh,0,fresh,,,0,0.0,0,0,0,0,0,10.0,5.0,5.0,20.0,0,1000,4.89509916305542,0.016284686466678976,,max_step
1447,fresh,0,fresh,,,0,0.0,0,0,0,0,0,10.0,5.0,5.0,20.0,0,616,17.083850860595703,0.09502125945616538,,arrive_dest
1448,fresh,0,fresh,,,0,0.0,0,0,0,0,0,10.0,5.0,5.0,20.0,0,231,1.9062707424163818,0.020538444538828533,,out_of_road
1449,fresh,0,fresh,,,0,0.0,0,0,0,0,0,10.0,5.0,5.0,20.0,0,416,9.744858741760254,0.12844040727045816,,out_of_road
1450,fresh,0,fresh,,,0,0.0,0,0,0,0,0,10.0,5.0,5.0,20.0,0,247,4.570498466491699,0.07504217908057847,,out_of_road
1451,fresh,0,fresh,,,0,0.0,0,0,0,0,0,10.0,5.0,5.0,20.0,0,1000,2.4171576499938965,0.01100121122028213,,max_step
1452,fresh,0,fresh,,,0,0.0,0,0,0,0,0,10.0,5.0,5.0,20.0,0,395,9.764053344726562,0.06972171794858914,,out_of_road
1453,fresh,0,fresh,,,0,0.0,0,0,0,0,0,10.0,5.0,5.0,20.0,0,618,17.810022354125977,0.1726078338933126,,arrive_dest
1454,fresh,0,fresh,,,0,0.0,0,0,0,0,0,10.0,5.0,5.0,20.0,0,2,0.26016008853912354,0.0,,arrive_dest
1455,fresh,0,fresh,,,0,0.0,0,0,0,0,0,10.0,5.0,5.0,20.0,0,584,14.196139335632324,0.07541186995174391,,arrive_dest
1456,fresh,0,fresh,,,0,0.0,0,0,0,0,0,10.0,5.0,5.0,20.0,0,655,16.18105697631836,0.10566938412055828,,out_of_road
1457,fresh,0,fresh,,,0,0.0,0,0,0,0,0,10.0,5.0,5.0,20.0,0,271,7.914879322052002,0.1353726436511177,,out_of_road
1458,fresh,0,fresh,,,0,0.0,0,0,0,0,0,10.0,5.0,5.0,20.0,0,1000,2.1398391723632812,0.002084196821786463,,max_step
1459,fresh,0,fresh,,,0,0.0,0,0,0,0,0,10.0,5.0,5.0,20.0,0,864,24.544052124023438,0.12272126460501803,,arrive_dest
1460,fresh,0,fresh,,,0,0.0,0,0,0,0,0,10.0,5.0,5.0,20.0,0,1000,2.6597414016723633,0.006837882188381627,,max_step
1461,fresh,0,fresh,,,0,0.0,0,0,0,0,0,10.0,5.0,5.0,20.0,0,1000,11.09490966796875,0.06212940244266065,,max_step
1462,fresh,0,fresh,,,0,0.0,0,0,0,0,0,10.0,5.0,5.0,20.0,0,254,6.598126411437988,0.08473452513920159,,out_of_road
1463,fresh,0,fresh,,,0,0.0,0,0,0,0,0,10.0,5.0,5.0,20.0,0,1000,0.5137178301811218,0.0026446173993317644,,max_step
1464,fresh,0,fresh,,,0,0.0,0,0,0,0,0,10.0,5.0,5.0,20.0,0,372,10.318251609802246,0.08304293593516954,,out_of_road
1465,fresh,0,fresh,,,0,0.0,0,0,0,0,0,10.0,5.0,5.0,20.0,0,1000,11.289224624633789,0.03948467716574669,,max_step
1466,fresh,0,fresh,,,0,0.0,0,0,0,0,0,10.0,5.0,5.0,20.0,0,321,7.850053787231445,0.07788790798944789,,out_of_road
1467,fresh,0,fresh,,,0,0.0,0,0,0,0,0,10.0,5.0,5.0,20.0,0,557,15.753392219543457,0.09630928025204735,,arrive_dest
1468,fresh,0,fresh,,,0,0.0,0,0,0,0,0,10.0,5.0,5.0,20.0,0,654,18.936227798461914,0.17629367039348098,,out_of_road
1469,fresh,0,fresh,,,0,0.0,0,0,0,0,0,10.0,5.0,5.0,20.0,0,145,2.828855276107788,0.028672531243927518,,arrive_dest
1470,fresh,0,fresh,,,0,0.0,0,0,0,0,0,10.0,5.0,5.0,20.0,0,55,0.40117499232292175,0.030240131982348182,,out_of_road
1471,fresh,0,fresh,,,0,0.0,0,0,0,0,0,10.0,5.0,5.0,20.0,0,92,1.085216760635376,0.06964010609637784,,out_of_road
1472,fresh,0,fresh,,,0,0.0,0,0,0,0,0,10.0,5.0,5.0,20.0,0,497,1.5167288780212402,0.003046031489363268,,out_of_road
1473,fresh,0,fresh,,,0,0.0,0,0,0,0,0,10.0,5.0,5.0,20.0,0,358,10.015721321105957,0.14609531930767458,,out_of_road
1474,fresh,0,fresh,,,0,0.0,0,0,0,0,0,10.0,5.0,5.0,20.0,0,1000,19.340084075927734,0.0719113019267097,,max_step
1475,fresh,0,fresh,,,0,0.0,0,0,0,0,0,10.0,5.0,5.0,20.0,0,1000,7.117660999298096,0.013691308637848124,,max_step
1476,fresh,0,fresh,,,0,0.0,0,0,0,0,0,10.0,5.0,5.0,20.0,0,2,0.25910717248916626,0.137666255235672,,arrive_dest
1477,fresh,0,fresh,,,0,0.0,0,0,0,0,0,10.0,5.0,5.0,20.0,0,272,7.432346820831299,0.08732655184576288,,arrive_dest
1478,fresh,0,fresh,,,0,0.0,0,0,0,0,0,10.0,5.0,5.0,20.0,0,103,1.832221269607544,0.021691708264926685,,out_of_road
1479,fresh,0,fresh,,,0,0.0,0,0,0,0,0,10.0,5.0,5.0,20.0,0,1000,-0.020636720582842827,0.09914185563474893,,max_step
1480,fresh,0,fresh,,,0,0.0,0,0,0,0,0,10.0,5.0,5.0,20.0,0,1000,1.659264326095581,0.008587930378504097,,max_step
1481,fresh,0,fresh,,,0,0.0,0,0,0,0,0,10.0,5.0,5.0,20.0,0,120,1.9526333808898926,0.02913236585445702,,out_of_road
1482,fresh,0,fresh,,,0,0.0,0,0,0,0,0,10.0,5.0,5.0,20.0,0,213,5.593419075012207,0.09198479328584364,,arrive_dest
1483,fresh,0,fresh,,,0,0.0,0,0,0,0,0,10.0,5.0,5.0,20.0,0,372,9.567122459411621,0.07784505544595861,,arrive_dest
1484,fresh,0,fresh,,,0,0.0,0,0,0,0,0,10.0,5.0,5.0,20.0,0,328,8.825948715209961,0.10093027635593899,,out_of_road
1485,fresh,0,fresh,,,0,0.0,0,0,0,0,0,10.0,5.0,5.0,20.0,0,58,0.3867032825946808,0.023410695701323706,,out_of_road
1486,fresh,0,fresh,,,0,0.0,0,0,0,0,0,10.0,5.0,5.0,20.0,0,179,2.705626964569092,0.023170920021249264,,out_of_road
1487,fresh,0,fresh,,,0,0.0,0,0,0,0,0,10.0,5.0,5.0,20.0,0,138,2.2866621017456055,0.042695407634196075,,out_of_road
1488,fresh,0,fresh,,,0,0.0,0,0,0,0,0,10.0,5.0,5.0,20.0,0,725,17.365894317626953,0.06829285905278962,,out_of_road
1489,fresh,0,fresh,,,0,0.0,0,0,0,0,0,10.0,5.0,5.0,20.0,0,343,9.690040588378906,0.09429211156176669,,arrive_dest
1490,fresh,0,fresh,,,0,0.0,0,0,0,0,0,10.0,5.0,5.0,20.0,0,1000,5.794467926025391,0.019018540591932833,,max_step
1491,fresh,0,fresh,,,0,0.0,0,0,0,0,0,10.0,5.0,5.0,20.0,0,215,6.221002578735352,0.0877423046091788,,arrive_dest
1492,fresh,0,fresh,,,0,0.0,0,0,0,0,0,10.0,5.0,5.0,20.0,0,97,1.0135878324508667,0.08640507869806487,,out_of_road
1493,fresh,0,fresh,,,0,0.0,0,0,0,0,0,10.0,5.0,5.0,20.0,0,2,0.25902000069618225,0.06901919841766357,,arrive_dest
1494,fresh,0,fresh,,,0,0.0,0,0,0,0,0,10.0,5.0,5.0,20.0,0,200,5.720978260040283,0.10049278455786408,,out_of_road
1495,fresh,0,fresh,,,0,0.0,0,0,0,0,0,10.0,5.0,5.0,20.0,0,681,3.276721954345703,0.010157449976110315,,out_of_road
1496,fresh,0,fresh,,,0,0.0,0,0,0,0,0,10.0,5.0,5.0,20.0,0,65,0.38274234533309937,0.01773621879804593,,out_of_road
1497,fresh,0,fresh,,,0,0.0,0,0,0,0,0,10.0,5.0,5.0,20.0,0,637,18.99694061279297,0.13152973300790535,,arrive_dest
1498,fresh,0,fresh,,,0,0.0,0,0,0,0,0,10.0,5.0,5.0,20.0,0,433,9.871026992797852,0.05762381841026367,,arrive_dest
1499,fresh,0,fresh,,,0,0.0,0,0,0,0,0,10.0,5.0,5.0,20.0,0,612,17.770401000976562,0.11643724789800354,,arrive_dest
1500,fresh,0,fresh,,,0,0.0,0,0,0,0,0,10.0,5.0,5.0,20.0,0,106,1.4498283863067627,0.01467568444457116,,out_of_road
1501,fresh,0,fresh,,,0,0.0,0,0,0,0,0,10.0,5.0,5.0,20.0,0,349,9.804594039916992,0.17094261309580297,,arrive_dest
1502,fresh,0,fresh,,,0,0.0,0,0,0,0,0,10.0,5.0,5.0,20.0,0,590,15.612396240234375,0.08885735927299612,,arrive_dest
1503,fresh,0,fresh,,,0,0.0,0,0,0,0,0,10.0,5.0,5.0,20.0,0,1000,8.338871002197266,0.0443460640385747,,max_step
1504,fresh,0,fresh,,,0,0.0,0,0,0,0,0,10.0,5.0,5.0,20.0,0,422,5.396174907684326,0.01854305860170735,,out_of_road
1505,fresh,0,fresh,,,0,0.0,0,0,0,0,0,10.0,5.0,5.0,20.0,0,105,1.34380042552948,0.11931193655445463,,out_of_road
1506,fresh,0,fresh,,,0,0.0,0,0,0,0,0,10.0,5.0,5.0,20.0,0,133,2.843384265899658,0.020484229311683123,,arrive_dest
1507,fresh,0,fresh,,,0,0.0,0,0,0,0,0,10.0,5.0,5.0,20.0,0,417,10.699055671691895,0.06692424436977548,,arrive_dest
1508,fresh,0,fresh,,,0,0.0,0,0,0,0,0,10.0,5.0,5.0,20.0,0,1000,6.012326240539551,0.00972200573561713,,max_step
1509,fresh,0,fresh,,,0,0.0,0,0,0,0,0,10.0,5.0,5.0,20.0,0,295,6.106253623962402,0.049010889901448106,,arrive_dest
1510,fresh,0,fresh,,,0,0.0,0,0,0,0,0,10.0,5.0,5.0,20.0,0,40,0.06841753423213959,0.013504739105701446,,out_of_road
1511,fresh,0,fresh,,,0,0.0,0,0,0,0,0,10.0,5.0,5.0,20.0,0,870,25.133275985717773,0.1305209929476781,,arrive_dest
1512,fresh,0,fresh,,,0,0.0,0,0,0,0,0,10.0,5.0,5.0,20.0,0,526,13.800811767578125,0.10021441961247332,,arrive_dest
1513,fresh,0,fresh,,,0,0.0,0,0,0,0,0,10.0,5.0,5.0,20.0,0,103,1.8480448722839355,0.027291606300175915,,out_of_road
1514,fresh,0,fresh,,,0,0.0,0,0,0,0,0,10.0,5.0,5.0,20.0,0,236,4.576452255249023,0.048160016307828284,,arrive_dest
1515,fresh,0,fresh,,,0,0.0,0,0,0,0,0,10.0,5.0,5.0,20.0,0,431,12.122882843017578,0.08674115545209281,,arrive_dest
1516,fresh,0,fresh,,,0,0.0,0,0,0,0,0,10.0,5.0,5.0,20.0,0,633,16.387887954711914,0.07259642851530128,,arrive_dest
1517,fresh,0,fresh,,,0,0.0,0,0,0,0,0,10.0,5.0,5.0,20.0,0,136,2.6019909381866455,0.014893516405102085,,out_of_road
1518,fresh,0,fresh,,,0,0.0,0,0,0,0,0,10.0,5.0,5.0,20.0,0,582,14.54539966583252,0.06257075428721875,,arrive_dest
1519,fresh,0,fresh,,,0,0.0,0,0,0,0,0,10.0,5.0,5.0,20.0,0,524,12.436272621154785,0.06474938207769852,,arrive_dest
1520,fresh,0,fresh,,,0,0.0,0,0,0,0,0,10.0,5.0,5.0,20.0,0,311,8.459270477294922,0.0853534803824601,,arrive_dest
1521,fresh,0,fresh,,,0,0.0,0,0,0,0,0,10.0,5.0,5.0,20.0,0,1000,9.823153495788574,0.02273465705430135,,max_step
1522,fresh,0,fresh,,,0,0.0,0,0,0,0,0,10.0,5.0,5.0,20.0,0,42,0.16897141933441162,0.02774535474323091,,out_of_road
1523,fresh,0,fresh,,,0,0.0,0,0,0,0,0,10.0,5.0,5.0,20.0,0,1000,4.721116065979004,0.006239330982178217,,max_step
1524,fresh,0,fresh,,,0,0.0,0,0,0,0,0,10.0,5.0,5.0,20.0,0,358,9.866922378540039,0.16611337745770313,,out_of_road
1525,fresh,0,fresh,,,0,0.0,0,0,0,0,0,10.0,5.0,5.0,20.0,0,592,15.003488540649414,0.06849319649169243,,arrive_dest
1526,fresh,0,fresh,,,0,0.0,0,0,0,0,0,10.0,5.0,5.0,20.0,0,379,10.55932331085205,0.16923859283588533,,arrive_dest
1527,fresh,0,fresh,,,0,0.0,0,0,0,0,0,10.0,5.0,5.0,20.0,0,523,13.684443473815918,0.0858030254644543,,out_of_road
1528,fresh,0,fresh,,,0,0.0,0,0,0,0,0,10.0,5.0,5.0,20.0,0,277,8.122201919555664,0.1452070896375911,,out_of_road
1529,fresh,0,fresh,,,0,0.0,0,0,0,0,0,10.0,5.0,5.0,20.0,0,206,5.6620354652404785,0.07829136432609657,,out_of_road
1530,fresh,0,fresh,,,0,0.0,0,0,0,0,0,10.0,5.0,5.0,20.0,0,1000,9.48427677154541,0.019617049715598113,,max_step
1531,fresh,0,fresh,,,0,0.0,0,0,0,0,0,10.0,5.0,5.0,20.0,0,303,6.933828353881836,0.062273771861697184,,out_of_road
1532,fresh,0,fresh,,,0,0.0,0,0,0,0,0,10.0,5.0,5.0,20.0,0,737,19.57515525817871,0.08477170426673995,,out_of_road
1533,fresh,0,fresh,,,0,0.0,0,0,0,0,0,10.0,5.0,5.0,20.0,0,224,5.713919639587402,0.06008734717865342,,out_of_road
1534,fresh,0,fresh,,,0,0.0,0,0,0,0,0,10.0,5.0,5.0,20.0,0,418,10.807003021240234,0.08532558674823813,,arrive_dest
1535,fresh,0,fresh,,,0,0.0,0,0,0,0,0,10.0,5.0,5.0,20.0,0,138,1.9811583757400513,0.006831958356812812,,out_of_road
1536,fresh,0,fresh,,,0,0.0,0,0,0,0,0,10.0,5.0,5.0,20.0,0,367,7.828127861022949,0.04455728592396757,,arrive_dest
1537,fresh,0,fresh,,,0,0.0,0,0,0,0,0,10.0,5.0,5.0,20.0,0,680,18.54598045349121,0.09130037694018991,,out_of_road
1538,fresh,0,fresh,,,0,0.0,0,0,0,0,0,10.0,5.0,5.0,20.0,0,235,1.7327332496643066,0.013345999917649525,,out_of_road
1539,fresh,0,fresh,,,0,0.0,0,0,0,0,0,10.0,5.0,5.0,20.0,0,117,1.9387657642364502,0.017683877888270933,,out_of_road
1540,fresh,0,fresh,,,0,0.0,0,0,0,0,0,10.0,5.0,5.0,20.0,0,447,12.04229736328125,0.14587766688782722,,arrive_dest
1541,fresh,0,fresh,,,0,0.0,0,0,0,0,0,10.0,5.0,5.0,20.0,0,295,7.59291934967041,0.05861902786103093,,arrive_dest
1542,fresh,0,fresh,,,0,0.0,0,0,0,0,0,10.0,5.0,5.0,20.0,0,126,2.0160181522369385,0.02532400614545045,,out_of_road
1543,fresh,0,fresh,,,0,0.0,0,0,0,0,0,10.0,5.0,5.0,20.0,0,357,9.572639465332031,0.08494725831619956,,arrive_dest
1544,fresh,0,fresh,,,0,0.0,0,0,0,0,0,10.0,5.0,5.0,20.0,0,657,16.787979125976562,0.06790642391697502,,arrive_dest
1545,fresh,0,fresh,,,0,0.0,0,0,0,0,0,10.0,5.0,5.0,20.0,0,1000,16.874963760375977,0.0938149777604267,,max_step
1546,fresh,0,fresh,,,0,0.0,0,0,0,0,0,10.0,5.0,5.0,20.0,0,204,3.744422674179077,0.039683145571353974,,out_of_road
1547,fresh,0,fresh,,,0,0.0,0,0,0,0,0,10.0,5.0,5.0,20.0,0,617,16.506404876708984,0.1305662448207789,,out_of_road
1548,fresh,0,fresh,,,0,0.0,0,0,0,0,0,10.0,5.0,5.0,20.0,0,362,9.197327613830566,0.055963990613638076,,out_of_road
1549,fresh,0,fresh,,,0,0.0,0,0,0,0,0,10.0,5.0,5.0,20.0,0,49,0.24506551027297974,0.0,,out_of_road
1550,fresh,0,fresh,,,0,0.0,0,0,0,0,0,10.0,5.0,5.0,20.0,0,379,9.564702987670898,0.09963453474324344,,arrive_dest
1551,fresh,0,fresh,,,0,0.0,0,0,0,0,0,10.0,5.0,5.0,20.0,0,1000,6.0803751945495605,0.011805113247130065,,max_step
1552,fresh,0,fresh,,,0,0.0,0,0,0,0,0,10.0,5.0,5.0,20.0,0,1000,26.28054428100586,0.07569330413639545,,max_step
1553,fresh,0,fresh,,,0,0.0,0,0,0,0,0,10.0,5.0,5.0,20.0,0,390,9.785412788391113,0.05218113015513294,,out_of_road
1554,fresh,0,fresh,,,0,0.0,0,0,0,0,0,10.0,5.0,5.0,20.0,0,589,14.207664489746094,0.06042156069193997,,out_of_road
1555,fresh,0,fresh,,,0,0.0,0,0,0,0,0,10.0,5.0,5.0,20.0,0,273,6.012906551361084,0.045589638519145194,,out_of_road
1556,fresh,0,fresh,,,0,0.0,0,0,0,0,0,10.0,5.0,5.0,20.0,0,362,9.836246490478516,0.06686154754770642,,arrive_dest
1557,fresh,0,fresh,,,0,0.0,0,0,0,0,0,10.0,5.0,5.0,20.0,0,551,13.98136043548584,0.11961425571599316,,arrive_dest
1558,fresh,0,fresh,,,0,0.0,0,0,0,0,0,10.0,5.0,5.0,20.0,0,553,8.180928230285645,0.04040169680830442,,out_of_road
1559,fresh,0,fresh,,,0,0.0,0,0,0,0,0,10.0,5.0,5.0,20.0,0,304,8.289093971252441,0.12325132165202185,,out_of_road
1560,fresh,0,fresh,,,0,0.0,0,0,0,0,0,10.0,5.0,5.0,20.0,0,421,8.864089012145996,0.03733869311078994,,arrive_dest
1561,fresh,0,fresh,,,0,0.0,0,0,0,0,0,10.0,5.0,5.0,20.0,0,1000,12.139546394348145,0.03404391391994432,,max_step
1562,fresh,0,fresh,,,0,0.0,0,0,0,0,0,10.0,5.0,5.0,20.0,0,35,0.5132766366004944,0.04163332326071603,,arrive_dest
1563,fresh,0,fresh,,,0,0.0,0,0,0,0,0,10.0,5.0,5.0,20.0,0,730,17.801097869873047,0.06168542992234332,,arrive_dest
1564,fresh,0,fresh,,,0,0.0,0,0,0,0,0,10.0,5.0,5.0,20.0,0,247,4.600162982940674,0.057814519301901464,,out_of_road
1565,fresh,0,fresh,,,0,0.0,0,0,0,0,0,10.0,5.0,5.0,20.0,0,1000,1.6356583833694458,0.002404961642343551,,max_step
1566,fresh,0,fresh,,,0,0.0,0,0,0,0,0,10.0,5.0,5.0,20.0,0,724,18.934873580932617,0.0660654764644318,,out_of_road
1567,fresh,0,fresh,,,0,0.0,0,0,0,0,0,10.0,5.0,5.0,20.0,0,485,11.13102912902832,0.12319919194680513,,out_of_road
1568,fresh,0,fresh,,,0,0.0,0,0,0,0,0,10.0,5.0,5.0,20.0,0,136,2.013890027999878,0.017929743372780436,,out_of_road
1569,fresh,0,fresh,,,0,0.0,0,0,0,0,0,10.0,5.0,5.0,20.0,0,149,2.094114303588867,0.02389496301407082,,out_of_road
1570,fresh,0,fresh,,,0,0.0,0,0,0,0,0,10.0,5.0,5.0,20.0,0,199,3.5177345275878906,0.09023069742898546,,out_of_road
1571,fresh,0,fresh,,,0,0.0,0,0,0,0,0,10.0,5.0,5.0,20.0,0,59,0.372255802154541,0.003930579010649758,,out_of_road
1572,fresh,0,fresh,,,0,0.0,0,0,0,0,0,10.0,5.0,5.0,20.0,0,148,3.320004940032959,0.02066319982042989,,arrive_dest
1573,fresh,0,fresh,,,0,0.0,0,0,0,0,0,10.0,5.0,5.0,20.0,0,119,1.2519398927688599,0.01873361526405392,,out_of_road
1574,fresh,0,fresh,,,0,0.0,0,0,0,0,0,10.0,5.0,5.0,20.0,0,627,17.543237686157227,0.13372793181263137,,arrive_dest
1575,fresh,0,fresh,,,0,0.0,0,0,0,0,0,10.0,5.0,5.0,20.0,0,461,11.12130355834961,0.07151627121089175,,arrive_dest
1576,fresh,0,fresh,,,0,0.0,0,0,0,0,0,10.0,5.0,5.0,20.0,0,1000,0.5012650489807129,0.0021143691721372307,,max_step
1577,fresh,0,fresh,,,0,0.0,0,0,0,0,0,10.0,5.0,5.0,20.0,0,125,1.987142562866211,0.012768924962729215,,out_of_road
1578,fresh,0,fresh,,,0,0.0,0,0,0,0,0,10.0,5.0,5.0,20.0,0,1000,0.4917278587818146,0.0022506603822112082,,max_step
1579,fresh,0,fresh,,,0,0.0,0,0,0,0,0,10.0,5.0,5.0,20.0,0,1000,7.265957832336426,0.015981713217217475,,max_step
1580,fresh,0,fresh,,,0,0.0,0,0,0,0,0,10.0,5.0,5.0,20.0,0,313,7.492196559906006,0.08333060088844155,,out_of_road
1581,fresh,0,fresh,,,0,0.0,0,0,0,0,0,10.0,5.0,5.0,20.0,0,133,1.6704316139221191,0.028773251369497495,,out_of_road
1582,fresh,0,fresh,,,0,0.0,0,0,0,0,0,10.0,5.0,5.0,20.0,0,95,1.7041795253753662,0.055199508667972526,,arrive_dest
1583,fresh,0,fresh,,,0,0.0,0,0,0,0,0,10.0,5.0,5.0,20.0,0,602,13.962138175964355,0.13858895064497898,,out_of_road
1584,fresh,0,fresh,,,0,0.0,0,0,0,0,0,10.0,5.0,5.0,20.0,0,134,2.3161895275115967,0.14735175409256968,,out_of_road
1585,fresh,0,fresh,,,0,0.0,0,0,0,0,0,10.0,5.0,5.0,20.0,0,371,7.374086380004883,0.05679944413274808,,out_of_road
1586,fresh,0,fresh,,,0,0.0,0,0,0,0,0,10.0,5.0,5.0,20.0,0,432,9.15218734741211,0.059687619538399975,,arrive_dest
1587,fresh,0,fresh,,,0,0.0,0,0,0,0,0,10.0,5.0,5.0,20.0,0,341,9.543140411376953,0.13783789435374247,,arrive_dest
1588,fresh,0,fresh,,,0,0.0,0,0,0,0,0,10.0,5.0,5.0,20.0,0,420,9.991819381713867,0.1144162260483773,,out_of_road
1589,fresh,0,fresh,,,0,0.0,0,0,0,0,0,10.0,5.0,5.0,20.0,0,499,12.153270721435547,0.0861872996214158,,out_of_road
1590,fresh,0,fresh,,,0,0.0,0,0,0,0,0,10.0,5.0,5.0,20.0,0,552,13.421913146972656,0.14396616480181643,,out_of_road
1591,fresh,0,fresh,,,0,0.0,0,0,0,0,0,10.0,5.0,5.0,20.0,0,1000,7.23991584777832,0.03725348511102493,,max_step
1592,fresh,0,fresh,,,0,0.0,0,0,0,0,0,10.0,5.0,5.0,20.0,0,331,7.100849151611328,0.05465469247375944,,out_of_road
1593,fresh,0,fresh,,,0,0.0,0,0,0,0,0,10.0,5.0,5.0,20.0,0,1000,28.646764755249023,0.13908224262204022,,max_step
1594,fresh,0,fresh,,,0,0.0,0,0,0,0,0,10.0,5.0,5.0,20.0,0,1000,0.002992138499394059,0.0236333548091352,,max_step
1595,fresh,0,fresh,,,0,0.0,0,0,0,0,0,10.0,5.0,5.0,20.0,0,127,1.9846768379211426,0.020209127890430098,,out_of_road
1596,fresh,0,fresh,,,0,0.0,0,0,0,0,0,10.0,5.0,5.0,20.0,0,262,6.102720260620117,0.05188630195512287,,arrive_dest
1597,fresh,0,fresh,,,0,0.0,0,0,0,0,0,10.0,5.0,5.0,20.0,0,1000,4.643527507781982,0.011076835486543132,,max_step
1598,fresh,0,fresh,,,0,0.0,0,0,0,0,0,10.0,5.0,5.0,20.0,0,1000,1.5443682670593262,0.0027926775580272077,,max_step
1599,fresh,0,fresh,,,0,0.0,0,0,0,0,0,10.0,5.0,5.0,20.0,0,392,9.822864532470703,0.12165900779714599,,out_of_road
1600,fresh,0,fresh,,,0,0.0,0,0,0,0,0,10.0,5.0,5.0,20.0,0,322,7.617444038391113,0.05783794410758137,,out_of_road
1601,fresh,0,fresh,,,0,0.0,0,0,0,0,0,10.0,5.0,5.0,20.0,0,350,7.44491720199585,0.07414548512016024,,out_of_road
1602,fresh,0,fresh,,,0,0.0,0,0,0,0,0,10.0,5.0,5.0,20.0,0,394,10.804044723510742,0.1075072901738278,,arrive_dest
1603,fresh,0,fresh,,,0,0.0,0,0,0,0,0,10.0,5.0,5.0,20.0,0,289,7.170119285583496,0.08906042503650625,,arrive_dest
1604,fresh,0,fresh,,,0,0.0,0,0,0,0,0,10.0,5.0,5.0,20.0,0,273,6.200225830078125,0.05905179256375456,,out_of_road
1605,fresh,0,fresh,,,0,0.0,0,0,0,0,0,10.0,5.0,5.0,20.0,0,224,1.8323699235916138,0.009598781205048519,,out_of_road
1606,fresh,0,fresh,,,0,0.0,0,0,0,0,0,10.0,5.0,5.0,20.0,0,386,9.31494426727295,0.05408332257174496,,out_of_road
1607,fresh,0,fresh,,,0,0.0,0,0,0,0,0,10.0,5.0,5.0,20.0,0,252,6.20255184173584,0.09135742346933555,,arrive_dest
1608,fresh,0,fresh,,,0,0.0,0,0,0,0,0,10.0,5.0,5.0,20.0,0,1000,2.059293746948242,0.008365405035758158,,max_step
1609,fresh,0,fresh,,,0,0.0,0,0,0,0,0,10.0,5.0,5.0,20.0,0,633,17.07081413269043,0.10134618962919237,,arrive_dest
1610,fresh,0,fresh,,,0,0.0,0,0,0,0,0,10.0,5.0,5.0,20.0,0,397,9.288716316223145,0.0690885272454142,,out_of_road
1611,fresh,0,fresh,,,0,0.0,0,0,0,0,0,10.0,5.0,5.0,20.0,0,300,8.02992057800293,0.11713242367220422,,out_of_road
1612,fresh,0,fresh,,,0,0.0,0,0,0,0,0,10.0,5.0,5.0,20.0,0,796,21.855709075927734,0.1416216754903268,,arrive_dest
1613,fresh,0,fresh,,,0,0.0,0,0,0,0,0,10.0,5.0,5.0,20.0,0,1000,15.2962064743042,0.08813424377216142,,max_step
1614,fresh,0,fresh,,,0,0.0,0,0,0,0,0,10.0,5.0,5.0,20.0,0,636,16.870502471923828,0.07647610045735191,,out_of_road
1615,fresh,0,fresh,,,0,0.0,0,0,0,0,0,10.0,5.0,5.0,20.0,0,237,3.9423766136169434,0.019232811964262388,,arrive_dest
1616,fresh,0,fresh,,,0,0.0,0,0,0,0,0,10.0,5.0,5.0,20.0,0,38,-0.10929907113313675,0.01522467010899594,,out_of_road
1617,fresh,0,fresh,,,0,0.0,0,0,0,0,0,10.0,5.0,5.0,20.0,0,414,1.995538353919983,0.0073169822547194474,,out_of_road
1618,fresh,0,fresh,,,0,0.0,0,0,0,0,0,10.0,5.0,5.0,20.0,0,1000,0.002278632251545787,0.0005879828333854675,,max_step
1619,fresh,0,fresh,,,0,0.0,0,0,0,0,0,10.0,5.0,5.0,20.0,0,1000,1.864898681640625,0.0031637875998858363,,max_step
1620,fresh,0,fresh,,,0,0.0,0,0,0,0,0,10.0,5.0,5.0,20.0,0,42,0.6546460390090942,0.03722919736589704,,arrive_dest
1621,fresh,0,fresh,,,0,0.0,0,0,0,0,0,10.0,5.0,5.0,20.0,0,424,10.943385124206543,0.09264853061616139,,out_of_road
1622,fresh,0,fresh,,,0,0.0,0,0,0,0,0,10.0,5.0,5.0,20.0,0,600,12.749053001403809,0.07241444599504272,,out_of_road
1623,fresh,0,fresh,,,0,0.0,0,0,0,0,0,10.0,5.0,5.0,20.0,0,1000,13.652934074401855,0.03607000707418774,,max_step
1624,fresh,0,fresh,,,0,0.0,0,0,0,0,0,10.0,5.0,5.0,20.0,0,1000,0.0020401442889124155,0.0006697364449501038,,max_step
1625,fresh,0,fresh,,,0,0.0,0,0,0,0,0,10.0,5.0,5.0,20.0,0,225,4.760868549346924,0.031186365232699447,,out_of_road
1626,fresh,0,fresh,,,0,0.0,0,0,0,0,0,10.0,5.0,5.0,20.0,0,378,9.410828590393066,0.07224956343551635,,arrive_dest
1627,fresh,0,fresh,,,0,0.0,0,0,0,0,0,10.0,5.0,5.0,20.0,0,234,5.1203436851501465,0.054281125462048836,,arrive_dest
1628,fresh,0,fresh,,,0,0.0,0,0,0,0,0,10.0,5.0,5.0,20.0,0,300,7.594503879547119,0.06793810902163386,,arrive_dest
1629,fresh,0,fresh,,,0,0.0,0,0,0,0,0,10.0,5.0,5.0,20.0,0,223,5.869198322296143,0.04773749863403127,,out_of_road
1630,fresh,0,fresh,,,0,0.0,0,0,0,0,0,10.0,5.0,5.0,20.0,0,1000,10.775919914245605,0.01763013804957154,,max_step
1631,fresh,0,fresh,,,0,0.0,0,0,0,0,0,10.0,5.0,5.0,20.0,0,571,14.24732494354248,0.06561593325839633,,arrive_dest
1632,fresh,0,fresh,,,0,0.0,0,0,0,0,0,10.0,5.0,5.0,20.0,0,222,4.109848499298096,0.03670812165364623,,arrive_dest
1633,fresh,0,fresh,,,0,0.0,0,0,0,0,0,10.0,5.0,5.0,20.0,0,887,1.9181110858917236,0.0054900622104395395,,out_of_road
1634,fresh,0,fresh,,,0,0.0,0,0,0,0,0,10.0,5.0,5.0,20.0,0,148,1.9754585027694702,0.012188446063019737,,out_of_road
1635,fresh,0,fresh,,,0,0.0,0,0,0,0,0,10.0,5.0,5.0,20.0,0,354,8.797292709350586,0.12359903318055059,,out_of_road
1636,fresh,0,fresh,,,0,0.0,0,0,0,0,0,10.0,5.0,5.0,20.0,0,570,13.241868019104004,0.14543927420755814,,out_of_road
1637,fresh,0,fresh,,,0,0.0,0,0,0,0,0,10.0,5.0,5.0,20.0,0,243,5.994921684265137,0.0873156266723886,,arrive_dest
1638,fresh,0,fresh,,,0,0.0,0,0,0,0,0,10.0,5.0,5.0,20.0,0,149,1.6652482748031616,0.018531825124667396,,out_of_road
1639,fresh,0,fresh,,,0,0.0,0,0,0,0,0,10.0,5.0,5.0,20.0,0,54,0.3576938211917877,0.007050374039897212,,out_of_road
1640,fresh,0,fresh,,,0,0.0,0,0,0,0,0,10.0,5.0,5.0,20.0,0,100,1.2523659467697144,0.06602168155834079,,out_of_road
1641,fresh,0,fresh,,,0,0.0,0,0,0,0,0,10.0,5.0,5.0,20.0,0,1000,6.52182149887085,0.014503799613084994,,max_step
1642,fresh,0,fresh,,,0,0.0,0,0,0,0,0,10.0,5.0,5.0,20.0,0,399,9.429322242736816,0.058990222238527054,,arrive_dest
1643,fresh,0,fresh,,,0,0.0,0,0,0,0,0,10.0,5.0,5.0,20.0,0,429,9.625548362731934,0.06097650676390421,,out_of_road
1644,fresh,0,fresh,,,0,0.0,0,0,0,0,0,10.0,5.0,5.0,20.0,0,186,3.458503007888794,0.03449455691033333,,out_of_road
1645,fresh,0,fresh,,,0,0.0,0,0,0,0,0,10.0,5.0,5.0,20.0,0,643,14.67158031463623,0.06673082958147926,,arrive_dest
1646,fresh,0,fresh,,,0,0.0,0,0,0,0,0,10.0,5.0,5.0,20.0,0,818,19.28354835510254,0.0662168467577893,,arrive_dest
1647,fresh,0,fresh,,,0,0.0,0,0,0,0,0,10.0,5.0,5.0,20.0,0,141,3.408099889755249,0.0291792376574578,,arrive_dest
1648,fresh,0,fresh,,,0,0.0,0,0,0,0,0,10.0,5.0,5.0,20.0,0,496,10.971200942993164,0.07802661673086995,,out_of_road
1649,fresh,0,fresh,,,0,0.0,0,0,0,0,0,10.0,5.0,5.0,20.0,0,107,1.2333256006240845,0.09642901014815146,,out_of_road
1650,fresh,0,fresh,,,0,0.0,0,0,0,0,0,10.0,5.0,5.0,20.0,0,981,23.531911849975586,0.08721988961987281,,arrive_dest
1651,fresh,0,fresh,,,0,0.0,0,0,0,0,0,10.0,5.0,5.0,20.0,0,358,7.918807506561279,0.066467789622211,,out_of_road
1652,fresh,0,fresh,,,0,0.0,0,0,0,0,0,10.0,5.0,5.0,20.0,0,1000,6.336387634277344,0.015309270777972415,,max_step
1653,fresh,0,fresh,,,0,0.0,0,0,0,0,0,10.0,5.0,5.0,20.0,0,247,4.512156963348389,0.14297688472261916,,out_of_road
1654,fresh,0,fresh,,,0,0.0,0,0,0,0,0,10.0,5.0,5.0,20.0,0,203,3.237598180770874,0.012834081073002568,,out_of_road
1655,fresh,0,fresh,,,0,0.0,0,0,0,0,0,10.0,5.0,5.0,20.0,0,611,15.61733627319336,0.1164493849790623,,arrive_dest
1656,fresh,0,fresh,,,0,0.0,0,0,0,0,0,10.0,5.0,5.0,20.0,0,630,15.184372901916504,0.0578791767451173,,out_of_road
1657,fresh,0,fresh,,,0,0.0,0,0,0,0,0,10.0,5.0,5.0,20.0,0,53,0.3542417287826538,0.012055043333192478,,out_of_road
1658,fresh,0,fresh,,,0,0.0,0,0,0,0,0,10.0,5.0,5.0,20.0,0,119,1.9989004135131836,0.023335509753527762,,out_of_road
1659,fresh,0,fresh,,,0,0.0,0,0,0,0,0,10.0,5.0,5.0,20.0,0,598,15.12741470336914,0.07146604562974083,,out_of_road
1660,fresh,0,fresh,,,0,0.0,0,0,0,0,0,10.0,5.0,5.0,20.0,0,414,9.198488235473633,0.03315861959905692,,arrive_dest
1661,fresh,0,fresh,,,0,0.0,0,0,0,0,0,10.0,5.0,5.0,20.0,0,774,18.101898193359375,0.1139262373810658,,arrive_dest
1662,fresh,0,fresh,,,0,0.0,0,0,0,0,0,10.0,5.0,5.0,20.0,0,294,7.640573978424072,0.07551068631571015,,out_of_road
1663,fresh,0,fresh,,,0,0.0,0,0,0,0,0,10.0,5.0,5.0,20.0,0,616,16.199556350708008,0.10253471906399717,,out_of_road
1664,fresh,0,fresh,,,0,0.0,0,0,0,0,0,10.0,5.0,5.0,20.0,0,634,15.500109672546387,0.07148517797369075,,out_of_road
1665,fresh,0,fresh,,,0,0.0,0,0,0,0,0,10.0,5.0,5.0,20.0,0,373,8.105729103088379,0.0499924358215193,,out_of_road
1666,fresh,0,fresh,,,0,0.0,0,0,0,0,0,10.0,5.0,5.0,20.0,0,1000,24.337228775024414,0.08458448278193828,,max_step
1667,fresh,0,fresh,,,0,0.0,0,0,0,0,0,10.0,5.0,5.0,20.0,0,369,6.224913120269775,0.019772139655522054,,out_of_road
1668,fresh,0,fresh,,,0,0.0,0,0,0,0,0,10.0,5.0,5.0,20.0,0,531,12.756598472595215,0.05975470202273414,,arrive_dest
1669,fresh,0,fresh,,,0,0.0,0,0,0,0,0,10.0,5.0,5.0,20.0,0,1000,11.82028865814209,0.038312453816644845,,max_step
1670,fresh,0,fresh,,,0,0.0,0,0,0,0,0,10.0,5.0,5.0,20.0,0,59,0.3785662353038788,0.005089398252509408,,out_of_road
1671,fresh,0,fresh,,,0,0.0,0,0,0,0,0,10.0,5.0,5.0,20.0,0,219,4.018629550933838,0.041127858704729986,,out_of_road
1672,fresh,0,fresh,,,0,0.0,0,0,0,0,0,10.0,5.0,5.0,20.0,0,732,19.85756492614746,0.16006291231211742,,arrive_dest
1673,fresh,0,fresh,,,0,0.0,0,0,0,0,0,10.0,5.0,5.0,20.0,0,431,10.69198226928711,0.13529762600142328,,arrive_dest
1674,fresh,0,fresh,,,0,0.0,0,0,0,0,0,10.0,5.0,5.0,20.0,0,636,17.158811569213867,0.11800506105500057,,arrive_dest
1675,fresh,0,fresh,,,0,0.0,0,0,0,0,0,10.0,5.0,5.0,20.0,0,575,14.549453735351562,0.07803345210931223,,arrive_dest
1676,fresh,0,fresh,,,0,0.0,0,0,0,0,0,10.0,5.0,5.0,20.0,0,544,14.401126861572266,0.09025062432342298,,arrive_dest
1677,fresh,0,fresh,,,0,0.0,0,0,0,0,0,10.0,5.0,5.0,20.0,0,482,10.288717269897461,0.12133712482375877,,out_of_road
1678,fresh,0,fresh,,,0,0.0,0,0,0,0,0,10.0,5.0,5.0,20.0,0,97,1.014102816581726,0.0487621726525813,,out_of_road
1679,fresh,0,fresh,,,0,0.0,0,0,0,0,0,10.0,5.0,5.0,20.0,0,303,6.257389068603516,0.04313720994177136,,arrive_dest
1680,fresh,0,fresh,,,0,0.0,0,0,0,0,0,10.0,5.0,5.0,20.0,0,384,10.121525764465332,0.12993615196804362,,arrive_dest
1681,fresh,0,fresh,,,0,0.0,0,0,0,0,0,10.0,5.0,5.0,20.0,0,765,19.54899024963379,0.11800903893521762,,arrive_dest
1682,fresh,0,fresh,,,0,0.0,0,0,0,0,0,10.0,5.0,5.0,20.0,0,151,2.711138963699341,0.027979382461812717,,arrive_dest
1683,fresh,0,fresh,,,0,0.0,0,0,0,0,0,10.0,5.0,5.0,20.0,0,386,9.131495475769043,0.04789409419483085,,arrive_dest
1684,fresh,0,fresh,,,0,0.0,0,0,0,0,0,10.0,5.0,5.0,20.0,0,926,25.326004028320312,0.10995047876825577,,arrive_dest
1685,fresh,0,fresh,,,0,0.0,0,0,0,0,0,10.0,5.0,5.0,20.0,0,433,10.177666664123535,0.0721558053248108,,arrive_dest
1686,fresh,0,fresh,,,0,0.0,0,0,0,0,0,10.0,5.0,5.0,20.0,0,274,6.8666534423828125,0.05851233848302632,,arrive_dest
1687,fresh,0,fresh,,,0,0.0,0,0,0,0,0,10.0,5.0,5.0,20.0,0,447,1.4948527812957764,0.005695933355247681,,out_of_road
1688,fresh,0,fresh,,,0,0.0,0,0,0,0,0,10.0,5.0,5.0,20.0,0,122,1.4641656875610352,0.020421978536626844,,out_of_road
1689,fresh,0,fresh,,,0,0.0,0,0,0,0,0,10.0,5.0,5.0,20.0,0,417,11.371818542480469,0.0883031901278102,,arrive_dest
1690,fresh,0,fresh,,,0,0.0,0,0,0,0,0,10.0,5.0,5.0,20.0,0,1000,25.446123123168945,0.09072039261367172,,max_step
1691,fresh,0,fresh,,,0,0.0,0,0,0,0,0,10.0,5.0,5.0,20.0,0,324,7.498500823974609,0.07943968697347575,,out_of_road
1692,fresh,0,fresh,,,0,0.0,0,0,0,0,0,10.0,5.0,5.0,20.0,0,197,3.6294667720794678,0.025854351561573254,,out_of_road
1693,fresh,0,fresh,,,0,0.0,0,0,0,0,0,10.0,5.0,5.0,20.0,0,1000,26.128692626953125,0.1010177026267629,,max_step
1694,fresh,0,fresh,,,0,0.0,0,0,0,0,0,10.0,5.0,5.0,20.0,0,196,5.667335510253906,0.0681352467960393,,arrive_dest
1695,fresh,0,fresh,,,0,0.0,0,0,0,0,0,10.0,5.0,5.0,20.0,0,883,3.4816629886627197,0.005233656617655658,,out_of_road
1696,fresh,0,fresh,,,0,0.0,0,0,0,0,0,10.0,5.0,5.0,20.0,0,411,10.882189750671387,0.076070547331614,,arrive_dest
1697,fresh,0,fresh,,,0,0.0,0,0,0,0,0,10.0,5.0,5.0,20.0,0,226,4.744521141052246,0.06851233213117956,,out_of_road
1698,fresh,0,fresh,,,0,0.0,0,0,0,0,0,10.0,5.0,5.0,20.0,0,310,7.221296310424805,0.05010322637014812,,arrive_dest
1699,fresh,0,fresh,,,0,0.0,0,0,0,0,0,10.0,5.0,5.0,20.0,0,516,14.66478443145752,0.09582432069321156,,arrive_dest
1700,fresh,0,fresh,,,0,0.0,0,0,0,0,0,10.0,5.0,5.0,20.0,0,324,8.948513984680176,0.10797105805896637,,arrive_dest
1701,fresh,0,fresh,,,0,0.0,0,0,0,0,0,10.0,5.0,5.0,20.0,0,1000,5.729390621185303,0.013423508575651794,,max_step
1702,fresh,0,fresh,,,0,0.0,0,0,0,0,0,10.0,5.0,5.0,20.0,0,292,3.6959633827209473,0.02024447949992314,,out_of_road
1703,fresh,0,fresh,,,0,0.0,0,0,0,0,0,10.0,5.0,5.0,20.0,0,512,13.684869766235352,0.079010321415808,,arrive_dest
1704,fresh,0,fresh,,,0,0.0,0,0,0,0,0,10.0,5.0,5.0,20.0,0,211,3.359323024749756,0.02282914480026723,,out_of_road
1705,fresh,0,fresh,,,0,0.0,0,0,0,0,0,10.0,5.0,5.0,20.0,0,379,7.598474025726318,0.05952402440423151,,arrive_dest
1706,fresh,0,fresh,,,0,0.0,0,0,0,0,0,10.0,5.0,5.0,20.0,0,126,3.1223032474517822,0.06264726258814335,,arrive_dest
1707,fresh,0,fresh,,,0,0.0,0,0,0,0,0,10.0,5.0,5.0,20.0,0,596,15.242341041564941,0.07888067681705672,,out_of_road
1708,fresh,0,fresh,,,0,0.0,0,0,0,0,0,10.0,5.0,5.0,20.0,0,1000,11.94795036315918,0.03640927253197879,,max_step
1709,fresh,0,fresh,,,0,0.0,0,0,0,0,0,10.0,5.0,5.0,20.0,0,413,11.125531196594238,0.08405130224857145,,arrive_dest
1710,fresh,0,fresh,,,0,0.0,0,0,0,0,0,10.0,5.0,5.0,20.0,0,1000,4.935877799987793,0.014098598875105381,,max_step
1711,fresh,0,fresh,,,0,0.0,0,0,0,0,0,10.0,5.0,5.0,20.0,0,338,6.04836368560791,0.036460596062353204,,out_of_road
1712,fresh,0,fresh,,,0,0.0,0,0,0,0,0,10.0,5.0,5.0,20.0,0,153,3.0037810802459717,0.035951016026433386,,out_of_road
1713,fresh,0,fresh,,,0,0.0,0,0,0,0,0,10.0,5.0,5.0,20.0,0,339,8.045499801635742,0.13178781904060405,,out_of_road
1714,fresh,0,fresh,,,0,0.0,0,0,0,0,0,10.0,5.0,5.0,20.0,0,135,1.7105520963668823,0.021539709334158236,,out_of_road
1715,fresh,0,fresh,,,0,0.0,0,0,0,0,0,10.0,5.0,5.0,20.0,0,99,1.432540774345398,0.01587958564285678,,out_of_road
1716,fresh,0,fresh,,,0,0.0,0,0,0,0,0,10.0,5.0,5.0,20.0,0,120,1.6478160619735718,0.0163036590286841,,out_of_road
1717,fresh,0,fresh,,,0,0.0,0,0,0,0,0,10.0,5.0,5.0,20.0,0,1000,28.491683959960938,0.19996738155721686,,max_step
1718,fresh,0,fresh,,,0,0.0,0,0,0,0,0,10.0,5.0,5.0,20.0,0,228,5.007552623748779,0.0440588733916612,,out_of_road
1719,fresh,0,fresh,,,0,0.0,0,0,0,0,0,10.0,5.0,5.0,20.0,0,1000,3.6683120727539062,0.01838730264385231,,max_step
1720,fresh,0,fresh,,,0,0.0,0,0,0,0,0,10.0,5.0,5.0,20.0,0,560,14.556900024414062,0.09842535077560959,,arrive_dest
1721,fresh,0,fresh,,,0,0.0,0,0,0,0,0,10.0,5.0,5.0,20.0,0,178,-0.12366455793380737,0.0,,out_of_road
1722,fresh,0,fresh,,,0,0.0,0,0,0,0,0,10.0,5.0,5.0,20.0,0,384,8.675337791442871,0.07296504407956188,,arrive_dest
1723,fresh,0,fresh,,,0,0.0,0,0,0,0,0,10.0,5.0,5.0,20.0,0,1000,9.436692237854004,0.031190171122085303,,max_step
1724,fresh,0,fresh,,,0,0.0,0,0,0,0,0,10.0,5.0,5.0,20.0,0,36,0.4795278310775757,0.038351595401763916,,arrive_dest
1725,fresh,0,fresh,,,0,0.0,0,0,0,0,0,10.0,5.0,5.0,20.0,0,700,18.307872772216797,0.13811687263892963,,arrive_dest
1726,fresh,0,fresh,,,0,0.0,0,0,0,0,0,10.0,5.0,5.0,20.0,0,106,2.2403616905212402,0.03665017168573543,,arrive_dest
1727,fresh,0,fresh,,,0,0.0,0,0,0,0,0,10.0,5.0,5.0,20.0,0,176,3.1860482692718506,0.0484006257770075,,out_of_road
1728,fresh,0,fresh,,,0,0.0,0,0,0,0,0,10.0,5.0,5.0,20.0,0,637,12.396607398986816,0.07047204534395991,,out_of_road
1729,fresh,0,fresh,,,0,0.0,0,0,0,0,0,10.0,5.0,5.0,20.0,0,421,10.940563201904297,0.16273992819680597,,arrive_dest
1730,fresh,0,fresh,,,0,0.0,0,0,0,0,0,10.0,5.0,5.0,20.0,0,458,14.091629028320312,0.1297530203988556,,arrive_dest
1731,fresh,0,fresh,,,0,0.0,0,0,0,0,0,10.0,5.0,5.0,20.0,0,34,0.4923452138900757,0.06081393131000154,,arrive_dest
1732,fresh,0,fresh,,,0,0.0,0,0,0,0,0,10.0,5.0,5.0,20.0,0,297,7.414794445037842,0.07804556232163688,,arrive_dest
1733,fresh,0,fresh,,,0,0.0,0,0,0,0,0,10.0,5.0,5.0,20.0,0,456,0.35717111825942993,0.005498401864315383,,out_of_road
1734,fresh,0,fresh,,,0,0.0,0,0,0,0,0,10.0,5.0,5.0,20.0,0,591,15.86887264251709,0.09649906310610562,,arrive_dest
1735,fresh,0,fresh,,,0,0.0,0,0,0,0,0,10.0,5.0,5.0,20.0,0,58,0.3642336130142212,0.017729095247542036,,out_of_road
1736,fresh,0,fresh,,,0,0.0,0,0,0,0,0,10.0,5.0,5.0,20.0,0,136,2.0180482864379883,0.10379802824600655,,out_of_road
1737,fresh,0,fresh,,,0,0.0,0,0,0,0,0,10.0,5.0,5.0,20.0,0,1000,0.0004819137102458626,0.0,,max_step
1738,fresh,0,fresh,,,0,0.0,0,0,0,0,0,10.0,5.0,5.0,20.0,0,831,21.11612319946289,0.1025643840456823,,arrive_dest
1739,fresh,0,fresh,,,0,0.0,0,0,0,0,0,10.0,5.0,5.0,20.0,0,1000,1.7577489614486694,0.001965190436501871,,max_step
1740,fresh,0,fresh,,,0,0.0,0,0,0,0,0,10.0,5.0,5.0,20.0,0,723,18.861583709716797,0.08209571351518115,,out_of_road
1741,fresh,0,fresh,,,0,0.0,0,0,0,0,0,10.0,5.0,5.0,20.0,0,399,10.969383239746094,0.07647449846489164,,arrive_dest
1742,fresh,0,fresh,,,0,0.0,0,0,0,0,0,10.0,5.0,5.0,20.0,0,176,4.359434127807617,0.08281073103849353,,arrive_dest
1743,fresh,0,fresh,,,0,0.0,0,0,0,0,0,10.0,5.0,5.0,20.0,0,501,9.692091941833496,0.051514530677102995,,out_of_road
1744,fresh,0,fresh,,,0,0.0,0,0,0,0,0,10.0,5.0,5.0,20.0,0,576,14.473194122314453,0.13158023622802123,,arrive_dest
1745,fresh,0,fresh,,,0,0.0,0,0,0,0,0,10.0,5.0,5.0,20.0,0,179,3.576824188232422,0.04569152049595417,,out_of_road
1746,fresh,0,fresh,,,0,0.0,0,0,0,0,0,10.0,5.0,5.0,20.0,0,329,8.40786361694336,0.09626569841226908,,arrive_dest
1747,fresh,0,fresh,,,0,0.0,0,0,0,0,0,10.0,5.0,5.0,20.0,0,63,0.36640697717666626,0.0189582201918321,,out_of_road
1748,fresh,0,fresh,,,0,0.0,0,0,0,0,0,10.0,5.0,5.0,20.0,0,361,9.919929504394531,0.13549200962542704,,out_of_road
1749,fresh,0,fresh,,,0,0.0,0,0,0,0,0,10.0,5.0,5.0,20.0,0,630,14.784512519836426,0.051864008031903754,,arrive_dest
1750,fresh,0,fresh,,,0,0.0,0,0,0,0,0,10.0,5.0,5.0,20.0,0,352,8.245992660522461,0.07831485623980618,,out_of_road
1751,fresh,0,fresh,,,0,0.0,0,0,0,0,0,10.0,5.0,5.0,20.0,0,1000,6.5643720626831055,0.018776937025366352,,max_step
1752,fresh,0,fresh,,,0,0.0,0,0,0,0,0,10.0,5.0,5.0,20.0,0,401,10.961352348327637,0.09148138796357888,,arrive_dest
1753,fresh,0,fresh,,,0,0.0,0,0,0,0,0,10.0,5.0,5.0,20.0,0,418,10.60771369934082,0.07061910896303587,,out_of_road
1754,fresh,0,fresh,,,0,0.0,0,0,0,0,0,10.0,5.0,5.0,20.0,0,666,17.400800704956055,0.08595111866743099,,arrive_dest
1755,fresh,0,fresh,,,0,0.0,0,0,0,0,0,10.0,5.0,5.0,20.0,0,453,10.629904747009277,0.07264444013239268,,arrive_dest
1756,fresh,0,fresh,,,0,0.0,0,0,0,0,0,10.0,5.0,5.0,20.0,0,762,19.64252281188965,0.06972182912445259,,arrive_dest
1757,fresh,0,fresh,,,0,0.0,0,0,0,0,0,10.0,5.0,5.0,20.0,0,569,14.811717987060547,0.07497568394144201,,out_of_road
1758,fresh,0,fresh,,,0,0.0,0,0,0,0,0,10.0,5.0,5.0,20.0,0,267,6.553363800048828,0.08120709029462342,,out_of_road
1759,fresh,0,fresh,,,0,0.0,0,0,0,0,0,10.0,5.0,5.0,20.0,0,543,13.645471572875977,0.10950899819464424,,arrive_dest
1760,fresh,0,fresh,,,0,0.0,0,0,0,0,0,10.0,5.0,5.0,20.0,0,183,3.4593751430511475,0.03457229093348231,,out_of_road
1761,fresh,0,fresh,,,0,0.0,0,0,0,0,0,10.0,5.0,5.0,20.0,0,53,0.2200622409582138,0.010057193745489953,,out_of_road
1762,fresh,0,fresh,,,0,0.0,0,0,0,0,0,10.0,5.0,5.0,20.0,0,663,18.95774269104004,0.09691488132060563,,arrive_dest
1763,fresh,0,fresh,,,0,0.0,0,0,0,0,0,10.0,5.0,5.0,20.0,0,2,0.2521439492702484,0.0,,arrive_dest
1764,fresh,0,fresh,,,0,0.0,0,0,0,0,0,10.0,5.0,5.0,20.0,0,962,25.69168472290039,0.09535011888932816,,arrive_dest
1765,fresh,0,fresh,,,0,0.0,0,0,0,0,0,10.0,5.0,5.0,20.0,0,1000,14.031064987182617,0.06982657494973682,,max_step
1766,fresh,0,fresh,,,0,0.0,0,0,0,0,0,10.0,5.0,5.0,20.0,0,623,15.652831077575684,0.05969829687379288,,arrive_dest
1767,fresh,0,fresh,,,0,0.0,0,0,0,0,0,10.0,5.0,5.0,20.0,0,1000,4.922300815582275,0.011898910408373922,,max_step
1768,fresh,0,fresh,,,0,0.0,0,0,0,0,0,10.0,5.0,5.0,20.0,0,60,0.3518259525299072,0.008140094174693028,,out_of_road
1769,fresh,0,fresh,,,0,0.0,0,0,0,0,0,10.0,5.0,5.0,20.0,0,63,0.3702846169471741,0.015601164217860926,,out_of_road
1770,fresh,0,fresh,,,0,0.0,0,0,0,0,0,10.0,5.0,5.0,20.0,0,902,23.276674270629883,0.07544262073170022,,arrive_dest
1771,fresh,0,fresh,,,0,0.0,0,0,0,0,0,10.0,5.0,5.0,20.0,0,103,1.466871738433838,0.006360988503376257,,out_of_road
1772,fresh,0,fresh,,,0,0.0,0,0,0,0,0,10.0,5.0,5.0,20.0,0,2,0.25177595019340515,0.08152851462364197,,arrive_dest
1773,fresh,0,fresh,,,0,0.0,0,0,0,0,0,10.0,5.0,5.0,20.0,0,1000,6.426270484924316,0.01633189299114747,,max_step
1774,fresh,0,fresh,,,0,0.0,0,0,0,0,0,10.0,5.0,5.0,20.0,0,1000,27.855661392211914,0.1613903828286566,,max_step
1775,fresh,0,fresh,,,0,0.0,0,0,0,0,0,10.0,5.0,5.0,20.0,0,499,13.357394218444824,0.08186053941427601,,arrive_dest
1776,fresh,0,fresh,,,0,0.0,0,0,0,0,0,10.0,5.0,5.0,20.0,0,369,8.329133033752441,0.04379503928670069,,arrive_dest
1777,fresh,0,fresh,,,0,0.0,0,0,0,0,0,10.0,5.0,5.0,20.0,0,462,10.775959014892578,0.0556576826329468,,out_of_road
1778,fresh,0,fresh,,,0,0.0,0,0,0,0,0,10.0,5.0,5.0,20.0,0,291,7.404458045959473,0.06707222038668763,,arrive_dest
1779,fresh,0,fresh,,,0,0.0,0,0,0,0,0,10.0,5.0,5.0,20.0,0,326,8.856768608093262,0.05629466001395753,,arrive_dest
1780,fresh,0,fresh,,,0,0.0,0,0,0,0,0,10.0,5.0,5.0,20.0,0,765,21.284255981445312,0.11407972660305259,,arrive_dest
1781,fresh,0,fresh,,,0,0.0,0,0,0,0,0,10.0,5.0,5.0,20.0,0,331,8.271425247192383,0.07526456030631534,,out_of_road
1782,fresh,0,fresh,,,0,0.0,0,0,0,0,0,10.0,5.0,5.0,20.0,0,282,6.657776355743408,0.031406022499295624,,arrive_dest
1783,fresh,0,fresh,,,0,0.0,0,0,0,0,0,10.0,5.0,5.0,20.0,0,601,3.15928316116333,0.01082408744702348,,out_of_road
1784,fresh,0,fresh,,,0,0.0,0,0,0,0,0,10.0,5.0,5.0,20.0,0,409,11.526983261108398,0.09510616638554228,,arrive_dest
1785,fresh,0,fresh,,,0,0.0,0,0,0,0,0,10.0,5.0,5.0,20.0,0,672,19.53899383544922,0.11891880142710372,,arrive_dest
1786,fresh,0,fresh,,,0,0.0,0,0,0,0,0,10.0,5.0,5.0,20.0,0,1000,1.9208906888961792,0.0004797869267931674,,max_step
1787,fresh,0,fresh,,,0,0.0,0,0,0,0,0,10.0,5.0,5.0,20.0,0,247,6.883087158203125,0.0812542183882734,,arrive_dest
1788,fresh,0,fresh,,,0,0.0,0,0,0,0,0,10.0,5.0,5.0,20.0,0,649,18.478778839111328,0.13127700868457304,,out_of_road
1789,fresh,0,fresh,,,0,0.0,0,0,0,0,0,10.0,5.0,5.0,20.0,0,458,13.007047653198242,0.09864972314114101,,out_of_road
1790,fresh,0,fresh,,,0,0.0,0,0,0,0,0,10.0,5.0,5.0,20.0,0,1000,-0.006330922245979309,0.026356255926191806,,max_step
1791,fresh,0,fresh,,,0,0.0,0,0,0,0,0,10.0,5.0,5.0,20.0,0,256,3.7757129669189453,0.030219372399187705,,out_of_road
1792,fresh,0,fresh,,,0,0.0,0,0,0,0,0,10.0,5.0,5.0,20.0,0,324,7.724196434020996,0.04558203215739563,,out_of_road
1793,fresh,0,fresh,,,0,0.0,0,0,0,0,0,10.0,5.0,5.0,20.0,0,90,1.7237963676452637,0.04915260401450926,,arrive_dest
1794,fresh,0,fresh,,,0,0.0,0,0,0,0,0,10.0,5.0,5.0,20.0,0,204,5.857065200805664,0.031177556557653873,,arrive_dest
1795,fresh,0,fresh,,,0,0.0,0,0,0,0,0,10.0,5.0,5.0,20.0,0,158,2.9192605018615723,0.005727740828407621,,arrive_dest
1796,fresh,0,fresh,,,0,0.0,0,0,0,0,0,10.0,5.0,5.0,20.0,0,312,6.680896282196045,0.0405510403156185,,out_of_road
1797,fresh,0,fresh,,,0,0.0,0,0,0,0,0,10.0,5.0,5.0,20.0,0,432,7.714504241943359,0.05005595673072902,,out_of_road
1798,fresh,0,fresh,,,0,0.0,0,0,0,0,0,10.0,5.0,5.0,20.0,0,228,4.675066947937012,0.056031543192690596,,out_of_road
1799,fresh,0,fresh,,,0,0.0,0,0,0,0,0,10.0,5.0,5.0,20.0,0,548,13.149553298950195,0.047494347714547094,,arrive_dest
1800,fresh,0,fresh,,,0,0.0,0,0,0,0,0,10.0,5.0,5.0,20.0,0,263,6.63716459274292,0.06687965877920729,,arrive_dest
1801,fresh,0,fresh,,,0,0.0,0,0,0,0,0,10.0,5.0,5.0,20.0,0,572,15.620437622070312,0.08388544935969167,,out_of_road
1802,fresh,0,fresh,,,0,0.0,0,0,0,0,0,10.0,5.0,5.0,20.0,0,56,0.36840081214904785,0.015563999606196635,,out_of_road
1803,fresh,0,fresh,,,0,0.0,0,0,0,0,0,10.0,5.0,5.0,20.0,0,116,1.6120051145553589,0.01935313032249567,,out_of_road
1804,fresh,0,fresh,,,0,0.0,0,0,0,0,0,10.0,5.0,5.0,20.0,0,452,10.527414321899414,0.11437450377352998,,out_of_road
1805,fresh,0,fresh,,,0,0.0,0,0,0,0,0,10.0,5.0,5.0,20.0,0,642,15.5950927734375,0.054354319221998716,,out_of_road
1806,fresh,0,fresh,,,0,0.0,0,0,0,0,0,10.0,5.0,5.0,20.0,0,413,10.279431343078613,0.1097089326342897,,out_of_road
1807,fresh,0,fresh,,,0,0.0,0,0,0,0,0,10.0,5.0,5.0,20.0,0,1000,0.46564435958862305,0.0014916055812500418,,max_step
1808,fresh,0,fresh,,,0,0.0,0,0,0,0,0,10.0,5.0,5.0,20.0,0,77,1.5084710121154785,0.039278838009416284,,arrive_dest
1809,fresh,0,fresh,,,0,0.0,0,0,0,0,0,10.0,5.0,5.0,20.0,0,94,1.0723886489868164,0.0505381078915076,,out_of_road
1810,fresh,0,fresh,,,0,0.0,0,0,0,0,0,10.0,5.0,5.0,20.0,0,107,1.667377233505249,0.00033029544854832585,,out_of_road
1811,fresh,0,fresh,,,0,0.0,0,0,0,0,0,10.0,5.0,5.0,20.0,0,118,1.6557196378707886,0.015390092775351921,,out_of_road
1812,fresh,0,fresh,,,0,0.0,0,0,0,0,0,10.0,5.0,5.0,20.0,0,97,1.0116710662841797,0.04196405537503282,,out_of_road
1813,fresh,0,fresh,,,0,0.0,0,0,0,0,0,10.0,5.0,5.0,20.0,0,422,12.392326354980469,0.11009543165961784,,arrive_dest
1814,fresh,0,fresh,,,0,0.0,0,0,0,0,0,10.0,5.0,5.0,20.0,0,480,11.90449047088623,0.07864843941739916,,out_of_road
1815,fresh,0,fresh,,,0,0.0,0,0,0,0,0,10.0,5.0,5.0,20.0,0,470,12.391439437866211,0.06892665599155774,,arrive_dest
1816,fresh,0,fresh,,,0,0.0,0,0,0,0,0,10.0,5.0,5.0,20.0,0,1000,10.655619621276855,0.052050918679102325,,max_step
1817,fresh,0,fresh,,,0,0.0,0,0,0,0,0,10.0,5.0,5.0,20.0,0,1000,4.9097514152526855,0.012120649875490927,,max_step
1818,fresh,0,fresh,,,0,0.0,0,0,0,0,0,10.0,5.0,5.0,20.0,0,626,15.972550392150879,0.07722311115380341,,arrive_dest
1819,fresh,0,fresh,,,0,0.0,0,0,0,0,0,10.0,5.0,5.0,20.0,0,236,5.184200763702393,0.04046407423645132,,out_of_road
1820,fresh,0,fresh,,,0,0.0,0,0,0,0,0,10.0,5.0,5.0,20.0,0,402,5.873121738433838,0.025209898569572495,,out_of_road
1821,fresh,0,fresh,,,0,0.0,0,0,0,0,0,10.0,5.0,5.0,20.0,0,245,5.521260738372803,0.0886466375267019,,arrive_dest
1822,fresh,0,fresh,,,0,0.0,0,0,0,0,0,10.0,5.0,5.0,20.0,0,184,4.469580173492432,0.05048194140671631,,arrive_dest
1823,fresh,0,fresh,,,0,0.0,0,0,0,0,0,10.0,5.0,5.0,20.0,0,739,-0.13467827439308167,0.0008220462095753588,,out_of_road
1824,fresh,0,fresh,,,0,0.0,0,0,0,0,0,10.0,5.0,5.0,20.0,0,594,16.804046630859375,0.08292079661731366,,arrive_dest
1825,fresh,0,fresh,,,0,0.0,0,0,0,0,0,10.0,5.0,5.0,20.0,0,266,6.947892665863037,0.06066166343433516,,arrive_dest
1826,fresh,0,fresh,,,0,0.0,0,0,0,0,0,10.0,5.0,5.0,20.0,0,321,9.203707695007324,0.12439426554894986,,arrive_dest
1827,fresh,0,fresh,,,0,0.0,0,0,0,0,0,10.0,5.0,5.0,20.0,0,327,8.075736045837402,0.06148310969313123,,out_of_road
1828,fresh,0,fresh,,,0,0.0,0,0,0,0,0,10.0,5.0,5.0,20.0,0,612,16.76499366760254,0.09842457967807289,,arrive_dest
1829,fresh,0,fresh,,,0,0.0,0,0,0,0,0,10.0,5.0,5.0,20.0,0,664,17.1007080078125,0.05912532210378089,,out_of_road
1830,fresh,0,fresh,,,0,0.0,0,0,0,0,0,10.0,5.0,5.0,20.0,0,426,9.628365516662598,0.06921433402277843,,out_of_road
1831,fresh,0,fresh,,,0,0.0,0,0,0,0,0,10.0,5.0,5.0,20.0,0,22,-0.11484561860561371,0.03512448072433472,,out_of_road
1832,fresh,0,fresh,,,0,0.0,0,0,0,0,0,10.0,5.0,5.0,20.0,0,944,26.160127639770508,0.1074702875507143,,arrive_dest
1833,fresh,0,fresh,,,0,0.0,0,0,0,0,0,10.0,5.0,5.0,20.0,0,1000,12.929454803466797,0.061415384688414634,,max_step
1834,fresh,0,fresh,,,0,0.0,0,0,0,0,0,10.0,5.0,5.0,20.0,0,209,6.220753192901611,0.11160946758597662,,arrive_dest
1835,fresh,0,fresh,,,0,0.0,0,0,0,0,0,10.0,5.0,5.0,20.0,0,272,8.269369125366211,0.09879063562188736,,arrive_dest
1836,fresh,0,fresh,,,0,0.0,0,0,0,0,0,10.0,5.0,5.0,20.0,0,86,1.7138643264770508,0.028642057527809642,,arrive_dest
1837,fresh,0,fresh,,,0,0.0,0,0,0,0,0,10.0,5.0,5.0,20.0,0,73,1.292332649230957,0.01613656074216921,,arrive_dest
1838,fresh,0,fresh,,,0,0.0,0,0,0,0,0,10.0,5.0,5.0,20.0,0,161,3.3847711086273193,0.014965706765188934,,out_of_road
1839,fresh,0,fresh,,,0,0.0,0,0,0,0,0,10.0,5.0,5.0,20.0,0,1000,3.5443520545959473,0.008121165176853538,,max_step
1840,fresh,0,fresh,,,0,0.0,0,0,0,0,0,10.0,5.0,5.0,20.0,0,1000,10.59449577331543,0.06053070232422033,,max_step
1841,fresh,0,fresh,,,0,0.0,0,0,0,0,0,10.0,5.0,5.0,20.0,0,33,0.028993159532546997,0.030849240042946556,,out_of_road
1842,fresh,0,fresh,,,0,0.0,0,0,0,0,0,10.0,5.0,5.0,20.0,0,1000,20.00444793701172,0.09052789111770107,,max_step
1843,fresh,0,fresh,,,0,0.0,0,0,0,0,0,10.0,5.0,5.0,20.0,0,431,11.715721130371094,0.12945488242436798,,out_of_road
1844,fresh,0,fresh,,,0,0.0,0,0,0,0,0,10.0,5.0,5.0,20.0,0,614,16.716001510620117,0.06882526938035988,,arrive_dest
1845,fresh,0,fresh,,,0,0.0,0,0,0,0,0,10.0,5.0,5.0,20.0,0,131,1.2092509269714355,0.028888962963837705,,out_of_road
1846,fresh,0,fresh,,,0,0.0,0,0,0,0,0,10.0,5.0,5.0,20.0,0,1000,9.216726303100586,0.021425858369111664,,max_step
1847,fresh,0,fresh,,,0,0.0,0,0,0,0,0,10.0,5.0,5.0,20.0,0,304,7.672536373138428,0.084685689192204,,out_of_road
1848,fresh,0,fresh,,,0,0.0,0,0,0,0,0,10.0,5.0,5.0,20.0,0,1000,13.905040740966797,0.06205326390756818,,max_step
1849,fresh,0,fresh,,,0,0.0,0,0,0,0,0,10.0,5.0,5.0,20.0,0,98,1.8090910911560059,0.027463743805277104,,out_of_road
1850,fresh,0,fresh,,,0,0.0,0,0,0,0,0,10.0,5.0,5.0,20.0,0,102,1.4938730001449585,0.0047373527880100645,,out_of_road
1851,fresh,0,fresh,,,0,0.0,0,0,0,0,0,10.0,5.0,5.0,20.0,0,93,1.9505817890167236,0.033318343402076796,,arrive_dest
1852,fresh,0,fresh,,,0,0.0,0,0,0,0,0,10.0,5.0,5.0,20.0,0,343,9.41651725769043,0.05840706991428189,,arrive_dest
1853,fresh,0,fresh,,,0,0.0,0,0,0,0,0,10.0,5.0,5.0,20.0,0,266,7.597250461578369,0.08355292910885037,,arrive_dest
1854,fresh,0,fresh,,,0,0.0,0,0,0,0,0,10.0,5.0,5.0,20.0,0,372,1.9383461475372314,0.010706839437085775,,out_of_road
1855,fresh,0,fresh,,,0,0.0,0,0,0,0,0,10.0,5.0,5.0,20.0,0,245,5.99078369140625,0.05108616140347962,,arrive_dest
1856,fresh,0,fresh,,,0,0.0,0,0,0,0,0,10.0,5.0,5.0,20.0,0,960,24.427595138549805,0.09058721967788491,,arrive_dest
1857,fresh,0,fresh,,,0,0.0,0,0,0,0,0,10.0,5.0,5.0,20.0,0,443,0.37856292724609375,0.008358386645706383,,out_of_road
1858,fresh,0,fresh,,,0,0.0,0,0,0,0,0,10.0,5.0,5.0,20.0,0,899,24.84000587463379,0.13773748010202197,,arrive_dest
1859,fresh,0,fresh,,,0,0.0,0,0,0,0,0,10.0,5.0,5.0,20.0,0,162,3.2050607204437256,0.025017623950577814,,out_of_road
1860,fresh,0,fresh,,,0,0.0,0,0,0,0,0,10.0,5.0,5.0,20.0,0,978,1.734794020652771,0.006957488112035683,,out_of_road
1861,fresh,0,fresh,,,0,0.0,0,0,0,0,0,10.0,5.0,5.0,20.0,0,315,7.853488445281982,0.06084596453426731,,out_of_road
1862,fresh,0,fresh,,,0,0.0,0,0,0,0,0,10.0,5.0,5.0,20.0,0,414,9.535004615783691,0.07731646984187968,,out_of_road
1863,fresh,0,fresh,,,0,0.0,0,0,0,0,0,10.0,5.0,5.0,20.0,0,98,1.8370312452316284,0.025003752043964912,,out_of_road
1864,fresh,0,fresh,,,0,0.0,0,0,0,0,0,10.0,5.0,5.0,20.0,0,1000,10.58908462524414,0.05365986546035856,,max_step
1865,fresh,0,fresh,,,0,0.0,0,0,0,0,0,10.0,5.0,5.0,20.0,0,869,25.3226261138916,0.11412512329305223,,arrive_dest
1866,fresh,0,fresh,,,0,0.0,0,0,0,0,0,10.0,5.0,5.0,20.0,0,242,4.682775020599365,0.05390059533682921,,out_of_road
1867,fresh,0,fresh,,,0,0.0,0,0,0,0,0,10.0,5.0,5.0,20.0,0,491,11.350903511047363,0.0614020543935464,,arrive_dest
1868,fresh,0,fresh,,,0,0.0,0,0,0,0,0,10.0,5.0,5.0,20.0,0,1000,0.000471073086373508,0.0,,max_step
1869,fresh,0,fresh,,,0,0.0,0,0,0,0,0,10.0,5.0,5.0,20.0,0,376,8.504021644592285,0.07738826504383395,,out_of_road
1870,fresh,0,fresh,,,0,0.0,0,0,0,0,0,10.0,5.0,5.0,20.0,0,727,19.658405303955078,0.09869994584501733,,arrive_dest
1871,fresh,0,fresh,,,0,0.0,0,0,0,0,0,10.0,5.0,5.0,20.0,0,111,1.4463404417037964,0.015420502236297538,,out_of_road
1872,fresh,0,fresh,,,0,0.0,0,0,0,0,0,10.0,5.0,5.0,20.0,0,1000,7.317116737365723,0.01965722435846692,,max_step
1873,fresh,0,fresh,,,0,0.0,0,0,0,0,0,10.0,5.0,5.0,20.0,0,595,14.391887664794922,0.10773618577357319,,out_of_road
1874,fresh,0,fresh,,,0,0.0,0,0,0,0,0,10.0,5.0,5.0,20.0,0,528,13.929900169372559,0.10814177608875924,,arrive_dest
1875,fresh,0,fresh,,,0,0.0,0,0,0,0,0,10.0,5.0,5.0,20.0,0,312,5.990386009216309,0.030311769762565978,,arrive_dest
1876,fresh,0,fresh,,,0,0.0,0,0,0,0,0,10.0,5.0,5.0,20.0,0,57,0.3188158869743347,0.0051485719976195115,,out_of_road
1877,fresh,0,fresh,,,0,0.0,0,0,0,0,0,10.0,5.0,5.0,20.0,0,467,12.5481538772583,0.15427734253118394,,arrive_dest
1878,fresh,0,fresh,,,0,0.0,0,0,0,0,0,10.0,5.0,5.0,20.0,0,113,1.756752371788025,0.013380591617485064,,out_of_road
1879,fresh,0,fresh,,,0,0.0,0,0,0,0,0,10.0,5.0,5.0,20.0,0,116,1.6411935091018677,0.01735858019874913,,out_of_road
1880,fresh,0,fresh,,,0,0.0,0,0,0,0,0,10.0,5.0,5.0,20.0,0,586,0.37645474076271057,0.00853653700651566,,out_of_road
1881,fresh,0,fresh,,,0,0.0,0,0,0,0,0,10.0,5.0,5.0,20.0,0,67,0.3389293849468231,0.011629383239561497,,out_of_road
1882,fresh,0,fresh,,,0,0.0,0,0,0,0,0,10.0,5.0,5.0,20.0,0,1000,7.607604503631592,0.03312658995343372,,max_step
1883,fresh,0,fresh,,,0,0.0,0,0,0,0,0,10.0,5.0,5.0,20.0,0,610,17.353010177612305,0.0852505331881894,,arrive_dest
1884,fresh,0,fresh,,,0,0.0,0,0,0,0,0,10.0,5.0,5.0,20.0,0,591,16.255447387695312,0.08564093142555626,,arrive_dest
1885,fresh,0,fresh,,,0,0.0,0,0,0,0,0,10.0,5.0,5.0,20.0,0,1000,0.0007729381904937327,0.0,,max_step
1886,fresh,0,fresh,,,0,0.0,0,0,0,0,0,10.0,5.0,5.0,20.0,0,880,23.765233993530273,0.11505690925643483,,arrive_dest
1887,fresh,0,fresh,,,0,0.0,0,0,0,0,0,10.0,5.0,5.0,20.0,0,135,1.8029828071594238,0.018514925538113822,,out_of_road
1888,fresh,0,fresh,,,0,0.0,0,0,0,0,0,10.0,5.0,5.0,20.0,0,1000,10.63051700592041,0.051007827660418115,,max_step
1889,fresh,0,fresh,,,0,0.0,0,0,0,0,0,10.0,5.0,5.0,20.0,0,22,-0.07790861278772354,0.034380487420342186,,out_of_road
1890,fresh,0,fresh,,,0,0.0,0,0,0,0,0,10.0,5.0,5.0,20.0,0,385,10.922558784484863,0.08086796322861663,,arrive_dest
1891,fresh,0,fresh,,,0,0.0,0,0,0,0,0,10.0,5.0,5.0,20.0,0,22,-0.11621628701686859,0.0,,out_of_road
1892,fresh,0,fresh,,,0,0.0,0,0,0,0,0,10.0,5.0,5.0,20.0,0,122,2.35788631439209,0.005711045902466677,,arrive_dest
1893,fresh,0,fresh,,,0,0.0,0,0,0,0,0,10.0,5.0,5.0,20.0,0,563,14.828840255737305,0.07571577824706784,,out_of_road
1894,fresh,0,fresh,,,0,0.0,0,0,0,0,0,10.0,5.0,5.0,20.0,0,639,15.818343162536621,0.09653891637230493,,arrive_dest
1895,fresh,0,fresh,,,0,0.0,0,0,0,0,0,10.0,5.0,5.0,20.0,0,1000,4.553053379058838,0.00950666149146855,,max_step
1896,fresh,0,fresh,,,0,0.0,0,0,0,0,0,10.0,5.0,5.0,20.0,0,1000,1.7411960363388062,0.0055714985984668605,,max_step
1897,fresh,0,fresh,,,0,0.0,0,0,0,0,0,10.0,5.0,5.0,20.0,0,1000,3.534592628479004,0.009466964468767401,,max_step
1898,fresh,0,fresh,,,0,0.0,0,0,0,0,0,10.0,5.0,5.0,20.0,0,1000,1.8198843002319336,0.005034995530440938,,max_step
1899,fresh,0,fresh,,,0,0.0,0,0,0,0,0,10.0,5.0,5.0,20.0,0,304,3.6679468154907227,0.023197508813035183,,out_of_road
1900,fresh,0,fresh,,,0,0.0,0,0,0,0,0,10.0,5.0,5.0,20.0,0,97,1.8162308931350708,0.026339948676603355,,arrive_dest
1901,fresh,0,fresh,,,0,0.0,0,0,0,0,0,10.0,5.0,5.0,20.0,0,752,20.561418533325195,0.09342775134118324,,arrive_dest
1902,fresh,0,fresh,,,0,0.0,0,0,0,0,0,10.0,5.0,5.0,20.0,0,433,10.27082633972168,0.055963795135275184,,arrive_dest
1903,fresh,0,fresh,,,0,0.0,0,0,0,0,0,10.0,5.0,5.0,20.0,0,126,1.949026107788086,0.011100358266886028,,out_of_road
1904,fresh,0,fresh,,,0,0.0,0,0,0,0,0,10.0,5.0,5.0,20.0,0,309,8.836801528930664,0.09250606924090474,,arrive_dest
1905,fresh,0,fresh,,,0,0.0,0,0,0,0,0,10.0,5.0,5.0,20.0,0,146,1.4083374738693237,0.0065139536873424705,,out_of_road
1906,fresh,0,fresh,,,0,0.0,0,0,0,0,0,10.0,5.0,5.0,20.0,0,230,0.3318101763725281,0.004692298494805784,,out_of_road
1907,fresh,0,fresh,,,0,0.0,0,0,0,0,0,10.0,5.0,5.0,20.0,0,657,19.478336334228516,0.14054298434580875,,arrive_dest
1908,fresh,0,fresh,,,0,0.0,0,0,0,0,0,10.0,5.0,5.0,20.0,0,538,15.324942588806152,0.10408284871399291,,arrive_dest
1909,fresh,0,fresh,,,0,0.0,0,0,0,0,0,10.0,5.0,5.0,20.0,0,284,7.366154670715332,0.06801813425296183,,arrive_dest
1910,fresh,0,fresh,,,0,0.0,0,0,0,0,0,10.0,5.0,5.0,20.0,0,797,21.359010696411133,0.11538612694535615,,arrive_dest
1911,fresh,0,fresh,,,0,0.0,0,0,0,0,0,10.0,5.0,5.0,20.0,0,59,0.06429434567689896,0.01345131041134818,,out_of_road
1912,fresh,0,fresh,,,0,0.0,0,0,0,0,0,10.0,5.0,5.0,20.0,0,361,9.182668685913086,0.07950064236133093,,arrive_dest
1913,fresh,0,fresh,,,0,0.0,0,0,0,0,0,10.0,5.0,5.0,20.0,0,254,1.7724628448486328,0.014086847176581005,,out_of_road
1914,fresh,0,fresh,,,0,0.0,0,0,0,0,0,10.0,5.0,5.0,20.0,0,617,16.2043514251709,0.084590696356134,,arrive_dest
1915,fresh,0,fresh,,,0,0.0,0,0,0,0,0,10.0,5.0,5.0,20.0,0,1000,2.202004909515381,0.00870613863854669,,max_step
1916,fresh,0,fresh,,,0,0.0,0,0,0,0,0,10.0,5.0,5.0,20.0,0,106,1.2014926671981812,0.03682107049620376,,out_of_road
1917,fresh,0,fresh,,,0,0.0,0,0,0,0,0,10.0,5.0,5.0,20.0,0,1000,1.7539502382278442,0.0021352761425077913,,max_step
1918,fresh,0,fresh,,,0,0.0,0,0,0,0,0,10.0,5.0,5.0,20.0,0,535,12.198759078979492,0.13460119273165397,,out_of_road
1919,fresh,0,fresh,,,0,0.0,0,0,0,0,0,10.0,5.0,5.0,20.0,0,620,14.936110496520996,0.08267972613384407,,arrive_dest
1920,fresh,0,fresh,,,0,0.0,0,0,0,0,0,10.0,5.0,5.0,20.0,0,499,13.75728988647461,0.10773457799065776,,arrive_dest
1921,fresh,0,fresh,,,0,0.0,0,0,0,0,0,10.0,5.0,5.0,20.0,0,68,0.3568115234375,0.017278191393843907,,out_of_road
1922,fresh,0,fresh,,,0,0.0,0,0,0,0,0,10.0,5.0,5.0,20.0,0,1000,0.4648909270763397,0.006137049285578541,,max_step
1923,fresh,0,fresh,,,0,0.0,0,0,0,0,0,10.0,5.0,5.0,20.0,0,124,1.79408860206604,0.015667003849821705,,out_of_road
1924,fresh,0,fresh,,,0,0.0,0,0,0,0,0,10.0,5.0,5.0,20.0,0,196,5.674837112426758,0.08292370928185326,,out_of_road
1925,fresh,0,fresh,,,0,0.0,0,0,0,0,0,10.0,5.0,5.0,20.0,0,1000,3.1729912757873535,0.007424699051887728,,max_step
1926,fresh,0,fresh,,,0,0.0,0,0,0,0,0,10.0,5.0,5.0,20.0,0,27,-0.13612647354602814,0.03082921990641841,,out_of_road
1927,fresh,0,fresh,,,0,0.0,0,0,0,0,0,10.0,5.0,5.0,20.0,0,541,15.277307510375977,0.10726149427806081,,arrive_dest
1928,fresh,0,fresh,,,0,0.0,0,0,0,0,0,10.0,5.0,5.0,20.0,0,1000,9.14254379272461,0.02279553844613838,,max_step
1929,fresh,0,fresh,,,0,0.0,0,0,0,0,0,10.0,5.0,5.0,20.0,0,862,25.482131958007812,0.12300258935450764,,arrive_dest
1930,fresh,0,fresh,,,0,0.0,0,0,0,0,0,10.0,5.0,5.0,20.0,0,1000,0.0010080831125378609,0.0,,max_step
1931,fresh,0,fresh,,,0,0.0,0,0,0,0,0,10.0,5.0,5.0,20.0,0,278,5.8650736808776855,0.040610233589792426,,out_of_road
1932,fresh,0,fresh,,,0,0.0,0,0,0,0,0,10.0,5.0,5.0,20.0,0,774,20.559629440307617,0.08789484436324141,,out_of_road
1933,fresh,0,fresh,,,0,0.0,0,0,0,0,0,10.0,5.0,5.0,20.0,0,607,16.583526611328125,0.08351917328816245,,out_of_road
1934,fresh,0,fresh,,,0,0.0,0,0,0,0,0,10.0,5.0,5.0,20.0,0,418,10.331687927246094,0.07142418537636479,,arrive_dest
1935,fresh,0,fresh,,,0,0.0,0,0,0,0,0,10.0,5.0,5.0,20.0,0,260,7.054790496826172,0.07926944380652948,,out_of_road
1936,fresh,0,fresh,,,0,0.0,0,0,0,0,0,10.0,5.0,5.0,20.0,0,328,7.774618148803711,0.06954120522046961,,out_of_road
1937,fresh,0,fresh,,,0,0.0,0,0,0,0,0,10.0,5.0,5.0,20.0,0,214,5.638691425323486,0.03890457203846738,,out_of_road
1938,fresh,0,fresh,,,0,0.0,0,0,0,0,0,10.0,5.0,5.0,20.0,0,71,1.294797658920288,0.05221743181242909,,arrive_dest
1939,fresh,0,fresh,,,0,0.0,0,0,0,0,0,10.0,5.0,5.0,20.0,0,324,7.781796455383301,0.1217724285332808,,out_of_road
1940,fresh,0,fresh,,,0,0.0,0,0,0,0,0,10.0,5.0,5.0,20.0,0,247,4.722038745880127,0.04552835780139334,,arrive_dest
1941,fresh,0,fresh,,,0,0.0,0,0,0,0,0,10.0,5.0,5.0,20.0,0,591,16.5634765625,0.12962150379901913,,arrive_dest
1942,fresh,0,fresh,,,0,0.0,0,0,0,0,0,10.0,5.0,5.0,20.0,0,1000,6.119114875793457,0.01841297465772368,,max_step
1943,fresh,0,fresh,,,0,0.0,0,0,0,0,0,10.0,5.0,5.0,20.0,0,454,9.415246963500977,0.05803884417208379,,out_of_road
1944,fresh,0,fresh,,,0,0.0,0,0,0,0,0,10.0,5.0,5.0,20.0,0,201,6.162548065185547,0.11383627953739901,,arrive_dest
1945,fresh,0,fresh,,,0,0.0,0,0,0,0,0,10.0,5.0,5.0,20.0,0,98,1.4055871963500977,0.006569511675256856,,out_of_road
1946,fresh,0,fresh,,,0,0.0,0,0,0,0,0,10.0,5.0,5.0,20.0,0,149,2.5921406745910645,0.020844448907863373,,arrive_dest
1947,fresh,0,fresh,,,0,0.0,0,0,0,0,0,10.0,5.0,5.0,20.0,0,686,16.285310745239258,0.07469150428551605,,arrive_dest
1948,fresh,0,fresh,,,0,0.0,0,0,0,0,0,10.0,5.0,5.0,20.0,0,35,0.0177447572350502,0.0,,out_of_road
1949,fresh,0,fresh,,,0,0.0,0,0,0,0,0,10.0,5.0,5.0,20.0,0,201,2.421447515487671,0.05797363470646724,,out_of_road
1950,fresh,0,fresh,,,0,0.0,0,0,0,0,0,10.0,5.0,5.0,20.0,0,50,0.30746990442276,0.015343232899904252,,out_of_road
1951,fresh,0,fresh,,,0,0.0,0,0,0,0,0,10.0,5.0,5.0,20.0,0,737,20.252798080444336,0.09173848898544291,,arrive_dest
1952,fresh,0,fresh,,,0,0.0,0,0,0,0,0,10.0,5.0,5.0,20.0,0,200,3.4542813301086426,0.02105768067878671,,arrive_dest
1953,fresh,0,fresh,,,0,0.0,0,0,0,0,0,10.0,5.0,5.0,20.0,0,166,3.1924939155578613,0.047160529144422474,,arrive_dest
1954,fresh,0,fresh,,,0,0.0,0,0,0,0,0,10.0,5.0,5.0,20.0,0,485,0.33955612778663635,0.004089830022487674,,out_of_road
1955,fresh,0,fresh,,,0,0.0,0,0,0,0,0,10.0,5.0,5.0,20.0,0,268,7.607293605804443,0.11462317046069943,,arrive_dest
1956,fresh,0,fresh,,,0,0.0,0,0,0,0,0,10.0,5.0,5.0,20.0,0,354,9.043645858764648,0.07649640149915707,,arrive_dest
1957,fresh,0,fresh,,,0,0.0,0,0,0,0,0,10.0,5.0,5.0,20.0,0,192,5.738351345062256,0.09944401880299363,,arrive_dest
1958,fresh,0,fresh,,,0,0.0,0,0,0,0,0,10.0,5.0,5.0,20.0,0,680,19.458608627319336,0.16908485621200217,,out_of_road
1959,fresh,0,fresh,,,0,0.0,0,0,0,0,0,10.0,5.0,5.0,20.0,0,19,-0.12895765900611877,0.0,,out_of_road
1960,fresh,0,fresh,,,0,0.0,0,0,0,0,0,10.0,5.0,5.0,20.0,0,178,3.3951289653778076,0.02900058160316241,,arrive_dest
1961,fresh,0,fresh,,,0,0.0,0,0,0,0,0,10.0,5.0,5.0,20.0,0,195,5.55670166015625,0.06911722531494421,,out_of_road
1962,fresh,0,fresh,,,0,0.0,0,0,0,0,0,10.0,5.0,5.0,20.0,0,452,10.162659645080566,0.10924317554310088,,out_of_road
1963,fresh,0,fresh,,,0,0.0,0,0,0,0,0,10.0,5.0,5.0,20.0,0,667,20.230937957763672,0.13669888158307886,,arrive_dest
1964,fresh,0,fresh,,,0,0.0,0,0,0,0,0,10.0,5.0,5.0,20.0,0,865,24.305328369140625,0.08510431761966447,,arrive_dest
1965,fresh,0,fresh,,,0,0.0,0,0,0,0,0,10.0,5.0,5.0,20.0,0,1000,10.91397476196289,0.05303840622119606,,max_step
1966,fresh,0,fresh,,,0,0.0,0,0,0,0,0,10.0,5.0,5.0,20.0,0,323,8.468419075012207,0.11668304275525243,,out_of_road
