episode,op_actual,category_id,generation_source,params_mutated,params_crossed,n_params_differ,ego_speed,ego_on_intersection,intersection_has_cars,distractor_cars,has_brake_checker,has_cluster,maximum_distractor_speed,distance_to_nearest,cluster_dist,brake_dist,intersection_cars,num_steps,reward_sum,pvl,failure,termination_reason
0,fresh,0,fresh,,,0,0.0,0,0,0,0,0,10.0,5.0,5.0,20.0,0,999,47.74042510986328,0.7208336809290213,,max_step
1,fresh,0,fresh,,,0,0.0,0,0,0,0,0,10.0,5.0,5.0,20.0,0,1000,20.246658325195312,0.37551553058903664,,max_step
2,fresh,0,fresh,,,0,0.0,0,0,0,0,0,10.0,5.0,5.0,20.0,0,726,13.330120086669922,0.3712180349853957,,out_of_road
3,fresh,0,fresh,,,0,0.0,0,0,0,0,0,10.0,5.0,5.0,20.0,0,1000,11.586970329284668,0.18598674545320681,,max_step
4,fresh,0,fresh,,,0,0.0,0,0,0,0,0,10.0,5.0,5.0,20.0,0,359,-3.726757287979126,0.14319992889870675,,out_of_road
5,fresh,0,fresh,,,0,0.0,0,0,0,0,0,10.0,5.0,5.0,20.0,0,830,0.1439986228942871,0.11824775084135045,,out_of_road
6,fresh,0,fresh,,,0,0.0,0,0,0,0,0,10.0,5.0,5.0,20.0,0,1000,-5.864460468292236,0.0029266462540254,,max_step
7,fresh,0,fresh,,,0,0.0,0,0,0,0,0,10.0,5.0,5.0,20.0,0,1000,7.147758960723877,0.09668588389502838,,max_step
8,fresh,0,fresh,,,0,0.0,0,0,0,0,0,10.0,5.0,5.0,20.0,0,916,3.470088005065918,0.1287256139005213,,out_of_road
9,fresh,0,fresh,,,0,0.0,0,0,0,0,0,10.0,5.0,5.0,20.0,0,1000,14.754791259765625,0.1345665277991211,,max_step
10,fresh,0,fresh,,,0,0.0,0,0,0,0,0,10.0,5.0,5.0,20.0,0,544,2.5920472145080566,0.10095962025704519,,out_of_road
11,fresh,0,fresh,,,0,0.0,0,0,0,0,0,10.0,5.0,5.0,20.0,0,445,1.240750789642334,0.11053518705132805,,out_of_road
12,fresh,0,fresh,,,0,0.0,0,0,0,0,0,10.0,5.0,5.0,20.0,0,959,12.405729293823242,0.17456830786278896,,out_of_road
13,fresh,0,fresh,,,0,0.0,0,0,0,0,0,10.0,5.0,5.0,20.0,0,1000,9.431435585021973,0.08857934616692364,,max_step
14,fresh,0,fresh,,,0,0.0,0,0,0,0,0,10.0,5.0,5.0,20.0,0,757,1.8576478958129883,0.11897312088800617,,out_of_road
15,fresh,0,fresh,,,0,0.0,0,0,0,0,0,10.0,5.0,5.0,20.0,0,220,2.375760078430176,0.310450693694028,,out_of_road
16,fresh,0,fresh,,,0,0.0,0,0,0,0,0,10.0,5.0,5.0,20.0,0,1000,21.449668884277344,0.2100014466282446,,max_step
17,fresh,0,fresh,,,0,0.0,0,0,0,0,0,10.0,5.0,5.0,20.0,0,560,5.954113960266113,0.19681399812689052,,out_of_road
18,fresh,0,fresh,,,0,0.0,0,0,0,0,0,10.0,5.0,5.0,20.0,0,281,1.2594261169433594,0.09179053704164843,,out_of_road
19,fresh,0,fresh,,,0,0.0,0,0,0,0,0,10.0,5.0,5.0,20.0,0,472,7.033604621887207,0.2328243342315052,,out_of_road
20,fresh,0,fresh,,,0,0.0,0,0,0,0,0,10.0,5.0,5.0,20.0,0,1000,9.887210845947266,0.11321589403413236,,max_step
21,fresh,0,fresh,,,0,0.0,0,0,0,0,0,10.0,5.0,5.0,20.0,0,160,-1.2759969234466553,0.034286861275904815,,out_of_road
22,fresh,0,fresh,,,0,0.0,0,0,0,0,0,10.0,5.0,5.0,20.0,0,270,3.387688398361206,0.24581223709025868,,out_of_road
23,fresh,0,fresh,,,0,0.0,0,0,0,0,0,10.0,5.0,5.0,20.0,0,1000,13.072161674499512,0.12161702464800328,,max_step
24,fresh,0,fresh,,,0,0.0,0,0,0,0,0,10.0,5.0,5.0,20.0,0,425,5.859100341796875,0.24731571636436617,,out_of_road
25,fresh,0,fresh,,,0,0.0,0,0,0,0,0,10.0,5.0,5.0,20.0,0,501,11.061466217041016,0.3022470705038282,,out_of_road
26,fresh,0,fresh,,,0,0.0,0,0,0,0,0,10.0,5.0,5.0,20.0,0,1000,7.039190769195557,0.06801390399970114,,max_step
27,fresh,0,fresh,,,0,0.0,0,0,0,0,0,10.0,5.0,5.0,20.0,0,812,0.5938990116119385,0.036441335874366494,,out_of_road
28,fresh,0,fresh,,,0,0.0,0,0,0,0,0,10.0,5.0,5.0,20.0,0,253,1.7550883293151855,0.2821759429462107,,out_of_road
29,fresh,0,fresh,,,0,0.0,0,0,0,0,0,10.0,5.0,5.0,20.0,0,227,5.739162445068359,0.3993330733309036,,out_of_road
30,fresh,0,fresh,,,0,0.0,0,0,0,0,0,10.0,5.0,5.0,20.0,0,104,-1.312955617904663,0.16128396006444326,,out_of_road
31,fresh,0,fresh,,,0,0.0,0,0,0,0,0,10.0,5.0,5.0,20.0,0,1000,10.109292984008789,0.14517901932634414,,max_step
32,fresh,0,fresh,,,0,0.0,0,0,0,0,0,10.0,5.0,5.0,20.0,0,1000,19.98564338684082,0.20474299441836774,,max_step
33,fresh,0,fresh,,,0,0.0,0,0,0,0,0,10.0,5.0,5.0,20.0,0,1000,15.901126861572266,0.12880571975302882,,max_step
34,fresh,0,fresh,,,0,0.0,0,0,0,0,0,10.0,5.0,5.0,20.0,0,218,2.5774118900299072,0.24611627860763752,,out_of_road
35,fresh,0,fresh,,,0,0.0,0,0,0,0,0,10.0,5.0,5.0,20.0,0,512,0.8260853290557861,0.036912311501509976,,out_of_road
36,fresh,0,fresh,,,0,0.0,0,0,0,0,0,10.0,5.0,5.0,20.0,0,206,3.2015841007232666,0.22601298229696537,,out_of_road
37,fresh,0,fresh,,,0,0.0,0,0,0,0,0,10.0,5.0,5.0,20.0,0,899,8.259734153747559,0.10148412441716709,,out_of_road
38,fresh,0,fresh,,,0,0.0,0,0,0,0,0,10.0,5.0,5.0,20.0,0,814,25.392290115356445,0.37604397551284724,,out_of_road
39,fresh,0,fresh,,,0,0.0,0,0,0,0,0,10.0,5.0,5.0,20.0,0,114,10.753683090209961,1.2278499603271484,,arrive_dest
40,fresh,0,fresh,,,0,0.0,0,0,0,0,0,10.0,5.0,5.0,20.0,0,274,0.18300151824951172,0.0314303129829847,,out_of_road
41,fresh,0,fresh,,,0,0.0,0,0,0,0,0,10.0,5.0,5.0,20.0,0,385,9.848247528076172,0.1981787752166584,,out_of_road
42,fresh,0,fresh,,,0,0.0,0,0,0,0,0,10.0,5.0,5.0,20.0,0,491,4.383938312530518,0.09715677143782074,,out_of_road
43,fresh,0,fresh,,,0,0.0,0,0,0,0,0,10.0,5.0,5.0,20.0,0,213,-0.01904010772705078,0.039796199474676115,,out_of_road
44,fresh,0,fresh,,,0,0.0,0,0,0,0,0,10.0,5.0,5.0,20.0,0,435,5.588845729827881,0.11791282335788697,,out_of_road
45,fresh,0,fresh,,,0,0.0,0,0,0,0,0,10.0,5.0,5.0,20.0,0,83,-2.5731852054595947,0.006135439298239099,,out_of_road
46,fresh,0,fresh,,,0,0.0,0,0,0,0,0,10.0,5.0,5.0,20.0,0,633,20.026382446289062,0.3160197711895451,,out_of_road
47,fresh,0,fresh,,,0,0.0,0,0,0,0,0,10.0,5.0,5.0,20.0,0,265,-2.6888442039489746,0.032479059271830715,,out_of_road
48,fresh,0,fresh,,,0,0.0,0,0,0,0,0,10.0,5.0,5.0,20.0,0,624,28.254575729370117,0.4219837877794933,,out_of_road
49,fresh,0,fresh,,,0,0.0,0,0,0,0,0,10.0,5.0,5.0,20.0,0,534,0.29689860343933105,0.009001354934570941,,out_of_road
50,fresh,0,fresh,,,0,0.0,0,0,0,0,0,10.0,5.0,5.0,20.0,0,430,14.307877540588379,0.29750516296602614,,out_of_road
51,fresh,0,fresh,,,0,0.0,0,0,0,0,0,10.0,5.0,5.0,20.0,0,214,0.785223126411438,0.018471539658102616,,out_of_road
52,fresh,0,fresh,,,0,0.0,0,0,0,0,0,10.0,5.0,5.0,20.0,0,697,10.6221342086792,0.12058440509747975,,out_of_road
53,fresh,0,fresh,,,0,0.0,0,0,0,0,0,10.0,5.0,5.0,20.0,0,720,21.685470581054688,0.20569125675182376,,out_of_road
54,fresh,0,fresh,,,0,0.0,0,0,0,0,0,10.0,5.0,5.0,20.0,0,423,13.122649192810059,0.26862585170515957,,out_of_road
55,fresh,0,fresh,,,0,0.0,0,0,0,0,0,10.0,5.0,5.0,20.0,0,147,-0.02080237865447998,0.014738422508041063,,out_of_road
56,fresh,0,fresh,,,0,0.0,0,0,0,0,0,10.0,5.0,5.0,20.0,0,518,17.641815185546875,0.26431363032282146,,out_of_road
57,fresh,0,fresh,,,0,0.0,0,0,0,0,0,10.0,5.0,5.0,20.0,0,869,31.724361419677734,0.2537935263122527,,out_of_road
58,fresh,0,fresh,,,0,0.0,0,0,0,0,0,10.0,5.0,5.0,20.0,0,33,-0.8849353790283203,0.039226044308055534,,out_of_road
59,fresh,0,fresh,,,0,0.0,0,0,0,0,0,10.0,5.0,5.0,20.0,0,953,26.677949905395508,0.18586692634426596,,out_of_road
60,fresh,0,fresh,,,0,0.0,0,0,0,0,0,10.0,5.0,5.0,20.0,0,225,-0.005869746208190918,0.011013678593768015,,out_of_road
61,fresh,0,fresh,,,0,0.0,0,0,0,0,0,10.0,5.0,5.0,20.0,0,542,18.91023826599121,0.1579873215104711,,out_of_road
62,fresh,0,fresh,,,0,0.0,0,0,0,0,0,10.0,5.0,5.0,20.0,0,50,-1.287743330001831,0.01205488920211792,,out_of_road
63,fresh,0,fresh,,,0,0.0,0,0,0,0,0,10.0,5.0,5.0,20.0,0,1000,48.82951354980469,0.3141691937148571,,max_step
64,fresh,0,fresh,,,0,0.0,0,0,0,0,0,10.0,5.0,5.0,20.0,0,1000,38.458309173583984,0.17274270910443737,,max_step
65,fresh,0,fresh,,,0,0.0,0,0,0,0,0,10.0,5.0,5.0,20.0,0,1000,24.754121780395508,0.09763665948063135,,max_step
66,fresh,0,fresh,,,0,0.0,0,0,0,0,0,10.0,5.0,5.0,20.0,0,1000,23.560914993286133,0.11786634636856616,,max_step
67,fresh,0,fresh,,,0,0.0,0,0,0,0,0,10.0,5.0,5.0,20.0,0,718,7.551111221313477,0.04454864920013193,,out_of_road
68,fresh,0,fresh,,,0,0.0,0,0,0,0,0,10.0,5.0,5.0,20.0,0,967,25.761716842651367,0.11780053253681423,,out_of_road
69,fresh,0,fresh,,,0,0.0,0,0,0,0,0,10.0,5.0,5.0,20.0,0,1000,32.688106536865234,0.18639311517355964,,max_step
70,fresh,0,fresh,,,0,0.0,0,0,0,0,0,10.0,5.0,5.0,20.0,0,1000,23.147356033325195,0.14736769038345665,,max_step
71,fresh,0,fresh,,,0,0.0,0,0,0,0,0,10.0,5.0,5.0,20.0,0,161,-0.2624362111091614,0.0005397411607067037,,out_of_road
72,fresh,0,fresh,,,0,0.0,0,0,0,0,0,10.0,5.0,5.0,20.0,0,953,36.59046936035156,0.13125000147619026,,arrive_dest
73,fresh,0,fresh,,,0,0.0,0,0,0,0,0,10.0,5.0,5.0,20.0,0,1000,37.861305236816406,0.13843928243173287,,max_step
74,fresh,0,fresh,,,0,0.0,0,0,0,0,0,10.0,5.0,5.0,20.0,0,1000,1.0418740510940552,0.021069987822091206,,max_step
75,fresh,0,fresh,,,0,0.0,0,0,0,0,0,10.0,5.0,5.0,20.0,0,143,-0.5468140840530396,0.06067245025708751,,out_of_road
76,fresh,0,fresh,,,0,0.0,0,0,0,0,0,10.0,5.0,5.0,20.0,0,706,27.482702255249023,0.17587278685506127,,out_of_road
77,fresh,0,fresh,,,0,0.0,0,0,0,0,0,10.0,5.0,5.0,20.0,0,219,5.218807220458984,0.07705657002112093,,out_of_road
78,fresh,0,fresh,,,0,0.0,0,0,0,0,0,10.0,5.0,5.0,20.0,0,230,7.52293062210083,0.20533541897716728,,out_of_road
79,fresh,0,fresh,,,0,0.0,0,0,0,0,0,10.0,5.0,5.0,20.0,0,235,7.067729949951172,0.059343239019050247,,out_of_road
80,fresh,0,fresh,,,0,0.0,0,0,0,0,0,10.0,5.0,5.0,20.0,0,1000,22.262035369873047,0.12327998324949295,,max_step
81,fresh,0,fresh,,,0,0.0,0,0,0,0,0,10.0,5.0,5.0,20.0,0,77,1.330838918685913,0.038003896012321695,,out_of_road
82,fresh,0,fresh,,,0,0.0,0,0,0,0,0,10.0,5.0,5.0,20.0,0,1000,-0.00911047961562872,0.02662041733507067,,max_step
83,fresh,0,fresh,,,0,0.0,0,0,0,0,0,10.0,5.0,5.0,20.0,0,1000,23.45913314819336,0.07437129716540221,,max_step
84,fresh,0,fresh,,,0,0.0,0,0,0,0,0,10.0,5.0,5.0,20.0,0,270,7.697507381439209,0.06461718871637627,,out_of_road
85,fresh,0,fresh,,,0,0.0,0,0,0,0,0,10.0,5.0,5.0,20.0,0,2,1.032081961631775,0.0505015030503273,,arrive_dest
86,fresh,0,fresh,,,0,0.0,0,0,0,0,0,10.0,5.0,5.0,20.0,0,96,1.4618489742279053,0.04382110299775377,,out_of_road
87,fresh,0,fresh,,,0,0.0,0,0,0,0,0,10.0,5.0,5.0,20.0,0,1000,31.63068199157715,0.10210009769164026,,max_step
88,fresh,0,fresh,,,0,0.0,0,0,0,0,0,10.0,5.0,5.0,20.0,0,1000,36.63970184326172,0.1165813948395662,,max_step
89,fresh,0,fresh,,,0,0.0,0,0,0,0,0,10.0,5.0,5.0,20.0,0,1000,26.60274314880371,0.08408896443701815,,max_step
90,fresh,0,fresh,,,0,0.0,0,0,0,0,0,10.0,5.0,5.0,20.0,0,555,15.481096267700195,0.0860296420031437,,arrive_dest
91,fresh,0,fresh,,,0,0.0,0,0,0,0,0,10.0,5.0,5.0,20.0,0,261,7.260624408721924,0.08506607727800634,,out_of_road
92,fresh,0,fresh,,,0,0.0,0,0,0,0,0,10.0,5.0,5.0,20.0,0,347,9.792226791381836,0.15027341253985718,,out_of_road
93,fresh,0,fresh,,,0,0.0,0,0,0,0,0,10.0,5.0,5.0,20.0,0,898,25.52151870727539,0.07638817879667958,,arrive_dest
94,fresh,0,fresh,,,0,0.0,0,0,0,0,0,10.0,5.0,5.0,20.0,0,1000,27.995519638061523,0.06796409097185824,,max_step
95,fresh,0,fresh,,,0,0.0,0,0,0,0,0,10.0,5.0,5.0,20.0,0,585,17.783273696899414,0.11275945745376695,,arrive_dest
96,fresh,0,fresh,,,0,0.0,0,0,0,0,0,10.0,5.0,5.0,20.0,0,1000,26.07636070251465,0.09420097039942629,,max_step
97,fresh,0,fresh,,,0,0.0,0,0,0,0,0,10.0,5.0,5.0,20.0,0,862,4.913330554962158,0.0146123506496131,,out_of_road
98,fresh,0,fresh,,,0,0.0,0,0,0,0,0,10.0,5.0,5.0,20.0,0,1000,29.302635192871094,0.07643347617017571,,max_step
99,fresh,0,fresh,,,0,0.0,0,0,0,0,0,10.0,5.0,5.0,20.0,0,768,21.019800186157227,0.08556202339938561,,arrive_dest
100,fresh,0,fresh,,,0,0.0,0,0,0,0,0,10.0,5.0,5.0,20.0,0,731,23.693286895751953,0.07096612951227765,,out_of_road
101,fresh,0,fresh,,,0,0.0,0,0,0,0,0,10.0,5.0,5.0,20.0,0,200,4.815235137939453,0.04081826251000166,,out_of_road
102,fresh,0,fresh,,,0,0.0,0,0,0,0,0,10.0,5.0,5.0,20.0,0,1000,0.028030814602971077,0.027350461333291606,,max_step
103,fresh,0,fresh,,,0,0.0,0,0,0,0,0,10.0,5.0,5.0,20.0,0,738,24.962602615356445,0.1250266289897831,,out_of_road
104,fresh,0,fresh,,,0,0.0,0,0,0,0,0,10.0,5.0,5.0,20.0,0,804,25.760330200195312,0.09708473082715519,,out_of_road
105,fresh,0,fresh,,,0,0.0,0,0,0,0,0,10.0,5.0,5.0,20.0,0,1000,30.66925621032715,0.08034804797824473,,max_step
106,fresh,0,fresh,,,0,0.0,0,0,0,0,0,10.0,5.0,5.0,20.0,0,799,20.600387573242188,0.04489409419893286,,out_of_road
107,fresh,0,fresh,,,0,0.0,0,0,0,0,0,10.0,5.0,5.0,20.0,0,466,15.300809860229492,0.04531003120507697,,arrive_dest
108,fresh,0,fresh,,,0,0.0,0,0,0,0,0,10.0,5.0,5.0,20.0,0,1000,31.548677444458008,0.0994085037317127,,max_step
109,fresh,0,fresh,,,0,0.0,0,0,0,0,0,10.0,5.0,5.0,20.0,0,525,15.949036598205566,0.05231675639038994,,out_of_road
110,fresh,0,fresh,,,0,0.0,0,0,0,0,0,10.0,5.0,5.0,20.0,0,1000,32.97261428833008,0.07393577906279825,,max_step
111,fresh,0,fresh,,,0,0.0,0,0,0,0,0,10.0,5.0,5.0,20.0,0,1000,33.552677154541016,0.09945144959073514,,max_step
112,fresh,0,fresh,,,0,0.0,0,0,0,0,0,10.0,5.0,5.0,20.0,0,1000,22.91918182373047,0.07904698795732111,,max_step
113,fresh,0,fresh,,,0,0.0,0,0,0,0,0,10.0,5.0,5.0,20.0,0,1000,30.41057586669922,0.06556832780246623,,max_step
114,fresh,0,fresh,,,0,0.0,0,0,0,0,0,10.0,5.0,5.0,20.0,0,154,3.118779420852661,0.005692948454192707,,out_of_road
115,fresh,0,fresh,,,0,0.0,0,0,0,0,0,10.0,5.0,5.0,20.0,0,500,15.715519905090332,0.057697227066382764,,arrive_dest
116,fresh,0,fresh,,,0,0.0,0,0,0,0,0,10.0,5.0,5.0,20.0,0,375,12.220056533813477,0.04923961766064167,,out_of_road
117,fresh,0,fresh,,,0,0.0,0,0,0,0,0,10.0,5.0,5.0,20.0,0,1000,20.741527557373047,0.06334631127153989,,max_step
118,fresh,0,fresh,,,0,0.0,0,0,0,0,0,10.0,5.0,5.0,20.0,0,477,12.773347854614258,0.03384965061272575,,out_of_road
119,fresh,0,fresh,,,0,0.0,0,0,0,0,0,10.0,5.0,5.0,20.0,0,307,6.802145004272461,0.018621529859008345,,out_of_road
120,fresh,0,fresh,,,0,0.0,0,0,0,0,0,10.0,5.0,5.0,20.0,0,1000,0.044538628309965134,0.08461655649542808,,max_step
121,fresh,0,fresh,,,0,0.0,0,0,0,0,0,10.0,5.0,5.0,20.0,0,166,4.4947509765625,0.074786756137184,,out_of_road
122,fresh,0,fresh,,,0,0.0,0,0,0,0,0,10.0,5.0,5.0,20.0,0,847,31.062299728393555,0.13101121910255065,,arrive_dest
123,fresh,0,fresh,,,0,0.0,0,0,0,0,0,10.0,5.0,5.0,20.0,0,332,9.633097648620605,0.09828587204599416,,arrive_dest
124,fresh,0,fresh,,,0,0.0,0,0,0,0,0,10.0,5.0,5.0,20.0,0,620,18.910451889038086,0.04819923427158726,,arrive_dest
125,fresh,0,fresh,,,0,0.0,0,0,0,0,0,10.0,5.0,5.0,20.0,0,533,15.950790405273438,0.06289900074575112,,arrive_dest
126,fresh,0,fresh,,,0,0.0,0,0,0,0,0,10.0,5.0,5.0,20.0,0,204,4.418217182159424,0.023556002534414623,,out_of_road
127,fresh,0,fresh,,,0,0.0,0,0,0,0,0,10.0,5.0,5.0,20.0,0,512,15.252642631530762,0.06846469271658862,,out_of_road
128,fresh,0,fresh,,,0,0.0,0,0,0,0,0,10.0,5.0,5.0,20.0,0,1000,3.746861457824707,0.002837934885174036,,max_step
129,fresh,0,fresh,,,0,0.0,0,0,0,0,0,10.0,5.0,5.0,20.0,0,351,11.498835563659668,0.05014946263421465,,out_of_road
130,fresh,0,fresh,,,0,0.0,0,0,0,0,0,10.0,5.0,5.0,20.0,0,343,9.30409049987793,0.05607470361727667,,out_of_road
131,fresh,0,fresh,,,0,0.0,0,0,0,0,0,10.0,5.0,5.0,20.0,0,35,-0.27179154753685,0.03357964243207659,,out_of_road
132,fresh,0,fresh,,,0,0.0,0,0,0,0,0,10.0,5.0,5.0,20.0,0,447,14.683100700378418,0.13269541291540835,,out_of_road
133,fresh,0,fresh,,,0,0.0,0,0,0,0,0,10.0,5.0,5.0,20.0,0,515,17.531330108642578,0.10247786837331589,,out_of_road
134,fresh,0,fresh,,,0,0.0,0,0,0,0,0,10.0,5.0,5.0,20.0,0,312,7.999661922454834,0.04294628898004213,,out_of_road
135,fresh,0,fresh,,,0,0.0,0,0,0,0,0,10.0,5.0,5.0,20.0,0,1000,33.868011474609375,0.1270860247341916,,max_step
136,fresh,0,fresh,,,0,0.0,0,0,0,0,0,10.0,5.0,5.0,20.0,0,1000,16.843229293823242,0.07303080195374786,,max_step
137,fresh,0,fresh,,,0,0.0,0,0,0,0,0,10.0,5.0,5.0,20.0,0,86,2.1210057735443115,0.013630604782943116,,arrive_dest
138,fresh,0,fresh,,,0,0.0,0,0,0,0,0,10.0,5.0,5.0,20.0,0,283,-0.3247404396533966,0.35666993855376966,,out_of_road
139,fresh,0,fresh,,,0,0.0,0,0,0,0,0,10.0,5.0,5.0,20.0,0,948,28.74883270263672,0.1279249344141918,,arrive_dest
140,fresh,0,fresh,,,0,0.0,0,0,0,0,0,10.0,5.0,5.0,20.0,0,981,33.493106842041016,0.12206374828596424,,arrive_dest
141,fresh,0,fresh,,,0,0.0,0,0,0,0,0,10.0,5.0,5.0,20.0,0,410,12.604692459106445,0.11231236001476645,,out_of_road
142,fresh,0,fresh,,,0,0.0,0,0,0,0,0,10.0,5.0,5.0,20.0,0,575,16.439470291137695,0.05561464606905761,,out_of_road
143,fresh,0,fresh,,,0,0.0,0,0,0,0,0,10.0,5.0,5.0,20.0,0,567,18.191469192504883,0.14500363397196828,,arrive_dest
144,fresh,0,fresh,,,0,0.0,0,0,0,0,0,10.0,5.0,5.0,20.0,0,1000,2.317948579788208,0.005527174655348062,,max_step
145,fresh,0,fresh,,,0,0.0,0,0,0,0,0,10.0,5.0,5.0,20.0,0,669,22.92822265625,0.13748087889204422,,out_of_road
146,fresh,0,fresh,,,0,0.0,0,0,0,0,0,10.0,5.0,5.0,20.0,0,875,27.626665115356445,0.10763702606409788,,arrive_dest
147,fresh,0,fresh,,,0,0.0,0,0,0,0,0,10.0,5.0,5.0,20.0,0,292,7.411850452423096,0.09153217196541086,,arrive_dest
148,fresh,0,fresh,,,0,0.0,0,0,0,0,0,10.0,5.0,5.0,20.0,0,71,-0.025647297501564026,0.003329773184279321,,out_of_road
149,fresh,0,fresh,,,0,0.0,0,0,0,0,0,10.0,5.0,5.0,20.0,0,254,5.921641826629639,0.030389076656126602,,arrive_dest
150,fresh,0,fresh,,,0,0.0,0,0,0,0,0,10.0,5.0,5.0,20.0,0,446,14.704208374023438,0.14332334192745355,,out_of_road
151,fresh,0,fresh,,,0,0.0,0,0,0,0,0,10.0,5.0,5.0,20.0,0,210,6.819779872894287,0.11523400029788415,,out_of_road
152,fresh,0,fresh,,,0,0.0,0,0,0,0,0,10.0,5.0,5.0,20.0,0,542,17.405359268188477,0.0964076010496579,,out_of_road
153,fresh,0,fresh,,,0,0.0,0,0,0,0,0,10.0,5.0,5.0,20.0,0,124,2.4080004692077637,0.010803209557648628,,out_of_road
154,fresh,0,fresh,,,0,0.0,0,0,0,0,0,10.0,5.0,5.0,20.0,0,376,12.5475492477417,0.12257840348397718,,out_of_road
155,fresh,0,fresh,,,0,0.0,0,0,0,0,0,10.0,5.0,5.0,20.0,0,203,4.9752516746521,0.03860106222615967,,out_of_road
156,fresh,0,fresh,,,0,0.0,0,0,0,0,0,10.0,5.0,5.0,20.0,0,529,11.924799919128418,0.0783517101571837,,out_of_road
157,fresh,0,fresh,,,0,0.0,0,0,0,0,0,10.0,5.0,5.0,20.0,0,475,12.986090660095215,0.08795420389034246,,out_of_road
158,fresh,0,fresh,,,0,0.0,0,0,0,0,0,10.0,5.0,5.0,20.0,0,68,-0.20370584726333618,0.005560953389195835,,out_of_road
159,fresh,0,fresh,,,0,0.0,0,0,0,0,0,10.0,5.0,5.0,20.0,0,343,12.162346839904785,0.1238888767507177,,out_of_road
160,fresh,0,fresh,,,0,0.0,0,0,0,0,0,10.0,5.0,5.0,20.0,0,436,14.24434757232666,0.10048516616097079,,out_of_road
161,fresh,0,fresh,,,0,0.0,0,0,0,0,0,10.0,5.0,5.0,20.0,0,425,12.169503211975098,0.11707683825427119,,out_of_road
162,fresh,0,fresh,,,0,0.0,0,0,0,0,0,10.0,5.0,5.0,20.0,0,193,3.9863436222076416,0.11951335626678454,,out_of_road
163,fresh,0,fresh,,,0,0.0,0,0,0,0,0,10.0,5.0,5.0,20.0,0,781,22.729129791259766,0.10425597289979587,,out_of_road
164,fresh,0,fresh,,,0,0.0,0,0,0,0,0,10.0,5.0,5.0,20.0,0,169,4.302490711212158,0.020217166331833635,,out_of_road
165,fresh,0,fresh,,,0,0.0,0,0,0,0,0,10.0,5.0,5.0,20.0,0,365,10.448637962341309,0.09720113560659428,,out_of_road
166,fresh,0,fresh,,,0,0.0,0,0,0,0,0,10.0,5.0,5.0,20.0,0,136,2.8795478343963623,0.013670004983021714,,out_of_road
167,fresh,0,fresh,,,0,0.0,0,0,0,0,0,10.0,5.0,5.0,20.0,0,61,0.5753257274627686,0.04919661657854182,,out_of_road
168,fresh,0,fresh,,,0,0.0,0,0,0,0,0,10.0,5.0,5.0,20.0,0,223,4.625209808349609,0.03396463646415638,,out_of_road
169,fresh,0,fresh,,,0,0.0,0,0,0,0,0,10.0,5.0,5.0,20.0,0,116,1.981078028678894,0.026287267390028412,,out_of_road
170,fresh,0,fresh,,,0,0.0,0,0,0,0,0,10.0,5.0,5.0,20.0,0,89,-0.2221241444349289,0.0,,out_of_road
171,fresh,0,fresh,,,0,0.0,0,0,0,0,0,10.0,5.0,5.0,20.0,0,496,17.087997436523438,0.15841043091964938,,out_of_road
172,fresh,0,fresh,,,0,0.0,0,0,0,0,0,10.0,5.0,5.0,20.0,0,137,3.0051987171173096,0.010391279456824281,,out_of_road
173,fresh,0,fresh,,,0,0.0,0,0,0,0,0,10.0,5.0,5.0,20.0,0,156,3.4888274669647217,0.02964282744170095,,out_of_road
174,fresh,0,fresh,,,0,0.0,0,0,0,0,0,10.0,5.0,5.0,20.0,0,305,9.470405578613281,0.07889202103537858,,out_of_road
175,fresh,0,fresh,,,0,0.0,0,0,0,0,0,10.0,5.0,5.0,20.0,0,653,23.36673927307129,0.16105412349681075,,arrive_dest
176,fresh,0,fresh,,,0,0.0,0,0,0,0,0,10.0,5.0,5.0,20.0,0,178,4.75568962097168,0.11557972055514541,,arrive_dest
177,fresh,0,fresh,,,0,0.0,0,0,0,0,0,10.0,5.0,5.0,20.0,0,199,4.732390403747559,0.029933660253695208,,arrive_dest
178,fresh,0,fresh,,,0,0.0,0,0,0,0,0,10.0,5.0,5.0,20.0,0,234,6.912545680999756,0.09683817841160373,,out_of_road
179,fresh,0,fresh,,,0,0.0,0,0,0,0,0,10.0,5.0,5.0,20.0,0,643,18.408117294311523,0.08005862722237063,,out_of_road
180,fresh,0,fresh,,,0,0.0,0,0,0,0,0,10.0,5.0,5.0,20.0,0,275,8.962077140808105,0.10302193670279601,,out_of_road
181,fresh,0,fresh,,,0,0.0,0,0,0,0,0,10.0,5.0,5.0,20.0,0,222,4.797080039978027,0.04334420759885295,,out_of_road
182,fresh,0,fresh,,,0,0.0,0,0,0,0,0,10.0,5.0,5.0,20.0,0,351,10.323182106018066,0.08752733959346755,,out_of_road
183,fresh,0,fresh,,,0,0.0,0,0,0,0,0,10.0,5.0,5.0,20.0,0,368,6.876476764678955,0.12168436692319,,out_of_road
184,fresh,0,fresh,,,0,0.0,0,0,0,0,0,10.0,5.0,5.0,20.0,0,654,24.988100051879883,0.2414932963609217,,out_of_road
185,fresh,0,fresh,,,0,0.0,0,0,0,0,0,10.0,5.0,5.0,20.0,0,253,8.61034107208252,0.05811443695570287,,out_of_road
186,fresh,0,fresh,,,0,0.0,0,0,0,0,0,10.0,5.0,5.0,20.0,0,353,11.097064018249512,0.10544703594242716,,out_of_road
187,fresh,0,fresh,,,0,0.0,0,0,0,0,0,10.0,5.0,5.0,20.0,0,208,6.315009117126465,0.07866144378203899,,out_of_road
188,fresh,0,fresh,,,0,0.0,0,0,0,0,0,10.0,5.0,5.0,20.0,0,271,8.753933906555176,0.06196523408965651,,out_of_road
189,fresh,0,fresh,,,0,0.0,0,0,0,0,0,10.0,5.0,5.0,20.0,0,280,8.534196853637695,0.060567102020805966,,out_of_road
190,fresh,0,fresh,,,0,0.0,0,0,0,0,0,10.0,5.0,5.0,20.0,0,38,-0.19278666377067566,0.00747286420511572,,out_of_road
191,fresh,0,fresh,,,0,0.0,0,0,0,0,0,10.0,5.0,5.0,20.0,0,299,9.086420059204102,0.08770200119113992,,out_of_road
192,fresh,0,fresh,,,0,0.0,0,0,0,0,0,10.0,5.0,5.0,20.0,0,1000,-0.007619183976203203,0.10883218852058053,,max_step
193,fresh,0,fresh,,,0,0.0,0,0,0,0,0,10.0,5.0,5.0,20.0,0,284,4.3532490730285645,0.04729316111253968,,out_of_road
194,fresh,0,fresh,,,0,0.0,0,0,0,0,0,10.0,5.0,5.0,20.0,0,169,4.384165287017822,0.028291561514051003,,out_of_road
195,fresh,0,fresh,,,0,0.0,0,0,0,0,0,10.0,5.0,5.0,20.0,0,458,11.674617767333984,0.07875124422739785,,out_of_road
196,fresh,0,fresh,,,0,0.0,0,0,0,0,0,10.0,5.0,5.0,20.0,0,48,-0.00998552143573761,0.0025140040864547095,,out_of_road
197,fresh,0,fresh,,,0,0.0,0,0,0,0,0,10.0,5.0,5.0,20.0,0,174,4.322097301483154,0.011234225825695643,,out_of_road
198,fresh,0,fresh,,,0,0.0,0,0,0,0,0,10.0,5.0,5.0,20.0,0,382,11.726322174072266,0.10816737993118104,,out_of_road
199,fresh,0,fresh,,,0,0.0,0,0,0,0,0,10.0,5.0,5.0,20.0,0,740,20.597673416137695,0.11649761531884291,,out_of_road
200,fresh,0,fresh,,,0,0.0,0,0,0,0,0,10.0,5.0,5.0,20.0,0,107,2.169015645980835,0.008196030182015394,,out_of_road
201,fresh,0,fresh,,,0,0.0,0,0,0,0,0,10.0,5.0,5.0,20.0,0,287,8.372703552246094,0.024402615538788537,,out_of_road
202,fresh,0,fresh,,,0,0.0,0,0,0,0,0,10.0,5.0,5.0,20.0,0,428,12.753427505493164,0.08465682467985376,,out_of_road
203,fresh,0,fresh,,,0,0.0,0,0,0,0,0,10.0,5.0,5.0,20.0,0,59,0.6159892082214355,0.02957554363598258,,out_of_road
204,fresh,0,fresh,,,0,0.0,0,0,0,0,0,10.0,5.0,5.0,20.0,0,404,11.729129791259766,0.08355659072628559,,out_of_road
205,fresh,0,fresh,,,0,0.0,0,0,0,0,0,10.0,5.0,5.0,20.0,0,364,11.275118827819824,0.09844916999777574,,out_of_road
206,fresh,0,fresh,,,0,0.0,0,0,0,0,0,10.0,5.0,5.0,20.0,0,1000,-0.011961201205849648,0.07352291787788272,,max_step
207,fresh,0,fresh,,,0,0.0,0,0,0,0,0,10.0,5.0,5.0,20.0,0,419,13.383600234985352,0.1376255449076541,,out_of_road
208,fresh,0,fresh,,,0,0.0,0,0,0,0,0,10.0,5.0,5.0,20.0,0,195,3.1167454719543457,0.007928638933942867,,out_of_road
209,fresh,0,fresh,,,0,0.0,0,0,0,0,0,10.0,5.0,5.0,20.0,0,350,10.604610443115234,0.07596665750390717,,arrive_dest
210,fresh,0,fresh,,,0,0.0,0,0,0,0,0,10.0,5.0,5.0,20.0,0,159,4.147933483123779,0.06544302895946323,,arrive_dest
211,fresh,0,fresh,,,0,0.0,0,0,0,0,0,10.0,5.0,5.0,20.0,0,1000,0.2508910000324249,0.0014759494438767434,,max_step
212,fresh,0,fresh,,,0,0.0,0,0,0,0,0,10.0,5.0,5.0,20.0,0,452,12.97756290435791,0.08218938599709438,,out_of_road
213,fresh,0,fresh,,,0,0.0,0,0,0,0,0,10.0,5.0,5.0,20.0,0,416,12.93126106262207,0.10023469520204414,,arrive_dest
214,fresh,0,fresh,,,0,0.0,0,0,0,0,0,10.0,5.0,5.0,20.0,0,126,2.5119500160217285,0.019293480412295415,,out_of_road
215,fresh,0,fresh,,,0,0.0,0,0,0,0,0,10.0,5.0,5.0,20.0,0,467,13.688570976257324,0.09533743711479599,,arrive_dest
216,fresh,0,fresh,,,0,0.0,0,0,0,0,0,10.0,5.0,5.0,20.0,0,288,8.135674476623535,0.07220003138516201,,out_of_road
217,fresh,0,fresh,,,0,0.0,0,0,0,0,0,10.0,5.0,5.0,20.0,0,378,11.600921630859375,0.0967315404956776,,out_of_road
218,fresh,0,fresh,,,0,0.0,0,0,0,0,0,10.0,5.0,5.0,20.0,0,289,8.23089599609375,0.05765116173019923,,out_of_road
219,fresh,0,fresh,,,0,0.0,0,0,0,0,0,10.0,5.0,5.0,20.0,0,43,0.8007112145423889,0.007157544063967328,,arrive_dest
220,fresh,0,fresh,,,0,0.0,0,0,0,0,0,10.0,5.0,5.0,20.0,0,314,8.495805740356445,0.029820979952480002,,out_of_road
221,fresh,0,fresh,,,0,0.0,0,0,0,0,0,10.0,5.0,5.0,20.0,0,175,4.6902289390563965,0.039861700454992904,,out_of_road
222,fresh,0,fresh,,,0,0.0,0,0,0,0,0,10.0,5.0,5.0,20.0,0,1000,0.36765652894973755,0.0010318549871444701,,max_step
223,fresh,0,fresh,,,0,0.0,0,0,0,0,0,10.0,5.0,5.0,20.0,0,292,6.750412940979004,0.0617100107180567,,out_of_road
224,fresh,0,fresh,,,0,0.0,0,0,0,0,0,10.0,5.0,5.0,20.0,0,145,2.818946123123169,0.0075101318544354935,,out_of_road
225,fresh,0,fresh,,,0,0.0,0,0,0,0,0,10.0,5.0,5.0,20.0,0,1000,15.120293617248535,0.04866405615303666,,max_step
226,fresh,0,fresh,,,0,0.0,0,0,0,0,0,10.0,5.0,5.0,20.0,0,2,0.37267547845840454,0.10644114017486572,,arrive_dest
227,fresh,0,fresh,,,0,0.0,0,0,0,0,0,10.0,5.0,5.0,20.0,0,201,4.543228626251221,0.008291363535421108,,out_of_road
228,fresh,0,fresh,,,0,0.0,0,0,0,0,0,10.0,5.0,5.0,20.0,0,502,14.234145164489746,0.07794752095518002,,out_of_road
229,fresh,0,fresh,,,0,0.0,0,0,0,0,0,10.0,5.0,5.0,20.0,0,116,2.8058433532714844,0.023382119497220064,,arrive_dest
230,fresh,0,fresh,,,0,0.0,0,0,0,0,0,10.0,5.0,5.0,20.0,0,490,12.051097869873047,0.07109923411768918,,out_of_road
231,fresh,0,fresh,,,0,0.0,0,0,0,0,0,10.0,5.0,5.0,20.0,0,131,2.294973850250244,0.007326503476227513,,out_of_road
232,fresh,0,fresh,,,0,0.0,0,0,0,0,0,10.0,5.0,5.0,20.0,0,343,10.012144088745117,0.10506092337348415,,out_of_road
233,fresh,0,fresh,,,0,0.0,0,0,0,0,0,10.0,5.0,5.0,20.0,0,248,6.284706115722656,0.023943487934077218,,out_of_road
234,fresh,0,fresh,,,0,0.0,0,0,0,0,0,10.0,5.0,5.0,20.0,0,419,12.36173152923584,0.10213771211050078,,out_of_road
235,fresh,0,fresh,,,0,0.0,0,0,0,0,0,10.0,5.0,5.0,20.0,0,347,8.346031188964844,0.07136073029232386,,arrive_dest
236,fresh,0,fresh,,,0,0.0,0,0,0,0,0,10.0,5.0,5.0,20.0,0,103,1.8928766250610352,0.021315235915837935,,out_of_road
237,fresh,0,fresh,,,0,0.0,0,0,0,0,0,10.0,5.0,5.0,20.0,0,339,11.36706829071045,0.14273705250503918,,out_of_road
238,fresh,0,fresh,,,0,0.0,0,0,0,0,0,10.0,5.0,5.0,20.0,0,154,2.489736795425415,0.03476625830902682,,out_of_road
239,fresh,0,fresh,,,0,0.0,0,0,0,0,0,10.0,5.0,5.0,20.0,0,162,3.0758514404296875,0.036049554906325575,,out_of_road
240,fresh,0,fresh,,,0,0.0,0,0,0,0,0,10.0,5.0,5.0,20.0,0,312,-0.25936418771743774,0.11328382985905194,,out_of_road
241,fresh,0,fresh,,,0,0.0,0,0,0,0,0,10.0,5.0,5.0,20.0,0,222,4.939209461212158,0.11525409241827826,,out_of_road
242,fresh,0,fresh,,,0,0.0,0,0,0,0,0,10.0,5.0,5.0,20.0,0,209,4.755641460418701,0.0425508256431259,,out_of_road
243,fresh,0,fresh,,,0,0.0,0,0,0,0,0,10.0,5.0,5.0,20.0,0,1000,0.12327739596366882,0.012535600521368906,,max_step
244,fresh,0,fresh,,,0,0.0,0,0,0,0,0,10.0,5.0,5.0,20.0,0,56,0.4282466471195221,0.026862863983426775,,out_of_road
245,fresh,0,fresh,,,0,0.0,0,0,0,0,0,10.0,5.0,5.0,20.0,0,1000,7.755865097045898,0.03534836208820343,,max_step
246,fresh,0,fresh,,,0,0.0,0,0,0,0,0,10.0,5.0,5.0,20.0,0,288,6.74839973449707,0.040726443080024585,,out_of_road
247,fresh,0,fresh,,,0,0.0,0,0,0,0,0,10.0,5.0,5.0,20.0,0,218,4.604287147521973,0.013766690221435706,,out_of_road
248,fresh,0,fresh,,,0,0.0,0,0,0,0,0,10.0,5.0,5.0,20.0,0,237,8.168717384338379,0.1149381872203657,,out_of_road
249,fresh,0,fresh,,,0,0.0,0,0,0,0,0,10.0,5.0,5.0,20.0,0,1000,8.562657356262207,0.03548737817863003,,max_step
250,fresh,0,fresh,,,0,0.0,0,0,0,0,0,10.0,5.0,5.0,20.0,0,148,2.9639172554016113,0.05452341537268178,,out_of_road
251,fresh,0,fresh,,,0,0.0,0,0,0,0,0,10.0,5.0,5.0,20.0,0,274,7.788827896118164,0.05366840741909823,,out_of_road
252,fresh,0,fresh,,,0,0.0,0,0,0,0,0,10.0,5.0,5.0,20.0,0,1000,4.161364555358887,0.06538306118734181,,max_step
253,fresh,0,fresh,,,0,0.0,0,0,0,0,0,10.0,5.0,5.0,20.0,0,652,18.517789840698242,0.1347306038401564,,arrive_dest
254,fresh,0,fresh,,,0,0.0,0,0,0,0,0,10.0,5.0,5.0,20.0,0,146,2.84472918510437,0.023995916684451578,,out_of_road
255,fresh,0,fresh,,,0,0.0,0,0,0,0,0,10.0,5.0,5.0,20.0,0,201,2.1725966930389404,0.03052026196498776,,out_of_road
256,fresh,0,fresh,,,0,0.0,0,0,0,0,0,10.0,5.0,5.0,20.0,0,340,10.011069297790527,0.11404816515004153,,out_of_road
257,fresh,0,fresh,,,0,0.0,0,0,0,0,0,10.0,5.0,5.0,20.0,0,344,10.96843147277832,0.1391587384954788,,arrive_dest
258,fresh,0,fresh,,,0,0.0,0,0,0,0,0,10.0,5.0,5.0,20.0,0,132,2.4246742725372314,0.024560384226567818,,out_of_road
259,fresh,0,fresh,,,0,0.0,0,0,0,0,0,10.0,5.0,5.0,20.0,0,1000,0.004497607238590717,0.00020512019097805023,,max_step
260,fresh,0,fresh,,,0,0.0,0,0,0,0,0,10.0,5.0,5.0,20.0,0,280,7.923009872436523,0.05722024645988962,,out_of_road
261,fresh,0,fresh,,,0,0.0,0,0,0,0,0,10.0,5.0,5.0,20.0,0,573,18.459728240966797,0.13232976195961563,,out_of_road
262,fresh,0,fresh,,,0,0.0,0,0,0,0,0,10.0,5.0,5.0,20.0,0,206,4.809933185577393,0.05318726915233199,,out_of_road
263,fresh,0,fresh,,,0,0.0,0,0,0,0,0,10.0,5.0,5.0,20.0,0,88,1.1990045309066772,0.012323799627748403,,out_of_road
264,fresh,0,fresh,,,0,0.0,0,0,0,0,0,10.0,5.0,5.0,20.0,0,647,18.904945373535156,0.10832737094018799,,out_of_road
265,fresh,0,fresh,,,0,0.0,0,0,0,0,0,10.0,5.0,5.0,20.0,0,294,9.195134162902832,0.09455911024651002,,arrive_dest
266,fresh,0,fresh,,,0,0.0,0,0,0,0,0,10.0,5.0,5.0,20.0,0,60,0.47165918350219727,0.025183137754599252,,out_of_road
267,fresh,0,fresh,,,0,0.0,0,0,0,0,0,10.0,5.0,5.0,20.0,0,347,10.839226722717285,0.1105227028945681,,arrive_dest
268,fresh,0,fresh,,,0,0.0,0,0,0,0,0,10.0,5.0,5.0,20.0,0,13,0.4080086946487427,0.10324501991271973,,arrive_dest
269,fresh,0,fresh,,,0,0.0,0,0,0,0,0,10.0,5.0,5.0,20.0,0,13,0.40660521388053894,0.0,,arrive_dest
270,fresh,0,fresh,,,0,0.0,0,0,0,0,0,10.0,5.0,5.0,20.0,0,251,6.630964279174805,0.06606425930081729,,out_of_road
271,fresh,0,fresh,,,0,0.0,0,0,0,0,0,10.0,5.0,5.0,20.0,0,699,21.193328857421875,0.12556782157196317,,out_of_road
272,fresh,0,fresh,,,0,0.0,0,0,0,0,0,10.0,5.0,5.0,20.0,0,130,2.2918365001678467,0.02875204885808321,,out_of_road
273,fresh,0,fresh,,,0,0.0,0,0,0,0,0,10.0,5.0,5.0,20.0,0,585,16.750343322753906,0.13216024493145892,,out_of_road
274,fresh,0,fresh,,,0,0.0,0,0,0,0,0,10.0,5.0,5.0,20.0,0,329,9.5657377243042,0.10515418098418546,,out_of_road
275,fresh,0,fresh,,,0,0.0,0,0,0,0,0,10.0,5.0,5.0,20.0,0,1000,2.4752559661865234,0.007667059091851116,,max_step
276,fresh,0,fresh,,,0,0.0,0,0,0,0,0,10.0,5.0,5.0,20.0,0,171,4.066338062286377,0.02465581274128448,,out_of_road
277,fresh,0,fresh,,,0,0.0,0,0,0,0,0,10.0,5.0,5.0,20.0,0,1000,4.269505023956299,0.019938882833812385,,max_step
278,fresh,0,fresh,,,0,0.0,0,0,0,0,0,10.0,5.0,5.0,20.0,0,215,4.844425678253174,0.06245807241648436,,out_of_road
279,fresh,0,fresh,,,0,0.0,0,0,0,0,0,10.0,5.0,5.0,20.0,0,645,20.356229782104492,0.1293966826549623,,out_of_road
280,fresh,0,fresh,,,0,0.0,0,0,0,0,0,10.0,5.0,5.0,20.0,0,113,2.165665864944458,0.013122777957304389,,out_of_road
281,fresh,0,fresh,,,0,0.0,0,0,0,0,0,10.0,5.0,5.0,20.0,0,468,11.358291625976562,0.12628009581428945,,out_of_road
282,fresh,0,fresh,,,0,0.0,0,0,0,0,0,10.0,5.0,5.0,20.0,0,203,5.688492774963379,0.07017822678343122,,out_of_road
283,fresh,0,fresh,,,0,0.0,0,0,0,0,0,10.0,5.0,5.0,20.0,0,1000,27.925010681152344,0.14260085856867954,,max_step
284,fresh,0,fresh,,,0,0.0,0,0,0,0,0,10.0,5.0,5.0,20.0,0,311,8.66729736328125,0.1105214872133957,,out_of_road
285,fresh,0,fresh,,,0,0.0,0,0,0,0,0,10.0,5.0,5.0,20.0,0,119,2.319920301437378,0.01812069962474228,,out_of_road
286,fresh,0,fresh,,,0,0.0,0,0,0,0,0,10.0,5.0,5.0,20.0,0,1000,0.005456316284835339,0.0005851898789405823,,max_step
287,fresh,0,fresh,,,0,0.0,0,0,0,0,0,10.0,5.0,5.0,20.0,0,1000,0.20152640342712402,0.006387588201090693,,max_step
288,fresh,0,fresh,,,0,0.0,0,0,0,0,0,10.0,5.0,5.0,20.0,0,630,19.57054328918457,0.10206736877139302,,arrive_dest
289,fresh,0,fresh,,,0,0.0,0,0,0,0,0,10.0,5.0,5.0,20.0,0,118,1.6982214450836182,0.013449927697242316,,out_of_road
290,fresh,0,fresh,,,0,0.0,0,0,0,0,0,10.0,5.0,5.0,20.0,0,45,0.7455270886421204,0.02073615656958686,,arrive_dest
291,fresh,0,fresh,,,0,0.0,0,0,0,0,0,10.0,5.0,5.0,20.0,0,307,10.019433975219727,0.13075085556140648,,arrive_dest
292,fresh,0,fresh,,,0,0.0,0,0,0,0,0,10.0,5.0,5.0,20.0,0,147,2.6873958110809326,0.047928353632185734,,out_of_road
293,fresh,0,fresh,,,0,0.0,0,0,0,0,0,10.0,5.0,5.0,20.0,0,669,21.189777374267578,0.13281457102091868,,out_of_road
294,fresh,0,fresh,,,0,0.0,0,0,0,0,0,10.0,5.0,5.0,20.0,0,271,7.307618141174316,0.04810655478223114,,out_of_road
295,fresh,0,fresh,,,0,0.0,0,0,0,0,0,10.0,5.0,5.0,20.0,0,27,0.5558014512062073,0.03752343742935746,,arrive_dest
296,fresh,0,fresh,,,0,0.0,0,0,0,0,0,10.0,5.0,5.0,20.0,0,343,9.008427619934082,0.06170637351691549,,out_of_road
297,fresh,0,fresh,,,0,0.0,0,0,0,0,0,10.0,5.0,5.0,20.0,0,486,12.255125045776367,0.08745751340984685,,out_of_road
298,fresh,0,fresh,,,0,0.0,0,0,0,0,0,10.0,5.0,5.0,20.0,0,225,4.721529483795166,0.05729084734908409,,out_of_road
299,fresh,0,fresh,,,0,0.0,0,0,0,0,0,10.0,5.0,5.0,20.0,0,419,12.189446449279785,0.12062780259439371,,arrive_dest
300,fresh,0,fresh,,,0,0.0,0,0,0,0,0,10.0,5.0,5.0,20.0,0,909,25.4046688079834,0.11662872196267368,,out_of_road
301,fresh,0,fresh,,,0,0.0,0,0,0,0,0,10.0,5.0,5.0,20.0,0,214,5.2698540687561035,0.02658843896438794,,out_of_road
302,fresh,0,fresh,,,0,0.0,0,0,0,0,0,10.0,5.0,5.0,20.0,0,63,0.43254566192626953,0.010161885622120092,,out_of_road
303,fresh,0,fresh,,,0,0.0,0,0,0,0,0,10.0,5.0,5.0,20.0,0,1000,0.007179541047662497,0.005241167182568461,,max_step
304,fresh,0,fresh,,,0,0.0,0,0,0,0,0,10.0,5.0,5.0,20.0,0,410,11.64440631866455,0.11093147913130318,,out_of_road
305,fresh,0,fresh,,,0,0.0,0,0,0,0,0,10.0,5.0,5.0,20.0,0,1000,-0.0068159811198711395,0.005852318741861382,,max_step
306,fresh,0,fresh,,,0,0.0,0,0,0,0,0,10.0,5.0,5.0,20.0,0,605,18.919418334960938,0.1157466927766492,,arrive_dest
307,fresh,0,fresh,,,0,0.0,0,0,0,0,0,10.0,5.0,5.0,20.0,0,26,-0.14051902294158936,0.04063907036414513,,out_of_road
308,fresh,0,fresh,,,0,0.0,0,0,0,0,0,10.0,5.0,5.0,20.0,0,296,7.011180400848389,0.059258165664662535,,out_of_road
309,fresh,0,fresh,,,0,0.0,0,0,0,0,0,10.0,5.0,5.0,20.0,0,288,8.332427978515625,0.07458644090446695,,arrive_dest
310,fresh,0,fresh,,,0,0.0,0,0,0,0,0,10.0,5.0,5.0,20.0,0,236,5.8211846351623535,0.05177005747001681,,out_of_road
311,fresh,0,fresh,,,0,0.0,0,0,0,0,0,10.0,5.0,5.0,20.0,0,224,5.740355491638184,0.050779750113308965,,out_of_road
312,fresh,0,fresh,,,0,0.0,0,0,0,0,0,10.0,5.0,5.0,20.0,0,237,4.741708755493164,0.07949877399872626,,arrive_dest
313,fresh,0,fresh,,,0,0.0,0,0,0,0,0,10.0,5.0,5.0,20.0,0,528,15.868707656860352,0.1190892823541424,,out_of_road
314,fresh,0,fresh,,,0,0.0,0,0,0,0,0,10.0,5.0,5.0,20.0,0,334,10.148378372192383,0.08208311411892315,,out_of_road
315,fresh,0,fresh,,,0,0.0,0,0,0,0,0,10.0,5.0,5.0,20.0,0,1000,0.0068752276711165905,0.0003362206878955476,,max_step
316,fresh,0,fresh,,,0,0.0,0,0,0,0,0,10.0,5.0,5.0,20.0,0,238,7.624117851257324,0.08793568108113435,,out_of_road
317,fresh,0,fresh,,,0,0.0,0,0,0,0,0,10.0,5.0,5.0,20.0,0,242,7.7381463050842285,0.1460814805709072,,arrive_dest
318,fresh,0,fresh,,,0,0.0,0,0,0,0,0,10.0,5.0,5.0,20.0,0,1000,-0.0045389700680971146,0.007413687411230057,,max_step
319,fresh,0,fresh,,,0,0.0,0,0,0,0,0,10.0,5.0,5.0,20.0,0,57,0.5099958181381226,0.03587059611291216,,out_of_road
320,fresh,0,fresh,,,0,0.0,0,0,0,0,0,10.0,5.0,5.0,20.0,0,286,4.1999921798706055,0.052431652384282615,,out_of_road
321,fresh,0,fresh,,,0,0.0,0,0,0,0,0,10.0,5.0,5.0,20.0,0,1000,0.16372045874595642,0.0005302158799022436,,max_step
322,fresh,0,fresh,,,0,0.0,0,0,0,0,0,10.0,5.0,5.0,20.0,0,579,15.940713882446289,0.1047290463397836,,arrive_dest
323,fresh,0,fresh,,,0,0.0,0,0,0,0,0,10.0,5.0,5.0,20.0,0,2,0.33464670181274414,0.0,,arrive_dest
324,fresh,0,fresh,,,0,0.0,0,0,0,0,0,10.0,5.0,5.0,20.0,0,648,18.73258399963379,0.09583780525344206,,out_of_road
325,fresh,0,fresh,,,0,0.0,0,0,0,0,0,10.0,5.0,5.0,20.0,0,166,3.47236967086792,0.022262284089670886,,out_of_road
326,fresh,0,fresh,,,0,0.0,0,0,0,0,0,10.0,5.0,5.0,20.0,0,252,7.175060272216797,0.03749744627358658,,out_of_road
327,fresh,0,fresh,,,0,0.0,0,0,0,0,0,10.0,5.0,5.0,20.0,0,228,4.275140285491943,0.05621295208274795,,out_of_road
328,fresh,0,fresh,,,0,0.0,0,0,0,0,0,10.0,5.0,5.0,20.0,0,798,25.175418853759766,0.14819208947669735,,arrive_dest
329,fresh,0,fresh,,,0,0.0,0,0,0,0,0,10.0,5.0,5.0,20.0,0,1000,0.05159613490104675,0.03334528374369256,,max_step
330,fresh,0,fresh,,,0,0.0,0,0,0,0,0,10.0,5.0,5.0,20.0,0,762,19.069238662719727,0.10808851464658858,,out_of_road
331,fresh,0,fresh,,,0,0.0,0,0,0,0,0,10.0,5.0,5.0,20.0,0,255,7.276147842407227,0.028335016334027636,,out_of_road
332,fresh,0,fresh,,,0,0.0,0,0,0,0,0,10.0,5.0,5.0,20.0,0,617,17.25677490234375,0.10838140597954887,,out_of_road
333,fresh,0,fresh,,,0,0.0,0,0,0,0,0,10.0,5.0,5.0,20.0,0,136,1.8303134441375732,0.015803494791993323,,out_of_road
334,fresh,0,fresh,,,0,0.0,0,0,0,0,0,10.0,5.0,5.0,20.0,0,116,1.5648349523544312,0.020752575425109988,,out_of_road
335,fresh,0,fresh,,,0,0.0,0,0,0,0,0,10.0,5.0,5.0,20.0,0,346,9.976829528808594,0.06453016997218089,,out_of_road
336,fresh,0,fresh,,,0,0.0,0,0,0,0,0,10.0,5.0,5.0,20.0,0,1000,-0.007570594549179077,0.06055178034678101,,max_step
337,fresh,0,fresh,,,0,0.0,0,0,0,0,0,10.0,5.0,5.0,20.0,0,151,2.633802652359009,0.16558513348761772,,arrive_dest
338,fresh,0,fresh,,,0,0.0,0,0,0,0,0,10.0,5.0,5.0,20.0,0,127,2.203552007675171,0.012688312738195179,,out_of_road
339,fresh,0,fresh,,,0,0.0,0,0,0,0,0,10.0,5.0,5.0,20.0,0,1000,3.574301242828369,0.005118167630396783,,max_step
340,fresh,0,fresh,,,0,0.0,0,0,0,0,0,10.0,5.0,5.0,20.0,0,594,15.298089027404785,0.06520601988751253,,arrive_dest
341,fresh,0,fresh,,,0,0.0,0,0,0,0,0,10.0,5.0,5.0,20.0,0,144,3.5576250553131104,0.05663882025530458,,out_of_road
342,fresh,0,fresh,,,0,0.0,0,0,0,0,0,10.0,5.0,5.0,20.0,0,525,13.362954139709473,0.08888732002072391,,arrive_dest
343,fresh,0,fresh,,,0,0.0,0,0,0,0,0,10.0,5.0,5.0,20.0,0,2,0.3268228769302368,0.0,,arrive_dest
344,fresh,0,fresh,,,0,0.0,0,0,0,0,0,10.0,5.0,5.0,20.0,0,582,15.059952735900879,0.13732770875358755,,out_of_road
345,fresh,0,fresh,,,0,0.0,0,0,0,0,0,10.0,5.0,5.0,20.0,0,625,17.498214721679688,0.08307687764689327,,out_of_road
346,fresh,0,fresh,,,0,0.0,0,0,0,0,0,10.0,5.0,5.0,20.0,0,395,8.924038887023926,0.06165028927918476,,out_of_road
347,fresh,0,fresh,,,0,0.0,0,0,0,0,0,10.0,5.0,5.0,20.0,0,377,7.516812324523926,0.038406903961727724,,out_of_road
348,fresh,0,fresh,,,0,0.0,0,0,0,0,0,10.0,5.0,5.0,20.0,0,363,9.463747024536133,0.06488202872991397,,out_of_road
349,fresh,0,fresh,,,0,0.0,0,0,0,0,0,10.0,5.0,5.0,20.0,0,177,2.0611603260040283,0.011239244544741797,,out_of_road
350,fresh,0,fresh,,,0,0.0,0,0,0,0,0,10.0,5.0,5.0,20.0,0,272,7.340945243835449,0.06391097254099269,,out_of_road
351,fresh,0,fresh,,,0,0.0,0,0,0,0,0,10.0,5.0,5.0,20.0,0,131,1.6533186435699463,0.07482314684236323,,out_of_road
352,fresh,0,fresh,,,0,0.0,0,0,0,0,0,10.0,5.0,5.0,20.0,0,269,7.1072678565979,0.07288614871001155,,out_of_road
353,fresh,0,fresh,,,0,0.0,0,0,0,0,0,10.0,5.0,5.0,20.0,0,164,3.8532190322875977,0.0510963793026238,,arrive_dest
354,fresh,0,fresh,,,0,0.0,0,0,0,0,0,10.0,5.0,5.0,20.0,0,597,14.958159446716309,0.12032164235160978,,out_of_road
355,fresh,0,fresh,,,0,0.0,0,0,0,0,0,10.0,5.0,5.0,20.0,0,236,5.248411655426025,0.11199801113314421,,out_of_road
356,fresh,0,fresh,,,0,0.0,0,0,0,0,0,10.0,5.0,5.0,20.0,0,306,8.678565979003906,0.08646717473401938,,arrive_dest
357,fresh,0,fresh,,,0,0.0,0,0,0,0,0,10.0,5.0,5.0,20.0,0,114,1.7657579183578491,0.01874286516389826,,out_of_road
358,fresh,0,fresh,,,0,0.0,0,0,0,0,0,10.0,5.0,5.0,20.0,0,448,8.443367958068848,0.04739868264628707,,out_of_road
359,fresh,0,fresh,,,0,0.0,0,0,0,0,0,10.0,5.0,5.0,20.0,0,717,2.1940717697143555,0.0031212916392495274,,out_of_road
360,fresh,0,fresh,,,0,0.0,0,0,0,0,0,10.0,5.0,5.0,20.0,0,208,3.9635491371154785,0.025105698967728622,,out_of_road
361,fresh,0,fresh,,,0,0.0,0,0,0,0,0,10.0,5.0,5.0,20.0,0,112,1.6195296049118042,0.008751499732690198,,out_of_road
362,fresh,0,fresh,,,0,0.0,0,0,0,0,0,10.0,5.0,5.0,20.0,0,464,11.347661018371582,0.07026236341234521,,out_of_road
363,fresh,0,fresh,,,0,0.0,0,0,0,0,0,10.0,5.0,5.0,20.0,0,142,2.193614959716797,0.018657859985414946,,out_of_road
364,fresh,0,fresh,,,0,0.0,0,0,0,0,0,10.0,5.0,5.0,20.0,0,287,6.361569404602051,0.08721488403344611,,arrive_dest
365,fresh,0,fresh,,,0,0.0,0,0,0,0,0,10.0,5.0,5.0,20.0,0,203,3.8047420978546143,0.019783613419967698,,out_of_road
366,fresh,0,fresh,,,0,0.0,0,0,0,0,0,10.0,5.0,5.0,20.0,0,459,12.989465713500977,0.09309646385784762,,arrive_dest
367,fresh,0,fresh,,,0,0.0,0,0,0,0,0,10.0,5.0,5.0,20.0,0,435,3.8585829734802246,0.03247833011307936,,out_of_road
368,fresh,0,fresh,,,0,0.0,0,0,0,0,0,10.0,5.0,5.0,20.0,0,121,2.334489107131958,0.011281934951639865,,out_of_road
369,fresh,0,fresh,,,0,0.0,0,0,0,0,0,10.0,5.0,5.0,20.0,0,122,1.8507087230682373,0.03466012843762387,,out_of_road
370,fresh,0,fresh,,,0,0.0,0,0,0,0,0,10.0,5.0,5.0,20.0,0,247,5.7540106773376465,0.10729980402765607,,out_of_road
371,fresh,0,fresh,,,0,0.0,0,0,0,0,0,10.0,5.0,5.0,20.0,0,265,7.297093868255615,0.05336958279762909,,out_of_road
372,fresh,0,fresh,,,0,0.0,0,0,0,0,0,10.0,5.0,5.0,20.0,0,1000,0.1233278140425682,0.03206852158438414,,max_step
373,fresh,0,fresh,,,0,0.0,0,0,0,0,0,10.0,5.0,5.0,20.0,0,35,-0.16260898113250732,0.02458637612206595,,out_of_road
374,fresh,0,fresh,,,0,0.0,0,0,0,0,0,10.0,5.0,5.0,20.0,0,425,11.762771606445312,0.10956703761154238,,out_of_road
375,fresh,0,fresh,,,0,0.0,0,0,0,0,0,10.0,5.0,5.0,20.0,0,229,4.017197132110596,0.1116977574315947,,out_of_road
376,fresh,0,fresh,,,0,0.0,0,0,0,0,0,10.0,5.0,5.0,20.0,0,389,10.655433654785156,0.09029045320297939,,arrive_dest
377,fresh,0,fresh,,,0,0.0,0,0,0,0,0,10.0,5.0,5.0,20.0,0,130,2.234670400619507,0.029829959055552115,,out_of_road
378,fresh,0,fresh,,,0,0.0,0,0,0,0,0,10.0,5.0,5.0,20.0,0,63,0.38085508346557617,0.00144109602958437,,out_of_road
379,fresh,0,fresh,,,0,0.0,0,0,0,0,0,10.0,5.0,5.0,20.0,0,230,5.70293664932251,0.05693758085532033,,out_of_road
380,fresh,0,fresh,,,0,0.0,0,0,0,0,0,10.0,5.0,5.0,20.0,0,427,11.51741886138916,0.13448765588296135,,out_of_road
381,fresh,0,fresh,,,0,0.0,0,0,0,0,0,10.0,5.0,5.0,20.0,0,1000,5.183923721313477,0.007709137191995979,,max_step
382,fresh,0,fresh,,,0,0.0,0,0,0,0,0,10.0,5.0,5.0,20.0,0,252,7.044541835784912,0.07418960837706451,,out_of_road
383,fresh,0,fresh,,,0,0.0,0,0,0,0,0,10.0,5.0,5.0,20.0,0,420,11.589284896850586,0.0913832436992033,,out_of_road
384,fresh,0,fresh,,,0,0.0,0,0,0,0,0,10.0,5.0,5.0,20.0,0,247,6.998470783233643,0.08706979288037127,,out_of_road
385,fresh,0,fresh,,,0,0.0,0,0,0,0,0,10.0,5.0,5.0,20.0,0,448,11.420816421508789,0.08021636874556341,,out_of_road
386,fresh,0,fresh,,,0,0.0,0,0,0,0,0,10.0,5.0,5.0,20.0,0,304,9.590239524841309,0.13428840941234835,,out_of_road
387,fresh,0,fresh,,,0,0.0,0,0,0,0,0,10.0,5.0,5.0,20.0,0,144,2.6052637100219727,0.05040395532786432,,out_of_road
388,fresh,0,fresh,,,0,0.0,0,0,0,0,0,10.0,5.0,5.0,20.0,0,110,2.260197162628174,0.01726075063713572,,arrive_dest
389,fresh,0,fresh,,,0,0.0,0,0,0,0,0,10.0,5.0,5.0,20.0,0,121,1.536943793296814,0.013759432930099078,,out_of_road
390,fresh,0,fresh,,,0,0.0,0,0,0,0,0,10.0,5.0,5.0,20.0,0,795,22.042219161987305,0.10612617164451933,,out_of_road
391,fresh,0,fresh,,,0,0.0,0,0,0,0,0,10.0,5.0,5.0,20.0,0,458,12.962891578674316,0.11638700095814648,,out_of_road
392,fresh,0,fresh,,,0,0.0,0,0,0,0,0,10.0,5.0,5.0,20.0,0,530,13.99108600616455,0.11502712910889455,,arrive_dest
393,fresh,0,fresh,,,0,0.0,0,0,0,0,0,10.0,5.0,5.0,20.0,0,72,0.9494103193283081,0.00903150409511808,,out_of_road
394,fresh,0,fresh,,,0,0.0,0,0,0,0,0,10.0,5.0,5.0,20.0,0,321,9.062396049499512,0.09970544514353634,,out_of_road
395,fresh,0,fresh,,,0,0.0,0,0,0,0,0,10.0,5.0,5.0,20.0,0,1000,5.103578567504883,0.08494785713776946,,max_step
396,fresh,0,fresh,,,0,0.0,0,0,0,0,0,10.0,5.0,5.0,20.0,0,522,15.242182731628418,0.16760859481447957,,out_of_road
397,fresh,0,fresh,,,0,0.0,0,0,0,0,0,10.0,5.0,5.0,20.0,0,279,7.188408851623535,0.07508884094268298,,out_of_road
398,fresh,0,fresh,,,0,0.0,0,0,0,0,0,10.0,5.0,5.0,20.0,0,287,7.360424518585205,0.07189901280200647,,out_of_road
399,fresh,0,fresh,,,0,0.0,0,0,0,0,0,10.0,5.0,5.0,20.0,0,246,6.838639736175537,0.048810567617855544,,out_of_road
400,fresh,0,fresh,,,0,0.0,0,0,0,0,0,10.0,5.0,5.0,20.0,0,161,3.5133557319641113,0.030917019855161633,,out_of_road
401,fresh,0,fresh,,,0,0.0,0,0,0,0,0,10.0,5.0,5.0,20.0,0,20,-0.15043671429157257,0.14964747037738563,,out_of_road
402,fresh,0,fresh,,,0,0.0,0,0,0,0,0,10.0,5.0,5.0,20.0,0,264,6.613100051879883,0.08260074754203246,,arrive_dest
403,fresh,0,fresh,,,0,0.0,0,0,0,0,0,10.0,5.0,5.0,20.0,0,542,13.81823444366455,0.08097553128252885,,out_of_road
404,fresh,0,fresh,,,0,0.0,0,0,0,0,0,10.0,5.0,5.0,20.0,0,467,11.29234504699707,0.08264289151406518,,arrive_dest
405,fresh,0,fresh,,,0,0.0,0,0,0,0,0,10.0,5.0,5.0,20.0,0,22,-0.14122618734836578,0.3902679271996021,,out_of_road
406,fresh,0,fresh,,,0,0.0,0,0,0,0,0,10.0,5.0,5.0,20.0,0,296,5.3661417961120605,0.04390332786951567,,out_of_road
407,fresh,0,fresh,,,0,0.0,0,0,0,0,0,10.0,5.0,5.0,20.0,0,45,0.1740492880344391,0.04060872159898281,,out_of_road
408,fresh,0,fresh,,,0,0.0,0,0,0,0,0,10.0,5.0,5.0,20.0,0,1000,29.844913482666016,0.13410812879889272,,max_step
409,fresh,0,fresh,,,0,0.0,0,0,0,0,0,10.0,5.0,5.0,20.0,0,648,17.427175521850586,0.08202080355373637,,out_of_road
410,fresh,0,fresh,,,0,0.0,0,0,0,0,0,10.0,5.0,5.0,20.0,0,433,12.904126167297363,0.11232800433610074,,arrive_dest
411,fresh,0,fresh,,,0,0.0,0,0,0,0,0,10.0,5.0,5.0,20.0,0,348,9.168947219848633,0.08677456365234551,,out_of_road
412,fresh,0,fresh,,,0,0.0,0,0,0,0,0,10.0,5.0,5.0,20.0,0,591,15.958324432373047,0.0860249881314306,,arrive_dest
413,fresh,0,fresh,,,0,0.0,0,0,0,0,0,10.0,5.0,5.0,20.0,0,451,12.551581382751465,0.051979447688139196,,arrive_dest
414,fresh,0,fresh,,,0,0.0,0,0,0,0,0,10.0,5.0,5.0,20.0,0,187,3.7256128787994385,0.037915217411271074,,out_of_road
415,fresh,0,fresh,,,0,0.0,0,0,0,0,0,10.0,5.0,5.0,20.0,0,151,2.328245162963867,0.016524216813954298,,out_of_road
416,fresh,0,fresh,,,0,0.0,0,0,0,0,0,10.0,5.0,5.0,20.0,0,240,3.992311954498291,0.07257816748848805,,out_of_road
417,fresh,0,fresh,,,0,0.0,0,0,0,0,0,10.0,5.0,5.0,20.0,0,175,3.65057373046875,0.05020939699640232,,out_of_road
418,fresh,0,fresh,,,0,0.0,0,0,0,0,0,10.0,5.0,5.0,20.0,0,154,2.4211347103118896,0.01804102666361572,,out_of_road
419,fresh,0,fresh,,,0,0.0,0,0,0,0,0,10.0,5.0,5.0,20.0,0,487,12.360404968261719,0.06334167829756787,,out_of_road
420,fresh,0,fresh,,,0,0.0,0,0,0,0,0,10.0,5.0,5.0,20.0,0,1000,0.005911948624998331,5.978994071483612e-06,,max_step
421,fresh,0,fresh,,,0,0.0,0,0,0,0,0,10.0,5.0,5.0,20.0,0,27,-0.05248013883829117,0.02789519230524699,,out_of_road
422,fresh,0,fresh,,,0,0.0,0,0,0,0,0,10.0,5.0,5.0,20.0,0,1000,0.003504253923892975,0.0,,max_step
423,fresh,0,fresh,,,0,0.0,0,0,0,0,0,10.0,5.0,5.0,20.0,0,368,10.455753326416016,0.12465820229092218,,out_of_road
424,fresh,0,fresh,,,0,0.0,0,0,0,0,0,10.0,5.0,5.0,20.0,0,484,12.729713439941406,0.09682629647961055,,arrive_dest
425,fresh,0,fresh,,,0,0.0,0,0,0,0,0,10.0,5.0,5.0,20.0,0,864,22.94939613342285,0.13670079306865335,,arrive_dest
426,fresh,0,fresh,,,0,0.0,0,0,0,0,0,10.0,5.0,5.0,20.0,0,192,1.7148094177246094,0.059189372259425,,out_of_road
427,fresh,0,fresh,,,0,0.0,0,0,0,0,0,10.0,5.0,5.0,20.0,0,203,5.177912712097168,0.03497360471241506,,out_of_road
428,fresh,0,fresh,,,0,0.0,0,0,0,0,0,10.0,5.0,5.0,20.0,0,756,23.306713104248047,0.11481626807353533,,arrive_dest
429,fresh,0,fresh,,,0,0.0,0,0,0,0,0,10.0,5.0,5.0,20.0,0,18,-0.1457384079694748,0.0,,out_of_road
430,fresh,0,fresh,,,0,0.0,0,0,0,0,0,10.0,5.0,5.0,20.0,0,283,6.971831798553467,0.05096673908850751,,out_of_road
431,fresh,0,fresh,,,0,0.0,0,0,0,0,0,10.0,5.0,5.0,20.0,0,244,5.40950345993042,0.06887417412592006,,out_of_road
432,fresh,0,fresh,,,0,0.0,0,0,0,0,0,10.0,5.0,5.0,20.0,0,851,23.256567001342773,0.10426536817585154,,out_of_road
433,fresh,0,fresh,,,0,0.0,0,0,0,0,0,10.0,5.0,5.0,20.0,0,228,6.867546081542969,0.059824553894271194,,arrive_dest
434,fresh,0,fresh,,,0,0.0,0,0,0,0,0,10.0,5.0,5.0,20.0,0,533,14.696990013122559,0.10750155862574562,,arrive_dest
435,fresh,0,fresh,,,0,0.0,0,0,0,0,0,10.0,5.0,5.0,20.0,0,720,19.660789489746094,0.08152301658539929,,arrive_dest
436,fresh,0,fresh,,,0,0.0,0,0,0,0,0,10.0,5.0,5.0,20.0,0,38,0.5133447051048279,0.02464926242828369,,arrive_dest
437,fresh,0,fresh,,,0,0.0,0,0,0,0,0,10.0,5.0,5.0,20.0,0,949,26.712814331054688,0.14276303260712772,,arrive_dest
438,fresh,0,fresh,,,0,0.0,0,0,0,0,0,10.0,5.0,5.0,20.0,0,125,2.006908893585205,0.019118663415312768,,arrive_dest
439,fresh,0,fresh,,,0,0.0,0,0,0,0,0,10.0,5.0,5.0,20.0,0,529,14.18224811553955,0.060198840865643526,,arrive_dest
440,fresh,0,fresh,,,0,0.0,0,0,0,0,0,10.0,5.0,5.0,20.0,0,260,6.606264591217041,0.031192774216357907,,out_of_road
441,fresh,0,fresh,,,0,0.0,0,0,0,0,0,10.0,5.0,5.0,20.0,0,127,1.873337745666504,0.019833085420504798,,out_of_road
442,fresh,0,fresh,,,0,0.0,0,0,0,0,0,10.0,5.0,5.0,20.0,0,453,11.18472957611084,0.09961740743722479,,out_of_road
443,fresh,0,fresh,,,0,0.0,0,0,0,0,0,10.0,5.0,5.0,20.0,0,125,2.345126152038574,0.01884785560518503,,out_of_road
444,fresh,0,fresh,,,0,0.0,0,0,0,0,0,10.0,5.0,5.0,20.0,0,1000,2.1987850666046143,0.004265130353160202,,max_step
445,fresh,0,fresh,,,0,0.0,0,0,0,0,0,10.0,5.0,5.0,20.0,0,248,6.438606262207031,0.039083726752939967,,out_of_road
446,fresh,0,fresh,,,0,0.0,0,0,0,0,0,10.0,5.0,5.0,20.0,0,357,9.42714786529541,0.08371688883506409,,arrive_dest
447,fresh,0,fresh,,,0,0.0,0,0,0,0,0,10.0,5.0,5.0,20.0,0,24,-0.14592601358890533,0.0,,out_of_road
448,fresh,0,fresh,,,0,0.0,0,0,0,0,0,10.0,5.0,5.0,20.0,0,1000,28.790143966674805,0.13021284263755661,,max_step
449,fresh,0,fresh,,,0,0.0,0,0,0,0,0,10.0,5.0,5.0,20.0,0,470,12.863968849182129,0.09692058869293257,,out_of_road
450,fresh,0,fresh,,,0,0.0,0,0,0,0,0,10.0,5.0,5.0,20.0,0,213,4.9090728759765625,0.024354210016295803,,out_of_road
451,fresh,0,fresh,,,0,0.0,0,0,0,0,0,10.0,5.0,5.0,20.0,0,243,5.544512748718262,0.040211887244487744,,out_of_road
452,fresh,0,fresh,,,0,0.0,0,0,0,0,0,10.0,5.0,5.0,20.0,0,47,0.8017294406890869,0.012057223466244783,,arrive_dest
453,fresh,0,fresh,,,0,0.0,0,0,0,0,0,10.0,5.0,5.0,20.0,0,676,17.073400497436523,0.05716298801959465,,out_of_road
454,fresh,0,fresh,,,0,0.0,0,0,0,0,0,10.0,5.0,5.0,20.0,0,268,6.86165714263916,0.04035898846740932,,out_of_road
455,fresh,0,fresh,,,0,0.0,0,0,0,0,0,10.0,5.0,5.0,20.0,0,482,11.372319221496582,0.049376494567107056,,out_of_road
456,fresh,0,fresh,,,0,0.0,0,0,0,0,0,10.0,5.0,5.0,20.0,0,196,3.8626506328582764,0.06424104976372755,,arrive_dest
457,fresh,0,fresh,,,0,0.0,0,0,0,0,0,10.0,5.0,5.0,20.0,0,273,7.425952911376953,0.05728346253352942,,arrive_dest
458,fresh,0,fresh,,,0,0.0,0,0,0,0,0,10.0,5.0,5.0,20.0,0,145,2.1668906211853027,0.0375535544425506,,out_of_road
459,fresh,0,fresh,,,0,0.0,0,0,0,0,0,10.0,5.0,5.0,20.0,0,170,4.433842182159424,0.040761216061518474,,arrive_dest
460,fresh,0,fresh,,,0,0.0,0,0,0,0,0,10.0,5.0,5.0,20.0,0,40,0.48719048500061035,0.027610252844169736,,arrive_dest
461,fresh,0,fresh,,,0,0.0,0,0,0,0,0,10.0,5.0,5.0,20.0,0,567,13.561161041259766,0.06058739069060831,,out_of_road
462,fresh,0,fresh,,,0,0.0,0,0,0,0,0,10.0,5.0,5.0,20.0,0,176,3.06840443611145,0.03663153588157994,,out_of_road
463,fresh,0,fresh,,,0,0.0,0,0,0,0,0,10.0,5.0,5.0,20.0,0,924,24.019710540771484,0.09187459101535338,,out_of_road
464,fresh,0,fresh,,,0,0.0,0,0,0,0,0,10.0,5.0,5.0,20.0,0,188,3.1018178462982178,0.04118878665092857,,out_of_road
465,fresh,0,fresh,,,0,0.0,0,0,0,0,0,10.0,5.0,5.0,20.0,0,356,8.733423233032227,0.06075483580477002,,out_of_road
466,fresh,0,fresh,,,0,0.0,0,0,0,0,0,10.0,5.0,5.0,20.0,0,1000,6.23599910736084,0.028078935438767074,,max_step
467,fresh,0,fresh,,,0,0.0,0,0,0,0,0,10.0,5.0,5.0,20.0,0,65,0.34943878650665283,0.0274808413707293,,out_of_road
468,fresh,0,fresh,,,0,0.0,0,0,0,0,0,10.0,5.0,5.0,20.0,0,87,0.0965409129858017,0.014902840314925402,,out_of_road
469,fresh,0,fresh,,,0,0.0,0,0,0,0,0,10.0,5.0,5.0,20.0,0,247,6.519743919372559,0.035952844883236086,,out_of_road
470,fresh,0,fresh,,,0,0.0,0,0,0,0,0,10.0,5.0,5.0,20.0,0,77,0.22704564034938812,0.018076356548767585,,out_of_road
471,fresh,0,fresh,,,0,0.0,0,0,0,0,0,10.0,5.0,5.0,20.0,0,280,6.581493854522705,0.0699420886056032,,out_of_road
472,fresh,0,fresh,,,0,0.0,0,0,0,0,0,10.0,5.0,5.0,20.0,0,649,15.666801452636719,0.07351134366622031,,arrive_dest
473,fresh,0,fresh,,,0,0.0,0,0,0,0,0,10.0,5.0,5.0,20.0,0,389,9.56408405303955,0.09817209672350388,,out_of_road
474,fresh,0,fresh,,,0,0.0,0,0,0,0,0,10.0,5.0,5.0,20.0,0,809,21.22956085205078,0.0811344499720493,,out_of_road
475,fresh,0,fresh,,,0,0.0,0,0,0,0,0,10.0,5.0,5.0,20.0,0,230,5.579041481018066,0.0290608384388337,,out_of_road
476,fresh,0,fresh,,,0,0.0,0,0,0,0,0,10.0,5.0,5.0,20.0,0,961,24.852537155151367,0.1304295783541209,,arrive_dest
477,fresh,0,fresh,,,0,0.0,0,0,0,0,0,10.0,5.0,5.0,20.0,0,802,21.868261337280273,0.08840490292532467,,out_of_road
478,fresh,0,fresh,,,0,0.0,0,0,0,0,0,10.0,5.0,5.0,20.0,0,1000,0.007573351263999939,0.09728381953760981,,max_step
479,fresh,0,fresh,,,0,0.0,0,0,0,0,0,10.0,5.0,5.0,20.0,0,54,0.2811914086341858,0.026658913086133974,,out_of_road
480,fresh,0,fresh,,,0,0.0,0,0,0,0,0,10.0,5.0,5.0,20.0,0,135,2.3337464332580566,0.02038048102899834,,arrive_dest
481,fresh,0,fresh,,,0,0.0,0,0,0,0,0,10.0,5.0,5.0,20.0,0,156,2.5398924350738525,0.04756709024047431,,out_of_road
482,fresh,0,fresh,,,0,0.0,0,0,0,0,0,10.0,5.0,5.0,20.0,0,321,5.486982345581055,0.05565869592629211,,out_of_road
483,fresh,0,fresh,,,0,0.0,0,0,0,0,0,10.0,5.0,5.0,20.0,0,782,20.307823181152344,0.06381088059247873,,arrive_dest
484,fresh,0,fresh,,,0,0.0,0,0,0,0,0,10.0,5.0,5.0,20.0,0,200,3.7282116413116455,0.027473534892778845,,out_of_road
485,fresh,0,fresh,,,0,0.0,0,0,0,0,0,10.0,5.0,5.0,20.0,0,88,0.9344151616096497,0.015613175791010937,,out_of_road
486,fresh,0,fresh,,,0,0.0,0,0,0,0,0,10.0,5.0,5.0,20.0,0,1000,0.006602597888559103,0.04945591653836891,,max_step
487,fresh,0,fresh,,,0,0.0,0,0,0,0,0,10.0,5.0,5.0,20.0,0,257,4.0350494384765625,0.07519093705232505,,out_of_road
488,fresh,0,fresh,,,0,0.0,0,0,0,0,0,10.0,5.0,5.0,20.0,0,113,1.8508785963058472,0.001598869450390339,,out_of_road
489,fresh,0,fresh,,,0,0.0,0,0,0,0,0,10.0,5.0,5.0,20.0,0,422,11.964016914367676,0.19806280918640054,,out_of_road
490,fresh,0,fresh,,,0,0.0,0,0,0,0,0,10.0,5.0,5.0,20.0,0,136,1.7931671142578125,0.016712537405135876,,out_of_road
491,fresh,0,fresh,,,0,0.0,0,0,0,0,0,10.0,5.0,5.0,20.0,0,282,7.223851680755615,0.04559165087746496,,out_of_road
492,fresh,0,fresh,,,0,0.0,0,0,0,0,0,10.0,5.0,5.0,20.0,0,1000,10.86530590057373,0.029591287300921976,,max_step
493,fresh,0,fresh,,,0,0.0,0,0,0,0,0,10.0,5.0,5.0,20.0,0,53,0.3981141746044159,0.03739950591522568,,out_of_road
494,fresh,0,fresh,,,0,0.0,0,0,0,0,0,10.0,5.0,5.0,20.0,0,519,13.675895690917969,0.1129405494879838,,out_of_road
495,fresh,0,fresh,,,0,0.0,0,0,0,0,0,10.0,5.0,5.0,20.0,0,237,5.526144027709961,0.047545663155772515,,out_of_road
496,fresh,0,fresh,,,0,0.0,0,0,0,0,0,10.0,5.0,5.0,20.0,0,257,6.959644794464111,0.09014150838400255,,arrive_dest
497,fresh,0,fresh,,,0,0.0,0,0,0,0,0,10.0,5.0,5.0,20.0,0,357,10.326913833618164,0.114827919727927,,out_of_road
498,fresh,0,fresh,,,0,0.0,0,0,0,0,0,10.0,5.0,5.0,20.0,0,95,1.420015573501587,0.03461758206157308,,out_of_road
499,fresh,0,fresh,,,0,0.0,0,0,0,0,0,10.0,5.0,5.0,20.0,0,642,17.03431510925293,0.05901670250446881,,arrive_dest
500,fresh,0,fresh,,,0,0.0,0,0,0,0,0,10.0,5.0,5.0,20.0,0,1000,0.05185892432928085,0.02727787377894856,,max_step
501,fresh,0,fresh,,,0,0.0,0,0,0,0,0,10.0,5.0,5.0,20.0,0,253,5.385900974273682,0.02994301481533192,,out_of_road
502,fresh,0,fresh,,,0,0.0,0,0,0,0,0,10.0,5.0,5.0,20.0,0,461,11.960740089416504,0.11805846195045754,,arrive_dest
503,fresh,0,fresh,,,0,0.0,0,0,0,0,0,10.0,5.0,5.0,20.0,0,453,11.635937690734863,0.16965084939282263,,out_of_road
504,fresh,0,fresh,,,0,0.0,0,0,0,0,0,10.0,5.0,5.0,20.0,0,890,21.90387725830078,0.09304872055098498,,out_of_road
505,fresh,0,fresh,,,0,0.0,0,0,0,0,0,10.0,5.0,5.0,20.0,0,881,22.51040267944336,0.07507152077937489,,arrive_dest
506,fresh,0,fresh,,,0,0.0,0,0,0,0,0,10.0,5.0,5.0,20.0,0,807,21.56024742126465,0.07457526394857332,,out_of_road
507,fresh,0,fresh,,,0,0.0,0,0,0,0,0,10.0,5.0,5.0,20.0,0,109,1.9671621322631836,0.03639817106272649,,arrive_dest
508,fresh,0,fresh,,,0,0.0,0,0,0,0,0,10.0,5.0,5.0,20.0,0,158,1.7859752178192139,0.06079340445561499,,out_of_road
509,fresh,0,fresh,,,0,0.0,0,0,0,0,0,10.0,5.0,5.0,20.0,0,279,7.818597316741943,0.09920776662112991,,out_of_road
510,fresh,0,fresh,,,0,0.0,0,0,0,0,0,10.0,5.0,5.0,20.0,0,1000,-0.016199488192796707,0.0007604310219176114,,max_step
511,fresh,0,fresh,,,0,0.0,0,0,0,0,0,10.0,5.0,5.0,20.0,0,230,6.373081207275391,0.037110175670165085,,arrive_dest
512,fresh,0,fresh,,,0,0.0,0,0,0,0,0,10.0,5.0,5.0,20.0,0,368,10.367023468017578,0.12140227987876405,,arrive_dest
513,fresh,0,fresh,,,0,0.0,0,0,0,0,0,10.0,5.0,5.0,20.0,0,356,8.24563217163086,0.0426247008197177,,out_of_road
514,fresh,0,fresh,,,0,0.0,0,0,0,0,0,10.0,5.0,5.0,20.0,0,667,16.072643280029297,0.10123292262899107,,out_of_road
515,fresh,0,fresh,,,0,0.0,0,0,0,0,0,10.0,5.0,5.0,20.0,0,108,1.5334855318069458,0.04281358765783133,,out_of_road
516,fresh,0,fresh,,,0,0.0,0,0,0,0,0,10.0,5.0,5.0,20.0,0,226,5.4665045738220215,0.06076944671443507,,arrive_dest
517,fresh,0,fresh,,,0,0.0,0,0,0,0,0,10.0,5.0,5.0,20.0,0,371,6.651761531829834,0.06685648173234372,,out_of_road
518,fresh,0,fresh,,,0,0.0,0,0,0,0,0,10.0,5.0,5.0,20.0,0,284,6.802680492401123,0.05365790387707382,,out_of_road
519,fresh,0,fresh,,,0,0.0,0,0,0,0,0,10.0,5.0,5.0,20.0,0,63,0.40285390615463257,0.052194449222750135,,out_of_road
520,fresh,0,fresh,,,0,0.0,0,0,0,0,0,10.0,5.0,5.0,20.0,0,326,8.646851539611816,0.07832808687531624,,arrive_dest
521,fresh,0,fresh,,,0,0.0,0,0,0,0,0,10.0,5.0,5.0,20.0,0,119,1.9999921321868896,0.016425331021432114,,out_of_road
522,fresh,0,fresh,,,0,0.0,0,0,0,0,0,10.0,5.0,5.0,20.0,0,119,1.594296932220459,0.020285194598827043,,out_of_road
523,fresh,0,fresh,,,0,0.0,0,0,0,0,0,10.0,5.0,5.0,20.0,0,35,-0.08573801070451736,0.0023360116141183038,,out_of_road
524,fresh,0,fresh,,,0,0.0,0,0,0,0,0,10.0,5.0,5.0,20.0,0,51,0.2976059019565582,0.023066109192429806,,out_of_road
525,fresh,0,fresh,,,0,0.0,0,0,0,0,0,10.0,5.0,5.0,20.0,0,406,11.24797534942627,0.07983192767468487,,out_of_road
526,fresh,0,fresh,,,0,0.0,0,0,0,0,0,10.0,5.0,5.0,20.0,0,157,2.0939600467681885,0.047183656353195005,,out_of_road
527,fresh,0,fresh,,,0,0.0,0,0,0,0,0,10.0,5.0,5.0,20.0,0,407,10.127822875976562,0.05574935755156969,,arrive_dest
528,fresh,0,fresh,,,0,0.0,0,0,0,0,0,10.0,5.0,5.0,20.0,0,97,2.015038013458252,0.022321257303401676,,arrive_dest
529,fresh,0,fresh,,,0,0.0,0,0,0,0,0,10.0,5.0,5.0,20.0,0,214,3.8562355041503906,0.09431036666174915,,out_of_road
530,fresh,0,fresh,,,0,0.0,0,0,0,0,0,10.0,5.0,5.0,20.0,0,123,1.7927894592285156,0.01816744978229205,,out_of_road
531,fresh,0,fresh,,,0,0.0,0,0,0,0,0,10.0,5.0,5.0,20.0,0,135,2.1356265544891357,0.02050093580727224,,out_of_road
532,fresh,0,fresh,,,0,0.0,0,0,0,0,0,10.0,5.0,5.0,20.0,0,161,2.4508116245269775,0.1321439573668545,,out_of_road
533,fresh,0,fresh,,,0,0.0,0,0,0,0,0,10.0,5.0,5.0,20.0,0,274,6.386038303375244,0.03823196405313746,,out_of_road
534,fresh,0,fresh,,,0,0.0,0,0,0,0,0,10.0,5.0,5.0,20.0,0,1000,0.006734441500157118,0.0664423017129302,,max_step
535,fresh,0,fresh,,,0,0.0,0,0,0,0,0,10.0,5.0,5.0,20.0,0,703,16.687593460083008,0.05873658343954846,,out_of_road
536,fresh,0,fresh,,,0,0.0,0,0,0,0,0,10.0,5.0,5.0,20.0,0,522,11.808277130126953,0.09122799061037158,,out_of_road
537,fresh,0,fresh,,,0,0.0,0,0,0,0,0,10.0,5.0,5.0,20.0,0,141,2.037958860397339,0.046095971493644916,,out_of_road
538,fresh,0,fresh,,,0,0.0,0,0,0,0,0,10.0,5.0,5.0,20.0,0,286,6.65910530090332,0.08813699879325353,,out_of_road
539,fresh,0,fresh,,,0,0.0,0,0,0,0,0,10.0,5.0,5.0,20.0,0,923,25.793643951416016,0.15360662893907753,,arrive_dest
540,fresh,0,fresh,,,0,0.0,0,0,0,0,0,10.0,5.0,5.0,20.0,0,562,15.752718925476074,0.12095858521297163,,out_of_road
541,fresh,0,fresh,,,0,0.0,0,0,0,0,0,10.0,5.0,5.0,20.0,0,114,2.2344107627868652,0.04637193274602555,,arrive_dest
542,fresh,0,fresh,,,0,0.0,0,0,0,0,0,10.0,5.0,5.0,20.0,0,336,7.315319538116455,0.07496109365213972,,arrive_dest
543,fresh,0,fresh,,,0,0.0,0,0,0,0,0,10.0,5.0,5.0,20.0,0,56,0.33696311712265015,0.025601589179132134,,out_of_road
544,fresh,0,fresh,,,0,0.0,0,0,0,0,0,10.0,5.0,5.0,20.0,0,854,21.78036117553711,0.07828818997875318,,arrive_dest
545,fresh,0,fresh,,,0,0.0,0,0,0,0,0,10.0,5.0,5.0,20.0,0,732,18.24685287475586,0.0720954760915442,,out_of_road
546,fresh,0,fresh,,,0,0.0,0,0,0,0,0,10.0,5.0,5.0,20.0,0,212,3.283139705657959,0.017868258428039414,,out_of_road
547,fresh,0,fresh,,,0,0.0,0,0,0,0,0,10.0,5.0,5.0,20.0,0,543,13.36541748046875,0.058550293029939436,,out_of_road
548,fresh,0,fresh,,,0,0.0,0,0,0,0,0,10.0,5.0,5.0,20.0,0,787,20.30330467224121,0.07706665265843689,,out_of_road
549,fresh,0,fresh,,,0,0.0,0,0,0,0,0,10.0,5.0,5.0,20.0,0,457,12.271657943725586,0.07837778223674394,,out_of_road
550,fresh,0,fresh,,,0,0.0,0,0,0,0,0,10.0,5.0,5.0,20.0,0,199,4.580087184906006,0.04711742709910301,,arrive_dest
551,fresh,0,fresh,,,0,0.0,0,0,0,0,0,10.0,5.0,5.0,20.0,0,1000,-0.02623239904642105,0.0017168445899151267,,max_step
552,fresh,0,fresh,,,0,0.0,0,0,0,0,0,10.0,5.0,5.0,20.0,0,210,3.2464261054992676,0.02880154727941512,,out_of_road
553,fresh,0,fresh,,,0,0.0,0,0,0,0,0,10.0,5.0,5.0,20.0,0,610,16.576129913330078,0.10144021141755044,,out_of_road
554,fresh,0,fresh,,,0,0.0,0,0,0,0,0,10.0,5.0,5.0,20.0,0,369,9.714885711669922,0.1051697105870943,,out_of_road
555,fresh,0,fresh,,,0,0.0,0,0,0,0,0,10.0,5.0,5.0,20.0,0,378,9.824508666992188,0.07516753534779012,,out_of_road
556,fresh,0,fresh,,,0,0.0,0,0,0,0,0,10.0,5.0,5.0,20.0,0,394,10.140007972717285,0.09435006166893403,,out_of_road
557,fresh,0,fresh,,,0,0.0,0,0,0,0,0,10.0,5.0,5.0,20.0,0,1000,0.06735806912183762,0.0011503724455833434,,max_step
558,fresh,0,fresh,,,0,0.0,0,0,0,0,0,10.0,5.0,5.0,20.0,0,105,1.287040114402771,0.02248059329355047,,out_of_road
559,fresh,0,fresh,,,0,0.0,0,0,0,0,0,10.0,5.0,5.0,20.0,0,343,8.50471305847168,0.09148128889093811,,out_of_road
560,fresh,0,fresh,,,0,0.0,0,0,0,0,0,10.0,5.0,5.0,20.0,0,124,1.661776065826416,0.017617755178962986,,out_of_road
561,fresh,0,fresh,,,0,0.0,0,0,0,0,0,10.0,5.0,5.0,20.0,0,174,4.174078941345215,0.027772162569922276,,arrive_dest
562,fresh,0,fresh,,,0,0.0,0,0,0,0,0,10.0,5.0,5.0,20.0,0,376,10.084040641784668,0.1074456083603783,,arrive_dest
563,fresh,0,fresh,,,0,0.0,0,0,0,0,0,10.0,5.0,5.0,20.0,0,134,1.9794235229492188,0.11767066742724447,,out_of_road
564,fresh,0,fresh,,,0,0.0,0,0,0,0,0,10.0,5.0,5.0,20.0,0,138,1.977596640586853,0.009811645549168621,,out_of_road
565,fresh,0,fresh,,,0,0.0,0,0,0,0,0,10.0,5.0,5.0,20.0,0,131,2.3152730464935303,0.06725374243101319,,arrive_dest
566,fresh,0,fresh,,,0,0.0,0,0,0,0,0,10.0,5.0,5.0,20.0,0,2,0.28315281867980957,0.0,,arrive_dest
567,fresh,0,fresh,,,0,0.0,0,0,0,0,0,10.0,5.0,5.0,20.0,0,626,16.465566635131836,0.08562248013913631,,out_of_road
568,fresh,0,fresh,,,0,0.0,0,0,0,0,0,10.0,5.0,5.0,20.0,0,739,19.586450576782227,0.08806115847600168,,out_of_road
569,fresh,0,fresh,,,0,0.0,0,0,0,0,0,10.0,5.0,5.0,20.0,0,748,19.82177734375,0.1614053335957812,,out_of_road
570,fresh,0,fresh,,,0,0.0,0,0,0,0,0,10.0,5.0,5.0,20.0,0,1000,0.007461266592144966,0.01590130335377762,,max_step
571,fresh,0,fresh,,,0,0.0,0,0,0,0,0,10.0,5.0,5.0,20.0,0,415,9.883678436279297,0.10980504209804068,,out_of_road
572,fresh,0,fresh,,,0,0.0,0,0,0,0,0,10.0,5.0,5.0,20.0,0,630,17.4505672454834,0.08801806874440185,,arrive_dest
573,fresh,0,fresh,,,0,0.0,0,0,0,0,0,10.0,5.0,5.0,20.0,0,1000,2.0804247856140137,0.012115940891206264,,max_step
574,fresh,0,fresh,,,0,0.0,0,0,0,0,0,10.0,5.0,5.0,20.0,0,637,16.631711959838867,0.054967653838949776,,arrive_dest
575,fresh,0,fresh,,,0,0.0,0,0,0,0,0,10.0,5.0,5.0,20.0,0,466,12.890786170959473,0.07214933334721868,,out_of_road
576,fresh,0,fresh,,,0,0.0,0,0,0,0,0,10.0,5.0,5.0,20.0,0,556,14.357728958129883,0.09413599491239988,,arrive_dest
577,fresh,0,fresh,,,0,0.0,0,0,0,0,0,10.0,5.0,5.0,20.0,0,142,2.126134157180786,0.017254762151475315,,out_of_road
578,fresh,0,fresh,,,0,0.0,0,0,0,0,0,10.0,5.0,5.0,20.0,0,110,1.2987620830535889,0.02518685185773806,,out_of_road
579,fresh,0,fresh,,,0,0.0,0,0,0,0,0,10.0,5.0,5.0,20.0,0,302,6.205540180206299,0.03632091752497097,,out_of_road
580,fresh,0,fresh,,,0,0.0,0,0,0,0,0,10.0,5.0,5.0,20.0,0,502,11.433723449707031,0.04513721337237681,,out_of_road
581,fresh,0,fresh,,,0,0.0,0,0,0,0,0,10.0,5.0,5.0,20.0,0,869,22.53436851501465,0.05629817187035632,,out_of_road
582,fresh,0,fresh,,,0,0.0,0,0,0,0,0,10.0,5.0,5.0,20.0,0,231,3.7104170322418213,0.07398651687839589,,out_of_road
583,fresh,0,fresh,,,0,0.0,0,0,0,0,0,10.0,5.0,5.0,20.0,0,128,2.1392693519592285,0.024966663026134484,,out_of_road
584,fresh,0,fresh,,,0,0.0,0,0,0,0,0,10.0,5.0,5.0,20.0,0,434,10.994686126708984,0.05635254578031857,,arrive_dest
585,fresh,0,fresh,,,0,0.0,0,0,0,0,0,10.0,5.0,5.0,20.0,0,22,-0.13194116950035095,0.009336818348277699,,out_of_road
586,fresh,0,fresh,,,0,0.0,0,0,0,0,0,10.0,5.0,5.0,20.0,0,227,4.477624893188477,0.030565592181347804,,out_of_road
587,fresh,0,fresh,,,0,0.0,0,0,0,0,0,10.0,5.0,5.0,20.0,0,711,15.527382850646973,0.10751455910923025,,arrive_dest
588,fresh,0,fresh,,,0,0.0,0,0,0,0,0,10.0,5.0,5.0,20.0,0,231,6.448616981506348,0.04456991435621272,,arrive_dest
589,fresh,0,fresh,,,0,0.0,0,0,0,0,0,10.0,5.0,5.0,20.0,0,304,7.6328630447387695,0.0848681035353557,,arrive_dest
590,fresh,0,fresh,,,0,0.0,0,0,0,0,0,10.0,5.0,5.0,20.0,0,129,1.7506129741668701,0.019675344402013822,,out_of_road
591,fresh,0,fresh,,,0,0.0,0,0,0,0,0,10.0,5.0,5.0,20.0,0,61,0.35019680857658386,0.026428001596912987,,out_of_road
592,fresh,0,fresh,,,0,0.0,0,0,0,0,0,10.0,5.0,5.0,20.0,0,387,8.241456031799316,0.07041740889037726,,out_of_road
593,fresh,0,fresh,,,0,0.0,0,0,0,0,0,10.0,5.0,5.0,20.0,0,423,11.674525260925293,0.09328891426857658,,arrive_dest
594,fresh,0,fresh,,,0,0.0,0,0,0,0,0,10.0,5.0,5.0,20.0,0,112,1.502035140991211,0.013207971459321146,,out_of_road
595,fresh,0,fresh,,,0,0.0,0,0,0,0,0,10.0,5.0,5.0,20.0,0,809,21.65648078918457,0.11543908522684358,,arrive_dest
596,fresh,0,fresh,,,0,0.0,0,0,0,0,0,10.0,5.0,5.0,20.0,0,737,18.0783634185791,0.05765820033450231,,arrive_dest
597,fresh,0,fresh,,,0,0.0,0,0,0,0,0,10.0,5.0,5.0,20.0,0,275,5.677477836608887,0.03609038066118955,,out_of_road
598,fresh,0,fresh,,,0,0.0,0,0,0,0,0,10.0,5.0,5.0,20.0,0,375,9.562530517578125,0.07752123019595941,,out_of_road
599,fresh,0,fresh,,,0,0.0,0,0,0,0,0,10.0,5.0,5.0,20.0,0,106,1.3525832891464233,0.013035896603228911,,out_of_road
600,fresh,0,fresh,,,0,0.0,0,0,0,0,0,10.0,5.0,5.0,20.0,0,228,3.65647554397583,0.06366511059949469,,out_of_road
601,fresh,0,fresh,,,0,0.0,0,0,0,0,0,10.0,5.0,5.0,20.0,0,129,1.4038069248199463,0.031186444526032885,,out_of_road
602,fresh,0,fresh,,,0,0.0,0,0,0,0,0,10.0,5.0,5.0,20.0,0,174,3.954406261444092,0.04555706717288015,,arrive_dest
603,fresh,0,fresh,,,0,0.0,0,0,0,0,0,10.0,5.0,5.0,20.0,0,834,20.481168746948242,0.06990172652353485,,out_of_road
604,fresh,0,fresh,,,0,0.0,0,0,0,0,0,10.0,5.0,5.0,20.0,0,954,24.586772918701172,0.11130785456574492,,out_of_road
605,fresh,0,fresh,,,0,0.0,0,0,0,0,0,10.0,5.0,5.0,20.0,0,1000,1.0915254354476929,0.00505857640132308,,max_step
606,fresh,0,fresh,,,0,0.0,0,0,0,0,0,10.0,5.0,5.0,20.0,0,307,5.777226448059082,0.06053815290774749,,out_of_road
607,fresh,0,fresh,,,0,0.0,0,0,0,0,0,10.0,5.0,5.0,20.0,0,465,11.875221252441406,0.06987150857820906,,arrive_dest
608,fresh,0,fresh,,,0,0.0,0,0,0,0,0,10.0,5.0,5.0,20.0,0,164,1.6483268737792969,0.06145063674122822,,out_of_road
609,fresh,0,fresh,,,0,0.0,0,0,0,0,0,10.0,5.0,5.0,20.0,0,268,6.547769546508789,0.07019594113634371,,out_of_road
610,fresh,0,fresh,,,0,0.0,0,0,0,0,0,10.0,5.0,5.0,20.0,0,384,10.377948760986328,0.08137918770019799,,out_of_road
611,fresh,0,fresh,,,0,0.0,0,0,0,0,0,10.0,5.0,5.0,20.0,0,340,9.968107223510742,0.12919938331469893,,arrive_dest
612,fresh,0,fresh,,,0,0.0,0,0,0,0,0,10.0,5.0,5.0,20.0,0,107,1.5252478122711182,0.023371891497207857,,out_of_road
613,fresh,0,fresh,,,0,0.0,0,0,0,0,0,10.0,5.0,5.0,20.0,0,349,9.481651306152344,0.06671507158490127,,arrive_dest
614,fresh,0,fresh,,,0,0.0,0,0,0,0,0,10.0,5.0,5.0,20.0,0,589,13.1324462890625,0.06360138358203583,,arrive_dest
615,fresh,0,fresh,,,0,0.0,0,0,0,0,0,10.0,5.0,5.0,20.0,0,577,15.368093490600586,0.10327318135126005,,arrive_dest
616,fresh,0,fresh,,,0,0.0,0,0,0,0,0,10.0,5.0,5.0,20.0,0,1000,17.464277267456055,0.09549057803256437,,max_step
617,fresh,0,fresh,,,0,0.0,0,0,0,0,0,10.0,5.0,5.0,20.0,0,876,23.294713973999023,0.11429216180312486,,arrive_dest
618,fresh,0,fresh,,,0,0.0,0,0,0,0,0,10.0,5.0,5.0,20.0,0,415,9.49007797241211,0.05522712015109249,,out_of_road
619,fresh,0,fresh,,,0,0.0,0,0,0,0,0,10.0,5.0,5.0,20.0,0,709,18.894149780273438,0.09577733091862245,,arrive_dest
620,fresh,0,fresh,,,0,0.0,0,0,0,0,0,10.0,5.0,5.0,20.0,0,367,9.7427339553833,0.09336331994361587,,out_of_road
621,fresh,0,fresh,,,0,0.0,0,0,0,0,0,10.0,5.0,5.0,20.0,0,280,5.2718048095703125,0.0590311119648894,,out_of_road
622,fresh,0,fresh,,,0,0.0,0,0,0,0,0,10.0,5.0,5.0,20.0,0,393,10.262375831604004,0.12246940018604427,,arrive_dest
623,fresh,0,fresh,,,0,0.0,0,0,0,0,0,10.0,5.0,5.0,20.0,0,841,21.03722381591797,0.11064976774373143,,arrive_dest
624,fresh,0,fresh,,,0,0.0,0,0,0,0,0,10.0,5.0,5.0,20.0,0,232,5.7057623863220215,0.052926695142904746,,arrive_dest
625,fresh,0,fresh,,,0,0.0,0,0,0,0,0,10.0,5.0,5.0,20.0,0,55,0.2857862114906311,0.01204989803108302,,out_of_road
626,fresh,0,fresh,,,0,0.0,0,0,0,0,0,10.0,5.0,5.0,20.0,0,114,1.6624877452850342,0.021561378008571632,,out_of_road
627,fresh,0,fresh,,,0,0.0,0,0,0,0,0,10.0,5.0,5.0,20.0,0,178,2.379504442214966,0.048122619663291934,,out_of_road
628,fresh,0,fresh,,,0,0.0,0,0,0,0,0,10.0,5.0,5.0,20.0,0,93,1.2441803216934204,0.007331248152480331,,out_of_road
629,fresh,0,fresh,,,0,0.0,0,0,0,0,0,10.0,5.0,5.0,20.0,0,1000,10.262781143188477,0.050814798343926666,,max_step
630,fresh,0,fresh,,,0,0.0,0,0,0,0,0,10.0,5.0,5.0,20.0,0,171,3.4609200954437256,0.041722508212714865,,out_of_road
631,fresh,0,fresh,,,0,0.0,0,0,0,0,0,10.0,5.0,5.0,20.0,0,759,21.907934188842773,0.08321711956001868,,arrive_dest
632,fresh,0,fresh,,,0,0.0,0,0,0,0,0,10.0,5.0,5.0,20.0,0,600,15.5438232421875,0.07645845344911019,,out_of_road
633,fresh,0,fresh,,,0,0.0,0,0,0,0,0,10.0,5.0,5.0,20.0,0,193,4.061860084533691,0.04661590203044483,,out_of_road
634,fresh,0,fresh,,,0,0.0,0,0,0,0,0,10.0,5.0,5.0,20.0,0,364,9.599853515625,0.06512289996652935,,arrive_dest
635,fresh,0,fresh,,,0,0.0,0,0,0,0,0,10.0,5.0,5.0,20.0,0,2,0.27311182022094727,0.0,,arrive_dest
636,fresh,0,fresh,,,0,0.0,0,0,0,0,0,10.0,5.0,5.0,20.0,0,958,24.915678024291992,0.07740664474388083,,out_of_road
637,fresh,0,fresh,,,0,0.0,0,0,0,0,0,10.0,5.0,5.0,20.0,0,310,8.514711380004883,0.10653937912936653,,arrive_dest
638,fresh,0,fresh,,,0,0.0,0,0,0,0,0,10.0,5.0,5.0,20.0,0,406,9.875763893127441,0.0796588890758008,,out_of_road
639,fresh,0,fresh,,,0,0.0,0,0,0,0,0,10.0,5.0,5.0,20.0,0,150,2.6736907958984375,0.060197133825471004,,out_of_road
640,fresh,0,fresh,,,0,0.0,0,0,0,0,0,10.0,5.0,5.0,20.0,0,102,1.6975830793380737,0.027563845658305046,,arrive_dest
641,fresh,0,fresh,,,0,0.0,0,0,0,0,0,10.0,5.0,5.0,20.0,0,659,20.0047664642334,0.10568767035297331,,arrive_dest
642,fresh,0,fresh,,,0,0.0,0,0,0,0,0,10.0,5.0,5.0,20.0,0,146,2.133744239807129,0.0226338876232709,,out_of_road
643,fresh,0,fresh,,,0,0.0,0,0,0,0,0,10.0,5.0,5.0,20.0,0,58,0.4024900794029236,0.011193757266576948,,out_of_road
644,fresh,0,fresh,,,0,0.0,0,0,0,0,0,10.0,5.0,5.0,20.0,0,204,4.792287826538086,0.035177614708778025,,arrive_dest
645,fresh,0,fresh,,,0,0.0,0,0,0,0,0,10.0,5.0,5.0,20.0,0,189,3.5310206413269043,0.04872216980795933,,arrive_dest
646,fresh,0,fresh,,,0,0.0,0,0,0,0,0,10.0,5.0,5.0,20.0,0,44,0.5897888541221619,0.023155944421887398,,arrive_dest
647,fresh,0,fresh,,,0,0.0,0,0,0,0,0,10.0,5.0,5.0,20.0,0,399,9.922101020812988,0.11949280565861323,,arrive_dest
648,fresh,0,fresh,,,0,0.0,0,0,0,0,0,10.0,5.0,5.0,20.0,0,453,11.6514310836792,0.067478761347278,,arrive_dest
649,fresh,0,fresh,,,0,0.0,0,0,0,0,0,10.0,5.0,5.0,20.0,0,347,8.731392860412598,0.1311865323531825,,out_of_road
650,fresh,0,fresh,,,0,0.0,0,0,0,0,0,10.0,5.0,5.0,20.0,0,525,13.54049015045166,0.08081375362085444,,arrive_dest
651,fresh,0,fresh,,,0,0.0,0,0,0,0,0,10.0,5.0,5.0,20.0,0,756,19.426416397094727,0.11091090570463892,,arrive_dest
652,fresh,0,fresh,,,0,0.0,0,0,0,0,0,10.0,5.0,5.0,20.0,0,139,2.079990863800049,0.01870407812002537,,out_of_road
653,fresh,0,fresh,,,0,0.0,0,0,0,0,0,10.0,5.0,5.0,20.0,0,57,0.30460435152053833,0.024801239583706648,,out_of_road
654,fresh,0,fresh,,,0,0.0,0,0,0,0,0,10.0,5.0,5.0,20.0,0,43,0.09257292747497559,0.015741859757623006,,out_of_road
655,fresh,0,fresh,,,0,0.0,0,0,0,0,0,10.0,5.0,5.0,20.0,0,380,9.893646240234375,0.1313569463581141,,out_of_road
656,fresh,0,fresh,,,0,0.0,0,0,0,0,0,10.0,5.0,5.0,20.0,0,380,9.816123962402344,0.08473226916976273,,out_of_road
657,fresh,0,fresh,,,0,0.0,0,0,0,0,0,10.0,5.0,5.0,20.0,0,199,4.333121299743652,0.0534809586737099,,out_of_road
658,fresh,0,fresh,,,0,0.0,0,0,0,0,0,10.0,5.0,5.0,20.0,0,478,12.207462310791016,0.06760294425348015,,arrive_dest
659,fresh,0,fresh,,,0,0.0,0,0,0,0,0,10.0,5.0,5.0,20.0,0,131,1.8056530952453613,0.017666675221487765,,out_of_road
660,fresh,0,fresh,,,0,0.0,0,0,0,0,0,10.0,5.0,5.0,20.0,0,1000,16.320579528808594,0.07634338272968307,,max_step
661,fresh,0,fresh,,,0,0.0,0,0,0,0,0,10.0,5.0,5.0,20.0,0,418,11.547826766967773,0.062090888860051714,,arrive_dest
662,fresh,0,fresh,,,0,0.0,0,0,0,0,0,10.0,5.0,5.0,20.0,0,239,4.019062042236328,0.05221560844473509,,out_of_road
663,fresh,0,fresh,,,0,0.0,0,0,0,0,0,10.0,5.0,5.0,20.0,0,118,2.3205299377441406,0.00795358355291251,,arrive_dest
664,fresh,0,fresh,,,0,0.0,0,0,0,0,0,10.0,5.0,5.0,20.0,0,113,1.3826839923858643,0.029601986726037168,,out_of_road
665,fresh,0,fresh,,,0,0.0,0,0,0,0,0,10.0,5.0,5.0,20.0,0,194,4.775903701782227,0.10291751175542775,,out_of_road
666,fresh,0,fresh,,,0,0.0,0,0,0,0,0,10.0,5.0,5.0,20.0,0,323,6.400144577026367,0.06927787306381177,,out_of_road
667,fresh,0,fresh,,,0,0.0,0,0,0,0,0,10.0,5.0,5.0,20.0,0,130,0.37838757038116455,0.019628198706330015,,out_of_road
668,fresh,0,fresh,,,0,0.0,0,0,0,0,0,10.0,5.0,5.0,20.0,0,798,19.582740783691406,0.0751912406156129,,arrive_dest
669,fresh,0,fresh,,,0,0.0,0,0,0,0,0,10.0,5.0,5.0,20.0,0,1000,4.693090438842773,0.009596541756764054,,max_step
670,fresh,0,fresh,,,0,0.0,0,0,0,0,0,10.0,5.0,5.0,20.0,0,1000,8.19951343536377,0.04397408102732152,,max_step
671,fresh,0,fresh,,,0,0.0,0,0,0,0,0,10.0,5.0,5.0,20.0,0,370,9.623157501220703,0.06278399532862208,,out_of_road
672,fresh,0,fresh,,,0,0.0,0,0,0,0,0,10.0,5.0,5.0,20.0,0,639,16.505754470825195,0.09256587156454606,,out_of_road
673,fresh,0,fresh,,,0,0.0,0,0,0,0,0,10.0,5.0,5.0,20.0,0,135,1.8508002758026123,0.024711045070930762,,out_of_road
674,fresh,0,fresh,,,0,0.0,0,0,0,0,0,10.0,5.0,5.0,20.0,0,432,10.571111679077148,0.09439153519364211,,arrive_dest
675,fresh,0,fresh,,,0,0.0,0,0,0,0,0,10.0,5.0,5.0,20.0,0,261,5.072831630706787,0.04109416259595432,,out_of_road
676,fresh,0,fresh,,,0,0.0,0,0,0,0,0,10.0,5.0,5.0,20.0,0,218,5.8095316886901855,0.06811773623211669,,out_of_road
677,fresh,0,fresh,,,0,0.0,0,0,0,0,0,10.0,5.0,5.0,20.0,0,123,1.487061619758606,0.0827466012167979,,out_of_road
678,fresh,0,fresh,,,0,0.0,0,0,0,0,0,10.0,5.0,5.0,20.0,0,150,3.768829822540283,0.05702065362284581,,arrive_dest
679,fresh,0,fresh,,,0,0.0,0,0,0,0,0,10.0,5.0,5.0,20.0,0,241,6.276362419128418,0.040123075007217554,,out_of_road
680,fresh,0,fresh,,,0,0.0,0,0,0,0,0,10.0,5.0,5.0,20.0,0,130,1.5178675651550293,0.01953653567112409,,out_of_road
681,fresh,0,fresh,,,0,0.0,0,0,0,0,0,10.0,5.0,5.0,20.0,0,1000,6.179870128631592,0.013334110117517412,,max_step
682,fresh,0,fresh,,,0,0.0,0,0,0,0,0,10.0,5.0,5.0,20.0,0,952,26.70379066467285,0.10577355057148834,,out_of_road
683,fresh,0,fresh,,,0,0.0,0,0,0,0,0,10.0,5.0,5.0,20.0,0,732,20.29557228088379,0.08830042860262055,,arrive_dest
684,fresh,0,fresh,,,0,0.0,0,0,0,0,0,10.0,5.0,5.0,20.0,0,77,1.480708360671997,0.028551373437240526,,arrive_dest
685,fresh,0,fresh,,,0,0.0,0,0,0,0,0,10.0,5.0,5.0,20.0,0,460,11.405716896057129,0.17899330008734504,,out_of_road
686,fresh,0,fresh,,,0,0.0,0,0,0,0,0,10.0,5.0,5.0,20.0,0,218,5.535346984863281,0.07105343424236624,,out_of_road
687,fresh,0,fresh,,,0,0.0,0,0,0,0,0,10.0,5.0,5.0,20.0,0,237,6.016274452209473,0.05293648527298547,,out_of_road
688,fresh,0,fresh,,,0,0.0,0,0,0,0,0,10.0,5.0,5.0,20.0,0,521,13.061966896057129,0.08596353100848718,,arrive_dest
689,fresh,0,fresh,,,0,0.0,0,0,0,0,0,10.0,5.0,5.0,20.0,0,418,10.316058158874512,0.07310425730324105,,arrive_dest
690,fresh,0,fresh,,,0,0.0,0,0,0,0,0,10.0,5.0,5.0,20.0,0,189,4.662976264953613,0.05609135585467494,,arrive_dest
691,fresh,0,fresh,,,0,0.0,0,0,0,0,0,10.0,5.0,5.0,20.0,0,1000,0.0038838726468384266,0.0,,max_step
692,fresh,0,fresh,,,0,0.0,0,0,0,0,0,10.0,5.0,5.0,20.0,0,556,14.320412635803223,0.13317947770743596,,arrive_dest
693,fresh,0,fresh,,,0,0.0,0,0,0,0,0,10.0,5.0,5.0,20.0,0,331,8.337063789367676,0.08702371243156741,,out_of_road
694,fresh,0,fresh,,,0,0.0,0,0,0,0,0,10.0,5.0,5.0,20.0,0,339,9.941080093383789,0.12500240129575266,,arrive_dest
695,fresh,0,fresh,,,0,0.0,0,0,0,0,0,10.0,5.0,5.0,20.0,0,202,4.44803524017334,0.03280244068251831,,out_of_road
696,fresh,0,fresh,,,0,0.0,0,0,0,0,0,10.0,5.0,5.0,20.0,0,602,16.034948348999023,0.09560208484465473,,out_of_road
697,fresh,0,fresh,,,0,0.0,0,0,0,0,0,10.0,5.0,5.0,20.0,0,127,1.6635130643844604,0.03138041828473018,,out_of_road
698,fresh,0,fresh,,,0,0.0,0,0,0,0,0,10.0,5.0,5.0,20.0,0,1000,0.009015764109790325,0.07434504285035655,,max_step
699,fresh,0,fresh,,,0,0.0,0,0,0,0,0,10.0,5.0,5.0,20.0,0,214,5.635530948638916,0.0637049110057964,,out_of_road
700,fresh,0,fresh,,,0,0.0,0,0,0,0,0,10.0,5.0,5.0,20.0,0,390,9.906661033630371,0.14678634160962434,,out_of_road
701,fresh,0,fresh,,,0,0.0,0,0,0,0,0,10.0,5.0,5.0,20.0,0,113,1.5159775018692017,0.024162792526515185,,out_of_road
702,fresh,0,fresh,,,0,0.0,0,0,0,0,0,10.0,5.0,5.0,20.0,0,288,6.693318843841553,0.06460422593065435,,out_of_road
703,fresh,0,fresh,,,0,0.0,0,0,0,0,0,10.0,5.0,5.0,20.0,0,498,12.460407257080078,0.08427759521195748,,arrive_dest
704,fresh,0,fresh,,,0,0.0,0,0,0,0,0,10.0,5.0,5.0,20.0,0,737,21.69097900390625,0.12248678323579004,,arrive_dest
705,fresh,0,fresh,,,0,0.0,0,0,0,0,0,10.0,5.0,5.0,20.0,0,1000,1.7533551454544067,0.012161718127317726,,max_step
706,fresh,0,fresh,,,0,0.0,0,0,0,0,0,10.0,5.0,5.0,20.0,0,830,21.789779663085938,0.10378990514338556,,out_of_road
707,fresh,0,fresh,,,0,0.0,0,0,0,0,0,10.0,5.0,5.0,20.0,0,986,26.443159103393555,0.07858836147287185,,arrive_dest
708,fresh,0,fresh,,,0,0.0,0,0,0,0,0,10.0,5.0,5.0,20.0,0,1000,0.004800775088369846,0.0,,max_step
709,fresh,0,fresh,,,0,0.0,0,0,0,0,0,10.0,5.0,5.0,20.0,0,469,11.157793998718262,0.111230203796472,,out_of_road
710,fresh,0,fresh,,,0,0.0,0,0,0,0,0,10.0,5.0,5.0,20.0,0,1000,4.379917144775391,0.0050050373976118865,,max_step
711,fresh,0,fresh,,,0,0.0,0,0,0,0,0,10.0,5.0,5.0,20.0,0,433,12.09913444519043,0.12893604481588472,,arrive_dest
712,fresh,0,fresh,,,0,0.0,0,0,0,0,0,10.0,5.0,5.0,20.0,0,1000,16.23893165588379,0.07972273576864973,,max_step
713,fresh,0,fresh,,,0,0.0,0,0,0,0,0,10.0,5.0,5.0,20.0,0,1000,5.197197914123535,0.012073301123455166,,max_step
714,fresh,0,fresh,,,0,0.0,0,0,0,0,0,10.0,5.0,5.0,20.0,0,507,12.854242324829102,0.06494524007336158,,out_of_road
715,fresh,0,fresh,,,0,0.0,0,0,0,0,0,10.0,5.0,5.0,20.0,0,165,4.103353500366211,0.036337134050148906,,out_of_road
716,fresh,0,fresh,,,0,0.0,0,0,0,0,0,10.0,5.0,5.0,20.0,0,1000,0.020323799923062325,0.0017864285331452266,,max_step
717,fresh,0,fresh,,,0,0.0,0,0,0,0,0,10.0,5.0,5.0,20.0,0,240,5.929581165313721,0.031905067558788386,,out_of_road
718,fresh,0,fresh,,,0,0.0,0,0,0,0,0,10.0,5.0,5.0,20.0,0,552,13.555203437805176,0.12983051336377158,,arrive_dest
719,fresh,0,fresh,,,0,0.0,0,0,0,0,0,10.0,5.0,5.0,20.0,0,338,7.9612016677856445,0.03861537257749477,,out_of_road
720,fresh,0,fresh,,,0,0.0,0,0,0,0,0,10.0,5.0,5.0,20.0,0,365,9.811623573303223,0.07533808169274094,,arrive_dest
721,fresh,0,fresh,,,0,0.0,0,0,0,0,0,10.0,5.0,5.0,20.0,0,106,1.705457091331482,0.07289722949301577,,arrive_dest
722,fresh,0,fresh,,,0,0.0,0,0,0,0,0,10.0,5.0,5.0,20.0,0,608,13.921392440795898,0.043018946900318905,,arrive_dest
723,fresh,0,fresh,,,0,0.0,0,0,0,0,0,10.0,5.0,5.0,20.0,0,1000,4.224867343902588,0.011802897004876287,,max_step
724,fresh,0,fresh,,,0,0.0,0,0,0,0,0,10.0,5.0,5.0,20.0,0,154,2.5438337326049805,0.08472925602373751,,out_of_road
725,fresh,0,fresh,,,0,0.0,0,0,0,0,0,10.0,5.0,5.0,20.0,0,524,12.863210678100586,0.14123549161990748,,out_of_road
726,fresh,0,fresh,,,0,0.0,0,0,0,0,0,10.0,5.0,5.0,20.0,0,382,8.866225242614746,0.0585078621205157,,out_of_road
727,fresh,0,fresh,,,0,0.0,0,0,0,0,0,10.0,5.0,5.0,20.0,0,372,9.690774917602539,0.07157406391906401,,arrive_dest
728,fresh,0,fresh,,,0,0.0,0,0,0,0,0,10.0,5.0,5.0,20.0,0,444,10.399208068847656,0.06876442013811823,,out_of_road
729,fresh,0,fresh,,,0,0.0,0,0,0,0,0,10.0,5.0,5.0,20.0,0,618,15.839351654052734,0.11610804627024837,,out_of_road
730,fresh,0,fresh,,,0,0.0,0,0,0,0,0,10.0,5.0,5.0,20.0,0,54,0.37906545400619507,0.03141078187359704,,out_of_road
731,fresh,0,fresh,,,0,0.0,0,0,0,0,0,10.0,5.0,5.0,20.0,0,400,9.457999229431152,0.059912491980940105,,out_of_road
732,fresh,0,fresh,,,0,0.0,0,0,0,0,0,10.0,5.0,5.0,20.0,0,1000,8.24279499053955,0.034004586360417303,,max_step
733,fresh,0,fresh,,,0,0.0,0,0,0,0,0,10.0,5.0,5.0,20.0,0,1000,7.53223991394043,0.02200665747746825,,max_step
734,fresh,0,fresh,,,0,0.0,0,0,0,0,0,10.0,5.0,5.0,20.0,0,119,1.5085537433624268,0.014340975975320368,,out_of_road
735,fresh,0,fresh,,,0,0.0,0,0,0,0,0,10.0,5.0,5.0,20.0,0,254,5.0818915367126465,0.03487163220301241,,out_of_road
736,fresh,0,fresh,,,0,0.0,0,0,0,0,0,10.0,5.0,5.0,20.0,0,897,23.49848747253418,0.0853302493741281,,out_of_road
737,fresh,0,fresh,,,0,0.0,0,0,0,0,0,10.0,5.0,5.0,20.0,0,1000,17.369325637817383,0.05327986769156996,,max_step
738,fresh,0,fresh,,,0,0.0,0,0,0,0,0,10.0,5.0,5.0,20.0,0,204,3.353837490081787,0.04036932996492468,,out_of_road
739,fresh,0,fresh,,,0,0.0,0,0,0,0,0,10.0,5.0,5.0,20.0,0,109,1.446528673171997,0.006770400074096994,,out_of_road
740,fresh,0,fresh,,,0,0.0,0,0,0,0,0,10.0,5.0,5.0,20.0,0,342,9.363842964172363,0.09526891169976988,,arrive_dest
741,fresh,0,fresh,,,0,0.0,0,0,0,0,0,10.0,5.0,5.0,20.0,0,399,9.032853126525879,0.04887170418466728,,out_of_road
742,fresh,0,fresh,,,0,0.0,0,0,0,0,0,10.0,5.0,5.0,20.0,0,480,12.190973281860352,0.062376685591880233,,out_of_road
743,fresh,0,fresh,,,0,0.0,0,0,0,0,0,10.0,5.0,5.0,20.0,0,1000,-0.025514721870422363,0.039192549970117396,,max_step
744,fresh,0,fresh,,,0,0.0,0,0,0,0,0,10.0,5.0,5.0,20.0,0,626,16.102947235107422,0.06396186889132326,,arrive_dest
745,fresh,0,fresh,,,0,0.0,0,0,0,0,0,10.0,5.0,5.0,20.0,0,207,5.48674201965332,0.04944273328368107,,out_of_road
746,fresh,0,fresh,,,0,0.0,0,0,0,0,0,10.0,5.0,5.0,20.0,0,126,1.8245950937271118,0.02139636648020574,,out_of_road
747,fresh,0,fresh,,,0,0.0,0,0,0,0,0,10.0,5.0,5.0,20.0,0,625,14.730962753295898,0.06403097998723388,,arrive_dest
748,fresh,0,fresh,,,0,0.0,0,0,0,0,0,10.0,5.0,5.0,20.0,0,199,3.0290064811706543,0.006500486682295499,,out_of_road
749,fresh,0,fresh,,,0,0.0,0,0,0,0,0,10.0,5.0,5.0,20.0,0,442,9.75318717956543,0.09368272939047932,,out_of_road
750,fresh,0,fresh,,,0,0.0,0,0,0,0,0,10.0,5.0,5.0,20.0,0,191,1.8809010982513428,0.02584889770914552,,out_of_road
751,fresh,0,fresh,,,0,0.0,0,0,0,0,0,10.0,5.0,5.0,20.0,0,238,6.516178607940674,0.043741922093821425,,arrive_dest
752,fresh,0,fresh,,,0,0.0,0,0,0,0,0,10.0,5.0,5.0,20.0,0,160,2.6000845432281494,0.0917229856189806,,out_of_road
753,fresh,0,fresh,,,0,0.0,0,0,0,0,0,10.0,5.0,5.0,20.0,0,225,4.178321838378906,0.026581142471275396,,arrive_dest
754,fresh,0,fresh,,,0,0.0,0,0,0,0,0,10.0,5.0,5.0,20.0,0,120,1.4695583581924438,0.08929198772336046,,out_of_road
755,fresh,0,fresh,,,0,0.0,0,0,0,0,0,10.0,5.0,5.0,20.0,0,233,5.558672904968262,0.03314997145582326,,out_of_road
756,fresh,0,fresh,,,0,0.0,0,0,0,0,0,10.0,5.0,5.0,20.0,0,128,2.0254578590393066,0.005271767382510006,,out_of_road
757,fresh,0,fresh,,,0,0.0,0,0,0,0,0,10.0,5.0,5.0,20.0,0,788,19.871252059936523,0.10011222461731348,,arrive_dest
758,fresh,0,fresh,,,0,0.0,0,0,0,0,0,10.0,5.0,5.0,20.0,0,394,9.4907865524292,0.05905314244750679,,arrive_dest
759,fresh,0,fresh,,,0,0.0,0,0,0,0,0,10.0,5.0,5.0,20.0,0,365,9.693202018737793,0.06936867238239271,,arrive_dest
760,fresh,0,fresh,,,0,0.0,0,0,0,0,0,10.0,5.0,5.0,20.0,0,268,7.827282428741455,0.1166699212296421,,out_of_road
761,fresh,0,fresh,,,0,0.0,0,0,0,0,0,10.0,5.0,5.0,20.0,0,395,9.606189727783203,0.057313513962103976,,arrive_dest
762,fresh,0,fresh,,,0,0.0,0,0,0,0,0,10.0,5.0,5.0,20.0,0,246,5.046389579772949,0.017404191273575027,,out_of_road
763,fresh,0,fresh,,,0,0.0,0,0,0,0,0,10.0,5.0,5.0,20.0,0,332,8.30763053894043,0.06052622494585139,,out_of_road
764,fresh,0,fresh,,,0,0.0,0,0,0,0,0,10.0,5.0,5.0,20.0,0,141,1.9151488542556763,0.019624602972655326,,out_of_road
765,fresh,0,fresh,,,0,0.0,0,0,0,0,0,10.0,5.0,5.0,20.0,0,120,1.401166319847107,0.015532661586379011,,out_of_road
766,fresh,0,fresh,,,0,0.0,0,0,0,0,0,10.0,5.0,5.0,20.0,0,1000,-0.00581585755571723,0.0011422149552963673,,max_step
767,fresh,0,fresh,,,0,0.0,0,0,0,0,0,10.0,5.0,5.0,20.0,0,397,9.094348907470703,0.06511158405941551,,arrive_dest
768,fresh,0,fresh,,,0,0.0,0,0,0,0,0,10.0,5.0,5.0,20.0,0,311,7.637181758880615,0.06601769120471367,,out_of_road
769,fresh,0,fresh,,,0,0.0,0,0,0,0,0,10.0,5.0,5.0,20.0,0,343,7.819981575012207,0.05691540288011226,,out_of_road
770,fresh,0,fresh,,,0,0.0,0,0,0,0,0,10.0,5.0,5.0,20.0,0,1000,10.12990665435791,0.031171294765546916,,max_step
771,fresh,0,fresh,,,0,0.0,0,0,0,0,0,10.0,5.0,5.0,20.0,0,703,1.7888842821121216,0.01052537250049693,,out_of_road
772,fresh,0,fresh,,,0,0.0,0,0,0,0,0,10.0,5.0,5.0,20.0,0,232,4.46040678024292,0.16470440641820333,,out_of_road
773,fresh,0,fresh,,,0,0.0,0,0,0,0,0,10.0,5.0,5.0,20.0,0,403,9.682826042175293,0.07437449623079549,,out_of_road
774,fresh,0,fresh,,,0,0.0,0,0,0,0,0,10.0,5.0,5.0,20.0,0,1000,0.2967393100261688,0.018233554165810347,,max_step
775,fresh,0,fresh,,,0,0.0,0,0,0,0,0,10.0,5.0,5.0,20.0,0,840,22.472787857055664,0.1283678442472592,,arrive_dest
776,fresh,0,fresh,,,0,0.0,0,0,0,0,0,10.0,5.0,5.0,20.0,0,461,3.409029006958008,0.022150040060734285,,out_of_road
777,fresh,0,fresh,,,0,0.0,0,0,0,0,0,10.0,5.0,5.0,20.0,0,666,16.94188117980957,0.13302625184626998,,out_of_road
778,fresh,0,fresh,,,0,0.0,0,0,0,0,0,10.0,5.0,5.0,20.0,0,255,5.911564826965332,0.028407606022322878,,out_of_road
779,fresh,0,fresh,,,0,0.0,0,0,0,0,0,10.0,5.0,5.0,20.0,0,110,1.7993638515472412,0.018839807029474864,,out_of_road
780,fresh,0,fresh,,,0,0.0,0,0,0,0,0,10.0,5.0,5.0,20.0,0,225,4.438499450683594,0.05154488926391221,,out_of_road
781,fresh,0,fresh,,,0,0.0,0,0,0,0,0,10.0,5.0,5.0,20.0,0,171,3.8218741416931152,0.16101396593608355,,arrive_dest
782,fresh,0,fresh,,,0,0.0,0,0,0,0,0,10.0,5.0,5.0,20.0,0,336,7.797624111175537,0.04152253035101153,,out_of_road
783,fresh,0,fresh,,,0,0.0,0,0,0,0,0,10.0,5.0,5.0,20.0,0,34,-0.13984538614749908,0.007684051990509033,,out_of_road
784,fresh,0,fresh,,,0,0.0,0,0,0,0,0,10.0,5.0,5.0,20.0,0,307,7.651271820068359,0.07437175057573601,,arrive_dest
785,fresh,0,fresh,,,0,0.0,0,0,0,0,0,10.0,5.0,5.0,20.0,0,118,1.8959108591079712,0.018507615918632977,,out_of_road
786,fresh,0,fresh,,,0,0.0,0,0,0,0,0,10.0,5.0,5.0,20.0,0,264,6.2197980880737305,0.05170789001170884,,out_of_road
787,fresh,0,fresh,,,0,0.0,0,0,0,0,0,10.0,5.0,5.0,20.0,0,373,9.68682861328125,0.11154393751883315,,arrive_dest
788,fresh,0,fresh,,,0,0.0,0,0,0,0,0,10.0,5.0,5.0,20.0,0,504,11.58423900604248,0.06945938542002483,,out_of_road
789,fresh,0,fresh,,,0,0.0,0,0,0,0,0,10.0,5.0,5.0,20.0,0,586,15.751766204833984,0.08487842188958943,,arrive_dest
790,fresh,0,fresh,,,0,0.0,0,0,0,0,0,10.0,5.0,5.0,20.0,0,1000,24.189449310302734,0.11705316728516482,,max_step
791,fresh,0,fresh,,,0,0.0,0,0,0,0,0,10.0,5.0,5.0,20.0,0,154,1.709558129310608,0.08816894591338449,,out_of_road
792,fresh,0,fresh,,,0,0.0,0,0,0,0,0,10.0,5.0,5.0,20.0,0,242,4.7611613273620605,0.038548676658821994,,out_of_road
793,fresh,0,fresh,,,0,0.0,0,0,0,0,0,10.0,5.0,5.0,20.0,0,303,7.268760681152344,0.06857129528184142,,out_of_road
794,fresh,0,fresh,,,0,0.0,0,0,0,0,0,10.0,5.0,5.0,20.0,0,190,2.8115315437316895,0.06106498616649524,,out_of_road
795,fresh,0,fresh,,,0,0.0,0,0,0,0,0,10.0,5.0,5.0,20.0,0,183,3.3827104568481445,0.032876926118029594,,out_of_road
796,fresh,0,fresh,,,0,0.0,0,0,0,0,0,10.0,5.0,5.0,20.0,0,289,6.0894551277160645,0.06790809456587714,,out_of_road
797,fresh,0,fresh,,,0,0.0,0,0,0,0,0,10.0,5.0,5.0,20.0,0,1000,0.0036988810170441866,2.894100546836853e-05,,max_step
798,fresh,0,fresh,,,0,0.0,0,0,0,0,0,10.0,5.0,5.0,20.0,0,422,9.599082946777344,0.06331095090455936,,arrive_dest
799,fresh,0,fresh,,,0,0.0,0,0,0,0,0,10.0,5.0,5.0,20.0,0,101,1.2702144384384155,0.018742618695049004,,out_of_road
800,fresh,0,fresh,,,0,0.0,0,0,0,0,0,10.0,5.0,5.0,20.0,0,241,4.9324140548706055,0.01375197614948903,,out_of_road
801,fresh,0,fresh,,,0,0.0,0,0,0,0,0,10.0,5.0,5.0,20.0,0,250,5.850476264953613,0.10542615927755833,,out_of_road
802,fresh,0,fresh,,,0,0.0,0,0,0,0,0,10.0,5.0,5.0,20.0,0,108,1.8949484825134277,0.023937280074244848,,out_of_road
803,fresh,0,fresh,,,0,0.0,0,0,0,0,0,10.0,5.0,5.0,20.0,0,445,10.893641471862793,0.06403072098416558,,arrive_dest
804,fresh,0,fresh,,,0,0.0,0,0,0,0,0,10.0,5.0,5.0,20.0,0,408,9.687917709350586,0.053364002075920555,,out_of_road
805,fresh,0,fresh,,,0,0.0,0,0,0,0,0,10.0,5.0,5.0,20.0,0,109,1.6517646312713623,0.034187054005237895,,arrive_dest
806,fresh,0,fresh,,,0,0.0,0,0,0,0,0,10.0,5.0,5.0,20.0,0,250,5.88714075088501,0.03377389469183981,,out_of_road
807,fresh,0,fresh,,,0,0.0,0,0,0,0,0,10.0,5.0,5.0,20.0,0,53,0.2659847140312195,0.003387249303313921,,out_of_road
808,fresh,0,fresh,,,0,0.0,0,0,0,0,0,10.0,5.0,5.0,20.0,0,789,20.99601936340332,0.08229937708431427,,arrive_dest
809,fresh,0,fresh,,,0,0.0,0,0,0,0,0,10.0,5.0,5.0,20.0,0,257,4.622115612030029,0.06847637163743318,,out_of_road
810,fresh,0,fresh,,,0,0.0,0,0,0,0,0,10.0,5.0,5.0,20.0,0,69,0.390988826751709,0.026763901627366093,,out_of_road
811,fresh,0,fresh,,,0,0.0,0,0,0,0,0,10.0,5.0,5.0,20.0,0,100,1.4593634605407715,0.018688841443508863,,out_of_road
812,fresh,0,fresh,,,0,0.0,0,0,0,0,0,10.0,5.0,5.0,20.0,0,368,8.873978614807129,0.07849610043289747,,out_of_road
813,fresh,0,fresh,,,0,0.0,0,0,0,0,0,10.0,5.0,5.0,20.0,0,456,11.851325035095215,0.0506353052516811,,arrive_dest
814,fresh,0,fresh,,,0,0.0,0,0,0,0,0,10.0,5.0,5.0,20.0,0,223,4.863588333129883,0.02131545226686872,,out_of_road
815,fresh,0,fresh,,,0,0.0,0,0,0,0,0,10.0,5.0,5.0,20.0,0,434,9.89099407196045,0.0726649625503677,,arrive_dest
816,fresh,0,fresh,,,0,0.0,0,0,0,0,0,10.0,5.0,5.0,20.0,0,1000,2.043057918548584,0.007756453586742282,,max_step
817,fresh,0,fresh,,,0,0.0,0,0,0,0,0,10.0,5.0,5.0,20.0,0,218,3.8616373538970947,0.09023459947245076,,arrive_dest
818,fresh,0,fresh,,,0,0.0,0,0,0,0,0,10.0,5.0,5.0,20.0,0,329,6.196743488311768,0.030878125627646875,,out_of_road
819,fresh,0,fresh,,,0,0.0,0,0,0,0,0,10.0,5.0,5.0,20.0,0,56,0.38442641496658325,0.008455968786230577,,out_of_road
820,fresh,0,fresh,,,0,0.0,0,0,0,0,0,10.0,5.0,5.0,20.0,0,928,22.601905822753906,0.07890910785850981,,arrive_dest
821,fresh,0,fresh,,,0,0.0,0,0,0,0,0,10.0,5.0,5.0,20.0,0,560,14.417468070983887,0.08785715165015842,,arrive_dest
822,fresh,0,fresh,,,0,0.0,0,0,0,0,0,10.0,5.0,5.0,20.0,0,49,0.49567699432373047,0.029153909458189596,,arrive_dest
823,fresh,0,fresh,,,0,0.0,0,0,0,0,0,10.0,5.0,5.0,20.0,0,358,7.8479905128479,0.05656153602296663,,out_of_road
824,fresh,0,fresh,,,0,0.0,0,0,0,0,0,10.0,5.0,5.0,20.0,0,304,7.650137424468994,0.07807141398294143,,arrive_dest
825,fresh,0,fresh,,,0,0.0,0,0,0,0,0,10.0,5.0,5.0,20.0,0,750,18.96512794494629,0.1009742721564447,,arrive_dest
826,fresh,0,fresh,,,0,0.0,0,0,0,0,0,10.0,5.0,5.0,20.0,0,59,0.3763607144355774,0.008672033255067418,,out_of_road
827,fresh,0,fresh,,,0,0.0,0,0,0,0,0,10.0,5.0,5.0,20.0,0,290,7.261405944824219,0.11416105908052675,,out_of_road
828,fresh,0,fresh,,,0,0.0,0,0,0,0,0,10.0,5.0,5.0,20.0,0,1000,-0.009781585074961185,0.0003232078850269318,,max_step
829,fresh,0,fresh,,,0,0.0,0,0,0,0,0,10.0,5.0,5.0,20.0,0,33,0.47677719593048096,0.043725640936331314,,arrive_dest
830,fresh,0,fresh,,,0,0.0,0,0,0,0,0,10.0,5.0,5.0,20.0,0,100,1.3653895854949951,0.002597377812489867,,out_of_road
831,fresh,0,fresh,,,0,0.0,0,0,0,0,0,10.0,5.0,5.0,20.0,0,217,4.709109306335449,0.06357392198556373,,out_of_road
832,fresh,0,fresh,,,0,0.0,0,0,0,0,0,10.0,5.0,5.0,20.0,0,435,10.712393760681152,0.08653711756241733,,arrive_dest
833,fresh,0,fresh,,,0,0.0,0,0,0,0,0,10.0,5.0,5.0,20.0,0,102,1.6647440195083618,0.0354381662190837,,arrive_dest
834,fresh,0,fresh,,,0,0.0,0,0,0,0,0,10.0,5.0,5.0,20.0,0,51,0.372355192899704,0.00868419075713438,,out_of_road
835,fresh,0,fresh,,,0,0.0,0,0,0,0,0,10.0,5.0,5.0,20.0,0,1000,-0.00373627501539886,0.09620686390344053,,max_step
836,fresh,0,fresh,,,0,0.0,0,0,0,0,0,10.0,5.0,5.0,20.0,0,1000,0.04806314781308174,0.0014651190042495727,,max_step
837,fresh,0,fresh,,,0,0.0,0,0,0,0,0,10.0,5.0,5.0,20.0,0,924,26.91606330871582,0.21441389450393172,,arrive_dest
838,fresh,0,fresh,,,0,0.0,0,0,0,0,0,10.0,5.0,5.0,20.0,0,715,19.64207649230957,0.12242218065270959,,arrive_dest
839,fresh,0,fresh,,,0,0.0,0,0,0,0,0,10.0,5.0,5.0,20.0,0,330,7.73409366607666,0.04978242406170025,,out_of_road
840,fresh,0,fresh,,,0,0.0,0,0,0,0,0,10.0,5.0,5.0,20.0,0,294,5.482456207275391,0.06493595280830249,,arrive_dest
841,fresh,0,fresh,,,0,0.0,0,0,0,0,0,10.0,5.0,5.0,20.0,0,543,7.624639511108398,0.05650326397962882,,out_of_road
842,fresh,0,fresh,,,0,0.0,0,0,0,0,0,10.0,5.0,5.0,20.0,0,778,20.796131134033203,0.08340848048213405,,arrive_dest
843,fresh,0,fresh,,,0,0.0,0,0,0,0,0,10.0,5.0,5.0,20.0,0,355,9.217100143432617,0.08671540088761388,,arrive_dest
844,fresh,0,fresh,,,0,0.0,0,0,0,0,0,10.0,5.0,5.0,20.0,0,390,9.614034652709961,0.08380117179969182,,out_of_road
845,fresh,0,fresh,,,0,0.0,0,0,0,0,0,10.0,5.0,5.0,20.0,0,451,12.362842559814453,0.10478962564576591,,arrive_dest
846,fresh,0,fresh,,,0,0.0,0,0,0,0,0,10.0,5.0,5.0,20.0,0,811,21.00312042236328,0.1236685522514454,,arrive_dest
847,fresh,0,fresh,,,0,0.0,0,0,0,0,0,10.0,5.0,5.0,20.0,0,96,1.227588415145874,0.010653788805939257,,out_of_road
848,fresh,0,fresh,,,0,0.0,0,0,0,0,0,10.0,5.0,5.0,20.0,0,717,18.3648624420166,0.06289523261965536,,out_of_road
849,fresh,0,fresh,,,0,0.0,0,0,0,0,0,10.0,5.0,5.0,20.0,0,91,1.36064612865448,0.02014754499707903,,out_of_road
850,fresh,0,fresh,,,0,0.0,0,0,0,0,0,10.0,5.0,5.0,20.0,0,482,9.397663116455078,0.08426163137187076,,out_of_road
851,fresh,0,fresh,,,0,0.0,0,0,0,0,0,10.0,5.0,5.0,20.0,0,255,5.508875846862793,0.06840130112992197,,arrive_dest
852,fresh,0,fresh,,,0,0.0,0,0,0,0,0,10.0,5.0,5.0,20.0,0,51,0.34950026869773865,0.025761154535062173,,out_of_road
853,fresh,0,fresh,,,0,0.0,0,0,0,0,0,10.0,5.0,5.0,20.0,0,1000,0.0029165728483349085,0.0002076554596424103,,max_step
854,fresh,0,fresh,,,0,0.0,0,0,0,0,0,10.0,5.0,5.0,20.0,0,77,1.289977788925171,0.031189065474968452,,arrive_dest
855,fresh,0,fresh,,,0,0.0,0,0,0,0,0,10.0,5.0,5.0,20.0,0,48,0.3363600969314575,0.013700129891124865,,out_of_road
856,fresh,0,fresh,,,0,0.0,0,0,0,0,0,10.0,5.0,5.0,20.0,0,229,5.850992202758789,0.03300670385828412,,out_of_road
857,fresh,0,fresh,,,0,0.0,0,0,0,0,0,10.0,5.0,5.0,20.0,0,236,5.738043785095215,0.04283085284099551,,out_of_road
858,fresh,0,fresh,,,0,0.0,0,0,0,0,0,10.0,5.0,5.0,20.0,0,312,8.409561157226562,0.15477163590586338,,out_of_road
859,fresh,0,fresh,,,0,0.0,0,0,0,0,0,10.0,5.0,5.0,20.0,0,102,1.410718560218811,0.01981441627311356,,out_of_road
860,fresh,0,fresh,,,0,0.0,0,0,0,0,0,10.0,5.0,5.0,20.0,0,288,7.559417724609375,0.07820658237526207,,arrive_dest
861,fresh,0,fresh,,,0,0.0,0,0,0,0,0,10.0,5.0,5.0,20.0,0,986,28.03972053527832,0.19144739881871006,,arrive_dest
862,fresh,0,fresh,,,0,0.0,0,0,0,0,0,10.0,5.0,5.0,20.0,0,350,6.323463439941406,0.06608557158282825,,out_of_road
863,fresh,0,fresh,,,0,0.0,0,0,0,0,0,10.0,5.0,5.0,20.0,0,45,0.268460214138031,0.03530250493850973,,out_of_road
864,fresh,0,fresh,,,0,0.0,0,0,0,0,0,10.0,5.0,5.0,20.0,0,397,9.415823936462402,0.09816366552565275,,arrive_dest
865,fresh,0,fresh,,,0,0.0,0,0,0,0,0,10.0,5.0,5.0,20.0,0,110,1.8269312381744385,0.012109421362931078,,out_of_road
866,fresh,0,fresh,,,0,0.0,0,0,0,0,0,10.0,5.0,5.0,20.0,0,361,9.192895889282227,0.11577247883453759,,arrive_dest
867,fresh,0,fresh,,,0,0.0,0,0,0,0,0,10.0,5.0,5.0,20.0,0,360,9.079678535461426,0.066469565517683,,out_of_road
868,fresh,0,fresh,,,0,0.0,0,0,0,0,0,10.0,5.0,5.0,20.0,0,908,23.928178787231445,0.12090142524010392,,arrive_dest
869,fresh,0,fresh,,,0,0.0,0,0,0,0,0,10.0,5.0,5.0,20.0,0,403,9.430460929870605,0.06094928856744956,,out_of_road
870,fresh,0,fresh,,,0,0.0,0,0,0,0,0,10.0,5.0,5.0,20.0,0,107,1.525439739227295,0.022517699208632808,,out_of_road
871,fresh,0,fresh,,,0,0.0,0,0,0,0,0,10.0,5.0,5.0,20.0,0,224,5.698626518249512,0.05968848166646369,,out_of_road
872,fresh,0,fresh,,,0,0.0,0,0,0,0,0,10.0,5.0,5.0,20.0,0,317,8.069169998168945,0.08544859341536692,,arrive_dest
873,fresh,0,fresh,,,0,0.0,0,0,0,0,0,10.0,5.0,5.0,20.0,0,258,4.2161126136779785,0.05621091461949801,,out_of_road
874,fresh,0,fresh,,,0,0.0,0,0,0,0,0,10.0,5.0,5.0,20.0,0,2,0.25573936104774475,0.0,,arrive_dest
875,fresh,0,fresh,,,0,0.0,0,0,0,0,0,10.0,5.0,5.0,20.0,0,284,6.694778919219971,0.06417079710952518,,out_of_road
876,fresh,0,fresh,,,0,0.0,0,0,0,0,0,10.0,5.0,5.0,20.0,0,155,3.2127161026000977,0.05444760391068074,,out_of_road
877,fresh,0,fresh,,,0,0.0,0,0,0,0,0,10.0,5.0,5.0,20.0,0,224,5.827566623687744,0.053029022250224704,,out_of_road
878,fresh,0,fresh,,,0,0.0,0,0,0,0,0,10.0,5.0,5.0,20.0,0,1000,-0.003532921662554145,0.0,,max_step
879,fresh,0,fresh,,,0,0.0,0,0,0,0,0,10.0,5.0,5.0,20.0,0,677,18.471546173095703,0.16963411613086862,,out_of_road
880,fresh,0,fresh,,,0,0.0,0,0,0,0,0,10.0,5.0,5.0,20.0,0,1000,4.332726955413818,0.01106910585402511,,max_step
881,fresh,0,fresh,,,0,0.0,0,0,0,0,0,10.0,5.0,5.0,20.0,0,98,2.047790050506592,0.01898725292816454,,arrive_dest
882,fresh,0,fresh,,,0,0.0,0,0,0,0,0,10.0,5.0,5.0,20.0,0,249,4.434244155883789,0.10240447615090024,,arrive_dest
883,fresh,0,fresh,,,0,0.0,0,0,0,0,0,10.0,5.0,5.0,20.0,0,52,0.40688979625701904,0.020338427991821215,,out_of_road
884,fresh,0,fresh,,,0,0.0,0,0,0,0,0,10.0,5.0,5.0,20.0,0,596,14.769082069396973,0.08893030364771105,,out_of_road
885,fresh,0,fresh,,,0,0.0,0,0,0,0,0,10.0,5.0,5.0,20.0,0,122,1.8033578395843506,0.018673992032551618,,out_of_road
886,fresh,0,fresh,,,0,0.0,0,0,0,0,0,10.0,5.0,5.0,20.0,0,651,15.356905937194824,0.07610264642789284,,out_of_road
887,fresh,0,fresh,,,0,0.0,0,0,0,0,0,10.0,5.0,5.0,20.0,0,288,7.102682113647461,0.06926414176187892,,out_of_road
888,fresh,0,fresh,,,0,0.0,0,0,0,0,0,10.0,5.0,5.0,20.0,0,507,13.247383117675781,0.14863941591362517,,arrive_dest
889,fresh,0,fresh,,,0,0.0,0,0,0,0,0,10.0,5.0,5.0,20.0,0,542,13.028939247131348,0.07281776522440885,,out_of_road
890,fresh,0,fresh,,,0,0.0,0,0,0,0,0,10.0,5.0,5.0,20.0,0,426,9.996849060058594,0.07812940754311186,,arrive_dest
891,fresh,0,fresh,,,0,0.0,0,0,0,0,0,10.0,5.0,5.0,20.0,0,166,2.656459331512451,0.017458694672817927,,out_of_road
892,fresh,0,fresh,,,0,0.0,0,0,0,0,0,10.0,5.0,5.0,20.0,0,717,20.642255783081055,0.10132769328662852,,arrive_dest
893,fresh,0,fresh,,,0,0.0,0,0,0,0,0,10.0,5.0,5.0,20.0,0,821,22.312244415283203,0.0911972509752664,,out_of_road
894,fresh,0,fresh,,,0,0.0,0,0,0,0,0,10.0,5.0,5.0,20.0,0,135,1.9697415828704834,0.10251938181894797,,out_of_road
895,fresh,0,fresh,,,0,0.0,0,0,0,0,0,10.0,5.0,5.0,20.0,0,108,1.1665593385696411,0.06906376741136666,,out_of_road
896,fresh,0,fresh,,,0,0.0,0,0,0,0,0,10.0,5.0,5.0,20.0,0,488,12.568418502807617,0.09057295698740284,,out_of_road
897,fresh,0,fresh,,,0,0.0,0,0,0,0,0,10.0,5.0,5.0,20.0,0,259,6.257627487182617,0.0840297284190863,,out_of_road
898,fresh,0,fresh,,,0,0.0,0,0,0,0,0,10.0,5.0,5.0,20.0,0,122,1.926069736480713,0.010404615724062333,,out_of_road
899,fresh,0,fresh,,,0,0.0,0,0,0,0,0,10.0,5.0,5.0,20.0,0,631,18.657081604003906,0.14201655000501362,,arrive_dest
900,fresh,0,fresh,,,0,0.0,0,0,0,0,0,10.0,5.0,5.0,20.0,0,448,3.3554654121398926,0.008237595229210066,,out_of_road
901,fresh,0,fresh,,,0,0.0,0,0,0,0,0,10.0,5.0,5.0,20.0,0,106,1.8261620998382568,0.017823926057833474,,out_of_road
902,fresh,0,fresh,,,0,0.0,0,0,0,0,0,10.0,5.0,5.0,20.0,0,531,14.978998184204102,0.14655370719155575,,arrive_dest
903,fresh,0,fresh,,,0,0.0,0,0,0,0,0,10.0,5.0,5.0,20.0,0,429,10.536931037902832,0.08025114698279084,,out_of_road
904,fresh,0,fresh,,,0,0.0,0,0,0,0,0,10.0,5.0,5.0,20.0,0,250,7.546838760375977,0.09074054393172264,,out_of_road
905,fresh,0,fresh,,,0,0.0,0,0,0,0,0,10.0,5.0,5.0,20.0,0,101,1.5521109104156494,0.018407443870264707,,out_of_road
906,fresh,0,fresh,,,0,0.0,0,0,0,0,0,10.0,5.0,5.0,20.0,0,50,0.30705931782722473,0.01415152868255973,,out_of_road
907,fresh,0,fresh,,,0,0.0,0,0,0,0,0,10.0,5.0,5.0,20.0,0,212,4.982457637786865,0.05287662373398835,,out_of_road
908,fresh,0,fresh,,,0,0.0,0,0,0,0,0,10.0,5.0,5.0,20.0,0,50,0.37054890394210815,0.012853147052228451,,out_of_road
909,fresh,0,fresh,,,0,0.0,0,0,0,0,0,10.0,5.0,5.0,20.0,0,506,13.640680313110352,0.1405314573900325,,out_of_road
910,fresh,0,fresh,,,0,0.0,0,0,0,0,0,10.0,5.0,5.0,20.0,0,578,16.3781795501709,0.08477451028076732,,out_of_road
911,fresh,0,fresh,,,0,0.0,0,0,0,0,0,10.0,5.0,5.0,20.0,0,127,1.9547218084335327,0.005186168784935643,,out_of_road
912,fresh,0,fresh,,,0,0.0,0,0,0,0,0,10.0,5.0,5.0,20.0,0,571,16.237804412841797,0.08178806375963336,,arrive_dest
913,fresh,0,fresh,,,0,0.0,0,0,0,0,0,10.0,5.0,5.0,20.0,0,256,6.03847599029541,0.09780967301594501,,out_of_road
914,fresh,0,fresh,,,0,0.0,0,0,0,0,0,10.0,5.0,5.0,20.0,0,177,3.0726897716522217,0.019119235397563817,,out_of_road
915,fresh,0,fresh,,,0,0.0,0,0,0,0,0,10.0,5.0,5.0,20.0,0,65,1.2330596446990967,0.021604788933808988,,arrive_dest
916,fresh,0,fresh,,,0,0.0,0,0,0,0,0,10.0,5.0,5.0,20.0,0,144,3.574334144592285,0.03740101551132587,,arrive_dest
917,fresh,0,fresh,,,0,0.0,0,0,0,0,0,10.0,5.0,5.0,20.0,0,278,5.755377769470215,0.03377039496043174,,arrive_dest
918,fresh,0,fresh,,,0,0.0,0,0,0,0,0,10.0,5.0,5.0,20.0,0,39,0.03458318114280701,0.0,,out_of_road
919,fresh,0,fresh,,,0,0.0,0,0,0,0,0,10.0,5.0,5.0,20.0,0,319,8.065624237060547,0.0924307735035412,,arrive_dest
920,fresh,0,fresh,,,0,0.0,0,0,0,0,0,10.0,5.0,5.0,20.0,0,436,10.671356201171875,0.1121744613014717,,out_of_road
921,fresh,0,fresh,,,0,0.0,0,0,0,0,0,10.0,5.0,5.0,20.0,0,434,11.136703491210938,0.09260225369973743,,out_of_road
922,fresh,0,fresh,,,0,0.0,0,0,0,0,0,10.0,5.0,5.0,20.0,0,122,1.3240139484405518,0.01399345578412052,,out_of_road
923,fresh,0,fresh,,,0,0.0,0,0,0,0,0,10.0,5.0,5.0,20.0,0,1000,0.011210227385163307,0.0,,max_step
924,fresh,0,fresh,,,0,0.0,0,0,0,0,0,10.0,5.0,5.0,20.0,0,422,10.436671257019043,0.14884421263018102,,out_of_road
925,fresh,0,fresh,,,0,0.0,0,0,0,0,0,10.0,5.0,5.0,20.0,0,50,0.3581473231315613,0.023585989028215407,,out_of_road
926,fresh,0,fresh,,,0,0.0,0,0,0,0,0,10.0,5.0,5.0,20.0,0,509,12.424619674682617,0.08639233060408025,,arrive_dest
927,fresh,0,fresh,,,0,0.0,0,0,0,0,0,10.0,5.0,5.0,20.0,0,220,5.504818439483643,0.03611034970645877,,out_of_road
928,fresh,0,fresh,,,0,0.0,0,0,0,0,0,10.0,5.0,5.0,20.0,0,346,9.513676643371582,0.11237852386235275,,arrive_dest
929,fresh,0,fresh,,,0,0.0,0,0,0,0,0,10.0,5.0,5.0,20.0,0,537,16.275684356689453,0.17800751824436617,,arrive_dest
930,fresh,0,fresh,,,0,0.0,0,0,0,0,0,10.0,5.0,5.0,20.0,0,482,13.317606925964355,0.07543726956386784,,arrive_dest
931,fresh,0,fresh,,,0,0.0,0,0,0,0,0,10.0,5.0,5.0,20.0,0,664,18.032577514648438,0.11280131154674027,,arrive_dest
932,fresh,0,fresh,,,0,0.0,0,0,0,0,0,10.0,5.0,5.0,20.0,0,50,0.28092843294143677,0.01780196316540241,,out_of_road
933,fresh,0,fresh,,,0,0.0,0,0,0,0,0,10.0,5.0,5.0,20.0,0,192,3.9653899669647217,0.0906778402083243,,arrive_dest
934,fresh,0,fresh,,,0,0.0,0,0,0,0,0,10.0,5.0,5.0,20.0,0,303,8.389301300048828,0.08166881512601555,,out_of_road
935,fresh,0,fresh,,,0,0.0,0,0,0,0,0,10.0,5.0,5.0,20.0,0,1000,6.078457355499268,0.014506931133102625,,max_step
936,fresh,0,fresh,,,0,0.0,0,0,0,0,0,10.0,5.0,5.0,20.0,0,102,2.2412219047546387,0.03503548081818165,,arrive_dest
937,fresh,0,fresh,,,0,0.0,0,0,0,0,0,10.0,5.0,5.0,20.0,0,43,0.08096039295196533,0.008553915245588435,,out_of_road
938,fresh,0,fresh,,,0,0.0,0,0,0,0,0,10.0,5.0,5.0,20.0,0,368,7.935483455657959,0.06955685477789855,,arrive_dest
939,fresh,0,fresh,,,0,0.0,0,0,0,0,0,10.0,5.0,5.0,20.0,0,1000,-0.004677304532378912,0.00014688742440193892,,max_step
940,fresh,0,fresh,,,0,0.0,0,0,0,0,0,10.0,5.0,5.0,20.0,0,1000,17.515792846679688,0.09043049253337085,,max_step
941,fresh,0,fresh,,,0,0.0,0,0,0,0,0,10.0,5.0,5.0,20.0,0,23,-0.15321283042430878,0.015408611491970394,,out_of_road
942,fresh,0,fresh,,,0,0.0,0,0,0,0,0,10.0,5.0,5.0,20.0,0,115,1.6729645729064941,0.007492876895095991,,out_of_road
943,fresh,0,fresh,,,0,0.0,0,0,0,0,0,10.0,5.0,5.0,20.0,0,49,0.3328983783721924,0.007353465662014728,,out_of_road
944,fresh,0,fresh,,,0,0.0,0,0,0,0,0,10.0,5.0,5.0,20.0,0,48,0.3179170489311218,0.0065232849641082185,,out_of_road
945,fresh,0,fresh,,,0,0.0,0,0,0,0,0,10.0,5.0,5.0,20.0,0,369,8.842138290405273,0.08386854241604647,,out_of_road
946,fresh,0,fresh,,,0,0.0,0,0,0,0,0,10.0,5.0,5.0,20.0,0,270,7.589383602142334,0.1320482802870511,,out_of_road
947,fresh,0,fresh,,,0,0.0,0,0,0,0,0,10.0,5.0,5.0,20.0,0,48,0.39344707131385803,0.01143636005387331,,out_of_road
948,fresh,0,fresh,,,0,0.0,0,0,0,0,0,10.0,5.0,5.0,20.0,0,759,20.64835548400879,0.08823949915856338,,out_of_road
949,fresh,0,fresh,,,0,0.0,0,0,0,0,0,10.0,5.0,5.0,20.0,0,325,7.520528316497803,0.07606346998972675,,out_of_road
950,fresh,0,fresh,,,0,0.0,0,0,0,0,0,10.0,5.0,5.0,20.0,0,413,9.71861457824707,0.08126883364714385,,out_of_road
951,fresh,0,fresh,,,0,0.0,0,0,0,0,0,10.0,5.0,5.0,20.0,0,100,1.4666128158569336,0.05543356377631426,,out_of_road
952,fresh,0,fresh,,,0,0.0,0,0,0,0,0,10.0,5.0,5.0,20.0,0,626,17.552387237548828,0.07866075166059247,,arrive_dest
953,fresh,0,fresh,,,0,0.0,0,0,0,0,0,10.0,5.0,5.0,20.0,0,306,6.932346820831299,0.0830163476331269,,arrive_dest
954,fresh,0,fresh,,,0,0.0,0,0,0,0,0,10.0,5.0,5.0,20.0,0,1000,2.0777130126953125,0.009315042703412473,,max_step
955,fresh,0,fresh,,,0,0.0,0,0,0,0,0,10.0,5.0,5.0,20.0,0,602,15.773344039916992,0.0970008322812247,,arrive_dest
956,fresh,0,fresh,,,0,0.0,0,0,0,0,0,10.0,5.0,5.0,20.0,0,213,5.802404880523682,0.06556929181058817,,arrive_dest
957,fresh,0,fresh,,,0,0.0,0,0,0,0,0,10.0,5.0,5.0,20.0,0,89,1.1560747623443604,0.012678791716527403,,out_of_road
958,fresh,0,fresh,,,0,0.0,0,0,0,0,0,10.0,5.0,5.0,20.0,0,236,6.16055965423584,0.05268344128804313,,out_of_road
959,fresh,0,fresh,,,0,0.0,0,0,0,0,0,10.0,5.0,5.0,20.0,0,95,1.2731318473815918,0.011771457603103237,,out_of_road
960,fresh,0,fresh,,,0,0.0,0,0,0,0,0,10.0,5.0,5.0,20.0,0,101,1.257726788520813,0.01635788242784467,,out_of_road
961,fresh,0,fresh,,,0,0.0,0,0,0,0,0,10.0,5.0,5.0,20.0,0,711,17.349246978759766,0.061026060108538144,,arrive_dest
962,fresh,0,fresh,,,0,0.0,0,0,0,0,0,10.0,5.0,5.0,20.0,0,239,5.402915000915527,0.06547250357070727,,out_of_road
963,fresh,0,fresh,,,0,0.0,0,0,0,0,0,10.0,5.0,5.0,20.0,0,480,11.132637023925781,0.08052888355693237,,arrive_dest
964,fresh,0,fresh,,,0,0.0,0,0,0,0,0,10.0,5.0,5.0,20.0,0,52,0.3959842324256897,0.005045353506620114,,out_of_road
965,fresh,0,fresh,,,0,0.0,0,0,0,0,0,10.0,5.0,5.0,20.0,0,324,8.691985130310059,0.08897718279852451,,arrive_dest
966,fresh,0,fresh,,,0,0.0,0,0,0,0,0,10.0,5.0,5.0,20.0,0,75,0.8454101085662842,0.004249578416347504,,out_of_road
967,fresh,0,fresh,,,0,0.0,0,0,0,0,0,10.0,5.0,5.0,20.0,0,875,24.135534286499023,0.14810237792533423,,arrive_dest
968,fresh,0,fresh,,,0,0.0,0,0,0,0,0,10.0,5.0,5.0,20.0,0,331,8.915816307067871,0.07389235438418848,,arrive_dest
969,fresh,0,fresh,,,0,0.0,0,0,0,0,0,10.0,5.0,5.0,20.0,0,239,5.181887626647949,0.050716763787033915,,out_of_road
970,fresh,0,fresh,,,0,0.0,0,0,0,0,0,10.0,5.0,5.0,20.0,0,153,2.3868727684020996,0.028485627122089463,,out_of_road
971,fresh,0,fresh,,,0,0.0,0,0,0,0,0,10.0,5.0,5.0,20.0,0,98,2.0685670375823975,0.02664148054864942,,arrive_dest
972,fresh,0,fresh,,,0,0.0,0,0,0,0,0,10.0,5.0,5.0,20.0,0,52,0.3726249933242798,0.004960032699343104,,out_of_road
973,fresh,0,fresh,,,0,0.0,0,0,0,0,0,10.0,5.0,5.0,20.0,0,1000,9.847804069519043,0.019546788018662484,,max_step
974,fresh,0,fresh,,,0,0.0,0,0,0,0,0,10.0,5.0,5.0,20.0,0,167,3.104987621307373,0.06044060834488291,,out_of_road
975,fresh,0,fresh,,,0,0.0,0,0,0,0,0,10.0,5.0,5.0,20.0,0,120,2.037141799926758,0.040397294987148294,,out_of_road
976,fresh,0,fresh,,,0,0.0,0,0,0,0,0,10.0,5.0,5.0,20.0,0,176,2.9378139972686768,0.015138691087486222,,out_of_road
977,fresh,0,fresh,,,0,0.0,0,0,0,0,0,10.0,5.0,5.0,20.0,0,327,8.167555809020996,0.0968419456372425,,arrive_dest
978,fresh,0,fresh,,,0,0.0,0,0,0,0,0,10.0,5.0,5.0,20.0,0,1000,1.261706829071045,0.012161118389107287,,max_step
979,fresh,0,fresh,,,0,0.0,0,0,0,0,0,10.0,5.0,5.0,20.0,0,843,23.225566864013672,0.1343690115952376,,arrive_dest
980,fresh,0,fresh,,,0,0.0,0,0,0,0,0,10.0,5.0,5.0,20.0,0,710,19.304765701293945,0.09925431655588704,,arrive_dest
981,fresh,0,fresh,,,0,0.0,0,0,0,0,0,10.0,5.0,5.0,20.0,0,50,0.30116739869117737,0.008911717990413308,,out_of_road
982,fresh,0,fresh,,,0,0.0,0,0,0,0,0,10.0,5.0,5.0,20.0,0,78,1.3469432592391968,0.02952910016458004,,arrive_dest
983,fresh,0,fresh,,,0,0.0,0,0,0,0,0,10.0,5.0,5.0,20.0,0,378,7.398956775665283,0.04023265201125969,,out_of_road
984,fresh,0,fresh,,,0,0.0,0,0,0,0,0,10.0,5.0,5.0,20.0,0,573,16.204689025878906,0.15209822211313803,,out_of_road
985,fresh,0,fresh,,,0,0.0,0,0,0,0,0,10.0,5.0,5.0,20.0,0,446,10.604037284851074,0.06495787869019626,,out_of_road
986,fresh,0,fresh,,,0,0.0,0,0,0,0,0,10.0,5.0,5.0,20.0,0,688,18.630996704101562,0.13498823248867897,,arrive_dest
987,fresh,0,fresh,,,0,0.0,0,0,0,0,0,10.0,5.0,5.0,20.0,0,2,0.24909032881259918,0.0,,arrive_dest
988,fresh,0,fresh,,,0,0.0,0,0,0,0,0,10.0,5.0,5.0,20.0,0,117,1.9726409912109375,0.015357197357867008,,out_of_road
989,fresh,0,fresh,,,0,0.0,0,0,0,0,0,10.0,5.0,5.0,20.0,0,56,0.49484318494796753,0.024575004670103744,,arrive_dest
990,fresh,0,fresh,,,0,0.0,0,0,0,0,0,10.0,5.0,5.0,20.0,0,201,3.445815086364746,0.07763173476102489,,out_of_road
991,fresh,0,fresh,,,0,0.0,0,0,0,0,0,10.0,5.0,5.0,20.0,0,263,6.9335036277771,0.07373423141360057,,arrive_dest
992,fresh,0,fresh,,,0,0.0,0,0,0,0,0,10.0,5.0,5.0,20.0,0,370,8.98017406463623,0.07297694345030027,,out_of_road
993,fresh,0,fresh,,,0,0.0,0,0,0,0,0,10.0,5.0,5.0,20.0,0,821,23.797319412231445,0.13086040927285508,,arrive_dest
994,fresh,0,fresh,,,0,0.0,0,0,0,0,0,10.0,5.0,5.0,20.0,0,495,14.131924629211426,0.09744388532537891,,arrive_dest
995,fresh,0,fresh,,,0,0.0,0,0,0,0,0,10.0,5.0,5.0,20.0,0,170,2.94509220123291,0.01562849186525187,,out_of_road
996,fresh,0,fresh,,,0,0.0,0,0,0,0,0,10.0,5.0,5.0,20.0,0,1000,0.022476213052868843,2.03438363969326e-05,,max_step
997,fresh,0,fresh,,,0,0.0,0,0,0,0,0,10.0,5.0,5.0,20.0,0,1000,0.00350745371542871,0.0005440134811215102,,max_step
998,fresh,0,fresh,,,0,0.0,0,0,0,0,0,10.0,5.0,5.0,20.0,0,126,1.9773988723754883,0.01773126996196215,,out_of_road
999,fresh,0,fresh,,,0,0.0,0,0,0,0,0,10.0,5.0,5.0,20.0,0,341,9.082979202270508,0.09784644976247353,,arrive_dest
1000,fresh,0,fresh,,,0,0.0,0,0,0,0,0,10.0,5.0,5.0,20.0,0,415,10.916221618652344,0.08045227065884385,,out_of_road
1001,fresh,0,fresh,,,0,0.0,0,0,0,0,0,10.0,5.0,5.0,20.0,0,25,-0.10098209977149963,0.0036902070045471192,,out_of_road
1002,fresh,0,fresh,,,0,0.0,0,0,0,0,0,10.0,5.0,5.0,20.0,0,128,1.8416112661361694,0.005062297102995217,,out_of_road
1003,fresh,0,fresh,,,0,0.0,0,0,0,0,0,10.0,5.0,5.0,20.0,0,107,1.6981838941574097,0.024094371995496973,,out_of_road
1004,fresh,0,fresh,,,0,0.0,0,0,0,0,0,10.0,5.0,5.0,20.0,0,253,6.065907001495361,0.060693334815692404,,out_of_road
1005,fresh,0,fresh,,,0,0.0,0,0,0,0,0,10.0,5.0,5.0,20.0,0,1000,0.006757683586329222,0.033070725471130574,,max_step
1006,fresh,0,fresh,,,0,0.0,0,0,0,0,0,10.0,5.0,5.0,20.0,0,267,7.829080581665039,0.16854818634800472,,out_of_road
1007,fresh,0,fresh,,,0,0.0,0,0,0,0,0,10.0,5.0,5.0,20.0,0,112,1.6070518493652344,0.023179702252881334,,out_of_road
1008,fresh,0,fresh,,,0,0.0,0,0,0,0,0,10.0,5.0,5.0,20.0,0,121,1.920183539390564,0.038067646832628685,,out_of_road
1009,fresh,0,fresh,,,0,0.0,0,0,0,0,0,10.0,5.0,5.0,20.0,0,634,17.154117584228516,0.13664068218778924,,arrive_dest
1010,fresh,0,fresh,,,0,0.0,0,0,0,0,0,10.0,5.0,5.0,20.0,0,154,2.2283060550689697,0.10435545139692047,,out_of_road
1011,fresh,0,fresh,,,0,0.0,0,0,0,0,0,10.0,5.0,5.0,20.0,0,195,3.255699634552002,0.01766827474706448,,out_of_road
1012,fresh,0,fresh,,,0,0.0,0,0,0,0,0,10.0,5.0,5.0,20.0,0,95,1.985792636871338,0.0864292763565716,,arrive_dest
1013,fresh,0,fresh,,,0,0.0,0,0,0,0,0,10.0,5.0,5.0,20.0,0,457,12.280375480651855,0.10459966712561997,,out_of_road
1014,fresh,0,fresh,,,0,0.0,0,0,0,0,0,10.0,5.0,5.0,20.0,0,39,-0.13187700510025024,0.017273132617657002,,out_of_road
1015,fresh,0,fresh,,,0,0.0,0,0,0,0,0,10.0,5.0,5.0,20.0,0,233,5.522337436676025,0.07492856678149219,,arrive_dest
1016,fresh,0,fresh,,,0,0.0,0,0,0,0,0,10.0,5.0,5.0,20.0,0,623,14.6001558303833,0.10193049622008975,,out_of_road
1017,fresh,0,fresh,,,0,0.0,0,0,0,0,0,10.0,5.0,5.0,20.0,0,1000,0.0017148163169622421,0.0005483475327491761,,max_step
1018,fresh,0,fresh,,,0,0.0,0,0,0,0,0,10.0,5.0,5.0,20.0,0,375,8.94278335571289,0.145310420691967,,out_of_road
1019,fresh,0,fresh,,,0,0.0,0,0,0,0,0,10.0,5.0,5.0,20.0,0,215,5.98720121383667,0.06712981303070867,,out_of_road
1020,fresh,0,fresh,,,0,0.0,0,0,0,0,0,10.0,5.0,5.0,20.0,0,888,8.459033012390137,0.04632215373305109,,arrive_dest
1021,fresh,0,fresh,,,0,0.0,0,0,0,0,0,10.0,5.0,5.0,20.0,0,96,1.3884273767471313,0.03501543630651819,,out_of_road
1022,fresh,0,fresh,,,0,0.0,0,0,0,0,0,10.0,5.0,5.0,20.0,0,610,15.66257381439209,0.08141793395835356,,arrive_dest
1023,fresh,0,fresh,,,0,0.0,0,0,0,0,0,10.0,5.0,5.0,20.0,0,1000,10.121957778930664,0.04693159182183444,,max_step
1024,fresh,0,fresh,,,0,0.0,0,0,0,0,0,10.0,5.0,5.0,20.0,0,474,13.885663986206055,0.10132110041255753,,arrive_dest
1025,fresh,0,fresh,,,0,0.0,0,0,0,0,0,10.0,5.0,5.0,20.0,0,143,2.097628116607666,0.10839132925534582,,out_of_road
1026,fresh,0,fresh,,,0,0.0,0,0,0,0,0,10.0,5.0,5.0,20.0,0,134,1.7220358848571777,0.03006793252790152,,out_of_road
1027,fresh,0,fresh,,,0,0.0,0,0,0,0,0,10.0,5.0,5.0,20.0,0,259,6.124584197998047,0.06218174723081262,,out_of_road
1028,fresh,0,fresh,,,0,0.0,0,0,0,0,0,10.0,5.0,5.0,20.0,0,202,4.52208948135376,0.047046187896244596,,out_of_road
1029,fresh,0,fresh,,,0,0.0,0,0,0,0,0,10.0,5.0,5.0,20.0,0,542,12.125651359558105,0.09150519243456987,,out_of_road
1030,fresh,0,fresh,,,0,0.0,0,0,0,0,0,10.0,5.0,5.0,20.0,0,114,1.771856427192688,0.009866846512937755,,out_of_road
1031,fresh,0,fresh,,,0,0.0,0,0,0,0,0,10.0,5.0,5.0,20.0,0,306,7.350744724273682,0.07673661284425655,,out_of_road
1032,fresh,0,fresh,,,0,0.0,0,0,0,0,0,10.0,5.0,5.0,20.0,0,125,1.4850186109542847,0.02876287668943405,,out_of_road
1033,fresh,0,fresh,,,0,0.0,0,0,0,0,0,10.0,5.0,5.0,20.0,0,197,3.440272092819214,0.09353495178611826,,out_of_road
1034,fresh,0,fresh,,,0,0.0,0,0,0,0,0,10.0,5.0,5.0,20.0,0,654,16.945865631103516,0.08626109401592899,,arrive_dest
1035,fresh,0,fresh,,,0,0.0,0,0,0,0,0,10.0,5.0,5.0,20.0,0,416,10.51032543182373,0.09345487122929906,,out_of_road
1036,fresh,0,fresh,,,0,0.0,0,0,0,0,0,10.0,5.0,5.0,20.0,0,344,9.021772384643555,0.0859126031182525,,out_of_road
1037,fresh,0,fresh,,,0,0.0,0,0,0,0,0,10.0,5.0,5.0,20.0,0,313,6.797324180603027,0.0683038407808747,,out_of_road
1038,fresh,0,fresh,,,0,0.0,0,0,0,0,0,10.0,5.0,5.0,20.0,0,1000,7.8529157638549805,0.029573288918472825,,max_step
1039,fresh,0,fresh,,,0,0.0,0,0,0,0,0,10.0,5.0,5.0,20.0,0,272,7.33405876159668,0.07779387157985612,,arrive_dest
1040,fresh,0,fresh,,,0,0.0,0,0,0,0,0,10.0,5.0,5.0,20.0,0,296,7.116781234741211,0.057352322197796124,,out_of_road
1041,fresh,0,fresh,,,0,0.0,0,0,0,0,0,10.0,5.0,5.0,20.0,0,1000,6.839118957519531,0.014611542931990698,,max_step
1042,fresh,0,fresh,,,0,0.0,0,0,0,0,0,10.0,5.0,5.0,20.0,0,202,4.544589519500732,0.07177555757012255,,out_of_road
1043,fresh,0,fresh,,,0,0.0,0,0,0,0,0,10.0,5.0,5.0,20.0,0,105,1.6166081428527832,0.01093775009115537,,out_of_road
1044,fresh,0,fresh,,,0,0.0,0,0,0,0,0,10.0,5.0,5.0,20.0,0,105,1.7521547079086304,0.015765854645343053,,arrive_dest
1045,fresh,0,fresh,,,0,0.0,0,0,0,0,0,10.0,5.0,5.0,20.0,0,319,7.4954681396484375,0.07318387287128775,,out_of_road
1046,fresh,0,fresh,,,0,0.0,0,0,0,0,0,10.0,5.0,5.0,20.0,0,311,7.694775104522705,0.13660131148856217,,out_of_road
1047,fresh,0,fresh,,,0,0.0,0,0,0,0,0,10.0,5.0,5.0,20.0,0,650,17.74311065673828,0.10425202092675205,,out_of_road
1048,fresh,0,fresh,,,0,0.0,0,0,0,0,0,10.0,5.0,5.0,20.0,0,227,6.680673122406006,0.12406876085875843,,arrive_dest
1049,fresh,0,fresh,,,0,0.0,0,0,0,0,0,10.0,5.0,5.0,20.0,0,790,22.044843673706055,0.12669218102929808,,arrive_dest
1050,fresh,0,fresh,,,0,0.0,0,0,0,0,0,10.0,5.0,5.0,20.0,0,228,4.2242841720581055,0.14861829560086653,,out_of_road
1051,fresh,0,fresh,,,0,0.0,0,0,0,0,0,10.0,5.0,5.0,20.0,0,1000,-0.07208820432424545,0.0006564371585845947,,max_step
1052,fresh,0,fresh,,,0,0.0,0,0,0,0,0,10.0,5.0,5.0,20.0,0,49,0.3148517608642578,0.039617521346223594,,out_of_road
1053,fresh,0,fresh,,,0,0.0,0,0,0,0,0,10.0,5.0,5.0,20.0,0,132,2.307084560394287,0.03416048457041721,,arrive_dest
1054,fresh,0,fresh,,,0,0.0,0,0,0,0,0,10.0,5.0,5.0,20.0,0,124,2.002411127090454,0.017900158309437815,,out_of_road
1055,fresh,0,fresh,,,0,0.0,0,0,0,0,0,10.0,5.0,5.0,20.0,0,457,13.865554809570312,0.1292667005382299,,arrive_dest
1056,fresh,0,fresh,,,0,0.0,0,0,0,0,0,10.0,5.0,5.0,20.0,0,233,4.572314739227295,0.05887922451555601,,out_of_road
1057,fresh,0,fresh,,,0,0.0,0,0,0,0,0,10.0,5.0,5.0,20.0,0,69,0.8599861264228821,0.014016403047286945,,out_of_road
1058,fresh,0,fresh,,,0,0.0,0,0,0,0,0,10.0,5.0,5.0,20.0,0,274,5.832761764526367,0.059873439906926375,,out_of_road
1059,fresh,0,fresh,,,0,0.0,0,0,0,0,0,10.0,5.0,5.0,20.0,0,1000,1.8323943614959717,0.0019977359976619483,,max_step
1060,fresh,0,fresh,,,0,0.0,0,0,0,0,0,10.0,5.0,5.0,20.0,0,214,5.770147323608398,0.0745318937137131,,out_of_road
1061,fresh,0,fresh,,,0,0.0,0,0,0,0,0,10.0,5.0,5.0,20.0,0,114,1.7727004289627075,0.014165510390803479,,out_of_road
1062,fresh,0,fresh,,,0,0.0,0,0,0,0,0,10.0,5.0,5.0,20.0,0,625,16.690216064453125,0.1090571320168674,,out_of_road
1063,fresh,0,fresh,,,0,0.0,0,0,0,0,0,10.0,5.0,5.0,20.0,0,39,0.17823925614356995,0.05299052383559637,,out_of_road
1064,fresh,0,fresh,,,0,0.0,0,0,0,0,0,10.0,5.0,5.0,20.0,0,122,2.407405376434326,0.023348788455983656,,arrive_dest
1065,fresh,0,fresh,,,0,0.0,0,0,0,0,0,10.0,5.0,5.0,20.0,0,368,9.395861625671387,0.07289257136732846,,out_of_road
1066,fresh,0,fresh,,,0,0.0,0,0,0,0,0,10.0,5.0,5.0,20.0,0,119,1.9626120328903198,0.026375056751181975,,out_of_road
1067,fresh,0,fresh,,,0,0.0,0,0,0,0,0,10.0,5.0,5.0,20.0,0,299,8.432981491088867,0.1540891962580657,,out_of_road
1068,fresh,0,fresh,,,0,0.0,0,0,0,0,0,10.0,5.0,5.0,20.0,0,28,-0.06598268449306488,0.0,,out_of_road
1069,fresh,0,fresh,,,0,0.0,0,0,0,0,0,10.0,5.0,5.0,20.0,0,319,7.436154365539551,0.06162238149059977,,out_of_road
1070,fresh,0,fresh,,,0,0.0,0,0,0,0,0,10.0,5.0,5.0,20.0,0,242,4.1622114181518555,0.03521953822760111,,out_of_road
1071,fresh,0,fresh,,,0,0.0,0,0,0,0,0,10.0,5.0,5.0,20.0,0,288,7.72381591796875,0.13754812291477314,,out_of_road
1072,fresh,0,fresh,,,0,0.0,0,0,0,0,0,10.0,5.0,5.0,20.0,0,431,10.577119827270508,0.0667889130295291,,arrive_dest
1073,fresh,0,fresh,,,0,0.0,0,0,0,0,0,10.0,5.0,5.0,20.0,0,198,5.558239459991455,0.06836472240022638,,out_of_road
1074,fresh,0,fresh,,,0,0.0,0,0,0,0,0,10.0,5.0,5.0,20.0,0,261,7.387059211730957,0.15266891673093097,,out_of_road
1075,fresh,0,fresh,,,0,0.0,0,0,0,0,0,10.0,5.0,5.0,20.0,0,1000,1.8047370910644531,0.035095928823342545,,max_step
1076,fresh,0,fresh,,,0,0.0,0,0,0,0,0,10.0,5.0,5.0,20.0,0,119,2.019789934158325,0.031344920005492806,,out_of_road
1077,fresh,0,fresh,,,0,0.0,0,0,0,0,0,10.0,5.0,5.0,20.0,0,323,7.034471035003662,0.04952427651012322,,arrive_dest
1078,fresh,0,fresh,,,0,0.0,0,0,0,0,0,10.0,5.0,5.0,20.0,0,130,2.411076784133911,0.03059161539690999,,arrive_dest
1079,fresh,0,fresh,,,0,0.0,0,0,0,0,0,10.0,5.0,5.0,20.0,0,102,1.5712895393371582,0.0055977549397057905,,out_of_road
1080,fresh,0,fresh,,,0,0.0,0,0,0,0,0,10.0,5.0,5.0,20.0,0,259,7.4373779296875,0.11385625235297678,,out_of_road
1081,fresh,0,fresh,,,0,0.0,0,0,0,0,0,10.0,5.0,5.0,20.0,0,107,2.438922166824341,0.04010688831211529,,arrive_dest
1082,fresh,0,fresh,,,0,0.0,0,0,0,0,0,10.0,5.0,5.0,20.0,0,35,0.009261049330234528,0.0,,out_of_road
1083,fresh,0,fresh,,,0,0.0,0,0,0,0,0,10.0,5.0,5.0,20.0,0,159,3.2602128982543945,0.0560062119573261,,out_of_road
1084,fresh,0,fresh,,,0,0.0,0,0,0,0,0,10.0,5.0,5.0,20.0,0,411,10.555437088012695,0.07621398968667409,,out_of_road
1085,fresh,0,fresh,,,0,0.0,0,0,0,0,0,10.0,5.0,5.0,20.0,0,375,9.122405052185059,0.06644983559536437,,out_of_road
1086,fresh,0,fresh,,,0,0.0,0,0,0,0,0,10.0,5.0,5.0,20.0,0,413,10.252882957458496,0.0862420636029648,,out_of_road
1087,fresh,0,fresh,,,0,0.0,0,0,0,0,0,10.0,5.0,5.0,20.0,0,545,13.715837478637695,0.11110972376164356,,out_of_road
1088,fresh,0,fresh,,,0,0.0,0,0,0,0,0,10.0,5.0,5.0,20.0,0,42,-0.024211741983890533,0.002832029547010149,,out_of_road
1089,fresh,0,fresh,,,0,0.0,0,0,0,0,0,10.0,5.0,5.0,20.0,0,430,10.847870826721191,0.06922384010476255,,out_of_road
1090,fresh,0,fresh,,,0,0.0,0,0,0,0,0,10.0,5.0,5.0,20.0,0,1000,0.011546562425792217,0.0,,max_step
1091,fresh,0,fresh,,,0,0.0,0,0,0,0,0,10.0,5.0,5.0,20.0,0,290,8.1005220413208,0.1491089529325736,,out_of_road
1092,fresh,0,fresh,,,0,0.0,0,0,0,0,0,10.0,5.0,5.0,20.0,0,114,1.5686858892440796,0.01678713864499801,,out_of_road
1093,fresh,0,fresh,,,0,0.0,0,0,0,0,0,10.0,5.0,5.0,20.0,0,497,12.142263412475586,0.17571402079345175,,out_of_road
1094,fresh,0,fresh,,,0,0.0,0,0,0,0,0,10.0,5.0,5.0,20.0,0,277,5.913903713226318,0.09065688882251724,,out_of_road
1095,fresh,0,fresh,,,0,0.0,0,0,0,0,0,10.0,5.0,5.0,20.0,0,524,12.297165870666504,0.045454865427268315,,out_of_road
1096,fresh,0,fresh,,,0,0.0,0,0,0,0,0,10.0,5.0,5.0,20.0,0,183,3.6566576957702637,0.04098478848715135,,out_of_road
1097,fresh,0,fresh,,,0,0.0,0,0,0,0,0,10.0,5.0,5.0,20.0,0,343,9.211849212646484,0.13720831529674482,,out_of_road
1098,fresh,0,fresh,,,0,0.0,0,0,0,0,0,10.0,5.0,5.0,20.0,0,412,10.554166793823242,0.07933361887382524,,arrive_dest
1099,fresh,0,fresh,,,0,0.0,0,0,0,0,0,10.0,5.0,5.0,20.0,0,404,9.840767860412598,0.11618756189236952,,out_of_road
1100,fresh,0,fresh,,,0,0.0,0,0,0,0,0,10.0,5.0,5.0,20.0,0,321,8.353551864624023,0.11484396510040881,,arrive_dest
1101,fresh,0,fresh,,,0,0.0,0,0,0,0,0,10.0,5.0,5.0,20.0,0,94,1.6634509563446045,0.02862923462538326,,out_of_road
1102,fresh,0,fresh,,,0,0.0,0,0,0,0,0,10.0,5.0,5.0,20.0,0,599,15.693474769592285,0.07993887061135026,,arrive_dest
1103,fresh,0,fresh,,,0,0.0,0,0,0,0,0,10.0,5.0,5.0,20.0,0,75,0.8782092332839966,0.029704750571399926,,out_of_road
1104,fresh,0,fresh,,,0,0.0,0,0,0,0,0,10.0,5.0,5.0,20.0,0,357,9.403955459594727,0.0782149156466836,,out_of_road
1105,fresh,0,fresh,,,0,0.0,0,0,0,0,0,10.0,5.0,5.0,20.0,0,51,0.32995766401290894,0.011671407056935862,,out_of_road
1106,fresh,0,fresh,,,0,0.0,0,0,0,0,0,10.0,5.0,5.0,20.0,0,110,1.3332741260528564,0.022861200291663407,,out_of_road
1107,fresh,0,fresh,,,0,0.0,0,0,0,0,0,10.0,5.0,5.0,20.0,0,519,12.877289772033691,0.17431873769045364,,arrive_dest
1108,fresh,0,fresh,,,0,0.0,0,0,0,0,0,10.0,5.0,5.0,20.0,0,546,14.173300743103027,0.07832779564285794,,arrive_dest
1109,fresh,0,fresh,,,0,0.0,0,0,0,0,0,10.0,5.0,5.0,20.0,0,54,0.3516447842121124,0.037093328126637196,,out_of_road
1110,fresh,0,fresh,,,0,0.0,0,0,0,0,0,10.0,5.0,5.0,20.0,0,207,4.536997318267822,0.041169720751082675,,out_of_road
1111,fresh,0,fresh,,,0,0.0,0,0,0,0,0,10.0,5.0,5.0,20.0,0,723,17.476781845092773,0.05985583035265035,,arrive_dest
1112,fresh,0,fresh,,,0,0.0,0,0,0,0,0,10.0,5.0,5.0,20.0,0,1000,5.553039073944092,0.021497049894416705,,max_step
1113,fresh,0,fresh,,,0,0.0,0,0,0,0,0,10.0,5.0,5.0,20.0,0,526,11.729572296142578,0.08006429812205183,,out_of_road
1114,fresh,0,fresh,,,0,0.0,0,0,0,0,0,10.0,5.0,5.0,20.0,0,811,21.456554412841797,0.15847628026782695,,arrive_dest
1115,fresh,0,fresh,,,0,0.0,0,0,0,0,0,10.0,5.0,5.0,20.0,0,790,21.108919143676758,0.12600955927237587,,arrive_dest
1116,fresh,0,fresh,,,0,0.0,0,0,0,0,0,10.0,5.0,5.0,20.0,0,461,10.312310218811035,0.06043738965399628,,arrive_dest
1117,fresh,0,fresh,,,0,0.0,0,0,0,0,0,10.0,5.0,5.0,20.0,0,1000,1.6315052509307861,0.0012625611890107393,,max_step
1118,fresh,0,fresh,,,0,0.0,0,0,0,0,0,10.0,5.0,5.0,20.0,0,462,11.926801681518555,0.18686387282735728,,out_of_road
1119,fresh,0,fresh,,,0,0.0,0,0,0,0,0,10.0,5.0,5.0,20.0,0,1000,0.008686686865985394,0.0003283974528312683,,max_step
1120,fresh,0,fresh,,,0,0.0,0,0,0,0,0,10.0,5.0,5.0,20.0,0,1000,0.0014039993984624743,0.0,,max_step
1121,fresh,0,fresh,,,0,0.0,0,0,0,0,0,10.0,5.0,5.0,20.0,0,113,1.9291319847106934,0.030271661031035197,,out_of_road
1122,fresh,0,fresh,,,0,0.0,0,0,0,0,0,10.0,5.0,5.0,20.0,0,109,1.5877364873886108,0.021924142653139633,,out_of_road
1123,fresh,0,fresh,,,0,0.0,0,0,0,0,0,10.0,5.0,5.0,20.0,0,161,3.0895705223083496,0.0438979160711632,,out_of_road
1124,fresh,0,fresh,,,0,0.0,0,0,0,0,0,10.0,5.0,5.0,20.0,0,23,-0.10512463003396988,0.026741183322408924,,out_of_road
1125,fresh,0,fresh,,,0,0.0,0,0,0,0,0,10.0,5.0,5.0,20.0,0,249,7.501516342163086,0.18006181259112186,,out_of_road
1126,fresh,0,fresh,,,0,0.0,0,0,0,0,0,10.0,5.0,5.0,20.0,0,109,1.7970914840698242,0.014323481050994964,,out_of_road
1127,fresh,0,fresh,,,0,0.0,0,0,0,0,0,10.0,5.0,5.0,20.0,0,456,12.898443222045898,0.1605403679055407,,out_of_road
1128,fresh,0,fresh,,,0,0.0,0,0,0,0,0,10.0,5.0,5.0,20.0,0,105,1.604526162147522,0.003239986096464452,,out_of_road
1129,fresh,0,fresh,,,0,0.0,0,0,0,0,0,10.0,5.0,5.0,20.0,0,214,5.1205902099609375,0.09524874340429484,,out_of_road
1130,fresh,0,fresh,,,0,0.0,0,0,0,0,0,10.0,5.0,5.0,20.0,0,237,7.7526535987854,0.16865832604593617,,arrive_dest
1131,fresh,0,fresh,,,0,0.0,0,0,0,0,0,10.0,5.0,5.0,20.0,0,1000,4.7995524406433105,0.013286767840385436,,max_step
1132,fresh,0,fresh,,,0,0.0,0,0,0,0,0,10.0,5.0,5.0,20.0,0,333,8.80847454071045,0.09960165060916776,,out_of_road
1133,fresh,0,fresh,,,0,0.0,0,0,0,0,0,10.0,5.0,5.0,20.0,0,95,1.695886254310608,0.022078800358270343,,arrive_dest
1134,fresh,0,fresh,,,0,0.0,0,0,0,0,0,10.0,5.0,5.0,20.0,0,98,1.4070383310317993,0.012671191511409623,,out_of_road
1135,fresh,0,fresh,,,0,0.0,0,0,0,0,0,10.0,5.0,5.0,20.0,0,368,8.858850479125977,0.10347414108717044,,out_of_road
1136,fresh,0,fresh,,,0,0.0,0,0,0,0,0,10.0,5.0,5.0,20.0,0,496,14.436382293701172,0.15375091073069452,,arrive_dest
1137,fresh,0,fresh,,,0,0.0,0,0,0,0,0,10.0,5.0,5.0,20.0,0,784,21.46030044555664,0.15104270957580207,,arrive_dest
1138,fresh,0,fresh,,,0,0.0,0,0,0,0,0,10.0,5.0,5.0,20.0,0,890,23.119182586669922,0.1279387458238039,,arrive_dest
1139,fresh,0,fresh,,,0,0.0,0,0,0,0,0,10.0,5.0,5.0,20.0,0,482,12.374524116516113,0.08587629893259435,,arrive_dest
1140,fresh,0,fresh,,,0,0.0,0,0,0,0,0,10.0,5.0,5.0,20.0,0,821,22.196672439575195,0.12131671608883965,,arrive_dest
1141,fresh,0,fresh,,,0,0.0,0,0,0,0,0,10.0,5.0,5.0,20.0,0,422,10.08184814453125,0.09169967250867583,,out_of_road
1142,fresh,0,fresh,,,0,0.0,0,0,0,0,0,10.0,5.0,5.0,20.0,0,99,1.3849953413009644,0.014665983669045899,,out_of_road
1143,fresh,0,fresh,,,0,0.0,0,0,0,0,0,10.0,5.0,5.0,20.0,0,45,0.11895778775215149,0.010012195507685343,,out_of_road
1144,fresh,0,fresh,,,0,0.0,0,0,0,0,0,10.0,5.0,5.0,20.0,0,1000,0.010948647744953632,6.105219945311547e-05,,max_step
1145,fresh,0,fresh,,,0,0.0,0,0,0,0,0,10.0,5.0,5.0,20.0,0,320,7.367231369018555,0.10337855597172166,,out_of_road
1146,fresh,0,fresh,,,0,0.0,0,0,0,0,0,10.0,5.0,5.0,20.0,0,52,0.3919478952884674,0.01807004559892588,,out_of_road
1147,fresh,0,fresh,,,0,0.0,0,0,0,0,0,10.0,5.0,5.0,20.0,0,570,15.973101615905762,0.18475585502915476,,out_of_road
1148,fresh,0,fresh,,,0,0.0,0,0,0,0,0,10.0,5.0,5.0,20.0,0,578,14.900267601013184,0.0999528459272473,,arrive_dest
1149,fresh,0,fresh,,,0,0.0,0,0,0,0,0,10.0,5.0,5.0,20.0,0,120,1.7629722356796265,0.019756489883487424,,out_of_road
1150,fresh,0,fresh,,,0,0.0,0,0,0,0,0,10.0,5.0,5.0,20.0,0,263,5.712940692901611,0.04004912742833207,,arrive_dest
1151,fresh,0,fresh,,,0,0.0,0,0,0,0,0,10.0,5.0,5.0,20.0,0,214,5.145989894866943,0.10588626318532869,,arrive_dest
1152,fresh,0,fresh,,,0,0.0,0,0,0,0,0,10.0,5.0,5.0,20.0,0,716,18.810691833496094,0.08692643263600974,,out_of_road
1153,fresh,0,fresh,,,0,0.0,0,0,0,0,0,10.0,5.0,5.0,20.0,0,211,5.67509651184082,0.04814078650212189,,out_of_road
1154,fresh,0,fresh,,,0,0.0,0,0,0,0,0,10.0,5.0,5.0,20.0,0,193,3.0870490074157715,0.0489803717092857,,out_of_road
1155,fresh,0,fresh,,,0,0.0,0,0,0,0,0,10.0,5.0,5.0,20.0,0,665,16.691591262817383,0.08421646334209892,,arrive_dest
1156,fresh,0,fresh,,,0,0.0,0,0,0,0,0,10.0,5.0,5.0,20.0,0,233,4.37054443359375,0.04915861773620411,,out_of_road
1157,fresh,0,fresh,,,0,0.0,0,0,0,0,0,10.0,5.0,5.0,20.0,0,615,17.67409896850586,0.17161430496991256,,out_of_road
1158,fresh,0,fresh,,,0,0.0,0,0,0,0,0,10.0,5.0,5.0,20.0,0,1000,8.876978874206543,0.021417671982664616,,max_step
1159,fresh,0,fresh,,,0,0.0,0,0,0,0,0,10.0,5.0,5.0,20.0,0,200,4.025704383850098,0.06654705062042922,,out_of_road
1160,fresh,0,fresh,,,0,0.0,0,0,0,0,0,10.0,5.0,5.0,20.0,0,429,11.940977096557617,0.1117608166822951,,arrive_dest
1161,fresh,0,fresh,,,0,0.0,0,0,0,0,0,10.0,5.0,5.0,20.0,0,362,9.270715713500977,0.11677790145153046,,out_of_road
1162,fresh,0,fresh,,,0,0.0,0,0,0,0,0,10.0,5.0,5.0,20.0,0,1000,0.01061202958226204,0.0,,max_step
1163,fresh,0,fresh,,,0,0.0,0,0,0,0,0,10.0,5.0,5.0,20.0,0,23,-0.1473046839237213,0.005307678295218427,,out_of_road
1164,fresh,0,fresh,,,0,0.0,0,0,0,0,0,10.0,5.0,5.0,20.0,0,1000,0.237715944647789,8.462000172585249e-05,,max_step
1165,fresh,0,fresh,,,0,0.0,0,0,0,0,0,10.0,5.0,5.0,20.0,0,163,3.7529237270355225,0.1203653866573711,,arrive_dest
1166,fresh,0,fresh,,,0,0.0,0,0,0,0,0,10.0,5.0,5.0,20.0,0,206,4.401909351348877,0.04789062567706247,,out_of_road
1167,fresh,0,fresh,,,0,0.0,0,0,0,0,0,10.0,5.0,5.0,20.0,0,334,9.382278442382812,0.09887082347908464,,arrive_dest
1168,fresh,0,fresh,,,0,0.0,0,0,0,0,0,10.0,5.0,5.0,20.0,0,334,8.672356605529785,0.06082923725124694,,out_of_road
1169,fresh,0,fresh,,,0,0.0,0,0,0,0,0,10.0,5.0,5.0,20.0,0,164,4.219005107879639,0.08581047996356175,,arrive_dest
1170,fresh,0,fresh,,,0,0.0,0,0,0,0,0,10.0,5.0,5.0,20.0,0,206,3.099332332611084,0.04345050657583961,,out_of_road
1171,fresh,0,fresh,,,0,0.0,0,0,0,0,0,10.0,5.0,5.0,20.0,0,426,11.848735809326172,0.08880196745341268,,arrive_dest
1172,fresh,0,fresh,,,0,0.0,0,0,0,0,0,10.0,5.0,5.0,20.0,0,256,6.147139549255371,0.06424990459163382,,out_of_road
1173,fresh,0,fresh,,,0,0.0,0,0,0,0,0,10.0,5.0,5.0,20.0,0,194,3.56782603263855,0.03159025065197619,,out_of_road
1174,fresh,0,fresh,,,0,0.0,0,0,0,0,0,10.0,5.0,5.0,20.0,0,247,4.502851963043213,0.043165456081093914,,out_of_road
1175,fresh,0,fresh,,,0,0.0,0,0,0,0,0,10.0,5.0,5.0,20.0,0,92,1.4747563600540161,0.018868291284888983,,arrive_dest
1176,fresh,0,fresh,,,0,0.0,0,0,0,0,0,10.0,5.0,5.0,20.0,0,50,0.40077805519104004,0.0358962801285088,,out_of_road
1177,fresh,0,fresh,,,0,0.0,0,0,0,0,0,10.0,5.0,5.0,20.0,0,158,2.676105499267578,0.0331635472329357,,out_of_road
1178,fresh,0,fresh,,,0,0.0,0,0,0,0,0,10.0,5.0,5.0,20.0,0,560,14.888575553894043,0.10155674112361988,,arrive_dest
1179,fresh,0,fresh,,,0,0.0,0,0,0,0,0,10.0,5.0,5.0,20.0,0,593,18.243276596069336,0.1745350281888553,,arrive_dest
1180,fresh,0,fresh,,,0,0.0,0,0,0,0,0,10.0,5.0,5.0,20.0,0,1000,0.00365462782792747,0.03605227255052887,,max_step
1181,fresh,0,fresh,,,0,0.0,0,0,0,0,0,10.0,5.0,5.0,20.0,0,170,2.6186695098876953,0.013393010374377755,,out_of_road
1182,fresh,0,fresh,,,0,0.0,0,0,0,0,0,10.0,5.0,5.0,20.0,0,370,8.702338218688965,0.05017644587551823,,arrive_dest
1183,fresh,0,fresh,,,0,0.0,0,0,0,0,0,10.0,5.0,5.0,20.0,0,172,4.160892009735107,0.05907206730050749,,arrive_dest
1184,fresh,0,fresh,,,0,0.0,0,0,0,0,0,10.0,5.0,5.0,20.0,0,729,20.841400146484375,0.14897971777711702,,arrive_dest
1185,fresh,0,fresh,,,0,0.0,0,0,0,0,0,10.0,5.0,5.0,20.0,0,254,7.434698581695557,0.14007242451839913,,arrive_dest
1186,fresh,0,fresh,,,0,0.0,0,0,0,0,0,10.0,5.0,5.0,20.0,0,205,5.647929668426514,0.0716197572375943,,out_of_road
1187,fresh,0,fresh,,,0,0.0,0,0,0,0,0,10.0,5.0,5.0,20.0,0,1000,6.084986686706543,0.01384616010915488,,max_step
1188,fresh,0,fresh,,,0,0.0,0,0,0,0,0,10.0,5.0,5.0,20.0,0,305,7.42871618270874,0.06490276454047102,,out_of_road
1189,fresh,0,fresh,,,0,0.0,0,0,0,0,0,10.0,5.0,5.0,20.0,0,451,10.999677658081055,0.08524534114832463,,arrive_dest
1190,fresh,0,fresh,,,0,0.0,0,0,0,0,0,10.0,5.0,5.0,20.0,0,1000,1.8283824920654297,0.0013341569174081087,,max_step
1191,fresh,0,fresh,,,0,0.0,0,0,0,0,0,10.0,5.0,5.0,20.0,0,134,1.9602349996566772,0.03075201757280017,,out_of_road
1192,fresh,0,fresh,,,0,0.0,0,0,0,0,0,10.0,5.0,5.0,20.0,0,51,0.3318633437156677,0.018824833664385712,,out_of_road
1193,fresh,0,fresh,,,0,0.0,0,0,0,0,0,10.0,5.0,5.0,20.0,0,696,18.85910415649414,0.11424563316616294,,out_of_road
1194,fresh,0,fresh,,,0,0.0,0,0,0,0,0,10.0,5.0,5.0,20.0,0,430,12.064994812011719,0.11681402890704745,,arrive_dest
1195,fresh,0,fresh,,,0,0.0,0,0,0,0,0,10.0,5.0,5.0,20.0,0,292,7.956660747528076,0.12193773577168379,,out_of_road
1196,fresh,0,fresh,,,0,0.0,0,0,0,0,0,10.0,5.0,5.0,20.0,0,311,7.157563209533691,0.08021151250485822,,arrive_dest
1197,fresh,0,fresh,,,0,0.0,0,0,0,0,0,10.0,5.0,5.0,20.0,0,396,9.55877685546875,0.0715428073302551,,out_of_road
1198,fresh,0,fresh,,,0,0.0,0,0,0,0,0,10.0,5.0,5.0,20.0,0,1000,3.2240474224090576,0.003972942874766886,,max_step
1199,fresh,0,fresh,,,0,0.0,0,0,0,0,0,10.0,5.0,5.0,20.0,0,299,7.231820106506348,0.06737180118819693,,out_of_road
1200,fresh,0,fresh,,,0,0.0,0,0,0,0,0,10.0,5.0,5.0,20.0,0,77,0.9658687710762024,0.006772579891341073,,out_of_road
1201,fresh,0,fresh,,,0,0.0,0,0,0,0,0,10.0,5.0,5.0,20.0,0,729,20.511423110961914,0.12835725561034736,,arrive_dest
1202,fresh,0,fresh,,,0,0.0,0,0,0,0,0,10.0,5.0,5.0,20.0,0,113,1.8413151502609253,0.015485035469837947,,out_of_road
1203,fresh,0,fresh,,,0,0.0,0,0,0,0,0,10.0,5.0,5.0,20.0,0,409,9.799878120422363,0.15181601176170453,,out_of_road
1204,fresh,0,fresh,,,0,0.0,0,0,0,0,0,10.0,5.0,5.0,20.0,0,284,7.009467601776123,0.08732574090073017,,out_of_road
1205,fresh,0,fresh,,,0,0.0,0,0,0,0,0,10.0,5.0,5.0,20.0,0,85,1.193257212638855,0.003842338108841111,,out_of_road
1206,fresh,0,fresh,,,0,0.0,0,0,0,0,0,10.0,5.0,5.0,20.0,0,105,1.8328362703323364,0.021618581988981794,,out_of_road
1207,fresh,0,fresh,,,0,0.0,0,0,0,0,0,10.0,5.0,5.0,20.0,0,100,1.697299599647522,0.018564333776012062,,out_of_road
1208,fresh,0,fresh,,,0,0.0,0,0,0,0,0,10.0,5.0,5.0,20.0,0,93,1.3461084365844727,0.02221459468766566,,out_of_road
1209,fresh,0,fresh,,,0,0.0,0,0,0,0,0,10.0,5.0,5.0,20.0,0,51,0.36436727643013,0.02404937173659895,,out_of_road
1210,fresh,0,fresh,,,0,0.0,0,0,0,0,0,10.0,5.0,5.0,20.0,0,122,1.7004910707473755,0.021706794617605992,,out_of_road
1211,fresh,0,fresh,,,0,0.0,0,0,0,0,0,10.0,5.0,5.0,20.0,0,256,7.402037143707275,0.16154089311748976,,out_of_road
1212,fresh,0,fresh,,,0,0.0,0,0,0,0,0,10.0,5.0,5.0,20.0,0,539,13.931602478027344,0.06942197215222409,,arrive_dest
1213,fresh,0,fresh,,,0,0.0,0,0,0,0,0,10.0,5.0,5.0,20.0,0,166,3.624049425125122,0.05748870233298246,,arrive_dest
1214,fresh,0,fresh,,,0,0.0,0,0,0,0,0,10.0,5.0,5.0,20.0,0,77,1.0293489694595337,0.01873608518924032,,out_of_road
1215,fresh,0,fresh,,,0,0.0,0,0,0,0,0,10.0,5.0,5.0,20.0,0,155,3.057292938232422,0.03784949332475662,,out_of_road
1216,fresh,0,fresh,,,0,0.0,0,0,0,0,0,10.0,5.0,5.0,20.0,0,215,4.618735313415527,0.04912497725900869,,out_of_road
1217,fresh,0,fresh,,,0,0.0,0,0,0,0,0,10.0,5.0,5.0,20.0,0,619,14.717896461486816,0.0786683616011745,,out_of_road
1218,fresh,0,fresh,,,0,0.0,0,0,0,0,0,10.0,5.0,5.0,20.0,0,275,7.2976813316345215,0.10226955343376506,,out_of_road
1219,fresh,0,fresh,,,0,0.0,0,0,0,0,0,10.0,5.0,5.0,20.0,0,170,2.996382474899292,0.018427688038140974,,arrive_dest
1220,fresh,0,fresh,,,0,0.0,0,0,0,0,0,10.0,5.0,5.0,20.0,0,215,5.548401832580566,0.06508806046358374,,out_of_road
1221,fresh,0,fresh,,,0,0.0,0,0,0,0,0,10.0,5.0,5.0,20.0,0,225,4.649794578552246,0.048282643651796714,,out_of_road
1222,fresh,0,fresh,,,0,0.0,0,0,0,0,0,10.0,5.0,5.0,20.0,0,641,17.047565460205078,0.1772848079925441,,out_of_road
1223,fresh,0,fresh,,,0,0.0,0,0,0,0,0,10.0,5.0,5.0,20.0,0,123,2.095820188522339,0.02135918085743499,,out_of_road
1224,fresh,0,fresh,,,0,0.0,0,0,0,0,0,10.0,5.0,5.0,20.0,0,353,8.848915100097656,0.09729116011104907,,arrive_dest
1225,fresh,0,fresh,,,0,0.0,0,0,0,0,0,10.0,5.0,5.0,20.0,0,381,9.307313919067383,0.1370846289564462,,arrive_dest
1226,fresh,0,fresh,,,0,0.0,0,0,0,0,0,10.0,5.0,5.0,20.0,0,316,7.367656230926514,0.07016228083992683,,out_of_road
1227,fresh,0,fresh,,,0,0.0,0,0,0,0,0,10.0,5.0,5.0,20.0,0,50,0.3695131838321686,0.007934619653970004,,out_of_road
1228,fresh,0,fresh,,,0,0.0,0,0,0,0,0,10.0,5.0,5.0,20.0,0,402,9.730428695678711,0.08471739504704094,,out_of_road
1229,fresh,0,fresh,,,0,0.0,0,0,0,0,0,10.0,5.0,5.0,20.0,0,224,5.794304847717285,0.04973239076623161,,arrive_dest
1230,fresh,0,fresh,,,0,0.0,0,0,0,0,0,10.0,5.0,5.0,20.0,0,198,4.374968528747559,0.043920944882274576,,out_of_road
1231,fresh,0,fresh,,,0,0.0,0,0,0,0,0,10.0,5.0,5.0,20.0,0,364,8.589015007019043,0.060950831090519714,,arrive_dest
1232,fresh,0,fresh,,,0,0.0,0,0,0,0,0,10.0,5.0,5.0,20.0,0,271,6.866398811340332,0.07507929567426333,,out_of_road
1233,fresh,0,fresh,,,0,0.0,0,0,0,0,0,10.0,5.0,5.0,20.0,0,448,11.610776901245117,0.09223316085366864,,arrive_dest
1234,fresh,0,fresh,,,0,0.0,0,0,0,0,0,10.0,5.0,5.0,20.0,0,94,1.334223747253418,0.0071118748449581735,,out_of_road
1235,fresh,0,fresh,,,0,0.0,0,0,0,0,0,10.0,5.0,5.0,20.0,0,225,4.136634349822998,0.12753655518094698,,out_of_road
1236,fresh,0,fresh,,,0,0.0,0,0,0,0,0,10.0,5.0,5.0,20.0,0,394,9.07618522644043,0.05766678602448878,,arrive_dest
1237,fresh,0,fresh,,,0,0.0,0,0,0,0,0,10.0,5.0,5.0,20.0,0,380,8.801976203918457,0.11011121264952971,,out_of_road
1238,fresh,0,fresh,,,0,0.0,0,0,0,0,0,10.0,5.0,5.0,20.0,0,346,6.588155746459961,0.03618589403226197,,arrive_dest
1239,fresh,0,fresh,,,0,0.0,0,0,0,0,0,10.0,5.0,5.0,20.0,0,255,6.78160285949707,0.0981262077769155,,arrive_dest
1240,fresh,0,fresh,,,0,0.0,0,0,0,0,0,10.0,5.0,5.0,20.0,0,527,12.914583206176758,0.1482428725794721,,arrive_dest
1241,fresh,0,fresh,,,0,0.0,0,0,0,0,0,10.0,5.0,5.0,20.0,0,511,12.406452178955078,0.07286335948905716,,arrive_dest
1242,fresh,0,fresh,,,0,0.0,0,0,0,0,0,10.0,5.0,5.0,20.0,0,845,24.41627311706543,0.1293768861545966,,arrive_dest
1243,fresh,0,fresh,,,0,0.0,0,0,0,0,0,10.0,5.0,5.0,20.0,0,125,2.1610896587371826,0.018757582902908326,,arrive_dest
1244,fresh,0,fresh,,,0,0.0,0,0,0,0,0,10.0,5.0,5.0,20.0,0,51,0.25394323468208313,0.00973930275615524,,out_of_road
1245,fresh,0,fresh,,,0,0.0,0,0,0,0,0,10.0,5.0,5.0,20.0,0,254,7.27498722076416,0.10636192248166194,,out_of_road
1246,fresh,0,fresh,,,0,0.0,0,0,0,0,0,10.0,5.0,5.0,20.0,0,210,5.52908182144165,0.07229347234325749,,out_of_road
1247,fresh,0,fresh,,,0,0.0,0,0,0,0,0,10.0,5.0,5.0,20.0,0,544,14.195558547973633,0.10328394287652747,,arrive_dest
1248,fresh,0,fresh,,,0,0.0,0,0,0,0,0,10.0,5.0,5.0,20.0,0,582,16.03047752380371,0.10073678773712635,,arrive_dest
1249,fresh,0,fresh,,,0,0.0,0,0,0,0,0,10.0,5.0,5.0,20.0,0,450,11.78064250946045,0.1065165696836387,,out_of_road
1250,fresh,0,fresh,,,0,0.0,0,0,0,0,0,10.0,5.0,5.0,20.0,0,160,2.8467230796813965,0.02780224902089685,,arrive_dest
1251,fresh,0,fresh,,,0,0.0,0,0,0,0,0,10.0,5.0,5.0,20.0,0,89,1.1172888278961182,0.0048835058225674575,,out_of_road
1252,fresh,0,fresh,,,0,0.0,0,0,0,0,0,10.0,5.0,5.0,20.0,0,102,1.5496799945831299,0.009239988931107754,,out_of_road
1253,fresh,0,fresh,,,0,0.0,0,0,0,0,0,10.0,5.0,5.0,20.0,0,352,8.93920612335205,0.1376963826584291,,out_of_road
1254,fresh,0,fresh,,,0,0.0,0,0,0,0,0,10.0,5.0,5.0,20.0,0,422,9.584061622619629,0.10931381260119909,,out_of_road
1255,fresh,0,fresh,,,0,0.0,0,0,0,0,0,10.0,5.0,5.0,20.0,0,109,1.8936119079589844,0.011915871070339045,,out_of_road
1256,fresh,0,fresh,,,0,0.0,0,0,0,0,0,10.0,5.0,5.0,20.0,0,632,16.809106826782227,0.14026701416307472,,out_of_road
1257,fresh,0,fresh,,,0,0.0,0,0,0,0,0,10.0,5.0,5.0,20.0,0,182,4.062496185302734,0.03227334215234105,,out_of_road
1258,fresh,0,fresh,,,0,0.0,0,0,0,0,0,10.0,5.0,5.0,20.0,0,365,1.6740092039108276,0.003853036266789861,,out_of_road
1259,fresh,0,fresh,,,0,0.0,0,0,0,0,0,10.0,5.0,5.0,20.0,0,1000,6.705483436584473,0.015590979424421676,,max_step
1260,fresh,0,fresh,,,0,0.0,0,0,0,0,0,10.0,5.0,5.0,20.0,0,2,0.2394355684518814,0.11335861682891846,,arrive_dest
1261,fresh,0,fresh,,,0,0.0,0,0,0,0,0,10.0,5.0,5.0,20.0,0,88,1.240599274635315,0.014925248021344569,,out_of_road
1262,fresh,0,fresh,,,0,0.0,0,0,0,0,0,10.0,5.0,5.0,20.0,0,1000,0.0038129882887005806,2.253375668078661e-05,,max_step
1263,fresh,0,fresh,,,0,0.0,0,0,0,0,0,10.0,5.0,5.0,20.0,0,107,1.6471598148345947,0.02063388991926875,,out_of_road
1264,fresh,0,fresh,,,0,0.0,0,0,0,0,0,10.0,5.0,5.0,20.0,0,486,11.201175689697266,0.14113710506593066,,out_of_road
1265,fresh,0,fresh,,,0,0.0,0,0,0,0,0,10.0,5.0,5.0,20.0,0,708,18.43080711364746,0.11276387065480657,,arrive_dest
1266,fresh,0,fresh,,,0,0.0,0,0,0,0,0,10.0,5.0,5.0,20.0,0,721,18.960004806518555,0.14670997764204788,,arrive_dest
1267,fresh,0,fresh,,,0,0.0,0,0,0,0,0,10.0,5.0,5.0,20.0,0,1000,1.7117693424224854,0.0058934353492222724,,max_step
1268,fresh,0,fresh,,,0,0.0,0,0,0,0,0,10.0,5.0,5.0,20.0,0,461,11.476757049560547,0.09705382364715193,,out_of_road
1269,fresh,0,fresh,,,0,0.0,0,0,0,0,0,10.0,5.0,5.0,20.0,0,604,16.117069244384766,0.06781131538426788,,arrive_dest
1270,fresh,0,fresh,,,0,0.0,0,0,0,0,0,10.0,5.0,5.0,20.0,0,675,19.243377685546875,0.1346271427684567,,arrive_dest
1271,fresh,0,fresh,,,0,0.0,0,0,0,0,0,10.0,5.0,5.0,20.0,0,564,14.215378761291504,0.06760086077314979,,arrive_dest
1272,fresh,0,fresh,,,0,0.0,0,0,0,0,0,10.0,5.0,5.0,20.0,0,686,19.23685646057129,0.14717839275006173,,arrive_dest
1273,fresh,0,fresh,,,0,0.0,0,0,0,0,0,10.0,5.0,5.0,20.0,0,698,18.311084747314453,0.11236638810891221,,arrive_dest
1274,fresh,0,fresh,,,0,0.0,0,0,0,0,0,10.0,5.0,5.0,20.0,0,156,3.0082671642303467,0.012308048179898506,,out_of_road
1275,fresh,0,fresh,,,0,0.0,0,0,0,0,0,10.0,5.0,5.0,20.0,0,48,0.36080700159072876,0.0115202252054587,,out_of_road
1276,fresh,0,fresh,,,0,0.0,0,0,0,0,0,10.0,5.0,5.0,20.0,0,165,3.1870028972625732,0.05605134509052291,,out_of_road
1277,fresh,0,fresh,,,0,0.0,0,0,0,0,0,10.0,5.0,5.0,20.0,0,200,5.220521926879883,0.05513305305503309,,out_of_road
1278,fresh,0,fresh,,,0,0.0,0,0,0,0,0,10.0,5.0,5.0,20.0,0,874,21.936094284057617,0.10667651306807961,,arrive_dest
1279,fresh,0,fresh,,,0,0.0,0,0,0,0,0,10.0,5.0,5.0,20.0,0,1000,10.905293464660645,0.02598805278260261,,max_step
1280,fresh,0,fresh,,,0,0.0,0,0,0,0,0,10.0,5.0,5.0,20.0,0,461,12.868870735168457,0.09280059554103011,,arrive_dest
1281,fresh,0,fresh,,,0,0.0,0,0,0,0,0,10.0,5.0,5.0,20.0,0,318,7.19791841506958,0.06276193911900872,,out_of_road
1282,fresh,0,fresh,,,0,0.0,0,0,0,0,0,10.0,5.0,5.0,20.0,0,264,7.27515983581543,0.12371539191879107,,out_of_road
1283,fresh,0,fresh,,,0,0.0,0,0,0,0,0,10.0,5.0,5.0,20.0,0,626,16.13432502746582,0.09192246159284968,,out_of_road
1284,fresh,0,fresh,,,0,0.0,0,0,0,0,0,10.0,5.0,5.0,20.0,0,468,12.83647632598877,0.06853963499072875,,arrive_dest
1285,fresh,0,fresh,,,0,0.0,0,0,0,0,0,10.0,5.0,5.0,20.0,0,375,9.569876670837402,0.07467929208527009,,arrive_dest
1286,fresh,0,fresh,,,0,0.0,0,0,0,0,0,10.0,5.0,5.0,20.0,0,276,7.7985687255859375,0.07915714516243695,,arrive_dest
1287,fresh,0,fresh,,,0,0.0,0,0,0,0,0,10.0,5.0,5.0,20.0,0,305,5.410477161407471,0.035030597604078346,,arrive_dest
1288,fresh,0,fresh,,,0,0.0,0,0,0,0,0,10.0,5.0,5.0,20.0,0,327,7.350569248199463,0.038547335608381014,,out_of_road
1289,fresh,0,fresh,,,0,0.0,0,0,0,0,0,10.0,5.0,5.0,20.0,0,346,8.436941146850586,0.05384198084643186,,arrive_dest
1290,fresh,0,fresh,,,0,0.0,0,0,0,0,0,10.0,5.0,5.0,20.0,0,551,13.749959945678711,0.08120036906401751,,arrive_dest
1291,fresh,0,fresh,,,0,0.0,0,0,0,0,0,10.0,5.0,5.0,20.0,0,244,7.263972282409668,0.08835021547637269,,arrive_dest
1292,fresh,0,fresh,,,0,0.0,0,0,0,0,0,10.0,5.0,5.0,20.0,0,426,10.423916816711426,0.10794638186155385,,arrive_dest
1293,fresh,0,fresh,,,0,0.0,0,0,0,0,0,10.0,5.0,5.0,20.0,0,384,9.329985618591309,0.05215508935361868,,arrive_dest
1294,fresh,0,fresh,,,0,0.0,0,0,0,0,0,10.0,5.0,5.0,20.0,0,2,0.23766498267650604,0.0,,arrive_dest
1295,fresh,0,fresh,,,0,0.0,0,0,0,0,0,10.0,5.0,5.0,20.0,0,210,4.371805191040039,0.04039890327091728,,out_of_road
1296,fresh,0,fresh,,,0,0.0,0,0,0,0,0,10.0,5.0,5.0,20.0,0,663,17.061086654663086,0.11533996387002751,,out_of_road
1297,fresh,0,fresh,,,0,0.0,0,0,0,0,0,10.0,5.0,5.0,20.0,0,49,0.11204304546117783,0.013533078894323232,,out_of_road
1298,fresh,0,fresh,,,0,0.0,0,0,0,0,0,10.0,5.0,5.0,20.0,0,419,10.416533470153809,0.06521067906588957,,out_of_road
1299,fresh,0,fresh,,,0,0.0,0,0,0,0,0,10.0,5.0,5.0,20.0,0,290,6.868152141571045,0.07371322779819883,,out_of_road
1300,fresh,0,fresh,,,0,0.0,0,0,0,0,0,10.0,5.0,5.0,20.0,0,584,15.339632034301758,0.06442273689325491,,out_of_road
1301,fresh,0,fresh,,,0,0.0,0,0,0,0,0,10.0,5.0,5.0,20.0,0,288,8.900590896606445,0.11813814551957573,,arrive_dest
1302,fresh,0,fresh,,,0,0.0,0,0,0,0,0,10.0,5.0,5.0,20.0,0,106,1.5192875862121582,0.02647039723002686,,out_of_road
1303,fresh,0,fresh,,,0,0.0,0,0,0,0,0,10.0,5.0,5.0,20.0,0,220,4.082520008087158,0.04955199890008027,,out_of_road
1304,fresh,0,fresh,,,0,0.0,0,0,0,0,0,10.0,5.0,5.0,20.0,0,97,1.6593198776245117,0.02553328318694203,,arrive_dest
1305,fresh,0,fresh,,,0,0.0,0,0,0,0,0,10.0,5.0,5.0,20.0,0,92,1.1794990301132202,0.029654860941936142,,out_of_road
1306,fresh,0,fresh,,,0,0.0,0,0,0,0,0,10.0,5.0,5.0,20.0,0,112,1.657973051071167,0.00828537660501232,,out_of_road
1307,fresh,0,fresh,,,0,0.0,0,0,0,0,0,10.0,5.0,5.0,20.0,0,1000,0.41132453083992004,0.0023150975331664085,,max_step
1308,fresh,0,fresh,,,0,0.0,0,0,0,0,0,10.0,5.0,5.0,20.0,0,309,6.977540969848633,0.06123972275146678,,out_of_road
1309,fresh,0,fresh,,,0,0.0,0,0,0,0,0,10.0,5.0,5.0,20.0,0,756,19.875837326049805,0.08049132134956333,,arrive_dest
1310,fresh,0,fresh,,,0,0.0,0,0,0,0,0,10.0,5.0,5.0,20.0,0,463,11.304490089416504,0.0696031922217032,,out_of_road
1311,fresh,0,fresh,,,0,0.0,0,0,0,0,0,10.0,5.0,5.0,20.0,0,1000,5.437628269195557,0.021390118545794395,,max_step
1312,fresh,0,fresh,,,0,0.0,0,0,0,0,0,10.0,5.0,5.0,20.0,0,219,4.562238693237305,0.026398231269000736,,out_of_road
1313,fresh,0,fresh,,,0,0.0,0,0,0,0,0,10.0,5.0,5.0,20.0,0,339,7.5910539627075195,0.051843778071595376,,arrive_dest
1314,fresh,0,fresh,,,0,0.0,0,0,0,0,0,10.0,5.0,5.0,20.0,0,385,9.833732604980469,0.059708168643055025,,out_of_road
1315,fresh,0,fresh,,,0,0.0,0,0,0,0,0,10.0,5.0,5.0,20.0,0,423,11.459163665771484,0.06843155096934549,,arrive_dest
1316,fresh,0,fresh,,,0,0.0,0,0,0,0,0,10.0,5.0,5.0,20.0,0,68,0.8419600129127502,0.014749005779295284,,out_of_road
1317,fresh,0,fresh,,,0,0.0,0,0,0,0,0,10.0,5.0,5.0,20.0,0,102,1.8860957622528076,0.02558678660231332,,out_of_road
1318,fresh,0,fresh,,,0,0.0,0,0,0,0,0,10.0,5.0,5.0,20.0,0,51,0.17189356684684753,0.008824948951894162,,out_of_road
1319,fresh,0,fresh,,,0,0.0,0,0,0,0,0,10.0,5.0,5.0,20.0,0,128,1.9313629865646362,0.022150366137793753,,out_of_road
1320,fresh,0,fresh,,,0,0.0,0,0,0,0,0,10.0,5.0,5.0,20.0,0,49,0.39256754517555237,0.03476528579141108,,out_of_road
1321,fresh,0,fresh,,,0,0.0,0,0,0,0,0,10.0,5.0,5.0,20.0,0,190,3.5298895835876465,0.024206321769835133,,out_of_road
1322,fresh,0,fresh,,,0,0.0,0,0,0,0,0,10.0,5.0,5.0,20.0,0,26,-0.07194209098815918,0.0,,out_of_road
1323,fresh,0,fresh,,,0,0.0,0,0,0,0,0,10.0,5.0,5.0,20.0,0,101,1.6955212354660034,0.02941460918524478,,out_of_road
1324,fresh,0,fresh,,,0,0.0,0,0,0,0,0,10.0,5.0,5.0,20.0,0,199,3.530690908432007,0.021582336403691588,,arrive_dest
1325,fresh,0,fresh,,,0,0.0,0,0,0,0,0,10.0,5.0,5.0,20.0,0,215,3.5384480953216553,0.05772213928054932,,arrive_dest
1326,fresh,0,fresh,,,0,0.0,0,0,0,0,0,10.0,5.0,5.0,20.0,0,599,15.21314811706543,0.06431355837865489,,arrive_dest
1327,fresh,0,fresh,,,0,0.0,0,0,0,0,0,10.0,5.0,5.0,20.0,0,511,12.273923873901367,0.05945254000607302,,out_of_road
1328,fresh,0,fresh,,,0,0.0,0,0,0,0,0,10.0,5.0,5.0,20.0,0,452,9.991667747497559,0.06142649401815822,,out_of_road
1329,fresh,0,fresh,,,0,0.0,0,0,0,0,0,10.0,5.0,5.0,20.0,0,93,1.7833800315856934,0.008145392181411866,,arrive_dest
1330,fresh,0,fresh,,,0,0.0,0,0,0,0,0,10.0,5.0,5.0,20.0,0,229,5.801796913146973,0.05070892672611636,,out_of_road
1331,fresh,0,fresh,,,0,0.0,0,0,0,0,0,10.0,5.0,5.0,20.0,0,175,1.7033904790878296,0.01595617794564792,,out_of_road
1332,fresh,0,fresh,,,0,0.0,0,0,0,0,0,10.0,5.0,5.0,20.0,0,292,7.7089691162109375,0.09570038557205707,,arrive_dest
1333,fresh,0,fresh,,,0,0.0,0,0,0,0,0,10.0,5.0,5.0,20.0,0,385,10.422173500061035,0.09538817998420979,,arrive_dest
1334,fresh,0,fresh,,,0,0.0,0,0,0,0,0,10.0,5.0,5.0,20.0,0,1000,0.0012770126340910792,0.00038073143362998965,,max_step
1335,fresh,0,fresh,,,0,0.0,0,0,0,0,0,10.0,5.0,5.0,20.0,0,33,0.5066200494766235,0.0,,arrive_dest
1336,fresh,0,fresh,,,0,0.0,0,0,0,0,0,10.0,5.0,5.0,20.0,0,813,-0.10452678054571152,0.0034626524414017174,,out_of_road
1337,fresh,0,fresh,,,0,0.0,0,0,0,0,0,10.0,5.0,5.0,20.0,0,82,1.4057656526565552,0.06268653150920461,,arrive_dest
1338,fresh,0,fresh,,,0,0.0,0,0,0,0,0,10.0,5.0,5.0,20.0,0,212,5.478352069854736,0.07302532608418744,,out_of_road
1339,fresh,0,fresh,,,0,0.0,0,0,0,0,0,10.0,5.0,5.0,20.0,0,91,1.2940254211425781,0.02376968374189276,,out_of_road
1340,fresh,0,fresh,,,0,0.0,0,0,0,0,0,10.0,5.0,5.0,20.0,0,52,0.39997562766075134,0.0015466876256351287,,out_of_road
1341,fresh,0,fresh,,,0,0.0,0,0,0,0,0,10.0,5.0,5.0,20.0,0,22,-0.14612917602062225,0.0025292469019239597,,out_of_road
1342,fresh,0,fresh,,,0,0.0,0,0,0,0,0,10.0,5.0,5.0,20.0,0,119,2.035032272338867,0.02028530663928064,,out_of_road
1343,fresh,0,fresh,,,0,0.0,0,0,0,0,0,10.0,5.0,5.0,20.0,0,448,11.376364707946777,0.09451815844139284,,out_of_road
1344,fresh,0,fresh,,,0,0.0,0,0,0,0,0,10.0,5.0,5.0,20.0,0,21,-0.14704863727092743,0.0,,out_of_road
1345,fresh,0,fresh,,,0,0.0,0,0,0,0,0,10.0,5.0,5.0,20.0,0,96,1.2639615535736084,0.014188796819022778,,out_of_road
1346,fresh,0,fresh,,,0,0.0,0,0,0,0,0,10.0,5.0,5.0,20.0,0,496,12.981321334838867,0.16378994667132746,,arrive_dest
1347,fresh,0,fresh,,,0,0.0,0,0,0,0,0,10.0,5.0,5.0,20.0,0,228,4.7158522605896,0.05098927035118992,,out_of_road
1348,fresh,0,fresh,,,0,0.0,0,0,0,0,0,10.0,5.0,5.0,20.0,0,1000,1.225754737854004,0.0059740985460812225,,max_step
1349,fresh,0,fresh,,,0,0.0,0,0,0,0,0,10.0,5.0,5.0,20.0,0,505,12.87887954711914,0.15185050624468835,,out_of_road
1350,fresh,0,fresh,,,0,0.0,0,0,0,0,0,10.0,5.0,5.0,20.0,0,149,3.049401044845581,0.07672849695054476,,out_of_road
1351,fresh,0,fresh,,,0,0.0,0,0,0,0,0,10.0,5.0,5.0,20.0,0,574,15.784452438354492,0.09946880892295559,,arrive_dest
1352,fresh,0,fresh,,,0,0.0,0,0,0,0,0,10.0,5.0,5.0,20.0,0,121,1.8355309963226318,0.019139392035897852,,out_of_road
1353,fresh,0,fresh,,,0,0.0,0,0,0,0,0,10.0,5.0,5.0,20.0,0,592,13.233926773071289,0.07913221308459666,,arrive_dest
1354,fresh,0,fresh,,,0,0.0,0,0,0,0,0,10.0,5.0,5.0,20.0,0,51,0.4060339331626892,0.008076208333174387,,out_of_road
1355,fresh,0,fresh,,,0,0.0,0,0,0,0,0,10.0,5.0,5.0,20.0,0,100,1.4744784832000732,0.013885163408704103,,out_of_road
1356,fresh,0,fresh,,,0,0.0,0,0,0,0,0,10.0,5.0,5.0,20.0,0,437,9.636937141418457,0.05123832906560133,,out_of_road
1357,fresh,0,fresh,,,0,0.0,0,0,0,0,0,10.0,5.0,5.0,20.0,0,562,13.538235664367676,0.08293071479886253,,arrive_dest
1358,fresh,0,fresh,,,0,0.0,0,0,0,0,0,10.0,5.0,5.0,20.0,0,74,0.9077334403991699,0.00833949094285836,,out_of_road
1359,fresh,0,fresh,,,0,0.0,0,0,0,0,0,10.0,5.0,5.0,20.0,0,465,12.475105285644531,0.08470462982252401,,arrive_dest
1360,fresh,0,fresh,,,0,0.0,0,0,0,0,0,10.0,5.0,5.0,20.0,0,467,11.43142032623291,0.1600664591763719,,out_of_road
1361,fresh,0,fresh,,,0,0.0,0,0,0,0,0,10.0,5.0,5.0,20.0,0,75,0.9344483017921448,0.003425694406032562,,out_of_road
1362,fresh,0,fresh,,,0,0.0,0,0,0,0,0,10.0,5.0,5.0,20.0,0,467,11.529106140136719,0.15037213045130512,,out_of_road
1363,fresh,0,fresh,,,0,0.0,0,0,0,0,0,10.0,5.0,5.0,20.0,0,98,1.3958704471588135,0.016916913883190374,,out_of_road
1364,fresh,0,fresh,,,0,0.0,0,0,0,0,0,10.0,5.0,5.0,20.0,0,217,4.3290863037109375,0.06851663169652773,,out_of_road
1365,fresh,0,fresh,,,0,0.0,0,0,0,0,0,10.0,5.0,5.0,20.0,0,88,1.6795849800109863,0.028409139761193233,,arrive_dest
1366,fresh,0,fresh,,,0,0.0,0,0,0,0,0,10.0,5.0,5.0,20.0,0,361,8.54897689819336,0.07827687003569796,,out_of_road
1367,fresh,0,fresh,,,0,0.0,0,0,0,0,0,10.0,5.0,5.0,20.0,0,503,13.413082122802734,0.08668062395543956,,out_of_road
1368,fresh,0,fresh,,,0,0.0,0,0,0,0,0,10.0,5.0,5.0,20.0,0,270,7.159304618835449,0.12076801198741628,,out_of_road
1369,fresh,0,fresh,,,0,0.0,0,0,0,0,0,10.0,5.0,5.0,20.0,0,512,12.308281898498535,0.07684296867591911,,out_of_road
1370,fresh,0,fresh,,,0,0.0,0,0,0,0,0,10.0,5.0,5.0,20.0,0,337,6.469968795776367,0.03598792348554474,,out_of_road
1371,fresh,0,fresh,,,0,0.0,0,0,0,0,0,10.0,5.0,5.0,20.0,0,1000,0.000762077746912837,9.794854000210762e-05,,max_step
1372,fresh,0,fresh,,,0,0.0,0,0,0,0,0,10.0,5.0,5.0,20.0,0,98,1.4552807807922363,0.02658622879629993,,out_of_road
1373,fresh,0,fresh,,,0,0.0,0,0,0,0,0,10.0,5.0,5.0,20.0,0,1000,0.0015835420927032828,0.00037224693223834036,,max_step
1374,fresh,0,fresh,,,0,0.0,0,0,0,0,0,10.0,5.0,5.0,20.0,0,21,-0.1093868613243103,0.014105632191612608,,out_of_road
1375,fresh,0,fresh,,,0,0.0,0,0,0,0,0,10.0,5.0,5.0,20.0,0,568,14.764659881591797,0.10582138114759672,,arrive_dest
1376,fresh,0,fresh,,,0,0.0,0,0,0,0,0,10.0,5.0,5.0,20.0,0,271,7.276724815368652,0.1278497186382868,,out_of_road
1377,fresh,0,fresh,,,0,0.0,0,0,0,0,0,10.0,5.0,5.0,20.0,0,89,1.1575380563735962,0.010596230908642324,,out_of_road
1378,fresh,0,fresh,,,0,0.0,0,0,0,0,0,10.0,5.0,5.0,20.0,0,849,21.344091415405273,0.10990784697901584,,arrive_dest
1379,fresh,0,fresh,,,0,0.0,0,0,0,0,0,10.0,5.0,5.0,20.0,0,113,1.5902559757232666,0.006634156541091151,,out_of_road
1380,fresh,0,fresh,,,0,0.0,0,0,0,0,0,10.0,5.0,5.0,20.0,0,357,8.970483779907227,0.08897392540982291,,out_of_road
1381,fresh,0,fresh,,,0,0.0,0,0,0,0,0,10.0,5.0,5.0,20.0,0,886,22.818098068237305,0.13152824769282195,,arrive_dest
1382,fresh,0,fresh,,,0,0.0,0,0,0,0,0,10.0,5.0,5.0,20.0,0,99,1.8999899625778198,0.040903254167524855,,arrive_dest
1383,fresh,0,fresh,,,0,0.0,0,0,0,0,0,10.0,5.0,5.0,20.0,0,198,3.9215316772460938,0.06610607974598127,,out_of_road
1384,fresh,0,fresh,,,0,0.0,0,0,0,0,0,10.0,5.0,5.0,20.0,0,426,9.69503116607666,0.07100160205365101,,out_of_road
1385,fresh,0,fresh,,,0,0.0,0,0,0,0,0,10.0,5.0,5.0,20.0,0,1000,22.367944717407227,0.07869895460642874,,max_step
1386,fresh,0,fresh,,,0,0.0,0,0,0,0,0,10.0,5.0,5.0,20.0,0,291,7.407956600189209,0.0566381957634797,,arrive_dest
1387,fresh,0,fresh,,,0,0.0,0,0,0,0,0,10.0,5.0,5.0,20.0,0,241,5.302733898162842,0.06711676738251975,,out_of_road
1388,fresh,0,fresh,,,0,0.0,0,0,0,0,0,10.0,5.0,5.0,20.0,0,207,3.7968358993530273,0.03307950228749626,,out_of_road
1389,fresh,0,fresh,,,0,0.0,0,0,0,0,0,10.0,5.0,5.0,20.0,0,346,8.426822662353516,0.04428535275096666,,out_of_road
1390,fresh,0,fresh,,,0,0.0,0,0,0,0,0,10.0,5.0,5.0,20.0,0,95,1.3143489360809326,0.021727038018013303,,out_of_road
1391,fresh,0,fresh,,,0,0.0,0,0,0,0,0,10.0,5.0,5.0,20.0,0,747,19.865861892700195,0.07713178568488484,,arrive_dest
1392,fresh,0,fresh,,,0,0.0,0,0,0,0,0,10.0,5.0,5.0,20.0,0,399,9.297736167907715,0.06981048673008543,,out_of_road
1393,fresh,0,fresh,,,0,0.0,0,0,0,0,0,10.0,5.0,5.0,20.0,0,98,1.6877793073654175,0.009196231673870767,,out_of_road
1394,fresh,0,fresh,,,0,0.0,0,0,0,0,0,10.0,5.0,5.0,20.0,0,117,1.8762857913970947,0.020891472048516203,,out_of_road
1395,fresh,0,fresh,,,0,0.0,0,0,0,0,0,10.0,5.0,5.0,20.0,0,189,3.03293514251709,0.023152526719347824,,out_of_road
1396,fresh,0,fresh,,,0,0.0,0,0,0,0,0,10.0,5.0,5.0,20.0,0,250,5.510758876800537,0.07102308854833245,,out_of_road
1397,fresh,0,fresh,,,0,0.0,0,0,0,0,0,10.0,5.0,5.0,20.0,0,205,4.4945173263549805,0.04101707160291149,,out_of_road
1398,fresh,0,fresh,,,0,0.0,0,0,0,0,0,10.0,5.0,5.0,20.0,0,749,20.025222778320312,0.07863475839067773,,arrive_dest
1399,fresh,0,fresh,,,0,0.0,0,0,0,0,0,10.0,5.0,5.0,20.0,0,99,1.3016525506973267,0.021312613397098213,,out_of_road
1400,fresh,0,fresh,,,0,0.0,0,0,0,0,0,10.0,5.0,5.0,20.0,0,105,1.3249198198318481,0.022321812054585843,,out_of_road
1401,fresh,0,fresh,,,0,0.0,0,0,0,0,0,10.0,5.0,5.0,20.0,0,128,1.880780816078186,0.011195404465070169,,out_of_road
1402,fresh,0,fresh,,,0,0.0,0,0,0,0,0,10.0,5.0,5.0,20.0,0,157,3.0556578636169434,0.06632746807091934,,out_of_road
1403,fresh,0,fresh,,,0,0.0,0,0,0,0,0,10.0,5.0,5.0,20.0,0,570,13.750309944152832,0.08014511745341384,,out_of_road
1404,fresh,0,fresh,,,0,0.0,0,0,0,0,0,10.0,5.0,5.0,20.0,0,349,8.472670555114746,0.12698149720318935,,out_of_road
1405,fresh,0,fresh,,,0,0.0,0,0,0,0,0,10.0,5.0,5.0,20.0,0,171,3.233875274658203,0.024983999501826646,,out_of_road
1406,fresh,0,fresh,,,0,0.0,0,0,0,0,0,10.0,5.0,5.0,20.0,0,124,2.069772720336914,0.021912474256579675,,out_of_road
1407,fresh,0,fresh,,,0,0.0,0,0,0,0,0,10.0,5.0,5.0,20.0,0,153,2.57098650932312,0.03134361193728408,,out_of_road
1408,fresh,0,fresh,,,0,0.0,0,0,0,0,0,10.0,5.0,5.0,20.0,0,690,16.387229919433594,0.06431357711148651,,arrive_dest
1409,fresh,0,fresh,,,0,0.0,0,0,0,0,0,10.0,5.0,5.0,20.0,0,694,18.27554702758789,0.101008073521727,,arrive_dest
1410,fresh,0,fresh,,,0,0.0,0,0,0,0,0,10.0,5.0,5.0,20.0,0,139,2.0321292877197266,0.027570911931048193,,out_of_road
1411,fresh,0,fresh,,,0,0.0,0,0,0,0,0,10.0,5.0,5.0,20.0,0,315,7.3843889236450195,0.0798649970974241,,out_of_road
1412,fresh,0,fresh,,,0,0.0,0,0,0,0,0,10.0,5.0,5.0,20.0,0,261,6.583771705627441,0.07917814476458335,,arrive_dest
1413,fresh,0,fresh,,,0,0.0,0,0,0,0,0,10.0,5.0,5.0,20.0,0,89,-0.10663596540689468,0.030426422050327397,,out_of_road
1414,fresh,0,fresh,,,0,0.0,0,0,0,0,0,10.0,5.0,5.0,20.0,0,71,0.840104341506958,0.03954983492132644,,out_of_road
1415,fresh,0,fresh,,,0,0.0,0,0,0,0,0,10.0,5.0,5.0,20.0,0,495,12.846756935119629,0.05842003860708439,,arrive_dest
1416,fresh,0,fresh,,,0,0.0,0,0,0,0,0,10.0,5.0,5.0,20.0,0,305,6.293143272399902,0.08401726031004161,,out_of_road
1417,fresh,0,fresh,,,0,0.0,0,0,0,0,0,10.0,5.0,5.0,20.0,0,205,4.611945629119873,0.02650054675390626,,out_of_road
1418,fresh,0,fresh,,,0,0.0,0,0,0,0,0,10.0,5.0,5.0,20.0,0,461,10.469748497009277,0.0832321061747686,,out_of_road
1419,fresh,0,fresh,,,0,0.0,0,0,0,0,0,10.0,5.0,5.0,20.0,0,254,6.2240753173828125,0.084218833881511,,arrive_dest
1420,fresh,0,fresh,,,0,0.0,0,0,0,0,0,10.0,5.0,5.0,20.0,0,171,4.124836444854736,0.12013909759746091,,arrive_dest
1421,fresh,0,fresh,,,0,0.0,0,0,0,0,0,10.0,5.0,5.0,20.0,0,207,5.380824089050293,0.0396911206347013,,out_of_road
1422,fresh,0,fresh,,,0,0.0,0,0,0,0,0,10.0,5.0,5.0,20.0,0,155,2.512913942337036,0.02415861569104656,,out_of_road
1423,fresh,0,fresh,,,0,0.0,0,0,0,0,0,10.0,5.0,5.0,20.0,0,224,5.425919532775879,0.044027073591548414,,out_of_road
1424,fresh,0,fresh,,,0,0.0,0,0,0,0,0,10.0,5.0,5.0,20.0,0,647,16.734100341796875,0.0696393088473603,,arrive_dest
1425,fresh,0,fresh,,,0,0.0,0,0,0,0,0,10.0,5.0,5.0,20.0,0,479,13.278657913208008,0.09977299646359707,,arrive_dest
1426,fresh,0,fresh,,,0,0.0,0,0,0,0,0,10.0,5.0,5.0,20.0,0,391,9.684349060058594,0.16569748631609446,,out_of_road
1427,fresh,0,fresh,,,0,0.0,0,0,0,0,0,10.0,5.0,5.0,20.0,0,186,3.9234580993652344,0.029682997714287493,,out_of_road
1428,fresh,0,fresh,,,0,0.0,0,0,0,0,0,10.0,5.0,5.0,20.0,0,362,9.221829414367676,0.08381147202083748,,arrive_dest
1429,fresh,0,fresh,,,0,0.0,0,0,0,0,0,10.0,5.0,5.0,20.0,0,369,8.43415641784668,0.0792521681828389,,arrive_dest
1430,fresh,0,fresh,,,0,0.0,0,0,0,0,0,10.0,5.0,5.0,20.0,0,345,7.831282615661621,0.050000818442904216,,arrive_dest
1431,fresh,0,fresh,,,0,0.0,0,0,0,0,0,10.0,5.0,5.0,20.0,0,370,8.62838077545166,0.052364770446375414,,out_of_road
1432,fresh,0,fresh,,,0,0.0,0,0,0,0,0,10.0,5.0,5.0,20.0,0,264,5.879209041595459,0.058041626873256806,,out_of_road
1433,fresh,0,fresh,,,0,0.0,0,0,0,0,0,10.0,5.0,5.0,20.0,0,273,5.727707386016846,0.05542485867951052,,out_of_road
1434,fresh,0,fresh,,,0,0.0,0,0,0,0,0,10.0,5.0,5.0,20.0,0,1000,9.561366081237793,0.02576221832650481,,max_step
1435,fresh,0,fresh,,,0,0.0,0,0,0,0,0,10.0,5.0,5.0,20.0,0,98,1.3600579500198364,0.02204967631331208,,out_of_road
1436,fresh,0,fresh,,,0,0.0,0,0,0,0,0,10.0,5.0,5.0,20.0,0,121,2.445276975631714,0.12175219770798013,,arrive_dest
1437,fresh,0,fresh,,,0,0.0,0,0,0,0,0,10.0,5.0,5.0,20.0,0,148,2.836395740509033,0.006115402853292589,,out_of_road
1438,fresh,0,fresh,,,0,0.0,0,0,0,0,0,10.0,5.0,5.0,20.0,0,40,0.22104185819625854,0.021512985811568797,,out_of_road
1439,fresh,0,fresh,,,0,0.0,0,0,0,0,0,10.0,5.0,5.0,20.0,0,643,17.102378845214844,0.10366153772623447,,arrive_dest
1440,fresh,0,fresh,,,0,0.0,0,0,0,0,0,10.0,5.0,5.0,20.0,0,888,24.42542266845703,0.14776108135796479,,arrive_dest
1441,fresh,0,fresh,,,0,0.0,0,0,0,0,0,10.0,5.0,5.0,20.0,0,21,-0.10861288756132126,0.0,,out_of_road
1442,fresh,0,fresh,,,0,0.0,0,0,0,0,0,10.0,5.0,5.0,20.0,0,144,2.8627495765686035,0.014204705955408927,,out_of_road
1443,fresh,0,fresh,,,0,0.0,0,0,0,0,0,10.0,5.0,5.0,20.0,0,538,14.312365531921387,0.10280078550113442,,arrive_dest
1444,fresh,0,fresh,,,0,0.0,0,0,0,0,0,10.0,5.0,5.0,20.0,0,297,7.67270565032959,0.08786309862459198,,arrive_dest
1445,fresh,0,fresh,,,0,0.0,0,0,0,0,0,10.0,5.0,5.0,20.0,0,380,8.78968334197998,0.12351539611056643,,out_of_road
1446,fresh,0,fresh,,,0,0.0,0,0,0,0,0,10.0,5.0,5.0,20.0,0,491,11.802027702331543,0.09707479046983929,,arrive_dest
1447,fresh,0,fresh,,,0,0.0,0,0,0,0,0,10.0,5.0,5.0,20.0,0,610,15.514837265014648,0.07375381123618086,,arrive_dest
1448,fresh,0,fresh,,,0,0.0,0,0,0,0,0,10.0,5.0,5.0,20.0,0,1000,6.529135227203369,0.023630842285463586,,max_step
1449,fresh,0,fresh,,,0,0.0,0,0,0,0,0,10.0,5.0,5.0,20.0,0,69,0.9140548706054688,0.021743432588308402,,out_of_road
1450,fresh,0,fresh,,,0,0.0,0,0,0,0,0,10.0,5.0,5.0,20.0,0,59,0.15519821643829346,0.0,,out_of_road
1451,fresh,0,fresh,,,0,0.0,0,0,0,0,0,10.0,5.0,5.0,20.0,0,635,15.583346366882324,0.09130912446380249,,out_of_road
1452,fresh,0,fresh,,,0,0.0,0,0,0,0,0,10.0,5.0,5.0,20.0,0,49,0.3668583035469055,0.02690452686986145,,out_of_road
1453,fresh,0,fresh,,,0,0.0,0,0,0,0,0,10.0,5.0,5.0,20.0,0,22,-0.1436035931110382,0.01751575923778794,,out_of_road
1454,fresh,0,fresh,,,0,0.0,0,0,0,0,0,10.0,5.0,5.0,20.0,0,242,6.545835494995117,0.09300663994532848,,out_of_road
1455,fresh,0,fresh,,,0,0.0,0,0,0,0,0,10.0,5.0,5.0,20.0,0,299,8.13676643371582,0.0683980029462572,,arrive_dest
1456,fresh,0,fresh,,,0,0.0,0,0,0,0,0,10.0,5.0,5.0,20.0,0,235,5.56507682800293,0.051691164308168155,,out_of_road
1457,fresh,0,fresh,,,0,0.0,0,0,0,0,0,10.0,5.0,5.0,20.0,0,45,0.12339351326227188,0.02012560764948527,,out_of_road
1458,fresh,0,fresh,,,0,0.0,0,0,0,0,0,10.0,5.0,5.0,20.0,0,105,1.5417789220809937,0.016011193926845278,,out_of_road
1459,fresh,0,fresh,,,0,0.0,0,0,0,0,0,10.0,5.0,5.0,20.0,0,1000,0.1081405058503151,0.0003346617817878723,,max_step
1460,fresh,0,fresh,,,0,0.0,0,0,0,0,0,10.0,5.0,5.0,20.0,0,166,3.8417110443115234,0.04884696379303932,,out_of_road
1461,fresh,0,fresh,,,0,0.0,0,0,0,0,0,10.0,5.0,5.0,20.0,0,682,18.24469757080078,0.15560782435684686,,out_of_road
1462,fresh,0,fresh,,,0,0.0,0,0,0,0,0,10.0,5.0,5.0,20.0,0,227,4.061960697174072,0.09599208556287943,,out_of_road
1463,fresh,0,fresh,,,0,0.0,0,0,0,0,0,10.0,5.0,5.0,20.0,0,581,13.99508285522461,0.0789803307448961,,out_of_road
1464,fresh,0,fresh,,,0,0.0,0,0,0,0,0,10.0,5.0,5.0,20.0,0,51,0.4068315327167511,0.01766533369892368,,out_of_road
1465,fresh,0,fresh,,,0,0.0,0,0,0,0,0,10.0,5.0,5.0,20.0,0,198,4.5206074714660645,0.05486117875805557,,arrive_dest
1466,fresh,0,fresh,,,0,0.0,0,0,0,0,0,10.0,5.0,5.0,20.0,0,405,9.229475021362305,0.06070196422069897,,out_of_road
1467,fresh,0,fresh,,,0,0.0,0,0,0,0,0,10.0,5.0,5.0,20.0,0,2,0.23467430472373962,0.0,,arrive_dest
1468,fresh,0,fresh,,,0,0.0,0,0,0,0,0,10.0,5.0,5.0,20.0,0,96,1.3627458810806274,0.028558892925502732,,out_of_road
1469,fresh,0,fresh,,,0,0.0,0,0,0,0,0,10.0,5.0,5.0,20.0,0,236,4.646860122680664,0.04388851090926298,,out_of_road
1470,fresh,0,fresh,,,0,0.0,0,0,0,0,0,10.0,5.0,5.0,20.0,0,625,14.88412094116211,0.06870256013050675,,out_of_road
1471,fresh,0,fresh,,,0,0.0,0,0,0,0,0,10.0,5.0,5.0,20.0,0,97,1.5320429801940918,0.02150110266718668,,out_of_road
1472,fresh,0,fresh,,,0,0.0,0,0,0,0,0,10.0,5.0,5.0,20.0,0,286,7.235391139984131,0.11856643945447631,,out_of_road
1473,fresh,0,fresh,,,0,0.0,0,0,0,0,0,10.0,5.0,5.0,20.0,0,375,9.76213550567627,0.06720533409963052,,arrive_dest
1474,fresh,0,fresh,,,0,0.0,0,0,0,0,0,10.0,5.0,5.0,20.0,0,50,0.35921022295951843,0.024155759867280722,,out_of_road
1475,fresh,0,fresh,,,0,0.0,0,0,0,0,0,10.0,5.0,5.0,20.0,0,99,1.8681108951568604,0.0365908183533736,,arrive_dest
1476,fresh,0,fresh,,,0,0.0,0,0,0,0,0,10.0,5.0,5.0,20.0,0,593,16.38916778564453,0.09304019458266839,,arrive_dest
1477,fresh,0,fresh,,,0,0.0,0,0,0,0,0,10.0,5.0,5.0,20.0,0,148,1.6156649589538574,0.03288158816851776,,out_of_road
1478,fresh,0,fresh,,,0,0.0,0,0,0,0,0,10.0,5.0,5.0,20.0,0,313,7.257911682128906,0.07402990281450958,,out_of_road
1479,fresh,0,fresh,,,0,0.0,0,0,0,0,0,10.0,5.0,5.0,20.0,0,643,15.619664192199707,0.07747150897403272,,arrive_dest
1480,fresh,0,fresh,,,0,0.0,0,0,0,0,0,10.0,5.0,5.0,20.0,0,95,1.355571985244751,0.014006424749172047,,out_of_road
1481,fresh,0,fresh,,,0,0.0,0,0,0,0,0,10.0,5.0,5.0,20.0,0,221,5.5457377433776855,0.06690922220410332,,out_of_road
1482,fresh,0,fresh,,,0,0.0,0,0,0,0,0,10.0,5.0,5.0,20.0,0,354,9.662642478942871,0.09570765294960705,,arrive_dest
1483,fresh,0,fresh,,,0,0.0,0,0,0,0,0,10.0,5.0,5.0,20.0,0,1000,0.08463187515735626,0.0018609961001202465,,max_step
1484,fresh,0,fresh,,,0,0.0,0,0,0,0,0,10.0,5.0,5.0,20.0,0,171,3.585676431655884,0.06140496918103761,,out_of_road
1485,fresh,0,fresh,,,0,0.0,0,0,0,0,0,10.0,5.0,5.0,20.0,0,76,1.2454438209533691,0.06808807117570388,,arrive_dest
1486,fresh,0,fresh,,,0,0.0,0,0,0,0,0,10.0,5.0,5.0,20.0,0,726,18.937225341796875,0.1551836684010102,,arrive_dest
1487,fresh,0,fresh,,,0,0.0,0,0,0,0,0,10.0,5.0,5.0,20.0,0,547,14.151139259338379,0.064590973439039,,out_of_road
1488,fresh,0,fresh,,,0,0.0,0,0,0,0,0,10.0,5.0,5.0,20.0,0,184,4.085570335388184,0.034114408729415714,,out_of_road
1489,fresh,0,fresh,,,0,0.0,0,0,0,0,0,10.0,5.0,5.0,20.0,0,322,7.264461517333984,0.059568988217868095,,out_of_road
1490,fresh,0,fresh,,,0,0.0,0,0,0,0,0,10.0,5.0,5.0,20.0,0,379,9.996747016906738,0.0711212176989302,,arrive_dest
1491,fresh,0,fresh,,,0,0.0,0,0,0,0,0,10.0,5.0,5.0,20.0,0,421,9.330885887145996,0.09965279420081198,,out_of_road
1492,fresh,0,fresh,,,0,0.0,0,0,0,0,0,10.0,5.0,5.0,20.0,0,397,9.618965148925781,0.11825749309972793,,out_of_road
1493,fresh,0,fresh,,,0,0.0,0,0,0,0,0,10.0,5.0,5.0,20.0,0,535,12.911633491516113,0.11084554071895013,,arrive_dest
1494,fresh,0,fresh,,,0,0.0,0,0,0,0,0,10.0,5.0,5.0,20.0,0,85,1.6799968481063843,0.028665527482243144,,arrive_dest
1495,fresh,0,fresh,,,0,0.0,0,0,0,0,0,10.0,5.0,5.0,20.0,0,112,1.5358046293258667,0.014885457082917648,,out_of_road
1496,fresh,0,fresh,,,0,0.0,0,0,0,0,0,10.0,5.0,5.0,20.0,0,367,9.408286094665527,0.0569203254368349,,arrive_dest
1497,fresh,0,fresh,,,0,0.0,0,0,0,0,0,10.0,5.0,5.0,20.0,0,220,4.467015266418457,0.04115740308241749,,out_of_road
1498,fresh,0,fresh,,,0,0.0,0,0,0,0,0,10.0,5.0,5.0,20.0,0,103,1.6269077062606812,0.014187617354022646,,out_of_road
1499,fresh,0,fresh,,,0,0.0,0,0,0,0,0,10.0,5.0,5.0,20.0,0,606,14.466474533081055,0.0729406629737064,,out_of_road
1500,fresh,0,fresh,,,0,0.0,0,0,0,0,0,10.0,5.0,5.0,20.0,0,516,12.302669525146484,0.059630938738858864,,out_of_road
1501,fresh,0,fresh,,,0,0.0,0,0,0,0,0,10.0,5.0,5.0,20.0,0,260,7.2777228355407715,0.15167319404247862,,out_of_road
1502,fresh,0,fresh,,,0,0.0,0,0,0,0,0,10.0,5.0,5.0,20.0,0,223,5.207260608673096,0.0225590197578273,,arrive_dest
1503,fresh,0,fresh,,,0,0.0,0,0,0,0,0,10.0,5.0,5.0,20.0,0,130,2.0648880004882812,0.02059597270563245,,out_of_road
1504,fresh,0,fresh,,,0,0.0,0,0,0,0,0,10.0,5.0,5.0,20.0,0,1000,2.0278258323669434,0.02474029097572202,,max_step
1505,fresh,0,fresh,,,0,0.0,0,0,0,0,0,10.0,5.0,5.0,20.0,0,561,13.71722412109375,0.0727721190382187,,arrive_dest
1506,fresh,0,fresh,,,0,0.0,0,0,0,0,0,10.0,5.0,5.0,20.0,0,570,13.487412452697754,0.07339207167377729,,out_of_road
1507,fresh,0,fresh,,,0,0.0,0,0,0,0,0,10.0,5.0,5.0,20.0,0,1000,5.699031829833984,0.025114087543974165,,max_step
1508,fresh,0,fresh,,,0,0.0,0,0,0,0,0,10.0,5.0,5.0,20.0,0,343,8.290284156799316,0.08129126332841444,,arrive_dest
1509,fresh,0,fresh,,,0,0.0,0,0,0,0,0,10.0,5.0,5.0,20.0,0,641,15.942021369934082,0.13602476485593712,,arrive_dest
1510,fresh,0,fresh,,,0,0.0,0,0,0,0,0,10.0,5.0,5.0,20.0,0,625,16.57041358947754,0.14566094838380814,,arrive_dest
1511,fresh,0,fresh,,,0,0.0,0,0,0,0,0,10.0,5.0,5.0,20.0,0,112,1.9066795110702515,0.024091900184950128,,out_of_road
1512,fresh,0,fresh,,,0,0.0,0,0,0,0,0,10.0,5.0,5.0,20.0,0,131,2.1264824867248535,0.06793314610956279,,out_of_road
1513,fresh,0,fresh,,,0,0.0,0,0,0,0,0,10.0,5.0,5.0,20.0,0,916,24.442975997924805,0.06614493430179329,,arrive_dest
1514,fresh,0,fresh,,,0,0.0,0,0,0,0,0,10.0,5.0,5.0,20.0,0,75,0.8530375361442566,0.01850068288544814,,out_of_road
1515,fresh,0,fresh,,,0,0.0,0,0,0,0,0,10.0,5.0,5.0,20.0,0,416,9.82060432434082,0.08632727162974053,,arrive_dest
1516,fresh,0,fresh,,,0,0.0,0,0,0,0,0,10.0,5.0,5.0,20.0,0,115,1.7449750900268555,0.03804474554389067,,out_of_road
1517,fresh,0,fresh,,,0,0.0,0,0,0,0,0,10.0,5.0,5.0,20.0,0,1000,0.006851673126220703,1.6379139851778745e-05,,max_step
1518,fresh,0,fresh,,,0,0.0,0,0,0,0,0,10.0,5.0,5.0,20.0,0,185,3.178969621658325,0.02211003687635467,,out_of_road
1519,fresh,0,fresh,,,0,0.0,0,0,0,0,0,10.0,5.0,5.0,20.0,0,308,7.105304718017578,0.0729513893708248,,out_of_road
1520,fresh,0,fresh,,,0,0.0,0,0,0,0,0,10.0,5.0,5.0,20.0,0,235,6.821229457855225,0.143018290079496,,arrive_dest
1521,fresh,0,fresh,,,0,0.0,0,0,0,0,0,10.0,5.0,5.0,20.0,0,182,3.020432233810425,0.03724576662304801,,out_of_road
1522,fresh,0,fresh,,,0,0.0,0,0,0,0,0,10.0,5.0,5.0,20.0,0,355,8.524364471435547,0.14391279636134563,,out_of_road
1523,fresh,0,fresh,,,0,0.0,0,0,0,0,0,10.0,5.0,5.0,20.0,0,480,13.124625205993652,0.13395916225466256,,out_of_road
1524,fresh,0,fresh,,,0,0.0,0,0,0,0,0,10.0,5.0,5.0,20.0,0,159,3.8535964488983154,0.08127241882747449,,arrive_dest
1525,fresh,0,fresh,,,0,0.0,0,0,0,0,0,10.0,5.0,5.0,20.0,0,265,5.414419174194336,0.08182203326163427,,out_of_road
1526,fresh,0,fresh,,,0,0.0,0,0,0,0,0,10.0,5.0,5.0,20.0,0,48,0.31349998712539673,0.014376059911834696,,out_of_road
1527,fresh,0,fresh,,,0,0.0,0,0,0,0,0,10.0,5.0,5.0,20.0,0,580,14.90263843536377,0.06342115393791604,,out_of_road
1528,fresh,0,fresh,,,0,0.0,0,0,0,0,0,10.0,5.0,5.0,20.0,0,514,13.31756591796875,0.18185674090206566,,arrive_dest
1529,fresh,0,fresh,,,0,0.0,0,0,0,0,0,10.0,5.0,5.0,20.0,0,227,5.939088821411133,0.07645489316482901,,out_of_road
1530,fresh,0,fresh,,,0,0.0,0,0,0,0,0,10.0,5.0,5.0,20.0,0,33,0.5020650625228882,0.006353763369561145,,arrive_dest
1531,fresh,0,fresh,,,0,0.0,0,0,0,0,0,10.0,5.0,5.0,20.0,0,509,12.78892707824707,0.1353824172006126,,arrive_dest
1532,fresh,0,fresh,,,0,0.0,0,0,0,0,0,10.0,5.0,5.0,20.0,0,303,7.038325309753418,0.06304459063268632,,out_of_road
1533,fresh,0,fresh,,,0,0.0,0,0,0,0,0,10.0,5.0,5.0,20.0,0,383,8.716568946838379,0.11290304786610775,,out_of_road
1534,fresh,0,fresh,,,0,0.0,0,0,0,0,0,10.0,5.0,5.0,20.0,0,843,23.13334083557129,0.1301307189848643,,arrive_dest
1535,fresh,0,fresh,,,0,0.0,0,0,0,0,0,10.0,5.0,5.0,20.0,0,360,8.874593734741211,0.08344292888780021,,out_of_road
1536,fresh,0,fresh,,,0,0.0,0,0,0,0,0,10.0,5.0,5.0,20.0,0,128,1.8116787672042847,0.028524566900159698,,out_of_road
1537,fresh,0,fresh,,,0,0.0,0,0,0,0,0,10.0,5.0,5.0,20.0,0,371,8.165030479431152,0.06045882118366297,,arrive_dest
1538,fresh,0,fresh,,,0,0.0,0,0,0,0,0,10.0,5.0,5.0,20.0,0,517,12.511287689208984,0.07030658717348279,,out_of_road
1539,fresh,0,fresh,,,0,0.0,0,0,0,0,0,10.0,5.0,5.0,20.0,0,12,0.2567155063152313,0.0,,arrive_dest
1540,fresh,0,fresh,,,0,0.0,0,0,0,0,0,10.0,5.0,5.0,20.0,0,662,17.50899887084961,0.052155010302317555,,arrive_dest
1541,fresh,0,fresh,,,0,0.0,0,0,0,0,0,10.0,5.0,5.0,20.0,0,22,-0.10018369555473328,0.0,,out_of_road
1542,fresh,0,fresh,,,0,0.0,0,0,0,0,0,10.0,5.0,5.0,20.0,0,340,8.87324333190918,0.05889895289506325,,arrive_dest
1543,fresh,0,fresh,,,0,0.0,0,0,0,0,0,10.0,5.0,5.0,20.0,0,398,9.608935356140137,0.11931933146718908,,out_of_road
1544,fresh,0,fresh,,,0,0.0,0,0,0,0,0,10.0,5.0,5.0,20.0,0,2,0.23298683762550354,0.0,,arrive_dest
1545,fresh,0,fresh,,,0,0.0,0,0,0,0,0,10.0,5.0,5.0,20.0,0,1000,8.43708610534668,0.014452147261297796,,max_step
1546,fresh,0,fresh,,,0,0.0,0,0,0,0,0,10.0,5.0,5.0,20.0,0,144,2.999396324157715,0.08853601251677093,,out_of_road
1547,fresh,0,fresh,,,0,0.0,0,0,0,0,0,10.0,5.0,5.0,20.0,0,101,1.4820181131362915,0.05171231505009207,,out_of_road
1548,fresh,0,fresh,,,0,0.0,0,0,0,0,0,10.0,5.0,5.0,20.0,0,215,5.592695236206055,0.073951783075084,,out_of_road
1549,fresh,0,fresh,,,0,0.0,0,0,0,0,0,10.0,5.0,5.0,20.0,0,119,1.406491994857788,0.03904412902829026,,out_of_road
1550,fresh,0,fresh,,,0,0.0,0,0,0,0,0,10.0,5.0,5.0,20.0,0,560,14.438339233398438,0.07986285138925138,,arrive_dest
1551,fresh,0,fresh,,,0,0.0,0,0,0,0,0,10.0,5.0,5.0,20.0,0,242,7.350313186645508,0.08685169001071413,,arrive_dest
1552,fresh,0,fresh,,,0,0.0,0,0,0,0,0,10.0,5.0,5.0,20.0,0,400,9.559983253479004,0.14371350012079348,,out_of_road
1553,fresh,0,fresh,,,0,0.0,0,0,0,0,0,10.0,5.0,5.0,20.0,0,306,-0.1113453209400177,0.003962206684686,,out_of_road
1554,fresh,0,fresh,,,0,0.0,0,0,0,0,0,10.0,5.0,5.0,20.0,0,919,24.423051834106445,0.07248163659209679,,arrive_dest
1555,fresh,0,fresh,,,0,0.0,0,0,0,0,0,10.0,5.0,5.0,20.0,0,224,4.702479839324951,0.05692947775657688,,arrive_dest
1556,fresh,0,fresh,,,0,0.0,0,0,0,0,0,10.0,5.0,5.0,20.0,0,381,8.477550506591797,0.0566150534817377,,out_of_road
1557,fresh,0,fresh,,,0,0.0,0,0,0,0,0,10.0,5.0,5.0,20.0,0,185,2.7802863121032715,0.022345866001135594,,out_of_road
1558,fresh,0,fresh,,,0,0.0,0,0,0,0,0,10.0,5.0,5.0,20.0,0,533,12.501876831054688,0.07114887904851062,,out_of_road
1559,fresh,0,fresh,,,0,0.0,0,0,0,0,0,10.0,5.0,5.0,20.0,0,652,17.908687591552734,0.10666556807298805,,arrive_dest
1560,fresh,0,fresh,,,0,0.0,0,0,0,0,0,10.0,5.0,5.0,20.0,0,474,10.9677095413208,0.14305736324533758,,out_of_road
1561,fresh,0,fresh,,,0,0.0,0,0,0,0,0,10.0,5.0,5.0,20.0,0,236,5.841634750366211,0.04919672131901449,,out_of_road
1562,fresh,0,fresh,,,0,0.0,0,0,0,0,0,10.0,5.0,5.0,20.0,0,179,3.8895771503448486,0.021177086609743493,,out_of_road
1563,fresh,0,fresh,,,0,0.0,0,0,0,0,0,10.0,5.0,5.0,20.0,0,206,4.453181743621826,0.030350091460260374,,out_of_road
1564,fresh,0,fresh,,,0,0.0,0,0,0,0,0,10.0,5.0,5.0,20.0,0,627,16.820951461791992,0.16124117696892465,,out_of_road
1565,fresh,0,fresh,,,0,0.0,0,0,0,0,0,10.0,5.0,5.0,20.0,0,22,0.33574339747428894,0.02643815584650094,,arrive_dest
1566,fresh,0,fresh,,,0,0.0,0,0,0,0,0,10.0,5.0,5.0,20.0,0,122,1.6261180639266968,0.01784266997128725,,out_of_road
1567,fresh,0,fresh,,,0,0.0,0,0,0,0,0,10.0,5.0,5.0,20.0,0,314,6.911812782287598,0.04750060286909745,,out_of_road
1568,fresh,0,fresh,,,0,0.0,0,0,0,0,0,10.0,5.0,5.0,20.0,0,215,5.374072074890137,0.044587747708266214,,out_of_road
1569,fresh,0,fresh,,,0,0.0,0,0,0,0,0,10.0,5.0,5.0,20.0,0,93,1.3621691465377808,0.0127347474717485,,out_of_road
1570,fresh,0,fresh,,,0,0.0,0,0,0,0,0,10.0,5.0,5.0,20.0,0,315,7.46531867980957,0.07566356866783093,,out_of_road
1571,fresh,0,fresh,,,0,0.0,0,0,0,0,0,10.0,5.0,5.0,20.0,0,1000,3.882514715194702,0.004295655469933991,,max_step
1572,fresh,0,fresh,,,0,0.0,0,0,0,0,0,10.0,5.0,5.0,20.0,0,1000,10.140451431274414,0.03697811320144683,,max_step
1573,fresh,0,fresh,,,0,0.0,0,0,0,0,0,10.0,5.0,5.0,20.0,0,401,10.410134315490723,0.09881484046452993,,arrive_dest
1574,fresh,0,fresh,,,0,0.0,0,0,0,0,0,10.0,5.0,5.0,20.0,0,1000,-0.00031509631662629545,0.0,,max_step
1575,fresh,0,fresh,,,0,0.0,0,0,0,0,0,10.0,5.0,5.0,20.0,0,78,1.322229266166687,0.09187994406630214,,arrive_dest
1576,fresh,0,fresh,,,0,0.0,0,0,0,0,0,10.0,5.0,5.0,20.0,0,534,12.608338356018066,0.1133476769384206,,arrive_dest
1577,fresh,0,fresh,,,0,0.0,0,0,0,0,0,10.0,5.0,5.0,20.0,0,127,2.6924021244049072,0.017938756193291015,,arrive_dest
1578,fresh,0,fresh,,,0,0.0,0,0,0,0,0,10.0,5.0,5.0,20.0,0,55,-0.11476919054985046,0.011397383429787376,,out_of_road
1579,fresh,0,fresh,,,0,0.0,0,0,0,0,0,10.0,5.0,5.0,20.0,0,697,17.74003791809082,0.13297318136439776,,arrive_dest
1580,fresh,0,fresh,,,0,0.0,0,0,0,0,0,10.0,5.0,5.0,20.0,0,296,6.7360687255859375,0.07484705585709496,,out_of_road
1581,fresh,0,fresh,,,0,0.0,0,0,0,0,0,10.0,5.0,5.0,20.0,0,410,9.17090129852295,0.05268938831030959,,arrive_dest
1582,fresh,0,fresh,,,0,0.0,0,0,0,0,0,10.0,5.0,5.0,20.0,0,424,9.601425170898438,0.12160759565490738,,out_of_road
1583,fresh,0,fresh,,,0,0.0,0,0,0,0,0,10.0,5.0,5.0,20.0,0,224,5.380081653594971,0.055530476791318506,,out_of_road
1584,fresh,0,fresh,,,0,0.0,0,0,0,0,0,10.0,5.0,5.0,20.0,0,109,1.6592092514038086,0.034471891478661004,,out_of_road
1585,fresh,0,fresh,,,0,0.0,0,0,0,0,0,10.0,5.0,5.0,20.0,0,859,22.198741912841797,0.0849935640239431,,arrive_dest
1586,fresh,0,fresh,,,0,0.0,0,0,0,0,0,10.0,5.0,5.0,20.0,0,211,4.025673866271973,0.03399809759322077,,arrive_dest
1587,fresh,0,fresh,,,0,0.0,0,0,0,0,0,10.0,5.0,5.0,20.0,0,106,1.4965521097183228,0.012338608072824636,,out_of_road
1588,fresh,0,fresh,,,0,0.0,0,0,0,0,0,10.0,5.0,5.0,20.0,0,242,5.991345405578613,0.062600713669638,,out_of_road
1589,fresh,0,fresh,,,0,0.0,0,0,0,0,0,10.0,5.0,5.0,20.0,0,114,1.5009112358093262,0.003952036064379571,,out_of_road
1590,fresh,0,fresh,,,0,0.0,0,0,0,0,0,10.0,5.0,5.0,20.0,0,112,1.7393962144851685,0.004860723632321294,,out_of_road
1591,fresh,0,fresh,,,0,0.0,0,0,0,0,0,10.0,5.0,5.0,20.0,0,118,2.5114948749542236,0.02703758822438323,,arrive_dest
1592,fresh,0,fresh,,,0,0.0,0,0,0,0,0,10.0,5.0,5.0,20.0,0,119,1.8309698104858398,0.02271946840489111,,out_of_road
1593,fresh,0,fresh,,,0,0.0,0,0,0,0,0,10.0,5.0,5.0,20.0,0,1000,11.354540824890137,0.024485672713373787,,max_step
1594,fresh,0,fresh,,,0,0.0,0,0,0,0,0,10.0,5.0,5.0,20.0,0,426,9.493402481079102,0.048533304632715706,,out_of_road
1595,fresh,0,fresh,,,0,0.0,0,0,0,0,0,10.0,5.0,5.0,20.0,0,27,-0.11303436011075974,0.014169774673603199,,out_of_road
1596,fresh,0,fresh,,,0,0.0,0,0,0,0,0,10.0,5.0,5.0,20.0,0,572,14.160987854003906,0.09057278384151705,,out_of_road
1597,fresh,0,fresh,,,0,0.0,0,0,0,0,0,10.0,5.0,5.0,20.0,0,47,0.32782459259033203,0.014439653426884337,,out_of_road
1598,fresh,0,fresh,,,0,0.0,0,0,0,0,0,10.0,5.0,5.0,20.0,0,109,1.517052173614502,0.02362246002250035,,out_of_road
1599,fresh,0,fresh,,,0,0.0,0,0,0,0,0,10.0,5.0,5.0,20.0,0,357,8.607550621032715,0.08375931328882565,,out_of_road
1600,fresh,0,fresh,,,0,0.0,0,0,0,0,0,10.0,5.0,5.0,20.0,0,589,14.929919242858887,0.11137299619596104,,out_of_road
1601,fresh,0,fresh,,,0,0.0,0,0,0,0,0,10.0,5.0,5.0,20.0,0,517,11.688035011291504,0.07139679742706813,,arrive_dest
1602,fresh,0,fresh,,,0,0.0,0,0,0,0,0,10.0,5.0,5.0,20.0,0,221,5.537997245788574,0.0730448377474603,,out_of_road
1603,fresh,0,fresh,,,0,0.0,0,0,0,0,0,10.0,5.0,5.0,20.0,0,121,1.6748794317245483,0.019797054758249236,,out_of_road
1604,fresh,0,fresh,,,0,0.0,0,0,0,0,0,10.0,5.0,5.0,20.0,0,96,1.2477796077728271,0.006069341839368765,,out_of_road
1605,fresh,0,fresh,,,0,0.0,0,0,0,0,0,10.0,5.0,5.0,20.0,0,295,6.9589948654174805,0.059622722059109456,,arrive_dest
1606,fresh,0,fresh,,,0,0.0,0,0,0,0,0,10.0,5.0,5.0,20.0,0,797,19.717554092407227,0.10960396368014469,,arrive_dest
1607,fresh,0,fresh,,,0,0.0,0,0,0,0,0,10.0,5.0,5.0,20.0,0,1000,-0.022731056436896324,0.04284611216932535,,max_step
1608,fresh,0,fresh,,,0,0.0,0,0,0,0,0,10.0,5.0,5.0,20.0,0,1000,-0.007546623237431049,0.00023708114027976989,,max_step
1609,fresh,0,fresh,,,0,0.0,0,0,0,0,0,10.0,5.0,5.0,20.0,0,42,-0.1114857867360115,0.012780243442172096,,out_of_road
1610,fresh,0,fresh,,,0,0.0,0,0,0,0,0,10.0,5.0,5.0,20.0,0,102,1.715086579322815,0.016148151026344766,,out_of_road
1611,fresh,0,fresh,,,0,0.0,0,0,0,0,0,10.0,5.0,5.0,20.0,0,515,12.624370574951172,0.1022053106403141,,arrive_dest
1612,fresh,0,fresh,,,0,0.0,0,0,0,0,0,10.0,5.0,5.0,20.0,0,641,16.919694900512695,0.13852287395370547,,out_of_road
1613,fresh,0,fresh,,,0,0.0,0,0,0,0,0,10.0,5.0,5.0,20.0,0,1000,1.015890121459961,0.02714560646028258,,max_step
1614,fresh,0,fresh,,,0,0.0,0,0,0,0,0,10.0,5.0,5.0,20.0,0,627,14.523062705993652,0.0749733439547142,,arrive_dest
1615,fresh,0,fresh,,,0,0.0,0,0,0,0,0,10.0,5.0,5.0,20.0,0,91,1.6892386674880981,0.020395649863140925,,arrive_dest
1616,fresh,0,fresh,,,0,0.0,0,0,0,0,0,10.0,5.0,5.0,20.0,0,209,4.4442267417907715,0.051226489063191924,,out_of_road
1617,fresh,0,fresh,,,0,0.0,0,0,0,0,0,10.0,5.0,5.0,20.0,0,153,3.1116693019866943,0.06246127953655482,,arrive_dest
1618,fresh,0,fresh,,,0,0.0,0,0,0,0,0,10.0,5.0,5.0,20.0,0,512,12.458130836486816,0.06487731860943313,,out_of_road
1619,fresh,0,fresh,,,0,0.0,0,0,0,0,0,10.0,5.0,5.0,20.0,0,100,1.4681578874588013,0.015188780464231968,,out_of_road
1620,fresh,0,fresh,,,0,0.0,0,0,0,0,0,10.0,5.0,5.0,20.0,0,107,1.0947115421295166,0.09480370529796754,,out_of_road
1621,fresh,0,fresh,,,0,0.0,0,0,0,0,0,10.0,5.0,5.0,20.0,0,1000,6.001452922821045,0.025643122650682925,,max_step
1622,fresh,0,fresh,,,0,0.0,0,0,0,0,0,10.0,5.0,5.0,20.0,0,571,11.273715019226074,0.1256067176037933,,out_of_road
1623,fresh,0,fresh,,,0,0.0,0,0,0,0,0,10.0,5.0,5.0,20.0,0,427,11.398841857910156,0.09195897688379509,,arrive_dest
1624,fresh,0,fresh,,,0,0.0,0,0,0,0,0,10.0,5.0,5.0,20.0,0,175,2.676520586013794,0.018789329858762877,,out_of_road
1625,fresh,0,fresh,,,0,0.0,0,0,0,0,0,10.0,5.0,5.0,20.0,0,556,13.814581871032715,0.09037777337433248,,out_of_road
1626,fresh,0,fresh,,,0,0.0,0,0,0,0,0,10.0,5.0,5.0,20.0,0,432,9.610835075378418,0.11672875691524327,,out_of_road
1627,fresh,0,fresh,,,0,0.0,0,0,0,0,0,10.0,5.0,5.0,20.0,0,547,13.739706039428711,0.13447832766668344,,out_of_road
1628,fresh,0,fresh,,,0,0.0,0,0,0,0,0,10.0,5.0,5.0,20.0,0,123,1.9116219282150269,0.018656149650431747,,out_of_road
1629,fresh,0,fresh,,,0,0.0,0,0,0,0,0,10.0,5.0,5.0,20.0,0,537,13.765963554382324,0.08334234996579129,,arrive_dest
1630,fresh,0,fresh,,,0,0.0,0,0,0,0,0,10.0,5.0,5.0,20.0,0,375,9.226760864257812,0.066593730090186,,arrive_dest
1631,fresh,0,fresh,,,0,0.0,0,0,0,0,0,10.0,5.0,5.0,20.0,0,350,8.891800880432129,0.06896062025999916,,arrive_dest
1632,fresh,0,fresh,,,0,0.0,0,0,0,0,0,10.0,5.0,5.0,20.0,0,466,10.035639762878418,0.08080766509514893,,arrive_dest
1633,fresh,0,fresh,,,0,0.0,0,0,0,0,0,10.0,5.0,5.0,20.0,0,508,11.998373985290527,0.06488851184579067,,out_of_road
1634,fresh,0,fresh,,,0,0.0,0,0,0,0,0,10.0,5.0,5.0,20.0,0,127,1.7835158109664917,0.013322011281655529,,out_of_road
1635,fresh,0,fresh,,,0,0.0,0,0,0,0,0,10.0,5.0,5.0,20.0,0,199,3.7396392822265625,0.05637388238355742,,out_of_road
1636,fresh,0,fresh,,,0,0.0,0,0,0,0,0,10.0,5.0,5.0,20.0,0,338,8.09239387512207,0.0869879294765463,,arrive_dest
1637,fresh,0,fresh,,,0,0.0,0,0,0,0,0,10.0,5.0,5.0,20.0,0,556,13.93104076385498,0.08078226464274574,,arrive_dest
1638,fresh,0,fresh,,,0,0.0,0,0,0,0,0,10.0,5.0,5.0,20.0,0,324,7.397202014923096,0.08122305829008972,,out_of_road
1639,fresh,0,fresh,,,0,0.0,0,0,0,0,0,10.0,5.0,5.0,20.0,0,124,2.0766284465789795,0.008832766223819025,,arrive_dest
1640,fresh,0,fresh,,,0,0.0,0,0,0,0,0,10.0,5.0,5.0,20.0,0,21,-0.1259668618440628,0.0,,out_of_road
1641,fresh,0,fresh,,,0,0.0,0,0,0,0,0,10.0,5.0,5.0,20.0,0,46,0.13064834475517273,0.004133536763813185,,out_of_road
1642,fresh,0,fresh,,,0,0.0,0,0,0,0,0,10.0,5.0,5.0,20.0,0,41,0.25570812821388245,0.05982643377217578,,out_of_road
1643,fresh,0,fresh,,,0,0.0,0,0,0,0,0,10.0,5.0,5.0,20.0,0,1000,1.0715782642364502,0.008099381114036078,,max_step
1644,fresh,0,fresh,,,0,0.0,0,0,0,0,0,10.0,5.0,5.0,20.0,0,95,1.876912236213684,0.019676091286696885,,arrive_dest
1645,fresh,0,fresh,,,0,0.0,0,0,0,0,0,10.0,5.0,5.0,20.0,0,172,3.484719753265381,0.0430747666179614,,out_of_road
1646,fresh,0,fresh,,,0,0.0,0,0,0,0,0,10.0,5.0,5.0,20.0,0,220,4.36653995513916,0.04365767337254841,,out_of_road
1647,fresh,0,fresh,,,0,0.0,0,0,0,0,0,10.0,5.0,5.0,20.0,0,1000,2.8208274841308594,0.009076170148327947,,max_step
1648,fresh,0,fresh,,,0,0.0,0,0,0,0,0,10.0,5.0,5.0,20.0,0,1000,-0.005011257249861956,0.0026993342117639257,,max_step
1649,fresh,0,fresh,,,0,0.0,0,0,0,0,0,10.0,5.0,5.0,20.0,0,526,14.638223648071289,0.1594798581191328,,arrive_dest
1650,fresh,0,fresh,,,0,0.0,0,0,0,0,0,10.0,5.0,5.0,20.0,0,350,9.522366523742676,0.11565393222762006,,arrive_dest
1651,fresh,0,fresh,,,0,0.0,0,0,0,0,0,10.0,5.0,5.0,20.0,0,606,14.927030563354492,0.05932797871033658,,out_of_road
1652,fresh,0,fresh,,,0,0.0,0,0,0,0,0,10.0,5.0,5.0,20.0,0,126,1.9330978393554688,0.013852070392449461,,out_of_road
1653,fresh,0,fresh,,,0,0.0,0,0,0,0,0,10.0,5.0,5.0,20.0,0,361,8.653318405151367,0.07987680450246935,,out_of_road
1654,fresh,0,fresh,,,0,0.0,0,0,0,0,0,10.0,5.0,5.0,20.0,0,143,3.0080621242523193,0.05105392970926278,,arrive_dest
1655,fresh,0,fresh,,,0,0.0,0,0,0,0,0,10.0,5.0,5.0,20.0,0,91,1.2609789371490479,0.01230340466353592,,out_of_road
1656,fresh,0,fresh,,,0,0.0,0,0,0,0,0,10.0,5.0,5.0,20.0,0,47,0.3965902328491211,0.011959615222951199,,out_of_road
1657,fresh,0,fresh,,,0,0.0,0,0,0,0,0,10.0,5.0,5.0,20.0,0,318,7.954570770263672,0.0927959198846757,,arrive_dest
1658,fresh,0,fresh,,,0,0.0,0,0,0,0,0,10.0,5.0,5.0,20.0,0,222,-0.1036800742149353,0.06822010534102316,,out_of_road
1659,fresh,0,fresh,,,0,0.0,0,0,0,0,0,10.0,5.0,5.0,20.0,0,51,0.36823105812072754,0.025378398834636398,,out_of_road
1660,fresh,0,fresh,,,0,0.0,0,0,0,0,0,10.0,5.0,5.0,20.0,0,171,2.8809876441955566,0.03818331947904189,,out_of_road
1661,fresh,0,fresh,,,0,0.0,0,0,0,0,0,10.0,5.0,5.0,20.0,0,826,20.942157745361328,0.11795592005054532,,arrive_dest
1662,fresh,0,fresh,,,0,0.0,0,0,0,0,0,10.0,5.0,5.0,20.0,0,435,11.506998062133789,0.07145026229407596,,arrive_dest
1663,fresh,0,fresh,,,0,0.0,0,0,0,0,0,10.0,5.0,5.0,20.0,0,555,14.825212478637695,0.138967261600585,,arrive_dest
1664,fresh,0,fresh,,,0,0.0,0,0,0,0,0,10.0,5.0,5.0,20.0,0,1000,-0.028050674125552177,0.0018226252049207687,,max_step
1665,fresh,0,fresh,,,0,0.0,0,0,0,0,0,10.0,5.0,5.0,20.0,0,32,-0.01242009550333023,0.023014718666672707,,out_of_road
1666,fresh,0,fresh,,,0,0.0,0,0,0,0,0,10.0,5.0,5.0,20.0,0,778,19.107736587524414,0.07087541718555466,,arrive_dest
1667,fresh,0,fresh,,,0,0.0,0,0,0,0,0,10.0,5.0,5.0,20.0,0,1000,1.7742975950241089,0.004723127651959658,,max_step
1668,fresh,0,fresh,,,0,0.0,0,0,0,0,0,10.0,5.0,5.0,20.0,0,203,4.4893479347229,0.058955276926309606,,out_of_road
1669,fresh,0,fresh,,,0,0.0,0,0,0,0,0,10.0,5.0,5.0,20.0,0,352,8.079655647277832,0.06465090079291258,,out_of_road
1670,fresh,0,fresh,,,0,0.0,0,0,0,0,0,10.0,5.0,5.0,20.0,0,460,10.306084632873535,0.07278458506537035,,out_of_road
1671,fresh,0,fresh,,,0,0.0,0,0,0,0,0,10.0,5.0,5.0,20.0,0,160,3.0357086658477783,0.04764399786945432,,out_of_road
1672,fresh,0,fresh,,,0,0.0,0,0,0,0,0,10.0,5.0,5.0,20.0,0,191,3.219926118850708,0.06619826000941434,,out_of_road
1673,fresh,0,fresh,,,0,0.0,0,0,0,0,0,10.0,5.0,5.0,20.0,0,251,5.681901454925537,0.06575046591293734,,out_of_road
1674,fresh,0,fresh,,,0,0.0,0,0,0,0,0,10.0,5.0,5.0,20.0,0,556,14.401966094970703,0.08421047602565758,,arrive_dest
1675,fresh,0,fresh,,,0,0.0,0,0,0,0,0,10.0,5.0,5.0,20.0,0,791,19.310894012451172,0.06272619695555155,,out_of_road
1676,fresh,0,fresh,,,0,0.0,0,0,0,0,0,10.0,5.0,5.0,20.0,0,31,0.41227030754089355,0.02475988095806491,,arrive_dest
1677,fresh,0,fresh,,,0,0.0,0,0,0,0,0,10.0,5.0,5.0,20.0,0,738,18.60187530517578,0.0972563391396786,,arrive_dest
1678,fresh,0,fresh,,,0,0.0,0,0,0,0,0,10.0,5.0,5.0,20.0,0,393,9.297636032104492,0.06227941145177258,,arrive_dest
1679,fresh,0,fresh,,,0,0.0,0,0,0,0,0,10.0,5.0,5.0,20.0,0,1000,-0.011054249480366707,0.007684131529735168,,max_step
1680,fresh,0,fresh,,,0,0.0,0,0,0,0,0,10.0,5.0,5.0,20.0,0,777,18.794998168945312,0.1083659292510357,,out_of_road
1681,fresh,0,fresh,,,0,0.0,0,0,0,0,0,10.0,5.0,5.0,20.0,0,84,1.4815770387649536,0.009424243055816208,,arrive_dest
1682,fresh,0,fresh,,,0,0.0,0,0,0,0,0,10.0,5.0,5.0,20.0,0,96,1.4224977493286133,0.021721556773021195,,out_of_road
1683,fresh,0,fresh,,,0,0.0,0,0,0,0,0,10.0,5.0,5.0,20.0,0,1000,1.389556646347046,0.010296306004747749,,max_step
1684,fresh,0,fresh,,,0,0.0,0,0,0,0,0,10.0,5.0,5.0,20.0,0,120,2.5551395416259766,0.03267907188273966,,arrive_dest
1685,fresh,0,fresh,,,0,0.0,0,0,0,0,0,10.0,5.0,5.0,20.0,0,439,9.784975051879883,0.04128720977604559,,out_of_road
1686,fresh,0,fresh,,,0,0.0,0,0,0,0,0,10.0,5.0,5.0,20.0,0,500,11.693070411682129,0.057976958157494665,,arrive_dest
1687,fresh,0,fresh,,,0,0.0,0,0,0,0,0,10.0,5.0,5.0,20.0,0,250,4.091947555541992,0.030207512601278724,,out_of_road
1688,fresh,0,fresh,,,0,0.0,0,0,0,0,0,10.0,5.0,5.0,20.0,0,287,6.7384538650512695,0.07659010723142362,,out_of_road
1689,fresh,0,fresh,,,0,0.0,0,0,0,0,0,10.0,5.0,5.0,20.0,0,107,1.4619945287704468,0.012830632695249308,,out_of_road
1690,fresh,0,fresh,,,0,0.0,0,0,0,0,0,10.0,5.0,5.0,20.0,0,596,13.217820167541504,0.033434294797042574,,out_of_road
1691,fresh,0,fresh,,,0,0.0,0,0,0,0,0,10.0,5.0,5.0,20.0,0,140,3.6480607986450195,0.07892679095135204,,arrive_dest
1692,fresh,0,fresh,,,0,0.0,0,0,0,0,0,10.0,5.0,5.0,20.0,0,581,15.61028003692627,0.10261357013735657,,arrive_dest
1693,fresh,0,fresh,,,0,0.0,0,0,0,0,0,10.0,5.0,5.0,20.0,0,324,7.895570755004883,0.10340842482760365,,arrive_dest
1694,fresh,0,fresh,,,0,0.0,0,0,0,0,0,10.0,5.0,5.0,20.0,0,367,9.347705841064453,0.07539561622565465,,arrive_dest
1695,fresh,0,fresh,,,0,0.0,0,0,0,0,0,10.0,5.0,5.0,20.0,0,151,2.793135166168213,0.02495081252140912,,arrive_dest
1696,fresh,0,fresh,,,0,0.0,0,0,0,0,0,10.0,5.0,5.0,20.0,0,982,24.566381454467773,0.09565781491174118,,arrive_dest
1697,fresh,0,fresh,,,0,0.0,0,0,0,0,0,10.0,5.0,5.0,20.0,0,675,16.95818328857422,0.07297257455479768,,arrive_dest
1698,fresh,0,fresh,,,0,0.0,0,0,0,0,0,10.0,5.0,5.0,20.0,0,639,14.492996215820312,0.05982604195911828,,arrive_dest
1699,fresh,0,fresh,,,0,0.0,0,0,0,0,0,10.0,5.0,5.0,20.0,0,96,1.2816755771636963,0.011336650170657473,,out_of_road
1700,fresh,0,fresh,,,0,0.0,0,0,0,0,0,10.0,5.0,5.0,20.0,0,443,9.678689956665039,0.0356947188349714,,out_of_road
1701,fresh,0,fresh,,,0,0.0,0,0,0,0,0,10.0,5.0,5.0,20.0,0,122,1.83140230178833,0.012681558491570539,,out_of_road
1702,fresh,0,fresh,,,0,0.0,0,0,0,0,0,10.0,5.0,5.0,20.0,0,227,5.404198169708252,0.0670138287628767,,out_of_road
1703,fresh,0,fresh,,,0,0.0,0,0,0,0,0,10.0,5.0,5.0,20.0,0,292,7.208291053771973,0.05013280068619866,,arrive_dest
1704,fresh,0,fresh,,,0,0.0,0,0,0,0,0,10.0,5.0,5.0,20.0,0,492,10.91671085357666,0.13727655579956868,,out_of_road
1705,fresh,0,fresh,,,0,0.0,0,0,0,0,0,10.0,5.0,5.0,20.0,0,105,1.4812207221984863,0.01674136882204385,,out_of_road
1706,fresh,0,fresh,,,0,0.0,0,0,0,0,0,10.0,5.0,5.0,20.0,0,27,-0.04793277382850647,0.0,,out_of_road
1707,fresh,0,fresh,,,0,0.0,0,0,0,0,0,10.0,5.0,5.0,20.0,0,133,3.02575421333313,0.043482160167698576,,arrive_dest
1708,fresh,0,fresh,,,0,0.0,0,0,0,0,0,10.0,5.0,5.0,20.0,0,419,7.710801124572754,0.042524298791926984,,out_of_road
1709,fresh,0,fresh,,,0,0.0,0,0,0,0,0,10.0,5.0,5.0,20.0,0,1000,-0.002844805596396327,0.0,,max_step
1710,fresh,0,fresh,,,0,0.0,0,0,0,0,0,10.0,5.0,5.0,20.0,0,451,11.534650802612305,0.08976065186771282,,arrive_dest
1711,fresh,0,fresh,,,0,0.0,0,0,0,0,0,10.0,5.0,5.0,20.0,0,541,11.979379653930664,0.05314616950649713,,out_of_road
1712,fresh,0,fresh,,,0,0.0,0,0,0,0,0,10.0,5.0,5.0,20.0,0,452,10.64797592163086,0.06411397685265927,,out_of_road
1713,fresh,0,fresh,,,0,0.0,0,0,0,0,0,10.0,5.0,5.0,20.0,0,307,6.5762128829956055,0.0345192977579171,,out_of_road
1714,fresh,0,fresh,,,0,0.0,0,0,0,0,0,10.0,5.0,5.0,20.0,0,357,9.357158660888672,0.08215124207269661,,arrive_dest
1715,fresh,0,fresh,,,0,0.0,0,0,0,0,0,10.0,5.0,5.0,20.0,0,796,19.95185089111328,0.07065030298138449,,arrive_dest
1716,fresh,0,fresh,,,0,0.0,0,0,0,0,0,10.0,5.0,5.0,20.0,0,298,6.592691898345947,0.06980609429075114,,out_of_road
1717,fresh,0,fresh,,,0,0.0,0,0,0,0,0,10.0,5.0,5.0,20.0,0,110,1.608189582824707,0.009033898916095495,,out_of_road
1718,fresh,0,fresh,,,0,0.0,0,0,0,0,0,10.0,5.0,5.0,20.0,0,234,4.839735984802246,0.05392854596074256,,out_of_road
1719,fresh,0,fresh,,,0,0.0,0,0,0,0,0,10.0,5.0,5.0,20.0,0,766,19.300748825073242,0.06878878100192802,,arrive_dest
1720,fresh,0,fresh,,,0,0.0,0,0,0,0,0,10.0,5.0,5.0,20.0,0,269,7.0790791511535645,0.1410118473769896,,out_of_road
1721,fresh,0,fresh,,,0,0.0,0,0,0,0,0,10.0,5.0,5.0,20.0,0,1000,8.538091659545898,0.04008749247284141,,max_step
1722,fresh,0,fresh,,,0,0.0,0,0,0,0,0,10.0,5.0,5.0,20.0,0,659,15.864068031311035,0.05241379523593282,,arrive_dest
1723,fresh,0,fresh,,,0,0.0,0,0,0,0,0,10.0,5.0,5.0,20.0,0,102,1.3379805088043213,0.017377330547235177,,out_of_road
1724,fresh,0,fresh,,,0,0.0,0,0,0,0,0,10.0,5.0,5.0,20.0,0,116,1.7269994020462036,0.01720347254665504,,out_of_road
1725,fresh,0,fresh,,,0,0.0,0,0,0,0,0,10.0,5.0,5.0,20.0,0,138,3.2493414878845215,0.10597359809511597,,arrive_dest
1726,fresh,0,fresh,,,0,0.0,0,0,0,0,0,10.0,5.0,5.0,20.0,0,211,4.358911991119385,0.01699828937146548,,out_of_road
1727,fresh,0,fresh,,,0,0.0,0,0,0,0,0,10.0,5.0,5.0,20.0,0,108,1.421709418296814,0.020917428717776028,,out_of_road
1728,fresh,0,fresh,,,0,0.0,0,0,0,0,0,10.0,5.0,5.0,20.0,0,574,14.03752613067627,0.098890176309615,,arrive_dest
1729,fresh,0,fresh,,,0,0.0,0,0,0,0,0,10.0,5.0,5.0,20.0,0,606,14.762392044067383,0.06964760535687098,,out_of_road
1730,fresh,0,fresh,,,0,0.0,0,0,0,0,0,10.0,5.0,5.0,20.0,0,147,3.3440635204315186,0.03769753627212984,,arrive_dest
1731,fresh,0,fresh,,,0,0.0,0,0,0,0,0,10.0,5.0,5.0,20.0,0,629,15.302787780761719,0.08230351970774612,,out_of_road
1732,fresh,0,fresh,,,0,0.0,0,0,0,0,0,10.0,5.0,5.0,20.0,0,251,5.769171714782715,0.06523065734376382,,out_of_road
1733,fresh,0,fresh,,,0,0.0,0,0,0,0,0,10.0,5.0,5.0,20.0,0,293,6.261944770812988,0.05145750105470012,,out_of_road
1734,fresh,0,fresh,,,0,0.0,0,0,0,0,0,10.0,5.0,5.0,20.0,0,642,14.977567672729492,0.05674003549406125,,arrive_dest
1735,fresh,0,fresh,,,0,0.0,0,0,0,0,0,10.0,5.0,5.0,20.0,0,101,1.4904415607452393,0.027208862143872987,,out_of_road
1736,fresh,0,fresh,,,0,0.0,0,0,0,0,0,10.0,5.0,5.0,20.0,0,111,1.4175713062286377,0.00885514565114234,,out_of_road
1737,fresh,0,fresh,,,0,0.0,0,0,0,0,0,10.0,5.0,5.0,20.0,0,651,17.033538818359375,0.09966617244039698,,arrive_dest
1738,fresh,0,fresh,,,0,0.0,0,0,0,0,0,10.0,5.0,5.0,20.0,0,100,1.2984962463378906,0.014552359431982041,,out_of_road
1739,fresh,0,fresh,,,0,0.0,0,0,0,0,0,10.0,5.0,5.0,20.0,0,332,7.196613311767578,0.06211738097404287,,out_of_road
1740,fresh,0,fresh,,,0,0.0,0,0,0,0,0,10.0,5.0,5.0,20.0,0,25,0.3518386483192444,0.02575594186782837,,arrive_dest
1741,fresh,0,fresh,,,0,0.0,0,0,0,0,0,10.0,5.0,5.0,20.0,0,363,8.31897258758545,0.03784528110476503,,out_of_road
1742,fresh,0,fresh,,,0,0.0,0,0,0,0,0,10.0,5.0,5.0,20.0,0,1000,0.000711100350599736,0.0005112383365631104,,max_step
1743,fresh,0,fresh,,,0,0.0,0,0,0,0,0,10.0,5.0,5.0,20.0,0,229,5.287311553955078,0.04521407076365042,,out_of_road
1744,fresh,0,fresh,,,0,0.0,0,0,0,0,0,10.0,5.0,5.0,20.0,0,230,5.351550102233887,0.054023643396794795,,out_of_road
1745,fresh,0,fresh,,,0,0.0,0,0,0,0,0,10.0,5.0,5.0,20.0,0,188,3.409268617630005,0.024564717341452203,,out_of_road
1746,fresh,0,fresh,,,0,0.0,0,0,0,0,0,10.0,5.0,5.0,20.0,0,104,1.4824963808059692,0.018333863137880914,,out_of_road
1747,fresh,0,fresh,,,0,0.0,0,0,0,0,0,10.0,5.0,5.0,20.0,0,726,17.18400764465332,0.14197798205998832,,arrive_dest
1748,fresh,0,fresh,,,0,0.0,0,0,0,0,0,10.0,5.0,5.0,20.0,0,674,16.791046142578125,0.16229389840598807,,out_of_road
1749,fresh,0,fresh,,,0,0.0,0,0,0,0,0,10.0,5.0,5.0,20.0,0,293,6.981209754943848,0.06583325365167302,,arrive_dest
1750,fresh,0,fresh,,,0,0.0,0,0,0,0,0,10.0,5.0,5.0,20.0,0,106,1.702002763748169,0.027201839406394732,,out_of_road
1751,fresh,0,fresh,,,0,0.0,0,0,0,0,0,10.0,5.0,5.0,20.0,0,101,1.4649492502212524,0.018647310904937216,,out_of_road
1752,fresh,0,fresh,,,0,0.0,0,0,0,0,0,10.0,5.0,5.0,20.0,0,475,10.996060371398926,0.1442291021199995,,out_of_road
1753,fresh,0,fresh,,,0,0.0,0,0,0,0,0,10.0,5.0,5.0,20.0,0,85,1.578061580657959,0.03564558432382696,,arrive_dest
1754,fresh,0,fresh,,,0,0.0,0,0,0,0,0,10.0,5.0,5.0,20.0,0,301,7.4170241355896,0.08800686122942407,,out_of_road
1755,fresh,0,fresh,,,0,0.0,0,0,0,0,0,10.0,5.0,5.0,20.0,0,340,8.75864315032959,0.058085368360009264,,arrive_dest
1756,fresh,0,fresh,,,0,0.0,0,0,0,0,0,10.0,5.0,5.0,20.0,0,217,5.040585517883301,0.1071544961578938,,out_of_road
1757,fresh,0,fresh,,,0,0.0,0,0,0,0,0,10.0,5.0,5.0,20.0,0,572,13.744733810424805,0.054907777633638466,,arrive_dest
1758,fresh,0,fresh,,,0,0.0,0,0,0,0,0,10.0,5.0,5.0,20.0,0,52,0.3568992614746094,0.027445072397732966,,out_of_road
1759,fresh,0,fresh,,,0,0.0,0,0,0,0,0,10.0,5.0,5.0,20.0,0,186,3.035938024520874,0.08386463630864377,,out_of_road
1760,fresh,0,fresh,,,0,0.0,0,0,0,0,0,10.0,5.0,5.0,20.0,0,215,4.396641731262207,0.06368774697617736,,arrive_dest
1761,fresh,0,fresh,,,0,0.0,0,0,0,0,0,10.0,5.0,5.0,20.0,0,197,3.0779247283935547,0.028041583230614963,,out_of_road
1762,fresh,0,fresh,,,0,0.0,0,0,0,0,0,10.0,5.0,5.0,20.0,0,255,5.732339382171631,0.06774772251682247,,out_of_road
1763,fresh,0,fresh,,,0,0.0,0,0,0,0,0,10.0,5.0,5.0,20.0,0,336,6.156497478485107,0.020717046333066674,,arrive_dest
1764,fresh,0,fresh,,,0,0.0,0,0,0,0,0,10.0,5.0,5.0,20.0,0,222,5.425928115844727,0.0746616109165254,,out_of_road
1765,fresh,0,fresh,,,0,0.0,0,0,0,0,0,10.0,5.0,5.0,20.0,0,769,20.39824104309082,0.13986496482485292,,arrive_dest
1766,fresh,0,fresh,,,0,0.0,0,0,0,0,0,10.0,5.0,5.0,20.0,0,742,18.81927490234375,0.09232728513107682,,arrive_dest
1767,fresh,0,fresh,,,0,0.0,0,0,0,0,0,10.0,5.0,5.0,20.0,0,648,16.0202693939209,0.07066299077834831,,arrive_dest
1768,fresh,0,fresh,,,0,0.0,0,0,0,0,0,10.0,5.0,5.0,20.0,0,807,18.794639587402344,0.10527480746038914,,arrive_dest
1769,fresh,0,fresh,,,0,0.0,0,0,0,0,0,10.0,5.0,5.0,20.0,0,104,1.6198121309280396,0.00845044620263462,,out_of_road
1770,fresh,0,fresh,,,0,0.0,0,0,0,0,0,10.0,5.0,5.0,20.0,0,685,16.403593063354492,0.05608697224129671,,out_of_road
1771,fresh,0,fresh,,,0,0.0,0,0,0,0,0,10.0,5.0,5.0,20.0,0,366,8.866799354553223,0.07546048501348683,,arrive_dest
1772,fresh,0,fresh,,,0,0.0,0,0,0,0,0,10.0,5.0,5.0,20.0,0,198,3.591611862182617,0.050102094376478536,,out_of_road
1773,fresh,0,fresh,,,0,0.0,0,0,0,0,0,10.0,5.0,5.0,20.0,0,559,14.032912254333496,0.1336995308788923,,out_of_road
1774,fresh,0,fresh,,,0,0.0,0,0,0,0,0,10.0,5.0,5.0,20.0,0,903,23.218515396118164,0.07877773770189443,,arrive_dest
1775,fresh,0,fresh,,,0,0.0,0,0,0,0,0,10.0,5.0,5.0,20.0,0,474,12.708307266235352,0.13597871250579063,,arrive_dest
1776,fresh,0,fresh,,,0,0.0,0,0,0,0,0,10.0,5.0,5.0,20.0,0,309,6.349113464355469,0.05393535303536646,,out_of_road
1777,fresh,0,fresh,,,0,0.0,0,0,0,0,0,10.0,5.0,5.0,20.0,0,315,6.503707408905029,0.06941120831687594,,arrive_dest
1778,fresh,0,fresh,,,0,0.0,0,0,0,0,0,10.0,5.0,5.0,20.0,0,122,1.6917563676834106,0.015990558408628234,,out_of_road
1779,fresh,0,fresh,,,0,0.0,0,0,0,0,0,10.0,5.0,5.0,20.0,0,638,17.172550201416016,0.1398631432761517,,arrive_dest
1780,fresh,0,fresh,,,0,0.0,0,0,0,0,0,10.0,5.0,5.0,20.0,0,178,3.042318105697632,0.02041360522421558,,out_of_road
1781,fresh,0,fresh,,,0,0.0,0,0,0,0,0,10.0,5.0,5.0,20.0,0,38,-0.10251014679670334,0.0014804319331520482,,out_of_road
1782,fresh,0,fresh,,,0,0.0,0,0,0,0,0,10.0,5.0,5.0,20.0,0,236,4.338137626647949,0.029994435140752566,,out_of_road
1783,fresh,0,fresh,,,0,0.0,0,0,0,0,0,10.0,5.0,5.0,20.0,0,683,14.87055778503418,0.11542667183407349,,arrive_dest
1784,fresh,0,fresh,,,0,0.0,0,0,0,0,0,10.0,5.0,5.0,20.0,0,373,8.008769989013672,0.04649422715115923,,out_of_road
1785,fresh,0,fresh,,,0,0.0,0,0,0,0,0,10.0,5.0,5.0,20.0,0,640,17.049152374267578,0.09080554121974274,,arrive_dest
1786,fresh,0,fresh,,,0,0.0,0,0,0,0,0,10.0,5.0,5.0,20.0,0,283,7.276455879211426,0.08897593277819166,,arrive_dest
1787,fresh,0,fresh,,,0,0.0,0,0,0,0,0,10.0,5.0,5.0,20.0,0,534,11.732805252075195,0.03666938056651335,,out_of_road
1788,fresh,0,fresh,,,0,0.0,0,0,0,0,0,10.0,5.0,5.0,20.0,0,303,6.5751051902771,0.035899658232509304,,out_of_road
1789,fresh,0,fresh,,,0,0.0,0,0,0,0,0,10.0,5.0,5.0,20.0,0,102,1.8901002407073975,0.020506657459133982,,arrive_dest
1790,fresh,0,fresh,,,0,0.0,0,0,0,0,0,10.0,5.0,5.0,20.0,0,40,0.22712114453315735,0.09363261822145433,,out_of_road
1791,fresh,0,fresh,,,0,0.0,0,0,0,0,0,10.0,5.0,5.0,20.0,0,1000,0.0005146205076016486,0.00014246293902397156,,max_step
1792,fresh,0,fresh,,,0,0.0,0,0,0,0,0,10.0,5.0,5.0,20.0,0,158,2.96760630607605,0.036437254752728,,out_of_road
1793,fresh,0,fresh,,,0,0.0,0,0,0,0,0,10.0,5.0,5.0,20.0,0,723,17.354629516601562,0.08367856165953239,,arrive_dest
1794,fresh,0,fresh,,,0,0.0,0,0,0,0,0,10.0,5.0,5.0,20.0,0,865,20.582292556762695,0.08547737503833423,,arrive_dest
1795,fresh,0,fresh,,,0,0.0,0,0,0,0,0,10.0,5.0,5.0,20.0,0,108,1.5642985105514526,0.00772916006476239,,out_of_road
1796,fresh,0,fresh,,,0,0.0,0,0,0,0,0,10.0,5.0,5.0,20.0,0,833,20.11946678161621,0.05879701720215246,,out_of_road
1797,fresh,0,fresh,,,0,0.0,0,0,0,0,0,10.0,5.0,5.0,20.0,0,692,17.399524688720703,0.09266185035762199,,arrive_dest
1798,fresh,0,fresh,,,0,0.0,0,0,0,0,0,10.0,5.0,5.0,20.0,0,564,13.812603950500488,0.060663146783386405,,arrive_dest
1799,fresh,0,fresh,,,0,0.0,0,0,0,0,0,10.0,5.0,5.0,20.0,0,705,17.89388656616211,0.13411174786032726,,out_of_road
1800,fresh,0,fresh,,,0,0.0,0,0,0,0,0,10.0,5.0,5.0,20.0,0,346,8.000345230102539,0.053494544578683356,,out_of_road
1801,fresh,0,fresh,,,0,0.0,0,0,0,0,0,10.0,5.0,5.0,20.0,0,172,3.05191707611084,0.031277261955966786,,out_of_road
1802,fresh,0,fresh,,,0,0.0,0,0,0,0,0,10.0,5.0,5.0,20.0,0,414,9.494256019592285,0.0375543472363843,,out_of_road
1803,fresh,0,fresh,,,0,0.0,0,0,0,0,0,10.0,5.0,5.0,20.0,0,118,1.6707035303115845,0.01649180824978877,,out_of_road
1804,fresh,0,fresh,,,0,0.0,0,0,0,0,0,10.0,5.0,5.0,20.0,0,239,5.508161544799805,0.05375807823917232,,arrive_dest
1805,fresh,0,fresh,,,0,0.0,0,0,0,0,0,10.0,5.0,5.0,20.0,0,105,1.4750268459320068,0.010288183565162833,,out_of_road
1806,fresh,0,fresh,,,0,0.0,0,0,0,0,0,10.0,5.0,5.0,20.0,0,49,0.30398911237716675,0.032935243686756155,,out_of_road
1807,fresh,0,fresh,,,0,0.0,0,0,0,0,0,10.0,5.0,5.0,20.0,0,123,1.6886303424835205,0.012685084533764095,,out_of_road
1808,fresh,0,fresh,,,0,0.0,0,0,0,0,0,10.0,5.0,5.0,20.0,0,1000,1.9393569231033325,0.003490810478106141,,max_step
1809,fresh,0,fresh,,,0,0.0,0,0,0,0,0,10.0,5.0,5.0,20.0,0,390,9.208423614501953,0.04809468512017375,,arrive_dest
1810,fresh,0,fresh,,,0,0.0,0,0,0,0,0,10.0,5.0,5.0,20.0,0,524,12.975433349609375,0.060938084624682816,,arrive_dest
1811,fresh,0,fresh,,,0,0.0,0,0,0,0,0,10.0,5.0,5.0,20.0,0,26,-0.06543263792991638,0.010360035758752089,,out_of_road
1812,fresh,0,fresh,,,0,0.0,0,0,0,0,0,10.0,5.0,5.0,20.0,0,50,0.2596377730369568,0.020038131847977637,,out_of_road
1813,fresh,0,fresh,,,0,0.0,0,0,0,0,0,10.0,5.0,5.0,20.0,0,768,17.477354049682617,0.08866369901155242,,arrive_dest
1814,fresh,0,fresh,,,0,0.0,0,0,0,0,0,10.0,5.0,5.0,20.0,0,221,4.3661956787109375,0.0241540343378464,,out_of_road
1815,fresh,0,fresh,,,0,0.0,0,0,0,0,0,10.0,5.0,5.0,20.0,0,369,8.49116039276123,0.09366080049819094,,out_of_road
1816,fresh,0,fresh,,,0,0.0,0,0,0,0,0,10.0,5.0,5.0,20.0,0,841,21.737821578979492,0.08460416266690235,,arrive_dest
1817,fresh,0,fresh,,,0,0.0,0,0,0,0,0,10.0,5.0,5.0,20.0,0,519,13.049698829650879,0.11946894687031591,,out_of_road
1818,fresh,0,fresh,,,0,0.0,0,0,0,0,0,10.0,5.0,5.0,20.0,0,609,14.0048189163208,0.06815061415813264,,arrive_dest
1819,fresh,0,fresh,,,0,0.0,0,0,0,0,0,10.0,5.0,5.0,20.0,0,1000,1.9315904378890991,0.0015666768420487642,,max_step
1820,fresh,0,fresh,,,0,0.0,0,0,0,0,0,10.0,5.0,5.0,20.0,0,21,0.3168012797832489,0.029919014090583437,,arrive_dest
1821,fresh,0,fresh,,,0,0.0,0,0,0,0,0,10.0,5.0,5.0,20.0,0,456,10.805425643920898,0.06773554199689738,,out_of_road
1822,fresh,0,fresh,,,0,0.0,0,0,0,0,0,10.0,5.0,5.0,20.0,0,322,7.255871772766113,0.06352185875883107,,out_of_road
1823,fresh,0,fresh,,,0,0.0,0,0,0,0,0,10.0,5.0,5.0,20.0,0,814,21.33246612548828,0.10383903791330508,,arrive_dest
1824,fresh,0,fresh,,,0,0.0,0,0,0,0,0,10.0,5.0,5.0,20.0,0,251,5.669801712036133,0.09333805138415906,,out_of_road
1825,fresh,0,fresh,,,0,0.0,0,0,0,0,0,10.0,5.0,5.0,20.0,0,661,16.698627471923828,0.05474031198545783,,arrive_dest
1826,fresh,0,fresh,,,0,0.0,0,0,0,0,0,10.0,5.0,5.0,20.0,0,532,12.175149917602539,0.05700604870995941,,out_of_road
1827,fresh,0,fresh,,,0,0.0,0,0,0,0,0,10.0,5.0,5.0,20.0,0,401,9.209033012390137,0.07671400976652962,,arrive_dest
1828,fresh,0,fresh,,,0,0.0,0,0,0,0,0,10.0,5.0,5.0,20.0,0,455,10.642428398132324,0.07458070980303072,,out_of_road
1829,fresh,0,fresh,,,0,0.0,0,0,0,0,0,10.0,5.0,5.0,20.0,0,200,3.109508991241455,0.04406830568797886,,out_of_road
1830,fresh,0,fresh,,,0,0.0,0,0,0,0,0,10.0,5.0,5.0,20.0,0,2,0.22924691438674927,0.0,,arrive_dest
1831,fresh,0,fresh,,,0,0.0,0,0,0,0,0,10.0,5.0,5.0,20.0,0,232,5.475109100341797,0.0511003576945674,,out_of_road
1832,fresh,0,fresh,,,0,0.0,0,0,0,0,0,10.0,5.0,5.0,20.0,0,185,4.017129898071289,0.046914872821621795,,out_of_road
1833,fresh,0,fresh,,,0,0.0,0,0,0,0,0,10.0,5.0,5.0,20.0,0,661,15.44389820098877,0.11013236122329842,,arrive_dest
1834,fresh,0,fresh,,,0,0.0,0,0,0,0,0,10.0,5.0,5.0,20.0,0,114,1.6600589752197266,0.014399846121178646,,out_of_road
1835,fresh,0,fresh,,,0,0.0,0,0,0,0,0,10.0,5.0,5.0,20.0,0,304,6.689571857452393,0.09064355341864652,,out_of_road
1836,fresh,0,fresh,,,0,0.0,0,0,0,0,0,10.0,5.0,5.0,20.0,0,514,10.815342903137207,0.08758286747842273,,out_of_road
1837,fresh,0,fresh,,,0,0.0,0,0,0,0,0,10.0,5.0,5.0,20.0,0,98,1.296158790588379,0.028466674964874983,,out_of_road
1838,fresh,0,fresh,,,0,0.0,0,0,0,0,0,10.0,5.0,5.0,20.0,0,218,4.213452339172363,0.03536864763570078,,out_of_road
1839,fresh,0,fresh,,,0,0.0,0,0,0,0,0,10.0,5.0,5.0,20.0,0,103,2.165334463119507,0.037287767976522446,,arrive_dest
1840,fresh,0,fresh,,,0,0.0,0,0,0,0,0,10.0,5.0,5.0,20.0,0,114,1.545422911643982,0.014049341150543146,,out_of_road
1841,fresh,0,fresh,,,0,0.0,0,0,0,0,0,10.0,5.0,5.0,20.0,0,296,7.132466793060303,0.08150365734252625,,out_of_road
1842,fresh,0,fresh,,,0,0.0,0,0,0,0,0,10.0,5.0,5.0,20.0,0,980,24.988344192504883,0.12110029554887845,,arrive_dest
1843,fresh,0,fresh,,,0,0.0,0,0,0,0,0,10.0,5.0,5.0,20.0,0,41,0.059449195861816406,0.015049533146183664,,out_of_road
1844,fresh,0,fresh,,,0,0.0,0,0,0,0,0,10.0,5.0,5.0,20.0,0,528,12.57552433013916,0.07850502306202102,,out_of_road
1845,fresh,0,fresh,,,0,0.0,0,0,0,0,0,10.0,5.0,5.0,20.0,0,205,4.1977620124816895,0.033333573174640176,,out_of_road
1846,fresh,0,fresh,,,0,0.0,0,0,0,0,0,10.0,5.0,5.0,20.0,0,1000,5.364339828491211,0.014358066150918603,,max_step
1847,fresh,0,fresh,,,0,0.0,0,0,0,0,0,10.0,5.0,5.0,20.0,0,94,1.3182584047317505,0.03165009116971905,,out_of_road
1848,fresh,0,fresh,,,0,0.0,0,0,0,0,0,10.0,5.0,5.0,20.0,0,21,-0.10824944078922272,0.0,,out_of_road
1849,fresh,0,fresh,,,0,0.0,0,0,0,0,0,10.0,5.0,5.0,20.0,0,326,6.623244762420654,0.0499714796597058,,arrive_dest
1850,fresh,0,fresh,,,0,0.0,0,0,0,0,0,10.0,5.0,5.0,20.0,0,850,22.959314346313477,0.11405917623792501,,arrive_dest
1851,fresh,0,fresh,,,0,0.0,0,0,0,0,0,10.0,5.0,5.0,20.0,0,521,12.28085708618164,0.08771308485821655,,arrive_dest
1852,fresh,0,fresh,,,0,0.0,0,0,0,0,0,10.0,5.0,5.0,20.0,0,278,5.21957540512085,0.037713735431379125,,arrive_dest
1853,fresh,0,fresh,,,0,0.0,0,0,0,0,0,10.0,5.0,5.0,20.0,0,182,3.932551383972168,0.035194721042209276,,out_of_road
1854,fresh,0,fresh,,,0,0.0,0,0,0,0,0,10.0,5.0,5.0,20.0,0,197,4.335941314697266,0.047782717409737524,,arrive_dest
1855,fresh,0,fresh,,,0,0.0,0,0,0,0,0,10.0,5.0,5.0,20.0,0,332,6.367204666137695,0.05066517503449626,,arrive_dest
1856,fresh,0,fresh,,,0,0.0,0,0,0,0,0,10.0,5.0,5.0,20.0,0,77,0.8925345540046692,0.014532937511027633,,out_of_road
1857,fresh,0,fresh,,,0,0.0,0,0,0,0,0,10.0,5.0,5.0,20.0,0,115,1.596464991569519,0.03496963461941999,,out_of_road
1858,fresh,0,fresh,,,0,0.0,0,0,0,0,0,10.0,5.0,5.0,20.0,0,626,15.767166137695312,0.06425017004344648,,arrive_dest
1859,fresh,0,fresh,,,0,0.0,0,0,0,0,0,10.0,5.0,5.0,20.0,0,121,1.9367198944091797,0.01437434616059927,,out_of_road
1860,fresh,0,fresh,,,0,0.0,0,0,0,0,0,10.0,5.0,5.0,20.0,0,22,-0.1077190712094307,0.0646974520588463,,out_of_road
1861,fresh,0,fresh,,,0,0.0,0,0,0,0,0,10.0,5.0,5.0,20.0,0,220,5.330904483795166,0.04085580340946432,,out_of_road
1862,fresh,0,fresh,,,0,0.0,0,0,0,0,0,10.0,5.0,5.0,20.0,0,449,10.401888847351074,0.06777210049497126,,arrive_dest
1863,fresh,0,fresh,,,0,0.0,0,0,0,0,0,10.0,5.0,5.0,20.0,0,592,13.328312873840332,0.09332264395040535,,arrive_dest
1864,fresh,0,fresh,,,0,0.0,0,0,0,0,0,10.0,5.0,5.0,20.0,0,305,6.9364213943481445,0.04851864665807759,,out_of_road
1865,fresh,0,fresh,,,0,0.0,0,0,0,0,0,10.0,5.0,5.0,20.0,0,497,10.040902137756348,0.07639385763859335,,arrive_dest
1866,fresh,0,fresh,,,0,0.0,0,0,0,0,0,10.0,5.0,5.0,20.0,0,453,11.16124153137207,0.08726812081892561,,arrive_dest
1867,fresh,0,fresh,,,0,0.0,0,0,0,0,0,10.0,5.0,5.0,20.0,0,32,-0.12701719999313354,0.010192066780291498,,out_of_road
1868,fresh,0,fresh,,,0,0.0,0,0,0,0,0,10.0,5.0,5.0,20.0,0,484,10.97287654876709,0.13355984523977069,,out_of_road
1869,fresh,0,fresh,,,0,0.0,0,0,0,0,0,10.0,5.0,5.0,20.0,0,514,12.326129913330078,0.08856962518114234,,arrive_dest
1870,fresh,0,fresh,,,0,0.0,0,0,0,0,0,10.0,5.0,5.0,20.0,0,642,16.155052185058594,0.06454654080928172,,arrive_dest
1871,fresh,0,fresh,,,0,0.0,0,0,0,0,0,10.0,5.0,5.0,20.0,0,506,12.972217559814453,0.11544398601413539,,out_of_road
1872,fresh,0,fresh,,,0,0.0,0,0,0,0,0,10.0,5.0,5.0,20.0,0,241,5.4776201248168945,0.0663018310481211,,out_of_road
1873,fresh,0,fresh,,,0,0.0,0,0,0,0,0,10.0,5.0,5.0,20.0,0,374,8.191025733947754,0.06117241774601015,,out_of_road
1874,fresh,0,fresh,,,0,0.0,0,0,0,0,0,10.0,5.0,5.0,20.0,0,42,0.5999575257301331,0.025774016821136076,,arrive_dest
1875,fresh,0,fresh,,,0,0.0,0,0,0,0,0,10.0,5.0,5.0,20.0,0,630,14.02873706817627,0.06465230267347088,,arrive_dest
1876,fresh,0,fresh,,,0,0.0,0,0,0,0,0,10.0,5.0,5.0,20.0,0,243,5.037329196929932,0.05701426016607555,,out_of_road
1877,fresh,0,fresh,,,0,0.0,0,0,0,0,0,10.0,5.0,5.0,20.0,0,158,3.0735256671905518,0.022161462355281308,,out_of_road
1878,fresh,0,fresh,,,0,0.0,0,0,0,0,0,10.0,5.0,5.0,20.0,0,658,16.486053466796875,0.11502344813480928,,out_of_road
1879,fresh,0,fresh,,,0,0.0,0,0,0,0,0,10.0,5.0,5.0,20.0,0,233,4.547861099243164,0.058175833132357815,,out_of_road
1880,fresh,0,fresh,,,0,0.0,0,0,0,0,0,10.0,5.0,5.0,20.0,0,373,8.438993453979492,0.06633427035782596,,out_of_road
1881,fresh,0,fresh,,,0,0.0,0,0,0,0,0,10.0,5.0,5.0,20.0,0,354,8.529683113098145,0.06197363825246566,,arrive_dest
1882,fresh,0,fresh,,,0,0.0,0,0,0,0,0,10.0,5.0,5.0,20.0,0,1000,23.422649383544922,0.0783266144474037,,max_step
1883,fresh,0,fresh,,,0,0.0,0,0,0,0,0,10.0,5.0,5.0,20.0,0,247,5.719534397125244,0.06135046157065915,,out_of_road
1884,fresh,0,fresh,,,0,0.0,0,0,0,0,0,10.0,5.0,5.0,20.0,0,314,6.820606708526611,0.04924642648636868,,arrive_dest
1885,fresh,0,fresh,,,0,0.0,0,0,0,0,0,10.0,5.0,5.0,20.0,0,421,9.388649940490723,0.05148371610892251,,out_of_road
1886,fresh,0,fresh,,,0,0.0,0,0,0,0,0,10.0,5.0,5.0,20.0,0,359,9.449637413024902,0.0731040280400503,,arrive_dest
1887,fresh,0,fresh,,,0,0.0,0,0,0,0,0,10.0,5.0,5.0,20.0,0,365,8.270672798156738,0.06476193866501116,,out_of_road
1888,fresh,0,fresh,,,0,0.0,0,0,0,0,0,10.0,5.0,5.0,20.0,0,490,12.634848594665527,0.07805221866892309,,arrive_dest
1889,fresh,0,fresh,,,0,0.0,0,0,0,0,0,10.0,5.0,5.0,20.0,0,276,4.899649620056152,0.03504968478101427,,arrive_dest
1890,fresh,0,fresh,,,0,0.0,0,0,0,0,0,10.0,5.0,5.0,20.0,0,230,5.325401306152344,0.046718310451377996,,arrive_dest
1891,fresh,0,fresh,,,0,0.0,0,0,0,0,0,10.0,5.0,5.0,20.0,0,120,1.9230525493621826,0.012467041549583276,,out_of_road
1892,fresh,0,fresh,,,0,0.0,0,0,0,0,0,10.0,5.0,5.0,20.0,0,296,6.54334831237793,0.08229187259928801,,arrive_dest
1893,fresh,0,fresh,,,0,0.0,0,0,0,0,0,10.0,5.0,5.0,20.0,0,468,11.505884170532227,0.07010833321847658,,arrive_dest
1894,fresh,0,fresh,,,0,0.0,0,0,0,0,0,10.0,5.0,5.0,20.0,0,97,1.3847925662994385,0.011553072658626689,,out_of_road
1895,fresh,0,fresh,,,0,0.0,0,0,0,0,0,10.0,5.0,5.0,20.0,0,1000,0.15807515382766724,0.00018907996267080308,,max_step
1896,fresh,0,fresh,,,0,0.0,0,0,0,0,0,10.0,5.0,5.0,20.0,0,517,12.723403930664062,0.07918474255526002,,arrive_dest
1897,fresh,0,fresh,,,0,0.0,0,0,0,0,0,10.0,5.0,5.0,20.0,0,490,12.099308013916016,0.04555025537669354,,arrive_dest
1898,fresh,0,fresh,,,0,0.0,0,0,0,0,0,10.0,5.0,5.0,20.0,0,351,8.389517784118652,0.06914151121896726,,arrive_dest
1899,fresh,0,fresh,,,0,0.0,0,0,0,0,0,10.0,5.0,5.0,20.0,0,125,1.9198060035705566,0.012572586938738823,,out_of_road
1900,fresh,0,fresh,,,0,0.0,0,0,0,0,0,10.0,5.0,5.0,20.0,0,739,18.451026916503906,0.06129669169885899,,arrive_dest
1901,fresh,0,fresh,,,0,0.0,0,0,0,0,0,10.0,5.0,5.0,20.0,0,187,3.925752639770508,0.03856322828700198,,out_of_road
1902,fresh,0,fresh,,,0,0.0,0,0,0,0,0,10.0,5.0,5.0,20.0,0,408,9.184344291687012,0.13527527104066822,,out_of_road
1903,fresh,0,fresh,,,0,0.0,0,0,0,0,0,10.0,5.0,5.0,20.0,0,139,3.1640706062316895,0.055575405706470606,,arrive_dest
1904,fresh,0,fresh,,,0,0.0,0,0,0,0,0,10.0,5.0,5.0,20.0,0,111,1.5071487426757812,0.02483007070180532,,out_of_road
1905,fresh,0,fresh,,,0,0.0,0,0,0,0,0,10.0,5.0,5.0,20.0,0,304,6.8596577644348145,0.060321101638500726,,out_of_road
1906,fresh,0,fresh,,,0,0.0,0,0,0,0,0,10.0,5.0,5.0,20.0,0,217,5.2469072341918945,0.05803643846841452,,out_of_road
1907,fresh,0,fresh,,,0,0.0,0,0,0,0,0,10.0,5.0,5.0,20.0,0,594,14.461277961730957,0.08526454354449793,,arrive_dest
1908,fresh,0,fresh,,,0,0.0,0,0,0,0,0,10.0,5.0,5.0,20.0,0,357,8.614479064941406,0.13441314003352045,,out_of_road
1909,fresh,0,fresh,,,0,0.0,0,0,0,0,0,10.0,5.0,5.0,20.0,0,525,13.450562477111816,0.10762206973330606,,out_of_road
1910,fresh,0,fresh,,,0,0.0,0,0,0,0,0,10.0,5.0,5.0,20.0,0,134,2.185206890106201,0.00873656291514635,,arrive_dest
1911,fresh,0,fresh,,,0,0.0,0,0,0,0,0,10.0,5.0,5.0,20.0,0,302,6.8919453620910645,0.06686533825928408,,out_of_road
1912,fresh,0,fresh,,,0,0.0,0,0,0,0,0,10.0,5.0,5.0,20.0,0,273,7.05726957321167,0.12475762375026614,,out_of_road
1913,fresh,0,fresh,,,0,0.0,0,0,0,0,0,10.0,5.0,5.0,20.0,0,508,12.091136932373047,0.05445728694110757,,arrive_dest
1914,fresh,0,fresh,,,0,0.0,0,0,0,0,0,10.0,5.0,5.0,20.0,0,196,4.251969814300537,0.041594337828799476,,out_of_road
1915,fresh,0,fresh,,,0,0.0,0,0,0,0,0,10.0,5.0,5.0,20.0,0,652,16.37413215637207,0.08560804834380814,,arrive_dest
1916,fresh,0,fresh,,,0,0.0,0,0,0,0,0,10.0,5.0,5.0,20.0,0,247,5.714637756347656,0.06016282752902824,,out_of_road
1917,fresh,0,fresh,,,0,0.0,0,0,0,0,0,10.0,5.0,5.0,20.0,0,228,5.3257670402526855,0.060201108263674794,,arrive_dest
1918,fresh,0,fresh,,,0,0.0,0,0,0,0,0,10.0,5.0,5.0,20.0,0,569,13.668546676635742,0.1362478929524341,,out_of_road
1919,fresh,0,fresh,,,0,0.0,0,0,0,0,0,10.0,5.0,5.0,20.0,0,684,16.08592987060547,0.06469580745501498,,out_of_road
1920,fresh,0,fresh,,,0,0.0,0,0,0,0,0,10.0,5.0,5.0,20.0,0,343,8.520233154296875,0.058009737619245015,,arrive_dest
1921,fresh,0,fresh,,,0,0.0,0,0,0,0,0,10.0,5.0,5.0,20.0,0,646,14.904719352722168,0.05722555291554934,,out_of_road
1922,fresh,0,fresh,,,0,0.0,0,0,0,0,0,10.0,5.0,5.0,20.0,0,859,21.67426300048828,0.07898994180811862,,arrive_dest
1923,fresh,0,fresh,,,0,0.0,0,0,0,0,0,10.0,5.0,5.0,20.0,0,2,0.22874599695205688,0.0,,arrive_dest
1924,fresh,0,fresh,,,0,0.0,0,0,0,0,0,10.0,5.0,5.0,20.0,0,49,0.38575100898742676,0.04468393478333494,,out_of_road
1925,fresh,0,fresh,,,0,0.0,0,0,0,0,0,10.0,5.0,5.0,20.0,0,144,3.046522617340088,0.083762761819849,,arrive_dest
1926,fresh,0,fresh,,,0,0.0,0,0,0,0,0,10.0,5.0,5.0,20.0,0,207,5.086026668548584,0.07731184002533915,,out_of_road
1927,fresh,0,fresh,,,0,0.0,0,0,0,0,0,10.0,5.0,5.0,20.0,0,153,2.8106045722961426,0.025610277182696498,,out_of_road
1928,fresh,0,fresh,,,0,0.0,0,0,0,0,0,10.0,5.0,5.0,20.0,0,600,13.405126571655273,0.06970880281335363,,arrive_dest
1929,fresh,0,fresh,,,0,0.0,0,0,0,0,0,10.0,5.0,5.0,20.0,0,222,5.552168369293213,0.06472209969384445,,arrive_dest
1930,fresh,0,fresh,,,0,0.0,0,0,0,0,0,10.0,5.0,5.0,20.0,0,95,1.658393383026123,0.025418810144458945,,arrive_dest
1931,fresh,0,fresh,,,0,0.0,0,0,0,0,0,10.0,5.0,5.0,20.0,0,228,5.280782222747803,0.06715340453216381,,out_of_road
1932,fresh,0,fresh,,,0,0.0,0,0,0,0,0,10.0,5.0,5.0,20.0,0,164,3.1305744647979736,0.03425513102286836,,out_of_road
1933,fresh,0,fresh,,,0,0.0,0,0,0,0,0,10.0,5.0,5.0,20.0,0,197,5.24293327331543,0.05183507441093928,,arrive_dest
1934,fresh,0,fresh,,,0,0.0,0,0,0,0,0,10.0,5.0,5.0,20.0,0,801,19.352645874023438,0.11908083955975908,,arrive_dest
1935,fresh,0,fresh,,,0,0.0,0,0,0,0,0,10.0,5.0,5.0,20.0,0,437,8.687644004821777,0.06141297569822358,,arrive_dest
1936,fresh,0,fresh,,,0,0.0,0,0,0,0,0,10.0,5.0,5.0,20.0,0,552,13.463735580444336,0.06823845250545528,,arrive_dest
1937,fresh,0,fresh,,,0,0.0,0,0,0,0,0,10.0,5.0,5.0,20.0,0,1000,8.902100563049316,0.04681829669512808,,max_step
1938,fresh,0,fresh,,,0,0.0,0,0,0,0,0,10.0,5.0,5.0,20.0,0,47,0.2442714273929596,0.009011776206341195,,out_of_road
1939,fresh,0,fresh,,,0,0.0,0,0,0,0,0,10.0,5.0,5.0,20.0,0,616,15.288910865783691,0.09480341938294035,,arrive_dest
1940,fresh,0,fresh,,,0,0.0,0,0,0,0,0,10.0,5.0,5.0,20.0,0,365,8.182051658630371,0.06264612844520032,,arrive_dest
1941,fresh,0,fresh,,,0,0.0,0,0,0,0,0,10.0,5.0,5.0,20.0,0,670,16.164316177368164,0.12868981274234048,,out_of_road
1942,fresh,0,fresh,,,0,0.0,0,0,0,0,0,10.0,5.0,5.0,20.0,0,50,0.30752697587013245,0.018307160250842572,,out_of_road
1943,fresh,0,fresh,,,0,0.0,0,0,0,0,0,10.0,5.0,5.0,20.0,0,102,1.3521186113357544,0.011237466561735845,,out_of_road
1944,fresh,0,fresh,,,0,0.0,0,0,0,0,0,10.0,5.0,5.0,20.0,0,355,8.780500411987305,0.07163478062475022,,arrive_dest
1945,fresh,0,fresh,,,0,0.0,0,0,0,0,0,10.0,5.0,5.0,20.0,0,761,19.128894805908203,0.07519801026759375,,arrive_dest
1946,fresh,0,fresh,,,0,0.0,0,0,0,0,0,10.0,5.0,5.0,20.0,0,1000,0.00043542575440369546,0.0003097977042198181,,max_step
1947,fresh,0,fresh,,,0,0.0,0,0,0,0,0,10.0,5.0,5.0,20.0,0,1000,-0.0027974010445177555,0.0,,max_step
1948,fresh,0,fresh,,,0,0.0,0,0,0,0,0,10.0,5.0,5.0,20.0,0,312,6.803486347198486,0.07106920360969618,,out_of_road
1949,fresh,0,fresh,,,0,0.0,0,0,0,0,0,10.0,5.0,5.0,20.0,0,926,23.837854385375977,0.09519888511658989,,arrive_dest
1950,fresh,0,fresh,,,0,0.0,0,0,0,0,0,10.0,5.0,5.0,20.0,0,579,13.773797035217285,0.05420032477432368,,out_of_road
1951,fresh,0,fresh,,,0,0.0,0,0,0,0,0,10.0,5.0,5.0,20.0,0,394,9.531686782836914,0.1258901985702554,,out_of_road
1952,fresh,0,fresh,,,0,0.0,0,0,0,0,0,10.0,5.0,5.0,20.0,0,50,0.2920607328414917,0.026261147446930408,,out_of_road
1953,fresh,0,fresh,,,0,0.0,0,0,0,0,0,10.0,5.0,5.0,20.0,0,86,1.680551528930664,0.0344120382309653,,arrive_dest
1954,fresh,0,fresh,,,0,0.0,0,0,0,0,0,10.0,5.0,5.0,20.0,0,819,20.267309188842773,0.059355943319467336,,out_of_road
1955,fresh,0,fresh,,,0,0.0,0,0,0,0,0,10.0,5.0,5.0,20.0,0,351,7.686892986297607,0.05850893383556473,,arrive_dest
1956,fresh,0,fresh,,,0,0.0,0,0,0,0,0,10.0,5.0,5.0,20.0,0,671,15.372092247009277,0.10517350074435389,,arrive_dest
1957,fresh,0,fresh,,,0,0.0,0,0,0,0,0,10.0,5.0,5.0,20.0,0,548,12.696941375732422,0.10798456958566459,,out_of_road
1958,fresh,0,fresh,,,0,0.0,0,0,0,0,0,10.0,5.0,5.0,20.0,0,365,8.271561622619629,0.061528308509708675,,out_of_road
1959,fresh,0,fresh,,,0,0.0,0,0,0,0,0,10.0,5.0,5.0,20.0,0,23,-0.1400405615568161,0.0,,out_of_road
1960,fresh,0,fresh,,,0,0.0,0,0,0,0,0,10.0,5.0,5.0,20.0,0,416,11.010712623596191,0.08165536400785921,,arrive_dest
1961,fresh,0,fresh,,,0,0.0,0,0,0,0,0,10.0,5.0,5.0,20.0,0,323,7.327977657318115,0.0852374724255177,,out_of_road
1962,fresh,0,fresh,,,0,0.0,0,0,0,0,0,10.0,5.0,5.0,20.0,0,430,9.604788780212402,0.1127437449276967,,out_of_road
1963,fresh,0,fresh,,,0,0.0,0,0,0,0,0,10.0,5.0,5.0,20.0,0,387,9.710391998291016,0.03877076507637455,,arrive_dest
1964,fresh,0,fresh,,,0,0.0,0,0,0,0,0,10.0,5.0,5.0,20.0,0,101,1.284950613975525,0.023575605142234574,,out_of_road
1965,fresh,0,fresh,,,0,0.0,0,0,0,0,0,10.0,5.0,5.0,20.0,0,492,11.365384101867676,0.07294602030074239,,arrive_dest
1966,fresh,0,fresh,,,0,0.0,0,0,0,0,0,10.0,5.0,5.0,20.0,0,249,6.063686370849609,0.06958683072608039,,arrive_dest
1967,fresh,0,fresh,,,0,0.0,0,0,0,0,0,10.0,5.0,5.0,20.0,0,357,8.564230918884277,0.10850477974120976,,out_of_road
1968,fresh,0,fresh,,,0,0.0,0,0,0,0,0,10.0,5.0,5.0,20.0,0,589,12.84345817565918,0.03166540121858867,,out_of_road
1969,fresh,0,fresh,,,0,0.0,0,0,0,0,0,10.0,5.0,5.0,20.0,0,298,6.645053863525391,0.04037313022644528,,out_of_road
1970,fresh,0,fresh,,,0,0.0,0,0,0,0,0,10.0,5.0,5.0,20.0,0,250,4.9024176597595215,0.057077539566904305,,out_of_road
1971,fresh,0,fresh,,,0,0.0,0,0,0,0,0,10.0,5.0,5.0,20.0,0,195,2.7284607887268066,0.014159709243223262,,out_of_road
1972,fresh,0,fresh,,,0,0.0,0,0,0,0,0,10.0,5.0,5.0,20.0,0,153,3.155313014984131,0.06642765493978278,,arrive_dest
1973,fresh,0,fresh,,,0,0.0,0,0,0,0,0,10.0,5.0,5.0,20.0,0,337,8.286200523376465,0.09100149121019403,,arrive_dest
1974,fresh,0,fresh,,,0,0.0,0,0,0,0,0,10.0,5.0,5.0,20.0,0,239,3.925931215286255,0.02121446819422634,,out_of_road
1975,fresh,0,fresh,,,0,0.0,0,0,0,0,0,10.0,5.0,5.0,20.0,0,98,1.1667108535766602,0.008686844739416728,,out_of_road
1976,fresh,0,fresh,,,0,0.0,0,0,0,0,0,10.0,5.0,5.0,20.0,0,113,1.808540940284729,0.016752028306204397,,out_of_road
1977,fresh,0,fresh,,,0,0.0,0,0,0,0,0,10.0,5.0,5.0,20.0,0,191,4.3372087478637695,0.04964837894155717,,arrive_dest
1978,fresh,0,fresh,,,0,0.0,0,0,0,0,0,10.0,5.0,5.0,20.0,0,494,11.999574661254883,0.06837821095618174,,arrive_dest
1979,fresh,0,fresh,,,0,0.0,0,0,0,0,0,10.0,5.0,5.0,20.0,0,392,9.887622833251953,0.09857523067508663,,arrive_dest
1980,fresh,0,fresh,,,0,0.0,0,0,0,0,0,10.0,5.0,5.0,20.0,0,577,14.622462272644043,0.11614666104420013,,out_of_road
1981,fresh,0,fresh,,,0,0.0,0,0,0,0,0,10.0,5.0,5.0,20.0,0,722,17.346923828125,0.06284088523861103,,arrive_dest
1982,fresh,0,fresh,,,0,0.0,0,0,0,0,0,10.0,5.0,5.0,20.0,0,428,8.75832748413086,0.046596438100639834,,out_of_road
1983,fresh,0,fresh,,,0,0.0,0,0,0,0,0,10.0,5.0,5.0,20.0,0,1000,0.0006469484651461244,0.0,,max_step
1984,fresh,0,fresh,,,0,0.0,0,0,0,0,0,10.0,5.0,5.0,20.0,0,703,18.32456398010254,0.09343019154473906,,arrive_dest
1985,fresh,0,fresh,,,0,0.0,0,0,0,0,0,10.0,5.0,5.0,20.0,0,535,14.655166625976562,0.12751237314420744,,arrive_dest
1986,fresh,0,fresh,,,0,0.0,0,0,0,0,0,10.0,5.0,5.0,20.0,0,236,5.337279796600342,0.05530839986404625,,out_of_road
1987,fresh,0,fresh,,,0,0.0,0,0,0,0,0,10.0,5.0,5.0,20.0,0,285,6.874741554260254,0.07700727465317438,,arrive_dest
1988,fresh,0,fresh,,,0,0.0,0,0,0,0,0,10.0,5.0,5.0,20.0,0,169,4.116438388824463,0.05138486269971675,,arrive_dest
1989,fresh,0,fresh,,,0,0.0,0,0,0,0,0,10.0,5.0,5.0,20.0,0,1000,4.3669915199279785,0.009558974824147299,,max_step
1990,fresh,0,fresh,,,0,0.0,0,0,0,0,0,10.0,5.0,5.0,20.0,0,182,2.8453357219696045,0.038032028174212015,,out_of_road
1991,fresh,0,fresh,,,0,0.0,0,0,0,0,0,10.0,5.0,5.0,20.0,0,85,1.0713146924972534,0.01421416822601767,,out_of_road
1992,fresh,0,fresh,,,0,0.0,0,0,0,0,0,10.0,5.0,5.0,20.0,0,487,11.016487121582031,0.11383086178945168,,out_of_road
1993,fresh,0,fresh,,,0,0.0,0,0,0,0,0,10.0,5.0,5.0,20.0,0,327,7.093067646026611,0.06468277366188233,,out_of_road
1994,fresh,0,fresh,,,0,0.0,0,0,0,0,0,10.0,5.0,5.0,20.0,0,1000,0.0007688917103223503,8.711042255163193e-05,,max_step
1995,fresh,0,fresh,,,0,0.0,0,0,0,0,0,10.0,5.0,5.0,20.0,0,145,2.5538768768310547,0.021923655188032267,,arrive_dest
1996,fresh,0,fresh,,,0,0.0,0,0,0,0,0,10.0,5.0,5.0,20.0,0,1000,0.0008144489256665111,0.0,,max_step
1997,fresh,0,fresh,,,0,0.0,0,0,0,0,0,10.0,5.0,5.0,20.0,0,574,14.352184295654297,0.11080194797970433,,out_of_road
1998,fresh,0,fresh,,,0,0.0,0,0,0,0,0,10.0,5.0,5.0,20.0,0,22,-0.10843467712402344,0.06757343526590955,,out_of_road
1999,fresh,0,fresh,,,0,0.0,0,0,0,0,0,10.0,5.0,5.0,20.0,0,1000,0.0009767101146280766,0.0,,max_step
2000,fresh,0,fresh,,,0,0.0,0,0,0,0,0,10.0,5.0,5.0,20.0,0,503,12.03354263305664,0.07130853302552778,,arrive_dest
2001,fresh,0,fresh,,,0,0.0,0,0,0,0,0,10.0,5.0,5.0,20.0,0,608,12.916197776794434,0.06420654536620866,,arrive_dest
2002,fresh,0,fresh,,,0,0.0,0,0,0,0,0,10.0,5.0,5.0,20.0,0,186,3.2789552211761475,0.028015365143136312,,out_of_road
2003,fresh,0,fresh,,,0,0.0,0,0,0,0,0,10.0,5.0,5.0,20.0,0,871,22.7017765045166,0.12948943067975044,,out_of_road
2004,fresh,0,fresh,,,0,0.0,0,0,0,0,0,10.0,5.0,5.0,20.0,0,346,8.253066062927246,0.06625327071971718,,arrive_dest
2005,fresh,0,fresh,,,0,0.0,0,0,0,0,0,10.0,5.0,5.0,20.0,0,727,17.073570251464844,0.05379910083702846,,out_of_road
2006,fresh,0,fresh,,,0,0.0,0,0,0,0,0,10.0,5.0,5.0,20.0,0,50,0.3897010087966919,0.04765421897172928,,out_of_road
2007,fresh,0,fresh,,,0,0.0,0,0,0,0,0,10.0,5.0,5.0,20.0,0,303,7.5627923011779785,0.10086064906514222,,arrive_dest
2008,fresh,0,fresh,,,0,0.0,0,0,0,0,0,10.0,5.0,5.0,20.0,0,21,-0.10074350982904434,0.011366641592411767,,out_of_road
2009,fresh,0,fresh,,,0,0.0,0,0,0,0,0,10.0,5.0,5.0,20.0,0,399,9.086572647094727,0.09730141451418922,,out_of_road
2010,fresh,0,fresh,,,0,0.0,0,0,0,0,0,10.0,5.0,5.0,20.0,0,1000,2.2440271377563477,0.013041910149157048,,max_step
2011,fresh,0,fresh,,,0,0.0,0,0,0,0,0,10.0,5.0,5.0,20.0,0,51,0.38563045859336853,0.0611956432900008,,out_of_road
2012,fresh,0,fresh,,,0,0.0,0,0,0,0,0,10.0,5.0,5.0,20.0,0,370,7.568289756774902,0.06549045590784501,,arrive_dest
2013,fresh,0,fresh,,,0,0.0,0,0,0,0,0,10.0,5.0,5.0,20.0,0,483,12.104728698730469,0.07711846131952402,,arrive_dest
2014,fresh,0,fresh,,,0,0.0,0,0,0,0,0,10.0,5.0,5.0,20.0,0,1000,17.790651321411133,0.06362393649178558,,max_step
2015,fresh,0,fresh,,,0,0.0,0,0,0,0,0,10.0,5.0,5.0,20.0,0,93,1.2173601388931274,0.026067854636298713,,out_of_road
2016,fresh,0,fresh,,,0,0.0,0,0,0,0,0,10.0,5.0,5.0,20.0,0,361,8.258017539978027,0.0812893321252637,,out_of_road
2017,fresh,0,fresh,,,0,0.0,0,0,0,0,0,10.0,5.0,5.0,20.0,0,1000,0.00047050201101228595,0.0,,max_step
2018,fresh,0,fresh,,,0,0.0,0,0,0,0,0,10.0,5.0,5.0,20.0,0,876,20.986841201782227,0.06825851910794366,,out_of_road
2019,fresh,0,fresh,,,0,0.0,0,0,0,0,0,10.0,5.0,5.0,20.0,0,586,14.400410652160645,0.06333072434073003,,arrive_dest
2020,fresh,0,fresh,,,0,0.0,0,0,0,0,0,10.0,5.0,5.0,20.0,0,296,7.331435203552246,0.0648126343022906,,out_of_road
2021,fresh,0,fresh,,,0,0.0,0,0,0,0,0,10.0,5.0,5.0,20.0,0,100,1.541296362876892,0.015394203430041671,,out_of_road
2022,fresh,0,fresh,,,0,0.0,0,0,0,0,0,10.0,5.0,5.0,20.0,0,410,8.989046096801758,0.08009960120032746,,out_of_road
2023,fresh,0,fresh,,,0,0.0,0,0,0,0,0,10.0,5.0,5.0,20.0,0,1000,6.771204471588135,0.038738448910415176,,max_step
2024,fresh,0,fresh,,,0,0.0,0,0,0,0,0,10.0,5.0,5.0,20.0,0,305,7.541321754455566,0.1052232720415856,,out_of_road
2025,fresh,0,fresh,,,0,0.0,0,0,0,0,0,10.0,5.0,5.0,20.0,0,122,1.666332483291626,0.014284868648306269,,out_of_road
2026,fresh,0,fresh,,,0,0.0,0,0,0,0,0,10.0,5.0,5.0,20.0,0,1000,8.712425231933594,0.09149449112452566,,max_step
2027,fresh,0,fresh,,,0,0.0,0,0,0,0,0,10.0,5.0,5.0,20.0,0,119,1.6177570819854736,0.023487334108340138,,out_of_road
2028,fresh,0,fresh,,,0,0.0,0,0,0,0,0,10.0,5.0,5.0,20.0,0,424,9.17082691192627,0.11779750030123154,,out_of_road
2029,fresh,0,fresh,,,0,0.0,0,0,0,0,0,10.0,5.0,5.0,20.0,0,321,6.9339447021484375,0.05199062124306678,,out_of_road
2030,fresh,0,fresh,,,0,0.0,0,0,0,0,0,10.0,5.0,5.0,20.0,0,48,0.5668193697929382,0.026395268738269806,,arrive_dest
2031,fresh,0,fresh,,,0,0.0,0,0,0,0,0,10.0,5.0,5.0,20.0,0,516,11.998242378234863,0.06480030253459158,,arrive_dest
2032,fresh,0,fresh,,,0,0.0,0,0,0,0,0,10.0,5.0,5.0,20.0,0,360,7.291532039642334,0.046302870471522005,,out_of_road
2033,fresh,0,fresh,,,0,0.0,0,0,0,0,0,10.0,5.0,5.0,20.0,0,1000,16.636951446533203,0.07474476778600365,,max_step
2034,fresh,0,fresh,,,0,0.0,0,0,0,0,0,10.0,5.0,5.0,20.0,0,208,4.462992191314697,0.03533807606324375,,out_of_road
2035,fresh,0,fresh,,,0,0.0,0,0,0,0,0,10.0,5.0,5.0,20.0,0,104,1.535815954208374,0.019020044817947425,,out_of_road
2036,fresh,0,fresh,,,0,0.0,0,0,0,0,0,10.0,5.0,5.0,20.0,0,1000,7.968556880950928,0.04337483591429191,,max_step
2037,fresh,0,fresh,,,0,0.0,0,0,0,0,0,10.0,5.0,5.0,20.0,0,562,13.971231460571289,0.06753351538710535,,arrive_dest
2038,fresh,0,fresh,,,0,0.0,0,0,0,0,0,10.0,5.0,5.0,20.0,0,231,5.2556657791137695,0.0525030130318878,,out_of_road
2039,fresh,0,fresh,,,0,0.0,0,0,0,0,0,10.0,5.0,5.0,20.0,0,28,-0.015875115990638733,0.0007995313831738063,,out_of_road
2040,fresh,0,fresh,,,0,0.0,0,0,0,0,0,10.0,5.0,5.0,20.0,0,474,11.248795509338379,0.14324051319259978,,out_of_road
2041,fresh,0,fresh,,,0,0.0,0,0,0,0,0,10.0,5.0,5.0,20.0,0,378,8.790586471557617,0.13480670842842232,,out_of_road
2042,fresh,0,fresh,,,0,0.0,0,0,0,0,0,10.0,5.0,5.0,20.0,0,292,7.2459716796875,0.10825419704723235,,out_of_road
2043,fresh,0,fresh,,,0,0.0,0,0,0,0,0,10.0,5.0,5.0,20.0,0,1000,1.848034381866455,0.001994233096134849,,max_step
2044,fresh,0,fresh,,,0,0.0,0,0,0,0,0,10.0,5.0,5.0,20.0,0,159,1.9901350736618042,0.05516531167012997,,out_of_road
2045,fresh,0,fresh,,,0,0.0,0,0,0,0,0,10.0,5.0,5.0,20.0,0,461,10.8892240524292,0.07378202883744867,,arrive_dest
2046,fresh,0,fresh,,,0,0.0,0,0,0,0,0,10.0,5.0,5.0,20.0,0,237,5.6770100593566895,0.08720539160905885,,out_of_road
2047,fresh,0,fresh,,,0,0.0,0,0,0,0,0,10.0,5.0,5.0,20.0,0,410,9.267922401428223,0.04988319146015295,,out_of_road
2048,fresh,0,fresh,,,0,0.0,0,0,0,0,0,10.0,5.0,5.0,20.0,0,170,2.5780112743377686,0.030934917570694404,,out_of_road
2049,fresh,0,fresh,,,0,0.0,0,0,0,0,0,10.0,5.0,5.0,20.0,0,766,15.326698303222656,0.05687545909176705,,arrive_dest
2050,fresh,0,fresh,,,0,0.0,0,0,0,0,0,10.0,5.0,5.0,20.0,0,187,4.194527626037598,0.057859113903088684,,out_of_road
2051,fresh,0,fresh,,,0,0.0,0,0,0,0,0,10.0,5.0,5.0,20.0,0,117,1.6599456071853638,0.015517468190091288,,out_of_road
2052,fresh,0,fresh,,,0,0.0,0,0,0,0,0,10.0,5.0,5.0,20.0,0,646,16.72324562072754,0.11410212174963333,,arrive_dest
2053,fresh,0,fresh,,,0,0.0,0,0,0,0,0,10.0,5.0,5.0,20.0,0,298,6.610011577606201,0.038216166342014836,,out_of_road
2054,fresh,0,fresh,,,0,0.0,0,0,0,0,0,10.0,5.0,5.0,20.0,0,318,7.842530727386475,0.10150541473947372,,arrive_dest
2055,fresh,0,fresh,,,0,0.0,0,0,0,0,0,10.0,5.0,5.0,20.0,0,292,6.611942291259766,0.05415782181399377,,arrive_dest
2056,fresh,0,fresh,,,0,0.0,0,0,0,0,0,10.0,5.0,5.0,20.0,0,129,2.7519490718841553,0.06934641889303692,,arrive_dest
2057,fresh,0,fresh,,,0,0.0,0,0,0,0,0,10.0,5.0,5.0,20.0,0,681,15.263556480407715,0.10243243415889203,,arrive_dest
2058,fresh,0,fresh,,,0,0.0,0,0,0,0,0,10.0,5.0,5.0,20.0,0,402,9.269871711730957,0.07792085371923109,,arrive_dest
2059,fresh,0,fresh,,,0,0.0,0,0,0,0,0,10.0,5.0,5.0,20.0,0,363,7.197883605957031,0.06119185075620523,,out_of_road
2060,fresh,0,fresh,,,0,0.0,0,0,0,0,0,10.0,5.0,5.0,20.0,0,655,16.75947380065918,0.14470559542444145,,arrive_dest
2061,fresh,0,fresh,,,0,0.0,0,0,0,0,0,10.0,5.0,5.0,20.0,0,486,12.241493225097656,0.07841022001888887,,arrive_dest
2062,fresh,0,fresh,,,0,0.0,0,0,0,0,0,10.0,5.0,5.0,20.0,0,165,2.562885284423828,0.018403949311962632,,out_of_road
2063,fresh,0,fresh,,,0,0.0,0,0,0,0,0,10.0,5.0,5.0,20.0,0,104,1.4745711088180542,0.021069602915444054,,out_of_road
2064,fresh,0,fresh,,,0,0.0,0,0,0,0,0,10.0,5.0,5.0,20.0,0,536,13.539631843566895,0.08277763216017829,,arrive_dest
2065,fresh,0,fresh,,,0,0.0,0,0,0,0,0,10.0,5.0,5.0,20.0,0,84,1.10408616065979,0.028211387073887245,,out_of_road
2066,fresh,0,fresh,,,0,0.0,0,0,0,0,0,10.0,5.0,5.0,20.0,0,706,17.003007888793945,0.10758492890573912,,out_of_road
2067,fresh,0,fresh,,,0,0.0,0,0,0,0,0,10.0,5.0,5.0,20.0,0,354,8.477209091186523,0.1065796393806399,,arrive_dest
2068,fresh,0,fresh,,,0,0.0,0,0,0,0,0,10.0,5.0,5.0,20.0,0,203,4.295602798461914,0.05787227280768267,,out_of_road
2069,fresh,0,fresh,,,0,0.0,0,0,0,0,0,10.0,5.0,5.0,20.0,0,401,9.081756591796875,0.05439431822517343,,out_of_road
2070,fresh,0,fresh,,,0,0.0,0,0,0,0,0,10.0,5.0,5.0,20.0,0,422,9.200899124145508,0.05543685783477615,,out_of_road
2071,fresh,0,fresh,,,0,0.0,0,0,0,0,0,10.0,5.0,5.0,20.0,0,563,13.296219825744629,0.12417209551538974,,arrive_dest
2072,fresh,0,fresh,,,0,0.0,0,0,0,0,0,10.0,5.0,5.0,20.0,0,95,1.9952239990234375,0.01503676714522666,,arrive_dest
2073,fresh,0,fresh,,,0,0.0,0,0,0,0,0,10.0,5.0,5.0,20.0,0,615,15.278020858764648,0.10755628037978175,,out_of_road
2074,fresh,0,fresh,,,0,0.0,0,0,0,0,0,10.0,5.0,5.0,20.0,0,207,4.249561309814453,0.04764153161041151,,arrive_dest
2075,fresh,0,fresh,,,0,0.0,0,0,0,0,0,10.0,5.0,5.0,20.0,0,4,0.22831258177757263,0.0,,arrive_dest
2076,fresh,0,fresh,,,0,0.0,0,0,0,0,0,10.0,5.0,5.0,20.0,0,415,10.435561180114746,0.06474963979759107,,arrive_dest
2077,fresh,0,fresh,,,0,0.0,0,0,0,0,0,10.0,5.0,5.0,20.0,0,47,0.3007392883300781,0.012580274842045408,,out_of_road
2078,fresh,0,fresh,,,0,0.0,0,0,0,0,0,10.0,5.0,5.0,20.0,0,1000,0.22361111640930176,0.001092196598125156,,max_step
2079,fresh,0,fresh,,,0,0.0,0,0,0,0,0,10.0,5.0,5.0,20.0,0,658,17.405290603637695,0.09288312618742417,,arrive_dest
2080,fresh,0,fresh,,,0,0.0,0,0,0,0,0,10.0,5.0,5.0,20.0,0,378,9.128806114196777,0.14229705024796424,,out_of_road
2081,fresh,0,fresh,,,0,0.0,0,0,0,0,0,10.0,5.0,5.0,20.0,0,352,7.164205551147461,0.0718421921013611,,arrive_dest
2082,fresh,0,fresh,,,0,0.0,0,0,0,0,0,10.0,5.0,5.0,20.0,0,109,1.419323205947876,0.018804427253407075,,out_of_road
2083,fresh,0,fresh,,,0,0.0,0,0,0,0,0,10.0,5.0,5.0,20.0,0,252,6.57028341293335,0.07058812916419277,,arrive_dest
2084,fresh,0,fresh,,,0,0.0,0,0,0,0,0,10.0,5.0,5.0,20.0,0,202,3.7290456295013428,0.038637890107007605,,arrive_dest
2085,fresh,0,fresh,,,0,0.0,0,0,0,0,0,10.0,5.0,5.0,20.0,0,216,3.8660006523132324,0.05082074649140446,,arrive_dest
2086,fresh,0,fresh,,,0,0.0,0,0,0,0,0,10.0,5.0,5.0,20.0,0,582,15.664395332336426,0.15002008326210825,,arrive_dest
2087,fresh,0,fresh,,,0,0.0,0,0,0,0,0,10.0,5.0,5.0,20.0,0,917,23.496557235717773,0.10403334643009282,,arrive_dest
2088,fresh,0,fresh,,,0,0.0,0,0,0,0,0,10.0,5.0,5.0,20.0,0,514,12.320638656616211,0.08484055611199848,,arrive_dest
2089,fresh,0,fresh,,,0,0.0,0,0,0,0,0,10.0,5.0,5.0,20.0,0,682,18.00637435913086,0.10605653356678806,,arrive_dest
2090,fresh,0,fresh,,,0,0.0,0,0,0,0,0,10.0,5.0,5.0,20.0,0,411,11.00752067565918,0.09843057501237441,,arrive_dest
2091,fresh,0,fresh,,,0,0.0,0,0,0,0,0,10.0,5.0,5.0,20.0,0,806,18.890687942504883,0.08909907759451503,,arrive_dest
2092,fresh,0,fresh,,,0,0.0,0,0,0,0,0,10.0,5.0,5.0,20.0,0,1000,0.00221019028685987,0.0,,max_step
2093,fresh,0,fresh,,,0,0.0,0,0,0,0,0,10.0,5.0,5.0,20.0,0,684,18.183351516723633,0.0917862894555434,,arrive_dest
2094,fresh,0,fresh,,,0,0.0,0,0,0,0,0,10.0,5.0,5.0,20.0,0,335,8.302209854125977,0.1314370955827076,,out_of_road
2095,fresh,0,fresh,,,0,0.0,0,0,0,0,0,10.0,5.0,5.0,20.0,0,112,1.7353975772857666,0.013102371386984097,,out_of_road
2096,fresh,0,fresh,,,0,0.0,0,0,0,0,0,10.0,5.0,5.0,20.0,0,865,22.84267807006836,0.06726487413024519,,arrive_dest
2097,fresh,0,fresh,,,0,0.0,0,0,0,0,0,10.0,5.0,5.0,20.0,0,290,7.064761638641357,0.06275313618143313,,arrive_dest
2098,fresh,0,fresh,,,0,0.0,0,0,0,0,0,10.0,5.0,5.0,20.0,0,303,7.073446750640869,0.05973178989072592,,out_of_road
2099,fresh,0,fresh,,,0,0.0,0,0,0,0,0,10.0,5.0,5.0,20.0,0,51,0.3676905632019043,0.02652488667152676,,out_of_road
2100,fresh,0,fresh,,,0,0.0,0,0,0,0,0,10.0,5.0,5.0,20.0,0,518,12.29390811920166,0.05428962111659618,,out_of_road
2101,fresh,0,fresh,,,0,0.0,0,0,0,0,0,10.0,5.0,5.0,20.0,0,117,1.582599401473999,0.042209250040543385,,out_of_road
2102,fresh,0,fresh,,,0,0.0,0,0,0,0,0,10.0,5.0,5.0,20.0,0,302,6.783480167388916,0.052057585827019436,,out_of_road
2103,fresh,0,fresh,,,0,0.0,0,0,0,0,0,10.0,5.0,5.0,20.0,0,313,6.475400924682617,0.04208001371669455,,arrive_dest
2104,fresh,0,fresh,,,0,0.0,0,0,0,0,0,10.0,5.0,5.0,20.0,0,241,6.229353427886963,0.06972156672185882,,arrive_dest
2105,fresh,0,fresh,,,0,0.0,0,0,0,0,0,10.0,5.0,5.0,20.0,0,101,1.451382040977478,0.011685503476142589,,out_of_road
2106,fresh,0,fresh,,,0,0.0,0,0,0,0,0,10.0,5.0,5.0,20.0,0,197,3.568296194076538,0.04627639262081327,,out_of_road
2107,fresh,0,fresh,,,0,0.0,0,0,0,0,0,10.0,5.0,5.0,20.0,0,322,6.819451808929443,0.04829423968761187,,out_of_road
2108,fresh,0,fresh,,,0,0.0,0,0,0,0,0,10.0,5.0,5.0,20.0,0,211,3.878913640975952,0.1254757118203911,,out_of_road
2109,fresh,0,fresh,,,0,0.0,0,0,0,0,0,10.0,5.0,5.0,20.0,0,318,5.654062747955322,0.030121910088525723,,arrive_dest
2110,fresh,0,fresh,,,0,0.0,0,0,0,0,0,10.0,5.0,5.0,20.0,0,448,11.281415939331055,0.07263394715534689,,arrive_dest
2111,fresh,0,fresh,,,0,0.0,0,0,0,0,0,10.0,5.0,5.0,20.0,0,197,2.9021682739257812,0.03283062194081657,,out_of_road
2112,fresh,0,fresh,,,0,0.0,0,0,0,0,0,10.0,5.0,5.0,20.0,0,278,6.468668460845947,0.08988143386245578,,out_of_road
2113,fresh,0,fresh,,,0,0.0,0,0,0,0,0,10.0,5.0,5.0,20.0,0,711,18.220827102661133,0.06275249456491651,,arrive_dest
2114,fresh,0,fresh,,,0,0.0,0,0,0,0,0,10.0,5.0,5.0,20.0,0,683,17.295629501342773,0.06916570176109998,,out_of_road
2115,fresh,0,fresh,,,0,0.0,0,0,0,0,0,10.0,5.0,5.0,20.0,0,208,3.632979154586792,0.09403906073063038,,out_of_road
2116,fresh,0,fresh,,,0,0.0,0,0,0,0,0,10.0,5.0,5.0,20.0,0,442,9.810787200927734,0.058954057044547675,,arrive_dest
2117,fresh,0,fresh,,,0,0.0,0,0,0,0,0,10.0,5.0,5.0,20.0,0,103,1.5464317798614502,0.01218157784235709,,out_of_road
2118,fresh,0,fresh,,,0,0.0,0,0,0,0,0,10.0,5.0,5.0,20.0,0,192,2.9187159538269043,0.05240430874012721,,out_of_road
2119,fresh,0,fresh,,,0,0.0,0,0,0,0,0,10.0,5.0,5.0,20.0,0,346,8.816378593444824,0.13009456002471076,,arrive_dest
2120,fresh,0,fresh,,,0,0.0,0,0,0,0,0,10.0,5.0,5.0,20.0,0,512,12.663301467895508,0.12260612579302688,,arrive_dest
2121,fresh,0,fresh,,,0,0.0,0,0,0,0,0,10.0,5.0,5.0,20.0,0,1000,8.38808822631836,0.04826019317435566,,max_step
2122,fresh,0,fresh,,,0,0.0,0,0,0,0,0,10.0,5.0,5.0,20.0,0,154,2.446841239929199,0.04617340411603838,,arrive_dest
2123,fresh,0,fresh,,,0,0.0,0,0,0,0,0,10.0,5.0,5.0,20.0,0,394,9.261128425598145,0.1332796079267365,,out_of_road
2124,fresh,0,fresh,,,0,0.0,0,0,0,0,0,10.0,5.0,5.0,20.0,0,282,6.464852333068848,0.07916841235553436,,out_of_road
2125,fresh,0,fresh,,,0,0.0,0,0,0,0,0,10.0,5.0,5.0,20.0,0,516,12.559266090393066,0.0923973646167442,,out_of_road
2126,fresh,0,fresh,,,0,0.0,0,0,0,0,0,10.0,5.0,5.0,20.0,0,481,12.201523780822754,0.07062750614515415,,arrive_dest
2127,fresh,0,fresh,,,0,0.0,0,0,0,0,0,10.0,5.0,5.0,20.0,0,37,0.5489906072616577,0.038635983056313286,,arrive_dest
2128,fresh,0,fresh,,,0,0.0,0,0,0,0,0,10.0,5.0,5.0,20.0,0,449,10.674774169921875,0.06555880908387607,,arrive_dest
2129,fresh,0,fresh,,,0,0.0,0,0,0,0,0,10.0,5.0,5.0,20.0,0,224,5.242508411407471,0.06586773093398993,,out_of_road
2130,fresh,0,fresh,,,0,0.0,0,0,0,0,0,10.0,5.0,5.0,20.0,0,373,8.463462829589844,0.09796258592703468,,out_of_road
2131,fresh,0,fresh,,,0,0.0,0,0,0,0,0,10.0,5.0,5.0,20.0,0,246,5.832726955413818,0.06423315305520243,,out_of_road
2132,fresh,0,fresh,,,0,0.0,0,0,0,0,0,10.0,5.0,5.0,20.0,0,99,1.159494400024414,0.08572845070651083,,out_of_road
2133,fresh,0,fresh,,,0,0.0,0,0,0,0,0,10.0,5.0,5.0,20.0,0,281,7.321420669555664,0.10812919024457605,,out_of_road
2134,fresh,0,fresh,,,0,0.0,0,0,0,0,0,10.0,5.0,5.0,20.0,0,125,1.8320255279541016,0.01776441562175751,,out_of_road
2135,fresh,0,fresh,,,0,0.0,0,0,0,0,0,10.0,5.0,5.0,20.0,0,352,9.12643051147461,0.12941573335013923,,arrive_dest
2136,fresh,0,fresh,,,0,0.0,0,0,0,0,0,10.0,5.0,5.0,20.0,0,564,14.622318267822266,0.05981297521432531,,arrive_dest
2137,fresh,0,fresh,,,0,0.0,0,0,0,0,0,10.0,5.0,5.0,20.0,0,598,14.934589385986328,0.06973748035918934,,arrive_dest
2138,fresh,0,fresh,,,0,0.0,0,0,0,0,0,10.0,5.0,5.0,20.0,0,424,9.31389331817627,0.05226546403828938,,out_of_road
2139,fresh,0,fresh,,,0,0.0,0,0,0,0,0,10.0,5.0,5.0,20.0,0,382,9.76137638092041,0.0804781478360973,,arrive_dest
2140,fresh,0,fresh,,,0,0.0,0,0,0,0,0,10.0,5.0,5.0,20.0,0,1000,0.011507670395076275,0.009221864569815807,,max_step
2141,fresh,0,fresh,,,0,0.0,0,0,0,0,0,10.0,5.0,5.0,20.0,0,965,25.030370712280273,0.08703731829366873,,arrive_dest
2142,fresh,0,fresh,,,0,0.0,0,0,0,0,0,10.0,5.0,5.0,20.0,0,675,15.181668281555176,0.05096668602571029,,arrive_dest
2143,fresh,0,fresh,,,0,0.0,0,0,0,0,0,10.0,5.0,5.0,20.0,0,642,16.532228469848633,0.11901077163376522,,arrive_dest
2144,fresh,0,fresh,,,0,0.0,0,0,0,0,0,10.0,5.0,5.0,20.0,0,834,20.42376708984375,0.09126912912619646,,arrive_dest
2145,fresh,0,fresh,,,0,0.0,0,0,0,0,0,10.0,5.0,5.0,20.0,0,413,9.306806564331055,0.12061544544724229,,out_of_road
2146,fresh,0,fresh,,,0,0.0,0,0,0,0,0,10.0,5.0,5.0,20.0,0,404,9.513640403747559,0.04000718871132692,,out_of_road
2147,fresh,0,fresh,,,0,0.0,0,0,0,0,0,10.0,5.0,5.0,20.0,0,98,1.2300727367401123,0.026618793720797618,,out_of_road
2148,fresh,0,fresh,,,0,0.0,0,0,0,0,0,10.0,5.0,5.0,20.0,0,197,3.013373374938965,0.04238171360176529,,out_of_road
2149,fresh,0,fresh,,,0,0.0,0,0,0,0,0,10.0,5.0,5.0,20.0,0,394,9.697063446044922,0.044138567075416975,,arrive_dest
2150,fresh,0,fresh,,,0,0.0,0,0,0,0,0,10.0,5.0,5.0,20.0,0,298,6.885672569274902,0.053343203000024264,,arrive_dest
2151,fresh,0,fresh,,,0,0.0,0,0,0,0,0,10.0,5.0,5.0,20.0,0,152,2.4763412475585938,0.027107254666349802,,out_of_road
2152,fresh,0,fresh,,,0,0.0,0,0,0,0,0,10.0,5.0,5.0,20.0,0,366,8.348121643066406,0.08158002272719019,,out_of_road
2153,fresh,0,fresh,,,0,0.0,0,0,0,0,0,10.0,5.0,5.0,20.0,0,192,3.060835123062134,0.05036669898133065,,out_of_road
2154,fresh,0,fresh,,,0,0.0,0,0,0,0,0,10.0,5.0,5.0,20.0,0,431,10.838761329650879,0.05745211163030077,,arrive_dest
2155,fresh,0,fresh,,,0,0.0,0,0,0,0,0,10.0,5.0,5.0,20.0,0,50,0.37074020504951477,0.04748834705911577,,out_of_road
2156,fresh,0,fresh,,,0,0.0,0,0,0,0,0,10.0,5.0,5.0,20.0,0,259,5.958834171295166,0.06456449389651878,,arrive_dest
2157,fresh,0,fresh,,,0,0.0,0,0,0,0,0,10.0,5.0,5.0,20.0,0,457,11.05329704284668,0.10501258761552723,,out_of_road
2158,fresh,0,fresh,,,0,0.0,0,0,0,0,0,10.0,5.0,5.0,20.0,0,709,17.853364944458008,0.0675074226125728,,arrive_dest
2159,fresh,0,fresh,,,0,0.0,0,0,0,0,0,10.0,5.0,5.0,20.0,0,344,8.175286293029785,0.13074893314867866,,out_of_road
2160,fresh,0,fresh,,,0,0.0,0,0,0,0,0,10.0,5.0,5.0,20.0,0,181,4.322048187255859,0.05313939333106108,,arrive_dest
2161,fresh,0,fresh,,,0,0.0,0,0,0,0,0,10.0,5.0,5.0,20.0,0,472,12.886940002441406,0.09276269371197085,,arrive_dest
2162,fresh,0,fresh,,,0,0.0,0,0,0,0,0,10.0,5.0,5.0,20.0,0,170,3.315629482269287,0.0296036656233756,,out_of_road
2163,fresh,0,fresh,,,0,0.0,0,0,0,0,0,10.0,5.0,5.0,20.0,0,444,10.867096900939941,0.047412828951318924,,arrive_dest
2164,fresh,0,fresh,,,0,0.0,0,0,0,0,0,10.0,5.0,5.0,20.0,0,99,1.2812658548355103,0.01787139503567508,,out_of_road
2165,fresh,0,fresh,,,0,0.0,0,0,0,0,0,10.0,5.0,5.0,20.0,0,174,3.334688425064087,0.024516299329483987,,out_of_road
2166,fresh,0,fresh,,,0,0.0,0,0,0,0,0,10.0,5.0,5.0,20.0,0,346,7.993560314178467,0.049619965685929864,,arrive_dest
2167,fresh,0,fresh,,,0,0.0,0,0,0,0,0,10.0,5.0,5.0,20.0,0,214,5.218259811401367,0.058528881176226885,,out_of_road
2168,fresh,0,fresh,,,0,0.0,0,0,0,0,0,10.0,5.0,5.0,20.0,0,171,2.561048746109009,0.01080995077016758,,out_of_road
2169,fresh,0,fresh,,,0,0.0,0,0,0,0,0,10.0,5.0,5.0,20.0,0,278,6.589890480041504,0.05339270874710499,,out_of_road
2170,fresh,0,fresh,,,0,0.0,0,0,0,0,0,10.0,5.0,5.0,20.0,0,129,0.959208607673645,0.02784587881823843,,out_of_road
2171,fresh,0,fresh,,,0,0.0,0,0,0,0,0,10.0,5.0,5.0,20.0,0,232,5.087985515594482,0.06665939232735926,,out_of_road
2172,fresh,0,fresh,,,0,0.0,0,0,0,0,0,10.0,5.0,5.0,20.0,0,26,-0.06733990460634232,0.0,,out_of_road
2173,fresh,0,fresh,,,0,0.0,0,0,0,0,0,10.0,5.0,5.0,20.0,0,1000,6.8081207275390625,0.024947900630533697,,max_step
2174,fresh,0,fresh,,,0,0.0,0,0,0,0,0,10.0,5.0,5.0,20.0,0,792,22.25875473022461,0.16481353840568735,,out_of_road
2175,fresh,0,fresh,,,0,0.0,0,0,0,0,0,10.0,5.0,5.0,20.0,0,522,12.655583381652832,0.07914358917338296,,arrive_dest
2176,fresh,0,fresh,,,0,0.0,0,0,0,0,0,10.0,5.0,5.0,20.0,0,592,13.342267036437988,0.05587150784196785,,out_of_road
2177,fresh,0,fresh,,,0,0.0,0,0,0,0,0,10.0,5.0,5.0,20.0,0,311,6.960644721984863,0.04389007444496467,,out_of_road
2178,fresh,0,fresh,,,0,0.0,0,0,0,0,0,10.0,5.0,5.0,20.0,0,1000,6.819920539855957,0.02361236806260422,,max_step
2179,fresh,0,fresh,,,0,0.0,0,0,0,0,0,10.0,5.0,5.0,20.0,0,488,13.874661445617676,0.11953880229667134,,arrive_dest
2180,fresh,0,fresh,,,0,0.0,0,0,0,0,0,10.0,5.0,5.0,20.0,0,182,3.2048254013061523,0.022366191865620458,,out_of_road
2181,fresh,0,fresh,,,0,0.0,0,0,0,0,0,10.0,5.0,5.0,20.0,0,797,20.363513946533203,0.0807434444583326,,arrive_dest
2182,fresh,0,fresh,,,0,0.0,0,0,0,0,0,10.0,5.0,5.0,20.0,0,557,12.978628158569336,0.07138884730580225,,out_of_road
2183,fresh,0,fresh,,,0,0.0,0,0,0,0,0,10.0,5.0,5.0,20.0,0,404,9.769881248474121,0.06973562755110203,,arrive_dest
2184,fresh,0,fresh,,,0,0.0,0,0,0,0,0,10.0,5.0,5.0,20.0,0,799,18.472352981567383,0.10480380633050979,,arrive_dest
2185,fresh,0,fresh,,,0,0.0,0,0,0,0,0,10.0,5.0,5.0,20.0,0,172,2.617741107940674,0.011651992169750292,,out_of_road
2186,fresh,0,fresh,,,0,0.0,0,0,0,0,0,10.0,5.0,5.0,20.0,0,300,6.947981834411621,0.03296309468414014,,out_of_road
2187,fresh,0,fresh,,,0,0.0,0,0,0,0,0,10.0,5.0,5.0,20.0,0,224,5.0591607093811035,0.04836964731969472,,out_of_road
2188,fresh,0,fresh,,,0,0.0,0,0,0,0,0,10.0,5.0,5.0,20.0,0,108,1.3505786657333374,0.01797947630769125,,out_of_road
2189,fresh,0,fresh,,,0,0.0,0,0,0,0,0,10.0,5.0,5.0,20.0,0,513,11.69968318939209,0.12062064791189009,,out_of_road
2190,fresh,0,fresh,,,0,0.0,0,0,0,0,0,10.0,5.0,5.0,20.0,0,635,16.300474166870117,0.129044388549395,,out_of_road
2191,fresh,0,fresh,,,0,0.0,0,0,0,0,0,10.0,5.0,5.0,20.0,0,712,18.133325576782227,0.08192710592699226,,arrive_dest
2192,fresh,0,fresh,,,0,0.0,0,0,0,0,0,10.0,5.0,5.0,20.0,0,465,11.097821235656738,0.10193308778307451,,arrive_dest
2193,fresh,0,fresh,,,0,0.0,0,0,0,0,0,10.0,5.0,5.0,20.0,0,899,24.63323402404785,0.09785643484789434,,arrive_dest
2194,fresh,0,fresh,,,0,0.0,0,0,0,0,0,10.0,5.0,5.0,20.0,0,449,10.305858612060547,0.07861071912663053,,out_of_road
2195,fresh,0,fresh,,,0,0.0,0,0,0,0,0,10.0,5.0,5.0,20.0,0,808,20.51607894897461,0.08689590847081652,,arrive_dest
2196,fresh,0,fresh,,,0,0.0,0,0,0,0,0,10.0,5.0,5.0,20.0,0,219,5.355365753173828,0.06211751844887048,,out_of_road
2197,fresh,0,fresh,,,0,0.0,0,0,0,0,0,10.0,5.0,5.0,20.0,0,218,5.370967864990234,0.06785459373009588,,out_of_road
2198,fresh,0,fresh,,,0,0.0,0,0,0,0,0,10.0,5.0,5.0,20.0,0,47,0.3319461941719055,0.033364721554073884,,out_of_road
2199,fresh,0,fresh,,,0,0.0,0,0,0,0,0,10.0,5.0,5.0,20.0,0,255,5.048830032348633,0.036294963141428487,,out_of_road
2200,fresh,0,fresh,,,0,0.0,0,0,0,0,0,10.0,5.0,5.0,20.0,0,966,24.969331741333008,0.07890173593173518,,arrive_dest
2201,fresh,0,fresh,,,0,0.0,0,0,0,0,0,10.0,5.0,5.0,20.0,0,534,14.523574829101562,0.055739455726560146,,arrive_dest
2202,fresh,0,fresh,,,0,0.0,0,0,0,0,0,10.0,5.0,5.0,20.0,0,1000,10.79291820526123,0.02440723212598823,,max_step
2203,fresh,0,fresh,,,0,0.0,0,0,0,0,0,10.0,5.0,5.0,20.0,0,21,-0.11165959388017654,0.0,,out_of_road
2204,fresh,0,fresh,,,0,0.0,0,0,0,0,0,10.0,5.0,5.0,20.0,0,1000,11.09131145477295,0.03185041577275843,,max_step
2205,fresh,0,fresh,,,0,0.0,0,0,0,0,0,10.0,5.0,5.0,20.0,0,74,0.8782321810722351,0.010299914793388263,,out_of_road
2206,fresh,0,fresh,,,0,0.0,0,0,0,0,0,10.0,5.0,5.0,20.0,0,928,24.403228759765625,0.0911509385015083,,out_of_road
2207,fresh,0,fresh,,,0,0.0,0,0,0,0,0,10.0,5.0,5.0,20.0,0,103,1.4124678373336792,0.02018999167293021,,out_of_road
2208,fresh,0,fresh,,,0,0.0,0,0,0,0,0,10.0,5.0,5.0,20.0,0,719,18.662853240966797,0.08571714284568792,,arrive_dest
2209,fresh,0,fresh,,,0,0.0,0,0,0,0,0,10.0,5.0,5.0,20.0,0,728,19.605587005615234,0.05968712953344348,,arrive_dest
2210,fresh,0,fresh,,,0,0.0,0,0,0,0,0,10.0,5.0,5.0,20.0,0,343,8.462175369262695,0.12257424450368123,,out_of_road
2211,fresh,0,fresh,,,0,0.0,0,0,0,0,0,10.0,5.0,5.0,20.0,0,599,14.287671089172363,0.07642155514450087,,arrive_dest
2212,fresh,0,fresh,,,0,0.0,0,0,0,0,0,10.0,5.0,5.0,20.0,0,608,16.88284683227539,0.10580690038723094,,arrive_dest
2213,fresh,0,fresh,,,0,0.0,0,0,0,0,0,10.0,5.0,5.0,20.0,0,245,5.5412187576293945,0.05377941278322619,,arrive_dest
2214,fresh,0,fresh,,,0,0.0,0,0,0,0,0,10.0,5.0,5.0,20.0,0,601,13.788589477539062,0.043605156739113755,,arrive_dest
2215,fresh,0,fresh,,,0,0.0,0,0,0,0,0,10.0,5.0,5.0,20.0,0,227,4.955706596374512,0.06376486230797508,,out_of_road
2216,fresh,0,fresh,,,0,0.0,0,0,0,0,0,10.0,5.0,5.0,20.0,0,294,6.807308197021484,0.03650820697855749,,out_of_road
2217,fresh,0,fresh,,,0,0.0,0,0,0,0,0,10.0,5.0,5.0,20.0,0,273,5.713732719421387,0.03913363875077539,,out_of_road
2218,fresh,0,fresh,,,0,0.0,0,0,0,0,0,10.0,5.0,5.0,20.0,0,580,15.02122688293457,0.06807263579604955,,arrive_dest
2219,fresh,0,fresh,,,0,0.0,0,0,0,0,0,10.0,5.0,5.0,20.0,0,292,6.848228454589844,0.02744850422230179,,out_of_road
2220,fresh,0,fresh,,,0,0.0,0,0,0,0,0,10.0,5.0,5.0,20.0,0,208,4.625041484832764,0.02858224655322444,,arrive_dest
2221,fresh,0,fresh,,,0,0.0,0,0,0,0,0,10.0,5.0,5.0,20.0,0,95,1.1878845691680908,0.04356851950287819,,out_of_road
2222,fresh,0,fresh,,,0,0.0,0,0,0,0,0,10.0,5.0,5.0,20.0,0,50,0.3651743531227112,0.001503196347039193,,out_of_road
2223,fresh,0,fresh,,,0,0.0,0,0,0,0,0,10.0,5.0,5.0,20.0,0,112,1.4140207767486572,0.01005028726025817,,out_of_road
2224,fresh,0,fresh,,,0,0.0,0,0,0,0,0,10.0,5.0,5.0,20.0,0,383,10.11644458770752,0.08776822227585876,,arrive_dest
2225,fresh,0,fresh,,,0,0.0,0,0,0,0,0,10.0,5.0,5.0,20.0,0,438,11.007265090942383,0.05661017778244499,,arrive_dest
2226,fresh,0,fresh,,,0,0.0,0,0,0,0,0,10.0,5.0,5.0,20.0,0,416,9.513238906860352,0.04457698384458826,,out_of_road
2227,fresh,0,fresh,,,0,0.0,0,0,0,0,0,10.0,5.0,5.0,20.0,0,363,8.440258979797363,0.04628755388519734,,out_of_road
2228,fresh,0,fresh,,,0,0.0,0,0,0,0,0,10.0,5.0,5.0,20.0,0,593,16.368812561035156,0.07742796125264233,,arrive_dest
2229,fresh,0,fresh,,,0,0.0,0,0,0,0,0,10.0,5.0,5.0,20.0,0,433,9.048439025878906,0.0520540438237542,,arrive_dest
2230,fresh,0,fresh,,,0,0.0,0,0,0,0,0,10.0,5.0,5.0,20.0,0,1000,0.00616093585267663,0.008319778419099748,,max_step
2231,fresh,0,fresh,,,0,0.0,0,0,0,0,0,10.0,5.0,5.0,20.0,0,935,24.5589542388916,0.11287273291080074,,arrive_dest
2232,fresh,0,fresh,,,0,0.0,0,0,0,0,0,10.0,5.0,5.0,20.0,0,97,1.4889417886734009,0.019329148267885458,,out_of_road
2233,fresh,0,fresh,,,0,0.0,0,0,0,0,0,10.0,5.0,5.0,20.0,0,553,13.465107917785645,0.0748165324279806,,out_of_road
2234,fresh,0,fresh,,,0,0.0,0,0,0,0,0,10.0,5.0,5.0,20.0,0,753,18.112279891967773,0.05112873446329275,,arrive_dest
2235,fresh,0,fresh,,,0,0.0,0,0,0,0,0,10.0,5.0,5.0,20.0,0,358,8.565537452697754,0.12295947695091138,,out_of_road
2236,fresh,0,fresh,,,0,0.0,0,0,0,0,0,10.0,5.0,5.0,20.0,0,101,1.4223629236221313,0.01775004105218271,,out_of_road
2237,fresh,0,fresh,,,0,0.0,0,0,0,0,0,10.0,5.0,5.0,20.0,0,336,7.407510757446289,0.05428047150434438,,arrive_dest
2238,fresh,0,fresh,,,0,0.0,0,0,0,0,0,10.0,5.0,5.0,20.0,0,112,1.4319188594818115,0.01317226281389594,,out_of_road
2239,fresh,0,fresh,,,0,0.0,0,0,0,0,0,10.0,5.0,5.0,20.0,0,253,5.605578422546387,0.04229049522267735,,out_of_road
2240,fresh,0,fresh,,,0,0.0,0,0,0,0,0,10.0,5.0,5.0,20.0,0,459,10.408699035644531,0.08175637683255926,,out_of_road
2241,fresh,0,fresh,,,0,0.0,0,0,0,0,0,10.0,5.0,5.0,20.0,0,279,6.082180023193359,0.05161315075532403,,arrive_dest
2242,fresh,0,fresh,,,0,0.0,0,0,0,0,0,10.0,5.0,5.0,20.0,0,22,-0.10608798265457153,0.0,,out_of_road
2243,fresh,0,fresh,,,0,0.0,0,0,0,0,0,10.0,5.0,5.0,20.0,0,117,1.9665006399154663,0.010841372615904508,,out_of_road
2244,fresh,0,fresh,,,0,0.0,0,0,0,0,0,10.0,5.0,5.0,20.0,0,49,0.36264920234680176,0.006965931466951662,,out_of_road
2245,fresh,0,fresh,,,0,0.0,0,0,0,0,0,10.0,5.0,5.0,20.0,0,466,10.765206336975098,0.12658019890147362,,out_of_road
2246,fresh,0,fresh,,,0,0.0,0,0,0,0,0,10.0,5.0,5.0,20.0,0,703,17.341508865356445,0.08958806812526078,,arrive_dest
2247,fresh,0,fresh,,,0,0.0,0,0,0,0,0,10.0,5.0,5.0,20.0,0,207,5.311295986175537,0.0717962331853915,,out_of_road
2248,fresh,0,fresh,,,0,0.0,0,0,0,0,0,10.0,5.0,5.0,20.0,0,412,9.541199684143066,0.08157327002280582,,arrive_dest
2249,fresh,0,fresh,,,0,0.0,0,0,0,0,0,10.0,5.0,5.0,20.0,0,262,6.887534141540527,0.1105177839311508,,out_of_road
2250,fresh,0,fresh,,,0,0.0,0,0,0,0,0,10.0,5.0,5.0,20.0,0,411,9.248272895812988,0.11791014625552652,,out_of_road
2251,fresh,0,fresh,,,0,0.0,0,0,0,0,0,10.0,5.0,5.0,20.0,0,610,14.83227825164795,0.13742815842775657,,arrive_dest
2252,fresh,0,fresh,,,0,0.0,0,0,0,0,0,10.0,5.0,5.0,20.0,0,199,4.503839492797852,0.04297459369347473,,out_of_road
2253,fresh,0,fresh,,,0,0.0,0,0,0,0,0,10.0,5.0,5.0,20.0,0,473,10.933979034423828,0.10332000408868992,,out_of_road
2254,fresh,0,fresh,,,0,0.0,0,0,0,0,0,10.0,5.0,5.0,20.0,0,531,15.142314910888672,0.1465050424387759,,out_of_road
2255,fresh,0,fresh,,,0,0.0,0,0,0,0,0,10.0,5.0,5.0,20.0,0,88,1.2350505590438843,0.024008425206623295,,arrive_dest
2256,fresh,0,fresh,,,0,0.0,0,0,0,0,0,10.0,5.0,5.0,20.0,0,751,19.29932403564453,0.115352041610751,,arrive_dest
2257,fresh,0,fresh,,,0,0.0,0,0,0,0,0,10.0,5.0,5.0,20.0,0,371,9.31317138671875,0.12296556873370032,,arrive_dest
2258,fresh,0,fresh,,,0,0.0,0,0,0,0,0,10.0,5.0,5.0,20.0,0,273,6.966838359832764,0.09029902291958367,,out_of_road
2259,fresh,0,fresh,,,0,0.0,0,0,0,0,0,10.0,5.0,5.0,20.0,0,702,17.229726791381836,0.057756146737288135,,out_of_road
2260,fresh,0,fresh,,,0,0.0,0,0,0,0,0,10.0,5.0,5.0,20.0,0,618,14.629727363586426,0.052672815349775824,,out_of_road
2261,fresh,0,fresh,,,0,0.0,0,0,0,0,0,10.0,5.0,5.0,20.0,0,108,1.6533401012420654,0.010019853193726804,,out_of_road
2262,fresh,0,fresh,,,0,0.0,0,0,0,0,0,10.0,5.0,5.0,20.0,0,339,7.206099033355713,0.04460696184013182,,arrive_dest
2263,fresh,0,fresh,,,0,0.0,0,0,0,0,0,10.0,5.0,5.0,20.0,0,280,7.016696453094482,0.04869329456206677,,arrive_dest
2264,fresh,0,fresh,,,0,0.0,0,0,0,0,0,10.0,5.0,5.0,20.0,0,108,1.2600291967391968,0.02686694384276591,,out_of_road
2265,fresh,0,fresh,,,0,0.0,0,0,0,0,0,10.0,5.0,5.0,20.0,0,372,8.73399543762207,0.12364935685169473,,out_of_road
2266,fresh,0,fresh,,,0,0.0,0,0,0,0,0,10.0,5.0,5.0,20.0,0,180,3.892134666442871,0.036288666624265414,,arrive_dest
2267,fresh,0,fresh,,,0,0.0,0,0,0,0,0,10.0,5.0,5.0,20.0,0,89,1.0162227153778076,0.02307837699236495,,out_of_road
2268,fresh,0,fresh,,,0,0.0,0,0,0,0,0,10.0,5.0,5.0,20.0,0,588,14.543553352355957,0.04674405452112674,,out_of_road
2269,fresh,0,fresh,,,0,0.0,0,0,0,0,0,10.0,5.0,5.0,20.0,0,1000,26.52975082397461,0.1303541676066816,,max_step
2270,fresh,0,fresh,,,0,0.0,0,0,0,0,0,10.0,5.0,5.0,20.0,0,105,1.3240407705307007,0.00917409048193977,,out_of_road
2271,fresh,0,fresh,,,0,0.0,0,0,0,0,0,10.0,5.0,5.0,20.0,0,170,2.7650351524353027,0.016268955151933957,,out_of_road
2272,fresh,0,fresh,,,0,0.0,0,0,0,0,0,10.0,5.0,5.0,20.0,0,95,1.2278831005096436,0.019350094632490687,,out_of_road
2273,fresh,0,fresh,,,0,0.0,0,0,0,0,0,10.0,5.0,5.0,20.0,0,316,7.087291240692139,0.06823903168374791,,out_of_road
2274,fresh,0,fresh,,,0,0.0,0,0,0,0,0,10.0,5.0,5.0,20.0,0,291,6.526175498962402,0.02987301683923889,,out_of_road
2275,fresh,0,fresh,,,0,0.0,0,0,0,0,0,10.0,5.0,5.0,20.0,0,217,5.277342796325684,0.061689716051354114,,out_of_road
2276,fresh,0,fresh,,,0,0.0,0,0,0,0,0,10.0,5.0,5.0,20.0,0,159,2.4482569694519043,0.03673855443748663,,out_of_road
2277,fresh,0,fresh,,,0,0.0,0,0,0,0,0,10.0,5.0,5.0,20.0,0,1000,8.616850852966309,0.042493258055095795,,max_step
2278,fresh,0,fresh,,,0,0.0,0,0,0,0,0,10.0,5.0,5.0,20.0,0,175,2.8782596588134766,0.028312454255563873,,out_of_road
2279,fresh,0,fresh,,,0,0.0,0,0,0,0,0,10.0,5.0,5.0,20.0,0,1000,11.30531120300293,0.03759653920843266,,max_step
2280,fresh,0,fresh,,,0,0.0,0,0,0,0,0,10.0,5.0,5.0,20.0,0,18,-0.10759499669075012,0.024710417000783816,,out_of_road
2281,fresh,0,fresh,,,0,0.0,0,0,0,0,0,10.0,5.0,5.0,20.0,0,314,7.0497236251831055,0.101446402262137,,out_of_road
2282,fresh,0,fresh,,,0,0.0,0,0,0,0,0,10.0,5.0,5.0,20.0,0,22,-0.1072353944182396,0.02603951638395136,,out_of_road
2283,fresh,0,fresh,,,0,0.0,0,0,0,0,0,10.0,5.0,5.0,20.0,0,132,2.4159116744995117,0.01892168687261415,,arrive_dest
2284,fresh,0,fresh,,,0,0.0,0,0,0,0,0,10.0,5.0,5.0,20.0,0,976,24.246082305908203,0.07597702621712758,,arrive_dest
2285,fresh,0,fresh,,,0,0.0,0,0,0,0,0,10.0,5.0,5.0,20.0,0,374,8.70424747467041,0.0633306302750274,,arrive_dest
2286,fresh,0,fresh,,,0,0.0,0,0,0,0,0,10.0,5.0,5.0,20.0,0,159,2.8175199031829834,0.028813364441102406,,out_of_road
2287,fresh,0,fresh,,,0,0.0,0,0,0,0,0,10.0,5.0,5.0,20.0,0,41,0.0660991370677948,0.021918453821321814,,out_of_road
2288,fresh,0,fresh,,,0,0.0,0,0,0,0,0,10.0,5.0,5.0,20.0,0,389,10.290496826171875,0.06748290231707565,,arrive_dest
2289,fresh,0,fresh,,,0,0.0,0,0,0,0,0,10.0,5.0,5.0,20.0,0,348,8.386747360229492,0.07044996373788935,,out_of_road
2290,fresh,0,fresh,,,0,0.0,0,0,0,0,0,10.0,5.0,5.0,20.0,0,40,0.19915705919265747,0.006207543890923262,,out_of_road
2291,fresh,0,fresh,,,0,0.0,0,0,0,0,0,10.0,5.0,5.0,20.0,0,295,6.791897296905518,0.050903469103120144,,out_of_road
2292,fresh,0,fresh,,,0,0.0,0,0,0,0,0,10.0,5.0,5.0,20.0,0,339,6.6563568115234375,0.04603475419485771,,arrive_dest
2293,fresh,0,fresh,,,0,0.0,0,0,0,0,0,10.0,5.0,5.0,20.0,0,501,12.148917198181152,0.09145156438174303,,out_of_road
2294,fresh,0,fresh,,,0,0.0,0,0,0,0,0,10.0,5.0,5.0,20.0,0,467,10.06601619720459,0.06342105033689795,,out_of_road
2295,fresh,0,fresh,,,0,0.0,0,0,0,0,0,10.0,5.0,5.0,20.0,0,302,7.170442581176758,0.1123487912180112,,out_of_road
2296,fresh,0,fresh,,,0,0.0,0,0,0,0,0,10.0,5.0,5.0,20.0,0,329,8.716838836669922,0.08895673152939686,,arrive_dest
2297,fresh,0,fresh,,,0,0.0,0,0,0,0,0,10.0,5.0,5.0,20.0,0,17,-0.1066599041223526,0.05582582424668705,,out_of_road
2298,fresh,0,fresh,,,0,0.0,0,0,0,0,0,10.0,5.0,5.0,20.0,0,204,4.548527717590332,0.057439812815145534,,arrive_dest
2299,fresh,0,fresh,,,0,0.0,0,0,0,0,0,10.0,5.0,5.0,20.0,0,386,9.94888687133789,0.08262893280081952,,out_of_road
2300,fresh,0,fresh,,,0,0.0,0,0,0,0,0,10.0,5.0,5.0,20.0,0,165,3.9732730388641357,0.06319579276623148,,arrive_dest
2301,fresh,0,fresh,,,0,0.0,0,0,0,0,0,10.0,5.0,5.0,20.0,0,231,4.040122985839844,0.050215524585022556,,arrive_dest
2302,fresh,0,fresh,,,0,0.0,0,0,0,0,0,10.0,5.0,5.0,20.0,0,46,0.30315154790878296,0.033815201128954475,,out_of_road
2303,fresh,0,fresh,,,0,0.0,0,0,0,0,0,10.0,5.0,5.0,20.0,0,728,17.88865852355957,0.07553361512843397,,arrive_dest
2304,fresh,0,fresh,,,0,0.0,0,0,0,0,0,10.0,5.0,5.0,20.0,0,190,4.087587356567383,0.026926438971177528,,out_of_road
2305,fresh,0,fresh,,,0,0.0,0,0,0,0,0,10.0,5.0,5.0,20.0,0,405,9.393403053283691,0.07294192530479236,,arrive_dest
2306,fresh,0,fresh,,,0,0.0,0,0,0,0,0,10.0,5.0,5.0,20.0,0,203,2.883180618286133,0.04315828505371298,,out_of_road
2307,fresh,0,fresh,,,0,0.0,0,0,0,0,0,10.0,5.0,5.0,20.0,0,116,1.4909708499908447,0.012465486447487411,,out_of_road
2308,fresh,0,fresh,,,0,0.0,0,0,0,0,0,10.0,5.0,5.0,20.0,0,507,13.596866607666016,0.12271961561841357,,arrive_dest
2309,fresh,0,fresh,,,0,0.0,0,0,0,0,0,10.0,5.0,5.0,20.0,0,1000,0.0015200170455500484,2.2834435105323792e-05,,max_step
2310,fresh,0,fresh,,,0,0.0,0,0,0,0,0,10.0,5.0,5.0,20.0,0,162,2.7796859741210938,0.019426378386991995,,out_of_road
2311,fresh,0,fresh,,,0,0.0,0,0,0,0,0,10.0,5.0,5.0,20.0,0,620,16.02072525024414,0.058155839910520424,,arrive_dest
2312,fresh,0,fresh,,,0,0.0,0,0,0,0,0,10.0,5.0,5.0,20.0,0,214,5.295626163482666,0.05251221243883962,,out_of_road
2313,fresh,0,fresh,,,0,0.0,0,0,0,0,0,10.0,5.0,5.0,20.0,0,443,11.108794212341309,0.061799492136707726,,arrive_dest
2314,fresh,0,fresh,,,0,0.0,0,0,0,0,0,10.0,5.0,5.0,20.0,0,412,8.94874095916748,0.08008475857786834,,out_of_road
2315,fresh,0,fresh,,,0,0.0,0,0,0,0,0,10.0,5.0,5.0,20.0,0,556,14.785093307495117,0.15034380922991808,,out_of_road
2316,fresh,0,fresh,,,0,0.0,0,0,0,0,0,10.0,5.0,5.0,20.0,0,512,12.763492584228516,0.03988766795282572,,arrive_dest
2317,fresh,0,fresh,,,0,0.0,0,0,0,0,0,10.0,5.0,5.0,20.0,0,766,19.74776840209961,0.08119168613691433,,arrive_dest
2318,fresh,0,fresh,,,0,0.0,0,0,0,0,0,10.0,5.0,5.0,20.0,0,45,0.2993302345275879,0.06042996504240566,,out_of_road
2319,fresh,0,fresh,,,0,0.0,0,0,0,0,0,10.0,5.0,5.0,20.0,0,1000,-0.004584250506013632,0.0022265579886734488,,max_step
2320,fresh,0,fresh,,,0,0.0,0,0,0,0,0,10.0,5.0,5.0,20.0,0,101,1.5458567142486572,0.025391946592838457,,out_of_road
2321,fresh,0,fresh,,,0,0.0,0,0,0,0,0,10.0,5.0,5.0,20.0,0,639,16.251747131347656,0.08993481618500897,,out_of_road
2322,fresh,0,fresh,,,0,0.0,0,0,0,0,0,10.0,5.0,5.0,20.0,0,31,-0.014380760490894318,0.035068392753601074,,out_of_road
2323,fresh,0,fresh,,,0,0.0,0,0,0,0,0,10.0,5.0,5.0,20.0,0,156,2.889723300933838,0.042131472480459474,,out_of_road
2324,fresh,0,fresh,,,0,0.0,0,0,0,0,0,10.0,5.0,5.0,20.0,0,474,12.156229972839355,0.07918520689792617,,arrive_dest
2325,fresh,0,fresh,,,0,0.0,0,0,0,0,0,10.0,5.0,5.0,20.0,0,579,14.61971664428711,0.06258630410354707,,arrive_dest
2326,fresh,0,fresh,,,0,0.0,0,0,0,0,0,10.0,5.0,5.0,20.0,0,263,6.647910118103027,0.046671469367424404,,arrive_dest
2327,fresh,0,fresh,,,0,0.0,0,0,0,0,0,10.0,5.0,5.0,20.0,0,99,1.4380464553833008,0.020042175690483565,,out_of_road
2328,fresh,0,fresh,,,0,0.0,0,0,0,0,0,10.0,5.0,5.0,20.0,0,632,15.677816390991211,0.05541061662794002,,arrive_dest
2329,fresh,0,fresh,,,0,0.0,0,0,0,0,0,10.0,5.0,5.0,20.0,0,1000,0.20452216267585754,5.1629412919282916e-05,,max_step
2330,fresh,0,fresh,,,0,0.0,0,0,0,0,0,10.0,5.0,5.0,20.0,0,193,4.120306491851807,0.048324373063337,,out_of_road
2331,fresh,0,fresh,,,0,0.0,0,0,0,0,0,10.0,5.0,5.0,20.0,0,342,8.468436241149902,0.0709776854774321,,out_of_road
2332,fresh,0,fresh,,,0,0.0,0,0,0,0,0,10.0,5.0,5.0,20.0,0,332,8.066065788269043,0.04534851808622704,,arrive_dest
2333,fresh,0,fresh,,,0,0.0,0,0,0,0,0,10.0,5.0,5.0,20.0,0,96,1.029948115348816,0.02518136871124928,,out_of_road
2334,fresh,0,fresh,,,0,0.0,0,0,0,0,0,10.0,5.0,5.0,20.0,0,50,0.3691020905971527,0.04501168426126242,,out_of_road
2335,fresh,0,fresh,,,0,0.0,0,0,0,0,0,10.0,5.0,5.0,20.0,0,296,6.895795822143555,0.05821386455618021,,out_of_road
2336,fresh,0,fresh,,,0,0.0,0,0,0,0,0,10.0,5.0,5.0,20.0,0,587,14.66062068939209,0.14447429376690818,,out_of_road
2337,fresh,0,fresh,,,0,0.0,0,0,0,0,0,10.0,5.0,5.0,20.0,0,312,6.572460651397705,0.04662011847726834,,out_of_road
2338,fresh,0,fresh,,,0,0.0,0,0,0,0,0,10.0,5.0,5.0,20.0,0,564,15.217357635498047,0.08800661244515515,,arrive_dest
2339,fresh,0,fresh,,,0,0.0,0,0,0,0,0,10.0,5.0,5.0,20.0,0,161,2.854454517364502,0.026365452188628246,,out_of_road
2340,fresh,0,fresh,,,0,0.0,0,0,0,0,0,10.0,5.0,5.0,20.0,0,90,1.235541820526123,0.016187037393036816,,out_of_road
2341,fresh,0,fresh,,,0,0.0,0,0,0,0,0,10.0,5.0,5.0,20.0,0,233,4.672405242919922,0.04335230953847518,,arrive_dest
2342,fresh,0,fresh,,,0,0.0,0,0,0,0,0,10.0,5.0,5.0,20.0,0,235,5.74574613571167,0.05893263992595863,,out_of_road
2343,fresh,0,fresh,,,0,0.0,0,0,0,0,0,10.0,5.0,5.0,20.0,0,219,5.2617692947387695,0.05533491731855219,,out_of_road
2344,fresh,0,fresh,,,0,0.0,0,0,0,0,0,10.0,5.0,5.0,20.0,0,258,5.167716979980469,0.05885429445170444,,arrive_dest
2345,fresh,0,fresh,,,0,0.0,0,0,0,0,0,10.0,5.0,5.0,20.0,0,2,0.22481094300746918,0.0,,arrive_dest
2346,fresh,0,fresh,,,0,0.0,0,0,0,0,0,10.0,5.0,5.0,20.0,0,572,13.98305892944336,0.06296935645371701,,arrive_dest
2347,fresh,0,fresh,,,0,0.0,0,0,0,0,0,10.0,5.0,5.0,20.0,0,47,0.31584447622299194,0.01725431258215549,,out_of_road
2348,fresh,0,fresh,,,0,0.0,0,0,0,0,0,10.0,5.0,5.0,20.0,0,154,2.3760533332824707,0.02246394662742878,,out_of_road
2349,fresh,0,fresh,,,0,0.0,0,0,0,0,0,10.0,5.0,5.0,20.0,0,611,16.20485496520996,0.09754503408824924,,out_of_road
2350,fresh,0,fresh,,,0,0.0,0,0,0,0,0,10.0,5.0,5.0,20.0,0,815,20.266416549682617,0.10983013995620279,,out_of_road
2351,fresh,0,fresh,,,0,0.0,0,0,0,0,0,10.0,5.0,5.0,20.0,0,231,5.025973320007324,0.05801281005394084,,out_of_road
2352,fresh,0,fresh,,,0,0.0,0,0,0,0,0,10.0,5.0,5.0,20.0,0,220,5.247045040130615,0.03443788896441798,,out_of_road
2353,fresh,0,fresh,,,0,0.0,0,0,0,0,0,10.0,5.0,5.0,20.0,0,663,17.8333683013916,0.10561803956572276,,arrive_dest
2354,fresh,0,fresh,,,0,0.0,0,0,0,0,0,10.0,5.0,5.0,20.0,0,603,14.758955955505371,0.0768892964053587,,arrive_dest
2355,fresh,0,fresh,,,0,0.0,0,0,0,0,0,10.0,5.0,5.0,20.0,0,142,1.1578181982040405,0.0919796883220404,,out_of_road
2356,fresh,0,fresh,,,0,0.0,0,0,0,0,0,10.0,5.0,5.0,20.0,0,669,14.878782272338867,0.10191376135310072,,out_of_road
2357,fresh,0,fresh,,,0,0.0,0,0,0,0,0,10.0,5.0,5.0,20.0,0,616,13.958008766174316,0.11550702192150086,,arrive_dest
2358,fresh,0,fresh,,,0,0.0,0,0,0,0,0,10.0,5.0,5.0,20.0,0,162,2.553896188735962,0.013425156790303228,,out_of_road
2359,fresh,0,fresh,,,0,0.0,0,0,0,0,0,10.0,5.0,5.0,20.0,0,404,9.225286483764648,0.13437136689934068,,out_of_road
2360,fresh,0,fresh,,,0,0.0,0,0,0,0,0,10.0,5.0,5.0,20.0,0,1000,11.279091835021973,0.03956571028544568,,max_step
2361,fresh,0,fresh,,,0,0.0,0,0,0,0,0,10.0,5.0,5.0,20.0,0,135,2.011624574661255,0.07928658024304443,,out_of_road
2362,fresh,0,fresh,,,0,0.0,0,0,0,0,0,10.0,5.0,5.0,20.0,0,283,6.440755844116211,0.05317481256965482,,out_of_road
2363,fresh,0,fresh,,,0,0.0,0,0,0,0,0,10.0,5.0,5.0,20.0,0,229,5.163363456726074,0.05187357061005738,,arrive_dest
2364,fresh,0,fresh,,,0,0.0,0,0,0,0,0,10.0,5.0,5.0,20.0,0,377,8.998839378356934,0.10710393705415176,,arrive_dest
2365,fresh,0,fresh,,,0,0.0,0,0,0,0,0,10.0,5.0,5.0,20.0,0,91,1.2390491962432861,0.015114124342389814,,out_of_road
2366,fresh,0,fresh,,,0,0.0,0,0,0,0,0,10.0,5.0,5.0,20.0,0,88,1.0321120023727417,0.021011714357882738,,out_of_road
2367,fresh,0,fresh,,,0,0.0,0,0,0,0,0,10.0,5.0,5.0,20.0,0,480,12.051734924316406,0.0678613654987809,,arrive_dest
2368,fresh,0,fresh,,,0,0.0,0,0,0,0,0,10.0,5.0,5.0,20.0,0,438,10.18784236907959,0.08761340620200316,,arrive_dest
2369,fresh,0,fresh,,,0,0.0,0,0,0,0,0,10.0,5.0,5.0,20.0,0,898,22.211750030517578,0.11052774209249143,,arrive_dest
2370,fresh,0,fresh,,,0,0.0,0,0,0,0,0,10.0,5.0,5.0,20.0,0,415,9.306599617004395,0.12296646703259055,,out_of_road
2371,fresh,0,fresh,,,0,0.0,0,0,0,0,0,10.0,5.0,5.0,20.0,0,564,14.725935935974121,0.1272251907395899,,out_of_road
2372,fresh,0,fresh,,,0,0.0,0,0,0,0,0,10.0,5.0,5.0,20.0,0,109,1.5566383600234985,0.018208825191773408,,out_of_road
2373,fresh,0,fresh,,,0,0.0,0,0,0,0,0,10.0,5.0,5.0,20.0,0,1000,25.223522186279297,0.13525243139499799,,max_step
2374,fresh,0,fresh,,,0,0.0,0,0,0,0,0,10.0,5.0,5.0,20.0,0,244,5.084001064300537,0.05254218893385202,,out_of_road
2375,fresh,0,fresh,,,0,0.0,0,0,0,0,0,10.0,5.0,5.0,20.0,0,347,8.28784465789795,0.07686748331605915,,arrive_dest
2376,fresh,0,fresh,,,0,0.0,0,0,0,0,0,10.0,5.0,5.0,20.0,0,340,9.228300094604492,0.05528433365569286,,arrive_dest
2377,fresh,0,fresh,,,0,0.0,0,0,0,0,0,10.0,5.0,5.0,20.0,0,81,1.4966402053833008,0.010221300669658331,,arrive_dest
2378,fresh,0,fresh,,,0,0.0,0,0,0,0,0,10.0,5.0,5.0,20.0,0,362,8.109760284423828,0.0840285917054553,,out_of_road
2379,fresh,0,fresh,,,0,0.0,0,0,0,0,0,10.0,5.0,5.0,20.0,0,573,13.688812255859375,0.09435986371688142,,out_of_road
2380,fresh,0,fresh,,,0,0.0,0,0,0,0,0,10.0,5.0,5.0,20.0,0,248,5.7743635177612305,0.05179530008500742,,out_of_road
2381,fresh,0,fresh,,,0,0.0,0,0,0,0,0,10.0,5.0,5.0,20.0,0,299,7.243677616119385,0.07825486386898768,,out_of_road
2382,fresh,0,fresh,,,0,0.0,0,0,0,0,0,10.0,5.0,5.0,20.0,0,318,6.839832782745361,0.09135995560571691,,out_of_road
2383,fresh,0,fresh,,,0,0.0,0,0,0,0,0,10.0,5.0,5.0,20.0,0,286,5.85643196105957,0.03867661893543611,,out_of_road
2384,fresh,0,fresh,,,0,0.0,0,0,0,0,0,10.0,5.0,5.0,20.0,0,130,2.40983247756958,0.07423205464505232,,arrive_dest
2385,fresh,0,fresh,,,0,0.0,0,0,0,0,0,10.0,5.0,5.0,20.0,0,26,-0.1018705740571022,0.0,,out_of_road
2386,fresh,0,fresh,,,0,0.0,0,0,0,0,0,10.0,5.0,5.0,20.0,0,768,19.142107009887695,0.1000879270547254,,arrive_dest
2387,fresh,0,fresh,,,0,0.0,0,0,0,0,0,10.0,5.0,5.0,20.0,0,585,14.398077011108398,0.07268200588559844,,arrive_dest
2388,fresh,0,fresh,,,0,0.0,0,0,0,0,0,10.0,5.0,5.0,20.0,0,553,14.524944305419922,0.05934427952087378,,arrive_dest
2389,fresh,0,fresh,,,0,0.0,0,0,0,0,0,10.0,5.0,5.0,20.0,0,20,-0.10502900183200836,0.004639353789389134,,out_of_road
2390,fresh,0,fresh,,,0,0.0,0,0,0,0,0,10.0,5.0,5.0,20.0,0,390,9.393741607666016,0.06651245408022824,,arrive_dest
2391,fresh,0,fresh,,,0,0.0,0,0,0,0,0,10.0,5.0,5.0,20.0,0,588,16.066482543945312,0.07930591308549807,,arrive_dest
2392,fresh,0,fresh,,,0,0.0,0,0,0,0,0,10.0,5.0,5.0,20.0,0,107,1.395068645477295,0.020657282461908375,,out_of_road
2393,fresh,0,fresh,,,0,0.0,0,0,0,0,0,10.0,5.0,5.0,20.0,0,284,7.405319690704346,0.1138557240983445,,out_of_road
2394,fresh,0,fresh,,,0,0.0,0,0,0,0,0,10.0,5.0,5.0,20.0,0,372,9.347007751464844,0.05876414724425363,,out_of_road
2395,fresh,0,fresh,,,0,0.0,0,0,0,0,0,10.0,5.0,5.0,20.0,0,255,6.758696556091309,0.08299409653078399,,out_of_road
2396,fresh,0,fresh,,,0,0.0,0,0,0,0,0,10.0,5.0,5.0,20.0,0,466,10.547309875488281,0.04974216311098808,,out_of_road
2397,fresh,0,fresh,,,0,0.0,0,0,0,0,0,10.0,5.0,5.0,20.0,0,645,17.744606018066406,0.11330666131838117,,arrive_dest
2398,fresh,0,fresh,,,0,0.0,0,0,0,0,0,10.0,5.0,5.0,20.0,0,545,13.532787322998047,0.05834234878890763,,arrive_dest
2399,fresh,0,fresh,,,0,0.0,0,0,0,0,0,10.0,5.0,5.0,20.0,0,351,8.32000732421875,0.06724874516736791,,out_of_road
2400,fresh,0,fresh,,,0,0.0,0,0,0,0,0,10.0,5.0,5.0,20.0,0,512,14.09571647644043,0.1281553139524476,,out_of_road
2401,fresh,0,fresh,,,0,0.0,0,0,0,0,0,10.0,5.0,5.0,20.0,0,114,1.3301199674606323,0.027980274275729532,,out_of_road
2402,fresh,0,fresh,,,0,0.0,0,0,0,0,0,10.0,5.0,5.0,20.0,0,390,10.229602813720703,0.050412032363387066,,arrive_dest
2403,fresh,0,fresh,,,0,0.0,0,0,0,0,0,10.0,5.0,5.0,20.0,0,84,0.8455320596694946,0.0162544621797722,,out_of_road
2404,fresh,0,fresh,,,0,0.0,0,0,0,0,0,10.0,5.0,5.0,20.0,0,229,4.949820041656494,0.06844857242060053,,out_of_road
2405,fresh,0,fresh,,,0,0.0,0,0,0,0,0,10.0,5.0,5.0,20.0,0,631,16.483732223510742,0.0857277768855935,,out_of_road
2406,fresh,0,fresh,,,0,0.0,0,0,0,0,0,10.0,5.0,5.0,20.0,0,550,14.301058769226074,0.1249203183518892,,out_of_road
2407,fresh,0,fresh,,,0,0.0,0,0,0,0,0,10.0,5.0,5.0,20.0,0,92,1.1967546939849854,0.010311903998903606,,out_of_road
2408,fresh,0,fresh,,,0,0.0,0,0,0,0,0,10.0,5.0,5.0,20.0,0,835,20.95525550842285,0.07216477198637798,,out_of_road
2409,fresh,0,fresh,,,0,0.0,0,0,0,0,0,10.0,5.0,5.0,20.0,0,277,7.3717193603515625,0.10505822990240953,,out_of_road
2410,fresh,0,fresh,,,0,0.0,0,0,0,0,0,10.0,5.0,5.0,20.0,0,303,5.497097969055176,0.07216398753748328,,arrive_dest
2411,fresh,0,fresh,,,0,0.0,0,0,0,0,0,10.0,5.0,5.0,20.0,0,195,4.1729841232299805,0.0296310301631307,,out_of_road
2412,fresh,0,fresh,,,0,0.0,0,0,0,0,0,10.0,5.0,5.0,20.0,0,243,5.1115288734436035,0.03830116099980756,,out_of_road
2413,fresh,0,fresh,,,0,0.0,0,0,0,0,0,10.0,5.0,5.0,20.0,0,215,5.130207061767578,0.04308070470037502,,out_of_road
2414,fresh,0,fresh,,,0,0.0,0,0,0,0,0,10.0,5.0,5.0,20.0,0,342,8.173182487487793,0.029515698708713664,,arrive_dest
2415,fresh,0,fresh,,,0,0.0,0,0,0,0,0,10.0,5.0,5.0,20.0,0,505,11.711752891540527,0.04138615194772656,,out_of_road
2416,fresh,0,fresh,,,0,0.0,0,0,0,0,0,10.0,5.0,5.0,20.0,0,93,1.3039517402648926,0.009799588381523085,,out_of_road
2417,fresh,0,fresh,,,0,0.0,0,0,0,0,0,10.0,5.0,5.0,20.0,0,923,22.806241989135742,0.11816205811017835,,out_of_road
2418,fresh,0,fresh,,,0,0.0,0,0,0,0,0,10.0,5.0,5.0,20.0,0,74,1.4196323156356812,0.06653576485208564,,arrive_dest
2419,fresh,0,fresh,,,0,0.0,0,0,0,0,0,10.0,5.0,5.0,20.0,0,375,9.163505554199219,0.14108655864745379,,out_of_road
2420,fresh,0,fresh,,,0,0.0,0,0,0,0,0,10.0,5.0,5.0,20.0,0,344,7.8375139236450195,0.05597187527374169,,arrive_dest
2421,fresh,0,fresh,,,0,0.0,0,0,0,0,0,10.0,5.0,5.0,20.0,0,371,9.895868301391602,0.0965821785711736,,arrive_dest
2422,fresh,0,fresh,,,0,0.0,0,0,0,0,0,10.0,5.0,5.0,20.0,0,2,0.22402702271938324,0.0,,arrive_dest
2423,fresh,0,fresh,,,0,0.0,0,0,0,0,0,10.0,5.0,5.0,20.0,0,290,6.685695648193359,0.04343476307835301,,out_of_road
2424,fresh,0,fresh,,,0,0.0,0,0,0,0,0,10.0,5.0,5.0,20.0,0,126,1.7241768836975098,0.01539261241458238,,out_of_road
2425,fresh,0,fresh,,,0,0.0,0,0,0,0,0,10.0,5.0,5.0,20.0,0,381,7.975608825683594,0.04791265145662849,,arrive_dest
2426,fresh,0,fresh,,,0,0.0,0,0,0,0,0,10.0,5.0,5.0,20.0,0,597,15.645559310913086,0.0718039670969645,,arrive_dest
2427,fresh,0,fresh,,,0,0.0,0,0,0,0,0,10.0,5.0,5.0,20.0,0,92,0.8317291736602783,0.030360367594529755,,out_of_road
2428,fresh,0,fresh,,,0,0.0,0,0,0,0,0,10.0,5.0,5.0,20.0,0,184,2.849904775619507,0.010470008232084143,,out_of_road
2429,fresh,0,fresh,,,0,0.0,0,0,0,0,0,10.0,5.0,5.0,20.0,0,710,18.087665557861328,0.05217974259875531,,arrive_dest
2430,fresh,0,fresh,,,0,0.0,0,0,0,0,0,10.0,5.0,5.0,20.0,0,459,11.766007423400879,0.06881906753489626,,arrive_dest
2431,fresh,0,fresh,,,0,0.0,0,0,0,0,0,10.0,5.0,5.0,20.0,0,188,2.8370795249938965,0.02268731091765964,,out_of_road
2432,fresh,0,fresh,,,0,0.0,0,0,0,0,0,10.0,5.0,5.0,20.0,0,360,7.344151496887207,0.03872204292694935,,out_of_road
2433,fresh,0,fresh,,,0,0.0,0,0,0,0,0,10.0,5.0,5.0,20.0,0,709,16.308734893798828,0.061602630807488776,,out_of_road
2434,fresh,0,fresh,,,0,0.0,0,0,0,0,0,10.0,5.0,5.0,20.0,0,373,7.839250087738037,0.02796235375403459,,out_of_road
2435,fresh,0,fresh,,,0,0.0,0,0,0,0,0,10.0,5.0,5.0,20.0,0,100,1.3707231283187866,0.019256393229588865,,out_of_road
2436,fresh,0,fresh,,,0,0.0,0,0,0,0,0,10.0,5.0,5.0,20.0,0,811,19.431360244750977,0.08498690998581905,,arrive_dest
2437,fresh,0,fresh,,,0,0.0,0,0,0,0,0,10.0,5.0,5.0,20.0,0,537,13.660419464111328,0.06032525573369789,,arrive_dest
2438,fresh,0,fresh,,,0,0.0,0,0,0,0,0,10.0,5.0,5.0,20.0,0,345,6.666409492492676,0.042445239446301394,,arrive_dest
2439,fresh,0,fresh,,,0,0.0,0,0,0,0,0,10.0,5.0,5.0,20.0,0,543,13.04999828338623,0.05672935960714878,,arrive_dest
2440,fresh,0,fresh,,,0,0.0,0,0,0,0,0,10.0,5.0,5.0,20.0,0,260,6.6997551918029785,0.12315280928204839,,out_of_road
2441,fresh,0,fresh,,,0,0.0,0,0,0,0,0,10.0,5.0,5.0,20.0,0,153,2.381334066390991,0.01943617557278938,,out_of_road
2442,fresh,0,fresh,,,0,0.0,0,0,0,0,0,10.0,5.0,5.0,20.0,0,170,2.543590545654297,0.016137076563694897,,out_of_road
2443,fresh,0,fresh,,,0,0.0,0,0,0,0,0,10.0,5.0,5.0,20.0,0,154,2.5197513103485107,0.042055712444344896,,out_of_road
2444,fresh,0,fresh,,,0,0.0,0,0,0,0,0,10.0,5.0,5.0,20.0,0,1000,5.867013454437256,0.0248612127546221,,max_step
2445,fresh,0,fresh,,,0,0.0,0,0,0,0,0,10.0,5.0,5.0,20.0,0,479,11.603205680847168,0.06080767561609629,,arrive_dest
2446,fresh,0,fresh,,,0,0.0,0,0,0,0,0,10.0,5.0,5.0,20.0,0,642,13.799426078796387,0.07425898409827911,,out_of_road
2447,fresh,0,fresh,,,0,0.0,0,0,0,0,0,10.0,5.0,5.0,20.0,0,209,5.203377723693848,0.07140385326105014,,out_of_road
2448,fresh,0,fresh,,,0,0.0,0,0,0,0,0,10.0,5.0,5.0,20.0,0,105,1.1631245613098145,0.053336964835900634,,out_of_road
2449,fresh,0,fresh,,,0,0.0,0,0,0,0,0,10.0,5.0,5.0,20.0,0,216,5.207164764404297,0.06979589020246985,,out_of_road
2450,fresh,0,fresh,,,0,0.0,0,0,0,0,0,10.0,5.0,5.0,20.0,0,580,14.607407569885254,0.06832270036001914,,arrive_dest
2451,fresh,0,fresh,,,0,0.0,0,0,0,0,0,10.0,5.0,5.0,20.0,0,213,4.036149978637695,0.045660134842138336,,out_of_road
2452,fresh,0,fresh,,,0,0.0,0,0,0,0,0,10.0,5.0,5.0,20.0,0,665,15.125612258911133,0.062318717256622545,,arrive_dest
2453,fresh,0,fresh,,,0,0.0,0,0,0,0,0,10.0,5.0,5.0,20.0,0,46,0.2176150530576706,0.04329811432398856,,out_of_road
2454,fresh,0,fresh,,,0,0.0,0,0,0,0,0,10.0,5.0,5.0,20.0,0,22,-0.12484721094369888,0.07507655295458707,,out_of_road
2455,fresh,0,fresh,,,0,0.0,0,0,0,0,0,10.0,5.0,5.0,20.0,0,604,14.123180389404297,0.05803719514576928,,out_of_road
2456,fresh,0,fresh,,,0,0.0,0,0,0,0,0,10.0,5.0,5.0,20.0,0,47,0.3061673939228058,0.0713676422279566,,out_of_road
2457,fresh,0,fresh,,,0,0.0,0,0,0,0,0,10.0,5.0,5.0,20.0,0,221,5.313365459442139,0.08527572696177263,,out_of_road
2458,fresh,0,fresh,,,0,0.0,0,0,0,0,0,10.0,5.0,5.0,20.0,0,121,2.2985780239105225,0.02556973215854488,,arrive_dest
2459,fresh,0,fresh,,,0,0.0,0,0,0,0,0,10.0,5.0,5.0,20.0,0,233,4.952142238616943,0.05601815467144766,,out_of_road
2460,fresh,0,fresh,,,0,0.0,0,0,0,0,0,10.0,5.0,5.0,20.0,0,353,5.835325241088867,0.025115743193712094,,out_of_road
2461,fresh,0,fresh,,,0,0.0,0,0,0,0,0,10.0,5.0,5.0,20.0,0,516,12.609099388122559,0.047066943911301305,,arrive_dest
2462,fresh,0,fresh,,,0,0.0,0,0,0,0,0,10.0,5.0,5.0,20.0,0,190,4.32632303237915,0.0658036065287888,,arrive_dest
2463,fresh,0,fresh,,,0,0.0,0,0,0,0,0,10.0,5.0,5.0,20.0,0,98,1.2904720306396484,0.02182162563288014,,out_of_road
2464,fresh,0,fresh,,,0,0.0,0,0,0,0,0,10.0,5.0,5.0,20.0,0,474,10.576995849609375,0.049656165900290455,,arrive_dest
2465,fresh,0,fresh,,,0,0.0,0,0,0,0,0,10.0,5.0,5.0,20.0,0,380,9.019408226013184,0.1384452497537591,,out_of_road
2466,fresh,0,fresh,,,0,0.0,0,0,0,0,0,10.0,5.0,5.0,20.0,0,514,11.175039291381836,0.13458481602414224,,out_of_road
2467,fresh,0,fresh,,,0,0.0,0,0,0,0,0,10.0,5.0,5.0,20.0,0,410,9.32081127166748,0.04390556230777647,,out_of_road
2468,fresh,0,fresh,,,0,0.0,0,0,0,0,0,10.0,5.0,5.0,20.0,0,156,3.690443515777588,0.044299197054874055,,arrive_dest
2469,fresh,0,fresh,,,0,0.0,0,0,0,0,0,10.0,5.0,5.0,20.0,0,784,19.613710403442383,0.12025469546835889,,arrive_dest
2470,fresh,0,fresh,,,0,0.0,0,0,0,0,0,10.0,5.0,5.0,20.0,0,135,1.8128397464752197,0.02059841117028285,,out_of_road
2471,fresh,0,fresh,,,0,0.0,0,0,0,0,0,10.0,5.0,5.0,20.0,0,374,8.597461700439453,0.1094576635343187,,arrive_dest
2472,fresh,0,fresh,,,0,0.0,0,0,0,0,0,10.0,5.0,5.0,20.0,0,35,-0.005804382264614105,0.0,,out_of_road
2473,fresh,0,fresh,,,0,0.0,0,0,0,0,0,10.0,5.0,5.0,20.0,0,494,11.333075523376465,0.05244885736403361,,out_of_road
2474,fresh,0,fresh,,,0,0.0,0,0,0,0,0,10.0,5.0,5.0,20.0,0,352,7.377235412597656,0.059771309582918715,,out_of_road
2475,fresh,0,fresh,,,0,0.0,0,0,0,0,0,10.0,5.0,5.0,20.0,0,618,15.189217567443848,0.07070224319696185,,arrive_dest
2476,fresh,0,fresh,,,0,0.0,0,0,0,0,0,10.0,5.0,5.0,20.0,0,446,11.401506423950195,0.128547479628247,,arrive_dest
2477,fresh,0,fresh,,,0,0.0,0,0,0,0,0,10.0,5.0,5.0,20.0,0,185,4.26421594619751,0.07596286142219764,,out_of_road
2478,fresh,0,fresh,,,0,0.0,0,0,0,0,0,10.0,5.0,5.0,20.0,0,109,1.703163743019104,0.012432485838087464,,out_of_road
2479,fresh,0,fresh,,,0,0.0,0,0,0,0,0,10.0,5.0,5.0,20.0,0,405,9.427581787109375,0.13962203949045987,,out_of_road
2480,fresh,0,fresh,,,0,0.0,0,0,0,0,0,10.0,5.0,5.0,20.0,0,172,2.8494625091552734,0.03146205850075497,,arrive_dest
2481,fresh,0,fresh,,,0,0.0,0,0,0,0,0,10.0,5.0,5.0,20.0,0,236,5.402853488922119,0.11400066462041558,,out_of_road
2482,fresh,0,fresh,,,0,0.0,0,0,0,0,0,10.0,5.0,5.0,20.0,0,669,16.406330108642578,0.14668381221102403,,out_of_road
2483,fresh,0,fresh,,,0,0.0,0,0,0,0,0,10.0,5.0,5.0,20.0,0,38,-0.09047653526067734,0.007139292986769425,,out_of_road
2484,fresh,0,fresh,,,0,0.0,0,0,0,0,0,10.0,5.0,5.0,20.0,0,1000,6.954656600952148,0.028976847510086372,,max_step
2485,fresh,0,fresh,,,0,0.0,0,0,0,0,0,10.0,5.0,5.0,20.0,0,116,1.6723411083221436,0.022416216754836255,,out_of_road
2486,fresh,0,fresh,,,0,0.0,0,0,0,0,0,10.0,5.0,5.0,20.0,0,105,1.5019428730010986,0.02574532338905902,,out_of_road
2487,fresh,0,fresh,,,0,0.0,0,0,0,0,0,10.0,5.0,5.0,20.0,0,110,1.2656869888305664,0.013285615616901354,,out_of_road
2488,fresh,0,fresh,,,0,0.0,0,0,0,0,0,10.0,5.0,5.0,20.0,0,544,13.899206161499023,0.12366139159455676,,out_of_road
2489,fresh,0,fresh,,,0,0.0,0,0,0,0,0,10.0,5.0,5.0,20.0,0,298,7.475910663604736,0.10501591083765555,,arrive_dest
2490,fresh,0,fresh,,,0,0.0,0,0,0,0,0,10.0,5.0,5.0,20.0,0,266,4.294565677642822,0.064483685411961,,out_of_road
2491,fresh,0,fresh,,,0,0.0,0,0,0,0,0,10.0,5.0,5.0,20.0,0,556,13.226503372192383,0.07824150673434115,,arrive_dest
2492,fresh,0,fresh,,,0,0.0,0,0,0,0,0,10.0,5.0,5.0,20.0,0,1000,-0.015788668766617775,0.0008149147182703018,,max_step
2493,fresh,0,fresh,,,0,0.0,0,0,0,0,0,10.0,5.0,5.0,20.0,0,221,5.224149227142334,0.08062953083476734,,out_of_road
2494,fresh,0,fresh,,,0,0.0,0,0,0,0,0,10.0,5.0,5.0,20.0,0,94,1.1749552488327026,0.006917302635438899,,out_of_road
2495,fresh,0,fresh,,,0,0.0,0,0,0,0,0,10.0,5.0,5.0,20.0,0,509,12.380941390991211,0.06950899422322428,,arrive_dest
2496,fresh,0,fresh,,,0,0.0,0,0,0,0,0,10.0,5.0,5.0,20.0,0,1000,8.435214042663574,0.044042700981721285,,max_step
2497,fresh,0,fresh,,,0,0.0,0,0,0,0,0,10.0,5.0,5.0,20.0,0,19,-0.10436464101076126,0.027294420098003588,,out_of_road
2498,fresh,0,fresh,,,0,0.0,0,0,0,0,0,10.0,5.0,5.0,20.0,0,897,24.386625289916992,0.11329095185201703,,arrive_dest
2499,fresh,0,fresh,,,0,0.0,0,0,0,0,0,10.0,5.0,5.0,20.0,0,451,11.170032501220703,0.07545930428116555,,arrive_dest
2500,fresh,0,fresh,,,0,0.0,0,0,0,0,0,10.0,5.0,5.0,20.0,0,338,7.98972749710083,0.09431741398844604,,arrive_dest
2501,fresh,0,fresh,,,0,0.0,0,0,0,0,0,10.0,5.0,5.0,20.0,0,312,7.686446666717529,0.06440478431445976,,arrive_dest
2502,fresh,0,fresh,,,0,0.0,0,0,0,0,0,10.0,5.0,5.0,20.0,0,477,11.44543743133545,0.04500739843988756,,arrive_dest
2503,fresh,0,fresh,,,0,0.0,0,0,0,0,0,10.0,5.0,5.0,20.0,0,717,18.906368255615234,0.0840001064778086,,arrive_dest
2504,fresh,0,fresh,,,0,0.0,0,0,0,0,0,10.0,5.0,5.0,20.0,0,286,6.905158519744873,0.06033505769886102,,out_of_road
2505,fresh,0,fresh,,,0,0.0,0,0,0,0,0,10.0,5.0,5.0,20.0,0,768,19.23607635498047,0.10160813280860263,,arrive_dest
2506,fresh,0,fresh,,,0,0.0,0,0,0,0,0,10.0,5.0,5.0,20.0,0,361,7.457344055175781,0.06276213764335568,,out_of_road
2507,fresh,0,fresh,,,0,0.0,0,0,0,0,0,10.0,5.0,5.0,20.0,0,482,11.958773612976074,0.08669714906535023,,out_of_road
2508,fresh,0,fresh,,,0,0.0,0,0,0,0,0,10.0,5.0,5.0,20.0,0,318,5.163304328918457,0.01993793800821727,,out_of_road
2509,fresh,0,fresh,,,0,0.0,0,0,0,0,0,10.0,5.0,5.0,20.0,0,336,8.45943832397461,0.07412906605168246,,arrive_dest
2510,fresh,0,fresh,,,0,0.0,0,0,0,0,0,10.0,5.0,5.0,20.0,0,705,17.613101959228516,0.1283407672911103,,out_of_road
2511,fresh,0,fresh,,,0,0.0,0,0,0,0,0,10.0,5.0,5.0,20.0,0,831,21.435983657836914,0.11441088181351021,,arrive_dest
2512,fresh,0,fresh,,,0,0.0,0,0,0,0,0,10.0,5.0,5.0,20.0,0,18,-0.10760004818439484,0.0,,out_of_road
2513,fresh,0,fresh,,,0,0.0,0,0,0,0,0,10.0,5.0,5.0,20.0,0,87,0.8178730010986328,0.01647792576715864,,out_of_road
2514,fresh,0,fresh,,,0,0.0,0,0,0,0,0,10.0,5.0,5.0,20.0,0,241,5.627612113952637,0.05945832174487752,,out_of_road
2515,fresh,0,fresh,,,0,0.0,0,0,0,0,0,10.0,5.0,5.0,20.0,0,440,11.129517555236816,0.08897256360558624,,arrive_dest
2516,fresh,0,fresh,,,0,0.0,0,0,0,0,0,10.0,5.0,5.0,20.0,0,510,11.604789733886719,0.05378922938423998,,arrive_dest
2517,fresh,0,fresh,,,0,0.0,0,0,0,0,0,10.0,5.0,5.0,20.0,0,182,3.7054638862609863,0.029975103710747356,,out_of_road
2518,fresh,0,fresh,,,0,0.0,0,0,0,0,0,10.0,5.0,5.0,20.0,0,876,22.832246780395508,0.08521106294845338,,out_of_road
2519,fresh,0,fresh,,,0,0.0,0,0,0,0,0,10.0,5.0,5.0,20.0,0,335,8.126073837280273,0.06727552421724618,,out_of_road
2520,fresh,0,fresh,,,0,0.0,0,0,0,0,0,10.0,5.0,5.0,20.0,0,183,3.996579885482788,0.01602903415087631,,arrive_dest
2521,fresh,0,fresh,,,0,0.0,0,0,0,0,0,10.0,5.0,5.0,20.0,0,311,8.447443008422852,0.07928576969939892,,arrive_dest
2522,fresh,0,fresh,,,0,0.0,0,0,0,0,0,10.0,5.0,5.0,20.0,0,8,0.23105096817016602,0.0,,arrive_dest
2523,fresh,0,fresh,,,0,0.0,0,0,0,0,0,10.0,5.0,5.0,20.0,0,559,13.853419303894043,0.0752968531849999,,arrive_dest
2524,fresh,0,fresh,,,0,0.0,0,0,0,0,0,10.0,5.0,5.0,20.0,0,837,23.44189453125,0.11505786843904992,,arrive_dest
2525,fresh,0,fresh,,,0,0.0,0,0,0,0,0,10.0,5.0,5.0,20.0,0,810,20.700809478759766,0.09620557004588737,,arrive_dest
2526,fresh,0,fresh,,,0,0.0,0,0,0,0,0,10.0,5.0,5.0,20.0,0,590,14.428284645080566,0.04388146367894833,,out_of_road
2527,fresh,0,fresh,,,0,0.0,0,0,0,0,0,10.0,5.0,5.0,20.0,0,278,6.760336399078369,0.07554506768117385,,out_of_road
2528,fresh,0,fresh,,,0,0.0,0,0,0,0,0,10.0,5.0,5.0,20.0,0,237,4.961782932281494,0.02907693721275415,,arrive_dest
