episode,op_actual,category_id,generation_source,params_mutated,params_crossed,n_params_differ,ego_on_intersection,intersection_has_cars,distractor_cars,has_brake_checker,has_cluster,maximum_distractor_speed,distance_to_nearest,cluster_dist,brake_dist,intersection_cars,num_steps,reward_sum,pvl,failure,termination_reason
0,fresh,0,fresh,,,0,0,0,1,1,1,15.0,10.0,15.0,20.0,1,999,10.721665382385254,0.1997487097978592,,max_step
1,fresh,1,fresh,,,0,1,1,2,1,0,20.0,20.0,10.0,35.0,2,1000,10.529073715209961,0.1868015892934054,,max_step
2,fresh,0,fresh,,,0,0,0,1,1,1,5.0,20.0,10.0,35.0,1,1000,16.298633575439453,0.2657954386109486,,max_step
3,fresh,4,fresh,,,0,1,0,8,1,0,5.0,5.0,10.0,20.0,3,936,4.283570289611816,0.15270523455304405,,out_of_road
4,fresh,4,fresh,,,0,0,0,8,1,1,20.0,40.0,5.0,55.0,1,462,2.626838207244873,0.21957404781092618,,out_of_road
5,fresh,1,fresh,,,0,0,0,2,1,1,15.0,5.0,10.0,55.0,0,283,-0.5926861763000488,0.19865376507540894,,crash_vehicle
6,fresh,0,fresh,,,0,0,0,0,0,0,20.0,40.0,10.0,20.0,0,484,4.701833724975586,0.2617193910231706,,out_of_road
7,fresh,2,fresh,,,0,0,0,3,1,0,20.0,5.0,5.0,20.0,0,692,10.354715347290039,0.30689468113113344,,out_of_road
8,fresh,6,fresh,,,0,1,0,18,1,1,10.0,40.0,15.0,55.0,2,509,6.941256523132324,0.3145130761845992,,out_of_road
9,fresh,6,fresh,,,0,0,0,18,1,1,20.0,10.0,15.0,35.0,2,311,2.023836135864258,0.32806305109652006,,out_of_road
10,fresh,0,fresh,,,0,0,0,1,0,1,15.0,20.0,10.0,10.0,1,114,-5.444664001464844,0.010831223964168314,,out_of_road
11,fresh,3,fresh,,,0,0,0,4,0,1,15.0,5.0,15.0,10.0,2,1000,22.856674194335938,0.29629418553225695,,max_step
12,fresh,4,fresh,,,0,1,0,8,1,1,10.0,5.0,10.0,20.0,2,169,0.23592233657836914,0.2838220849809562,,crash_vehicle
13,fresh,0,fresh,,,0,0,0,1,1,0,15.0,40.0,10.0,55.0,1,2,10.0,9.32003402709961,,arrive_dest
14,fresh,3,fresh,,,0,1,0,4,0,1,5.0,20.0,15.0,20.0,2,738,19.33241081237793,0.44536967334769123,,out_of_road
15,fresh,4,fresh,,,0,1,0,8,0,1,5.0,5.0,10.0,55.0,2,410,3.4516658782958984,0.19377795474649204,,out_of_road
16,fresh,0,fresh,,,0,0,0,0,0,0,10.0,5.0,5.0,20.0,0,137,0.38022899627685547,0.3958330162032677,rejection_fallback,out_of_road
17,fresh,3,fresh,,,0,1,0,5,1,1,20.0,40.0,5.0,55.0,0,264,4.04105281829834,0.424646554578265,,out_of_road
18,fresh,0,fresh,,,0,0,0,1,1,1,20.0,20.0,15.0,35.0,1,924,28.027565002441406,0.48327272502278096,,out_of_road
19,fresh,0,fresh,,,0,0,0,0,0,0,20.0,5.0,15.0,55.0,0,228,19.10384178161621,1.3996839450116743,,arrive_dest
20,fresh,0,fresh,,,0,0,0,0,1,0,15.0,20.0,5.0,35.0,0,463,-6.992942810058594,0.10103103104922478,,out_of_road
21,fresh,5,fresh,,,0,0,0,12,0,1,10.0,10.0,5.0,10.0,1,1000,24.754161834716797,0.34145583844790234,,max_step
22,fresh,0,fresh,,,0,0,0,0,0,0,10.0,5.0,5.0,20.0,0,90,-3.213639259338379,0.16504371309032043,rejection_fallback,out_of_road
23,fresh,3,fresh,,,0,0,0,4,1,0,15.0,10.0,10.0,20.0,1,294,6.563794136047363,0.5883778645752036,,crash_vehicle
24,fresh,0,fresh,,,0,1,1,1,0,1,10.0,20.0,5.0,20.0,1,297,6.719089508056641,0.43520128435803335,,out_of_road
25,fresh,5,fresh,,,0,0,0,12,1,0,20.0,10.0,5.0,20.0,1,198,2.4238181114196777,0.3638297634556739,,out_of_road
26,crossover,0,crossover,,has_brake_checker|maximum_distractor_speed|distance_to_nearest|brake_dist,0,0,0,1,1,0,15.0,40.0,10.0,55.0,1,273,7.9234514236450195,0.5352981044150098,,out_of_road
27,fresh,2,fresh,,,0,0,0,3,1,0,5.0,5.0,5.0,35.0,3,409,15.894363403320312,0.6163962665116437,,out_of_road
28,replay,2,replay,,,0,0,0,3,1,0,5.0,5.0,5.0,35.0,3,180,4.371830940246582,0.5298264916468826,,out_of_road
29,fresh,0,fresh,,,0,0,0,0,0,0,10.0,5.0,5.0,20.0,0,1000,41.596641540527344,0.6119970142529346,rejection_fallback,max_step
30,replay,0,replay,,,0,0,0,0,0,0,10.0,5.0,5.0,20.0,0,50,-0.40941619873046875,0.4808886182308197,,crash_vehicle
31,fresh,2,fresh,,,0,1,1,3,1,1,15.0,40.0,15.0,55.0,2,212,2.3942604064941406,0.49559256339551144,,out_of_road
32,mutation,0,mutation,cluster_dist,,1,0,0,1,1,0,15.0,40.0,5.0,55.0,1,194,2.250657081604004,0.32394694588291123,,out_of_road
33,fresh,2,fresh,,,0,0,0,3,0,0,5.0,40.0,10.0,20.0,3,396,9.364218711853027,0.5502424614522794,,out_of_road
34,replay,2,replay,,,0,0,0,3,0,0,5.0,40.0,10.0,20.0,3,339,7.095024108886719,0.49682185971136905,,out_of_road
35,fresh,2,fresh,,,0,1,0,3,1,0,15.0,20.0,10.0,35.0,2,264,3.154574394226074,0.3776451236935276,,crash_vehicle
36,mutation,0,mutation,has_brake_checker,,0,0,0,1,1,0,15.0,40.0,10.0,55.0,1,144,-0.7191152572631836,0.4397758502163924,,out_of_road
37,fresh,3,fresh,,,0,1,0,5,1,0,5.0,20.0,15.0,35.0,0,292,9.797765731811523,0.5672537912040541,,out_of_road
38,mutation,6,mutation,has_cluster,,1,0,0,18,1,0,20.0,10.0,15.0,35.0,2,211,2.7467703819274902,0.3295374628712569,,out_of_road
39,fresh,0,fresh,,,0,1,1,1,1,1,10.0,40.0,15.0,55.0,1,72,-0.17528438568115234,0.3595031483305825,,crash_vehicle
40,replay,0,replay,,,0,1,1,1,1,1,10.0,40.0,15.0,55.0,1,173,0.21538543701171875,0.25149581280962235,,out_of_road
41,fresh,3,fresh,,,0,1,0,4,1,0,10.0,40.0,10.0,55.0,0,214,0.3584294319152832,0.24044694925580068,,out_of_road
42,mutation,6,mutation,select_road|select_lane|ego_on_intersection|intersection_has_cars,,2,1,0,18,1,1,20.0,10.0,15.0,35.0,2,183,2.4940061569213867,0.4291148205272487,,crash_vehicle
43,fresh,3,fresh,,,0,1,1,4,0,1,10.0,20.0,10.0,10.0,3,185,3.5145750045776367,0.43682136303065594,,out_of_road
44,crossover,2,crossover,,select_lane|ego_on_intersection|intersection_has_cars|distractor_cars|has_brake_checker|maximum_distractor_speed|distance_to_nearest|cluster_dist|brake_dist,6,0,0,3,1,0,20.0,5.0,5.0,20.0,2,227,2.101132392883301,0.2794765810182704,,out_of_road
45,fresh,6,fresh,,,0,0,0,18,1,0,5.0,40.0,10.0,55.0,1,169,5.129633903503418,0.7770235648698355,,crash_vehicle
46,mutation,5,mutation,has_cluster,,0,0,0,12,1,0,20.0,10.0,5.0,20.0,1,296,9.0424222946167,0.4930165913459417,,out_of_road
47,fresh,3,fresh,,,0,1,1,4,0,1,10.0,40.0,15.0,10.0,3,934,-9.168264389038086,0.07841035034667054,,out_of_road
48,replay,3,replay,,,0,1,1,4,0,1,10.0,40.0,15.0,10.0,3,173,3.976691246032715,0.5099474738615786,,out_of_road
49,fresh,0,fresh,,,0,0,0,0,0,0,15.0,40.0,15.0,35.0,0,422,15.593093872070312,0.5744673656696957,,out_of_road
50,crossover,6,crossover,,select_lane|ego_on_intersection|intersection_has_cars|has_brake_checker|intersection_cars|maximum_distractor_speed|distance_to_nearest,0,0,0,18,1,1,20.0,10.0,15.0,35.0,2,191,0.9952545166015625,0.3170021458953151,,out_of_road
51,fresh,0,fresh,,,0,0,0,0,0,0,10.0,5.0,5.0,20.0,0,188,0.4320802688598633,0.18209979973456009,rejection_fallback,out_of_road
52,mutation,0,mutation,distance_to_nearest,,1,0,0,0,0,0,15.0,10.0,15.0,35.0,0,145,-0.9370718002319336,0.2085974302335546,,out_of_road
53,fresh,6,fresh,,,0,1,1,18,1,0,10.0,5.0,15.0,20.0,1,243,5.2382659912109375,0.48967766771744553,,out_of_road
54,mutation,3,mutation,maximum_distractor_speed,,1,0,0,4,1,0,5.0,10.0,10.0,20.0,1,397,6.1313886642456055,0.3357861760290579,,out_of_road
55,fresh,0,fresh,,,0,0,0,0,1,0,10.0,10.0,10.0,55.0,0,178,2.3343849182128906,0.39754759042073834,,out_of_road
56,crossover,2,crossover,,distractor_cars|has_brake_checker|intersection_cars|has_cluster|cluster_dist|brake_dist,0,0,0,3,1,0,5.0,5.0,5.0,35.0,3,176,0.7804327011108398,0.30148161376233806,,out_of_road
57,fresh,5,fresh,,,0,1,1,12,1,0,10.0,40.0,15.0,55.0,3,134,-0.9684762954711914,0.14075445855008578,,out_of_road
58,crossover,0,crossover,,distractor_cars|intersection_cars|has_cluster|maximum_distractor_speed|brake_dist,5,0,0,1,0,1,5.0,5.0,15.0,35.0,1,686,6.498712539672852,0.3100021426293065,,out_of_road
59,fresh,4,fresh,,,0,1,0,8,0,1,10.0,10.0,10.0,10.0,2,746,8.698543548583984,0.4329281359032076,,out_of_road
60,mutation,2,mutation,brake_dist,,0,1,1,3,1,1,15.0,40.0,15.0,55.0,2,566,27.77463150024414,0.586074754243631,,out_of_road
61,fresh,6,fresh,,,0,1,1,18,0,1,10.0,40.0,5.0,55.0,1,338,3.0491867065429688,0.3036433469129385,,out_of_road
62,mutation,4,mutation,cluster_dist,,1,1,0,8,1,0,5.0,5.0,5.0,20.0,3,427,14.21159553527832,0.48080417546563603,,out_of_road
63,fresh,3,fresh,,,0,1,1,5,1,1,10.0,20.0,10.0,55.0,1,168,2.112555503845215,0.29474346593598877,,crash_vehicle
64,crossover,6,crossover,,select_lane|ego_on_intersection|intersection_has_cars|distractor_cars|intersection_cars|has_cluster,5,0,0,18,1,1,10.0,5.0,15.0,20.0,2,56,-0.007069587707519531,0.40603005779641016,,crash_vehicle
65,fresh,3,fresh,,,0,0,0,5,0,0,15.0,10.0,10.0,20.0,2,225,4.175962448120117,0.29112838139964475,,out_of_road
66,replay,3,replay,,,0,0,0,5,0,0,15.0,10.0,10.0,20.0,2,333,14.65005111694336,0.714157092812899,,crash_vehicle
67,fresh,3,fresh,,,0,0,0,4,1,1,10.0,10.0,15.0,20.0,1,1000,15.716440200805664,0.3807768094837666,,max_step
68,mutation,2,mutation,distance_to_nearest,,1,0,0,3,1,0,20.0,10.0,5.0,20.0,2,360,1.7755823135375977,0.22751491043406227,,out_of_road
69,fresh,6,fresh,,,0,1,0,18,0,0,5.0,5.0,10.0,10.0,0,52,-0.5453701019287109,0.0984162321457496,,crash_vehicle
70,crossover,6,crossover,,select_lane|ego_on_intersection|intersection_has_cars|distractor_cars|intersection_cars|has_cluster|cluster_dist,2,0,0,18,1,1,20.0,10.0,15.0,35.0,2,61,1.125089168548584,0.5399079547553766,,out_of_road
71,fresh,3,fresh,,,0,1,0,4,0,1,10.0,20.0,5.0,55.0,3,48,3.51224422454834,0.8464906693746647,,out_of_road
72,mutation,2,mutation,cluster_dist,,1,0,0,3,1,0,20.0,10.0,10.0,20.0,2,279,20.137451171875,1.074211539867531,,out_of_road
73,fresh,5,fresh,,,0,1,0,12,1,0,5.0,40.0,5.0,55.0,2,2,10.0,8.75529956817627,,arrive_dest
74,crossover,5,crossover,,distractor_cars|has_brake_checker|intersection_cars|maximum_distractor_speed|distance_to_nearest|cluster_dist|brake_dist,4,0,0,12,1,0,5.0,40.0,5.0,55.0,2,105,-0.36837005615234375,0.2839844094855445,,out_of_road
75,fresh,4,fresh,,,0,0,0,8,1,0,10.0,40.0,10.0,55.0,1,367,15.749689102172852,0.7508877673483269,,out_of_road
76,replay,4,replay,,,0,0,0,8,1,0,10.0,40.0,10.0,55.0,1,107,0.38770627975463867,0.3532253196724107,,out_of_road
77,fresh,2,fresh,,,0,1,0,3,1,1,10.0,40.0,5.0,55.0,2,165,7.381239891052246,0.8606026910019643,,out_of_road
78,mutation,0,mutation,intersection_cars,,0,0,0,1,1,1,20.0,20.0,15.0,35.0,1,90,4.300116539001465,0.7322507345014149,,out_of_road
79,fresh,4,fresh,,,0,0,0,8,0,0,5.0,5.0,10.0,20.0,0,120,5.95667839050293,0.6385197019825379,,out_of_road
80,replay,4,replay,,,0,0,0,8,0,0,5.0,5.0,10.0,20.0,0,54,2.041419506072998,0.5171774158047305,,out_of_road
81,fresh,2,fresh,,,0,1,0,3,1,0,20.0,5.0,15.0,20.0,3,182,-0.6758303642272949,0.1688935184892226,,crash_vehicle
82,crossover,1,crossover,,distractor_cars|has_brake_checker|has_cluster|maximum_distractor_speed|distance_to_nearest,3,0,0,2,1,0,20.0,20.0,10.0,55.0,0,194,18.1573486328125,1.3243009852840728,,out_of_road
83,fresh,5,fresh,,,0,0,0,12,0,0,15.0,10.0,10.0,20.0,1,144,0.6256923675537109,0.28289530240646044,,out_of_road
84,crossover,2,crossover,,select_lane|ego_on_intersection|intersection_has_cars|has_cluster|maximum_distractor_speed|distance_to_nearest|cluster_dist|brake_dist,4,1,1,3,1,1,15.0,40.0,15.0,55.0,2,252,21.25751304626465,1.0980898571451978,,out_of_road
85,fresh,3,fresh,,,0,1,1,5,0,1,10.0,40.0,5.0,20.0,0,85,3.119169235229492,0.5638090398381738,,out_of_road
86,mutation,1,mutation,distance_to_nearest,,1,0,0,2,1,0,20.0,10.0,10.0,55.0,0,31,-1.1319231986999512,0.034283972555591215,,out_of_road
87,fresh,1,fresh,,,0,0,0,2,1,1,10.0,40.0,15.0,55.0,2,151,0.5221505165100098,0.36662886886308527,,out_of_road
88,crossover,1,crossover,,distractor_cars|has_brake_checker|intersection_cars|distance_to_nearest|cluster_dist,1,0,0,2,1,0,20.0,20.0,10.0,55.0,0,118,7.300337791442871,0.6303022128798194,,out_of_road
89,fresh,0,fresh,,,0,0,0,1,0,0,10.0,20.0,5.0,35.0,1,265,19.29014015197754,1.1914064663761066,,out_of_road
90,crossover,0,crossover,,distance_to_nearest|cluster_dist,2,0,0,0,1,0,10.0,5.0,15.0,55.0,0,244,2.271012306213379,0.40855309729021594,,out_of_road
91,fresh,2,fresh,,,0,0,0,3,1,0,5.0,40.0,10.0,55.0,0,80,0.17798852920532227,0.3218222704250365,,out_of_road
92,crossover,3,crossover,,select_lane|ego_on_intersection|intersection_has_cars|has_cluster|cluster_dist,4,1,1,5,1,1,5.0,20.0,5.0,35.0,0,68,3.135356903076172,0.5370284786228748,,out_of_road
93,fresh,6,fresh,,,0,0,0,18,0,0,20.0,10.0,5.0,10.0,2,336,7.620540618896484,0.4105251227904643,,out_of_road
94,mutation,6,mutation,has_cluster,,0,0,0,18,1,1,10.0,5.0,15.0,20.0,2,39,0.1063532829284668,0.28239954587740773,,crash_vehicle
95,fresh,0,fresh,,,0,1,0,1,0,0,15.0,10.0,5.0,10.0,0,92,1.818563461303711,0.48784557065886,,out_of_road
96,replay,0,replay,,,0,1,0,1,0,0,15.0,10.0,5.0,10.0,0,132,0.5237541198730469,0.30661440310491755,,out_of_road
97,fresh,3,fresh,,,0,0,0,5,1,1,20.0,40.0,5.0,55.0,3,482,35.86946487426758,1.0537074392205452,,crash_vehicle
98,mutation,4,mutation,distractor_cars,,1,0,0,8,0,0,15.0,40.0,15.0,35.0,0,104,4.655854225158691,0.8840370943339971,,out_of_road
99,fresh,3,fresh,,,0,1,0,5,1,1,10.0,5.0,10.0,55.0,1,593,27.97516632080078,0.8386744181759039,,out_of_road
100,mutation,1,mutation,brake_dist,,0,0,0,2,1,0,20.0,20.0,10.0,55.0,0,207,8.757499694824219,0.6084550761748195,,out_of_road
101,fresh,1,fresh,,,0,1,0,2,1,1,20.0,20.0,15.0,35.0,2,738,27.275371551513672,0.7589503994973775,,out_of_road
102,mutation,6,mutation,cluster_dist,,1,0,0,18,0,0,20.0,10.0,10.0,10.0,2,293,1.9546446800231934,0.25803731057678475,,crash_vehicle
103,fresh,1,fresh,,,0,0,0,2,0,1,5.0,10.0,15.0,55.0,2,209,2.2837400436401367,0.3056163524576066,,out_of_road
104,replay,1,replay,,,0,0,0,2,0,1,5.0,10.0,15.0,55.0,2,99,7.948677062988281,1.0463136885352808,,out_of_road
105,fresh,6,fresh,,,0,0,0,18,0,1,10.0,20.0,15.0,35.0,3,103,6.3349714279174805,0.8467514045464183,,out_of_road
106,mutation,4,mutation,brake_dist,,1,0,0,8,0,0,15.0,40.0,15.0,55.0,0,361,31.688037872314453,1.1879627856418202,,out_of_road
107,fresh,3,fresh,,,0,0,0,4,0,0,10.0,5.0,10.0,35.0,1,62,1.581179141998291,0.41889764212312236,,out_of_road
108,replay,3,replay,,,0,0,0,4,0,0,10.0,5.0,10.0,35.0,1,175,14.709596633911133,0.9196240298237119,,out_of_road
109,fresh,2,fresh,,,0,1,0,3,1,1,10.0,40.0,5.0,55.0,2,237,23.94548988342285,1.285376610666639,,out_of_road
110,crossover,3,crossover,,distractor_cars|has_brake_checker|cluster_dist,2,1,0,5,1,1,10.0,20.0,5.0,55.0,3,149,1.624441146850586,0.323537532658935,,out_of_road
111,fresh,2,fresh,,,0,1,1,3,0,1,5.0,40.0,15.0,35.0,2,166,1.1271910667419434,0.3684605042091066,,out_of_road
112,mutation,2,mutation,maximum_distractor_speed,,1,0,0,3,1,0,10.0,5.0,5.0,20.0,0,1000,34.744598388671875,0.6341498593240976,,max_step
113,fresh,3,fresh,,,0,0,0,4,0,1,10.0,40.0,5.0,55.0,0,53,-0.4476194381713867,0.002789391450724512,,out_of_road
114,replay,3,replay,,,0,0,0,4,0,1,10.0,40.0,5.0,55.0,0,573,20.491905212402344,0.5883060410443245,,crash_vehicle
115,fresh,6,fresh,,,0,0,0,18,1,0,5.0,5.0,10.0,20.0,1,148,-1.8362605571746826,0.23287106778573347,,out_of_road
116,mutation,3,mutation,select_road|select_lane|ego_on_intersection|intersection_has_cars,,3,0,0,5,0,1,10.0,40.0,5.0,20.0,0,104,2.7327728271484375,0.5038517601429843,,out_of_road
117,fresh,3,fresh,,,0,0,0,4,0,0,20.0,5.0,10.0,10.0,2,2,10.0,8.07095718383789,,arrive_dest
118,replay,3,replay,,,0,0,0,4,0,0,20.0,5.0,10.0,10.0,2,194,9.465657234191895,0.629564321647907,,out_of_road
119,fresh,0,fresh,,,0,0,0,1,1,1,10.0,20.0,15.0,55.0,0,686,28.647754669189453,0.4836288409052368,,out_of_road
120,replay,0,replay,,,0,0,0,1,1,1,10.0,20.0,15.0,55.0,0,37,-1.7475171089172363,0.04300526026132945,,out_of_road
121,fresh,0,fresh,,,0,0,0,0,0,0,5.0,40.0,10.0,10.0,0,64,0.2195911407470703,0.37449827161617577,,out_of_road
122,mutation,2,mutation,intersection_cars,,1,0,0,3,1,0,5.0,5.0,5.0,35.0,1,39,-0.017124652862548828,0.08705927087710454,,crash_vehicle
123,fresh,3,fresh,,,0,1,1,5,1,1,10.0,20.0,10.0,55.0,0,103,-1.458238124847412,0.08238050667116943,,out_of_road
124,crossover,2,crossover,,maximum_distractor_speed|brake_dist,1,1,1,3,1,1,5.0,40.0,15.0,55.0,2,633,26.50210189819336,0.5376938161209203,,out_of_road
125,fresh,5,fresh,,,0,0,0,12,1,1,15.0,20.0,10.0,55.0,1,171,17.800762176513672,1.2987926487772785,,out_of_road
126,replay,5,replay,,,0,0,0,12,1,1,15.0,20.0,10.0,55.0,1,105,1.4452672004699707,0.2608269273525193,,out_of_road
127,fresh,2,fresh,,,0,0,0,3,1,0,15.0,20.0,15.0,35.0,1,105,11.012580871582031,1.1356506449835642,,out_of_road
128,replay,2,replay,,,0,0,0,3,1,0,15.0,20.0,15.0,35.0,1,55,1.6624040603637695,0.18059004599397832,,out_of_road
129,fresh,6,fresh,,,0,1,1,18,1,0,20.0,20.0,10.0,35.0,0,139,5.193855285644531,0.26497951573390754,,out_of_road
130,replay,6,replay,,,0,1,1,18,1,0,20.0,20.0,10.0,35.0,0,140,-0.03075122833251953,0.25903826784342526,,out_of_road
131,fresh,0,fresh,,,0,0,0,1,1,1,10.0,5.0,5.0,35.0,1,38,-5.645147800445557,0.0,,out_of_road
132,replay,0,replay,,,0,0,0,1,1,1,10.0,5.0,5.0,35.0,1,67,-0.3086714744567871,0.12577810505432868,,crash_vehicle
133,fresh,6,fresh,,,0,0,0,18,1,0,10.0,20.0,5.0,35.0,3,159,-0.2655372619628906,0.20655260989501043,,out_of_road
134,replay,6,replay,,,0,0,0,18,1,0,10.0,20.0,5.0,35.0,3,524,22.698232650756836,0.6058524164961268,,out_of_road
135,fresh,6,fresh,,,0,1,0,18,0,1,20.0,20.0,15.0,20.0,2,239,3.1920108795166016,0.3863359192487585,,out_of_road
136,replay,6,replay,,,0,1,0,18,0,1,20.0,20.0,15.0,20.0,2,174,20.394838333129883,1.42077960592063,,out_of_road
137,fresh,3,fresh,,,0,0,0,4,0,0,10.0,40.0,5.0,10.0,1,80,1.9931073188781738,0.2226716241799295,,out_of_road
138,crossover,0,crossover,,distractor_cars|intersection_cars|maximum_distractor_speed,4,0,0,0,1,0,10.0,20.0,15.0,35.0,0,314,6.773755073547363,0.32365761187141107,,out_of_road
139,fresh,0,fresh,,,0,0,0,1,0,0,15.0,20.0,5.0,35.0,1,504,29.537670135498047,0.689996759678858,,out_of_road
140,mutation,4,mutation,has_brake_checker,,1,0,0,8,0,0,10.0,40.0,10.0,55.0,1,76,7.551021575927734,0.9237241816559905,,out_of_road
141,fresh,1,fresh,,,0,0,0,2,0,0,20.0,20.0,5.0,55.0,0,1000,47.83369064331055,0.7071921714656055,,max_step
142,crossover,5,crossover,,has_brake_checker|has_cluster|distance_to_nearest|cluster_dist|brake_dist,4,0,0,12,1,0,15.0,10.0,5.0,20.0,1,107,3.3514137268066406,0.21250118292589612,,out_of_road
143,fresh,6,fresh,,,0,0,0,18,1,1,15.0,20.0,5.0,35.0,1,154,1.5561108589172363,0.3120700659883487,,crash_vehicle
144,replay,6,replay,,,0,0,0,18,1,1,15.0,20.0,5.0,35.0,1,163,0.9069676399230957,0.2481421469982165,,out_of_road
145,fresh,4,fresh,,,0,0,0,8,1,1,15.0,5.0,5.0,20.0,2,689,23.905643463134766,0.7410427267853771,,out_of_road
146,crossover,1,crossover,,select_lane|ego_on_intersection|intersection_has_cars|intersection_cars|distance_to_nearest|cluster_dist,4,0,0,2,1,1,20.0,20.0,5.0,35.0,0,133,16.467533111572266,1.4840931461045617,,out_of_road
147,fresh,1,fresh,,,0,1,0,2,1,1,5.0,20.0,10.0,35.0,2,445,41.28319549560547,1.3531957759867224,,out_of_road
148,mutation,2,mutation,intersection_cars,,0,0,0,3,0,0,5.0,40.0,10.0,20.0,3,258,6.436408042907715,0.5694354151974815,,out_of_road
149,fresh,3,fresh,,,0,0,0,4,1,0,5.0,40.0,15.0,55.0,2,168,7.969348907470703,0.41392628560286193,,out_of_road
150,replay,3,replay,,,0,0,0,4,1,0,5.0,40.0,15.0,55.0,2,128,5.84995174407959,0.43311342914239503,,crash_vehicle
151,fresh,3,fresh,,,0,0,0,5,0,1,5.0,20.0,10.0,55.0,3,219,16.05777931213379,0.7626635692248197,,crash_vehicle
152,crossover,1,crossover,,select_lane|ego_on_intersection|intersection_has_cars|distractor_cars|intersection_cars|has_cluster|maximum_distractor_speed,2,1,0,2,1,1,5.0,20.0,15.0,35.0,2,79,1.2186403274536133,0.12734511372032045,,out_of_road
153,fresh,3,fresh,,,0,1,0,4,0,0,10.0,10.0,15.0,10.0,3,171,12.833089828491211,0.8306484064686368,,out_of_road
154,mutation,4,mutation,brake_dist,,0,0,0,8,1,0,10.0,40.0,10.0,55.0,1,111,10.164188385009766,0.8190347365699373,,out_of_road
155,fresh,1,fresh,,,0,1,0,2,0,1,20.0,20.0,10.0,55.0,0,197,9.271186828613281,0.4606480411239687,,out_of_road
156,replay,1,replay,,,0,1,0,2,0,1,20.0,20.0,10.0,55.0,0,65,1.5077509880065918,0.2129399693929232,,out_of_road
157,fresh,6,fresh,,,0,1,0,18,1,0,5.0,40.0,10.0,55.0,1,2,10.0,7.164566516876221,,arrive_dest
158,mutation,5,mutation,intersection_cars,,1,0,0,12,1,0,5.0,40.0,5.0,55.0,1,70,-1.0061228275299072,0.052645740445171084,,out_of_road
159,fresh,3,fresh,,,0,0,0,5,0,0,15.0,20.0,10.0,35.0,1,100,13.428670883178711,1.2719266644120217,,crash_vehicle
160,crossover,2,crossover,,distractor_cars|has_brake_checker|maximum_distractor_speed|cluster_dist|brake_dist,2,0,0,3,1,0,5.0,5.0,5.0,35.0,0,83,7.936334609985352,0.8171423047062862,,out_of_road
161,fresh,6,fresh,,,0,1,0,18,1,0,15.0,20.0,15.0,35.0,2,76,2.346078872680664,0.19100546974100566,,out_of_road
162,crossover,0,crossover,,select_lane|ego_on_intersection|intersection_has_cars|distractor_cars|has_brake_checker|intersection_cars|distance_to_nearest|brake_dist,3,0,0,0,0,0,15.0,40.0,15.0,20.0,0,123,-0.9260716438293457,0.2999521240940302,,out_of_road
163,fresh,5,fresh,,,0,1,1,12,0,0,20.0,5.0,10.0,10.0,0,325,32.22843933105469,1.2598100476998548,,out_of_road
164,crossover,5,crossover,,distractor_cars|has_brake_checker|has_cluster|cluster_dist,0,0,0,12,1,0,20.0,10.0,5.0,20.0,1,274,18.65880584716797,0.6977545312082354,,out_of_road
165,fresh,3,fresh,,,0,1,1,5,0,1,20.0,5.0,15.0,35.0,2,150,6.9042558670043945,0.5239016651113828,,out_of_road
166,crossover,0,crossover,,has_cluster|maximum_distractor_speed|brake_dist,3,0,0,1,1,0,20.0,10.0,15.0,55.0,1,126,1.7550711631774902,0.2978666001369083,,out_of_road
167,fresh,3,fresh,,,0,1,0,5,0,1,10.0,20.0,5.0,10.0,2,87,0.24315118789672852,0.37381550678233993,,out_of_road
168,crossover,1,crossover,,select_lane|ego_on_intersection|intersection_has_cars|distractor_cars|intersection_cars|distance_to_nearest,3,1,0,2,1,1,20.0,20.0,5.0,35.0,2,33,-3.0394301414489746,0.08534237110253537,,out_of_road
169,fresh,1,fresh,,,0,1,0,2,1,0,10.0,20.0,10.0,35.0,2,297,14.394947052001953,0.6838011284443465,,out_of_road
170,crossover,2,crossover,,select_lane|ego_on_intersection|intersection_has_cars|distractor_cars|has_brake_checker|distance_to_nearest|cluster_dist|brake_dist,4,0,0,3,1,0,15.0,40.0,10.0,55.0,1,62,2.1815686225891113,0.1215853813675142,,out_of_road
171,fresh,0,fresh,,,0,0,0,1,1,1,20.0,40.0,10.0,55.0,1,63,-3.422819137573242,0.06031530894457348,,out_of_road
172,replay,0,replay,,,0,0,0,1,1,1,20.0,40.0,10.0,55.0,1,252,28.56647491455078,1.6696100811518373,,crash_vehicle
173,fresh,0,fresh,,,0,0,0,1,0,0,10.0,40.0,10.0,20.0,1,785,72.77771759033203,0.9904236240300593,,out_of_road
174,mutation,6,mutation,distractor_cars,,1,0,0,18,0,0,10.0,20.0,5.0,35.0,1,121,1.1375923156738281,0.28646521297983885,,out_of_road
175,fresh,0,fresh,,,0,1,0,0,0,0,15.0,40.0,5.0,35.0,0,46,12.245074272155762,3.601301431655884,,arrive_dest
176,crossover,1,crossover,,distractor_cars|distance_to_nearest|brake_dist,0,1,0,2,0,1,20.0,20.0,10.0,55.0,0,108,15.897775650024414,1.4915300905704498,,crash_vehicle
177,fresh,0,fresh,,,0,1,1,0,1,0,5.0,20.0,15.0,35.0,0,539,38.23954391479492,0.747659396421655,,out_of_road
178,crossover,5,crossover,,select_lane|ego_on_intersection|intersection_has_cars|intersection_cars|has_cluster|distance_to_nearest|cluster_dist|brake_dist,7,1,1,12,1,0,15.0,5.0,10.0,20.0,0,33,-0.13327741622924805,0.1588584871003122,,crash_vehicle
179,fresh,0,fresh,,,0,0,0,1,1,0,5.0,20.0,5.0,35.0,0,344,16.710988998413086,0.48293592872336333,,out_of_road
180,replay,0,replay,,,0,0,0,1,1,0,5.0,20.0,5.0,35.0,0,52,1.441884994506836,0.15902687379947075,,out_of_road
181,fresh,6,fresh,,,0,0,0,18,0,0,5.0,20.0,15.0,10.0,3,39,-1.467637300491333,0.05792394051185021,,out_of_road
182,replay,6,replay,,,0,0,0,18,0,0,5.0,20.0,15.0,10.0,3,199,22.082624435424805,1.2087543781977803,,out_of_road
183,fresh,3,fresh,,,0,0,0,5,0,1,5.0,40.0,15.0,10.0,0,198,13.697402954101562,0.7086255836977877,,out_of_road
184,crossover,2,crossover,,has_cluster|distance_to_nearest,2,1,1,3,1,0,15.0,5.0,15.0,55.0,2,51,4.0197038650512695,0.4613279397873318,,crash_vehicle
185,fresh,0,fresh,,,0,0,0,0,0,0,5.0,40.0,5.0,20.0,0,48,-1.082900047302246,0.01634342223405838,,out_of_road
186,replay,0,replay,,,0,0,0,0,0,0,5.0,40.0,5.0,20.0,0,80,2.218472480773926,0.38972590770572424,,out_of_road
187,fresh,4,fresh,,,0,0,0,8,1,0,20.0,5.0,10.0,35.0,0,169,20.488605499267578,1.5022437110455078,,out_of_road
188,crossover,4,crossover,,select_lane|ego_on_intersection|intersection_has_cars|distractor_cars|has_brake_checker|intersection_cars|maximum_distractor_speed|cluster_dist|brake_dist,7,0,0,8,0,0,15.0,5.0,15.0,35.0,0,121,9.070850372314453,0.8228980466600292,,out_of_road
189,fresh,2,fresh,,,0,1,1,3,0,1,10.0,5.0,5.0,35.0,2,386,24.918729782104492,0.7629536738320027,,out_of_road
190,mutation,6,mutation,brake_dist,,0,0,0,18,1,0,5.0,40.0,10.0,55.0,1,65,-1.4889585971832275,0.10857688085390971,,out_of_road
191,fresh,0,fresh,,,0,0,0,1,1,1,15.0,5.0,10.0,20.0,0,224,11.501529693603516,0.6561541065457277,,out_of_road
192,replay,0,replay,,,0,0,0,1,1,1,15.0,5.0,10.0,20.0,0,371,62.795631408691406,2.2411591010594947,,out_of_road
193,fresh,0,fresh,,,0,1,1,0,1,0,15.0,5.0,5.0,10.0,0,152,25.58010482788086,1.859173731584298,,out_of_road
194,replay,0,replay,,,0,1,1,0,1,0,15.0,5.0,5.0,10.0,0,37,1.019577980041504,0.12746908858015732,,crash_vehicle
195,fresh,4,fresh,,,0,0,0,8,1,0,10.0,20.0,15.0,35.0,1,294,42.737422943115234,1.769338040530276,,out_of_road
196,crossover,5,crossover,,distractor_cars|intersection_cars|has_cluster|distance_to_nearest|cluster_dist,3,0,0,12,1,0,15.0,40.0,5.0,55.0,2,253,24.707109451293945,1.2652549175876873,,out_of_road
197,fresh,6,fresh,,,0,0,0,18,0,1,5.0,20.0,15.0,55.0,1,133,5.097211837768555,0.3413461538773954,,crash_vehicle
198,replay,6,replay,,,0,0,0,18,0,1,5.0,20.0,15.0,55.0,1,46,1.7326102256774902,0.19948944384637085,,crash_vehicle
199,fresh,0,fresh,,,0,0,0,0,0,0,10.0,5.0,5.0,20.0,0,701,87.56544494628906,1.4302023720320383,rejection_fallback,out_of_road
200,crossover,6,crossover,,distractor_cars|intersection_cars|cluster_dist|brake_dist,3,0,0,18,1,1,10.0,5.0,10.0,55.0,1,78,-0.40070247650146484,0.0938841763119667,,crash_vehicle
201,fresh,5,fresh,,,0,1,1,12,1,1,15.0,5.0,5.0,55.0,3,513,47.4521369934082,1.277282350629452,,out_of_road
202,replay,5,replay,,,0,1,1,12,1,1,15.0,5.0,5.0,55.0,3,195,18.972536087036133,1.252300764200015,,crash_vehicle
203,fresh,3,fresh,,,0,0,0,4,1,0,5.0,5.0,5.0,35.0,3,38,-0.26496267318725586,0.051465633668397605,,crash_vehicle
204,replay,3,replay,,,0,0,0,4,1,0,5.0,5.0,5.0,35.0,3,886,92.09458923339844,1.2389596773555362,,out_of_road
205,fresh,5,fresh,,,0,1,0,12,1,0,5.0,10.0,10.0,20.0,0,64,4.643861770629883,0.5254328525625169,,crash_vehicle
206,crossover,0,crossover,,distractor_cars|has_brake_checker|has_cluster|maximum_distractor_speed|brake_dist,8,0,0,0,0,0,10.0,5.0,5.0,20.0,0,125,3.7884740829467773,0.8148033482432365,rejection_fallback,out_of_road
207,fresh,0,fresh,,,0,0,0,0,0,0,10.0,5.0,5.0,20.0,0,391,54.694419860839844,1.6919620419516588,rejection_fallback,arrive_dest
208,mutation,1,mutation,has_cluster,,1,0,0,2,1,1,20.0,20.0,10.0,55.0,0,302,34.86164855957031,1.3057679695182092,,crash_vehicle
209,fresh,6,fresh,,,0,1,0,18,0,1,15.0,5.0,5.0,10.0,2,41,0.3988027572631836,0.08146212740642268,,crash_vehicle
210,mutation,4,mutation,cluster_dist,,0,0,0,8,1,0,10.0,40.0,10.0,55.0,1,227,7.5129499435424805,0.389075061823303,,crash_vehicle
211,fresh,5,fresh,,,0,0,0,12,0,0,10.0,20.0,15.0,10.0,2,315,32.290775299072266,1.2347960816844115,,crash_vehicle
212,mutation,2,mutation,distance_to_nearest,,0,1,1,3,1,1,15.0,40.0,15.0,55.0,2,442,45.18659591674805,1.1237963320501991,,crash_vehicle
213,fresh,5,fresh,,,0,0,0,12,1,1,10.0,10.0,15.0,20.0,0,144,27.445270538330078,2.2755986791518,,out_of_road
214,crossover,1,crossover,,distractor_cars|has_brake_checker|intersection_cars|maximum_distractor_speed|brake_dist,1,0,0,2,0,1,20.0,20.0,10.0,55.0,0,204,22.46784782409668,1.3331432298702353,,crash_vehicle
215,fresh,4,fresh,,,0,1,0,8,0,1,10.0,20.0,10.0,55.0,2,186,18.579612731933594,1.204879137136603,,crash_vehicle
216,replay,4,replay,,,0,1,0,8,0,1,10.0,20.0,10.0,55.0,2,609,71.3326416015625,1.3526243529296273,,crash_vehicle
217,fresh,2,fresh,,,0,0,0,3,0,0,20.0,40.0,10.0,20.0,0,129,4.53690242767334,0.7206792048243589,,out_of_road
218,replay,2,replay,,,0,0,0,3,0,0,20.0,40.0,10.0,20.0,0,291,25.198503494262695,0.9454012275369409,,crash_vehicle
219,fresh,0,fresh,,,0,0,0,1,1,0,15.0,40.0,15.0,55.0,1,39,-3.043158531188965,0.033854654393134974,,out_of_road
220,replay,0,replay,,,0,0,0,1,1,0,15.0,40.0,15.0,55.0,1,439,57.711524963378906,1.5386626294099117,,out_of_road
221,fresh,2,fresh,,,0,1,0,3,1,1,20.0,10.0,15.0,20.0,0,281,46.01514434814453,1.5784515447888086,,crash_vehicle
222,mutation,1,mutation,cluster_dist,,0,0,0,2,0,1,20.0,20.0,10.0,55.0,0,101,23.828346252441406,2.6583681106567383,,arrive_dest
223,fresh,0,fresh,,,0,0,0,1,0,0,20.0,10.0,10.0,10.0,1,321,24.51923942565918,0.8427862818193306,,out_of_road
224,crossover,6,crossover,,has_brake_checker|intersection_cars|has_cluster|distance_to_nearest,2,0,0,18,0,1,15.0,20.0,5.0,35.0,2,222,25.24357795715332,1.071004133495326,,crash_vehicle
225,fresh,6,fresh,,,0,0,0,18,0,0,20.0,5.0,10.0,35.0,3,59,0.9573202133178711,0.5230899800435972,,out_of_road
226,crossover,2,crossover,,select_lane|ego_on_intersection|intersection_has_cars|has_cluster|maximum_distractor_speed|distance_to_nearest|cluster_dist|brake_dist,7,1,0,3,1,1,20.0,10.0,15.0,20.0,0,386,33.48849868774414,0.8765836072014404,,out_of_road
227,fresh,4,fresh,,,0,0,0,8,0,1,5.0,10.0,5.0,10.0,2,56,5.326045036315918,0.1807432851887175,,crash_vehicle
228,crossover,6,crossover,,select_lane|ego_on_intersection|intersection_has_cars|has_brake_checker|intersection_cars|has_cluster|distance_to_nearest|cluster_dist|brake_dist,0,1,0,18,1,0,5.0,40.0,10.0,55.0,1,63,-0.949338436126709,0.11669650555603088,,out_of_road
229,fresh,0,fresh,,,0,1,0,0,1,0,20.0,10.0,10.0,20.0,0,30,-1.6667308807373047,0.017904661099116006,,out_of_road
230,crossover,5,crossover,,select_lane|ego_on_intersection|intersection_has_cars|has_cluster|maximum_distractor_speed|distance_to_nearest|brake_dist,6,1,1,12,0,0,15.0,5.0,15.0,20.0,2,46,0.5469131469726562,0.06874247899521953,,crash_vehicle
231,fresh,0,fresh,,,0,1,1,0,1,0,20.0,40.0,15.0,10.0,0,94,5.900994300842285,0.5273436496549464,,out_of_road
232,replay,0,replay,,,0,1,1,0,1,0,20.0,40.0,15.0,10.0,0,147,10.933238983154297,0.5039705800361374,,out_of_road
233,fresh,3,fresh,,,0,1,0,5,0,1,10.0,20.0,5.0,55.0,2,96,11.430967330932617,0.6738315837768217,,crash_vehicle
234,crossover,1,crossover,,distractor_cars|distance_to_nearest|cluster_dist,1,0,0,2,0,0,20.0,20.0,10.0,55.0,0,533,112.98776245117188,2.390674224042982,,crash_vehicle
235,fresh,2,fresh,,,0,1,0,3,0,0,5.0,20.0,10.0,35.0,1,505,61.36809539794922,1.22304814000531,,out_of_road
236,mutation,2,mutation,has_brake_checker,,1,0,0,3,0,0,20.0,5.0,5.0,20.0,0,70,2.952566623687744,0.3255866903279509,,out_of_road
237,fresh,4,fresh,,,0,0,0,8,0,0,10.0,5.0,10.0,20.0,0,46,-4.227616310119629,0.3006150097302768,,crash_vehicle
238,mutation,2,mutation,has_brake_checker,,0,1,1,3,0,1,10.0,5.0,5.0,35.0,2,100,16.968223571777344,1.6964259995520115,,crash_vehicle
239,fresh,0,fresh,,,0,0,0,0,1,0,20.0,40.0,15.0,55.0,0,128,3.6181278228759766,0.4645185807021335,,out_of_road
240,replay,0,replay,,,0,0,0,0,1,0,20.0,40.0,15.0,55.0,0,455,52.10794448852539,1.0982386134319253,,out_of_road
241,fresh,3,fresh,,,0,0,0,4,1,0,5.0,40.0,10.0,55.0,1,976,133.5174102783203,1.6008968288498762,,out_of_road
242,mutation,6,mutation,has_brake_checker,,0,0,0,18,1,0,5.0,40.0,10.0,55.0,1,53,0.25222206115722656,0.11425883112088689,,out_of_road
243,fresh,5,fresh,,,0,1,1,12,1,0,10.0,40.0,15.0,55.0,0,253,43.708740234375,1.7087894014336846,,out_of_road
244,crossover,0,crossover,,distractor_cars|intersection_cars|cluster_dist|brake_dist,2,1,1,0,1,0,20.0,40.0,5.0,35.0,0,809,184.58250427246094,2.7469805557515623,,out_of_road
245,fresh,0,fresh,,,0,1,1,1,0,1,15.0,40.0,15.0,55.0,1,134,5.580513954162598,0.6131008909598216,,out_of_road
246,replay,0,replay,,,0,1,1,1,0,1,15.0,40.0,15.0,55.0,1,231,30.415699005126953,1.3352220748023038,,out_of_road
247,fresh,4,fresh,,,0,0,0,8,0,1,20.0,20.0,5.0,55.0,2,146,8.086118698120117,0.6192960346704477,,out_of_road
248,replay,4,replay,,,0,0,0,8,0,1,20.0,20.0,5.0,55.0,2,57,6.53239631652832,0.3020048205528343,,crash_vehicle
249,fresh,4,fresh,,,0,1,0,8,0,1,10.0,10.0,15.0,55.0,1,83,16.00166893005371,1.4783840657896306,,crash_vehicle
250,crossover,1,crossover,,select_lane|ego_on_intersection|intersection_has_cars|distractor_cars|intersection_cars|maximum_distractor_speed|cluster_dist|brake_dist,3,0,0,2,1,1,20.0,20.0,10.0,55.0,0,270,59.13097381591797,2.531728440992258,,crash_vehicle
251,fresh,1,fresh,,,0,1,0,2,1,0,5.0,20.0,5.0,55.0,1,168,22.611610412597656,1.0900149452056558,,out_of_road
252,mutation,1,mutation,brake_dist,,0,1,0,2,1,1,5.0,20.0,10.0,35.0,2,235,39.10103225708008,1.6873182989181357,,out_of_road
253,fresh,0,fresh,,,0,1,0,1,1,1,15.0,10.0,15.0,55.0,1,590,186.33340454101562,4.156822071792716,,out_of_road
254,mutation,1,mutation,has_brake_checker,,0,0,0,2,1,1,20.0,20.0,5.0,35.0,0,143,37.700504302978516,2.601030340144684,,crash_vehicle
255,fresh,3,fresh,,,0,0,0,4,0,0,20.0,40.0,15.0,10.0,2,235,32.627132415771484,1.4202929508812885,,crash_vehicle
256,mutation,5,mutation,maximum_distractor_speed,,0,1,1,12,1,0,10.0,40.0,15.0,55.0,3,204,50.856712341308594,2.8133763539075267,,out_of_road
257,fresh,3,fresh,,,0,1,1,5,1,0,10.0,5.0,15.0,55.0,3,206,38.774932861328125,1.8132067673559327,,out_of_road
258,replay,3,replay,,,0,1,1,5,1,0,10.0,5.0,15.0,55.0,3,130,20.468679428100586,0.9443270125068151,,crash_vehicle
259,fresh,5,fresh,,,0,1,1,12,0,1,20.0,10.0,15.0,35.0,2,99,17.789674758911133,1.4528353268449956,,crash_vehicle
260,replay,5,replay,,,0,1,1,12,0,1,20.0,10.0,15.0,35.0,2,255,53.81060028076172,2.0990243081660833,,crash_vehicle
261,fresh,5,fresh,,,0,1,1,12,0,0,20.0,5.0,5.0,55.0,1,29,-2.388496160507202,0.06406668958992794,,crash_vehicle
262,mutation,6,mutation,brake_dist,,0,1,1,18,1,0,20.0,20.0,10.0,35.0,0,323,89.21878814697266,3.4919101837618802,,crash_vehicle
263,fresh,2,fresh,,,0,0,0,3,0,1,15.0,10.0,5.0,35.0,2,44,-5.36184024810791,0.1130561503497037,,out_of_road
264,replay,2,replay,,,0,0,0,3,0,1,15.0,10.0,5.0,35.0,2,256,30.344970703125,1.1579952472238801,,out_of_road
265,fresh,3,fresh,,,0,0,0,4,0,1,20.0,10.0,15.0,55.0,1,86,16.18501853942871,1.1146789737219034,,crash_vehicle
266,replay,3,replay,,,0,0,0,4,0,1,20.0,10.0,15.0,55.0,1,91,15.138265609741211,1.1804835534357763,,crash_vehicle
267,fresh,0,fresh,,,0,1,1,0,0,0,5.0,40.0,5.0,10.0,0,1000,277.0303955078125,3.313707047790289,,max_step
268,mutation,4,mutation,has_cluster,,0,0,0,8,0,0,15.0,40.0,15.0,35.0,0,255,51.433815002441406,1.9744139557959988,,crash_vehicle
269,fresh,3,fresh,,,0,1,0,5,0,0,20.0,10.0,5.0,35.0,3,337,41.675968170166016,1.2320384794199501,,out_of_road
270,replay,3,replay,,,0,1,0,5,0,0,20.0,10.0,5.0,35.0,3,55,5.3402299880981445,0.16209998672658746,,crash_vehicle
271,fresh,2,fresh,,,0,1,1,3,0,0,20.0,10.0,5.0,10.0,3,296,56.90376281738281,2.4658981967918776,,out_of_road
272,crossover,0,crossover,,select_lane|ego_on_intersection|intersection_has_cars|has_brake_checker|intersection_cars|has_cluster|maximum_distractor_speed|brake_dist,4,1,0,0,1,0,15.0,40.0,15.0,55.0,0,127,9.885859489440918,0.8871689087410611,,out_of_road
273,fresh,3,fresh,,,0,1,1,5,0,0,20.0,40.0,10.0,20.0,3,249,55.60960006713867,2.4841883493714545,,out_of_road
274,crossover,3,crossover,,select_lane|ego_on_intersection|intersection_has_cars|intersection_cars|maximum_distractor_speed,4,0,0,5,0,0,5.0,10.0,5.0,35.0,2,96,24.937509536743164,2.012478521404167,,crash_vehicle
275,fresh,0,fresh,,,0,1,1,1,0,1,10.0,10.0,5.0,35.0,1,261,43.094078063964844,1.5511978727933091,,out_of_road
276,crossover,1,crossover,,distractor_cars|brake_dist,0,0,0,2,1,0,20.0,20.0,10.0,55.0,0,139,6.453930854797363,0.07706446752702589,,out_of_road
277,fresh,1,fresh,,,0,0,0,2,1,1,10.0,10.0,15.0,55.0,0,356,74.0455551147461,2.075479676109854,,crash_vehicle
278,mutation,3,mutation,maximum_distractor_speed,,0,1,1,5,0,0,20.0,40.0,10.0,20.0,3,151,36.46309280395508,2.2841553786732502,,crash_vehicle
279,fresh,1,fresh,,,0,0,0,2,0,0,15.0,5.0,5.0,55.0,2,100,-3.883854627609253,0.20682192027568816,,out_of_road
280,mutation,5,mutation,distance_to_nearest,,1,0,0,12,0,1,10.0,5.0,5.0,10.0,1,37,-0.14185142517089844,0.05900556976730759,,crash_vehicle
281,fresh,1,fresh,,,0,1,0,2,1,0,5.0,40.0,10.0,55.0,1,112,28.804168701171875,2.1186323639537608,,crash_vehicle
282,mutation,6,mutation,select_road|select_lane|ego_on_intersection|intersection_has_cars,,2,1,0,18,1,0,5.0,40.0,10.0,55.0,1,126,2.8899130821228027,0.11612683958891365,,out_of_road
283,fresh,4,fresh,,,0,0,0,8,1,1,10.0,5.0,10.0,55.0,0,43,-0.10436487197875977,0.07649278086285259,,crash_vehicle
284,mutation,1,mutation,distractor_cars,,2,1,1,2,1,0,10.0,40.0,15.0,55.0,2,133,31.191783905029297,2.2391768218879413,,crash_vehicle
285,fresh,2,fresh,,,0,1,1,3,0,1,20.0,40.0,10.0,10.0,2,516,114.99301147460938,2.717391468902198,,out_of_road
286,mutation,6,mutation,select_road|select_lane|ego_on_intersection|intersection_has_cars,,2,0,0,18,1,0,15.0,20.0,15.0,35.0,2,92,4.109484672546387,0.5549508018986039,,out_of_road
287,fresh,5,fresh,,,0,1,0,12,1,0,10.0,10.0,5.0,35.0,3,94,7.203479766845703,0.32519005227120634,,out_of_road
288,replay,5,replay,,,0,1,0,12,1,0,10.0,10.0,5.0,35.0,3,112,30.457962036132812,2.699116245444332,,crash_vehicle
289,fresh,2,fresh,,,0,0,0,3,1,0,15.0,5.0,5.0,55.0,1,208,59.65950012207031,3.5003758673197947,,out_of_road
290,mutation,2,mutation,maximum_distractor_speed,,1,0,0,3,0,0,5.0,40.0,10.0,20.0,0,138,10.348734855651855,0.6938354800576749,,out_of_road
291,fresh,0,fresh,,,0,0,0,0,0,0,10.0,20.0,10.0,10.0,0,495,158.47702026367188,3.971839777116824,,out_of_road
292,mutation,5,mutation,distance_to_nearest,,0,1,1,12,1,0,10.0,40.0,15.0,55.0,3,247,31.366756439208984,1.3401129613762441,,crash_vehicle
293,fresh,3,fresh,,,0,1,0,5,0,1,15.0,10.0,5.0,10.0,1,99,5.97838020324707,0.18450137619117293,,crash_vehicle
294,replay,3,replay,,,0,1,0,5,0,1,15.0,10.0,5.0,10.0,1,926,233.05960083007812,2.724595700674258,,out_of_road
295,fresh,5,fresh,,,0,1,1,12,1,1,5.0,10.0,15.0,20.0,1,111,0.5967397689819336,0.4495019484479148,,out_of_road
296,replay,5,replay,,,0,1,1,12,1,1,5.0,10.0,15.0,20.0,1,78,0.04197883605957031,0.35412388084790647,,out_of_road
297,fresh,0,fresh,,,0,0,0,0,0,0,20.0,40.0,15.0,20.0,0,554,88.76066589355469,1.6396662797778845,,out_of_road
298,mutation,1,mutation,brake_dist,,1,1,0,2,0,1,20.0,20.0,10.0,10.0,0,90,13.922464370727539,0.6982819684677654,,crash_vehicle
299,fresh,2,fresh,,,0,0,0,3,1,1,20.0,40.0,5.0,55.0,0,132,33.22047424316406,2.147196718463392,,crash_vehicle
300,mutation,2,mutation,brake_dist,,1,0,0,3,1,0,5.0,5.0,5.0,55.0,0,41,2.7360787391662598,0.14641617565620235,,crash_vehicle
301,fresh,1,fresh,,,0,0,0,2,0,1,20.0,20.0,10.0,10.0,1,273,76.93475341796875,3.0102530610867038,,out_of_road
302,mutation,4,mutation,intersection_cars,,1,0,0,8,1,0,10.0,40.0,10.0,55.0,2,208,59.109283447265625,2.7442274891699734,,crash_vehicle
303,fresh,5,fresh,,,0,0,0,12,1,1,5.0,40.0,5.0,55.0,1,182,31.377227783203125,1.0338833597898074,,crash_vehicle
304,crossover,4,crossover,,select_lane|ego_on_intersection|intersection_has_cars|has_brake_checker|maximum_distractor_speed|distance_to_nearest|cluster_dist,5,0,0,8,1,1,10.0,40.0,10.0,55.0,1,131,31.59991455078125,2.0859258785161354,,crash_vehicle
305,fresh,0,fresh,,,0,0,0,0,0,0,20.0,40.0,15.0,10.0,0,251,55.6126594543457,2.132543753224065,,out_of_road
306,crossover,2,crossover,,distractor_cars|intersection_cars|has_cluster|maximum_distractor_speed|distance_to_nearest,3,0,0,3,1,0,5.0,5.0,5.0,55.0,0,36,0.946709156036377,0.0,,crash_vehicle
307,fresh,0,fresh,,,0,1,0,0,1,0,15.0,20.0,15.0,20.0,0,123,6.688760757446289,0.259767961847346,,out_of_road
308,crossover,1,crossover,,select_lane|ego_on_intersection|intersection_has_cars|distractor_cars|has_cluster,1,0,0,2,1,1,20.0,20.0,10.0,55.0,0,181,16.953903198242188,0.6313815838888864,,crash_vehicle
309,fresh,3,fresh,,,0,0,0,4,0,0,20.0,10.0,5.0,35.0,3,348,56.90693664550781,1.8395819795028916,,out_of_road
310,crossover,2,crossover,,select_lane|ego_on_intersection|intersection_has_cars|distractor_cars|distance_to_nearest|brake_dist,5,1,1,3,0,0,5.0,10.0,10.0,10.0,3,2,10.0,3.5776360034942627,,arrive_dest
311,fresh,0,fresh,,,0,1,0,1,1,0,5.0,20.0,15.0,35.0,1,107,3.634309768676758,0.1446598459592211,,out_of_road
312,mutation,3,mutation,distractor_cars,,1,1,1,5,1,0,10.0,40.0,15.0,55.0,3,270,81.69310760498047,3.4883080845077834,,out_of_road
313,fresh,4,fresh,,,0,0,0,8,0,0,10.0,10.0,10.0,10.0,2,757,220.54183959960938,3.4101918257841817,,crash_vehicle
314,mutation,3,mutation,distractor_cars,,1,0,0,5,0,1,15.0,20.0,5.0,35.0,2,443,102.19466400146484,2.611100050719543,,out_of_road
315,fresh,3,fresh,,,0,0,0,4,1,1,10.0,5.0,10.0,20.0,0,114,22.76217269897461,2.1864027932547687,,crash_vehicle
316,replay,3,replay,,,0,0,0,4,1,1,10.0,5.0,10.0,20.0,0,127,22.101566314697266,1.0315749003427235,,crash_vehicle
317,fresh,2,fresh,,,0,0,0,3,0,0,20.0,40.0,10.0,10.0,0,268,42.582069396972656,1.6067498748359244,,out_of_road
318,crossover,6,crossover,,select_lane|ego_on_intersection|intersection_has_cars|has_brake_checker|intersection_cars|has_cluster|maximum_distractor_speed|cluster_dist|brake_dist,6,0,0,18,1,0,5.0,20.0,10.0,55.0,1,330,50.58675765991211,1.4869255177225127,,crash_vehicle
319,fresh,1,fresh,,,0,1,1,2,1,1,15.0,10.0,15.0,35.0,2,218,36.89051818847656,1.2816791265109264,,out_of_road
320,crossover,0,crossover,,distractor_cars,1,0,0,1,0,0,10.0,5.0,5.0,20.0,0,66,-0.49852800369262695,0.31119858676737006,,crash_vehicle
321,fresh,0,fresh,,,0,1,1,1,0,1,15.0,10.0,10.0,20.0,1,141,44.467227935791016,2.9562263235132744,,out_of_road
322,replay,0,replay,,,0,1,1,1,0,1,15.0,10.0,10.0,20.0,1,266,68.59564208984375,2.276486663161812,,crash_vehicle
323,fresh,4,fresh,,,0,1,1,8,1,0,15.0,20.0,5.0,55.0,1,114,1.2887940406799316,0.08834874917540633,,out_of_road
324,crossover,0,crossover,,select_lane|ego_on_intersection|intersection_has_cars|distractor_cars|intersection_cars|maximum_distractor_speed|cluster_dist|brake_dist,7,0,0,0,0,0,10.0,5.0,5.0,20.0,0,295,66.88131713867188,2.5399397684861036,rejection_fallback,out_of_road
325,fresh,4,fresh,,,0,1,0,8,0,1,5.0,10.0,10.0,10.0,3,66,2.8856329917907715,0.44876866494164325,,out_of_road
326,crossover,3,crossover,,select_lane|ego_on_intersection|intersection_has_cars|has_cluster|maximum_distractor_speed|distance_to_nearest,5,1,0,5,0,1,10.0,20.0,10.0,20.0,3,70,14.382925033569336,0.6384632004158838,,crash_vehicle
327,fresh,1,fresh,,,0,1,1,2,0,1,20.0,40.0,15.0,20.0,1,144,27.14887237548828,1.3727366678002808,,out_of_road
328,mutation,1,mutation,has_cluster,,0,1,0,2,0,1,20.0,20.0,10.0,55.0,0,75,5.189780235290527,0.49489596754312515,,out_of_road
329,fresh,5,fresh,,,0,1,1,12,1,0,5.0,10.0,10.0,55.0,2,149,33.12424850463867,2.2338637476599454,,out_of_road
330,crossover,5,crossover,,select_lane|ego_on_intersection|intersection_has_cars|has_brake_checker|has_cluster|distance_to_nearest|cluster_dist|brake_dist,4,0,0,12,1,0,10.0,40.0,5.0,55.0,0,177,51.97566604614258,3.36832332611084,,arrive_dest
331,fresh,0,fresh,,,0,1,1,0,1,0,10.0,10.0,15.0,10.0,0,207,55.80555725097656,2.5648254336078384,,out_of_road
332,replay,0,replay,,,0,1,1,0,1,0,10.0,10.0,15.0,10.0,0,115,21.75568199157715,0.7428949253390664,,crash_vehicle
333,fresh,5,fresh,,,0,1,0,12,1,1,20.0,20.0,5.0,35.0,2,91,20.145565032958984,0.8283013238029165,,crash_vehicle
334,mutation,5,mutation,maximum_distractor_speed,,1,0,0,12,1,1,5.0,20.0,10.0,55.0,1,97,14.249338150024414,0.5954921585843735,,crash_vehicle
335,fresh,5,fresh,,,0,0,0,12,1,1,10.0,20.0,5.0,35.0,2,116,21.22224235534668,1.168987122524915,,crash_vehicle
336,crossover,3,crossover,,has_brake_checker|intersection_cars|maximum_distractor_speed|distance_to_nearest|cluster_dist,4,1,1,5,0,0,15.0,20.0,5.0,20.0,2,83,15.940607070922852,0.6701534492782799,,crash_vehicle
337,fresh,3,fresh,,,0,1,0,4,0,1,10.0,20.0,15.0,10.0,2,135,13.830606460571289,1.2086313954106083,,out_of_road
338,mutation,2,mutation,brake_dist,,1,1,0,3,0,0,5.0,20.0,10.0,20.0,1,94,16.173507690429688,0.592265397785826,,crash_vehicle
339,fresh,3,fresh,,,0,1,1,5,1,1,5.0,40.0,15.0,55.0,3,141,37.06977081298828,2.413271746736892,,out_of_road
340,replay,3,replay,,,0,1,1,5,1,1,5.0,40.0,15.0,55.0,3,71,11.645122528076172,0.9965603750356486,,crash_vehicle
341,fresh,3,fresh,,,0,1,1,5,1,1,15.0,5.0,15.0,20.0,0,108,25.635581970214844,3.4035432040691376,,out_of_road
342,replay,3,replay,,,0,1,1,5,1,1,15.0,5.0,15.0,20.0,0,155,16.719297409057617,0.6524610785707351,,crash_vehicle
343,fresh,0,fresh,,,0,0,0,1,0,0,10.0,5.0,5.0,20.0,0,38,-0.06238222122192383,0.13494864263032613,,crash_vehicle
344,mutation,4,mutation,cluster_dist,,1,1,0,8,0,1,10.0,10.0,10.0,55.0,1,66,9.757506370544434,0.8081952604380521,,crash_vehicle
345,fresh,0,fresh,,,0,1,1,1,0,0,20.0,10.0,10.0,35.0,1,106,9.690533638000488,0.8666600802878164,,out_of_road
346,crossover,5,crossover,,select_lane|ego_on_intersection|intersection_has_cars|distractor_cars|has_cluster,3,1,0,12,0,1,15.0,10.0,10.0,20.0,1,78,8.07436466217041,0.8414676674665549,,crash_vehicle
347,fresh,6,fresh,,,0,1,0,18,1,0,15.0,20.0,5.0,35.0,1,201,58.963401794433594,3.0610930783238577,,out_of_road
348,mutation,4,mutation,brake_dist,,0,0,0,8,1,1,10.0,40.0,10.0,55.0,1,131,34.00386047363281,1.8698572917407705,,crash_vehicle
349,fresh,5,fresh,,,0,1,1,12,1,0,10.0,40.0,10.0,55.0,2,175,44.48321533203125,2.242103422709874,,out_of_road
350,replay,5,replay,,,0,1,1,12,1,0,10.0,40.0,10.0,55.0,2,48,1.7326369285583496,0.0,,crash_vehicle
351,fresh,2,fresh,,,0,1,0,3,0,0,5.0,20.0,5.0,10.0,3,151,29.763954162597656,1.3966919097876707,,out_of_road
352,crossover,0,crossover,,select_lane|ego_on_intersection|intersection_has_cars|distractor_cars|intersection_cars|has_cluster|brake_dist,4,0,0,0,1,0,15.0,5.0,5.0,20.0,0,64,4.238654136657715,0.3844573611859232,,out_of_road
353,fresh,5,fresh,,,0,1,1,12,0,0,15.0,20.0,10.0,55.0,0,208,26.810590744018555,1.1237837898079306,,crash_vehicle
354,crossover,5,crossover,,select_lane|ego_on_intersection|intersection_has_cars|distractor_cars|has_brake_checker|cluster_dist|brake_dist,5,1,1,12,1,0,15.0,10.0,10.0,55.0,1,121,25.581960678100586,1.628244121705205,,out_of_road
355,fresh,0,fresh,,,0,1,1,0,0,0,5.0,40.0,10.0,55.0,0,193,59.489646911621094,3.0849296963276642,,out_of_road
356,replay,0,replay,,,0,1,1,0,0,0,5.0,40.0,10.0,55.0,0,185,63.309898376464844,4.307421199373297,,out_of_road
357,fresh,3,fresh,,,0,1,0,5,0,1,20.0,5.0,5.0,10.0,2,33,0.36678123474121094,0.0,,crash_vehicle
358,crossover,0,crossover,,select_lane|ego_on_intersection|intersection_has_cars|distractor_cars|has_brake_checker|maximum_distractor_speed|distance_to_nearest,2,1,0,1,0,1,15.0,10.0,15.0,55.0,1,437,124.55085754394531,3.1664157299329134,,out_of_road
359,fresh,5,fresh,,,0,0,0,12,1,0,15.0,20.0,5.0,35.0,1,641,181.1511688232422,2.8293159099560166,,out_of_road
360,mutation,4,mutation,has_cluster,,1,0,0,8,1,1,10.0,20.0,15.0,35.0,1,213,54.5695915222168,2.9859910467420945,,out_of_road
361,fresh,0,fresh,,,0,0,0,0,1,0,15.0,20.0,15.0,20.0,0,478,171.90768432617188,4.072581390706066,,out_of_road
362,replay,0,replay,,,0,0,0,0,1,0,15.0,20.0,15.0,20.0,0,499,144.8467254638672,3.1340002130440814,,crash_vehicle
363,fresh,1,fresh,,,0,0,0,2,1,0,15.0,20.0,10.0,35.0,1,832,179.96018981933594,2.225498469687479,,out_of_road
364,replay,1,replay,,,0,0,0,2,1,0,15.0,20.0,10.0,35.0,1,78,16.03849983215332,2.16955626813265,,out_of_road
365,fresh,0,fresh,,,0,1,0,0,0,0,5.0,5.0,10.0,55.0,0,269,55.72301483154297,2.2696542849549575,,out_of_road
366,replay,0,replay,,,0,1,0,0,0,0,5.0,5.0,10.0,55.0,0,435,184.7260284423828,5.053620126466641,,out_of_road
367,fresh,5,fresh,,,0,0,0,12,1,1,5.0,40.0,15.0,55.0,1,267,87.60472106933594,3.8836670680327363,,out_of_road
368,crossover,0,crossover,,select_lane|ego_on_intersection|intersection_has_cars|has_brake_checker|has_cluster|maximum_distractor_speed|cluster_dist,4,0,0,1,1,0,15.0,20.0,15.0,35.0,1,558,192.36402893066406,4.0071643687063645,,out_of_road
369,fresh,3,fresh,,,0,0,0,4,0,0,15.0,20.0,10.0,20.0,3,240,26.955175399780273,0.9523553533479572,,crash_vehicle
370,mutation,2,mutation,brake_dist,,1,0,0,3,1,0,15.0,5.0,5.0,20.0,1,67,13.894498825073242,1.7794096945826687,,crash_vehicle
371,fresh,0,fresh,,,0,1,1,1,1,1,20.0,40.0,15.0,55.0,1,144,15.374031066894531,0.7747066090814769,,out_of_road
372,crossover,5,crossover,,has_brake_checker|intersection_cars|maximum_distractor_speed|cluster_dist,3,0,0,12,1,1,10.0,20.0,5.0,55.0,2,179,45.26401138305664,2.5725623519061,,crash_vehicle
373,fresh,5,fresh,,,0,0,0,12,1,0,20.0,20.0,15.0,35.0,0,262,62.51826477050781,2.604762429926004,,out_of_road
374,crossover,5,crossover,,select_lane|ego_on_intersection|intersection_has_cars|has_brake_checker|maximum_distractor_speed|cluster_dist|brake_dist,3,1,1,12,1,0,5.0,40.0,10.0,55.0,0,350,88.75051879882812,2.635813543030194,,crash_vehicle
375,fresh,5,fresh,,,0,1,0,12,0,0,20.0,20.0,5.0,35.0,1,471,129.22030639648438,2.800275861339015,,crash_vehicle
376,mutation,0,mutation,cluster_dist,,0,1,1,1,1,1,10.0,40.0,15.0,55.0,1,342,136.26312255859375,4.292845258064437,,out_of_road
377,fresh,3,fresh,,,0,1,1,5,0,0,15.0,40.0,5.0,35.0,0,398,69.84825134277344,1.6647777472852012,,out_of_road
378,mutation,2,mutation,has_cluster,,0,1,1,3,0,0,5.0,10.0,10.0,10.0,3,482,113.25190734863281,2.292381008909204,,out_of_road
379,fresh,4,fresh,,,0,0,0,8,0,0,10.0,40.0,5.0,20.0,2,243,47.91987991333008,1.571508821820526,,out_of_road
380,replay,4,replay,,,0,0,0,8,0,0,10.0,40.0,5.0,20.0,2,186,11.783893585205078,0.42037397086299877,,out_of_road
381,fresh,4,fresh,,,0,0,0,8,0,0,15.0,10.0,15.0,55.0,2,537,212.8876495361328,4.284764408898753,,out_of_road
382,mutation,1,mutation,distance_to_nearest,,0,0,0,2,1,1,20.0,20.0,5.0,35.0,0,138,30.645694732666016,1.5084610107908214,,crash_vehicle
383,fresh,6,fresh,,,0,1,1,18,0,0,20.0,10.0,15.0,10.0,0,69,12.223695755004883,0.8664992736733478,,crash_vehicle
384,mutation,2,mutation,distance_to_nearest,,1,0,0,3,1,0,5.0,20.0,10.0,55.0,0,138,54.012107849121094,3.490746449733126,,crash_vehicle
385,fresh,3,fresh,,,0,0,0,5,0,1,20.0,20.0,5.0,20.0,1,111,18.55379867553711,0.30376024480472813,,crash_vehicle
386,mutation,2,mutation,distance_to_nearest,,1,1,0,3,0,0,5.0,5.0,10.0,20.0,1,30,-2.111675262451172,0.0,,crash_vehicle
387,fresh,6,fresh,,,0,1,1,18,1,1,10.0,10.0,10.0,20.0,0,55,4.933374404907227,0.22671448100696912,,crash_vehicle
388,replay,6,replay,,,0,1,1,18,1,1,10.0,10.0,10.0,20.0,0,133,38.49130630493164,1.734551256666086,,crash_vehicle
389,fresh,3,fresh,,,0,0,0,5,0,0,10.0,5.0,5.0,20.0,1,920,245.90914916992188,2.9217341536210606,,out_of_road
390,replay,3,replay,,,0,0,0,5,0,0,10.0,5.0,5.0,20.0,1,120,38.277069091796875,2.6024049639701845,,out_of_road
391,fresh,0,fresh,,,0,1,0,0,0,0,20.0,20.0,5.0,55.0,0,503,114.03108978271484,2.0885492655009803,,out_of_road
392,replay,0,replay,,,0,1,0,0,0,0,20.0,20.0,5.0,55.0,0,383,109.44446563720703,2.808368655840815,,out_of_road
393,fresh,2,fresh,,,0,1,1,3,0,1,20.0,40.0,15.0,10.0,3,144,48.97907638549805,3.236257235209147,,out_of_road
394,crossover,4,crossover,,has_brake_checker|has_cluster|maximum_distractor_speed|distance_to_nearest|cluster_dist|brake_dist,3,0,0,8,1,0,10.0,40.0,10.0,55.0,2,127,39.817108154296875,1.9671962924712285,,crash_vehicle
395,fresh,3,fresh,,,0,0,0,4,0,0,5.0,20.0,10.0,20.0,1,380,153.94888305664062,4.572656618019468,,crash_vehicle
396,replay,3,replay,,,0,0,0,4,0,0,5.0,20.0,10.0,20.0,1,308,113.66767120361328,3.9823182111049626,,crash_vehicle
397,fresh,0,fresh,,,0,1,1,1,1,0,15.0,10.0,10.0,35.0,1,355,60.59907531738281,1.3239663256096168,,out_of_road
398,mutation,3,mutation,distance_to_nearest,,1,1,1,5,0,0,20.0,20.0,10.0,20.0,3,455,184.58750915527344,4.589622185780452,,out_of_road
399,fresh,2,fresh,,,0,0,0,3,0,1,10.0,10.0,10.0,20.0,2,55,3.794417381286621,0.13728567470203745,,out_of_road
400,crossover,4,crossover,,distractor_cars|has_brake_checker|has_cluster|distance_to_nearest,1,0,0,8,1,1,10.0,5.0,10.0,55.0,1,64,7.005772590637207,0.5618903557187878,,crash_vehicle
401,fresh,2,fresh,,,0,1,0,3,1,0,15.0,20.0,5.0,55.0,0,89,22.061355590820312,0.8951601509130402,,crash_vehicle
402,replay,2,replay,,,0,1,0,3,1,0,15.0,20.0,5.0,55.0,0,354,142.46925354003906,4.2021608660786836,,crash_vehicle
403,fresh,3,fresh,,,0,1,0,4,0,1,10.0,20.0,15.0,20.0,2,93,26.451082229614258,1.3659292828011256,,crash_vehicle
404,replay,3,replay,,,0,1,0,4,0,1,10.0,20.0,15.0,20.0,2,386,188.41468811035156,5.9902722465714024,,out_of_road
405,fresh,4,fresh,,,0,1,1,8,0,1,10.0,40.0,15.0,20.0,1,385,115.35795593261719,3.1887030865464894,,out_of_road
406,mutation,1,mutation,has_cluster,,0,1,0,2,1,0,5.0,40.0,10.0,55.0,1,66,3.1411571502685547,0.4133129720434998,,out_of_road
407,fresh,4,fresh,,,0,1,1,8,0,1,10.0,40.0,15.0,10.0,2,129,30.26294708251953,0.9824240616010141,,crash_vehicle
408,mutation,3,mutation,brake_dist,,1,1,0,5,0,1,10.0,20.0,10.0,10.0,3,17,11.012675285339355,1.6395823955535889,,arrive_dest
409,fresh,0,fresh,,,0,0,0,0,0,0,5.0,40.0,5.0,10.0,0,25,-5.342977046966553,0.0,,out_of_road
410,crossover,1,crossover,,maximum_distractor_speed|distance_to_nearest|cluster_dist,0,0,0,2,0,1,20.0,20.0,10.0,55.0,0,216,41.57098388671875,1.998498321959266,,crash_vehicle
411,fresh,0,fresh,,,0,0,0,1,0,1,10.0,20.0,15.0,55.0,0,434,193.98294067382812,4.834500742741444,,out_of_road
412,replay,0,replay,,,0,0,0,1,0,1,10.0,20.0,15.0,55.0,0,135,47.50102996826172,2.4841492274293193,,crash_vehicle
413,fresh,2,fresh,,,0,1,1,3,1,0,20.0,20.0,15.0,55.0,3,311,156.4964141845703,5.666341415172221,,crash_vehicle
414,replay,2,replay,,,0,1,1,3,1,0,20.0,20.0,15.0,55.0,3,80,19.596416473388672,1.3852469444274902,,crash_vehicle
415,fresh,6,fresh,,,0,0,0,18,0,1,5.0,10.0,15.0,55.0,1,73,17.847257614135742,1.300724207130197,,crash_vehicle
416,mutation,5,mutation,select_road|select_lane|ego_on_intersection|intersection_has_cars,,1,0,0,12,0,0,15.0,10.0,10.0,20.0,1,45,-0.4507484436035156,0.1462988555431366,,out_of_road
417,fresh,0,fresh,,,0,0,0,1,1,1,20.0,5.0,10.0,20.0,0,131,27.695110321044922,2.3634813017290055,,out_of_road
418,replay,0,replay,,,0,0,0,1,1,1,20.0,5.0,10.0,20.0,0,319,163.03550720214844,5.864802791407116,,out_of_road
419,fresh,3,fresh,,,0,1,0,4,0,0,20.0,40.0,15.0,35.0,2,366,140.8097686767578,3.716239810010286,,arrive_dest
420,crossover,2,crossover,,select_lane|ego_on_intersection|intersection_has_cars|distractor_cars|maximum_distractor_speed|cluster_dist|brake_dist,5,1,1,3,0,0,20.0,20.0,15.0,10.0,1,116,44.70588684082031,3.0049068991994035,,crash_vehicle
421,fresh,0,fresh,,,0,0,0,0,1,0,5.0,5.0,10.0,35.0,0,256,118.40583801269531,5.193660830089357,,crash_vehicle
422,replay,0,replay,,,0,0,0,0,1,0,5.0,5.0,10.0,35.0,0,169,51.120487213134766,3.4279775824067156,,out_of_road
423,fresh,0,fresh,,,0,1,0,0,1,0,10.0,10.0,5.0,20.0,0,148,52.649234771728516,4.2674680754945085,,out_of_road
424,replay,0,replay,,,0,1,0,0,1,0,10.0,10.0,5.0,20.0,0,152,38.1545295715332,1.845110095743286,,out_of_road
425,fresh,3,fresh,,,0,0,0,5,1,0,15.0,40.0,10.0,55.0,2,247,64.56965637207031,2.1006806664591133,,crash_vehicle
426,crossover,2,crossover,,has_brake_checker|maximum_distractor_speed|brake_dist,2,0,0,3,1,0,15.0,5.0,5.0,55.0,0,63,10.373740196228027,1.2807545600429413,,crash_vehicle
427,fresh,0,fresh,,,0,1,1,0,0,0,20.0,10.0,15.0,55.0,0,134,45.619598388671875,4.053834995449479,,out_of_road
428,crossover,1,crossover,,select_lane|ego_on_intersection|intersection_has_cars|distractor_cars|has_cluster|maximum_distractor_speed|cluster_dist,2,0,0,2,1,0,20.0,20.0,10.0,55.0,0,170,72.06725311279297,4.075182461563279,,out_of_road
429,fresh,2,fresh,,,0,1,1,3,0,1,5.0,5.0,10.0,10.0,2,63,9.5199556350708,0.5250710433437711,,crash_vehicle
430,crossover,4,crossover,,select_lane|ego_on_intersection|intersection_has_cars|distractor_cars|has_brake_checker|intersection_cars|maximum_distractor_speed,6,1,0,8,1,0,10.0,40.0,15.0,55.0,2,368,153.44436645507812,4.584195723554687,,out_of_road
431,fresh,3,fresh,,,0,1,0,5,0,0,5.0,40.0,10.0,35.0,1,130,19.12749481201172,1.1041124516381666,,crash_vehicle
432,mutation,2,mutation,select_road|select_lane|ego_on_intersection|intersection_has_cars,,3,0,0,3,0,0,5.0,10.0,10.0,10.0,3,28,-4.653309345245361,0.03391047886439732,,crash_vehicle
433,fresh,2,fresh,,,0,0,0,3,1,1,5.0,5.0,15.0,35.0,3,194,98.42211151123047,5.0935212235475325,,crash_vehicle
434,replay,2,replay,,,0,0,0,3,1,1,5.0,5.0,15.0,35.0,3,264,148.2291259765625,6.364671164728476,,crash_vehicle
435,fresh,6,fresh,,,0,1,0,18,0,1,15.0,40.0,5.0,55.0,3,93,34.117244720458984,1.9632537408221153,,crash_vehicle
436,mutation,2,mutation,has_brake_checker,,0,0,0,3,1,1,5.0,5.0,15.0,35.0,3,152,43.894744873046875,2.4725605072943786,,out_of_road
437,fresh,3,fresh,,,0,0,0,5,1,0,5.0,40.0,15.0,55.0,1,205,76.81655883789062,3.6255975285681283,,crash_vehicle
438,crossover,2,crossover,,select_lane|ego_on_intersection|intersection_has_cars|distractor_cars|distance_to_nearest|brake_dist,3,0,0,3,1,1,5.0,40.0,15.0,55.0,3,258,126.001953125,5.041825684697129,,crash_vehicle
439,fresh,3,fresh,,,0,0,0,5,0,1,20.0,40.0,15.0,35.0,3,157,59.288482666015625,3.5768268738108078,,crash_vehicle
440,replay,3,replay,,,0,0,0,5,0,1,20.0,40.0,15.0,35.0,3,98,32.572845458984375,1.6792961143109264,,crash_vehicle
441,fresh,6,fresh,,,0,1,0,18,0,0,10.0,20.0,10.0,35.0,1,272,104.70327758789062,4.3906846755348585,,crash_vehicle
442,replay,6,replay,,,0,1,0,18,0,0,10.0,20.0,10.0,35.0,1,142,45.00093078613281,2.794111848507129,,out_of_road
443,fresh,0,fresh,,,0,1,1,0,0,0,5.0,5.0,10.0,35.0,0,232,108.10580444335938,4.910458870103647,,out_of_road
444,replay,0,replay,,,0,1,1,0,0,0,5.0,5.0,10.0,35.0,0,268,135.00204467773438,5.12649130037249,,crash_vehicle
445,fresh,3,fresh,,,0,1,1,5,1,0,20.0,40.0,10.0,55.0,0,345,164.46182250976562,5.654769199827443,,out_of_road
446,replay,3,replay,,,0,1,1,5,1,0,20.0,40.0,10.0,55.0,0,155,62.32769012451172,3.441621257220545,,out_of_road
447,fresh,2,fresh,,,0,0,0,3,1,0,5.0,10.0,15.0,20.0,1,51,6.084353446960449,0.15118027668373257,,crash_vehicle
448,replay,2,replay,,,0,0,0,3,1,0,5.0,10.0,15.0,20.0,1,79,22.686595916748047,0.6099887716619274,,arrive_dest
449,fresh,3,fresh,,,0,0,0,5,0,0,15.0,40.0,5.0,35.0,2,241,95.1025619506836,4.036484857194156,,out_of_road
450,mutation,0,mutation,distance_to_nearest,,0,1,1,1,0,1,15.0,10.0,10.0,20.0,1,344,152.80311584472656,4.9757595932501,,out_of_road
451,fresh,0,fresh,,,0,1,0,0,0,0,5.0,20.0,5.0,10.0,0,94,10.083476066589355,0.569579948770239,,out_of_road
452,replay,0,replay,,,0,1,0,0,0,0,5.0,20.0,5.0,10.0,0,99,33.99784469604492,1.48489673857135,,crash_vehicle
453,fresh,1,fresh,,,0,1,0,2,1,1,5.0,5.0,15.0,20.0,1,50,5.7650299072265625,0.22327265307307242,,crash_vehicle
454,crossover,3,crossover,,distractor_cars|has_brake_checker|brake_dist,3,0,0,4,0,0,5.0,40.0,15.0,20.0,1,175,67.61658477783203,2.9553856093542916,,crash_vehicle
455,fresh,3,fresh,,,0,0,0,4,0,1,15.0,20.0,10.0,20.0,1,40,-2.772456407546997,0.11673755645751953,,out_of_road
456,mutation,1,mutation,intersection_cars,,0,0,0,2,1,1,20.0,20.0,5.0,35.0,0,63,17.001934051513672,0.2446972798733484,,crash_vehicle
457,fresh,3,fresh,,,0,1,0,4,1,1,5.0,40.0,5.0,55.0,1,54,5.027947425842285,0.48411191613585863,,out_of_road
458,crossover,3,crossover,,has_brake_checker|intersection_cars|maximum_distractor_speed|brake_dist,1,1,1,5,1,1,5.0,40.0,15.0,55.0,0,261,86.32006072998047,2.9417138785637658,,crash_vehicle
459,fresh,3,fresh,,,0,0,0,4,0,1,20.0,40.0,15.0,20.0,3,19,-5.193983554840088,0.0696172463266473,,out_of_road
460,mutation,2,mutation,intersection_cars,,1,1,0,3,0,0,5.0,20.0,10.0,35.0,0,93,22.72393035888672,1.076294889373164,,crash_vehicle
461,fresh,0,fresh,,,0,0,0,0,0,0,15.0,10.0,15.0,55.0,0,62,7.4530839920043945,0.4867531500997082,,out_of_road
462,crossover,2,crossover,,has_cluster|distance_to_nearest|brake_dist,2,0,0,3,0,1,20.0,10.0,10.0,20.0,0,53,3.1650686264038086,0.5274370762537111,,out_of_road
463,fresh,6,fresh,,,0,0,0,18,1,1,15.0,20.0,10.0,55.0,1,321,139.89114379882812,4.848774839227445,,out_of_road
464,mutation,3,mutation,has_brake_checker,,1,0,0,5,1,0,10.0,5.0,5.0,20.0,1,204,65.18109130859375,4.225053107621623,,out_of_road
465,fresh,4,fresh,,,0,0,0,8,0,0,10.0,5.0,10.0,35.0,3,33,2.1073169708251953,0.07744156230579723,,crash_vehicle
466,crossover,1,crossover,,select_lane|ego_on_intersection|intersection_has_cars|has_cluster|cluster_dist,2,0,0,2,1,1,20.0,20.0,10.0,55.0,0,129,48.823516845703125,3.1681277394987815,,crash_vehicle
467,fresh,4,fresh,,,0,1,0,8,0,1,10.0,40.0,5.0,55.0,1,175,75.95088195800781,3.657977284703936,,crash_vehicle
468,mutation,3,mutation,distance_to_nearest,,0,1,1,5,0,0,20.0,40.0,10.0,20.0,3,185,82.53822326660156,5.262140140017948,,out_of_road
469,fresh,2,fresh,,,0,1,1,3,0,1,5.0,10.0,15.0,35.0,3,230,97.83789825439453,3.829727049495863,,out_of_road
470,crossover,1,crossover,,select_lane|ego_on_intersection|intersection_has_cars|distractor_cars|intersection_cars|has_cluster|distance_to_nearest|cluster_dist|brake_dist,1,0,0,2,1,1,20.0,20.0,10.0,55.0,0,147,49.079856872558594,2.52971274167502,,crash_vehicle
471,fresh,6,fresh,,,0,1,1,18,1,0,5.0,5.0,15.0,55.0,0,34,1.4372715950012207,0.22856391002150142,,crash_vehicle
472,crossover,3,crossover,,select_lane|ego_on_intersection|intersection_has_cars|intersection_cars|distance_to_nearest|cluster_dist,6,0,0,5,1,0,10.0,20.0,5.0,55.0,1,153,35.498046875,1.3106501326451894,,crash_vehicle
473,fresh,6,fresh,,,0,1,1,18,0,0,5.0,40.0,15.0,55.0,3,148,61.084503173828125,3.039517151342856,,crash_vehicle
474,replay,6,replay,,,0,1,1,18,0,0,5.0,40.0,15.0,55.0,3,47,3.557145118713379,0.6803106697315865,,out_of_road
475,fresh,2,fresh,,,0,1,1,3,0,1,15.0,20.0,15.0,20.0,3,129,46.97782897949219,2.406839965618858,,out_of_road
476,mutation,4,mutation,maximum_distractor_speed,,1,0,0,8,1,0,5.0,40.0,10.0,55.0,2,118,24.691465377807617,1.4948022806290853,,crash_vehicle
477,fresh,6,fresh,,,0,0,0,18,0,0,15.0,5.0,5.0,10.0,2,31,-0.38170623779296875,0.2420424953583748,,crash_vehicle
478,replay,6,replay,,,0,0,0,18,0,0,15.0,5.0,5.0,10.0,2,316,142.20205688476562,5.016596957663946,,out_of_road
479,fresh,6,fresh,,,0,1,1,18,0,0,15.0,20.0,15.0,55.0,0,113,25.901086807250977,1.0367022974301228,,out_of_road
480,crossover,4,crossover,,select_lane|ego_on_intersection|intersection_has_cars|maximum_distractor_speed|distance_to_nearest|cluster_dist|brake_dist,3,0,0,8,1,1,5.0,40.0,10.0,55.0,1,61,9.973672866821289,0.1601642858786661,,crash_vehicle
481,fresh,3,fresh,,,0,1,0,5,0,0,10.0,20.0,5.0,10.0,2,100,37.30707550048828,2.331936814934015,,crash_vehicle
482,crossover,3,crossover,,select_lane|ego_on_intersection|intersection_has_cars|has_cluster|maximum_distractor_speed|distance_to_nearest|brake_dist,4,0,0,5,1,0,5.0,40.0,15.0,55.0,0,130,34.48968505859375,1.8577520578526534,,crash_vehicle
483,fresh,3,fresh,,,0,1,1,5,1,1,15.0,40.0,5.0,55.0,0,218,89.52632904052734,3.8440780341625214,,out_of_road
484,mutation,0,mutation,has_brake_checker,,0,1,1,0,0,0,5.0,40.0,5.0,10.0,0,423,192.75344848632812,4.85101473218724,,out_of_road
485,fresh,0,fresh,,,0,1,0,1,1,0,15.0,20.0,5.0,35.0,1,92,27.724647521972656,1.4583450264256934,,out_of_road
486,replay,0,replay,,,0,1,0,1,1,0,15.0,20.0,5.0,35.0,1,259,123.1856689453125,4.573992476787806,,out_of_road
487,fresh,2,fresh,,,0,0,0,3,1,0,15.0,5.0,10.0,35.0,3,100,39.67013168334961,2.665095004141331,,out_of_road
488,crossover,2,crossover,,distractor_cars|intersection_cars|maximum_distractor_speed|distance_to_nearest,1,0,0,3,1,1,5.0,10.0,15.0,35.0,3,33,-1.6306207180023193,0.09454128958962181,,out_of_road
489,fresh,1,fresh,,,0,1,1,2,0,1,15.0,40.0,10.0,55.0,2,45,-1.6483709812164307,0.26341144508785674,,out_of_road
490,crossover,6,crossover,,select_lane|ego_on_intersection|intersection_has_cars|has_brake_checker|intersection_cars|has_cluster|distance_to_nearest|cluster_dist,4,1,0,18,0,1,5.0,40.0,5.0,55.0,3,113,32.08358383178711,0.7959560885102348,,crash_vehicle
491,fresh,1,fresh,,,0,0,0,2,0,0,20.0,20.0,15.0,35.0,2,235,99.2587890625,5.006040785033652,,crash_vehicle
492,replay,1,replay,,,0,0,0,2,0,0,20.0,20.0,15.0,35.0,2,122,49.9961051940918,2.6694333924621834,,crash_vehicle
493,fresh,0,fresh,,,0,0,0,1,0,1,10.0,40.0,15.0,20.0,1,131,46.715126037597656,3.2269646773356517,,out_of_road
494,mutation,0,mutation,maximum_distractor_speed,,1,0,0,0,0,0,15.0,20.0,10.0,10.0,0,104,32.61220932006836,1.7230561215143938,,out_of_road
495,fresh,0,fresh,,,0,0,0,1,1,1,10.0,40.0,10.0,55.0,1,143,58.02519607543945,2.857006692907193,,out_of_road
496,crossover,3,crossover,,select_lane|ego_on_intersection|intersection_has_cars|distractor_cars|has_brake_checker|intersection_cars|has_cluster|maximum_distractor_speed|distance_to_nearest|cluster_dist,6,1,0,5,0,0,10.0,20.0,5.0,20.0,2,81,24.11151885986328,0.5194533046932868,,crash_vehicle
497,fresh,3,fresh,,,0,0,0,4,0,0,15.0,20.0,10.0,20.0,0,102,29.333396911621094,0.8542396410861436,,crash_vehicle
498,replay,3,replay,,,0,0,0,4,0,0,15.0,20.0,10.0,20.0,0,168,68.7963638305664,3.873824809278761,,crash_vehicle
499,fresh,2,fresh,,,0,1,0,3,0,1,15.0,10.0,10.0,35.0,1,156,51.15000534057617,4.317816497805791,,crash_vehicle
500,replay,2,replay,,,0,1,0,3,0,1,15.0,10.0,10.0,35.0,1,100,37.51610565185547,1.6676852482557296,,crash_vehicle
501,fresh,2,fresh,,,0,0,0,3,1,1,20.0,5.0,15.0,20.0,2,26,0.013269424438476562,0.1729291402376615,,crash_vehicle
502,replay,2,replay,,,0,0,0,3,1,1,20.0,5.0,15.0,20.0,2,70,14.118093490600586,1.5598017552069254,,crash_vehicle
503,fresh,0,fresh,,,0,1,1,0,0,0,10.0,20.0,15.0,10.0,0,60,9.228246688842773,1.1247693330049515,,out_of_road
504,mutation,4,mutation,intersection_cars,,1,0,0,8,1,0,10.0,40.0,10.0,55.0,3,460,233.45989990234375,5.581556274579919,,out_of_road
505,fresh,0,fresh,,,0,1,1,0,1,0,10.0,10.0,10.0,20.0,0,362,185.7123565673828,6.069970860994982,,out_of_road
506,replay,0,replay,,,0,1,1,0,1,0,10.0,10.0,10.0,20.0,0,169,49.57786560058594,2.0149365570947264,,crash_vehicle
507,fresh,0,fresh,,,0,0,0,0,1,0,20.0,5.0,15.0,10.0,0,135,42.8261833190918,2.676836253316314,,out_of_road
508,replay,0,replay,,,0,0,0,0,1,0,20.0,5.0,15.0,10.0,0,64,19.52109146118164,0.39376137632643804,,crash_vehicle
509,fresh,6,fresh,,,0,1,0,18,0,0,5.0,10.0,15.0,35.0,1,50,9.754183769226074,0.2540802401304245,,crash_vehicle
510,replay,6,replay,,,0,1,0,18,0,0,5.0,10.0,15.0,35.0,1,168,81.34658813476562,4.587940452354295,,crash_vehicle
511,fresh,3,fresh,,,0,1,0,5,1,1,10.0,20.0,15.0,55.0,1,115,28.558719635009766,0.9423743755921073,,crash_vehicle
512,replay,3,replay,,,0,1,0,5,1,1,10.0,20.0,15.0,55.0,1,180,57.18494415283203,3.1723279042376413,,out_of_road
513,fresh,6,fresh,,,0,0,0,18,0,1,20.0,5.0,10.0,35.0,1,36,2.773111343383789,0.07325975100199382,,crash_vehicle
514,replay,6,replay,,,0,0,0,18,0,1,20.0,5.0,10.0,35.0,1,194,89.1396255493164,4.771406643169442,,crash_vehicle
515,fresh,0,fresh,,,0,0,0,0,0,0,10.0,5.0,5.0,20.0,0,76,4.938863754272461,0.6742691264340752,rejection_fallback,out_of_road
516,crossover,6,crossover,,select_lane|ego_on_intersection|intersection_has_cars|distractor_cars|cluster_dist|brake_dist,3,1,1,18,1,0,5.0,40.0,10.0,55.0,1,149,46.57255935668945,2.0297762843836473,,crash_vehicle
517,fresh,5,fresh,,,0,1,1,12,1,1,15.0,20.0,15.0,35.0,1,75,17.838361740112305,0.4251438504457474,,out_of_road
518,replay,5,replay,,,0,1,1,12,1,1,15.0,20.0,15.0,35.0,1,152,51.12315368652344,3.1288262878569135,,crash_vehicle
519,fresh,3,fresh,,,0,1,1,4,1,1,10.0,40.0,5.0,55.0,1,73,8.091445922851562,0.6895921765124962,,out_of_road
520,replay,3,replay,,,0,1,1,4,1,1,10.0,40.0,5.0,55.0,1,93,30.83831024169922,0.9283966190552199,,crash_vehicle
521,fresh,3,fresh,,,0,0,0,4,0,0,5.0,10.0,15.0,10.0,2,45,6.264034271240234,0.26223517523871526,,crash_vehicle
522,crossover,5,crossover,,has_brake_checker|intersection_cars|has_cluster|maximum_distractor_speed|distance_to_nearest|cluster_dist|brake_dist,5,0,0,12,1,1,10.0,10.0,15.0,20.0,0,133,39.275020599365234,3.4262289725300064,,crash_vehicle
523,fresh,3,fresh,,,0,0,0,4,0,1,15.0,5.0,5.0,55.0,0,68,3.559103012084961,1.6661931083482855,,crash_vehicle
524,replay,3,replay,,,0,0,0,4,0,1,15.0,5.0,5.0,55.0,0,30,0.47657012939453125,0.2243220011393229,,crash_vehicle
525,fresh,4,fresh,,,0,0,0,8,0,0,10.0,20.0,15.0,35.0,2,148,38.39326477050781,1.2658084313813094,,out_of_road
526,crossover,1,crossover,,select_lane|ego_on_intersection|intersection_has_cars|distractor_cars|has_brake_checker|distance_to_nearest|brake_dist,2,0,0,2,1,0,20.0,20.0,10.0,35.0,0,117,32.27494812011719,1.1638438370492723,,out_of_road
527,fresh,0,fresh,,,0,0,0,0,1,0,5.0,10.0,5.0,10.0,0,33,-1.4785335063934326,0.0,,out_of_road
528,mutation,2,mutation,has_brake_checker,,0,0,0,3,1,0,15.0,5.0,5.0,55.0,1,29,0.005734920501708984,0.16669214182886585,,crash_vehicle
529,fresh,0,fresh,,,0,1,1,0,1,0,5.0,5.0,5.0,10.0,0,42,-0.5412349700927734,0.22840209163370587,,out_of_road
530,mutation,5,mutation,has_brake_checker,,0,1,1,12,1,0,10.0,40.0,15.0,55.0,0,292,151.59097290039062,6.155600677716405,,out_of_road
531,fresh,3,fresh,,,0,1,1,5,1,0,10.0,10.0,5.0,20.0,2,52,6.504976272583008,0.02002969842690688,,crash_vehicle
532,mutation,6,mutation,brake_dist,,1,1,0,18,0,1,20.0,20.0,15.0,35.0,2,2,10.0,5.263490676879883,,arrive_dest
533,fresh,4,fresh,,,0,1,1,8,1,1,15.0,20.0,15.0,35.0,3,50,2.1788134574890137,0.005004258155822754,,out_of_road
534,crossover,2,crossover,,distractor_cars|intersection_cars|distance_to_nearest|cluster_dist,2,1,1,3,0,0,20.0,20.0,10.0,10.0,0,102,35.621734619140625,2.013672116632555,,out_of_road
535,fresh,5,fresh,,,0,1,0,12,0,0,15.0,10.0,15.0,20.0,0,61,15.27992057800293,0.31174305130223756,,crash_vehicle
536,mutation,1,mutation,select_road|select_lane|ego_on_intersection|intersection_has_cars,,3,0,0,2,0,1,20.0,40.0,15.0,20.0,1,49,19.150474548339844,2.202333450317383,,arrive_dest
537,fresh,1,fresh,,,0,1,1,2,1,1,15.0,20.0,5.0,35.0,2,301,188.87937927246094,7.717277480840089,,out_of_road
538,mutation,3,mutation,select_road|select_lane|ego_on_intersection|intersection_has_cars,,2,0,0,4,0,0,20.0,40.0,15.0,35.0,2,159,61.726234436035156,2.597139859302614,,out_of_road
539,fresh,5,fresh,,,0,1,0,12,0,1,5.0,40.0,10.0,10.0,3,97,20.62494468688965,0.16141327754738405,,crash_vehicle
540,crossover,5,crossover,,distractor_cars|maximum_distractor_speed|cluster_dist|brake_dist,3,0,0,12,1,0,10.0,20.0,15.0,55.0,1,275,136.32252502441406,4.873170323805375,,crash_vehicle
541,fresh,5,fresh,,,0,1,1,12,1,0,20.0,5.0,15.0,35.0,2,28,-0.01428079605102539,0.11028374092919487,,crash_vehicle
542,mutation,5,mutation,brake_dist,,0,0,0,12,1,0,10.0,40.0,5.0,55.0,0,86,14.285085678100586,1.6425339104824288,,crash_vehicle
543,fresh,3,fresh,,,0,1,0,4,1,0,15.0,20.0,10.0,35.0,0,183,70.30307006835938,3.495152816664977,,crash_vehicle
544,replay,3,replay,,,0,1,0,4,1,0,15.0,20.0,10.0,35.0,0,77,16.005178451538086,1.206493565594995,,crash_vehicle
545,fresh,3,fresh,,,0,1,1,4,1,0,20.0,5.0,15.0,20.0,3,66,5.550585746765137,0.7640578819043709,,out_of_road
546,replay,3,replay,,,0,1,1,4,1,0,20.0,5.0,15.0,20.0,3,139,41.40108871459961,3.6302656271903633,,crash_vehicle
547,fresh,6,fresh,,,0,0,0,18,1,1,15.0,10.0,10.0,35.0,1,41,-0.30513620376586914,0.2643649127425217,,out_of_road
548,mutation,0,mutation,has_brake_checker,,1,1,1,1,1,1,15.0,40.0,15.0,55.0,1,162,66.6532974243164,4.142961815827423,,out_of_road
549,fresh,3,fresh,,,0,1,0,4,0,0,15.0,40.0,10.0,35.0,3,86,20.19668960571289,0.36871396299711495,,crash_vehicle
550,crossover,6,crossover,,distance_to_nearest|brake_dist,2,1,1,18,1,0,5.0,20.0,10.0,35.0,1,44,0.1538090705871582,0.1945369460365989,,out_of_road
551,fresh,5,fresh,,,0,1,1,12,0,0,15.0,5.0,15.0,35.0,3,47,-1.7298853397369385,1.4758394094223672,,out_of_road
552,crossover,1,crossover,,select_lane|ego_on_intersection|intersection_has_cars|has_brake_checker|has_cluster|cluster_dist|brake_dist,4,1,0,2,1,0,20.0,20.0,10.0,55.0,0,104,28.455730438232422,1.2137978622833123,,out_of_road
553,fresh,1,fresh,,,0,1,1,2,1,1,5.0,20.0,15.0,35.0,2,114,36.58061599731445,1.439227996949564,,out_of_road
554,replay,1,replay,,,0,1,1,2,1,1,5.0,20.0,15.0,35.0,2,279,146.98727416992188,5.10542052119009,,crash_vehicle
555,fresh,3,fresh,,,0,0,0,4,0,0,5.0,20.0,15.0,35.0,2,134,49.40835189819336,1.9961179557131297,,crash_vehicle
556,replay,3,replay,,,0,0,0,4,0,0,5.0,20.0,15.0,35.0,2,232,76.95120239257812,3.4468609740122638,,crash_vehicle
557,fresh,3,fresh,,,0,0,0,5,0,1,20.0,20.0,10.0,55.0,2,60,1.6850285530090332,0.5309315989414851,,out_of_road
558,mutation,0,mutation,distance_to_nearest,,1,0,0,0,0,0,20.0,20.0,15.0,20.0,0,42,2.453786849975586,0.3051513256061645,,out_of_road
559,fresh,0,fresh,,,0,0,0,1,0,0,5.0,10.0,10.0,10.0,1,292,128.7450714111328,4.380240673786157,,out_of_road
560,replay,0,replay,,,0,0,0,1,0,0,5.0,10.0,10.0,10.0,1,324,186.87786865234375,5.988538741881465,,arrive_dest
561,fresh,3,fresh,,,0,1,0,5,0,0,20.0,40.0,5.0,55.0,2,157,47.24030303955078,2.3275402932647307,,out_of_road
562,replay,3,replay,,,0,1,0,5,0,0,20.0,40.0,5.0,55.0,2,177,71.95298767089844,2.612179595871834,,crash_vehicle
563,fresh,1,fresh,,,0,0,0,2,1,0,5.0,20.0,15.0,35.0,2,179,47.48024368286133,1.1289738549034023,,crash_vehicle
564,mutation,3,mutation,has_cluster,,1,0,0,4,0,1,5.0,20.0,10.0,20.0,1,2,10.0,5.901878356933594,,arrive_dest
565,fresh,6,fresh,,,0,1,0,18,0,1,20.0,10.0,10.0,20.0,3,70,15.728059768676758,1.121685539824622,,crash_vehicle
566,crossover,1,crossover,,maximum_distractor_speed|cluster_dist|brake_dist,0,1,0,2,1,1,5.0,20.0,10.0,35.0,2,163,55.215572357177734,1.7982288024908195,,out_of_road
567,fresh,5,fresh,,,0,1,0,12,0,1,5.0,40.0,10.0,55.0,2,105,28.29125213623047,0.5748886485894521,,crash_vehicle
568,mutation,1,mutation,select_road|select_lane|ego_on_intersection|intersection_has_cars,,2,1,0,2,0,0,20.0,20.0,15.0,35.0,2,457,290.8746032714844,7.277407660949934,,out_of_road
569,fresh,3,fresh,,,0,1,0,4,0,0,15.0,5.0,10.0,35.0,3,278,116.90837097167969,5.77049514586977,,crash_vehicle
570,mutation,2,mutation,distance_to_nearest,,1,1,1,3,0,0,20.0,10.0,15.0,10.0,1,62,9.67504596710205,2.7833467039369766,,out_of_road
571,fresh,3,fresh,,,0,1,0,4,0,0,15.0,10.0,5.0,35.0,3,141,51.85661315917969,2.159234625122226,,arrive_dest
572,replay,3,replay,,,0,1,0,4,0,0,15.0,10.0,5.0,35.0,3,60,8.045695304870605,0.1712720235188802,,out_of_road
573,fresh,6,fresh,,,0,1,0,18,0,0,15.0,10.0,10.0,55.0,1,114,40.089332580566406,2.265041100874282,,crash_vehicle
574,replay,6,replay,,,0,1,0,18,0,0,15.0,10.0,10.0,55.0,1,111,36.357765197753906,3.411093667418033,,crash_vehicle
575,fresh,3,fresh,,,0,0,0,4,1,1,15.0,5.0,5.0,35.0,1,133,40.04477310180664,4.371875899402719,,crash_vehicle
576,crossover,0,crossover,,distractor_cars|has_brake_checker|intersection_cars|has_cluster|maximum_distractor_speed|cluster_dist|brake_dist,5,1,0,0,0,0,5.0,20.0,5.0,10.0,0,133,67.8373031616211,4.260216063770809,,out_of_road
577,fresh,0,fresh,,,0,1,0,0,1,0,20.0,10.0,5.0,10.0,0,101,35.953514099121094,2.6261919898414376,,crash_vehicle
578,replay,0,replay,,,0,1,0,0,1,0,20.0,10.0,5.0,10.0,0,101,20.920135498046875,0.30019766475894666,,out_of_road
579,fresh,4,fresh,,,0,1,0,8,0,1,20.0,10.0,5.0,20.0,0,38,4.644382476806641,0.10181085686934621,,crash_vehicle
580,mutation,1,mutation,intersection_cars,,1,0,0,2,1,1,20.0,20.0,5.0,35.0,2,197,84.92990112304688,3.041589017900719,,crash_vehicle
581,fresh,5,fresh,,,0,1,1,12,1,0,10.0,20.0,10.0,35.0,0,73,21.78144073486328,0.3078457190565867,,crash_vehicle
582,mutation,1,mutation,intersection_cars,,0,0,0,2,1,0,20.0,20.0,10.0,55.0,0,239,90.00349426269531,3.3396274745776067,,out_of_road
583,fresh,2,fresh,,,0,1,1,3,0,1,15.0,40.0,5.0,55.0,3,54,3.1639223098754883,0.22654266710634585,,out_of_road
584,crossover,5,crossover,,select_lane|ego_on_intersection|intersection_has_cars|distractor_cars|has_cluster|maximum_distractor_speed|cluster_dist|brake_dist,3,0,0,12,1,1,10.0,20.0,15.0,35.0,1,48,2.1297531127929688,0.0912885641058286,,out_of_road
585,fresh,0,fresh,,,0,0,0,1,0,1,20.0,10.0,10.0,10.0,1,239,100.8415298461914,3.984626138808837,,out_of_road
586,replay,0,replay,,,0,0,0,1,0,1,20.0,10.0,10.0,10.0,1,121,45.82090377807617,2.0203081100932825,,out_of_road
587,fresh,0,fresh,,,0,0,0,1,0,1,20.0,20.0,15.0,55.0,1,90,21.79970359802246,0.5607437135444747,,out_of_road
588,mutation,3,mutation,intersection_cars,,1,1,1,5,1,0,20.0,40.0,10.0,55.0,1,43,-0.2546377182006836,0.2511983361355094,,out_of_road
589,fresh,1,fresh,,,0,0,0,2,1,0,10.0,40.0,15.0,55.0,2,107,19.3657283782959,2.797908320048145,,out_of_road
590,replay,1,replay,,,0,0,0,2,1,0,10.0,40.0,15.0,55.0,2,188,64.85369110107422,2.911303442526371,,out_of_road
591,fresh,1,fresh,,,0,0,0,2,1,0,15.0,20.0,5.0,35.0,2,28,-2.7306900024414062,0.44141977173941477,,out_of_road
592,crossover,1,crossover,,select_lane|ego_on_intersection|intersection_has_cars|has_brake_checker|intersection_cars|has_cluster|maximum_distractor_speed|distance_to_nearest|cluster_dist|brake_dist,6,0,0,2,0,0,20.0,20.0,10.0,55.0,0,291,177.88995361328125,6.478399199923289,,out_of_road
593,fresh,0,fresh,,,0,1,0,1,0,0,10.0,20.0,5.0,55.0,0,113,25.28203010559082,0.5435136478822843,,out_of_road
594,crossover,1,crossover,,distractor_cars|has_brake_checker|intersection_cars|has_cluster|maximum_distractor_speed|distance_to_nearest|cluster_dist,2,1,0,2,1,0,20.0,20.0,10.0,55.0,0,226,105.36055755615234,3.602877981235496,,crash_vehicle
595,fresh,3,fresh,,,0,0,0,5,0,1,15.0,5.0,5.0,20.0,0,33,0.799797534942627,0.14357914075706946,,crash_vehicle
596,crossover,1,crossover,,distractor_cars|has_brake_checker|intersection_cars|has_cluster|maximum_distractor_speed|distance_to_nearest|cluster_dist,0,0,0,2,0,0,20.0,20.0,15.0,35.0,2,22,-5.322772026062012,0.1890196366743608,,out_of_road
597,fresh,3,fresh,,,0,1,1,5,1,0,10.0,10.0,10.0,55.0,3,146,55.58012390136719,2.585975233618527,,out_of_road
598,replay,3,replay,,,0,1,1,5,1,0,10.0,10.0,10.0,55.0,3,71,9.617376327514648,0.3085993830586823,,out_of_road
599,fresh,3,fresh,,,0,1,0,5,1,1,20.0,20.0,15.0,35.0,0,110,28.763240814208984,0.40898144936019726,,crash_vehicle
600,crossover,4,crossover,,has_brake_checker|maximum_distractor_speed|cluster_dist,1,0,0,8,0,1,10.0,20.0,15.0,35.0,1,58,2.266541004180908,0.2545986134430458,,out_of_road
601,fresh,2,fresh,,,0,0,0,3,1,0,15.0,10.0,10.0,35.0,0,52,3.8564233779907227,1.655347582239371,,out_of_road
602,replay,2,replay,,,0,0,0,3,1,0,15.0,10.0,10.0,35.0,0,131,39.203369140625,1.9505081078933395,,crash_vehicle
603,fresh,3,fresh,,,0,1,1,5,0,1,20.0,40.0,15.0,55.0,3,305,154.60096740722656,4.977935531295714,,out_of_road
604,mutation,1,mutation,select_road|select_lane|ego_on_intersection|intersection_has_cars,,3,0,0,2,1,1,15.0,20.0,5.0,35.0,2,159,42.840660095214844,2.0690242797136307,,out_of_road
605,fresh,1,fresh,,,0,1,1,2,1,0,20.0,40.0,15.0,55.0,2,229,131.47511291503906,5.860624204263677,,crash_vehicle
606,crossover,0,crossover,,select_lane|ego_on_intersection|intersection_has_cars|distance_to_nearest,4,1,1,1,0,1,10.0,10.0,15.0,55.0,0,109,41.038291931152344,2.5889967144082444,,crash_vehicle
607,fresh,3,fresh,,,0,1,0,5,0,1,10.0,10.0,10.0,35.0,1,43,4.7642011642456055,0.23685992041299508,,crash_vehicle
608,replay,3,replay,,,0,1,0,5,0,1,10.0,10.0,10.0,35.0,1,196,95.57913970947266,3.717467432794142,,crash_vehicle
609,fresh,2,fresh,,,0,1,0,3,0,1,5.0,5.0,15.0,20.0,2,34,1.6868629455566406,0.15036846609676585,,crash_vehicle
610,replay,2,replay,,,0,1,0,3,0,1,5.0,5.0,15.0,20.0,2,82,21.887115478515625,0.711009450075103,,out_of_road
611,fresh,0,fresh,,,0,0,0,0,1,0,20.0,10.0,15.0,10.0,0,43,4.632855415344238,0.12196964441343795,,crash_vehicle
612,replay,0,replay,,,0,0,0,0,1,0,20.0,10.0,15.0,10.0,0,398,254.86398315429688,7.430699032604994,,out_of_road
613,fresh,0,fresh,,,0,0,0,0,0,0,15.0,20.0,15.0,55.0,0,32,-6.836908340454102,0.0,,out_of_road
614,mutation,2,mutation,distance_to_nearest,,2,1,0,3,1,1,20.0,40.0,15.0,55.0,0,114,42.678565979003906,1.9411458733834719,,out_of_road
615,fresh,0,fresh,,,0,1,1,0,1,0,20.0,5.0,15.0,55.0,0,196,82.23487854003906,3.204426139973256,,out_of_road
616,replay,0,replay,,,0,1,1,0,1,0,20.0,5.0,15.0,55.0,0,190,112.6029281616211,5.43760589549416,,crash_vehicle
617,fresh,2,fresh,,,0,1,0,3,1,0,5.0,5.0,15.0,20.0,2,181,52.570945739746094,4.273845194453034,,out_of_road
618,mutation,2,mutation,cluster_dist,,0,1,1,3,0,0,20.0,10.0,15.0,10.0,1,75,19.92466926574707,0.5727232390642166,,crash_vehicle
619,fresh,0,fresh,,,0,0,0,1,1,1,5.0,10.0,10.0,55.0,1,2,10.0,4.8229851722717285,,arrive_dest
620,mutation,0,mutation,maximum_distractor_speed,,1,0,0,1,1,0,20.0,40.0,10.0,55.0,1,178,71.35751342773438,2.7883050177204476,,out_of_road
621,fresh,6,fresh,,,0,1,0,18,0,0,15.0,10.0,15.0,10.0,2,58,12.200002670288086,0.36974664109534233,,crash_vehicle
622,replay,6,replay,,,0,1,0,18,0,0,15.0,10.0,15.0,10.0,2,97,26.875564575195312,0.548938213972394,,out_of_road
623,fresh,5,fresh,,,0,0,0,12,1,1,10.0,40.0,15.0,55.0,1,112,27.507007598876953,0.8838086825396333,,crash_vehicle
624,mutation,4,mutation,select_road|select_lane|ego_on_intersection|intersection_has_cars,,1,0,0,8,1,0,5.0,40.0,10.0,55.0,2,78,6.3471479415893555,0.32297933712983745,,out_of_road
625,fresh,3,fresh,,,0,0,0,5,1,1,15.0,10.0,10.0,55.0,2,114,33.93730926513672,1.88300750685627,,crash_vehicle
626,mutation,5,mutation,has_brake_checker,,0,0,0,12,1,0,10.0,40.0,5.0,55.0,0,46,4.103420257568359,0.2685243550526059,,out_of_road
627,fresh,1,fresh,,,0,1,1,2,0,1,5.0,5.0,15.0,20.0,2,170,65.8772964477539,3.4420976831632504,,out_of_road
628,replay,1,replay,,,0,1,1,2,0,1,5.0,5.0,15.0,20.0,2,53,5.170226097106934,0.4614052547598785,,out_of_road
629,fresh,4,fresh,,,0,0,0,8,0,1,5.0,10.0,10.0,55.0,2,60,11.35068130493164,0.30402453218897185,,crash_vehicle
630,mutation,0,mutation,has_cluster,,1,1,1,1,0,0,15.0,10.0,10.0,20.0,1,392,203.44520568847656,5.139006076304584,,out_of_road
631,fresh,1,fresh,,,0,0,0,2,1,0,5.0,20.0,10.0,55.0,2,135,60.340293884277344,2.786643464476974,,out_of_road
632,replay,1,replay,,,0,0,0,2,1,0,5.0,20.0,10.0,55.0,2,148,59.17079162597656,2.2545228874361194,,out_of_road
633,fresh,5,fresh,,,0,1,0,12,0,0,20.0,5.0,10.0,20.0,3,34,-2.3274505138397217,0.06485837785636678,,crash_vehicle
634,replay,5,replay,,,0,1,0,12,0,0,20.0,5.0,10.0,20.0,3,186,90.82577514648438,3.807051092306132,,crash_vehicle
635,fresh,0,fresh,,,0,1,0,1,1,1,5.0,20.0,15.0,35.0,1,160,73.25792694091797,3.295805322006345,,crash_vehicle
636,replay,0,replay,,,0,1,0,1,1,1,5.0,20.0,15.0,35.0,1,2,10.0,4.383707523345947,,arrive_dest
637,fresh,3,fresh,,,0,0,0,5,0,1,5.0,40.0,5.0,35.0,2,89,33.32472610473633,0.8386164552040314,,crash_vehicle
638,crossover,0,crossover,,select_lane|ego_on_intersection|intersection_has_cars|distractor_cars|has_brake_checker|intersection_cars|cluster_dist,5,0,0,0,0,0,10.0,5.0,5.0,20.0,0,26,-5.972073554992676,0.10014711893521823,rejection_fallback,out_of_road
639,fresh,3,fresh,,,0,1,1,4,0,0,15.0,5.0,15.0,20.0,3,29,0.12770366668701172,0.11512836094560294,,crash_vehicle
640,replay,3,replay,,,0,1,1,4,0,0,15.0,5.0,15.0,20.0,3,140,68.26185607910156,3.0920893956507953,,crash_vehicle
641,fresh,3,fresh,,,0,1,0,5,0,1,5.0,5.0,15.0,55.0,3,32,0.6075749397277832,0.14316481351852417,,crash_vehicle
642,mutation,2,mutation,select_road|select_lane|ego_on_intersection|intersection_has_cars,,1,0,0,3,1,1,20.0,40.0,5.0,55.0,0,113,41.59834289550781,3.521263608494691,,out_of_road
643,fresh,4,fresh,,,0,0,0,8,0,1,15.0,5.0,10.0,35.0,3,35,0.44536304473876953,0.7304637057440622,,crash_vehicle
644,crossover,3,crossover,,maximum_distractor_speed|distance_to_nearest,1,1,0,5,0,1,10.0,10.0,5.0,10.0,2,70,9.685378074645996,1.6391875522477286,,crash_vehicle
645,fresh,0,fresh,,,0,1,0,0,1,0,5.0,40.0,10.0,35.0,0,169,89.781005859375,4.381784172453118,,crash_vehicle
646,mutation,1,mutation,cluster_dist,,0,0,0,2,1,1,20.0,20.0,10.0,55.0,0,130,49.89139175415039,1.7299445635997333,,crash_vehicle
647,fresh,0,fresh,,,0,0,0,1,0,0,20.0,40.0,15.0,10.0,1,307,185.71820068359375,6.431298264948476,,out_of_road
648,mutation,2,mutation,has_brake_checker,,0,1,1,3,0,0,20.0,20.0,10.0,10.0,0,218,118.92451477050781,5.205189128807925,,out_of_road
649,fresh,2,fresh,,,0,1,0,3,0,0,10.0,5.0,5.0,10.0,2,24,-0.1486954689025879,0.0,,crash_vehicle
650,crossover,1,crossover,,has_brake_checker|intersection_cars|maximum_distractor_speed,0,0,0,2,0,1,20.0,20.0,10.0,55.0,0,58,14.410476684570312,0.26043829424627896,,crash_vehicle
651,fresh,6,fresh,,,0,0,0,18,1,1,15.0,40.0,5.0,55.0,3,98,29.596458435058594,1.9254970924586665,,crash_vehicle
652,replay,6,replay,,,0,0,0,18,1,1,15.0,40.0,5.0,55.0,3,68,10.656454086303711,0.7418794198071256,,out_of_road
653,fresh,2,fresh,,,0,1,1,3,1,0,15.0,40.0,5.0,55.0,3,188,109.08935546875,4.733081064642744,,crash_vehicle
654,replay,2,replay,,,0,1,1,3,1,0,15.0,40.0,5.0,55.0,3,112,37.352439880371094,1.8667604814150505,,out_of_road
655,fresh,3,fresh,,,0,0,0,4,1,1,15.0,40.0,5.0,55.0,0,98,32.90876770019531,0.7759854972970729,,crash_vehicle
656,replay,3,replay,,,0,0,0,4,1,1,15.0,40.0,5.0,55.0,0,29,0.9657716751098633,0.1272939813548121,,crash_vehicle
657,fresh,3,fresh,,,0,0,0,4,0,0,10.0,20.0,5.0,20.0,0,127,57.07219696044922,2.4547223995520375,,crash_vehicle
658,mutation,3,mutation,maximum_distractor_speed,,1,0,0,4,0,0,10.0,20.0,10.0,20.0,0,92,29.289051055908203,0.32725624756320665,,crash_vehicle
659,fresh,6,fresh,,,0,1,1,18,1,0,10.0,20.0,15.0,55.0,1,108,37.52101516723633,0.5356294152637323,,crash_vehicle
660,crossover,2,crossover,,has_brake_checker|maximum_distractor_speed|distance_to_nearest|cluster_dist,2,1,0,3,0,1,20.0,20.0,15.0,20.0,0,108,33.165889739990234,0.5180633626878262,,crash_vehicle
661,fresh,3,fresh,,,0,1,1,5,1,0,15.0,40.0,15.0,55.0,3,67,13.380558013916016,0.8116820333942548,,out_of_road
662,crossover,0,crossover,,select_lane|ego_on_intersection|intersection_has_cars|has_brake_checker|distance_to_nearest|cluster_dist|brake_dist,4,0,0,0,0,0,20.0,20.0,10.0,10.0,0,102,30.517681121826172,0.9642118782389397,,out_of_road
663,fresh,0,fresh,,,0,1,0,0,1,0,5.0,5.0,10.0,55.0,0,221,117.15291595458984,4.183296450932102,,crash_vehicle
664,mutation,2,mutation,has_brake_checker,,0,1,0,3,1,0,5.0,5.0,15.0,20.0,2,86,15.23134994506836,1.6088289535322855,,crash_vehicle
665,fresh,4,fresh,,,0,0,0,8,1,0,10.0,40.0,5.0,55.0,1,105,39.65359878540039,2.028053346985862,,crash_vehicle
666,replay,4,replay,,,0,0,0,8,1,0,10.0,40.0,5.0,55.0,1,85,33.69569396972656,1.2464335122529198,,crash_vehicle
667,fresh,0,fresh,,,0,0,0,0,1,0,5.0,40.0,5.0,10.0,0,123,44.01334762573242,2.9775572879527643,,out_of_road
668,replay,0,replay,,,0,0,0,0,1,0,5.0,40.0,5.0,10.0,0,202,118.45413208007812,4.922480333043207,,crash_vehicle
669,fresh,4,fresh,,,0,1,1,8,1,0,5.0,10.0,10.0,35.0,0,40,4.624415397644043,0.24692444801330565,,crash_vehicle
670,crossover,3,crossover,,select_lane|ego_on_intersection|intersection_has_cars|distractor_cars|has_brake_checker|cluster_dist|brake_dist,6,0,0,4,1,0,20.0,20.0,10.0,35.0,3,85,22.641407012939453,0.5837097572929719,,crash_vehicle
671,fresh,6,fresh,,,0,0,0,18,0,0,15.0,20.0,5.0,20.0,3,2,10.0,5.011809349060059,,arrive_dest
672,mutation,2,mutation,select_road|select_lane|ego_on_intersection|intersection_has_cars,,1,1,1,3,0,0,5.0,10.0,10.0,10.0,3,140,52.40116500854492,1.5016807955822775,,out_of_road
673,fresh,0,fresh,,,0,0,0,0,1,0,20.0,20.0,10.0,20.0,0,2,10.0,3.6091842651367188,,arrive_dest
674,mutation,3,mutation,has_brake_checker,,0,0,0,4,0,0,20.0,40.0,15.0,35.0,2,116,56.47346878051758,2.090023980186931,,crash_vehicle
675,fresh,6,fresh,,,0,0,0,18,0,1,5.0,20.0,15.0,55.0,3,33,-0.9898366928100586,0.2650910290804776,,out_of_road
676,replay,6,replay,,,0,0,0,18,0,1,5.0,20.0,15.0,55.0,3,51,8.591203689575195,0.397861592909869,,out_of_road
677,fresh,0,fresh,,,0,0,0,0,0,0,10.0,5.0,5.0,20.0,0,135,50.77672576904297,1.9326924677248354,rejection_fallback,out_of_road
678,replay,0,replay,,,0,0,0,0,0,0,10.0,5.0,5.0,20.0,0,289,213.13351440429688,8.442688700237076,,out_of_road
679,fresh,0,fresh,,,0,1,1,0,0,0,5.0,40.0,5.0,20.0,0,127,52.73310089111328,2.417502390118096,,out_of_road
680,mutation,0,mutation,brake_dist,,1,0,0,0,1,0,20.0,5.0,15.0,20.0,0,148,69.1274185180664,3.3992693996107257,,crash_vehicle
681,fresh,4,fresh,,,0,0,0,8,1,1,20.0,40.0,5.0,55.0,0,119,32.237213134765625,1.259734800758482,,crash_vehicle
682,replay,4,replay,,,0,0,0,8,1,1,20.0,40.0,5.0,55.0,0,159,62.89227294921875,3.148590980648245,,out_of_road
683,fresh,0,fresh,,,0,0,0,1,1,0,15.0,40.0,5.0,55.0,1,162,104.26268005371094,5.301847268585806,,crash_vehicle
684,replay,0,replay,,,0,0,0,1,1,0,15.0,40.0,5.0,55.0,1,44,4.50960636138916,0.46709227697415784,,crash_vehicle
685,fresh,0,fresh,,,0,0,0,1,1,0,10.0,10.0,10.0,20.0,1,82,28.482528686523438,1.049075994913171,,out_of_road
686,crossover,1,crossover,,distractor_cars|has_brake_checker|has_cluster|cluster_dist|brake_dist,1,0,0,2,1,0,20.0,20.0,10.0,55.0,0,183,106.87998962402344,4.904207085813981,,arrive_dest
687,fresh,2,fresh,,,0,0,0,3,0,1,20.0,10.0,5.0,20.0,1,44,7.746225357055664,0.3875684128566222,,crash_vehicle
688,replay,2,replay,,,0,0,0,3,0,1,20.0,10.0,5.0,20.0,1,108,27.72925567626953,3.027972738775942,,crash_vehicle
689,fresh,3,fresh,,,0,0,0,5,1,0,15.0,20.0,15.0,35.0,3,134,55.53583526611328,1.917552601379245,,crash_vehicle
690,mutation,6,mutation,distractor_cars,,1,1,0,18,0,0,5.0,20.0,10.0,35.0,0,140,52.289546966552734,1.8015614958746093,,out_of_road
691,fresh,3,fresh,,,0,1,0,4,1,0,20.0,10.0,15.0,20.0,2,40,0.5141181945800781,0.39217125698924066,,out_of_road
692,crossover,3,crossover,,distractor_cars|intersection_cars|has_cluster|distance_to_nearest|cluster_dist,4,1,0,5,0,0,20.0,10.0,10.0,35.0,3,34,0.6646614074707031,0.11630182012039073,,out_of_road
693,fresh,0,fresh,,,0,1,0,1,1,1,10.0,5.0,15.0,55.0,0,28,-0.10713434219360352,0.26462792072977337,,crash_vehicle
694,crossover,3,crossover,,distractor_cars|maximum_distractor_speed|distance_to_nearest|cluster_dist,3,0,0,4,0,0,15.0,20.0,10.0,35.0,2,168,75.23643493652344,3.4469799909385896,,out_of_road
695,fresh,0,fresh,,,0,1,1,1,1,0,10.0,20.0,5.0,35.0,0,168,76.44475555419922,4.901911297369571,,out_of_road
696,mutation,0,mutation,has_brake_checker,,1,0,0,0,1,0,10.0,5.0,5.0,20.0,0,123,45.71413803100586,1.9708435101722315,,crash_vehicle
697,fresh,4,fresh,,,0,1,0,8,0,1,5.0,20.0,5.0,20.0,0,48,4.156543731689453,1.2802981150647004,,out_of_road
698,replay,4,replay,,,0,1,0,8,0,1,5.0,20.0,5.0,20.0,0,28,-1.622267484664917,0.0,,out_of_road
699,fresh,6,fresh,,,0,1,1,18,0,1,20.0,10.0,10.0,55.0,3,68,17.23113250732422,1.6904709155068678,,crash_vehicle
700,replay,6,replay,,,0,1,1,18,0,1,20.0,10.0,10.0,55.0,3,39,0.8784618377685547,0.3863030213576097,,out_of_road
701,fresh,4,fresh,,,0,0,0,8,1,0,10.0,20.0,10.0,35.0,1,77,17.4110164642334,0.1152740206037249,,crash_vehicle
702,crossover,1,crossover,,select_lane|ego_on_intersection|intersection_has_cars|has_brake_checker|intersection_cars|maximum_distractor_speed|cluster_dist,4,1,0,2,0,1,20.0,20.0,15.0,55.0,2,36,1.1118159294128418,0.43113960160149467,,out_of_road
703,fresh,3,fresh,,,0,0,0,4,1,0,10.0,10.0,10.0,55.0,3,110,42.66618728637695,3.6063946615565907,,crash_vehicle
704,crossover,3,crossover,,distractor_cars|has_cluster|brake_dist,2,1,1,4,1,1,20.0,40.0,10.0,55.0,0,88,30.30356216430664,0.645983187481761,,crash_vehicle
705,fresh,0,fresh,,,0,0,0,0,0,0,20.0,10.0,10.0,10.0,0,27,-1.7986092567443848,0.3301100554289641,,out_of_road
706,mutation,1,mutation,intersection_cars,,1,0,0,2,0,0,20.0,20.0,10.0,55.0,2,130,43.8009033203125,1.1891201849167163,,out_of_road
707,fresh,6,fresh,,,0,1,0,18,1,1,10.0,20.0,5.0,35.0,3,77,17.758689880371094,0.17527152094748114,,crash_vehicle
708,mutation,2,mutation,distance_to_nearest,,2,0,0,3,1,1,5.0,40.0,15.0,55.0,3,57,6.009510040283203,0.34436701055158647,,out_of_road
709,fresh,4,fresh,,,0,0,0,8,0,1,20.0,20.0,10.0,35.0,3,56,12.409492492675781,0.0,,crash_vehicle
710,replay,4,replay,,,0,0,0,8,0,1,20.0,20.0,10.0,35.0,3,33,-0.21379518508911133,0.3952315937389027,,out_of_road
711,fresh,2,fresh,,,0,0,0,3,0,1,5.0,10.0,15.0,10.0,2,51,7.424106597900391,0.06436909413805195,,crash_vehicle
712,mutation,3,mutation,distance_to_nearest,,1,1,1,5,0,0,20.0,20.0,10.0,20.0,3,27,-1.5078611373901367,0.3207010693020291,,out_of_road
713,fresh,3,fresh,,,0,1,1,5,0,1,5.0,20.0,15.0,10.0,3,44,4.576364517211914,0.002936281941153786,,out_of_road
714,replay,3,replay,,,0,1,1,5,0,1,5.0,20.0,15.0,10.0,3,45,0.5220966339111328,0.3001594543457031,,out_of_road
715,fresh,5,fresh,,,0,1,0,12,0,1,10.0,10.0,15.0,20.0,3,62,10.345909118652344,0.13188425187141664,,crash_vehicle
716,replay,5,replay,,,0,1,0,12,0,1,10.0,10.0,15.0,20.0,3,98,24.672893524169922,0.26516531483859435,,crash_vehicle
717,fresh,6,fresh,,,0,0,0,18,1,0,5.0,20.0,10.0,35.0,0,61,11.509681701660156,2.008980471579755,,out_of_road
718,mutation,1,mutation,distractor_cars,,2,0,0,2,1,0,15.0,20.0,15.0,35.0,2,22,-5.607260704040527,0.0,,out_of_road
719,fresh,1,fresh,,,0,0,0,2,1,1,20.0,20.0,10.0,55.0,2,25,-6.080000400543213,0.0,,out_of_road
720,replay,1,replay,,,0,0,0,2,1,1,20.0,20.0,10.0,55.0,2,161,71.31449127197266,3.456014439278508,,out_of_road
721,fresh,6,fresh,,,0,0,0,18,0,1,20.0,40.0,15.0,35.0,3,78,17.26129913330078,0.15763631004553574,,out_of_road
722,crossover,0,crossover,,select_lane|ego_on_intersection|intersection_has_cars|maximum_distractor_speed|distance_to_nearest|cluster_dist|brake_dist,5,1,1,1,0,1,10.0,10.0,10.0,20.0,1,105,33.06615447998047,0.4695968064523879,,out_of_road
723,fresh,2,fresh,,,0,1,0,3,0,0,15.0,5.0,5.0,10.0,1,36,0.8398456573486328,0.5586254538761245,,crash_vehicle
724,mutation,0,mutation,select_road|select_lane|ego_on_intersection|intersection_has_cars,,2,0,0,1,1,1,15.0,10.0,15.0,55.0,1,63,10.873377799987793,0.4124373330010308,,out_of_road
725,fresh,2,fresh,,,0,0,0,3,1,1,10.0,5.0,10.0,20.0,3,158,54.25056838989258,1.3425186227394055,,crash_vehicle
726,replay,2,replay,,,0,0,0,3,1,1,10.0,5.0,10.0,20.0,3,122,38.57805252075195,0.7482945798117606,,out_of_road
727,fresh,1,fresh,,,0,1,1,2,0,1,5.0,40.0,10.0,35.0,2,42,2.9360485076904297,0.43540191650390625,,out_of_road
728,replay,1,replay,,,0,1,1,2,0,1,5.0,40.0,10.0,35.0,2,103,26.670164108276367,0.5753225402056592,,out_of_road
729,fresh,3,fresh,,,0,0,0,4,0,0,15.0,20.0,15.0,35.0,2,146,78.26918029785156,5.4930403440782465,,out_of_road
730,replay,3,replay,,,0,0,0,4,0,0,15.0,20.0,15.0,35.0,2,47,1.1622886657714844,0.10184785153003449,,out_of_road
731,fresh,0,fresh,,,0,1,1,0,1,0,20.0,10.0,15.0,55.0,0,52,2.6906251907348633,0.0,,out_of_road
732,replay,0,replay,,,0,1,1,0,1,0,20.0,10.0,15.0,55.0,0,191,71.4522933959961,2.773154805799585,,out_of_road
733,fresh,3,fresh,,,0,0,0,5,0,0,5.0,20.0,5.0,10.0,1,115,38.05794906616211,0.7317927048258159,,crash_vehicle
734,mutation,1,mutation,cluster_dist,,1,1,0,2,1,1,5.0,20.0,5.0,35.0,2,164,61.71178436279297,1.8489015617566864,,out_of_road
735,fresh,6,fresh,,,0,1,1,18,0,0,15.0,10.0,15.0,55.0,3,146,56.054534912109375,4.350780194752837,,out_of_road
736,crossover,1,crossover,,distractor_cars|has_cluster|maximum_distractor_speed|distance_to_nearest,0,1,0,2,0,0,20.0,20.0,15.0,35.0,2,55,5.536002159118652,0.006209169734608043,,out_of_road
737,fresh,2,fresh,,,0,0,0,3,0,1,15.0,10.0,10.0,20.0,2,140,56.551570892333984,3.6392160654067993,,out_of_road
738,mutation,3,mutation,has_cluster,,0,0,0,4,0,0,5.0,20.0,15.0,35.0,2,104,41.819942474365234,1.1868478261077633,,crash_vehicle
739,fresh,5,fresh,,,0,1,0,12,0,1,5.0,40.0,15.0,20.0,1,120,48.83252716064453,2.456461042414109,,crash_vehicle
740,crossover,0,crossover,,distractor_cars|has_brake_checker|distance_to_nearest|cluster_dist|brake_dist,6,1,1,0,0,0,10.0,40.0,10.0,55.0,0,95,23.66192626953125,0.5766702214353963,,out_of_road
741,fresh,0,fresh,,,0,1,0,0,0,0,15.0,10.0,10.0,10.0,0,68,12.402284622192383,0.9700743976761314,,out_of_road
742,mutation,0,mutation,cluster_dist,,1,0,0,1,1,1,20.0,20.0,5.0,35.0,1,151,63.15489959716797,1.8290276892532575,,crash_vehicle
743,fresh,0,fresh,,,0,1,0,0,1,0,5.0,40.0,5.0,20.0,0,111,44.38779067993164,1.44221709373298,,crash_vehicle
744,crossover,0,crossover,,select_lane|ego_on_intersection|intersection_has_cars|has_brake_checker|intersection_cars|has_cluster|distance_to_nearest|brake_dist,5,0,0,1,1,0,15.0,20.0,5.0,35.0,0,125,57.881385803222656,2.5631751549243926,,crash_vehicle
745,fresh,2,fresh,,,0,1,1,3,1,0,20.0,40.0,15.0,55.0,2,60,12.63685417175293,0.4788673473522067,,out_of_road
746,mutation,6,mutation,select_road|select_lane|ego_on_intersection|intersection_has_cars,,1,1,0,18,1,0,15.0,20.0,5.0,35.0,1,124,45.937835693359375,1.4937094648278528,,out_of_road
747,fresh,4,fresh,,,0,0,0,8,0,1,10.0,5.0,15.0,10.0,2,26,-8.936370849609375,0.0,,crash_vehicle
748,mutation,1,mutation,has_cluster,,0,0,0,2,1,0,15.0,20.0,10.0,35.0,1,65,11.022747039794922,0.31147952446570765,,crash_vehicle
749,fresh,3,fresh,,,0,0,0,4,0,0,20.0,5.0,15.0,55.0,1,27,-6.884527683258057,0.05225551128387451,,out_of_road
750,crossover,4,crossover,,select_lane|ego_on_intersection|intersection_has_cars|maximum_distractor_speed|cluster_dist|brake_dist,3,0,0,8,0,1,10.0,5.0,10.0,55.0,3,34,1.4734220504760742,0.35381586411420035,,crash_vehicle
751,fresh,3,fresh,,,0,1,0,5,1,1,15.0,5.0,15.0,20.0,2,30,0.35883045196533203,0.07659489313761393,,crash_vehicle
752,crossover,6,crossover,,select_lane|ego_on_intersection|intersection_has_cars|distractor_cars|has_brake_checker|maximum_distractor_speed|distance_to_nearest|cluster_dist|brake_dist,7,0,0,18,1,0,15.0,20.0,10.0,55.0,1,88,27.938217163085938,1.1893859702077778,,crash_vehicle
753,fresh,4,fresh,,,0,1,1,8,1,0,15.0,40.0,10.0,55.0,2,189,95.4561767578125,3.7424993661660997,,crash_vehicle
754,replay,4,replay,,,0,1,1,8,1,0,15.0,40.0,10.0,55.0,2,37,2.0478339195251465,0.19452912098652608,,out_of_road
755,fresh,0,fresh,,,0,1,1,0,1,0,5.0,40.0,10.0,55.0,0,125,41.901329040527344,2.427138226389885,,out_of_road
756,mutation,3,mutation,distance_to_nearest,,1,1,1,5,1,0,10.0,20.0,15.0,55.0,3,198,100.56007385253906,3.905231171334633,,crash_vehicle
757,fresh,3,fresh,,,0,1,1,4,1,1,20.0,20.0,10.0,35.0,1,64,17.306642532348633,0.25551638007164,,crash_vehicle
758,replay,3,replay,,,0,1,1,4,1,1,20.0,20.0,10.0,35.0,1,85,29.69815444946289,1.6824001305243548,,out_of_road
759,fresh,6,fresh,,,0,0,0,18,1,0,20.0,5.0,10.0,35.0,1,23,-1.093447208404541,0.0,,crash_vehicle
760,crossover,3,crossover,,select_lane|ego_on_intersection|intersection_has_cars|distractor_cars|has_brake_checker|intersection_cars,4,0,0,5,0,0,5.0,40.0,10.0,55.0,3,101,45.1083984375,2.2919662798395253,,crash_vehicle
761,fresh,4,fresh,,,0,1,0,8,0,0,10.0,10.0,10.0,20.0,2,104,38.25403594970703,2.2354107407423167,,crash_vehicle
762,crossover,3,crossover,,intersection_cars|maximum_distractor_speed|brake_dist,2,0,0,4,1,0,20.0,40.0,10.0,55.0,3,61,2.8630800247192383,0.2315819380713291,,out_of_road
763,fresh,6,fresh,,,0,0,0,18,0,1,5.0,10.0,10.0,55.0,0,43,5.608858108520508,0.002044527163339216,,crash_vehicle
764,replay,6,replay,,,0,0,0,18,0,1,5.0,10.0,10.0,55.0,0,81,22.10952377319336,0.3372566302617391,,crash_vehicle
765,fresh,4,fresh,,,0,1,0,8,1,1,20.0,5.0,15.0,55.0,0,30,1.2187352180480957,0.1003810445467631,,crash_vehicle
766,mutation,4,mutation,distance_to_nearest,,0,0,0,8,1,0,5.0,40.0,10.0,55.0,2,84,33.24813461303711,0.5079740099608898,,crash_vehicle
767,fresh,2,fresh,,,0,1,1,3,1,1,20.0,20.0,5.0,35.0,0,161,48.72706604003906,3.094540722992109,,crash_vehicle
768,crossover,3,crossover,,intersection_cars|has_cluster|distance_to_nearest|brake_dist,4,0,0,5,0,1,10.0,20.0,5.0,55.0,2,63,15.012800216674805,0.32375586978972903,,crash_vehicle
769,fresh,3,fresh,,,0,0,0,5,1,1,5.0,5.0,5.0,35.0,3,28,-0.8750667572021484,0.08611529214041573,,crash_vehicle
770,mutation,3,mutation,select_road|select_lane|ego_on_intersection|intersection_has_cars,,3,0,0,5,1,1,15.0,40.0,5.0,55.0,0,52,10.308343887329102,0.5105137045566852,,out_of_road
771,fresh,0,fresh,,,0,0,0,1,0,1,15.0,40.0,5.0,35.0,1,123,48.75572967529297,3.3516017452972693,,out_of_road
772,replay,0,replay,,,0,0,0,1,0,1,15.0,40.0,5.0,35.0,1,155,82.3733139038086,4.66855175514375,,crash_vehicle
773,fresh,3,fresh,,,0,1,1,5,1,0,15.0,40.0,15.0,55.0,1,129,56.50210189819336,2.5019456585652606,,out_of_road
774,crossover,2,crossover,,intersection_cars|maximum_distractor_speed|brake_dist,2,0,0,3,1,0,20.0,40.0,10.0,55.0,1,136,52.240440368652344,1.378835240707678,,out_of_road
775,fresh,4,fresh,,,0,1,0,8,0,1,15.0,5.0,5.0,10.0,2,25,-0.2964468002319336,0.046273808479309085,,crash_vehicle
776,mutation,1,mutation,cluster_dist,,0,0,0,2,0,0,20.0,20.0,10.0,55.0,0,166,63.236610412597656,2.6778343675366365,,out_of_road
777,fresh,3,fresh,,,0,0,0,4,1,1,20.0,40.0,15.0,55.0,3,182,100.24883270263672,5.819587247712271,,out_of_road
778,mutation,6,mutation,cluster_dist,,0,1,1,18,0,0,15.0,10.0,15.0,55.0,3,243,154.66014099121094,6.736457848745118,,out_of_road
779,fresh,5,fresh,,,0,1,0,12,0,0,10.0,10.0,10.0,55.0,2,56,14.681371688842773,0.3004966547180499,,crash_vehicle
780,replay,5,replay,,,0,1,0,12,0,0,10.0,10.0,10.0,55.0,2,125,63.32746124267578,2.6625356731414795,,crash_vehicle
781,fresh,2,fresh,,,0,1,1,3,0,1,15.0,5.0,15.0,55.0,0,31,0.28225135803222656,1.0143757885502231,,crash_vehicle
782,mutation,1,mutation,distractor_cars,,2,0,0,2,1,1,5.0,5.0,15.0,35.0,2,62,11.157636642456055,0.2788313050423899,,out_of_road
783,fresh,4,fresh,,,0,1,0,8,1,1,20.0,40.0,10.0,55.0,1,62,12.034875869750977,0.18289661407470703,,crash_vehicle
784,mutation,3,mutation,has_cluster,,1,1,0,5,1,0,20.0,20.0,15.0,35.0,0,65,20.70450782775879,0.47036773631205925,,crash_vehicle
785,fresh,1,fresh,,,0,0,0,2,1,1,20.0,20.0,15.0,35.0,0,162,72.01200866699219,3.887565071200147,,crash_vehicle
786,replay,1,replay,,,0,0,0,2,1,1,20.0,20.0,15.0,35.0,0,146,71.89250946044922,2.8599317180987907,,crash_vehicle
787,fresh,3,fresh,,,0,0,0,5,1,0,15.0,20.0,15.0,35.0,0,145,46.60023880004883,1.2223289979942913,,out_of_road
788,mutation,3,mutation,maximum_distractor_speed,,0,1,0,4,0,0,15.0,5.0,10.0,35.0,3,30,0.019745826721191406,0.12494750320911407,,crash_vehicle
789,fresh,4,fresh,,,0,1,0,8,0,0,15.0,40.0,5.0,55.0,0,70,18.402124404907227,0.3466913180691855,,out_of_road
790,crossover,0,crossover,,select_lane|ego_on_intersection|intersection_has_cars|distractor_cars|has_brake_checker|distance_to_nearest|cluster_dist,9,0,0,0,0,0,10.0,5.0,5.0,20.0,0,97,26.873048782348633,0.48056454587843,rejection_fallback,out_of_road
791,fresh,2,fresh,,,0,1,1,3,1,1,20.0,5.0,10.0,55.0,1,33,0.9173750877380371,0.07490916392116835,,crash_vehicle
792,crossover,0,crossover,,maximum_distractor_speed,1,1,1,1,0,1,10.0,10.0,10.0,20.0,1,224,102.92245483398438,3.7963596704815115,,out_of_road
793,fresh,0,fresh,,,0,1,0,1,1,0,10.0,5.0,10.0,35.0,1,60,6.990017890930176,0.07670312250653903,,out_of_road
794,crossover,6,crossover,,select_lane|ego_on_intersection|intersection_has_cars|distractor_cars|has_brake_checker|has_cluster|maximum_distractor_speed|distance_to_nearest,6,1,0,18,1,0,15.0,20.0,15.0,35.0,3,139,58.83565139770508,2.0986843000856235,,out_of_road
795,fresh,4,fresh,,,0,1,0,8,1,1,15.0,5.0,15.0,20.0,3,31,0.14494752883911133,0.8848862340373378,,crash_vehicle
796,replay,4,replay,,,0,1,0,8,1,1,15.0,5.0,15.0,20.0,3,97,28.779266357421875,0.7890283446951011,,out_of_road
797,fresh,1,fresh,,,0,0,0,2,0,1,20.0,10.0,15.0,35.0,2,61,9.793161392211914,0.1792111162279473,,out_of_road
798,mutation,1,mutation,select_road|select_lane|ego_on_intersection|intersection_has_cars,,2,0,0,2,0,0,20.0,20.0,15.0,35.0,2,26,-3.1300148963928223,0.0,,out_of_road
799,fresh,0,fresh,,,0,0,0,0,0,0,10.0,5.0,5.0,20.0,0,30,-1.2149171829223633,0.1955382188161214,rejection_fallback,out_of_road
800,replay,0,replay,,,0,0,0,0,0,0,10.0,5.0,5.0,20.0,0,40,1.993769645690918,0.03298964649438858,,out_of_road
801,fresh,2,fresh,,,0,0,0,3,1,1,20.0,20.0,10.0,55.0,2,81,24.812959671020508,1.265278614597556,,out_of_road
802,crossover,5,crossover,,select_lane|ego_on_intersection|intersection_has_cars|distractor_cars|has_brake_checker|maximum_distractor_speed|distance_to_nearest|brake_dist,5,1,0,12,1,1,5.0,40.0,15.0,55.0,0,110,41.519447326660156,0.6835010379891504,,crash_vehicle
803,fresh,0,fresh,,,0,1,1,0,0,0,5.0,10.0,5.0,20.0,0,100,39.150962829589844,1.2551337786018848,,arrive_dest
804,crossover,5,crossover,,select_lane|ego_on_intersection|intersection_has_cars|distractor_cars|has_brake_checker|intersection_cars|maximum_distractor_speed|distance_to_nearest|brake_dist,5,1,1,12,0,0,15.0,20.0,10.0,55.0,0,221,135.32774353027344,6.903948317825525,,out_of_road
805,fresh,1,fresh,,,0,0,0,2,0,0,10.0,20.0,15.0,35.0,2,41,-0.35394954681396484,0.0,,out_of_road
806,crossover,2,crossover,,select_lane|ego_on_intersection|intersection_has_cars|distractor_cars|has_brake_checker|has_cluster|maximum_distractor_speed|distance_to_nearest|cluster_dist,7,0,0,3,1,1,20.0,20.0,10.0,35.0,2,145,64.41722106933594,2.7238792026865073,,crash_vehicle
807,fresh,5,fresh,,,0,1,1,12,0,0,15.0,5.0,15.0,10.0,2,35,1.9506206512451172,0.25851520108325143,,crash_vehicle
808,crossover,6,crossover,,has_brake_checker|intersection_cars|has_cluster,3,1,1,18,1,1,5.0,40.0,15.0,55.0,2,115,46.91265106201172,1.444439082560332,,crash_vehicle
809,fresh,6,fresh,,,0,1,0,18,1,0,20.0,10.0,10.0,20.0,2,122,33.885074615478516,3.297888676529048,,crash_vehicle
810,mutation,1,mutation,intersection_cars,,0,0,0,2,0,1,20.0,20.0,10.0,10.0,1,90,34.40068054199219,2.055961857901679,,out_of_road
811,fresh,0,fresh,,,0,0,0,1,0,0,20.0,10.0,10.0,55.0,1,109,35.790191650390625,0.7070722697524849,,out_of_road
812,replay,0,replay,,,0,0,0,1,0,0,20.0,10.0,10.0,55.0,1,23,-0.3823719024658203,0.13939980968185092,,crash_vehicle
813,fresh,4,fresh,,,0,0,0,8,1,0,15.0,40.0,15.0,55.0,1,43,4.810535430908203,0.3066866383996121,,out_of_road
814,mutation,2,mutation,brake_dist,,1,1,1,3,0,0,5.0,10.0,10.0,35.0,3,179,106.07628631591797,4.633465030506336,,out_of_road
815,fresh,1,fresh,,,0,1,0,2,0,0,15.0,5.0,15.0,10.0,0,27,0.2886924743652344,0.14016419869882088,,crash_vehicle
816,replay,1,replay,,,0,1,0,2,0,0,15.0,5.0,15.0,10.0,0,69,13.876298904418945,2.45815542836984,,crash_vehicle
817,fresh,5,fresh,,,0,1,0,12,0,1,15.0,20.0,10.0,55.0,2,61,14.81655502319336,0.24167876947121542,,crash_vehicle
818,crossover,0,crossover,,select_lane|ego_on_intersection|intersection_has_cars|distractor_cars|has_brake_checker|maximum_distractor_speed|distance_to_nearest|cluster_dist|brake_dist,5,1,0,0,0,0,5.0,5.0,10.0,55.0,0,55,4.2119550704956055,0.23637104034423828,,out_of_road
819,fresh,0,fresh,,,0,0,0,1,1,1,20.0,5.0,5.0,55.0,1,58,5.939665794372559,0.09342455041819606,,out_of_road
820,mutation,0,mutation,distractor_cars,,0,1,1,1,0,1,15.0,10.0,10.0,20.0,1,49,4.308363914489746,0.044010138025089185,,out_of_road
821,fresh,4,fresh,,,0,1,1,8,0,1,5.0,10.0,10.0,10.0,0,43,5.487200736999512,0.04442831527355105,,crash_vehicle
822,mutation,0,mutation,select_road|select_lane|ego_on_intersection|intersection_has_cars,,2,0,0,0,0,0,5.0,5.0,10.0,55.0,0,53,3.476511001586914,0.20312014165914283,,out_of_road
823,fresh,0,fresh,,,0,0,0,0,0,0,15.0,20.0,15.0,20.0,0,106,44.42875289916992,1.6194027033898066,,out_of_road
824,crossover,0,crossover,,distractor_cars|intersection_cars|maximum_distractor_speed|cluster_dist|brake_dist,4,1,1,1,1,0,15.0,40.0,15.0,55.0,1,44,1.8712248802185059,0.28001186793500726,,out_of_road
825,fresh,4,fresh,,,0,0,0,8,0,1,5.0,40.0,15.0,35.0,3,102,41.677913665771484,1.3075037049312217,,crash_vehicle
826,replay,4,replay,,,0,0,0,8,0,1,5.0,40.0,15.0,35.0,3,28,0.7620372772216797,0.11064077062266213,,crash_vehicle
827,fresh,5,fresh,,,0,1,0,12,1,1,5.0,40.0,5.0,55.0,2,88,33.28400421142578,0.7019096460532058,,crash_vehicle
828,replay,5,replay,,,0,1,0,12,1,1,5.0,40.0,5.0,55.0,2,45,5.535958290100098,0.19216609530978732,,crash_vehicle
829,fresh,1,fresh,,,0,1,0,2,1,1,20.0,10.0,5.0,55.0,2,167,96.28596496582031,5.402061717238968,,crash_vehicle
830,mutation,0,mutation,has_cluster,,0,1,1,0,1,0,10.0,10.0,15.0,10.0,0,35,1.739001750946045,0.1790741511753627,,out_of_road
831,fresh,6,fresh,,,0,1,0,18,1,0,5.0,40.0,5.0,55.0,1,79,24.769866943359375,1.3362126269295245,,crash_vehicle
832,crossover,3,crossover,,select_lane|ego_on_intersection|intersection_has_cars|distractor_cars|has_brake_checker|has_cluster|maximum_distractor_speed|distance_to_nearest|cluster_dist,6,1,1,5,1,0,10.0,10.0,10.0,35.0,2,61,14.435869216918945,0.36649136098681906,,crash_vehicle
833,fresh,1,fresh,,,0,0,0,2,0,0,20.0,10.0,5.0,10.0,1,287,181.9241180419922,6.5560768919539365,,out_of_road
834,replay,1,replay,,,0,0,0,2,0,0,20.0,10.0,5.0,10.0,1,60,14.790220260620117,0.22630253632863362,,crash_vehicle
835,fresh,1,fresh,,,0,1,0,2,1,0,20.0,20.0,15.0,35.0,0,58,13.482856750488281,1.8649897734666694,,out_of_road
836,crossover,0,crossover,,select_lane|ego_on_intersection|intersection_has_cars|has_brake_checker|intersection_cars|has_cluster|maximum_distractor_speed|cluster_dist,6,0,0,0,0,0,10.0,5.0,5.0,20.0,0,64,10.776052474975586,0.4406493410933763,rejection_fallback,out_of_road
837,fresh,0,fresh,,,0,0,0,0,0,0,10.0,5.0,5.0,20.0,0,101,37.421791076660156,1.1815608975910905,rejection_fallback,out_of_road
838,mutation,1,mutation,has_cluster,,0,0,0,2,0,1,20.0,20.0,10.0,55.0,0,66,16.47241973876953,0.17242702796603693,,crash_vehicle
839,fresh,5,fresh,,,0,0,0,12,0,0,20.0,40.0,10.0,55.0,0,108,55.73668670654297,2.712588230492892,,out_of_road
840,crossover,0,crossover,,select_lane|ego_on_intersection|intersection_has_cars|has_brake_checker|has_cluster|distance_to_nearest|cluster_dist|brake_dist,5,1,1,0,1,0,5.0,40.0,15.0,55.0,0,103,33.199737548828125,0.5412502925372819,,out_of_road
841,fresh,4,fresh,,,0,1,0,8,0,0,20.0,5.0,15.0,20.0,1,108,39.442935943603516,4.8448616666374384,,out_of_road
842,mutation,3,mutation,distractor_cars,,1,0,0,4,1,1,20.0,5.0,10.0,20.0,0,29,-0.36217546463012695,0.029534082988212848,,crash_vehicle
843,fresh,0,fresh,,,0,0,0,1,0,1,5.0,40.0,15.0,35.0,1,99,35.571693420410156,1.254166095395281,,out_of_road
844,mutation,6,mutation,maximum_distractor_speed,,1,1,0,18,1,0,5.0,10.0,10.0,20.0,2,35,0.11570358276367188,0.20557748121874672,,out_of_road
845,fresh,0,fresh,,,0,1,1,1,1,0,20.0,20.0,15.0,35.0,0,121,62.84730529785156,3.002426828480949,,crash_vehicle
846,replay,0,replay,,,0,1,1,1,1,0,20.0,20.0,15.0,35.0,0,337,220.92713928222656,7.400184263461421,,out_of_road
847,fresh,6,fresh,,,0,1,1,18,1,0,10.0,10.0,10.0,20.0,3,39,4.938251495361328,0.26886750490237504,,crash_vehicle
848,replay,6,replay,,,0,1,1,18,1,0,10.0,10.0,10.0,20.0,3,81,15.055505752563477,0.9827466474639045,,crash_vehicle
849,fresh,0,fresh,,,0,1,0,1,1,0,15.0,20.0,15.0,35.0,0,38,2.552562713623047,0.13960057810733192,,out_of_road
850,replay,0,replay,,,0,1,0,1,1,0,15.0,20.0,15.0,35.0,0,182,116.0931396484375,7.203065202131376,,out_of_road
851,fresh,2,fresh,,,0,0,0,3,0,1,10.0,40.0,15.0,20.0,3,124,53.61248779296875,1.758632780803788,,out_of_road
852,crossover,0,crossover,,select_lane|ego_on_intersection|intersection_has_cars|has_brake_checker|intersection_cars|maximum_distractor_speed|distance_to_nearest|cluster_dist|brake_dist,5,1,0,0,1,0,5.0,40.0,10.0,35.0,0,55,10.778773307800293,0.2769296754490245,,out_of_road
853,fresh,5,fresh,,,0,1,0,12,0,1,5.0,5.0,15.0,10.0,1,38,2.8233494758605957,0.3896741237687437,,crash_vehicle
854,replay,5,replay,,,0,1,0,12,0,1,5.0,5.0,15.0,10.0,1,207,131.83984375,5.345734865769096,,crash_vehicle
855,fresh,4,fresh,,,0,0,0,8,0,1,20.0,5.0,10.0,35.0,3,44,3.254591941833496,1.5549672110514208,,crash_vehicle
856,mutation,0,mutation,select_road|select_lane|ego_on_intersection|intersection_has_cars,,3,0,0,1,1,1,10.0,40.0,15.0,55.0,1,61,8.249598503112793,0.786737963312962,,out_of_road
857,fresh,6,fresh,,,0,0,0,18,1,1,20.0,5.0,5.0,35.0,0,28,-7.905294418334961,0.0,,crash_vehicle
858,crossover,3,crossover,,distractor_cars|has_brake_checker|has_cluster|brake_dist,2,1,1,4,0,0,20.0,20.0,10.0,35.0,3,185,112.42110443115234,5.678901575546007,,out_of_road
859,fresh,1,fresh,,,0,0,0,2,0,0,20.0,20.0,10.0,35.0,0,114,44.349456787109375,0.895687371230962,,crash_vehicle
860,mutation,0,mutation,intersection_cars,,0,0,0,0,1,0,5.0,40.0,5.0,10.0,0,127,44.20570373535156,2.3605235050337052,,out_of_road
861,fresh,3,fresh,,,0,1,1,4,0,0,15.0,40.0,10.0,55.0,3,140,68.9158706665039,2.6555383729083197,,crash_vehicle
862,replay,3,replay,,,0,1,1,4,0,0,15.0,40.0,10.0,55.0,3,136,62.519065856933594,2.8498176888507953,,out_of_road
863,fresh,0,fresh,,,0,0,0,1,0,1,15.0,40.0,10.0,10.0,1,146,68.16925048828125,3.752951934729537,,out_of_road
864,mutation,0,mutation,intersection_cars,,0,0,0,1,0,1,10.0,20.0,15.0,55.0,0,70,19.178264617919922,0.26983527328286855,,crash_vehicle
865,fresh,3,fresh,,,0,1,0,4,0,1,20.0,10.0,5.0,10.0,3,98,45.627498626708984,3.2763710517664344,,arrive_dest
866,replay,3,replay,,,0,1,0,4,0,1,20.0,10.0,5.0,10.0,3,20,-3.096240997314453,0.02260369397699833,,crash_vehicle
867,fresh,4,fresh,,,0,0,0,8,1,0,20.0,40.0,5.0,55.0,2,48,6.866583824157715,0.9317640078564485,,out_of_road
868,crossover,1,crossover,,distractor_cars|has_brake_checker|has_cluster|maximum_distractor_speed|distance_to_nearest|cluster_dist|brake_dist,1,0,0,2,1,0,20.0,20.0,10.0,55.0,0,143,85.43888092041016,5.661538421065657,,crash_vehicle
869,fresh,2,fresh,,,0,1,0,3,0,1,20.0,5.0,10.0,35.0,0,30,-0.04554128646850586,0.7598425005873044,,crash_vehicle
870,crossover,4,crossover,,select_lane|ego_on_intersection|intersection_has_cars|distractor_cars|has_brake_checker|cluster_dist,4,0,0,8,1,0,20.0,5.0,10.0,20.0,1,35,1.6922221183776855,0.3244643815926143,,crash_vehicle
871,fresh,2,fresh,,,0,0,0,3,1,1,20.0,20.0,15.0,35.0,0,140,69.6359634399414,2.8686235425727706,,crash_vehicle
872,replay,2,replay,,,0,0,0,3,1,1,20.0,20.0,15.0,35.0,0,131,70.9122085571289,3.2302817074397137,,out_of_road
873,fresh,2,fresh,,,0,0,0,3,1,0,10.0,5.0,5.0,20.0,3,17,-5.210694789886475,0.0,,out_of_road
874,replay,2,replay,,,0,0,0,3,1,0,10.0,5.0,5.0,20.0,3,134,61.50152587890625,2.514896282064381,,crash_vehicle
875,fresh,3,fresh,,,0,0,0,5,0,1,5.0,5.0,5.0,35.0,0,28,-2.257305145263672,0.20668784156441689,,crash_vehicle
876,mutation,2,mutation,select_road|select_lane|ego_on_intersection|intersection_has_cars,,3,1,1,3,1,0,5.0,40.0,10.0,55.0,0,160,93.24169158935547,5.212422829214484,,crash_vehicle
877,fresh,3,fresh,,,0,0,0,4,1,1,15.0,40.0,5.0,55.0,0,82,30.25210952758789,2.835563502297169,,crash_vehicle
878,crossover,3,crossover,,select_lane|ego_on_intersection|intersection_has_cars|has_brake_checker|intersection_cars|cluster_dist,4,0,0,5,1,1,20.0,20.0,10.0,35.0,1,68,18.646835327148438,0.44497618254493265,,crash_vehicle
879,fresh,1,fresh,,,0,0,0,2,0,0,15.0,40.0,5.0,55.0,2,133,57.503936767578125,3.5574182805262113,,out_of_road
880,mutation,6,mutation,has_cluster,,1,1,0,18,1,0,10.0,40.0,15.0,55.0,2,120,50.767250061035156,1.56955711171031,,crash_vehicle
881,fresh,3,fresh,,,0,1,1,4,1,0,20.0,40.0,15.0,55.0,3,118,45.22136688232422,1.2978985806516672,,out_of_road
882,crossover,1,crossover,,distractor_cars|has_brake_checker|intersection_cars|has_cluster|maximum_distractor_speed|distance_to_nearest,1,0,0,2,0,0,20.0,20.0,10.0,55.0,0,165,80.81511688232422,3.291971530336322,,out_of_road
883,fresh,0,fresh,,,0,1,0,1,1,0,20.0,10.0,5.0,20.0,0,37,5.321571350097656,0.2946085027746252,,crash_vehicle
884,replay,0,replay,,,0,1,0,1,1,0,20.0,10.0,5.0,20.0,0,266,177.63381958007812,7.408656222787791,,out_of_road
885,fresh,3,fresh,,,0,1,1,5,0,0,10.0,5.0,15.0,35.0,2,37,-0.9535913467407227,0.7777553426252829,,out_of_road
886,crossover,1,crossover,,distractor_cars|has_brake_checker|brake_dist,1,0,0,2,1,1,20.0,20.0,15.0,55.0,0,102,33.9012451171875,0.727389718533731,,crash_vehicle
887,fresh,0,fresh,,,0,0,0,1,1,0,5.0,5.0,10.0,55.0,0,28,-0.34677839279174805,0.03889309934207371,,crash_vehicle
888,replay,0,replay,,,0,0,0,1,1,0,5.0,5.0,10.0,55.0,0,89,34.9207763671875,1.1188440548904826,,crash_vehicle
889,fresh,3,fresh,,,0,1,0,4,1,1,15.0,20.0,5.0,55.0,3,34,1.0218029022216797,0.1683812421910903,,out_of_road
890,replay,3,replay,,,0,1,0,4,1,1,15.0,20.0,5.0,55.0,3,59,14.733083724975586,0.4176557751025184,,crash_vehicle
891,fresh,5,fresh,,,0,0,0,12,1,1,15.0,5.0,10.0,55.0,1,41,5.783089637756348,0.8846614088227109,,crash_vehicle
892,crossover,2,crossover,,has_cluster|maximum_distractor_speed|distance_to_nearest|brake_dist,1,1,1,3,1,0,20.0,40.0,5.0,55.0,3,202,88.25829315185547,2.500405511938699,,out_of_road
893,fresh,1,fresh,,,0,1,1,2,1,0,20.0,10.0,15.0,20.0,2,123,50.88825607299805,1.5796473238284026,,crash_vehicle
894,mutation,3,mutation,maximum_distractor_speed,,1,0,0,5,0,0,10.0,40.0,10.0,55.0,3,176,81.5847396850586,3.9556561635637824,,out_of_road
895,fresh,0,fresh,,,0,1,0,1,0,0,20.0,10.0,5.0,35.0,1,43,3.3261499404907227,0.16738705302393714,,out_of_road
896,replay,0,replay,,,0,1,0,1,0,0,20.0,10.0,5.0,35.0,1,153,71.17874145507812,3.3524392905578115,,crash_vehicle
897,fresh,1,fresh,,,0,0,0,2,1,0,5.0,10.0,5.0,35.0,1,80,27.563793182373047,2.87795344479382,,crash_vehicle
898,replay,1,replay,,,0,0,0,2,1,0,5.0,10.0,5.0,35.0,1,156,70.04339599609375,2.563037871550291,,crash_vehicle
899,fresh,5,fresh,,,0,1,0,12,1,0,5.0,20.0,15.0,35.0,3,119,41.65397262573242,1.2395346174720956,,out_of_road
900,crossover,0,crossover,,has_brake_checker|has_cluster|maximum_distractor_speed|distance_to_nearest|brake_dist,9,0,0,0,0,0,10.0,5.0,5.0,20.0,0,289,178.0468292236328,6.318917043945369,rejection_fallback,out_of_road
901,fresh,0,fresh,,,0,1,0,1,0,1,5.0,10.0,10.0,35.0,1,43,4.0878496170043945,0.2119008136350055,,out_of_road
902,crossover,6,crossover,,select_lane|ego_on_intersection|intersection_has_cars|distractor_cars|cluster_dist,1,0,0,18,1,1,15.0,20.0,10.0,55.0,1,61,13.218910217285156,1.4303022513135535,,out_of_road
903,fresh,4,fresh,,,0,1,0,8,1,1,10.0,20.0,5.0,35.0,3,44,1.6350116729736328,0.19419180805032904,,out_of_road
904,crossover,2,crossover,,has_brake_checker|has_cluster|distance_to_nearest|brake_dist,3,1,1,3,1,1,15.0,5.0,5.0,35.0,3,100,31.138713836669922,0.8879499996080995,,out_of_road
905,fresh,0,fresh,,,0,1,1,1,0,1,10.0,5.0,10.0,20.0,1,122,58.854183197021484,2.2155924185377653,,out_of_road
906,mutation,5,mutation,has_brake_checker,,1,0,0,12,0,0,20.0,10.0,5.0,20.0,1,323,204.23440551757812,6.90036336510174,,out_of_road
907,fresh,0,fresh,,,0,1,0,0,0,0,5.0,20.0,5.0,20.0,0,242,143.13304138183594,6.239811923262502,,out_of_road
908,crossover,4,crossover,,select_lane|ego_on_intersection|intersection_has_cars|has_cluster|maximum_distractor_speed|distance_to_nearest,3,0,0,8,0,1,10.0,20.0,10.0,55.0,1,54,15.648130416870117,0.23538615140650007,,crash_vehicle
909,fresh,0,fresh,,,0,1,0,0,0,0,10.0,10.0,15.0,20.0,0,310,175.30364990234375,5.621582207035634,,out_of_road
910,crossover,4,crossover,,distractor_cars|intersection_cars|distance_to_nearest|brake_dist,1,0,0,8,0,1,20.0,40.0,5.0,55.0,2,85,32.206275939941406,0.43781203454469936,,crash_vehicle
911,fresh,1,fresh,,,0,1,1,2,0,0,5.0,20.0,10.0,10.0,1,35,0.7783927917480469,0.28585341828210015,,out_of_road
912,mutation,5,mutation,distance_to_nearest,,2,0,0,12,1,1,10.0,40.0,5.0,55.0,2,20,-5.645965576171875,0.0,,out_of_road
913,fresh,0,fresh,,,0,0,0,1,1,1,20.0,20.0,15.0,55.0,1,60,14.36187744140625,1.4730930258830388,,out_of_road
914,mutation,6,mutation,cluster_dist,,1,1,1,18,1,0,20.0,20.0,15.0,35.0,0,77,18.511131286621094,0.834436017197448,,crash_vehicle
915,fresh,0,fresh,,,0,0,0,0,0,0,5.0,10.0,15.0,20.0,0,140,62.86296081542969,2.0285108329994337,,out_of_road
916,mutation,5,mutation,intersection_cars,,1,0,0,12,1,1,15.0,20.0,10.0,55.0,0,38,1.7276496887207031,0.4817027202562282,,out_of_road
917,fresh,0,fresh,,,0,1,1,1,1,1,20.0,20.0,10.0,35.0,1,96,34.717769622802734,0.3452085598837584,,out_of_road
918,replay,0,replay,,,0,1,1,1,1,1,20.0,20.0,10.0,35.0,1,276,166.2570343017578,6.713495960702067,,out_of_road
919,fresh,3,fresh,,,0,0,0,5,0,0,15.0,10.0,5.0,10.0,1,53,10.234551429748535,0.3127995922036891,,crash_vehicle
920,mutation,1,mutation,distractor_cars,,1,1,0,2,0,0,10.0,10.0,15.0,20.0,0,207,133.6392059326172,7.1362011616932595,,crash_vehicle
921,fresh,1,fresh,,,0,1,1,2,1,1,5.0,40.0,10.0,55.0,2,173,105.05171966552734,4.617747757820725,,crash_vehicle
922,replay,1,replay,,,0,1,1,2,1,1,5.0,40.0,10.0,55.0,2,170,104.02059173583984,5.101895321467343,,crash_vehicle
923,fresh,5,fresh,,,0,1,1,12,0,1,5.0,40.0,15.0,35.0,1,107,36.60042190551758,0.4664055886112641,,out_of_road
924,crossover,2,crossover,,select_lane|ego_on_intersection|intersection_has_cars|distractor_cars|has_cluster|distance_to_nearest|brake_dist,0,0,0,3,1,1,5.0,5.0,15.0,35.0,3,71,24.833269119262695,1.5243870977994423,,crash_vehicle
925,fresh,0,fresh,,,0,0,0,0,0,0,5.0,20.0,15.0,10.0,0,125,64.24022674560547,2.7298239966630935,,out_of_road
926,mutation,5,mutation,distance_to_nearest,,1,1,1,12,0,0,15.0,10.0,10.0,55.0,0,72,16.27381134033203,0.7171692384613885,,crash_vehicle
927,fresh,5,fresh,,,0,1,1,12,0,0,20.0,5.0,15.0,10.0,3,30,-0.654177188873291,0.0879191520313422,,crash_vehicle
928,mutation,6,mutation,distance_to_nearest,,1,0,0,18,0,1,5.0,40.0,15.0,55.0,1,85,34.226402282714844,2.273533560598598,,crash_vehicle
929,fresh,3,fresh,,,0,1,0,5,1,0,15.0,10.0,15.0,55.0,2,154,97.69071960449219,7.41563798932286,,crash_vehicle
930,mutation,3,mutation,cluster_dist,,0,0,0,4,0,0,20.0,40.0,15.0,35.0,2,133,70.9935302734375,3.0396710183835567,,out_of_road
931,fresh,5,fresh,,,0,1,1,12,0,1,20.0,10.0,15.0,35.0,1,156,81.21228790283203,5.230359663565953,,crash_vehicle
932,crossover,3,crossover,,select_lane|ego_on_intersection|intersection_has_cars|has_cluster|maximum_distractor_speed|distance_to_nearest|brake_dist,4,0,0,4,0,0,15.0,20.0,15.0,35.0,1,64,8.731443405151367,0.7185470960102975,,out_of_road
933,fresh,6,fresh,,,0,1,1,18,1,0,5.0,20.0,5.0,35.0,0,81,26.278093338012695,0.3607700150689961,,crash_vehicle
934,replay,6,replay,,,0,1,1,18,1,0,5.0,20.0,5.0,35.0,0,26,-2.801119804382324,0.0,,out_of_road
935,fresh,2,fresh,,,0,0,0,3,1,1,15.0,20.0,15.0,35.0,1,43,2.278994560241699,0.2107351020325062,,out_of_road
936,replay,2,replay,,,0,0,0,3,1,1,15.0,20.0,15.0,35.0,1,250,174.10487365722656,7.841555298566818,,out_of_road
937,fresh,0,fresh,,,0,1,1,0,0,0,20.0,10.0,15.0,20.0,0,142,63.25685119628906,4.602625444111689,,out_of_road
938,mutation,1,mutation,brake_dist,,1,1,0,2,1,1,20.0,10.0,5.0,20.0,2,92,31.94207763671875,0.8479042903965582,,out_of_road
939,fresh,3,fresh,,,0,0,0,5,0,0,20.0,5.0,10.0,35.0,0,30,1.5329279899597168,0.14430947005748748,,crash_vehicle
940,replay,3,replay,,,0,0,0,5,0,0,20.0,5.0,10.0,35.0,0,101,40.37189483642578,0.9633973499040792,,out_of_road
941,fresh,3,fresh,,,0,0,0,4,1,0,15.0,40.0,10.0,55.0,3,112,43.418888092041016,3.212506455568863,,out_of_road
942,crossover,5,crossover,,has_brake_checker|intersection_cars|distance_to_nearest|cluster_dist|brake_dist,5,0,0,12,1,0,20.0,40.0,10.0,55.0,2,2,10.0,2.573305606842041,,arrive_dest
943,fresh,3,fresh,,,0,1,0,4,1,1,20.0,20.0,15.0,35.0,3,87,37.815895080566406,0.7917737527482811,,crash_vehicle
944,crossover,6,crossover,,intersection_cars|maximum_distractor_speed|brake_dist,2,1,0,18,1,0,5.0,20.0,5.0,55.0,1,59,16.823657989501953,0.6887235823324172,,crash_vehicle
945,fresh,4,fresh,,,0,0,0,8,1,1,20.0,5.0,5.0,20.0,0,36,3.0724029541015625,0.13618889409634802,,crash_vehicle
946,replay,4,replay,,,0,0,0,8,1,1,20.0,5.0,5.0,20.0,0,2,10.0,4.147500991821289,,arrive_dest
947,fresh,5,fresh,,,0,1,1,12,0,0,10.0,40.0,5.0,20.0,1,97,37.79157257080078,4.129563942397993,,out_of_road
948,crossover,1,crossover,,select_lane|ego_on_intersection|intersection_has_cars|distractor_cars|has_brake_checker|has_cluster|maximum_distractor_speed|cluster_dist|brake_dist,3,1,0,2,1,0,5.0,20.0,5.0,55.0,0,62,13.838476181030273,2.002073578776852,,out_of_road
949,fresh,1,fresh,,,0,1,1,2,0,1,20.0,10.0,10.0,35.0,2,180,90.37295532226562,3.277226928538746,,out_of_road
950,replay,1,replay,,,0,1,1,2,0,1,20.0,10.0,10.0,35.0,2,28,0.38726091384887695,0.056135858808244975,,crash_vehicle
951,fresh,2,fresh,,,0,0,0,3,0,1,15.0,20.0,15.0,10.0,3,18,-5.105698585510254,0.0,,out_of_road
952,crossover,3,crossover,,select_lane|ego_on_intersection|intersection_has_cars|has_brake_checker|intersection_cars|distance_to_nearest|cluster_dist,5,1,1,5,1,0,5.0,40.0,15.0,55.0,3,101,27.690269470214844,2.3803033734312153,,out_of_road
953,fresh,1,fresh,,,0,1,1,2,0,1,15.0,5.0,5.0,55.0,2,62,15.719413757324219,1.8983206402870916,,out_of_road
954,replay,1,replay,,,0,1,1,2,0,1,15.0,5.0,5.0,55.0,2,93,39.020469665527344,1.0180821338648438,,crash_vehicle
955,fresh,5,fresh,,,0,0,0,12,0,0,10.0,20.0,10.0,10.0,0,46,4.410782814025879,0.18368127294208692,,out_of_road
956,mutation,2,mutation,intersection_cars,,1,1,1,3,0,0,5.0,10.0,10.0,10.0,1,61,10.02519416809082,0.3640960581967088,,crash_vehicle
957,fresh,1,fresh,,,0,1,0,2,0,1,10.0,40.0,15.0,35.0,2,170,92.14407348632812,5.623027607973884,,out_of_road
958,mutation,3,mutation,distractor_cars,,2,0,0,4,1,0,5.0,40.0,5.0,55.0,0,94,31.106197357177734,0.19376694489310078,,crash_vehicle
959,fresh,0,fresh,,,0,0,0,0,0,0,15.0,10.0,10.0,55.0,0,162,94.32238006591797,3.7909053530957966,,out_of_road
960,replay,0,replay,,,0,0,0,0,0,0,15.0,10.0,10.0,55.0,0,105,45.33949279785156,3.0596588188693636,,crash_vehicle
961,fresh,5,fresh,,,0,1,0,12,1,1,10.0,20.0,10.0,35.0,1,62,16.02996253967285,0.3424390058123296,,crash_vehicle
962,mutation,6,mutation,distance_to_nearest,,1,1,0,18,1,1,10.0,5.0,15.0,55.0,2,41,7.204185485839844,1.403070404398732,,crash_vehicle
963,fresh,0,fresh,,,0,1,1,1,0,0,20.0,20.0,15.0,10.0,0,61,11.432014465332031,2.888670968227699,,out_of_road
964,replay,0,replay,,,0,1,1,1,0,0,20.0,20.0,15.0,10.0,0,77,45.27728271484375,2.2395782321691513,,arrive_dest
965,fresh,1,fresh,,,0,1,1,2,0,1,10.0,20.0,10.0,10.0,0,47,5.726944923400879,0.5391258546646606,,out_of_road
966,replay,1,replay,,,0,1,1,2,0,1,10.0,20.0,10.0,10.0,0,115,44.10984420776367,0.998164259383212,,out_of_road
967,fresh,4,fresh,,,0,1,0,8,0,0,15.0,10.0,5.0,55.0,2,107,33.070133209228516,3.0381078073911576,,crash_vehicle
968,replay,4,replay,,,0,1,0,8,0,0,15.0,10.0,5.0,55.0,2,100,29.04228973388672,2.2684473899006843,,out_of_road
969,fresh,3,fresh,,,0,1,0,5,1,1,10.0,40.0,10.0,55.0,3,104,34.058860778808594,0.35184514708817005,,crash_vehicle
970,mutation,1,mutation,brake_dist,,0,0,0,2,1,0,10.0,40.0,15.0,55.0,2,58,13.429269790649414,1.2316690200361713,,out_of_road
971,fresh,3,fresh,,,0,1,0,5,0,0,15.0,5.0,10.0,35.0,1,35,0.4022989273071289,0.4458315644945417,,crash_vehicle
972,crossover,1,crossover,,maximum_distractor_speed|distance_to_nearest|brake_dist,1,0,0,2,1,1,20.0,20.0,10.0,35.0,0,72,26.804384231567383,0.43399735912680626,,crash_vehicle
973,fresh,0,fresh,,,0,1,1,0,0,0,10.0,5.0,10.0,35.0,0,115,47.44791793823242,1.2269227717233742,,out_of_road
974,replay,0,replay,,,0,1,1,0,0,0,10.0,5.0,10.0,35.0,0,46,8.104701042175293,2.0178256242171577,,crash_vehicle
975,fresh,2,fresh,,,0,1,0,3,1,1,5.0,40.0,5.0,55.0,3,106,39.02058410644531,1.6227273152403112,,out_of_road
976,mutation,3,mutation,maximum_distractor_speed,,0,0,0,5,1,0,15.0,40.0,10.0,55.0,2,153,71.6500015258789,4.014614348025883,,crash_vehicle
977,fresh,2,fresh,,,0,0,0,3,0,0,15.0,5.0,15.0,55.0,2,31,0.2758646011352539,0.14376904743333016,,crash_vehicle
978,replay,2,replay,,,0,0,0,3,0,0,15.0,5.0,15.0,55.0,2,153,70.91883850097656,3.879067955161232,,crash_vehicle
979,fresh,3,fresh,,,0,1,0,4,1,1,10.0,10.0,5.0,20.0,3,46,2.4543113708496094,0.6634350133978802,,out_of_road
980,crossover,1,crossover,,select_lane|ego_on_intersection|intersection_has_cars|distractor_cars|has_brake_checker|has_cluster|maximum_distractor_speed|brake_dist,4,0,0,2,0,0,20.0,20.0,10.0,10.0,2,245,162.19256591796875,7.663783088995486,,out_of_road
981,fresh,1,fresh,,,0,1,0,2,1,1,5.0,10.0,15.0,20.0,2,146,51.65389633178711,2.7215194275526153,,out_of_road
982,mutation,4,mutation,has_brake_checker,,1,1,1,8,0,0,15.0,40.0,10.0,55.0,2,140,82.49702453613281,3.6224385218960897,,out_of_road
983,fresh,3,fresh,,,0,1,0,4,1,0,5.0,20.0,15.0,35.0,2,63,18.082656860351562,0.3670370616610088,,crash_vehicle
984,replay,3,replay,,,0,1,0,4,1,0,5.0,20.0,15.0,35.0,2,108,40.52191162109375,1.3602971950614895,,out_of_road
985,fresh,2,fresh,,,0,1,1,3,0,1,5.0,20.0,10.0,20.0,3,56,7.684621810913086,1.289964156491416,,out_of_road
986,crossover,0,crossover,,distractor_cars|has_brake_checker|intersection_cars|has_cluster|maximum_distractor_speed,0,1,1,0,0,0,5.0,40.0,10.0,55.0,0,248,208.81826782226562,9.418184280395508,,arrive_dest
987,fresh,6,fresh,,,0,0,0,18,1,1,20.0,20.0,15.0,35.0,3,94,33.751136779785156,2.3584299572604768,,crash_vehicle
988,crossover,1,crossover,,select_lane|ego_on_intersection|intersection_has_cars|distractor_cars|distance_to_nearest|cluster_dist,2,0,0,2,1,0,5.0,20.0,5.0,35.0,1,89,43.04078674316406,1.6562456026505887,,crash_vehicle
989,fresh,2,fresh,,,0,1,0,3,0,1,15.0,10.0,15.0,55.0,0,35,0.13618993759155273,0.11538018307515553,,out_of_road
990,crossover,3,crossover,,intersection_cars|distance_to_nearest|brake_dist,2,1,1,5,0,0,15.0,5.0,5.0,55.0,0,54,-1.4409704208374023,1.990975938461445,,out_of_road
991,fresh,0,fresh,,,0,1,1,1,0,1,5.0,40.0,10.0,10.0,1,187,117.83291625976562,7.001300352461198,,out_of_road
992,replay,0,replay,,,0,1,1,1,0,1,5.0,40.0,10.0,10.0,1,105,58.14679718017578,3.258934214285442,,crash_vehicle
993,fresh,0,fresh,,,0,1,0,0,1,0,10.0,5.0,10.0,35.0,0,109,39.2778205871582,1.5029051189028888,,out_of_road
994,mutation,0,mutation,select_road|select_lane|ego_on_intersection|intersection_has_cars,,3,0,0,0,0,0,5.0,40.0,5.0,10.0,0,241,154.41448974609375,5.983605395214192,,out_of_road
995,fresh,3,fresh,,,0,0,0,5,0,1,20.0,5.0,10.0,55.0,0,30,0.17129945755004883,0.4512795090675354,,crash_vehicle
996,replay,3,replay,,,0,0,0,5,0,1,20.0,5.0,10.0,55.0,0,45,6.9697418212890625,0.3533770574463738,,out_of_road
997,fresh,1,fresh,,,0,0,0,2,1,0,15.0,40.0,15.0,55.0,0,119,56.158748626708984,1.6672769900129623,,crash_vehicle
998,replay,1,replay,,,0,0,0,2,1,0,15.0,40.0,15.0,55.0,0,44,6.462667465209961,0.2779811857776208,,out_of_road
999,fresh,0,fresh,,,0,1,0,0,1,0,15.0,20.0,5.0,10.0,0,91,34.392337799072266,3.6041808488604787,,crash_vehicle
1000,replay,0,replay,,,0,1,0,0,1,0,15.0,20.0,5.0,10.0,0,138,61.93077087402344,2.467575847670652,,crash_vehicle
1001,fresh,6,fresh,,,0,0,0,18,1,0,10.0,20.0,15.0,55.0,1,166,92.02552795410156,3.998508672218725,,crash_vehicle
1002,mutation,4,mutation,brake_dist,,0,0,0,8,1,0,10.0,40.0,10.0,55.0,1,90,26.527389526367188,0.5126146404279603,,out_of_road
1003,fresh,6,fresh,,,0,1,0,18,1,0,10.0,40.0,15.0,55.0,3,69,18.686044692993164,0.8501287232274595,,out_of_road
1004,mutation,6,mutation,maximum_distractor_speed,,0,0,0,18,0,0,15.0,20.0,5.0,20.0,3,82,33.149288177490234,1.3042176365852356,,crash_vehicle
1005,fresh,0,fresh,,,0,0,0,0,0,0,15.0,10.0,15.0,55.0,0,248,134.39369201660156,4.95909277547992,,out_of_road
1006,mutation,0,mutation,select_road|select_lane|ego_on_intersection|intersection_has_cars,,1,0,0,0,0,0,20.0,40.0,15.0,10.0,0,41,-12.09907341003418,0.14659941996016154,,out_of_road
1007,fresh,5,fresh,,,0,1,0,12,0,0,10.0,40.0,15.0,35.0,1,106,49.587379455566406,1.382532403575924,,crash_vehicle
1008,mutation,0,mutation,has_brake_checker,,0,0,0,1,0,1,20.0,10.0,10.0,10.0,1,101,37.576847076416016,0.42106576310009647,,out_of_road
1009,fresh,6,fresh,,,0,1,1,18,1,0,15.0,40.0,5.0,55.0,0,240,170.84393310546875,7.955009268472592,,out_of_road
1010,replay,6,replay,,,0,1,1,18,1,0,15.0,40.0,5.0,55.0,0,106,54.57565689086914,5.238970139116611,,out_of_road
1011,fresh,3,fresh,,,0,1,1,5,0,0,15.0,40.0,5.0,10.0,2,282,192.36521911621094,7.03645388285319,,out_of_road
1012,replay,3,replay,,,0,1,1,5,0,0,15.0,40.0,5.0,10.0,2,197,134.74769592285156,5.934779817607197,,out_of_road
1013,fresh,2,fresh,,,0,0,0,3,0,0,5.0,20.0,15.0,55.0,2,89,31.242755889892578,0.4569457715816712,,crash_vehicle
1014,replay,2,replay,,,0,0,0,3,0,0,5.0,20.0,15.0,55.0,2,56,12.858926773071289,2.143693456692355,,out_of_road
1015,fresh,0,fresh,,,0,1,1,1,0,1,20.0,20.0,10.0,35.0,1,156,83.87779998779297,3.613742747558997,,out_of_road
1016,replay,0,replay,,,0,1,1,1,0,1,20.0,20.0,10.0,35.0,1,135,71.98466491699219,2.716486460632748,,crash_vehicle
1017,fresh,5,fresh,,,0,0,0,12,0,1,20.0,40.0,5.0,55.0,0,92,33.47382354736328,0.39437120310638263,,crash_vehicle
1018,replay,5,replay,,,0,0,0,12,0,1,20.0,40.0,5.0,55.0,0,55,5.664342880249023,0.43446298417719925,,out_of_road
1019,fresh,1,fresh,,,0,1,0,2,1,1,20.0,40.0,15.0,55.0,1,45,6.527605056762695,0.39984012179904516,,out_of_road
1020,mutation,1,mutation,has_brake_checker,,1,1,0,2,1,0,10.0,10.0,15.0,20.0,0,43,5.406465530395508,0.0016617664071016532,,crash_vehicle
1021,fresh,0,fresh,,,0,0,0,0,1,0,20.0,5.0,5.0,10.0,0,167,63.00640106201172,3.6462207609664894,,out_of_road
1022,mutation,0,mutation,distractor_cars,,3,0,0,0,1,0,15.0,20.0,5.0,35.0,0,60,10.460981369018555,0.3834999402364095,,out_of_road
1023,fresh,3,fresh,,,0,0,0,4,1,1,15.0,5.0,5.0,35.0,2,30,0.5632314682006836,0.017600999772548677,,crash_vehicle
1024,crossover,0,crossover,,select_lane|ego_on_intersection|intersection_has_cars|distractor_cars|intersection_cars|has_cluster|distance_to_nearest|brake_dist,2,0,0,0,0,0,10.0,5.0,5.0,35.0,0,339,259.95159912109375,8.632761213807582,,out_of_road
1025,fresh,5,fresh,,,0,1,1,12,1,0,15.0,5.0,5.0,55.0,1,28,0.9352874755859375,0.2376105444771903,,crash_vehicle
1026,mutation,6,mutation,intersection_cars,,1,0,0,18,1,1,15.0,20.0,10.0,55.0,0,82,26.286821365356445,0.5717726844113048,,crash_vehicle
1027,fresh,0,fresh,,,0,0,0,1,0,0,20.0,10.0,15.0,55.0,1,136,70.08655548095703,3.1546160298235275,,out_of_road
1028,mutation,1,mutation,cluster_dist,,1,0,0,2,1,0,20.0,20.0,5.0,55.0,0,157,92.75257873535156,4.072253693440917,,crash_vehicle
1029,fresh,0,fresh,,,0,1,1,0,0,0,15.0,5.0,15.0,35.0,0,286,188.87127685546875,6.667599301212109,,out_of_road
1030,mutation,0,mutation,select_road|select_lane|ego_on_intersection|intersection_has_cars,,2,1,1,0,1,0,5.0,40.0,5.0,20.0,0,144,69.3387222290039,2.9405264646435776,,crash_vehicle
1031,fresh,0,fresh,,,0,1,1,0,1,0,5.0,20.0,15.0,10.0,0,138,57.23911666870117,4.053429314407749,,crash_vehicle
1032,replay,0,replay,,,0,1,1,0,1,0,5.0,20.0,15.0,10.0,0,81,35.20195770263672,2.6489496260513494,,crash_vehicle
1033,fresh,0,fresh,,,0,1,0,0,0,0,10.0,40.0,10.0,55.0,0,216,128.4617462158203,4.9425482118019355,,out_of_road
1034,replay,0,replay,,,0,1,0,0,0,0,10.0,40.0,10.0,55.0,0,143,83.98450469970703,5.141385603201139,,crash_vehicle
1035,fresh,3,fresh,,,0,1,0,4,1,1,5.0,5.0,10.0,20.0,3,12,11.056463241577148,5.08858193953832,,arrive_dest
1036,mutation,2,mutation,cluster_dist,,1,1,1,3,0,1,10.0,5.0,10.0,35.0,2,29,0.15547609329223633,1.21765870061414,,crash_vehicle
1037,fresh,0,fresh,,,0,0,0,0,0,0,10.0,5.0,10.0,55.0,0,343,256.9552001953125,8.434577845015262,,out_of_road
1038,mutation,5,mutation,cluster_dist,,1,0,0,12,1,0,10.0,20.0,10.0,55.0,1,194,109.64126586914062,4.527016849861932,,crash_vehicle
1039,fresh,3,fresh,,,0,0,0,4,1,1,15.0,10.0,5.0,35.0,1,59,11.235074996948242,0.9646288919246803,,crash_vehicle
1040,crossover,5,crossover,,select_lane|ego_on_intersection|intersection_has_cars|distractor_cars|has_brake_checker|maximum_distractor_speed|distance_to_nearest|cluster_dist,5,0,0,12,1,0,20.0,20.0,15.0,55.0,0,125,54.79139709472656,2.285894190788269,,out_of_road
1041,fresh,2,fresh,,,0,0,0,3,1,0,5.0,10.0,10.0,35.0,3,252,188.31643676757812,8.106496779691605,,out_of_road
1042,mutation,1,mutation,distractor_cars,,1,1,1,2,0,1,20.0,20.0,10.0,35.0,1,207,111.45301818847656,5.437481588931475,,crash_vehicle
1043,fresh,0,fresh,,,0,0,0,1,0,0,20.0,10.0,5.0,20.0,1,97,34.794029235839844,0.4516513209367536,,out_of_road
1044,crossover,3,crossover,,select_lane|ego_on_intersection|intersection_has_cars|distractor_cars|intersection_cars|has_cluster|maximum_distractor_speed|distance_to_nearest|cluster_dist|brake_dist,8,1,1,5,0,0,10.0,20.0,15.0,55.0,3,122,41.906009674072266,1.3142596537583187,,out_of_road
1045,fresh,5,fresh,,,0,1,1,12,0,1,15.0,20.0,15.0,10.0,3,31,2.6427268981933594,0.32250804285849294,,crash_vehicle
1046,replay,5,replay,,,0,1,1,12,0,1,15.0,20.0,15.0,10.0,3,110,43.661346435546875,2.1583685170520437,,crash_vehicle
1047,fresh,1,fresh,,,0,1,0,2,0,0,20.0,5.0,5.0,55.0,1,45,-0.5898723602294922,0.5224866244528029,,crash_vehicle
1048,mutation,1,mutation,has_brake_checker,,0,0,0,2,0,1,20.0,20.0,10.0,10.0,1,166,106.7894058227539,5.406936937067882,,out_of_road
1049,fresh,0,fresh,,,0,0,0,0,0,0,20.0,40.0,10.0,55.0,0,118,55.3024787902832,5.375235657697007,,out_of_road
1050,replay,0,replay,,,0,0,0,0,0,0,20.0,40.0,10.0,55.0,0,97,31.77655792236328,3.6340863846011997,,crash_vehicle
1051,fresh,0,fresh,,,0,1,1,0,1,0,15.0,40.0,10.0,20.0,0,2,10.0,4.079942226409912,,arrive_dest
1052,mutation,3,mutation,brake_dist,,0,1,0,4,1,0,15.0,20.0,10.0,35.0,0,96,40.51551055908203,0.8595331908824543,,crash_vehicle
1053,fresh,6,fresh,,,0,0,0,18,0,1,10.0,20.0,5.0,35.0,3,49,9.215041160583496,0.9278335638192236,,out_of_road
1054,replay,6,replay,,,0,0,0,18,0,1,10.0,20.0,5.0,35.0,3,122,48.371036529541016,2.4726378390046415,,out_of_road
1055,fresh,3,fresh,,,0,1,1,4,1,0,20.0,5.0,10.0,20.0,1,39,-0.18130922317504883,0.5725928743680319,,out_of_road
1056,mutation,2,mutation,distractor_cars,,1,0,0,3,1,1,20.0,40.0,15.0,55.0,3,247,177.56005859375,7.454075501997944,,out_of_road
1057,fresh,4,fresh,,,0,0,0,8,1,0,20.0,40.0,5.0,55.0,2,205,109.69905853271484,4.523723182009488,,crash_vehicle
1058,crossover,4,crossover,,has_brake_checker|intersection_cars|has_cluster|maximum_distractor_speed|distance_to_nearest,2,0,0,8,0,1,10.0,10.0,5.0,10.0,1,43,6.161836624145508,0.20713605194590812,,crash_vehicle
1059,fresh,3,fresh,,,0,0,0,4,1,0,10.0,40.0,5.0,55.0,3,96,27.80596160888672,0.32513101398944855,,out_of_road
1060,crossover,6,crossover,,has_cluster|distance_to_nearest|brake_dist,3,0,0,18,1,0,20.0,10.0,15.0,55.0,3,81,24.22126579284668,1.523569048002914,,crash_vehicle
1061,fresh,0,fresh,,,0,1,1,0,1,0,5.0,10.0,15.0,20.0,0,288,200.34857177734375,7.366930464075671,,out_of_road
1062,mutation,2,mutation,cluster_dist,,1,0,0,3,1,1,5.0,40.0,5.0,55.0,3,144,57.86689758300781,1.8269849832480152,,out_of_road
1063,fresh,4,fresh,,,0,1,1,8,1,0,20.0,5.0,10.0,20.0,1,30,1.3654937744140625,0.2721778803349783,,crash_vehicle
1064,replay,4,replay,,,0,1,1,8,1,0,20.0,5.0,10.0,20.0,1,287,204.06544494628906,7.647682983700822,,out_of_road
1065,fresh,0,fresh,,,0,1,0,0,1,0,10.0,10.0,5.0,55.0,0,136,62.284637451171875,3.1944004078121746,,out_of_road
1066,crossover,0,crossover,,select_lane|ego_on_intersection|intersection_has_cars|distance_to_nearest|brake_dist,4,1,0,0,1,0,5.0,40.0,10.0,20.0,0,83,35.086280822753906,1.403060564434672,,out_of_road
1067,fresh,6,fresh,,,0,0,0,18,1,1,20.0,40.0,5.0,55.0,1,91,29.731525421142578,1.7185405433832943,,crash_vehicle
1068,crossover,1,crossover,,distractor_cars|has_brake_checker|intersection_cars|maximum_distractor_speed|distance_to_nearest|cluster_dist,5,1,0,2,1,1,20.0,20.0,10.0,35.0,0,101,42.67329025268555,1.2717543096825628,,crash_vehicle
1069,fresh,0,fresh,,,0,1,1,1,0,0,5.0,5.0,5.0,20.0,1,245,147.41676330566406,5.782166985954557,,out_of_road
1070,replay,0,replay,,,0,1,1,1,0,0,5.0,5.0,5.0,20.0,1,184,101.96603393554688,5.512663471148066,,out_of_road
1071,fresh,1,fresh,,,0,1,1,2,1,0,20.0,40.0,5.0,55.0,0,280,190.86903381347656,6.881603658784713,,out_of_road
1072,replay,1,replay,,,0,1,1,2,1,0,20.0,40.0,5.0,55.0,0,43,7.966197967529297,1.895484712581302,,crash_vehicle
1073,fresh,5,fresh,,,0,0,0,12,0,0,10.0,5.0,10.0,20.0,2,28,-0.23033761978149414,0.3362341762653419,,crash_vehicle
1074,replay,5,replay,,,0,0,0,12,0,0,10.0,5.0,10.0,20.0,2,85,33.283447265625,0.731798463007983,,crash_vehicle
1075,fresh,0,fresh,,,0,0,0,1,1,0,10.0,5.0,5.0,20.0,1,115,53.83314895629883,2.1418215708888098,,crash_vehicle
1076,crossover,0,crossover,,distractor_cars|intersection_cars|has_cluster|cluster_dist|brake_dist,5,0,0,1,1,1,20.0,5.0,15.0,55.0,1,95,44.34037399291992,1.941342702194264,,out_of_road
1077,fresh,0,fresh,,,0,1,1,1,0,0,15.0,10.0,5.0,35.0,1,139,70.4107437133789,5.150560160763829,,out_of_road
1078,replay,0,replay,,,0,1,1,1,0,0,15.0,10.0,5.0,35.0,1,115,50.890933990478516,3.0666627039727956,,out_of_road
1079,fresh,1,fresh,,,0,1,1,2,0,0,20.0,20.0,5.0,55.0,0,224,175.55264282226562,7.592695293681962,,crash_vehicle
1080,crossover,4,crossover,,select_lane|ego_on_intersection|intersection_has_cars|intersection_cars|distance_to_nearest|brake_dist,5,1,0,8,1,1,20.0,5.0,5.0,20.0,1,42,5.551114082336426,0.24911680675688244,,crash_vehicle
1081,fresh,0,fresh,,,0,0,0,1,1,0,5.0,40.0,5.0,55.0,1,98,34.536441802978516,0.5841575191945446,,out_of_road
1082,mutation,5,mutation,intersection_cars,,1,0,0,12,1,0,15.0,20.0,5.0,35.0,0,92,33.64216613769531,0.8841553120671407,,crash_vehicle
1083,fresh,3,fresh,,,0,1,0,4,1,0,15.0,40.0,15.0,55.0,3,90,33.39833068847656,0.5948602285650041,,out_of_road
1084,crossover,3,crossover,,has_brake_checker|has_cluster|maximum_distractor_speed|distance_to_nearest|cluster_dist|brake_dist,2,0,0,5,1,0,15.0,10.0,10.0,20.0,2,34,5.204463958740234,0.2382973502664005,,crash_vehicle
1085,fresh,3,fresh,,,0,0,0,4,0,0,5.0,40.0,15.0,55.0,0,101,42.074989318847656,1.4827275102091309,,crash_vehicle
1086,crossover,0,crossover,,has_brake_checker|maximum_distractor_speed|cluster_dist|brake_dist,4,1,1,0,1,0,15.0,40.0,15.0,55.0,0,171,97.10089111328125,3.519305576532208,,crash_vehicle
1087,fresh,0,fresh,,,0,0,0,0,0,0,15.0,40.0,10.0,10.0,0,250,167.67652893066406,5.22713443517685,,arrive_dest
1088,crossover,1,crossover,,select_lane|ego_on_intersection|intersection_has_cars|distractor_cars|has_cluster|maximum_distractor_speed|distance_to_nearest|cluster_dist,4,0,0,2,0,1,20.0,20.0,10.0,35.0,2,45,1.574986457824707,0.2708930757310655,,out_of_road
1089,fresh,0,fresh,,,0,0,0,1,1,0,5.0,10.0,10.0,35.0,1,102,39.8847541809082,0.34529708574215573,,out_of_road
1090,replay,0,replay,,,0,0,0,1,1,0,5.0,10.0,10.0,35.0,1,116,40.27599334716797,0.6137236197446955,,out_of_road
1091,fresh,3,fresh,,,0,0,0,5,1,0,5.0,5.0,10.0,35.0,3,42,-0.9261126518249512,0.37492279353595914,,out_of_road
1092,crossover,3,crossover,,has_cluster|maximum_distractor_speed|distance_to_nearest|brake_dist,3,1,1,5,0,0,20.0,40.0,15.0,20.0,3,96,47.44544219970703,1.3815592465301354,,crash_vehicle
1093,fresh,2,fresh,,,0,0,0,3,0,1,15.0,10.0,5.0,10.0,2,104,41.05558395385742,2.9267129201728563,,crash_vehicle
1094,crossover,5,crossover,,select_lane|ego_on_intersection|intersection_has_cars|distractor_cars,1,1,1,12,0,0,15.0,10.0,10.0,55.0,0,82,34.57154083251953,3.0794192250908874,,crash_vehicle
1095,fresh,5,fresh,,,0,0,0,12,0,1,5.0,10.0,10.0,55.0,2,36,4.818258285522461,0.26082611083984375,,crash_vehicle
1096,crossover,0,crossover,,has_brake_checker|intersection_cars,1,1,0,0,1,0,5.0,5.0,10.0,55.0,0,175,98.17581939697266,3.070996086341994,,crash_vehicle
1097,fresh,0,fresh,,,0,1,0,0,1,0,15.0,20.0,15.0,10.0,0,35,0.9134979248046875,0.48246691993304663,,out_of_road
1098,mutation,5,mutation,distractor_cars,,1,1,0,12,0,0,10.0,10.0,15.0,20.0,0,90,33.66846466064453,3.0463472121291693,,crash_vehicle
1099,fresh,1,fresh,,,0,1,1,2,1,1,20.0,40.0,15.0,55.0,1,28,-1.3911499977111816,0.23705950805119105,,out_of_road
1100,mutation,0,mutation,has_cluster,,0,1,1,0,1,0,5.0,10.0,15.0,20.0,0,82,32.08929443359375,1.1707622154456814,,out_of_road
1101,fresh,3,fresh,,,0,0,0,4,1,0,5.0,5.0,5.0,20.0,1,28,-0.4130702018737793,0.0346311160496303,,crash_vehicle
1102,mutation,0,mutation,has_brake_checker,,0,1,0,0,1,0,10.0,10.0,5.0,55.0,0,173,103.3520278930664,4.988191850957154,,crash_vehicle
1103,fresh,3,fresh,,,0,1,0,4,0,1,5.0,10.0,15.0,35.0,2,43,6.699862480163574,0.22259978360907975,,crash_vehicle
1104,mutation,1,mutation,distance_to_nearest,,0,1,1,2,0,1,20.0,10.0,10.0,35.0,2,99,44.089073181152344,2.2095019460627525,,out_of_road
1105,fresh,6,fresh,,,0,0,0,18,1,1,20.0,5.0,10.0,20.0,3,54,10.024942398071289,1.9963579531069156,,crash_vehicle
1106,mutation,5,mutation,brake_dist,,1,1,1,12,0,1,20.0,10.0,15.0,55.0,1,141,48.82470703125,2.862660191371931,,crash_vehicle
1107,fresh,4,fresh,,,0,0,0,8,0,0,5.0,5.0,15.0,10.0,0,62,11.006885528564453,4.762135969054315,,out_of_road
1108,crossover,0,crossover,,has_brake_checker|intersection_cars|has_cluster|distance_to_nearest|brake_dist,3,1,1,1,1,0,15.0,5.0,10.0,20.0,0,26,-0.2689085006713867,0.0,,crash_vehicle
1109,fresh,6,fresh,,,0,1,0,18,1,0,15.0,40.0,10.0,55.0,2,40,3.260655403137207,0.13092288970947266,,out_of_road
1110,replay,6,replay,,,0,1,0,18,1,0,15.0,40.0,10.0,55.0,2,42,1.452460765838623,0.31097807203020367,,out_of_road
1111,fresh,0,fresh,,,0,0,0,0,0,0,10.0,5.0,5.0,55.0,0,59,4.704738616943359,0.34098385148129223,,out_of_road
1112,replay,0,replay,,,0,0,0,0,0,0,10.0,5.0,5.0,55.0,0,74,13.498783111572266,0.14103111060889992,,out_of_road
1113,fresh,0,fresh,,,0,1,1,0,0,0,5.0,10.0,15.0,35.0,0,191,97.28348541259766,2.7598975405721142,,out_of_road
1114,crossover,0,crossover,,has_brake_checker|has_cluster|maximum_distractor_speed|cluster_dist|brake_dist,8,0,0,0,0,0,10.0,5.0,5.0,20.0,0,50,3.396603584289551,0.7763850307464599,rejection_fallback,out_of_road
1115,fresh,2,fresh,,,0,1,1,3,1,0,5.0,5.0,10.0,55.0,3,99,41.816524505615234,0.3103834627327895,,out_of_road
1116,replay,2,replay,,,0,1,1,3,1,0,5.0,5.0,10.0,55.0,3,123,43.57787322998047,1.943468703487055,,crash_vehicle
1117,fresh,3,fresh,,,0,0,0,4,1,0,5.0,20.0,10.0,35.0,0,35,1.2391653060913086,0.24021609170096261,,out_of_road
1118,replay,3,replay,,,0,0,0,4,1,0,5.0,20.0,10.0,35.0,0,39,2.5108280181884766,0.11946766193096454,,out_of_road
1119,fresh,1,fresh,,,0,0,0,2,0,0,5.0,10.0,10.0,10.0,0,43,5.256412506103516,2.574382967727129,,out_of_road
1120,replay,1,replay,,,0,0,0,2,0,0,5.0,10.0,10.0,10.0,0,54,4.522670745849609,0.2512207361007178,,out_of_road
1121,fresh,4,fresh,,,0,0,0,8,0,1,10.0,40.0,10.0,10.0,3,116,47.807403564453125,1.5552577026959122,,out_of_road
1122,replay,4,replay,,,0,0,0,8,0,1,10.0,40.0,10.0,10.0,3,80,30.541522979736328,0.5991689048707485,,out_of_road
1123,fresh,0,fresh,,,0,1,1,1,1,1,15.0,20.0,5.0,35.0,1,84,28.746795654296875,0.7043075518948692,,out_of_road
1124,mutation,5,mutation,has_brake_checker,,1,1,1,12,0,0,10.0,40.0,10.0,55.0,2,58,10.402443885803223,0.38039266652074355,,out_of_road
1125,fresh,1,fresh,,,0,1,1,2,1,1,5.0,5.0,10.0,35.0,1,24,-1.360581636428833,0.059473006365199886,,crash_vehicle
1126,replay,1,replay,,,0,1,1,2,1,1,5.0,5.0,10.0,35.0,1,34,-0.46895551681518555,0.3488447806414436,,out_of_road
1127,fresh,0,fresh,,,0,0,0,0,1,0,10.0,20.0,10.0,35.0,0,44,1.3607430458068848,0.10072427446191962,,out_of_road
1128,mutation,0,mutation,has_cluster,,0,1,1,0,0,0,5.0,40.0,10.0,55.0,0,52,0.6658024787902832,0.6669733512860078,,out_of_road
1129,fresh,0,fresh,,,0,0,0,0,1,0,15.0,40.0,5.0,10.0,0,116,45.99291229248047,2.7778625611601204,,crash_vehicle
1130,replay,0,replay,,,0,0,0,0,1,0,15.0,40.0,5.0,10.0,0,63,15.796178817749023,0.4886107998234885,,crash_vehicle
1131,fresh,0,fresh,,,0,1,1,1,1,1,15.0,20.0,15.0,35.0,1,94,31.128894805908203,0.24532763755067866,,out_of_road
1132,replay,0,replay,,,0,1,1,1,1,1,15.0,20.0,15.0,35.0,1,232,196.9506378173828,8.484039014911858,,out_of_road
1133,fresh,2,fresh,,,0,1,1,3,0,1,10.0,10.0,10.0,20.0,0,35,4.580251693725586,0.2914745330810547,,crash_vehicle
1134,mutation,3,mutation,maximum_distractor_speed,,0,1,0,4,1,1,20.0,20.0,15.0,35.0,3,45,2.467536449432373,0.2908617973327637,,out_of_road
1135,fresh,3,fresh,,,0,1,0,4,1,1,20.0,40.0,15.0,55.0,1,45,3.541792869567871,0.37007056342230904,,out_of_road
1136,crossover,3,crossover,,distractor_cars|has_brake_checker|intersection_cars|has_cluster|maximum_distractor_speed|distance_to_nearest|brake_dist,4,1,0,5,0,0,15.0,20.0,10.0,20.0,2,156,105.04798126220703,6.412062449332995,,crash_vehicle
1137,fresh,3,fresh,,,0,0,0,5,0,1,20.0,5.0,10.0,20.0,3,38,0.9886255264282227,1.1032860377117206,,out_of_road
1138,replay,3,replay,,,0,0,0,5,0,1,20.0,5.0,10.0,20.0,3,62,15.539356231689453,0.44158832800965153,,crash_vehicle
1139,fresh,0,fresh,,,0,1,0,0,0,0,20.0,20.0,10.0,35.0,0,47,6.933752059936523,0.67309696116346,,out_of_road
1140,mutation,5,mutation,cluster_dist,,0,1,0,12,0,1,5.0,40.0,10.0,55.0,2,86,25.414508819580078,1.1666937200135963,,out_of_road
1141,fresh,5,fresh,,,0,0,0,12,0,1,10.0,40.0,15.0,10.0,2,127,63.42729949951172,2.939302139394865,,out_of_road
1142,replay,5,replay,,,0,0,0,12,0,1,10.0,40.0,15.0,10.0,2,39,3.6041460037231445,0.08159401783576378,,out_of_road
1143,fresh,3,fresh,,,0,0,0,4,1,1,5.0,10.0,10.0,55.0,1,33,-0.6129927635192871,0.16026505782748712,,out_of_road
1144,replay,3,replay,,,0,0,0,4,1,1,5.0,10.0,10.0,55.0,1,118,53.399173736572266,1.8563885633218087,,crash_vehicle
1145,fresh,6,fresh,,,0,0,0,18,1,1,10.0,5.0,5.0,20.0,3,29,-0.10351276397705078,0.02726226017392915,,crash_vehicle
1146,crossover,0,crossover,,distractor_cars,2,1,1,0,0,0,5.0,5.0,5.0,20.0,0,78,31.235809326171875,0.3853718464573224,,out_of_road
1147,fresh,3,fresh,,,0,1,0,5,0,0,20.0,20.0,15.0,55.0,0,155,92.59484100341797,5.00360945809272,,out_of_road
1148,crossover,1,crossover,,select_lane|ego_on_intersection|intersection_has_cars|intersection_cars|has_cluster|distance_to_nearest|cluster_dist,5,1,1,2,0,1,20.0,5.0,5.0,35.0,2,58,8.726361274719238,0.3619432778194033,,out_of_road
1149,fresh,2,fresh,,,0,1,1,3,0,0,20.0,20.0,5.0,20.0,0,112,36.156558990478516,1.6945748494139738,,out_of_road
1150,replay,2,replay,,,0,1,1,3,0,0,20.0,20.0,5.0,20.0,0,142,71.76839447021484,3.116442765988095,,crash_vehicle
1151,fresh,3,fresh,,,0,0,0,5,1,1,10.0,40.0,10.0,55.0,3,92,19.95078468322754,1.5282496246306791,,out_of_road
1152,crossover,5,crossover,,select_lane|ego_on_intersection|intersection_has_cars|distractor_cars|has_brake_checker|intersection_cars|maximum_distractor_speed|distance_to_nearest|cluster_dist|brake_dist,6,1,0,12,0,1,20.0,20.0,5.0,35.0,1,59,13.470947265625,0.257329901396218,,crash_vehicle
1153,fresh,3,fresh,,,0,0,0,5,1,1,15.0,40.0,10.0,55.0,0,79,27.857715606689453,0.6939646880837935,,out_of_road
1154,crossover,1,crossover,,distractor_cars|maximum_distractor_speed|cluster_dist|brake_dist,1,0,0,2,1,0,20.0,20.0,5.0,55.0,0,144,82.33020782470703,3.4774869514836206,,crash_vehicle
1155,fresh,2,fresh,,,0,0,0,3,1,0,5.0,10.0,15.0,20.0,0,46,7.068155288696289,0.4987810545641443,,crash_vehicle
1156,mutation,3,mutation,select_road|select_lane|ego_on_intersection|intersection_has_cars,,3,1,1,5,0,1,20.0,5.0,10.0,20.0,3,25,-0.3424501419067383,0.04621598720550537,,crash_vehicle
1157,fresh,3,fresh,,,0,1,0,5,0,0,20.0,40.0,5.0,55.0,1,41,2.9980616569519043,0.29212077089199207,,out_of_road
1158,replay,3,replay,,,0,1,0,5,0,0,20.0,40.0,5.0,55.0,1,48,7.408527374267578,0.2327402432759603,,out_of_road
1159,fresh,2,fresh,,,0,1,0,3,1,1,15.0,40.0,15.0,55.0,3,85,26.49605941772461,0.24761923884644227,,out_of_road
1160,replay,2,replay,,,0,1,0,3,1,1,15.0,40.0,15.0,55.0,3,95,34.83710861206055,0.29024152912591633,,crash_vehicle
1161,fresh,6,fresh,,,0,1,0,18,1,0,15.0,5.0,5.0,20.0,3,24,-0.3670663833618164,0.339383602142334,,crash_vehicle
1162,replay,6,replay,,,0,1,0,18,1,0,15.0,5.0,5.0,20.0,3,125,62.626922607421875,4.73676904129982,,out_of_road
1163,fresh,2,fresh,,,0,0,0,3,1,0,5.0,10.0,5.0,20.0,2,62,12.06338882446289,1.1159081680159415,,crash_vehicle
1164,mutation,6,mutation,has_brake_checker,,0,1,0,18,1,0,5.0,40.0,5.0,55.0,1,43,3.715373992919922,0.35130141744779986,,out_of_road
1165,fresh,3,fresh,,,0,1,1,4,0,0,15.0,10.0,10.0,20.0,3,157,83.51835632324219,5.626430082093378,,crash_vehicle
1166,replay,3,replay,,,0,1,1,4,0,0,15.0,10.0,10.0,20.0,3,43,4.523674011230469,0.4962422688340032,,out_of_road
1167,fresh,2,fresh,,,0,1,0,3,0,1,15.0,10.0,15.0,20.0,2,37,0.8021345138549805,0.0,,out_of_road
1168,replay,2,replay,,,0,1,0,3,0,1,15.0,10.0,15.0,20.0,2,50,13.799520492553711,0.5956095241010189,,crash_vehicle
1169,fresh,5,fresh,,,0,1,0,12,1,0,5.0,40.0,15.0,55.0,0,30,-1.303391933441162,0.1274985949198405,,out_of_road
1170,replay,5,replay,,,0,1,0,12,1,0,5.0,40.0,15.0,55.0,0,112,41.91780090332031,0.9565341256425849,,out_of_road
1171,fresh,1,fresh,,,0,1,1,2,0,0,20.0,20.0,5.0,55.0,1,99,41.62709426879883,1.6819591066150954,,out_of_road
1172,replay,1,replay,,,0,1,1,2,0,0,20.0,20.0,5.0,55.0,1,82,36.07681655883789,1.0119328829573422,,out_of_road
1173,fresh,6,fresh,,,0,1,1,18,0,0,10.0,20.0,15.0,10.0,1,79,25.60839080810547,0.48951877823358847,,crash_vehicle
1174,crossover,5,crossover,,distractor_cars|intersection_cars|has_cluster|maximum_distractor_speed|cluster_dist,2,1,0,12,0,1,20.0,40.0,15.0,55.0,2,54,1.8620429039001465,0.32867929008271957,,out_of_road
1175,fresh,4,fresh,,,0,0,0,8,0,0,15.0,10.0,10.0,20.0,2,170,89.74197387695312,5.215959811736556,,out_of_road
1176,crossover,5,crossover,,has_brake_checker|distance_to_nearest|cluster_dist,2,1,0,12,1,1,5.0,10.0,15.0,20.0,1,39,5.324806213378906,0.2557947291777684,,crash_vehicle
1177,fresh,0,fresh,,,0,0,0,0,1,0,15.0,10.0,15.0,55.0,0,157,98.3764877319336,3.882399130968531,,crash_vehicle
1178,replay,0,replay,,,0,0,0,0,1,0,15.0,10.0,15.0,55.0,0,122,64.4095687866211,3.0601198013688697,,crash_vehicle
1179,fresh,3,fresh,,,0,1,0,5,1,0,20.0,40.0,15.0,55.0,1,144,92.5863265991211,5.258620635916789,,crash_vehicle
1180,crossover,1,crossover,,select_lane|ego_on_intersection|intersection_has_cars|intersection_cars|has_cluster|maximum_distractor_speed|distance_to_nearest|brake_dist,4,1,1,2,0,0,20.0,20.0,10.0,55.0,0,127,61.05785369873047,2.3207901093199497,,crash_vehicle
1181,fresh,4,fresh,,,0,1,0,8,0,1,5.0,40.0,15.0,20.0,0,93,31.716686248779297,0.4411414380996458,,out_of_road
1182,replay,4,replay,,,0,1,0,8,0,1,5.0,40.0,15.0,20.0,0,137,79.8330078125,3.139246222746633,,crash_vehicle
1183,fresh,2,fresh,,,0,0,0,3,0,1,5.0,40.0,5.0,35.0,3,45,2.6699953079223633,0.29244358274671767,,out_of_road
1184,crossover,2,crossover,,distractor_cars|has_brake_checker|intersection_cars|maximum_distractor_speed|cluster_dist|brake_dist,0,0,0,3,1,0,5.0,10.0,10.0,35.0,3,40,3.130398750305176,0.1622062012553215,,out_of_road
1185,fresh,4,fresh,,,0,1,0,8,0,1,15.0,10.0,10.0,10.0,2,57,11.804252624511719,1.3599143812530918,,crash_vehicle
1186,mutation,2,mutation,has_brake_checker,,0,0,0,3,0,1,20.0,10.0,10.0,20.0,0,51,10.310599327087402,1.0185832632522958,,crash_vehicle
1187,fresh,1,fresh,,,0,0,0,2,0,1,20.0,20.0,15.0,55.0,2,88,29.97150421142578,1.9593856114555488,,out_of_road
1188,crossover,0,crossover,,select_lane|ego_on_intersection|intersection_has_cars|distractor_cars|has_brake_checker|has_cluster|maximum_distractor_speed|distance_to_nearest|brake_dist,4,0,0,0,0,0,10.0,5.0,15.0,35.0,0,147,81.09146118164062,6.540872485459256,,out_of_road
1189,fresh,5,fresh,,,0,0,0,12,1,0,15.0,20.0,15.0,35.0,3,102,37.43376541137695,2.9446199159411823,,crash_vehicle
1190,crossover,1,crossover,,has_brake_checker|intersection_cars|maximum_distractor_speed|distance_to_nearest|cluster_dist|brake_dist,5,0,0,2,1,0,20.0,20.0,10.0,35.0,0,68,21.16094398498535,1.2427442115457619,,crash_vehicle
1191,fresh,0,fresh,,,0,1,0,0,0,0,20.0,40.0,15.0,10.0,0,32,-0.1383357048034668,0.1481856107711792,,out_of_road
1192,replay,0,replay,,,0,1,0,0,0,0,20.0,40.0,15.0,10.0,0,105,45.71347427368164,3.7846221815972103,,out_of_road
1193,fresh,3,fresh,,,0,1,0,5,1,1,5.0,40.0,5.0,55.0,0,103,20.519454956054688,0.954312814670859,,out_of_road
1194,crossover,1,crossover,,distractor_cars|has_brake_checker|intersection_cars|has_cluster|maximum_distractor_speed|cluster_dist,2,0,0,2,1,0,20.0,20.0,10.0,35.0,0,133,60.11383819580078,2.322164109382862,,crash_vehicle
1195,fresh,5,fresh,,,0,1,0,12,0,1,20.0,20.0,15.0,10.0,1,89,30.126785278320312,0.43940991749254504,,crash_vehicle
1196,crossover,5,crossover,,distractor_cars|intersection_cars|has_cluster|maximum_distractor_speed|distance_to_nearest|cluster_dist,3,1,1,12,0,0,10.0,10.0,10.0,55.0,2,46,4.84169864654541,1.4708055393851323,,out_of_road
1197,fresh,2,fresh,,,0,0,0,3,1,0,15.0,20.0,5.0,35.0,0,107,39.132083892822266,2.9474992066900305,,crash_vehicle
1198,replay,2,replay,,,0,0,0,3,1,0,15.0,20.0,5.0,35.0,0,168,110.1858139038086,7.340103576580684,,crash_vehicle
1199,fresh,3,fresh,,,0,0,0,5,0,1,15.0,10.0,15.0,10.0,2,42,5.056875228881836,0.9026569958244052,,crash_vehicle
1200,crossover,4,crossover,,distractor_cars|intersection_cars|distance_to_nearest|cluster_dist|brake_dist,2,1,1,8,1,0,20.0,40.0,10.0,55.0,1,139,58.10581970214844,3.6003924025048453,,out_of_road
1201,fresh,5,fresh,,,0,1,1,12,1,1,20.0,40.0,10.0,55.0,0,88,28.977840423583984,1.9810490066354924,,crash_vehicle
1202,replay,5,replay,,,0,1,1,12,1,1,20.0,40.0,10.0,55.0,0,92,32.70541000366211,1.8093351514443108,,out_of_road
1203,fresh,2,fresh,,,0,1,0,3,0,1,5.0,40.0,10.0,20.0,1,77,30.040950775146484,0.8085120175178949,,crash_vehicle
1204,crossover,1,crossover,,has_brake_checker|has_cluster|distance_to_nearest|brake_dist,2,0,0,2,1,1,20.0,40.0,5.0,55.0,0,85,26.924121856689453,0.31422853504910186,,crash_vehicle
1205,fresh,0,fresh,,,0,1,0,0,1,0,20.0,20.0,10.0,10.0,0,38,4.447654724121094,0.19882369355151527,,crash_vehicle
1206,mutation,3,mutation,has_cluster,,0,0,0,5,1,0,15.0,40.0,10.0,55.0,2,28,-1.0434386730194092,0.2978802408490862,,out_of_road
1207,fresh,4,fresh,,,0,0,0,8,0,0,10.0,5.0,10.0,10.0,2,38,4.829006195068359,1.2040871852322628,,crash_vehicle
1208,mutation,0,mutation,intersection_cars,,0,0,0,0,0,0,20.0,40.0,10.0,55.0,0,34,0.46649599075317383,0.2559672243454877,,out_of_road
1209,fresh,0,fresh,,,0,0,0,1,1,1,5.0,20.0,15.0,35.0,1,112,39.563846588134766,0.6883434900747878,,out_of_road
1210,mutation,1,mutation,has_cluster,,1,1,0,2,0,0,10.0,40.0,15.0,35.0,2,78,22.63318634033203,0.6286271122785715,,out_of_road
1211,fresh,0,fresh,,,0,0,0,0,0,0,5.0,10.0,5.0,55.0,0,134,48.804935455322266,3.627218048018751,,out_of_road
1212,crossover,4,crossover,,select_lane|ego_on_intersection|intersection_has_cars|has_brake_checker|intersection_cars|maximum_distractor_speed|distance_to_nearest,3,1,0,8,0,0,10.0,10.0,10.0,55.0,1,38,4.735019683837891,0.26061459591514186,,crash_vehicle
1213,fresh,6,fresh,,,0,1,0,18,0,1,15.0,20.0,5.0,10.0,3,57,11.037481307983398,0.3255358453382525,,crash_vehicle
1214,crossover,3,crossover,,select_lane|ego_on_intersection|intersection_has_cars|has_brake_checker|intersection_cars|maximum_distractor_speed|distance_to_nearest|brake_dist,7,0,0,5,1,1,20.0,40.0,5.0,55.0,3,97,39.7291259765625,1.9199516035846829,,out_of_road
1215,fresh,0,fresh,,,0,0,0,1,0,1,20.0,20.0,15.0,55.0,0,59,11.97694206237793,0.15687619225453522,,crash_vehicle
1216,replay,0,replay,,,0,0,0,1,0,1,20.0,20.0,15.0,55.0,0,120,68.62876892089844,3.7269664883613585,,crash_vehicle
1217,fresh,3,fresh,,,0,1,0,4,0,0,10.0,5.0,15.0,10.0,1,74,16.77397346496582,3.079973340034485,,crash_vehicle
1218,crossover,0,crossover,,has_brake_checker|intersection_cars|has_cluster|cluster_dist,1,1,0,0,0,0,10.0,10.0,10.0,20.0,0,91,39.553436279296875,0.6935352568443005,,out_of_road
1219,fresh,4,fresh,,,0,1,1,8,0,0,10.0,40.0,15.0,20.0,3,36,-0.7289547920227051,0.39735884136623806,,out_of_road
1220,crossover,2,crossover,,distractor_cars|has_cluster|maximum_distractor_speed|cluster_dist|brake_dist,3,1,1,3,0,1,20.0,10.0,15.0,55.0,3,34,2.52634859085083,0.0,,out_of_road
1221,fresh,3,fresh,,,0,1,1,4,1,1,5.0,5.0,15.0,20.0,1,45,5.331254005432129,0.8799252034889327,,crash_vehicle
1222,mutation,0,mutation,intersection_cars,,0,0,0,1,1,1,10.0,40.0,10.0,55.0,1,35,0.12252235412597656,0.3394178662981306,,out_of_road
1223,fresh,5,fresh,,,0,0,0,12,1,1,15.0,40.0,10.0,55.0,1,77,33.07637023925781,0.20046649041113915,,crash_vehicle
1224,mutation,3,mutation,maximum_distractor_speed,,1,1,1,5,0,0,10.0,20.0,10.0,20.0,3,77,28.029499053955078,0.7226990923866049,,crash_vehicle
1225,fresh,6,fresh,,,0,0,0,18,0,1,15.0,40.0,10.0,20.0,1,91,31.458690643310547,0.3255278618781121,,crash_vehicle
1226,mutation,0,mutation,intersection_cars,,0,0,0,0,1,0,5.0,40.0,5.0,10.0,0,38,5.6702470779418945,0.24764517733925268,,crash_vehicle
1227,fresh,5,fresh,,,0,0,0,12,0,1,5.0,40.0,15.0,20.0,1,34,0.8975858688354492,0.6941193131839528,,out_of_road
1228,crossover,1,crossover,,select_lane|ego_on_intersection|intersection_has_cars|has_brake_checker|intersection_cars|cluster_dist,5,0,0,2,1,0,20.0,40.0,10.0,55.0,0,32,-0.7879066467285156,0.1746237874031067,,out_of_road
1229,fresh,0,fresh,,,0,1,0,0,1,0,5.0,40.0,15.0,10.0,0,67,17.365964889526367,0.6587097115481078,,crash_vehicle
1230,crossover,0,crossover,,select_lane|ego_on_intersection|intersection_has_cars|has_brake_checker|intersection_cars,2,0,0,0,1,0,10.0,5.0,5.0,20.0,0,29,-8.678662300109863,0.0,,out_of_road
1231,fresh,2,fresh,,,0,0,0,3,1,0,15.0,20.0,5.0,35.0,1,76,21.079120635986328,0.5470624628819918,,crash_vehicle
1232,replay,2,replay,,,0,0,0,3,1,0,15.0,20.0,5.0,35.0,1,27,-2.002326011657715,0.22001815725255897,,out_of_road
1233,fresh,0,fresh,,,0,1,1,1,0,0,15.0,5.0,10.0,20.0,0,55,8.332297325134277,4.182516657222401,,out_of_road
1234,mutation,6,mutation,maximum_distractor_speed,,0,1,1,18,1,0,20.0,20.0,10.0,35.0,0,61,15.392946243286133,0.3936865622880029,,crash_vehicle
1235,fresh,2,fresh,,,0,1,0,3,1,0,20.0,10.0,10.0,35.0,0,87,33.284095764160156,1.6374205525579124,,crash_vehicle
1236,crossover,2,crossover,,select_lane|ego_on_intersection|intersection_has_cars|distractor_cars|has_brake_checker|has_cluster|cluster_dist|brake_dist,3,0,0,3,1,0,20.0,40.0,10.0,55.0,3,97,42.66466522216797,1.595946093502733,,out_of_road
1237,fresh,0,fresh,,,0,0,0,0,0,0,5.0,20.0,15.0,35.0,0,42,1.68408203125,0.21593906765892393,,out_of_road
1238,crossover,1,crossover,,select_lane|ego_on_intersection|intersection_has_cars|intersection_cars|has_cluster|distance_to_nearest|cluster_dist,5,0,0,2,1,0,5.0,40.0,15.0,55.0,2,140,63.55979919433594,3.131956434994936,,out_of_road
1239,fresh,0,fresh,,,0,0,0,1,1,0,15.0,20.0,5.0,35.0,0,95,35.382171630859375,0.944965242359199,,crash_vehicle
1240,crossover,3,crossover,,select_lane|ego_on_intersection|intersection_has_cars|distractor_cars|has_brake_checker|intersection_cars|has_cluster|distance_to_nearest|cluster_dist,6,0,0,4,0,1,15.0,20.0,10.0,55.0,1,53,6.067379951477051,1.128730467186784,,out_of_road
1241,fresh,0,fresh,,,0,0,0,1,1,0,15.0,20.0,5.0,55.0,1,99,28.560623168945312,0.4617598791315098,,out_of_road
1242,mutation,6,mutation,brake_dist,,0,0,0,18,1,1,15.0,40.0,5.0,55.0,3,52,2.3957462310791016,0.12157963789426364,,out_of_road
1243,fresh,3,fresh,,,0,0,0,5,0,0,20.0,20.0,15.0,35.0,0,13,11.555145263671875,1.7294129775120661,,arrive_dest
1244,replay,3,replay,,,0,0,0,5,0,0,20.0,20.0,15.0,35.0,0,164,92.68741607666016,5.800039996824613,,out_of_road
1245,fresh,3,fresh,,,0,0,0,5,1,0,5.0,5.0,15.0,20.0,1,28,-2.627398729324341,0.40889051663024084,,out_of_road
1246,crossover,2,crossover,,select_lane|ego_on_intersection|intersection_has_cars|has_brake_checker|intersection_cars|cluster_dist,5,0,0,3,1,1,15.0,5.0,15.0,55.0,3,178,88.27427673339844,2.8369024969804824,,crash_vehicle
1247,fresh,1,fresh,,,0,0,0,2,1,1,10.0,40.0,15.0,55.0,2,43,0.23520231246948242,0.11459057830100836,,out_of_road
1248,mutation,3,mutation,select_road|select_lane|ego_on_intersection|intersection_has_cars,,2,1,0,4,0,0,5.0,20.0,15.0,35.0,2,52,8.898635864257812,1.113789015664504,,out_of_road
1249,fresh,0,fresh,,,0,1,0,1,1,1,5.0,10.0,5.0,55.0,1,99,45.915157318115234,0.8554547855047264,,out_of_road
1250,replay,0,replay,,,0,1,0,1,1,1,5.0,10.0,5.0,55.0,1,75,23.020627975463867,1.8043558144569396,,crash_vehicle
1251,fresh,5,fresh,,,0,1,1,12,1,0,10.0,40.0,10.0,55.0,1,107,51.911014556884766,1.1832322071645862,,crash_vehicle
1252,crossover,0,crossover,,has_brake_checker|has_cluster|cluster_dist,2,1,1,0,0,0,5.0,10.0,10.0,20.0,0,46,5.263947486877441,0.27323285587455914,,out_of_road
1253,fresh,3,fresh,,,0,0,0,5,1,1,5.0,5.0,5.0,20.0,1,25,-0.2685518264770508,0.0,,crash_vehicle
1254,crossover,0,crossover,,select_lane|ego_on_intersection|intersection_has_cars|distractor_cars|has_brake_checker|has_cluster|cluster_dist,4,1,1,1,0,1,5.0,40.0,10.0,10.0,0,39,2.8033180236816406,0.16094142962724733,,out_of_road
1255,fresh,0,fresh,,,0,1,1,1,0,0,20.0,5.0,10.0,55.0,1,129,64.59861755371094,3.963734052902044,,out_of_road
1256,replay,0,replay,,,0,1,1,1,0,0,20.0,5.0,10.0,55.0,1,101,45.55567169189453,3.797533475231416,,crash_vehicle
1257,fresh,0,fresh,,,0,1,0,0,1,0,5.0,10.0,15.0,20.0,0,107,50.82738494873047,1.3872911503938872,,crash_vehicle
1258,replay,0,replay,,,0,1,0,0,1,0,5.0,10.0,15.0,20.0,0,253,170.4456787109375,5.905603775629413,,out_of_road
1259,fresh,4,fresh,,,0,0,0,8,1,1,10.0,40.0,15.0,55.0,1,40,0.8247942924499512,0.3836872100830078,,out_of_road
1260,crossover,0,crossover,,select_lane|ego_on_intersection|intersection_has_cars|distractor_cars|has_cluster,5,1,1,1,1,0,20.0,5.0,15.0,20.0,0,24,-0.4505176544189453,0.0,,crash_vehicle
1261,fresh,0,fresh,,,0,0,0,1,0,1,5.0,40.0,5.0,35.0,0,86,26.799829483032227,0.4832629304985667,,out_of_road
1262,replay,0,replay,,,0,0,0,1,0,1,5.0,40.0,5.0,35.0,0,125,63.23396301269531,5.017821391582489,,crash_vehicle
1263,fresh,3,fresh,,,0,0,0,4,0,0,5.0,40.0,15.0,10.0,3,35,1.0404767990112305,0.6596888405936104,,out_of_road
1264,mutation,0,mutation,has_cluster,,0,0,0,1,0,1,20.0,10.0,10.0,10.0,1,105,37.440250396728516,0.48270164401758286,,out_of_road
1265,fresh,0,fresh,,,0,0,0,1,1,0,15.0,40.0,15.0,55.0,1,150,97.32128143310547,4.215857069293658,,crash_vehicle
1266,mutation,1,mutation,intersection_cars,,1,0,0,2,1,1,20.0,20.0,5.0,35.0,2,130,72.61221313476562,2.408377923988379,,crash_vehicle
1267,fresh,3,fresh,,,0,1,1,5,0,0,10.0,10.0,10.0,35.0,3,253,122.23768615722656,5.660894329898913,,out_of_road
1268,crossover,1,crossover,,select_lane|ego_on_intersection|intersection_has_cars|distance_to_nearest|cluster_dist,2,0,0,2,1,1,20.0,20.0,10.0,35.0,0,82,21.198637008666992,1.5400831557628585,,crash_vehicle
1269,fresh,0,fresh,,,0,0,0,0,1,0,20.0,5.0,15.0,10.0,0,70,21.579833984375,1.3896745256015233,,crash_vehicle
1270,crossover,6,crossover,,select_lane|ego_on_intersection|intersection_has_cars|distractor_cars|intersection_cars|has_cluster|maximum_distractor_speed,6,1,1,18,1,0,15.0,10.0,15.0,35.0,3,62,15.85378646850586,1.7721901502340072,,crash_vehicle
1271,fresh,4,fresh,,,0,1,1,8,0,1,15.0,20.0,15.0,10.0,1,56,18.660741806030273,0.38503735406058176,,crash_vehicle
1272,replay,4,replay,,,0,1,1,8,0,1,15.0,20.0,15.0,10.0,1,94,38.86656188964844,2.6897321997329278,,out_of_road
1273,fresh,3,fresh,,,0,1,0,5,0,0,15.0,40.0,15.0,20.0,1,38,2.101961612701416,0.14553935649363617,,out_of_road
1274,replay,3,replay,,,0,1,0,5,0,0,15.0,40.0,15.0,20.0,1,95,32.76976013183594,0.5225931980892231,,out_of_road
1275,fresh,2,fresh,,,0,0,0,3,1,0,15.0,40.0,10.0,55.0,3,33,-0.9460902214050293,0.1668475324457342,,out_of_road
1276,crossover,5,crossover,,distractor_cars|has_brake_checker|brake_dist,1,0,0,12,1,0,20.0,10.0,5.0,35.0,1,51,11.652894973754883,0.20211471938619427,,crash_vehicle
1277,fresh,3,fresh,,,0,0,0,4,1,1,15.0,20.0,15.0,55.0,3,135,76.88459777832031,4.1953084287820035,,crash_vehicle
1278,replay,3,replay,,,0,0,0,4,1,1,15.0,20.0,15.0,55.0,3,78,33.152854919433594,0.4559210066994031,,crash_vehicle
1279,fresh,0,fresh,,,0,0,0,1,0,1,10.0,5.0,10.0,55.0,1,200,130.46080017089844,4.724458703100681,,out_of_road
1280,crossover,3,crossover,,distractor_cars|has_brake_checker|has_cluster|maximum_distractor_speed|brake_dist,2,1,1,5,0,0,15.0,20.0,10.0,35.0,3,91,40.59468460083008,1.2706825199362997,,out_of_road
1281,fresh,5,fresh,,,0,1,0,12,0,0,15.0,40.0,5.0,55.0,3,40,1.7352986335754395,0.21766493525356054,,out_of_road
1282,replay,5,replay,,,0,1,0,12,0,0,15.0,40.0,5.0,55.0,3,165,90.07245635986328,5.6755106362429535,,out_of_road
1283,fresh,3,fresh,,,0,0,0,5,1,0,20.0,5.0,15.0,55.0,3,25,-1.9107236862182617,0.2916406607627869,,crash_vehicle
1284,replay,3,replay,,,0,0,0,5,1,0,20.0,5.0,15.0,55.0,3,138,57.572837829589844,3.0670447664848273,,out_of_road
1285,fresh,3,fresh,,,0,1,1,5,0,1,15.0,40.0,15.0,10.0,0,137,81.03762817382812,4.9732585422096465,,crash_vehicle
1286,mutation,4,mutation,intersection_cars,,1,1,0,8,0,1,5.0,20.0,5.0,20.0,2,52,14.582294464111328,0.3982114791870117,,crash_vehicle
1287,fresh,0,fresh,,,0,0,0,1,0,0,5.0,20.0,5.0,10.0,0,41,3.9843502044677734,0.6448231913694521,,out_of_road
1288,mutation,2,mutation,maximum_distractor_speed,,1,0,0,3,0,0,10.0,40.0,10.0,20.0,0,165,84.17501831054688,3.2256332617817502,,out_of_road
1289,fresh,1,fresh,,,0,1,1,2,0,0,20.0,20.0,5.0,20.0,2,134,54.66240310668945,2.965577686122104,,out_of_road
1290,mutation,0,mutation,distance_to_nearest,,1,1,0,0,0,0,5.0,40.0,5.0,10.0,0,158,97.49185180664062,3.637220927054369,,out_of_road
1291,fresh,4,fresh,,,0,0,0,8,1,0,15.0,10.0,15.0,55.0,0,51,27.436918258666992,5.098686695098877,,arrive_dest
1292,crossover,1,crossover,,select_lane|ego_on_intersection|intersection_has_cars|distractor_cars|has_brake_checker|has_cluster|distance_to_nearest|cluster_dist,2,0,0,2,1,0,20.0,20.0,10.0,55.0,0,107,50.31230545043945,1.7889866316429923,,out_of_road
1293,fresh,6,fresh,,,0,1,0,18,1,0,5.0,10.0,10.0,35.0,2,38,0.7702288627624512,0.0,,out_of_road
1294,mutation,0,mutation,intersection_cars,,0,1,1,1,1,1,10.0,40.0,15.0,55.0,1,37,0.8949089050292969,0.31852335221058614,,out_of_road
1295,fresh,3,fresh,,,0,1,0,5,0,0,10.0,5.0,15.0,35.0,3,106,43.64748764038086,5.789687991142273,,out_of_road
1296,mutation,5,mutation,intersection_cars,,1,0,0,12,0,0,20.0,10.0,5.0,20.0,3,283,224.75657653808594,8.715230065078702,,crash_vehicle
1297,fresh,3,fresh,,,0,0,0,4,1,1,10.0,20.0,15.0,35.0,3,148,46.74153137207031,3.3498624538046284,,out_of_road
1298,mutation,0,mutation,distance_to_nearest,,1,1,0,0,1,0,5.0,10.0,10.0,55.0,0,43,5.244869232177734,0.7027009115662686,,out_of_road
1299,fresh,6,fresh,,,0,0,0,18,1,0,15.0,40.0,10.0,55.0,2,118,73.40970611572266,5.072714008012061,,crash_vehicle
1300,mutation,3,mutation,distractor_cars,,1,0,0,4,0,0,10.0,10.0,10.0,10.0,2,77,30.792644500732422,4.038880666355034,,crash_vehicle
1301,fresh,6,fresh,,,0,1,1,18,1,1,10.0,20.0,5.0,35.0,0,68,15.791179656982422,0.45569418546031504,,crash_vehicle
1302,replay,6,replay,,,0,1,1,18,1,1,10.0,20.0,5.0,35.0,0,133,64.58101654052734,3.1722822229665026,,crash_vehicle
1303,fresh,2,fresh,,,0,1,1,3,0,0,5.0,5.0,10.0,35.0,1,34,0.6517977714538574,0.5797174082082861,,crash_vehicle
1304,replay,2,replay,,,0,1,1,3,0,0,5.0,5.0,10.0,35.0,1,92,38.7755126953125,1.5122817100390145,,crash_vehicle
1305,fresh,3,fresh,,,0,0,0,4,1,1,20.0,20.0,5.0,35.0,0,54,12.888936996459961,0.39176199171278214,,crash_vehicle
1306,crossover,0,crossover,,select_lane|ego_on_intersection|intersection_has_cars|has_cluster|cluster_dist|brake_dist,3,1,0,1,0,0,5.0,5.0,15.0,20.0,1,47,7.491421699523926,1.337255488684837,,out_of_road
1307,fresh,6,fresh,,,0,0,0,18,1,1,5.0,5.0,5.0,20.0,0,28,-0.5131740570068359,0.0,,crash_vehicle
1308,mutation,1,mutation,distance_to_nearest,,1,0,0,2,1,0,20.0,10.0,10.0,35.0,0,103,46.69156265258789,3.920454974313384,,out_of_road
1309,fresh,3,fresh,,,0,0,0,4,0,0,10.0,5.0,5.0,35.0,2,99,40.5628776550293,5.822558154060383,,crash_vehicle
1310,crossover,0,crossover,,select_lane|ego_on_intersection|intersection_has_cars|intersection_cars|has_cluster|maximum_distractor_speed|brake_dist,7,1,1,1,0,0,5.0,10.0,10.0,20.0,0,53,12.660606384277344,0.3928026871861152,,crash_vehicle
1311,fresh,2,fresh,,,0,1,0,3,0,1,10.0,40.0,5.0,20.0,1,81,31.302688598632812,0.4745206832885742,,crash_vehicle
1312,replay,2,replay,,,0,1,0,3,0,1,10.0,40.0,5.0,20.0,1,89,38.300621032714844,0.44029827633600555,,out_of_road
1313,fresh,3,fresh,,,0,1,1,5,1,0,5.0,5.0,5.0,20.0,2,26,0.1017465591430664,0.03587429340069111,,crash_vehicle
1314,mutation,6,mutation,cluster_dist,,1,0,0,18,1,0,15.0,40.0,5.0,55.0,2,162,73.4135971069336,3.4254239420464008,,out_of_road
1315,fresh,4,fresh,,,0,1,1,8,1,0,20.0,20.0,15.0,35.0,1,99,37.34540557861328,0.616769821731129,,crash_vehicle
1316,mutation,0,mutation,intersection_cars,,0,1,1,1,0,0,15.0,10.0,5.0,35.0,1,243,149.41384887695312,6.464240291972219,,out_of_road
1317,fresh,6,fresh,,,0,1,1,18,0,1,20.0,10.0,5.0,20.0,2,44,9.355586051940918,0.6262738948518579,,crash_vehicle
1318,replay,6,replay,,,0,1,1,18,0,1,20.0,10.0,5.0,20.0,2,104,40.327781677246094,2.872954991574471,,crash_vehicle
1319,fresh,0,fresh,,,0,1,0,1,0,0,10.0,40.0,5.0,10.0,0,64,13.30781364440918,0.6647788882255554,,out_of_road
1320,crossover,0,crossover,,select_lane|ego_on_intersection|intersection_has_cars|distractor_cars|brake_dist,2,1,0,1,0,0,20.0,20.0,5.0,55.0,0,119,51.50917434692383,3.2311120709451306,,out_of_road
1321,fresh,3,fresh,,,0,1,1,5,1,1,5.0,5.0,15.0,20.0,3,28,-0.08870553970336914,0.0803760119846889,,crash_vehicle
1322,replay,3,replay,,,0,1,1,5,1,1,5.0,5.0,15.0,20.0,3,284,194.74972534179688,7.229369648325611,,out_of_road
1323,fresh,6,fresh,,,0,0,0,18,0,1,10.0,5.0,5.0,55.0,3,28,0.9061999320983887,0.050953684108597894,,crash_vehicle
1324,mutation,1,mutation,distance_to_nearest,,1,1,0,2,0,0,20.0,10.0,15.0,35.0,2,58,10.536872863769531,1.48285694471721,,out_of_road
1325,fresh,2,fresh,,,0,1,0,3,0,0,10.0,20.0,15.0,55.0,0,144,76.88309478759766,2.8295145543913045,,crash_vehicle
1326,mutation,4,mutation,has_brake_checker,,0,0,0,8,1,1,10.0,20.0,15.0,35.0,1,40,5.573522567749023,0.3394122004508972,,out_of_road
1327,fresh,0,fresh,,,0,0,0,1,1,0,20.0,20.0,10.0,35.0,1,121,63.298545837402344,3.720567685144007,,crash_vehicle
1328,mutation,5,mutation,distractor_cars,,1,0,0,12,1,0,15.0,20.0,15.0,35.0,3,94,42.50403594970703,1.2796896987773003,,crash_vehicle
1329,fresh,6,fresh,,,0,1,1,18,1,1,20.0,20.0,15.0,35.0,1,59,12.817541122436523,0.8826916702723099,,crash_vehicle
1330,mutation,0,mutation,select_road|select_lane|ego_on_intersection|intersection_has_cars,,2,1,1,0,0,0,20.0,20.0,5.0,55.0,0,221,149.3546142578125,5.04763192302501,,out_of_road
1331,fresh,6,fresh,,,0,0,0,18,0,1,20.0,10.0,15.0,10.0,3,50,10.688468933105469,0.7676665550470352,,crash_vehicle
1332,mutation,1,mutation,has_cluster,,1,0,0,2,1,1,5.0,40.0,15.0,55.0,2,65,17.67006492614746,2.0048363199600807,,out_of_road
1333,fresh,0,fresh,,,0,0,0,1,0,0,5.0,5.0,15.0,20.0,1,55,12.634035110473633,1.3844982049681924,,out_of_road
1334,mutation,1,mutation,has_brake_checker,,1,0,0,2,0,1,20.0,20.0,5.0,35.0,0,54,15.467041015625,0.36726450037073205,,crash_vehicle
1335,fresh,3,fresh,,,0,0,0,5,0,0,15.0,5.0,15.0,10.0,0,30,1.0834126472473145,0.08761499983568986,,crash_vehicle
1336,crossover,0,crossover,,distractor_cars|intersection_cars|has_cluster|distance_to_nearest,1,1,1,0,0,0,5.0,5.0,10.0,55.0,0,141,67.17342376708984,1.5515549394255834,,out_of_road
1337,fresh,0,fresh,,,0,1,1,1,1,0,20.0,20.0,15.0,35.0,1,89,36.68547439575195,0.3052624554865146,,out_of_road
1338,crossover,5,crossover,,distractor_cars|intersection_cars|distance_to_nearest,1,0,0,12,1,1,15.0,10.0,10.0,55.0,1,35,1.2079205513000488,0.1270305906023298,,out_of_road
1339,fresh,4,fresh,,,0,1,0,8,0,0,5.0,10.0,15.0,20.0,1,75,20.34807014465332,2.162996630072594,,crash_vehicle
1340,replay,4,replay,,,0,1,0,8,0,0,5.0,10.0,15.0,20.0,1,180,110.39301300048828,5.718320529659589,,out_of_road
1341,fresh,3,fresh,,,0,0,0,4,0,1,20.0,10.0,15.0,10.0,3,123,37.21273422241211,3.063245014931128,,out_of_road
1342,crossover,3,crossover,,select_lane|ego_on_intersection|intersection_has_cars|distractor_cars|intersection_cars|cluster_dist,3,1,1,5,1,1,10.0,20.0,15.0,55.0,0,84,34.26786804199219,0.8406864227283568,,crash_vehicle
1343,fresh,2,fresh,,,0,0,0,3,0,1,20.0,20.0,15.0,35.0,2,30,-0.889216423034668,0.22569313049316406,,crash_vehicle
1344,crossover,1,crossover,,select_lane|ego_on_intersection|intersection_has_cars|intersection_cars|has_cluster|distance_to_nearest|cluster_dist,3,0,0,2,0,0,20.0,20.0,10.0,55.0,0,133,67.12532806396484,2.4184336900935137,,crash_vehicle
1345,fresh,0,fresh,,,0,1,0,0,1,0,20.0,10.0,10.0,20.0,0,58,10.274819374084473,0.6806415712525105,,out_of_road
1346,replay,0,replay,,,0,1,0,0,1,0,20.0,10.0,10.0,20.0,0,101,41.92117691040039,2.5201295829645476,,out_of_road
1347,fresh,1,fresh,,,0,0,0,2,0,0,10.0,20.0,5.0,10.0,2,112,60.92054748535156,2.0203168257804855,,out_of_road
1348,mutation,6,mutation,distractor_cars,,1,1,1,18,0,0,15.0,20.0,10.0,55.0,0,57,15.507205963134766,0.43944378903037623,,crash_vehicle
1349,fresh,5,fresh,,,0,1,1,12,1,1,20.0,40.0,5.0,55.0,1,98,33.948246002197266,0.2737458602202182,,crash_vehicle
1350,replay,5,replay,,,0,1,1,12,1,1,20.0,40.0,5.0,55.0,1,104,37.51007080078125,1.1035836157747185,,out_of_road
1351,fresh,3,fresh,,,0,1,0,5,1,1,15.0,40.0,10.0,55.0,2,97,40.172183990478516,0.6262080729314962,,out_of_road
1352,mutation,0,mutation,has_cluster,,0,1,1,0,1,0,5.0,20.0,15.0,10.0,0,87,31.621349334716797,2.030877459323269,,crash_vehicle
1353,fresh,2,fresh,,,0,0,0,3,1,0,5.0,5.0,5.0,35.0,0,28,1.145064353942871,0.1405537836253643,,crash_vehicle
1354,replay,2,replay,,,0,0,0,3,1,0,5.0,5.0,5.0,35.0,0,139,86.52071380615234,3.2315746863111317,,crash_vehicle
1355,fresh,3,fresh,,,0,0,0,4,0,1,15.0,5.0,15.0,35.0,1,31,-1.2386775016784668,0.003355953001206921,,crash_vehicle
1356,replay,3,replay,,,0,0,0,4,0,1,15.0,5.0,15.0,35.0,1,36,4.958979606628418,0.2629350556267632,,crash_vehicle
1357,fresh,0,fresh,,,0,1,1,0,1,0,5.0,20.0,15.0,55.0,0,108,38.92583465576172,0.5168451508162198,,out_of_road
1358,mutation,0,mutation,select_road|select_lane|ego_on_intersection|intersection_has_cars,,1,0,0,1,1,0,15.0,40.0,5.0,55.0,1,53,11.63241195678711,0.3809151671967416,,out_of_road
1359,fresh,0,fresh,,,0,1,1,0,1,0,15.0,40.0,15.0,55.0,0,125,58.90207290649414,4.28090074968338,,out_of_road
1360,crossover,2,crossover,,distractor_cars|has_brake_checker|has_cluster|brake_dist,1,0,0,3,1,1,5.0,5.0,15.0,55.0,3,148,50.45596694946289,2.129585400223732,,out_of_road
1361,fresh,0,fresh,,,0,1,1,0,1,0,10.0,20.0,15.0,55.0,0,102,34.431121826171875,0.7460955099440089,,out_of_road
1362,mutation,0,mutation,distance_to_nearest,,8,0,0,0,0,0,10.0,5.0,5.0,20.0,0,24,-6.766029357910156,0.0,rejection_fallback,out_of_road
1363,fresh,0,fresh,,,0,0,0,1,1,1,10.0,10.0,15.0,20.0,0,47,6.135904312133789,0.3327574831374148,,crash_vehicle
1364,mutation,4,mutation,distractor_cars,,1,0,0,8,0,1,20.0,20.0,10.0,10.0,1,55,15.081787109375,0.5068494319915772,,crash_vehicle
1365,fresh,1,fresh,,,0,0,0,2,0,1,5.0,40.0,15.0,55.0,2,107,45.792137145996094,1.2888592567956336,,crash_vehicle
1366,replay,1,replay,,,0,0,0,2,0,1,5.0,40.0,15.0,55.0,2,126,70.11184692382812,2.8470008153290975,,crash_vehicle
1367,fresh,5,fresh,,,0,0,0,12,1,1,20.0,40.0,15.0,55.0,3,113,56.93700408935547,2.0360767930350474,,crash_vehicle
1368,crossover,6,crossover,,distractor_cars|intersection_cars|maximum_distractor_speed|distance_to_nearest|cluster_dist,3,0,0,18,0,0,10.0,20.0,15.0,20.0,1,52,23.23956298828125,0.4254311965062068,,arrive_dest
1369,fresh,3,fresh,,,0,0,0,4,1,0,20.0,20.0,5.0,35.0,0,45,3.75960636138916,0.38393972913424174,,out_of_road
1370,mutation,0,mutation,distance_to_nearest,,1,1,1,1,0,0,15.0,5.0,5.0,35.0,1,163,95.60836029052734,5.148708863492392,,out_of_road
1371,fresh,2,fresh,,,0,1,1,3,1,0,15.0,10.0,15.0,55.0,1,52,8.119816780090332,2.07100796011778,,out_of_road
1372,replay,2,replay,,,0,1,1,3,1,0,15.0,10.0,15.0,55.0,1,55,14.18856430053711,3.014876002615148,,crash_vehicle
1373,fresh,6,fresh,,,0,1,1,18,1,1,15.0,40.0,10.0,55.0,0,94,37.90422439575195,0.6406534072408017,,crash_vehicle
1374,crossover,2,crossover,,distractor_cars|maximum_distractor_speed|cluster_dist|brake_dist,1,0,0,3,1,1,20.0,40.0,15.0,55.0,0,149,87.11792755126953,3.5568586983936745,,crash_vehicle
1375,fresh,3,fresh,,,0,1,1,5,0,0,20.0,20.0,10.0,35.0,0,113,53.74070739746094,2.543162627821475,,out_of_road
1376,replay,3,replay,,,0,1,1,5,0,0,20.0,20.0,10.0,35.0,0,54,11.142515182495117,1.0475060879080385,,out_of_road
1377,fresh,6,fresh,,,0,1,0,18,1,1,10.0,40.0,5.0,55.0,2,80,30.447242736816406,0.6116883249022067,,crash_vehicle
1378,mutation,1,mutation,has_cluster,,0,1,1,2,0,0,20.0,20.0,5.0,55.0,0,43,2.939030170440674,0.1702969205933948,,out_of_road
1379,fresh,5,fresh,,,0,1,1,12,0,0,15.0,20.0,10.0,35.0,0,105,57.60044860839844,3.256493945916494,,crash_vehicle
1380,replay,5,replay,,,0,1,1,12,0,0,15.0,20.0,10.0,35.0,0,128,67.65763092041016,2.3142197223496623,,out_of_road
1381,fresh,3,fresh,,,0,1,0,5,1,0,5.0,20.0,5.0,55.0,2,50,6.435347557067871,0.7582515649497509,,out_of_road
1382,replay,3,replay,,,0,1,0,5,1,0,5.0,20.0,5.0,55.0,2,265,185.9945068359375,7.2515365887363,,out_of_road
1383,fresh,3,fresh,,,0,1,0,5,1,0,15.0,20.0,15.0,35.0,3,245,195.13003540039062,9.107649893420083,,arrive_dest
1384,crossover,2,crossover,,distractor_cars|intersection_cars|has_cluster|maximum_distractor_speed|brake_dist,0,1,0,3,0,0,10.0,20.0,15.0,55.0,0,87,27.021434783935547,0.5452141617906505,,out_of_road
1385,fresh,5,fresh,,,0,0,0,12,0,0,5.0,5.0,10.0,10.0,3,47,0.2545766830444336,0.33416877211408413,,crash_vehicle
1386,mutation,3,mutation,maximum_distractor_speed,,0,1,1,5,1,0,20.0,40.0,10.0,55.0,0,118,74.23139190673828,3.0838188321913704,,crash_vehicle
1387,fresh,3,fresh,,,0,1,0,5,1,1,5.0,40.0,10.0,55.0,2,85,35.2584342956543,0.328981828864883,,crash_vehicle
1388,mutation,2,mutation,brake_dist,,0,1,0,3,1,0,5.0,5.0,15.0,20.0,2,28,0.4674410820007324,0.05448716027396066,,crash_vehicle
1389,fresh,5,fresh,,,0,0,0,12,1,0,15.0,40.0,10.0,55.0,0,221,167.40304565429688,8.95533106459212,,out_of_road
1390,replay,5,replay,,,0,0,0,12,1,0,15.0,40.0,10.0,55.0,0,87,29.234378814697266,4.194549719492595,,crash_vehicle
1391,fresh,0,fresh,,,0,1,0,0,1,0,15.0,20.0,15.0,10.0,0,44,9.704675674438477,0.2875049954110926,,crash_vehicle
1392,replay,0,replay,,,0,1,0,0,1,0,15.0,20.0,15.0,10.0,0,40,5.369987487792969,1.2465617321431637,,crash_vehicle
1393,fresh,3,fresh,,,0,0,0,4,0,1,15.0,10.0,15.0,20.0,1,17,-5.230007648468018,0.005661683924057905,,out_of_road
1394,crossover,2,crossover,,select_lane|ego_on_intersection|intersection_has_cars|distractor_cars|has_brake_checker|intersection_cars|brake_dist,2,0,0,3,1,1,20.0,40.0,15.0,55.0,1,113,57.35568618774414,1.044001968429152,,crash_vehicle
1395,fresh,0,fresh,,,0,0,0,0,0,0,20.0,40.0,5.0,10.0,0,152,62.76426696777344,3.3016050248161743,,out_of_road
1396,mutation,5,mutation,distractor_cars,,1,1,0,12,0,0,10.0,10.0,15.0,20.0,0,74,26.252586364746094,2.422867188179815,,crash_vehicle
1397,fresh,2,fresh,,,0,0,0,3,1,1,5.0,10.0,15.0,20.0,3,114,56.78047561645508,1.8827113143184728,,crash_vehicle
1398,mutation,0,mutation,intersection_cars,,0,1,1,1,0,1,10.0,5.0,10.0,20.0,1,186,133.43597412109375,5.487495920270361,,out_of_road
1399,fresh,1,fresh,,,0,1,1,2,0,1,15.0,5.0,5.0,20.0,2,223,162.24172973632812,8.263340929431232,,out_of_road
1400,mutation,6,mutation,select_road|select_lane|ego_on_intersection|intersection_has_cars,,2,1,0,18,1,0,5.0,20.0,10.0,35.0,0,131,60.82581329345703,3.1150657725698165,,crash_vehicle
1401,fresh,2,fresh,,,0,0,0,3,0,0,10.0,10.0,10.0,35.0,2,183,101.11676025390625,5.822439920381119,,out_of_road
1402,mutation,1,mutation,brake_dist,,0,1,0,2,1,1,5.0,20.0,10.0,35.0,2,95,34.703895568847656,0.4825735437242608,,out_of_road
1403,fresh,0,fresh,,,0,0,0,1,1,0,15.0,40.0,15.0,55.0,1,142,100.45831298828125,4.579720761154739,,crash_vehicle
1404,mutation,4,mutation,distractor_cars,,1,1,1,8,0,0,20.0,20.0,10.0,20.0,3,55,14.777799606323242,0.388620341907848,,crash_vehicle
1405,fresh,5,fresh,,,0,1,1,12,0,0,5.0,10.0,10.0,20.0,3,88,31.650375366210938,2.4551050940697845,,crash_vehicle
1406,replay,5,replay,,,0,1,1,12,0,0,5.0,10.0,10.0,20.0,3,69,23.049894332885742,3.7349873720735745,,crash_vehicle
1407,fresh,0,fresh,,,0,1,0,1,1,0,20.0,40.0,10.0,55.0,1,148,95.2234878540039,5.086400267844264,,crash_vehicle
1408,mutation,3,mutation,cluster_dist,,1,1,1,5,0,0,20.0,40.0,15.0,20.0,3,183,134.7271728515625,5.462178047237501,,out_of_road
1409,fresh,5,fresh,,,0,1,1,12,1,1,15.0,5.0,5.0,20.0,0,36,4.9984130859375,0.8571257630570067,,crash_vehicle
1410,mutation,5,mutation,maximum_distractor_speed,,0,0,0,12,1,1,10.0,10.0,15.0,20.0,0,84,25.8778076171875,2.989469999181373,,crash_vehicle
1411,fresh,1,fresh,,,0,0,0,2,1,0,10.0,10.0,15.0,20.0,2,106,50.760093688964844,3.082386166700777,,crash_vehicle
1412,mutation,1,mutation,cluster_dist,,0,0,0,2,0,0,20.0,20.0,10.0,55.0,0,129,70.45232391357422,3.256749860076017,,out_of_road
1413,fresh,3,fresh,,,0,0,0,5,1,1,5.0,10.0,15.0,35.0,0,46,8.50008773803711,0.2797555345232072,,crash_vehicle
1414,replay,3,replay,,,0,0,0,5,1,1,5.0,10.0,15.0,35.0,0,107,60.09166717529297,4.27475505760897,,out_of_road
1415,fresh,6,fresh,,,0,0,0,18,1,1,15.0,5.0,15.0,20.0,0,26,0.19132375717163086,0.19000625610351562,,crash_vehicle
1416,mutation,3,mutation,cluster_dist,,1,1,1,5,1,0,20.0,40.0,5.0,55.0,0,151,89.70410919189453,3.001314732116579,,crash_vehicle
1417,fresh,5,fresh,,,0,1,1,12,0,1,10.0,5.0,15.0,20.0,2,25,-0.412259578704834,0.008037338256835938,,crash_vehicle
1418,replay,5,replay,,,0,1,1,12,0,1,10.0,5.0,15.0,20.0,2,190,128.30470275878906,7.7106094799543685,,out_of_road
1419,fresh,3,fresh,,,0,1,1,5,0,1,15.0,40.0,5.0,20.0,0,79,32.615325927734375,0.050285248816767825,,crash_vehicle
1420,crossover,1,crossover,,select_lane|ego_on_intersection|intersection_has_cars|intersection_cars|distance_to_nearest|brake_dist,6,0,0,2,1,1,15.0,20.0,15.0,55.0,0,56,14.885913848876953,0.3890788895743234,,crash_vehicle
1421,fresh,4,fresh,,,0,0,0,8,1,0,10.0,40.0,15.0,55.0,2,129,54.26583480834961,0.6280901091851929,,out_of_road
1422,replay,4,replay,,,0,0,0,8,1,0,10.0,40.0,15.0,55.0,2,28,1.4692845344543457,0.10047662045274462,,crash_vehicle
1423,fresh,3,fresh,,,0,1,1,5,0,0,5.0,40.0,5.0,20.0,2,43,2.605442523956299,0.43765080806820894,,out_of_road
1424,mutation,1,mutation,has_cluster,,1,0,0,2,0,1,20.0,10.0,5.0,10.0,1,184,135.2733154296875,8.70924856060225,,out_of_road
1425,fresh,3,fresh,,,0,0,0,4,0,0,5.0,20.0,10.0,55.0,3,85,34.58152770996094,0.4447434078244602,,crash_vehicle
1426,mutation,1,mutation,cluster_dist,,1,0,0,2,1,1,20.0,20.0,10.0,35.0,0,57,18.478769302368164,0.401508465147855,,crash_vehicle
1427,fresh,6,fresh,,,0,0,0,18,0,0,20.0,20.0,15.0,35.0,3,57,15.205156326293945,0.4474058151245117,,crash_vehicle
1428,crossover,3,crossover,,distractor_cars|has_cluster|maximum_distractor_speed|distance_to_nearest|cluster_dist|brake_dist,4,1,1,4,0,0,5.0,20.0,15.0,35.0,3,134,60.14349365234375,4.694889853694546,,out_of_road
1429,fresh,3,fresh,,,0,1,1,5,0,1,20.0,5.0,10.0,35.0,0,24,-2.1197495460510254,0.012028674284617106,,crash_vehicle
1430,crossover,0,crossover,,select_lane|ego_on_intersection|intersection_has_cars|distractor_cars|has_brake_checker|intersection_cars|has_cluster|maximum_distractor_speed|cluster_dist,4,1,0,0,0,0,5.0,10.0,5.0,20.0,0,115,58.79951477050781,1.539375211622404,,out_of_road
1431,fresh,0,fresh,,,0,1,1,0,1,0,5.0,20.0,15.0,10.0,0,36,0.650789737701416,0.14733265505896675,,out_of_road
1432,crossover,3,crossover,,distractor_cars|has_brake_checker|intersection_cars|maximum_distractor_speed|cluster_dist|brake_dist,6,0,0,5,0,0,15.0,40.0,5.0,10.0,2,214,136.67079162597656,6.453071967672522,,out_of_road
1433,fresh,1,fresh,,,0,0,0,2,1,0,5.0,5.0,5.0,20.0,2,72,25.44509506225586,0.4224663633439276,,out_of_road
1434,replay,1,replay,,,0,0,0,2,1,0,5.0,5.0,5.0,20.0,2,95,35.264923095703125,0.9138160049915314,,out_of_road
1435,fresh,3,fresh,,,0,0,0,5,0,0,5.0,10.0,5.0,35.0,0,101,41.48904800415039,3.2736155599503234,,crash_vehicle
1436,crossover,1,crossover,,distractor_cars|has_cluster|distance_to_nearest,1,0,0,2,1,1,5.0,10.0,5.0,35.0,1,59,14.585613250732422,0.35820340706130205,,crash_vehicle
1437,fresh,6,fresh,,,0,1,1,18,1,1,20.0,10.0,15.0,20.0,1,43,7.3355302810668945,0.26828291284483535,,crash_vehicle
1438,replay,6,replay,,,0,1,1,18,1,1,20.0,10.0,15.0,20.0,1,153,92.88904571533203,6.676056494510251,,out_of_road
1439,fresh,5,fresh,,,0,1,0,12,1,1,5.0,5.0,15.0,20.0,3,62,11.413402557373047,4.199969062882085,,out_of_road
1440,crossover,5,crossover,,select_lane|ego_on_intersection|intersection_has_cars|intersection_cars|has_cluster|distance_to_nearest|cluster_dist,5,1,0,12,1,1,10.0,10.0,15.0,55.0,1,44,6.66108512878418,0.4618689546530897,,crash_vehicle
1441,fresh,0,fresh,,,0,0,0,0,0,0,5.0,40.0,15.0,55.0,0,200,150.9288330078125,6.340533571541309,,out_of_road
1442,crossover,2,crossover,,select_lane|ego_on_intersection|intersection_has_cars|distractor_cars|intersection_cars|has_cluster|distance_to_nearest|cluster_dist|brake_dist,7,1,1,3,0,0,20.0,10.0,5.0,10.0,3,91,35.536956787109375,0.08270096058373923,,out_of_road
1443,fresh,0,fresh,,,0,0,0,0,0,0,15.0,5.0,5.0,55.0,0,211,136.0106964111328,5.114688876468988,,out_of_road
1444,replay,0,replay,,,0,0,0,0,0,0,15.0,5.0,5.0,55.0,0,98,45.66546630859375,0.530816378718128,,crash_vehicle
1445,fresh,5,fresh,,,0,0,0,12,1,0,20.0,10.0,10.0,20.0,1,38,2.670551300048828,0.19701134531121506,,crash_vehicle
1446,mutation,2,mutation,select_road|select_lane|ego_on_intersection|intersection_has_cars,,3,1,1,3,0,1,15.0,10.0,5.0,10.0,2,81,44.59764099121094,4.377612540015468,,arrive_dest
1447,fresh,2,fresh,,,0,0,0,3,0,0,5.0,10.0,5.0,35.0,3,187,119.9643783569336,4.73100363546833,,out_of_road
1448,replay,2,replay,,,0,0,0,3,0,0,5.0,10.0,5.0,35.0,3,200,138.3922882080078,5.961116287708283,,out_of_road
1449,fresh,5,fresh,,,0,0,0,12,0,1,15.0,20.0,10.0,55.0,2,56,13.092021942138672,0.10230243232633386,,crash_vehicle
1450,replay,5,replay,,,0,0,0,12,0,1,15.0,20.0,10.0,55.0,2,120,65.61378479003906,3.5530720888326566,,crash_vehicle
1451,fresh,4,fresh,,,0,1,0,8,1,0,20.0,5.0,15.0,20.0,0,28,1.0309467315673828,0.23655064297573908,,crash_vehicle
1452,crossover,3,crossover,,distractor_cars|intersection_cars|has_cluster|distance_to_nearest,2,1,0,5,0,0,15.0,5.0,10.0,20.0,3,77,21.11555290222168,2.976456145187477,,crash_vehicle
1453,fresh,1,fresh,,,0,0,0,2,1,1,15.0,5.0,5.0,35.0,1,30,-0.059824466705322266,0.0,,crash_vehicle
1454,replay,1,replay,,,0,0,0,2,1,1,15.0,5.0,5.0,35.0,1,35,5.058285713195801,0.30413029534476144,,crash_vehicle
1455,fresh,2,fresh,,,0,0,0,3,0,0,10.0,20.0,15.0,10.0,1,58,15.927461624145508,1.2717242158692459,,crash_vehicle
1456,crossover,4,crossover,,select_lane|ego_on_intersection|intersection_has_cars|distractor_cars|has_brake_checker|cluster_dist,2,0,0,8,1,0,20.0,40.0,15.0,55.0,2,149,79.91444396972656,3.131560403728645,,out_of_road
1457,fresh,4,fresh,,,0,1,0,8,1,0,15.0,40.0,5.0,55.0,1,79,30.57801055908203,0.6520574907713299,,out_of_road
1458,replay,4,replay,,,0,1,0,8,1,0,15.0,40.0,5.0,55.0,1,91,42.11758804321289,1.2720195379231003,,crash_vehicle
1459,fresh,6,fresh,,,0,1,1,18,1,0,5.0,40.0,10.0,55.0,0,95,46.236976623535156,2.803632863571769,,crash_vehicle
1460,crossover,1,crossover,,select_lane|ego_on_intersection|intersection_has_cars|distractor_cars|has_cluster|maximum_distractor_speed|distance_to_nearest,6,1,1,2,1,0,20.0,40.0,15.0,55.0,2,284,183.4949951171875,6.60524564540722,,out_of_road
1461,fresh,0,fresh,,,0,0,0,0,1,0,20.0,20.0,5.0,20.0,0,88,42.221290588378906,1.3950155617838556,,crash_vehicle
1462,crossover,1,crossover,,select_lane|ego_on_intersection|intersection_has_cars|has_brake_checker|intersection_cars|has_cluster|maximum_distractor_speed|distance_to_nearest,2,0,0,2,1,0,20.0,20.0,10.0,55.0,0,145,84.51971435546875,3.617698864073589,,crash_vehicle
1463,fresh,0,fresh,,,0,0,0,0,1,0,20.0,20.0,5.0,35.0,0,104,44.491676330566406,0.9215729555401665,,out_of_road
1464,crossover,4,crossover,,select_lane|ego_on_intersection|intersection_has_cars|has_brake_checker|distance_to_nearest|cluster_dist,3,0,0,8,0,0,10.0,10.0,15.0,55.0,2,49,12.760869979858398,0.27525229113442556,,crash_vehicle
1465,fresh,4,fresh,,,0,0,0,8,1,0,20.0,5.0,5.0,20.0,0,72,23.41182518005371,4.024756411297454,,crash_vehicle
1466,replay,4,replay,,,0,0,0,8,1,0,20.0,5.0,5.0,20.0,0,150,85.05225372314453,3.385899527867635,,crash_vehicle
1467,fresh,0,fresh,,,0,1,1,1,0,1,5.0,5.0,15.0,35.0,1,225,200.7813720703125,8.083891033993828,,out_of_road
1468,crossover,6,crossover,,distractor_cars|has_cluster|maximum_distractor_speed|distance_to_nearest|cluster_dist,4,1,1,18,0,1,5.0,40.0,5.0,55.0,3,81,30.034626007080078,0.40216804286580027,,crash_vehicle
1469,fresh,0,fresh,,,0,0,0,0,1,0,20.0,10.0,10.0,10.0,0,37,-0.2979273796081543,0.041664020435230154,,out_of_road
1470,mutation,4,mutation,has_cluster,,1,0,0,8,1,1,20.0,5.0,5.0,20.0,0,42,5.933753967285156,1.2465290625890095,,crash_vehicle
1471,fresh,0,fresh,,,0,0,0,0,0,0,5.0,20.0,5.0,10.0,0,120,60.38926696777344,2.8979087843249243,,out_of_road
1472,mutation,0,mutation,has_brake_checker,,0,1,1,0,0,0,5.0,40.0,5.0,10.0,0,160,104.59317016601562,5.1712818425148726,,out_of_road
1473,fresh,2,fresh,,,0,1,0,3,0,1,5.0,40.0,15.0,55.0,0,93,26.322063446044922,1.0284306913293817,,crash_vehicle
1474,crossover,3,crossover,,select_lane|ego_on_intersection|intersection_has_cars|maximum_distractor_speed|distance_to_nearest|brake_dist,6,1,1,4,0,0,20.0,40.0,5.0,55.0,2,44,24.842111587524414,3.888960697434165,,arrive_dest
1475,fresh,1,fresh,,,0,1,0,2,0,0,20.0,40.0,10.0,55.0,1,92,37.48451614379883,0.7641701989847681,,out_of_road
1476,crossover,4,crossover,,distractor_cars|has_brake_checker|intersection_cars|maximum_distractor_speed|distance_to_nearest,3,0,0,8,0,0,15.0,10.0,10.0,55.0,2,29,-1.5071837902069092,0.0,,out_of_road
1477,fresh,3,fresh,,,0,0,0,5,1,1,10.0,20.0,10.0,35.0,0,63,13.76729965209961,0.5780309873913961,,crash_vehicle
1478,mutation,0,mutation,cluster_dist,,1,0,0,0,0,0,10.0,5.0,15.0,55.0,0,241,168.28089904785156,7.921496953954341,,out_of_road
1479,fresh,1,fresh,,,0,0,0,2,0,0,5.0,5.0,5.0,10.0,2,91,37.37751770019531,3.7924542217464237,,out_of_road
1480,replay,1,replay,,,0,0,0,2,0,0,5.0,5.0,5.0,10.0,2,208,159.2811737060547,7.16196119842621,,out_of_road
1481,fresh,0,fresh,,,0,0,0,0,1,0,15.0,20.0,10.0,10.0,0,43,8.726277351379395,0.03693243514659793,,crash_vehicle
1482,replay,0,replay,,,0,0,0,0,1,0,15.0,20.0,10.0,10.0,0,241,185.73851013183594,7.985551632786192,,arrive_dest
1483,fresh,3,fresh,,,0,0,0,5,0,0,5.0,40.0,5.0,55.0,2,89,45.94584655761719,0.4082803592253267,,crash_vehicle
1484,crossover,0,crossover,,select_lane|ego_on_intersection|intersection_has_cars|has_cluster|maximum_distractor_speed|cluster_dist|brake_dist,3,0,0,0,1,0,5.0,5.0,10.0,10.0,0,107,36.28669357299805,2.9071109567847206,,crash_vehicle
1485,fresh,5,fresh,,,0,0,0,12,1,1,10.0,40.0,5.0,55.0,1,80,32.21247863769531,1.5145855963230133,,crash_vehicle
1486,crossover,0,crossover,,distractor_cars|has_brake_checker|intersection_cars|maximum_distractor_speed|distance_to_nearest|cluster_dist|brake_dist,3,0,0,0,0,0,5.0,40.0,5.0,10.0,0,224,210.48663330078125,9.660810765411172,,out_of_road
1487,fresh,6,fresh,,,0,0,0,18,0,0,20.0,5.0,15.0,10.0,2,25,-0.33783435821533203,0.20389877319335936,,crash_vehicle
1488,replay,6,replay,,,0,0,0,18,0,0,20.0,5.0,15.0,10.0,2,130,74.6578369140625,2.653484454063269,,crash_vehicle
1489,fresh,1,fresh,,,0,0,0,2,0,1,20.0,40.0,15.0,20.0,1,130,64.17787170410156,1.7896902109567936,,out_of_road
1490,mutation,0,mutation,intersection_cars,,0,1,1,0,1,0,15.0,40.0,15.0,55.0,0,125,57.925350189208984,3.0269797868728636,,out_of_road
1491,fresh,4,fresh,,,0,1,1,8,0,1,5.0,10.0,10.0,55.0,3,36,3.9507970809936523,0.3822261426183913,,crash_vehicle
1492,replay,4,replay,,,0,1,1,8,0,1,5.0,10.0,10.0,55.0,3,125,62.51543426513672,5.127204185783863,,out_of_road
1493,fresh,0,fresh,,,0,0,0,1,1,1,5.0,20.0,5.0,35.0,1,105,43.19547653198242,0.9404087831576665,,out_of_road
1494,mutation,1,mutation,intersection_cars,,1,0,0,2,1,0,20.0,20.0,10.0,55.0,2,181,100.5936050415039,3.6035371324798677,,crash_vehicle
1495,fresh,0,fresh,,,0,0,0,1,1,1,5.0,5.0,15.0,20.0,1,105,42.04442596435547,1.025107184478215,,out_of_road
1496,crossover,6,crossover,,distractor_cars|has_brake_checker,0,0,0,18,1,0,15.0,40.0,5.0,55.0,2,143,66.01981353759766,2.9955601568197037,,out_of_road
1497,fresh,3,fresh,,,0,1,0,4,0,1,10.0,20.0,5.0,10.0,0,59,12.686487197875977,0.24286150528212724,,crash_vehicle
1498,replay,3,replay,,,0,1,0,4,0,1,10.0,20.0,5.0,10.0,0,43,7.325798034667969,2.1122594947038693,,crash_vehicle
1499,fresh,0,fresh,,,0,1,0,0,0,0,20.0,5.0,10.0,35.0,0,222,200.90362548828125,8.107889337045652,,out_of_road
1500,mutation,0,mutation,has_cluster,,0,0,0,0,0,0,10.0,5.0,5.0,35.0,0,310,266.5715637207031,9.839249816248493,,out_of_road
1501,fresh,3,fresh,,,0,0,0,4,0,0,20.0,40.0,15.0,35.0,1,80,33.421382904052734,0.5720348561182618,,out_of_road
1502,mutation,0,mutation,maximum_distractor_speed,,1,0,0,0,0,0,15.0,5.0,10.0,55.0,0,131,67.45294189453125,1.5429090928030378,,out_of_road
1503,fresh,2,fresh,,,0,0,0,3,0,1,20.0,10.0,5.0,20.0,3,17,-5.159804821014404,0.5665000168716207,,out_of_road
1504,mutation,6,mutation,select_road|select_lane|ego_on_intersection|intersection_has_cars,,3,1,1,18,1,0,15.0,40.0,5.0,55.0,2,89,37.54799270629883,0.43300186851051414,,crash_vehicle
1505,fresh,0,fresh,,,0,1,0,1,0,1,5.0,10.0,15.0,10.0,1,134,73.10829162597656,4.210536655761413,,out_of_road
1506,mutation,2,mutation,distance_to_nearest,,1,0,0,3,1,1,20.0,5.0,10.0,35.0,2,123,48.43402862548828,7.340705897265334,,crash_vehicle
1507,fresh,5,fresh,,,0,0,0,12,1,1,20.0,40.0,10.0,55.0,0,78,37.07313537597656,0.6714653468284851,,crash_vehicle
1508,crossover,3,crossover,,select_lane|ego_on_intersection|intersection_has_cars|distractor_cars|has_brake_checker|distance_to_nearest|cluster_dist,4,1,0,5,0,0,10.0,10.0,5.0,55.0,3,53,14.986732482910156,0.5770493273465138,,crash_vehicle
1509,fresh,3,fresh,,,0,0,0,4,0,0,15.0,40.0,5.0,35.0,2,50,3.1755714416503906,0.14700868606567383,,out_of_road
1510,crossover,0,crossover,,select_lane|ego_on_intersection|intersection_has_cars|distractor_cars|intersection_cars|has_cluster|distance_to_nearest,3,1,1,1,0,1,20.0,10.0,10.0,10.0,1,61,6.390960693359375,0.5331423145825746,,out_of_road
1511,fresh,5,fresh,,,0,1,1,12,1,1,5.0,20.0,10.0,35.0,2,57,17.917274475097656,0.41211452818753425,,crash_vehicle
1512,replay,5,replay,,,0,1,1,12,1,1,5.0,20.0,10.0,35.0,2,130,70.55520629882812,1.6080497920513153,,crash_vehicle
1513,fresh,0,fresh,,,0,0,0,0,0,0,15.0,20.0,5.0,10.0,0,159,103.95687103271484,5.118621399567562,,out_of_road
1514,mutation,0,mutation,select_road|select_lane|ego_on_intersection|intersection_has_cars,,1,0,0,0,0,0,15.0,10.0,15.0,55.0,0,94,49.98780822753906,0.8635377999632916,,out_of_road
1515,fresh,5,fresh,,,0,0,0,12,1,1,5.0,5.0,10.0,20.0,0,29,0.9060792922973633,0.0,,crash_vehicle
1516,crossover,0,crossover,,select_lane|ego_on_intersection|intersection_has_cars|intersection_cars|has_cluster|maximum_distractor_speed|brake_dist,3,1,1,0,1,0,5.0,40.0,15.0,20.0,0,105,52.869651794433594,1.775929094780059,,crash_vehicle
1517,fresh,0,fresh,,,0,1,0,1,1,0,10.0,20.0,10.0,35.0,1,115,58.56132125854492,1.9933989306506903,,crash_vehicle
1518,replay,0,replay,,,0,1,0,1,1,0,10.0,20.0,10.0,35.0,1,118,44.431304931640625,1.3083587543944182,,out_of_road
1519,fresh,6,fresh,,,0,1,0,18,0,0,15.0,20.0,10.0,35.0,2,40,2.674694538116455,1.209986361861229,,out_of_road
1520,replay,6,replay,,,0,1,0,18,0,0,15.0,20.0,10.0,35.0,2,87,32.823333740234375,2.1734281350141282,,crash_vehicle
1521,fresh,2,fresh,,,0,1,1,3,1,1,10.0,40.0,10.0,55.0,1,238,203.27268981933594,8.758083204511834,,out_of_road
1522,mutation,5,mutation,select_road|select_lane|ego_on_intersection|intersection_has_cars,,3,1,1,12,1,0,20.0,20.0,15.0,55.0,0,132,73.53035736083984,3.305470628268791,,crash_vehicle
1523,fresh,5,fresh,,,0,0,0,12,1,1,10.0,10.0,10.0,35.0,3,54,13.288568496704102,3.696598110375581,,out_of_road
1524,crossover,4,crossover,,distractor_cars|intersection_cars|brake_dist,0,0,0,8,1,1,10.0,40.0,10.0,55.0,1,87,37.6369514465332,0.32443634531963833,,crash_vehicle
1525,fresh,6,fresh,,,0,0,0,18,0,1,5.0,5.0,5.0,10.0,1,41,5.38288688659668,2.1969906469670737,,crash_vehicle
1526,replay,6,replay,,,0,0,0,18,0,1,5.0,5.0,5.0,10.0,1,114,60.510902404785156,2.9598506588668547,,out_of_road
1527,fresh,3,fresh,,,0,0,0,4,1,1,20.0,10.0,5.0,55.0,2,40,5.650589942932129,0.426085948292166,,crash_vehicle
1528,crossover,0,crossover,,has_brake_checker|has_cluster|maximum_distractor_speed|cluster_dist,2,1,1,1,0,0,10.0,20.0,15.0,35.0,0,138,70.74655151367188,3.6198256936842115,,crash_vehicle
1529,fresh,6,fresh,,,0,0,0,18,0,0,20.0,5.0,5.0,55.0,2,27,1.0083231925964355,0.2651464056085657,,crash_vehicle
1530,replay,6,replay,,,0,0,0,18,0,0,20.0,5.0,5.0,55.0,2,141,104.57129669189453,4.400892378379267,,crash_vehicle
1531,fresh,1,fresh,,,0,1,1,2,0,0,5.0,5.0,5.0,20.0,2,56,8.443831443786621,1.1754029765725136,,out_of_road
1532,crossover,1,crossover,,distractor_cars|has_brake_checker|intersection_cars|has_cluster|brake_dist,2,0,0,2,1,0,10.0,10.0,15.0,55.0,2,169,108.55635070800781,5.410021545089913,,crash_vehicle
1533,fresh,3,fresh,,,0,1,1,5,1,0,15.0,5.0,5.0,55.0,2,126,60.95500183105469,6.440080659257041,,crash_vehicle
1534,crossover,5,crossover,,select_lane|ego_on_intersection|intersection_has_cars|has_brake_checker|intersection_cars|maximum_distractor_speed|distance_to_nearest|cluster_dist,4,1,0,12,1,0,5.0,5.0,15.0,35.0,3,24,-0.5066757202148438,0.0,,crash_vehicle
1535,fresh,6,fresh,,,0,0,0,18,1,0,20.0,20.0,5.0,35.0,2,86,36.145572662353516,2.4809698348128517,,crash_vehicle
1536,replay,6,replay,,,0,0,0,18,1,0,20.0,20.0,5.0,35.0,2,118,71.01972198486328,3.7937250540165577,,crash_vehicle
1537,fresh,5,fresh,,,0,1,1,12,0,0,15.0,40.0,5.0,10.0,2,111,60.02751159667969,1.5816029576030937,,out_of_road
1538,replay,5,replay,,,0,1,1,12,0,0,15.0,40.0,5.0,10.0,2,142,77.33795166015625,3.2239806748611826,,crash_vehicle
1539,fresh,1,fresh,,,0,1,1,2,1,0,5.0,10.0,10.0,55.0,2,59,3.158082962036133,0.3847448542966681,,out_of_road
1540,crossover,0,crossover,,select_lane|ego_on_intersection|intersection_has_cars|maximum_distractor_speed|distance_to_nearest|cluster_dist,6,0,0,1,0,1,10.0,5.0,5.0,10.0,1,95,40.059322357177734,0.33665093434484383,,out_of_road
1541,fresh,0,fresh,,,0,1,0,1,0,1,10.0,5.0,15.0,20.0,1,72,29.98492431640625,0.3729533354441325,,out_of_road
1542,crossover,0,crossover,,intersection_cars|has_cluster|distance_to_nearest,0,0,0,0,0,0,5.0,40.0,5.0,10.0,0,159,102.53182983398438,6.443815082873938,,out_of_road
1543,fresh,3,fresh,,,0,1,1,5,0,0,10.0,10.0,10.0,20.0,1,35,0.19431400299072266,0.0,,out_of_road
1544,mutation,2,mutation,intersection_cars,,1,0,0,3,0,1,15.0,10.0,10.0,20.0,1,34,4.106243133544922,0.3379921352162081,,crash_vehicle
1545,fresh,1,fresh,,,0,0,0,2,1,1,15.0,5.0,5.0,20.0,0,26,-0.40658044815063477,0.010793759272648739,,crash_vehicle
1546,crossover,3,crossover,,select_lane|ego_on_intersection|intersection_has_cars|distractor_cars|has_brake_checker|has_cluster|maximum_distractor_speed|cluster_dist,3,1,1,5,0,0,15.0,40.0,5.0,20.0,3,114,36.464656829833984,0.5734861589837492,,out_of_road
1547,fresh,0,fresh,,,0,0,0,0,1,0,5.0,5.0,10.0,35.0,0,139,77.67981719970703,3.6094227383891457,,crash_vehicle
1548,replay,0,replay,,,0,0,0,0,1,0,5.0,5.0,10.0,35.0,0,108,63.524818420410156,1.4322097094522581,,crash_vehicle
1549,fresh,4,fresh,,,0,1,1,8,0,1,5.0,5.0,15.0,55.0,3,25,-0.18144845962524414,0.0,,crash_vehicle
1550,mutation,2,mutation,maximum_distractor_speed,,1,0,0,3,0,1,10.0,10.0,5.0,10.0,2,47,11.783231735229492,0.2509553032986661,,crash_vehicle
1551,fresh,0,fresh,,,0,1,1,0,1,0,10.0,20.0,5.0,35.0,0,109,44.82428741455078,1.301712116790474,,out_of_road
1552,crossover,1,crossover,,has_brake_checker|cluster_dist|brake_dist,2,1,0,2,1,0,20.0,20.0,15.0,55.0,2,89,34.226375579833984,0.32845150419835295,,out_of_road
1553,fresh,3,fresh,,,0,1,1,4,0,1,10.0,40.0,15.0,20.0,1,104,25.339786529541016,0.8509173843149955,,crash_vehicle
1554,mutation,3,mutation,has_brake_checker,,2,0,0,5,1,0,15.0,40.0,5.0,55.0,2,131,50.59345245361328,1.7544745334232126,,out_of_road
1555,fresh,2,fresh,,,0,1,1,3,1,1,5.0,5.0,5.0,20.0,0,39,5.239147186279297,0.7537781366935143,,crash_vehicle
1556,mutation,3,mutation,intersection_cars,,1,1,1,5,1,0,10.0,5.0,15.0,55.0,0,25,-2.7481751441955566,0.03501771807670593,,crash_vehicle
1557,fresh,2,fresh,,,0,1,1,3,0,1,10.0,5.0,15.0,10.0,0,26,-0.7573833465576172,0.0,,crash_vehicle
1558,replay,2,replay,,,0,1,1,3,0,1,10.0,5.0,15.0,10.0,0,212,181.1749725341797,7.270279994550741,,out_of_road
1559,fresh,1,fresh,,,0,1,1,2,1,1,15.0,5.0,5.0,35.0,2,105,49.829383850097656,1.3644785600049154,,out_of_road
1560,crossover,2,crossover,,has_cluster|maximum_distractor_speed|cluster_dist,0,1,0,3,1,1,20.0,40.0,15.0,55.0,0,120,61.679046630859375,2.8332717448472975,,out_of_road
1561,fresh,3,fresh,,,0,1,1,4,1,0,20.0,5.0,15.0,20.0,1,56,9.844035148620605,1.6517717380608832,,crash_vehicle
1562,replay,3,replay,,,0,1,1,4,1,0,20.0,5.0,15.0,20.0,1,37,4.055758476257324,0.4008979487258035,,out_of_road
1563,fresh,2,fresh,,,0,1,0,3,1,1,20.0,40.0,10.0,55.0,3,161,98.245849609375,3.2997254618206378,,crash_vehicle
1564,mutation,2,mutation,brake_dist,,1,0,0,3,0,1,15.0,10.0,10.0,10.0,2,87,28.51889419555664,1.8135240612358883,,crash_vehicle
1565,fresh,3,fresh,,,0,1,1,5,1,1,20.0,20.0,10.0,55.0,2,98,45.026798248291016,2.061678617584462,,crash_vehicle
1566,mutation,4,mutation,distractor_cars,,1,1,1,8,0,1,5.0,10.0,15.0,35.0,3,51,7.708673477172852,2.1520789370817295,,out_of_road
1567,fresh,1,fresh,,,0,1,1,2,0,0,20.0,40.0,15.0,55.0,0,97,39.4193115234375,0.35073160295633926,,out_of_road
1568,mutation,1,mutation,has_brake_checker,,1,0,0,2,0,1,10.0,10.0,15.0,55.0,0,48,7.5135345458984375,1.9538942943327129,,out_of_road
1569,fresh,3,fresh,,,0,0,0,4,1,0,5.0,5.0,15.0,20.0,0,46,8.950034141540527,1.523257626787476,,crash_vehicle
1570,replay,3,replay,,,0,0,0,4,1,0,5.0,5.0,15.0,20.0,0,64,18.369844436645508,0.9312075292691588,,crash_vehicle
1571,fresh,3,fresh,,,0,1,1,4,1,0,20.0,40.0,10.0,55.0,1,162,85.45948028564453,3.5333690205473958,,crash_vehicle
1572,mutation,2,mutation,brake_dist,,0,1,1,3,0,0,5.0,10.0,10.0,10.0,3,32,-1.1346635818481445,0.4352031350135803,,out_of_road
1573,fresh,3,fresh,,,0,1,0,5,0,0,10.0,5.0,15.0,55.0,1,26,-2.732440233230591,0.0,,crash_vehicle
1574,replay,3,replay,,,0,1,0,5,0,0,10.0,5.0,15.0,55.0,1,144,66.8655014038086,3.1148473924646773,,out_of_road
1575,fresh,0,fresh,,,0,0,0,0,1,0,15.0,10.0,5.0,10.0,0,38,4.558984756469727,0.09400678935803865,,crash_vehicle
1576,replay,0,replay,,,0,0,0,0,1,0,15.0,10.0,5.0,10.0,0,41,3.8222780227661133,0.2629441415391317,,out_of_road
1577,fresh,1,fresh,,,0,0,0,2,0,0,5.0,20.0,15.0,35.0,2,95,30.936668395996094,1.0617943282190123,,out_of_road
1578,crossover,6,crossover,,intersection_cars|has_cluster|cluster_dist,2,0,0,18,1,0,20.0,10.0,5.0,55.0,0,42,2.3134140968322754,0.16742308544261114,,out_of_road
1579,fresh,3,fresh,,,0,0,0,4,0,0,20.0,5.0,5.0,55.0,0,29,-0.27260684967041016,0.09853757660964439,,crash_vehicle
1580,crossover,6,crossover,,distractor_cars|has_brake_checker|intersection_cars|cluster_dist|brake_dist,4,1,0,18,1,0,15.0,10.0,15.0,35.0,0,88,33.19146728515625,4.021888722072948,,crash_vehicle
1581,fresh,6,fresh,,,0,1,1,18,0,0,20.0,10.0,5.0,10.0,3,121,61.36518096923828,4.699947276391273,,crash_vehicle
1582,crossover,5,crossover,,has_brake_checker|intersection_cars|maximum_distractor_speed|brake_dist,4,0,0,12,0,0,20.0,40.0,10.0,35.0,1,160,103.64817810058594,4.76826714836061,,out_of_road
1583,fresh,6,fresh,,,0,1,0,18,0,1,15.0,5.0,10.0,55.0,3,61,12.651094436645508,2.2598553793352156,,crash_vehicle
1584,mutation,2,mutation,has_brake_checker,,1,1,1,3,1,0,5.0,10.0,10.0,35.0,3,78,28.638927459716797,0.3027661396906926,,out_of_road
1585,fresh,0,fresh,,,0,0,0,1,1,0,10.0,10.0,5.0,35.0,1,39,2.725057601928711,0.019272634616264932,,out_of_road
1586,crossover,0,crossover,,select_lane|ego_on_intersection|intersection_has_cars|distractor_cars|has_brake_checker|has_cluster|maximum_distractor_speed,3,1,0,0,0,0,10.0,40.0,10.0,10.0,0,48,1.4516305923461914,0.36505016187826794,,out_of_road
1587,fresh,4,fresh,,,0,0,0,8,0,0,20.0,5.0,5.0,10.0,0,21,-3.0695722103118896,0.0,,crash_vehicle
1588,crossover,3,crossover,,select_lane|ego_on_intersection|intersection_has_cars|intersection_cars|has_cluster|cluster_dist,4,0,0,4,0,0,5.0,20.0,15.0,35.0,2,54,14.512123107910156,0.40640262321189596,,crash_vehicle
1589,fresh,5,fresh,,,0,0,0,12,1,0,15.0,10.0,10.0,35.0,3,96,49.847450256347656,4.860662640382846,,crash_vehicle
1590,crossover,2,crossover,,has_brake_checker|intersection_cars|has_cluster|cluster_dist,0,0,0,3,1,0,15.0,5.0,5.0,55.0,1,194,94.96253204345703,6.323811182656239,,crash_vehicle
1591,fresh,0,fresh,,,0,0,0,0,0,0,5.0,20.0,15.0,55.0,0,92,32.943363189697266,0.7061768799372341,,out_of_road
1592,replay,0,replay,,,0,0,0,0,0,0,5.0,20.0,15.0,55.0,0,256,202.52703857421875,8.561989630572498,,out_of_road
1593,fresh,6,fresh,,,0,0,0,18,1,1,10.0,5.0,10.0,20.0,0,27,-2.7494006156921387,0.11534849802652995,,crash_vehicle
1594,crossover,0,crossover,,has_brake_checker|intersection_cars|has_cluster|distance_to_nearest|cluster_dist|brake_dist,4,1,0,1,0,1,5.0,10.0,10.0,20.0,1,198,152.02764892578125,5.977084489031271,,out_of_road
1595,fresh,2,fresh,,,0,1,0,3,0,0,15.0,10.0,10.0,55.0,2,64,12.95303726196289,1.8178411996923387,,crash_vehicle
1596,mutation,2,mutation,intersection_cars,,0,1,1,3,0,0,20.0,10.0,15.0,10.0,1,114,47.237754821777344,4.677723581853666,,out_of_road
1597,fresh,2,fresh,,,0,1,0,3,0,0,10.0,10.0,5.0,35.0,0,39,0.8915395736694336,0.2189490978534405,,crash_vehicle
1598,mutation,6,mutation,intersection_cars,,1,1,1,18,0,0,15.0,10.0,15.0,55.0,2,118,53.472511291503906,4.7360414125151555,,crash_vehicle
1599,fresh,2,fresh,,,0,0,0,3,1,1,20.0,20.0,15.0,55.0,2,43,1.8647575378417969,0.18740081787109375,,out_of_road
1600,replay,2,replay,,,0,0,0,3,1,1,20.0,20.0,15.0,55.0,2,51,8.048323631286621,0.20867912193723753,,out_of_road
1601,fresh,2,fresh,,,0,1,1,3,0,0,5.0,40.0,10.0,35.0,1,82,32.122066497802734,0.8326185487392472,,crash_vehicle
1602,replay,2,replay,,,0,1,1,3,0,0,5.0,40.0,10.0,35.0,1,44,3.0576906204223633,0.7715794217180122,,out_of_road
1603,fresh,5,fresh,,,0,0,0,12,1,1,10.0,5.0,5.0,20.0,0,25,-0.4142880439758301,0.0,,crash_vehicle
1604,crossover,4,crossover,,select_lane|ego_on_intersection|intersection_has_cars|distractor_cars|has_brake_checker|intersection_cars|distance_to_nearest|cluster_dist,4,0,0,8,1,0,15.0,40.0,5.0,55.0,2,158,95.12972259521484,2.326544307643854,,crash_vehicle
1605,fresh,5,fresh,,,0,1,1,12,1,1,5.0,20.0,10.0,55.0,3,57,16.699766159057617,0.4393236051525986,,crash_vehicle
1606,crossover,6,crossover,,select_lane|ego_on_intersection|intersection_has_cars|distractor_cars|maximum_distractor_speed|distance_to_nearest|brake_dist,4,0,0,18,0,0,15.0,40.0,15.0,55.0,2,115,51.101654052734375,2.5828609865644703,,crash_vehicle
1607,fresh,3,fresh,,,0,1,0,5,0,1,15.0,20.0,5.0,35.0,0,54,14.107973098754883,0.5532669402934887,,crash_vehicle
1608,crossover,0,crossover,,distractor_cars|has_cluster|maximum_distractor_speed|distance_to_nearest|cluster_dist|brake_dist,4,0,0,0,0,0,20.0,20.0,5.0,55.0,0,73,31.163055419921875,0.8755837099192894,,out_of_road
1609,fresh,3,fresh,,,0,1,0,4,1,1,15.0,5.0,5.0,55.0,3,40,6.347246170043945,0.6893236130475998,,crash_vehicle
1610,crossover,5,crossover,,distractor_cars|has_cluster|maximum_distractor_speed|brake_dist,1,0,0,12,1,1,20.0,20.0,15.0,55.0,0,59,15.913444519042969,0.46385398557630636,,crash_vehicle
1611,fresh,6,fresh,,,0,0,0,18,1,0,20.0,5.0,15.0,55.0,1,25,-2.5137557983398438,0.0,,crash_vehicle
1612,mutation,6,mutation,maximum_distractor_speed,,1,0,0,18,0,0,20.0,20.0,5.0,20.0,3,61,21.595701217651367,0.7677534320315377,,crash_vehicle
1613,fresh,3,fresh,,,0,0,0,5,1,0,20.0,40.0,10.0,55.0,2,116,60.69519805908203,1.5322227639884785,,out_of_road
1614,mutation,3,mutation,cluster_dist,,1,1,1,4,0,0,20.0,40.0,15.0,55.0,2,122,75.74598693847656,4.217146298435868,,crash_vehicle
1615,fresh,6,fresh,,,0,1,0,18,0,1,10.0,40.0,15.0,20.0,0,42,5.192898750305176,0.6616349518299103,,out_of_road
1616,mutation,2,mutation,maximum_distractor_speed,,1,1,1,3,0,1,20.0,10.0,5.0,10.0,2,97,51.110015869140625,5.374668453003943,,arrive_dest
1617,fresh,5,fresh,,,0,1,0,12,0,0,20.0,10.0,10.0,55.0,0,238,197.42666625976562,8.720754079865056,,out_of_road
1618,crossover,3,crossover,,select_lane|ego_on_intersection|intersection_has_cars|distractor_cars|has_brake_checker|has_cluster|cluster_dist,4,0,0,4,0,0,5.0,40.0,5.0,55.0,0,81,32.9920539855957,0.7785651199979546,,crash_vehicle
1619,fresh,3,fresh,,,0,0,0,5,0,0,5.0,5.0,5.0,35.0,1,29,1.3465266227722168,0.019868409839169734,,crash_vehicle
1620,replay,3,replay,,,0,0,0,5,0,0,5.0,5.0,5.0,35.0,1,290,201.4486083984375,7.233071925927852,,out_of_road
1621,fresh,6,fresh,,,0,0,0,18,1,1,10.0,40.0,10.0,55.0,0,91,37.452571868896484,0.4577661844400259,,crash_vehicle
1622,replay,6,replay,,,0,0,0,18,1,1,10.0,40.0,10.0,55.0,0,89,32.7563591003418,0.5840305156922072,,out_of_road
1623,fresh,5,fresh,,,0,0,0,12,1,1,15.0,40.0,5.0,55.0,2,107,52.39288330078125,0.8849158952726381,,crash_vehicle
1624,mutation,0,mutation,distractor_cars,,3,1,1,0,0,0,20.0,10.0,15.0,55.0,0,143,90.04574584960938,2.55517085282119,,out_of_road
1625,fresh,5,fresh,,,0,1,1,12,0,0,10.0,20.0,10.0,20.0,3,44,3.357839584350586,0.31936576149680396,,out_of_road
1626,crossover,3,crossover,,distractor_cars|has_brake_checker|has_cluster|maximum_distractor_speed|brake_dist,5,1,0,4,1,1,20.0,20.0,5.0,55.0,2,44,21.284339904785156,3.1485666866329582,,arrive_dest
1627,fresh,6,fresh,,,0,0,0,18,0,1,20.0,10.0,5.0,20.0,3,39,0.10223245620727539,0.0,,out_of_road
1628,crossover,0,crossover,,has_cluster|distance_to_nearest,2,0,0,1,0,0,10.0,10.0,10.0,55.0,1,54,0.3590826988220215,0.3871697430257444,,out_of_road
1629,fresh,1,fresh,,,0,1,0,2,0,1,10.0,5.0,10.0,20.0,2,127,55.56462478637695,3.4010121526680592,,out_of_road
1630,crossover,2,crossover,,has_cluster|distance_to_nearest|cluster_dist,2,0,0,3,1,1,20.0,10.0,5.0,55.0,3,151,87.2735595703125,3.143838310971955,,crash_vehicle
1631,fresh,3,fresh,,,0,0,0,4,0,0,15.0,40.0,5.0,55.0,0,93,32.283241271972656,0.2837138432328419,,out_of_road
1632,crossover,3,crossover,,select_lane|ego_on_intersection|intersection_has_cars|distractor_cars|intersection_cars|has_cluster|maximum_distractor_speed|distance_to_nearest|brake_dist,5,1,0,5,0,0,15.0,10.0,10.0,55.0,2,36,-0.08390188217163086,0.33013322121567196,,out_of_road
1633,fresh,0,fresh,,,0,1,1,1,1,1,15.0,20.0,10.0,35.0,1,84,31.232837677001953,0.33950197217719896,,out_of_road
1634,mutation,3,mutation,cluster_dist,,1,1,1,5,1,0,15.0,5.0,15.0,55.0,2,29,1.1867403984069824,0.02475762367248535,,crash_vehicle
1635,fresh,2,fresh,,,0,0,0,3,1,0,5.0,40.0,5.0,55.0,1,105,53.871578216552734,1.5484818699814025,,out_of_road
1636,mutation,1,mutation,maximum_distractor_speed,,0,1,1,2,1,1,5.0,40.0,10.0,55.0,2,71,24.02536964416504,0.6247144954305299,,crash_vehicle
1637,fresh,5,fresh,,,0,0,0,12,1,1,5.0,5.0,15.0,55.0,0,36,4.864179611206055,0.9030120865338378,,crash_vehicle
1638,replay,5,replay,,,0,0,0,12,1,1,5.0,5.0,15.0,55.0,0,37,1.343839168548584,0.4605780936576225,,out_of_road
1639,fresh,4,fresh,,,0,0,0,8,1,1,15.0,5.0,5.0,20.0,2,42,5.466753005981445,0.5529381952115467,,crash_vehicle
1640,mutation,1,mutation,has_cluster,,1,0,0,2,1,1,10.0,10.0,15.0,55.0,2,65,18.688373565673828,0.6421266115628756,,out_of_road
1641,fresh,0,fresh,,,0,0,0,0,0,0,20.0,20.0,15.0,55.0,0,101,47.29804229736328,2.018094820551353,,out_of_road
1642,mutation,4,mutation,distance_to_nearest,,0,1,0,8,0,1,10.0,20.0,10.0,55.0,2,62,17.197147369384766,0.3784838030415197,,crash_vehicle
1643,fresh,4,fresh,,,0,1,1,8,0,1,20.0,40.0,5.0,20.0,0,35,1.812699794769287,0.8773471423557826,,out_of_road
1644,crossover,3,crossover,,select_lane|ego_on_intersection|intersection_has_cars|has_brake_checker|has_cluster,2,1,1,5,0,1,10.0,20.0,10.0,10.0,3,51,14.842065811157227,0.20735953835880055,,crash_vehicle
1645,fresh,0,fresh,,,0,0,0,0,1,0,20.0,5.0,5.0,20.0,0,129,60.51213836669922,2.762356954027516,,crash_vehicle
1646,replay,0,replay,,,0,0,0,0,1,0,20.0,5.0,5.0,20.0,0,220,165.34580993652344,7.077878587354313,,out_of_road
1647,fresh,3,fresh,,,0,1,0,4,1,1,10.0,5.0,10.0,20.0,3,28,0.5411052703857422,0.0,,crash_vehicle
1648,crossover,0,crossover,,select_lane|ego_on_intersection|intersection_has_cars|has_cluster|maximum_distractor_speed|cluster_dist,2,0,0,0,0,0,15.0,10.0,5.0,55.0,0,47,6.737196922302246,0.4020100045711436,,out_of_road
1649,fresh,0,fresh,,,0,1,1,1,0,1,15.0,20.0,5.0,20.0,1,123,60.80149841308594,4.422575561132858,,out_of_road
1650,replay,0,replay,,,0,1,1,1,0,1,15.0,20.0,5.0,20.0,1,130,58.6522331237793,2.924837500315446,,crash_vehicle
1651,fresh,4,fresh,,,0,1,0,8,0,0,15.0,5.0,5.0,35.0,2,184,106.01728820800781,7.581462589295014,,crash_vehicle
1652,mutation,3,mutation,cluster_dist,,1,0,0,4,0,0,15.0,20.0,5.0,35.0,2,138,82.11811828613281,4.101694564294556,,out_of_road
1653,fresh,6,fresh,,,0,0,0,18,0,0,5.0,5.0,15.0,10.0,2,27,-0.28479862213134766,0.0,,crash_vehicle
1654,replay,6,replay,,,0,0,0,18,0,0,5.0,5.0,15.0,10.0,2,148,91.7950210571289,2.803446932418926,,out_of_road
1655,fresh,6,fresh,,,0,1,1,18,0,1,10.0,40.0,15.0,10.0,1,46,5.993344306945801,1.7415882297184155,,out_of_road
1656,mutation,1,mutation,has_cluster,,1,0,0,2,1,1,20.0,20.0,10.0,55.0,0,104,58.197818756103516,2.827720187031306,,crash_vehicle
1657,fresh,3,fresh,,,0,1,0,4,0,1,15.0,40.0,5.0,20.0,0,79,33.46073532104492,0.44650183372859714,,crash_vehicle
1658,crossover,3,crossover,,distractor_cars|has_cluster|maximum_distractor_speed|distance_to_nearest,2,1,0,5,0,0,15.0,20.0,5.0,35.0,3,100,47.62569808959961,1.7903053921461105,,out_of_road
1659,fresh,2,fresh,,,0,0,0,3,1,1,15.0,10.0,5.0,20.0,2,105,35.67832565307617,4.217224616379965,,crash_vehicle
1660,crossover,1,crossover,,distractor_cars|intersection_cars|maximum_distractor_speed|distance_to_nearest|cluster_dist|brake_dist,4,0,0,2,1,0,20.0,10.0,15.0,20.0,2,93,47.55906677246094,1.4418121481774955,,crash_vehicle
1661,fresh,3,fresh,,,0,1,0,5,0,1,10.0,40.0,10.0,35.0,2,83,31.246654510498047,0.6557714353842907,,crash_vehicle
1662,mutation,0,mutation,distractor_cars,,2,1,0,0,0,0,5.0,40.0,15.0,55.0,0,52,5.328789710998535,0.31543535452622634,,out_of_road
1663,fresh,5,fresh,,,0,0,0,12,1,1,10.0,40.0,15.0,55.0,1,85,30.969165802001953,2.3089882415883682,,crash_vehicle
1664,crossover,1,crossover,,has_brake_checker|intersection_cars|cluster_dist,2,1,0,2,1,1,5.0,20.0,5.0,35.0,0,2,10.0,3.490363121032715,,arrive_dest
1665,fresh,4,fresh,,,0,1,0,8,0,1,5.0,40.0,5.0,55.0,0,43,3.7258615493774414,0.4627455081357512,,out_of_road
1666,mutation,0,mutation,intersection_cars,,0,0,0,0,0,0,5.0,40.0,5.0,10.0,0,104,54.40499496459961,2.3815862545027184,,out_of_road
1667,fresh,0,fresh,,,0,0,0,1,1,0,20.0,5.0,15.0,20.0,1,57,10.363844871520996,0.9122650492609593,,out_of_road
1668,crossover,3,crossover,,select_lane|ego_on_intersection|intersection_has_cars|distractor_cars|has_brake_checker|intersection_cars|has_cluster|cluster_dist,4,0,0,5,0,1,20.0,40.0,15.0,35.0,3,44,4.317399024963379,0.6702254626222632,,out_of_road
1669,fresh,3,fresh,,,0,0,0,5,1,0,20.0,10.0,10.0,20.0,3,36,4.5542402267456055,0.11834197574191624,,crash_vehicle
1670,crossover,1,crossover,,select_lane|ego_on_intersection|intersection_has_cars|distractor_cars|has_brake_checker|distance_to_nearest|cluster_dist|brake_dist,4,0,0,2,1,1,5.0,20.0,10.0,55.0,0,65,21.88408088684082,0.3295352128835825,,crash_vehicle
1671,fresh,4,fresh,,,0,0,0,8,1,1,20.0,10.0,15.0,20.0,1,55,12.019590377807617,1.1963795638897203,,crash_vehicle
1672,mutation,1,mutation,brake_dist,,0,0,0,2,1,0,20.0,20.0,10.0,35.0,0,124,66.66454315185547,2.6251431460822783,,crash_vehicle
1673,fresh,0,fresh,,,0,0,0,1,0,0,10.0,5.0,10.0,20.0,1,180,100.34032440185547,4.915350417089131,,out_of_road
1674,crossover,3,crossover,,distractor_cars|intersection_cars|has_cluster|maximum_distractor_speed|cluster_dist|brake_dist,3,1,1,4,0,0,5.0,40.0,15.0,35.0,3,103,50.992088317871094,0.6371259428922412,,crash_vehicle
1675,fresh,4,fresh,,,0,1,0,8,0,0,20.0,40.0,15.0,10.0,2,231,172.32470703125,6.285970541418759,,out_of_road
1676,mutation,3,mutation,has_cluster,,1,1,0,5,0,1,5.0,40.0,10.0,35.0,1,89,30.30359649658203,0.5149236920844303,,crash_vehicle
1677,fresh,2,fresh,,,0,1,1,3,0,0,20.0,10.0,5.0,35.0,1,37,0.6140079498291016,0.03998961964169064,,out_of_road
1678,replay,2,replay,,,0,1,1,3,0,0,20.0,10.0,5.0,35.0,1,172,101.9216537475586,6.339500821780327,,out_of_road
1679,fresh,4,fresh,,,0,0,0,8,0,0,20.0,5.0,10.0,10.0,1,30,0.4785447120666504,0.0,,crash_vehicle
1680,crossover,4,crossover,,has_brake_checker|has_cluster|maximum_distractor_speed|brake_dist,2,1,1,8,0,1,10.0,10.0,15.0,55.0,3,49,13.369552612304688,0.5214417424737191,,crash_vehicle
1681,fresh,2,fresh,,,0,0,0,3,1,0,5.0,5.0,5.0,55.0,3,142,103.06826782226562,3.252509309582307,,arrive_dest
1682,crossover,0,crossover,,select_lane|ego_on_intersection|intersection_has_cars|has_brake_checker|maximum_distractor_speed|distance_to_nearest|brake_dist,5,0,0,1,0,0,5.0,40.0,10.0,55.0,1,230,180.969482421875,6.463380229732264,,out_of_road
1683,fresh,1,fresh,,,0,0,0,2,0,0,10.0,20.0,5.0,20.0,2,39,3.715754508972168,0.11320795157016852,,out_of_road
1684,replay,1,replay,,,0,0,0,2,0,0,10.0,20.0,5.0,20.0,2,129,65.1660385131836,1.2856110354033552,,crash_vehicle
1685,fresh,4,fresh,,,0,0,0,8,1,1,5.0,5.0,5.0,35.0,1,46,4.341835975646973,0.4616007791913074,,crash_vehicle
1686,crossover,3,crossover,,distractor_cars|has_brake_checker|intersection_cars|has_cluster|maximum_distractor_speed,2,0,0,4,0,0,5.0,40.0,10.0,55.0,1,76,32.052940368652344,0.39070483885313334,,out_of_road
1687,fresh,4,fresh,,,0,1,0,8,0,1,20.0,40.0,10.0,20.0,1,46,3.713507652282715,0.38057381562564685,,out_of_road
1688,replay,4,replay,,,0,1,0,8,0,1,20.0,40.0,10.0,20.0,1,159,97.5547103881836,3.94414243926792,,out_of_road
1689,fresh,3,fresh,,,0,0,0,4,1,0,20.0,20.0,5.0,35.0,0,165,85.97804260253906,4.675058087255016,,crash_vehicle
1690,replay,3,replay,,,0,0,0,4,1,0,20.0,20.0,5.0,35.0,0,88,44.52815628051758,1.7182591899552129,,crash_vehicle
1691,fresh,0,fresh,,,0,0,0,0,1,0,20.0,10.0,5.0,20.0,0,95,35.20360565185547,1.122415565503271,,crash_vehicle
1692,replay,0,replay,,,0,0,0,0,1,0,20.0,10.0,5.0,20.0,0,246,194.56495666503906,8.250472953164481,,out_of_road
1693,fresh,2,fresh,,,0,0,0,3,1,1,15.0,40.0,15.0,55.0,3,46,24.541963577270508,2.7014760739453463,,arrive_dest
1694,replay,2,replay,,,0,0,0,3,1,1,15.0,40.0,15.0,55.0,3,126,55.84657287597656,4.392370248597766,,crash_vehicle
1695,fresh,3,fresh,,,0,0,0,4,1,1,20.0,5.0,15.0,55.0,2,23,-0.8196868896484375,0.03629079072371773,,crash_vehicle
1696,mutation,6,mutation,select_road|select_lane|ego_on_intersection|intersection_has_cars,,1,0,0,18,1,0,15.0,40.0,5.0,55.0,2,94,36.48551559448242,0.892420935186934,,out_of_road
1697,fresh,0,fresh,,,0,0,0,1,0,1,10.0,10.0,10.0,20.0,1,171,89.74613952636719,2.07550704714499,,out_of_road
1698,replay,0,replay,,,0,0,0,1,0,1,10.0,10.0,10.0,20.0,1,236,217.7545928955078,9.517903808314921,,out_of_road
1699,fresh,4,fresh,,,0,1,1,8,0,1,20.0,5.0,10.0,20.0,3,62,10.435053825378418,2.1101118965495016,,crash_vehicle
1700,mutation,5,mutation,select_road|select_lane|ego_on_intersection|intersection_has_cars,,3,0,0,12,0,0,5.0,10.0,10.0,20.0,3,40,7.124357223510742,0.20888075828552247,,crash_vehicle
1701,fresh,4,fresh,,,0,0,0,8,1,1,5.0,40.0,5.0,55.0,0,90,36.732749938964844,0.3203370200263129,,crash_vehicle
1702,mutation,0,mutation,has_cluster,,0,0,0,0,0,0,10.0,5.0,15.0,55.0,0,305,263.5755920410156,9.070596260027807,,out_of_road
1703,fresh,3,fresh,,,0,1,0,5,0,0,5.0,5.0,10.0,20.0,2,49,10.51952075958252,1.840469842054406,,crash_vehicle
1704,mutation,0,mutation,distance_to_nearest,,1,1,1,0,1,0,5.0,20.0,15.0,20.0,0,90,40.58502960205078,1.0968687415122986,,crash_vehicle
1705,fresh,0,fresh,,,0,0,0,0,0,0,15.0,20.0,15.0,20.0,0,92,41.68723678588867,0.6879370670927607,,out_of_road
1706,mutation,0,mutation,has_brake_checker,,0,0,0,1,1,1,5.0,10.0,10.0,55.0,1,44,3.285414695739746,0.3930704173716632,,out_of_road
1707,fresh,3,fresh,,,0,1,0,5,1,1,20.0,40.0,5.0,55.0,3,84,32.415184020996094,0.28926073919449535,,crash_vehicle
1708,replay,3,replay,,,0,1,0,5,1,1,20.0,40.0,5.0,55.0,3,96,41.01496124267578,1.4496944552908342,,crash_vehicle
1709,fresh,4,fresh,,,0,1,1,8,0,0,10.0,5.0,15.0,10.0,3,140,61.99488067626953,6.485583569748061,,crash_vehicle
1710,crossover,0,crossover,,has_cluster|maximum_distractor_speed|distance_to_nearest|brake_dist,3,0,0,0,0,0,5.0,40.0,15.0,10.0,0,116,67.318603515625,1.2306242559490532,,out_of_road
1711,fresh,3,fresh,,,0,0,0,4,1,0,15.0,20.0,5.0,35.0,1,55,16.024656295776367,0.3253776550292969,,crash_vehicle
1712,crossover,0,crossover,,select_lane|ego_on_intersection|intersection_has_cars|has_brake_checker|intersection_cars|has_cluster|maximum_distractor_speed|distance_to_nearest|cluster_dist|brake_dist,7,1,1,1,0,0,5.0,40.0,5.0,10.0,0,96,20.71904182434082,0.2323548363832136,,crash_vehicle
1713,fresh,5,fresh,,,0,1,0,12,1,0,20.0,40.0,10.0,55.0,3,57,7.80021858215332,0.33030650490208674,,out_of_road
1714,replay,5,replay,,,0,1,0,12,1,0,20.0,40.0,10.0,55.0,3,246,213.91452026367188,9.875322190726676,,out_of_road
1715,fresh,5,fresh,,,0,1,0,12,0,1,20.0,40.0,15.0,10.0,2,47,2.2934389114379883,0.08468184318948299,,out_of_road
1716,crossover,6,crossover,,select_lane|ego_on_intersection|intersection_has_cars|distractor_cars|has_brake_checker|maximum_distractor_speed|brake_dist,3,0,0,18,1,0,20.0,20.0,5.0,35.0,1,89,40.298770904541016,0.8844496085402671,,crash_vehicle
1717,fresh,0,fresh,,,0,0,0,1,1,0,20.0,5.0,15.0,35.0,0,28,-8.127595901489258,0.0,,crash_vehicle
1718,mutation,4,mutation,has_cluster,,1,0,0,8,0,1,15.0,10.0,10.0,20.0,2,34,3.9417057037353516,0.3620942340177648,,crash_vehicle
1719,fresh,6,fresh,,,0,1,1,18,1,0,5.0,20.0,5.0,35.0,3,85,27.557872772216797,0.4561709793174968,,crash_vehicle
1720,replay,6,replay,,,0,1,1,18,1,0,5.0,20.0,5.0,35.0,3,42,3.922761917114258,0.39509755089169457,,out_of_road
1721,fresh,0,fresh,,,0,1,1,1,1,0,10.0,5.0,5.0,35.0,0,49,8.791154861450195,1.9738449369158064,,crash_vehicle
1722,crossover,3,crossover,,distractor_cars|intersection_cars|maximum_distractor_speed|distance_to_nearest|cluster_dist,4,1,1,5,1,0,10.0,10.0,10.0,55.0,3,46,9.894983291625977,0.2766397439915201,,crash_vehicle
1723,fresh,5,fresh,,,0,1,0,12,0,0,10.0,5.0,15.0,20.0,3,25,-2.015249013900757,0.0,,crash_vehicle
1724,mutation,3,mutation,maximum_distractor_speed,,1,1,1,5,0,0,5.0,40.0,10.0,20.0,3,91,45.47380828857422,0.885141466836353,,crash_vehicle
1725,fresh,3,fresh,,,0,1,0,5,0,0,15.0,5.0,10.0,55.0,0,30,-0.7635078430175781,0.02237692872683207,,crash_vehicle
1726,replay,3,replay,,,0,1,0,5,0,0,15.0,5.0,10.0,55.0,0,128,63.43579864501953,2.7041283405851573,,crash_vehicle
1727,fresh,2,fresh,,,0,1,0,3,1,0,20.0,40.0,15.0,55.0,0,144,86.05445861816406,2.127195838217934,,crash_vehicle
1728,crossover,5,crossover,,select_lane|ego_on_intersection|intersection_has_cars|distractor_cars|intersection_cars|has_cluster|brake_dist,5,0,0,12,0,1,15.0,20.0,10.0,20.0,0,32,-1.355797529220581,0.004322603344917297,,out_of_road
1729,fresh,6,fresh,,,0,1,0,18,1,1,5.0,10.0,10.0,20.0,2,59,14.495794296264648,1.61177760716212,,crash_vehicle
1730,replay,6,replay,,,0,1,0,18,1,1,5.0,10.0,10.0,20.0,2,140,91.79535675048828,2.9918362770761764,,out_of_road
1731,fresh,3,fresh,,,0,1,1,4,0,1,5.0,20.0,15.0,35.0,0,64,19.580345153808594,0.5566546842455864,,crash_vehicle
1732,crossover,0,crossover,,has_brake_checker|distance_to_nearest|brake_dist,1,1,1,0,0,0,20.0,5.0,15.0,55.0,0,152,83.0920639038086,2.471295523163127,,out_of_road
1733,fresh,3,fresh,,,0,1,1,4,1,1,15.0,5.0,15.0,20.0,3,2,10.0,4.000006675720215,,arrive_dest
1734,crossover,0,crossover,,distractor_cars|has_cluster|cluster_dist|brake_dist,1,1,1,0,0,0,20.0,20.0,5.0,35.0,0,37,0.25400876998901367,0.14588636643177755,,out_of_road
1735,fresh,3,fresh,,,0,0,0,4,1,1,15.0,20.0,5.0,55.0,3,40,2.3646678924560547,0.013625752925872803,,out_of_road
1736,crossover,4,crossover,,has_brake_checker|intersection_cars|maximum_distractor_speed|brake_dist,3,1,0,8,1,1,10.0,40.0,5.0,55.0,1,91,30.562419891357422,0.4055972020704668,,crash_vehicle
1737,fresh,3,fresh,,,0,1,1,4,0,1,20.0,40.0,5.0,35.0,3,87,34.79852294921875,0.34233577515202007,,out_of_road
1738,replay,3,replay,,,0,1,1,4,0,1,20.0,40.0,5.0,35.0,3,2,10.0,0.8648290634155273,,arrive_dest
1739,fresh,6,fresh,,,0,0,0,18,1,1,5.0,20.0,10.0,35.0,3,33,0.7023963928222656,0.0,,out_of_road
1740,crossover,0,crossover,,select_lane|ego_on_intersection|intersection_has_cars|has_brake_checker|intersection_cars|has_cluster|distance_to_nearest|cluster_dist,3,0,0,0,1,0,20.0,40.0,5.0,20.0,0,94,35.24950408935547,0.5412865761429706,,crash_vehicle
1741,fresh,2,fresh,,,0,1,0,3,1,0,5.0,40.0,15.0,55.0,2,38,0.5827522277832031,0.1947754558764006,,crash_vehicle
1742,mutation,1,mutation,has_cluster,,0,0,0,2,1,0,10.0,10.0,15.0,20.0,2,42,2.7637248039245605,0.41049961816696895,,out_of_road
1743,fresh,3,fresh,,,0,1,1,5,1,0,20.0,40.0,15.0,55.0,0,90,36.1198616027832,0.24301655656761592,,out_of_road
1744,replay,3,replay,,,0,1,1,5,1,0,20.0,40.0,15.0,55.0,0,129,56.028419494628906,1.3933100735032282,,out_of_road
1745,fresh,5,fresh,,,0,0,0,12,0,0,20.0,20.0,10.0,10.0,3,58,11.17723274230957,0.4073531350185131,,crash_vehicle
1746,mutation,0,mutation,has_brake_checker,,1,0,0,0,1,0,5.0,40.0,5.0,10.0,0,43,-1.979217529296875,0.018010294714639354,,out_of_road
1747,fresh,5,fresh,,,0,1,1,12,1,0,10.0,40.0,10.0,55.0,3,84,37.31148147583008,0.41138008662632536,,crash_vehicle
1748,crossover,0,crossover,,distractor_cars|has_brake_checker|intersection_cars|distance_to_nearest|cluster_dist|brake_dist,5,0,0,1,0,0,15.0,5.0,10.0,55.0,1,48,7.482302665710449,0.4198479652404785,,out_of_road
1749,fresh,0,fresh,,,0,1,1,1,1,0,20.0,10.0,10.0,35.0,1,138,64.4108657836914,0.8117401120455369,,crash_vehicle
1750,mutation,0,mutation,intersection_cars,,0,1,1,0,0,0,20.0,20.0,5.0,55.0,0,42,4.473271369934082,0.24392485476675488,,out_of_road
1751,fresh,0,fresh,,,0,1,0,0,1,0,20.0,20.0,10.0,20.0,0,48,3.218949317932129,0.3654411236445109,,out_of_road
1752,mutation,3,mutation,distance_to_nearest,,0,1,0,5,1,0,15.0,20.0,15.0,35.0,3,90,33.17658233642578,0.8709085136651993,,crash_vehicle
1753,fresh,3,fresh,,,0,0,0,5,1,1,20.0,20.0,10.0,35.0,0,86,16.90996742248535,0.3242017571316209,,crash_vehicle
1754,replay,3,replay,,,0,0,0,5,1,1,20.0,20.0,10.0,35.0,0,74,10.036663055419922,1.3964309561494235,,crash_vehicle
1755,fresh,6,fresh,,,0,1,1,18,0,1,5.0,40.0,15.0,55.0,1,100,32.40132141113281,0.5046804210543633,,crash_vehicle
1756,mutation,3,mutation,distance_to_nearest,,1,0,0,4,1,0,15.0,10.0,10.0,55.0,3,50,11.151220321655273,0.4078186416625977,,crash_vehicle
1757,fresh,0,fresh,,,0,0,0,1,1,0,10.0,20.0,5.0,55.0,1,150,86.82199096679688,1.994480268061161,,out_of_road
1758,crossover,2,crossover,,intersection_cars|cluster_dist|brake_dist,2,0,0,3,1,1,20.0,20.0,10.0,35.0,2,58,5.35338020324707,0.38870920806095516,,crash_vehicle
1759,fresh,4,fresh,,,0,1,0,8,1,0,5.0,5.0,15.0,20.0,0,64,17.11515998840332,3.1570205660536885,,crash_vehicle
1760,crossover,6,crossover,,distractor_cars|has_brake_checker|intersection_cars|maximum_distractor_speed|distance_to_nearest|brake_dist,4,0,0,18,0,0,15.0,20.0,5.0,20.0,3,21,-5.197282314300537,2.1151838643210277,,out_of_road
1761,fresh,0,fresh,,,0,1,1,1,0,1,20.0,40.0,10.0,20.0,0,45,1.6908836364746094,0.45388608243730333,,out_of_road
1762,crossover,3,crossover,,select_lane|ego_on_intersection|intersection_has_cars|has_cluster|cluster_dist,3,1,0,5,0,0,20.0,40.0,5.0,20.0,3,43,1.871671199798584,0.0768990017646967,,out_of_road
1763,fresh,1,fresh,,,0,1,1,2,1,1,10.0,20.0,15.0,55.0,2,32,0.5750107765197754,0.3272915482521057,,out_of_road
1764,replay,1,replay,,,0,1,1,2,1,1,10.0,20.0,15.0,55.0,2,37,0.7066254615783691,0.19104646992039037,,out_of_road
1765,fresh,0,fresh,,,0,0,0,0,1,0,10.0,40.0,5.0,20.0,0,89,34.309356689453125,0.7357537160219436,,crash_vehicle
1766,replay,0,replay,,,0,0,0,0,1,0,10.0,40.0,5.0,20.0,0,35,0.23978424072265625,0.08217477117265974,,out_of_road
1767,fresh,6,fresh,,,0,1,0,18,0,0,10.0,10.0,10.0,55.0,2,97,27.100303649902344,1.7891015529814993,,out_of_road
1768,replay,6,replay,,,0,1,0,18,0,0,10.0,10.0,10.0,55.0,2,30,-1.3993983268737793,0.12050346533457439,,out_of_road
1769,fresh,3,fresh,,,0,0,0,4,0,1,15.0,40.0,10.0,35.0,3,73,25.562849044799805,0.9693794568924055,,out_of_road
1770,crossover,2,crossover,,select_lane|ego_on_intersection|intersection_has_cars|has_brake_checker|maximum_distractor_speed|cluster_dist,3,0,0,3,1,1,15.0,40.0,10.0,55.0,3,103,47.9631462097168,1.4097510433746774,,out_of_road
1771,fresh,4,fresh,,,0,1,0,8,0,1,15.0,5.0,10.0,55.0,3,56,10.783194541931152,2.3123954885772298,,crash_vehicle
1772,replay,4,replay,,,0,1,0,8,0,1,15.0,5.0,10.0,55.0,3,118,43.0362434387207,3.7654662011033397,,out_of_road
1773,fresh,5,fresh,,,0,1,0,12,0,0,5.0,40.0,10.0,20.0,1,76,23.282991409301758,0.44297944872002853,,crash_vehicle
1774,crossover,1,crossover,,distractor_cars|has_brake_checker|brake_dist,2,0,0,2,0,0,20.0,20.0,10.0,10.0,2,49,4.950527191162109,0.4346973263487524,,out_of_road
1775,fresh,1,fresh,,,0,1,0,2,1,1,5.0,10.0,15.0,55.0,0,48,8.94046688079834,0.016494535530606907,,crash_vehicle
1776,mutation,5,mutation,has_brake_checker,,0,1,1,12,0,1,20.0,10.0,15.0,35.0,1,46,6.963756561279297,0.4000353074592093,,crash_vehicle
1777,fresh,3,fresh,,,0,0,0,4,1,1,15.0,10.0,15.0,55.0,0,41,-0.28455257415771484,0.07268511958238555,,out_of_road
1778,crossover,1,crossover,,select_lane|ego_on_intersection|intersection_has_cars|has_cluster|maximum_distractor_speed|distance_to_nearest|cluster_dist,4,1,0,2,1,1,5.0,20.0,10.0,35.0,0,61,19.000459671020508,0.5383157886442591,,crash_vehicle
1779,fresh,5,fresh,,,0,1,0,12,0,1,15.0,40.0,10.0,10.0,2,32,0.15949058532714844,0.06864424794912338,,out_of_road
1780,replay,5,replay,,,0,1,0,12,0,1,15.0,40.0,10.0,10.0,2,20,-5.232028007507324,1.540285485982895,,out_of_road
1781,fresh,0,fresh,,,0,0,0,1,1,0,20.0,10.0,5.0,55.0,0,145,72.16215515136719,5.4263030494081566,,crash_vehicle
1782,replay,0,replay,,,0,0,0,1,1,0,20.0,10.0,5.0,55.0,0,114,55.09227752685547,5.08425310254097,,crash_vehicle
1783,fresh,4,fresh,,,0,1,1,8,1,1,10.0,10.0,10.0,55.0,0,40,4.410992622375488,0.2224615514278412,,crash_vehicle
1784,crossover,6,crossover,,select_lane|ego_on_intersection|intersection_has_cars|distractor_cars|has_brake_checker|intersection_cars|has_cluster|distance_to_nearest|cluster_dist|brake_dist,6,1,1,18,0,0,15.0,10.0,5.0,10.0,3,151,91.47474670410156,5.424582209413415,,out_of_road
1785,fresh,6,fresh,,,0,0,0,18,1,0,15.0,40.0,15.0,55.0,1,106,50.327388763427734,1.0878407957981218,,crash_vehicle
1786,crossover,3,crossover,,select_lane|ego_on_intersection|intersection_has_cars|has_brake_checker|intersection_cars|has_cluster|distance_to_nearest|brake_dist,4,1,1,5,1,0,5.0,5.0,10.0,55.0,2,22,-0.6079015731811523,0.0,,crash_vehicle
1787,fresh,3,fresh,,,0,1,1,4,1,1,15.0,10.0,10.0,35.0,1,55,12.839359283447266,0.686931907046925,,crash_vehicle
1788,crossover,2,crossover,,has_brake_checker|intersection_cars|has_cluster|brake_dist,2,0,0,3,1,0,20.0,40.0,15.0,55.0,1,33,0.16440057754516602,0.09843251199433298,,out_of_road
1789,fresh,6,fresh,,,0,1,1,18,0,1,10.0,10.0,5.0,55.0,1,37,3.8926525115966797,0.304672756710568,,crash_vehicle
1790,mutation,0,mutation,distance_to_nearest,,1,0,0,0,0,0,15.0,20.0,10.0,10.0,0,226,170.75099182128906,5.003065901651847,,out_of_road
1791,fresh,1,fresh,,,0,1,1,2,1,0,15.0,10.0,5.0,55.0,2,143,83.2457504272461,1.7128144318198824,,out_of_road
1792,mutation,3,mutation,intersection_cars,,1,1,1,5,0,0,20.0,20.0,10.0,20.0,1,164,76.4244613647461,1.9159004418406544,,out_of_road
1793,fresh,6,fresh,,,0,0,0,18,1,1,5.0,40.0,10.0,55.0,2,83,25.83046531677246,0.430797898625753,,crash_vehicle
1794,mutation,3,mutation,maximum_distractor_speed,,1,1,1,5,0,0,15.0,20.0,10.0,20.0,1,64,17.189247131347656,0.33766337111592293,,crash_vehicle
1795,fresh,0,fresh,,,0,0,0,0,1,0,20.0,40.0,5.0,35.0,0,121,63.07304382324219,1.5986699883110267,,crash_vehicle
1796,replay,0,replay,,,0,0,0,0,1,0,20.0,40.0,5.0,35.0,0,85,41.47303009033203,1.3747207702082747,,crash_vehicle
1797,fresh,6,fresh,,,0,1,0,18,0,1,10.0,20.0,10.0,20.0,1,53,12.508872985839844,0.450396717719312,,crash_vehicle
1798,crossover,6,crossover,,select_lane|ego_on_intersection|intersection_has_cars|has_brake_checker|has_cluster|maximum_distractor_speed|distance_to_nearest|cluster_dist,6,1,0,18,0,1,10.0,40.0,15.0,55.0,2,85,30.564273834228516,0.35525033719399396,,crash_vehicle
1799,fresh,3,fresh,,,0,1,0,5,0,1,15.0,5.0,15.0,20.0,0,124,35.2927360534668,3.9160234695000034,,crash_vehicle
1800,crossover,0,crossover,,select_lane|ego_on_intersection|intersection_has_cars|distractor_cars|has_brake_checker|intersection_cars|maximum_distractor_speed|cluster_dist|brake_dist,5,1,1,0,0,0,5.0,40.0,10.0,55.0,0,81,27.660186767578125,0.3224857942557629,,out_of_road
1801,fresh,1,fresh,,,0,1,1,2,0,1,20.0,10.0,15.0,55.0,2,91,30.959091186523438,0.3319400968132438,,out_of_road
1802,replay,1,replay,,,0,1,1,2,0,1,20.0,10.0,15.0,55.0,2,94,39.46098709106445,2.0663433643256095,,out_of_road
1803,fresh,4,fresh,,,0,0,0,8,1,1,5.0,20.0,5.0,35.0,2,79,12.055715560913086,0.8065670590989197,,crash_vehicle
1804,mutation,6,mutation,maximum_distractor_speed,,0,1,1,18,0,0,5.0,40.0,15.0,55.0,3,32,0.09547233581542969,0.3928524851799011,,out_of_road
1805,fresh,2,fresh,,,0,0,0,3,1,0,5.0,10.0,10.0,20.0,2,51,9.858844757080078,0.3772842399045533,,crash_vehicle
1806,replay,2,replay,,,0,0,0,3,1,0,5.0,10.0,10.0,20.0,2,177,111.96346282958984,3.684977496074418,,out_of_road
1807,fresh,0,fresh,,,0,1,1,1,1,0,5.0,5.0,10.0,20.0,1,92,35.601776123046875,0.9967225015811298,,crash_vehicle
1808,crossover,0,crossover,,select_lane|ego_on_intersection|intersection_has_cars|has_cluster|distance_to_nearest|cluster_dist,9,0,0,0,0,0,10.0,5.0,5.0,20.0,0,167,80.94782257080078,1.7484834513621417,rejection_fallback,out_of_road
1809,fresh,0,fresh,,,0,1,0,0,1,0,5.0,20.0,5.0,35.0,0,137,73.64495086669922,1.9129728331182996,,crash_vehicle
1810,replay,0,replay,,,0,1,0,0,1,0,5.0,20.0,5.0,35.0,0,31,-0.16874027252197266,0.5674567684050529,,out_of_road
1811,fresh,4,fresh,,,0,1,1,8,1,1,20.0,20.0,5.0,55.0,2,52,13.942667007446289,0.29882000042841983,,crash_vehicle
1812,crossover,0,crossover,,select_lane|ego_on_intersection|intersection_has_cars|distractor_cars|has_brake_checker|has_cluster|distance_to_nearest|brake_dist,4,0,0,0,1,0,5.0,10.0,10.0,55.0,0,142,89.34039306640625,2.9070289466582553,,crash_vehicle
1813,fresh,2,fresh,,,0,0,0,3,0,1,10.0,10.0,10.0,10.0,3,35,0.003509521484375,0.0,,out_of_road
1814,mutation,3,mutation,brake_dist,,0,1,0,5,0,1,15.0,5.0,15.0,20.0,0,75,24.124448776245117,4.272625700632731,,crash_vehicle
1815,fresh,2,fresh,,,0,0,0,3,0,0,5.0,10.0,5.0,35.0,0,89,29.16271209716797,2.440600765638807,,crash_vehicle
1816,replay,2,replay,,,0,0,0,3,0,0,5.0,10.0,5.0,35.0,0,141,83.13945770263672,2.255418156953991,,crash_vehicle
1817,fresh,2,fresh,,,0,0,0,3,0,0,5.0,10.0,15.0,20.0,3,100,46.98285675048828,2.722609924674034,,out_of_road
1818,replay,2,replay,,,0,0,0,3,0,0,5.0,10.0,15.0,20.0,3,42,2.5844359397888184,0.35420207608313786,,out_of_road
1819,fresh,1,fresh,,,0,0,0,2,0,0,15.0,10.0,5.0,10.0,2,37,1.5280742645263672,0.9442669249869682,,out_of_road
1820,replay,1,replay,,,0,0,0,2,0,0,15.0,10.0,5.0,10.0,2,146,89.60375213623047,2.4799378073378784,,out_of_road
1821,fresh,4,fresh,,,0,0,0,8,1,0,5.0,20.0,10.0,35.0,3,35,0.9290771484375,0.17957620791026524,,out_of_road
1822,crossover,2,crossover,,select_lane|ego_on_intersection|intersection_has_cars|distractor_cars|has_brake_checker|intersection_cars|distance_to_nearest|brake_dist,4,0,0,3,0,0,5.0,10.0,10.0,35.0,2,44,4.683940887451172,0.2545840089971369,,crash_vehicle
1823,fresh,0,fresh,,,0,0,0,0,1,0,15.0,40.0,10.0,55.0,0,139,90.46163940429688,2.640120052176414,,crash_vehicle
1824,mutation,3,mutation,maximum_distractor_speed,,1,1,1,5,0,0,15.0,20.0,10.0,35.0,0,236,186.7483367919922,6.768024617837647,,out_of_road
1825,fresh,1,fresh,,,0,1,0,2,1,0,20.0,40.0,5.0,55.0,1,37,1.1957030296325684,0.02235788106918335,,out_of_road
1826,mutation,0,mutation,has_cluster,,0,1,0,0,1,0,10.0,10.0,5.0,20.0,0,88,43.823360443115234,1.6252377612346953,,crash_vehicle
1827,fresh,4,fresh,,,0,0,0,8,1,1,5.0,20.0,15.0,35.0,3,65,18.924381256103516,0.4737337149106539,,crash_vehicle
1828,mutation,1,mutation,has_cluster,,1,0,0,2,0,0,20.0,20.0,10.0,10.0,1,157,94.9692611694336,4.589191737638157,,out_of_road
1829,fresh,1,fresh,,,0,0,0,2,1,0,15.0,40.0,5.0,55.0,2,33,-1.1670091152191162,0.4155117092710553,,out_of_road
1830,mutation,0,mutation,has_cluster,,1,0,0,1,0,1,5.0,40.0,10.0,55.0,1,39,1.8664469718933105,0.30231448931571764,,out_of_road
1831,fresh,3,fresh,,,0,0,0,5,1,1,20.0,10.0,15.0,55.0,1,106,53.46621322631836,5.230868502326731,,crash_vehicle
1832,crossover,0,crossover,,distractor_cars|distance_to_nearest,0,1,0,1,1,0,20.0,40.0,10.0,55.0,1,91,35.267086029052734,0.28388155423677885,,out_of_road
1833,fresh,6,fresh,,,0,1,0,18,1,1,5.0,40.0,10.0,55.0,1,2,10.0,8.302882194519043,,arrive_dest
1834,mutation,1,mutation,cluster_dist,,1,1,1,2,1,0,20.0,40.0,10.0,55.0,2,40,3.304682731628418,0.6363853558897972,,out_of_road
1835,fresh,0,fresh,,,0,0,0,1,0,0,10.0,5.0,10.0,20.0,1,71,35.10594177246094,2.913550769779044,,arrive_dest
1836,mutation,2,mutation,select_road|select_lane|ego_on_intersection|intersection_has_cars,,3,0,0,3,0,1,10.0,5.0,5.0,35.0,2,28,-0.27057313919067383,0.0,,crash_vehicle
1837,fresh,3,fresh,,,0,1,1,4,0,0,20.0,40.0,5.0,20.0,0,111,50.9039192199707,0.3663186379918107,,crash_vehicle
1838,crossover,1,crossover,,has_brake_checker|intersection_cars|has_cluster|cluster_dist,5,0,0,2,1,1,20.0,10.0,15.0,20.0,2,123,61.236656188964844,1.7653201808774375,,crash_vehicle
1839,fresh,6,fresh,,,0,1,0,18,0,1,10.0,10.0,10.0,10.0,0,34,4.6665496826171875,0.23903529784258673,,crash_vehicle
1840,replay,6,replay,,,0,1,0,18,0,1,10.0,10.0,10.0,10.0,0,95,42.27106857299805,0.377028320494451,,out_of_road
1841,fresh,3,fresh,,,0,1,1,5,0,1,10.0,10.0,10.0,35.0,3,54,8.069295883178711,0.40471170014805263,,crash_vehicle
1842,replay,3,replay,,,0,1,1,5,0,1,10.0,10.0,10.0,35.0,3,118,53.0245246887207,1.6359231903896494,,out_of_road
1843,fresh,3,fresh,,,0,1,1,5,0,0,10.0,40.0,5.0,20.0,1,145,97.66928100585938,3.08521986295437,,crash_vehicle
1844,mutation,6,mutation,distance_to_nearest,,1,1,1,18,1,0,15.0,10.0,5.0,55.0,0,177,-0.38359928131103516,0.49311652931116395,,out_of_road
1845,fresh,4,fresh,,,0,0,0,8,0,1,15.0,20.0,10.0,55.0,3,38,0.876410961151123,0.20402952871824565,,out_of_road
1846,mutation,1,mutation,has_cluster,,0,1,1,2,0,1,20.0,10.0,10.0,35.0,2,42,3.265772819519043,0.6226372456266767,,out_of_road
1847,fresh,0,fresh,,,0,0,0,0,1,0,10.0,5.0,10.0,35.0,0,145,57.816612243652344,1.407119550581636,,crash_vehicle
1848,replay,0,replay,,,0,0,0,0,1,0,10.0,5.0,10.0,35.0,0,153,103.08201599121094,3.283859537902221,,crash_vehicle
1849,fresh,4,fresh,,,0,1,1,8,0,1,15.0,20.0,10.0,35.0,2,54,13.380105972290039,0.6943278489289461,,crash_vehicle
1850,replay,4,replay,,,0,1,1,8,0,1,15.0,20.0,10.0,35.0,2,145,78.58050537109375,2.099182678707715,,crash_vehicle
1851,fresh,5,fresh,,,0,1,1,12,0,1,15.0,10.0,5.0,20.0,1,180,1.3011317253112793,0.29317475574918916,,out_of_road
1852,crossover,0,crossover,,select_lane|ego_on_intersection|intersection_has_cars|distractor_cars|has_brake_checker|intersection_cars|has_cluster|distance_to_nearest|brake_dist,3,1,0,0,0,0,5.0,40.0,5.0,55.0,0,38,1.7767019271850586,0.4420884337864424,,out_of_road
1853,fresh,4,fresh,,,0,1,1,8,1,1,15.0,20.0,10.0,35.0,1,59,16.776506423950195,0.38596861241227487,,crash_vehicle
1854,mutation,1,mutation,intersection_cars,,1,1,0,2,0,0,20.0,20.0,15.0,35.0,1,114,60.016448974609375,1.7505202605797534,,out_of_road
1855,fresh,0,fresh,,,0,1,1,0,0,0,15.0,10.0,15.0,55.0,0,98,38.943870544433594,0.8831417001023585,,out_of_road
1856,crossover,4,crossover,,select_lane|ego_on_intersection|intersection_has_cars|distractor_cars|has_brake_checker|distance_to_nearest,4,0,0,8,1,0,5.0,40.0,15.0,55.0,0,110,58.9908332824707,0.9468849909576502,,crash_vehicle
1857,fresh,0,fresh,,,0,0,0,1,1,0,10.0,5.0,15.0,55.0,1,89,38.510807037353516,0.32871457800436554,,out_of_road
1858,mutation,3,mutation,has_cluster,,1,1,1,5,1,1,10.0,40.0,15.0,55.0,3,135,82.80691528320312,1.7277682152059344,,crash_vehicle
1859,fresh,0,fresh,,,0,0,0,0,1,0,20.0,10.0,5.0,55.0,0,105,29.009605407714844,2.035906495082946,,out_of_road
1860,crossover,2,crossover,,distractor_cars|has_cluster|maximum_distractor_speed|brake_dist,3,1,0,3,1,1,15.0,10.0,10.0,20.0,0,33,-0.6011538505554199,0.2370879171472607,,out_of_road
1861,fresh,0,fresh,,,0,0,0,0,0,0,5.0,20.0,5.0,35.0,0,101,31.188674926757812,4.004933097574971,,out_of_road
1862,crossover,1,crossover,,distractor_cars|maximum_distractor_speed,0,0,0,2,1,0,20.0,20.0,10.0,35.0,0,85,39.357749938964844,1.1120398155030082,,crash_vehicle
1863,fresh,1,fresh,,,0,0,0,2,0,0,5.0,10.0,15.0,10.0,1,55,18.069738388061523,1.1731948944655333,,crash_vehicle
1864,crossover,2,crossover,,distractor_cars|has_brake_checker|intersection_cars|has_cluster|maximum_distractor_speed,2,1,1,3,0,1,15.0,20.0,10.0,20.0,2,37,1.9713516235351562,0.056039114054795856,,out_of_road
1865,fresh,6,fresh,,,0,1,0,18,1,0,20.0,5.0,5.0,20.0,1,116,45.545631408691406,5.933507485122516,,crash_vehicle
1866,mutation,3,mutation,cluster_dist,,1,1,1,4,0,0,15.0,40.0,15.0,55.0,3,157,87.15923309326172,2.447795805942481,,out_of_road
1867,fresh,3,fresh,,,0,1,0,5,0,0,10.0,40.0,15.0,20.0,0,100,23.082504272460938,1.6402828645706178,,out_of_road
1868,crossover,0,crossover,,distractor_cars|has_brake_checker|intersection_cars|maximum_distractor_speed|distance_to_nearest|brake_dist,3,1,1,0,0,0,5.0,40.0,15.0,10.0,0,262,185.2093048095703,4.4833029239289175,,out_of_road
1869,fresh,4,fresh,,,0,0,0,8,1,1,10.0,40.0,5.0,55.0,3,41,4.72027587890625,1.3694169288728295,,out_of_road
1870,crossover,4,crossover,,select_lane|ego_on_intersection|intersection_has_cars|distractor_cars|intersection_cars|has_cluster|cluster_dist,5,1,1,8,1,0,15.0,40.0,10.0,55.0,1,55,9.313553810119629,1.3841015902432527,,crash_vehicle
1871,fresh,0,fresh,,,0,0,0,1,0,0,10.0,5.0,5.0,10.0,1,215,181.30874633789062,6.2561103317626685,,out_of_road
1872,mutation,2,mutation,distance_to_nearest,,0,0,0,3,1,0,5.0,10.0,10.0,35.0,3,99,50.68379211425781,0.8389618167973528,,out_of_road
1873,fresh,5,fresh,,,0,1,1,12,0,0,5.0,10.0,10.0,55.0,3,51,9.792437553405762,0.2970869774911918,,crash_vehicle
1874,replay,5,replay,,,0,1,1,12,0,0,5.0,10.0,10.0,55.0,3,95,29.939899444580078,3.439313889569358,,crash_vehicle
1875,fresh,1,fresh,,,0,0,0,2,1,0,5.0,40.0,10.0,55.0,0,111,61.8936767578125,1.1756845911343892,,crash_vehicle
1876,crossover,4,crossover,,select_lane|ego_on_intersection|intersection_has_cars|distractor_cars|has_brake_checker|has_cluster|maximum_distractor_speed|distance_to_nearest|cluster_dist|brake_dist,5,0,0,8,1,1,10.0,40.0,5.0,55.0,0,42,4.177607536315918,0.31965640896842595,,out_of_road
1877,fresh,0,fresh,,,0,0,0,1,0,1,15.0,40.0,5.0,20.0,0,86,33.98402786254883,1.1219507816225984,,out_of_road
1878,replay,0,replay,,,0,0,0,1,0,1,15.0,40.0,5.0,20.0,0,84,38.310543060302734,0.8695245385169983,,out_of_road
1879,fresh,4,fresh,,,0,1,0,8,0,1,10.0,5.0,5.0,10.0,0,27,-0.39433860778808594,0.31257078382703996,,crash_vehicle
1880,replay,4,replay,,,0,1,0,8,0,1,10.0,5.0,5.0,10.0,0,126,72.48394012451172,1.499222111843881,,out_of_road
1881,fresh,1,fresh,,,0,1,0,2,1,1,20.0,40.0,5.0,55.0,0,73,30.953022003173828,0.7436069903308398,,crash_vehicle
1882,crossover,6,crossover,,select_lane|ego_on_intersection|intersection_has_cars|distractor_cars|has_brake_checker|intersection_cars|has_cluster|maximum_distractor_speed|cluster_dist|brake_dist,7,0,0,18,1,0,20.0,20.0,15.0,55.0,3,66,21.324708938598633,0.46810937243880646,,crash_vehicle
1883,fresh,3,fresh,,,0,1,1,4,1,0,5.0,5.0,10.0,20.0,3,33,2.2889561653137207,1.0085996904156425,,crash_vehicle
1884,mutation,6,mutation,select_road|select_lane|ego_on_intersection|intersection_has_cars,,2,1,0,18,0,0,20.0,10.0,5.0,10.0,3,166,91.39453125,5.234487640929509,,crash_vehicle
1885,fresh,5,fresh,,,0,0,0,12,1,0,15.0,40.0,10.0,55.0,0,119,60.186134338378906,0.7785496711730957,,out_of_road
1886,mutation,3,mutation,maximum_distractor_speed,,0,1,1,5,0,0,10.0,40.0,5.0,20.0,1,107,40.923465728759766,2.637270319127591,,out_of_road
1887,fresh,4,fresh,,,0,0,0,8,1,0,15.0,10.0,5.0,55.0,3,70,14.326028823852539,0.7307487191898482,,crash_vehicle
1888,replay,4,replay,,,0,0,0,8,1,0,15.0,10.0,5.0,55.0,3,134,78.7198486328125,2.9503681659698486,,crash_vehicle
1889,fresh,4,fresh,,,0,0,0,8,1,1,10.0,10.0,10.0,20.0,3,71,17.37375831604004,2.071167180235957,,crash_vehicle
1890,mutation,3,mutation,has_brake_checker,,2,0,0,4,1,0,20.0,40.0,15.0,55.0,2,119,55.348594665527344,0.636835199319014,,out_of_road
1891,fresh,4,fresh,,,0,1,0,8,0,1,10.0,10.0,15.0,35.0,2,83,32.193702697753906,2.6230307961084756,,crash_vehicle
1892,replay,4,replay,,,0,1,0,8,0,1,10.0,10.0,15.0,35.0,2,123,62.79077911376953,1.3404262887268532,,crash_vehicle
1893,fresh,2,fresh,,,0,0,0,3,1,0,10.0,10.0,5.0,55.0,2,89,29.937122344970703,2.614724502804574,,out_of_road
1894,crossover,5,crossover,,select_lane|ego_on_intersection|intersection_has_cars|has_brake_checker|has_cluster|distance_to_nearest|cluster_dist,5,1,1,12,1,0,5.0,20.0,15.0,35.0,3,62,11.959381103515625,1.6313140478826338,,out_of_road
1895,fresh,3,fresh,,,0,0,0,4,0,1,5.0,5.0,10.0,55.0,2,32,-0.22893381118774414,0.0,,crash_vehicle
1896,replay,3,replay,,,0,0,0,4,0,1,5.0,5.0,10.0,55.0,2,41,5.466582298278809,0.6472905074677816,,crash_vehicle
1897,fresh,5,fresh,,,0,0,0,12,0,1,20.0,5.0,5.0,35.0,3,28,0.7733516693115234,0.030472755432128906,,crash_vehicle
1898,mutation,2,mutation,maximum_distractor_speed,,1,1,1,3,1,0,10.0,40.0,5.0,55.0,3,147,93.48167419433594,4.745928560795427,,crash_vehicle
1899,fresh,0,fresh,,,0,1,0,0,0,0,20.0,20.0,10.0,35.0,0,40,4.3904266357421875,0.5282205931842328,,out_of_road
1900,crossover,6,crossover,,select_lane|ego_on_intersection|intersection_has_cars|distractor_cars|intersection_cars|maximum_distractor_speed|distance_to_nearest|brake_dist,5,0,0,18,0,1,20.0,20.0,5.0,35.0,2,64,12.511676788330078,0.20167170464992523,,crash_vehicle
1901,fresh,0,fresh,,,0,0,0,1,0,0,10.0,5.0,10.0,20.0,1,242,205.10775756835938,9.567230085696071,,out_of_road
1902,replay,0,replay,,,0,0,0,1,0,0,10.0,5.0,10.0,20.0,1,103,42.01651382446289,2.469594982063886,,crash_vehicle
1903,fresh,0,fresh,,,0,1,1,1,0,1,5.0,40.0,5.0,20.0,1,50,3.2656211853027344,0.4442498540878296,,out_of_road
1904,crossover,1,crossover,,intersection_cars|cluster_dist,1,1,0,2,0,0,20.0,20.0,15.0,35.0,0,40,1.765578269958496,0.1659719876945019,,out_of_road
1905,fresh,2,fresh,,,0,1,1,3,1,1,15.0,5.0,10.0,20.0,1,37,3.589707374572754,0.18703584695184552,,crash_vehicle
1906,mutation,6,mutation,distance_to_nearest,,1,0,0,18,0,1,5.0,5.0,15.0,55.0,1,73,14.39558219909668,2.389513136589364,,crash_vehicle
1907,fresh,3,fresh,,,0,0,0,4,0,1,10.0,10.0,10.0,55.0,2,39,4.615507125854492,0.19296577649238783,,crash_vehicle
1908,crossover,1,crossover,,select_lane|ego_on_intersection|intersection_has_cars|distractor_cars|has_brake_checker|intersection_cars|has_cluster|maximum_distractor_speed|distance_to_nearest|brake_dist,2,0,0,2,1,0,10.0,10.0,15.0,55.0,2,2,10.0,5.780252456665039,,arrive_dest
1909,fresh,2,fresh,,,0,0,0,3,0,1,20.0,10.0,5.0,10.0,2,115,50.37099838256836,4.61190339922905,,out_of_road
1910,crossover,3,crossover,,has_brake_checker|intersection_cars|has_cluster|maximum_distractor_speed|distance_to_nearest|brake_dist,5,0,0,5,0,0,15.0,5.0,5.0,20.0,3,123,58.261993408203125,6.393762620241661,,out_of_road
1911,fresh,3,fresh,,,0,1,0,5,0,0,5.0,10.0,10.0,55.0,0,63,20.481584548950195,1.8094462818569608,,crash_vehicle
1912,crossover,0,crossover,,distractor_cars|has_cluster|maximum_distractor_speed|distance_to_nearest,3,0,0,1,0,0,15.0,10.0,15.0,55.0,0,116,53.277103424072266,4.391746272300852,,out_of_road
1913,fresh,0,fresh,,,0,1,0,0,1,0,10.0,5.0,5.0,35.0,0,38,2.6826281547546387,0.4676548619019358,,out_of_road
1914,crossover,5,crossover,,distractor_cars|has_brake_checker|has_cluster|maximum_distractor_speed,1,0,0,12,1,0,10.0,20.0,5.0,35.0,1,88,36.346946716308594,1.3927471922202543,,crash_vehicle
1915,fresh,3,fresh,,,0,0,0,4,1,0,5.0,5.0,15.0,35.0,2,48,0.5689668655395508,1.008212352792422,,crash_vehicle
1916,mutation,2,mutation,has_brake_checker,,1,1,1,3,0,1,15.0,40.0,15.0,55.0,2,91,36.56571960449219,0.37608082084865363,,crash_vehicle
1917,fresh,4,fresh,,,0,0,0,8,1,0,20.0,40.0,10.0,55.0,0,55,14.948003768920898,0.9236931047656319,,out_of_road
1918,replay,4,replay,,,0,0,0,8,1,0,20.0,40.0,10.0,55.0,0,113,46.258846282958984,5.828170478080226,,crash_vehicle
1919,fresh,4,fresh,,,0,1,1,8,1,1,10.0,20.0,10.0,55.0,2,71,27.184436798095703,0.42800753049447504,,crash_vehicle
1920,crossover,0,crossover,,select_lane|ego_on_intersection|intersection_has_cars|maximum_distractor_speed|brake_dist,3,1,1,1,0,0,5.0,10.0,10.0,35.0,1,101,45.269195556640625,0.44857325323737496,,out_of_road
1921,fresh,2,fresh,,,0,0,0,3,1,1,5.0,5.0,15.0,20.0,2,29,-2.2705729007720947,0.14095775012312264,,crash_vehicle
1922,crossover,3,crossover,,select_lane|ego_on_intersection|intersection_has_cars|distractor_cars|has_brake_checker|has_cluster|maximum_distractor_speed,2,1,0,5,0,0,20.0,20.0,10.0,20.0,3,195,147.18638610839844,7.281710251783713,,out_of_road
1923,fresh,0,fresh,,,0,1,0,1,0,0,5.0,10.0,15.0,55.0,1,44,4.48076057434082,1.2056437717242674,,out_of_road
1924,replay,0,replay,,,0,1,0,1,0,0,5.0,10.0,15.0,55.0,1,90,36.27477264404297,2.2328958214985,,crash_vehicle
1925,fresh,1,fresh,,,0,1,0,2,1,1,20.0,5.0,10.0,55.0,2,2,10.0,2.7976551055908203,,arrive_dest
1926,crossover,1,crossover,,select_lane|ego_on_intersection|intersection_has_cars|has_brake_checker|maximum_distractor_speed|cluster_dist|brake_dist,5,1,1,2,0,0,20.0,20.0,10.0,35.0,0,121,63.90229034423828,4.140991796146739,,out_of_road
1927,fresh,2,fresh,,,0,1,1,3,1,1,10.0,40.0,10.0,55.0,0,79,36.373958587646484,0.8275661845750446,,crash_vehicle
1928,crossover,0,crossover,,distractor_cars|maximum_distractor_speed|cluster_dist,5,1,1,0,1,0,5.0,40.0,5.0,55.0,0,40,4.676324844360352,0.7943978808820248,,out_of_road
1929,fresh,4,fresh,,,0,0,0,8,0,1,5.0,5.0,5.0,20.0,0,29,0.848762035369873,0.11054210930035033,,crash_vehicle
1930,replay,4,replay,,,0,0,0,8,0,1,5.0,5.0,5.0,20.0,0,106,35.755741119384766,3.685208741628196,,out_of_road
1931,fresh,0,fresh,,,0,0,0,0,1,0,10.0,5.0,15.0,55.0,0,103,55.96821212768555,2.307126654293931,,out_of_road
1932,crossover,6,crossover,,select_lane|ego_on_intersection|intersection_has_cars|distractor_cars|intersection_cars|has_cluster|brake_dist,4,1,1,18,1,0,15.0,20.0,5.0,55.0,0,60,11.861783981323242,0.3193595250447591,,crash_vehicle
1933,fresh,0,fresh,,,0,1,1,0,1,0,5.0,10.0,15.0,35.0,0,133,56.27216339111328,3.6045015431884537,,crash_vehicle
1934,mutation,1,mutation,has_brake_checker,,2,0,0,2,1,1,20.0,10.0,5.0,20.0,1,36,2.0662760734558105,0.16140046281119189,,out_of_road
1935,fresh,5,fresh,,,0,0,0,12,0,1,5.0,20.0,10.0,20.0,3,61,15.421489715576172,0.45050840104212525,,crash_vehicle
1936,replay,5,replay,,,0,0,0,12,0,1,5.0,20.0,10.0,20.0,3,86,30.89712142944336,4.610601171504619,,crash_vehicle
1937,fresh,3,fresh,,,0,1,1,5,1,1,10.0,10.0,15.0,55.0,3,51,23.266231536865234,3.205769958449345,,arrive_dest
1938,replay,3,replay,,,0,1,1,5,1,1,10.0,10.0,15.0,55.0,3,138,84.24336242675781,2.335999088442844,,crash_vehicle
1939,fresh,2,fresh,,,0,1,1,3,1,0,15.0,10.0,15.0,20.0,2,120,37.903907775878906,3.5745138820260762,,crash_vehicle
1940,mutation,3,mutation,has_cluster,,1,1,1,4,1,1,20.0,5.0,15.0,20.0,1,1000,4.170260906219482,0.056865729473531246,,max_step
1941,fresh,3,fresh,,,0,1,0,4,0,1,10.0,20.0,10.0,35.0,3,52,6.778145790100098,0.8891013210209516,,out_of_road
1942,replay,3,replay,,,0,1,0,4,0,1,10.0,20.0,10.0,35.0,3,163,84.54484558105469,3.4033364047941985,,out_of_road
1943,fresh,2,fresh,,,0,1,1,3,0,1,5.0,5.0,10.0,35.0,1,24,-0.4958467483520508,0.3571290175120036,,crash_vehicle
1944,replay,2,replay,,,0,1,1,3,0,1,5.0,5.0,10.0,35.0,1,224,189.12216186523438,6.230056928603777,,arrive_dest
1945,fresh,0,fresh,,,0,0,0,1,0,0,15.0,5.0,5.0,55.0,1,75,32.058013916015625,1.1624824424584708,,out_of_road
1946,crossover,0,crossover,,select_lane|ego_on_intersection|intersection_has_cars|distractor_cars|intersection_cars|has_cluster|brake_dist,2,0,0,0,0,0,10.0,5.0,5.0,55.0,0,20,13.1488676071167,0.0,,arrive_dest
1947,fresh,4,fresh,,,0,0,0,8,0,1,15.0,10.0,10.0,10.0,2,94,24.316465377807617,2.625563385004693,,crash_vehicle
1948,mutation,2,mutation,brake_dist,,0,1,1,3,1,0,15.0,10.0,15.0,20.0,2,51,8.122529029846191,1.3259505448388118,,out_of_road
1949,fresh,2,fresh,,,0,1,1,3,0,1,20.0,40.0,5.0,20.0,1,81,28.0948486328125,1.3781672769490583,,crash_vehicle
1950,crossover,0,crossover,,has_brake_checker|has_cluster|maximum_distractor_speed|distance_to_nearest|cluster_dist|brake_dist,4,1,1,1,0,0,15.0,40.0,10.0,10.0,0,157,94.41236877441406,2.112724258214425,,crash_vehicle
1951,fresh,3,fresh,,,0,1,1,4,0,0,5.0,20.0,15.0,55.0,1,63,19.299171447753906,0.3182678421338399,,crash_vehicle
1952,replay,3,replay,,,0,1,1,4,0,0,5.0,20.0,15.0,55.0,1,174,98.58726501464844,4.267359399247444,,crash_vehicle
1953,fresh,6,fresh,,,0,0,0,18,0,1,5.0,5.0,10.0,20.0,1,25,-0.5910744667053223,0.0,,crash_vehicle
1954,mutation,3,mutation,cluster_dist,,1,0,0,5,1,1,20.0,10.0,10.0,55.0,1,88,35.489837646484375,3.581072273579511,,out_of_road
1955,fresh,6,fresh,,,0,0,0,18,1,1,10.0,5.0,5.0,55.0,1,25,-0.23645496368408203,0.34051864624023437,,crash_vehicle
1956,replay,6,replay,,,0,0,0,18,1,1,10.0,5.0,5.0,55.0,1,52,23.743572235107422,4.254878520965576,,arrive_dest
1957,fresh,3,fresh,,,0,0,0,5,0,0,15.0,5.0,15.0,10.0,3,25,-0.6000809669494629,0.0,,crash_vehicle
1958,mutation,4,mutation,cluster_dist,,1,1,1,8,0,0,15.0,40.0,5.0,55.0,2,71,23.737009048461914,0.5446889031101281,,crash_vehicle
1959,fresh,4,fresh,,,0,0,0,8,1,1,10.0,20.0,5.0,35.0,1,50,14.487604141235352,0.43302725315093993,,crash_vehicle
1960,crossover,3,crossover,,distractor_cars|has_brake_checker|intersection_cars|maximum_distractor_speed|brake_dist,2,1,1,4,0,0,20.0,40.0,15.0,10.0,3,88,33.04933547973633,0.3500507975166494,,out_of_road
1961,fresh,3,fresh,,,0,1,0,4,1,1,10.0,20.0,10.0,35.0,1,63,19.278287887573242,0.5165535069647289,,crash_vehicle
1962,crossover,1,crossover,,intersection_cars|distance_to_nearest|cluster_dist|brake_dist,3,0,0,2,0,0,20.0,40.0,15.0,55.0,2,128,65.29029083251953,0.7932478435104713,,out_of_road
1963,fresh,3,fresh,,,0,1,1,4,1,0,10.0,20.0,10.0,35.0,1,49,6.532203674316406,1.1981082704602455,,out_of_road
1964,crossover,0,crossover,,select_lane|ego_on_intersection|intersection_has_cars|distractor_cars|intersection_cars|has_cluster|distance_to_nearest|cluster_dist|brake_dist,7,1,0,0,0,0,20.0,5.0,10.0,35.0,0,86,28.125171661376953,0.48043546219204747,,out_of_road
1965,fresh,5,fresh,,,0,1,0,12,0,1,15.0,5.0,5.0,35.0,3,33,1.0423054695129395,0.3650706609090169,,crash_vehicle
1966,mutation,6,mutation,cluster_dist,,1,1,1,18,0,0,20.0,10.0,10.0,10.0,3,50,8.772212982177734,2.2764002323150634,,out_of_road
1967,fresh,3,fresh,,,0,1,1,4,1,1,10.0,10.0,10.0,55.0,1,86,25.40384864807129,2.376435882823412,,crash_vehicle
1968,mutation,1,mutation,has_brake_checker,,1,0,0,2,1,0,20.0,20.0,10.0,55.0,0,137,66.0987319946289,2.234932751986232,,out_of_road
1969,fresh,4,fresh,,,0,0,0,8,0,1,5.0,20.0,5.0,55.0,1,55,13.966924667358398,0.46328534212979405,,crash_vehicle
1970,replay,4,replay,,,0,0,0,8,0,1,5.0,20.0,5.0,55.0,1,47,12.118303298950195,0.3103692480858336,,crash_vehicle
1971,fresh,0,fresh,,,0,0,0,0,0,0,15.0,5.0,10.0,20.0,0,110,51.60538101196289,2.1563086333599957,,out_of_road
1972,replay,0,replay,,,0,0,0,0,0,0,15.0,5.0,10.0,20.0,0,171,133.13157653808594,5.115939635282372,,out_of_road
1973,fresh,5,fresh,,,0,1,0,12,1,1,20.0,5.0,10.0,35.0,0,26,-0.5984530448913574,0.11768040290245643,,crash_vehicle
1974,crossover,3,crossover,,has_brake_checker|intersection_cars|has_cluster|distance_to_nearest|brake_dist,4,1,1,5,1,1,20.0,40.0,10.0,55.0,3,82,33.10674285888672,0.7234089854286938,,crash_vehicle
1975,fresh,4,fresh,,,0,1,0,8,1,0,20.0,40.0,15.0,55.0,2,84,33.518924713134766,0.38192871638706755,,crash_vehicle
1976,replay,4,replay,,,0,1,0,8,1,0,20.0,40.0,15.0,55.0,2,143,70.1371841430664,1.944629557482846,,out_of_road
1977,fresh,0,fresh,,,0,0,0,1,0,0,10.0,10.0,10.0,55.0,1,124,64.19092559814453,1.115726076066494,,out_of_road
1978,replay,0,replay,,,0,0,0,1,0,0,10.0,10.0,10.0,55.0,1,151,85.21788787841797,2.180254940955055,,crash_vehicle
1979,fresh,4,fresh,,,0,0,0,8,0,1,20.0,10.0,5.0,55.0,2,39,4.9676361083984375,0.17139650002504006,,crash_vehicle
1980,crossover,1,crossover,,distractor_cars|intersection_cars|cluster_dist|brake_dist,2,0,0,2,0,0,20.0,20.0,10.0,35.0,1,65,20.648704528808594,0.3012823251577524,,crash_vehicle
1981,fresh,6,fresh,,,0,1,1,18,0,1,20.0,40.0,10.0,10.0,1,86,31.37890625,0.6700038112873254,,crash_vehicle
1982,replay,6,replay,,,0,1,1,18,0,1,20.0,40.0,10.0,10.0,1,61,7.308449745178223,1.1712592249033882,,crash_vehicle
1983,fresh,3,fresh,,,0,1,0,4,0,1,10.0,10.0,15.0,20.0,3,97,29.383556365966797,3.6684512563587464,,crash_vehicle
1984,replay,3,replay,,,0,1,0,4,0,1,10.0,10.0,15.0,20.0,3,51,2.194410800933838,0.21539894783613728,,out_of_road
1985,fresh,4,fresh,,,0,0,0,8,0,1,10.0,40.0,5.0,20.0,3,50,5.987207412719727,0.9373585414886475,,out_of_road
1986,replay,4,replay,,,0,0,0,8,0,1,10.0,40.0,5.0,20.0,3,92,31.579010009765625,0.8525528386235237,,out_of_road
1987,fresh,1,fresh,,,0,1,0,2,0,1,5.0,5.0,10.0,55.0,0,138,46.7268180847168,3.5167224513015887,,crash_vehicle
1988,crossover,3,crossover,,select_lane|ego_on_intersection|intersection_has_cars|distractor_cars|intersection_cars,3,0,0,5,0,0,5.0,20.0,15.0,35.0,3,78,24.908891677856445,0.5296628666229737,,crash_vehicle
1989,fresh,0,fresh,,,0,1,1,0,0,0,15.0,5.0,10.0,35.0,0,148,99.13169860839844,2.8997770637475155,,out_of_road
1990,mutation,0,mutation,select_road|select_lane|ego_on_intersection|intersection_has_cars,,2,1,0,1,1,0,20.0,10.0,5.0,55.0,0,34,-0.3857259750366211,0.10818765991750885,,out_of_road
1991,fresh,2,fresh,,,0,0,0,3,0,1,10.0,40.0,15.0,10.0,3,239,204.1136016845703,9.74864819970091,,out_of_road
1992,mutation,3,mutation,has_cluster,,1,1,1,5,1,1,10.0,10.0,10.0,55.0,3,54,15.100936889648438,0.7125288812374627,,crash_vehicle
1993,fresh,5,fresh,,,0,0,0,12,0,1,20.0,10.0,15.0,35.0,3,38,5.325575828552246,0.09077543961374383,,crash_vehicle
1994,mutation,0,mutation,cluster_dist,,1,1,1,1,0,1,20.0,20.0,5.0,35.0,1,295,258.63897705078125,7.996047694198156,,out_of_road
1995,fresh,0,fresh,,,0,0,0,0,0,0,10.0,20.0,15.0,55.0,0,57,4.591427803039551,0.9768992808827183,,out_of_road
1996,replay,0,replay,,,0,0,0,0,0,0,10.0,20.0,15.0,55.0,0,61,10.369668960571289,0.5818907032247449,,out_of_road
1997,fresh,0,fresh,,,0,1,0,0,1,0,20.0,10.0,15.0,10.0,0,101,32.453407287597656,3.2852153946267495,,crash_vehicle
1998,mutation,1,mutation,distance_to_nearest,,1,0,0,2,0,0,5.0,20.0,5.0,10.0,2,171,109.98583984375,8.017417568212364,,out_of_road
1999,fresh,6,fresh,,,0,0,0,18,1,0,5.0,5.0,15.0,55.0,2,57,11.956560134887695,2.387967384698098,,crash_vehicle
2000,mutation,5,mutation,brake_dist,,1,1,1,12,0,0,15.0,10.0,10.0,20.0,0,163,95.1778564453125,5.931643081771815,,out_of_road
2001,fresh,6,fresh,,,0,0,0,18,0,1,5.0,5.0,5.0,35.0,0,29,0.943206787109375,0.24479441807187838,,crash_vehicle
2002,replay,6,replay,,,0,0,0,18,0,1,5.0,5.0,5.0,35.0,0,103,28.260475158691406,3.0839997894555617,,out_of_road
2003,fresh,4,fresh,,,0,0,0,8,1,1,20.0,5.0,15.0,20.0,3,49,0.008208751678466797,0.4031078508313821,,crash_vehicle
2004,crossover,1,crossover,,select_lane|ego_on_intersection|intersection_has_cars|distractor_cars|has_brake_checker|intersection_cars|has_cluster|maximum_distractor_speed|distance_to_nearest|brake_dist,5,0,0,2,1,0,20.0,20.0,5.0,55.0,0,141,81.32373809814453,4.9684508819106625,,crash_vehicle
2005,fresh,3,fresh,,,0,0,0,4,1,0,10.0,20.0,15.0,35.0,2,78,31.08356475830078,0.4760863580382787,,crash_vehicle
2006,mutation,4,mutation,select_road|select_lane|ego_on_intersection|intersection_has_cars,,3,1,1,8,1,0,5.0,40.0,10.0,55.0,2,59,9.92992877960205,0.36250035540532255,,out_of_road
2007,fresh,4,fresh,,,0,0,0,8,0,0,20.0,40.0,10.0,20.0,0,95,54.00618362426758,6.411162826262022,,arrive_dest
2008,replay,4,replay,,,0,0,0,8,0,0,20.0,40.0,10.0,20.0,0,259,67.94593048095703,2.2879053498672244,,crash_vehicle
2009,fresh,3,fresh,,,0,1,0,4,0,0,10.0,40.0,5.0,55.0,0,53,13.58066177368164,1.2630277197316009,,out_of_road
2010,replay,3,replay,,,0,1,0,4,0,0,10.0,40.0,5.0,55.0,0,217,158.2768096923828,7.787956021897804,,out_of_road
2011,fresh,3,fresh,,,0,1,0,5,0,0,15.0,20.0,5.0,20.0,3,34,2.1735944747924805,0.0,,crash_vehicle
2012,replay,3,replay,,,0,1,0,5,0,0,15.0,20.0,5.0,20.0,3,245,194.37779235839844,6.858733322425764,,out_of_road
2013,fresh,3,fresh,,,0,1,0,4,1,0,20.0,40.0,5.0,55.0,1,114,60.58961486816406,5.394341748534587,,out_of_road
2014,replay,3,replay,,,0,1,0,4,1,0,20.0,40.0,5.0,55.0,1,2,10.0,6.777861595153809,,arrive_dest
2015,fresh,6,fresh,,,0,0,0,18,1,0,10.0,10.0,5.0,20.0,3,40,-0.33696556091308594,0.050679349899291994,,out_of_road
2016,mutation,6,mutation,brake_dist,,0,0,0,18,1,0,15.0,40.0,5.0,55.0,2,148,76.87815856933594,3.7805050583304585,,crash_vehicle
2017,fresh,2,fresh,,,0,0,0,3,1,0,5.0,20.0,15.0,35.0,1,92,36.699462890625,0.6442990941197976,,crash_vehicle
2018,mutation,0,mutation,select_road|select_lane|ego_on_intersection|intersection_has_cars,,1,1,1,0,1,0,10.0,10.0,15.0,10.0,0,95,34.8623046875,2.649424037807866,,crash_vehicle
2019,fresh,0,fresh,,,0,0,0,1,0,0,20.0,40.0,10.0,35.0,1,277,250.3628692626953,9.479589160706592,,out_of_road
2020,mutation,0,mutation,distractor_cars,,1,1,1,1,0,0,5.0,40.0,5.0,10.0,0,96,41.55128860473633,1.1269998702531059,,crash_vehicle
2021,fresh,4,fresh,,,0,1,1,8,1,1,10.0,40.0,10.0,55.0,1,81,33.75456619262695,0.4065256663310675,,crash_vehicle
2022,mutation,0,mutation,maximum_distractor_speed,,1,1,1,0,0,0,20.0,40.0,5.0,10.0,0,259,205.762939453125,8.546612711486668,,out_of_road
2023,fresh,3,fresh,,,0,0,0,5,1,0,5.0,40.0,15.0,55.0,2,119,53.564125061035156,2.800502569735551,,crash_vehicle
2024,replay,3,replay,,,0,0,0,5,1,0,5.0,40.0,15.0,55.0,2,239,118.73778533935547,7.158102674339606,,out_of_road
2025,fresh,5,fresh,,,0,1,0,12,1,1,20.0,40.0,10.0,55.0,0,106,60.13811492919922,1.2695547328242716,,crash_vehicle
2026,replay,5,replay,,,0,1,0,12,1,1,20.0,40.0,10.0,55.0,0,148,90.1495132446289,2.100961519959005,,out_of_road
2027,fresh,0,fresh,,,0,0,0,0,1,0,5.0,20.0,5.0,10.0,0,37,4.507012367248535,0.3445405444583377,,crash_vehicle
2028,crossover,3,crossover,,select_lane|ego_on_intersection|intersection_has_cars|has_cluster|cluster_dist,2,0,0,5,0,1,20.0,40.0,5.0,35.0,3,86,31.86929702758789,1.0527933174094488,,crash_vehicle
2029,fresh,0,fresh,,,0,0,0,0,0,0,20.0,5.0,15.0,55.0,0,30,-7.737719535827637,0.47567386031150816,,out_of_road
2030,crossover,3,crossover,,has_brake_checker|intersection_cars|has_cluster|brake_dist,3,1,0,4,0,0,20.0,40.0,5.0,20.0,3,219,170.62759399414062,7.764197169373569,,out_of_road
2031,fresh,0,fresh,,,0,0,0,1,1,0,15.0,5.0,5.0,35.0,1,123,62.494232177734375,2.9207154725625264,,crash_vehicle
2032,replay,0,replay,,,0,0,0,1,1,0,15.0,5.0,5.0,35.0,1,106,49.49920654296875,2.6514750376062572,,crash_vehicle
2033,fresh,5,fresh,,,0,1,1,12,1,1,10.0,20.0,15.0,35.0,3,105,46.4439697265625,1.7861438115437827,,out_of_road
2034,crossover,3,crossover,,select_lane|ego_on_intersection|intersection_has_cars|distractor_cars|has_brake_checker|cluster_dist|brake_dist,5,1,0,5,0,0,15.0,20.0,10.0,20.0,2,149,103.65886688232422,5.53760614811174,,out_of_road
2035,fresh,1,fresh,,,0,0,0,2,0,0,20.0,40.0,10.0,55.0,1,158,108.998779296875,6.252366878563845,,out_of_road
2036,replay,1,replay,,,0,0,0,2,0,0,20.0,40.0,10.0,55.0,1,89,29.276287078857422,2.0890214871824457,,crash_vehicle
2037,fresh,0,fresh,,,0,0,0,0,0,0,15.0,40.0,5.0,20.0,0,22,-5.76995849609375,0.0,,out_of_road
2038,crossover,3,crossover,,select_lane|ego_on_intersection|intersection_has_cars|has_brake_checker|maximum_distractor_speed|distance_to_nearest|brake_dist,4,1,0,5,1,0,15.0,20.0,5.0,35.0,2,91,38.04845428466797,2.155169875084699,,crash_vehicle
2039,fresh,3,fresh,,,0,1,1,5,1,0,15.0,20.0,15.0,55.0,0,62,13.024686813354492,1.0470557222443242,,out_of_road
2040,replay,3,replay,,,0,1,1,5,1,0,15.0,20.0,15.0,55.0,0,62,11.800918579101562,0.827586421322438,,out_of_road
2041,fresh,2,fresh,,,0,0,0,3,0,0,15.0,20.0,15.0,20.0,0,237,193.31837463378906,8.013497959838135,,out_of_road
2042,mutation,3,mutation,has_cluster,,1,1,1,5,0,1,10.0,40.0,5.0,20.0,1,73,39.60051727294922,2.7427182932422585,,arrive_dest
2043,fresh,0,fresh,,,0,0,0,1,1,1,5.0,20.0,15.0,35.0,0,64,18.93697166442871,0.3142356276512146,,crash_vehicle
2044,mutation,3,mutation,intersection_cars,,1,0,0,5,0,1,15.0,20.0,5.0,35.0,1,114,14.073671340942383,0.3399964258597608,,crash_vehicle
2045,fresh,3,fresh,,,0,1,1,4,0,0,20.0,10.0,5.0,55.0,0,106,45.18450927734375,4.5165643807289735,,out_of_road
2046,replay,3,replay,,,0,1,1,4,0,0,20.0,10.0,5.0,55.0,0,54,15.052898406982422,0.9282965457273854,,crash_vehicle
2047,fresh,5,fresh,,,0,1,1,12,1,0,15.0,10.0,15.0,55.0,1,133,22.194856643676758,2.662593598568574,,crash_vehicle
2048,crossover,5,crossover,,select_lane|ego_on_intersection|intersection_has_cars|distractor_cars|has_brake_checker|intersection_cars|has_cluster|maximum_distractor_speed|distance_to_nearest|cluster_dist,6,1,0,12,1,1,20.0,40.0,10.0,55.0,0,103,60.71123504638672,4.72371313814978,,crash_vehicle
2049,fresh,5,fresh,,,0,1,0,12,1,1,15.0,40.0,5.0,55.0,3,74,29.131458282470703,0.6667701537544662,,crash_vehicle
2050,crossover,5,crossover,,select_lane|ego_on_intersection|intersection_has_cars|distractor_cars|has_cluster|distance_to_nearest,2,1,0,12,0,0,20.0,10.0,5.0,35.0,1,96,36.67329406738281,2.976368099140624,,out_of_road
2051,fresh,5,fresh,,,0,1,1,12,0,0,5.0,10.0,15.0,55.0,0,156,2.343534469604492,0.3300630189239597,,crash_vehicle
2052,crossover,0,crossover,,distractor_cars|intersection_cars|has_cluster|cluster_dist,0,1,0,0,0,0,5.0,20.0,5.0,20.0,0,174,108.42960357666016,3.2450553905004744,,out_of_road
2053,fresh,3,fresh,,,0,0,0,4,0,0,5.0,40.0,5.0,20.0,3,255,187.8069610595703,6.52031724990583,,out_of_road
2054,replay,3,replay,,,0,0,0,4,0,0,5.0,40.0,5.0,20.0,3,218,174.34629821777344,5.955767986014349,,out_of_road
2055,fresh,3,fresh,,,0,0,0,4,1,1,20.0,5.0,5.0,20.0,2,945,-4.087955474853516,0.11762582357066176,,crash_vehicle
2056,crossover,1,crossover,,has_brake_checker|maximum_distractor_speed|cluster_dist|brake_dist,3,1,0,2,0,1,20.0,40.0,10.0,10.0,2,109,46.35122299194336,1.6670960964412864,,out_of_road
2057,fresh,1,fresh,,,0,0,0,2,1,0,20.0,20.0,10.0,35.0,1,94,41.0677490234375,1.4833315195159076,,out_of_road
2058,replay,1,replay,,,0,0,0,2,1,0,20.0,20.0,10.0,35.0,1,79,21.88966941833496,0.2903416477426698,,crash_vehicle
2059,fresh,0,fresh,,,0,1,1,1,1,0,15.0,5.0,10.0,55.0,1,110,57.052276611328125,1.641373681209304,,out_of_road
2060,replay,0,replay,,,0,1,1,1,1,0,15.0,5.0,10.0,55.0,1,67,22.064504623413086,3.6277755614536913,,arrive_dest
2061,fresh,3,fresh,,,0,0,0,5,0,0,15.0,40.0,15.0,55.0,1,101,38.55840301513672,2.4698113563037154,,crash_vehicle
2062,crossover,0,crossover,,has_brake_checker|intersection_cars|has_cluster|maximum_distractor_speed,0,0,0,0,0,0,10.0,5.0,15.0,35.0,0,88,32.64267349243164,0.7618566807359457,,out_of_road
2063,fresh,3,fresh,,,0,1,0,5,0,0,20.0,10.0,10.0,20.0,3,167,102.66398620605469,6.760631845382873,,crash_vehicle
2064,crossover,3,crossover,,distance_to_nearest,1,1,1,5,0,0,20.0,40.0,10.0,20.0,1,191,151.43441772460938,6.488943526101986,,out_of_road
2065,fresh,1,fresh,,,0,0,0,2,1,1,20.0,40.0,10.0,55.0,1,158,92.42686462402344,4.200748830090595,,crash_vehicle
2066,replay,1,replay,,,0,0,0,2,1,1,20.0,40.0,10.0,55.0,1,162,95.41033935546875,7.010847713292381,,crash_vehicle
2067,fresh,6,fresh,,,0,1,0,18,0,0,5.0,20.0,5.0,20.0,1,68,23.88471031188965,0.5404486586065853,,crash_vehicle
2068,replay,6,replay,,,0,1,0,18,0,0,5.0,20.0,5.0,20.0,1,245,199.86007690429688,8.497966085495998,,out_of_road
2069,fresh,2,fresh,,,0,1,1,3,1,1,20.0,40.0,15.0,55.0,3,170,92.4991455078125,4.265570785017575,,crash_vehicle
2070,crossover,5,crossover,,select_lane|ego_on_intersection|intersection_has_cars|has_cluster,3,0,0,12,0,0,5.0,40.0,15.0,20.0,1,120,63.78008270263672,5.887825643022855,,out_of_road
2071,fresh,3,fresh,,,0,1,0,4,0,0,20.0,10.0,5.0,20.0,1,239,184.65774536132812,8.28847703499774,,out_of_road
2072,replay,3,replay,,,0,1,0,4,0,0,20.0,10.0,5.0,20.0,1,116,59.71095275878906,2.8746660665191452,,out_of_road
2073,fresh,0,fresh,,,0,0,0,0,0,0,10.0,20.0,10.0,55.0,0,90,41.06464385986328,1.3338922646310594,,out_of_road
2074,mutation,2,mutation,cluster_dist,,0,1,1,3,1,0,15.0,10.0,15.0,20.0,2,57,0.5491766929626465,0.43122627729909463,,out_of_road
2075,fresh,3,fresh,,,0,1,1,5,0,1,10.0,40.0,15.0,10.0,1,248,186.39266967773438,7.17610889988681,,out_of_road
2076,mutation,0,mutation,distance_to_nearest,,1,0,0,0,0,0,15.0,10.0,10.0,10.0,0,220,191.37950134277344,6.243332965807482,,out_of_road
2077,fresh,0,fresh,,,0,1,0,0,1,0,20.0,10.0,10.0,20.0,0,46,2.3603062629699707,0.26683399696712906,,out_of_road
2078,mutation,0,mutation,has_cluster,,0,0,0,0,0,0,10.0,5.0,15.0,55.0,0,301,263.3895568847656,8.817557471634146,,out_of_road
2079,fresh,0,fresh,,,0,1,0,1,1,1,5.0,10.0,10.0,20.0,1,105,44.76728439331055,1.7369303481919425,,crash_vehicle
2080,crossover,5,crossover,,distractor_cars|has_brake_checker|intersection_cars|has_cluster|maximum_distractor_speed|distance_to_nearest|cluster_dist|brake_dist,4,1,1,12,1,0,10.0,40.0,15.0,55.0,0,50,5.805568695068359,1.0332683157920837,,out_of_road
2081,fresh,5,fresh,,,0,1,1,12,1,0,20.0,40.0,10.0,55.0,0,49,8.228428840637207,0.1277635048846809,,out_of_road
2082,mutation,4,mutation,intersection_cars,,0,0,0,8,1,0,15.0,10.0,15.0,55.0,0,70,21.101909637451172,1.0919260642358235,,crash_vehicle
2083,fresh,3,fresh,,,0,1,0,4,0,1,5.0,5.0,5.0,10.0,3,661,70.77991485595703,1.517158929816533,,out_of_road
2084,replay,3,replay,,,0,1,0,4,0,1,5.0,5.0,5.0,10.0,3,150,93.05870819091797,3.5699170420567197,,out_of_road
2085,fresh,6,fresh,,,0,1,0,18,0,1,20.0,5.0,15.0,20.0,3,372,81.31350708007812,3.076645963614987,,crash_vehicle
2086,mutation,5,mutation,maximum_distractor_speed,,0,1,1,12,1,0,10.0,40.0,15.0,55.0,0,86,21.654159545898438,0.8072916354204334,,crash_vehicle
2087,fresh,2,fresh,,,0,0,0,3,1,0,15.0,20.0,10.0,35.0,1,96,41.46063995361328,1.9173927018418908,,out_of_road
2088,replay,2,replay,,,0,0,0,3,1,0,15.0,20.0,10.0,35.0,1,60,13.37013053894043,1.3875741928815841,,crash_vehicle
2089,fresh,1,fresh,,,0,0,0,2,0,0,5.0,5.0,5.0,35.0,1,290,-0.46801280975341797,0.15915398218765342,,crash_vehicle
2090,crossover,0,crossover,,select_lane|ego_on_intersection|intersection_has_cars|intersection_cars|maximum_distractor_speed|distance_to_nearest|cluster_dist|brake_dist,3,0,0,0,0,0,15.0,5.0,5.0,55.0,0,182,148.94911193847656,6.672462969199642,,out_of_road
2091,fresh,0,fresh,,,0,0,0,0,0,0,10.0,5.0,5.0,20.0,0,82,20.978374481201172,0.5711279089857892,rejection_fallback,out_of_road
2092,mutation,1,mutation,has_brake_checker,,1,1,1,2,0,1,5.0,40.0,10.0,55.0,2,38,3.805331230163574,0.21653386323075546,,out_of_road
2093,fresh,5,fresh,,,0,1,0,12,0,0,20.0,10.0,5.0,10.0,3,61,3.835153579711914,1.7521258602376844,,out_of_road
2094,mutation,4,mutation,has_brake_checker,,0,1,0,8,0,1,15.0,5.0,10.0,55.0,3,53,5.596009254455566,0.3593714338428569,,crash_vehicle
2095,fresh,0,fresh,,,0,1,0,0,1,0,5.0,40.0,10.0,20.0,0,107,47.08930206298828,1.626552439042341,,crash_vehicle
2096,crossover,4,crossover,,select_lane|ego_on_intersection|intersection_has_cars|distractor_cars|has_brake_checker|maximum_distractor_speed,3,1,1,8,0,1,5.0,5.0,10.0,55.0,3,228,51.988460540771484,3.0215182961863385,,out_of_road
2097,fresh,4,fresh,,,0,1,0,8,1,0,5.0,40.0,10.0,55.0,3,81,38.35462188720703,1.1475101122517644,,out_of_road
2098,crossover,4,crossover,,select_lane|ego_on_intersection|intersection_has_cars|distractor_cars|intersection_cars,2,1,0,8,0,1,10.0,10.0,15.0,55.0,2,180,32.981544494628906,1.8072632366584407,,out_of_road
2099,fresh,4,fresh,,,0,1,1,8,1,1,10.0,5.0,15.0,55.0,3,30,-2.244168758392334,0.0,,crash_vehicle
2100,replay,4,replay,,,0,1,1,8,1,1,10.0,5.0,15.0,55.0,3,98,41.17336654663086,3.714696811322047,,out_of_road
2101,fresh,5,fresh,,,0,1,0,12,1,1,10.0,10.0,15.0,20.0,1,36,4.540340423583984,0.33966440624660915,,crash_vehicle
2102,replay,5,replay,,,0,1,0,12,1,1,10.0,10.0,15.0,20.0,1,52,9.115604400634766,0.5965213271287771,,crash_vehicle
2103,fresh,3,fresh,,,0,1,1,4,0,0,20.0,10.0,5.0,55.0,2,211,151.13710021972656,7.886889426240707,,out_of_road
2104,replay,3,replay,,,0,1,1,4,0,0,20.0,10.0,5.0,55.0,2,50,5.983736038208008,0.49977943420410154,,out_of_road
2105,fresh,1,fresh,,,0,0,0,2,1,1,10.0,20.0,15.0,35.0,2,22,-7.058428764343262,0.0,,out_of_road
2106,crossover,0,crossover,,has_cluster|distance_to_nearest|cluster_dist|brake_dist,3,1,1,0,1,0,10.0,40.0,10.0,35.0,0,137,56.40859603881836,0.8371159471299526,,crash_vehicle
2107,fresh,1,fresh,,,0,1,1,2,0,1,20.0,10.0,10.0,55.0,1,106,51.584564208984375,4.9676733759214295,,crash_vehicle
2108,crossover,2,crossover,,select_lane|ego_on_intersection|intersection_has_cars|intersection_cars|maximum_distractor_speed|distance_to_nearest|brake_dist,2,1,1,3,1,1,20.0,20.0,15.0,55.0,3,92,45.68867111206055,0.27796210332409194,,out_of_road
2109,fresh,3,fresh,,,0,1,0,4,0,0,20.0,5.0,10.0,20.0,1,29,-0.11012935638427734,0.203131050899111,,crash_vehicle
2110,mutation,4,mutation,intersection_cars,,1,1,1,8,0,1,5.0,10.0,15.0,35.0,1,48,10.122360229492188,0.4547891489540537,,crash_vehicle
2111,fresh,0,fresh,,,0,0,0,1,0,1,10.0,20.0,10.0,35.0,0,1000,-10.858217239379883,0.5194560657814145,,max_step
2112,replay,0,replay,,,0,0,0,1,0,1,10.0,20.0,10.0,35.0,0,113,43.49733352661133,2.523412472378891,,out_of_road
2113,fresh,3,fresh,,,0,0,0,4,1,0,10.0,10.0,10.0,20.0,1,34,4.478586196899414,0.04102193608003504,,crash_vehicle
2114,crossover,0,crossover,,distractor_cars|intersection_cars|has_cluster|brake_dist,4,1,1,1,0,1,5.0,40.0,15.0,20.0,1,95,42.05892562866211,0.3458429629081174,,out_of_road
2115,fresh,5,fresh,,,0,0,0,12,1,1,15.0,40.0,10.0,55.0,1,35,2.2687058448791504,0.2823198318481445,,out_of_road
2116,replay,5,replay,,,0,0,0,12,1,1,15.0,40.0,10.0,55.0,1,69,21.32994270324707,1.3347084418587063,,crash_vehicle
2117,fresh,3,fresh,,,0,1,1,4,1,1,5.0,40.0,15.0,55.0,3,41,-0.1446399688720703,0.197249528838367,,out_of_road
2118,mutation,1,mutation,intersection_cars,,1,0,0,2,1,0,10.0,10.0,15.0,20.0,1,220,52.58814239501953,2.9211444938047366,,crash_vehicle
2119,fresh,3,fresh,,,0,0,0,5,0,0,15.0,10.0,10.0,20.0,1,206,131.982421875,6.135047037624618,,out_of_road
2120,replay,3,replay,,,0,0,0,5,0,0,15.0,10.0,10.0,20.0,1,37,2.2124876976013184,0.48725294180818507,,out_of_road
2121,fresh,2,fresh,,,0,0,0,3,1,0,10.0,10.0,15.0,35.0,2,46,7.0524797439575195,0.1318076589833135,,crash_vehicle
2122,replay,2,replay,,,0,0,0,3,1,0,10.0,10.0,15.0,35.0,2,234,187.47445678710938,7.110287769482686,,out_of_road
2123,fresh,2,fresh,,,0,1,0,3,1,1,10.0,40.0,10.0,55.0,2,112,65.39220428466797,2.0632385572950755,,crash_vehicle
2124,crossover,1,crossover,,has_cluster|maximum_distractor_speed|cluster_dist|brake_dist,0,0,0,2,0,0,20.0,20.0,10.0,55.0,0,88,41.6301383972168,1.1187976212664084,,crash_vehicle
2125,fresh,5,fresh,,,0,0,0,12,1,0,15.0,40.0,15.0,55.0,2,96,42.11511993408203,1.1504814570459228,,out_of_road
2126,crossover,0,crossover,,intersection_cars|has_cluster|maximum_distractor_speed|cluster_dist|brake_dist,2,0,0,0,0,0,5.0,40.0,10.0,35.0,0,254,200.93145751953125,6.851456781189273,,out_of_road
2127,fresh,3,fresh,,,0,0,0,4,1,1,5.0,40.0,15.0,55.0,1,101,56.02873229980469,1.5767028181269618,,crash_vehicle
2128,crossover,0,crossover,,select_lane|ego_on_intersection|intersection_has_cars|distractor_cars|maximum_distractor_speed|cluster_dist,4,0,0,0,0,0,5.0,10.0,5.0,20.0,0,235,179.20278930664062,5.920304381340108,,out_of_road
2129,fresh,3,fresh,,,0,0,0,4,0,0,5.0,10.0,5.0,55.0,0,42,-0.45880603790283203,0.3022120020219258,,out_of_road
2130,crossover,3,crossover,,distractor_cars|has_cluster|distance_to_nearest,1,1,1,5,0,0,20.0,5.0,10.0,20.0,1,1000,4.719294548034668,0.08768186369491741,,max_step
2131,fresh,3,fresh,,,0,1,1,5,0,1,10.0,5.0,10.0,10.0,1,91,20.450393676757812,2.69216475381956,,crash_vehicle
2132,replay,3,replay,,,0,1,1,5,0,1,10.0,5.0,10.0,10.0,1,159,56.81993103027344,3.182035571374233,,crash_vehicle
2133,fresh,1,fresh,,,0,1,0,2,0,1,20.0,20.0,5.0,55.0,2,95,44.668792724609375,1.7399109004359496,,out_of_road
2134,crossover,6,crossover,,select_lane|ego_on_intersection|intersection_has_cars|has_brake_checker|has_cluster,2,0,0,18,1,0,20.0,5.0,10.0,35.0,3,43,-4.02550745010376,0.26985985040664673,,crash_vehicle
2135,fresh,5,fresh,,,0,1,0,12,0,0,5.0,10.0,5.0,55.0,1,138,50.93590545654297,4.2077657381693525,,out_of_road
2136,crossover,2,crossover,,distractor_cars|has_brake_checker|has_cluster|distance_to_nearest|cluster_dist,1,1,0,3,1,1,5.0,40.0,15.0,55.0,3,31,0.45694828033447266,0.8181076203623125,,crash_vehicle
2137,fresh,1,fresh,,,0,1,0,2,1,1,10.0,5.0,15.0,55.0,2,40,2.8346076011657715,0.9030697345733643,,out_of_road
2138,crossover,4,crossover,,select_lane|ego_on_intersection|intersection_has_cars|has_brake_checker|has_cluster|distance_to_nearest,3,0,0,8,0,0,15.0,10.0,5.0,35.0,2,183,121.34661102294922,6.713098618827883,,crash_vehicle
2139,fresh,6,fresh,,,0,1,0,18,0,0,20.0,20.0,15.0,10.0,0,41,2.7300682067871094,0.20902950007741045,,out_of_road
2140,mutation,1,mutation,intersection_cars,,1,0,0,2,0,0,5.0,20.0,5.0,10.0,1,66,22.918272018432617,0.5484693542574391,,crash_vehicle
2141,fresh,5,fresh,,,0,1,0,12,0,0,5.0,20.0,5.0,10.0,3,111,34.67563247680664,1.415528969520384,,crash_vehicle
2142,mutation,4,mutation,brake_dist,,0,1,1,8,1,0,15.0,40.0,10.0,55.0,1,44,2.7979912757873535,0.506974292580377,,out_of_road
2143,fresh,6,fresh,,,0,0,0,18,1,0,15.0,5.0,15.0,20.0,0,347,-0.4375767707824707,0.08501964044537105,,crash_vehicle
2144,replay,6,replay,,,0,0,0,18,1,0,15.0,5.0,15.0,20.0,0,175,100.85253143310547,7.874995734351022,,out_of_road
2145,fresh,0,fresh,,,0,0,0,0,1,0,15.0,10.0,15.0,35.0,0,121,67.2689208984375,1.2127866471601911,,crash_vehicle
2146,replay,0,replay,,,0,0,0,0,1,0,15.0,10.0,15.0,35.0,0,213,196.09375,7.49206661128662,,out_of_road
2147,fresh,0,fresh,,,0,0,0,1,0,1,5.0,5.0,15.0,10.0,1,86,34.42456817626953,0.37175940496976984,,out_of_road
2148,replay,0,replay,,,0,0,0,1,0,1,5.0,5.0,15.0,10.0,1,146,80.71575164794922,1.7069801300355834,,out_of_road
2149,fresh,3,fresh,,,0,0,0,4,1,1,20.0,5.0,15.0,55.0,0,122,59.28996276855469,6.573691664172,,crash_vehicle
2150,mutation,3,mutation,maximum_distractor_speed,,1,0,0,4,0,0,20.0,20.0,15.0,35.0,2,144,95.27275085449219,6.030826863729292,,crash_vehicle
2151,fresh,6,fresh,,,0,0,0,18,0,0,5.0,5.0,5.0,20.0,3,27,-4.923108100891113,0.0,,crash_vehicle
2152,mutation,1,mutation,has_cluster,,1,0,0,2,0,0,20.0,20.0,10.0,10.0,1,153,74.8268814086914,3.4367880197911482,,out_of_road
2153,fresh,3,fresh,,,0,0,0,5,0,0,10.0,40.0,15.0,10.0,2,106,57.49925994873047,1.0655982918896765,,out_of_road
2154,crossover,4,crossover,,select_lane|ego_on_intersection|intersection_has_cars|distractor_cars|has_brake_checker|has_cluster|cluster_dist,4,1,1,8,0,0,15.0,40.0,10.0,55.0,0,197,160.3226318359375,6.139839884593402,,crash_vehicle
2155,fresh,5,fresh,,,0,0,0,12,0,1,10.0,5.0,15.0,10.0,1,102,32.743995666503906,3.7759157577712164,,crash_vehicle
2156,crossover,1,crossover,,distractor_cars|intersection_cars|maximum_distractor_speed|distance_to_nearest|cluster_dist|brake_dist,3,0,0,2,0,0,20.0,10.0,5.0,10.0,1,88,31.346771240234375,2.5360731719569727,,out_of_road
2157,fresh,4,fresh,,,0,0,0,8,0,0,15.0,40.0,15.0,35.0,3,132,58.426422119140625,2.8622224158184095,,out_of_road
2158,mutation,0,mutation,has_brake_checker,,1,0,0,1,0,1,5.0,10.0,10.0,55.0,1,87,38.46240234375,0.5264866129420269,,out_of_road
2159,fresh,0,fresh,,,0,1,0,0,0,0,10.0,40.0,15.0,55.0,0,103,52.68999099731445,2.7272436740328962,,out_of_road
2160,crossover,1,crossover,,distractor_cars|intersection_cars|cluster_dist,2,0,0,2,0,1,20.0,20.0,15.0,10.0,2,150,79.50145721435547,1.6219155979156494,,out_of_road
2161,fresh,2,fresh,,,0,1,0,3,0,1,10.0,10.0,15.0,55.0,3,39,2.8384456634521484,0.556796480447818,,crash_vehicle
2162,crossover,3,crossover,,has_brake_checker|has_cluster|distance_to_nearest|brake_dist,2,1,0,5,0,0,15.0,10.0,10.0,55.0,3,92,35.53352737426758,1.7830595008057097,,crash_vehicle
2163,fresh,3,fresh,,,0,1,0,4,0,1,20.0,40.0,15.0,55.0,1,65,21.423736572265625,0.7061232640193059,,crash_vehicle
2164,replay,3,replay,,,0,1,0,4,0,1,20.0,40.0,15.0,55.0,1,49,7.003053665161133,0.3274702916339952,,out_of_road
2165,fresh,3,fresh,,,0,0,0,5,1,1,15.0,10.0,10.0,55.0,3,70,12.727054595947266,3.586621267454965,,out_of_road
2166,crossover,1,crossover,,select_lane|ego_on_intersection|intersection_has_cars|distractor_cars|has_brake_checker|maximum_distractor_speed|distance_to_nearest|cluster_dist,4,1,1,2,1,0,20.0,40.0,15.0,55.0,2,125,56.6282844543457,2.161328980445862,,out_of_road
2167,fresh,0,fresh,,,0,0,0,1,1,1,20.0,5.0,5.0,20.0,1,80,25.782073974609375,0.37001337558031083,,out_of_road
2168,replay,0,replay,,,0,0,0,1,1,1,20.0,5.0,5.0,20.0,1,141,73.0767593383789,4.1955287524148925,,crash_vehicle
2169,fresh,2,fresh,,,0,1,1,3,1,1,20.0,20.0,15.0,35.0,0,41,2.6172404289245605,0.20108147365290943,,out_of_road
2170,replay,2,replay,,,0,1,1,3,1,1,20.0,20.0,15.0,35.0,0,178,87.17821502685547,6.4125259441606115,,crash_vehicle
2171,fresh,0,fresh,,,0,0,0,0,1,0,10.0,20.0,15.0,35.0,0,120,63.96897888183594,1.490140498181184,,crash_vehicle
2172,mutation,1,mutation,has_cluster,,1,1,0,2,0,1,20.0,20.0,15.0,35.0,1,149,102.0742416381836,4.9278868436813354,,out_of_road
2173,fresh,3,fresh,,,0,0,0,5,1,0,5.0,5.0,5.0,35.0,2,149,27.68353271484375,2.1162219779603433,,crash_vehicle
2174,crossover,0,crossover,,distractor_cars|has_brake_checker|intersection_cars|has_cluster|maximum_distractor_speed|distance_to_nearest|cluster_dist,5,0,0,1,0,1,20.0,20.0,5.0,20.0,1,46,7.12135124206543,1.159474279569543,,out_of_road
2175,fresh,3,fresh,,,0,1,0,4,0,0,5.0,20.0,15.0,55.0,0,74,26.43975067138672,0.5429538738083195,,crash_vehicle
2176,crossover,1,crossover,,select_lane|ego_on_intersection|intersection_has_cars|intersection_cars|has_cluster|distance_to_nearest|cluster_dist|brake_dist,6,1,1,2,1,1,5.0,10.0,10.0,55.0,1,130,17.21335220336914,0.743434105011133,,crash_vehicle
2177,fresh,6,fresh,,,0,1,0,18,0,0,10.0,5.0,10.0,35.0,2,43,2.01834774017334,0.9307963730290879,,crash_vehicle
2178,replay,6,replay,,,0,1,0,18,0,0,10.0,5.0,10.0,35.0,2,40,4.288201332092285,0.617654500156641,,out_of_road
2179,fresh,3,fresh,,,0,1,0,5,0,1,20.0,5.0,5.0,55.0,0,84,11.222959518432617,1.351285844331696,,crash_vehicle
2180,mutation,5,mutation,distance_to_nearest,,1,1,1,12,0,0,15.0,40.0,10.0,55.0,0,55,12.243049621582031,0.289758283441717,,crash_vehicle
2181,fresh,3,fresh,,,0,0,0,4,0,0,20.0,5.0,15.0,10.0,3,26,-2.125915765762329,0.02456157482587374,,crash_vehicle
2182,mutation,2,mutation,select_road|select_lane|ego_on_intersection|intersection_has_cars,,3,1,1,3,1,1,20.0,40.0,15.0,55.0,3,81,28.483192443847656,1.7363249585952287,,out_of_road
2183,fresh,4,fresh,,,0,1,1,8,1,0,10.0,20.0,10.0,35.0,1,64,17.622343063354492,0.24872902035713196,,crash_vehicle
2184,crossover,1,crossover,,select_lane|ego_on_intersection|intersection_has_cars|has_brake_checker|intersection_cars|has_cluster,3,1,1,2,0,0,20.0,20.0,10.0,35.0,0,202,159.40628051757812,7.880723708927041,,out_of_road
2185,fresh,0,fresh,,,0,1,0,0,1,0,15.0,10.0,15.0,55.0,0,134,96.0461654663086,3.1699326852364327,,crash_vehicle
2186,replay,0,replay,,,0,1,0,0,1,0,15.0,10.0,15.0,55.0,0,175,102.09563446044922,4.214485370176179,,out_of_road
2187,fresh,0,fresh,,,0,0,0,1,0,1,20.0,40.0,10.0,10.0,0,116,49.304725646972656,1.9185519077461854,,crash_vehicle
2188,crossover,2,crossover,,select_lane|ego_on_intersection|intersection_has_cars|intersection_cars|has_cluster|distance_to_nearest|brake_dist,3,1,1,3,1,1,20.0,5.0,10.0,35.0,2,78,-0.056798458099365234,0.1285472898147045,,crash_vehicle
2189,fresh,3,fresh,,,0,1,0,5,1,1,20.0,5.0,10.0,20.0,0,2,10.0,2.9970455169677734,,arrive_dest
2190,crossover,2,crossover,,has_brake_checker|has_cluster|distance_to_nearest|cluster_dist|brake_dist,3,0,0,3,1,1,15.0,20.0,15.0,35.0,0,85,37.74616622924805,0.9316869244855993,,crash_vehicle
2191,fresh,3,fresh,,,0,1,0,4,0,1,20.0,40.0,15.0,55.0,2,54,13.255598068237305,0.37938866791901765,,crash_vehicle
2192,mutation,1,mutation,distractor_cars,,1,0,0,2,1,0,15.0,20.0,15.0,35.0,2,93,37.717674255371094,0.4818599188840517,,out_of_road
2193,fresh,4,fresh,,,0,0,0,8,1,0,20.0,40.0,5.0,55.0,0,105,63.70905303955078,4.675910505794343,,crash_vehicle
2194,crossover,6,crossover,,select_lane|ego_on_intersection|intersection_has_cars|distractor_cars|has_brake_checker|cluster_dist,5,0,0,18,1,0,20.0,10.0,5.0,20.0,3,14,11.608837127685547,2.286421069077083,,arrive_dest
2195,fresh,1,fresh,,,0,0,0,2,1,0,5.0,20.0,10.0,55.0,1,94,38.08488845825195,0.8349827581897695,,out_of_road
2196,crossover,3,crossover,,select_lane|ego_on_intersection|intersection_has_cars|distractor_cars|has_brake_checker|has_cluster|maximum_distractor_speed|distance_to_nearest|brake_dist,6,1,0,4,0,1,20.0,10.0,5.0,10.0,1,39,6.045342445373535,0.3957761801206149,,crash_vehicle
2197,fresh,3,fresh,,,0,1,1,4,0,1,10.0,5.0,15.0,10.0,0,102,0.016473770141601562,0.019612305888942645,,crash_vehicle
2198,crossover,6,crossover,,distractor_cars|intersection_cars|has_cluster|maximum_distractor_speed|brake_dist,3,1,1,18,0,0,20.0,10.0,15.0,20.0,1,158,91.66535186767578,5.81415955477123,,out_of_road
2199,fresh,5,fresh,,,0,0,0,12,1,1,10.0,5.0,15.0,20.0,0,216,48.49785614013672,2.831555369137614,,crash_vehicle
2200,replay,5,replay,,,0,0,0,12,1,1,10.0,5.0,15.0,20.0,0,226,203.327880859375,9.884443103871515,,out_of_road
2201,fresh,0,fresh,,,0,1,1,1,0,1,5.0,10.0,15.0,35.0,0,37,1.383819580078125,0.2396568349889807,,out_of_road
2202,mutation,2,mutation,distractor_cars,,1,0,0,3,1,0,20.0,20.0,10.0,55.0,0,126,70.7686767578125,5.08468899272737,,crash_vehicle
2203,fresh,3,fresh,,,0,0,0,4,1,1,20.0,20.0,15.0,35.0,3,74,25.70493507385254,0.34900566130071076,,crash_vehicle
2204,replay,3,replay,,,0,0,0,4,1,1,20.0,20.0,15.0,35.0,3,144,76.55844116210938,4.626371098475324,,crash_vehicle
2205,fresh,0,fresh,,,0,0,0,1,1,1,10.0,5.0,15.0,20.0,0,257,44.250308990478516,2.0123065893288254,,out_of_road
2206,mutation,0,mutation,maximum_distractor_speed,,1,0,0,0,0,0,5.0,40.0,15.0,20.0,0,19,-5.6194539070129395,0.0,,out_of_road
2207,fresh,3,fresh,,,0,0,0,4,1,1,10.0,20.0,5.0,35.0,3,74,30.48980712890625,0.9596738928073162,,crash_vehicle
2208,mutation,5,mutation,select_road|select_lane|ego_on_intersection|intersection_has_cars,,3,1,1,12,1,1,5.0,40.0,5.0,55.0,1,77,31.069473266601562,0.3866390415600368,,crash_vehicle
2209,fresh,5,fresh,,,0,0,0,12,0,1,5.0,20.0,15.0,55.0,1,71,23.887840270996094,0.6115268120463465,,crash_vehicle
2210,mutation,5,mutation,distance_to_nearest,,0,1,0,12,1,1,5.0,5.0,15.0,20.0,3,76,9.78417682647705,1.1198860444128513,,crash_vehicle
2211,fresh,0,fresh,,,0,0,0,0,1,0,15.0,40.0,15.0,35.0,0,123,70.04280090332031,2.19701148048649,,crash_vehicle
2212,crossover,6,crossover,,select_lane|ego_on_intersection|intersection_has_cars|distractor_cars|maximum_distractor_speed|distance_to_nearest,4,0,0,18,1,0,15.0,20.0,15.0,55.0,2,55,4.833508491516113,0.8069905503229662,,out_of_road
2213,fresh,6,fresh,,,0,1,1,18,1,1,20.0,5.0,5.0,20.0,0,184,-0.5963249206542969,0.43625775562680286,,out_of_road
2214,replay,6,replay,,,0,1,1,18,1,1,20.0,5.0,5.0,20.0,0,95,30.383647918701172,2.9271945426338597,,crash_vehicle
2215,fresh,6,fresh,,,0,0,0,18,1,0,20.0,40.0,5.0,55.0,1,49,2.490290641784668,0.3609559195382254,,out_of_road
2216,replay,6,replay,,,0,0,0,18,1,0,20.0,40.0,5.0,55.0,1,42,5.994708061218262,0.0,,out_of_road
2217,fresh,0,fresh,,,0,1,1,1,0,1,20.0,5.0,5.0,20.0,1,96,36.30223083496094,0.8131522703915834,,out_of_road
2218,mutation,6,mutation,intersection_cars,,1,1,1,18,1,0,5.0,40.0,10.0,55.0,3,56,11.763317108154297,0.7528456715600831,,out_of_road
2219,fresh,1,fresh,,,0,0,0,2,1,1,15.0,5.0,5.0,55.0,2,141,90.40498352050781,7.301285471476562,,out_of_road
2220,replay,1,replay,,,0,0,0,2,1,1,15.0,5.0,5.0,55.0,2,84,31.384540557861328,2.6914376322002638,,out_of_road
2221,fresh,3,fresh,,,0,0,0,5,1,0,20.0,20.0,10.0,35.0,1,37,2.0927844047546387,0.20094031739879298,,out_of_road
2222,mutation,1,mutation,select_road|select_lane|ego_on_intersection|intersection_has_cars,,2,1,0,2,1,1,20.0,20.0,10.0,55.0,0,61,18.043943405151367,0.4435719054986219,,out_of_road
2223,fresh,2,fresh,,,0,0,0,3,1,0,10.0,40.0,15.0,55.0,2,42,5.533246994018555,0.7740081151326498,,out_of_road
2224,replay,2,replay,,,0,0,0,3,1,0,10.0,40.0,15.0,55.0,2,133,62.415199279785156,4.871629299750006,,out_of_road
2225,fresh,3,fresh,,,0,1,0,4,1,1,20.0,40.0,5.0,55.0,1,97,36.850772857666016,4.536857218471999,,out_of_road
2226,crossover,5,crossover,,select_lane|ego_on_intersection|intersection_has_cars|distractor_cars|has_brake_checker|intersection_cars|has_cluster|maximum_distractor_speed,6,1,1,12,0,1,20.0,20.0,10.0,55.0,1,33,1.1102571487426758,0.0,,out_of_road
2227,fresh,6,fresh,,,0,0,0,18,0,1,5.0,5.0,15.0,35.0,1,399,0.06529045104980469,0.4641298877266714,,crash_vehicle
2228,replay,6,replay,,,0,0,0,18,0,1,5.0,5.0,15.0,35.0,1,169,111.39435577392578,3.4519502517034315,,out_of_road
2229,fresh,5,fresh,,,0,1,0,12,0,1,5.0,40.0,5.0,20.0,2,77,31.251243591308594,1.9101271660296948,,crash_vehicle
2230,crossover,5,crossover,,distractor_cars|maximum_distractor_speed|distance_to_nearest,2,1,1,12,1,0,15.0,10.0,10.0,55.0,1,143,83.95116424560547,6.011209626297851,,crash_vehicle
2231,fresh,1,fresh,,,0,0,0,2,1,1,20.0,20.0,10.0,35.0,2,23,-5.928840160369873,0.0,,out_of_road
2232,crossover,2,crossover,,intersection_cars|has_cluster|maximum_distractor_speed|distance_to_nearest,2,0,0,3,1,0,5.0,5.0,5.0,55.0,3,89,32.82265853881836,1.6503582081098236,,out_of_road
2233,fresh,2,fresh,,,0,1,0,3,0,0,20.0,40.0,15.0,10.0,3,99,34.86476135253906,3.1225696672694854,,out_of_road
2234,mutation,3,mutation,has_cluster,,1,1,1,4,0,1,15.0,40.0,15.0,55.0,3,75,25.972929000854492,0.5854394692182541,,crash_vehicle
2235,fresh,0,fresh,,,0,1,0,0,0,0,20.0,10.0,15.0,55.0,0,92,46.487754821777344,2.1733155827159467,,out_of_road
2236,replay,0,replay,,,0,1,0,0,0,0,20.0,10.0,15.0,55.0,0,130,75.02568054199219,1.6661801969775787,,crash_vehicle
2237,fresh,3,fresh,,,0,0,0,5,1,0,5.0,20.0,15.0,35.0,0,105,45.43986129760742,1.6030759882359278,,crash_vehicle
2238,mutation,0,mutation,intersection_cars,,0,1,1,0,1,0,5.0,10.0,15.0,20.0,0,83,31.072223663330078,0.8823724478842264,,out_of_road
2239,fresh,2,fresh,,,0,1,0,3,0,0,15.0,20.0,5.0,35.0,3,96,43.896060943603516,1.0783466150751337,,out_of_road
2240,mutation,5,mutation,cluster_dist,,1,1,0,12,0,0,5.0,10.0,10.0,55.0,1,76,23.853382110595703,1.152977374431334,,crash_vehicle
2241,fresh,0,fresh,,,0,0,0,0,0,0,5.0,5.0,5.0,35.0,0,130,53.9094352722168,3.2339685999430143,,out_of_road
2242,crossover,1,crossover,,intersection_cars|distance_to_nearest|brake_dist,3,0,0,2,1,0,5.0,10.0,15.0,20.0,1,46,3.184488296508789,0.3094683315442956,,crash_vehicle
2243,fresh,0,fresh,,,0,1,0,1,0,1,20.0,10.0,5.0,35.0,1,158,93.84991455078125,2.5941000329920008,,out_of_road
2244,mutation,2,mutation,distance_to_nearest,,1,1,1,3,0,1,15.0,40.0,15.0,20.0,3,183,134.33154296875,4.732362511379471,,out_of_road
2245,fresh,4,fresh,,,0,0,0,8,0,0,15.0,5.0,10.0,10.0,3,139,60.80510711669922,4.899821580742761,,crash_vehicle
2246,crossover,1,crossover,,intersection_cars|has_cluster|maximum_distractor_speed|cluster_dist,2,0,0,2,1,0,5.0,10.0,5.0,55.0,2,107,50.75811004638672,1.8311517712111784,,out_of_road
2247,fresh,3,fresh,,,0,0,0,4,0,0,10.0,20.0,15.0,55.0,3,86,37.74295425415039,2.4017238949620445,,crash_vehicle
2248,crossover,4,crossover,,select_lane|ego_on_intersection|intersection_has_cars|has_brake_checker|intersection_cars|maximum_distractor_speed|distance_to_nearest|cluster_dist|brake_dist,5,0,0,8,0,0,15.0,40.0,15.0,35.0,0,126,59.524024963378906,2.1195530162769414,,out_of_road
2249,fresh,3,fresh,,,0,0,0,5,0,1,5.0,10.0,15.0,35.0,1,40,0.0021448135375976562,0.231413035094738,,out_of_road
2250,mutation,3,mutation,distance_to_nearest,,1,1,0,4,1,0,15.0,10.0,10.0,35.0,0,80,35.51594924926758,2.8386785984039307,,crash_vehicle
2251,fresh,6,fresh,,,0,1,1,18,0,0,10.0,10.0,15.0,20.0,3,57,13.195104598999023,0.29718135839752985,,crash_vehicle
2252,mutation,3,mutation,has_brake_checker,,0,0,0,4,1,1,20.0,5.0,15.0,55.0,0,215,96.54997253417969,5.980481395610544,,crash_vehicle
2253,fresh,3,fresh,,,0,0,0,5,1,0,20.0,5.0,5.0,55.0,1,1000,2.496135711669922,0.012409428706392646,,max_step
2254,mutation,0,mutation,maximum_distractor_speed,,1,1,1,0,0,0,5.0,40.0,5.0,10.0,0,111,66.64485931396484,6.302580450300698,,arrive_dest
2255,fresh,5,fresh,,,0,1,1,12,1,1,15.0,20.0,15.0,35.0,1,76,27.687767028808594,0.8018319192097375,,crash_vehicle
2256,replay,5,replay,,,0,1,1,12,1,1,15.0,20.0,15.0,35.0,1,212,205.14195251464844,10.639603411532798,,out_of_road
2257,fresh,6,fresh,,,0,1,1,18,1,0,10.0,10.0,15.0,35.0,3,36,0.5904827117919922,0.20838434414731133,,out_of_road
2258,mutation,0,mutation,maximum_distractor_speed,,1,1,1,1,0,0,10.0,5.0,5.0,20.0,1,52,11.417627334594727,1.1176067533401342,,out_of_road
2259,fresh,5,fresh,,,0,1,0,12,0,1,10.0,20.0,15.0,35.0,3,69,22.40378189086914,0.44381046813467273,,crash_vehicle
2260,replay,5,replay,,,0,1,0,12,0,1,10.0,20.0,15.0,35.0,3,25,-3.0990216732025146,0.0,,out_of_road
2261,fresh,4,fresh,,,0,0,0,8,1,1,15.0,20.0,15.0,35.0,3,95,47.97831726074219,1.5502619826479962,,crash_vehicle
2262,replay,4,replay,,,0,0,0,8,1,1,15.0,20.0,15.0,35.0,3,97,45.337989807128906,2.1967206855410155,,crash_vehicle
2263,fresh,0,fresh,,,0,0,0,1,0,0,5.0,10.0,15.0,10.0,1,226,198.77264404296875,9.412803242098441,,out_of_road
2264,crossover,3,crossover,,distractor_cars|has_brake_checker|has_cluster|maximum_distractor_speed|distance_to_nearest|brake_dist,4,0,0,4,0,1,20.0,10.0,5.0,10.0,0,42,5.422077178955078,0.3911497933523996,,crash_vehicle
2265,fresh,5,fresh,,,0,0,0,12,1,1,10.0,5.0,10.0,20.0,3,116,-0.18761062622070312,0.1896034362244195,,out_of_road
2266,crossover,4,crossover,,distractor_cars|has_brake_checker|intersection_cars|brake_dist,1,1,1,8,1,0,15.0,40.0,10.0,55.0,0,121,78.46964263916016,2.404984159779943,,crash_vehicle
2267,fresh,2,fresh,,,0,0,0,3,1,0,15.0,5.0,5.0,55.0,2,1000,-2.8720571994781494,0.25754832808300854,,max_step
2268,replay,2,replay,,,0,0,0,3,1,0,15.0,5.0,5.0,55.0,2,89,37.92900466918945,0.9279044404458464,,crash_vehicle
2269,fresh,2,fresh,,,0,1,0,3,1,0,15.0,5.0,15.0,20.0,0,99,32.14350128173828,3.959078776113915,,crash_vehicle
2270,mutation,3,mutation,has_cluster,,1,1,1,4,0,1,20.0,10.0,5.0,55.0,0,127,4.3863420486450195,0.18990451396684946,,crash_vehicle
2271,fresh,6,fresh,,,0,1,0,18,0,1,20.0,5.0,15.0,35.0,1,67,2.764847755432129,1.5659684836864471,,out_of_road
2272,replay,6,replay,,,0,1,0,18,0,1,20.0,5.0,15.0,35.0,1,112,63.39037322998047,1.618311826937965,,out_of_road
2273,fresh,3,fresh,,,0,1,0,4,0,0,5.0,5.0,5.0,35.0,2,87,17.48165512084961,1.7021360232912262,,crash_vehicle
2274,crossover,3,crossover,,distractor_cars|has_cluster|maximum_distractor_speed|distance_to_nearest|brake_dist,4,0,0,4,0,0,20.0,20.0,5.0,35.0,3,60,19.964773178100586,0.5008531113465627,,crash_vehicle
2275,fresh,4,fresh,,,0,1,0,8,1,1,10.0,20.0,5.0,35.0,2,56,15.05634880065918,0.3321163313729422,,crash_vehicle
2276,mutation,3,mutation,distractor_cars,,1,1,0,5,0,1,5.0,10.0,15.0,10.0,1,50,12.848604202270508,0.330394888818264,,crash_vehicle
2277,fresh,4,fresh,,,0,1,1,8,1,1,20.0,5.0,5.0,20.0,1,161,23.66636085510254,1.7323954579946788,,crash_vehicle
2278,replay,4,replay,,,0,1,1,8,1,1,20.0,5.0,5.0,20.0,1,49,9.56679916381836,0.48191783075429956,,out_of_road
2279,fresh,3,fresh,,,0,0,0,5,0,0,20.0,40.0,10.0,35.0,1,115,64.4752197265625,3.0509277667688286,,out_of_road
2280,crossover,2,crossover,,maximum_distractor_speed|distance_to_nearest|cluster_dist,2,1,1,3,0,0,5.0,40.0,15.0,10.0,1,43,0.8310904502868652,0.0,,out_of_road
2281,fresh,1,fresh,,,0,0,0,2,1,0,15.0,5.0,5.0,35.0,1,74,24.849689483642578,3.6554316958865605,,arrive_dest
2282,mutation,2,mutation,has_brake_checker,,1,0,0,3,0,0,15.0,5.0,5.0,20.0,1,139,77.39655303955078,8.18314268391767,,out_of_road
2283,fresh,2,fresh,,,0,0,0,3,1,0,20.0,40.0,5.0,55.0,3,137,75.18135833740234,5.435562851872757,,out_of_road
2284,replay,2,replay,,,0,0,0,3,1,0,20.0,40.0,5.0,55.0,3,108,44.14565658569336,0.9939221728731085,,out_of_road
2285,fresh,6,fresh,,,0,1,1,18,0,1,15.0,40.0,15.0,20.0,2,121,68.74668884277344,2.0995900170985333,,crash_vehicle
2286,mutation,6,mutation,select_road|select_lane|ego_on_intersection|intersection_has_cars,,3,0,0,18,0,0,20.0,10.0,5.0,10.0,3,103,49.666786193847656,3.4985588383906094,,out_of_road
2287,fresh,3,fresh,,,0,0,0,4,0,1,5.0,10.0,15.0,35.0,1,708,101.60932159423828,1.630796728924043,,crash_vehicle
2288,replay,3,replay,,,0,0,0,4,0,1,5.0,10.0,15.0,35.0,1,142,85.31393432617188,8.08758893934354,,out_of_road
2289,fresh,1,fresh,,,0,1,1,2,1,0,5.0,10.0,5.0,20.0,2,92,43.264522552490234,0.7046124441144259,,crash_vehicle
2290,crossover,6,crossover,,select_lane|ego_on_intersection|intersection_has_cars|distractor_cars|has_brake_checker|cluster_dist,5,1,1,18,0,0,20.0,10.0,10.0,20.0,3,82,32.36115264892578,3.225239676673238,,crash_vehicle
2291,fresh,5,fresh,,,0,1,0,12,1,1,5.0,5.0,5.0,55.0,3,245,0.04604482650756836,0.08089849894144097,,crash_vehicle
2292,mutation,1,mutation,has_brake_checker,,0,0,0,2,0,1,20.0,20.0,10.0,55.0,0,51,13.836910247802734,0.2837952819525027,,crash_vehicle
2293,fresh,6,fresh,,,0,0,0,18,1,0,5.0,20.0,10.0,55.0,2,40,3.094724655151367,0.404378604888916,,out_of_road
2294,crossover,0,crossover,,distractor_cars|intersection_cars,1,1,1,1,0,0,5.0,40.0,5.0,10.0,0,87,33.68915557861328,0.6663899132232557,,out_of_road
2295,fresh,1,fresh,,,0,0,0,2,1,0,10.0,20.0,10.0,35.0,2,83,28.745277404785156,0.9462555073291422,,out_of_road
2296,mutation,4,mutation,maximum_distractor_speed,,1,0,0,8,0,0,10.0,40.0,15.0,35.0,0,118,49.98535919189453,1.6740299571242372,,out_of_road
2297,fresh,5,fresh,,,0,0,0,12,0,0,20.0,10.0,15.0,35.0,3,63,14.234579086303711,0.7760480270972328,,crash_vehicle
2298,crossover,3,crossover,,select_lane|ego_on_intersection|intersection_has_cars|intersection_cars|has_cluster|cluster_dist,2,1,1,5,0,0,20.0,10.0,10.0,20.0,3,37,3.198672294616699,0.5662567551071579,,out_of_road
2299,fresh,3,fresh,,,0,1,1,4,0,1,15.0,40.0,10.0,35.0,3,67,17.449243545532227,0.4437701097175257,,out_of_road
2300,crossover,2,crossover,,has_cluster,1,0,0,3,1,0,5.0,5.0,15.0,35.0,3,82,26.861209869384766,0.7959009895964366,,out_of_road
2301,fresh,0,fresh,,,0,1,1,0,0,0,20.0,20.0,5.0,20.0,0,41,4.247195243835449,1.6359581801949479,,out_of_road
2302,replay,0,replay,,,0,1,1,0,0,0,20.0,20.0,5.0,20.0,0,151,86.13617706298828,2.009521804170202,,out_of_road
2303,fresh,2,fresh,,,0,1,1,3,1,0,5.0,10.0,15.0,35.0,3,37,1.563246726989746,0.4503852225638725,,out_of_road
2304,mutation,3,mutation,brake_dist,,1,0,0,4,0,0,5.0,40.0,5.0,35.0,3,40,4.037473678588867,1.386112529039383,,out_of_road
2305,fresh,4,fresh,,,0,1,0,8,0,1,10.0,40.0,5.0,10.0,0,74,26.792129516601562,0.42911413553598765,,crash_vehicle
2306,mutation,5,mutation,has_cluster,,0,1,0,12,0,0,10.0,10.0,15.0,20.0,0,41,2.4183425903320312,0.13967892672957444,,out_of_road
2307,fresh,0,fresh,,,0,1,1,1,1,1,5.0,5.0,10.0,20.0,1,91,42.41917419433594,2.1679621253694807,,crash_vehicle
2308,mutation,1,mutation,intersection_cars,,0,1,1,2,1,0,15.0,10.0,5.0,55.0,2,31,-0.7589812278747559,0.13010606458110194,,out_of_road
2309,fresh,4,fresh,,,0,1,0,8,1,1,5.0,40.0,10.0,55.0,0,32,-0.14956951141357422,0.5107436776161194,,out_of_road
2310,replay,4,replay,,,0,1,0,8,1,1,5.0,40.0,10.0,55.0,0,37,0.687629222869873,1.1987597136884123,,out_of_road
2311,fresh,2,fresh,,,0,0,0,3,1,0,5.0,10.0,5.0,35.0,2,37,3.607919692993164,0.08501852041966207,,crash_vehicle
2312,mutation,5,mutation,has_brake_checker,,1,0,0,12,1,0,20.0,10.0,5.0,20.0,1,42,6.950381278991699,0.3093209947858538,,crash_vehicle
2313,fresh,3,fresh,,,0,1,0,4,0,1,20.0,5.0,15.0,20.0,3,76,12.292135238647461,3.3391654726706053,,out_of_road
2314,mutation,5,mutation,cluster_dist,,1,1,1,12,1,0,5.0,40.0,5.0,55.0,0,95,32.198577880859375,0.17653607443759317,,crash_vehicle
2315,fresh,6,fresh,,,0,0,0,18,1,1,5.0,20.0,5.0,35.0,1,47,9.016582489013672,0.26492244639295215,,crash_vehicle
2316,replay,6,replay,,,0,0,0,18,1,1,5.0,20.0,5.0,35.0,1,53,16.338115692138672,0.47884706787343295,,crash_vehicle
2317,fresh,0,fresh,,,0,1,0,1,0,1,10.0,40.0,10.0,35.0,1,34,0.4273409843444824,0.38969073576085705,,out_of_road
2318,crossover,1,crossover,,select_lane|ego_on_intersection|intersection_has_cars|distractor_cars|has_cluster|maximum_distractor_speed|distance_to_nearest|cluster_dist|brake_dist,5,1,1,2,0,0,20.0,40.0,15.0,55.0,0,93,42.94707107543945,1.0744394549439031,,out_of_road
2319,fresh,1,fresh,,,0,1,1,2,0,1,15.0,40.0,15.0,20.0,2,74,18.636999130249023,4.797482890051764,,out_of_road
2320,crossover,5,crossover,,distractor_cars|has_brake_checker|maximum_distractor_speed|distance_to_nearest|brake_dist,0,0,0,12,0,0,20.0,10.0,5.0,20.0,3,211,187.2241973876953,10.267500599978659,,out_of_road
2321,fresh,5,fresh,,,0,0,0,12,0,0,20.0,5.0,10.0,20.0,3,65,4.564864158630371,3.667189462368305,,out_of_road
2322,mutation,2,mutation,has_cluster,,1,1,1,3,0,0,15.0,10.0,5.0,10.0,2,134,70.8505859375,5.1832375455258495,,crash_vehicle
2323,fresh,5,fresh,,,0,0,0,12,0,0,5.0,40.0,10.0,35.0,2,28,-0.1783609390258789,0.4108667033059256,,out_of_road
2324,mutation,6,mutation,maximum_distractor_speed,,0,1,0,18,0,1,20.0,5.0,15.0,35.0,1,2,10.0,0.0,,arrive_dest
2325,fresh,4,fresh,,,0,1,1,8,1,0,10.0,5.0,15.0,20.0,0,99,24.255136489868164,6.545177293546272,,out_of_road
2326,replay,4,replay,,,0,1,1,8,1,0,10.0,5.0,15.0,20.0,0,569,284.3450622558594,6.881760485719084,,crash_vehicle
2327,fresh,2,fresh,,,0,1,1,3,0,1,20.0,20.0,5.0,20.0,2,99,41.218082427978516,1.7611079619012096,,out_of_road
2328,mutation,0,mutation,has_cluster,,0,0,0,1,1,1,5.0,10.0,10.0,55.0,1,1000,6.012784004211426,0.015610538505017757,,max_step
2329,fresh,0,fresh,,,0,0,0,0,0,0,20.0,40.0,15.0,55.0,0,32,0.8218684196472168,0.407595694065094,,out_of_road
2330,replay,0,replay,,,0,0,0,0,0,0,20.0,40.0,15.0,55.0,0,27,-1.8989717960357666,0.0,,out_of_road
2331,fresh,3,fresh,,,0,1,0,5,0,0,5.0,5.0,10.0,35.0,0,301,0.04656839370727539,0.010463259940923647,,crash_vehicle
2332,crossover,6,crossover,,distractor_cars|has_brake_checker|intersection_cars|has_cluster|maximum_distractor_speed|distance_to_nearest|cluster_dist|brake_dist,4,0,0,18,0,1,10.0,20.0,5.0,35.0,3,38,2.3326659202575684,1.1776083582325985,,out_of_road
2333,fresh,2,fresh,,,0,0,0,3,0,0,10.0,5.0,15.0,35.0,2,194,103.9738540649414,5.340579020915572,,out_of_road
2334,mutation,3,mutation,maximum_distractor_speed,,1,0,0,5,0,0,5.0,5.0,5.0,20.0,3,59,0.6508526802062988,0.9640010211427333,,out_of_road
2335,fresh,3,fresh,,,0,1,0,4,1,0,20.0,40.0,15.0,55.0,1,2,10.0,2.656456708908081,,arrive_dest
2336,replay,3,replay,,,0,1,0,4,1,0,20.0,40.0,15.0,55.0,1,128,64.90300750732422,4.729522763518617,,out_of_road
2337,fresh,6,fresh,,,0,1,0,18,0,1,5.0,5.0,10.0,20.0,0,66,11.717741012573242,2.190740912249594,,crash_vehicle
2338,replay,6,replay,,,0,1,0,18,0,1,5.0,5.0,10.0,20.0,0,41,7.367505073547363,0.25997588074788813,,out_of_road
2339,fresh,4,fresh,,,0,1,0,8,0,0,15.0,40.0,15.0,20.0,3,62,12.52978515625,0.7856401320426695,,out_of_road
2340,mutation,5,mutation,brake_dist,,0,0,0,12,1,1,10.0,40.0,5.0,55.0,1,87,26.07137680053711,0.5790285104992746,,crash_vehicle
2341,fresh,0,fresh,,,0,0,0,1,1,1,15.0,40.0,10.0,55.0,1,37,0.09663629531860352,0.3717126330813846,,out_of_road
2342,mutation,2,mutation,select_road|select_lane|ego_on_intersection|intersection_has_cars,,2,1,0,3,0,1,5.0,20.0,10.0,20.0,3,38,2.051445484161377,0.40527392688550445,,out_of_road
2343,fresh,2,fresh,,,0,1,0,3,0,1,5.0,10.0,15.0,20.0,0,62,8.625347137451172,1.5666770204421012,,out_of_road
2344,mutation,3,mutation,brake_dist,,1,1,0,5,0,0,20.0,20.0,15.0,20.0,0,92,34.38652420043945,3.2520428733981173,,out_of_road
2345,fresh,5,fresh,,,0,1,0,12,0,0,10.0,10.0,10.0,35.0,2,142,92.05438995361328,5.7530007244835435,,crash_vehicle
2346,crossover,2,crossover,,distractor_cars|has_brake_checker|has_cluster|cluster_dist|brake_dist,2,1,1,3,1,1,15.0,40.0,15.0,55.0,3,134,55.399658203125,1.2606594321220668,,out_of_road
2347,fresh,3,fresh,,,0,1,0,5,1,1,20.0,10.0,10.0,55.0,1,127,32.99049377441406,1.262084132573736,,crash_vehicle
2348,crossover,3,crossover,,intersection_cars|has_cluster|maximum_distractor_speed|distance_to_nearest,4,1,1,5,0,0,15.0,20.0,15.0,55.0,2,230,159.49777221679688,5.349099181268526,,out_of_road
2349,fresh,4,fresh,,,0,1,1,8,1,0,15.0,20.0,15.0,35.0,0,61,17.483505249023438,0.5926615146339916,,crash_vehicle
2350,crossover,0,crossover,,distractor_cars|has_brake_checker|maximum_distractor_speed|cluster_dist|brake_dist,3,0,0,1,1,1,15.0,40.0,15.0,55.0,1,59,12.31275749206543,2.4556308671579523,,out_of_road
2351,fresh,3,fresh,,,0,0,0,4,1,1,5.0,20.0,5.0,35.0,2,56,14.424718856811523,0.0,,crash_vehicle
2352,crossover,2,crossover,,select_lane|ego_on_intersection|intersection_has_cars|distractor_cars|cluster_dist|brake_dist,4,1,1,3,1,1,20.0,40.0,10.0,55.0,3,61,10.966928482055664,3.094245627278187,,out_of_road
2353,fresh,0,fresh,,,0,1,1,1,1,1,15.0,10.0,15.0,20.0,1,39,4.466732978820801,0.23704114327063927,,out_of_road
2354,crossover,1,crossover,,has_brake_checker|maximum_distractor_speed|distance_to_nearest|cluster_dist|brake_dist,4,0,0,2,1,1,20.0,20.0,10.0,55.0,1,62,13.984903335571289,0.20666211651217553,,crash_vehicle
2355,fresh,0,fresh,,,0,0,0,1,0,1,15.0,10.0,10.0,55.0,1,86,29.793514251708984,0.46692199450592664,,out_of_road
2356,replay,0,replay,,,0,0,0,1,0,1,15.0,10.0,10.0,55.0,1,79,30.136871337890625,1.3985936653010453,,crash_vehicle
2357,fresh,2,fresh,,,0,1,1,3,0,1,10.0,40.0,15.0,35.0,1,104,48.87309646606445,2.0925294690980363,,out_of_road
2358,mutation,0,mutation,select_road|select_lane|ego_on_intersection|intersection_has_cars,,3,0,0,0,0,0,5.0,40.0,5.0,10.0,0,40,2.2127270698547363,0.3836765170097351,,out_of_road
2359,fresh,6,fresh,,,0,1,1,18,0,0,5.0,20.0,5.0,35.0,2,48,4.602963447570801,0.0,,out_of_road
2360,mutation,5,mutation,distractor_cars,,1,0,0,12,1,0,15.0,20.0,15.0,35.0,1,101,36.19561004638672,1.885320940525225,,crash_vehicle
2361,fresh,1,fresh,,,0,1,1,2,0,0,20.0,10.0,5.0,55.0,2,42,3.841827392578125,0.5381602559770856,,out_of_road
2362,mutation,3,mutation,intersection_cars,,0,0,0,5,0,0,15.0,40.0,15.0,55.0,1,34,0.33365821838378906,0.16534959568696864,,out_of_road
2363,fresh,0,fresh,,,0,1,1,0,1,0,20.0,20.0,15.0,55.0,0,27,-0.8650727272033691,0.10098736815982395,,out_of_road
2364,replay,0,replay,,,0,1,1,0,1,0,20.0,20.0,15.0,55.0,0,59,10.682031631469727,0.5824859748452397,,out_of_road
2365,fresh,2,fresh,,,0,1,0,3,0,1,20.0,40.0,5.0,55.0,1,200,123.44354248046875,4.201087732464075,,out_of_road
2366,crossover,1,crossover,,distractor_cars|has_brake_checker|distance_to_nearest|cluster_dist,2,0,0,2,1,0,10.0,20.0,5.0,55.0,2,58,13.215614318847656,0.713903624435951,,out_of_road
2367,fresh,0,fresh,,,0,1,1,1,1,0,20.0,5.0,10.0,35.0,1,34,1.377969741821289,0.0,,out_of_road
2368,mutation,2,mutation,distance_to_nearest,,1,1,1,3,0,1,15.0,5.0,5.0,10.0,2,111,38.5176887512207,4.087180765630962,,out_of_road
2369,fresh,0,fresh,,,0,0,0,0,0,0,20.0,20.0,5.0,10.0,0,30,0.1098322868347168,0.04734083811442057,,out_of_road
2370,mutation,2,mutation,cluster_dist,,0,0,0,3,1,0,5.0,10.0,10.0,35.0,3,117,50.50505447387695,4.550448836424412,,out_of_road
2371,fresh,6,fresh,,,0,0,0,18,0,1,15.0,5.0,10.0,10.0,2,1000,29.836994171142578,0.2241492486074567,,max_step
2372,replay,6,replay,,,0,0,0,18,0,1,15.0,5.0,10.0,10.0,2,42,4.736906051635742,0.3161606788635254,,crash_vehicle
2373,fresh,0,fresh,,,0,0,0,1,0,1,10.0,20.0,5.0,20.0,1,33,0.32664012908935547,0.04772480328877767,,out_of_road
2374,mutation,3,mutation,distractor_cars,,0,0,0,5,1,1,20.0,10.0,15.0,55.0,1,1000,15.339179992675781,0.04776516559720039,,max_step
2375,fresh,6,fresh,,,0,1,1,18,1,0,20.0,20.0,10.0,55.0,1,88,35.360923767089844,1.6284321856854314,,out_of_road
2376,crossover,3,crossover,,has_brake_checker|maximum_distractor_speed|brake_dist,3,1,1,5,0,0,15.0,40.0,15.0,35.0,3,126,55.635555267333984,0.9656058993367922,,crash_vehicle
2377,fresh,4,fresh,,,0,1,0,8,0,1,5.0,40.0,15.0,20.0,0,82,23.727514266967773,0.3927030941335166,,out_of_road
2378,crossover,2,crossover,,select_lane|ego_on_intersection|intersection_has_cars|distractor_cars|intersection_cars|maximum_distractor_speed|distance_to_nearest|brake_dist,5,0,0,3,0,1,15.0,20.0,5.0,35.0,0,58,14.583560943603516,0.34010936473977976,,crash_vehicle
2379,fresh,1,fresh,,,0,0,0,2,1,1,10.0,20.0,10.0,35.0,2,50,5.774608612060547,0.33333984375,,out_of_road
2380,crossover,4,crossover,,has_brake_checker|intersection_cars|has_cluster|maximum_distractor_speed|cluster_dist,2,0,0,8,0,0,15.0,40.0,10.0,20.0,2,83,33.63005828857422,0.8724579854183886,,crash_vehicle
2381,fresh,5,fresh,,,0,0,0,12,1,1,20.0,10.0,10.0,55.0,1,86,35.926517486572266,2.5550990028436793,,crash_vehicle
2382,crossover,4,crossover,,select_lane|ego_on_intersection|intersection_has_cars|distractor_cars|has_brake_checker|intersection_cars|has_cluster,2,0,0,8,0,0,10.0,40.0,10.0,10.0,3,124,61.34314727783203,0.8941770611751464,,crash_vehicle
2383,fresh,3,fresh,,,0,0,0,4,0,0,10.0,20.0,5.0,55.0,3,132,58.748451232910156,1.2935652786188505,,out_of_road
2384,mutation,6,mutation,has_cluster,,0,0,0,18,1,0,15.0,40.0,5.0,55.0,2,24,-6.322157859802246,0.012109378973642984,,out_of_road
2385,fresh,3,fresh,,,0,0,0,4,0,1,20.0,40.0,10.0,20.0,3,156,71.70672607421875,1.4567365088523963,,crash_vehicle
2386,replay,3,replay,,,0,0,0,4,0,1,20.0,40.0,10.0,20.0,3,97,40.902137756347656,2.6682143162206278,,out_of_road
2387,fresh,2,fresh,,,0,0,0,3,0,1,10.0,20.0,15.0,20.0,2,83,33.615867614746094,2.955863506095596,,crash_vehicle
2388,crossover,3,crossover,,has_brake_checker|has_cluster|maximum_distractor_speed|cluster_dist,2,1,1,5,0,0,20.0,20.0,5.0,55.0,2,47,5.179304122924805,0.31403553739507145,,out_of_road
2389,fresh,1,fresh,,,0,0,0,2,0,1,10.0,5.0,15.0,55.0,0,1000,5.084781169891357,0.017353510243818163,,max_step
2390,crossover,3,crossover,,distractor_cars|has_brake_checker|intersection_cars|maximum_distractor_speed|distance_to_nearest,3,1,1,5,1,1,20.0,40.0,15.0,55.0,0,150,87.08163452148438,3.040643397967021,,crash_vehicle
2391,fresh,0,fresh,,,0,0,0,0,0,0,10.0,5.0,5.0,20.0,0,39,3.4345502853393555,0.6046305145972815,rejection_fallback,out_of_road
2392,crossover,0,crossover,,distractor_cars|has_brake_checker|intersection_cars|has_cluster|maximum_distractor_speed,3,0,0,0,0,0,15.0,40.0,10.0,55.0,0,53,4.667088508605957,0.04628238138162865,,out_of_road
2393,fresh,5,fresh,,,0,1,1,12,1,1,20.0,5.0,15.0,20.0,1,33,0.8068532943725586,0.009035941326256954,,crash_vehicle
2394,crossover,1,crossover,,distance_to_nearest|cluster_dist,2,0,0,2,0,0,15.0,20.0,10.0,55.0,2,89,40.356300354003906,0.5477465436364828,,out_of_road
2395,fresh,5,fresh,,,0,1,0,12,1,0,15.0,10.0,5.0,20.0,3,189,64.95166015625,4.006123330858019,,crash_vehicle
2396,replay,5,replay,,,0,1,0,12,1,0,15.0,10.0,5.0,20.0,3,1000,24.686954498291016,0.16662535220384597,,max_step
2397,fresh,3,fresh,,,0,0,0,4,0,1,20.0,5.0,15.0,10.0,2,153,53.93807601928711,3.6114788909314894,,crash_vehicle
2398,replay,3,replay,,,0,0,0,4,0,1,20.0,5.0,15.0,10.0,2,72,7.196989059448242,2.374746090008153,,out_of_road
2399,fresh,0,fresh,,,0,0,0,1,1,1,20.0,40.0,5.0,55.0,0,2,10.0,0.0,,arrive_dest
2400,mutation,0,mutation,cluster_dist,,0,0,0,0,0,0,10.0,5.0,5.0,20.0,0,229,200.05712890625,8.748454673581769,,out_of_road
2401,fresh,5,fresh,,,0,0,0,12,0,1,10.0,10.0,10.0,20.0,3,1000,9.699376106262207,0.023707504123449324,,max_step
2402,crossover,3,crossover,,has_brake_checker|has_cluster|distance_to_nearest|brake_dist,1,1,0,4,0,0,20.0,5.0,5.0,20.0,1,180,75.62059783935547,5.396172066984905,,out_of_road
2403,fresh,6,fresh,,,0,1,0,18,1,0,10.0,20.0,10.0,35.0,1,1000,27.587478637695312,0.10650618852674962,,max_step
2404,crossover,6,crossover,,select_lane|ego_on_intersection|intersection_has_cars|has_brake_checker|has_cluster|maximum_distractor_speed|brake_dist,4,1,0,18,1,0,20.0,5.0,15.0,20.0,2,1000,2.427635908126831,0.04829965905565768,,max_step
2405,fresh,0,fresh,,,0,0,0,0,0,0,10.0,20.0,5.0,35.0,0,78,27.830394744873047,4.812764311448122,,out_of_road
2406,mutation,3,mutation,brake_dist,,1,0,0,5,1,1,15.0,10.0,10.0,20.0,3,61,8.753549575805664,0.6758569053939132,,out_of_road
2407,fresh,0,fresh,,,0,0,0,1,1,0,5.0,5.0,15.0,55.0,1,53,8.91211223602295,0.26278276263542893,,out_of_road
2408,replay,0,replay,,,0,0,0,1,1,0,5.0,5.0,15.0,55.0,1,158,91.96102142333984,5.802963731032383,,crash_vehicle
2409,fresh,3,fresh,,,0,0,0,5,1,1,10.0,20.0,5.0,35.0,3,57,15.798822402954102,0.37607199685615406,,crash_vehicle
2410,crossover,5,crossover,,select_lane|ego_on_intersection|intersection_has_cars|distractor_cars|has_brake_checker|intersection_cars|maximum_distractor_speed|distance_to_nearest|brake_dist,4,0,0,12,0,0,20.0,10.0,10.0,20.0,3,187,112.56358337402344,5.1879013330541195,,crash_vehicle
2411,fresh,1,fresh,,,0,0,0,2,0,0,15.0,10.0,5.0,10.0,1,61,10.66787338256836,0.4586436396739522,,out_of_road
2412,mutation,3,mutation,has_brake_checker,,1,1,1,5,0,0,15.0,5.0,5.0,55.0,2,1000,2.7236337661743164,0.008690674513578415,,max_step
2413,fresh,4,fresh,,,0,0,0,8,0,0,20.0,5.0,10.0,55.0,3,1000,0.44419047236442566,0.00012950125336647035,,max_step
2414,replay,4,replay,,,0,0,0,8,0,0,20.0,5.0,10.0,55.0,3,117,71.668212890625,3.1176026911817045,,arrive_dest
2415,fresh,3,fresh,,,0,1,1,4,1,1,15.0,5.0,5.0,55.0,3,1000,7.54910945892334,0.003006337195634842,,max_step
2416,mutation,0,mutation,intersection_cars,,0,0,0,1,0,0,5.0,40.0,10.0,55.0,1,119,60.90741729736328,4.226702583938086,,out_of_road
2417,fresh,3,fresh,,,0,1,1,4,0,0,5.0,20.0,15.0,35.0,1,96,45.59272384643555,1.1391414357737328,,crash_vehicle
2418,mutation,3,mutation,has_cluster,,0,1,0,4,0,0,20.0,5.0,5.0,20.0,1,217,0.05977821350097656,0.022100053006602872,,crash_vehicle
2419,fresh,5,fresh,,,0,0,0,12,0,0,20.0,20.0,15.0,20.0,0,95,41.74372482299805,1.0886244654655457,,crash_vehicle
2420,mutation,3,mutation,intersection_cars,,0,0,0,4,0,0,10.0,10.0,10.0,10.0,2,64,18.415409088134766,0.4439409030601382,,crash_vehicle
2421,fresh,1,fresh,,,0,0,0,2,0,0,5.0,10.0,15.0,55.0,0,37,-7.921231269836426,0.087894040185052,,out_of_road
2422,replay,1,replay,,,0,0,0,2,0,0,5.0,10.0,15.0,55.0,0,172,70.33262634277344,4.112583923131921,,crash_vehicle
2423,fresh,3,fresh,,,0,0,0,4,0,1,20.0,5.0,10.0,55.0,1,1000,23.49403190612793,0.22303643582761287,,max_step
2424,crossover,3,crossover,,has_cluster|maximum_distractor_speed|distance_to_nearest|cluster_dist|brake_dist,4,1,1,5,0,0,5.0,40.0,5.0,20.0,3,89,37.69062805175781,0.6393522164794836,,out_of_road
2425,fresh,4,fresh,,,0,0,0,8,1,0,20.0,40.0,10.0,55.0,2,263,188.7655487060547,7.12930875121414,,out_of_road
2426,crossover,1,crossover,,distractor_cars|intersection_cars|has_cluster|maximum_distractor_speed|distance_to_nearest|brake_dist,2,0,0,2,0,0,20.0,20.0,10.0,55.0,0,208,147.7560272216797,6.544897060877142,,out_of_road
2427,fresh,3,fresh,,,0,0,0,5,1,0,20.0,5.0,5.0,20.0,0,1000,5.47709321975708,0.008550566174089908,,max_step
2428,crossover,6,crossover,,select_lane|ego_on_intersection|intersection_has_cars|distractor_cars|intersection_cars|maximum_distractor_speed|distance_to_nearest,4,1,0,18,1,0,10.0,5.0,10.0,35.0,2,98,30.615768432617188,2.8379520037952735,,crash_vehicle
2429,fresh,0,fresh,,,0,0,0,0,0,0,20.0,10.0,10.0,35.0,0,94,34.15001678466797,0.8267688129017962,,out_of_road
2430,mutation,2,mutation,has_brake_checker,,1,1,1,3,0,1,20.0,40.0,10.0,55.0,3,41,4.518642425537109,0.3197566706959794,,out_of_road
2431,fresh,0,fresh,,,0,0,0,1,1,0,10.0,5.0,15.0,35.0,1,84,37.924278259277344,1.3286088066441673,,out_of_road
2432,replay,0,replay,,,0,0,0,1,1,0,10.0,5.0,15.0,35.0,1,138,84.17742156982422,3.058342371297919,,crash_vehicle
2433,fresh,0,fresh,,,0,1,1,1,0,0,5.0,20.0,15.0,55.0,1,82,34.771690368652344,0.3857846274608519,,out_of_road
2434,mutation,5,mutation,brake_dist,,0,0,0,12,1,1,5.0,40.0,15.0,55.0,1,94,31.723831176757812,1.3662274467184188,,crash_vehicle
2435,fresh,3,fresh,,,0,0,0,5,0,0,5.0,40.0,5.0,20.0,0,139,61.326133728027344,3.5240496650016566,,out_of_road
2436,replay,3,replay,,,0,0,0,5,0,0,5.0,40.0,5.0,20.0,0,113,43.39701461791992,2.735180766313477,,out_of_road
2437,fresh,3,fresh,,,0,0,0,5,0,1,10.0,40.0,15.0,35.0,0,45,7.194218635559082,0.33034890492757163,,out_of_road
2438,replay,3,replay,,,0,0,0,5,0,1,10.0,40.0,15.0,35.0,0,96,38.938194274902344,0.584175553638488,,out_of_road
2439,fresh,0,fresh,,,0,1,1,0,1,0,10.0,10.0,5.0,55.0,0,227,195.62379455566406,8.952978170259408,,out_of_road
2440,crossover,5,crossover,,select_lane|ego_on_intersection|intersection_has_cars|distractor_cars|distance_to_nearest,4,1,1,12,1,0,15.0,10.0,15.0,35.0,3,478,45.09318161010742,0.6358435994353161,,crash_vehicle
2441,fresh,0,fresh,,,0,1,0,0,0,0,5.0,40.0,10.0,20.0,0,89,28.579204559326172,0.3680525194393115,,out_of_road
2442,replay,0,replay,,,0,1,0,0,0,0,5.0,40.0,10.0,20.0,0,186,116.87049102783203,4.01894940788387,,out_of_road
2443,fresh,0,fresh,,,0,0,0,0,1,0,15.0,40.0,10.0,10.0,0,32,7.9444732666015625,0.8952274732291698,,arrive_dest
2444,replay,0,replay,,,0,0,0,0,1,0,15.0,40.0,10.0,10.0,0,234,183.7857208251953,6.21809779617012,,out_of_road
2445,fresh,4,fresh,,,0,0,0,8,1,1,20.0,40.0,5.0,55.0,3,97,37.579612731933594,2.754429575401483,,crash_vehicle
2446,replay,4,replay,,,0,0,0,8,1,1,20.0,40.0,5.0,55.0,3,246,212.4317626953125,8.66266534725825,,out_of_road
2447,fresh,1,fresh,,,0,0,0,2,0,1,10.0,20.0,15.0,20.0,0,98,53.885616302490234,2.589491919595368,,out_of_road
2448,replay,1,replay,,,0,0,0,2,0,1,10.0,20.0,15.0,20.0,0,113,53.621246337890625,2.969994567136849,,crash_vehicle
2449,fresh,2,fresh,,,0,1,1,3,1,1,15.0,5.0,10.0,20.0,3,57,7.3628387451171875,0.2036374783829639,,out_of_road
2450,replay,2,replay,,,0,1,1,3,1,1,15.0,5.0,10.0,20.0,3,171,98.3946533203125,4.377528148784972,,crash_vehicle
2451,fresh,0,fresh,,,0,1,1,1,0,1,10.0,5.0,15.0,35.0,1,250,199.63597106933594,7.968524590015411,,out_of_road
2452,mutation,3,mutation,select_road|select_lane|ego_on_intersection|intersection_has_cars,,1,1,1,4,0,0,20.0,40.0,5.0,55.0,2,97,45.460853576660156,2.0270326447855567,,out_of_road
2453,fresh,3,fresh,,,0,0,0,5,1,1,15.0,5.0,5.0,20.0,3,614,0.19524288177490234,0.11574648319764809,,crash_vehicle
2454,mutation,6,mutation,cluster_dist,,0,0,0,18,0,0,15.0,20.0,5.0,20.0,3,241,206.8338165283203,7.941944144573449,,out_of_road
2455,fresh,2,fresh,,,0,0,0,3,0,1,5.0,10.0,10.0,20.0,0,38,4.812949180603027,0.19944720519216438,,crash_vehicle
2456,mutation,6,mutation,intersection_cars,,1,1,1,18,0,0,15.0,10.0,5.0,10.0,2,734,11.738656997680664,0.09220647999169229,,crash_vehicle
2457,fresh,1,fresh,,,0,0,0,2,0,0,10.0,40.0,10.0,35.0,1,78,24.74428367614746,2.3018397910472674,,crash_vehicle
2458,crossover,3,crossover,,distractor_cars|intersection_cars|distance_to_nearest|brake_dist,1,1,1,5,0,0,15.0,10.0,10.0,35.0,0,2,10.0,4.588188171386719,,arrive_dest
2459,fresh,0,fresh,,,0,1,0,1,0,0,15.0,40.0,5.0,55.0,0,212,132.8997344970703,5.5163468538590195,,out_of_road
2460,replay,0,replay,,,0,1,0,1,0,0,15.0,40.0,5.0,55.0,0,125,38.06102752685547,2.904986210823059,,out_of_road
2461,fresh,0,fresh,,,0,0,0,1,1,1,20.0,5.0,15.0,20.0,1,77,25.963136672973633,0.3985107510120838,,out_of_road
2462,mutation,1,mutation,has_cluster,,0,0,0,2,1,1,20.0,20.0,10.0,55.0,0,125,57.87328338623047,1.7884389884471894,,crash_vehicle
2463,fresh,2,fresh,,,0,1,1,3,0,1,20.0,10.0,5.0,55.0,3,91,36.59107208251953,0.4514702001770774,,out_of_road
2464,replay,2,replay,,,0,1,1,3,0,1,20.0,10.0,5.0,55.0,3,61,9.868550300598145,0.299622364952916,,out_of_road
2465,fresh,0,fresh,,,0,0,0,1,1,1,20.0,10.0,10.0,55.0,1,106,51.09735870361328,3.6737137650543787,,out_of_road
2466,mutation,2,mutation,has_cluster,,1,0,0,3,0,1,10.0,5.0,15.0,35.0,2,208,10.5413818359375,0.6211994575479856,,crash_vehicle
2467,fresh,6,fresh,,,0,1,1,18,0,1,5.0,20.0,15.0,20.0,3,63,21.848230361938477,0.49822370187630727,,crash_vehicle
2468,mutation,0,mutation,select_road|select_lane|ego_on_intersection|intersection_has_cars,,2,1,0,0,1,0,10.0,10.0,10.0,20.0,0,213,150.99172973632812,6.571758500007396,,out_of_road
2469,fresh,4,fresh,,,0,1,1,8,0,1,5.0,40.0,10.0,20.0,1,78,33.45330047607422,0.7881018786858289,,crash_vehicle
2470,crossover,1,crossover,,distractor_cars|has_brake_checker|intersection_cars|maximum_distractor_speed|distance_to_nearest|cluster_dist,4,0,0,2,1,0,5.0,20.0,5.0,35.0,0,104,42.795745849609375,2.6536996222745914,,crash_vehicle
2471,fresh,5,fresh,,,0,0,0,12,1,0,5.0,20.0,10.0,55.0,3,93,32.784523010253906,0.46619522635654737,,crash_vehicle
2472,crossover,0,crossover,,distractor_cars|has_brake_checker|maximum_distractor_speed|distance_to_nearest,5,1,1,0,1,0,20.0,10.0,5.0,35.0,0,107,62.95323181152344,2.097572431943127,,crash_vehicle
2473,fresh,5,fresh,,,0,1,1,12,1,1,20.0,40.0,5.0,55.0,3,109,52.03742218017578,1.0147250546227902,,out_of_road
2474,mutation,0,mutation,select_road|select_lane|ego_on_intersection|intersection_has_cars,,2,1,0,1,0,0,10.0,5.0,10.0,20.0,1,46,5.609992980957031,0.5022559295529905,,out_of_road
2475,fresh,6,fresh,,,0,0,0,18,1,1,15.0,10.0,15.0,55.0,2,134,65.58434295654297,3.1776198097574175,,out_of_road
2476,mutation,3,mutation,cluster_dist,,1,1,1,4,0,0,20.0,10.0,15.0,55.0,2,51,9.83878231048584,0.2922242015015845,,crash_vehicle
2477,fresh,0,fresh,,,0,0,0,1,0,1,5.0,10.0,5.0,20.0,0,54,10.282279014587402,0.20752599504258898,,crash_vehicle
2478,mutation,1,mutation,select_road|select_lane|ego_on_intersection|intersection_has_cars,,1,0,0,2,1,0,10.0,10.0,15.0,55.0,2,111,56.268096923828125,1.5278772915805783,,out_of_road
2479,fresh,2,fresh,,,0,1,0,3,0,0,10.0,5.0,15.0,55.0,1,122,34.001739501953125,2.470394226249124,,out_of_road
2480,crossover,3,crossover,,select_lane|ego_on_intersection|intersection_has_cars|distractor_cars|has_brake_checker|intersection_cars|has_cluster|maximum_distractor_speed|cluster_dist,5,1,0,4,1,0,15.0,5.0,10.0,55.0,0,71,12.207189559936523,1.2594036401157649,,out_of_road
2481,fresh,3,fresh,,,0,1,1,4,1,1,10.0,10.0,15.0,55.0,2,112,57.33932113647461,4.437347553670406,,out_of_road
2482,replay,3,replay,,,0,1,1,4,1,1,10.0,10.0,15.0,55.0,2,30,-2.2779362201690674,0.16608457565307616,,out_of_road
2483,fresh,0,fresh,,,0,0,0,0,0,0,20.0,10.0,10.0,20.0,0,50,7.532742500305176,0.9441356813907623,,out_of_road
2484,crossover,1,crossover,,distractor_cars|has_cluster|cluster_dist,1,0,0,2,1,0,15.0,5.0,5.0,55.0,2,152,81.4423828125,5.845933965946498,,out_of_road
2485,fresh,3,fresh,,,0,0,0,5,0,1,5.0,20.0,10.0,35.0,2,1000,12.248123168945312,0.046809231486171485,,max_step
2486,crossover,0,crossover,,select_lane|ego_on_intersection|intersection_has_cars|intersection_cars|has_cluster|maximum_distractor_speed|distance_to_nearest|brake_dist,3,1,0,1,0,0,20.0,5.0,5.0,35.0,0,135,55.57626724243164,4.216959478678526,,out_of_road
2487,fresh,1,fresh,,,0,1,0,2,1,1,15.0,40.0,15.0,55.0,0,145,86.99311065673828,2.281222644859347,,crash_vehicle
2488,crossover,6,crossover,,select_lane|ego_on_intersection|intersection_has_cars|distractor_cars|has_brake_checker|intersection_cars,5,1,1,18,1,1,10.0,20.0,15.0,35.0,1,55,11.684394836425781,0.1624477435242046,,out_of_road
2489,fresh,2,fresh,,,0,1,0,3,0,1,20.0,20.0,5.0,10.0,2,62,17.98780632019043,0.4471574906379946,,crash_vehicle
2490,mutation,0,mutation,brake_dist,,0,1,0,0,1,0,15.0,10.0,15.0,55.0,0,76,24.083791732788086,0.2978798966658743,,out_of_road
2491,fresh,4,fresh,,,0,1,1,8,1,0,15.0,10.0,5.0,20.0,1,283,106.3156967163086,4.883507702249521,,out_of_road
2492,crossover,5,crossover,,select_lane|ego_on_intersection|intersection_has_cars|intersection_cars|has_cluster|brake_dist,3,1,1,12,0,0,20.0,10.0,10.0,55.0,1,100,45.09374237060547,3.5360036730766295,,crash_vehicle
2493,fresh,6,fresh,,,0,1,1,18,1,0,20.0,40.0,15.0,55.0,2,108,36.62753677368164,1.9996977139402319,,out_of_road
2494,mutation,2,mutation,maximum_distractor_speed,,0,0,0,3,1,0,20.0,20.0,10.0,55.0,0,497,55.189483642578125,0.7783160150740708,,crash_vehicle
2495,fresh,5,fresh,,,0,0,0,12,1,0,15.0,40.0,15.0,55.0,0,45,4.082826614379883,0.17805760701497395,,out_of_road
2496,mutation,6,mutation,has_cluster,,1,1,1,18,0,0,10.0,40.0,15.0,10.0,1,169,90.29496002197266,4.645711860184133,,out_of_road
2497,fresh,0,fresh,,,0,1,1,1,1,1,5.0,40.0,5.0,55.0,0,34,18.783008575439453,0.9541113008471096,,arrive_dest
2498,mutation,1,mutation,intersection_cars,,1,0,0,2,0,1,20.0,20.0,10.0,55.0,1,184,119.86982727050781,5.3261268619933855,,out_of_road
2499,fresh,0,fresh,,,0,1,1,1,0,0,20.0,40.0,5.0,55.0,0,43,5.518159866333008,0.5510230840638627,,out_of_road
2500,mutation,0,mutation,select_road|select_lane|ego_on_intersection|intersection_has_cars,,1,1,1,1,0,1,10.0,5.0,10.0,20.0,1,114,49.3177604675293,2.913826530439812,,out_of_road
2501,fresh,3,fresh,,,0,0,0,4,0,1,10.0,5.0,15.0,55.0,2,86,-0.5102090835571289,1.5601470331813014,,out_of_road
2502,crossover,1,crossover,,has_brake_checker|has_cluster|distance_to_nearest,2,1,0,2,0,0,10.0,20.0,10.0,20.0,2,94,33.70927810668945,0.6889531840669348,,out_of_road
2503,fresh,2,fresh,,,0,0,0,3,0,0,15.0,20.0,5.0,55.0,0,117,35.78115463256836,1.8564014227217078,,out_of_road
2504,mutation,2,mutation,brake_dist,,1,0,0,3,1,1,5.0,5.0,15.0,20.0,3,102,42.77308654785156,1.2395556786773252,,crash_vehicle
2505,fresh,3,fresh,,,0,0,0,4,1,1,15.0,20.0,10.0,35.0,1,63,15.577796936035156,0.48659319726247635,,crash_vehicle
2506,crossover,1,crossover,,intersection_cars|has_cluster|maximum_distractor_speed|distance_to_nearest|cluster_dist,2,0,0,2,0,0,20.0,20.0,5.0,55.0,0,245,109.04652404785156,5.112579417228699,,out_of_road
2507,fresh,4,fresh,,,0,1,0,8,1,0,15.0,5.0,15.0,20.0,3,101,27.777992248535156,2.3947246898666465,,crash_vehicle
2508,replay,4,replay,,,0,1,0,8,1,0,15.0,5.0,15.0,20.0,3,116,56.69178009033203,1.3226920266089768,,out_of_road
2509,fresh,5,fresh,,,0,1,1,12,0,1,5.0,10.0,5.0,55.0,3,44,4.109475135803223,0.16087408499284225,,crash_vehicle
2510,crossover,1,crossover,,select_lane|ego_on_intersection|intersection_has_cars|intersection_cars|cluster_dist,3,1,1,2,1,0,20.0,20.0,10.0,55.0,0,97,41.13045120239258,1.0177647915390349,,out_of_road
2511,fresh,1,fresh,,,0,1,0,2,1,0,20.0,10.0,5.0,20.0,2,99,38.14845657348633,1.3644488682650557,,out_of_road
2512,replay,1,replay,,,0,1,0,2,1,0,20.0,10.0,5.0,20.0,2,45,5.661623954772949,0.41875216563542683,,out_of_road
2513,fresh,3,fresh,,,0,1,1,5,1,0,5.0,20.0,5.0,35.0,3,70,19.36761474609375,0.20311206919806343,,crash_vehicle
2514,mutation,2,mutation,has_brake_checker,,0,1,1,3,0,1,15.0,20.0,15.0,20.0,3,39,3.681950569152832,0.29080117360139507,,out_of_road
2515,fresh,6,fresh,,,0,1,1,18,0,0,5.0,20.0,10.0,55.0,1,49,2.5992965698242188,0.011754113800671637,,out_of_road
2516,mutation,2,mutation,has_cluster,,1,1,1,3,1,1,10.0,40.0,5.0,55.0,3,84,29.51757049560547,0.14794801619081271,,out_of_road
2517,fresh,1,fresh,,,0,1,0,2,0,0,10.0,20.0,15.0,35.0,2,150,70.52064514160156,4.150457048018773,,out_of_road
2518,crossover,5,crossover,,distractor_cars|has_brake_checker|has_cluster,1,1,1,12,0,1,15.0,10.0,10.0,55.0,0,769,18.455881118774414,0.16077020907985295,,crash_vehicle
2519,fresh,0,fresh,,,0,0,0,1,1,1,15.0,10.0,10.0,20.0,1,96,37.085411071777344,0.6963586875547966,,crash_vehicle
2520,crossover,5,crossover,,select_lane|ego_on_intersection|intersection_has_cars|distractor_cars|has_brake_checker,3,0,0,12,1,0,10.0,40.0,15.0,55.0,3,145,85.81102752685547,2.636756825344316,,crash_vehicle
2521,fresh,0,fresh,,,0,1,0,0,1,0,20.0,10.0,10.0,10.0,0,102,37.70761489868164,1.9976370644335653,,crash_vehicle
2522,replay,0,replay,,,0,1,0,0,1,0,20.0,10.0,10.0,10.0,0,160,69.10965728759766,1.4188091339543463,,out_of_road
2523,fresh,4,fresh,,,0,1,0,8,0,0,10.0,40.0,15.0,10.0,2,52,6.291468620300293,0.09819631822980367,,out_of_road
2524,crossover,0,crossover,,distractor_cars|has_brake_checker|intersection_cars|has_cluster|maximum_distractor_speed|distance_to_nearest,3,0,0,0,0,0,10.0,10.0,5.0,55.0,0,176,101.32915496826172,4.306154644624754,,out_of_road
2525,fresh,0,fresh,,,0,1,0,0,0,0,15.0,10.0,10.0,55.0,0,40,4.9748334884643555,0.35117012560367583,,out_of_road
2526,mutation,4,mutation,has_cluster,,0,1,0,8,0,0,15.0,5.0,5.0,35.0,2,1000,2.202568531036377,0.01081312591279857,,max_step
2527,fresh,1,fresh,,,0,1,1,2,0,0,5.0,40.0,15.0,20.0,2,156,88.669921875,4.169679515159283,,out_of_road
2528,mutation,1,mutation,brake_dist,,1,0,0,2,0,0,20.0,20.0,10.0,35.0,0,859,45.001285552978516,0.10550401103493082,,crash_vehicle
2529,fresh,1,fresh,,,0,1,1,2,0,1,5.0,20.0,10.0,10.0,1,124,49.47818374633789,0.9366716115224746,,crash_vehicle
2530,mutation,2,mutation,has_brake_checker,,0,0,0,3,1,0,20.0,40.0,10.0,55.0,1,114,70.3437728881836,1.5512638384835762,,crash_vehicle
2531,fresh,3,fresh,,,0,0,0,4,0,0,20.0,5.0,10.0,10.0,0,278,177.6167449951172,6.132826242301104,,out_of_road
2532,mutation,3,mutation,select_road|select_lane|ego_on_intersection|intersection_has_cars,,3,0,0,5,0,1,10.0,40.0,5.0,20.0,1,87,27.062511444091797,0.3179359436035156,,crash_vehicle
2533,fresh,3,fresh,,,0,0,0,4,0,0,10.0,5.0,5.0,20.0,2,1000,209.2382049560547,2.423181055488996,,max_step
2534,replay,3,replay,,,0,0,0,4,0,0,10.0,5.0,5.0,20.0,2,130,65.54014587402344,3.305213902776058,,out_of_road
2535,fresh,6,fresh,,,0,1,0,18,0,0,10.0,5.0,15.0,35.0,0,91,21.211963653564453,2.549437635547512,,crash_vehicle
2536,mutation,1,mutation,has_cluster,,0,0,0,2,1,0,15.0,5.0,5.0,35.0,1,315,177.68161010742188,5.482793612139566,,out_of_road
2537,fresh,6,fresh,,,0,0,0,18,1,1,15.0,20.0,10.0,35.0,0,73,17.81577491760254,0.3739030393835616,,crash_vehicle
2538,mutation,1,mutation,select_road|select_lane|ego_on_intersection|intersection_has_cars,,1,0,0,2,0,1,20.0,10.0,5.0,10.0,1,131,54.593482971191406,3.370705637995523,,crash_vehicle
2539,fresh,4,fresh,,,0,1,1,8,1,1,5.0,10.0,10.0,20.0,0,981,103.94541931152344,0.8263987324017344,,crash_vehicle
2540,crossover,0,crossover,,select_lane|ego_on_intersection|intersection_has_cars|distractor_cars|intersection_cars|has_cluster|maximum_distractor_speed,3,1,1,0,0,0,10.0,10.0,5.0,55.0,0,214,176.5549774169922,6.061880123531707,,out_of_road
2541,fresh,3,fresh,,,0,0,0,4,0,0,20.0,40.0,15.0,35.0,3,146,80.82679748535156,5.705271452257078,,out_of_road
2542,mutation,5,mutation,distance_to_nearest,,1,1,1,12,0,1,20.0,40.0,15.0,55.0,1,78,44.15409851074219,1.2472845751505632,,arrive_dest
2543,fresh,4,fresh,,,0,1,0,8,0,1,10.0,40.0,15.0,20.0,2,89,35.09386444091797,0.223390726560957,,crash_vehicle
2544,mutation,3,mutation,distractor_cars,,1,0,0,5,1,0,15.0,5.0,5.0,35.0,1,435,0.08643245697021484,0.015249697958258377,,crash_vehicle
2545,fresh,4,fresh,,,0,1,1,8,0,0,20.0,10.0,15.0,55.0,1,154,55.29731369018555,2.3952572785027617,,crash_vehicle
2546,replay,4,replay,,,0,1,1,8,0,0,20.0,10.0,15.0,55.0,1,244,191.27438354492188,6.06161691810264,,out_of_road
2547,fresh,0,fresh,,,0,1,1,0,1,0,15.0,20.0,15.0,55.0,0,234,183.2380828857422,7.2817486415052,,out_of_road
2548,replay,0,replay,,,0,1,1,0,1,0,15.0,20.0,15.0,55.0,0,116,51.020103454589844,1.5268264480962837,,out_of_road
2549,fresh,4,fresh,,,0,1,1,8,0,0,10.0,40.0,10.0,35.0,1,60,13.920822143554688,0.3465254080792268,,out_of_road
2550,crossover,3,crossover,,distractor_cars|intersection_cars|has_cluster|distance_to_nearest|cluster_dist,3,1,0,4,1,0,15.0,40.0,15.0,55.0,3,98,36.17399978637695,0.17685070025677585,,out_of_road
2551,fresh,4,fresh,,,0,1,0,8,1,0,5.0,20.0,10.0,35.0,1,55,7.3205060958862305,0.14509444670243696,,out_of_road
2552,crossover,2,crossover,,select_lane|ego_on_intersection|intersection_has_cars|intersection_cars,1,0,0,3,1,1,5.0,5.0,15.0,55.0,3,69,18.927345275878906,0.738360003284786,,out_of_road
2553,fresh,0,fresh,,,0,0,0,1,0,0,15.0,10.0,5.0,20.0,1,46,2.218291759490967,1.1547505777815115,,out_of_road
2554,replay,0,replay,,,0,0,0,1,0,0,15.0,10.0,5.0,20.0,1,39,1.4388813972473145,0.0,,out_of_road
2555,fresh,2,fresh,,,0,0,0,3,0,0,5.0,20.0,5.0,55.0,0,104,20.4676456451416,0.607163773276485,,crash_vehicle
2556,mutation,4,mutation,distance_to_nearest,,1,0,0,8,0,0,5.0,40.0,15.0,10.0,0,213,127.99887084960938,4.946114534013708,,out_of_road
2557,fresh,0,fresh,,,0,1,1,1,0,1,5.0,20.0,5.0,55.0,0,38,1.5304408073425293,0.3182557256598222,,out_of_road
2558,replay,0,replay,,,0,1,1,1,0,1,5.0,20.0,5.0,55.0,0,84,28.142131805419922,0.6922332691472202,,crash_vehicle
2559,fresh,0,fresh,,,0,0,0,1,0,0,15.0,40.0,15.0,35.0,0,85,35.89250183105469,0.527470681421897,,crash_vehicle
2560,crossover,1,crossover,,has_cluster|distance_to_nearest|cluster_dist|brake_dist,3,0,0,2,1,0,20.0,10.0,15.0,20.0,0,2,10.0,0.0,,arrive_dest
2561,fresh,1,fresh,,,0,0,0,2,1,1,20.0,40.0,15.0,55.0,0,76,30.507225036621094,0.4724398322011295,,crash_vehicle
2562,replay,1,replay,,,0,0,0,2,1,1,20.0,40.0,15.0,55.0,0,161,79.01626586914062,2.0578383925538626,,crash_vehicle
2563,fresh,1,fresh,,,0,0,0,2,0,1,20.0,20.0,10.0,35.0,1,111,39.19388961791992,1.471838820624996,,out_of_road
2564,replay,1,replay,,,0,0,0,2,0,1,20.0,20.0,10.0,35.0,1,1000,71.45199584960938,0.4749012892432511,,max_step
2565,fresh,6,fresh,,,0,1,1,18,1,0,15.0,40.0,5.0,55.0,1,82,10.810977935791016,0.4071984349227533,,crash_vehicle
2566,mutation,2,mutation,distractor_cars,,1,0,0,3,0,0,10.0,10.0,10.0,10.0,2,58,10.199223518371582,0.4187508875439907,,crash_vehicle
2567,fresh,5,fresh,,,0,0,0,12,0,0,5.0,20.0,10.0,10.0,1,75,17.8995418548584,0.24077829996744793,,crash_vehicle
2568,crossover,3,crossover,,distractor_cars|intersection_cars|has_cluster|distance_to_nearest|cluster_dist,5,1,1,4,1,1,20.0,10.0,15.0,55.0,3,173,93.00834655761719,5.3061664262948005,,crash_vehicle
2569,fresh,5,fresh,,,0,0,0,12,1,1,20.0,10.0,5.0,35.0,2,321,40.85637664794922,1.034173178889809,,out_of_road
2570,replay,5,replay,,,0,0,0,12,1,1,20.0,10.0,5.0,35.0,2,121,60.785491943359375,5.382902233807509,,out_of_road
2571,fresh,2,fresh,,,0,1,0,3,1,1,10.0,40.0,5.0,55.0,2,1000,105.9577865600586,0.36430679889023304,,max_step
2572,crossover,1,crossover,,distractor_cars|intersection_cars|has_cluster|maximum_distractor_speed|distance_to_nearest|brake_dist,2,0,0,2,1,1,10.0,40.0,10.0,55.0,2,158,105.33845520019531,4.9634315907672235,,crash_vehicle
2573,fresh,5,fresh,,,0,0,0,12,0,0,5.0,40.0,10.0,20.0,1,113,53.59259033203125,3.0176971260689003,,crash_vehicle
2574,replay,5,replay,,,0,0,0,12,0,0,5.0,40.0,10.0,20.0,1,107,47.630218505859375,2.4832982690395595,,out_of_road
2575,fresh,0,fresh,,,0,0,0,0,0,0,10.0,10.0,15.0,35.0,0,255,218.25050354003906,8.610826944077717,,out_of_road
2576,crossover,4,crossover,,select_lane|ego_on_intersection|intersection_has_cars|distractor_cars|cluster_dist,1,1,1,8,1,0,10.0,5.0,15.0,20.0,0,1000,9.483890533447266,0.07165235961414873,,max_step
2577,fresh,2,fresh,,,0,0,0,3,1,1,15.0,20.0,15.0,35.0,0,77,37.105159759521484,1.289281103518102,,crash_vehicle
2578,replay,2,replay,,,0,0,0,3,1,1,15.0,20.0,15.0,35.0,0,154,81.57772064208984,4.261348137559442,,crash_vehicle
2579,fresh,0,fresh,,,0,0,0,0,0,0,20.0,20.0,5.0,35.0,0,50,10.033032417297363,0.3833230209350586,,out_of_road
2580,crossover,5,crossover,,select_lane|ego_on_intersection|intersection_has_cars|distractor_cars|intersection_cars|distance_to_nearest|brake_dist,4,1,1,12,1,0,15.0,40.0,5.0,55.0,3,71,25.26711654663086,0.04879823536940024,,crash_vehicle
2581,fresh,3,fresh,,,0,0,0,4,1,0,10.0,20.0,5.0,35.0,0,93,40.3635368347168,2.3228177870473554,,crash_vehicle
2582,replay,3,replay,,,0,0,0,4,1,0,10.0,20.0,5.0,35.0,0,139,85.43572998046875,2.8730881387810054,,crash_vehicle
2583,fresh,3,fresh,,,0,1,1,4,0,1,5.0,40.0,5.0,55.0,1,77,26.071163177490234,0.43430462131252534,,crash_vehicle
2584,replay,3,replay,,,0,1,1,4,0,1,5.0,40.0,5.0,55.0,1,180,122.08174896240234,3.908857324719429,,crash_vehicle
2585,fresh,3,fresh,,,0,0,0,5,0,0,20.0,5.0,10.0,35.0,3,1000,255.164794921875,2.756900428213179,,max_step
2586,mutation,0,mutation,maximum_distractor_speed,,1,1,1,0,1,0,5.0,10.0,5.0,55.0,0,152,97.5038070678711,2.7422019415780117,,crash_vehicle
2587,fresh,3,fresh,,,0,0,0,5,0,1,10.0,10.0,5.0,55.0,0,39,4.71022891998291,0.22242969121688452,,crash_vehicle
2588,crossover,4,crossover,,distractor_cars|has_brake_checker,0,0,0,8,0,0,10.0,40.0,15.0,35.0,0,119,64.23831939697266,2.2959622377608,,out_of_road
2589,fresh,4,fresh,,,0,1,0,8,0,1,5.0,10.0,15.0,20.0,1,62,14.785133361816406,0.24555287438054238,,crash_vehicle
2590,mutation,0,mutation,maximum_distractor_speed,,1,0,0,0,0,0,10.0,40.0,5.0,10.0,0,112,43.84760284423828,3.641016396028655,,out_of_road
2591,fresh,4,fresh,,,0,1,1,8,0,0,10.0,5.0,5.0,10.0,3,311,-0.07333803176879883,0.11907466850767565,,crash_vehicle
2592,replay,4,replay,,,0,1,1,8,0,0,10.0,5.0,5.0,10.0,3,166,122.74674224853516,7.025205636958042,,out_of_road
2593,fresh,3,fresh,,,0,0,0,4,0,0,10.0,5.0,10.0,10.0,2,1000,0.9162710309028625,0.004865267241373658,,max_step
2594,mutation,3,mutation,has_brake_checker,,1,1,1,4,1,0,20.0,10.0,5.0,55.0,0,146,75.83982849121094,4.602616665706242,,out_of_road
2595,fresh,3,fresh,,,0,0,0,4,1,0,20.0,40.0,5.0,55.0,3,32,3.8599729537963867,0.4790170192718506,,crash_vehicle
2596,mutation,6,mutation,has_brake_checker,,1,1,0,18,0,1,10.0,5.0,15.0,55.0,2,75,13.256721496582031,1.2160875136653582,,crash_vehicle
2597,fresh,4,fresh,,,0,0,0,8,0,0,20.0,40.0,5.0,35.0,0,39,3.33120059967041,0.2668275007834801,,out_of_road
2598,crossover,2,crossover,,distractor_cars|intersection_cars|has_cluster|distance_to_nearest|cluster_dist|brake_dist,4,0,0,3,0,1,10.0,10.0,10.0,20.0,2,620,102.3992919921875,1.275529760074231,,out_of_road
2599,fresh,2,fresh,,,0,1,1,3,0,1,10.0,40.0,15.0,20.0,0,83,35.91773986816406,0.4211957917874118,,crash_vehicle
2600,replay,2,replay,,,0,1,1,3,0,1,10.0,40.0,15.0,20.0,0,1000,39.0152702331543,0.30675203127227724,,max_step
2601,fresh,0,fresh,,,0,0,0,1,1,1,5.0,10.0,15.0,55.0,0,96,32.922088623046875,1.5686305249109864,,crash_vehicle
2602,replay,0,replay,,,0,0,0,1,1,1,5.0,10.0,15.0,55.0,0,116,53.57304763793945,1.7829538136720657,,crash_vehicle
2603,fresh,3,fresh,,,0,1,0,5,1,0,20.0,5.0,10.0,20.0,0,1000,155.68113708496094,1.1421909685581924,,max_step
2604,replay,3,replay,,,0,1,0,5,1,0,20.0,5.0,10.0,20.0,0,142,66.19451141357422,2.8477840320744985,,out_of_road
2605,fresh,5,fresh,,,0,0,0,12,0,1,20.0,10.0,10.0,55.0,3,1000,32.16682815551758,0.17763671920448543,,max_step
2606,replay,5,replay,,,0,0,0,12,0,1,20.0,10.0,10.0,55.0,3,43,16.980937957763672,0.7791541897973349,,arrive_dest
2607,fresh,5,fresh,,,0,0,0,12,0,1,5.0,5.0,15.0,20.0,0,1000,115.71123504638672,0.9247303063049912,,max_step
2608,mutation,0,mutation,has_brake_checker,,0,0,0,0,0,0,20.0,40.0,15.0,20.0,0,115,57.40633010864258,2.088024287249731,,out_of_road
2609,fresh,1,fresh,,,0,0,0,2,0,1,10.0,20.0,5.0,35.0,0,565,62.77131652832031,0.5867812976900455,,out_of_road
2610,crossover,1,crossover,,select_lane|ego_on_intersection|intersection_has_cars|intersection_cars|cluster_dist,0,1,1,2,0,1,15.0,5.0,5.0,20.0,2,39,5.2131452560424805,0.3406806114392403,,out_of_road
2611,fresh,6,fresh,,,0,1,1,18,1,1,5.0,5.0,5.0,20.0,3,241,-0.13784313201904297,0.02551629621520082,,crash_vehicle
2612,replay,6,replay,,,0,1,1,18,1,1,5.0,5.0,5.0,20.0,3,149,69.10530090332031,3.9500256952823407,,out_of_road
2613,fresh,5,fresh,,,0,0,0,12,0,0,10.0,40.0,10.0,55.0,0,87,32.8147087097168,0.16850381610037266,,crash_vehicle
2614,replay,5,replay,,,0,0,0,12,0,0,10.0,40.0,10.0,55.0,0,78,32.170249938964844,0.6321415740710038,,crash_vehicle
2615,fresh,0,fresh,,,0,0,0,0,1,0,10.0,20.0,15.0,20.0,0,53,10.163352012634277,0.2370356984858243,,out_of_road
2616,crossover,3,crossover,,select_lane|ego_on_intersection|intersection_has_cars|intersection_cars|maximum_distractor_speed|cluster_dist|brake_dist,5,1,1,5,0,0,20.0,20.0,5.0,55.0,2,42,2.559030532836914,0.1901191132409232,,out_of_road
2617,fresh,2,fresh,,,0,0,0,3,1,1,15.0,10.0,15.0,55.0,0,136,58.67689895629883,2.3607750213705003,,crash_vehicle
2618,mutation,1,mutation,has_cluster,,0,0,0,2,0,0,20.0,20.0,10.0,10.0,1,68,23.395164489746094,0.44368987924912395,,crash_vehicle
2619,fresh,2,fresh,,,0,1,1,3,1,1,20.0,5.0,5.0,20.0,3,43,0.6354546546936035,0.12047004699707031,,out_of_road
2620,mutation,1,mutation,maximum_distractor_speed,,1,1,0,2,1,1,5.0,10.0,5.0,55.0,2,2,10.0,0.0,,arrive_dest
2621,fresh,0,fresh,,,0,0,0,1,1,0,10.0,5.0,15.0,35.0,1,18,-5.354698657989502,0.0,,out_of_road
2622,mutation,5,mutation,cluster_dist,,1,0,0,12,1,0,20.0,20.0,10.0,55.0,0,77,31.219799041748047,0.41163976664667007,,crash_vehicle
2623,fresh,0,fresh,,,0,0,0,0,1,0,20.0,40.0,5.0,35.0,0,116,66.76234436035156,1.6383712802981507,,crash_vehicle
2624,replay,0,replay,,,0,0,0,0,1,0,20.0,40.0,5.0,35.0,0,212,162.80540466308594,6.472033128704664,,out_of_road
2625,fresh,3,fresh,,,0,1,0,5,1,0,15.0,5.0,5.0,20.0,3,193,46.96230697631836,2.258087055593575,,out_of_road
2626,mutation,3,mutation,select_road|select_lane|ego_on_intersection|intersection_has_cars,,3,0,0,5,1,0,20.0,40.0,5.0,55.0,0,103,42.30568313598633,2.699502614661328,,out_of_road
2627,fresh,4,fresh,,,0,1,0,8,0,0,10.0,20.0,10.0,55.0,2,85,29.668609619140625,0.44695959336617413,,crash_vehicle
2628,crossover,0,crossover,,distractor_cars|has_brake_checker|intersection_cars|has_cluster|cluster_dist|brake_dist,4,1,1,0,1,0,15.0,40.0,15.0,10.0,0,106,40.914031982421875,3.0130854552646853,,crash_vehicle
2629,fresh,1,fresh,,,0,0,0,2,0,0,10.0,5.0,5.0,10.0,2,40,3.8177032470703125,0.43227672576904297,,out_of_road
2630,crossover,0,crossover,,distractor_cars|intersection_cars|has_cluster|maximum_distractor_speed|distance_to_nearest|cluster_dist,3,1,1,0,0,0,20.0,20.0,10.0,10.0,0,77,30.619266510009766,0.05004204132340171,,out_of_road
2631,fresh,3,fresh,,,0,1,1,5,1,0,15.0,20.0,5.0,35.0,3,88,39.900733947753906,1.3650259743021294,,crash_vehicle
2632,mutation,5,mutation,select_road|select_lane|ego_on_intersection|intersection_has_cars,,3,0,0,12,1,0,15.0,10.0,10.0,55.0,1,196,49.79356384277344,1.4460881860660655,,crash_vehicle
2633,fresh,2,fresh,,,0,0,0,3,0,1,5.0,20.0,15.0,35.0,0,70,20.797788619995117,0.345077657699585,,crash_vehicle
2634,mutation,2,mutation,cluster_dist,,1,1,0,3,0,0,20.0,40.0,5.0,10.0,3,98,42.08677291870117,3.7693078882840214,,out_of_road
2635,fresh,6,fresh,,,0,0,0,18,1,1,20.0,20.0,5.0,35.0,1,292,14.516969680786133,0.07688823881980082,,crash_vehicle
2636,mutation,1,mutation,maximum_distractor_speed,,1,1,0,2,0,0,15.0,10.0,15.0,20.0,0,131,55.70973205566406,3.2696208708158885,,out_of_road
2637,fresh,3,fresh,,,0,0,0,4,1,0,15.0,40.0,10.0,55.0,3,97,38.30412673950195,1.0715247804356605,,out_of_road
2638,mutation,4,mutation,select_road|select_lane|ego_on_intersection|intersection_has_cars,,3,1,1,8,1,1,20.0,10.0,15.0,20.0,1,214,90.0146713256836,4.178900564559431,,crash_vehicle
2639,fresh,3,fresh,,,0,1,0,4,0,0,15.0,5.0,10.0,35.0,3,1000,153.49923706054688,0.8778894087541849,,max_step
2640,crossover,3,crossover,,intersection_cars|distance_to_nearest,1,1,0,5,1,0,15.0,5.0,15.0,35.0,3,73,17.86979103088379,2.7347248825308395,,arrive_dest
2641,fresh,0,fresh,,,0,0,0,1,1,1,20.0,40.0,5.0,55.0,1,144,95.60005950927734,3.085476827911205,,crash_vehicle
2642,replay,0,replay,,,0,0,0,1,1,1,20.0,40.0,5.0,55.0,1,173,122.53765106201172,5.315113347562062,,out_of_road
2643,fresh,0,fresh,,,0,0,0,0,1,0,20.0,40.0,5.0,10.0,0,36,-1.3279118537902832,0.0,,out_of_road
2644,replay,0,replay,,,0,0,0,0,1,0,20.0,40.0,5.0,10.0,0,45,4.099964141845703,0.0009574201371934679,,out_of_road
2645,fresh,0,fresh,,,0,0,0,0,0,0,10.0,5.0,5.0,20.0,0,109,41.50518035888672,0.3918167360195326,rejection_fallback,out_of_road
2646,replay,0,replay,,,0,0,0,0,0,0,10.0,5.0,5.0,20.0,0,241,187.07412719726562,6.141561567474203,,out_of_road
2647,fresh,4,fresh,,,0,1,0,8,1,1,5.0,5.0,5.0,20.0,3,750,0.3240523338317871,0.0160617044121027,,crash_vehicle
2648,crossover,3,crossover,,select_lane|ego_on_intersection|intersection_has_cars|intersection_cars|has_cluster|cluster_dist|brake_dist,7,0,0,5,0,1,20.0,20.0,15.0,55.0,1,65,22.260398864746094,0.39923961345966047,,crash_vehicle
2649,fresh,3,fresh,,,0,0,0,4,0,0,5.0,20.0,10.0,20.0,1,41,2.911327838897705,0.22128754708825088,,out_of_road
2650,replay,3,replay,,,0,0,0,4,0,0,5.0,20.0,10.0,20.0,1,111,53.19411087036133,5.33094776898354,,out_of_road
2651,fresh,5,fresh,,,0,1,1,12,1,0,15.0,5.0,10.0,35.0,3,358,0.13494014739990234,0.012971875627197366,,crash_vehicle
2652,mutation,3,mutation,brake_dist,,1,1,1,4,0,0,20.0,10.0,5.0,10.0,0,144,74.54304504394531,4.230103766545653,,out_of_road
2653,fresh,6,fresh,,,0,1,0,18,1,1,15.0,40.0,15.0,55.0,3,116,66.9316635131836,1.7078390667407677,,crash_vehicle
2654,mutation,0,mutation,maximum_distractor_speed,,0,1,1,0,0,0,20.0,40.0,5.0,10.0,0,84,29.230995178222656,0.5604067189352853,,out_of_road
2655,fresh,6,fresh,,,0,0,0,18,0,0,10.0,5.0,10.0,35.0,3,541,0.19784116744995117,0.0141873977486175,,crash_vehicle
2656,mutation,1,mutation,has_cluster,,1,1,1,2,0,1,20.0,20.0,5.0,55.0,0,963,111.7672119140625,0.7321132616384626,,crash_vehicle
2657,fresh,0,fresh,,,0,1,0,1,0,1,20.0,40.0,15.0,20.0,1,185,121.62606048583984,6.214511695745829,,out_of_road
2658,mutation,5,mutation,select_road|select_lane|ego_on_intersection|intersection_has_cars,,3,0,0,12,0,0,15.0,20.0,10.0,55.0,0,37,4.14125919342041,0.44925917483664846,,out_of_road
2659,fresh,6,fresh,,,0,1,1,18,1,0,10.0,10.0,15.0,20.0,1,468,34.85608673095703,0.362882305149578,,crash_vehicle
2660,mutation,1,mutation,brake_dist,,0,1,0,2,1,1,5.0,10.0,15.0,20.0,2,106,44.21959686279297,1.1915772169266108,,crash_vehicle
2661,fresh,0,fresh,,,0,0,0,1,1,0,5.0,10.0,15.0,20.0,1,80,25.53728675842285,0.4526776224374771,,out_of_road
2662,mutation,5,mutation,intersection_cars,,1,0,0,12,1,0,20.0,20.0,15.0,35.0,3,113,51.160888671875,3.1876556498814472,,out_of_road
2663,fresh,3,fresh,,,0,1,1,5,1,1,5.0,40.0,5.0,55.0,1,81,24.731891632080078,0.8264610329527914,,crash_vehicle
2664,replay,3,replay,,,0,1,1,5,1,1,5.0,40.0,5.0,55.0,1,91,34.65883255004883,0.534075854243813,,out_of_road
2665,fresh,6,fresh,,,0,1,0,18,1,0,10.0,40.0,5.0,55.0,3,70,22.469318389892578,0.7422692823622908,,crash_vehicle
2666,mutation,4,mutation,has_brake_checker,,2,0,0,8,1,0,15.0,40.0,15.0,55.0,0,108,56.844261169433594,2.0795984364770077,,crash_vehicle
2667,fresh,5,fresh,,,0,0,0,12,1,0,5.0,20.0,10.0,35.0,0,92,41.359737396240234,1.5759660251762555,,crash_vehicle
2668,mutation,1,mutation,select_road|select_lane|ego_on_intersection|intersection_has_cars,,3,1,1,2,0,0,20.0,10.0,5.0,10.0,1,230,151.8534393310547,6.144490438958873,,out_of_road
2669,fresh,6,fresh,,,0,1,1,18,0,1,10.0,10.0,5.0,55.0,3,520,5.099343299865723,0.0410284204247336,,crash_vehicle
2670,replay,6,replay,,,0,1,1,18,0,1,10.0,10.0,5.0,55.0,3,38,0.9719910621643066,0.0976024677878932,,out_of_road
2671,fresh,0,fresh,,,0,0,0,1,1,0,20.0,20.0,5.0,35.0,0,80,36.55221176147461,2.0433182425796987,,crash_vehicle
2672,replay,0,replay,,,0,0,0,1,1,0,20.0,20.0,5.0,35.0,0,131,75.43018341064453,3.5823081986594745,,crash_vehicle
2673,fresh,0,fresh,,,0,1,1,1,0,0,15.0,10.0,10.0,55.0,1,218,188.5081787109375,7.7086777950919005,,out_of_road
2674,replay,0,replay,,,0,1,1,1,0,0,15.0,10.0,10.0,55.0,1,207,152.4242401123047,6.184236204278642,,out_of_road
2675,fresh,4,fresh,,,0,1,1,8,1,0,5.0,5.0,5.0,55.0,2,58,0.13018369674682617,0.15081337865056663,,out_of_road
2676,replay,4,replay,,,0,1,1,8,1,0,5.0,5.0,5.0,55.0,2,1000,31.177412033081055,0.06292105473577976,,max_step
2677,fresh,3,fresh,,,0,1,0,5,0,1,20.0,20.0,15.0,20.0,3,72,28.643596649169922,0.9325057818657823,,crash_vehicle
2678,crossover,4,crossover,,select_lane|ego_on_intersection|intersection_has_cars|has_brake_checker|intersection_cars|has_cluster|brake_dist,5,1,0,8,0,0,20.0,40.0,10.0,20.0,3,44,4.827953338623047,0.5631196532737125,,out_of_road
2679,fresh,0,fresh,,,0,0,0,1,1,0,15.0,40.0,15.0,55.0,1,161,102.5687026977539,4.558955599015914,,crash_vehicle
2680,crossover,3,crossover,,select_lane|ego_on_intersection|intersection_has_cars|distractor_cars|has_brake_checker|maximum_distractor_speed,2,1,1,5,0,1,15.0,40.0,5.0,55.0,0,176,118.2513656616211,5.52987949211489,,crash_vehicle
2681,fresh,6,fresh,,,0,0,0,18,1,0,15.0,20.0,15.0,35.0,0,220,28.962905883789062,0.8729033474895087,,crash_vehicle
2682,replay,6,replay,,,0,0,0,18,1,0,15.0,20.0,15.0,35.0,0,166,63.58876037597656,3.2579608971634544,,out_of_road
2683,fresh,1,fresh,,,0,0,0,2,1,0,15.0,20.0,10.0,35.0,1,87,42.240413665771484,1.5228365978290295,,crash_vehicle
2684,replay,1,replay,,,0,0,0,2,1,0,15.0,20.0,10.0,35.0,1,145,89.04535675048828,3.7234896857163,,crash_vehicle
2685,fresh,3,fresh,,,0,0,0,4,0,0,5.0,5.0,5.0,10.0,2,75,2.7701268196105957,0.8879764652252198,,out_of_road
2686,crossover,1,crossover,,select_lane|ego_on_intersection|intersection_has_cars|distractor_cars|has_brake_checker|maximum_distractor_speed|distance_to_nearest,4,1,0,2,1,0,20.0,5.0,5.0,55.0,0,155,49.042118072509766,2.7306935272870527,,out_of_road
2687,fresh,0,fresh,,,0,1,0,0,1,0,20.0,5.0,10.0,20.0,0,43,1.8556675910949707,0.14994874111441678,,out_of_road
2688,crossover,0,crossover,,select_lane|ego_on_intersection|intersection_has_cars|distractor_cars|has_cluster|maximum_distractor_speed|cluster_dist,4,1,1,1,1,1,15.0,40.0,5.0,55.0,0,44,4.319428443908691,0.26944595778530295,,out_of_road
2689,fresh,2,fresh,,,0,1,0,3,0,0,20.0,20.0,15.0,20.0,0,110,54.90412139892578,3.2064941547133707,,out_of_road
2690,replay,2,replay,,,0,1,0,3,0,0,20.0,20.0,15.0,20.0,0,130,46.757389068603516,3.2748597502708434,,out_of_road
2691,fresh,0,fresh,,,0,1,1,1,0,0,20.0,5.0,15.0,55.0,1,80,43.98106384277344,1.3878987647593022,,arrive_dest
2692,replay,0,replay,,,0,1,1,1,0,0,20.0,5.0,15.0,55.0,1,263,179.34046936035156,6.23236385203133,,out_of_road
2693,fresh,4,fresh,,,0,1,0,8,0,1,10.0,40.0,5.0,20.0,2,445,43.54594802856445,0.4096698210480508,,crash_vehicle
2694,mutation,0,mutation,has_cluster,,0,0,0,1,0,1,15.0,40.0,5.0,35.0,1,232,180.27658081054688,6.223329792505708,,out_of_road
2695,fresh,5,fresh,,,0,1,0,12,1,1,15.0,10.0,10.0,55.0,0,232,105.67312622070312,5.426172712239726,,crash_vehicle
2696,replay,5,replay,,,0,1,0,12,1,1,15.0,10.0,10.0,55.0,0,77,27.368453979492188,0.7227034874550708,,out_of_road
2697,fresh,2,fresh,,,0,1,0,3,0,0,10.0,20.0,5.0,35.0,1,44,3.49951171875,0.5032105515287681,,out_of_road
2698,crossover,3,crossover,,has_brake_checker|has_cluster|distance_to_nearest|brake_dist,3,0,0,5,0,1,15.0,40.0,5.0,55.0,3,183,54.72133255004883,1.3236253303093988,,out_of_road
2699,fresh,5,fresh,,,0,0,0,12,0,1,20.0,5.0,5.0,20.0,0,1000,15.4878511428833,0.03917248670384288,,max_step
2700,replay,5,replay,,,0,0,0,12,0,1,20.0,5.0,5.0,20.0,0,158,121.361572265625,8.652719051023073,,out_of_road
2701,fresh,2,fresh,,,0,0,0,3,1,0,20.0,5.0,5.0,20.0,0,37,-0.3705759048461914,0.0,,crash_vehicle
2702,crossover,1,crossover,,select_lane|ego_on_intersection|intersection_has_cars|distractor_cars|has_cluster,3,0,0,2,0,0,20.0,20.0,15.0,35.0,1,115,54.166748046875,2.4789849913638573,,out_of_road
2703,fresh,6,fresh,,,0,1,1,18,0,1,15.0,5.0,10.0,10.0,2,1000,1.8612315654754639,0.010407021649181843,,max_step
2704,replay,6,replay,,,0,1,1,18,0,1,15.0,5.0,10.0,10.0,2,220,86.46334838867188,3.622567848319357,,crash_vehicle
2705,fresh,0,fresh,,,0,1,0,0,0,0,5.0,20.0,5.0,55.0,0,138,91.87586212158203,3.194967358008675,,out_of_road
2706,crossover,3,crossover,,distractor_cars|has_brake_checker|maximum_distractor_speed|distance_to_nearest|cluster_dist|brake_dist,2,1,1,5,1,1,15.0,10.0,15.0,55.0,3,121,61.865760803222656,5.13940719779858,,crash_vehicle
2707,fresh,4,fresh,,,0,0,0,8,0,0,15.0,10.0,5.0,55.0,1,49,4.90843391418457,0.6656386852264404,,out_of_road
2708,mutation,1,mutation,has_cluster,,0,0,0,2,0,0,5.0,20.0,5.0,10.0,2,86,33.19084167480469,2.6014770591674847,,out_of_road
2709,fresh,2,fresh,,,0,1,1,3,1,0,15.0,10.0,5.0,20.0,3,80,29.958972930908203,0.8360473129898309,,out_of_road
2710,replay,2,replay,,,0,1,1,3,1,0,15.0,10.0,5.0,20.0,3,146,61.1063232421875,2.3744087407033736,,out_of_road
2711,fresh,6,fresh,,,0,1,0,18,0,0,15.0,20.0,5.0,55.0,3,86,40.87545394897461,1.4755349944150724,,out_of_road
2712,replay,6,replay,,,0,1,0,18,0,0,15.0,20.0,5.0,55.0,3,90,35.796234130859375,1.044428723388248,,crash_vehicle
2713,fresh,3,fresh,,,0,1,1,4,0,1,15.0,40.0,10.0,20.0,1,81,29.59729766845703,0.6551957616099605,,crash_vehicle
2714,crossover,2,crossover,,select_lane|ego_on_intersection|intersection_has_cars|intersection_cars|maximum_distractor_speed|distance_to_nearest|cluster_dist,4,0,0,3,1,0,20.0,10.0,5.0,35.0,2,119,47.03321075439453,2.976111488682883,,out_of_road
2715,fresh,4,fresh,,,0,0,0,8,1,0,15.0,40.0,10.0,55.0,3,45,3.919229507446289,0.0478139019674725,,out_of_road
2716,mutation,0,mutation,has_brake_checker,,1,1,0,1,0,0,20.0,40.0,10.0,55.0,1,38,3.967374801635742,0.1897183260635326,,out_of_road
2717,fresh,2,fresh,,,0,0,0,3,0,0,5.0,20.0,5.0,10.0,3,223,199.19570922851562,7.888176816995903,,out_of_road
2718,replay,2,replay,,,0,0,0,3,0,0,5.0,20.0,5.0,10.0,3,192,143.4503631591797,5.132701466480891,,out_of_road
2719,fresh,5,fresh,,,0,0,0,12,1,0,20.0,5.0,5.0,35.0,0,131,41.16575241088867,2.3539464557898864,,crash_vehicle
2720,crossover,2,crossover,,cluster_dist|brake_dist,0,1,1,3,1,1,10.0,40.0,10.0,55.0,1,95,39.72015380859375,0.4929164371992412,,crash_vehicle
2721,fresh,4,fresh,,,0,0,0,8,1,1,10.0,20.0,10.0,35.0,0,63,17.71259880065918,0.5657653893743243,,crash_vehicle
2722,crossover,0,crossover,,has_brake_checker|maximum_distractor_speed|distance_to_nearest|cluster_dist,3,0,0,0,0,0,10.0,20.0,15.0,55.0,0,130,71.59306335449219,5.001747194047158,,out_of_road
2723,fresh,1,fresh,,,0,0,0,2,0,0,15.0,10.0,15.0,55.0,1,100,32.01377487182617,1.5488291731476784,,crash_vehicle
2724,crossover,3,crossover,,select_lane|ego_on_intersection|intersection_has_cars|distractor_cars|intersection_cars|has_cluster|maximum_distractor_speed,6,0,0,4,1,1,20.0,40.0,10.0,55.0,3,83,48.94953536987305,1.1443172183381505,,arrive_dest
2725,fresh,0,fresh,,,0,0,0,1,0,1,20.0,20.0,5.0,55.0,1,161,102.6951675415039,4.862143889347219,,out_of_road
2726,mutation,0,mutation,has_cluster,,0,0,0,0,0,0,5.0,40.0,5.0,10.0,0,205,181.2856903076172,6.593840275886582,,out_of_road
2727,fresh,1,fresh,,,0,1,1,2,1,0,10.0,20.0,10.0,55.0,2,56,8.577048301696777,0.44555843036089626,,out_of_road
2728,crossover,4,crossover,,distractor_cars|has_brake_checker|intersection_cars|has_cluster|brake_dist,3,1,0,8,0,1,15.0,5.0,5.0,10.0,3,322,2.6431727409362793,0.04657551773494075,,crash_vehicle
2729,fresh,3,fresh,,,0,0,0,4,1,1,10.0,40.0,15.0,55.0,2,148,77.66492462158203,2.69189205503947,,crash_vehicle
2730,replay,3,replay,,,0,0,0,4,1,1,10.0,40.0,15.0,55.0,2,380,111.16836547851562,2.61376667120739,,out_of_road
2731,fresh,1,fresh,,,0,0,0,2,1,0,10.0,10.0,5.0,35.0,0,53,1.5250911712646484,0.06932283797354069,,out_of_road
2732,mutation,4,mutation,intersection_cars,,0,0,0,8,1,0,20.0,40.0,10.0,55.0,2,153,91.48593139648438,6.796790214145885,,out_of_road
2733,fresh,3,fresh,,,0,0,0,4,0,1,10.0,10.0,15.0,20.0,2,100,37.78406524658203,1.848892368376255,,crash_vehicle
2734,crossover,6,crossover,,select_lane|ego_on_intersection|intersection_has_cars|intersection_cars|cluster_dist,3,1,0,18,0,0,20.0,10.0,5.0,10.0,1,123,46.2877311706543,2.788431975899673,,out_of_road
2735,fresh,2,fresh,,,0,0,0,3,1,0,5.0,40.0,10.0,55.0,2,118,63.756805419921875,2.8841962541564037,,crash_vehicle
2736,mutation,0,mutation,distractor_cars,,2,0,0,1,0,0,5.0,20.0,5.0,10.0,1,80,32.85382843017578,2.8053654108196495,,out_of_road
2737,fresh,3,fresh,,,0,1,0,5,0,0,20.0,5.0,15.0,55.0,1,778,-0.16106843948364258,0.05291537055506306,,crash_vehicle
2738,crossover,3,crossover,,select_lane|ego_on_intersection|intersection_has_cars|distractor_cars|brake_dist,3,1,0,5,0,1,10.0,5.0,10.0,20.0,1,73,3.6280441284179688,1.5155854551759484,,out_of_road
2739,fresh,4,fresh,,,0,1,0,8,0,1,5.0,10.0,5.0,55.0,1,962,12.50394058227539,0.031458585288786096,,crash_vehicle
2740,mutation,3,mutation,cluster_dist,,1,1,0,4,0,0,20.0,10.0,15.0,20.0,1,64,10.904245376586914,0.4201435528229922,,out_of_road
2741,fresh,4,fresh,,,0,1,0,8,0,1,10.0,20.0,10.0,55.0,0,50,6.348516464233398,0.35427520275115965,,out_of_road
2742,replay,4,replay,,,0,1,0,8,0,1,10.0,20.0,10.0,55.0,0,161,97.34730529785156,3.7364558201769125,,out_of_road
2743,fresh,0,fresh,,,0,0,0,0,0,0,10.0,5.0,5.0,20.0,0,129,110.53260803222656,6.042903205452039,rejection_fallback,arrive_dest
2744,replay,0,replay,,,0,0,0,0,0,0,10.0,5.0,5.0,20.0,0,109,59.74443054199219,1.7737974327638608,,out_of_road
2745,fresh,3,fresh,,,0,0,0,4,1,0,20.0,20.0,15.0,55.0,0,22,-5.5713043212890625,0.020294597203081303,,out_of_road
2746,replay,3,replay,,,0,0,0,4,1,0,20.0,20.0,15.0,55.0,0,136,62.15699005126953,3.0606553552343563,,out_of_road
2747,fresh,2,fresh,,,0,0,0,3,1,0,5.0,40.0,10.0,55.0,2,55,11.618614196777344,1.3501619534059004,,out_of_road
2748,crossover,1,crossover,,select_lane|ego_on_intersection|intersection_has_cars|distractor_cars|has_brake_checker|intersection_cars|has_cluster|maximum_distractor_speed|cluster_dist|brake_dist,9,1,1,2,0,1,15.0,20.0,5.0,20.0,2,117,54.149356842041016,3.978081632278159,,out_of_road
2749,fresh,1,fresh,,,0,1,1,2,1,0,10.0,5.0,15.0,35.0,1,1000,0.7462577819824219,0.0004688609465956688,,max_step
2750,mutation,0,mutation,brake_dist,,1,1,0,1,0,1,20.0,40.0,15.0,10.0,1,93,46.225521087646484,0.996976234579599,,out_of_road
2751,fresh,6,fresh,,,0,1,0,18,1,1,15.0,20.0,15.0,55.0,2,81,15.499343872070312,0.2775453167197145,,out_of_road
2752,replay,6,replay,,,0,1,0,18,1,1,15.0,20.0,15.0,55.0,2,271,125.33351135253906,4.719729684705664,,crash_vehicle
2753,fresh,3,fresh,,,0,1,1,5,0,0,15.0,20.0,15.0,20.0,0,135,79.36808776855469,2.8613932958355655,,crash_vehicle
2754,mutation,3,mutation,has_brake_checker,,0,1,1,5,1,0,10.0,40.0,15.0,55.0,3,112,54.02205276489258,0.6172666390027318,,crash_vehicle
2755,fresh,5,fresh,,,0,0,0,12,0,1,5.0,20.0,15.0,20.0,2,663,93.74446105957031,0.9023883862036026,,crash_vehicle
2756,crossover,6,crossover,,intersection_cars|has_cluster|maximum_distractor_speed|distance_to_nearest|cluster_dist|brake_dist,4,0,0,18,1,0,20.0,5.0,5.0,20.0,1,83,13.56743049621582,2.948187427348401,,crash_vehicle
2757,fresh,5,fresh,,,0,0,0,12,1,1,15.0,10.0,15.0,20.0,0,527,206.4977264404297,3.962948111082079,,out_of_road
2758,crossover,3,crossover,,select_lane|ego_on_intersection|intersection_has_cars|has_cluster|distance_to_nearest|cluster_dist,4,1,0,5,0,1,15.0,5.0,15.0,55.0,0,227,119.7245101928711,5.6865373188178445,,out_of_road
2759,fresh,0,fresh,,,0,1,1,1,1,0,10.0,20.0,15.0,35.0,1,85,35.9481086730957,0.40601790337001575,,out_of_road
2760,crossover,6,crossover,,select_lane|ego_on_intersection|intersection_has_cars|intersection_cars|cluster_dist,2,0,0,18,1,0,15.0,40.0,15.0,55.0,2,147,95.75554656982422,5.207188735811078,,crash_vehicle
2761,fresh,4,fresh,,,0,1,1,8,0,1,10.0,20.0,15.0,55.0,2,63,18.826717376708984,0.6039309577336387,,crash_vehicle
2762,crossover,3,crossover,,select_lane|ego_on_intersection|intersection_has_cars|distractor_cars|has_brake_checker|intersection_cars|distance_to_nearest|cluster_dist,5,1,1,4,0,0,20.0,10.0,5.0,20.0,0,95,30.31458282470703,1.5406384631207115,,out_of_road
2763,fresh,6,fresh,,,0,0,0,18,0,1,5.0,20.0,15.0,35.0,3,82,31.506580352783203,0.5543590260715019,,crash_vehicle
2764,mutation,3,mutation,distance_to_nearest,,1,1,0,4,0,0,20.0,10.0,5.0,20.0,1,94,27.66997528076172,0.9893245929257667,,crash_vehicle
2765,fresh,4,fresh,,,0,0,0,8,0,0,5.0,5.0,15.0,35.0,2,75,12.049566268920898,2.52270086924235,,crash_vehicle
2766,replay,4,replay,,,0,0,0,8,0,0,5.0,5.0,15.0,35.0,2,54,14.045513153076172,0.31957930105703847,,out_of_road
2767,fresh,1,fresh,,,0,0,0,2,1,0,20.0,5.0,5.0,35.0,1,67,0.2532658576965332,0.9537608565679238,,out_of_road
2768,crossover,3,crossover,,select_lane|ego_on_intersection|intersection_has_cars|has_brake_checker|has_cluster|brake_dist,4,0,0,4,1,1,15.0,5.0,15.0,55.0,3,79,11.846868515014648,1.0625199890589412,,out_of_road
2769,fresh,5,fresh,,,0,1,0,12,1,0,5.0,5.0,15.0,55.0,0,1000,64.41088104248047,0.43007915911450983,,max_step
2770,crossover,6,crossover,,has_cluster|cluster_dist,1,1,0,18,1,1,5.0,10.0,15.0,20.0,2,185,11.431583404541016,0.21826906759996673,,crash_vehicle
2771,fresh,0,fresh,,,0,0,0,1,0,1,5.0,20.0,5.0,20.0,1,118,58.74704360961914,2.521479778623177,,out_of_road
2772,mutation,6,mutation,intersection_cars,,1,0,0,18,1,0,15.0,20.0,15.0,55.0,3,42,3.2094497680664062,0.4241033551238832,,out_of_road
2773,fresh,0,fresh,,,0,0,0,1,1,0,20.0,5.0,10.0,20.0,1,34,-1.1721045970916748,0.09066592244540944,,out_of_road
2774,replay,0,replay,,,0,0,0,1,1,0,20.0,5.0,10.0,20.0,1,257,191.39442443847656,6.72542882800566,,out_of_road
2775,fresh,6,fresh,,,0,1,0,18,1,0,5.0,10.0,15.0,35.0,1,1000,23.27696418762207,0.11135650912672282,,max_step
2776,crossover,0,crossover,,select_lane|ego_on_intersection|intersection_has_cars|has_brake_checker|cluster_dist,4,0,0,0,0,0,15.0,20.0,15.0,55.0,0,127,63.472320556640625,1.5593536252111901,,out_of_road
2777,fresh,0,fresh,,,0,1,0,0,0,0,5.0,5.0,5.0,20.0,0,230,173.59158325195312,4.497546033755593,,out_of_road
2778,replay,0,replay,,,0,1,0,0,0,0,5.0,5.0,5.0,20.0,0,200,129.72113037109375,5.001706952005625,,out_of_road
2779,fresh,2,fresh,,,0,0,0,3,0,0,20.0,10.0,10.0,35.0,1,51,1.5082907676696777,0.0,,out_of_road
2780,replay,2,replay,,,0,0,0,3,0,0,20.0,10.0,10.0,35.0,1,90,42.3893928527832,1.0677311438653203,,out_of_road
2781,fresh,1,fresh,,,0,0,0,2,1,1,15.0,40.0,15.0,55.0,2,107,71.62052917480469,1.2100483479204578,,arrive_dest
2782,crossover,4,crossover,,has_cluster|maximum_distractor_speed|brake_dist,2,0,0,8,0,0,15.0,40.0,15.0,55.0,0,196,117.810791015625,5.007785202897325,,out_of_road
2783,fresh,3,fresh,,,0,0,0,4,1,0,15.0,20.0,5.0,35.0,3,42,3.5586233139038086,0.4050548814591907,,out_of_road
2784,mutation,1,mutation,brake_dist,,1,0,0,2,1,1,20.0,20.0,10.0,35.0,0,153,39.52956008911133,0.7464189714466045,,crash_vehicle
2785,fresh,6,fresh,,,0,1,1,18,0,1,10.0,40.0,5.0,20.0,0,76,27.896636962890625,0.9092665039198963,,crash_vehicle
2786,crossover,0,crossover,,has_brake_checker|maximum_distractor_speed|distance_to_nearest|brake_dist,3,0,0,0,1,0,20.0,40.0,5.0,35.0,0,54,12.715473175048828,0.35117647382948136,,out_of_road
2787,fresh,3,fresh,,,0,1,0,5,0,1,5.0,40.0,15.0,20.0,1,99,49.5443115234375,0.717923294715207,,crash_vehicle
2788,mutation,0,mutation,select_road|select_lane|ego_on_intersection|intersection_has_cars,,3,1,1,0,0,0,10.0,5.0,5.0,20.0,0,113,48.232540130615234,1.866553726845083,,out_of_road
2789,fresh,0,fresh,,,0,1,1,0,1,0,15.0,10.0,5.0,10.0,0,61,20.48210906982422,3.1275190056347455,,arrive_dest
2790,replay,0,replay,,,0,1,1,0,1,0,15.0,10.0,5.0,10.0,0,235,191.99261474609375,8.149954866348429,,out_of_road
2791,fresh,2,fresh,,,0,1,1,3,0,0,10.0,20.0,15.0,20.0,2,244,182.54562377929688,6.064350074065513,,crash_vehicle
2792,replay,2,replay,,,0,1,1,3,0,0,10.0,20.0,15.0,20.0,2,193,117.31724548339844,6.127652670358129,,out_of_road
2793,fresh,6,fresh,,,0,0,0,18,1,0,10.0,20.0,15.0,35.0,1,100,43.0739860534668,1.4554136824607848,,out_of_road
2794,replay,6,replay,,,0,0,0,18,1,0,10.0,20.0,15.0,35.0,1,243,176.0561981201172,6.641556708042514,,out_of_road
2795,fresh,5,fresh,,,0,1,1,12,0,1,15.0,40.0,15.0,20.0,3,86,40.9652214050293,3.031173108622085,,crash_vehicle
2796,mutation,0,mutation,has_cluster,,0,1,1,0,1,0,5.0,10.0,15.0,20.0,0,91,41.25241470336914,1.0359070088182176,,crash_vehicle
2797,fresh,2,fresh,,,0,0,0,3,1,0,10.0,5.0,15.0,20.0,0,304,-2.2044689655303955,0.061775934931479,,crash_vehicle
2798,replay,2,replay,,,0,0,0,3,1,0,10.0,5.0,15.0,20.0,0,377,199.53863525390625,4.52735300290964,,out_of_road
2799,fresh,2,fresh,,,0,0,0,3,1,0,5.0,5.0,10.0,35.0,1,209,-0.20421838760375977,0.029241689654628627,,crash_vehicle
2800,crossover,0,crossover,,distractor_cars|has_brake_checker|maximum_distractor_speed|cluster_dist|brake_dist,2,1,0,1,0,0,20.0,40.0,5.0,55.0,1,105,71.36988830566406,1.5138946993010385,,arrive_dest
2801,fresh,1,fresh,,,0,1,0,2,1,1,5.0,20.0,5.0,35.0,2,72,25.11028289794922,0.2999114501807425,,out_of_road
2802,crossover,2,crossover,,intersection_cars|has_cluster|maximum_distractor_speed|distance_to_nearest|cluster_dist|brake_dist,3,0,0,3,0,1,10.0,40.0,10.0,55.0,2,177,109.29341888427734,2.3242208117482352,,crash_vehicle
2803,fresh,5,fresh,,,0,0,0,12,0,1,5.0,10.0,15.0,35.0,3,290,41.79604721069336,0.562071661162993,,out_of_road
2804,replay,5,replay,,,0,0,0,12,0,1,5.0,10.0,15.0,35.0,3,120,57.9893684387207,4.045600029826164,,out_of_road
2805,fresh,0,fresh,,,0,0,0,0,0,0,10.0,40.0,15.0,55.0,0,192,154.0561981201172,6.530927270185202,,out_of_road
2806,mutation,3,mutation,cluster_dist,,1,1,1,5,0,1,10.0,40.0,5.0,10.0,1,80,31.284706115722656,0.988491602987051,,crash_vehicle
2807,fresh,3,fresh,,,0,0,0,4,0,1,20.0,20.0,10.0,55.0,0,1000,35.0389404296875,0.17947879757359625,,max_step
2808,mutation,2,mutation,cluster_dist,,1,0,0,3,1,0,15.0,5.0,15.0,20.0,1,199,73.70258331298828,3.319335170127639,,out_of_road
2809,fresh,0,fresh,,,0,0,0,1,0,0,5.0,10.0,15.0,35.0,0,214,29.309005737304688,1.587763196640761,,out_of_road
2810,mutation,2,mutation,cluster_dist,,1,0,0,3,0,0,15.0,5.0,10.0,20.0,1,924,69.61572265625,0.41699169433244315,,crash_vehicle
2811,fresh,0,fresh,,,0,0,0,0,0,0,15.0,5.0,5.0,20.0,0,134,70.51918029785156,4.65681592619686,,out_of_road
2812,replay,0,replay,,,0,0,0,0,0,0,15.0,5.0,5.0,20.0,0,246,188.28817749023438,8.391803547982278,,out_of_road
2813,fresh,3,fresh,,,0,1,1,5,0,1,5.0,5.0,10.0,35.0,0,1000,31.17677879333496,0.10374628116749227,,max_step
2814,crossover,2,crossover,,distractor_cars|intersection_cars|distance_to_nearest|brake_dist,3,0,0,3,0,0,15.0,40.0,5.0,55.0,0,109,60.053489685058594,0.753604455415262,,out_of_road
2815,fresh,3,fresh,,,0,1,0,5,1,0,5.0,10.0,5.0,20.0,1,358,4.708941459655762,0.03400250120535909,,crash_vehicle
2816,mutation,1,mutation,distractor_cars,,0,0,0,2,0,0,20.0,20.0,10.0,55.0,0,215,152.83416748046875,5.436755381836448,,out_of_road
2817,fresh,1,fresh,,,0,0,0,2,0,1,10.0,20.0,10.0,55.0,2,51,9.681093215942383,0.5345738728841146,,out_of_road
2818,replay,1,replay,,,0,0,0,2,0,1,10.0,20.0,10.0,55.0,2,102,31.46118927001953,1.074758450482406,,out_of_road
2819,fresh,0,fresh,,,0,0,0,0,1,0,20.0,20.0,15.0,20.0,0,66,9.843526840209961,0.582733062970819,,out_of_road
2820,crossover,5,crossover,,distractor_cars|has_cluster|maximum_distractor_speed|cluster_dist,1,0,0,12,1,0,20.0,20.0,5.0,55.0,0,94,43.103416442871094,1.891032558172307,,crash_vehicle
2821,fresh,3,fresh,,,0,1,1,4,0,1,10.0,10.0,5.0,20.0,3,370,92.92185974121094,2.2551157836575766,,crash_vehicle
2822,replay,3,replay,,,0,1,1,4,0,1,10.0,10.0,5.0,20.0,3,80,26.891231536865234,2.551284897327423,,crash_vehicle
2823,fresh,3,fresh,,,0,1,0,4,0,0,10.0,20.0,10.0,10.0,0,46,5.029292106628418,0.7206052813840949,,out_of_road
2824,crossover,0,crossover,,select_lane|ego_on_intersection|intersection_has_cars|has_brake_checker|intersection_cars|cluster_dist|brake_dist,4,1,1,0,0,0,10.0,10.0,5.0,10.0,0,47,6.775398254394531,0.5621266390414948,,out_of_road
2825,fresh,0,fresh,,,0,0,0,0,1,0,20.0,5.0,5.0,20.0,0,111,51.65674591064453,2.2099377969363787,,crash_vehicle
2826,mutation,5,mutation,distance_to_nearest,,1,0,0,12,1,0,10.0,5.0,15.0,55.0,3,460,0.08941507339477539,0.018399275150959907,,crash_vehicle
2827,fresh,5,fresh,,,0,0,0,12,0,0,15.0,40.0,5.0,20.0,0,99,35.36940002441406,0.777240055528554,,out_of_road
2828,mutation,1,mutation,select_road|select_lane|ego_on_intersection|intersection_has_cars,,2,0,0,2,0,1,5.0,5.0,10.0,55.0,0,730,0.07809686660766602,0.02723949569953631,,crash_vehicle
2829,fresh,4,fresh,,,0,0,0,8,1,0,20.0,20.0,5.0,35.0,0,87,37.45381164550781,0.4886538735751448,,crash_vehicle
2830,crossover,4,crossover,,distractor_cars|has_cluster|maximum_distractor_speed|cluster_dist|brake_dist,2,0,0,8,0,0,10.0,10.0,10.0,55.0,2,65,16.778762817382812,0.36150100437494426,,crash_vehicle
2831,fresh,6,fresh,,,0,0,0,18,1,0,10.0,10.0,15.0,20.0,0,290,4.907432556152344,0.045941689790322864,,crash_vehicle
2832,replay,6,replay,,,0,0,0,18,1,0,10.0,10.0,15.0,20.0,0,52,10.080482482910156,0.327945209466494,,out_of_road
2833,fresh,0,fresh,,,0,0,0,1,0,1,10.0,5.0,5.0,20.0,1,64,10.3438081741333,1.6361024864017963,,out_of_road
2834,replay,0,replay,,,0,0,0,1,0,1,10.0,5.0,5.0,20.0,1,43,5.381237030029297,0.14013407985831416,,out_of_road
2835,fresh,2,fresh,,,0,1,1,3,0,1,20.0,10.0,5.0,20.0,1,1000,9.41112232208252,0.01646311893686652,,max_step
2836,mutation,3,mutation,distance_to_nearest,,1,0,0,5,0,0,15.0,10.0,5.0,20.0,3,126,61.621002197265625,3.680463601435934,,out_of_road
2837,fresh,6,fresh,,,0,0,0,18,0,0,15.0,5.0,5.0,20.0,0,1000,136.0311737060547,1.3628203186951577,,max_step
2838,replay,6,replay,,,0,0,0,18,0,0,15.0,5.0,5.0,20.0,0,66,8.604748725891113,2.5911731891559833,,out_of_road
2839,fresh,0,fresh,,,0,0,0,1,1,0,10.0,10.0,15.0,55.0,1,44,3.829197883605957,0.4533002593300559,,out_of_road
2840,replay,0,replay,,,0,0,0,1,1,0,10.0,10.0,15.0,55.0,1,98,36.79533004760742,3.926008966504311,,out_of_road
2841,fresh,4,fresh,,,0,0,0,8,1,0,15.0,5.0,15.0,20.0,0,454,108.32337951660156,2.1822835817145356,,out_of_road
2842,crossover,5,crossover,,select_lane|ego_on_intersection|intersection_has_cars|distractor_cars|has_brake_checker|brake_dist,2,0,0,12,0,0,20.0,20.0,15.0,10.0,0,55,14.52020263671875,0.4161182696169073,,out_of_road
2843,fresh,0,fresh,,,0,0,0,0,0,0,15.0,20.0,5.0,55.0,0,43,7.310935974121094,0.1931501876476199,,out_of_road
2844,replay,0,replay,,,0,0,0,0,0,0,15.0,20.0,5.0,55.0,0,105,49.13489532470703,4.6901486298158055,,out_of_road
2845,fresh,0,fresh,,,0,0,0,1,0,1,10.0,5.0,10.0,10.0,0,162,37.78765106201172,1.7640244403831016,,crash_vehicle
2846,mutation,1,mutation,brake_dist,,0,0,0,2,0,0,5.0,20.0,5.0,10.0,2,92,31.946819305419922,3.0896291450961777,,out_of_road
2847,fresh,1,fresh,,,0,0,0,2,0,1,15.0,5.0,10.0,35.0,1,60,3.47775936126709,0.3491981407006582,,out_of_road
2848,mutation,0,mutation,has_cluster,,0,0,0,1,0,0,10.0,5.0,10.0,20.0,1,142,75.53497314453125,6.081703650699535,,out_of_road
2849,fresh,5,fresh,,,0,0,0,12,0,1,5.0,5.0,10.0,20.0,1,482,-0.2878732681274414,0.0,,crash_vehicle
2850,crossover,1,crossover,,has_brake_checker|distance_to_nearest|brake_dist,0,0,0,2,0,0,20.0,20.0,10.0,55.0,0,12,11.032773971557617,0.913050651550293,,arrive_dest
2851,fresh,0,fresh,,,0,0,0,0,1,0,15.0,5.0,5.0,35.0,0,111,52.622314453125,2.2168855144902393,,out_of_road
2852,crossover,0,crossover,,distractor_cars|has_brake_checker|brake_dist,2,1,1,1,0,1,10.0,40.0,15.0,10.0,1,99,51.9244499206543,1.799460743412827,,out_of_road
2853,fresh,3,fresh,,,0,1,1,5,0,1,15.0,5.0,15.0,55.0,3,291,116.34107208251953,4.287609615481596,,out_of_road
2854,mutation,0,mutation,distance_to_nearest,,1,1,0,0,0,0,10.0,10.0,10.0,55.0,0,102,54.609066009521484,3.0624709479949055,,out_of_road
2855,fresh,0,fresh,,,0,0,0,0,0,0,15.0,20.0,5.0,55.0,0,109,36.33808517456055,2.4854560877205034,,out_of_road
2856,mutation,5,mutation,select_road|select_lane|ego_on_intersection|intersection_has_cars,,1,0,0,12,1,1,10.0,10.0,15.0,20.0,0,65,14.681453704833984,1.628535839686027,,out_of_road
2857,fresh,3,fresh,,,0,1,0,4,0,0,5.0,40.0,15.0,35.0,1,97,50.73271560668945,0.7288033426115194,,crash_vehicle
2858,mutation,0,mutation,select_road|select_lane|ego_on_intersection|intersection_has_cars,,1,1,1,1,0,1,5.0,5.0,15.0,35.0,1,82,34.845829010009766,0.40363827175120026,,out_of_road
2859,fresh,5,fresh,,,0,1,0,12,1,0,5.0,5.0,5.0,20.0,0,466,81.95260620117188,1.264563949994519,,crash_vehicle
2860,replay,5,replay,,,0,1,0,12,1,0,5.0,5.0,5.0,20.0,0,168,91.19334411621094,4.425045341120234,,out_of_road
2861,fresh,4,fresh,,,0,0,0,8,0,1,5.0,5.0,15.0,55.0,3,1000,33.987640380859375,0.16044092889130115,,max_step
2862,replay,4,replay,,,0,0,0,8,0,1,5.0,5.0,15.0,55.0,3,8,10.179274559020996,0.8215664029121399,,arrive_dest
2863,fresh,0,fresh,,,0,0,0,0,0,0,10.0,5.0,5.0,20.0,0,121,54.30659484863281,1.6421539116004282,rejection_fallback,out_of_road
2864,replay,0,replay,,,0,0,0,0,0,0,10.0,5.0,5.0,20.0,0,228,92.87805938720703,3.0258169847360827,,out_of_road
2865,fresh,4,fresh,,,0,0,0,8,1,0,5.0,5.0,10.0,20.0,1,1000,1.1526970863342285,0.01907115936279297,,max_step
2866,mutation,2,mutation,select_road|select_lane|ego_on_intersection|intersection_has_cars,,3,0,0,3,1,0,10.0,40.0,5.0,55.0,3,92,44.930419921875,0.9264511919539907,,out_of_road
2867,fresh,3,fresh,,,0,0,0,5,1,0,10.0,40.0,10.0,55.0,3,62,15.971231460571289,0.48740651530604207,,out_of_road
2868,replay,3,replay,,,0,0,0,5,1,0,10.0,40.0,10.0,55.0,3,224,161.45213317871094,6.820874785738332,,out_of_road
2869,fresh,1,fresh,,,0,1,0,2,0,1,10.0,10.0,15.0,55.0,0,74,20.65353012084961,0.5145135813870946,,crash_vehicle
2870,replay,1,replay,,,0,1,0,2,0,1,10.0,10.0,15.0,55.0,0,173,92.9059066772461,6.438244549180731,,out_of_road
2871,fresh,2,fresh,,,0,0,0,3,1,0,20.0,5.0,5.0,55.0,3,50,11.557714462280273,0.43486916065216064,,out_of_road
2872,replay,2,replay,,,0,0,0,3,1,0,20.0,5.0,5.0,55.0,3,56,17.650943756103516,1.6729206017085485,,out_of_road
2873,fresh,3,fresh,,,0,1,1,4,1,0,10.0,40.0,15.0,55.0,1,61,9.024308204650879,0.4676123974753208,,out_of_road
2874,crossover,1,crossover,,select_lane|ego_on_intersection|intersection_has_cars|intersection_cars|distance_to_nearest|cluster_dist,3,0,0,2,1,1,5.0,20.0,10.0,35.0,0,65,23.332088470458984,0.4605546300227825,,crash_vehicle
2875,fresh,6,fresh,,,0,0,0,18,1,1,5.0,40.0,5.0,55.0,3,21,-5.693100929260254,0.0,,out_of_road
2876,crossover,6,crossover,,select_lane|ego_on_intersection|intersection_has_cars|has_brake_checker|maximum_distractor_speed|distance_to_nearest|cluster_dist|brake_dist,4,0,0,18,1,0,5.0,40.0,10.0,55.0,1,55,14.1439208984375,0.9323666312477805,,out_of_road
2877,fresh,4,fresh,,,0,1,1,8,0,0,15.0,20.0,15.0,55.0,2,127,53.0103759765625,1.6903097492268706,,out_of_road
2878,replay,4,replay,,,0,1,1,8,0,0,15.0,20.0,15.0,55.0,2,56,12.559967041015625,0.678856588367905,,out_of_road
2879,fresh,2,fresh,,,0,1,0,3,0,1,5.0,10.0,5.0,10.0,2,1000,10.946717262268066,0.015033415358513593,,max_step
2880,mutation,1,mutation,cluster_dist,,1,1,1,2,0,1,20.0,20.0,5.0,35.0,1,120,63.12660217285156,2.0065172822525104,,out_of_road
2881,fresh,6,fresh,,,0,0,0,18,1,1,5.0,40.0,15.0,55.0,2,196,51.129302978515625,1.135244132722823,,crash_vehicle
2882,replay,6,replay,,,0,0,0,18,1,1,5.0,40.0,15.0,55.0,2,122,66.85781860351562,3.4230990985133607,,out_of_road
2883,fresh,5,fresh,,,0,0,0,12,0,1,5.0,20.0,10.0,10.0,0,1000,50.56475067138672,0.2064534382559359,,max_step
2884,crossover,3,crossover,,distractor_cars|intersection_cars|maximum_distractor_speed|distance_to_nearest,1,1,0,5,0,0,20.0,5.0,10.0,20.0,3,1000,1.0013792514801025,0.000411496396176517,,max_step
2885,fresh,2,fresh,,,0,0,0,3,0,1,5.0,5.0,5.0,35.0,0,1000,5.211784839630127,0.010682414799928664,,max_step
2886,replay,2,replay,,,0,0,0,3,0,1,5.0,5.0,5.0,35.0,0,218,182.055419921875,7.948763299152391,,crash_vehicle
2887,fresh,0,fresh,,,0,1,0,0,1,0,20.0,5.0,5.0,10.0,0,45,5.323146820068359,0.280568446053399,,crash_vehicle
2888,replay,0,replay,,,0,1,0,0,1,0,20.0,5.0,5.0,10.0,0,38,3.2599754333496094,0.17497745313142476,,out_of_road
2889,fresh,4,fresh,,,0,1,1,8,1,1,5.0,40.0,5.0,55.0,1,89,32.333900451660156,0.30035728149199753,,crash_vehicle
2890,replay,4,replay,,,0,1,1,8,1,1,5.0,40.0,5.0,55.0,1,69,22.781898498535156,1.4312377477037734,,out_of_road
2891,fresh,0,fresh,,,0,0,0,1,0,0,5.0,5.0,5.0,55.0,1,76,26.357786178588867,0.0,,out_of_road
2892,replay,0,replay,,,0,0,0,1,0,0,5.0,5.0,5.0,55.0,1,195,65.48783874511719,2.7144315720368652,,crash_vehicle
2893,fresh,5,fresh,,,0,1,1,12,0,0,15.0,5.0,15.0,10.0,1,925,84.5623779296875,0.5987544300809905,,out_of_road
2894,mutation,2,mutation,select_road|select_lane|ego_on_intersection|intersection_has_cars,,1,0,0,3,0,0,5.0,10.0,15.0,20.0,3,74,22.7043399810791,0.3971378416628451,,out_of_road
2895,fresh,4,fresh,,,0,0,0,8,1,1,15.0,5.0,5.0,20.0,2,529,145.6444549560547,2.8782707021231912,,out_of_road
2896,crossover,4,crossover,,select_lane|ego_on_intersection|intersection_has_cars|has_brake_checker|intersection_cars|distance_to_nearest|brake_dist,4,1,0,8,0,0,20.0,40.0,10.0,10.0,2,82,24.118621826171875,0.21293233589428226,,out_of_road
2897,fresh,6,fresh,,,0,1,0,18,0,1,10.0,20.0,10.0,35.0,2,1000,41.82426834106445,0.3564834966911003,,max_step
2898,crossover,5,crossover,,select_lane|ego_on_intersection|intersection_has_cars|intersection_cars|has_cluster,4,1,1,12,0,1,20.0,10.0,5.0,10.0,1,63,0.5600361824035645,0.1615928432771138,,out_of_road
2899,fresh,3,fresh,,,0,1,1,4,0,0,10.0,10.0,5.0,20.0,0,1000,57.262901306152344,0.25094914199411866,,max_step
2900,crossover,4,crossover,,has_brake_checker|intersection_cars|has_cluster|distance_to_nearest|cluster_dist|brake_dist,4,1,1,8,1,0,10.0,40.0,15.0,55.0,0,100,45.74309539794922,0.5598593474924565,,crash_vehicle
2901,fresh,0,fresh,,,0,0,0,0,0,0,10.0,10.0,5.0,55.0,0,95,48.014583587646484,4.241848901031833,,out_of_road
2902,mutation,1,mutation,brake_dist,,1,0,0,2,1,0,20.0,20.0,10.0,35.0,0,1000,74.87665557861328,0.12883925257809462,,max_step
2903,fresh,6,fresh,,,0,0,0,18,1,0,15.0,5.0,5.0,20.0,2,58,-1.0951759815216064,0.02145200710872124,,crash_vehicle
2904,replay,6,replay,,,0,0,0,18,1,0,15.0,5.0,5.0,20.0,2,295,48.78928756713867,1.4184986047825572,,crash_vehicle
2905,fresh,3,fresh,,,0,0,0,5,0,0,10.0,10.0,15.0,10.0,2,1000,6.619438171386719,0.07942228140030057,,max_step
2906,replay,3,replay,,,0,0,0,5,0,0,10.0,10.0,15.0,10.0,2,166,122.15315246582031,7.994129407836731,,out_of_road
2907,fresh,1,fresh,,,0,0,0,2,0,0,5.0,5.0,15.0,10.0,2,84,36.841285705566406,0.29931466778119403,,out_of_road
2908,mutation,6,mutation,maximum_distractor_speed,,1,1,1,18,0,0,15.0,10.0,15.0,20.0,1,101,47.2353630065918,3.5988630299816036,,out_of_road
2909,fresh,5,fresh,,,0,0,0,12,1,1,5.0,10.0,10.0,35.0,2,601,10.884796142578125,0.09156408871271447,,crash_vehicle
2910,replay,5,replay,,,0,0,0,12,1,1,5.0,10.0,10.0,35.0,2,51,3.5254125595092773,0.8194479755326813,,out_of_road
2911,fresh,1,fresh,,,0,1,1,2,0,1,5.0,5.0,10.0,20.0,1,268,80.64207458496094,3.1286221372116523,,crash_vehicle
2912,replay,1,replay,,,0,1,1,2,0,1,5.0,5.0,10.0,20.0,1,50,9.309999465942383,0.8139628696441651,,out_of_road
2913,fresh,3,fresh,,,0,1,0,4,1,1,20.0,20.0,10.0,35.0,1,53,16.97979164123535,0.07038016589182727,,crash_vehicle
2914,crossover,1,crossover,,intersection_cars|has_cluster|cluster_dist,1,0,0,2,1,0,20.0,20.0,5.0,35.0,2,114,65.2778091430664,2.158645499170872,,crash_vehicle
2915,fresh,4,fresh,,,0,1,0,8,0,1,10.0,40.0,15.0,55.0,2,88,38.26054763793945,0.45662822523577645,,crash_vehicle
2916,replay,4,replay,,,0,1,0,8,0,1,10.0,40.0,15.0,55.0,2,81,32.59470748901367,1.2321851098978962,,out_of_road
2917,fresh,4,fresh,,,0,0,0,8,0,0,5.0,10.0,5.0,20.0,1,220,62.680938720703125,2.546694041373716,,out_of_road
2918,replay,4,replay,,,0,0,0,8,0,0,5.0,10.0,5.0,20.0,1,96,40.37974166870117,1.010899241315201,,out_of_road
2919,fresh,1,fresh,,,0,1,0,2,1,0,10.0,10.0,5.0,35.0,2,77,30.15146255493164,0.32510437584155566,,out_of_road
2920,replay,1,replay,,,0,1,0,2,1,0,10.0,10.0,5.0,35.0,2,165,114.54557800292969,7.37993997407682,,out_of_road
2921,fresh,5,fresh,,,0,0,0,12,1,1,20.0,40.0,15.0,55.0,0,96,49.85248947143555,1.1877661123871803,,crash_vehicle
2922,crossover,1,crossover,,select_lane|ego_on_intersection|intersection_has_cars|distractor_cars|has_brake_checker|intersection_cars|brake_dist,4,0,0,2,1,1,10.0,5.0,10.0,55.0,2,83,35.33335494995117,0.6028636543147535,,out_of_road
2923,fresh,6,fresh,,,0,1,1,18,0,1,10.0,20.0,5.0,20.0,2,145,89.5953140258789,5.76599428900357,,out_of_road
2924,crossover,1,crossover,,select_lane|ego_on_intersection|intersection_has_cars|distractor_cars|has_brake_checker|intersection_cars|maximum_distractor_speed|cluster_dist,5,0,0,2,1,1,15.0,20.0,5.0,35.0,2,144,79.94005584716797,5.059465830110842,,out_of_road
2925,fresh,0,fresh,,,0,0,0,1,0,0,15.0,40.0,15.0,20.0,1,111,39.76662063598633,1.0810962072363846,,out_of_road
2926,mutation,4,mutation,distractor_cars,,1,0,0,8,0,0,20.0,20.0,10.0,10.0,1,132,97.2549819946289,5.536732878648873,,out_of_road
2927,fresh,5,fresh,,,0,1,0,12,0,0,10.0,20.0,15.0,55.0,0,109,60.472129821777344,3.1160606703627,,out_of_road
2928,replay,5,replay,,,0,1,0,12,0,0,10.0,20.0,15.0,55.0,0,66,19.543352127075195,4.32729143446142,,out_of_road
2929,fresh,0,fresh,,,0,1,0,0,0,0,15.0,5.0,15.0,55.0,0,93,38.075687408447266,1.4263381124824606,,out_of_road
2930,mutation,0,mutation,cluster_dist,,1,1,0,0,0,0,10.0,10.0,10.0,20.0,0,74,34.03861618041992,0.3792085602527132,,out_of_road
2931,fresh,0,fresh,,,0,0,0,0,1,0,10.0,5.0,10.0,55.0,0,120,81.60138702392578,3.893229525287946,,crash_vehicle
2932,replay,0,replay,,,0,0,0,0,1,0,10.0,5.0,10.0,55.0,0,130,74.00982666015625,5.313826316136581,,crash_vehicle
2933,fresh,0,fresh,,,0,1,0,0,0,0,15.0,40.0,5.0,55.0,0,106,41.548397064208984,3.1915379391526275,,out_of_road
2934,crossover,0,crossover,,select_lane|ego_on_intersection|intersection_has_cars|distractor_cars|has_brake_checker|maximum_distractor_speed|brake_dist,6,0,0,0,0,0,10.0,10.0,10.0,20.0,0,42,2.497760772705078,1.1030976878745216,,out_of_road
2935,fresh,5,fresh,,,0,1,0,12,0,1,20.0,10.0,5.0,10.0,2,203,6.177437782287598,0.009323533459249975,,crash_vehicle
2936,mutation,2,mutation,has_cluster,,1,1,1,3,0,1,15.0,10.0,5.0,10.0,2,623,40.18319320678711,0.4367256922270642,,crash_vehicle
2937,fresh,0,fresh,,,0,0,0,1,0,1,15.0,5.0,5.0,35.0,1,61,16.92508888244629,1.51726447949644,,out_of_road
2938,crossover,1,crossover,,distractor_cars|has_brake_checker|has_cluster,2,0,0,2,1,0,5.0,5.0,5.0,20.0,2,22,-6.755007743835449,0.0,,out_of_road
2939,fresh,6,fresh,,,0,0,0,18,1,1,15.0,10.0,10.0,55.0,0,854,3.775975227355957,0.016758603648014313,,out_of_road
2940,replay,6,replay,,,0,0,0,18,1,1,15.0,10.0,10.0,55.0,0,119,60.74828338623047,2.2839125833090614,,out_of_road
2941,fresh,6,fresh,,,0,0,0,18,1,1,10.0,20.0,10.0,55.0,0,80,34.78960037231445,0.6732629433274269,,crash_vehicle
2942,crossover,6,crossover,,select_lane|ego_on_intersection|intersection_has_cars|has_brake_checker|maximum_distractor_speed|distance_to_nearest|brake_dist,6,1,1,18,1,0,15.0,10.0,5.0,35.0,3,108,46.385440826416016,2.8240492523268417,,crash_vehicle
2943,fresh,2,fresh,,,0,0,0,3,0,0,5.0,20.0,10.0,10.0,2,144,44.79520797729492,2.1697025794742837,,out_of_road
2944,replay,2,replay,,,0,0,0,3,0,0,5.0,20.0,10.0,10.0,2,65,25.65566062927246,0.49614250109745905,,crash_vehicle
2945,fresh,2,fresh,,,0,1,1,3,0,0,10.0,40.0,10.0,35.0,2,55,9.539469718933105,0.1868096026507291,,out_of_road
2946,mutation,3,mutation,distractor_cars,,1,0,0,5,1,1,20.0,10.0,15.0,20.0,1,306,4.5560102462768555,0.042243404642624015,,crash_vehicle
2947,fresh,3,fresh,,,0,0,0,5,0,0,5.0,20.0,15.0,55.0,2,52,14.408645629882812,0.38918297107403094,,crash_vehicle
2948,crossover,4,crossover,,select_lane|ego_on_intersection|intersection_has_cars|has_brake_checker|has_cluster|maximum_distractor_speed|brake_dist,6,1,1,8,0,0,15.0,40.0,15.0,55.0,3,76,26.269140243530273,0.3090056882877099,,crash_vehicle
2949,fresh,0,fresh,,,0,1,1,1,0,1,10.0,5.0,10.0,55.0,0,634,176.47702026367188,2.79677755252843,,out_of_road
2950,mutation,3,mutation,intersection_cars,,1,1,0,5,1,1,20.0,5.0,10.0,20.0,3,114,16.331283569335938,1.2648124303995518,,crash_vehicle
2951,fresh,6,fresh,,,0,1,0,18,0,1,5.0,40.0,15.0,20.0,0,44,4.003277778625488,0.5870840657841075,,out_of_road
2952,replay,6,replay,,,0,1,0,18,0,1,5.0,40.0,15.0,20.0,0,44,6.510297775268555,0.019902413541620426,,out_of_road
2953,fresh,3,fresh,,,0,0,0,4,1,0,20.0,10.0,5.0,20.0,0,123,39.62980651855469,3.144470723785036,,crash_vehicle
2954,mutation,4,mutation,distance_to_nearest,,1,0,0,8,0,0,10.0,5.0,15.0,35.0,2,257,133.04270935058594,5.930400432547707,,crash_vehicle
2955,fresh,4,fresh,,,0,0,0,8,0,0,15.0,10.0,15.0,20.0,1,85,32.3121337890625,1.0496778936947093,,crash_vehicle
2956,mutation,2,mutation,maximum_distractor_speed,,0,0,0,3,0,0,15.0,5.0,5.0,20.0,1,142,61.03758239746094,3.6111282452311313,,out_of_road
2957,fresh,1,fresh,,,0,1,1,2,0,0,10.0,10.0,15.0,55.0,2,45,7.552964210510254,0.4257320761680603,,out_of_road
2958,mutation,4,mutation,brake_dist,,1,0,0,8,0,0,10.0,40.0,15.0,55.0,0,109,48.350547790527344,1.1130573733137288,,arrive_dest
2959,fresh,3,fresh,,,0,0,0,4,1,0,10.0,40.0,15.0,55.0,0,85,36.294986724853516,0.19725990295410156,,out_of_road
2960,mutation,6,mutation,select_road|select_lane|ego_on_intersection|intersection_has_cars,,1,0,0,18,1,0,15.0,40.0,15.0,55.0,2,92,48.110504150390625,0.5986513037072576,,crash_vehicle
2961,fresh,2,fresh,,,0,0,0,3,1,0,20.0,40.0,10.0,55.0,1,233,181.80625915527344,8.16687638411706,,out_of_road
2962,mutation,5,mutation,cluster_dist,,0,1,1,12,1,0,15.0,10.0,10.0,55.0,1,114,45.40359115600586,3.0657465440147607,,out_of_road
2963,fresh,3,fresh,,,0,0,0,5,0,0,5.0,5.0,5.0,10.0,2,60,-0.42948293685913086,1.4323118329048157,,out_of_road
2964,replay,3,replay,,,0,0,0,5,0,0,5.0,5.0,5.0,10.0,2,174,114.8768310546875,6.471209542847228,,out_of_road
2965,fresh,2,fresh,,,0,0,0,3,0,1,15.0,10.0,5.0,35.0,2,198,6.99299430847168,0.047429525791996656,,crash_vehicle
2966,mutation,3,mutation,intersection_cars,,1,1,1,5,0,1,15.0,5.0,15.0,55.0,1,947,0.6488590240478516,0.008787477268997694,,crash_vehicle
2967,fresh,3,fresh,,,0,1,0,4,0,1,10.0,20.0,15.0,20.0,1,112,46.391578674316406,1.8718709201951111,,crash_vehicle
2968,replay,3,replay,,,0,1,0,4,0,1,10.0,20.0,15.0,20.0,1,118,55.40639877319336,4.721983472422018,,out_of_road
2969,fresh,2,fresh,,,0,1,0,3,1,1,10.0,5.0,10.0,35.0,2,1000,5.945281505584717,0.010465044751763344,,max_step
2970,replay,2,replay,,,0,1,0,3,1,1,10.0,5.0,10.0,35.0,2,122,65.0822525024414,4.212842582679186,,out_of_road
2971,fresh,4,fresh,,,0,1,0,8,0,1,5.0,10.0,15.0,20.0,3,908,17.218774795532227,0.14136414418160087,,crash_vehicle
2972,crossover,6,crossover,,select_lane|ego_on_intersection|intersection_has_cars|has_brake_checker|distance_to_nearest|cluster_dist|brake_dist,5,0,0,18,1,1,15.0,20.0,10.0,55.0,3,141,74.15929412841797,4.90321314419415,,out_of_road
2973,fresh,6,fresh,,,0,1,1,18,0,1,5.0,10.0,10.0,55.0,1,668,-2.5824685096740723,0.0,,out_of_road
2974,replay,6,replay,,,0,1,1,18,0,1,5.0,10.0,10.0,55.0,1,140,87.72370910644531,6.150218676669257,,out_of_road
2975,fresh,4,fresh,,,0,1,1,8,0,0,5.0,10.0,5.0,35.0,0,260,73.25386047363281,1.8710134924747623,,arrive_dest
2976,replay,4,replay,,,0,1,1,8,0,0,5.0,10.0,5.0,35.0,0,137,99.46514892578125,3.918792534266075,,crash_vehicle
2977,fresh,3,fresh,,,0,1,0,5,0,0,10.0,20.0,5.0,55.0,1,86,33.837066650390625,0.5526148011518079,,out_of_road
2978,crossover,0,crossover,,select_lane|ego_on_intersection|intersection_has_cars|distractor_cars|has_brake_checker,2,1,0,0,1,0,15.0,10.0,15.0,55.0,0,85,40.57798385620117,1.0227648440529318,,out_of_road
2979,fresh,3,fresh,,,0,0,0,4,0,0,15.0,5.0,15.0,10.0,0,52,-1.6646573543548584,1.2568375604370465,,out_of_road
2980,replay,3,replay,,,0,0,0,4,0,0,15.0,5.0,15.0,10.0,0,1000,24.069629669189453,0.13094137502834202,,max_step
2981,fresh,0,fresh,,,0,1,0,0,0,0,15.0,40.0,5.0,20.0,0,163,112.05681610107422,4.428159792181904,,out_of_road
2982,crossover,0,crossover,,distractor_cars|has_brake_checker|intersection_cars|has_cluster|maximum_distractor_speed|distance_to_nearest,2,1,1,1,0,0,10.0,5.0,5.0,35.0,1,138,78.07843780517578,3.3298406069693356,,out_of_road
2983,fresh,1,fresh,,,0,0,0,2,0,1,20.0,5.0,10.0,10.0,2,74,28.636051177978516,0.08137472900184425,,out_of_road
2984,replay,1,replay,,,0,0,0,2,0,1,20.0,5.0,10.0,10.0,2,83,32.104068756103516,0.5516248356146984,,out_of_road
2985,fresh,0,fresh,,,0,1,1,0,1,0,5.0,40.0,10.0,10.0,0,1000,10.247886657714844,0.010874483928084374,,max_step
2986,mutation,1,mutation,brake_dist,,1,0,0,2,0,0,5.0,20.0,5.0,20.0,2,206,115.04266357421875,5.362728712049503,,out_of_road
2987,fresh,0,fresh,,,0,0,0,1,1,0,10.0,10.0,10.0,20.0,1,89,41.72092056274414,0.8803516753603903,,crash_vehicle
2988,mutation,1,mutation,select_road|select_lane|ego_on_intersection|intersection_has_cars,,2,1,0,2,0,0,20.0,40.0,10.0,55.0,1,80,29.491817474365234,1.0018491834402083,,out_of_road
2989,fresh,0,fresh,,,0,0,0,1,0,0,10.0,40.0,10.0,55.0,1,109,53.5250358581543,2.9209206586857452,,out_of_road
2990,mutation,4,mutation,distractor_cars,,1,0,0,8,0,0,20.0,40.0,10.0,35.0,1,115,62.49974822998047,1.6226855546236039,,out_of_road
2991,fresh,2,fresh,,,0,1,1,3,0,1,5.0,10.0,5.0,35.0,3,94,45.67897415161133,4.147564465695239,,crash_vehicle
2992,replay,2,replay,,,0,1,1,3,0,1,5.0,10.0,5.0,35.0,3,111,29.998104095458984,1.9062182070972684,,out_of_road
2993,fresh,1,fresh,,,0,1,0,2,0,0,15.0,40.0,10.0,55.0,0,116,58.92271041870117,2.5562873984976062,,out_of_road
2994,crossover,5,crossover,,distractor_cars|maximum_distractor_speed|distance_to_nearest|brake_dist,1,1,1,12,1,1,20.0,20.0,15.0,35.0,3,56,14.435422897338867,0.3297085809920515,,out_of_road
2995,fresh,6,fresh,,,0,1,0,18,1,0,15.0,10.0,10.0,20.0,2,1000,18.764476776123047,0.05792555259168148,,max_step
2996,mutation,2,mutation,distractor_cars,,1,1,1,3,1,0,15.0,10.0,5.0,20.0,1,2,10.0,3.6842384338378906,,arrive_dest
2997,fresh,2,fresh,,,0,1,0,3,1,0,20.0,10.0,5.0,20.0,0,52,14.787565231323242,2.1304137225334463,,out_of_road
2998,mutation,2,mutation,select_road|select_lane|ego_on_intersection|intersection_has_cars,,2,1,0,3,0,1,15.0,5.0,5.0,10.0,2,57,-0.2453913688659668,0.9239446416235807,,out_of_road
2999,fresh,5,fresh,,,0,0,0,12,0,1,5.0,40.0,5.0,55.0,1,62,14.189901351928711,1.5270397134365574,,out_of_road
3000,replay,5,replay,,,0,0,0,12,0,1,5.0,40.0,5.0,55.0,1,530,5.642682075500488,0.04422571040549368,,crash_vehicle
3001,fresh,2,fresh,,,0,0,0,3,1,0,10.0,5.0,15.0,20.0,0,174,75.89299011230469,4.139338141885297,,crash_vehicle
3002,replay,2,replay,,,0,0,0,3,1,0,10.0,5.0,15.0,20.0,0,133,50.91082763671875,5.240151828168926,,out_of_road
3003,fresh,3,fresh,,,0,1,0,4,0,1,10.0,5.0,5.0,20.0,0,986,0.287808895111084,0.0003770330645007971,,crash_vehicle
3004,crossover,6,crossover,,select_lane|ego_on_intersection|intersection_has_cars|distractor_cars|maximum_distractor_speed|cluster_dist,4,1,0,18,1,0,10.0,5.0,15.0,20.0,1,755,4.528987884521484,0.12269177940112866,,crash_vehicle
3005,fresh,4,fresh,,,0,1,0,8,1,0,5.0,5.0,5.0,35.0,0,113,41.81641387939453,2.626825699500278,,crash_vehicle
3006,mutation,0,mutation,distractor_cars,,0,0,0,0,0,0,15.0,10.0,10.0,10.0,0,40,1.5879173278808594,0.052856229990720746,,out_of_road
3007,fresh,4,fresh,,,0,0,0,8,1,0,20.0,5.0,5.0,20.0,2,65,3.9001502990722656,0.6709351640481215,,out_of_road
3008,crossover,1,crossover,,select_lane|ego_on_intersection|intersection_has_cars|has_brake_checker|maximum_distractor_speed|cluster_dist,0,1,1,2,0,0,20.0,10.0,5.0,10.0,1,85,31.806758880615234,1.8158537195009343,,crash_vehicle
3009,fresh,3,fresh,,,0,0,0,5,0,1,5.0,10.0,10.0,20.0,3,45,3.9362640380859375,0.562247461742825,,out_of_road
3010,mutation,2,mutation,select_road|select_lane|ego_on_intersection|intersection_has_cars,,2,1,0,3,0,0,10.0,40.0,10.0,20.0,0,74,28.90349578857422,0.271176992235957,,out_of_road
3011,fresh,0,fresh,,,0,0,0,1,1,1,10.0,10.0,5.0,20.0,0,182,53.32038497924805,3.215873610842359,,out_of_road
3012,replay,0,replay,,,0,0,0,1,1,1,10.0,10.0,5.0,20.0,0,41,3.9907455444335938,0.0,,out_of_road
3013,fresh,0,fresh,,,0,1,1,0,1,0,5.0,5.0,10.0,20.0,0,104,49.02144241333008,1.6875751442634142,,crash_vehicle
3014,replay,0,replay,,,0,1,1,0,1,0,5.0,5.0,10.0,20.0,0,237,180.24920654296875,8.120611005694554,,out_of_road
3015,fresh,4,fresh,,,0,0,0,8,1,1,20.0,20.0,15.0,35.0,1,87,41.52116394042969,2.368622540399946,,crash_vehicle
3016,replay,4,replay,,,0,0,0,8,1,1,20.0,20.0,15.0,35.0,1,210,148.28382873535156,6.797635336291222,,out_of_road
3017,fresh,0,fresh,,,0,1,1,0,1,0,10.0,40.0,5.0,55.0,0,133,71.35450744628906,3.470882895745729,,crash_vehicle
3018,crossover,0,crossover,,select_lane|ego_on_intersection|intersection_has_cars|distractor_cars|has_brake_checker|intersection_cars|has_cluster|maximum_distractor_speed|brake_dist,6,1,1,1,0,1,15.0,20.0,15.0,20.0,1,165,100.6801528930664,2.8087077408125904,,out_of_road
3019,fresh,6,fresh,,,0,0,0,18,1,1,15.0,5.0,5.0,20.0,2,62,2.1976728439331055,1.3406414662397677,,out_of_road
3020,mutation,2,mutation,distance_to_nearest,,0,1,1,3,0,1,15.0,20.0,15.0,20.0,3,219,164.8699951171875,6.552572788185861,,arrive_dest
3021,fresh,1,fresh,,,0,0,0,2,0,1,20.0,20.0,10.0,10.0,1,156,98.98616027832031,5.076573234720108,,crash_vehicle
3022,mutation,3,mutation,distance_to_nearest,,1,1,0,5,0,0,20.0,40.0,10.0,20.0,3,92,47.958030700683594,1.3544446696405825,,crash_vehicle
3023,fresh,6,fresh,,,0,1,1,18,1,0,10.0,5.0,5.0,20.0,3,2,10.0,4.485625743865967,,arrive_dest
3024,mutation,0,mutation,intersection_cars,,0,1,1,1,0,0,15.0,10.0,5.0,35.0,1,103,58.50436019897461,1.1106202808543317,,out_of_road
3025,fresh,3,fresh,,,0,0,0,5,1,0,10.0,5.0,5.0,55.0,2,956,8.727355003356934,0.0609970580548765,,crash_vehicle
3026,crossover,6,crossover,,select_lane|ego_on_intersection|intersection_has_cars|intersection_cars|maximum_distractor_speed|cluster_dist|brake_dist,3,1,1,18,0,1,15.0,40.0,15.0,20.0,1,114,59.820228576660156,1.2670238580097233,,out_of_road
3027,fresh,3,fresh,,,0,0,0,5,1,1,15.0,40.0,10.0,55.0,0,77,36.82640075683594,0.3924453171429696,,crash_vehicle
3028,crossover,1,crossover,,distractor_cars|has_brake_checker|intersection_cars|has_cluster,2,0,0,2,1,1,20.0,20.0,10.0,55.0,2,137,80.76649475097656,3.7794969795394118,,crash_vehicle
3029,fresh,0,fresh,,,0,0,0,0,0,0,15.0,40.0,5.0,35.0,0,83,31.820789337158203,0.3296880763338273,,out_of_road
3030,crossover,0,crossover,,select_lane|ego_on_intersection|intersection_has_cars|distractor_cars|has_brake_checker|distance_to_nearest|cluster_dist,7,0,0,0,0,0,5.0,40.0,5.0,20.0,0,100,33.42237854003906,1.0215233191847801,,out_of_road
3031,fresh,5,fresh,,,0,0,0,12,1,0,5.0,10.0,15.0,20.0,3,49,2.2516684532165527,0.1871828631478913,,out_of_road
3032,crossover,4,crossover,,distance_to_nearest|brake_dist,2,0,0,8,0,0,15.0,40.0,10.0,35.0,2,145,89.30715942382812,2.95241536765263,,out_of_road
3033,fresh,2,fresh,,,0,0,0,3,0,1,15.0,5.0,15.0,20.0,0,60,-1.7480409145355225,1.7324303150177003,,out_of_road
3034,mutation,3,mutation,brake_dist,,1,0,0,5,0,0,15.0,5.0,5.0,10.0,3,130,48.12767028808594,3.7336763491997353,,out_of_road
3035,fresh,2,fresh,,,0,1,0,3,0,0,15.0,20.0,5.0,20.0,2,52,14.4478759765625,0.16172465911278358,,crash_vehicle
3036,replay,2,replay,,,0,1,0,3,0,0,15.0,20.0,5.0,20.0,2,95,37.25748825073242,2.023135492676183,,out_of_road
3037,fresh,5,fresh,,,0,0,0,12,1,1,20.0,5.0,15.0,20.0,0,380,-0.08046960830688477,0.015910391357580298,,crash_vehicle
3038,crossover,0,crossover,,select_lane|ego_on_intersection|intersection_has_cars|distractor_cars|has_brake_checker|has_cluster|maximum_distractor_speed|cluster_dist|brake_dist,4,1,1,1,0,1,15.0,5.0,5.0,20.0,1,42,4.668164253234863,0.522625329948607,,out_of_road
3039,fresh,0,fresh,,,0,0,0,0,0,0,5.0,10.0,15.0,20.0,0,95,56.04644775390625,2.652172703492014,,arrive_dest
3040,replay,0,replay,,,0,0,0,0,0,0,5.0,10.0,15.0,20.0,0,142,90.16385650634766,3.074990191090275,,crash_vehicle
3041,fresh,3,fresh,,,0,0,0,5,1,1,20.0,5.0,10.0,55.0,0,131,61.79083251953125,4.799739597407916,,crash_vehicle
3042,crossover,0,crossover,,distractor_cars|maximum_distractor_speed|distance_to_nearest,2,1,0,1,0,0,15.0,40.0,10.0,55.0,0,232,189.50181579589844,7.528633190640088,,out_of_road
3043,fresh,4,fresh,,,0,0,0,8,0,0,10.0,20.0,15.0,55.0,0,43,1.2167034149169922,0.4426307193068571,,out_of_road
3044,replay,4,replay,,,0,0,0,8,0,0,10.0,20.0,15.0,55.0,0,225,177.01922607421875,7.036118593083487,,out_of_road
3045,fresh,0,fresh,,,0,1,0,1,1,0,15.0,40.0,15.0,55.0,1,64,33.088294982910156,1.0494765699841082,,arrive_dest
3046,mutation,5,mutation,distance_to_nearest,,1,1,0,12,0,0,20.0,20.0,5.0,35.0,1,129,51.315696716308594,1.160301388234131,,out_of_road
3047,fresh,6,fresh,,,0,1,0,18,0,1,10.0,5.0,5.0,55.0,2,805,20.39777946472168,0.18837311218105118,,crash_vehicle
3048,crossover,3,crossover,,cluster_dist,1,1,1,5,1,0,20.0,40.0,5.0,55.0,0,40,4.535329818725586,0.2671072006225586,,out_of_road
3049,fresh,2,fresh,,,0,1,1,3,0,0,5.0,40.0,10.0,20.0,3,85,38.73278045654297,0.5630430670345531,,out_of_road
3050,crossover,2,crossover,,has_brake_checker|intersection_cars|maximum_distractor_speed|brake_dist,3,0,0,3,1,1,15.0,10.0,10.0,55.0,1,125,59.981475830078125,4.255751451492309,,crash_vehicle
3051,fresh,1,fresh,,,0,0,0,2,0,1,20.0,20.0,10.0,20.0,1,125,74.94147491455078,4.092180931329727,,out_of_road
3052,crossover,1,crossover,,select_lane|ego_on_intersection|intersection_has_cars|distractor_cars|intersection_cars|has_cluster|maximum_distractor_speed|distance_to_nearest|brake_dist,5,0,0,2,1,0,15.0,5.0,5.0,35.0,1,64,1.768247127532959,1.3868635040707886,,out_of_road
3053,fresh,3,fresh,,,0,1,0,4,1,1,5.0,40.0,15.0,55.0,3,108,53.23574447631836,0.8025122472533474,,crash_vehicle
3054,mutation,4,mutation,distractor_cars,,1,1,1,8,1,0,20.0,40.0,5.0,55.0,0,87,46.460716247558594,2.5398014770157036,,crash_vehicle
3055,fresh,5,fresh,,,0,1,1,12,0,0,20.0,5.0,10.0,10.0,3,332,63.73365020751953,2.008931946104774,,out_of_road
3056,replay,5,replay,,,0,1,1,12,0,0,20.0,5.0,10.0,10.0,3,135,53.0882568359375,3.362602057280364,,out_of_road
3057,fresh,3,fresh,,,0,1,1,4,0,0,5.0,20.0,5.0,35.0,2,64,19.338680267333984,0.05972670763731003,,crash_vehicle
3058,mutation,0,mutation,maximum_distractor_speed,,1,0,0,0,0,0,15.0,40.0,15.0,55.0,0,186,114.464111328125,3.267928986059081,,out_of_road
3059,fresh,0,fresh,,,0,1,0,0,1,0,15.0,10.0,10.0,35.0,0,66,33.92687225341797,1.2670431317705098,,arrive_dest
3060,crossover,3,crossover,,select_lane|ego_on_intersection|intersection_has_cars|intersection_cars|has_cluster|brake_dist,5,1,0,4,1,0,20.0,5.0,15.0,35.0,3,142,60.500213623046875,4.002189462453547,,crash_vehicle
3061,fresh,1,fresh,,,0,0,0,2,0,0,15.0,5.0,10.0,35.0,2,18,-4.866480350494385,0.001523084110683865,,out_of_road
3062,crossover,0,crossover,,has_brake_checker|has_cluster|maximum_distractor_speed|distance_to_nearest|brake_dist,4,1,1,0,0,0,5.0,20.0,5.0,20.0,0,43,6.435284614562988,0.41601041167281394,,out_of_road
3063,fresh,0,fresh,,,0,0,0,1,0,0,10.0,20.0,10.0,35.0,0,35,-1.2044055461883545,0.0,,out_of_road
3064,mutation,1,mutation,distractor_cars,,1,1,1,2,0,0,15.0,40.0,10.0,55.0,0,179,115.11754608154297,4.07932539417424,,out_of_road
3065,fresh,3,fresh,,,0,1,0,5,0,1,5.0,5.0,5.0,35.0,1,252,0.9068493843078613,0.05150443788558718,,crash_vehicle
3066,mutation,6,mutation,maximum_distractor_speed,,1,0,0,18,1,0,5.0,40.0,5.0,55.0,2,108,48.002685546875,2.17476782809805,,crash_vehicle
3067,fresh,5,fresh,,,0,0,0,12,0,0,15.0,40.0,15.0,35.0,1,84,32.4334602355957,0.3209031387453988,,out_of_road
3068,replay,5,replay,,,0,0,0,12,0,0,15.0,40.0,15.0,35.0,1,82,32.22455596923828,1.145714778362251,,out_of_road
3069,fresh,6,fresh,,,0,1,0,18,0,0,5.0,5.0,15.0,55.0,2,53,-1.3959567546844482,0.6310205999410378,,out_of_road
3070,replay,6,replay,,,0,1,0,18,0,0,5.0,5.0,15.0,55.0,2,150,87.33346557617188,3.8796972994009655,,out_of_road
3071,fresh,4,fresh,,,0,0,0,8,1,0,15.0,20.0,10.0,35.0,1,88,38.018978118896484,2.0729579119519754,,crash_vehicle
3072,mutation,3,mutation,select_road|select_lane|ego_on_intersection|intersection_has_cars,,1,1,0,5,0,0,20.0,20.0,15.0,20.0,0,97,37.50328826904297,0.44936962210640463,,out_of_road
3073,fresh,0,fresh,,,0,0,0,1,0,1,10.0,20.0,5.0,35.0,1,270,250.8717498779297,10.071605682373047,,out_of_road
3074,mutation,5,mutation,intersection_cars,,0,0,0,12,1,0,15.0,20.0,15.0,35.0,1,675,27.832942962646484,0.10555696994066238,,crash_vehicle
3075,fresh,3,fresh,,,0,0,0,4,1,0,20.0,10.0,5.0,20.0,1,144,50.93269348144531,3.225128524005413,,crash_vehicle
3076,crossover,0,crossover,,distractor_cars|has_brake_checker|intersection_cars|maximum_distractor_speed|cluster_dist|brake_dist,3,1,1,0,0,0,5.0,40.0,5.0,20.0,0,144,91.70252227783203,5.912806840406524,,out_of_road
3077,fresh,3,fresh,,,0,1,0,5,0,1,5.0,40.0,15.0,35.0,0,38,2.8201541900634766,0.21493316951550936,,out_of_road
3078,replay,3,replay,,,0,1,0,5,0,1,5.0,40.0,15.0,35.0,0,106,61.65917205810547,2.674565700989849,,crash_vehicle
3079,fresh,2,fresh,,,0,1,0,3,0,1,5.0,5.0,15.0,55.0,3,111,48.36604309082031,2.4051751968962654,,out_of_road
3080,crossover,4,crossover,,distractor_cars|intersection_cars|distance_to_nearest,2,1,0,8,0,0,15.0,40.0,5.0,35.0,3,194,154.45399475097656,7.0270700341032954,,out_of_road
3081,fresh,4,fresh,,,0,1,0,8,1,0,10.0,10.0,15.0,20.0,3,252,73.9529800415039,3.172130842826196,,crash_vehicle
3082,crossover,0,crossover,,select_lane|ego_on_intersection|intersection_has_cars|intersection_cars|maximum_distractor_speed|distance_to_nearest|cluster_dist,4,1,1,0,0,0,10.0,10.0,5.0,35.0,0,140,97.82906341552734,3.3345562968935285,,out_of_road
3083,fresh,1,fresh,,,0,1,0,2,0,1,20.0,5.0,5.0,55.0,2,110,60.76373291015625,4.1941164314746855,,out_of_road
3084,crossover,2,crossover,,select_lane|ego_on_intersection|intersection_has_cars|distractor_cars|has_cluster,4,0,0,3,1,0,15.0,5.0,5.0,35.0,3,105,53.21157455444336,1.7901669735000247,,out_of_road
3085,fresh,3,fresh,,,0,0,0,4,0,1,15.0,20.0,5.0,20.0,0,1000,47.87546920776367,0.24518815258517862,,max_step
3086,crossover,0,crossover,,select_lane|ego_on_intersection|intersection_has_cars|has_brake_checker,2,1,0,0,0,0,10.0,40.0,15.0,55.0,0,222,193.43101501464844,8.45870134704285,,out_of_road
3087,fresh,3,fresh,,,0,0,0,5,0,1,20.0,40.0,5.0,55.0,1,43,3.277848243713379,0.3871245273323946,,out_of_road
3088,replay,3,replay,,,0,0,0,5,0,1,20.0,40.0,5.0,55.0,1,268,252.64724731445312,10.011554419605146,,out_of_road
3089,fresh,5,fresh,,,0,1,1,12,0,0,15.0,20.0,5.0,10.0,3,102,52.86494827270508,2.649879631896814,,crash_vehicle
3090,mutation,0,mutation,select_road|select_lane|ego_on_intersection|intersection_has_cars,,3,0,0,0,0,0,10.0,10.0,5.0,55.0,0,96,34.103416442871094,1.7062523514420416,,out_of_road
3091,fresh,2,fresh,,,0,1,0,3,0,0,20.0,20.0,15.0,10.0,1,84,36.68846893310547,0.9474448944841113,,out_of_road
3092,mutation,0,mutation,distance_to_nearest,,1,1,0,1,1,0,20.0,10.0,10.0,55.0,1,151,73.66592407226562,1.1871478593729388,,crash_vehicle
3093,fresh,6,fresh,,,0,0,0,18,1,1,5.0,10.0,5.0,55.0,1,624,25.677461624145508,0.18242803683432823,,crash_vehicle
3094,crossover,2,crossover,,select_lane|ego_on_intersection|intersection_has_cars|distractor_cars|has_brake_checker|intersection_cars|has_cluster|maximum_distractor_speed|distance_to_nearest|cluster_dist,8,0,0,3,0,0,5.0,20.0,5.0,55.0,3,204,179.7953338623047,7.267780343983688,,crash_vehicle
3095,fresh,0,fresh,,,0,1,1,1,1,1,10.0,10.0,15.0,20.0,1,102,48.48400115966797,1.5161210286851023,,crash_vehicle
3096,crossover,3,crossover,,has_brake_checker|intersection_cars|cluster_dist,1,0,0,4,1,1,20.0,5.0,15.0,55.0,3,647,129.3448486328125,2.067544317111903,,crash_vehicle
3097,fresh,0,fresh,,,0,0,0,1,0,1,20.0,20.0,15.0,20.0,1,39,3.555525779724121,0.3159581850736569,,out_of_road
3098,replay,0,replay,,,0,0,0,1,0,1,20.0,20.0,15.0,20.0,1,44,23.57649040222168,0.25175677917220374,,arrive_dest
3099,fresh,2,fresh,,,0,0,0,3,0,0,20.0,20.0,15.0,55.0,3,21,-4.049499034881592,0.0,,out_of_road
3100,mutation,6,mutation,has_brake_checker,,1,0,0,18,0,0,20.0,10.0,5.0,20.0,3,90,43.98625564575195,2.076318973633978,,arrive_dest
3101,fresh,5,fresh,,,0,0,0,12,1,1,10.0,20.0,5.0,35.0,2,682,14.4385986328125,0.01593680955098172,,crash_vehicle
3102,replay,5,replay,,,0,0,0,12,1,1,10.0,20.0,5.0,35.0,2,61,13.788406372070312,0.5793974162003056,,out_of_road
3103,fresh,3,fresh,,,0,0,0,5,0,0,20.0,20.0,5.0,20.0,1,1000,35.59468078613281,0.17232932381145655,,max_step
3104,mutation,4,mutation,distance_to_nearest,,1,0,0,8,1,0,10.0,20.0,10.0,55.0,1,125,70.85010528564453,3.63104491686821,,crash_vehicle
3105,fresh,4,fresh,,,0,1,0,8,1,0,20.0,20.0,10.0,55.0,0,79,10.74096965789795,0.21494445317908178,,crash_vehicle
3106,crossover,5,crossover,,distractor_cars|intersection_cars|has_cluster|maximum_distractor_speed|distance_to_nearest|cluster_dist|brake_dist,2,0,0,12,1,1,10.0,5.0,15.0,20.0,1,112,28.309371948242188,3.7020455519003526,,crash_vehicle
3107,fresh,3,fresh,,,0,0,0,5,0,1,15.0,20.0,10.0,20.0,3,222,154.9315643310547,6.516429528728262,,out_of_road
3108,mutation,0,mutation,distractor_cars,,0,0,0,1,1,0,20.0,20.0,10.0,35.0,1,121,63.53961181640625,2.267625471530867,,crash_vehicle
3109,fresh,0,fresh,,,0,0,0,0,0,0,10.0,5.0,5.0,20.0,0,122,57.69729232788086,0.8923115507989633,rejection_fallback,out_of_road
3110,crossover,1,crossover,,distractor_cars|has_brake_checker|maximum_distractor_speed|cluster_dist,2,0,0,2,0,0,5.0,5.0,5.0,35.0,1,62,16.555126190185547,2.6668205165093943,,arrive_dest
3111,fresh,3,fresh,,,0,0,0,5,1,1,5.0,10.0,15.0,20.0,1,1000,8.424816131591797,0.009902014803141356,,max_step
3112,crossover,6,crossover,,select_lane|ego_on_intersection|intersection_has_cars|distractor_cars|distance_to_nearest|cluster_dist|brake_dist,6,1,1,18,1,0,20.0,40.0,15.0,55.0,3,138,87.25308990478516,4.038394973113917,,crash_vehicle
3113,fresh,3,fresh,,,0,1,0,4,1,0,15.0,5.0,10.0,35.0,2,148,62.19105529785156,4.604874937920957,,out_of_road
3114,crossover,1,crossover,,select_lane|ego_on_intersection|intersection_has_cars|distractor_cars|has_cluster|distance_to_nearest|cluster_dist,3,0,0,2,0,0,20.0,20.0,10.0,55.0,0,149,97.96707153320312,5.872926958455335,,out_of_road
3115,fresh,5,fresh,,,0,0,0,12,1,0,15.0,40.0,10.0,55.0,0,703,290.0575866699219,3.796197576424475,,crash_vehicle
3116,crossover,0,crossover,,select_lane|ego_on_intersection|intersection_has_cars|maximum_distractor_speed|distance_to_nearest|cluster_dist|brake_dist,5,1,0,0,0,0,5.0,5.0,5.0,20.0,0,161,110.98221588134766,5.58364061428153,,out_of_road
3117,fresh,5,fresh,,,0,0,0,12,1,0,5.0,5.0,15.0,20.0,2,762,210.81622314453125,2.3223046344995812,,out_of_road
3118,crossover,1,crossover,,select_lane|ego_on_intersection|intersection_has_cars|distractor_cars|has_brake_checker|intersection_cars|has_cluster|maximum_distractor_speed|brake_dist,6,1,0,2,0,1,5.0,20.0,10.0,55.0,0,59,20.54862403869629,0.4139408499507581,,crash_vehicle
3119,fresh,0,fresh,,,0,1,1,0,0,0,5.0,20.0,10.0,10.0,0,53,13.504501342773438,0.8408380687799094,,out_of_road
3120,crossover,0,crossover,,distractor_cars|has_brake_checker|intersection_cars|has_cluster|maximum_distractor_speed|distance_to_nearest|cluster_dist,5,1,1,0,0,0,15.0,5.0,5.0,20.0,0,88,35.423683166503906,0.33457730304111133,,out_of_road
3121,fresh,3,fresh,,,0,1,0,5,1,0,15.0,20.0,15.0,35.0,0,60,17.05704689025879,0.2325158437093099,,crash_vehicle
3122,crossover,1,crossover,,select_lane|ego_on_intersection|intersection_has_cars|distractor_cars|has_brake_checker|intersection_cars|distance_to_nearest|cluster_dist|brake_dist,5,1,0,2,1,0,5.0,10.0,15.0,20.0,2,87,37.865997314453125,1.560018812787944,,out_of_road
3123,fresh,0,fresh,,,0,1,1,0,1,0,15.0,40.0,5.0,55.0,0,133,95.73870849609375,3.5902487329746546,,crash_vehicle
3124,mutation,5,mutation,brake_dist,,0,1,0,12,0,0,10.0,20.0,15.0,55.0,0,83,26.162595748901367,0.2742372535797487,,crash_vehicle
3125,fresh,2,fresh,,,0,1,0,3,0,1,15.0,40.0,10.0,55.0,3,229,184.11224365234375,5.8192258937910655,,out_of_road
3126,mutation,0,mutation,brake_dist,,1,0,0,0,0,0,10.0,10.0,5.0,35.0,0,164,135.09912109375,5.606440639168751,,out_of_road
3127,fresh,3,fresh,,,0,1,0,5,1,1,15.0,10.0,10.0,20.0,3,300,13.516817092895508,0.2951835267432034,,crash_vehicle
3128,crossover,3,crossover,,select_lane|ego_on_intersection|intersection_has_cars|distractor_cars|has_brake_checker|intersection_cars|brake_dist,3,1,1,4,0,0,15.0,20.0,15.0,55.0,0,93,29.449630737304688,0.4792329258015079,,out_of_road
3129,fresh,3,fresh,,,0,1,1,5,0,0,10.0,40.0,15.0,55.0,3,100,48.875213623046875,1.0891689658164978,,out_of_road
3130,replay,3,replay,,,0,1,1,5,0,0,10.0,40.0,15.0,55.0,3,95,44.4333381652832,1.8086028124156752,,crash_vehicle
3131,fresh,3,fresh,,,0,0,0,5,0,0,15.0,20.0,10.0,20.0,3,146,70.14288330078125,2.8277991314048636,,out_of_road
3132,mutation,6,mutation,maximum_distractor_speed,,1,1,0,18,1,0,10.0,10.0,15.0,35.0,0,1000,10.275983810424805,0.04934488057438284,,max_step
3133,fresh,0,fresh,,,0,1,1,1,0,0,10.0,10.0,15.0,20.0,1,54,6.015244483947754,0.40163527622267053,,out_of_road
3134,crossover,1,crossover,,select_lane|ego_on_intersection|intersection_has_cars|distractor_cars|has_brake_checker|intersection_cars|has_cluster|maximum_distractor_speed|brake_dist,5,1,0,2,0,1,20.0,40.0,10.0,55.0,2,154,116.53535461425781,4.499285191297531,,out_of_road
3135,fresh,1,fresh,,,0,1,1,2,1,1,5.0,20.0,15.0,35.0,0,287,64.1982650756836,0.8533741941720974,,out_of_road
3136,mutation,1,mutation,intersection_cars,,1,0,0,2,0,1,20.0,20.0,10.0,10.0,2,107,47.687740325927734,2.8849374952717364,,out_of_road
3137,fresh,6,fresh,,,0,0,0,18,1,1,20.0,40.0,15.0,55.0,2,100,45.77995681762695,1.0184947600960732,,out_of_road
3138,mutation,5,mutation,intersection_cars,,1,0,0,12,1,1,10.0,10.0,15.0,20.0,2,152,29.49597930908203,0.8719970800570751,,out_of_road
3139,fresh,3,fresh,,,0,0,0,4,1,0,20.0,20.0,10.0,35.0,1,258,86.12972259521484,2.5298201774441917,,out_of_road
3140,mutation,0,mutation,distractor_cars,,2,0,0,0,1,0,20.0,10.0,15.0,55.0,0,155,87.88243103027344,3.8328698449557828,,crash_vehicle
3141,fresh,0,fresh,,,0,1,1,1,0,1,20.0,20.0,15.0,20.0,0,218,156.14808654785156,5.249596773586962,,out_of_road
3142,mutation,1,mutation,has_brake_checker,,1,1,0,2,1,1,20.0,20.0,15.0,35.0,1,527,239.63699340820312,3.959015276777846,,arrive_dest
3143,fresh,1,fresh,,,0,1,0,2,0,0,5.0,40.0,15.0,55.0,2,201,153.45095825195312,6.880784443361843,,crash_vehicle
3144,mutation,0,mutation,brake_dist,,7,0,0,0,0,0,10.0,5.0,5.0,20.0,0,86,30.04465103149414,0.4134380761967149,rejection_fallback,out_of_road
3145,fresh,6,fresh,,,0,0,0,18,1,0,5.0,10.0,15.0,55.0,3,1000,38.88395690917969,0.044422994980588555,,max_step
3146,replay,6,replay,,,0,0,0,18,1,0,5.0,10.0,15.0,55.0,3,178,96.65498352050781,3.6274247316831953,,out_of_road
3147,fresh,6,fresh,,,0,0,0,18,0,1,20.0,10.0,10.0,20.0,1,1000,23.38418197631836,0.03197627726569772,,max_step
3148,crossover,1,crossover,,select_lane|ego_on_intersection|intersection_has_cars|distractor_cars|intersection_cars|has_cluster|distance_to_nearest|cluster_dist|brake_dist,4,1,0,2,1,1,20.0,20.0,10.0,35.0,2,107,47.97417449951172,1.5169670320002833,,out_of_road
3149,fresh,5,fresh,,,0,0,0,12,0,0,10.0,10.0,10.0,35.0,3,629,125.48640441894531,1.5985360312022399,,crash_vehicle
3150,crossover,0,crossover,,distractor_cars|has_brake_checker|maximum_distractor_speed,1,0,0,0,0,0,5.0,10.0,15.0,55.0,0,198,126.86488342285156,5.230806265703657,,out_of_road
3151,fresh,3,fresh,,,0,0,0,4,1,0,10.0,5.0,15.0,20.0,3,1000,29.69110107421875,0.16452343851514162,,max_step
3152,mutation,3,mutation,cluster_dist,,1,1,0,4,0,0,20.0,5.0,15.0,20.0,1,146,53.463951110839844,3.9338799167985785,,out_of_road
3153,fresh,5,fresh,,,0,1,0,12,0,0,15.0,20.0,10.0,35.0,3,193,57.05308532714844,1.38553155008993,,crash_vehicle
3154,replay,5,replay,,,0,1,0,12,0,0,15.0,20.0,10.0,35.0,3,78,6.139374732971191,3.355282887434348,,crash_vehicle
3155,fresh,1,fresh,,,0,1,0,2,1,1,15.0,20.0,5.0,35.0,1,1000,27.77060890197754,0.035249490644782784,,max_step
3156,crossover,3,crossover,,select_lane|ego_on_intersection|intersection_has_cars|distractor_cars|intersection_cars|has_cluster|maximum_distractor_speed,3,1,0,5,0,0,15.0,20.0,10.0,35.0,3,331,204.49942016601562,6.891098878129731,,crash_vehicle
3157,fresh,0,fresh,,,0,0,0,0,0,0,10.0,5.0,5.0,20.0,0,215,189.03128051757812,6.919725207118101,rejection_fallback,out_of_road
3158,mutation,4,mutation,cluster_dist,,0,0,0,8,1,0,10.0,20.0,10.0,55.0,1,237,100.8512954711914,3.2191452177768016,,out_of_road
3159,fresh,3,fresh,,,0,0,0,5,1,1,20.0,40.0,5.0,55.0,3,177,123.68070983886719,5.916042605362369,,out_of_road
3160,mutation,2,mutation,select_road|select_lane|ego_on_intersection|intersection_has_cars,,2,1,0,3,1,1,15.0,10.0,10.0,55.0,1,1000,203.9676513671875,1.2169622738435864,,max_step
3161,fresh,5,fresh,,,0,0,0,12,1,0,15.0,5.0,10.0,35.0,2,132,31.713642120361328,1.9260776757798863,,out_of_road
3162,crossover,0,crossover,,has_brake_checker|has_cluster|maximum_distractor_speed,1,0,0,0,0,0,5.0,20.0,15.0,55.0,0,49,7.958552360534668,0.0,,out_of_road
3163,fresh,0,fresh,,,0,0,0,1,0,1,20.0,10.0,5.0,55.0,1,102,48.93601608276367,2.1891921805400476,,out_of_road
3164,replay,0,replay,,,0,0,0,1,0,1,20.0,10.0,5.0,55.0,1,1000,286.50970458984375,2.2382992029488085,,max_step
3165,fresh,3,fresh,,,0,1,1,4,1,0,5.0,20.0,15.0,55.0,3,2,10.0,3.5639238357543945,,arrive_dest
3166,crossover,6,crossover,,select_lane|ego_on_intersection|intersection_has_cars|distractor_cars|intersection_cars|has_cluster|cluster_dist,1,0,0,18,1,0,20.0,20.0,5.0,35.0,2,69,23.728300094604492,0.5429781588955201,,out_of_road
3167,fresh,5,fresh,,,0,0,0,12,1,1,15.0,10.0,10.0,20.0,3,1000,19.5411319732666,0.005300433456897736,,max_step
3168,crossover,3,crossover,,distractor_cars|cluster_dist,2,0,0,5,0,0,20.0,20.0,5.0,35.0,2,170,74.19230651855469,2.5068533411797356,,out_of_road
3169,fresh,1,fresh,,,0,1,0,2,0,0,10.0,40.0,5.0,20.0,1,1000,24.751367568969727,0.0034023077636957167,,max_step
3170,crossover,5,crossover,,has_cluster|maximum_distractor_speed|brake_dist,2,0,0,12,1,1,20.0,10.0,15.0,55.0,0,1000,97.83362579345703,0.7040642684772611,,max_step
3171,fresh,3,fresh,,,0,0,0,5,0,1,20.0,20.0,5.0,35.0,3,105,18.14748191833496,1.1232048400810786,,crash_vehicle
3172,crossover,0,crossover,,has_cluster|maximum_distractor_speed|distance_to_nearest|cluster_dist|brake_dist,7,0,0,0,0,0,10.0,5.0,5.0,20.0,0,103,36.47529983520508,3.1898698676558372,rejection_fallback,out_of_road
3173,fresh,5,fresh,,,0,0,0,12,0,0,20.0,5.0,5.0,35.0,1,242,22.983909606933594,0.22491386221829524,,out_of_road
3174,replay,5,replay,,,0,0,0,12,0,0,20.0,5.0,5.0,35.0,1,144,77.59455871582031,1.4465118038157623,,out_of_road
3175,fresh,0,fresh,,,0,1,1,0,0,0,20.0,10.0,15.0,35.0,0,45,8.669689178466797,0.8558909555276235,,out_of_road
3176,mutation,3,mutation,maximum_distractor_speed,,1,0,0,4,0,0,10.0,20.0,5.0,35.0,2,221,68.49346923828125,1.2652351988386785,,out_of_road
3177,fresh,6,fresh,,,0,1,0,18,0,0,5.0,40.0,15.0,35.0,2,82,17.348318099975586,0.33978823190782126,,out_of_road
3178,replay,6,replay,,,0,1,0,18,0,0,5.0,40.0,15.0,35.0,2,111,29.092357635498047,0.43101677056905385,,out_of_road
3179,fresh,1,fresh,,,0,1,0,2,0,0,5.0,40.0,10.0,55.0,2,39,3.7374324798583984,0.0,,out_of_road
3180,replay,1,replay,,,0,1,0,2,0,0,5.0,40.0,10.0,55.0,2,95,15.41436767578125,1.0216071464513476,,out_of_road
3181,fresh,3,fresh,,,0,1,1,4,0,1,20.0,20.0,10.0,35.0,2,147,38.79248809814453,0.5792277291113016,,crash_vehicle
3182,replay,3,replay,,,0,1,1,4,0,1,20.0,20.0,10.0,35.0,2,291,104.82626342773438,3.7263125787997984,,out_of_road
3183,fresh,2,fresh,,,0,1,0,3,0,0,5.0,20.0,10.0,35.0,3,46,9.341487884521484,0.5088595696117567,,out_of_road
3184,mutation,3,mutation,has_brake_checker,,1,1,0,4,1,0,20.0,5.0,5.0,20.0,1,111,16.272485733032227,1.4326845662550882,,out_of_road
3185,fresh,3,fresh,,,0,0,0,4,0,0,20.0,40.0,5.0,20.0,1,33,0.6375627517700195,0.2340807192253344,,out_of_road
3186,mutation,6,mutation,intersection_cars,,1,1,1,18,0,0,15.0,10.0,15.0,20.0,3,124,38.66950225830078,2.2093118688752575,,out_of_road
3187,fresh,5,fresh,,,0,1,0,12,1,0,15.0,10.0,15.0,20.0,0,1000,97.17321014404297,0.34680489043612034,,max_step
3188,mutation,1,mutation,brake_dist,,1,0,0,2,1,0,20.0,20.0,5.0,35.0,0,312,114.41609954833984,2.4923921949827137,,out_of_road
3189,fresh,3,fresh,,,0,1,1,4,0,0,5.0,40.0,10.0,35.0,1,1000,128.1724853515625,0.4607348620034754,,max_step
3190,crossover,0,crossover,,select_lane|ego_on_intersection|intersection_has_cars|distractor_cars|maximum_distractor_speed|brake_dist,5,1,1,0,1,0,20.0,5.0,10.0,35.0,0,110,42.863346099853516,3.036417027495124,,out_of_road
3191,fresh,0,fresh,,,0,0,0,0,0,0,20.0,40.0,10.0,20.0,0,58,10.32030963897705,0.16731074760700093,,out_of_road
3192,crossover,3,crossover,,has_brake_checker|cluster_dist,0,0,0,4,0,0,5.0,40.0,5.0,20.0,3,1000,33.741085052490234,0.01876131473458372,,max_step
3193,fresh,2,fresh,,,0,0,0,3,1,1,20.0,10.0,15.0,20.0,1,97,11.465108871459961,2.222113190545249,,out_of_road
3194,replay,2,replay,,,0,0,0,3,1,1,20.0,10.0,15.0,20.0,1,1000,85.63667297363281,0.14834666987508535,,max_step
3195,fresh,4,fresh,,,0,0,0,8,0,1,10.0,5.0,10.0,35.0,0,1000,11.288655281066895,0.018207756504416465,,max_step
3196,replay,4,replay,,,0,0,0,8,0,1,10.0,5.0,10.0,35.0,0,1000,34.842857360839844,0.08873887946456671,,max_step
3197,fresh,3,fresh,,,0,0,0,5,1,0,5.0,20.0,15.0,35.0,0,124,31.68221664428711,0.9462748597706517,,out_of_road
3198,crossover,1,crossover,,select_lane|ego_on_intersection|intersection_has_cars|maximum_distractor_speed|distance_to_nearest|cluster_dist|brake_dist,3,1,1,2,0,1,20.0,40.0,15.0,55.0,2,104,32.03721618652344,0.555167077252498,,out_of_road
3199,fresh,0,fresh,,,0,0,0,1,1,1,20.0,40.0,10.0,55.0,1,63,15.557121276855469,0.0,,out_of_road
3200,crossover,6,crossover,,intersection_cars,1,1,1,18,1,0,5.0,40.0,10.0,55.0,3,35,1.685783863067627,0.25643656253814695,,out_of_road
3201,fresh,1,fresh,,,0,0,0,2,0,1,10.0,5.0,5.0,35.0,2,19,-4.6495041847229,0.0,,out_of_road
3202,crossover,3,crossover,,select_lane|ego_on_intersection|intersection_has_cars|has_cluster|cluster_dist|brake_dist,3,0,0,5,1,0,15.0,5.0,5.0,35.0,3,195,42.93709182739258,1.1762668695205296,,out_of_road
3203,fresh,0,fresh,,,0,0,0,0,1,0,5.0,20.0,5.0,20.0,0,55,8.923646926879883,0.3900068109685724,,out_of_road
3204,replay,0,replay,,,0,0,0,0,1,0,5.0,20.0,5.0,20.0,0,41,2.0986742973327637,1.0046914394308881,,out_of_road
3205,fresh,1,fresh,,,0,0,0,2,1,0,10.0,40.0,10.0,55.0,0,43,2.9858570098876953,0.0,,out_of_road
3206,mutation,0,mutation,cluster_dist,,1,0,0,0,0,0,5.0,40.0,15.0,10.0,0,19,-5.452306270599365,0.0,,out_of_road
3207,fresh,4,fresh,,,0,1,1,8,1,1,10.0,5.0,15.0,20.0,0,2,10.0,3.3665332794189453,,arrive_dest
3208,mutation,3,mutation,has_cluster,,1,0,0,4,0,1,15.0,20.0,15.0,35.0,2,124,11.081939697265625,0.1078596148760088,,crash_vehicle
3209,fresh,2,fresh,,,0,0,0,3,0,1,10.0,10.0,15.0,35.0,0,98,14.496461868286133,2.8338551410302824,,out_of_road
3210,mutation,0,mutation,brake_dist,,1,1,1,1,0,1,20.0,20.0,15.0,55.0,0,2,10.0,0.0,,arrive_dest
3211,fresh,3,fresh,,,0,1,1,4,0,1,20.0,10.0,10.0,35.0,2,1000,12.264397621154785,0.000952840343117714,,max_step
3212,replay,3,replay,,,0,1,1,4,0,1,20.0,10.0,10.0,35.0,2,101,29.472091674804688,0.2486139441480731,,out_of_road
3213,fresh,0,fresh,,,0,0,0,1,1,0,15.0,20.0,15.0,35.0,1,22,-5.61129903793335,0.0,,out_of_road
3214,mutation,1,mutation,intersection_cars,,1,0,0,2,0,0,20.0,40.0,10.0,55.0,0,35,-0.04617738723754883,0.18327046803065708,,out_of_road
3215,fresh,0,fresh,,,0,1,0,0,0,0,20.0,40.0,10.0,10.0,0,114,67.17771911621094,2.6899512242852595,,arrive_dest
3216,crossover,1,crossover,,select_lane|ego_on_intersection|intersection_has_cars|distractor_cars|has_cluster|distance_to_nearest|cluster_dist|brake_dist,5,0,0,2,0,1,5.0,20.0,10.0,10.0,1,1000,15.423306465148926,0.014449692085385322,,max_step
3217,fresh,0,fresh,,,0,1,0,1,0,0,20.0,5.0,15.0,10.0,1,42,9.236820220947266,0.6765491394769578,,out_of_road
3218,mutation,1,mutation,maximum_distractor_speed,,1,0,0,2,1,0,10.0,20.0,10.0,55.0,0,721,90.59077453613281,0.6712293944556664,,out_of_road
3219,fresh,3,fresh,,,0,0,0,5,1,1,15.0,5.0,5.0,35.0,0,1000,0.48243993520736694,0.0007265854496508837,,max_step
3220,replay,3,replay,,,0,0,0,5,1,1,15.0,5.0,5.0,35.0,0,143,86.29182434082031,3.437142528437234,,crash_vehicle
3221,fresh,1,fresh,,,0,1,1,2,1,0,5.0,20.0,10.0,55.0,1,1000,94.87455749511719,0.029960250407457353,,max_step
3222,replay,1,replay,,,0,1,1,2,1,0,5.0,20.0,10.0,55.0,1,133,29.387035369873047,0.3315528633451103,,out_of_road
3223,fresh,0,fresh,,,0,0,0,1,1,0,10.0,5.0,15.0,35.0,1,127,62.59130859375,2.795878602529135,,crash_vehicle
3224,crossover,2,crossover,,has_brake_checker|cluster_dist,1,1,1,3,1,1,10.0,5.0,5.0,35.0,2,359,64.89740753173828,1.0464564802586866,,out_of_road
3225,fresh,3,fresh,,,0,1,1,4,1,0,15.0,20.0,10.0,35.0,2,59,13.254243850708008,0.771774364477497,,out_of_road
3226,mutation,0,mutation,has_cluster,,0,1,0,0,1,0,5.0,5.0,10.0,55.0,0,107,34.34372329711914,1.7834443566955138,,out_of_road
3227,fresh,6,fresh,,,0,0,0,18,0,1,20.0,40.0,5.0,20.0,3,1000,38.996971130371094,0.07059766173362732,,max_step
3228,replay,6,replay,,,0,0,0,18,0,1,20.0,40.0,5.0,20.0,3,55,4.78513240814209,0.5186200282790444,,out_of_road
3229,fresh,3,fresh,,,0,0,0,5,1,1,5.0,10.0,10.0,20.0,3,295,-0.3510112762451172,0.06675192188408416,,out_of_road
3230,crossover,0,crossover,,select_lane|ego_on_intersection|intersection_has_cars|maximum_distractor_speed|cluster_dist|brake_dist,6,1,1,1,0,1,15.0,20.0,15.0,35.0,1,161,105.2860107421875,6.186696686359666,,out_of_road
3231,fresh,1,fresh,,,0,0,0,2,0,1,10.0,40.0,10.0,55.0,1,1000,18.17616844177246,0.00821198844909668,,max_step
3232,mutation,0,mutation,brake_dist,,1,1,0,1,0,0,15.0,40.0,5.0,20.0,0,153,106.15159606933594,4.725572938428206,,out_of_road
3233,fresh,3,fresh,,,0,0,0,4,1,1,5.0,10.0,10.0,55.0,0,407,62.04389953613281,0.17386603977814938,,out_of_road
3234,crossover,0,crossover,,distractor_cars|has_brake_checker|intersection_cars|has_cluster|distance_to_nearest|cluster_dist|brake_dist,5,0,0,1,0,0,15.0,5.0,5.0,20.0,1,118,45.48049545288086,1.1455428851610523,,out_of_road
3235,fresh,3,fresh,,,0,1,1,4,0,0,20.0,5.0,5.0,55.0,0,1000,4.301240921020508,0.03829993511736393,,max_step
3236,replay,3,replay,,,0,1,1,4,0,0,20.0,5.0,5.0,55.0,0,47,3.486151695251465,0.2900181140037293,,crash_vehicle
3237,fresh,4,fresh,,,0,0,0,8,0,1,10.0,20.0,15.0,20.0,3,806,222.63633728027344,0.8140857219696045,,out_of_road
3238,mutation,0,mutation,distance_to_nearest,,1,1,0,0,0,0,10.0,5.0,15.0,20.0,0,57,12.033830642700195,0.8928098954391062,,out_of_road
3239,fresh,3,fresh,,,0,0,0,5,0,1,15.0,10.0,10.0,20.0,1,1000,5.453124046325684,0.00022744345664978027,,max_step
3240,crossover,4,crossover,,select_lane|ego_on_intersection|intersection_has_cars|distractor_cars|intersection_cars|brake_dist,2,0,0,8,0,0,10.0,40.0,5.0,35.0,2,529,81.15646362304688,0.20765921193226072,,out_of_road
3241,fresh,3,fresh,,,0,1,1,5,1,1,10.0,5.0,10.0,55.0,3,444,-1.1111938953399658,0.016585135740135704,,crash_vehicle
3242,replay,3,replay,,,0,1,1,5,1,1,10.0,5.0,10.0,55.0,3,617,246.79371643066406,3.2650783844231785,,out_of_road
3243,fresh,4,fresh,,,0,0,0,8,1,0,20.0,5.0,15.0,20.0,3,162,40.47323989868164,1.075763096228058,,arrive_dest
3244,crossover,2,crossover,,select_lane|ego_on_intersection|intersection_has_cars|distractor_cars|has_brake_checker|has_cluster|distance_to_nearest|brake_dist,6,1,1,3,1,1,20.0,20.0,5.0,35.0,3,478,198.2566375732422,2.381219520136153,,out_of_road
3245,fresh,1,fresh,,,0,1,0,2,0,0,20.0,20.0,5.0,20.0,1,1000,106.96988677978516,0.043474460558965804,,max_step
3246,mutation,0,mutation,brake_dist,,0,0,0,1,1,0,15.0,40.0,5.0,55.0,1,408,197.14488220214844,3.168132762515954,,out_of_road
3247,fresh,3,fresh,,,0,1,0,4,1,0,20.0,5.0,15.0,20.0,1,375,71.32940673828125,1.3302598073879879,,out_of_road
3248,replay,3,replay,,,0,1,0,4,1,0,20.0,5.0,15.0,20.0,1,57,11.268888473510742,0.3419950531240095,,out_of_road
3249,fresh,0,fresh,,,0,1,0,1,0,0,20.0,40.0,10.0,20.0,1,100,41.40214157104492,1.4056699856370687,,out_of_road
3250,replay,0,replay,,,0,1,0,1,0,0,20.0,40.0,10.0,20.0,1,308,206.2854766845703,6.454449372632163,,out_of_road
3251,fresh,0,fresh,,,0,0,0,1,0,0,15.0,5.0,15.0,20.0,1,152,81.67952728271484,4.121019140964276,,out_of_road
3252,mutation,0,mutation,distractor_cars,,1,0,0,1,0,0,10.0,40.0,10.0,55.0,1,124,54.13888931274414,2.681055960635985,,out_of_road
3253,fresh,6,fresh,,,0,1,0,18,1,1,15.0,20.0,5.0,35.0,0,1000,12.725240707397461,0.0238278993666172,,max_step
3254,crossover,3,crossover,,distractor_cars|has_brake_checker|intersection_cars|has_cluster|distance_to_nearest|cluster_dist,4,1,0,5,0,0,20.0,20.0,15.0,20.0,0,109,39.26509475708008,0.7704439824874248,,out_of_road
3255,fresh,1,fresh,,,0,1,1,2,0,0,5.0,20.0,10.0,20.0,2,123,58.87265396118164,4.160649712250485,,out_of_road
3256,mutation,0,mutation,maximum_distractor_speed,,1,0,0,1,0,1,20.0,20.0,15.0,55.0,0,281,204.2103729248047,6.238292223459037,,out_of_road
3257,fresh,4,fresh,,,0,0,0,8,0,1,5.0,20.0,5.0,20.0,1,1000,15.725666046142578,0.06818090885132551,,max_step
3258,crossover,1,crossover,,select_lane|ego_on_intersection|intersection_has_cars|distractor_cars|intersection_cars,2,0,0,2,0,1,20.0,20.0,10.0,10.0,0,1000,26.482791900634766,0.013056317329406738,,max_step
3259,fresh,4,fresh,,,0,1,0,8,1,1,15.0,5.0,15.0,55.0,1,1000,37.14426803588867,0.015691264443099498,,max_step
3260,replay,4,replay,,,0,1,0,8,1,1,15.0,5.0,15.0,55.0,1,259,165.76876831054688,6.269696442431925,,crash_vehicle
3261,fresh,4,fresh,,,0,1,0,8,1,1,10.0,5.0,15.0,20.0,1,53,-3.0047385692596436,0.25473067867306043,,crash_vehicle
3262,replay,4,replay,,,0,1,0,8,1,1,10.0,5.0,15.0,20.0,1,275,188.58314514160156,5.828605026006699,,out_of_road
3263,fresh,1,fresh,,,0,0,0,2,1,0,15.0,20.0,15.0,35.0,2,1000,83.4211654663086,0.6203573726713657,,max_step
3264,crossover,6,crossover,,distractor_cars|has_brake_checker|has_cluster,2,0,0,18,1,1,5.0,5.0,5.0,20.0,1,1000,9.87431812286377,0.11412131935358047,,max_step
3265,fresh,5,fresh,,,0,1,0,12,0,1,20.0,40.0,5.0,20.0,0,62,8.742776870727539,0.2114428065476879,,out_of_road
3266,mutation,3,mutation,distractor_cars,,1,1,1,5,0,0,15.0,10.0,10.0,20.0,3,407,80.84705352783203,0.8800698175330712,,out_of_road
3267,fresh,0,fresh,,,0,0,0,1,1,0,10.0,20.0,5.0,35.0,1,151,83.81134033203125,2.537767608828892,,crash_vehicle
3268,mutation,0,mutation,brake_dist,,1,1,1,0,1,0,20.0,40.0,5.0,10.0,0,2,10.0,4.111941337585449,,arrive_dest
3269,fresh,6,fresh,,,0,1,0,18,1,0,15.0,20.0,10.0,55.0,1,119,48.03665542602539,3.2388535845680395,,crash_vehicle
3270,crossover,2,crossover,,distractor_cars|has_brake_checker|has_cluster|distance_to_nearest|cluster_dist,3,0,0,3,0,1,10.0,10.0,5.0,35.0,2,1000,7.306313991546631,0.012130137354135513,,max_step
3271,fresh,4,fresh,,,0,1,1,8,1,0,10.0,40.0,5.0,55.0,3,1000,49.375267028808594,0.3021512352684513,,max_step
3272,replay,4,replay,,,0,1,1,8,1,0,10.0,40.0,5.0,55.0,3,174,96.95885467529297,2.8187130155234503,,out_of_road
3273,fresh,5,fresh,,,0,1,0,12,0,1,10.0,20.0,10.0,55.0,2,1000,34.352787017822266,0.08346979374811053,,max_step
3274,mutation,3,mutation,distractor_cars,,0,0,0,4,1,1,10.0,5.0,10.0,20.0,0,141,13.599761962890625,0.5395268736578894,,out_of_road
3275,fresh,2,fresh,,,0,0,0,3,1,0,20.0,20.0,15.0,35.0,1,183,67.99791717529297,2.941337692607296,,out_of_road
3276,mutation,3,mutation,maximum_distractor_speed,,0,1,0,4,1,0,20.0,40.0,5.0,55.0,1,200,105.70508575439453,4.358618156090379,,out_of_road
3277,fresh,2,fresh,,,0,1,1,3,1,0,10.0,10.0,15.0,20.0,3,129,37.43867492675781,1.1790433064168102,,out_of_road
3278,crossover,2,crossover,,intersection_cars|maximum_distractor_speed|distance_to_nearest|brake_dist,2,0,0,3,1,0,10.0,40.0,5.0,55.0,1,121,44.518009185791016,0.549324079239664,,out_of_road
3279,fresh,3,fresh,,,0,0,0,5,1,1,5.0,40.0,15.0,55.0,2,167,54.36482620239258,1.2892050025705806,,out_of_road
3280,crossover,3,crossover,,select_lane|ego_on_intersection|intersection_has_cars|distractor_cars|intersection_cars|has_cluster|distance_to_nearest|brake_dist,4,1,0,5,0,0,15.0,20.0,10.0,20.0,2,514,416.5577087402344,9.680085025176927,,out_of_road
3281,fresh,3,fresh,,,0,1,0,4,0,0,20.0,20.0,5.0,35.0,0,296,190.93177795410156,5.48719772495128,,crash_vehicle
3282,mutation,6,mutation,has_cluster,,1,0,0,18,1,0,15.0,20.0,10.0,55.0,1,1000,165.18991088867188,0.876861642787233,,max_step
3283,fresh,5,fresh,,,0,0,0,12,1,1,20.0,5.0,5.0,20.0,2,1000,14.417106628417969,0.08060032922029495,,max_step
3284,crossover,0,crossover,,has_brake_checker|intersection_cars|maximum_distractor_speed|brake_dist,2,1,1,0,0,0,10.0,10.0,5.0,20.0,0,54,6.818347930908203,0.2258154727794506,,out_of_road
3285,fresh,6,fresh,,,0,0,0,18,0,0,10.0,20.0,15.0,35.0,3,1000,17.175891876220703,0.010579564688727259,,max_step
3286,mutation,5,mutation,cluster_dist,,0,1,0,12,0,1,5.0,40.0,5.0,20.0,2,1000,30.75977897644043,0.03366573634743691,,max_step
3287,fresh,6,fresh,,,0,1,0,18,0,1,20.0,10.0,15.0,55.0,0,144,50.4315299987793,2.959334462363687,,out_of_road
3288,crossover,3,crossover,,select_lane|ego_on_intersection|intersection_has_cars|distractor_cars|has_brake_checker|has_cluster|distance_to_nearest|cluster_dist,4,0,0,5,0,0,5.0,20.0,10.0,20.0,3,852,258.5596618652344,2.858250584374641,,out_of_road
3289,fresh,5,fresh,,,0,0,0,12,0,0,15.0,20.0,10.0,20.0,3,18,-5.232641696929932,0.0,,out_of_road
3290,replay,5,replay,,,0,0,0,12,0,0,15.0,20.0,10.0,20.0,3,250,169.62435913085938,5.556783296108246,,out_of_road
3291,fresh,3,fresh,,,0,0,0,5,0,1,20.0,5.0,15.0,10.0,2,1000,52.30149841308594,0.47237780928611756,,max_step
3292,mutation,5,mutation,has_cluster,,0,1,0,12,0,0,20.0,10.0,10.0,55.0,0,139,34.970943450927734,1.141321017748589,,out_of_road
3293,fresh,0,fresh,,,0,0,0,1,0,1,15.0,20.0,10.0,35.0,1,192,112.37445831298828,4.873990618313353,,crash_vehicle
3294,crossover,0,crossover,,select_lane|ego_on_intersection|intersection_has_cars|distractor_cars|maximum_distractor_speed|distance_to_nearest|cluster_dist,5,1,0,0,0,0,10.0,10.0,15.0,35.0,0,58,16.523578643798828,0.5453684566349819,,out_of_road
3295,fresh,1,fresh,,,0,0,0,2,1,1,15.0,10.0,10.0,55.0,0,1000,14.258476257324219,0.023805759601294996,,max_step
3296,mutation,6,mutation,maximum_distractor_speed,,1,1,1,18,0,0,5.0,10.0,15.0,55.0,3,101,5.684979438781738,0.7265507665896179,,out_of_road
3297,fresh,3,fresh,,,0,1,0,4,0,0,20.0,10.0,15.0,55.0,1,353,92.48229217529297,1.7453443971027227,,out_of_road
3298,replay,3,replay,,,0,1,0,4,0,0,20.0,10.0,15.0,55.0,1,62,6.257115364074707,0.25410937397710737,,out_of_road
3299,fresh,4,fresh,,,0,1,0,8,1,1,15.0,40.0,5.0,55.0,2,117,34.56780242919922,0.5963115460024431,,arrive_dest
3300,crossover,3,crossover,,intersection_cars|maximum_distractor_speed|distance_to_nearest|brake_dist,3,1,1,4,0,0,15.0,10.0,15.0,55.0,3,621,42.12313461303711,0.08107365774599634,,out_of_road
3301,fresh,2,fresh,,,0,0,0,3,1,1,5.0,40.0,5.0,55.0,2,121,63.51719665527344,3.7788374414128705,,out_of_road
3302,crossover,0,crossover,,select_lane|ego_on_intersection|intersection_has_cars|distractor_cars|has_brake_checker|intersection_cars|distance_to_nearest|cluster_dist|brake_dist,5,0,0,1,0,0,15.0,20.0,15.0,55.0,0,153,67.48766326904297,2.906861488725625,,out_of_road
3303,fresh,0,fresh,,,0,1,0,0,0,0,5.0,10.0,5.0,10.0,0,90,33.01346206665039,0.10248130990399254,,out_of_road
3304,mutation,6,mutation,distractor_cars,,1,0,0,18,0,0,5.0,40.0,10.0,55.0,1,366,138.02635192871094,2.12147208777526,,out_of_road
3305,fresh,5,fresh,,,0,0,0,12,1,1,5.0,40.0,5.0,55.0,0,53,8.766990661621094,0.0,,out_of_road
3306,crossover,6,crossover,,has_brake_checker|intersection_cars|has_cluster|maximum_distractor_speed|distance_to_nearest|cluster_dist|brake_dist,5,1,1,18,0,0,10.0,40.0,15.0,10.0,1,128,39.59288024902344,1.66475048661232,,out_of_road
3307,fresh,3,fresh,,,0,0,0,4,1,0,20.0,10.0,15.0,20.0,2,152,41.68260192871094,3.0123638731525526,,out_of_road
3308,crossover,1,crossover,,maximum_distractor_speed|cluster_dist|brake_dist,1,1,0,2,0,0,20.0,20.0,15.0,55.0,2,280,284.1934814453125,11.310681722419602,,out_of_road
3309,fresh,3,fresh,,,0,1,1,4,1,1,15.0,5.0,15.0,55.0,3,169,64.60211181640625,4.771929836484808,,out_of_road
3310,mutation,5,mutation,distractor_cars,,1,0,0,12,1,0,20.0,10.0,15.0,55.0,3,533,81.42113494873047,1.628066748604318,,out_of_road
3311,fresh,5,fresh,,,0,0,0,12,0,1,5.0,5.0,10.0,20.0,2,201,20.565570831298828,1.7495544152658673,,out_of_road
3312,crossover,0,crossover,,distractor_cars|intersection_cars|has_cluster|distance_to_nearest|cluster_dist|brake_dist,4,0,0,1,0,1,10.0,20.0,15.0,20.0,0,306,82.95230865478516,1.2098536715398427,,out_of_road
3313,fresh,6,fresh,,,0,1,1,18,0,0,10.0,40.0,5.0,35.0,2,1000,30.84540557861328,0.004773460365831852,,max_step
3314,crossover,1,crossover,,has_cluster|maximum_distractor_speed|cluster_dist|brake_dist,2,0,0,2,0,1,15.0,10.0,5.0,35.0,1,188,115.2774658203125,5.601210997776782,,out_of_road
3315,fresh,0,fresh,,,0,0,0,1,1,0,15.0,40.0,15.0,55.0,0,394,180.72409057617188,3.7952764359714113,,crash_vehicle
3316,replay,0,replay,,,0,0,0,1,1,0,15.0,40.0,15.0,55.0,0,251,190.5370635986328,6.465244777827149,,out_of_road
3317,fresh,5,fresh,,,0,1,1,12,0,1,20.0,5.0,5.0,10.0,0,1000,4.501054763793945,0.03587598891556263,,max_step
3318,mutation,3,mutation,distance_to_nearest,,1,1,1,4,0,0,20.0,40.0,10.0,35.0,3,58,12.628021240234375,0.21360543678546773,,out_of_road
3319,fresh,1,fresh,,,0,1,1,2,1,1,10.0,5.0,5.0,35.0,1,187,42.08009719848633,1.3939226725422602,,out_of_road
3320,mutation,1,mutation,has_brake_checker,,1,1,0,2,1,1,10.0,5.0,10.0,20.0,2,277,116.23124694824219,3.2309905066817244,,out_of_road
3321,fresh,3,fresh,,,0,0,0,5,1,0,5.0,5.0,15.0,35.0,3,1000,2.666954517364502,7.040857523679733e-05,,max_step
3322,crossover,0,crossover,,distractor_cars|maximum_distractor_speed|distance_to_nearest|brake_dist,3,0,0,1,1,0,10.0,5.0,5.0,35.0,1,436,191.8499298095703,2.9499303294226116,,out_of_road
3323,fresh,1,fresh,,,0,0,0,2,0,0,15.0,5.0,15.0,35.0,2,307,222.38909912109375,5.84132762432875,,out_of_road
3324,replay,1,replay,,,0,0,0,2,0,0,15.0,5.0,15.0,35.0,2,156,83.14468383789062,1.514963570313576,,out_of_road
3325,fresh,0,fresh,,,0,0,0,1,1,1,15.0,10.0,5.0,20.0,1,477,66.0296401977539,0.6203831772884233,,crash_vehicle
3326,replay,0,replay,,,0,0,0,1,1,1,15.0,10.0,5.0,20.0,1,327,118.58241271972656,2.725257414606733,,out_of_road
3327,fresh,0,fresh,,,0,0,0,0,0,0,10.0,5.0,5.0,20.0,0,37,2.1011791229248047,0.0556971060263144,rejection_fallback,out_of_road
3328,replay,0,replay,,,0,0,0,0,0,0,10.0,5.0,5.0,20.0,0,44,-0.2306809425354004,0.08882083235816522,,out_of_road
3329,fresh,5,fresh,,,0,0,0,12,1,0,20.0,20.0,10.0,55.0,3,116,34.41404342651367,1.1295749717231454,,out_of_road
3330,mutation,5,mutation,select_road|select_lane|ego_on_intersection|intersection_has_cars,,1,0,0,12,0,0,20.0,5.0,10.0,20.0,3,1000,0.448643296957016,0.012762066051363945,,max_step
3331,fresh,4,fresh,,,0,1,1,8,0,1,10.0,40.0,10.0,55.0,3,1000,53.805511474609375,0.2536204193904996,,max_step
3332,mutation,2,mutation,brake_dist,,0,0,0,3,1,0,20.0,40.0,10.0,55.0,1,102,36.54716491699219,0.28159645440823894,,out_of_road
3333,fresh,3,fresh,,,0,0,0,4,1,1,15.0,10.0,5.0,35.0,1,1000,8.220551490783691,0.018869305718690155,,max_step
3334,replay,3,replay,,,0,0,0,4,1,1,15.0,10.0,5.0,35.0,1,260,179.90098571777344,5.414777284172865,,out_of_road
3335,fresh,1,fresh,,,0,1,1,2,0,1,10.0,20.0,15.0,20.0,2,93,24.945697784423828,0.31545477015997775,,out_of_road
3336,crossover,0,crossover,,select_lane|ego_on_intersection|intersection_has_cars|distractor_cars|has_brake_checker|maximum_distractor_speed,5,1,1,0,1,0,20.0,5.0,5.0,20.0,0,109,39.648128509521484,1.3207666726287353,,out_of_road
3337,fresh,5,fresh,,,0,1,1,12,0,0,20.0,20.0,10.0,35.0,1,112,44.68203353881836,1.7840791180995959,,out_of_road
3338,crossover,1,crossover,,distractor_cars|distance_to_nearest|cluster_dist|brake_dist,1,0,0,2,1,0,20.0,20.0,10.0,35.0,0,63,3.9622201919555664,0.3440375290219746,,out_of_road
3339,fresh,0,fresh,,,0,0,0,0,0,0,10.0,5.0,5.0,20.0,0,54,3.142364501953125,0.07219245257201018,rejection_fallback,out_of_road
3340,replay,0,replay,,,0,0,0,0,0,0,10.0,5.0,5.0,20.0,0,409,143.187744140625,2.541832158829297,,out_of_road
3341,fresh,6,fresh,,,0,0,0,18,1,0,15.0,40.0,15.0,55.0,2,56,11.123966217041016,0.10236776699977261,,out_of_road
3342,mutation,4,mutation,brake_dist,,1,0,0,8,0,0,10.0,40.0,10.0,20.0,1,2,10.0,4.092506408691406,,arrive_dest
3343,fresh,3,fresh,,,0,1,0,5,1,1,15.0,10.0,15.0,20.0,0,91,2.162047863006592,1.7274599068767422,,out_of_road
3344,crossover,3,crossover,,distractor_cars|has_brake_checker|has_cluster|distance_to_nearest|cluster_dist,4,0,0,5,1,0,20.0,40.0,10.0,55.0,2,131,63.281105041503906,1.4548342019774532,,out_of_road
3345,fresh,6,fresh,,,0,1,0,18,0,1,15.0,40.0,10.0,55.0,0,32,1.2419323921203613,0.47865086793899536,,out_of_road
3346,replay,6,replay,,,0,1,0,18,0,1,15.0,40.0,10.0,55.0,0,156,65.42852783203125,1.384805203248293,,out_of_road
3347,fresh,6,fresh,,,0,0,0,18,1,1,5.0,20.0,10.0,35.0,1,524,15.945209503173828,0.001467699839072373,,crash_vehicle
3348,mutation,3,mutation,cluster_dist,,0,1,0,4,0,0,20.0,5.0,5.0,20.0,1,56,-2.2335267066955566,1.0674243824822562,,out_of_road
3349,fresh,4,fresh,,,0,1,1,8,0,0,10.0,20.0,15.0,35.0,2,287,90.82105255126953,1.4929032229951449,,out_of_road
3350,crossover,0,crossover,,select_lane|ego_on_intersection|intersection_has_cars|distractor_cars|maximum_distractor_speed|distance_to_nearest|cluster_dist,7,0,0,0,0,0,10.0,5.0,5.0,20.0,0,26,-2.131133556365967,0.0,rejection_fallback,out_of_road
3351,fresh,0,fresh,,,0,1,0,1,0,1,5.0,20.0,15.0,20.0,0,1000,41.24095153808594,0.06601460552960635,,max_step
3352,crossover,0,crossover,,select_lane|ego_on_intersection|intersection_has_cars|intersection_cars|has_cluster|maximum_distractor_speed|distance_to_nearest|cluster_dist|brake_dist,8,0,0,1,1,0,10.0,5.0,10.0,20.0,1,160,99.14300537109375,4.310396732878871,,out_of_road
3353,fresh,0,fresh,,,0,1,0,1,1,0,5.0,5.0,15.0,35.0,1,158,71.47828674316406,3.0049628514466407,,crash_vehicle
3354,crossover,3,crossover,,intersection_cars|has_cluster|distance_to_nearest|cluster_dist|brake_dist,4,1,0,5,1,1,15.0,40.0,5.0,55.0,1,41,1.9386935234069824,0.2499778794079292,,out_of_road
3355,fresh,5,fresh,,,0,0,0,12,0,1,15.0,10.0,15.0,20.0,1,60,5.362588882446289,1.2512512827912967,,out_of_road
3356,replay,5,replay,,,0,0,0,12,0,1,15.0,10.0,15.0,20.0,1,90,10.147425651550293,1.075013867351744,,out_of_road
3357,fresh,2,fresh,,,0,1,1,3,0,1,20.0,10.0,15.0,10.0,2,210,77.31990051269531,3.044721999409653,,out_of_road
3358,crossover,3,crossover,,distractor_cars|intersection_cars|maximum_distractor_speed|distance_to_nearest|cluster_dist|brake_dist,5,1,0,5,1,0,20.0,10.0,10.0,20.0,3,300,128.54290771484375,3.698324372222026,,out_of_road
3359,fresh,6,fresh,,,0,1,1,18,1,0,10.0,20.0,15.0,35.0,0,1000,96.68293762207031,0.6167961884960532,,max_step
3360,replay,6,replay,,,0,1,1,18,1,0,10.0,20.0,15.0,35.0,0,46,4.277978897094727,0.35269405530846637,,out_of_road
3361,fresh,1,fresh,,,0,1,1,2,0,1,20.0,10.0,15.0,20.0,1,65,0.7636380195617676,1.3616347019488995,,out_of_road
3362,crossover,4,crossover,,distractor_cars|intersection_cars|has_cluster,1,0,0,8,0,0,10.0,40.0,5.0,20.0,1,69,10.305869102478027,0.33115515587986377,,out_of_road
3363,fresh,1,fresh,,,0,0,0,2,0,0,10.0,20.0,5.0,35.0,2,42,4.242922782897949,0.1201020081837972,,out_of_road
3364,crossover,0,crossover,,select_lane|ego_on_intersection|intersection_has_cars|has_brake_checker|intersection_cars|cluster_dist|brake_dist,4,0,0,0,0,0,20.0,40.0,5.0,20.0,0,43,-1.0432000160217285,0.04610736425532851,,out_of_road
3365,fresh,0,fresh,,,0,0,0,0,1,0,15.0,10.0,10.0,10.0,0,1000,74.22880554199219,0.47209729250334204,,max_step
3366,crossover,2,crossover,,select_lane|ego_on_intersection|intersection_has_cars|intersection_cars|maximum_distractor_speed|distance_to_nearest|brake_dist,6,1,1,3,1,0,15.0,10.0,5.0,20.0,2,1000,9.209197998046875,0.02417406203970313,,max_step
3367,fresh,3,fresh,,,0,1,0,4,1,1,20.0,5.0,5.0,55.0,1,567,184.25201416015625,2.8944689940786024,,out_of_road
3368,replay,3,replay,,,0,1,0,4,1,1,20.0,5.0,5.0,55.0,1,214,133.41725158691406,5.573868054652882,,out_of_road
3369,fresh,6,fresh,,,0,1,1,18,1,1,20.0,5.0,5.0,55.0,3,707,66.3564224243164,0.6227058950650916,,arrive_dest
3370,mutation,3,mutation,select_road|select_lane|ego_on_intersection|intersection_has_cars,,3,1,1,4,0,0,15.0,20.0,5.0,35.0,2,134,53.151702880859375,2.042018004317782,,crash_vehicle
3371,fresh,3,fresh,,,0,1,0,5,0,1,5.0,20.0,15.0,10.0,1,78,17.79597282409668,0.6682594185456251,,crash_vehicle
3372,replay,3,replay,,,0,1,0,5,0,1,5.0,20.0,15.0,10.0,1,168,67.64347076416016,1.399952751007818,,out_of_road
3373,fresh,6,fresh,,,0,0,0,18,0,1,15.0,20.0,15.0,20.0,2,65,20.931392669677734,1.273892692419199,,crash_vehicle
3374,crossover,3,crossover,,distractor_cars|has_cluster|distance_to_nearest,3,1,1,4,0,0,20.0,20.0,15.0,55.0,3,107,37.04338836669922,1.4151901856204059,,out_of_road
3375,fresh,4,fresh,,,0,0,0,8,0,1,10.0,10.0,5.0,55.0,3,1000,15.3002290725708,0.001925627026706934,,max_step
3376,crossover,0,crossover,,select_lane|ego_on_intersection|intersection_has_cars|intersection_cars|has_cluster|distance_to_nearest|cluster_dist,3,0,0,0,0,0,15.0,5.0,5.0,55.0,0,38,2.178712844848633,0.18781245382208572,,out_of_road
3377,fresh,3,fresh,,,0,1,0,4,1,1,10.0,20.0,5.0,35.0,1,1000,19.1767578125,0.015087329424917698,,max_step
3378,crossover,3,crossover,,distractor_cars|intersection_cars|has_cluster|cluster_dist,4,1,1,4,1,0,15.0,40.0,15.0,55.0,3,114,48.00016403198242,1.1633300070177044,,out_of_road
3379,fresh,1,fresh,,,0,1,1,2,0,0,20.0,10.0,5.0,10.0,0,82,7.466944694519043,1.788448939236199,,out_of_road
3380,crossover,3,crossover,,distractor_cars|maximum_distractor_speed|distance_to_nearest|cluster_dist,1,0,0,5,1,1,20.0,40.0,15.0,55.0,3,199,149.07382202148438,6.9058813497648766,,out_of_road
3381,fresh,0,fresh,,,0,1,1,0,0,0,20.0,20.0,10.0,35.0,0,112,50.77509689331055,1.1309800424080874,,out_of_road
3382,crossover,5,crossover,,select_lane|ego_on_intersection|intersection_has_cars|distractor_cars|has_brake_checker|intersection_cars|has_cluster|maximum_distractor_speed|distance_to_nearest|cluster_dist,5,0,0,12,1,0,15.0,10.0,10.0,20.0,3,197,71.07091522216797,2.0646651722301685,,out_of_road
3383,fresh,3,fresh,,,0,0,0,5,1,0,15.0,5.0,5.0,55.0,3,275,58.61199188232422,2.407227833975445,,out_of_road
3384,mutation,1,mutation,distance_to_nearest,,1,0,0,2,1,1,20.0,20.0,10.0,55.0,1,144,72.47405242919922,3.770602109221121,,crash_vehicle
3385,fresh,5,fresh,,,0,0,0,12,1,1,10.0,10.0,15.0,20.0,0,261,207.2907257080078,8.069910443263035,,arrive_dest
3386,replay,5,replay,,,0,0,0,12,1,1,10.0,10.0,15.0,20.0,0,53,22.833599090576172,0.23839726397451363,,arrive_dest
3387,fresh,1,fresh,,,0,1,1,2,0,1,20.0,5.0,10.0,55.0,0,2,10.0,0.0,,arrive_dest
3388,replay,1,replay,,,0,1,1,2,0,1,20.0,5.0,10.0,55.0,0,138,71.52963256835938,4.205761297025543,,crash_vehicle
3389,fresh,0,fresh,,,0,0,0,0,1,0,10.0,40.0,15.0,35.0,0,96,40.59056091308594,1.9666539803147316,,out_of_road
3390,mutation,0,mutation,distance_to_nearest,,1,0,0,1,0,1,15.0,20.0,10.0,10.0,1,142,77.4482192993164,4.355091259093352,,out_of_road
3391,fresh,3,fresh,,,0,0,0,4,0,1,5.0,10.0,5.0,55.0,0,2,10.0,5.069350242614746,,arrive_dest
3392,replay,3,replay,,,0,0,0,4,0,1,5.0,10.0,5.0,55.0,0,172,87.35108947753906,2.739409821151301,,crash_vehicle
3393,fresh,4,fresh,,,0,0,0,8,0,0,20.0,20.0,5.0,35.0,3,880,289.44793701171875,2.4124428916976535,,out_of_road
3394,replay,4,replay,,,0,0,0,8,0,0,20.0,20.0,5.0,35.0,3,166,107.62931823730469,3.09721888736429,,crash_vehicle
3395,fresh,3,fresh,,,0,0,0,4,0,1,10.0,40.0,5.0,20.0,0,44,1.1705312728881836,0.5097716996784915,,out_of_road
3396,replay,3,replay,,,0,0,0,4,0,1,10.0,40.0,5.0,20.0,0,125,60.21647644042969,4.4305867478847505,,out_of_road
3397,fresh,0,fresh,,,0,1,0,1,0,1,5.0,10.0,10.0,20.0,0,1000,50.23435974121094,0.03880270385742188,,max_step
3398,crossover,0,crossover,,select_lane|ego_on_intersection|intersection_has_cars|distractor_cars|has_brake_checker|distance_to_nearest|cluster_dist|brake_dist,6,0,0,0,0,0,10.0,5.0,5.0,20.0,0,247,191.69717407226562,6.960357891644543,,out_of_road
3399,fresh,2,fresh,,,0,1,0,3,0,1,10.0,40.0,5.0,55.0,0,1000,46.020023345947266,0.2246631951490417,,max_step
3400,replay,2,replay,,,0,1,0,3,0,1,10.0,40.0,5.0,55.0,0,193,155.76419067382812,7.473129944943394,,out_of_road
3401,fresh,5,fresh,,,0,0,0,12,1,1,10.0,20.0,5.0,55.0,1,1000,24.736854553222656,0.04420301598310471,,max_step
3402,replay,5,replay,,,0,0,0,12,1,1,10.0,20.0,5.0,55.0,1,191,120.5750961303711,5.656346960217541,,out_of_road
3403,fresh,0,fresh,,,0,0,0,1,1,1,15.0,20.0,10.0,35.0,0,1000,62.17228698730469,0.05565141337737441,,max_step
3404,crossover,2,crossover,,select_lane|ego_on_intersection|intersection_has_cars|maximum_distractor_speed|distance_to_nearest|cluster_dist|brake_dist,4,1,0,3,0,0,15.0,5.0,15.0,20.0,2,398,1.9588847160339355,0.009576758940765007,,crash_vehicle
3405,fresh,0,fresh,,,0,1,0,0,1,0,5.0,5.0,15.0,20.0,0,110,51.62472915649414,1.765230823646892,,crash_vehicle
3406,mutation,3,mutation,cluster_dist,,0,0,0,4,1,0,20.0,20.0,5.0,35.0,0,127,50.59754943847656,1.2486819887724447,,crash_vehicle
3407,fresh,2,fresh,,,0,0,0,3,1,0,5.0,5.0,15.0,20.0,0,484,82.65597534179688,0.9134914272480206,,crash_vehicle
3408,replay,2,replay,,,0,0,0,3,1,0,5.0,5.0,15.0,20.0,0,108,45.95672607421875,1.2087104585435655,,crash_vehicle
3409,fresh,2,fresh,,,0,1,0,3,0,1,15.0,40.0,15.0,10.0,1,124,58.36869812011719,3.1797968338453964,,out_of_road
3410,crossover,1,crossover,,select_lane|ego_on_intersection|intersection_has_cars|distractor_cars|has_brake_checker|intersection_cars|has_cluster|brake_dist,5,1,1,2,0,0,20.0,20.0,10.0,20.0,2,259,178.4148712158203,4.094316961797508,,out_of_road
3411,fresh,0,fresh,,,0,1,1,1,1,1,20.0,40.0,10.0,55.0,1,137,87.55179595947266,2.719553017703286,,crash_vehicle
3412,crossover,1,crossover,,distractor_cars|has_brake_checker|has_cluster|maximum_distractor_speed|distance_to_nearest|cluster_dist,0,0,0,2,1,0,20.0,20.0,10.0,55.0,0,99,41.56388854980469,1.0582480048290406,,crash_vehicle
3413,fresh,0,fresh,,,0,0,0,0,1,0,10.0,10.0,15.0,20.0,0,1000,48.387176513671875,0.19779568862356245,,max_step
3414,mutation,5,mutation,brake_dist,,0,1,1,12,1,0,15.0,10.0,10.0,55.0,1,149,16.614290237426758,0.42399416993928435,,crash_vehicle
3415,fresh,3,fresh,,,0,0,0,4,1,0,5.0,40.0,10.0,55.0,3,86,37.37278366088867,0.8176660302073456,,crash_vehicle
3416,crossover,3,crossover,,select_lane|ego_on_intersection|intersection_has_cars|distractor_cars|has_brake_checker|has_cluster|maximum_distractor_speed|distance_to_nearest|brake_dist,6,1,0,5,1,0,15.0,20.0,5.0,35.0,1,229,100.96742248535156,2.704828989557824,,out_of_road
3417,fresh,3,fresh,,,0,0,0,5,0,0,5.0,20.0,5.0,35.0,1,72,-0.779667854309082,0.0,,crash_vehicle
3418,crossover,3,crossover,,distractor_cars|has_brake_checker|maximum_distractor_speed|distance_to_nearest|cluster_dist|brake_dist,5,0,0,4,0,0,20.0,40.0,15.0,35.0,2,188,119.50730895996094,2.519413368895333,,out_of_road
3419,fresh,1,fresh,,,0,0,0,2,0,1,5.0,10.0,10.0,35.0,1,1000,180.34402465820312,0.42382861783355474,,max_step
3420,mutation,6,mutation,maximum_distractor_speed,,1,1,1,18,0,0,10.0,10.0,10.0,20.0,3,107,44.243804931640625,1.0190626282558264,,arrive_dest
3421,fresh,5,fresh,,,0,1,0,12,0,1,10.0,10.0,10.0,10.0,0,418,-0.742091178894043,0.061122998113980136,,out_of_road
3422,mutation,5,mutation,has_cluster,,1,1,1,12,0,1,15.0,10.0,10.0,20.0,0,82,11.120246887207031,0.9575950834082394,,out_of_road
3423,fresh,3,fresh,,,0,0,0,4,0,0,10.0,5.0,5.0,20.0,2,223,91.20829772949219,2.82653523330063,,out_of_road
3424,replay,3,replay,,,0,0,0,4,0,0,10.0,5.0,5.0,20.0,2,187,87.56474304199219,2.4326824958630424,,out_of_road
3425,fresh,0,fresh,,,0,0,0,0,0,0,5.0,40.0,15.0,35.0,0,134,36.80487823486328,4.229241958749828,,out_of_road
3426,crossover,6,crossover,,has_cluster|brake_dist,2,0,0,18,0,1,15.0,40.0,15.0,20.0,2,108,33.68940734863281,1.153436709333349,,out_of_road
3427,fresh,3,fresh,,,0,1,0,5,1,0,15.0,10.0,5.0,20.0,0,309,168.65695190429688,4.356096440727271,,out_of_road
3428,mutation,3,mutation,has_brake_checker,,2,0,0,4,1,0,10.0,10.0,10.0,20.0,2,234,65.02710723876953,2.2818896683872256,,out_of_road
3429,fresh,4,fresh,,,0,0,0,8,0,1,15.0,20.0,15.0,20.0,2,803,174.20726013183594,1.7452306101657682,,out_of_road
3430,crossover,5,crossover,,select_lane|ego_on_intersection|intersection_has_cars|distractor_cars|has_brake_checker|intersection_cars|cluster_dist|brake_dist,7,1,1,12,0,1,15.0,10.0,5.0,10.0,3,1000,13.67100715637207,0.09409531903266907,,max_step
3431,fresh,5,fresh,,,0,0,0,12,0,0,15.0,40.0,15.0,35.0,2,111,51.30767822265625,0.8028674678759532,,out_of_road
3432,crossover,1,crossover,,distance_to_nearest|cluster_dist,1,1,0,2,0,1,20.0,20.0,10.0,35.0,1,308,156.82177734375,3.8433072826788797,,out_of_road
3433,fresh,3,fresh,,,0,0,0,5,1,1,10.0,40.0,10.0,55.0,0,1000,37.200687408447266,0.049993029470555485,,max_step
3434,crossover,0,crossover,,distractor_cars|intersection_cars|distance_to_nearest|cluster_dist,1,1,1,0,0,0,5.0,10.0,5.0,10.0,0,193,106.61904907226562,4.1779210523465755,,out_of_road
3435,fresh,3,fresh,,,0,1,0,5,1,0,20.0,20.0,15.0,35.0,1,117,29.806697845458984,0.6684288244981033,,out_of_road
3436,mutation,0,mutation,has_cluster,,0,1,1,0,1,0,20.0,40.0,5.0,10.0,0,1000,40.74092102050781,0.2552480379343033,,max_step
3437,fresh,0,fresh,,,0,1,0,0,1,0,15.0,20.0,10.0,10.0,0,170,48.76930236816406,2.5531226050327804,,out_of_road
3438,replay,0,replay,,,0,1,0,0,1,0,15.0,20.0,10.0,10.0,0,81,5.432429313659668,2.417974946675477,,out_of_road
3439,fresh,4,fresh,,,0,0,0,8,1,1,20.0,5.0,10.0,20.0,2,390,0.29903173446655273,0.03995008254662538,,out_of_road
3440,replay,4,replay,,,0,0,0,8,1,1,20.0,5.0,10.0,20.0,2,1000,39.482208251953125,0.34115929164364933,,max_step
3441,fresh,0,fresh,,,0,0,0,0,0,0,10.0,5.0,5.0,20.0,0,102,24.554683685302734,2.701360405075784,rejection_fallback,out_of_road
3442,mutation,5,mutation,has_brake_checker,,0,0,0,12,1,0,15.0,20.0,5.0,35.0,1,1000,18.83425521850586,0.018472007252275945,,max_step
3443,fresh,6,fresh,,,0,1,0,18,0,1,20.0,5.0,15.0,20.0,2,153,38.789154052734375,2.914902536697637,,out_of_road
3444,replay,6,replay,,,0,1,0,18,0,1,20.0,5.0,15.0,20.0,2,7,10.30643367767334,0.0,,arrive_dest
3445,fresh,4,fresh,,,0,1,0,8,1,0,10.0,5.0,15.0,20.0,1,50,-4.487435340881348,0.0,,crash_vehicle
3446,mutation,3,mutation,distractor_cars,,1,1,1,5,1,0,20.0,40.0,15.0,55.0,2,79,28.536094665527344,0.21062471896787233,,out_of_road
3447,fresh,5,fresh,,,0,0,0,12,0,1,10.0,20.0,5.0,35.0,1,1000,19.118812561035156,0.07704018148779869,,max_step
3448,mutation,2,mutation,maximum_distractor_speed,,1,1,1,3,0,1,10.0,40.0,15.0,20.0,3,154,68.39476013183594,1.2133107315023224,,out_of_road
3449,fresh,4,fresh,,,0,0,0,8,0,0,15.0,20.0,5.0,35.0,2,1000,211.8055419921875,1.5002517789527774,,max_step
3450,crossover,0,crossover,,select_lane|ego_on_intersection|intersection_has_cars|has_brake_checker|intersection_cars|has_cluster|maximum_distractor_speed|distance_to_nearest|cluster_dist|brake_dist,7,0,0,0,0,0,10.0,20.0,15.0,55.0,0,45,4.576733589172363,0.36556080612871383,,out_of_road
3451,fresh,0,fresh,,,0,1,0,0,0,0,15.0,40.0,5.0,20.0,0,105,36.52814483642578,1.3473110017322358,,out_of_road
3452,crossover,3,crossover,,select_lane|ego_on_intersection|intersection_has_cars|distractor_cars|has_cluster|distance_to_nearest,2,0,0,5,1,0,20.0,40.0,15.0,55.0,3,37,1.9532556533813477,0.0,,out_of_road
3453,fresh,0,fresh,,,0,0,0,0,1,0,5.0,40.0,15.0,55.0,0,29,-1.412876844406128,0.0,,out_of_road
3454,crossover,3,crossover,,select_lane|ego_on_intersection|intersection_has_cars|distractor_cars|has_brake_checker|has_cluster|maximum_distractor_speed|distance_to_nearest|cluster_dist|brake_dist,5,1,1,5,0,0,15.0,20.0,10.0,35.0,0,176,68.65863800048828,1.9176076628606429,,out_of_road
3455,fresh,0,fresh,,,0,0,0,0,0,0,10.0,5.0,5.0,20.0,0,273,118.00202941894531,2.1822195314553197,rejection_fallback,out_of_road
3456,mutation,3,mutation,has_brake_checker,,1,0,0,5,0,1,20.0,40.0,15.0,55.0,3,33,0.8947033882141113,0.549724463260535,,out_of_road
3457,fresh,1,fresh,,,0,1,1,2,1,0,15.0,40.0,10.0,55.0,2,239,88.61441040039062,1.0249414842996638,,crash_vehicle
3458,mutation,0,mutation,cluster_dist,,1,1,1,0,1,0,5.0,10.0,5.0,20.0,0,36,0.34958553314208984,0.39118263456556535,,out_of_road
3459,fresh,3,fresh,,,0,0,0,4,0,0,20.0,40.0,5.0,55.0,2,49,5.184067726135254,0.5113732790460392,,out_of_road
3460,replay,3,replay,,,0,0,0,4,0,0,20.0,40.0,5.0,55.0,2,177,49.88123321533203,1.0895078747959461,,out_of_road
3461,fresh,0,fresh,,,0,1,0,0,0,0,15.0,40.0,5.0,55.0,0,113,30.360992431640625,0.08904016914620863,,out_of_road
3462,mutation,0,mutation,distractor_cars,,2,0,0,1,1,1,20.0,40.0,15.0,55.0,1,51,1.3236784934997559,0.7142526589187921,,out_of_road
3463,fresh,1,fresh,,,0,0,0,2,0,1,20.0,40.0,10.0,10.0,1,143,45.0282096862793,0.6037446862750954,,out_of_road
3464,mutation,5,mutation,intersection_cars,,0,1,1,12,1,0,5.0,10.0,10.0,55.0,2,1000,18.721290588378906,0.03063873502612114,,max_step
3465,fresh,3,fresh,,,0,1,0,5,1,0,20.0,40.0,5.0,55.0,0,49,3.835789680480957,0.3941245954863879,,out_of_road
3466,mutation,1,mutation,select_road|select_lane|ego_on_intersection|intersection_has_cars,,2,0,0,2,0,1,20.0,5.0,5.0,55.0,2,68,10.947735786437988,1.3341808161314797,,crash_vehicle
3467,fresh,5,fresh,,,0,0,0,12,0,0,5.0,40.0,5.0,10.0,1,224,51.13176345825195,1.204235580758125,,crash_vehicle
3468,replay,5,replay,,,0,0,0,12,0,0,5.0,40.0,5.0,10.0,1,161,61.242149353027344,1.0969668890563598,,out_of_road
3469,fresh,0,fresh,,,0,1,0,1,1,0,15.0,10.0,15.0,35.0,1,109,42.686241149902344,0.3363578324334337,,crash_vehicle
3470,replay,0,replay,,,0,1,0,1,1,0,15.0,10.0,15.0,35.0,1,80,21.336044311523438,0.3498859599232674,,out_of_road
3471,fresh,4,fresh,,,0,0,0,8,0,1,10.0,20.0,10.0,55.0,0,1000,16.788227081298828,0.02069630150869489,,max_step
3472,crossover,2,crossover,,select_lane|ego_on_intersection|intersection_has_cars|distractor_cars|has_brake_checker|intersection_cars|maximum_distractor_speed|distance_to_nearest,3,1,1,3,0,1,20.0,10.0,15.0,10.0,2,54,0.6393575668334961,0.05717395411597358,,out_of_road
3473,fresh,1,fresh,,,0,1,0,2,1,1,15.0,20.0,15.0,55.0,0,494,138.7855987548828,1.9758212304248017,,out_of_road
3474,mutation,3,mutation,distractor_cars,,1,1,1,4,0,1,15.0,20.0,5.0,20.0,1,55,4.005679130554199,0.25490285700017756,,crash_vehicle
3475,fresh,6,fresh,,,0,1,1,18,0,1,15.0,5.0,15.0,10.0,2,125,32.48162078857422,1.805633764743805,,crash_vehicle
3476,mutation,3,mutation,maximum_distractor_speed,,1,1,0,4,0,0,15.0,5.0,15.0,10.0,1,1000,1.4567430019378662,0.005678654372692108,,max_step
3477,fresh,5,fresh,,,0,1,1,12,0,1,5.0,10.0,5.0,35.0,2,1000,16.764616012573242,0.024039256982505322,,max_step
3478,crossover,0,crossover,,distractor_cars|intersection_cars|has_cluster|maximum_distractor_speed|cluster_dist|brake_dist,2,0,0,1,0,0,15.0,10.0,15.0,55.0,1,91,30.764324188232422,0.5434266282961919,,out_of_road
3479,fresh,5,fresh,,,0,0,0,12,1,0,10.0,20.0,10.0,35.0,0,1000,21.125591278076172,0.019711811542510987,,max_step
3480,crossover,2,crossover,,select_lane|ego_on_intersection|intersection_has_cars|distractor_cars|intersection_cars|distance_to_nearest|cluster_dist,2,0,0,3,1,0,5.0,20.0,5.0,55.0,0,219,69.50544738769531,2.0033021626407153,,out_of_road
3481,fresh,1,fresh,,,0,1,0,2,1,0,20.0,20.0,10.0,35.0,2,113,42.93821716308594,0.7243980588638677,,out_of_road
3482,mutation,5,mutation,brake_dist,,1,1,0,12,0,0,20.0,10.0,10.0,10.0,0,195,49.96977996826172,2.1456742444863686,,out_of_road
3483,fresh,2,fresh,,,0,1,0,3,1,0,10.0,5.0,5.0,20.0,0,180,43.28948974609375,1.577602563550075,,out_of_road
3484,replay,2,replay,,,0,1,0,3,1,0,10.0,5.0,5.0,20.0,0,165,79.84046173095703,2.7238069801619558,,out_of_road
3485,fresh,3,fresh,,,0,1,1,4,1,1,10.0,40.0,10.0,55.0,0,1000,37.875892639160156,0.05178919643163681,,max_step
3486,mutation,2,mutation,intersection_cars,,1,1,1,3,0,0,10.0,20.0,15.0,20.0,1,102,37.52014923095703,0.9080937259337482,,out_of_road
3487,fresh,0,fresh,,,0,0,0,1,1,1,15.0,5.0,15.0,20.0,1,101,33.21657943725586,3.198261008404269,,out_of_road
3488,replay,0,replay,,,0,0,0,1,1,1,15.0,5.0,15.0,20.0,1,164,77.65213012695312,2.4948243442014224,,out_of_road
3489,fresh,5,fresh,,,0,0,0,12,1,0,5.0,40.0,15.0,55.0,3,1000,32.355934143066406,0.1443362064678222,,max_step
3490,crossover,0,crossover,,select_lane|ego_on_intersection|intersection_has_cars|distractor_cars|intersection_cars|cluster_dist|brake_dist,6,1,0,1,0,0,5.0,40.0,15.0,55.0,1,125,67.95751190185547,4.578112766712904,,out_of_road
3491,fresh,4,fresh,,,0,0,0,8,1,0,15.0,20.0,5.0,35.0,0,519,171.46762084960938,2.8099812489426435,,crash_vehicle
3492,crossover,6,crossover,,select_lane|ego_on_intersection|intersection_has_cars|intersection_cars|has_cluster|cluster_dist,2,1,0,18,0,0,15.0,20.0,5.0,55.0,1,355,101.77704620361328,2.6073806923879705,,crash_vehicle
3493,fresh,0,fresh,,,0,0,0,1,1,1,20.0,20.0,15.0,35.0,1,47,1.9394779205322266,0.3477139412722689,,out_of_road
3494,replay,0,replay,,,0,0,0,1,1,1,20.0,20.0,15.0,35.0,1,161,71.58428192138672,3.901627804366698,,out_of_road
3495,fresh,4,fresh,,,0,1,0,8,0,0,10.0,10.0,10.0,35.0,3,1000,33.03010940551758,0.026798495588824155,,max_step
3496,mutation,5,mutation,has_cluster,,0,0,0,12,0,0,20.0,10.0,10.0,20.0,3,261,173.0073699951172,6.571136378693855,,out_of_road
3497,fresh,0,fresh,,,0,0,0,1,0,1,10.0,5.0,15.0,35.0,1,105,44.47294235229492,3.5157672249135516,,out_of_road
3498,crossover,2,crossover,,select_lane|ego_on_intersection|intersection_has_cars|distractor_cars|intersection_cars|has_cluster,4,1,1,3,0,1,10.0,5.0,15.0,55.0,2,868,37.59597396850586,0.4615409168573569,,out_of_road
3499,fresh,2,fresh,,,0,0,0,3,1,1,15.0,10.0,5.0,20.0,3,922,2.695601463317871,0.0410223682764554,,crash_vehicle
3500,mutation,4,mutation,cluster_dist,,1,0,0,8,1,1,10.0,40.0,5.0,55.0,1,1000,57.614540100097656,0.22391339790076017,,max_step
3501,fresh,1,fresh,,,0,1,0,2,1,1,10.0,10.0,15.0,20.0,2,77,33.8735237121582,0.48269133502012723,,crash_vehicle
3502,mutation,3,mutation,brake_dist,,0,0,0,4,0,1,5.0,20.0,10.0,20.0,1,356,43.8138313293457,0.46603904654052153,,out_of_road
3503,fresh,0,fresh,,,0,0,0,0,0,0,5.0,20.0,10.0,55.0,0,162,109.6639175415039,7.080787675248252,,out_of_road
3504,replay,0,replay,,,0,0,0,0,0,0,5.0,20.0,10.0,55.0,0,156,66.36482238769531,2.925968827918554,,crash_vehicle
3505,fresh,4,fresh,,,0,0,0,8,0,0,5.0,40.0,15.0,35.0,1,189,132.3871612548828,8.28270149041736,,crash_vehicle
3506,mutation,4,mutation,has_brake_checker,,1,0,0,8,0,1,20.0,40.0,5.0,55.0,3,1000,36.4365234375,0.04070452333986759,,max_step
3507,fresh,0,fresh,,,0,1,0,0,0,0,10.0,20.0,10.0,10.0,0,98,48.84128952026367,2.5141873569512856,,out_of_road
3508,replay,0,replay,,,0,1,0,0,0,0,10.0,20.0,10.0,10.0,0,295,214.8507080078125,8.905837912882788,,out_of_road
3509,fresh,3,fresh,,,0,0,0,4,0,0,10.0,20.0,10.0,20.0,0,53,5.154500961303711,0.5078377466437951,,out_of_road
3510,mutation,6,mutation,maximum_distractor_speed,,1,0,0,18,1,0,10.0,40.0,5.0,55.0,2,104,52.41741943359375,2.2218118708294172,,crash_vehicle
3511,fresh,1,fresh,,,0,1,1,2,1,1,10.0,5.0,10.0,20.0,2,462,304.622802734375,7.041130778190248,,out_of_road
3512,mutation,5,mutation,cluster_dist,,1,0,0,12,1,0,10.0,20.0,10.0,55.0,1,1000,34.00886917114258,0.06317664497345686,,max_step
3513,fresh,0,fresh,,,0,0,0,1,1,0,10.0,40.0,5.0,55.0,1,245,193.1896514892578,9.062120628600217,,out_of_road
3514,replay,0,replay,,,0,0,0,1,1,0,10.0,40.0,5.0,55.0,1,202,142.23179626464844,7.275045130217429,,out_of_road
3515,fresh,3,fresh,,,0,0,0,5,1,1,15.0,10.0,10.0,20.0,3,917,-10.514177322387695,0.05419322087012045,,crash_vehicle
3516,replay,3,replay,,,0,0,0,5,1,1,15.0,10.0,10.0,20.0,3,239,169.51881408691406,6.69018302976337,,crash_vehicle
3517,fresh,5,fresh,,,0,1,0,12,1,0,20.0,5.0,5.0,20.0,2,1000,3.159406900405884,0.02396359537169337,,max_step
3518,mutation,4,mutation,distance_to_nearest,,1,0,0,8,0,0,5.0,5.0,15.0,35.0,1,1000,3.3637020587921143,0.00647990421205759,,max_step
3519,fresh,2,fresh,,,0,0,0,3,0,1,5.0,20.0,10.0,10.0,2,1000,42.341426849365234,0.026485955338925123,,max_step
3520,crossover,2,crossover,,select_lane|ego_on_intersection|intersection_has_cars|distractor_cars|intersection_cars|has_cluster|maximum_distractor_speed|distance_to_nearest|brake_dist,7,1,1,3,1,1,10.0,40.0,15.0,55.0,1,100,50.74536895751953,0.48254758477210996,,crash_vehicle
3521,fresh,6,fresh,,,0,0,0,18,1,1,5.0,40.0,15.0,55.0,1,1000,39.874305725097656,0.0714645317378454,,max_step
3522,mutation,4,mutation,select_road|select_lane|ego_on_intersection|intersection_has_cars,,2,1,1,8,1,0,5.0,40.0,10.0,55.0,3,1000,41.69783401489258,0.15429675211012364,,max_step
3523,fresh,4,fresh,,,0,1,0,8,1,1,15.0,40.0,10.0,55.0,3,1000,47.52203369140625,0.050329487934708594,,max_step
3524,replay,4,replay,,,0,1,0,8,1,1,15.0,40.0,10.0,55.0,3,290,207.2228546142578,6.664293776696612,,arrive_dest
3525,fresh,2,fresh,,,0,1,1,3,1,0,10.0,5.0,15.0,35.0,1,1000,5.681092739105225,0.005542713165283203,,max_step
3526,mutation,2,mutation,select_road|select_lane|ego_on_intersection|intersection_has_cars,,1,1,0,3,0,0,10.0,5.0,15.0,55.0,1,1000,84.00303649902344,0.881836561087519,,max_step
3527,fresh,2,fresh,,,0,1,0,3,1,1,15.0,10.0,15.0,20.0,0,77,2.5080161094665527,0.20206523401203094,,out_of_road
3528,crossover,2,crossover,,select_lane|ego_on_intersection|intersection_has_cars|distractor_cars|maximum_distractor_speed|distance_to_nearest|brake_dist,5,0,0,3,1,1,5.0,20.0,10.0,55.0,1,1000,61.447689056396484,0.1293862547017634,,max_step
3529,fresh,0,fresh,,,0,0,0,0,1,0,20.0,10.0,5.0,20.0,0,102,38.59693145751953,0.969009238130906,,out_of_road
3530,crossover,3,crossover,,select_lane|ego_on_intersection|intersection_has_cars|distractor_cars|has_brake_checker|has_cluster|cluster_dist|brake_dist,6,1,0,4,1,1,5.0,20.0,5.0,55.0,3,163,66.4256820678711,2.4123214464977476,,out_of_road
3531,fresh,6,fresh,,,0,0,0,18,1,1,5.0,5.0,15.0,55.0,0,581,50.47998809814453,0.2177667453814548,,out_of_road
3532,replay,6,replay,,,0,0,0,18,1,1,5.0,5.0,15.0,55.0,0,942,273.1483154296875,1.7461695623506976,,crash_vehicle
3533,fresh,0,fresh,,,0,0,0,0,1,0,10.0,10.0,10.0,20.0,0,1000,4.830192565917969,0.017287165090441703,,max_step
3534,mutation,4,mutation,distractor_cars,,1,0,0,8,1,0,15.0,5.0,5.0,35.0,1,200,36.62580490112305,0.9762237880378961,,out_of_road
3535,fresh,0,fresh,,,0,0,0,0,1,0,10.0,40.0,5.0,35.0,0,112,43.21295166015625,3.327066949701735,,out_of_road
3536,crossover,6,crossover,,intersection_cars|distance_to_nearest|cluster_dist,2,0,0,18,1,1,20.0,10.0,10.0,35.0,3,1000,14.538864135742188,0.17005365063250064,,max_step
3537,fresh,4,fresh,,,0,0,0,8,1,1,5.0,40.0,15.0,55.0,3,1000,38.17375564575195,0.04164134904043749,,max_step
3538,crossover,0,crossover,,select_lane|ego_on_intersection|intersection_has_cars|distractor_cars|intersection_cars|has_cluster|maximum_distractor_speed|cluster_dist|brake_dist,4,1,0,0,0,0,10.0,5.0,15.0,20.0,0,39,1.0503764152526855,0.0,,out_of_road
3539,fresh,3,fresh,,,0,0,0,4,1,1,10.0,10.0,10.0,20.0,3,264,81.40137481689453,2.837081483029055,,crash_vehicle
3540,replay,3,replay,,,0,0,0,4,1,1,10.0,10.0,10.0,20.0,3,107,44.64802551269531,1.6364525122063183,,out_of_road
3541,fresh,1,fresh,,,0,1,0,2,0,0,5.0,10.0,10.0,10.0,1,1000,45.078304290771484,0.2564068154231645,,max_step
3542,replay,1,replay,,,0,1,0,2,0,0,5.0,10.0,10.0,10.0,1,94,28.81584930419922,1.4803899564641587,,crash_vehicle
3543,fresh,2,fresh,,,0,1,1,3,0,1,5.0,40.0,5.0,55.0,1,1000,109.65861511230469,0.28907060889154673,,max_step
3544,mutation,0,mutation,distractor_cars,,1,0,0,1,1,1,10.0,40.0,5.0,55.0,1,173,115.25871276855469,4.858261615382454,,crash_vehicle
3545,fresh,3,fresh,,,0,1,0,4,0,0,20.0,10.0,15.0,35.0,2,102,33.40245056152344,1.305329564739676,,out_of_road
3546,replay,3,replay,,,0,1,0,4,0,0,20.0,10.0,15.0,35.0,2,171,63.16941833496094,3.0894813914048043,,out_of_road
3547,fresh,4,fresh,,,0,0,0,8,1,0,10.0,10.0,10.0,20.0,1,1000,7.1151957511901855,0.02892898253723979,,max_step
3548,crossover,5,crossover,,select_lane|ego_on_intersection|intersection_has_cars|distractor_cars|has_brake_checker|intersection_cars|has_cluster|cluster_dist,3,0,0,12,0,1,15.0,5.0,10.0,35.0,2,183,-5.033986568450928,0.01066347549521858,,crash_vehicle
3549,fresh,4,fresh,,,0,0,0,8,0,0,15.0,5.0,15.0,55.0,3,1000,3.414520025253296,0.14494880279153585,,max_step
3550,crossover,3,crossover,,distractor_cars|has_cluster|cluster_dist|brake_dist,1,0,0,4,1,0,20.0,10.0,5.0,55.0,0,62,2.73459529876709,1.1378005896845171,,out_of_road
3551,fresh,0,fresh,,,0,0,0,0,0,0,5.0,20.0,15.0,35.0,0,112,56.8848762512207,2.345440149307251,,out_of_road
3552,mutation,6,mutation,maximum_distractor_speed,,1,0,0,18,1,0,15.0,20.0,10.0,35.0,0,207,21.407873153686523,0.6873829880198419,,crash_vehicle
3553,fresh,0,fresh,,,0,1,0,1,1,0,20.0,5.0,5.0,35.0,1,103,56.57791519165039,2.0281083358144296,,arrive_dest
3554,replay,0,replay,,,0,1,0,1,1,0,20.0,5.0,5.0,35.0,1,45,4.417699813842773,0.903804189629025,,out_of_road
3555,fresh,2,fresh,,,0,1,1,3,1,0,20.0,20.0,5.0,35.0,2,105,35.67235565185547,0.3192689421631041,,out_of_road
3556,mutation,6,mutation,has_brake_checker,,0,0,0,18,1,0,15.0,20.0,10.0,55.0,1,67,0.6572799682617188,0.17422228073006246,,out_of_road
3557,fresh,6,fresh,,,0,1,1,18,0,1,5.0,5.0,5.0,20.0,3,1000,6.082993984222412,0.0514836896955967,,max_step
3558,replay,6,replay,,,0,1,1,18,0,1,5.0,5.0,5.0,20.0,3,261,114.58941650390625,3.4783119419411226,,out_of_road
3559,fresh,1,fresh,,,0,1,1,2,0,0,5.0,10.0,15.0,55.0,2,80,39.93517303466797,0.6138536471873521,,out_of_road
3560,crossover,1,crossover,,distractor_cars|has_brake_checker|maximum_distractor_speed|distance_to_nearest,0,0,0,2,0,0,5.0,20.0,5.0,10.0,2,79,31.86282730102539,1.5250884984867483,,out_of_road
3561,fresh,3,fresh,,,0,0,0,4,1,1,5.0,40.0,10.0,55.0,3,408,164.3807830810547,3.3581048743434105,,out_of_road
3562,crossover,0,crossover,,has_brake_checker|intersection_cars|cluster_dist|brake_dist,3,0,0,1,0,0,10.0,40.0,10.0,10.0,1,19,-5.11941385269165,0.0,,out_of_road
3563,fresh,0,fresh,,,0,0,0,1,0,0,5.0,10.0,5.0,20.0,1,107,47.388023376464844,1.8180602004873418,,out_of_road
3564,crossover,3,crossover,,select_lane|ego_on_intersection|intersection_has_cars|has_cluster|maximum_distractor_speed|cluster_dist,5,1,1,4,0,0,20.0,20.0,5.0,35.0,2,47,3.553877830505371,0.5048990909089434,,out_of_road
3565,fresh,6,fresh,,,0,1,0,18,0,1,5.0,5.0,10.0,20.0,2,1000,2.257768392562866,0.11230656549334526,,max_step
3566,mutation,2,mutation,distance_to_nearest,,0,1,1,3,0,1,15.0,40.0,15.0,20.0,3,99,44.644493103027344,3.2635140257953394,,out_of_road
3567,fresh,1,fresh,,,0,1,1,2,1,1,15.0,10.0,5.0,20.0,1,158,49.42062759399414,1.738364915540324,,out_of_road
3568,replay,1,replay,,,0,1,1,2,1,1,15.0,10.0,5.0,20.0,1,147,59.77699279785156,4.015898457088438,,crash_vehicle
3569,fresh,2,fresh,,,0,0,0,3,0,0,15.0,10.0,5.0,10.0,0,134,45.476707458496094,1.7614155469545678,,out_of_road
3570,crossover,2,crossover,,distractor_cars|has_brake_checker|intersection_cars|has_cluster|maximum_distractor_speed|distance_to_nearest|cluster_dist,3,0,0,3,1,1,20.0,40.0,5.0,55.0,0,44,4.349925994873047,0.20120445977557788,,out_of_road
3571,fresh,6,fresh,,,0,1,1,18,0,1,20.0,20.0,5.0,55.0,2,1000,17.267614364624023,0.020716379277408124,,max_step
3572,replay,6,replay,,,0,1,1,18,0,1,20.0,20.0,5.0,55.0,2,181,124.81008911132812,5.890530761434229,,crash_vehicle
3573,fresh,3,fresh,,,0,0,0,5,0,0,10.0,40.0,5.0,20.0,3,22,-6.336512088775635,0.0,,out_of_road
3574,mutation,6,mutation,intersection_cars,,1,1,0,18,1,0,10.0,5.0,10.0,35.0,3,652,198.299072265625,1.9971010403056269,,out_of_road
3575,fresh,6,fresh,,,0,1,1,18,1,1,20.0,5.0,10.0,35.0,1,1000,4.696263790130615,0.029069283455610277,,max_step
3576,crossover,4,crossover,,distractor_cars|has_brake_checker|intersection_cars|distance_to_nearest|cluster_dist,1,0,0,8,1,0,20.0,40.0,10.0,55.0,1,228,203.8830108642578,9.507229594807876,,out_of_road
3577,fresh,2,fresh,,,0,1,1,3,1,1,5.0,10.0,10.0,35.0,0,445,80.2583999633789,0.8997001658162375,,out_of_road
3578,replay,2,replay,,,0,1,1,3,1,1,5.0,10.0,10.0,35.0,0,125,66.5368881225586,4.022234979391098,,out_of_road
3579,fresh,2,fresh,,,0,0,0,3,1,1,20.0,10.0,15.0,35.0,1,1000,25.55540657043457,0.19031001958996058,,max_step
3580,replay,2,replay,,,0,0,0,3,1,1,20.0,10.0,15.0,35.0,1,253,114.33395385742188,3.7435745185778546,,crash_vehicle
3581,fresh,3,fresh,,,0,0,0,4,0,1,5.0,5.0,5.0,20.0,3,449,69.52635955810547,0.6954350221927023,,out_of_road
3582,replay,3,replay,,,0,0,0,4,0,1,5.0,5.0,5.0,20.0,3,153,56.824222564697266,2.2500523332676856,,out_of_road
3583,fresh,0,fresh,,,0,1,1,1,0,1,5.0,10.0,15.0,55.0,1,133,70.18206024169922,4.033455682204182,,out_of_road
3584,crossover,5,crossover,,has_brake_checker|intersection_cars|distance_to_nearest|brake_dist,0,0,0,12,0,0,20.0,10.0,10.0,20.0,3,262,188.41909790039062,6.418790325948983,,out_of_road
3585,fresh,5,fresh,,,0,0,0,12,1,0,20.0,20.0,15.0,55.0,2,147,98.792724609375,6.983550889962385,,out_of_road
3586,replay,5,replay,,,0,0,0,12,1,0,20.0,20.0,15.0,55.0,2,216,117.67843627929688,5.008304456938748,,out_of_road
3587,fresh,2,fresh,,,0,1,0,3,1,0,15.0,20.0,5.0,35.0,0,222,188.12962341308594,8.339659817852416,,out_of_road
3588,crossover,4,crossover,,distractor_cars|intersection_cars|distance_to_nearest|cluster_dist|brake_dist,4,1,1,8,1,0,10.0,40.0,10.0,55.0,1,42,6.306618690490723,0.6426852068730763,,out_of_road
3589,fresh,2,fresh,,,0,0,0,3,1,0,20.0,40.0,15.0,55.0,0,272,134.4236297607422,4.0705804477774485,,out_of_road
3590,replay,2,replay,,,0,0,0,3,1,0,20.0,40.0,15.0,55.0,0,161,42.208290100097656,2.0849775471117185,,crash_vehicle
3591,fresh,0,fresh,,,0,1,1,0,0,0,20.0,20.0,15.0,10.0,0,84,37.648399353027344,1.9618623824346633,,out_of_road
3592,mutation,4,mutation,brake_dist,,1,0,0,8,0,0,15.0,40.0,15.0,10.0,3,67,21.333314895629883,0.47785865237463765,,crash_vehicle
3593,fresh,0,fresh,,,0,0,0,0,1,0,5.0,10.0,10.0,20.0,0,98,42.014732360839844,3.2084321575049235,,out_of_road
3594,crossover,1,crossover,,has_cluster|maximum_distractor_speed|cluster_dist,2,0,0,2,1,1,10.0,10.0,10.0,35.0,0,1000,27.398258209228516,0.06446138833090663,,max_step
3595,fresh,4,fresh,,,0,0,0,8,0,0,15.0,40.0,5.0,55.0,3,45,5.936613082885742,0.5097072548336453,,out_of_road
3596,replay,4,replay,,,0,0,0,8,0,0,15.0,40.0,5.0,55.0,3,114,62.53124237060547,2.6410225289955473,,crash_vehicle
3597,fresh,3,fresh,,,0,1,0,4,1,0,10.0,20.0,15.0,55.0,2,263,100.13937377929688,2.226688412347447,,out_of_road
3598,crossover,0,crossover,,select_lane|ego_on_intersection|intersection_has_cars|has_cluster|distance_to_nearest|cluster_dist|brake_dist,5,0,0,1,0,0,20.0,5.0,10.0,20.0,1,218,172.27456665039062,8.682936467982213,,out_of_road
3599,fresh,4,fresh,,,0,0,0,8,1,0,10.0,5.0,5.0,35.0,1,91,4.041835784912109,0.8344458230249174,,out_of_road
3600,crossover,1,crossover,,select_lane|ego_on_intersection|intersection_has_cars|distractor_cars|has_brake_checker|has_cluster|cluster_dist|brake_dist,5,0,0,2,1,0,20.0,20.0,10.0,55.0,2,136,71.7261734008789,1.4696548656176995,,out_of_road
3601,fresh,3,fresh,,,0,0,0,4,1,1,5.0,10.0,10.0,20.0,0,1000,19.525754928588867,0.04240555942803621,,max_step
3602,crossover,3,crossover,,select_lane|ego_on_intersection|intersection_has_cars|maximum_distractor_speed|distance_to_nearest,4,1,1,5,0,0,10.0,40.0,10.0,20.0,3,144,77.91348266601562,1.5977394880933895,,out_of_road
3603,fresh,0,fresh,,,0,0,0,0,1,0,5.0,20.0,5.0,10.0,0,245,91.6254653930664,3.168650247673599,,out_of_road
3604,crossover,0,crossover,,select_lane|ego_on_intersection|intersection_has_cars|distractor_cars|has_brake_checker|intersection_cars|has_cluster|maximum_distractor_speed|distance_to_nearest|cluster_dist,6,1,0,1,0,0,20.0,5.0,5.0,10.0,0,207,122.96282196044922,5.443845616446601,,out_of_road
3605,fresh,3,fresh,,,0,0,0,4,1,1,5.0,40.0,5.0,55.0,3,39,2.7870426177978516,0.8746966666136032,,out_of_road
3606,mutation,0,mutation,maximum_distractor_speed,,1,1,0,0,0,0,15.0,40.0,10.0,55.0,0,98,47.55936050415039,3.406008228963735,,out_of_road
3607,fresh,3,fresh,,,0,0,0,4,1,0,20.0,5.0,5.0,20.0,0,1000,-0.9501082897186279,0.0013398766173049808,,max_step
3608,replay,3,replay,,,0,0,0,4,1,0,20.0,5.0,5.0,20.0,0,115,47.52280044555664,1.1691816771160002,,out_of_road
3609,fresh,3,fresh,,,0,0,0,4,0,0,10.0,20.0,15.0,35.0,2,1000,214.57066345214844,1.5436642699241638,,max_step
3610,replay,3,replay,,,0,0,0,4,0,0,10.0,20.0,15.0,35.0,2,309,203.96044921875,5.882276703238873,,out_of_road
3611,fresh,3,fresh,,,0,0,0,4,1,0,20.0,40.0,5.0,55.0,1,52,13.583086013793945,0.46003490915665257,,out_of_road
3612,mutation,2,mutation,has_brake_checker,,1,0,0,3,0,1,15.0,10.0,15.0,55.0,0,234,178.82810974121094,8.213523487632092,,out_of_road
3613,fresh,5,fresh,,,0,1,0,12,1,0,15.0,10.0,10.0,55.0,0,297,140.69285583496094,3.8717351550430763,,arrive_dest
3614,crossover,2,crossover,,select_lane|ego_on_intersection|intersection_has_cars|intersection_cars|has_cluster|distance_to_nearest|cluster_dist,3,0,0,3,1,0,15.0,5.0,15.0,55.0,0,212,160.96900939941406,8.745977986533687,,out_of_road
3615,fresh,1,fresh,,,0,1,1,2,0,1,20.0,5.0,5.0,35.0,2,228,176.42234802246094,5.305204828057373,,out_of_road
3616,mutation,1,mutation,distractor_cars,,1,1,1,2,0,0,15.0,10.0,15.0,55.0,2,185,119.49373626708984,5.827361718706182,,out_of_road
3617,fresh,0,fresh,,,0,0,0,0,0,0,10.0,5.0,5.0,20.0,0,21,13.146001815795898,0.0,rejection_fallback,arrive_dest
3618,mutation,1,mutation,maximum_distractor_speed,,0,0,0,2,1,0,10.0,10.0,15.0,55.0,2,44,3.6336584091186523,0.0,,out_of_road
3619,fresh,3,fresh,,,0,1,0,4,0,1,5.0,40.0,10.0,35.0,0,1000,42.62699890136719,0.1142069240435958,,max_step
3620,mutation,0,mutation,brake_dist,,1,1,1,0,1,0,20.0,40.0,5.0,55.0,0,137,88.4441909790039,2.7774916713255164,,crash_vehicle
3621,fresh,3,fresh,,,0,0,0,4,1,1,15.0,5.0,10.0,20.0,2,255,173.33563232421875,6.62437691466481,,out_of_road
3622,crossover,2,crossover,,has_brake_checker|intersection_cars|has_cluster|distance_to_nearest|cluster_dist,2,1,1,3,0,0,20.0,20.0,5.0,55.0,3,161,78.31856536865234,1.5649169490018986,,out_of_road
3623,fresh,5,fresh,,,0,1,0,12,1,0,10.0,5.0,10.0,55.0,0,1000,-0.9011512994766235,0.005781130011659115,,max_step
3624,crossover,6,crossover,,intersection_cars|maximum_distractor_speed|distance_to_nearest|brake_dist,4,1,1,18,0,0,5.0,40.0,5.0,55.0,1,329,149.5091094970703,3.698862402453611,,out_of_road
3625,fresh,0,fresh,,,0,0,0,1,1,1,5.0,20.0,10.0,35.0,1,1000,74.84467315673828,0.25836529007554054,,max_step
3626,replay,0,replay,,,0,0,0,1,1,1,5.0,20.0,10.0,35.0,1,1000,24.348968505859375,0.055369459970854226,,max_step
3627,fresh,6,fresh,,,0,0,0,18,1,1,15.0,40.0,5.0,55.0,0,48,11.480525970458984,0.5073769514759382,,out_of_road
3628,crossover,4,crossover,,distractor_cars|has_cluster|maximum_distractor_speed|distance_to_nearest|cluster_dist|brake_dist,4,1,1,8,1,0,20.0,40.0,10.0,55.0,1,36,4.801161766052246,0.5368449423048232,,out_of_road
3629,fresh,0,fresh,,,0,0,0,0,1,0,20.0,5.0,10.0,20.0,0,1000,186.2171630859375,0.8973785075224004,,max_step
3630,mutation,0,mutation,cluster_dist,,1,0,0,0,0,0,10.0,5.0,5.0,55.0,0,137,65.95133972167969,5.221817992083783,,out_of_road
3631,fresh,1,fresh,,,0,1,0,2,0,1,5.0,5.0,10.0,10.0,2,165,110.94525146484375,5.849941140955145,,out_of_road
3632,mutation,2,mutation,maximum_distractor_speed,,1,1,0,3,0,1,5.0,10.0,10.0,35.0,1,1000,9.258005142211914,0.04211560092493892,,max_step
3633,fresh,1,fresh,,,0,0,0,2,0,1,5.0,40.0,10.0,35.0,2,46,5.919227600097656,0.5477802027826724,,out_of_road
3634,crossover,3,crossover,,select_lane|ego_on_intersection|intersection_has_cars|has_brake_checker|cluster_dist,2,1,0,5,0,1,15.0,5.0,5.0,55.0,0,1000,3.2540476322174072,0.002911711510270834,,max_step
3635,fresh,3,fresh,,,0,1,0,5,1,0,20.0,5.0,5.0,20.0,0,222,34.12318801879883,1.3400600204193913,,out_of_road
3636,mutation,0,mutation,brake_dist,,1,0,0,0,0,0,10.0,5.0,5.0,20.0,0,320,252.42523193359375,7.626833869703114,,out_of_road
3637,fresh,4,fresh,,,0,1,0,8,1,1,5.0,5.0,15.0,55.0,1,43,13.103464126586914,4.748021813326104,,arrive_dest
3638,replay,4,replay,,,0,1,0,8,1,1,5.0,5.0,15.0,55.0,1,238,180.80140686035156,6.484318242040502,,out_of_road
3639,fresh,0,fresh,,,0,1,0,0,0,0,10.0,10.0,5.0,55.0,0,89,29.933849334716797,0.4385417465413554,,out_of_road
3640,mutation,0,mutation,maximum_distractor_speed,,1,0,0,1,0,0,10.0,5.0,15.0,20.0,1,207,148.06341552734375,6.902844340329009,,out_of_road
3641,fresh,4,fresh,,,0,1,1,8,1,1,10.0,10.0,5.0,35.0,0,1000,8.231492042541504,0.010338928904384375,,max_step
3642,mutation,0,mutation,distractor_cars,,2,1,0,1,0,1,20.0,5.0,15.0,20.0,1,230,160.34381103515625,6.438833165687064,,out_of_road
3643,fresh,3,fresh,,,0,1,1,4,1,1,10.0,40.0,10.0,55.0,3,1000,158.58563232421875,0.352563772149384,,max_step
3644,replay,3,replay,,,0,1,1,4,1,1,10.0,40.0,10.0,55.0,3,82,24.356731414794922,3.6227325927920457,,out_of_road
3645,fresh,1,fresh,,,0,0,0,2,0,1,10.0,40.0,5.0,10.0,1,300,101.4991455078125,2.6435883497198422,,out_of_road
3646,mutation,0,mutation,has_cluster,,0,0,0,0,0,0,15.0,20.0,5.0,10.0,0,179,103.4501953125,3.3237030923200055,,out_of_road
3647,fresh,5,fresh,,,0,0,0,12,0,1,15.0,20.0,5.0,10.0,2,1000,22.815040588378906,0.11850866535305978,,max_step
3648,replay,5,replay,,,0,0,0,12,0,1,15.0,20.0,5.0,10.0,2,1000,53.095943450927734,0.4467827357854694,,max_step
3649,fresh,0,fresh,,,0,0,0,1,1,1,5.0,5.0,15.0,55.0,1,109,54.72018814086914,2.9813708356761057,,out_of_road
3650,crossover,0,crossover,,select_lane|ego_on_intersection|intersection_has_cars|distractor_cars|has_brake_checker|has_cluster|maximum_distractor_speed|distance_to_nearest,2,0,0,0,0,0,10.0,5.0,5.0,55.0,0,106,45.58616256713867,2.7637414820492268,,out_of_road
3651,fresh,3,fresh,,,0,0,0,4,0,0,20.0,40.0,15.0,10.0,3,160,88.37952423095703,4.469049865752458,,out_of_road
3652,crossover,5,crossover,,select_lane|ego_on_intersection|intersection_has_cars|distractor_cars|maximum_distractor_speed,3,1,1,12,1,1,10.0,10.0,15.0,20.0,0,154,53.661537170410156,2.9450352791358125,,crash_vehicle
3653,fresh,6,fresh,,,0,1,1,18,1,0,10.0,20.0,10.0,35.0,1,1000,131.9705810546875,0.6362409905940294,,max_step
3654,crossover,5,crossover,,has_brake_checker|distance_to_nearest|cluster_dist|brake_dist,1,0,0,12,0,0,20.0,10.0,10.0,35.0,3,439,293.6395263671875,6.321822738796812,,out_of_road
3655,fresh,4,fresh,,,0,0,0,8,1,0,15.0,20.0,5.0,35.0,1,78,13.608686447143555,0.24266217305110052,,out_of_road
3656,mutation,4,mutation,intersection_cars,,1,1,0,8,1,0,10.0,10.0,15.0,20.0,0,271,83.34017181396484,1.4060431203059165,,out_of_road
3657,fresh,4,fresh,,,0,1,0,8,0,0,20.0,20.0,10.0,20.0,2,207,151.76193237304688,6.57517127699898,,crash_vehicle
3658,crossover,2,crossover,,select_lane|ego_on_intersection|intersection_has_cars|distractor_cars|has_brake_checker|intersection_cars|maximum_distractor_speed|distance_to_nearest|cluster_dist,4,0,0,3,0,0,10.0,40.0,10.0,55.0,0,119,44.0034065246582,0.39458931368940015,,out_of_road
3659,fresh,0,fresh,,,0,0,0,1,1,0,10.0,5.0,5.0,35.0,0,1000,0.8514701128005981,0.00556679642572999,,max_step
3660,replay,0,replay,,,0,0,0,1,1,0,10.0,5.0,5.0,35.0,0,626,312.7419128417969,4.377857158549677,,out_of_road
3661,fresh,6,fresh,,,0,0,0,18,1,0,10.0,5.0,5.0,55.0,3,244,45.125179290771484,1.875711857081681,,crash_vehicle
3662,replay,6,replay,,,0,0,0,18,1,0,10.0,5.0,5.0,55.0,3,1000,5.712031364440918,0.04055602713674307,,max_step
3663,fresh,6,fresh,,,0,0,0,18,1,1,15.0,20.0,15.0,35.0,1,1000,24.57853126525879,0.016506156429648398,,max_step
3664,crossover,4,crossover,,select_lane|ego_on_intersection|intersection_has_cars|has_brake_checker|has_cluster|distance_to_nearest|cluster_dist,4,0,0,8,1,0,5.0,40.0,10.0,55.0,1,1000,224.7371063232422,2.2428559904620053,,max_step
3665,fresh,0,fresh,,,0,0,0,0,1,0,10.0,10.0,15.0,55.0,0,244,196.28271484375,7.458412562481692,,out_of_road
3666,replay,0,replay,,,0,0,0,0,1,0,10.0,10.0,15.0,55.0,0,208,59.93077087402344,3.036091292420259,,out_of_road
3667,fresh,3,fresh,,,0,1,0,5,1,1,5.0,40.0,10.0,55.0,0,1000,79.02074432373047,0.18779370806366205,,max_step
3668,replay,3,replay,,,0,1,0,5,1,1,5.0,40.0,10.0,55.0,0,105,50.27384948730469,2.5482883466141564,,out_of_road
3669,fresh,5,fresh,,,0,1,0,12,0,0,5.0,40.0,15.0,20.0,3,207,76.45579528808594,1.7789064274317976,,out_of_road
3670,mutation,0,mutation,distractor_cars,,2,1,1,0,0,0,20.0,10.0,10.0,20.0,0,259,188.9371337890625,4.665750470630911,,out_of_road
3671,fresh,0,fresh,,,0,0,0,1,1,1,10.0,10.0,10.0,20.0,1,96,37.43512725830078,1.8255929502968986,,out_of_road
3672,mutation,3,mutation,has_brake_checker,,1,1,1,4,0,0,20.0,10.0,5.0,55.0,0,122,36.317359924316406,1.2435245313605323,,out_of_road
3673,fresh,0,fresh,,,0,0,0,1,0,1,20.0,20.0,15.0,20.0,1,44,6.549371719360352,0.0026598301800814543,,out_of_road
3674,crossover,2,crossover,,select_lane|ego_on_intersection|intersection_has_cars|distractor_cars|has_brake_checker|maximum_distractor_speed|distance_to_nearest|cluster_dist,5,0,0,3,1,0,5.0,10.0,15.0,55.0,0,256,201.24081420898438,7.4154556604335085,,out_of_road
3675,fresh,6,fresh,,,0,0,0,18,1,0,10.0,10.0,5.0,55.0,1,1000,204.6707000732422,0.9314831453282386,,max_step
3676,replay,6,replay,,,0,0,0,18,1,0,10.0,10.0,5.0,55.0,1,237,194.9994659423828,7.540603585384063,,out_of_road
3677,fresh,1,fresh,,,0,1,1,2,0,0,15.0,40.0,10.0,55.0,2,111,47.61587905883789,1.9834844303560686,,out_of_road
3678,mutation,3,mutation,brake_dist,,0,1,1,4,0,0,20.0,40.0,5.0,55.0,2,102,47.640777587890625,1.3684694764076495,,out_of_road
3679,fresh,5,fresh,,,0,1,1,12,0,1,15.0,5.0,15.0,20.0,0,1000,10.804084777832031,0.08943892990984023,,max_step
3680,crossover,2,crossover,,has_cluster|cluster_dist,2,0,0,3,0,1,5.0,20.0,10.0,55.0,3,135,71.9676284790039,2.5279917263322407,,out_of_road
3681,fresh,3,fresh,,,0,1,0,5,1,1,10.0,5.0,5.0,35.0,2,1000,202.9357147216797,0.43763719892688097,,max_step
3682,mutation,0,mutation,has_cluster,,0,1,1,0,0,0,10.0,10.0,5.0,55.0,0,173,126.81228637695312,5.338139482143986,,out_of_road
3683,fresh,4,fresh,,,0,0,0,8,0,0,15.0,40.0,5.0,20.0,0,217,207.8237762451172,7.851324340714837,,out_of_road
3684,replay,4,replay,,,0,0,0,8,0,0,15.0,40.0,5.0,20.0,0,209,205.94960021972656,9.544009669617033,,out_of_road
3685,fresh,2,fresh,,,0,0,0,3,1,1,20.0,5.0,5.0,20.0,1,795,53.785762786865234,0.056973072202325614,,out_of_road
3686,mutation,2,mutation,has_cluster,,1,1,1,3,1,0,10.0,40.0,10.0,55.0,1,88,36.958473205566406,0.4247282723134214,,out_of_road
3687,fresh,4,fresh,,,0,1,0,8,0,0,10.0,5.0,10.0,10.0,1,1000,0.4445361793041229,0.0003897785805165768,,max_step
3688,crossover,3,crossover,,distractor_cars|has_cluster|maximum_distractor_speed|cluster_dist,1,1,1,4,0,0,20.0,10.0,15.0,55.0,0,75,15.106948852539062,1.5474094633261364,,out_of_road
3689,fresh,1,fresh,,,0,0,0,2,1,0,20.0,10.0,10.0,55.0,2,125,78.25763702392578,3.829343798041344,,crash_vehicle
3690,crossover,0,crossover,,select_lane|ego_on_intersection|intersection_has_cars|has_brake_checker|intersection_cars|maximum_distractor_speed|brake_dist,2,0,0,0,0,0,10.0,5.0,5.0,55.0,0,287,265.56292724609375,8.968667771135058,,out_of_road
3691,fresh,5,fresh,,,0,0,0,12,0,0,10.0,20.0,10.0,20.0,1,1000,108.2572021484375,0.5373642830252647,,max_step
3692,replay,5,replay,,,0,0,0,12,0,0,10.0,20.0,10.0,20.0,1,185,90.0213851928711,3.687085995803008,,crash_vehicle
3693,fresh,3,fresh,,,0,0,0,5,1,1,20.0,10.0,10.0,55.0,1,1000,29.267311096191406,0.16626344592869283,,max_step
3694,mutation,2,mutation,has_brake_checker,,1,0,0,3,0,0,15.0,5.0,15.0,55.0,0,225,177.63360595703125,8.28033771276474,,arrive_dest
3695,fresh,4,fresh,,,0,0,0,8,1,0,5.0,20.0,10.0,35.0,0,652,201.26922607421875,1.4667971418153471,,out_of_road
3696,replay,4,replay,,,0,0,0,8,1,0,5.0,20.0,10.0,35.0,0,228,191.14761352539062,6.197202629687493,,out_of_road
3697,fresh,3,fresh,,,0,0,0,4,0,1,15.0,20.0,5.0,20.0,0,55,10.281525611877441,0.3668493791060014,,out_of_road
3698,mutation,5,mutation,maximum_distractor_speed,,1,0,0,12,1,0,10.0,40.0,10.0,55.0,0,614,241.84576416015625,2.6353408701669316,,out_of_road
3699,fresh,6,fresh,,,0,1,1,18,1,1,10.0,5.0,15.0,20.0,3,160,1.7293334007263184,0.30880468531977384,,out_of_road
3700,replay,6,replay,,,0,1,1,18,1,1,10.0,5.0,15.0,20.0,3,46,7.040253639221191,1.0375361960867178,,out_of_road
3701,fresh,1,fresh,,,0,1,1,2,1,0,20.0,10.0,5.0,20.0,2,487,184.98741149902344,2.12760538991839,,out_of_road
3702,replay,1,replay,,,0,1,1,2,1,0,20.0,10.0,5.0,20.0,2,132,31.83818817138672,1.3006791799808994,,out_of_road
3703,fresh,6,fresh,,,0,1,0,18,0,0,20.0,40.0,5.0,35.0,3,169,110.76104736328125,2.563272249328314,,crash_vehicle
3704,mutation,0,mutation,distance_to_nearest,,1,1,1,1,0,0,15.0,20.0,10.0,20.0,0,280,115.50519561767578,2.8039002773085877,,out_of_road
3705,fresh,0,fresh,,,0,1,1,1,0,0,5.0,5.0,10.0,10.0,1,73,24.22466278076172,0.5439960466672297,,out_of_road
3706,crossover,4,crossover,,intersection_cars|cluster_dist,2,1,1,8,0,0,15.0,40.0,5.0,55.0,2,171,87.17803955078125,3.2868481646155754,,out_of_road
3707,fresh,6,fresh,,,0,0,0,18,1,0,5.0,40.0,5.0,55.0,0,1000,33.457176208496094,0.019968897636048494,,max_step
3708,replay,6,replay,,,0,0,0,18,1,0,5.0,40.0,5.0,55.0,0,35,-0.43017005920410156,0.1528850896017892,,out_of_road
3709,fresh,6,fresh,,,0,1,0,18,1,1,15.0,20.0,5.0,35.0,3,1000,20.255970001220703,0.051733110181987285,,max_step
3710,mutation,4,mutation,distance_to_nearest,,1,1,0,8,1,0,5.0,10.0,15.0,20.0,0,697,35.3464469909668,0.4387611743634623,,out_of_road
3711,fresh,0,fresh,,,0,0,0,0,0,0,10.0,5.0,5.0,20.0,0,34,1.4011187553405762,0.0,rejection_fallback,out_of_road
3712,mutation,0,mutation,has_brake_checker,,1,0,0,0,1,0,10.0,10.0,5.0,35.0,0,303,126.22624206542969,1.6603247387328557,,out_of_road
3713,fresh,0,fresh,,,0,1,0,0,0,0,5.0,20.0,10.0,20.0,0,180,121.06730651855469,2.808353546924061,,out_of_road
3714,mutation,0,mutation,distance_to_nearest,,1,0,0,0,0,0,10.0,20.0,5.0,35.0,0,169,116.47173309326172,3.065873632769613,,out_of_road
3715,fresh,4,fresh,,,0,0,0,8,0,1,5.0,10.0,5.0,35.0,3,1000,8.870280265808105,0.026334625221788883,,max_step
3716,replay,4,replay,,,0,0,0,8,0,1,5.0,10.0,5.0,35.0,3,297,246.77713012695312,7.359160689693509,,out_of_road
3717,fresh,0,fresh,,,0,1,0,0,0,0,15.0,20.0,10.0,20.0,0,157,80.69132232666016,0.8232309502685905,,out_of_road
3718,replay,0,replay,,,0,1,0,0,0,0,15.0,20.0,10.0,20.0,0,177,106.2092056274414,3.979478879331869,,out_of_road
3719,fresh,2,fresh,,,0,1,1,3,1,1,20.0,40.0,15.0,55.0,2,80,23.814861297607422,0.29837276935577395,,out_of_road
3720,crossover,3,crossover,,has_brake_checker|has_cluster|maximum_distractor_speed|distance_to_nearest|cluster_dist|brake_dist,4,1,0,4,1,1,5.0,40.0,10.0,55.0,2,1000,183.1964111328125,0.8598791256519035,,max_step
3721,fresh,0,fresh,,,0,0,0,0,0,0,15.0,20.0,5.0,20.0,0,270,236.32952880859375,7.839798726748537,,out_of_road
3722,crossover,0,crossover,,distractor_cars|maximum_distractor_speed|brake_dist,3,1,1,1,0,0,10.0,5.0,10.0,20.0,0,1000,2.068096160888672,0.008285885790362954,,max_step
3723,fresh,4,fresh,,,0,0,0,8,1,0,20.0,5.0,10.0,35.0,0,398,-3.7691702842712402,0.012271692115233173,,crash_vehicle
3724,crossover,6,crossover,,has_cluster|cluster_dist|brake_dist,0,0,0,18,0,0,15.0,20.0,5.0,20.0,3,237,178.93899536132812,5.602061233440029,,out_of_road
3725,fresh,0,fresh,,,0,1,0,1,1,1,20.0,5.0,10.0,55.0,1,1000,93.98851013183594,0.7139437647685408,,max_step
3726,mutation,5,mutation,select_road|select_lane|ego_on_intersection|intersection_has_cars,,3,0,0,12,0,0,15.0,10.0,10.0,20.0,0,160,69.47575378417969,2.9630171905271707,,out_of_road
3727,fresh,3,fresh,,,0,1,0,5,1,1,5.0,10.0,10.0,35.0,3,256,177.83792114257812,5.353790017776191,,out_of_road
3728,mutation,3,mutation,distractor_cars,,1,0,0,4,1,1,20.0,20.0,5.0,35.0,0,1000,17.64297866821289,0.08896332551166415,,max_step
3729,fresh,3,fresh,,,0,1,0,4,0,1,10.0,10.0,10.0,10.0,2,436,161.99472045898438,3.9737796240375127,,out_of_road
3730,mutation,5,mutation,intersection_cars,,1,0,0,12,0,1,10.0,5.0,15.0,10.0,3,1000,2.7182672023773193,0.0019544237540103497,,max_step
3731,fresh,4,fresh,,,0,0,0,8,1,1,15.0,5.0,15.0,20.0,0,129,31.401947021484375,2.1368514427611993,,out_of_road
3732,mutation,3,mutation,cluster_dist,,0,0,0,4,0,0,15.0,20.0,15.0,35.0,2,172,82.24893188476562,3.822810924850231,,out_of_road
3733,fresh,6,fresh,,,0,0,0,18,0,1,10.0,40.0,10.0,10.0,0,28,-1.4428939819335938,0.0,,out_of_road
3734,replay,6,replay,,,0,0,0,18,0,1,10.0,40.0,10.0,10.0,0,106,33.66897964477539,1.5213786431078642,,out_of_road
3735,fresh,4,fresh,,,0,0,0,8,0,0,10.0,5.0,15.0,35.0,2,111,19.271846771240234,2.9686924262089773,,out_of_road
3736,mutation,5,mutation,brake_dist,,0,1,1,12,1,0,10.0,40.0,15.0,55.0,3,26,-1.9360158443450928,0.03459233045578003,,out_of_road
3737,fresh,2,fresh,,,0,1,0,3,0,0,5.0,20.0,15.0,55.0,1,1000,25.510969161987305,0.009630264891311526,,max_step
3738,crossover,0,crossover,,select_lane|ego_on_intersection|intersection_has_cars|distractor_cars|cluster_dist|brake_dist,3,0,0,1,0,0,10.0,5.0,15.0,20.0,0,160,7.556327819824219,1.3431566963670776,,out_of_road
3739,fresh,0,fresh,,,0,1,0,1,0,0,10.0,5.0,5.0,35.0,0,1000,4.712790012359619,0.0005134972278028726,,max_step
3740,mutation,4,mutation,intersection_cars,,0,0,0,8,1,0,5.0,40.0,10.0,55.0,1,487,129.60458374023438,1.809644374116735,,out_of_road
3741,fresh,4,fresh,,,0,0,0,8,1,0,15.0,5.0,10.0,20.0,2,175,-4.829758167266846,0.0,,crash_vehicle
3742,crossover,1,crossover,,distance_to_nearest|cluster_dist,2,1,1,2,0,0,5.0,20.0,10.0,20.0,2,73,22.930889129638672,0.4246159644976054,,out_of_road
3743,fresh,4,fresh,,,0,0,0,8,1,0,20.0,5.0,5.0,55.0,2,51,-6.049748420715332,0.1394699075642754,,out_of_road
3744,crossover,3,crossover,,select_lane|ego_on_intersection|intersection_has_cars|maximum_distractor_speed,2,1,1,4,0,0,10.0,20.0,15.0,35.0,3,219,131.1444549560547,4.521923949389153,,out_of_road
3745,fresh,6,fresh,,,0,1,1,18,0,1,20.0,10.0,15.0,55.0,2,1000,30.541290283203125,0.06060788167268038,,max_step
3746,replay,6,replay,,,0,1,1,18,0,1,20.0,10.0,15.0,55.0,2,12,11.242889404296875,1.1468013922373455,,arrive_dest
3747,fresh,0,fresh,,,0,1,0,1,1,1,5.0,5.0,5.0,20.0,0,856,0.03578376770019531,0.008031612715279144,,crash_vehicle
3748,replay,0,replay,,,0,1,0,1,1,1,5.0,5.0,5.0,20.0,0,383,166.82139587402344,3.3391229647647,,out_of_road
3749,fresh,4,fresh,,,0,1,1,8,0,0,15.0,40.0,15.0,20.0,3,280,149.28369140625,3.766480234691075,,out_of_road
3750,mutation,4,mutation,has_brake_checker,,1,1,1,8,1,0,5.0,10.0,5.0,35.0,0,65,17.83121109008789,1.736673973615353,,arrive_dest
3751,fresh,3,fresh,,,0,1,0,4,0,0,15.0,10.0,10.0,55.0,1,134,32.96429443359375,1.2366911239588438,,out_of_road
3752,mutation,2,mutation,distance_to_nearest,,1,0,0,3,1,0,5.0,20.0,10.0,35.0,3,26,-1.4754610061645508,0.3139180036691519,,out_of_road
3753,fresh,5,fresh,,,0,1,0,12,0,1,5.0,40.0,10.0,55.0,2,75,22.59922981262207,0.0,,crash_vehicle
3754,crossover,1,crossover,,select_lane|ego_on_intersection|intersection_has_cars|distractor_cars|has_brake_checker|intersection_cars,5,0,0,2,0,0,20.0,40.0,15.0,55.0,1,405,155.74037170410156,2.3886102057257554,,out_of_road
3755,fresh,0,fresh,,,0,0,0,0,1,0,5.0,40.0,5.0,20.0,0,661,80.82667541503906,0.6308145026691151,,crash_vehicle
3756,mutation,3,mutation,select_road|select_lane|ego_on_intersection|intersection_has_cars,,3,1,1,5,0,0,15.0,10.0,5.0,20.0,3,190,70.990234375,3.369137539793002,,out_of_road
3757,fresh,4,fresh,,,0,1,0,8,1,1,20.0,40.0,5.0,55.0,3,1000,53.05291748046875,0.22736248556524516,,max_step
3758,crossover,0,crossover,,intersection_cars|has_cluster|maximum_distractor_speed|cluster_dist,3,0,0,1,0,0,10.0,5.0,15.0,20.0,0,920,0.9614300727844238,0.003702372199167376,,crash_vehicle
3759,fresh,0,fresh,,,0,1,0,0,1,0,15.0,40.0,5.0,20.0,0,33,-0.8845920562744141,0.42447321342699457,,out_of_road
3760,crossover,3,crossover,,select_lane|ego_on_intersection|intersection_has_cars|has_brake_checker|intersection_cars|has_cluster|maximum_distractor_speed|distance_to_nearest|brake_dist,7,0,0,4,0,0,5.0,40.0,10.0,20.0,3,91,22.673276901245117,0.01597223570058634,,out_of_road
3761,fresh,2,fresh,,,0,1,1,3,0,1,20.0,5.0,10.0,10.0,2,1000,1.42891526222229,0.042806820437312126,,max_step
3762,mutation,1,mutation,cluster_dist,,0,0,0,2,1,0,20.0,20.0,5.0,55.0,0,94,24.567289352416992,1.0114257037639618,,out_of_road
3763,fresh,1,fresh,,,0,0,0,2,0,0,10.0,5.0,15.0,10.0,2,37,4.331415176391602,0.0,,out_of_road
3764,crossover,3,crossover,,select_lane|ego_on_intersection|intersection_has_cars|has_brake_checker|intersection_cars,3,1,1,5,0,0,15.0,10.0,5.0,20.0,0,59,5.542454719543457,0.3917163913532839,,out_of_road
3765,fresh,0,fresh,,,0,0,0,0,1,0,20.0,20.0,5.0,20.0,0,243,75.012451171875,1.592235407220974,,out_of_road
3766,mutation,5,mutation,intersection_cars,,1,1,0,12,0,0,20.0,10.0,10.0,10.0,1,60,4.460034370422363,0.5787408843636512,,crash_vehicle
3767,fresh,0,fresh,,,0,0,0,0,0,0,15.0,20.0,10.0,35.0,0,57,8.544967651367188,0.36799413279483195,,out_of_road
3768,crossover,0,crossover,,intersection_cars|has_cluster|maximum_distractor_speed,0,1,1,0,1,0,10.0,10.0,5.0,55.0,0,28,-0.20769643783569336,0.0,,out_of_road
3769,fresh,1,fresh,,,0,1,1,2,0,1,20.0,5.0,10.0,55.0,1,1000,57.670623779296875,0.3558187498021871,,max_step
3770,replay,1,replay,,,0,1,1,2,0,1,20.0,5.0,10.0,55.0,1,59,1.3014507293701172,3.7506051487841847,,out_of_road
3771,fresh,1,fresh,,,0,1,0,2,1,0,10.0,40.0,10.0,55.0,0,32,0.9055643081665039,0.0,,out_of_road
3772,mutation,3,mutation,distance_to_nearest,,1,1,0,4,0,1,10.0,40.0,15.0,20.0,3,35,1.6878161430358887,0.0,,out_of_road
3773,fresh,4,fresh,,,0,0,0,8,0,1,5.0,10.0,15.0,55.0,3,81,3.9507856369018555,0.5283487704065111,,out_of_road
3774,replay,4,replay,,,0,0,0,8,0,1,5.0,10.0,15.0,55.0,3,116,39.651302337646484,0.7142995899093563,,out_of_road
3775,fresh,0,fresh,,,0,1,0,0,0,0,10.0,20.0,10.0,10.0,0,46,5.093961715698242,0.640922090281611,,out_of_road
3776,replay,0,replay,,,0,1,0,0,0,0,10.0,20.0,10.0,10.0,0,31,1.3595471382141113,0.0,,out_of_road
3777,fresh,0,fresh,,,0,0,0,1,0,1,10.0,5.0,15.0,35.0,1,62,10.984360694885254,0.21863415548878332,,out_of_road
3778,mutation,2,mutation,maximum_distractor_speed,,1,1,1,3,0,1,15.0,40.0,10.0,10.0,2,60,9.56712818145752,0.2612532158692678,,out_of_road
3779,fresh,6,fresh,,,0,0,0,18,1,1,15.0,40.0,15.0,55.0,3,117,44.18629837036133,0.43874760647105354,,out_of_road
3780,replay,6,replay,,,0,0,0,18,1,1,15.0,40.0,15.0,55.0,3,33,-0.5999116897583008,0.5873411929968632,,out_of_road
3781,fresh,0,fresh,,,0,0,0,1,0,1,5.0,40.0,5.0,55.0,1,35,0.9790091514587402,0.04761475154331752,,out_of_road
3782,replay,0,replay,,,0,0,0,1,0,1,5.0,40.0,5.0,55.0,1,128,37.19765853881836,1.000264330941718,,crash_vehicle
3783,fresh,1,fresh,,,0,1,0,2,0,1,20.0,10.0,10.0,35.0,2,42,1.6115007400512695,0.3524133137294224,,out_of_road
3784,mutation,5,mutation,intersection_cars,,1,0,0,12,1,1,10.0,10.0,15.0,20.0,2,98,14.684680938720703,1.9053656568332595,,out_of_road
3785,fresh,3,fresh,,,0,0,0,4,1,1,15.0,5.0,15.0,20.0,1,2,10.0,0.0,,arrive_dest
3786,mutation,1,mutation,cluster_dist,,1,0,0,2,1,0,15.0,5.0,10.0,55.0,2,38,1.1456327438354492,0.37470870268972295,,out_of_road
3787,fresh,1,fresh,,,0,0,0,2,1,0,5.0,20.0,10.0,55.0,0,27,-1.457855224609375,0.0,,out_of_road
3788,mutation,0,mutation,distractor_cars,,1,1,1,0,0,0,15.0,10.0,10.0,20.0,0,31,1.015674114227295,0.0,,out_of_road
3789,fresh,0,fresh,,,0,1,1,0,1,0,15.0,10.0,5.0,35.0,0,31,1.4586849212646484,0.07982517826941705,,out_of_road
3790,mutation,4,mutation,has_brake_checker,,0,1,0,8,0,0,15.0,40.0,5.0,35.0,3,27,-1.867088794708252,0.0,,out_of_road
3791,fresh,1,fresh,,,0,0,0,2,0,1,5.0,40.0,15.0,10.0,2,60,12.191995620727539,0.04192342360814413,,out_of_road
3792,crossover,3,crossover,,distractor_cars|has_brake_checker|intersection_cars|maximum_distractor_speed|cluster_dist|brake_dist,3,1,1,4,0,0,15.0,20.0,5.0,35.0,2,200,106.74552917480469,3.0083723399043083,,out_of_road
3793,fresh,0,fresh,,,0,1,0,0,1,0,20.0,20.0,5.0,20.0,0,43,7.113935470581055,0.3450425170188726,,out_of_road
3794,mutation,3,mutation,maximum_distractor_speed,,1,1,1,4,1,1,15.0,10.0,15.0,55.0,2,195,7.257384300231934,0.009155497709527994,,crash_vehicle
3795,fresh,2,fresh,,,0,0,0,3,1,0,5.0,20.0,10.0,35.0,1,625,13.730615615844727,0.03304697514176369,,crash_vehicle
3796,mutation,4,mutation,select_road|select_lane|ego_on_intersection|intersection_has_cars,,3,0,0,8,0,0,20.0,10.0,15.0,55.0,1,105,30.224388122558594,1.2998073875904084,,crash_vehicle
3797,fresh,3,fresh,,,0,1,0,5,1,0,10.0,5.0,10.0,20.0,3,106,5.737500190734863,1.166188673871868,,out_of_road
3798,replay,3,replay,,,0,1,0,5,1,0,10.0,5.0,10.0,20.0,3,49,-2.105724573135376,1.4257158478912042,,out_of_road
3799,fresh,1,fresh,,,0,1,0,2,1,0,10.0,20.0,5.0,55.0,2,134,66.98780822753906,0.9087933952461428,,crash_vehicle
3800,crossover,0,crossover,,has_cluster|maximum_distractor_speed|distance_to_nearest|cluster_dist|brake_dist,3,0,0,1,0,0,5.0,5.0,5.0,20.0,1,31,0.7069721221923828,0.40503138880575856,,out_of_road
3801,fresh,4,fresh,,,0,0,0,8,0,0,10.0,40.0,5.0,55.0,1,48,7.2880144119262695,0.4494365230202675,,out_of_road
3802,mutation,3,mutation,maximum_distractor_speed,,1,1,0,4,0,0,5.0,40.0,5.0,20.0,3,98,26.291080474853516,0.19755704062325613,,crash_vehicle
3803,fresh,4,fresh,,,0,1,0,8,1,0,15.0,20.0,10.0,35.0,3,104,10.970841407775879,0.14747380723173803,,out_of_road
3804,mutation,1,mutation,has_brake_checker,,0,1,1,2,1,1,5.0,40.0,10.0,55.0,2,102,31.842876434326172,0.18898824996807995,,out_of_road
3805,fresh,3,fresh,,,0,1,1,5,1,1,10.0,10.0,15.0,20.0,2,1000,31.250261306762695,0.04659624938480556,,max_step
3806,mutation,4,mutation,distance_to_nearest,,1,1,1,8,0,0,15.0,5.0,5.0,55.0,2,133,33.2945556640625,1.9101700704348714,,out_of_road
3807,fresh,3,fresh,,,0,1,0,4,1,1,10.0,10.0,10.0,35.0,0,85,10.341397285461426,0.1060737306580824,,crash_vehicle
3808,crossover,2,crossover,,select_lane|ego_on_intersection|intersection_has_cars|distractor_cars|distance_to_nearest|cluster_dist,4,0,0,3,1,1,10.0,40.0,15.0,55.0,1,56,12.640762329101562,0.31988978758454323,,out_of_road
3809,fresh,1,fresh,,,0,1,0,2,0,1,5.0,20.0,15.0,20.0,2,47,6.659725189208984,0.7917182344071408,,out_of_road
3810,crossover,5,crossover,,distractor_cars|has_cluster|maximum_distractor_speed|distance_to_nearest|cluster_dist,2,0,0,12,1,0,10.0,10.0,10.0,20.0,0,122,32.216312408447266,1.480892116906213,,arrive_dest
3811,fresh,0,fresh,,,0,0,0,0,0,0,15.0,10.0,10.0,10.0,0,209,129.1876220703125,2.6335026040388065,,out_of_road
3812,replay,0,replay,,,0,0,0,0,0,0,15.0,10.0,10.0,10.0,0,161,47.109657287597656,3.3433850893507833,,out_of_road
3813,fresh,3,fresh,,,0,0,0,4,0,0,20.0,40.0,5.0,10.0,0,26,-1.9070103168487549,0.0,,out_of_road
3814,mutation,3,mutation,has_brake_checker,,0,1,1,5,0,1,20.0,40.0,15.0,55.0,3,196,144.5709991455078,5.5246090715637015,,out_of_road
3815,fresh,3,fresh,,,0,1,0,4,1,1,10.0,20.0,15.0,55.0,2,819,30.86797332763672,0.05621867193425386,,crash_vehicle
3816,crossover,5,crossover,,select_lane|ego_on_intersection|intersection_has_cars|has_brake_checker|intersection_cars|has_cluster|cluster_dist,3,0,0,12,1,0,15.0,10.0,10.0,55.0,1,158,78.29302215576172,3.960918139430541,,crash_vehicle
3817,fresh,4,fresh,,,0,1,1,8,0,0,20.0,40.0,5.0,55.0,3,86,32.560794830322266,0.5001113255356633,,out_of_road
3818,mutation,4,mutation,distractor_cars,,1,0,0,8,0,0,5.0,20.0,5.0,10.0,2,100,54.457664489746094,3.631904374361038,,arrive_dest
3819,fresh,3,fresh,,,0,1,0,5,0,1,10.0,10.0,15.0,55.0,1,334,5.820378303527832,0.024921157899240178,,crash_vehicle
3820,replay,3,replay,,,0,1,0,5,0,1,10.0,10.0,15.0,55.0,1,52,16.482341766357422,0.9820542455865786,,out_of_road
3821,fresh,3,fresh,,,0,1,1,5,0,1,20.0,5.0,10.0,10.0,0,539,-0.016883373260498047,0.0015004436988279859,,crash_vehicle
3822,crossover,5,crossover,,select_lane|ego_on_intersection|intersection_has_cars|has_brake_checker|intersection_cars|has_cluster|distance_to_nearest,3,1,1,12,1,0,10.0,10.0,15.0,55.0,1,537,48.24385452270508,0.8867185874607976,,out_of_road
3823,fresh,3,fresh,,,0,1,0,5,1,0,5.0,5.0,10.0,35.0,2,1000,20.148338317871094,0.3015899738818407,,max_step
3824,mutation,2,mutation,has_brake_checker,,0,1,1,3,1,1,20.0,40.0,15.0,55.0,3,58,16.584531784057617,0.4540384476040972,,out_of_road
3825,fresh,3,fresh,,,0,1,1,5,0,0,20.0,10.0,15.0,10.0,3,57,8.486054420471191,3.615849254424112,,out_of_road
3826,crossover,6,crossover,,select_lane|ego_on_intersection|intersection_has_cars|distractor_cars|brake_dist,2,1,1,18,0,1,20.0,10.0,10.0,10.0,3,150,103.80872344970703,5.898212069819371,,out_of_road
3827,fresh,6,fresh,,,0,0,0,18,1,0,15.0,5.0,15.0,55.0,1,34,-0.5058379173278809,0.1655130947337431,,crash_vehicle
3828,crossover,4,crossover,,select_lane|ego_on_intersection|intersection_has_cars|has_brake_checker|has_cluster|brake_dist,3,0,0,8,0,0,15.0,40.0,5.0,20.0,3,115,55.25860595703125,1.4553602907968604,,out_of_road
3829,fresh,4,fresh,,,0,1,1,8,0,0,10.0,20.0,5.0,10.0,0,51,8.625812530517578,1.1707791376347636,,out_of_road
3830,crossover,3,crossover,,select_lane|ego_on_intersection|intersection_has_cars|has_brake_checker|maximum_distractor_speed|cluster_dist|brake_dist,5,1,0,5,0,1,15.0,40.0,10.0,20.0,3,1000,85.87678527832031,0.27714456453267483,,max_step
3831,fresh,0,fresh,,,0,1,1,0,0,0,15.0,5.0,15.0,35.0,0,38,2.830568313598633,0.14173667054427297,,out_of_road
3832,crossover,2,crossover,,distractor_cars|has_brake_checker|maximum_distractor_speed|distance_to_nearest|cluster_dist|brake_dist,3,1,1,3,1,0,15.0,40.0,15.0,55.0,1,74,25.488187789916992,0.38158570048776835,,out_of_road
3833,fresh,4,fresh,,,0,1,1,8,0,0,15.0,40.0,5.0,55.0,3,50,14.75729751586914,0.8761439228057861,,out_of_road
3834,crossover,5,crossover,,select_lane|ego_on_intersection|intersection_has_cars|has_brake_checker|brake_dist,3,0,0,12,1,0,10.0,40.0,15.0,55.0,3,491,206.2393798828125,4.188163587402423,,crash_vehicle
3835,fresh,1,fresh,,,0,0,0,2,0,1,10.0,5.0,5.0,55.0,0,100,1.816507339477539,0.19851412035524846,,crash_vehicle
3836,mutation,6,mutation,has_cluster,,1,0,0,18,0,0,5.0,40.0,15.0,55.0,1,267,224.17198181152344,9.136380732282717,,out_of_road
3837,fresh,4,fresh,,,0,1,0,8,1,0,10.0,20.0,15.0,35.0,2,35,3.254427909851074,0.5083121163504464,,out_of_road
3838,mutation,2,mutation,distractor_cars,,0,0,0,3,0,0,15.0,5.0,15.0,55.0,0,259,204.39646911621094,9.236285047641593,,out_of_road
3839,fresh,3,fresh,,,0,1,0,4,1,1,5.0,10.0,15.0,35.0,0,1000,123.38059997558594,1.0997317470014096,,max_step
3840,crossover,3,crossover,,select_lane|ego_on_intersection|intersection_has_cars|distractor_cars|has_brake_checker|has_cluster|maximum_distractor_speed|cluster_dist,7,1,0,5,1,1,5.0,40.0,10.0,55.0,3,644,44.82976531982422,0.3659375030315996,,out_of_road
3841,fresh,4,fresh,,,0,1,1,8,0,1,15.0,5.0,5.0,20.0,1,101,4.243522644042969,0.38421398408637186,,out_of_road
3842,crossover,6,crossover,,select_lane|ego_on_intersection|intersection_has_cars|maximum_distractor_speed|distance_to_nearest|cluster_dist|brake_dist,6,1,1,18,1,1,20.0,10.0,10.0,20.0,2,286,24.23427963256836,0.6568187712789415,,crash_vehicle
3843,fresh,4,fresh,,,0,1,1,8,1,0,20.0,10.0,10.0,55.0,3,105,28.795978546142578,2.7885429362456002,,out_of_road
3844,crossover,0,crossover,,select_lane|ego_on_intersection|intersection_has_cars|distractor_cars|intersection_cars|distance_to_nearest,4,1,1,1,0,0,10.0,20.0,15.0,55.0,0,92,30.92319107055664,0.9872836504617463,,out_of_road
3845,fresh,0,fresh,,,0,0,0,1,0,0,15.0,40.0,10.0,35.0,1,105,56.40548324584961,4.090453271071116,,out_of_road
3846,mutation,0,mutation,distance_to_nearest,,1,1,0,1,1,0,20.0,5.0,10.0,55.0,1,38,2.0778565406799316,0.0,,out_of_road
3847,fresh,6,fresh,,,0,0,0,18,1,1,5.0,20.0,15.0,35.0,0,322,13.532571792602539,0.0004846896652294242,,crash_vehicle
3848,replay,6,replay,,,0,0,0,18,1,1,5.0,20.0,15.0,35.0,0,114,64.90117645263672,5.034080183819721,,crash_vehicle
3849,fresh,5,fresh,,,0,1,1,12,0,1,10.0,5.0,10.0,20.0,1,1000,67.85935974121094,0.5103169859312475,,max_step
3850,replay,5,replay,,,0,1,1,12,0,1,10.0,5.0,10.0,20.0,1,76,33.02135467529297,1.7714416816046363,,out_of_road
3851,fresh,3,fresh,,,0,0,0,5,1,1,5.0,5.0,5.0,55.0,1,569,-0.1865396499633789,0.006346563024606772,,crash_vehicle
3852,replay,3,replay,,,0,0,0,5,1,1,5.0,5.0,5.0,55.0,1,201,161.012451171875,7.614159722159158,,out_of_road
3853,fresh,3,fresh,,,0,0,0,5,0,1,10.0,40.0,10.0,35.0,2,1000,24.968523025512695,0.061913405537605284,,max_step
3854,replay,3,replay,,,0,0,0,5,0,1,10.0,40.0,10.0,35.0,2,82,35.300228118896484,1.7957967883203088,,crash_vehicle
3855,fresh,2,fresh,,,0,0,0,3,0,1,10.0,40.0,10.0,35.0,1,73,26.793392181396484,0.5435320257324062,,crash_vehicle
3856,mutation,1,mutation,has_cluster,,1,1,0,2,0,1,20.0,20.0,15.0,35.0,2,97,53.14967346191406,2.14767324939831,,out_of_road
3857,fresh,0,fresh,,,0,1,0,0,1,0,20.0,5.0,15.0,10.0,0,301,4.430570602416992,0.008165918371835074,,crash_vehicle
3858,mutation,6,mutation,intersection_cars,,0,1,0,18,0,0,20.0,10.0,5.0,10.0,1,165,92.0484619140625,5.966861311233405,,out_of_road
3859,fresh,6,fresh,,,0,0,0,18,1,0,5.0,5.0,5.0,55.0,3,81,13.749853134155273,1.7873914778968434,,crash_vehicle
3860,mutation,1,mutation,distractor_cars,,2,0,0,2,1,0,10.0,40.0,15.0,55.0,2,128,71.94773864746094,2.438973596028518,,crash_vehicle
3861,fresh,4,fresh,,,0,0,0,8,0,0,15.0,5.0,15.0,55.0,2,97,10.030105590820312,1.5165000797547017,,out_of_road
3862,replay,4,replay,,,0,0,0,8,0,0,15.0,5.0,15.0,55.0,2,65,9.86215591430664,0.3351839556143834,,out_of_road
3863,fresh,4,fresh,,,0,0,0,8,0,1,20.0,5.0,10.0,10.0,2,438,-0.155120849609375,0.008222811262136044,,crash_vehicle
3864,mutation,6,mutation,distractor_cars,,1,0,0,18,0,0,10.0,5.0,10.0,20.0,1,347,97.92277526855469,2.9355520655854637,,out_of_road
3865,fresh,4,fresh,,,0,0,0,8,0,1,10.0,20.0,5.0,20.0,2,29,-6.579899787902832,0.027301299160924452,,out_of_road
3866,mutation,0,mutation,cluster_dist,,1,1,1,0,0,0,10.0,10.0,10.0,55.0,0,30,16.975881576538086,0.5511730829874675,,arrive_dest
3867,fresh,0,fresh,,,0,0,0,1,1,0,20.0,10.0,10.0,20.0,1,106,44.498268127441406,2.5836413030354484,,out_of_road
3868,replay,0,replay,,,0,0,0,1,1,0,20.0,10.0,10.0,20.0,1,81,29.360458374023438,1.380930737948712,,crash_vehicle
3869,fresh,5,fresh,,,0,1,0,12,1,0,15.0,20.0,15.0,35.0,0,464,205.5265655517578,5.0326616420442685,,crash_vehicle
3870,replay,5,replay,,,0,1,0,12,1,0,15.0,20.0,15.0,35.0,0,38,-4.320326805114746,0.08482570397226434,,crash_vehicle
3871,fresh,0,fresh,,,0,0,0,1,0,1,15.0,40.0,5.0,55.0,1,189,190.8210906982422,9.449719355850624,,out_of_road
3872,crossover,0,crossover,,distractor_cars|intersection_cars|maximum_distractor_speed|brake_dist,1,0,0,0,0,0,10.0,40.0,15.0,20.0,0,42,5.779777526855469,0.45877701895577566,,out_of_road
3873,fresh,0,fresh,,,0,0,0,0,0,0,5.0,40.0,10.0,20.0,0,102,61.21827697753906,3.7060932955321144,,out_of_road
3874,crossover,4,crossover,,intersection_cars|has_cluster|maximum_distractor_speed|distance_to_nearest|cluster_dist,3,1,1,8,0,0,10.0,5.0,15.0,55.0,0,120,43.18546676635742,3.8017436703046164,,out_of_road
3875,fresh,5,fresh,,,0,0,0,12,1,1,15.0,20.0,10.0,55.0,1,97,46.80109405517578,2.3674797640018856,,crash_vehicle
3876,crossover,6,crossover,,select_lane|ego_on_intersection|intersection_has_cars|distractor_cars|maximum_distractor_speed|distance_to_nearest|brake_dist,4,0,0,18,0,0,15.0,20.0,15.0,20.0,1,19,-5.615157127380371,0.013381343138845344,,out_of_road
3877,fresh,5,fresh,,,0,0,0,12,0,0,5.0,10.0,10.0,35.0,0,179,32.050445556640625,1.502809294816835,,out_of_road
3878,mutation,5,mutation,brake_dist,,1,1,1,12,0,0,15.0,20.0,5.0,20.0,3,221,141.51121520996094,7.1004845977368936,,arrive_dest
3879,fresh,5,fresh,,,0,0,0,12,1,0,15.0,40.0,10.0,55.0,2,89,45.93842315673828,1.6985875220780962,,crash_vehicle
3880,replay,5,replay,,,0,0,0,12,1,0,15.0,40.0,10.0,55.0,2,254,259.6837463378906,11.881745170303217,,out_of_road
3881,fresh,0,fresh,,,0,0,0,1,0,0,5.0,40.0,5.0,20.0,1,20,-5.784818649291992,0.06307780742645264,,out_of_road
3882,mutation,5,mutation,brake_dist,,1,0,0,12,1,0,15.0,5.0,10.0,20.0,2,166,33.87784194946289,2.07162082522928,,out_of_road
3883,fresh,1,fresh,,,0,1,0,2,1,0,15.0,40.0,10.0,55.0,2,32,3.053408622741699,0.05716305039823055,,crash_vehicle
3884,mutation,1,mutation,intersection_cars,,1,0,0,2,1,1,20.0,20.0,5.0,35.0,2,109,58.93022537231445,1.4218441500166141,,crash_vehicle
3885,fresh,5,fresh,,,0,1,0,12,0,0,15.0,20.0,5.0,10.0,1,149,88.26777648925781,4.114506664792163,,out_of_road
3886,crossover,6,crossover,,select_lane|ego_on_intersection|intersection_has_cars|has_brake_checker|has_cluster|maximum_distractor_speed|cluster_dist,3,0,0,18,1,0,10.0,40.0,15.0,55.0,2,144,79.29481506347656,4.096639552878009,,crash_vehicle
3887,fresh,1,fresh,,,0,0,0,2,0,0,20.0,5.0,15.0,10.0,2,77,32.09367370605469,0.6937812521763436,,out_of_road
3888,replay,1,replay,,,0,0,0,2,0,0,20.0,5.0,15.0,10.0,2,99,52.491416931152344,2.950045667212419,,out_of_road
3889,fresh,3,fresh,,,0,1,1,4,0,0,10.0,20.0,10.0,35.0,1,225,200.81484985351562,9.800048137240939,,crash_vehicle
3890,crossover,0,crossover,,distractor_cars|intersection_cars|maximum_distractor_speed|distance_to_nearest,2,0,0,0,0,0,10.0,10.0,5.0,10.0,0,28,-2.5305559635162354,0.12833082675933838,,out_of_road
3891,fresh,6,fresh,,,0,1,1,18,1,0,5.0,40.0,15.0,55.0,0,110,67.21453857421875,2.446380942518061,,crash_vehicle
3892,mutation,0,mutation,distance_to_nearest,,0,1,0,1,0,0,15.0,40.0,10.0,55.0,0,39,5.899510383605957,0.4411781506660657,,out_of_road
3893,fresh,3,fresh,,,0,0,0,5,0,1,5.0,10.0,10.0,20.0,1,1000,7.579596519470215,0.005809406161308288,,max_step
3894,replay,3,replay,,,0,0,0,5,0,1,5.0,10.0,10.0,20.0,1,215,192.1968231201172,8.126205048588819,,out_of_road
3895,fresh,3,fresh,,,0,0,0,4,1,1,20.0,40.0,15.0,55.0,3,19,-5.50721549987793,0.02729458871640657,,out_of_road
3896,replay,3,replay,,,0,0,0,4,1,1,20.0,40.0,15.0,55.0,3,455,187.37921142578125,4.567545824064004,,crash_vehicle
3897,fresh,5,fresh,,,0,0,0,12,0,1,20.0,10.0,15.0,10.0,2,147,69.74826049804688,4.466984909407946,,crash_vehicle
3898,crossover,1,crossover,,distractor_cars|intersection_cars|brake_dist,2,0,0,2,1,0,15.0,5.0,5.0,20.0,2,219,181.1514129638672,7.62487919213565,,out_of_road
3899,fresh,3,fresh,,,0,1,0,4,1,1,20.0,5.0,10.0,20.0,1,220,170.50128173828125,9.013456191528928,,out_of_road
3900,crossover,3,crossover,,intersection_cars|has_cluster|maximum_distractor_speed|cluster_dist,2,1,1,5,0,0,10.0,20.0,10.0,35.0,1,1000,49.82242965698242,0.08584371353499591,,max_step
3901,fresh,0,fresh,,,0,1,1,0,0,0,15.0,40.0,10.0,10.0,0,89,39.22978591918945,1.9927481479859084,,out_of_road
3902,mutation,2,mutation,cluster_dist,,1,0,0,3,1,0,20.0,40.0,15.0,55.0,1,112,74.6554183959961,2.6333803885084177,,crash_vehicle
3903,fresh,4,fresh,,,0,0,0,8,0,0,15.0,20.0,5.0,20.0,3,137,97.37369537353516,6.110864590119271,,crash_vehicle
3904,crossover,0,crossover,,select_lane|ego_on_intersection|intersection_has_cars|has_cluster|maximum_distractor_speed|cluster_dist,3,1,1,0,1,0,20.0,10.0,15.0,55.0,0,130,88.67527770996094,3.4119762626978067,,crash_vehicle
3905,fresh,6,fresh,,,0,1,1,18,0,1,5.0,5.0,10.0,55.0,1,43,-0.8061618804931641,0.9915978659031003,,crash_vehicle
3906,crossover,1,crossover,,distractor_cars|has_brake_checker|has_cluster|distance_to_nearest|cluster_dist,4,1,1,2,0,0,10.0,40.0,15.0,20.0,2,213,196.49252319335938,8.712506174201696,,out_of_road
3907,fresh,0,fresh,,,0,1,1,1,1,0,5.0,20.0,5.0,35.0,1,89,44.097572326660156,1.7385255121782925,,out_of_road
3908,replay,0,replay,,,0,1,1,1,1,0,5.0,20.0,5.0,35.0,1,130,88.45266723632812,4.970096751359793,,crash_vehicle
3909,fresh,0,fresh,,,0,1,0,1,0,0,5.0,40.0,15.0,20.0,1,151,140.37237548828125,7.214316234288626,,out_of_road
3910,replay,0,replay,,,0,1,0,1,0,0,5.0,40.0,15.0,20.0,1,386,-0.2583603858947754,0.03603126693497668,,crash_vehicle
3911,fresh,6,fresh,,,0,0,0,18,0,0,20.0,20.0,15.0,35.0,0,65,13.346357345581055,0.2436913123497596,,crash_vehicle
3912,crossover,3,crossover,,has_brake_checker|cluster_dist,1,1,1,5,1,0,10.0,40.0,10.0,55.0,3,83,37.83770751953125,0.7102164311042751,,out_of_road
3913,fresh,4,fresh,,,0,0,0,8,0,1,15.0,20.0,15.0,55.0,3,569,49.30759048461914,0.6408397290849099,,out_of_road
3914,replay,4,replay,,,0,0,0,8,0,1,15.0,20.0,15.0,55.0,3,157,101.1817398071289,6.000000371484999,,crash_vehicle
3915,fresh,3,fresh,,,0,0,0,5,1,0,20.0,40.0,15.0,55.0,0,100,64.6740493774414,2.788200120776892,,crash_vehicle
3916,mutation,3,mutation,cluster_dist,,1,1,1,4,0,0,20.0,20.0,5.0,35.0,3,83,30.342269897460938,0.8972539774265634,,crash_vehicle
3917,fresh,4,fresh,,,0,1,0,8,0,0,5.0,40.0,10.0,10.0,0,76,35.734615325927734,0.9952251464128494,,crash_vehicle
3918,replay,4,replay,,,0,1,0,8,0,0,5.0,40.0,10.0,10.0,0,104,61.14215850830078,3.3410446726931977,,out_of_road
3919,fresh,3,fresh,,,0,1,0,4,1,0,15.0,5.0,15.0,20.0,2,140,40.93262481689453,2.825690323114395,,out_of_road
3920,mutation,0,mutation,select_road|select_lane|ego_on_intersection|intersection_has_cars,,2,1,0,1,0,1,15.0,20.0,10.0,35.0,1,215,199.0253448486328,7.653891646584799,,out_of_road
3921,fresh,1,fresh,,,0,0,0,2,1,1,10.0,40.0,5.0,55.0,0,1000,186.57044982910156,1.6143389699924737,,max_step
3922,replay,1,replay,,,0,0,0,2,1,1,10.0,40.0,5.0,55.0,0,42,4.461555480957031,0.2635761442638579,,out_of_road
3923,fresh,5,fresh,,,0,1,1,12,1,1,20.0,40.0,5.0,55.0,2,761,98.18008422851562,0.8627790888152165,,out_of_road
3924,crossover,2,crossover,,select_lane|ego_on_intersection|intersection_has_cars|has_brake_checker|has_cluster|maximum_distractor_speed|distance_to_nearest,6,1,0,3,1,1,10.0,40.0,15.0,55.0,0,101,52.199283599853516,2.3693877622337625,,crash_vehicle
3925,fresh,3,fresh,,,0,1,0,4,1,1,5.0,10.0,10.0,20.0,1,1000,138.2135772705078,0.7951839096639305,,max_step
3926,crossover,2,crossover,,distractor_cars|intersection_cars|maximum_distractor_speed|distance_to_nearest|brake_dist,3,0,0,3,1,1,20.0,20.0,15.0,35.0,2,207,210.68301391601562,10.553095576267888,,out_of_road
3927,fresh,0,fresh,,,0,0,0,0,1,0,20.0,40.0,15.0,10.0,0,249,201.79953002929688,8.35382189903872,,out_of_road
3928,crossover,0,crossover,,select_lane|ego_on_intersection|intersection_has_cars|intersection_cars|brake_dist,2,0,0,1,0,0,10.0,5.0,10.0,35.0,1,109,54.82722091674805,2.4384693310621683,,crash_vehicle
3929,fresh,4,fresh,,,0,0,0,8,0,1,20.0,10.0,10.0,35.0,3,847,45.359596252441406,0.47401350727601693,,crash_vehicle
3930,replay,4,replay,,,0,0,0,8,0,1,20.0,10.0,10.0,35.0,3,90,30.38088607788086,1.1579190971122848,,out_of_road
3931,fresh,0,fresh,,,0,1,0,1,0,1,20.0,20.0,10.0,35.0,0,51,15.517919540405273,0.16157801011029413,,out_of_road
3932,crossover,0,crossover,,distractor_cars|maximum_distractor_speed|distance_to_nearest|cluster_dist|brake_dist,3,0,0,1,0,0,15.0,40.0,15.0,55.0,0,206,184.7192840576172,8.509583878430348,,out_of_road
3933,fresh,0,fresh,,,0,1,1,0,0,0,15.0,20.0,10.0,35.0,0,256,256.4066162109375,11.359561687801033,,out_of_road
3934,replay,0,replay,,,0,1,1,0,0,0,15.0,20.0,10.0,35.0,0,132,73.05631256103516,3.1369273700948916,,out_of_road
3935,fresh,4,fresh,,,0,0,0,8,1,1,5.0,10.0,15.0,55.0,1,73,7.547741889953613,0.2953959540145038,,crash_vehicle
3936,replay,4,replay,,,0,0,0,8,1,1,5.0,10.0,15.0,55.0,1,183,126.95306396484375,4.394901253486592,,out_of_road
3937,fresh,2,fresh,,,0,1,1,3,0,0,5.0,20.0,15.0,55.0,1,51,6.759795188903809,0.2615840762269263,,out_of_road
3938,crossover,4,crossover,,distractor_cars|has_cluster,0,1,1,8,0,0,10.0,5.0,15.0,10.0,3,201,-0.47151851654052734,0.07990610815899733,,crash_vehicle
3939,fresh,1,fresh,,,0,0,0,2,0,0,20.0,20.0,5.0,55.0,1,118,63.56427764892578,4.054256343740528,,crash_vehicle
3940,crossover,4,crossover,,select_lane|ego_on_intersection|intersection_has_cars|distractor_cars|intersection_cars|maximum_distractor_speed|distance_to_nearest|cluster_dist|brake_dist,4,1,0,8,0,0,5.0,5.0,15.0,55.0,1,223,53.959815979003906,2.2460850129747603,,out_of_road
3941,fresh,6,fresh,,,0,0,0,18,0,1,15.0,40.0,10.0,10.0,0,72,26.032928466796875,0.37819491347504985,,crash_vehicle
3942,crossover,2,crossover,,select_lane|ego_on_intersection|intersection_has_cars|distractor_cars|intersection_cars|has_cluster|cluster_dist,4,0,0,3,0,1,20.0,40.0,15.0,10.0,3,84,34.93916702270508,0.2680035148348127,,out_of_road
3943,fresh,5,fresh,,,0,0,0,12,1,0,5.0,40.0,5.0,55.0,2,77,34.33113098144531,0.3918765980701942,,crash_vehicle
3944,crossover,3,crossover,,select_lane|ego_on_intersection|intersection_has_cars|distractor_cars|has_brake_checker|intersection_cars|has_cluster|maximum_distractor_speed|cluster_dist|brake_dist,8,1,1,5,0,1,15.0,10.0,15.0,55.0,3,83,16.43414306640625,1.151488313473851,,out_of_road
3945,fresh,3,fresh,,,0,1,1,4,0,1,15.0,40.0,10.0,35.0,0,110,52.67805480957031,1.070027230679989,,crash_vehicle
3946,mutation,3,mutation,select_road|select_lane|ego_on_intersection|intersection_has_cars,,1,0,0,5,1,1,20.0,40.0,5.0,55.0,3,73,28.83800506591797,0.7427253494523975,,crash_vehicle
3947,fresh,5,fresh,,,0,0,0,12,0,0,15.0,20.0,10.0,10.0,1,44,8.808810234069824,0.4113930788907138,,out_of_road
3948,mutation,1,mutation,has_cluster,,0,0,0,2,1,1,20.0,20.0,10.0,55.0,2,152,94.34642791748047,3.788138079015832,,crash_vehicle
3949,fresh,3,fresh,,,0,0,0,4,0,1,15.0,20.0,10.0,35.0,3,108,50.824432373046875,2.113394405451362,,crash_vehicle
3950,crossover,3,crossover,,select_lane|ego_on_intersection|intersection_has_cars|distractor_cars|intersection_cars,4,0,0,5,1,0,20.0,40.0,10.0,55.0,2,157,119.46566009521484,6.243718055403157,,crash_vehicle
3951,fresh,6,fresh,,,0,1,1,18,0,0,15.0,20.0,10.0,35.0,2,127,63.827247619628906,2.8343334362262818,,out_of_road
3952,crossover,4,crossover,,has_cluster|maximum_distractor_speed|brake_dist,0,1,0,8,0,0,15.0,10.0,5.0,55.0,2,199,144.63128662109375,7.222552962039583,,crash_vehicle
3953,fresh,2,fresh,,,0,1,0,3,1,1,20.0,40.0,15.0,55.0,1,86,40.785850524902344,0.5016353298411813,,out_of_road
3954,mutation,0,mutation,has_cluster,,0,0,0,0,0,0,15.0,5.0,5.0,55.0,0,186,147.23568725585938,6.58462038347798,,out_of_road
3955,fresh,3,fresh,,,0,0,0,5,0,1,10.0,20.0,5.0,20.0,2,290,14.349493026733398,0.1257218143677917,,crash_vehicle
3956,mutation,2,mutation,has_brake_checker,,1,0,0,3,0,1,15.0,10.0,10.0,55.0,1,1000,35.23356246948242,0.32450606434978546,,max_step
3957,fresh,3,fresh,,,0,0,0,4,1,1,10.0,5.0,10.0,20.0,1,150,48.34596252441406,3.9109889127810797,,out_of_road
3958,crossover,4,crossover,,maximum_distractor_speed|distance_to_nearest|cluster_dist|brake_dist,2,0,0,8,1,0,15.0,40.0,5.0,55.0,3,93,39.45070266723633,0.43266831771019965,,crash_vehicle
3959,fresh,3,fresh,,,0,0,0,4,1,0,10.0,40.0,5.0,55.0,1,85,35.41379165649414,1.0711951115552116,,crash_vehicle
3960,mutation,6,mutation,maximum_distractor_speed,,1,1,0,18,1,0,5.0,40.0,15.0,55.0,2,101,48.069000244140625,2.344234361506925,,arrive_dest
3961,fresh,0,fresh,,,0,1,0,0,0,0,5.0,10.0,5.0,35.0,0,122,77.66162872314453,5.211621698786001,,out_of_road
3962,crossover,0,crossover,,has_brake_checker|intersection_cars|maximum_distractor_speed|distance_to_nearest|cluster_dist|brake_dist,4,0,0,0,0,0,15.0,40.0,10.0,55.0,0,194,209.06748962402344,10.007848739624023,,arrive_dest
3963,fresh,5,fresh,,,0,1,1,12,1,1,20.0,20.0,15.0,35.0,2,320,251.65081787109375,7.6207180769881235,,out_of_road
3964,replay,5,replay,,,0,1,1,12,1,1,20.0,20.0,15.0,35.0,2,220,201.26531982421875,7.801673382859338,,out_of_road
3965,fresh,6,fresh,,,0,1,0,18,1,0,10.0,40.0,15.0,55.0,2,100,46.01377868652344,3.538747851848602,,crash_vehicle
3966,replay,6,replay,,,0,1,0,18,1,0,10.0,40.0,15.0,55.0,2,147,101.77979278564453,3.4034957245093627,,crash_vehicle
3967,fresh,6,fresh,,,0,0,0,18,1,1,15.0,20.0,15.0,55.0,3,90,36.429386138916016,1.5290524592002233,,crash_vehicle
3968,mutation,0,mutation,has_brake_checker,,0,0,0,1,0,1,15.0,20.0,10.0,10.0,1,145,84.23081970214844,5.263160799700638,,out_of_road
3969,fresh,3,fresh,,,0,0,0,4,1,0,20.0,10.0,15.0,20.0,0,131,36.573909759521484,2.1948813564563525,,crash_vehicle
3970,crossover,1,crossover,,select_lane|ego_on_intersection|intersection_has_cars|maximum_distractor_speed|distance_to_nearest|cluster_dist|brake_dist,4,1,1,2,1,1,20.0,20.0,5.0,55.0,2,133,81.4849853515625,2.972416808282522,,crash_vehicle
3971,fresh,3,fresh,,,0,1,1,4,0,0,10.0,20.0,10.0,20.0,0,283,15.229129791259766,0.07287087919710487,,crash_vehicle
3972,crossover,1,crossover,,has_brake_checker|intersection_cars|has_cluster|maximum_distractor_speed|cluster_dist|brake_dist,3,0,0,2,0,1,20.0,40.0,10.0,10.0,2,143,115.36314392089844,5.835697324959548,,out_of_road
3973,fresh,6,fresh,,,0,0,0,18,1,0,20.0,40.0,10.0,55.0,0,140,87.0049057006836,5.302692099554198,,crash_vehicle
3974,crossover,1,crossover,,select_lane|ego_on_intersection|intersection_has_cars|has_brake_checker|intersection_cars|has_cluster|maximum_distractor_speed|distance_to_nearest|cluster_dist|brake_dist,6,1,1,2,0,0,20.0,10.0,5.0,10.0,1,226,209.78541564941406,9.422674402198961,,out_of_road
3975,fresh,1,fresh,,,0,1,0,2,0,0,5.0,40.0,10.0,55.0,2,121,60.0478515625,3.6275813323407133,,out_of_road
3976,replay,1,replay,,,0,1,0,2,0,0,5.0,40.0,10.0,55.0,2,148,90.07550048828125,4.2570022363215685,,out_of_road
3977,fresh,2,fresh,,,0,1,1,3,1,0,10.0,5.0,10.0,35.0,2,102,9.75446605682373,0.31288835961444705,,out_of_road
3978,crossover,3,crossover,,distractor_cars|has_brake_checker|cluster_dist|brake_dist,1,1,1,4,0,0,20.0,40.0,15.0,35.0,2,143,104.1226806640625,4.7053439793261616,,out_of_road
3979,fresh,3,fresh,,,0,0,0,5,1,1,10.0,20.0,10.0,35.0,3,24,-6.419947147369385,0.0,,out_of_road
3980,crossover,5,crossover,,select_lane|ego_on_intersection|intersection_has_cars|has_brake_checker|intersection_cars|distance_to_nearest|brake_dist,4,0,0,12,0,1,10.0,10.0,15.0,35.0,3,1000,90.25155639648438,0.32339498330652716,,max_step
3981,fresh,3,fresh,,,0,0,0,5,1,0,5.0,40.0,10.0,55.0,2,81,37.19340515136719,0.7973498209023181,,crash_vehicle
3982,crossover,2,crossover,,distractor_cars|has_cluster|maximum_distractor_speed|cluster_dist,1,0,0,3,1,0,15.0,5.0,15.0,55.0,3,101,55.729610443115234,2.585933822216374,,out_of_road
3983,fresh,5,fresh,,,0,0,0,12,1,1,20.0,20.0,15.0,35.0,0,491,186.29403686523438,3.3468108939238332,,out_of_road
3984,replay,5,replay,,,0,0,0,12,1,1,20.0,20.0,15.0,35.0,0,234,198.1812744140625,8.026165187104136,,out_of_road
3985,fresh,6,fresh,,,0,0,0,18,1,0,20.0,5.0,15.0,35.0,1,53,-3.6682565212249756,0.11143223744518352,,crash_vehicle
3986,replay,6,replay,,,0,0,0,18,1,0,20.0,5.0,15.0,35.0,1,114,54.10980224609375,2.8485429003311875,,out_of_road
3987,fresh,1,fresh,,,0,0,0,2,1,0,10.0,40.0,10.0,55.0,0,119,63.80348205566406,2.5153661733414947,,out_of_road
3988,mutation,0,mutation,has_cluster,,0,0,0,0,0,0,10.0,20.0,5.0,35.0,0,139,104.5702133178711,4.8417084645881925,,out_of_road
3989,fresh,2,fresh,,,0,1,1,3,1,0,10.0,5.0,5.0,55.0,1,92,9.681570053100586,1.012851691764334,,out_of_road
3990,replay,2,replay,,,0,1,1,3,1,0,10.0,5.0,5.0,55.0,1,145,72.26564025878906,4.329601960192466,,out_of_road
3991,fresh,3,fresh,,,0,1,0,5,1,1,10.0,10.0,15.0,55.0,0,73,9.3074369430542,0.6799765582362266,,out_of_road
3992,mutation,1,mutation,maximum_distractor_speed,,1,0,0,2,1,1,10.0,20.0,10.0,55.0,1,110,42.96919250488281,1.6566946272145617,,out_of_road
3993,fresh,3,fresh,,,0,0,0,4,1,1,10.0,40.0,15.0,55.0,2,131,80.50281524658203,3.719580906038066,,out_of_road
3994,replay,3,replay,,,0,0,0,4,1,1,10.0,40.0,15.0,55.0,2,207,184.80410766601562,6.897783238530735,,out_of_road
3995,fresh,2,fresh,,,0,1,1,3,1,1,20.0,20.0,5.0,35.0,3,2,10.0,4.078300952911377,,arrive_dest
3996,mutation,3,mutation,distractor_cars,,1,1,1,4,0,1,20.0,10.0,10.0,10.0,3,103,48.3570556640625,2.9210645160050066,,arrive_dest
3997,fresh,4,fresh,,,0,1,1,8,0,0,10.0,5.0,15.0,10.0,0,596,-0.20413827896118164,0.016627870787610143,,crash_vehicle
3998,mutation,3,mutation,maximum_distractor_speed,,1,1,1,4,0,0,15.0,20.0,10.0,35.0,1,81,29.788623809814453,1.1929355874473666,,out_of_road
3999,fresh,1,fresh,,,0,1,1,2,0,0,20.0,40.0,15.0,55.0,0,151,103.67677307128906,4.734980572533134,,out_of_road
4000,replay,1,replay,,,0,1,1,2,0,0,20.0,40.0,15.0,55.0,0,207,209.16018676757812,9.617010002550872,,crash_vehicle
4001,fresh,0,fresh,,,0,1,0,1,1,1,5.0,40.0,15.0,55.0,1,142,98.5815200805664,3.5292513166934674,,crash_vehicle
4002,replay,0,replay,,,0,1,0,1,1,1,5.0,40.0,15.0,55.0,1,174,150.57412719726562,8.261720749153488,,out_of_road
4003,fresh,4,fresh,,,0,1,1,8,1,0,10.0,5.0,5.0,20.0,2,255,-0.42374706268310547,0.1152549951830331,,crash_vehicle
4004,replay,4,replay,,,0,1,1,8,1,0,10.0,5.0,5.0,20.0,2,110,50.065521240234375,1.8643640529025685,,crash_vehicle
4005,fresh,6,fresh,,,0,0,0,18,0,1,15.0,40.0,15.0,55.0,2,96,43.88408279418945,0.3782950774766505,,crash_vehicle
4006,replay,6,replay,,,0,0,0,18,0,1,15.0,40.0,15.0,55.0,2,255,269.1124267578125,10.22398298815185,,out_of_road
4007,fresh,3,fresh,,,0,1,0,4,1,1,10.0,40.0,10.0,55.0,1,92,50.168174743652344,1.5648146683107251,,out_of_road
4008,mutation,1,mutation,cluster_dist,,1,1,1,2,0,1,15.0,5.0,10.0,20.0,2,140,43.47052764892578,2.281840110889503,,out_of_road
4009,fresh,3,fresh,,,0,1,1,5,0,1,20.0,20.0,5.0,10.0,0,218,202.67201232910156,8.491048959006957,,out_of_road
4010,mutation,0,mutation,select_road|select_lane|ego_on_intersection|intersection_has_cars,,1,1,1,1,0,0,15.0,10.0,5.0,35.0,1,150,116.13763427734375,5.452907945315043,,out_of_road
4011,fresh,1,fresh,,,0,1,1,2,0,0,20.0,5.0,5.0,35.0,1,195,139.5784912109375,6.882360446605927,,out_of_road
4012,mutation,0,mutation,cluster_dist,,0,1,1,1,0,1,20.0,20.0,5.0,35.0,1,93,41.179229736328125,0.6852570102419905,,out_of_road
4013,fresh,2,fresh,,,0,0,0,3,1,1,15.0,20.0,5.0,55.0,0,169,12.357566833496094,0.10919074899346165,,crash_vehicle
4014,crossover,2,crossover,,select_lane|ego_on_intersection|intersection_has_cars|distractor_cars|has_brake_checker|intersection_cars|cluster_dist|brake_dist,5,1,0,3,1,0,5.0,10.0,5.0,20.0,0,93,9.077594757080078,0.43678874129890116,,out_of_road
4015,fresh,2,fresh,,,0,0,0,3,0,0,15.0,20.0,5.0,35.0,1,166,59.157806396484375,1.6659353812146618,,out_of_road
4016,replay,2,replay,,,0,0,0,3,0,0,15.0,20.0,5.0,35.0,1,108,54.45809555053711,2.457810849227287,,out_of_road
4017,fresh,0,fresh,,,0,1,0,1,1,1,20.0,10.0,5.0,55.0,1,129,97.60405731201172,3.0503102564072426,,crash_vehicle
4018,crossover,6,crossover,,select_lane|ego_on_intersection|intersection_has_cars|has_cluster|maximum_distractor_speed,2,0,0,18,1,0,15.0,20.0,5.0,35.0,2,452,168.2339324951172,3.582241369098161,,out_of_road
4019,fresh,4,fresh,,,0,1,0,8,0,0,15.0,5.0,15.0,20.0,0,125,47.692604064941406,3.091448079586029,,out_of_road
4020,mutation,6,mutation,has_brake_checker,,2,1,0,18,1,0,20.0,10.0,5.0,20.0,3,331,136.78273010253906,3.5720204657838424,,crash_vehicle
4021,fresh,4,fresh,,,0,1,0,8,0,0,5.0,5.0,15.0,10.0,1,221,80.1352767944336,3.2758799560064644,,crash_vehicle
4022,crossover,1,crossover,,select_lane|ego_on_intersection|intersection_has_cars|has_brake_checker|intersection_cars|has_cluster|cluster_dist|brake_dist,3,1,1,2,0,0,20.0,20.0,10.0,20.0,2,117,99.27716064453125,4.099729621002817,,arrive_dest
4023,fresh,4,fresh,,,0,0,0,8,1,1,15.0,5.0,10.0,35.0,0,221,100.8396987915039,4.120410940024108,,crash_vehicle
4024,crossover,3,crossover,,distractor_cars|intersection_cars|distance_to_nearest|cluster_dist,3,1,1,5,0,0,20.0,10.0,10.0,20.0,0,135,56.387264251708984,3.050334714518653,,out_of_road
4025,fresh,2,fresh,,,0,0,0,3,0,0,15.0,20.0,15.0,55.0,2,203,74.29765319824219,2.5301314956448935,,out_of_road
4026,replay,2,replay,,,0,0,0,3,0,0,15.0,20.0,15.0,55.0,2,257,170.69573974609375,6.901919068181561,,out_of_road
4027,fresh,4,fresh,,,0,1,1,8,1,0,20.0,5.0,15.0,20.0,2,343,-0.18935108184814453,0.0005057943067119699,,crash_vehicle
4028,mutation,6,mutation,select_road|select_lane|ego_on_intersection|intersection_has_cars,,3,0,0,18,0,0,5.0,40.0,5.0,55.0,1,157,118.46246337890625,5.254115476255205,,crash_vehicle
4029,fresh,1,fresh,,,0,1,1,2,0,0,15.0,10.0,10.0,20.0,0,643,365.7723693847656,5.925757077697832,,arrive_dest
4030,replay,1,replay,,,0,1,1,2,0,0,15.0,10.0,10.0,20.0,0,179,151.56541442871094,6.682692465835443,,out_of_road
4031,fresh,0,fresh,,,0,1,0,1,0,0,5.0,10.0,5.0,10.0,0,127,82.74447631835938,5.935951994160029,,arrive_dest
4032,replay,0,replay,,,0,1,0,1,0,0,5.0,10.0,5.0,10.0,0,207,181.95187377929688,6.462171107674567,,out_of_road
4033,fresh,0,fresh,,,0,0,0,1,0,0,15.0,20.0,15.0,55.0,1,195,116.1285629272461,5.286163017994318,,out_of_road
4034,crossover,3,crossover,,distractor_cars|has_brake_checker|has_cluster|distance_to_nearest|brake_dist,5,1,0,4,1,1,20.0,5.0,10.0,55.0,3,47,11.699697494506836,0.836557794758614,,arrive_dest
4035,fresh,6,fresh,,,0,1,1,18,0,0,20.0,10.0,5.0,35.0,3,104,36.879310607910156,2.697254681529907,,out_of_road
4036,crossover,6,crossover,,select_lane|ego_on_intersection|intersection_has_cars|distractor_cars|maximum_distractor_speed|cluster_dist|brake_dist,3,0,0,18,0,0,15.0,40.0,5.0,20.0,2,215,163.42369079589844,5.811847872581593,,crash_vehicle
4037,fresh,0,fresh,,,0,0,0,1,0,1,5.0,10.0,15.0,35.0,1,154,132.22132873535156,7.1419572830200195,,arrive_dest
4038,crossover,6,crossover,,maximum_distractor_speed|cluster_dist|brake_dist,2,1,0,18,0,1,15.0,5.0,15.0,55.0,2,653,-0.22574234008789062,0.019428722238079694,,crash_vehicle
4039,fresh,0,fresh,,,0,0,0,0,0,0,10.0,5.0,5.0,20.0,0,205,191.20567321777344,7.361875503819164,rejection_fallback,out_of_road
4040,replay,0,replay,,,0,0,0,0,0,0,10.0,5.0,5.0,20.0,0,105,46.0218620300293,1.875013534228007,,out_of_road
4041,fresh,6,fresh,,,0,0,0,18,1,0,10.0,40.0,15.0,55.0,0,226,187.40721130371094,6.66356166036783,,out_of_road
4042,mutation,1,mutation,cluster_dist,,0,1,1,2,0,0,20.0,20.0,10.0,35.0,0,220,175.22132873535156,6.931826963207938,,crash_vehicle
4043,fresh,0,fresh,,,0,0,0,0,1,0,20.0,40.0,15.0,20.0,0,155,68.84271240234375,2.870165308252458,,out_of_road
4044,crossover,6,crossover,,select_lane|ego_on_intersection|intersection_has_cars|distance_to_nearest,4,1,1,18,0,0,5.0,10.0,5.0,55.0,1,1000,9.81944751739502,0.12227904280275106,,max_step
4045,fresh,2,fresh,,,0,0,0,3,1,1,20.0,40.0,5.0,55.0,3,143,77.09612274169922,2.392375713044947,,crash_vehicle
4046,replay,2,replay,,,0,0,0,3,1,1,20.0,40.0,5.0,55.0,3,144,42.33702087402344,1.5802506771740608,,out_of_road
4047,fresh,3,fresh,,,0,0,0,4,0,1,15.0,10.0,10.0,55.0,0,1000,14.12449836730957,0.029833558237180115,,max_step
4048,replay,3,replay,,,0,0,0,4,0,1,15.0,10.0,10.0,55.0,0,235,179.8561248779297,6.831537752963127,,out_of_road
4049,fresh,1,fresh,,,0,1,1,2,0,0,15.0,10.0,15.0,20.0,2,171,150.4381103515625,6.160919735306187,,arrive_dest
4050,replay,1,replay,,,0,1,1,2,0,0,15.0,10.0,15.0,20.0,2,1000,4.686473846435547,0.03726033721771091,,max_step
4051,fresh,6,fresh,,,0,0,0,18,0,0,5.0,10.0,10.0,35.0,3,347,3.3812170028686523,0.3315896240709838,,crash_vehicle
4052,replay,6,replay,,,0,0,0,18,0,0,5.0,10.0,10.0,35.0,3,129,80.7088623046875,3.3425047807973023,,out_of_road
4053,fresh,6,fresh,,,0,1,1,18,1,0,10.0,5.0,5.0,35.0,0,372,161.94491577148438,3.828871127177951,,crash_vehicle
4054,mutation,3,mutation,brake_dist,,1,1,0,4,0,0,20.0,20.0,5.0,10.0,0,121,57.6546630859375,2.551003182045192,,out_of_road
4055,fresh,1,fresh,,,0,1,0,2,1,1,15.0,10.0,15.0,20.0,2,243,107.24063873291016,3.24186365662043,,out_of_road
4056,mutation,6,mutation,distractor_cars,,1,0,0,18,1,0,10.0,40.0,5.0,55.0,1,98,26.951812744140625,3.0313440609951408,,out_of_road
4057,fresh,1,fresh,,,0,0,0,2,0,1,5.0,5.0,5.0,55.0,2,2,10.0,0.0,,arrive_dest
4058,replay,1,replay,,,0,0,0,2,0,1,5.0,5.0,5.0,55.0,2,2,10.0,0.0,,arrive_dest
4059,fresh,4,fresh,,,0,1,0,8,0,1,20.0,40.0,15.0,55.0,1,122,59.105133056640625,1.32073041564617,,out_of_road
4060,replay,4,replay,,,0,1,0,8,0,1,20.0,40.0,15.0,55.0,1,118,66.98944854736328,1.8152594816381649,,out_of_road
4061,fresh,3,fresh,,,0,0,0,4,0,0,5.0,20.0,15.0,55.0,1,199,80.5628662109375,2.257083656051051,,crash_vehicle
4062,replay,3,replay,,,0,0,0,4,0,0,5.0,20.0,15.0,55.0,1,195,164.64659118652344,7.118887138061035,,crash_vehicle
4063,fresh,3,fresh,,,0,1,0,4,0,0,5.0,20.0,5.0,20.0,1,104,45.3067741394043,1.9195629422051401,,out_of_road
4064,mutation,3,mutation,has_cluster,,1,1,0,4,1,1,20.0,40.0,5.0,55.0,1,249,33.28205871582031,0.0721269773102429,,crash_vehicle
4065,fresh,4,fresh,,,0,0,0,8,0,1,15.0,40.0,10.0,20.0,0,1000,35.282630920410156,0.05419280445436016,,max_step
4066,crossover,3,crossover,,select_lane|ego_on_intersection|intersection_has_cars|distractor_cars|has_brake_checker|has_cluster|maximum_distractor_speed|cluster_dist,5,0,0,5,0,0,15.0,10.0,5.0,20.0,3,168,90.209228515625,4.510519118092599,,out_of_road
4067,fresh,0,fresh,,,0,0,0,0,0,0,10.0,5.0,5.0,20.0,0,114,44.60979080200195,2.2539071992301105,rejection_fallback,out_of_road
4068,replay,0,replay,,,0,0,0,0,0,0,10.0,5.0,5.0,20.0,0,93,34.13468551635742,0.016157442363359593,,out_of_road
4069,fresh,1,fresh,,,0,1,1,2,1,0,10.0,10.0,5.0,55.0,1,184,65.65354919433594,2.8180584802251794,,out_of_road
4070,mutation,4,mutation,select_road|select_lane|ego_on_intersection|intersection_has_cars,,3,1,1,8,1,1,10.0,10.0,10.0,20.0,3,949,9.225234985351562,0.04491554172876418,,crash_vehicle
4071,fresh,4,fresh,,,0,0,0,8,0,0,5.0,5.0,5.0,35.0,2,56,-0.7773399353027344,2.250214723604066,,out_of_road
4072,mutation,0,mutation,has_cluster,,0,0,0,0,0,0,15.0,40.0,10.0,55.0,0,100,50.514530181884766,1.2268275548517704,,out_of_road
4073,fresh,5,fresh,,,0,1,1,12,0,0,20.0,5.0,5.0,20.0,3,137,40.83799743652344,1.6380251469838358,,out_of_road
4074,crossover,1,crossover,,select_lane|ego_on_intersection|intersection_has_cars|has_brake_checker|intersection_cars|maximum_distractor_speed|distance_to_nearest|cluster_dist|brake_dist,6,0,0,2,1,0,10.0,10.0,15.0,55.0,0,534,99.49036407470703,0.9503234356558055,,out_of_road
4075,fresh,3,fresh,,,0,0,0,4,1,0,5.0,10.0,15.0,55.0,0,234,58.521705627441406,1.3877985103326476,,crash_vehicle
4076,replay,3,replay,,,0,0,0,4,1,0,5.0,10.0,15.0,55.0,0,161,108.23528289794922,4.382576048189068,,out_of_road
4077,fresh,3,fresh,,,0,1,0,5,0,0,15.0,40.0,15.0,10.0,1,49,2.015017509460449,0.0,,out_of_road
4078,crossover,6,crossover,,distractor_cars|cluster_dist|brake_dist,1,0,0,18,1,0,15.0,40.0,15.0,55.0,2,193,92.69084167480469,2.858799383237263,,crash_vehicle
4079,fresh,0,fresh,,,0,1,1,1,1,1,10.0,40.0,5.0,55.0,1,214,165.0073699951172,8.052054562997595,,out_of_road
4080,replay,0,replay,,,0,1,1,1,1,1,10.0,40.0,5.0,55.0,1,153,29.454357147216797,1.2913677065201055,,out_of_road
4081,fresh,1,fresh,,,0,1,0,2,0,0,10.0,40.0,15.0,35.0,2,191,133.0595245361328,4.29797012854309,,out_of_road
4082,replay,1,replay,,,0,1,0,2,0,0,10.0,40.0,15.0,35.0,2,181,74.02157592773438,1.8400146615027724,,out_of_road
4083,fresh,3,fresh,,,0,1,1,4,1,1,20.0,5.0,5.0,20.0,0,70,3.286195755004883,2.2291140743664335,,out_of_road
4084,crossover,2,crossover,,select_lane|ego_on_intersection|intersection_has_cars|intersection_cars|distance_to_nearest|cluster_dist|brake_dist,6,0,0,3,0,1,20.0,5.0,15.0,55.0,0,1000,45.534393310546875,0.3912530537769198,,max_step
4085,fresh,2,fresh,,,0,0,0,3,1,0,20.0,20.0,5.0,35.0,3,164,75.09578704833984,1.677744067024167,,crash_vehicle
4086,mutation,0,mutation,brake_dist,,0,0,0,0,0,0,5.0,40.0,5.0,10.0,0,118,58.006160736083984,2.5654459636090166,,out_of_road
4087,fresh,3,fresh,,,0,1,1,4,1,1,15.0,10.0,10.0,35.0,0,194,61.277381896972656,1.7261507115950905,,crash_vehicle
4088,mutation,3,mutation,distractor_cars,,1,0,0,5,1,0,15.0,10.0,10.0,35.0,3,839,74.7535400390625,0.6814656548903583,,crash_vehicle
4089,fresh,0,fresh,,,0,1,0,1,0,1,15.0,5.0,15.0,35.0,1,101,44.864986419677734,1.896658968217302,,out_of_road
4090,mutation,0,mutation,intersection_cars,,0,0,0,1,0,0,10.0,5.0,10.0,20.0,1,286,209.25001525878906,5.184703468859612,,out_of_road
4091,fresh,3,fresh,,,0,1,0,4,1,1,10.0,40.0,5.0,55.0,2,1000,38.89727020263672,0.052450255408883095,,max_step
4092,mutation,2,mutation,has_brake_checker,,1,0,0,3,0,0,10.0,5.0,15.0,20.0,0,274,139.45152282714844,4.711652198248971,,out_of_road
4093,fresh,3,fresh,,,0,1,1,4,0,0,15.0,20.0,10.0,35.0,1,116,48.23871612548828,1.572933008252033,,out_of_road
4094,replay,3,replay,,,0,1,1,4,0,0,15.0,20.0,10.0,35.0,1,231,164.20872497558594,6.638672635797814,,out_of_road
4095,fresh,6,fresh,,,0,1,1,18,1,1,20.0,40.0,5.0,55.0,3,79,28.087825775146484,0.3172895881948592,,crash_vehicle
4096,crossover,3,crossover,,select_lane|ego_on_intersection|intersection_has_cars|has_cluster|distance_to_nearest,5,1,1,4,1,0,20.0,10.0,15.0,55.0,3,2,10.0,2.2393441200256348,,arrive_dest
4097,fresh,2,fresh,,,0,0,0,3,0,0,15.0,5.0,15.0,35.0,2,1000,2.942674160003662,0.02964698068611324,,max_step
4098,crossover,2,crossover,,has_brake_checker|has_cluster|maximum_distractor_speed|distance_to_nearest,4,0,0,3,0,1,20.0,40.0,10.0,35.0,3,115,42.32670211791992,1.0815094903759335,,out_of_road
4099,fresh,3,fresh,,,0,1,1,4,0,0,20.0,5.0,15.0,10.0,1,124,30.572593688964844,2.0927038668624816,,out_of_road
4100,crossover,3,crossover,,select_lane|ego_on_intersection|intersection_has_cars|has_brake_checker|has_cluster,1,1,1,4,0,0,20.0,20.0,10.0,35.0,3,182,98.30635070800781,2.9898477031306907,,out_of_road
4101,fresh,3,fresh,,,0,0,0,4,1,1,10.0,5.0,15.0,55.0,3,936,-0.1620469093322754,0.045886259147913284,,crash_vehicle
4102,replay,3,replay,,,0,0,0,4,1,1,10.0,5.0,15.0,55.0,3,200,72.09326171875,2.2600729858875273,,out_of_road
4103,fresh,0,fresh,,,0,1,1,0,1,0,15.0,10.0,5.0,35.0,0,127,50.912349700927734,0.42544375148814495,,out_of_road
4104,replay,0,replay,,,0,1,1,0,1,0,15.0,10.0,5.0,35.0,0,228,128.4351348876953,2.998771203060945,,out_of_road
4105,fresh,2,fresh,,,0,0,0,3,0,1,20.0,10.0,5.0,20.0,0,1000,7.761568546295166,0.01341956765577197,,max_step
4106,replay,2,replay,,,0,0,0,3,0,1,20.0,10.0,5.0,20.0,0,130,55.52541732788086,1.8129077185231905,,out_of_road
4107,fresh,4,fresh,,,0,0,0,8,1,1,20.0,20.0,15.0,35.0,2,228,159.84661865234375,5.165926504684122,,out_of_road
4108,mutation,0,mutation,brake_dist,,1,1,0,1,0,0,20.0,5.0,5.0,20.0,0,1000,0.11785000562667847,0.000808197021484375,,max_step
4109,fresh,0,fresh,,,0,0,0,1,0,0,20.0,40.0,5.0,20.0,1,246,199.61090087890625,6.203914577641139,,out_of_road
4110,mutation,3,mutation,intersection_cars,,1,1,0,4,0,0,20.0,10.0,5.0,20.0,3,242,93.60546875,3.0989606311498594,,out_of_road
4111,fresh,0,fresh,,,0,0,0,1,0,1,20.0,40.0,10.0,35.0,1,241,141.97518920898438,2.756781042920603,,out_of_road
4112,crossover,6,crossover,,has_brake_checker|intersection_cars|has_cluster|distance_to_nearest|brake_dist,3,1,0,18,1,0,15.0,40.0,5.0,55.0,2,243,181.4194793701172,7.2087957500920865,,out_of_road
4113,fresh,1,fresh,,,0,1,0,2,1,0,15.0,5.0,10.0,20.0,2,138,61.97816467285156,1.269783837855726,,out_of_road
4114,crossover,3,crossover,,distractor_cars|has_cluster|cluster_dist|brake_dist,2,1,0,4,0,0,20.0,40.0,10.0,35.0,3,59,5.697005271911621,0.281228598901781,,out_of_road
4115,fresh,0,fresh,,,0,1,0,1,1,0,5.0,40.0,15.0,55.0,0,155,82.8142318725586,1.5117716137439974,,crash_vehicle
4116,crossover,1,crossover,,select_lane|ego_on_intersection|intersection_has_cars|intersection_cars|has_cluster|maximum_distractor_speed|cluster_dist|brake_dist,6,0,0,2,0,1,20.0,10.0,15.0,35.0,0,973,90.4154281616211,0.7319479631269609,,crash_vehicle
4117,fresh,5,fresh,,,0,0,0,12,0,0,15.0,5.0,5.0,10.0,3,312,53.12696838378906,0.9615945772339518,,crash_vehicle
4118,replay,5,replay,,,0,0,0,12,0,0,15.0,5.0,5.0,10.0,3,131,45.089176177978516,1.705435308791299,,out_of_road
4119,fresh,6,fresh,,,0,0,0,18,0,1,5.0,10.0,10.0,10.0,2,520,5.01615047454834,0.16202275791706947,,crash_vehicle
4120,crossover,4,crossover,,select_lane|ego_on_intersection|intersection_has_cars|maximum_distractor_speed,2,0,0,8,1,0,10.0,40.0,10.0,55.0,1,112,41.35337829589844,0.13603291979857854,,out_of_road
4121,fresh,3,fresh,,,0,0,0,5,0,0,20.0,5.0,15.0,35.0,0,259,159.55850219726562,5.964985848969014,,arrive_dest
4122,crossover,1,crossover,,has_cluster|cluster_dist,0,1,0,2,1,1,20.0,10.0,5.0,55.0,2,103,40.34330749511719,1.0814660694992657,,out_of_road
4123,fresh,6,fresh,,,0,0,0,18,0,1,20.0,40.0,15.0,55.0,2,465,208.9867401123047,3.0734478517886132,,out_of_road
4124,mutation,5,mutation,cluster_dist,,0,1,0,12,0,0,10.0,10.0,10.0,35.0,2,1000,37.67707443237305,0.3293494551107287,,max_step
4125,fresh,0,fresh,,,0,0,0,0,1,0,15.0,20.0,15.0,10.0,0,308,111.29558563232422,2.3444076118531165,,out_of_road
4126,crossover,1,crossover,,cluster_dist|brake_dist,2,0,0,2,0,1,20.0,20.0,5.0,10.0,1,241,164.7257843017578,6.103770501138758,,out_of_road
4127,fresh,6,fresh,,,0,1,0,18,1,1,5.0,5.0,5.0,20.0,1,326,143.0758819580078,3.815384525691439,,out_of_road
4128,replay,6,replay,,,0,1,0,18,1,1,5.0,5.0,5.0,20.0,1,131,53.766357421875,4.013263986538385,,out_of_road
4129,fresh,3,fresh,,,0,0,0,4,0,1,5.0,20.0,15.0,10.0,3,520,150.20501708984375,2.0344089698834487,,out_of_road
4130,mutation,2,mutation,has_cluster,,1,1,1,3,1,1,15.0,10.0,15.0,55.0,1,278,174.8102569580078,5.0558316906471905,,out_of_road
4131,fresh,0,fresh,,,0,0,0,1,0,1,20.0,10.0,5.0,35.0,1,106,63.54815673828125,1.4746423415699095,,out_of_road
4132,mutation,3,mutation,cluster_dist,,0,1,0,5,0,0,15.0,20.0,10.0,20.0,2,59,11.703681945800781,0.20753262406688625,,out_of_road
4133,fresh,4,fresh,,,0,1,1,8,0,1,10.0,5.0,5.0,10.0,1,715,-0.16399288177490234,0.07070362404171195,,crash_vehicle
4134,replay,4,replay,,,0,1,1,8,0,1,10.0,5.0,5.0,10.0,1,364,85.22370910644531,2.2874277099854425,,crash_vehicle
4135,fresh,3,fresh,,,0,0,0,5,1,0,10.0,10.0,10.0,35.0,0,1000,64.86286163330078,0.15340670074149967,,max_step
4136,mutation,4,mutation,has_brake_checker,,0,0,0,8,0,0,5.0,5.0,15.0,35.0,2,238,1.0170578956604004,0.3487289548155014,,crash_vehicle
4137,fresh,0,fresh,,,0,0,0,1,1,1,20.0,5.0,10.0,35.0,1,102,43.66182327270508,0.3024828898556092,,out_of_road
4138,crossover,6,crossover,,select_lane|ego_on_intersection|intersection_has_cars|distractor_cars|has_cluster|distance_to_nearest|brake_dist,5,0,0,18,1,1,15.0,20.0,5.0,35.0,2,246,203.50918579101562,6.956329705875095,,out_of_road
4139,fresh,4,fresh,,,0,1,0,8,0,0,20.0,10.0,5.0,10.0,0,136,66.99760437011719,4.619313050718868,,out_of_road
4140,replay,4,replay,,,0,1,0,8,0,0,20.0,10.0,5.0,10.0,0,480,300.3864440917969,4.892366741791678,,out_of_road
4141,fresh,0,fresh,,,0,0,0,0,0,0,10.0,5.0,5.0,20.0,0,184,161.06581115722656,6.1645860923049245,rejection_fallback,out_of_road
4142,crossover,0,crossover,,select_lane|ego_on_intersection|intersection_has_cars|has_brake_checker|has_cluster|maximum_distractor_speed|distance_to_nearest,3,0,0,0,0,0,10.0,5.0,15.0,55.0,0,304,266.2880554199219,8.137766892188473,,out_of_road
4143,fresh,2,fresh,,,0,0,0,3,0,1,10.0,20.0,5.0,20.0,2,738,219.7267303466797,1.5250869391430524,,out_of_road
4144,replay,2,replay,,,0,0,0,3,0,1,10.0,20.0,5.0,20.0,2,1000,72.07859802246094,0.26076292283833025,,max_step
4145,fresh,0,fresh,,,0,1,1,0,0,0,20.0,20.0,10.0,55.0,0,104,44.45701217651367,0.31822150164785296,,out_of_road
4146,crossover,5,crossover,,select_lane|ego_on_intersection|intersection_has_cars|distractor_cars|intersection_cars|has_cluster|maximum_distractor_speed|cluster_dist|brake_dist,5,1,1,12,1,1,10.0,40.0,15.0,55.0,0,155,87.72498321533203,1.6431191021396268,,crash_vehicle
4147,fresh,6,fresh,,,0,0,0,18,0,1,20.0,10.0,5.0,35.0,0,26,9.744388580322266,5.076019362761424,,arrive_dest
4148,replay,6,replay,,,0,0,0,18,0,1,20.0,10.0,5.0,35.0,0,151,103.60972595214844,2.6199525322345707,,crash_vehicle
4149,fresh,5,fresh,,,0,1,0,12,0,1,15.0,40.0,5.0,55.0,0,152,29.460861206054688,0.6021376056106467,,out_of_road
4150,mutation,5,mutation,intersection_cars,,1,1,0,12,1,1,15.0,10.0,10.0,55.0,2,808,103.65345001220703,0.8427563000212211,,crash_vehicle
4151,fresh,0,fresh,,,0,1,1,0,0,0,5.0,40.0,15.0,35.0,0,102,46.68819046020508,2.1386400204078826,,out_of_road
4152,crossover,0,crossover,,distractor_cars|has_brake_checker|intersection_cars|has_cluster|distance_to_nearest|cluster_dist|brake_dist,4,1,0,0,0,0,15.0,5.0,5.0,20.0,0,2,10.0,0.0,,arrive_dest
4153,fresh,3,fresh,,,0,0,0,4,1,0,20.0,10.0,15.0,20.0,2,77,12.933467864990234,0.6503154550279889,,out_of_road
4154,crossover,6,crossover,,select_lane|ego_on_intersection|intersection_has_cars|distractor_cars|has_cluster|maximum_distractor_speed|cluster_dist|brake_dist,3,0,0,18,1,1,15.0,20.0,5.0,35.0,1,1000,137.5558624267578,1.1102542553902603,,max_step
4155,fresh,3,fresh,,,0,1,1,5,0,0,10.0,40.0,10.0,35.0,1,118,56.45164489746094,0.8461774486606404,,out_of_road
4156,mutation,0,mutation,brake_dist,,1,1,1,0,0,0,5.0,40.0,5.0,20.0,0,104,50.63003158569336,1.265021896419617,,out_of_road
4157,fresh,6,fresh,,,0,1,1,18,0,1,10.0,40.0,5.0,10.0,0,49,6.104522705078125,0.1779903100461376,,out_of_road
4158,crossover,0,crossover,,select_lane|ego_on_intersection|intersection_has_cars|intersection_cars|distance_to_nearest|cluster_dist,5,1,1,0,0,0,10.0,40.0,15.0,55.0,0,187,145.52203369140625,4.1998328098001325,,out_of_road
4159,fresh,2,fresh,,,0,0,0,3,0,1,10.0,10.0,10.0,35.0,3,200,134.93228149414062,5.913676383942366,,crash_vehicle
4160,mutation,0,mutation,distractor_cars,,2,1,0,0,1,0,15.0,20.0,5.0,35.0,0,118,60.24969482421875,1.5416842980657595,,out_of_road
4161,fresh,2,fresh,,,0,0,0,3,0,1,15.0,20.0,15.0,55.0,1,253,203.5157928466797,6.443888155603597,,out_of_road
4162,replay,2,replay,,,0,0,0,3,0,1,15.0,20.0,15.0,55.0,1,241,202.85948181152344,6.433575809743889,,out_of_road
4163,fresh,3,fresh,,,0,0,0,5,1,0,5.0,10.0,10.0,55.0,3,1000,24.0496826171875,0.21962104628328233,,max_step
4164,replay,3,replay,,,0,0,0,5,1,0,5.0,10.0,10.0,55.0,3,203,149.78321838378906,5.299355802864864,,out_of_road
4165,fresh,3,fresh,,,0,0,0,5,0,0,15.0,10.0,10.0,20.0,0,448,221.6810302734375,4.000020283806537,,out_of_road
4166,crossover,0,crossover,,distractor_cars|has_brake_checker|intersection_cars|has_cluster|distance_to_nearest|brake_dist,1,0,0,0,0,0,10.0,10.0,15.0,35.0,0,299,283.17083740234375,9.448685420396735,,out_of_road
4167,fresh,3,fresh,,,0,1,1,5,1,0,10.0,10.0,15.0,20.0,3,287,88.03728485107422,2.434084662057797,,out_of_road
4168,replay,3,replay,,,0,1,1,5,1,0,10.0,10.0,15.0,20.0,3,184,94.69966125488281,4.184668196284252,,out_of_road
4169,fresh,4,fresh,,,0,0,0,8,1,1,10.0,10.0,15.0,55.0,2,1000,18.983911514282227,0.022054989289492368,,max_step
4170,crossover,0,crossover,,select_lane|ego_on_intersection|intersection_has_cars|has_cluster|brake_dist,2,0,0,1,0,0,20.0,5.0,10.0,35.0,1,342,273.02105712890625,6.936093970348961,,out_of_road
4171,fresh,6,fresh,,,0,1,1,18,0,0,5.0,20.0,5.0,55.0,1,1000,73.83399200439453,0.4551335857976228,,max_step
4172,mutation,4,mutation,maximum_distractor_speed,,1,1,0,8,0,0,5.0,5.0,5.0,35.0,2,802,-0.036289215087890625,0.059861680137416225,,crash_vehicle
4173,fresh,2,fresh,,,0,0,0,3,0,0,5.0,5.0,10.0,35.0,2,472,12.598386764526367,0.1764715200416365,,crash_vehicle
4174,mutation,3,mutation,has_brake_checker,,0,1,1,4,0,0,10.0,20.0,15.0,35.0,3,613,334.2319641113281,4.393910148601863,,out_of_road
4175,fresh,2,fresh,,,0,0,0,3,1,0,10.0,20.0,5.0,35.0,0,146,51.44296646118164,0.6130088432500623,,crash_vehicle
4176,crossover,4,crossover,,select_lane|ego_on_intersection|intersection_has_cars|distractor_cars|has_brake_checker|intersection_cars|has_cluster|maximum_distractor_speed|distance_to_nearest|cluster_dist,7,0,0,8,0,0,15.0,20.0,5.0,35.0,3,115,31.195343017578125,0.13300745973120565,,out_of_road
4177,fresh,4,fresh,,,0,1,0,8,0,1,20.0,5.0,10.0,35.0,3,575,-0.19510269165039062,0.04011758515206368,,crash_vehicle
4178,mutation,2,mutation,maximum_distractor_speed,,1,0,0,3,1,0,20.0,10.0,10.0,35.0,3,246,194.88848876953125,6.251257744383037,,out_of_road
4179,fresh,1,fresh,,,0,0,0,2,0,0,10.0,40.0,15.0,55.0,2,245,183.025634765625,6.298654475504038,,out_of_road
4180,replay,1,replay,,,0,0,0,2,0,0,10.0,40.0,15.0,55.0,2,697,316.18536376953125,4.0677718412521235,,out_of_road
4181,fresh,0,fresh,,,0,1,0,1,0,0,10.0,5.0,5.0,55.0,0,791,326.9696044921875,3.11612639828631,,out_of_road
4182,mutation,3,mutation,has_brake_checker,,2,0,0,4,1,0,5.0,40.0,5.0,55.0,3,79,27.26241683959961,0.33090316193013253,,out_of_road
4183,fresh,6,fresh,,,0,0,0,18,0,1,20.0,5.0,15.0,20.0,3,95,12.634475708007812,1.4633737182146624,,out_of_road
4184,mutation,1,mutation,distance_to_nearest,,1,0,0,2,0,1,20.0,10.0,10.0,10.0,1,192,91.50111389160156,2.286219122198721,,out_of_road
4185,fresh,3,fresh,,,0,0,0,4,1,0,10.0,5.0,5.0,35.0,1,574,242.98684692382812,3.531671137539248,,out_of_road
4186,replay,3,replay,,,0,0,0,4,1,0,10.0,5.0,5.0,35.0,1,172,-0.1641087532043457,0.14175826333853048,,crash_vehicle
4187,fresh,0,fresh,,,0,0,0,1,0,1,10.0,40.0,5.0,35.0,1,246,204.0857391357422,6.418955488054733,,out_of_road
4188,replay,0,replay,,,0,0,0,1,0,1,10.0,40.0,5.0,35.0,1,814,448.81201171875,4.688403366861238,,out_of_road
4189,fresh,2,fresh,,,0,1,1,3,0,1,5.0,40.0,5.0,55.0,1,1000,48.08268737792969,0.1701834278292954,,max_step
4190,mutation,4,mutation,distance_to_nearest,,1,0,0,8,0,0,5.0,5.0,15.0,35.0,1,912,303.9493713378906,1.8764277455772747,,out_of_road
4191,fresh,0,fresh,,,0,0,0,1,0,0,15.0,40.0,15.0,10.0,1,18,-5.1668477058410645,0.0,,out_of_road
4192,replay,0,replay,,,0,0,0,1,0,0,15.0,40.0,15.0,10.0,1,169,83.6556167602539,2.376742396834334,,crash_vehicle
4193,fresh,3,fresh,,,0,0,0,5,0,1,5.0,20.0,5.0,55.0,3,1000,20.007755279541016,0.03131141686439514,,max_step
4194,crossover,3,crossover,,distractor_cars|has_brake_checker|intersection_cars|has_cluster|distance_to_nearest|cluster_dist|brake_dist,6,0,0,4,1,0,15.0,20.0,5.0,35.0,0,409,37.54380798339844,0.2921083263397071,,crash_vehicle
4195,fresh,0,fresh,,,0,0,0,0,0,0,5.0,40.0,10.0,55.0,0,55,0.3787217140197754,0.23177431279962712,,out_of_road
4196,crossover,1,crossover,,select_lane|ego_on_intersection|intersection_has_cars|has_brake_checker|intersection_cars|has_cluster|brake_dist,2,1,0,2,1,0,20.0,20.0,10.0,55.0,0,252,70.29704284667969,0.4540686168308769,,out_of_road
4197,fresh,1,fresh,,,0,1,1,2,1,0,15.0,10.0,15.0,35.0,2,136,79.621337890625,1.8916092845885193,,crash_vehicle
4198,replay,1,replay,,,0,1,1,2,1,0,15.0,10.0,15.0,35.0,2,268,168.9239959716797,2.5638243907979175,,out_of_road
4199,fresh,6,fresh,,,0,0,0,18,1,0,10.0,40.0,10.0,55.0,3,1000,52.707584381103516,0.12322541892528534,,max_step
4200,crossover,3,crossover,,distractor_cars|intersection_cars|maximum_distractor_speed|distance_to_nearest|cluster_dist,5,0,0,4,1,0,20.0,40.0,15.0,55.0,2,156,87.07335662841797,2.5520905366119666,,crash_vehicle
4201,fresh,0,fresh,,,0,0,0,1,1,0,5.0,5.0,5.0,35.0,1,122,59.834327697753906,0.8213155444283955,,crash_vehicle
4202,crossover,1,crossover,,select_lane|ego_on_intersection|intersection_has_cars|maximum_distractor_speed|distance_to_nearest|cluster_dist|brake_dist,5,1,0,2,1,0,20.0,20.0,15.0,35.0,2,256,200.22457885742188,5.771037552971393,,out_of_road
4203,fresh,3,fresh,,,0,1,1,5,0,1,5.0,10.0,5.0,35.0,0,780,4.7264604568481445,0.0498449299735232,,crash_vehicle
4204,crossover,4,crossover,,intersection_cars|has_cluster|distance_to_nearest|cluster_dist|brake_dist,4,1,0,8,0,0,10.0,40.0,5.0,55.0,0,228,184.34014892578125,5.724892591436704,,out_of_road
4205,fresh,0,fresh,,,0,0,0,0,1,0,15.0,10.0,15.0,55.0,0,157,96.58011627197266,2.6158336619282982,,crash_vehicle
4206,replay,0,replay,,,0,0,0,0,1,0,15.0,10.0,15.0,55.0,0,159,81.87842559814453,2.8693511328607237,,out_of_road
4207,fresh,1,fresh,,,0,0,0,2,1,1,5.0,20.0,5.0,35.0,0,1000,42.00722885131836,0.4301761785428971,,max_step
4208,mutation,0,mutation,maximum_distractor_speed,,1,0,0,0,0,0,15.0,5.0,15.0,55.0,0,366,281.84991455078125,6.2807512025201255,,out_of_road
4209,fresh,2,fresh,,,0,1,1,3,1,0,20.0,40.0,15.0,55.0,3,102,50.63457107543945,0.988700020327872,,crash_vehicle
4210,crossover,4,crossover,,has_brake_checker|intersection_cars|has_cluster|maximum_distractor_speed,1,1,1,8,0,0,15.0,40.0,5.0,55.0,3,119,65.96636199951172,1.2517107554844447,,crash_vehicle
4211,fresh,4,fresh,,,0,0,0,8,0,1,5.0,40.0,15.0,35.0,1,106,46.08171844482422,0.6154133964259669,,crash_vehicle
4212,crossover,6,crossover,,intersection_cars|maximum_distractor_speed|distance_to_nearest|brake_dist,3,0,0,18,0,0,20.0,10.0,5.0,55.0,0,570,97.62384796142578,1.6128984450787436,,out_of_road
4213,fresh,0,fresh,,,0,0,0,1,0,0,5.0,5.0,10.0,20.0,1,116,49.78726577758789,2.279222813145868,,out_of_road
4214,crossover,1,crossover,,select_lane|ego_on_intersection|intersection_has_cars|distractor_cars|maximum_distractor_speed|distance_to_nearest|cluster_dist,4,1,1,2,0,0,5.0,40.0,15.0,35.0,2,92,44.302677154541016,0.41141282750860503,,out_of_road
4215,fresh,5,fresh,,,0,1,0,12,1,1,20.0,10.0,15.0,55.0,3,357,64.5028076171875,1.5380160085209946,,out_of_road
4216,mutation,5,mutation,select_road|select_lane|ego_on_intersection|intersection_has_cars,,1,0,0,12,1,0,20.0,10.0,15.0,55.0,3,133,49.52421569824219,1.8113430312701635,,crash_vehicle
4217,fresh,3,fresh,,,0,1,1,5,0,0,10.0,40.0,10.0,35.0,1,184,136.51170349121094,3.5423722863197327,,out_of_road
4218,replay,3,replay,,,0,1,1,5,0,0,10.0,40.0,10.0,35.0,1,152,83.80301666259766,2.488240731978103,,crash_vehicle
4219,fresh,5,fresh,,,0,1,0,12,1,0,5.0,40.0,5.0,55.0,3,109,43.25101089477539,0.8035666377992805,,crash_vehicle
4220,crossover,1,crossover,,distractor_cars|has_brake_checker|has_cluster|maximum_distractor_speed|distance_to_nearest|cluster_dist|brake_dist,6,1,1,2,1,1,15.0,5.0,5.0,55.0,2,127,73.8735122680664,1.4495864939971232,,out_of_road
4221,fresh,3,fresh,,,0,0,0,4,1,0,10.0,20.0,15.0,55.0,0,505,47.949851989746094,0.7262761040636808,,out_of_road
4222,crossover,4,crossover,,distractor_cars|has_brake_checker|has_cluster|cluster_dist,0,0,0,8,0,0,5.0,20.0,5.0,10.0,2,100,33.30400085449219,0.47467735335230826,,out_of_road
4223,fresh,3,fresh,,,0,0,0,4,0,0,5.0,10.0,10.0,20.0,2,292,98.35037231445312,2.7868728022001785,,out_of_road
4224,crossover,5,crossover,,select_lane|ego_on_intersection|intersection_has_cars|distractor_cars|has_brake_checker|maximum_distractor_speed|distance_to_nearest|cluster_dist,6,1,1,12,0,0,15.0,10.0,10.0,55.0,3,106,34.799171447753906,1.0759557658490144,,out_of_road
4225,fresh,2,fresh,,,0,0,0,3,1,1,20.0,20.0,10.0,35.0,3,230,181.66001892089844,6.834622813566871,,crash_vehicle
4226,crossover,1,crossover,,distractor_cars|has_brake_checker|intersection_cars,1,1,1,2,0,0,10.0,40.0,15.0,20.0,0,99,38.05622863769531,0.1615536834555443,,out_of_road
4227,fresh,2,fresh,,,0,1,0,3,1,0,5.0,40.0,10.0,55.0,1,114,38.852699279785156,0.14626842867909817,,out_of_road
4228,crossover,0,crossover,,select_lane|ego_on_intersection|intersection_has_cars|distractor_cars|cluster_dist,7,0,0,0,1,0,10.0,40.0,5.0,55.0,0,121,75.12239837646484,2.0299770275423348,,out_of_road
4229,fresh,3,fresh,,,0,1,0,5,0,0,10.0,5.0,5.0,35.0,2,297,-2.857699394226074,0.0075499880588566414,,crash_vehicle
4230,crossover,5,crossover,,select_lane|ego_on_intersection|intersection_has_cars|distractor_cars|maximum_distractor_speed|distance_to_nearest|brake_dist,3,1,0,12,0,0,15.0,20.0,15.0,10.0,0,59,8.463983535766602,0.2848724995629262,,out_of_road
4231,fresh,1,fresh,,,0,0,0,2,0,1,10.0,40.0,5.0,35.0,2,109,63.969871520996094,1.0910842489758763,,out_of_road
4232,crossover,1,crossover,,distractor_cars|has_brake_checker,1,0,0,2,0,0,20.0,20.0,5.0,55.0,0,178,56.51137924194336,1.4719864205363091,,crash_vehicle
4233,fresh,0,fresh,,,0,0,0,0,1,0,20.0,40.0,10.0,10.0,0,81,26.881534576416016,0.8490661147200032,,crash_vehicle
4234,mutation,3,mutation,distance_to_nearest,,1,1,0,5,0,0,20.0,40.0,10.0,20.0,3,43,1.6539969444274902,0.2931405666262604,,crash_vehicle
4235,fresh,3,fresh,,,0,1,1,5,0,1,10.0,5.0,10.0,35.0,3,308,-0.28963184356689453,0.0556672729715076,,crash_vehicle
4236,crossover,2,crossover,,select_lane|ego_on_intersection|intersection_has_cars|distractor_cars|has_brake_checker|cluster_dist|brake_dist,3,0,0,3,1,1,15.0,10.0,10.0,55.0,0,1000,20.272985458374023,0.05423058576695621,,max_step
4237,fresh,5,fresh,,,0,1,0,12,1,0,10.0,5.0,5.0,20.0,0,291,150.27415466308594,5.69022674075107,,out_of_road
4238,crossover,0,crossover,,select_lane|ego_on_intersection|intersection_has_cars|has_brake_checker|cluster_dist|brake_dist,2,0,0,1,0,0,10.0,5.0,5.0,20.0,1,233,174.8141632080078,4.960762453181549,,out_of_road
4239,fresh,0,fresh,,,0,0,0,1,0,1,20.0,40.0,5.0,20.0,0,128,70.44627380371094,0.6619344400241971,,crash_vehicle
4240,crossover,1,crossover,,distance_to_nearest|cluster_dist|brake_dist,3,1,1,2,0,0,15.0,5.0,5.0,35.0,0,335,171.57350158691406,4.25806270019332,,out_of_road
4241,fresh,2,fresh,,,0,0,0,3,1,0,15.0,40.0,5.0,55.0,2,1000,183.65908813476562,1.1998928928850219,,max_step
4242,crossover,0,crossover,,select_lane|ego_on_intersection|intersection_has_cars|distractor_cars|intersection_cars|distance_to_nearest|cluster_dist|brake_dist,5,0,0,1,0,0,5.0,5.0,15.0,20.0,1,164,104.37286376953125,4.0098615942931755,,out_of_road
4243,fresh,5,fresh,,,0,1,1,12,1,0,5.0,40.0,5.0,55.0,0,99,48.91889190673828,0.24947326291691174,,crash_vehicle
4244,mutation,5,mutation,distractor_cars,,1,1,0,12,0,0,20.0,40.0,5.0,20.0,3,230,155.9639434814453,5.5609245682540145,,out_of_road
4245,fresh,6,fresh,,,0,0,0,18,1,1,20.0,10.0,5.0,55.0,2,906,5.397651672363281,0.07721422279302943,,crash_vehicle
4246,replay,6,replay,,,0,0,0,18,1,1,20.0,10.0,5.0,55.0,2,218,145.80758666992188,5.400483534833707,,out_of_road
4247,fresh,3,fresh,,,0,1,0,5,0,0,5.0,40.0,15.0,35.0,0,79,31.178974151611328,0.40023943744128265,,out_of_road
4248,mutation,2,mutation,select_road|select_lane|ego_on_intersection|intersection_has_cars,,3,1,1,3,1,0,15.0,5.0,15.0,55.0,0,117,37.6486701965332,2.90951171109819,,out_of_road
4249,fresh,1,fresh,,,0,1,1,2,0,1,20.0,5.0,5.0,55.0,2,158,121.89262390136719,4.451412696627122,,out_of_road
4250,mutation,4,mutation,brake_dist,,1,1,0,8,1,0,5.0,5.0,5.0,55.0,0,1000,10.970016479492188,0.06710542039573193,,max_step
4251,fresh,0,fresh,,,0,0,0,1,0,1,20.0,40.0,10.0,10.0,0,88,39.77960205078125,1.225761359388178,,out_of_road
4252,mutation,3,mutation,maximum_distractor_speed,,1,1,1,5,0,1,10.0,5.0,15.0,55.0,3,921,205.59336853027344,1.749441560410392,,out_of_road
4253,fresh,3,fresh,,,0,0,0,4,1,1,15.0,5.0,5.0,35.0,1,1000,46.16470718383789,0.08649817384034396,,max_step
4254,mutation,6,mutation,distance_to_nearest,,1,0,0,18,0,0,5.0,5.0,15.0,55.0,1,1000,76.4418716430664,0.6318970895316451,,max_step
4255,fresh,3,fresh,,,0,0,0,5,0,0,20.0,40.0,10.0,35.0,2,125,69.0059814453125,1.4826809134483336,,crash_vehicle
4256,crossover,3,crossover,,has_cluster|brake_dist,1,1,1,5,0,0,15.0,20.0,15.0,35.0,2,107,36.23285675048828,2.4643184927022346,,out_of_road
4257,fresh,6,fresh,,,0,0,0,18,0,1,20.0,20.0,10.0,10.0,0,253,178.09588623046875,5.359688588281865,,crash_vehicle
4258,crossover,4,crossover,,select_lane|ego_on_intersection|intersection_has_cars|intersection_cars|distance_to_nearest|brake_dist,4,0,0,8,0,0,10.0,40.0,10.0,55.0,3,142,88.94833374023438,2.2600841411507466,,out_of_road
4259,fresh,0,fresh,,,0,1,0,0,1,0,15.0,40.0,5.0,35.0,0,108,65.28894805908203,1.3445417809265632,,crash_vehicle
4260,replay,0,replay,,,0,1,0,0,1,0,15.0,40.0,5.0,35.0,0,197,156.93765258789062,6.097743231632988,,out_of_road
4261,fresh,0,fresh,,,0,0,0,1,0,1,20.0,40.0,10.0,55.0,1,165,106.41019439697266,4.05473223531788,,out_of_road
4262,replay,0,replay,,,0,0,0,1,0,1,20.0,40.0,10.0,55.0,1,168,92.24790954589844,2.809829507200491,,out_of_road
4263,fresh,2,fresh,,,0,0,0,3,1,1,20.0,20.0,10.0,35.0,3,121,66.36153411865234,1.0194393268301467,,out_of_road
4264,mutation,1,mutation,distance_to_nearest,,1,1,1,2,0,0,15.0,5.0,15.0,55.0,2,54,7.301307678222656,0.2185061949270743,,out_of_road
4265,fresh,4,fresh,,,0,1,1,8,1,1,10.0,40.0,5.0,55.0,3,226,37.12239456176758,0.4351329966983964,,crash_vehicle
4266,replay,4,replay,,,0,1,1,8,1,1,10.0,40.0,5.0,55.0,3,205,152.9481964111328,5.634589468269813,,out_of_road
4267,fresh,2,fresh,,,0,1,1,3,1,1,15.0,20.0,15.0,35.0,3,126,65.67515563964844,1.88490300897568,,crash_vehicle
4268,replay,2,replay,,,0,1,1,3,1,1,15.0,20.0,15.0,35.0,3,130,73.91588592529297,1.7976152919805968,,out_of_road
4269,fresh,4,fresh,,,0,0,0,8,0,1,15.0,20.0,5.0,35.0,2,112,53.00571060180664,3.016685709889446,,out_of_road
4270,mutation,0,mutation,distance_to_nearest,,1,0,0,0,0,0,10.0,20.0,5.0,35.0,0,178,137.80003356933594,3.2650799645801607,,out_of_road
4271,fresh,2,fresh,,,0,0,0,3,1,0,15.0,20.0,15.0,35.0,0,241,77.35065460205078,2.1026677077489273,,out_of_road
4272,replay,2,replay,,,0,0,0,3,1,0,15.0,20.0,15.0,35.0,0,263,178.23391723632812,4.643366661531844,,out_of_road
4273,fresh,2,fresh,,,0,0,0,3,1,1,10.0,5.0,10.0,20.0,1,1000,60.68846893310547,0.2158111821487546,,max_step
4274,mutation,1,mutation,select_road|select_lane|ego_on_intersection|intersection_has_cars,,2,0,0,2,0,1,5.0,5.0,10.0,55.0,0,1000,3.222452402114868,0.0008368849074468017,,max_step
4275,fresh,4,fresh,,,0,1,0,8,1,1,15.0,40.0,5.0,55.0,2,85,29.7779541015625,0.38139306657454547,,crash_vehicle
4276,crossover,0,crossover,,distractor_cars|has_brake_checker|has_cluster|distance_to_nearest,0,0,0,0,0,0,10.0,5.0,5.0,20.0,0,187,150.95822143554688,4.747911954627318,,out_of_road
4277,fresh,1,fresh,,,0,0,0,2,1,0,5.0,40.0,15.0,55.0,1,1000,42.03002166748047,0.03743101908825338,,max_step
4278,replay,1,replay,,,0,0,0,2,1,0,5.0,40.0,15.0,55.0,1,223,205.10511779785156,7.952278669606143,,out_of_road
4279,fresh,6,fresh,,,0,1,1,18,0,1,10.0,20.0,5.0,35.0,0,1000,18.05677032470703,0.11124059128947555,,max_step
4280,crossover,5,crossover,,has_brake_checker|intersection_cars|maximum_distractor_speed|distance_to_nearest|cluster_dist,4,1,1,12,0,1,15.0,20.0,5.0,35.0,3,334,13.483051300048828,0.30043701367999265,,crash_vehicle
4281,fresh,0,fresh,,,0,1,1,1,0,1,20.0,5.0,15.0,35.0,1,80,30.806682586669922,0.3601940631866455,,out_of_road
4282,mutation,4,mutation,distance_to_nearest,,1,1,1,8,1,0,15.0,20.0,10.0,55.0,2,113,42.660491943359375,1.699691160062773,,arrive_dest
4283,fresh,5,fresh,,,0,0,0,12,0,0,15.0,20.0,5.0,35.0,3,94,29.378997802734375,0.3646284433755469,,out_of_road
4284,replay,5,replay,,,0,0,0,12,0,0,15.0,20.0,5.0,35.0,3,449,165.2046356201172,3.7330290649940814,,out_of_road
4285,fresh,0,fresh,,,0,1,0,1,0,0,10.0,40.0,10.0,35.0,1,183,116.90198516845703,5.526039175974216,,out_of_road
4286,mutation,3,mutation,intersection_cars,,1,1,1,5,0,0,10.0,40.0,5.0,20.0,3,74,33.811492919921875,0.6916056468680098,,crash_vehicle
4287,fresh,1,fresh,,,0,0,0,2,1,0,20.0,5.0,15.0,35.0,2,126,71.50215148925781,2.494454736865702,,crash_vehicle
4288,replay,1,replay,,,0,0,0,2,1,0,20.0,5.0,15.0,35.0,2,818,36.19138717651367,0.14950412480174258,,crash_vehicle
4289,fresh,3,fresh,,,0,0,0,4,1,1,20.0,20.0,15.0,35.0,3,155,71.63250732421875,2.5880381439962696,,crash_vehicle
4290,crossover,4,crossover,,select_lane|ego_on_intersection|intersection_has_cars|has_cluster|maximum_distractor_speed|distance_to_nearest|cluster_dist,4,1,0,8,0,0,10.0,10.0,15.0,35.0,1,334,248.12376403808594,6.8015507377550275,,out_of_road
4291,fresh,1,fresh,,,0,1,0,2,1,1,10.0,20.0,15.0,35.0,1,116,57.69131088256836,2.68483809561565,,out_of_road
4292,replay,1,replay,,,0,1,0,2,1,1,10.0,20.0,15.0,35.0,1,223,199.91525268554688,7.011529682997631,,out_of_road
4293,fresh,4,fresh,,,0,1,0,8,0,1,15.0,5.0,15.0,20.0,2,119,42.72990036010742,4.365178269498489,,out_of_road
4294,mutation,6,mutation,distance_to_nearest,,1,0,0,18,1,0,15.0,5.0,5.0,35.0,2,1000,119.58406829833984,0.5968389779068529,,max_step
4295,fresh,1,fresh,,,0,0,0,2,0,0,20.0,40.0,5.0,20.0,0,53,4.2480268478393555,0.0,,out_of_road
4296,mutation,4,mutation,distractor_cars,,1,1,0,8,0,0,15.0,20.0,10.0,20.0,2,1000,207.0359344482422,1.6195566789209843,,max_step
4297,fresh,0,fresh,,,0,1,1,1,1,1,15.0,20.0,10.0,35.0,1,1000,79.93712615966797,0.21540643421187997,,max_step
4298,crossover,4,crossover,,distractor_cars|has_brake_checker|intersection_cars|has_cluster|maximum_distractor_speed|cluster_dist|brake_dist,3,1,0,8,1,0,20.0,40.0,5.0,55.0,2,146,91.27389526367188,1.5907159535443947,,crash_vehicle
4299,fresh,0,fresh,,,0,1,1,1,0,1,15.0,20.0,5.0,20.0,1,197,110.05236053466797,3.14988231560603,,out_of_road
4300,crossover,0,crossover,,distractor_cars|has_cluster|maximum_distractor_speed|cluster_dist,2,1,1,0,0,0,5.0,5.0,5.0,20.0,0,122,75.83301544189453,1.7734485466460712,,arrive_dest
4301,fresh,0,fresh,,,0,1,1,1,0,1,10.0,40.0,5.0,55.0,0,108,45.899452209472656,1.1983334289656744,,out_of_road
4302,crossover,6,crossover,,has_brake_checker|intersection_cars|maximum_distractor_speed|distance_to_nearest|cluster_dist|brake_dist,2,1,1,18,0,0,15.0,40.0,15.0,20.0,2,247,194.71163940429688,4.144923835389527,,out_of_road
4303,fresh,3,fresh,,,0,0,0,4,1,1,20.0,10.0,10.0,55.0,1,131,43.78215789794922,2.086600047941426,,out_of_road
4304,replay,3,replay,,,0,0,0,4,1,1,20.0,10.0,10.0,55.0,1,1000,24.257200241088867,0.030933614750392736,,max_step
4305,fresh,6,fresh,,,0,0,0,18,0,1,10.0,10.0,15.0,55.0,0,1000,209.6818084716797,1.7879569883719086,,max_step
4306,crossover,3,crossover,,distractor_cars|has_brake_checker|brake_dist,1,1,0,4,1,0,15.0,20.0,15.0,35.0,3,470,208.8586883544922,3.5006334852347982,,out_of_road
4307,fresh,4,fresh,,,0,0,0,8,0,0,15.0,40.0,5.0,10.0,3,1000,7.457104206085205,0.01397482545208186,,max_step
4308,replay,4,replay,,,0,0,0,8,0,0,15.0,40.0,5.0,10.0,3,233,215.0852813720703,8.105370265603577,,out_of_road
4309,fresh,3,fresh,,,0,0,0,4,0,0,20.0,5.0,15.0,10.0,1,1000,-0.5597983598709106,0.016241922661662102,,max_step
4310,crossover,5,crossover,,select_lane|ego_on_intersection|intersection_has_cars|distractor_cars|intersection_cars|has_cluster|maximum_distractor_speed|distance_to_nearest|cluster_dist|brake_dist,6,0,0,12,0,0,20.0,20.0,15.0,55.0,2,115,43.09813690185547,0.684933066756829,,out_of_road
4311,fresh,3,fresh,,,0,1,1,5,0,1,10.0,10.0,10.0,10.0,1,115,2.2153491973876953,0.08653325101603633,,out_of_road
4312,crossover,6,crossover,,select_lane|ego_on_intersection|intersection_has_cars|distractor_cars|has_brake_checker|has_cluster|distance_to_nearest|cluster_dist|brake_dist,4,0,0,18,0,0,5.0,10.0,5.0,20.0,1,26,-5.703896522521973,0.030240719134990986,,out_of_road
4313,fresh,6,fresh,,,0,0,0,18,0,1,15.0,20.0,10.0,35.0,1,518,87.61680603027344,0.9425599604240946,,crash_vehicle
4314,crossover,3,crossover,,select_lane|ego_on_intersection|intersection_has_cars|has_brake_checker|maximum_distractor_speed|brake_dist,3,1,1,4,0,0,15.0,40.0,15.0,10.0,2,140,89.38692474365234,1.219116941892675,,crash_vehicle
4315,fresh,5,fresh,,,0,0,0,12,1,0,15.0,40.0,5.0,55.0,0,175,121.81009674072266,3.240479756764003,,crash_vehicle
4316,crossover,1,crossover,,has_brake_checker|has_cluster|cluster_dist,1,0,0,2,0,0,20.0,10.0,10.0,10.0,1,1000,62.868499755859375,0.13141934572160244,,max_step
4317,fresh,3,fresh,,,0,1,1,5,1,0,5.0,20.0,10.0,35.0,1,162,34.75410079956055,0.44969221103338547,,out_of_road
4318,mutation,1,mutation,has_brake_checker,,0,0,0,2,1,1,20.0,20.0,15.0,35.0,0,123,43.29527282714844,0.675218771991691,,crash_vehicle
4319,fresh,0,fresh,,,0,1,0,1,0,0,15.0,20.0,10.0,55.0,0,361,170.55868530273438,2.9616742235636777,,out_of_road
4320,crossover,0,crossover,,has_brake_checker|maximum_distractor_speed|cluster_dist,0,0,0,0,0,0,10.0,5.0,5.0,20.0,0,219,154.9763641357422,5.991912574528559,,out_of_road
4321,fresh,3,fresh,,,0,0,0,4,0,1,5.0,10.0,15.0,10.0,0,1000,26.895727157592773,0.08896298833191395,,max_step
4322,mutation,1,mutation,intersection_cars,,1,1,0,2,0,1,5.0,5.0,10.0,55.0,1,1000,2.0852928161621094,0.0002874722480773926,,max_step
4323,fresh,5,fresh,,,0,1,1,12,0,1,15.0,5.0,5.0,10.0,2,482,-0.23417377471923828,0.13385838115611018,,crash_vehicle
4324,crossover,2,crossover,,select_lane|ego_on_intersection|intersection_has_cars|distractor_cars,3,0,0,3,1,0,20.0,40.0,5.0,55.0,3,177,110.78877258300781,3.059040103591768,,crash_vehicle
4325,fresh,2,fresh,,,0,1,0,3,1,0,10.0,10.0,15.0,35.0,0,193,97.19581604003906,3.473067059109248,,out_of_road
4326,crossover,1,crossover,,select_lane|ego_on_intersection|intersection_has_cars|has_brake_checker|intersection_cars|has_cluster|maximum_distractor_speed|distance_to_nearest|brake_dist,4,0,0,2,1,0,10.0,10.0,10.0,55.0,2,125,45.89206314086914,1.3451696486473084,,out_of_road
4327,fresh,3,fresh,,,0,0,0,4,1,1,10.0,40.0,5.0,55.0,0,131,59.407958984375,1.7641112581464171,,out_of_road
4328,mutation,1,mutation,brake_dist,,0,1,0,2,0,0,5.0,40.0,10.0,55.0,2,155,97.53199005126953,1.1351201931795767,,out_of_road
4329,fresh,5,fresh,,,0,0,0,12,0,1,5.0,10.0,5.0,10.0,2,1000,15.106380462646484,0.0469987129997462,,max_step
4330,mutation,0,mutation,cluster_dist,,0,1,0,1,0,0,10.0,40.0,10.0,35.0,1,186,128.08236694335938,1.4664217728760935,,arrive_dest
4331,fresh,5,fresh,,,0,0,0,12,0,0,10.0,20.0,5.0,20.0,1,139,98.10958862304688,5.398452253864823,,out_of_road
4332,mutation,4,mutation,cluster_dist,,0,0,0,8,0,1,15.0,10.0,10.0,10.0,2,772,4.119797706604004,0.034985587493048434,,crash_vehicle
4333,fresh,5,fresh,,,0,1,0,12,0,0,20.0,20.0,10.0,35.0,1,182,107.87550354003906,3.1478627649964865,,out_of_road
4334,replay,5,replay,,,0,1,0,12,0,0,20.0,20.0,10.0,35.0,1,182,149.45144653320312,4.951481415265864,,out_of_road
4335,fresh,0,fresh,,,0,1,1,1,1,0,20.0,5.0,5.0,20.0,0,186,109.7625961303711,4.653698843813712,,out_of_road
4336,crossover,0,crossover,,select_lane|ego_on_intersection|intersection_has_cars|distractor_cars|intersection_cars|has_cluster|maximum_distractor_speed|brake_dist,7,1,0,1,0,1,20.0,5.0,15.0,20.0,1,80,28.733932495117188,0.3804920673370361,,out_of_road
4337,fresh,0,fresh,,,0,1,0,0,0,0,10.0,40.0,10.0,20.0,0,39,3.4488401412963867,0.19846115356836563,,out_of_road
4338,crossover,6,crossover,,select_lane|ego_on_intersection|intersection_has_cars|has_brake_checker|cluster_dist|brake_dist,5,1,0,18,1,0,15.0,40.0,5.0,55.0,2,400,145.16616821289062,1.8153910065535457,,out_of_road
4339,fresh,0,fresh,,,0,0,0,0,1,0,20.0,20.0,10.0,20.0,0,116,52.20474624633789,1.108069160888935,,crash_vehicle
4340,crossover,1,crossover,,select_lane|ego_on_intersection|intersection_has_cars|distractor_cars|has_cluster|maximum_distractor_speed|brake_dist,0,0,0,2,1,0,20.0,20.0,5.0,55.0,0,502,170.4751434326172,2.0508957313766993,,out_of_road
4341,fresh,2,fresh,,,0,0,0,3,0,1,5.0,40.0,5.0,35.0,1,99,44.40958786010742,2.4007024214123236,,out_of_road
4342,mutation,4,mutation,intersection_cars,,0,1,0,8,0,0,10.0,10.0,15.0,35.0,1,455,120.34986114501953,1.6681069342317163,,out_of_road
4343,fresh,3,fresh,,,0,0,0,4,0,1,10.0,40.0,15.0,20.0,1,91,36.517757415771484,0.5550996916634696,,crash_vehicle
4344,mutation,0,mutation,brake_dist,,1,1,1,1,0,1,15.0,20.0,5.0,55.0,1,228,190.37844848632812,6.242269952830515,,out_of_road
4345,fresh,0,fresh,,,0,0,0,1,0,1,15.0,5.0,15.0,10.0,1,135,75.49576568603516,4.587238563210876,,out_of_road
4346,replay,0,replay,,,0,0,0,1,0,1,15.0,5.0,15.0,10.0,1,2,10.0,0.6927385330200195,,arrive_dest
4347,fresh,5,fresh,,,0,1,0,12,0,1,15.0,5.0,10.0,20.0,0,1000,12.870381355285645,0.07467587161436677,,max_step
4348,crossover,1,crossover,,distractor_cars|intersection_cars|has_cluster,0,1,1,2,0,0,20.0,20.0,10.0,35.0,0,116,42.16664123535156,0.6684663697820286,,out_of_road
4349,fresh,4,fresh,,,0,0,0,8,1,0,20.0,5.0,15.0,20.0,2,233,158.54209899902344,5.75430905575916,,out_of_road
4350,mutation,5,mutation,intersection_cars,,1,1,0,12,0,0,10.0,10.0,10.0,35.0,1,1000,9.230319023132324,0.012538360422477126,,max_step
4351,fresh,0,fresh,,,0,1,1,1,1,1,15.0,5.0,5.0,20.0,1,441,304.6512451171875,5.338331815404416,,out_of_road
4352,mutation,3,mutation,intersection_cars,,1,1,1,4,1,1,20.0,10.0,15.0,55.0,1,204,103.07118225097656,3.351566090157219,,out_of_road
4353,fresh,5,fresh,,,0,1,0,12,0,0,15.0,40.0,5.0,35.0,0,127,54.23188018798828,1.309852085714265,,out_of_road
4354,crossover,5,crossover,,select_lane|ego_on_intersection|intersection_has_cars|distractor_cars|intersection_cars|maximum_distractor_speed|cluster_dist|brake_dist,4,0,0,12,0,1,5.0,40.0,5.0,55.0,1,42,1.6617398262023926,0.2697622889564151,,out_of_road
4355,fresh,0,fresh,,,0,1,0,0,0,0,10.0,20.0,5.0,20.0,0,103,50.048370361328125,0.29258399333768675,,arrive_dest
4356,crossover,3,crossover,,intersection_cars|has_cluster|distance_to_nearest,1,1,0,5,1,1,15.0,20.0,15.0,35.0,3,224,157.51145935058594,3.819892553812159,,arrive_dest
4357,fresh,3,fresh,,,0,1,1,5,1,0,20.0,20.0,5.0,35.0,1,1000,35.40080642700195,0.1168117035254836,,max_step
4358,mutation,1,mutation,brake_dist,,1,0,0,2,1,0,20.0,20.0,5.0,35.0,0,101,41.51906204223633,0.9610469347179527,,crash_vehicle
4359,fresh,1,fresh,,,0,1,0,2,0,1,15.0,5.0,5.0,10.0,1,129,50.155059814453125,2.6190803000169205,,out_of_road
4360,crossover,3,crossover,,distractor_cars|intersection_cars|has_cluster|maximum_distractor_speed|distance_to_nearest|cluster_dist|brake_dist,5,1,1,4,0,1,10.0,10.0,15.0,20.0,3,356,241.33164978027344,5.1419305198648,,out_of_road
4361,fresh,1,fresh,,,0,1,0,2,0,1,5.0,5.0,15.0,10.0,2,120,53.34125900268555,0.3147587796052297,,out_of_road
4362,replay,1,replay,,,0,1,0,2,0,1,5.0,5.0,15.0,10.0,2,64,4.6954803466796875,5.159376069903374,,out_of_road
4363,fresh,0,fresh,,,0,0,0,0,0,0,10.0,5.0,15.0,35.0,0,53,12.156997680664062,0.26692459718236383,,out_of_road
4364,replay,0,replay,,,0,0,0,0,0,0,10.0,5.0,15.0,35.0,0,43,5.9748735427856445,0.43969126357588656,,out_of_road
4365,fresh,6,fresh,,,0,1,0,18,0,1,10.0,20.0,10.0,10.0,1,1000,23.9216251373291,0.04986045704223216,,max_step
4366,replay,6,replay,,,0,1,0,18,0,1,10.0,20.0,10.0,10.0,1,113,44.38895034790039,1.3328983620204757,,out_of_road
4367,fresh,2,fresh,,,0,1,1,3,0,0,5.0,10.0,15.0,10.0,0,290,59.06702423095703,0.3744531988326846,,out_of_road
4368,crossover,3,crossover,,distractor_cars|has_cluster|maximum_distractor_speed|distance_to_nearest|cluster_dist,1,0,0,4,1,0,20.0,20.0,10.0,35.0,0,575,74.43219757080078,0.7040947265566692,,crash_vehicle
4369,fresh,6,fresh,,,0,0,0,18,1,0,5.0,5.0,15.0,55.0,0,685,4.856688499450684,0.10328696247761267,,crash_vehicle
4370,replay,6,replay,,,0,0,0,18,1,0,5.0,5.0,15.0,55.0,0,194,148.0267333984375,3.277924956888268,,out_of_road
4371,fresh,3,fresh,,,0,1,0,5,1,0,20.0,40.0,10.0,55.0,3,177,69.66478729248047,2.1200328289115498,,out_of_road
4372,replay,3,replay,,,0,1,0,5,1,0,20.0,40.0,10.0,55.0,3,189,90.65404510498047,2.184151345144504,,crash_vehicle
4373,fresh,1,fresh,,,0,1,0,2,0,0,5.0,5.0,15.0,55.0,0,1000,0.7213224172592163,0.0007715759500861168,,max_step
4374,replay,1,replay,,,0,1,0,2,0,0,5.0,5.0,15.0,55.0,0,234,80.43313598632812,1.7612761872000673,,out_of_road
4375,fresh,1,fresh,,,0,0,0,2,0,1,5.0,40.0,10.0,35.0,0,1000,39.764366149902344,0.02766277387738228,,max_step
4376,crossover,0,crossover,,maximum_distractor_speed|distance_to_nearest|brake_dist,2,0,0,0,0,0,5.0,40.0,10.0,35.0,0,245,207.65370178222656,4.906890790559808,,out_of_road
4377,fresh,0,fresh,,,0,1,1,0,1,0,5.0,40.0,15.0,35.0,0,1000,112.09983825683594,0.39779869268857876,,max_step
4378,replay,0,replay,,,0,1,1,0,1,0,5.0,40.0,15.0,35.0,0,257,208.05885314941406,4.056727201848179,,out_of_road
4379,fresh,6,fresh,,,0,1,0,18,1,0,5.0,40.0,5.0,55.0,2,141,74.27472686767578,1.65405986769825,,crash_vehicle
4380,mutation,1,mutation,cluster_dist,,1,1,1,2,0,0,10.0,40.0,5.0,20.0,2,1000,494.77972412109375,3.941223123200238,,max_step
4381,fresh,0,fresh,,,0,1,0,0,0,0,20.0,5.0,5.0,20.0,0,132,46.48118209838867,0.17629078662756717,,out_of_road
4382,crossover,1,crossover,,has_brake_checker|intersection_cars|has_cluster|maximum_distractor_speed|distance_to_nearest|brake_dist,1,1,1,2,0,1,20.0,20.0,10.0,55.0,1,449,25.68374252319336,0.14956538244783216,,crash_vehicle
4383,fresh,2,fresh,,,0,0,0,3,1,0,20.0,40.0,10.0,55.0,2,98,28.422035217285156,0.49459514812547334,,out_of_road
4384,crossover,1,crossover,,has_cluster,0,1,0,2,1,0,20.0,20.0,15.0,35.0,2,319,160.41778564453125,2.5745439580101577,,crash_vehicle
4385,fresh,3,fresh,,,0,1,1,5,0,0,15.0,40.0,10.0,20.0,2,113,45.310054779052734,0.8540778650646716,,out_of_road
4386,crossover,3,crossover,,has_brake_checker|cluster_dist,2,1,1,4,0,0,20.0,10.0,10.0,55.0,0,1000,3.4250729084014893,0.0012790773119777442,,max_step
4387,fresh,0,fresh,,,0,1,1,0,0,0,20.0,5.0,15.0,35.0,0,98,44.238616943359375,0.5423038565382665,,out_of_road
4388,crossover,1,crossover,,distractor_cars|has_brake_checker|intersection_cars|has_cluster|maximum_distractor_speed|brake_dist,2,0,0,2,0,0,5.0,40.0,15.0,20.0,2,142,81.49734497070312,2.3389808180886256,,out_of_road
4389,fresh,3,fresh,,,0,0,0,5,0,1,15.0,5.0,15.0,10.0,0,180,35.599430084228516,1.2013514470722941,,out_of_road
4390,replay,3,replay,,,0,0,0,5,0,1,15.0,5.0,15.0,10.0,0,166,103.92046356201172,1.1068096218338932,,out_of_road
4391,fresh,5,fresh,,,0,0,0,12,1,1,15.0,40.0,5.0,55.0,2,550,30.91931915283203,0.09449091336266562,,crash_vehicle
4392,mutation,4,mutation,brake_dist,,0,1,1,8,1,0,10.0,5.0,15.0,20.0,0,386,150.76058959960938,3.162216270236308,,out_of_road
4393,fresh,6,fresh,,,0,1,0,18,1,1,15.0,10.0,5.0,55.0,2,1000,213.32510375976562,1.4872812863886355,,max_step
4394,replay,6,replay,,,0,1,0,18,1,1,15.0,10.0,5.0,55.0,2,182,125.08332824707031,4.247655672358943,,out_of_road
4395,fresh,4,fresh,,,0,0,0,8,1,1,10.0,10.0,15.0,55.0,0,33,-5.829492092132568,0.017326210484360203,,out_of_road
4396,crossover,6,crossover,,select_lane|ego_on_intersection|intersection_has_cars|distractor_cars|has_brake_checker|intersection_cars|distance_to_nearest|brake_dist,3,0,0,18,1,0,5.0,20.0,15.0,55.0,1,1000,318.2057189941406,1.6700468338802457,,max_step
4397,fresh,3,fresh,,,0,1,0,4,1,0,10.0,40.0,5.0,55.0,1,429,263.24139404296875,4.399745144609944,,out_of_road
4398,replay,3,replay,,,0,1,0,4,1,0,10.0,40.0,5.0,55.0,1,311,120.44894409179688,2.8688236194575905,,out_of_road
4399,fresh,4,fresh,,,0,1,1,8,0,1,5.0,5.0,10.0,20.0,1,503,-0.4537367820739746,0.22554613758715436,,crash_vehicle
4400,mutation,3,mutation,brake_dist,,1,1,1,4,1,1,10.0,10.0,15.0,20.0,2,359,83.38992309570312,1.6282711915651071,,out_of_road
4401,fresh,3,fresh,,,0,0,0,5,1,1,5.0,5.0,15.0,20.0,1,626,-0.5118260383605957,0.051822334899903295,,crash_vehicle
4402,crossover,2,crossover,,select_lane|ego_on_intersection|intersection_has_cars|has_brake_checker|intersection_cars|has_cluster|distance_to_nearest,5,0,0,3,1,0,10.0,5.0,10.0,55.0,1,167,67.16458892822266,3.134709808640851,,out_of_road
4403,fresh,4,fresh,,,0,1,0,8,1,0,20.0,10.0,15.0,35.0,0,169,63.0140380859375,2.622622909630544,,out_of_road
4404,mutation,1,mutation,distance_to_nearest,,0,0,0,2,1,1,20.0,20.0,15.0,35.0,0,310,127.51402282714844,1.8728955292893994,,out_of_road
4405,fresh,4,fresh,,,0,1,1,8,0,0,5.0,10.0,5.0,55.0,3,1000,8.036713600158691,0.009365669652819633,,max_step
4406,crossover,6,crossover,,distractor_cars|has_brake_checker|has_cluster|distance_to_nearest|brake_dist,2,0,0,18,0,0,10.0,40.0,5.0,20.0,1,626,246.10597229003906,2.0101893317585176,,out_of_road
4407,fresh,4,fresh,,,0,0,0,8,0,0,20.0,5.0,15.0,10.0,1,139,10.350018501281738,0.4248322935627519,,out_of_road
4408,crossover,0,crossover,,distractor_cars|has_brake_checker|intersection_cars|distance_to_nearest|cluster_dist,2,1,1,1,0,1,15.0,5.0,10.0,35.0,1,177,74.1237564086914,2.19202141068076,,out_of_road
4409,fresh,4,fresh,,,0,0,0,8,0,1,20.0,10.0,15.0,10.0,2,1000,27.6292724609375,0.08182303023710846,,max_step
4410,replay,4,replay,,,0,0,0,8,0,1,20.0,10.0,15.0,10.0,2,194,134.2084197998047,4.741754726958029,,crash_vehicle
4411,fresh,4,fresh,,,0,1,1,8,0,1,20.0,40.0,5.0,35.0,0,105,30.753704071044922,0.2814144634065174,,crash_vehicle
4412,mutation,0,mutation,has_brake_checker,,1,0,0,1,1,0,10.0,5.0,15.0,20.0,1,231,97.82169342041016,1.2674316320874732,,crash_vehicle
4413,fresh,3,fresh,,,0,0,0,4,1,0,20.0,10.0,15.0,35.0,3,857,173.15469360351562,0.7282282088643055,,crash_vehicle
4414,mutation,3,mutation,maximum_distractor_speed,,1,1,1,4,0,0,10.0,20.0,10.0,35.0,3,187,36.205440521240234,0.4061338468081253,,crash_vehicle
4415,fresh,3,fresh,,,0,0,0,4,1,1,20.0,20.0,15.0,35.0,2,161,60.82170104980469,0.7745578781418179,,out_of_road
4416,crossover,1,crossover,,has_brake_checker|has_cluster|cluster_dist,0,1,1,2,0,0,10.0,40.0,15.0,20.0,2,66,8.204329490661621,0.31213087024110736,,out_of_road
4417,fresh,0,fresh,,,0,0,0,0,1,0,20.0,20.0,5.0,10.0,0,540,217.0652618408203,2.5246158488370756,,crash_vehicle
4418,crossover,2,crossover,,select_lane|ego_on_intersection|intersection_has_cars|has_brake_checker|intersection_cars|cluster_dist|brake_dist,4,0,0,3,0,0,15.0,5.0,10.0,35.0,3,128,37.54228210449219,2.6075014390517026,,out_of_road
4419,fresh,6,fresh,,,0,0,0,18,1,1,10.0,5.0,10.0,55.0,1,78,6.921730995178223,1.106493280484126,,out_of_road
4420,crossover,0,crossover,,distractor_cars|intersection_cars|cluster_dist,1,0,0,0,0,0,5.0,40.0,15.0,10.0,0,25,-5.142759323120117,0.0,,out_of_road
4421,fresh,4,fresh,,,0,1,0,8,1,1,20.0,40.0,10.0,55.0,0,129,43.696048736572266,1.5801865312942238,,out_of_road
4422,replay,4,replay,,,0,1,0,8,1,1,20.0,40.0,10.0,55.0,0,842,138.62168884277344,1.1949498106740999,,out_of_road
4423,fresh,6,fresh,,,0,0,0,18,1,1,5.0,40.0,10.0,55.0,2,1000,113.35699462890625,0.2316674698833376,,max_step
4424,mutation,0,mutation,distance_to_nearest,,1,0,0,1,0,1,20.0,10.0,15.0,55.0,0,297,197.1552276611328,3.6888348600679777,,out_of_road
4425,fresh,2,fresh,,,0,0,0,3,1,0,10.0,40.0,15.0,55.0,0,151,86.23036193847656,1.3032195951962313,,crash_vehicle
4426,replay,2,replay,,,0,0,0,3,1,0,10.0,40.0,15.0,55.0,0,251,143.8404083251953,4.48731650257728,,out_of_road
4427,fresh,3,fresh,,,0,0,0,5,0,1,10.0,10.0,5.0,10.0,3,136,4.360807418823242,0.6290134554181028,,crash_vehicle
4428,mutation,1,mutation,maximum_distractor_speed,,1,1,0,2,0,1,15.0,40.0,15.0,35.0,2,244,198.84686279296875,4.129719207154923,,out_of_road
4429,fresh,5,fresh,,,0,1,0,12,1,1,20.0,10.0,15.0,55.0,1,1000,164.5312042236328,0.4871594679225236,,max_step
4430,crossover,2,crossover,,has_brake_checker,0,0,0,3,1,0,20.0,40.0,5.0,55.0,3,139,95.6889419555664,1.1099974337241632,,crash_vehicle
4431,fresh,4,fresh,,,0,0,0,8,1,0,20.0,5.0,5.0,35.0,2,739,-0.44463682174682617,0.017140802495680618,,crash_vehicle
4432,replay,4,replay,,,0,0,0,8,1,0,20.0,5.0,5.0,35.0,2,174,119.04845428466797,3.659293080540909,,out_of_road
4433,fresh,0,fresh,,,0,0,0,1,0,1,5.0,40.0,15.0,10.0,1,112,43.808990478515625,0.8321896011808089,,out_of_road
4434,crossover,3,crossover,,select_lane|ego_on_intersection|intersection_has_cars|distractor_cars|has_brake_checker|intersection_cars|has_cluster|cluster_dist,3,1,0,4,1,0,15.0,5.0,15.0,35.0,3,125,-4.457789897918701,0.006373767673969269,,crash_vehicle
4435,fresh,1,fresh,,,0,0,0,2,0,0,15.0,20.0,15.0,35.0,1,141,73.76473999023438,1.8303545468242457,,out_of_road
4436,crossover,2,crossover,,has_brake_checker|intersection_cars|has_cluster|maximum_distractor_speed|brake_dist,2,1,0,3,0,0,15.0,10.0,10.0,20.0,1,145,36.924705505371094,0.9370737142603973,,out_of_road
4437,fresh,0,fresh,,,0,1,1,1,1,0,5.0,5.0,15.0,55.0,1,136,94.4736328125,1.2707886232391876,,crash_vehicle
4438,crossover,5,crossover,,select_lane|ego_on_intersection|intersection_has_cars|distractor_cars|has_brake_checker|intersection_cars|has_cluster|distance_to_nearest,4,0,0,12,0,0,10.0,10.0,10.0,55.0,3,390,275.71636962890625,6.309601065440056,,out_of_road
4439,fresh,3,fresh,,,0,1,0,4,0,1,10.0,40.0,5.0,10.0,1,84,30.368274688720703,0.5229407548904419,,crash_vehicle
4440,replay,3,replay,,,0,1,0,4,0,1,10.0,40.0,5.0,10.0,1,489,223.40777587890625,2.7701240815755535,,out_of_road
4441,fresh,3,fresh,,,0,1,0,5,0,0,20.0,20.0,5.0,10.0,2,1000,12.634011268615723,0.029420832144096493,,max_step
4442,replay,3,replay,,,0,1,0,5,0,0,20.0,20.0,5.0,10.0,2,196,92.48641204833984,3.650288260104705,,crash_vehicle
4443,fresh,6,fresh,,,0,0,0,18,0,1,5.0,40.0,10.0,55.0,1,148,40.56396484375,1.1343227580592439,,crash_vehicle
4444,mutation,4,mutation,intersection_cars,,1,0,0,8,0,0,10.0,40.0,10.0,20.0,0,603,306.1816711425781,2.923321853526196,,crash_vehicle
4445,fresh,2,fresh,,,0,1,0,3,1,0,10.0,20.0,5.0,35.0,2,112,40.241966247558594,1.241351408351745,,out_of_road
4446,crossover,0,crossover,,intersection_cars|maximum_distractor_speed,2,0,0,1,0,0,10.0,10.0,10.0,10.0,0,102,-3.4469094276428223,0.0,,out_of_road
4447,fresh,6,fresh,,,0,1,0,18,1,0,20.0,10.0,10.0,20.0,0,162,53.78599166870117,2.6468103704629122,,crash_vehicle
4448,crossover,0,crossover,,intersection_cars|has_cluster|distance_to_nearest|brake_dist,0,0,0,0,0,0,10.0,5.0,5.0,20.0,0,94,36.44260025024414,0.20206914049513797,,out_of_road
4449,fresh,3,fresh,,,0,0,0,5,1,0,5.0,5.0,5.0,35.0,1,214,11.301916122436523,0.3068831176540562,,out_of_road
4450,crossover,4,crossover,,select_lane|ego_on_intersection|intersection_has_cars|has_cluster|cluster_dist,4,0,0,8,1,0,10.0,5.0,10.0,20.0,0,802,-0.45474815368652344,0.10630887120824535,,crash_vehicle
4451,fresh,5,fresh,,,0,1,1,12,1,0,20.0,5.0,15.0,20.0,3,515,313.6659851074219,4.795237656530825,,out_of_road
4452,crossover,2,crossover,,distractor_cars|intersection_cars|has_cluster|maximum_distractor_speed|cluster_dist,2,0,0,3,0,0,5.0,10.0,15.0,35.0,0,290,213.04173278808594,5.390451027607096,,out_of_road
4453,fresh,6,fresh,,,0,0,0,18,0,1,15.0,40.0,10.0,35.0,3,94,32.69227600097656,0.42822791921331527,,crash_vehicle
4454,mutation,3,mutation,brake_dist,,1,1,0,5,1,1,5.0,10.0,10.0,55.0,3,464,43.825130462646484,0.3069233893866426,,crash_vehicle
4455,fresh,3,fresh,,,0,0,0,5,0,1,5.0,10.0,10.0,35.0,0,577,13.763446807861328,0.12062515450102411,,crash_vehicle
4456,crossover,6,crossover,,brake_dist,1,1,1,18,0,0,15.0,10.0,5.0,55.0,3,568,63.80894470214844,1.4307234230546386,,arrive_dest
4457,fresh,4,fresh,,,0,1,0,8,0,0,15.0,10.0,5.0,10.0,3,112,29.625293731689453,0.5482154903667313,,out_of_road
4458,mutation,0,mutation,brake_dist,,1,1,1,1,0,0,15.0,10.0,5.0,10.0,1,39,2.031445026397705,0.557464844141251,,out_of_road
4459,fresh,3,fresh,,,0,1,0,5,1,1,5.0,40.0,10.0,55.0,0,223,128.6525115966797,4.613842485063279,,out_of_road
4460,crossover,1,crossover,,select_lane|ego_on_intersection|intersection_has_cars|distance_to_nearest|cluster_dist|brake_dist,3,0,0,2,0,1,20.0,20.0,10.0,55.0,2,166,91.9600830078125,0.8599746090820036,,out_of_road
4461,fresh,0,fresh,,,0,1,1,0,1,0,20.0,5.0,5.0,55.0,0,106,48.25001525878906,0.4339150055399481,,out_of_road
4462,crossover,0,crossover,,distractor_cars|has_cluster|maximum_distractor_speed|cluster_dist,4,1,0,1,0,1,20.0,10.0,15.0,35.0,0,278,252.3363494873047,9.358008473093133,,arrive_dest
4463,fresh,1,fresh,,,0,0,0,2,0,1,20.0,10.0,10.0,55.0,2,121,53.016754150390625,0.79314485340079,,out_of_road
4464,replay,1,replay,,,0,0,0,2,0,1,20.0,10.0,10.0,55.0,2,267,203.595703125,5.264236716295449,,out_of_road
4465,fresh,2,fresh,,,0,1,1,3,0,1,5.0,10.0,10.0,55.0,2,344,7.2880659103393555,0.10403782536470613,,crash_vehicle
4466,mutation,1,mutation,select_road|select_lane|ego_on_intersection|intersection_has_cars,,1,0,0,2,0,0,20.0,20.0,10.0,10.0,1,143,72.61770629882812,1.595868879264885,,out_of_road
4467,fresh,0,fresh,,,0,0,0,0,1,0,20.0,20.0,5.0,20.0,0,186,71.92626190185547,1.5828349630358398,,out_of_road
4468,replay,0,replay,,,0,0,0,0,1,0,20.0,20.0,5.0,20.0,0,261,182.894287109375,4.162593035405623,,out_of_road
4469,fresh,6,fresh,,,0,0,0,18,0,1,10.0,5.0,5.0,35.0,2,201,47.04306411743164,2.508050237870335,,crash_vehicle
4470,mutation,4,mutation,brake_dist,,1,0,0,8,0,0,15.0,10.0,15.0,10.0,2,1000,241.53977966308594,1.2428833487015218,,max_step
4471,fresh,0,fresh,,,0,1,0,0,0,0,10.0,5.0,5.0,10.0,0,155,99.20401763916016,1.3610219154627092,,out_of_road
4472,mutation,5,mutation,select_road|select_lane|ego_on_intersection|intersection_has_cars,,2,0,0,12,0,0,5.0,40.0,15.0,20.0,3,51,5.277144432067871,0.19947747623219209,,out_of_road
4473,fresh,1,fresh,,,0,0,0,2,0,0,15.0,10.0,10.0,20.0,2,142,66.55110168457031,0.5192926712990017,,out_of_road
4474,crossover,2,crossover,,distractor_cars|has_brake_checker|intersection_cars|has_cluster|cluster_dist|brake_dist,3,0,0,3,1,1,15.0,5.0,10.0,55.0,1,939,202.5799102783203,1.802253009999395,,out_of_road
4475,fresh,0,fresh,,,0,0,0,1,0,1,20.0,40.0,15.0,35.0,1,199,144.86981201171875,2.937176672058489,,out_of_road
4476,crossover,3,crossover,,select_lane|ego_on_intersection|intersection_has_cars|has_brake_checker|has_cluster|maximum_distractor_speed|distance_to_nearest|cluster_dist|brake_dist,6,0,0,5,1,1,20.0,40.0,15.0,55.0,3,44,4.386384963989258,0.5186072181571614,,out_of_road
4477,fresh,5,fresh,,,0,1,1,12,0,1,5.0,40.0,5.0,10.0,1,34,-0.6002321243286133,0.0,,out_of_road
4478,mutation,6,mutation,has_cluster,,0,1,0,18,1,1,5.0,5.0,5.0,20.0,1,994,5.555196762084961,0.07280748326263917,,crash_vehicle
4479,fresh,2,fresh,,,0,1,0,3,0,0,5.0,10.0,10.0,35.0,3,169,28.262046813964844,2.4088919078104594,,crash_vehicle
4480,replay,2,replay,,,0,1,0,3,0,0,5.0,10.0,10.0,35.0,3,181,108.47466278076172,3.7257101998474056,,out_of_road
4481,fresh,0,fresh,,,0,0,0,0,0,0,10.0,5.0,15.0,10.0,0,162,74.93810272216797,2.2801739800675414,,out_of_road
4482,crossover,2,crossover,,select_lane|ego_on_intersection|intersection_has_cars|distractor_cars|has_brake_checker|intersection_cars|distance_to_nearest|brake_dist,3,0,0,3,1,1,15.0,20.0,10.0,55.0,0,115,49.937767028808594,2.2328666018403096,,crash_vehicle
4483,fresh,3,fresh,,,0,1,1,4,1,0,20.0,40.0,5.0,55.0,1,267,233.01780700683594,8.280587789940924,,crash_vehicle
4484,mutation,1,mutation,brake_dist,,0,0,0,2,1,0,15.0,5.0,5.0,20.0,2,290,229.48988342285156,6.236518059311242,,out_of_road
4485,fresh,1,fresh,,,0,1,1,2,0,0,5.0,10.0,15.0,20.0,1,269,74.76425170898438,1.6637891112484011,,crash_vehicle
4486,replay,1,replay,,,0,1,1,2,0,0,5.0,10.0,15.0,20.0,1,155,70.61336517333984,3.8004428104046855,,out_of_road
4487,fresh,4,fresh,,,0,0,0,8,1,1,5.0,5.0,10.0,20.0,0,119,-5.759747505187988,0.008840570805453453,,out_of_road
4488,replay,4,replay,,,0,0,0,8,1,1,5.0,5.0,10.0,20.0,0,41,2.7204208374023438,0.028887588803361102,,out_of_road
4489,fresh,0,fresh,,,0,0,0,1,1,1,10.0,5.0,10.0,55.0,1,121,53.46735382080078,0.42582931671260804,,out_of_road
4490,replay,0,replay,,,0,0,0,1,1,1,10.0,5.0,10.0,55.0,1,217,124.00941467285156,2.970551612327725,,crash_vehicle
4491,fresh,3,fresh,,,0,1,1,4,1,0,10.0,40.0,10.0,55.0,2,57,5.6470489501953125,0.1940443808572334,,out_of_road
4492,crossover,6,crossover,,select_lane|ego_on_intersection|intersection_has_cars|has_cluster|maximum_distractor_speed|cluster_dist,5,0,0,18,1,1,20.0,40.0,5.0,55.0,2,242,29.171127319335938,0.1901930836144804,,crash_vehicle
4493,fresh,2,fresh,,,0,1,1,3,0,0,15.0,20.0,5.0,20.0,2,654,324.542236328125,3.3084821322141074,,out_of_road
4494,crossover,1,crossover,,select_lane|ego_on_intersection|intersection_has_cars|distractor_cars|has_brake_checker|intersection_cars|maximum_distractor_speed|cluster_dist|brake_dist,3,0,0,2,0,0,15.0,40.0,15.0,35.0,2,250,205.18051147460938,4.07589671087265,,out_of_road
4495,fresh,6,fresh,,,0,1,0,18,0,0,15.0,40.0,5.0,35.0,0,962,84.46320343017578,0.326608473624794,,crash_vehicle
4496,mutation,2,mutation,distance_to_nearest,,1,1,1,3,0,0,10.0,10.0,15.0,20.0,2,215,101.04329681396484,2.427103429304999,,crash_vehicle
4497,fresh,3,fresh,,,0,0,0,4,0,1,10.0,20.0,5.0,35.0,1,465,16.66509246826172,0.08562747983522312,,crash_vehicle
4498,mutation,3,mutation,has_brake_checker,,0,1,0,4,0,1,10.0,10.0,15.0,20.0,3,871,396.5968933105469,3.3608151787098595,,arrive_dest
4499,fresh,5,fresh,,,0,0,0,12,1,0,10.0,10.0,15.0,20.0,2,289,206.5372772216797,5.3321251388652104,,out_of_road
4500,replay,5,replay,,,0,0,0,12,1,0,10.0,10.0,15.0,20.0,2,213,160.89317321777344,3.840850588161621,,out_of_road
4501,fresh,1,fresh,,,0,0,0,2,1,0,20.0,5.0,5.0,20.0,2,22,-5.819951057434082,0.2889004187150435,,out_of_road
4502,crossover,1,crossover,,distractor_cars|has_brake_checker|has_cluster|maximum_distractor_speed,1,1,0,2,0,1,20.0,5.0,10.0,10.0,2,89,35.54881286621094,0.0977389303485999,,out_of_road
4503,fresh,3,fresh,,,0,0,0,4,1,0,10.0,10.0,5.0,35.0,3,549,125.4387435913086,0.5902940969378137,,arrive_dest
4504,replay,3,replay,,,0,0,0,4,1,0,10.0,10.0,5.0,35.0,3,578,183.42764282226562,2.778814993450695,,arrive_dest
4505,fresh,0,fresh,,,0,0,0,1,1,0,5.0,20.0,5.0,55.0,1,137,69.94658660888672,1.6676237530951952,,out_of_road
4506,crossover,3,crossover,,has_brake_checker|has_cluster,1,1,1,5,0,0,15.0,40.0,5.0,55.0,0,217,157.2584686279297,4.273106916159529,,out_of_road
4507,fresh,3,fresh,,,0,1,0,4,1,0,5.0,20.0,15.0,35.0,0,394,63.37169647216797,0.5686516751001026,,out_of_road
4508,replay,3,replay,,,0,1,0,4,1,0,5.0,20.0,15.0,35.0,0,194,80.65704345703125,3.5449553445442437,,crash_vehicle
4509,fresh,0,fresh,,,0,0,0,0,0,0,5.0,40.0,10.0,35.0,0,240,198.33399963378906,5.187961345911026,,out_of_road
4510,crossover,2,crossover,,select_lane|ego_on_intersection|intersection_has_cars|has_cluster|maximum_distractor_speed|distance_to_nearest|cluster_dist|brake_dist,7,1,1,3,0,1,15.0,10.0,5.0,10.0,0,577,3.5397329330444336,0.05982627077883616,,crash_vehicle
4511,fresh,3,fresh,,,0,0,0,4,1,1,5.0,10.0,15.0,20.0,0,410,3.6301345825195312,0.10820429844827187,,crash_vehicle
4512,mutation,0,mutation,distance_to_nearest,,1,0,0,0,0,0,10.0,5.0,15.0,55.0,0,198,134.1500701904297,2.2208099143974707,,out_of_road
4513,fresh,4,fresh,,,0,1,0,8,0,1,15.0,5.0,15.0,10.0,1,353,238.67172241210938,5.943589135624531,,out_of_road
4514,crossover,1,crossover,,select_lane|ego_on_intersection|intersection_has_cars|intersection_cars|distance_to_nearest|brake_dist,5,0,0,2,0,0,15.0,40.0,15.0,10.0,2,171,107.55168151855469,2.8000673744936435,,out_of_road
4515,fresh,0,fresh,,,0,1,1,1,1,1,5.0,40.0,10.0,55.0,1,107,40.240638732910156,0.2849345910493459,,out_of_road
4516,mutation,2,mutation,has_brake_checker,,1,1,0,3,0,0,15.0,20.0,5.0,35.0,0,275,210.7533416748047,4.365229759731076,,out_of_road
4517,fresh,1,fresh,,,0,0,0,2,0,0,15.0,20.0,10.0,20.0,2,286,196.20664978027344,5.5777428724340625,,out_of_road
4518,crossover,2,crossover,,distractor_cars|has_brake_checker|intersection_cars|has_cluster|maximum_distractor_speed|distance_to_nearest|cluster_dist|brake_dist,3,0,0,3,0,1,15.0,20.0,15.0,55.0,1,2,10.0,0.0,,arrive_dest
4519,fresh,6,fresh,,,0,0,0,18,0,0,5.0,20.0,5.0,20.0,0,280,3.40194034576416,0.07584138129438672,,crash_vehicle
4520,replay,6,replay,,,0,0,0,18,0,0,5.0,20.0,5.0,20.0,0,268,212.03684997558594,4.298650753142229,,out_of_road
4521,fresh,6,fresh,,,0,1,0,18,0,1,15.0,40.0,5.0,10.0,1,243,32.803348541259766,0.21835239852468172,,crash_vehicle
4522,replay,6,replay,,,0,1,0,18,0,1,15.0,40.0,5.0,10.0,1,219,200.71238708496094,6.381513743576292,,out_of_road
4523,fresh,5,fresh,,,0,1,1,12,0,0,20.0,10.0,15.0,20.0,2,132,46.08492660522461,1.039345451376655,,crash_vehicle
4524,replay,5,replay,,,0,1,1,12,0,0,20.0,10.0,15.0,20.0,2,252,213.9905242919922,5.511992997090731,,out_of_road
4525,fresh,0,fresh,,,0,1,0,0,0,0,15.0,5.0,5.0,20.0,0,125,77.90786743164062,3.0424368331432343,,out_of_road
4526,mutation,0,mutation,distractor_cars,,1,1,1,0,0,0,15.0,5.0,5.0,35.0,0,88,34.751426696777344,0.3975652205673131,,out_of_road
4527,fresh,3,fresh,,,0,0,0,5,0,0,5.0,10.0,5.0,35.0,1,514,190.7779541015625,2.748186404066675,,crash_vehicle
4528,replay,3,replay,,,0,0,0,5,0,0,5.0,10.0,5.0,35.0,1,181,104.22732543945312,3.0858719105219974,,out_of_road
4529,fresh,2,fresh,,,0,1,0,3,0,0,15.0,40.0,5.0,35.0,1,48,0.925081729888916,0.21462573607762656,,out_of_road
4530,replay,2,replay,,,0,1,0,3,0,0,15.0,40.0,5.0,35.0,1,98,45.015350341796875,0.4110388935220485,,arrive_dest
4531,fresh,0,fresh,,,0,0,0,1,0,0,15.0,10.0,10.0,20.0,1,125,66.73285675048828,0.7572216675281525,,out_of_road
4532,replay,0,replay,,,0,0,0,1,0,0,15.0,10.0,10.0,20.0,1,256,108.18861389160156,0.7927597373782191,,arrive_dest
4533,fresh,3,fresh,,,0,1,0,4,1,1,5.0,20.0,10.0,35.0,2,66,1.2584166526794434,0.07776522636413574,,out_of_road
4534,mutation,4,mutation,brake_dist,,1,0,0,8,0,0,15.0,10.0,15.0,20.0,2,837,441.9822692871094,3.5851769620372402,,out_of_road
4535,fresh,0,fresh,,,0,1,1,1,1,1,5.0,10.0,10.0,20.0,1,454,204.00733947753906,2.3483714724722677,,out_of_road
4536,crossover,0,crossover,,distractor_cars|has_brake_checker|distance_to_nearest|cluster_dist,1,0,0,1,0,0,5.0,5.0,10.0,10.0,1,299,269.00982666015625,7.479045488413759,,out_of_road
4537,fresh,1,fresh,,,0,1,1,2,1,1,10.0,20.0,10.0,35.0,0,227,32.188541412353516,0.25157563155311846,,crash_vehicle
4538,crossover,1,crossover,,select_lane|ego_on_intersection|intersection_has_cars|has_brake_checker|intersection_cars|brake_dist,5,0,0,2,1,1,20.0,5.0,5.0,55.0,2,557,329.17401123046875,3.0960134009110005,,out_of_road
4539,fresh,0,fresh,,,0,0,0,1,0,1,10.0,40.0,5.0,35.0,1,205,148.03953552246094,3.6990624356560593,,out_of_road
4540,replay,0,replay,,,0,0,0,1,0,1,10.0,40.0,5.0,35.0,1,2,10.0,2.3996458053588867,,arrive_dest
4541,fresh,3,fresh,,,0,1,1,4,1,0,15.0,20.0,15.0,35.0,3,895,306.8818359375,1.2966915564288972,,out_of_road
4542,mutation,5,mutation,select_road|select_lane|ego_on_intersection|intersection_has_cars,,1,0,0,12,1,0,10.0,40.0,10.0,55.0,0,261,206.13209533691406,4.738528477506162,,out_of_road
4543,fresh,5,fresh,,,0,1,0,12,1,1,10.0,5.0,10.0,20.0,3,727,-0.47420787811279297,0.14706032258167637,,crash_vehicle
4544,replay,5,replay,,,0,1,0,12,1,1,10.0,5.0,10.0,20.0,3,111,62.237396240234375,1.065629548049188,,out_of_road
4545,fresh,6,fresh,,,0,0,0,18,0,1,5.0,20.0,15.0,35.0,2,1000,85.1616439819336,0.40829516162350776,,max_step
4546,mutation,3,mutation,has_brake_checker,,0,1,1,5,0,1,20.0,40.0,15.0,55.0,3,154,95.05337524414062,1.5719925583666796,,crash_vehicle
4547,fresh,3,fresh,,,0,1,1,4,0,0,5.0,40.0,15.0,20.0,3,1000,79.75598907470703,0.13031311130523682,,max_step
4548,mutation,0,mutation,distractor_cars,,3,1,1,0,0,0,15.0,5.0,5.0,20.0,0,82,27.561931610107422,0.10942311403228015,,out_of_road
4549,fresh,5,fresh,,,0,1,1,12,1,1,20.0,10.0,5.0,55.0,3,48,-2.9140937328338623,0.11695593595504761,,crash_vehicle
4550,replay,5,replay,,,0,1,1,12,1,1,20.0,10.0,5.0,55.0,3,190,110.48322296142578,2.7067344383189553,,arrive_dest
4551,fresh,2,fresh,,,0,1,1,3,0,1,5.0,40.0,15.0,35.0,1,237,212.3032684326172,6.303060980788766,,out_of_road
4552,mutation,3,mutation,has_brake_checker,,0,1,1,5,1,1,15.0,40.0,5.0,55.0,0,341,32.21281051635742,0.1986226932503436,,crash_vehicle
4553,fresh,0,fresh,,,0,0,0,1,0,1,10.0,40.0,15.0,20.0,1,20,-5.59506893157959,0.0,,out_of_road
4554,crossover,3,crossover,,distractor_cars|has_brake_checker|intersection_cars|has_cluster|maximum_distractor_speed,3,1,0,4,0,0,20.0,20.0,10.0,20.0,0,113,51.425174713134766,1.6873089655310707,,out_of_road
4555,fresh,3,fresh,,,0,0,0,5,1,1,10.0,40.0,15.0,55.0,0,436,116.85786437988281,1.241426252580564,,arrive_dest
4556,mutation,5,mutation,brake_dist,,1,0,0,12,1,0,15.0,10.0,10.0,55.0,3,157,75.49971008300781,2.455960930153063,,out_of_road
4557,fresh,1,fresh,,,0,1,1,2,1,0,5.0,5.0,10.0,20.0,2,38,1.8038134574890137,0.3355965865285773,,out_of_road
4558,replay,1,replay,,,0,1,1,2,1,0,5.0,5.0,10.0,20.0,2,235,201.4256134033203,5.428992970985301,,out_of_road
4559,fresh,0,fresh,,,0,0,0,1,0,0,5.0,5.0,15.0,55.0,0,219,61.15098571777344,1.4629734420476983,,out_of_road
4560,mutation,5,mutation,has_brake_checker,,1,1,1,12,1,0,5.0,10.0,10.0,20.0,3,617,92.2804183959961,1.292604343238101,,out_of_road
4561,fresh,3,fresh,,,0,1,1,5,1,1,5.0,40.0,10.0,55.0,0,1000,41.5397834777832,0.12188044774904847,,max_step
4562,crossover,3,crossover,,select_lane|ego_on_intersection|intersection_has_cars|distractor_cars|has_brake_checker|intersection_cars|has_cluster,4,0,0,5,1,0,20.0,40.0,5.0,55.0,2,120,68.09909057617188,1.3411952291925748,,out_of_road
4563,fresh,1,fresh,,,0,0,0,2,0,0,15.0,10.0,15.0,20.0,0,267,59.98424530029297,0.33498623169093544,,out_of_road
4564,replay,1,replay,,,0,0,0,2,0,0,15.0,10.0,15.0,20.0,0,219,198.56300354003906,5.4266500326052105,,out_of_road
4565,fresh,3,fresh,,,0,0,0,4,1,0,5.0,5.0,5.0,20.0,3,500,115.19567108154297,1.1109945989847183,,out_of_road
4566,mutation,2,mutation,select_road|select_lane|ego_on_intersection|intersection_has_cars,,2,1,0,3,1,0,15.0,10.0,5.0,20.0,1,1000,274.4364013671875,0.7718659058455378,,max_step
4567,fresh,3,fresh,,,0,1,1,5,1,1,5.0,40.0,10.0,55.0,0,222,38.88619613647461,0.34569035222133,,crash_vehicle
4568,replay,3,replay,,,0,1,1,5,1,1,5.0,40.0,10.0,55.0,0,209,199.59983825683594,6.060442864609677,,out_of_road
4569,fresh,2,fresh,,,0,0,0,3,0,0,10.0,40.0,5.0,55.0,1,567,261.87030029296875,3.0112929483727804,,out_of_road
4570,mutation,2,mutation,distance_to_nearest,,0,0,0,3,1,0,20.0,40.0,10.0,55.0,1,109,40.61248779296875,1.459448001800327,,out_of_road
4571,fresh,2,fresh,,,0,0,0,3,1,1,20.0,5.0,15.0,20.0,0,821,27.604339599609375,0.28728398897579616,,crash_vehicle
4572,mutation,0,mutation,cluster_dist,,1,0,0,1,0,0,5.0,10.0,15.0,10.0,1,239,288.0798645019531,11.88893096292368,,out_of_road
4573,fresh,2,fresh,,,0,1,0,3,0,0,15.0,40.0,15.0,55.0,3,79,26.35171890258789,0.5836460997786703,,out_of_road
4574,mutation,2,mutation,cluster_dist,,1,1,1,3,0,1,15.0,40.0,10.0,20.0,3,197,177.57791137695312,5.401733195569915,,out_of_road
4575,fresh,3,fresh,,,0,1,1,5,1,0,10.0,20.0,10.0,35.0,2,227,104.35730743408203,3.8155486545636266,,crash_vehicle
4576,crossover,5,crossover,,intersection_cars|has_cluster|cluster_dist,2,0,0,12,0,0,10.0,5.0,10.0,10.0,1,543,-0.46632957458496094,0.1491139446853439,,crash_vehicle
4577,fresh,2,fresh,,,0,0,0,3,0,1,20.0,20.0,5.0,10.0,0,366,12.142265319824219,0.1707465777509525,,crash_vehicle
4578,crossover,2,crossover,,distractor_cars|has_brake_checker|intersection_cars|maximum_distractor_speed|cluster_dist,3,1,1,3,1,1,15.0,40.0,15.0,55.0,3,141,97.40743255615234,1.357591670032934,,out_of_road
4579,fresh,0,fresh,,,0,0,0,1,0,1,15.0,10.0,5.0,20.0,1,112,49.559722900390625,0.5563430452187147,,out_of_road
4580,mutation,3,mutation,brake_dist,,1,1,0,4,0,1,10.0,10.0,15.0,35.0,3,151,3.1102285385131836,0.038061085520990634,,crash_vehicle
4581,fresh,4,fresh,,,0,1,1,8,0,0,5.0,10.0,5.0,20.0,3,175,47.8802490234375,3.02620544229235,,out_of_road
4582,crossover,3,crossover,,maximum_distractor_speed|distance_to_nearest|cluster_dist,1,0,0,5,1,0,10.0,40.0,10.0,55.0,2,165,98.51020050048828,2.046410524845123,,out_of_road
4583,fresh,0,fresh,,,0,1,1,1,0,1,20.0,10.0,10.0,35.0,1,238,150.91513061523438,5.705883423508215,,out_of_road
4584,crossover,3,crossover,,has_brake_checker|has_cluster|distance_to_nearest|cluster_dist,1,1,1,4,0,0,20.0,10.0,15.0,55.0,2,123,58.88154602050781,2.0737196839437253,,arrive_dest
4585,fresh,2,fresh,,,0,1,1,3,1,0,10.0,5.0,15.0,35.0,2,1000,3.104353189468384,0.012201041549444198,,max_step
4586,replay,2,replay,,,0,1,1,3,1,0,10.0,5.0,15.0,35.0,2,147,110.37376403808594,2.017175329177558,,out_of_road
4587,fresh,3,fresh,,,0,0,0,5,0,1,20.0,10.0,15.0,55.0,3,54,-1.5619683265686035,0.5882414833263114,,crash_vehicle
4588,replay,3,replay,,,0,0,0,5,0,1,20.0,10.0,15.0,55.0,3,220,215.92660522460938,7.340157810666344,,out_of_road
4589,fresh,3,fresh,,,0,1,0,5,1,0,15.0,40.0,15.0,55.0,2,160,99.1775894165039,3.86872796099633,,crash_vehicle
4590,replay,3,replay,,,0,1,0,5,1,0,15.0,40.0,15.0,55.0,2,190,61.05987548828125,1.9064921452418755,,out_of_road
4591,fresh,5,fresh,,,0,0,0,12,1,1,20.0,10.0,10.0,55.0,3,137,59.90803527832031,2.1021642989485803,,out_of_road
4592,crossover,0,crossover,,select_lane|ego_on_intersection|intersection_has_cars|has_brake_checker|intersection_cars|distance_to_nearest|cluster_dist,7,1,1,1,1,0,10.0,40.0,15.0,55.0,1,88,36.8255615234375,0.9065269846469164,,out_of_road
4593,fresh,5,fresh,,,0,0,0,12,1,1,20.0,10.0,5.0,55.0,0,180,47.81597137451172,0.6611516933060355,,crash_vehicle
4594,mutation,2,mutation,brake_dist,,1,1,1,3,1,0,15.0,10.0,5.0,55.0,1,177,91.70488739013672,3.6747934981591284,,out_of_road
4595,fresh,6,fresh,,,0,1,1,18,1,1,5.0,20.0,15.0,35.0,2,67,16.027345657348633,0.0,,crash_vehicle
4596,replay,6,replay,,,0,1,1,18,1,1,5.0,20.0,15.0,35.0,2,533,66.45841979980469,1.0595745903214415,,crash_vehicle
4597,fresh,2,fresh,,,0,1,0,3,1,0,10.0,20.0,5.0,55.0,2,687,104.66121673583984,0.32204641953240837,,crash_vehicle
4598,crossover,1,crossover,,has_brake_checker|intersection_cars|has_cluster|distance_to_nearest,2,1,1,2,0,0,20.0,20.0,5.0,35.0,0,1000,117.46098327636719,0.12828236021101475,,max_step
4599,fresh,2,fresh,,,0,1,1,3,1,0,5.0,10.0,5.0,35.0,0,599,307.04547119140625,3.62422345186862,,out_of_road
4600,mutation,3,mutation,brake_dist,,0,1,0,4,1,0,15.0,20.0,15.0,35.0,3,797,210.70245361328125,2.0536133758770476,,crash_vehicle
4601,fresh,4,fresh,,,0,0,0,8,1,0,20.0,5.0,5.0,20.0,0,778,204.12940979003906,1.4382890143879428,,out_of_road
4602,crossover,6,crossover,,select_lane|ego_on_intersection|intersection_has_cars|has_brake_checker|intersection_cars|maximum_distractor_speed|distance_to_nearest|brake_dist,4,0,0,18,1,0,20.0,20.0,15.0,35.0,2,364,186.0032501220703,3.2687307832516974,,out_of_road
4603,fresh,3,fresh,,,0,0,0,4,0,1,15.0,40.0,10.0,10.0,0,225,217.22625732421875,6.662653011679649,,out_of_road
4604,mutation,6,mutation,distractor_cars,,1,1,1,18,1,0,20.0,20.0,15.0,55.0,0,147,65.34016418457031,2.093012594852318,,out_of_road
4605,fresh,0,fresh,,,0,0,0,0,0,0,10.0,5.0,5.0,20.0,0,231,203.1267547607422,5.704455367156437,rejection_fallback,out_of_road
4606,mutation,6,mutation,brake_dist,,0,1,1,18,0,0,20.0,10.0,5.0,35.0,3,1000,36.667694091796875,0.09107921404391527,,max_step
4607,fresh,3,fresh,,,0,0,0,4,0,1,10.0,5.0,15.0,20.0,2,73,20.48737907409668,1.536584250731011,,arrive_dest
4608,mutation,6,mutation,intersection_cars,,1,1,1,18,0,1,20.0,10.0,10.0,10.0,1,481,3.2475852966308594,0.048952446363695945,,crash_vehicle
4609,fresh,2,fresh,,,0,0,0,3,1,0,10.0,5.0,15.0,35.0,1,1000,0.35294660925865173,0.0021725971307605505,,max_step
4610,crossover,1,crossover,,has_cluster|distance_to_nearest|brake_dist,2,1,0,2,0,0,20.0,20.0,5.0,55.0,2,172,145.07513427734375,3.364745889465476,,out_of_road
4611,fresh,6,fresh,,,0,0,0,18,1,1,20.0,40.0,5.0,55.0,0,231,219.99249267578125,6.487943278762685,,out_of_road
4612,replay,6,replay,,,0,0,0,18,1,1,20.0,40.0,5.0,55.0,0,124,55.514251708984375,2.797941395351964,,crash_vehicle
4613,fresh,3,fresh,,,0,0,0,4,1,0,10.0,20.0,15.0,35.0,1,807,206.87786865234375,1.0651781868415768,,out_of_road
4614,replay,3,replay,,,0,0,0,4,1,0,10.0,20.0,15.0,35.0,1,145,105.56089782714844,2.8536602022319006,,out_of_road
4615,fresh,3,fresh,,,0,1,0,5,1,0,5.0,10.0,5.0,20.0,0,521,110.23609161376953,0.48625058497725887,,crash_vehicle
4616,crossover,2,crossover,,select_lane|ego_on_intersection|intersection_has_cars|has_brake_checker|cluster_dist,5,0,0,3,1,1,5.0,40.0,15.0,55.0,1,65,20.638477325439453,0.0,,out_of_road
4617,fresh,2,fresh,,,0,1,1,3,1,1,20.0,5.0,10.0,20.0,3,652,328.9101257324219,3.419172393660878,,out_of_road
4618,replay,2,replay,,,0,1,1,3,1,1,20.0,5.0,10.0,20.0,3,162,134.34957885742188,5.706877829667962,,arrive_dest
4619,fresh,2,fresh,,,0,1,0,3,0,1,15.0,10.0,10.0,20.0,0,442,206.6446990966797,3.8521894393868035,,out_of_road
4620,crossover,3,crossover,,select_lane|ego_on_intersection|intersection_has_cars|distractor_cars|has_brake_checker|has_cluster|distance_to_nearest|cluster_dist|brake_dist,5,0,0,4,0,0,15.0,40.0,15.0,35.0,0,814,411.1576843261719,3.491318190392537,,out_of_road
4621,fresh,5,fresh,,,0,1,0,12,0,1,10.0,20.0,5.0,20.0,1,632,11.841585159301758,0.04338039594549167,,crash_vehicle
4622,crossover,5,crossover,,select_lane|ego_on_intersection|intersection_has_cars|distractor_cars|has_brake_checker|has_cluster|distance_to_nearest|brake_dist,2,1,1,12,1,0,10.0,10.0,15.0,55.0,0,195,101.71272277832031,2.6084882378578187,,out_of_road
4623,fresh,0,fresh,,,0,0,0,1,0,0,20.0,10.0,15.0,35.0,1,225,217.1810302734375,6.38396168563101,,out_of_road
4624,replay,0,replay,,,0,0,0,1,0,0,20.0,10.0,15.0,35.0,1,119,53.17219924926758,2.006091335616192,,crash_vehicle
4625,fresh,4,fresh,,,0,0,0,8,1,0,20.0,10.0,15.0,20.0,0,475,160.75933837890625,1.7085912634667597,,out_of_road
4626,crossover,2,crossover,,has_brake_checker|intersection_cars|has_cluster,2,1,0,3,1,1,15.0,10.0,10.0,20.0,1,289,208.3604736328125,5.238674964253053,,out_of_road
4627,fresh,1,fresh,,,0,0,0,2,0,0,15.0,40.0,5.0,20.0,0,50,1.447218894958496,0.2693204116821289,,out_of_road
4628,replay,1,replay,,,0,0,0,2,0,0,15.0,40.0,5.0,20.0,0,413,183.6777801513672,2.646744575874641,,crash_vehicle
4629,fresh,0,fresh,,,0,1,0,1,1,0,10.0,40.0,15.0,55.0,1,87,36.07769775390625,0.4032772025842776,,out_of_road
4630,replay,0,replay,,,0,1,0,1,1,0,10.0,40.0,15.0,55.0,1,151,60.457725524902344,1.601928744193734,,out_of_road
4631,fresh,2,fresh,,,0,1,0,3,1,1,20.0,20.0,15.0,35.0,3,226,217.52928161621094,6.904819146326158,,out_of_road
4632,replay,2,replay,,,0,1,0,3,1,1,20.0,20.0,15.0,35.0,3,123,57.36730194091797,0.5618054244697579,,out_of_road
4633,fresh,3,fresh,,,0,1,1,5,1,1,15.0,5.0,10.0,55.0,0,314,4.814827919006348,0.13972953839856347,,out_of_road
4634,crossover,1,crossover,,has_cluster|distance_to_nearest|cluster_dist,2,1,0,2,0,0,10.0,10.0,10.0,35.0,2,95,29.718677520751953,0.2940920541160985,,out_of_road
4635,fresh,0,fresh,,,0,1,1,1,0,0,10.0,20.0,5.0,20.0,1,98,50.84843063354492,1.848645299368975,,out_of_road
4636,mutation,4,mutation,intersection_cars,,1,1,0,8,0,1,15.0,5.0,15.0,20.0,0,1000,-0.23049308359622955,0.02141611184924841,,max_step
4637,fresh,1,fresh,,,0,0,0,2,0,1,20.0,10.0,5.0,35.0,1,119,43.008392333984375,0.3908171976188652,,arrive_dest
4638,mutation,4,mutation,has_brake_checker,,1,1,0,8,0,0,5.0,5.0,5.0,35.0,0,297,110.22570037841797,2.9078349287963476,,arrive_dest
4639,fresh,3,fresh,,,0,0,0,5,1,0,5.0,10.0,5.0,35.0,0,485,252.33273315429688,3.817896252855198,,out_of_road
4640,mutation,0,mutation,distractor_cars,,2,0,0,0,0,0,5.0,20.0,5.0,20.0,0,20,-6.0100603103637695,0.24971961975097656,,out_of_road
4641,fresh,4,fresh,,,0,1,1,8,0,1,20.0,20.0,15.0,35.0,0,248,187.9400177001953,5.669406056163773,,out_of_road
4642,crossover,4,crossover,,select_lane|ego_on_intersection|intersection_has_cars|has_brake_checker|intersection_cars|has_cluster|maximum_distractor_speed|distance_to_nearest|cluster_dist|brake_dist,6,0,0,8,1,0,20.0,40.0,10.0,55.0,1,455,232.1427001953125,4.087501038267062,,out_of_road
4643,fresh,1,fresh,,,0,0,0,2,1,1,5.0,40.0,15.0,55.0,0,130,38.043209075927734,0.21339434660398043,,crash_vehicle
4644,replay,1,replay,,,0,0,0,2,1,1,5.0,40.0,15.0,55.0,0,212,210.95420837402344,6.8798293680796085,,out_of_road
4645,fresh,6,fresh,,,0,1,1,18,0,0,15.0,40.0,10.0,35.0,3,289,154.81971740722656,2.080238319443584,,out_of_road
4646,mutation,2,mutation,select_road|select_lane|ego_on_intersection|intersection_has_cars,,2,0,0,3,1,1,20.0,20.0,15.0,35.0,3,93,38.985992431640625,0.5697603796118049,,out_of_road
4647,fresh,4,fresh,,,0,1,1,8,1,1,10.0,10.0,15.0,55.0,3,911,174.4298553466797,0.44128470696124494,,out_of_road
4648,mutation,0,mutation,has_cluster,,0,1,0,1,0,0,15.0,40.0,10.0,55.0,0,91,48.13467788696289,0.6719722567678807,,out_of_road
4649,fresh,2,fresh,,,0,1,0,3,0,0,20.0,40.0,10.0,10.0,3,162,159.3415069580078,8.035576667314695,,out_of_road
4650,replay,2,replay,,,0,1,0,3,0,0,20.0,40.0,10.0,10.0,3,213,175.6913299560547,5.768683852304315,,out_of_road
4651,fresh,4,fresh,,,0,0,0,8,1,1,15.0,20.0,15.0,55.0,1,108,50.30442810058594,0.6295175585999258,,arrive_dest
4652,crossover,1,crossover,,distractor_cars|has_cluster|maximum_distractor_speed|distance_to_nearest,2,1,0,2,0,0,15.0,5.0,15.0,35.0,2,230,202.51853942871094,5.195412761232127,,out_of_road
4653,fresh,5,fresh,,,0,0,0,12,1,1,5.0,20.0,10.0,35.0,0,441,162.3881072998047,3.3925643364926312,,crash_vehicle
4654,crossover,3,crossover,,distractor_cars|intersection_cars|distance_to_nearest,3,1,1,4,0,0,10.0,10.0,10.0,35.0,0,366,90.55328369140625,0.35286861546134035,,out_of_road
4655,fresh,0,fresh,,,0,1,1,0,0,0,10.0,20.0,5.0,10.0,0,223,201.5242462158203,4.5531517793779415,,out_of_road
4656,mutation,5,mutation,cluster_dist,,1,0,0,12,1,1,5.0,20.0,15.0,35.0,0,115,29.904922485351562,0.7535785737244979,,out_of_road
4657,fresh,0,fresh,,,0,1,0,0,0,0,15.0,40.0,15.0,55.0,0,83,38.488990783691406,0.08430847489690206,,out_of_road
4658,mutation,4,mutation,distance_to_nearest,,1,0,0,8,1,0,20.0,10.0,15.0,55.0,2,178,83.91896057128906,3.0492758965224365,,out_of_road
4659,fresh,4,fresh,,,0,1,1,8,0,1,10.0,40.0,15.0,35.0,2,119,65.0792465209961,1.327664311693496,,crash_vehicle
4660,mutation,5,mutation,select_road|select_lane|ego_on_intersection|intersection_has_cars,,3,1,1,12,1,0,15.0,10.0,10.0,35.0,3,134,11.300668716430664,0.13469415027370205,,out_of_road
4661,fresh,0,fresh,,,0,1,0,0,0,0,15.0,10.0,5.0,35.0,0,196,153.7255401611328,6.421458889635241,,out_of_road
4662,mutation,0,mutation,distractor_cars,,2,0,0,0,0,0,15.0,20.0,15.0,35.0,0,174,143.34669494628906,4.164868660699362,,out_of_road
4663,fresh,0,fresh,,,0,0,0,1,0,1,20.0,20.0,5.0,35.0,1,18,-5.3685503005981445,0.0,,out_of_road
4664,mutation,3,mutation,has_cluster,,0,0,0,4,0,0,15.0,40.0,15.0,35.0,0,213,197.47320556640625,5.368569204505061,,out_of_road
4665,fresh,2,fresh,,,0,1,0,3,0,1,5.0,5.0,5.0,35.0,0,1000,1.068311095237732,0.017885584676638245,,max_step
4666,mutation,3,mutation,has_cluster,,0,0,0,5,1,1,20.0,40.0,15.0,55.0,3,107,65.52613830566406,0.7315847751136139,,arrive_dest
4667,fresh,4,fresh,,,0,1,0,8,1,1,10.0,5.0,15.0,55.0,3,1000,-0.007809141650795937,0.0013755274154245854,,max_step
4668,mutation,3,mutation,has_cluster,,1,1,1,5,0,1,15.0,40.0,5.0,55.0,0,163,27.692771911621094,0.2274275001572685,,out_of_road
4669,fresh,4,fresh,,,0,0,0,8,1,0,5.0,10.0,10.0,35.0,3,240,-2.082787275314331,0.0002484952410062154,,out_of_road
4670,crossover,5,crossover,,select_lane|ego_on_intersection|intersection_has_cars|has_brake_checker|has_cluster|cluster_dist|brake_dist,4,1,1,12,1,0,10.0,5.0,10.0,55.0,0,1000,2.145482301712036,0.02861827701702714,,max_step
4671,fresh,4,fresh,,,0,1,1,8,1,1,15.0,20.0,5.0,35.0,1,1000,17.882963180541992,0.03182917200773954,,max_step
4672,mutation,6,mutation,has_brake_checker,,1,1,1,18,0,0,5.0,40.0,15.0,55.0,0,463,177.27252197265625,1.556447976898426,,out_of_road
4673,fresh,1,fresh,,,0,1,1,2,1,0,5.0,20.0,10.0,35.0,2,87,25.119529724121094,0.13004939275226374,,out_of_road
4674,crossover,3,crossover,,maximum_distractor_speed|brake_dist,2,1,1,4,0,0,20.0,20.0,15.0,55.0,3,1000,287.8274230957031,1.096493706472218,,max_step
4675,fresh,4,fresh,,,0,1,0,8,0,0,20.0,40.0,5.0,35.0,2,149,83.15724182128906,2.1670435012986995,,out_of_road
4676,mutation,3,mutation,cluster_dist,,0,1,1,5,1,0,10.0,20.0,10.0,35.0,2,229,204.34307861328125,6.132589961894214,,out_of_road
4677,fresh,6,fresh,,,0,0,0,18,1,0,15.0,20.0,15.0,35.0,3,234,215.38336181640625,6.198794358815903,,out_of_road
4678,mutation,3,mutation,brake_dist,,1,0,0,4,1,1,15.0,5.0,10.0,55.0,2,412,229.3437042236328,4.64313085738895,,out_of_road
4679,fresh,1,fresh,,,0,1,0,2,0,1,10.0,5.0,10.0,35.0,2,84,34.48954772949219,0.39590467583565486,,out_of_road
4680,crossover,3,crossover,,has_brake_checker|intersection_cars,2,0,0,5,0,1,20.0,40.0,5.0,55.0,2,86,23.034278869628906,0.38975977343182233,,crash_vehicle
4681,fresh,3,fresh,,,0,0,0,5,0,1,15.0,40.0,15.0,55.0,2,101,65.301025390625,0.682110740111606,,arrive_dest
4682,mutation,2,mutation,maximum_distractor_speed,,1,0,0,3,0,1,5.0,10.0,15.0,35.0,0,247,222.68580627441406,6.821265795935504,,out_of_road
4683,fresh,3,fresh,,,0,1,1,4,1,1,10.0,10.0,10.0,55.0,3,583,164.97755432128906,0.8165509627930705,,out_of_road
4684,replay,3,replay,,,0,1,1,4,1,1,10.0,10.0,10.0,55.0,3,997,565.3836059570312,4.6510200319155945,,out_of_road
4685,fresh,0,fresh,,,0,1,0,0,1,0,10.0,20.0,5.0,55.0,0,87,33.13401794433594,0.3828019664205354,,out_of_road
4686,replay,0,replay,,,0,1,0,0,1,0,10.0,20.0,5.0,55.0,0,325,264.52740478515625,6.9356688070297245,,out_of_road
4687,fresh,0,fresh,,,0,0,0,0,1,0,20.0,20.0,10.0,10.0,0,278,83.74344635009766,1.1079051875167614,,out_of_road
4688,replay,0,replay,,,0,0,0,0,1,0,20.0,20.0,10.0,10.0,0,381,242.68080139160156,5.255133072613418,,out_of_road
4689,fresh,5,fresh,,,0,1,0,12,1,1,10.0,20.0,15.0,35.0,2,1000,38.03773498535156,0.02003707261197269,,max_step
4690,replay,5,replay,,,0,1,0,12,1,1,10.0,20.0,15.0,35.0,2,213,214.66943359375,7.0355521171865325,,out_of_road
4691,fresh,0,fresh,,,0,1,1,0,1,0,20.0,10.0,15.0,55.0,0,110,57.09519577026367,0.6302939084443179,,out_of_road
4692,mutation,1,mutation,distance_to_nearest,,1,1,0,2,0,0,20.0,10.0,15.0,55.0,2,87,40.27728271484375,0.4722782853005946,,out_of_road
4693,fresh,5,fresh,,,0,1,0,12,1,0,10.0,5.0,10.0,20.0,1,1000,4.6769232749938965,0.04217405332066119,,max_step
4694,mutation,1,mutation,select_road|select_lane|ego_on_intersection|intersection_has_cars,,1,0,0,2,1,0,15.0,5.0,5.0,55.0,2,598,267.1821594238281,2.819459140001731,,out_of_road
4695,fresh,0,fresh,,,0,1,1,1,1,0,15.0,40.0,15.0,55.0,1,85,28.81057357788086,0.110791857102338,,out_of_road
4696,replay,0,replay,,,0,1,1,1,1,0,15.0,40.0,15.0,55.0,1,637,50.07461166381836,1.254599581941892,,out_of_road
4697,fresh,2,fresh,,,0,1,0,3,1,1,5.0,40.0,15.0,55.0,3,48,4.093388557434082,0.04517516493797302,,out_of_road
4698,replay,2,replay,,,0,1,0,3,1,1,5.0,40.0,15.0,55.0,3,170,36.154136657714844,0.8415914141079959,,out_of_road
4699,fresh,2,fresh,,,0,1,0,3,1,0,10.0,10.0,5.0,35.0,2,384,139.02232360839844,2.9977661432591654,,out_of_road
4700,crossover,0,crossover,,intersection_cars|cluster_dist|brake_dist,2,1,0,0,0,0,10.0,40.0,5.0,20.0,0,168,140.84474182128906,3.42374082335404,,out_of_road
4701,fresh,3,fresh,,,0,0,0,5,1,0,5.0,10.0,5.0,55.0,2,299,114.15029907226562,2.125678551345939,,crash_vehicle
4702,replay,3,replay,,,0,0,0,5,1,0,5.0,10.0,5.0,55.0,2,169,98.84822082519531,2.0831881684840785,,crash_vehicle
4703,fresh,4,fresh,,,0,0,0,8,0,1,15.0,10.0,5.0,10.0,0,1000,9.35682201385498,0.018891523741185665,,max_step
4704,replay,4,replay,,,0,0,0,8,0,1,15.0,10.0,5.0,10.0,0,246,209.72048950195312,5.520819071104856,,out_of_road
4705,fresh,2,fresh,,,0,1,0,3,1,0,15.0,5.0,10.0,35.0,2,138,31.7215576171875,1.2848281888426214,,out_of_road
4706,mutation,5,mutation,maximum_distractor_speed,,1,0,0,12,1,1,10.0,20.0,10.0,55.0,1,107,46.22948455810547,1.2859420731802966,,crash_vehicle
4707,fresh,3,fresh,,,0,0,0,4,0,1,15.0,10.0,5.0,55.0,1,1000,8.998017311096191,0.019186187704093756,,max_step
4708,replay,3,replay,,,0,0,0,4,0,1,15.0,10.0,5.0,55.0,1,225,176.5552978515625,7.397027654647827,,out_of_road
4709,fresh,2,fresh,,,0,1,1,3,0,0,10.0,20.0,15.0,55.0,3,89,35.11662673950195,0.4016241437933418,,out_of_road
4710,mutation,3,mutation,maximum_distractor_speed,,1,0,0,5,1,1,5.0,40.0,15.0,55.0,3,246,204.7335662841797,4.900949984788895,,out_of_road
4711,fresh,6,fresh,,,0,0,0,18,0,0,10.0,20.0,15.0,20.0,1,139,58.37465286254883,0.9992393956338759,,out_of_road
4712,crossover,1,crossover,,select_lane|ego_on_intersection|intersection_has_cars|has_brake_checker|intersection_cars|distance_to_nearest|brake_dist,7,1,1,2,0,0,20.0,5.0,5.0,20.0,2,238,216.8344268798828,6.126533567154107,,out_of_road
4713,fresh,0,fresh,,,0,0,0,1,1,1,10.0,10.0,5.0,20.0,1,59,6.851899147033691,0.2418994903564453,,out_of_road
4714,mutation,2,mutation,brake_dist,,1,1,0,3,0,0,20.0,40.0,5.0,35.0,3,88,37.10659408569336,0.4078388214111328,,out_of_road
4715,fresh,1,fresh,,,0,0,0,2,0,0,20.0,40.0,10.0,55.0,0,237,168.40957641601562,5.065764227685546,,out_of_road
4716,mutation,6,mutation,distractor_cars,,1,0,0,18,0,0,10.0,5.0,15.0,35.0,2,1000,0.6946540474891663,0.02386228635907173,,max_step
4717,fresh,4,fresh,,,0,1,1,8,0,0,15.0,10.0,10.0,10.0,1,517,274.0280456542969,3.860814751823013,,out_of_road
4718,replay,4,replay,,,0,1,1,8,0,0,15.0,10.0,10.0,10.0,1,227,221.1227264404297,6.558854140636679,,out_of_road
4719,fresh,3,fresh,,,0,0,0,4,1,0,15.0,20.0,10.0,35.0,3,732,183.3609619140625,1.3073916333763163,,out_of_road
4720,mutation,2,mutation,select_road|select_lane|ego_on_intersection|intersection_has_cars,,3,0,0,3,0,0,10.0,20.0,15.0,20.0,2,107,41.267372131347656,1.5438996442010469,,out_of_road
4721,fresh,5,fresh,,,0,0,0,12,1,0,5.0,5.0,15.0,20.0,2,1000,0.08812903612852097,0.009682722198427654,,max_step
4722,crossover,4,crossover,,distractor_cars|has_brake_checker|has_cluster|distance_to_nearest|cluster_dist|brake_dist,3,0,0,8,1,0,15.0,40.0,15.0,55.0,2,237,95.44065856933594,1.3687430063128974,,out_of_road
4723,fresh,0,fresh,,,0,1,1,0,1,0,15.0,40.0,10.0,10.0,0,127,40.105735778808594,2.21461233379334,,out_of_road
4724,mutation,1,mutation,cluster_dist,,0,1,0,2,1,1,10.0,5.0,10.0,20.0,2,220,218.0497283935547,6.815316209467975,,out_of_road
4725,fresh,0,fresh,,,0,0,0,1,0,0,10.0,20.0,15.0,55.0,1,252,211.90426635742188,6.635280913895085,,out_of_road
4726,mutation,0,mutation,cluster_dist,,1,0,0,0,0,0,10.0,5.0,15.0,55.0,0,71,8.02001953125,0.30839995263328013,,out_of_road
4727,fresh,2,fresh,,,0,1,1,3,0,0,20.0,20.0,15.0,55.0,3,117,53.00304412841797,0.8078763000985496,,out_of_road
4728,mutation,4,mutation,has_cluster,,0,0,0,8,0,0,5.0,5.0,15.0,35.0,2,73,9.440905570983887,4.025466529473866,,crash_vehicle
4729,fresh,3,fresh,,,0,1,1,4,1,1,10.0,10.0,5.0,35.0,1,346,146.51754760742188,3.1140068368932416,,out_of_road
4730,mutation,2,mutation,distractor_cars,,1,0,0,3,0,0,5.0,40.0,10.0,55.0,1,709,45.00567626953125,0.05851962979572953,,out_of_road
4731,fresh,0,fresh,,,0,0,0,0,0,0,15.0,20.0,5.0,20.0,0,143,91.363525390625,1.0648310107367855,,out_of_road
4732,replay,0,replay,,,0,0,0,0,0,0,15.0,20.0,5.0,20.0,0,142,45.385231018066406,0.9466057310641651,,crash_vehicle
4733,fresh,2,fresh,,,0,0,0,3,0,1,20.0,10.0,15.0,55.0,1,253,176.6517333984375,5.700936962964507,,out_of_road
4734,replay,2,replay,,,0,0,0,3,0,1,20.0,10.0,15.0,55.0,1,1000,38.05598068237305,0.19713048347830772,,max_step
4735,fresh,0,fresh,,,0,0,0,1,0,0,10.0,10.0,15.0,20.0,0,173,71.23108673095703,2.2003902868728415,,out_of_road
4736,crossover,1,crossover,,select_lane|ego_on_intersection|intersection_has_cars|has_cluster|cluster_dist|brake_dist,4,0,0,2,0,1,15.0,40.0,10.0,55.0,2,139,94.23542022705078,1.7405545915202272,,out_of_road
4737,fresh,3,fresh,,,0,0,0,4,0,0,20.0,20.0,5.0,35.0,2,134,58.77776336669922,0.8210764330492091,,out_of_road
4738,mutation,4,mutation,distance_to_nearest,,1,0,0,8,0,0,15.0,20.0,5.0,20.0,0,1000,37.45426559448242,0.028117544949054718,,max_step
4739,fresh,5,fresh,,,0,1,0,12,0,0,10.0,5.0,15.0,35.0,0,129,63.001983642578125,3.746278294990229,,arrive_dest
4740,mutation,1,mutation,has_cluster,,1,0,0,2,0,1,15.0,20.0,10.0,20.0,2,117,51.81298065185547,0.710064666902917,,out_of_road
4741,fresh,5,fresh,,,0,0,0,12,0,0,15.0,5.0,10.0,10.0,2,150,16.350330352783203,0.818982086579005,,crash_vehicle
4742,replay,5,replay,,,0,0,0,12,0,0,15.0,5.0,10.0,10.0,2,38,1.8615131378173828,0.667120851968464,,out_of_road
4743,fresh,4,fresh,,,0,0,0,8,1,1,5.0,40.0,10.0,55.0,3,184,51.29728698730469,0.38393075691293116,,out_of_road
4744,crossover,4,crossover,,distractor_cars|intersection_cars|distance_to_nearest|brake_dist,1,0,0,8,1,0,20.0,40.0,10.0,55.0,0,202,194.90467834472656,6.939150816143149,,out_of_road
4745,fresh,3,fresh,,,0,0,0,4,1,0,10.0,20.0,15.0,35.0,3,1000,46.5877571105957,0.17907526794075965,,max_step
4746,mutation,5,mutation,intersection_cars,,1,0,0,12,0,0,20.0,10.0,10.0,20.0,1,1000,171.04788208007812,0.4792675912305713,,max_step
4747,fresh,3,fresh,,,0,0,0,4,1,0,20.0,40.0,10.0,55.0,0,439,182.66476440429688,1.977350144492195,,out_of_road
4748,mutation,1,mutation,distance_to_nearest,,0,0,0,2,1,0,20.0,20.0,10.0,55.0,0,398,76.54584503173828,0.893082614754088,,crash_vehicle
4749,fresh,1,fresh,,,0,1,0,2,0,0,10.0,40.0,10.0,35.0,1,227,216.23609924316406,6.074884194634559,,out_of_road
4750,crossover,2,crossover,,select_lane|ego_on_intersection|intersection_has_cars|intersection_cars|maximum_distractor_speed|cluster_dist|brake_dist,5,0,0,3,0,0,20.0,5.0,10.0,35.0,2,157,83.34461212158203,5.113271853168774,,arrive_dest
4751,fresh,4,fresh,,,0,0,0,8,0,0,5.0,40.0,10.0,35.0,2,168,72.73466491699219,3.030376462265849,,out_of_road
4752,replay,4,replay,,,0,0,0,8,0,0,5.0,40.0,10.0,35.0,2,101,47.73200225830078,2.043359676929246,,out_of_road
4753,fresh,2,fresh,,,0,1,1,3,1,1,20.0,5.0,5.0,35.0,3,37,2.6030616760253906,0.0,,out_of_road
4754,mutation,6,mutation,distractor_cars,,0,0,0,18,1,0,15.0,40.0,15.0,55.0,2,1000,50.30827713012695,0.03464122238755226,,max_step
4755,fresh,3,fresh,,,0,1,1,5,0,1,20.0,5.0,15.0,35.0,0,1000,1.2137787342071533,0.024207264348864554,,max_step
4756,mutation,2,mutation,intersection_cars,,1,1,1,3,0,0,20.0,10.0,15.0,10.0,3,227,224.4661865234375,6.682279076607742,,out_of_road
4757,fresh,4,fresh,,,0,0,0,8,0,0,10.0,5.0,15.0,20.0,2,1000,0.33794695138931274,0.07094537127763033,,max_step
4758,replay,4,replay,,,0,0,0,8,0,0,10.0,5.0,15.0,20.0,2,218,76.6443099975586,2.220856113923252,,out_of_road
4759,fresh,4,fresh,,,0,1,0,8,1,1,5.0,5.0,15.0,55.0,3,298,90.78627014160156,2.115038215576502,,out_of_road
4760,replay,4,replay,,,0,1,0,8,1,1,5.0,5.0,15.0,55.0,3,1000,251.2398223876953,1.5403798806667328,,max_step
4761,fresh,3,fresh,,,0,1,1,4,0,1,15.0,20.0,5.0,10.0,1,77,8.347651481628418,0.0,,out_of_road
4762,crossover,1,crossover,,select_lane|ego_on_intersection|intersection_has_cars|distractor_cars|has_brake_checker|intersection_cars|has_cluster|maximum_distractor_speed|cluster_dist,4,1,1,2,0,0,20.0,40.0,10.0,55.0,0,41,2.6941423416137695,0.3729568632637582,,out_of_road
4763,fresh,3,fresh,,,0,1,1,5,0,0,20.0,5.0,15.0,55.0,3,306,163.74200439453125,4.649683578390311,,out_of_road
4764,mutation,6,mutation,intersection_cars,,1,1,0,18,1,0,10.0,5.0,10.0,35.0,1,60,-1.6585659980773926,2.8332612037658693,,out_of_road
4765,fresh,3,fresh,,,0,0,0,5,1,1,15.0,10.0,15.0,55.0,3,140,46.07453536987305,1.1189445546695165,,out_of_road
4766,mutation,6,mutation,select_road|select_lane|ego_on_intersection|intersection_has_cars,,2,1,0,18,0,0,5.0,40.0,5.0,55.0,1,1000,36.215065002441406,0.02055520517192781,,max_step
4767,fresh,0,fresh,,,0,1,0,0,1,0,5.0,5.0,15.0,10.0,0,495,200.20172119140625,2.2817110250995616,,out_of_road
4768,replay,0,replay,,,0,1,0,0,1,0,5.0,5.0,15.0,10.0,0,131,55.36994171142578,1.7367732499846975,,out_of_road
4769,fresh,4,fresh,,,0,0,0,8,1,0,15.0,40.0,5.0,55.0,3,117,54.49452209472656,0.41169548556845414,,out_of_road
4770,replay,4,replay,,,0,0,0,8,1,0,15.0,40.0,5.0,55.0,3,124,58.83016586303711,1.4500920839848057,,out_of_road
4771,fresh,6,fresh,,,0,1,1,18,0,1,15.0,10.0,5.0,10.0,1,1000,7.597895622253418,0.037871517069637775,,max_step
4772,replay,6,replay,,,0,1,1,18,0,1,15.0,10.0,5.0,10.0,1,248,222.9922332763672,5.763720456270441,,out_of_road
4773,fresh,3,fresh,,,0,1,0,4,0,0,5.0,10.0,15.0,10.0,1,155,72.01478576660156,3.864130727321871,,out_of_road
4774,crossover,0,crossover,,select_lane|ego_on_intersection|intersection_has_cars|has_cluster|maximum_distractor_speed|distance_to_nearest|cluster_dist,4,1,1,0,0,0,15.0,20.0,10.0,55.0,0,99,67.05097961425781,0.8974815424569328,,arrive_dest
4775,fresh,5,fresh,,,0,1,1,12,0,1,10.0,40.0,10.0,55.0,3,44,1.719271183013916,0.34344504096291284,,out_of_road
4776,crossover,2,crossover,,select_lane|ego_on_intersection|intersection_has_cars|intersection_cars|maximum_distractor_speed|cluster_dist,4,1,0,3,0,1,15.0,10.0,10.0,55.0,1,341,221.2274169921875,4.329726377889907,,out_of_road
4777,fresh,5,fresh,,,0,1,1,12,0,0,10.0,10.0,10.0,20.0,1,752,219.7620086669922,1.549395475061016,,arrive_dest
4778,replay,5,replay,,,0,1,1,12,0,0,10.0,10.0,10.0,20.0,1,286,200.91995239257812,4.0256046703853805,,out_of_road
4779,fresh,0,fresh,,,0,1,1,0,1,0,5.0,10.0,15.0,20.0,0,179,56.7122802734375,0.6693360422576606,,out_of_road
4780,crossover,0,crossover,,intersection_cars|has_cluster,1,1,1,1,0,0,15.0,10.0,5.0,35.0,0,287,247.14561462402344,7.790136647141353,,out_of_road
4781,fresh,0,fresh,,,0,1,0,0,1,0,10.0,10.0,15.0,55.0,0,186,104.75151824951172,3.236923661683836,,crash_vehicle
4782,replay,0,replay,,,0,1,0,0,1,0,10.0,10.0,15.0,55.0,0,236,218.91668701171875,5.845553436395475,,out_of_road
4783,fresh,5,fresh,,,0,1,0,12,1,1,15.0,5.0,15.0,20.0,3,676,-4.582363605499268,0.0026209697364305957,,crash_vehicle
4784,crossover,2,crossover,,brake_dist,1,1,0,3,0,0,20.0,40.0,15.0,20.0,3,171,139.3603057861328,3.097807300021077,,out_of_road
4785,fresh,3,fresh,,,0,1,0,4,1,1,10.0,40.0,5.0,55.0,3,172,75.3601303100586,1.6419238392696824,,crash_vehicle
4786,replay,3,replay,,,0,1,0,4,1,1,10.0,40.0,5.0,55.0,3,1000,115.92671203613281,0.5847048789300024,,max_step
4787,fresh,6,fresh,,,0,1,0,18,1,0,10.0,5.0,10.0,55.0,0,203,119.24191284179688,6.222119278627737,,crash_vehicle
4788,replay,6,replay,,,0,1,0,18,1,0,10.0,5.0,10.0,55.0,0,170,72.93315124511719,2.6159633338451385,,out_of_road
