episode,op_actual,category_id,generation_source,params_mutated,params_crossed,n_params_differ,ego_on_intersection,intersection_has_cars,distractor_cars,has_brake_checker,has_cluster,maximum_distractor_speed,distance_to_nearest,cluster_dist,brake_dist,intersection_cars,num_steps,reward_sum,pvl,failure,termination_reason
0,fresh,0,fresh,,,0,0,0,2,1,0,15.0,5.0,10.0,55.0,0,542,22.122547149658203,0.6884535236251489,,crash_vehicle
1,fresh,0,fresh,,,0,1,0,4,0,1,5.0,40.0,15.0,10.0,3,1000,8.465473175048828,0.3235969709227793,,max_step
2,fresh,0,fresh,,,0,0,0,5,0,1,10.0,5.0,15.0,55.0,0,1000,9.00190258026123,0.19207148656900971,,max_step
3,fresh,0,fresh,,,0,0,0,18,0,1,15.0,5.0,15.0,10.0,2,1000,15.46762466430664,0.24399156398931518,,max_step
4,fresh,0,fresh,,,0,0,0,12,1,0,15.0,20.0,10.0,35.0,2,560,-4.6154327392578125,0.07776644828222093,,out_of_road
5,fresh,0,fresh,,,0,0,0,8,1,1,5.0,5.0,5.0,35.0,3,908,5.761178016662598,0.2803454575937094,,crash_vehicle
6,fresh,0,fresh,,,0,0,0,5,1,0,15.0,5.0,15.0,55.0,3,324,0.30191707611083984,0.17031772800341802,,crash_vehicle
7,fresh,0,fresh,,,0,0,0,3,1,1,20.0,20.0,5.0,35.0,0,707,-0.9768192768096924,0.10952676487151307,,out_of_road
8,fresh,0,fresh,,,0,0,0,0,0,0,10.0,5.0,5.0,20.0,0,1000,17.429574966430664,0.2442320752060041,rejection_fallback,max_step
9,fresh,0,fresh,,,0,0,0,8,1,1,10.0,10.0,10.0,35.0,0,1000,17.80169105529785,0.20991002812236548,,max_step
10,fresh,0,fresh,,,0,0,0,2,1,0,20.0,40.0,5.0,55.0,2,643,7.405417442321777,0.2489150581312182,,crash_vehicle
11,fresh,0,fresh,,,0,1,0,2,0,1,20.0,20.0,5.0,35.0,2,1000,6.738130569458008,0.25621764807589353,,max_step
12,fresh,0,fresh,,,0,1,1,5,0,1,20.0,5.0,5.0,55.0,2,271,1.7041897773742676,0.1979730338188115,,crash_vehicle
13,fresh,0,fresh,,,0,1,1,0,1,0,5.0,20.0,10.0,20.0,0,547,6.081938743591309,0.22632096417016695,,out_of_road
14,fresh,0,fresh,,,0,0,0,4,1,0,15.0,20.0,10.0,35.0,1,1000,30.191570281982422,0.43233424254879355,,max_step
15,fresh,0,fresh,,,0,0,0,3,0,1,20.0,10.0,15.0,35.0,0,276,0.4416830539703369,0.10975431461238126,,out_of_road
16,fresh,0,fresh,,,0,1,1,5,0,1,20.0,20.0,5.0,55.0,3,1000,2.0360448360443115,0.0850071138991043,,max_step
17,fresh,0,fresh,,,0,1,0,2,1,0,10.0,20.0,10.0,35.0,0,281,7.287423133850098,0.4284357009090987,,out_of_road
18,fresh,0,fresh,,,0,0,0,0,0,0,20.0,5.0,10.0,10.0,0,1000,34.282142639160156,0.3855192418443039,,max_step
19,fresh,0,fresh,,,0,0,0,12,1,0,15.0,10.0,5.0,20.0,2,439,10.086714744567871,0.3782094842531551,,out_of_road
20,fresh,0,fresh,,,0,1,0,5,1,0,10.0,20.0,10.0,35.0,2,1000,5.658009052276611,0.09228711512172595,,max_step
21,fresh,0,fresh,,,0,1,1,18,1,1,20.0,10.0,10.0,20.0,2,1000,4.060451030731201,0.16484203404653816,,max_step
22,fresh,0,fresh,,,0,1,1,4,1,1,10.0,20.0,15.0,55.0,0,2,4.820664882659912,4.376591682434082,,arrive_dest
23,fresh,0,fresh,,,0,0,0,2,1,0,5.0,40.0,5.0,55.0,1,182,10.725101470947266,0.8167099162813399,,out_of_road
24,fresh,0,fresh,,,0,0,0,8,1,0,10.0,10.0,5.0,20.0,3,171,1.3488807678222656,0.17133023724918478,,out_of_road
25,fresh,0,fresh,,,0,0,0,12,0,0,10.0,5.0,10.0,10.0,1,614,15.678552627563477,0.3915861889694177,,crash_vehicle
26,fresh,0,fresh,,,0,0,0,5,0,1,15.0,20.0,10.0,35.0,2,1000,3.5430896282196045,0.02370010327664204,,max_step
27,fresh,0,fresh,,,0,0,0,5,1,0,5.0,40.0,5.0,55.0,2,308,4.657959461212158,0.20234594867842925,,out_of_road
28,fresh,0,fresh,,,0,1,1,4,1,1,10.0,40.0,10.0,55.0,1,244,7.779939651489258,0.18585516530333362,,out_of_road
29,fresh,0,fresh,,,0,0,0,12,1,0,20.0,40.0,5.0,55.0,1,1000,6.032662391662598,0.10797936407109955,,max_step
30,fresh,0,fresh,,,0,1,1,0,1,0,20.0,40.0,5.0,55.0,0,297,11.553675651550293,0.4057616798821774,,out_of_road
31,fresh,0,fresh,,,0,0,0,1,1,0,5.0,40.0,10.0,55.0,0,416,13.764233589172363,0.3368881013459311,,crash_vehicle
32,fresh,0,fresh,,,0,1,0,2,1,0,20.0,40.0,5.0,55.0,1,1000,4.00377082824707,0.03736093667510431,,max_step
33,fresh,0,fresh,,,0,1,1,12,0,1,5.0,20.0,15.0,35.0,0,1000,10.567214965820312,0.21202009740937502,,max_step
34,fresh,0,fresh,,,0,0,0,3,0,1,10.0,10.0,10.0,10.0,3,1000,0.05708388611674309,0.11652982705179601,,max_step
35,fresh,0,fresh,,,0,1,1,2,0,0,10.0,20.0,10.0,10.0,1,64,2.3139536380767822,0.3161668299580924,,out_of_road
36,fresh,0,fresh,,,0,1,0,18,1,0,5.0,5.0,15.0,20.0,3,190,7.404993057250977,0.5665227382002692,,out_of_road
37,fresh,0,fresh,,,0,1,0,5,0,1,10.0,10.0,10.0,10.0,3,94,1.2797878980636597,0.19446627890810053,,out_of_road
38,fresh,0,fresh,,,0,1,1,2,1,0,10.0,20.0,15.0,35.0,2,1000,7.940209865570068,0.12947871623933316,,max_step
39,fresh,0,fresh,,,0,0,0,4,0,1,5.0,5.0,5.0,20.0,2,59,-0.05002856254577637,0.06571909204377967,,crash_vehicle
40,fresh,0,fresh,,,0,0,0,0,1,0,15.0,20.0,15.0,35.0,0,938,63.121917724609375,0.7425900703347695,,out_of_road
41,fresh,0,fresh,,,0,0,0,18,0,1,5.0,20.0,15.0,20.0,0,279,4.802977085113525,0.13008570109951348,,out_of_road
42,fresh,0,fresh,,,0,1,0,3,0,0,15.0,10.0,10.0,55.0,3,139,0.506127119064331,0.2438184296538075,,out_of_road
43,fresh,0,fresh,,,0,0,0,2,0,1,10.0,10.0,10.0,10.0,2,391,18.837142944335938,0.40453182811589194,,out_of_road
44,fresh,0,fresh,,,0,1,0,0,0,0,5.0,40.0,5.0,55.0,0,728,31.346059799194336,0.28051246113942135,,out_of_road
45,fresh,0,fresh,,,0,1,0,4,0,0,15.0,10.0,10.0,10.0,3,1000,33.55812454223633,0.22989309635479002,,max_step
46,fresh,0,fresh,,,0,1,0,5,1,1,20.0,10.0,15.0,55.0,1,1000,24.665302276611328,0.15682896671630442,,max_step
47,fresh,0,fresh,,,0,0,0,3,1,0,20.0,40.0,5.0,55.0,1,863,30.784015655517578,0.17503919298377488,,out_of_road
48,fresh,0,fresh,,,0,0,0,5,1,1,20.0,20.0,10.0,35.0,2,1000,2.8753933906555176,0.08816814431373496,,max_step
49,fresh,0,fresh,,,0,1,0,2,0,0,10.0,40.0,10.0,20.0,2,938,30.373069763183594,0.097687244557017,,out_of_road
50,fresh,0,fresh,,,0,0,0,4,0,1,20.0,40.0,15.0,20.0,1,509,13.85194206237793,0.12485579850357062,,out_of_road
51,fresh,0,fresh,,,0,1,1,0,0,0,15.0,10.0,10.0,20.0,0,1000,32.60852813720703,0.07992548098380212,,max_step
52,fresh,0,fresh,,,0,1,1,2,0,1,15.0,5.0,15.0,10.0,2,1000,30.07853126525879,0.10256856856495142,,max_step
53,fresh,0,fresh,,,0,0,0,0,0,0,15.0,40.0,5.0,55.0,0,1000,30.420827865600586,0.12601488915714434,,max_step
54,fresh,0,fresh,,,0,0,0,1,0,0,15.0,40.0,10.0,10.0,1,948,26.49028778076172,0.09022584844617378,,out_of_road
55,fresh,0,fresh,,,0,1,0,8,1,1,5.0,10.0,15.0,20.0,0,585,5.822563648223877,0.15127283770065658,,arrive_dest
56,fresh,0,fresh,,,0,0,0,3,0,1,15.0,10.0,10.0,10.0,1,733,18.300931930541992,0.07386520892743144,,out_of_road
57,fresh,0,fresh,,,0,0,0,2,0,0,5.0,5.0,5.0,20.0,2,1000,7.021909236907959,0.12986670927610247,,max_step
58,fresh,0,fresh,,,0,0,0,4,1,1,10.0,20.0,15.0,35.0,1,1000,2.8517580032348633,0.04922985273064114,,max_step
59,fresh,0,fresh,,,0,1,0,0,1,0,20.0,10.0,15.0,35.0,0,263,5.732614994049072,0.040580768315227764,,out_of_road
60,fresh,0,fresh,,,0,0,0,0,0,0,10.0,5.0,5.0,20.0,0,407,13.465142250061035,0.129604953690146,rejection_fallback,out_of_road
61,fresh,0,fresh,,,0,1,0,0,1,0,15.0,5.0,15.0,20.0,0,596,16.179466247558594,0.07183513905729585,,out_of_road
62,fresh,0,fresh,,,0,0,0,12,0,0,10.0,20.0,5.0,35.0,2,386,9.713956832885742,0.03043479631881717,,out_of_road
63,fresh,0,fresh,,,0,0,0,12,1,0,20.0,10.0,5.0,55.0,0,289,3.285217761993408,0.06435356436419755,,crash_vehicle
64,fresh,0,fresh,,,0,1,1,2,1,1,5.0,10.0,15.0,55.0,2,563,15.203925132751465,0.03936106065655422,,out_of_road
65,fresh,0,fresh,,,0,0,0,12,1,1,5.0,40.0,5.0,55.0,1,2,0.7571642398834229,0.0,,arrive_dest
66,fresh,0,fresh,,,0,0,0,2,1,1,15.0,5.0,10.0,35.0,2,266,6.19346809387207,0.06362755133427288,,out_of_road
67,fresh,0,fresh,,,0,0,0,12,1,0,5.0,20.0,15.0,35.0,3,264,3.724135160446167,0.10047180522021583,,crash_vehicle
68,fresh,0,fresh,,,0,0,0,5,1,1,10.0,5.0,10.0,55.0,1,1000,3.1589465141296387,0.07156057543028146,,max_step
69,fresh,0,fresh,,,0,1,1,4,0,1,15.0,20.0,10.0,35.0,1,1000,0.927078902721405,0.04507400567783043,,max_step
70,fresh,0,fresh,,,0,1,0,3,1,0,20.0,10.0,15.0,20.0,3,677,17.266693115234375,0.16139641384308004,,out_of_road
71,fresh,0,fresh,,,0,1,1,5,0,1,10.0,5.0,5.0,55.0,2,1000,2.507262945175171,0.034849303679540755,,max_step
72,fresh,0,fresh,,,0,1,0,4,1,1,15.0,20.0,5.0,35.0,0,1000,2.0116446018218994,0.007195110820699483,,max_step
73,fresh,0,fresh,,,0,0,0,8,1,1,5.0,10.0,5.0,55.0,1,768,2.4044477939605713,0.033204684954398545,,crash_vehicle
74,fresh,0,fresh,,,0,1,0,1,1,0,10.0,20.0,15.0,35.0,1,127,2.9063477516174316,0.11163758574508306,,out_of_road
75,fresh,0,fresh,,,0,1,0,8,1,0,15.0,10.0,10.0,55.0,2,556,15.986222267150879,0.13583201963350633,,out_of_road
76,fresh,0,fresh,,,0,1,0,1,1,0,5.0,5.0,5.0,35.0,1,1000,28.46718978881836,0.1462670710964594,,max_step
77,fresh,0,fresh,,,0,1,0,3,1,1,15.0,5.0,5.0,20.0,0,49,-0.014467716217041016,0.022136211395263672,,crash_vehicle
78,fresh,0,fresh,,,0,1,0,12,0,0,5.0,5.0,15.0,20.0,1,62,0.456554114818573,0.0134339893176671,,crash_vehicle
79,fresh,0,fresh,,,0,1,1,18,0,0,5.0,5.0,15.0,55.0,3,1000,0.10264574736356735,0.2464989493479952,,max_step
80,fresh,0,fresh,,,0,1,0,1,0,0,10.0,40.0,5.0,10.0,1,237,7.805077075958252,0.15350528986425088,,out_of_road
81,fresh,0,fresh,,,0,1,1,5,1,1,5.0,40.0,5.0,55.0,2,123,2.3880321979522705,0.02051408325390118,,crash_vehicle
82,fresh,0,fresh,,,0,1,1,18,1,0,5.0,40.0,5.0,55.0,0,205,6.340796947479248,0.08189902638607635,,crash_vehicle
83,fresh,0,fresh,,,0,1,0,0,0,0,20.0,20.0,5.0,10.0,0,1000,31.39112663269043,0.10795989410905167,,max_step
84,fresh,0,fresh,,,0,0,0,0,0,0,15.0,10.0,5.0,10.0,0,568,14.969987869262695,0.11386153902563358,,arrive_dest
85,fresh,0,fresh,,,0,1,0,0,0,0,15.0,20.0,5.0,35.0,0,284,10.514649391174316,0.20555466980817663,,out_of_road
86,fresh,0,fresh,,,0,1,0,1,1,0,15.0,40.0,15.0,55.0,1,201,5.6082563400268555,0.0505525018436028,,arrive_dest
87,fresh,0,fresh,,,0,1,1,4,1,0,15.0,40.0,5.0,55.0,3,74,0.8533610105514526,0.01746015186497086,,out_of_road
88,fresh,0,fresh,,,0,1,0,5,0,1,15.0,40.0,5.0,20.0,3,1000,2.205526351928711,0.022582189691253005,,max_step
89,fresh,0,fresh,,,0,1,1,18,0,0,5.0,5.0,5.0,10.0,0,1000,0.06571034342050552,0.09846152927330695,,max_step
90,fresh,0,fresh,,,0,0,0,0,0,0,15.0,40.0,15.0,35.0,0,521,16.332443237304688,0.1531465014321247,,out_of_road
91,fresh,0,fresh,,,0,1,1,12,1,0,5.0,40.0,10.0,55.0,0,428,6.529315948486328,0.12467088173448204,,out_of_road
92,fresh,0,fresh,,,0,1,0,3,1,0,5.0,5.0,15.0,20.0,3,696,19.945911407470703,0.14816769436884927,,out_of_road
93,fresh,0,fresh,,,0,1,1,1,0,0,5.0,5.0,15.0,55.0,0,1000,0.17640133202075958,0.005774932966567576,,max_step
94,fresh,0,fresh,,,0,1,0,0,0,0,15.0,5.0,5.0,20.0,0,401,12.48690128326416,0.09837452943977944,,out_of_road
95,fresh,0,fresh,,,0,0,0,5,0,0,15.0,5.0,5.0,55.0,3,1000,-0.01592615805566311,0.0426294670291245,,max_step
96,fresh,0,fresh,,,0,0,0,8,0,1,10.0,5.0,5.0,35.0,3,1000,0.3473953604698181,0.0022436370719224213,,max_step
97,fresh,0,fresh,,,0,1,1,5,0,0,20.0,40.0,15.0,10.0,2,65,0.9165366888046265,0.048679892991024716,,out_of_road
98,fresh,0,fresh,,,0,0,0,5,1,0,20.0,5.0,15.0,20.0,1,1000,12.323260307312012,0.09494904881017283,,max_step
99,fresh,0,fresh,,,0,0,0,1,0,1,20.0,5.0,15.0,20.0,0,1000,-0.005673884879797697,0.021846281851059756,,max_step
100,fresh,0,fresh,,,0,0,0,18,1,0,5.0,5.0,5.0,20.0,2,321,0.004687964916229248,0.03941872186459763,,out_of_road
101,fresh,0,fresh,,,0,0,0,0,0,0,5.0,5.0,10.0,35.0,0,54,0.3555918037891388,0.052135757343084725,,out_of_road
102,fresh,0,fresh,,,0,0,0,8,1,1,20.0,20.0,10.0,55.0,3,1000,2.5297915935516357,0.02319849097664701,,max_step
103,fresh,0,fresh,,,0,0,0,4,1,1,10.0,20.0,15.0,35.0,2,291,6.934673309326172,0.10494306011451889,,arrive_dest
104,fresh,0,fresh,,,0,1,0,2,0,1,5.0,20.0,10.0,10.0,2,1000,26.21553611755371,0.14315559574076905,,max_step
105,fresh,0,fresh,,,0,0,0,3,1,0,10.0,40.0,10.0,55.0,2,156,4.020191192626953,0.06142830723323501,,out_of_road
106,fresh,0,fresh,,,0,1,1,3,0,0,10.0,10.0,5.0,35.0,1,145,0.08635196089744568,0.02219688974577805,,crash_vehicle
107,fresh,0,fresh,,,0,0,0,3,0,1,20.0,10.0,15.0,10.0,0,1000,1.5860008001327515,0.004496838024933823,,max_step
108,fresh,0,fresh,,,0,0,0,4,1,0,5.0,5.0,15.0,20.0,1,1000,3.416726589202881,0.0485821732331824,,max_step
109,fresh,0,fresh,,,0,1,0,3,1,0,15.0,10.0,5.0,35.0,2,143,3.7484946250915527,0.13249061583586924,,arrive_dest
110,fresh,0,fresh,,,0,0,0,2,0,1,20.0,40.0,5.0,10.0,1,611,20.08249855041504,0.14907242442022417,,out_of_road
111,fresh,0,fresh,,,0,1,1,3,1,0,15.0,5.0,10.0,55.0,2,282,9.32980728149414,0.2428950208159996,,arrive_dest
112,fresh,0,fresh,,,0,1,0,0,1,0,10.0,10.0,10.0,10.0,0,189,3.2255682945251465,0.19452052680706536,,out_of_road
113,fresh,0,fresh,,,0,0,0,3,0,1,20.0,10.0,10.0,20.0,1,1000,0.40970665216445923,0.007892997799441219,,max_step
114,fresh,0,fresh,,,0,1,0,3,0,1,10.0,20.0,5.0,35.0,3,109,2.790832996368408,0.033674174778744445,,out_of_road
115,fresh,0,fresh,,,0,1,1,12,0,1,20.0,20.0,10.0,55.0,3,1000,1.0285074710845947,0.08110519607784226,,max_step
116,fresh,0,fresh,,,0,1,0,0,0,0,5.0,40.0,10.0,20.0,0,110,3.4024269580841064,0.12661780103702436,,arrive_dest
117,fresh,0,fresh,,,0,0,0,5,1,1,10.0,40.0,15.0,55.0,3,1000,3.806107997894287,0.04768485757149756,,max_step
118,fresh,0,fresh,,,0,1,0,3,1,0,20.0,20.0,15.0,35.0,0,1000,1.1171940565109253,0.046958292818628254,,max_step
119,fresh,0,fresh,,,0,1,1,8,0,1,10.0,5.0,10.0,55.0,2,642,1.6795028448104858,0.05498202841016653,,crash_vehicle
120,fresh,0,fresh,,,0,1,1,8,1,1,15.0,40.0,15.0,55.0,0,1000,16.98682975769043,0.13629307210817934,,max_step
121,fresh,0,fresh,,,0,0,0,1,1,0,20.0,20.0,5.0,55.0,1,49,0.25635895133018494,0.029726462932873746,,out_of_road
122,fresh,0,fresh,,,0,0,0,2,0,0,20.0,10.0,10.0,35.0,2,270,6.734872341156006,0.07981795316251615,,out_of_road
123,fresh,0,fresh,,,0,0,0,0,1,0,20.0,40.0,5.0,10.0,0,205,1.6578433513641357,0.07803775845322668,,out_of_road
124,fresh,0,fresh,,,0,0,0,2,1,0,15.0,5.0,15.0,35.0,2,255,7.346249580383301,0.125603866913155,,arrive_dest
125,fresh,0,fresh,,,0,0,0,18,0,1,5.0,20.0,5.0,10.0,0,1000,1.9467792510986328,0.009915175494737923,,max_step
126,fresh,0,fresh,,,0,0,0,18,0,1,10.0,5.0,5.0,35.0,3,1000,-0.021478671580553055,0.05829311868106015,,max_step
127,fresh,0,fresh,,,0,1,1,3,0,1,5.0,20.0,5.0,10.0,0,1000,5.098387718200684,0.026652292419981675,,max_step
128,fresh,0,fresh,,,0,0,0,8,1,1,15.0,10.0,15.0,35.0,0,1000,1.5808013677597046,0.004886597048491239,,max_step
129,fresh,0,fresh,,,0,1,1,1,0,0,15.0,20.0,15.0,55.0,1,122,4.843048572540283,0.1852981086637153,,arrive_dest
130,fresh,0,fresh,,,0,1,1,4,1,0,15.0,40.0,5.0,55.0,3,339,14.50456428527832,0.36340562636609625,,out_of_road
131,fresh,0,fresh,,,0,0,0,3,0,0,15.0,5.0,5.0,10.0,0,1000,13.143264770507812,0.1252409853641875,,max_step
132,fresh,0,fresh,,,0,0,0,2,1,0,20.0,20.0,10.0,55.0,1,433,13.04886531829834,0.24597179019440818,,out_of_road
133,fresh,0,fresh,,,0,1,0,1,1,0,15.0,10.0,5.0,20.0,1,179,3.289912223815918,0.11733902614126658,,out_of_road
134,fresh,0,fresh,,,0,0,0,4,0,1,20.0,10.0,5.0,35.0,1,1000,0.4997924566268921,0.009806374976877124,,max_step
135,fresh,0,fresh,,,0,0,0,0,1,0,10.0,20.0,5.0,55.0,0,2,0.645225465297699,0.12681624293327332,,arrive_dest
136,fresh,0,fresh,,,0,1,1,2,1,0,5.0,40.0,10.0,55.0,0,240,3.381031036376953,0.07104593601931507,,arrive_dest
137,fresh,0,fresh,,,0,1,1,8,0,1,20.0,5.0,10.0,20.0,3,165,0.4043726921081543,0.07798004022263216,,crash_vehicle
138,fresh,0,fresh,,,0,0,0,4,1,0,15.0,5.0,5.0,55.0,3,142,0.011104434728622437,0.0728469594762149,,crash_vehicle
139,fresh,0,fresh,,,0,0,0,2,0,0,10.0,5.0,15.0,20.0,1,1000,0.14040926098823547,0.000582589095691219,,max_step
140,fresh,0,fresh,,,0,0,0,12,0,0,20.0,10.0,15.0,35.0,1,1000,3.1635630130767822,0.04362469332641922,,max_step
141,fresh,0,fresh,,,0,0,0,12,0,1,5.0,40.0,5.0,10.0,0,1000,2.3532230854034424,0.009765487721655518,,max_step
142,fresh,0,fresh,,,0,0,0,18,0,0,10.0,5.0,15.0,10.0,2,411,-0.06943511962890625,0.004613906256695915,,crash_vehicle
143,fresh,0,fresh,,,0,1,1,8,0,0,10.0,10.0,10.0,20.0,0,314,12.357719421386719,0.34655288739758694,,out_of_road
144,fresh,0,fresh,,,0,0,0,3,0,1,5.0,40.0,15.0,10.0,0,25,-0.5018929243087769,0.12595585845410823,,out_of_road
145,fresh,0,fresh,,,0,0,0,12,1,1,20.0,40.0,15.0,55.0,0,1000,10.646324157714844,0.07388885179418139,,max_step
146,fresh,0,fresh,,,0,0,0,2,0,0,20.0,10.0,5.0,55.0,0,1000,0.5906741619110107,0.0025527676776982843,,max_step
147,fresh,0,fresh,,,0,1,1,4,1,1,5.0,20.0,5.0,35.0,2,1000,1.161702036857605,0.027396255599334837,,max_step
148,fresh,0,fresh,,,0,0,0,5,1,0,10.0,20.0,15.0,35.0,1,1000,7.605721473693848,0.06670519558619707,,max_step
149,fresh,0,fresh,,,0,0,0,8,1,1,15.0,10.0,5.0,55.0,3,1000,1.9540715217590332,0.017282613008283078,,max_step
150,fresh,0,fresh,,,0,0,0,4,1,0,20.0,20.0,10.0,35.0,1,113,2.352595567703247,0.09639651842613135,,out_of_road
151,fresh,0,fresh,,,0,0,0,4,1,0,10.0,20.0,5.0,35.0,1,14,0.7476823329925537,0.09651102870702744,,arrive_dest
152,fresh,0,fresh,,,0,1,1,4,0,0,20.0,5.0,10.0,20.0,0,1000,0.05394396930932999,0.004485949126072228,,max_step
153,fresh,0,fresh,,,0,0,0,5,1,0,15.0,10.0,5.0,20.0,3,1000,0.4625276029109955,0.00328567092679441,,max_step
154,fresh,0,fresh,,,0,0,0,18,1,0,20.0,5.0,15.0,20.0,2,266,2.836153507232666,0.12361988279604375,,crash_vehicle
155,fresh,0,fresh,,,0,1,0,12,1,0,15.0,10.0,15.0,35.0,0,78,0.8935999274253845,0.0423991571371563,,crash_vehicle
156,fresh,0,fresh,,,0,1,1,2,0,0,10.0,10.0,5.0,20.0,1,339,13.469246864318848,0.35727578262553983,,out_of_road
157,fresh,0,fresh,,,0,0,0,1,1,1,5.0,5.0,5.0,20.0,1,89,1.0537421703338623,0.12571389755506193,,out_of_road
158,fresh,0,fresh,,,0,1,1,5,1,1,15.0,40.0,5.0,55.0,1,170,1.0587503910064697,0.11199025340268717,,out_of_road
159,fresh,0,fresh,,,0,0,0,3,0,1,20.0,40.0,15.0,35.0,1,724,4.057101726531982,0.02524381102306285,,crash_vehicle
160,fresh,0,fresh,,,0,0,0,4,1,0,20.0,20.0,10.0,35.0,1,396,7.754292964935303,0.1527500156068591,,out_of_road
161,fresh,0,fresh,,,0,0,0,8,1,1,15.0,20.0,10.0,55.0,0,1000,36.174346923828125,0.29107712642848493,,max_step
162,fresh,0,fresh,,,0,1,1,0,0,0,5.0,5.0,15.0,55.0,0,330,14.057677268981934,0.28980622921477667,,out_of_road
163,fresh,0,fresh,,,0,1,0,12,0,1,15.0,40.0,10.0,10.0,1,342,2.062530755996704,0.021842731993130752,,crash_vehicle
164,fresh,0,fresh,,,0,0,0,8,1,1,15.0,10.0,15.0,55.0,2,367,4.1756272315979,0.09452603781108594,,crash_vehicle
165,fresh,0,fresh,,,0,1,1,8,1,0,10.0,5.0,5.0,20.0,2,1000,0.070579394698143,0.027910658160442834,,max_step
166,fresh,0,fresh,,,0,1,0,5,1,0,10.0,5.0,5.0,55.0,0,1000,-0.009514209814369678,0.013027250743471086,,max_step
167,fresh,0,fresh,,,0,1,0,1,0,1,10.0,40.0,10.0,20.0,0,192,6.200150966644287,0.12819275710110864,,crash_vehicle
168,fresh,0,fresh,,,0,1,1,12,0,0,5.0,40.0,5.0,55.0,3,114,2.516136884689331,0.03218474693334939,,crash_vehicle
169,fresh,0,fresh,,,0,1,1,5,1,0,10.0,40.0,15.0,55.0,3,2,0.6260360479354858,0.3446553349494934,,arrive_dest
170,fresh,0,fresh,,,0,0,0,5,1,1,20.0,5.0,5.0,35.0,2,1000,9.839434623718262,0.06315127090690657,,max_step
171,fresh,0,fresh,,,0,0,0,3,0,0,15.0,10.0,5.0,20.0,2,71,1.5308942794799805,0.16786964410837268,,arrive_dest
172,fresh,0,fresh,,,0,1,0,8,0,1,5.0,20.0,10.0,35.0,1,1000,1.3425909280776978,0.0017306280848570167,,max_step
173,fresh,0,fresh,,,0,0,0,0,0,0,20.0,40.0,10.0,55.0,0,300,12.085857391357422,0.2754019601022204,,out_of_road
174,fresh,0,fresh,,,0,0,0,12,0,0,20.0,20.0,5.0,35.0,2,489,16.235069274902344,0.2636605557092372,,crash_vehicle
175,fresh,0,fresh,,,0,0,0,18,1,1,15.0,40.0,10.0,55.0,0,1000,2.8497395515441895,0.036303411648608744,,max_step
176,fresh,0,fresh,,,0,0,0,2,1,0,5.0,20.0,10.0,35.0,1,150,3.8730764389038086,0.08768657230461638,,crash_vehicle
177,fresh,0,fresh,,,0,0,0,2,0,0,10.0,20.0,5.0,10.0,2,112,3.748731851577759,0.12607893332772488,,arrive_dest
178,fresh,0,fresh,,,0,0,0,4,1,0,5.0,5.0,10.0,20.0,2,1000,0.0036385611165314913,0.05920483306841925,,max_step
179,fresh,0,fresh,,,0,0,0,4,1,1,15.0,20.0,10.0,35.0,2,1000,1.7987252473831177,0.006752880800515414,,max_step
180,fresh,0,fresh,,,0,0,0,8,0,0,5.0,10.0,5.0,55.0,0,1000,3.261667013168335,0.019658054960891604,,max_step
181,fresh,0,fresh,,,0,0,0,0,1,0,10.0,10.0,15.0,35.0,0,306,9.949442863464355,0.20058531604488106,,out_of_road
182,fresh,0,fresh,,,0,0,0,4,0,1,15.0,20.0,10.0,20.0,0,1000,0.2502168118953705,0.001053121566772461,,max_step
183,fresh,0,fresh,,,0,1,0,0,0,0,15.0,20.0,10.0,35.0,0,88,3.131075859069824,0.05249819731001149,,arrive_dest
184,fresh,0,fresh,,,0,0,0,2,0,1,10.0,20.0,15.0,35.0,1,341,13.828813552856445,0.2139065751527324,,out_of_road
185,fresh,0,fresh,,,0,0,0,2,0,0,10.0,5.0,15.0,20.0,0,1000,16.646697998046875,0.14338566278573125,,max_step
186,fresh,0,fresh,,,0,1,1,0,0,0,15.0,5.0,5.0,35.0,0,510,19.310623168945312,0.17618590718062194,,out_of_road
187,fresh,0,fresh,,,0,0,0,3,1,1,20.0,20.0,5.0,35.0,3,332,13.688980102539062,0.20957155284788795,,out_of_road
188,fresh,0,fresh,,,0,1,0,12,0,1,5.0,20.0,10.0,55.0,2,63,0.8992294073104858,0.0014390273699684748,,crash_vehicle
189,fresh,0,fresh,,,0,1,1,8,0,0,10.0,10.0,5.0,35.0,1,151,3.8790385723114014,0.17537199656497562,,out_of_road
190,fresh,0,fresh,,,0,1,0,8,1,0,15.0,5.0,10.0,20.0,3,279,2.998785972595215,0.06884495549798546,,out_of_road
191,fresh,0,fresh,,,0,1,1,8,0,1,5.0,40.0,15.0,20.0,2,114,2.7740442752838135,0.06705743940383718,,crash_vehicle
192,fresh,0,fresh,,,0,1,1,18,1,0,10.0,10.0,10.0,35.0,3,1000,2.226621150970459,0.02053105606837198,,max_step
193,fresh,0,fresh,,,0,0,0,12,1,0,5.0,5.0,10.0,55.0,3,336,6.344151496887207,0.1719111597547973,,crash_vehicle
194,fresh,0,fresh,,,0,1,0,3,0,0,10.0,40.0,5.0,10.0,0,1000,7.717421054840088,0.029896994651237036,,max_step
195,fresh,0,fresh,,,0,0,0,8,1,1,10.0,40.0,5.0,55.0,0,1000,4.817113399505615,0.0073628218211233614,,max_step
196,fresh,0,fresh,,,0,1,0,12,1,1,5.0,40.0,15.0,55.0,0,107,2.9717891216278076,0.06136269108435818,,crash_vehicle
197,fresh,0,fresh,,,0,1,1,5,1,1,15.0,10.0,10.0,55.0,3,1000,3.4613168239593506,0.017506332404911517,,max_step
198,fresh,0,fresh,,,0,0,0,8,0,0,5.0,20.0,5.0,35.0,2,1000,13.324767112731934,0.07505235550366342,,max_step
199,fresh,0,fresh,,,0,1,0,2,1,0,15.0,5.0,10.0,20.0,2,143,3.9006075859069824,0.08242000924696873,,out_of_road
200,fresh,0,fresh,,,0,1,1,12,1,0,15.0,20.0,5.0,55.0,1,150,3.428637981414795,0.0678955151559785,,crash_vehicle
201,fresh,0,fresh,,,0,1,1,5,1,0,10.0,5.0,15.0,55.0,2,225,4.211315155029297,0.1889065293595195,,out_of_road
202,fresh,0,fresh,,,0,1,1,1,1,0,10.0,40.0,15.0,55.0,1,248,8.684032440185547,0.11432581397164013,,crash_vehicle
203,fresh,0,fresh,,,0,1,1,12,1,0,20.0,5.0,15.0,20.0,3,1000,0.2904934585094452,0.03222455198946409,,max_step
204,fresh,0,fresh,,,0,1,0,2,1,1,15.0,40.0,10.0,55.0,2,286,10.99988079071045,0.20798723838598163,,out_of_road
205,fresh,0,fresh,,,0,0,0,3,1,0,5.0,40.0,5.0,55.0,2,843,26.56747817993164,0.19849315666663211,,out_of_road
206,fresh,0,fresh,,,0,0,0,5,0,0,5.0,20.0,10.0,35.0,0,1000,1.5543183088302612,0.010402279761619867,,max_step
207,fresh,0,fresh,,,0,0,0,12,1,1,15.0,10.0,10.0,20.0,3,1000,1.1033235788345337,0.016663473460590467,,max_step
208,fresh,0,fresh,,,0,0,0,4,0,0,20.0,40.0,5.0,10.0,3,134,3.105984687805176,0.05704570436544383,,crash_vehicle
209,fresh,0,fresh,,,0,1,1,12,1,1,15.0,10.0,5.0,55.0,0,261,7.346705436706543,0.17606773268845347,,crash_vehicle
210,fresh,0,fresh,,,0,1,1,3,0,1,15.0,10.0,15.0,55.0,2,228,8.226512908935547,0.2965760466871424,,out_of_road
211,fresh,0,fresh,,,0,1,1,0,1,0,5.0,5.0,5.0,35.0,0,205,6.458465576171875,0.05426006156315164,,crash_vehicle
212,fresh,0,fresh,,,0,1,1,8,1,0,5.0,40.0,10.0,55.0,0,2,0.6024347543716431,0.2546059489250183,,arrive_dest
213,fresh,0,fresh,,,0,1,1,2,0,1,15.0,10.0,15.0,55.0,1,153,3.1623425483703613,0.08645995220266818,,out_of_road
214,fresh,0,fresh,,,0,0,0,8,0,0,20.0,5.0,15.0,20.0,2,1000,0.26172786951065063,0.04655948904342949,,max_step
215,fresh,0,fresh,,,0,1,1,3,1,0,20.0,10.0,10.0,55.0,0,408,14.838458061218262,0.2553348972407334,,out_of_road
216,fresh,0,fresh,,,0,0,0,0,0,0,5.0,10.0,5.0,35.0,0,158,4.2107977867126465,0.0310593366599347,,out_of_road
217,fresh,0,fresh,,,0,0,0,8,0,1,10.0,10.0,10.0,35.0,1,61,0.059635698795318604,0.01702806207000232,,out_of_road
218,fresh,0,fresh,,,0,1,0,3,1,0,20.0,5.0,5.0,35.0,3,350,9.93634033203125,0.1310068321547338,,crash_vehicle
219,fresh,0,fresh,,,0,1,0,3,1,1,10.0,40.0,15.0,55.0,1,329,6.994936466217041,0.10549520578314649,,out_of_road
220,fresh,0,fresh,,,0,1,1,0,0,0,20.0,20.0,10.0,10.0,0,57,0.9056403636932373,0.020314498396034827,,out_of_road
221,fresh,0,fresh,,,0,0,0,4,0,0,5.0,20.0,15.0,35.0,2,397,12.904437065124512,0.1529023811668017,,out_of_road
222,fresh,0,fresh,,,0,1,0,2,1,1,10.0,20.0,5.0,35.0,1,161,4.703018665313721,0.08737999729534483,,crash_vehicle
223,fresh,0,fresh,,,0,1,0,3,1,1,10.0,10.0,10.0,20.0,2,1000,0.4776947498321533,0.0014208020120859146,,max_step
224,fresh,0,fresh,,,0,1,0,18,0,0,15.0,5.0,10.0,55.0,3,1000,0.17436577379703522,0.0,,max_step
225,fresh,0,fresh,,,0,1,0,2,1,1,10.0,5.0,5.0,55.0,2,600,20.94188117980957,0.1854335677193012,,out_of_road
226,fresh,0,fresh,,,0,0,0,12,0,1,15.0,5.0,10.0,20.0,3,1000,3.0253260135650635,0.0314082557533402,,max_step
227,fresh,0,fresh,,,0,1,1,2,1,1,5.0,40.0,10.0,55.0,1,118,3.3567757606506348,0.03604317503839226,,crash_vehicle
228,fresh,0,fresh,,,0,0,0,12,1,0,15.0,40.0,10.0,55.0,0,97,3.048384189605713,0.054451846584831314,,arrive_dest
229,fresh,0,fresh,,,0,0,0,3,0,1,20.0,40.0,5.0,55.0,2,392,13.361761093139648,0.15597243268964622,,arrive_dest
230,fresh,0,fresh,,,0,1,0,5,1,1,5.0,10.0,10.0,35.0,2,1000,1.6000826358795166,0.024123544183559716,,max_step
231,fresh,0,fresh,,,0,0,0,8,1,1,10.0,20.0,10.0,35.0,2,98,1.7624821662902832,0.01762829994668766,,crash_vehicle
232,fresh,0,fresh,,,0,1,1,5,1,1,20.0,10.0,10.0,55.0,2,115,3.118013620376587,0.12330306151719844,,crash_vehicle
233,fresh,0,fresh,,,0,0,0,3,1,0,10.0,20.0,15.0,35.0,0,377,14.310365676879883,0.19347446670740923,,arrive_dest
234,fresh,0,fresh,,,0,0,0,18,0,0,5.0,5.0,15.0,35.0,2,692,17.053342819213867,0.1624828646066491,,out_of_road
235,fresh,0,fresh,,,0,1,0,0,0,0,10.0,20.0,10.0,20.0,0,292,12.222711563110352,0.17810275243620757,,out_of_road
236,fresh,0,fresh,,,0,1,1,0,0,0,10.0,10.0,5.0,10.0,0,602,22.650760650634766,0.17505074089758124,,out_of_road
237,fresh,0,fresh,,,0,0,0,8,1,0,10.0,20.0,5.0,35.0,0,1000,0.7627164125442505,0.009316168300749269,,max_step
238,fresh,0,fresh,,,0,0,0,18,1,1,5.0,5.0,15.0,20.0,1,905,-0.033271342515945435,0.01886185983862234,,crash_vehicle
239,fresh,0,fresh,,,0,1,1,12,1,0,15.0,20.0,10.0,35.0,1,1000,2.5921366214752197,0.015873560124193317,,max_step
240,fresh,0,fresh,,,0,1,0,8,1,0,20.0,5.0,15.0,20.0,0,489,3.6544721126556396,0.0525790917651884,,out_of_road
241,fresh,0,fresh,,,0,0,0,12,1,1,20.0,40.0,10.0,55.0,2,55,0.9649959802627563,0.04369384312409569,,out_of_road
242,fresh,0,fresh,,,0,1,0,8,1,0,10.0,40.0,5.0,55.0,0,96,2.4344482421875,0.03575606799374024,,crash_vehicle
243,fresh,0,fresh,,,0,0,0,2,0,1,20.0,10.0,15.0,10.0,0,1000,5.484319686889648,0.05179528436530381,,max_step
244,fresh,0,fresh,,,0,1,0,4,0,0,15.0,5.0,5.0,20.0,1,86,0.7454288005828857,0.16370192048854607,,out_of_road
245,fresh,0,fresh,,,0,1,1,3,1,1,15.0,20.0,5.0,55.0,3,40,0.0055741965770721436,0.10950924754142762,,out_of_road
246,fresh,0,fresh,,,0,0,0,4,0,0,5.0,20.0,15.0,55.0,3,970,16.163257598876953,0.1643928548397938,,out_of_road
247,fresh,0,fresh,,,0,1,0,18,1,1,20.0,20.0,5.0,35.0,3,379,0.49092912673950195,0.039615311485403135,,out_of_road
248,fresh,0,fresh,,,0,0,0,4,1,1,10.0,10.0,10.0,55.0,2,1000,1.5462068319320679,0.013937669172883034,,max_step
249,fresh,0,fresh,,,0,1,1,5,0,0,10.0,10.0,10.0,20.0,0,1000,1.7253632545471191,0.012197088877670468,,max_step
250,fresh,0,fresh,,,0,0,0,4,1,1,5.0,5.0,5.0,55.0,0,50,0.2111174762248993,0.0029334186017513277,,crash_vehicle
251,fresh,0,fresh,,,0,1,1,1,0,1,5.0,40.0,10.0,10.0,1,462,21.0335693359375,0.3733272590952647,,out_of_road
252,fresh,0,fresh,,,0,1,0,4,1,1,15.0,40.0,15.0,55.0,3,340,12.731607437133789,0.21228220819440835,,out_of_road
253,fresh,0,fresh,,,0,0,0,3,0,0,20.0,5.0,15.0,55.0,3,195,5.1527557373046875,0.09203132503451063,,out_of_road
254,fresh,0,fresh,,,0,1,1,2,1,1,20.0,10.0,10.0,55.0,2,299,9.281126976013184,0.15479108092864122,,crash_vehicle
255,fresh,0,fresh,,,0,0,0,1,1,0,10.0,10.0,15.0,55.0,1,240,8.259631156921387,0.14418027678426976,,crash_vehicle
256,fresh,0,fresh,,,0,0,0,5,1,1,5.0,20.0,10.0,55.0,0,1000,2.1417911052703857,0.008539028448984028,,max_step
257,fresh,0,fresh,,,0,1,1,4,1,0,20.0,10.0,10.0,55.0,2,345,10.948604583740234,0.28399843500684135,,out_of_road
258,fresh,0,fresh,,,0,1,0,4,1,1,5.0,5.0,10.0,20.0,3,949,4.120802402496338,0.051128613370989846,,out_of_road
259,fresh,0,fresh,,,0,0,0,1,1,0,10.0,40.0,5.0,55.0,1,172,5.935617446899414,0.13035640983062602,,out_of_road
260,fresh,0,fresh,,,0,0,0,1,0,0,20.0,40.0,10.0,55.0,0,208,8.222789764404297,0.1850566905744087,,out_of_road
261,fresh,0,fresh,,,0,0,0,8,1,1,5.0,20.0,5.0,55.0,0,1000,1.3628522157669067,0.009725619468605146,,max_step
262,fresh,0,fresh,,,0,0,0,4,0,1,10.0,10.0,15.0,10.0,2,1000,0.7371057868003845,0.009665892491349951,,max_step
263,fresh,0,fresh,,,0,0,0,5,1,1,10.0,5.0,10.0,35.0,0,1000,0.39700305461883545,0.0006650046044960618,,max_step
264,fresh,0,fresh,,,0,0,0,8,0,0,10.0,10.0,15.0,35.0,1,226,4.0597100257873535,0.14583338029163403,,crash_vehicle
265,fresh,0,fresh,,,0,1,0,18,1,1,15.0,5.0,15.0,55.0,3,1000,0.07842312753200531,0.020110016252147034,,max_step
266,fresh,0,fresh,,,0,1,0,5,0,0,10.0,40.0,15.0,20.0,2,1000,4.973677158355713,0.024819670103490354,,max_step
267,fresh,0,fresh,,,0,1,1,8,0,1,5.0,20.0,15.0,35.0,0,1000,2.535536050796509,0.013497161054983735,,max_step
268,fresh,0,fresh,,,0,1,1,0,0,0,15.0,40.0,15.0,55.0,0,220,7.9541497230529785,0.1390374877384271,,out_of_road
269,fresh,0,fresh,,,0,1,1,5,0,0,20.0,10.0,15.0,55.0,0,303,10.262964248657227,0.32306976185453806,,out_of_road
270,fresh,0,fresh,,,0,1,0,0,1,0,15.0,20.0,10.0,35.0,0,149,3.3906800746917725,0.13059463876693342,,out_of_road
271,fresh,0,fresh,,,0,0,0,5,1,0,5.0,10.0,10.0,20.0,1,136,2.150144100189209,0.09323771933422369,,crash_vehicle
272,fresh,0,fresh,,,0,0,0,0,1,0,5.0,20.0,5.0,35.0,0,290,13.116811752319336,0.35260065513952027,,out_of_road
273,fresh,0,fresh,,,0,1,0,12,1,0,20.0,10.0,10.0,20.0,1,1000,0.6338276863098145,0.047081585216103124,,max_step
274,fresh,0,fresh,,,0,0,0,0,1,0,15.0,40.0,15.0,35.0,0,117,3.9209134578704834,0.11655949589470004,,crash_vehicle
275,fresh,0,fresh,,,0,0,0,12,1,1,10.0,40.0,15.0,55.0,2,115,3.377136468887329,0.06740093525985012,,crash_vehicle
276,fresh,0,fresh,,,0,0,0,4,0,0,10.0,40.0,5.0,35.0,3,133,3.1891913414001465,0.07652566927884306,,out_of_road
277,fresh,0,fresh,,,0,0,0,3,1,1,5.0,5.0,10.0,20.0,2,1000,0.04596301168203354,0.00015583086758852005,,max_step
278,fresh,0,fresh,,,0,1,0,3,0,0,5.0,40.0,15.0,20.0,0,129,2.9849672317504883,0.03957602850255347,,out_of_road
279,fresh,0,fresh,,,0,0,0,8,0,1,10.0,40.0,10.0,20.0,2,46,0.009346872568130493,0.06316387762680002,,out_of_road
280,fresh,0,fresh,,,0,0,0,2,0,1,15.0,5.0,5.0,20.0,1,336,11.726991653442383,0.3578869390323581,,crash_vehicle
281,fresh,0,fresh,,,0,1,1,18,0,0,5.0,20.0,15.0,10.0,3,766,-0.2822721600532532,5.4494133729769726e-06,,crash_vehicle
282,fresh,0,fresh,,,0,0,0,5,1,1,5.0,10.0,10.0,20.0,3,1000,0.7928198575973511,0.013578878119587898,,max_step
283,fresh,0,fresh,,,0,1,0,0,1,0,5.0,5.0,15.0,55.0,0,134,3.932478666305542,0.13207905857698687,,out_of_road
284,fresh,0,fresh,,,0,0,0,12,0,1,15.0,5.0,10.0,20.0,3,25,-0.010627955198287964,0.0,,crash_vehicle
285,fresh,0,fresh,,,0,0,0,3,0,0,15.0,5.0,5.0,20.0,1,1000,0.6333897113800049,0.0011594976894557477,,max_step
286,fresh,0,fresh,,,0,1,1,1,0,0,15.0,5.0,15.0,10.0,0,209,6.4066162109375,0.23960674778696453,,out_of_road
287,fresh,0,fresh,,,0,0,0,4,0,0,20.0,20.0,10.0,35.0,2,305,13.158025741577148,0.2842431420032851,,out_of_road
288,fresh,0,fresh,,,0,0,0,2,1,1,20.0,10.0,5.0,20.0,1,1000,7.150083065032959,0.06303751712851226,,max_step
289,fresh,0,fresh,,,0,0,0,3,0,0,15.0,10.0,10.0,10.0,2,458,19.644317626953125,0.3629781885894105,,out_of_road
290,fresh,0,fresh,,,0,1,1,1,0,0,10.0,20.0,15.0,55.0,1,151,4.615391254425049,0.09176144661344834,,out_of_road
291,fresh,0,fresh,,,0,0,0,2,1,0,5.0,40.0,10.0,55.0,2,47,0.019614487886428833,0.00832335872853056,,out_of_road
292,fresh,0,fresh,,,0,0,0,4,0,0,15.0,40.0,15.0,35.0,2,85,2.1304259300231934,0.052718505000366886,,crash_vehicle
293,fresh,0,fresh,,,0,0,0,18,1,0,20.0,10.0,5.0,20.0,3,35,0.23888060450553894,0.003637312139783587,,crash_vehicle
294,fresh,0,fresh,,,0,0,0,2,0,0,20.0,20.0,5.0,55.0,2,259,11.359315872192383,0.25932778167074483,,out_of_road
295,fresh,0,fresh,,,0,1,1,3,0,1,20.0,10.0,15.0,20.0,1,1000,0.22966453433036804,0.0005882751811295747,,max_step
296,fresh,0,fresh,,,0,1,1,0,0,0,20.0,10.0,10.0,55.0,0,175,5.979860305786133,0.15954479551741055,,out_of_road
297,fresh,0,fresh,,,0,0,0,12,1,0,15.0,40.0,10.0,55.0,1,1000,1.5582127571105957,0.017198242875863797,,max_step
298,fresh,0,fresh,,,0,1,1,4,0,1,15.0,5.0,10.0,35.0,1,637,17.26380157470703,0.21212314989335918,,out_of_road
299,fresh,0,fresh,,,0,0,0,8,0,1,20.0,5.0,15.0,20.0,1,1000,0.8193299174308777,0.003983462217263877,,max_step
300,fresh,0,fresh,,,0,0,0,0,0,0,15.0,40.0,5.0,35.0,0,284,12.7584810256958,0.2840668068654363,,out_of_road
301,fresh,0,fresh,,,0,1,0,4,0,1,20.0,5.0,5.0,20.0,1,1000,0.789066731929779,0.0012338489675894379,,max_step
302,fresh,0,fresh,,,0,1,1,0,1,0,10.0,10.0,15.0,35.0,0,284,10.282124519348145,0.16514056215626777,,out_of_road
303,fresh,0,fresh,,,0,0,0,0,1,0,15.0,20.0,10.0,10.0,0,1000,0.5536876916885376,0.0009099818943068385,,max_step
304,fresh,0,fresh,,,0,1,1,4,1,1,15.0,40.0,15.0,55.0,0,147,4.285983085632324,0.0519015470545004,,crash_vehicle
305,fresh,0,fresh,,,0,1,1,8,0,1,20.0,40.0,15.0,10.0,3,1000,7.982744216918945,0.025890075055882335,,max_step
306,fresh,0,fresh,,,0,0,0,5,0,1,20.0,40.0,15.0,20.0,3,92,2.213604688644409,0.03871295333880445,,crash_vehicle
307,fresh,0,fresh,,,0,0,0,18,1,0,5.0,40.0,10.0,55.0,3,176,2.627455472946167,0.055866706465497955,,crash_vehicle
308,fresh,0,fresh,,,0,1,0,4,0,1,20.0,20.0,5.0,10.0,3,410,14.910868644714355,0.22632174571385472,,out_of_road
309,fresh,0,fresh,,,0,1,1,12,0,1,15.0,20.0,10.0,10.0,1,1000,0.9889876842498779,0.01170384331443347,,max_step
310,fresh,0,fresh,,,0,0,0,0,1,0,15.0,5.0,10.0,20.0,0,63,0.7882927656173706,0.031868674807132236,,out_of_road
311,fresh,0,fresh,,,0,0,0,3,0,0,15.0,40.0,5.0,55.0,3,1000,-0.011876540258526802,0.01136208443826763,,max_step
312,fresh,0,fresh,,,0,1,1,3,0,1,20.0,40.0,5.0,35.0,2,72,1.2308627367019653,0.030665186802960105,,out_of_road
313,fresh,0,fresh,,,0,1,0,4,0,0,5.0,20.0,5.0,35.0,3,2,0.5546838045120239,0.0,,arrive_dest
314,fresh,0,fresh,,,0,0,0,3,1,0,5.0,40.0,5.0,55.0,3,205,5.970295429229736,0.06535061138977365,,out_of_road
315,fresh,0,fresh,,,0,0,0,8,1,1,15.0,40.0,5.0,55.0,0,1000,2.9476020336151123,0.012216275229584427,,max_step
316,fresh,0,fresh,,,0,1,0,18,1,1,10.0,10.0,15.0,20.0,3,122,2.2586233615875244,0.2539983329775392,,crash_vehicle
317,fresh,0,fresh,,,0,1,0,12,1,0,10.0,5.0,5.0,35.0,1,307,5.58315896987915,0.12554188390301863,,crash_vehicle
318,fresh,0,fresh,,,0,0,0,12,1,1,5.0,40.0,5.0,55.0,2,89,1.8700963258743286,0.055335647730010276,,crash_vehicle
319,fresh,0,fresh,,,0,0,0,18,0,1,15.0,10.0,10.0,10.0,0,1000,0.4480650722980499,0.0028438072446733713,,max_step
320,fresh,0,fresh,,,0,1,1,0,0,0,15.0,20.0,5.0,55.0,0,200,9.478286743164062,0.27211717553436754,,out_of_road
321,fresh,0,fresh,,,0,0,0,8,0,0,10.0,40.0,10.0,55.0,1,1000,2.012769937515259,0.011361988079268486,,max_step
322,fresh,0,fresh,,,0,1,0,12,0,1,5.0,20.0,10.0,55.0,1,1000,1.7563308477401733,0.005274555349489674,,max_step
323,fresh,0,fresh,,,0,1,1,18,1,1,5.0,10.0,10.0,55.0,2,1000,0.8553930521011353,0.002954886800609529,,max_step
324,fresh,0,fresh,,,0,0,0,8,0,0,15.0,40.0,5.0,35.0,3,113,3.6857223510742188,0.10487655813978837,,crash_vehicle
325,fresh,0,fresh,,,0,0,0,4,0,1,15.0,40.0,5.0,20.0,0,76,1.687143325805664,0.05297254251414224,,crash_vehicle
326,fresh,0,fresh,,,0,0,0,2,1,1,15.0,40.0,15.0,55.0,0,372,7.215358734130859,0.13902767550610806,,crash_vehicle
327,fresh,0,fresh,,,0,0,0,2,0,0,15.0,10.0,5.0,55.0,2,21,-0.299272358417511,0.02163442543574742,,out_of_road
328,fresh,0,fresh,,,0,0,0,2,0,1,5.0,20.0,5.0,35.0,2,163,4.1628570556640625,0.13891266545772188,,out_of_road
329,fresh,0,fresh,,,0,0,0,1,0,0,15.0,40.0,15.0,10.0,1,161,6.090750217437744,0.1271455920538547,,out_of_road
330,fresh,0,fresh,,,0,0,0,12,1,1,10.0,40.0,5.0,55.0,3,1000,2.6567180156707764,0.07931676214700564,,max_step
331,fresh,0,fresh,,,0,0,0,0,0,0,10.0,5.0,5.0,20.0,0,300,13.62985610961914,0.24535009177401662,rejection_fallback,arrive_dest
332,fresh,0,fresh,,,0,0,0,4,0,1,10.0,20.0,15.0,35.0,3,503,19.921724319458008,0.3158773500305669,,out_of_road
333,fresh,0,fresh,,,0,1,0,0,1,0,5.0,10.0,15.0,55.0,0,54,0.7994997501373291,0.021008950209727994,,out_of_road
334,fresh,0,fresh,,,0,1,1,5,1,0,5.0,10.0,15.0,55.0,2,626,18.139394760131836,0.22215065366020217,,out_of_road
335,fresh,0,fresh,,,0,0,0,4,1,0,15.0,10.0,15.0,20.0,1,1000,0.39827290177345276,0.0018267362844198941,,max_step
336,fresh,0,fresh,,,0,1,0,12,1,0,15.0,10.0,10.0,20.0,2,1000,0.04063669219613075,0.061691078146919605,,max_step
337,fresh,0,fresh,,,0,1,1,5,0,1,20.0,10.0,10.0,20.0,0,1000,0.9966313242912292,0.010202987851575017,,max_step
338,fresh,0,fresh,,,0,0,0,3,0,1,10.0,20.0,10.0,20.0,1,330,15.630451202392578,0.2934592017113711,,out_of_road
339,fresh,0,fresh,,,0,0,0,12,1,0,15.0,5.0,5.0,20.0,1,1000,12.842842102050781,0.11265076475474052,,max_step
340,fresh,0,fresh,,,0,0,0,3,1,0,5.0,5.0,10.0,20.0,2,1000,0.8597307205200195,0.0006243367326678708,,max_step
341,fresh,0,fresh,,,0,1,0,3,0,1,5.0,10.0,5.0,20.0,3,116,3.4708075523376465,0.09903250742254072,,out_of_road
342,fresh,0,fresh,,,0,0,0,1,1,0,15.0,10.0,15.0,55.0,1,280,8.313725471496582,0.1472608399843531,,crash_vehicle
343,fresh,0,fresh,,,0,0,0,2,1,1,15.0,5.0,5.0,35.0,2,1000,3.756998062133789,0.01616508314013481,,max_step
344,fresh,0,fresh,,,0,1,0,3,0,0,15.0,40.0,5.0,55.0,0,123,3.934649705886841,0.12082829721635435,,crash_vehicle
345,fresh,0,fresh,,,0,1,0,0,0,0,5.0,20.0,15.0,10.0,0,99,2.6705806255340576,0.13633678725572548,,out_of_road
346,fresh,0,fresh,,,0,0,0,0,0,0,10.0,5.0,5.0,20.0,0,101,3.498128890991211,0.06970200077215634,rejection_fallback,arrive_dest
347,fresh,0,fresh,,,0,1,0,0,1,0,5.0,10.0,5.0,10.0,0,263,11.62690544128418,0.25642119169221067,,out_of_road
348,fresh,0,fresh,,,0,1,0,18,0,0,10.0,10.0,15.0,10.0,1,155,2.8138179779052734,0.11282074578827428,,out_of_road
349,fresh,0,fresh,,,0,1,0,3,0,1,10.0,40.0,10.0,55.0,3,262,12.087713241577148,0.23096777035193589,,out_of_road
350,fresh,0,fresh,,,0,1,1,18,1,0,20.0,20.0,10.0,55.0,3,81,1.919870376586914,0.11351068281097176,,crash_vehicle
351,fresh,0,fresh,,,0,0,0,12,1,0,20.0,40.0,5.0,55.0,0,1000,3.2132527828216553,0.0069203945905901496,,max_step
352,fresh,0,fresh,,,0,1,1,18,0,1,15.0,5.0,10.0,20.0,1,1000,-0.007576187141239643,0.004601601205766201,,max_step
353,fresh,0,fresh,,,0,0,0,5,0,1,20.0,5.0,10.0,10.0,2,276,0.032879918813705444,0.03308323363139146,,crash_vehicle
354,fresh,0,fresh,,,0,0,0,0,1,0,10.0,10.0,10.0,35.0,0,244,11.740649223327637,0.21205793428005743,,out_of_road
355,fresh,0,fresh,,,0,0,0,4,1,0,15.0,10.0,10.0,20.0,1,287,12.311267852783203,0.22237196459535521,,out_of_road
356,fresh,0,fresh,,,0,1,0,0,0,0,20.0,20.0,5.0,55.0,0,91,2.2309045791625977,0.08041740929359918,,out_of_road
357,fresh,0,fresh,,,0,0,0,3,0,1,5.0,40.0,15.0,55.0,1,19,-0.2504037916660309,0.13473487684601232,,out_of_road
358,fresh,0,fresh,,,0,0,0,4,1,1,5.0,20.0,10.0,35.0,0,57,0.8439487218856812,0.05023186052577537,,crash_vehicle
359,fresh,0,fresh,,,0,1,0,2,0,0,15.0,10.0,15.0,35.0,1,625,19.24224090576172,0.23372472617328166,,out_of_road
360,fresh,0,fresh,,,0,0,0,12,0,1,20.0,10.0,15.0,10.0,0,207,0.32109639048576355,0.017047433173598876,,crash_vehicle
361,fresh,0,fresh,,,0,0,0,1,0,1,15.0,5.0,15.0,20.0,1,81,2.4679388999938965,0.07345667463025929,,arrive_dest
362,fresh,0,fresh,,,0,1,1,12,0,1,20.0,5.0,15.0,35.0,3,340,6.822015762329102,0.1766648936578456,,crash_vehicle
363,fresh,0,fresh,,,0,0,0,2,0,1,20.0,10.0,5.0,20.0,2,325,14.113519668579102,0.19548497530703363,,out_of_road
364,fresh,0,fresh,,,0,1,1,8,1,1,20.0,10.0,5.0,35.0,2,1000,0.30456820130348206,0.011322398751974105,,max_step
365,fresh,0,fresh,,,0,1,0,3,0,0,5.0,10.0,10.0,10.0,1,135,0.7096496224403381,0.05417653832722593,,out_of_road
366,fresh,0,fresh,,,0,0,0,2,1,0,10.0,40.0,5.0,55.0,2,140,4.269350528717041,0.0997531630564481,,out_of_road
367,fresh,0,fresh,,,0,1,1,5,1,1,15.0,5.0,15.0,20.0,2,1000,0.2058960199356079,0.01953691499028355,,max_step
368,fresh,0,fresh,,,0,1,1,0,1,0,10.0,10.0,10.0,35.0,0,55,0.8204182982444763,0.06442955629053441,,out_of_road
369,fresh,0,fresh,,,0,1,0,2,0,1,5.0,40.0,15.0,55.0,0,264,11.332256317138672,0.13504541511506293,,out_of_road
370,fresh,0,fresh,,,0,0,0,1,0,0,5.0,10.0,10.0,20.0,0,48,0.5567689538002014,0.006490632891654968,,crash_vehicle
371,fresh,0,fresh,,,0,0,0,3,0,0,10.0,10.0,5.0,55.0,0,219,6.762236595153809,0.3424396117358175,,arrive_dest
372,fresh,0,fresh,,,0,0,0,3,1,0,5.0,40.0,5.0,55.0,1,1000,2.292073965072632,0.011557181855197995,,max_step
373,fresh,0,fresh,,,0,1,1,0,0,0,20.0,20.0,15.0,35.0,0,348,16.299114227294922,0.2341711256524612,,arrive_dest
374,fresh,0,fresh,,,0,1,0,0,0,0,5.0,40.0,10.0,10.0,0,210,8.576292037963867,0.17068409153393338,,out_of_road
375,fresh,0,fresh,,,0,1,0,3,1,0,5.0,20.0,15.0,55.0,2,68,1.4426769018173218,0.021451538332792765,,crash_vehicle
376,fresh,0,fresh,,,0,1,0,12,0,0,10.0,10.0,10.0,55.0,2,164,3.5798864364624023,0.16163366866616033,,arrive_dest
377,fresh,0,fresh,,,0,1,0,4,1,0,10.0,5.0,5.0,20.0,0,1000,0.2065410315990448,0.010942255515255966,,max_step
378,fresh,0,fresh,,,0,0,0,0,1,0,10.0,10.0,15.0,20.0,0,17,-0.2689335346221924,0.44166352205416737,,out_of_road
379,fresh,0,fresh,,,0,1,0,18,1,1,5.0,20.0,5.0,35.0,2,745,0.3550929129123688,0.008721961138727793,,crash_vehicle
380,fresh,0,fresh,,,0,1,0,18,1,0,5.0,20.0,5.0,35.0,2,102,2.6371631622314453,0.09455886929679443,,crash_vehicle
381,fresh,0,fresh,,,0,1,0,8,1,0,5.0,10.0,10.0,20.0,3,1000,0.7633447051048279,0.018466064281528815,,max_step
382,fresh,0,fresh,,,0,1,1,5,0,0,20.0,5.0,15.0,55.0,0,1000,-0.0021710521541535854,0.0011937815910205245,,max_step
383,fresh,0,fresh,,,0,1,1,5,0,1,10.0,10.0,10.0,35.0,3,1000,0.9379468560218811,0.044139500578166915,,max_step
384,fresh,0,fresh,,,0,1,0,12,0,0,15.0,5.0,15.0,35.0,0,68,0.20694619417190552,0.13317559927921085,,out_of_road
385,fresh,0,fresh,,,0,0,0,2,1,1,10.0,20.0,10.0,35.0,2,132,3.569342613220215,0.11754842556900147,,out_of_road
386,fresh,0,fresh,,,0,0,0,12,0,1,20.0,20.0,15.0,10.0,1,66,1.2194418907165527,0.04068767014100696,,crash_vehicle
387,fresh,0,fresh,,,0,1,0,18,0,0,20.0,5.0,15.0,10.0,0,573,-0.024967923760414124,0.008358743355445317,,crash_vehicle
388,fresh,0,fresh,,,0,0,0,3,1,0,20.0,40.0,15.0,55.0,1,79,1.7405004501342773,0.03428891235137287,,crash_vehicle
389,fresh,0,fresh,,,0,1,1,18,0,1,20.0,10.0,10.0,55.0,0,1000,1.0722661018371582,0.012918780675157905,,max_step
390,fresh,0,fresh,,,0,1,1,8,1,1,10.0,10.0,5.0,55.0,3,472,15.931984901428223,0.21748223457627502,,out_of_road
391,fresh,0,fresh,,,0,0,0,0,1,0,5.0,5.0,15.0,10.0,0,42,0.4549202024936676,0.00021825491317680905,,crash_vehicle
392,fresh,0,fresh,,,0,1,1,12,0,0,5.0,10.0,5.0,55.0,2,66,1.0066351890563965,0.021813044211629665,,crash_vehicle
393,fresh,0,fresh,,,0,1,0,0,0,0,15.0,20.0,15.0,20.0,0,234,11.819308280944824,0.2887290603138952,,arrive_dest
394,fresh,0,fresh,,,0,1,0,8,0,1,10.0,20.0,10.0,35.0,3,53,0.7341905832290649,0.02299557991747586,,crash_vehicle
395,fresh,0,fresh,,,0,1,1,2,1,0,15.0,10.0,10.0,20.0,2,90,2.1522960662841797,0.05520188070626723,,crash_vehicle
396,fresh,0,fresh,,,0,0,0,3,1,0,10.0,10.0,5.0,55.0,1,1000,3.556577205657959,0.033911912736017256,,max_step
397,fresh,0,fresh,,,0,0,0,1,1,1,10.0,10.0,10.0,35.0,0,103,2.720485210418701,0.22801500636614064,,crash_vehicle
398,fresh,0,fresh,,,0,0,0,2,1,0,10.0,5.0,10.0,35.0,0,148,3.806945323944092,0.29783055886651416,,crash_vehicle
399,fresh,0,fresh,,,0,0,0,4,0,1,5.0,40.0,5.0,35.0,1,86,1.6855628490447998,0.03304191112929825,,crash_vehicle
400,fresh,0,fresh,,,0,0,0,3,1,1,10.0,40.0,5.0,55.0,1,91,1.7705960273742676,0.03306692071095273,,crash_vehicle
401,fresh,0,fresh,,,0,1,0,8,1,0,20.0,20.0,5.0,35.0,0,149,3.897286891937256,0.19152514871534884,,crash_vehicle
402,fresh,0,fresh,,,0,0,0,8,1,1,10.0,40.0,15.0,55.0,3,29,-0.45344582200050354,0.09998014839044933,,out_of_road
403,fresh,0,fresh,,,0,1,1,18,0,1,10.0,40.0,10.0,35.0,1,80,1.771392822265625,0.032679332862608136,,crash_vehicle
404,fresh,0,fresh,,,0,1,0,18,1,0,5.0,10.0,5.0,20.0,1,1000,0.513149619102478,0.018498782703420147,,max_step
405,fresh,0,fresh,,,0,1,1,0,0,0,20.0,5.0,15.0,10.0,0,282,15.871225357055664,0.5050891596057736,,arrive_dest
406,fresh,0,fresh,,,0,0,0,0,1,0,20.0,10.0,10.0,35.0,0,60,0.8676974773406982,0.0681614218124499,,out_of_road
407,fresh,0,fresh,,,0,0,0,18,0,1,15.0,10.0,15.0,55.0,0,1000,12.89313793182373,0.1065579842850566,,max_step
408,fresh,0,fresh,,,0,1,1,3,0,0,10.0,5.0,15.0,55.0,3,237,10.667085647583008,0.27592497644356534,,out_of_road
409,fresh,0,fresh,,,0,0,0,0,1,0,15.0,20.0,5.0,20.0,0,97,2.487889289855957,0.08527358193142512,,crash_vehicle
410,fresh,0,fresh,,,0,0,0,2,1,0,5.0,40.0,10.0,55.0,2,231,7.073847770690918,0.20406531698969535,,crash_vehicle
411,fresh,0,fresh,,,0,0,0,5,0,1,15.0,10.0,10.0,20.0,1,1000,0.33538922667503357,0.00616440293379128,,max_step
412,fresh,0,fresh,,,0,0,0,12,0,1,10.0,40.0,10.0,20.0,3,179,2.0342555046081543,0.0485706297139632,,crash_vehicle
413,fresh,0,fresh,,,0,0,0,4,1,0,15.0,40.0,10.0,55.0,3,161,2.8072779178619385,0.042937385444731815,,arrive_dest
414,fresh,0,fresh,,,0,1,1,1,1,0,15.0,20.0,15.0,55.0,1,178,5.9626288414001465,0.10031637470394875,,out_of_road
415,fresh,0,fresh,,,0,1,0,8,0,1,20.0,5.0,5.0,55.0,0,1000,-0.001120381522923708,0.007817778203636407,,max_step
416,fresh,0,fresh,,,0,0,0,0,0,0,20.0,20.0,15.0,20.0,0,18,-0.24753603339195251,0.0,,out_of_road
417,fresh,0,fresh,,,0,1,0,1,1,1,20.0,20.0,5.0,35.0,1,104,3.518503427505493,0.13404010407751998,,crash_vehicle
418,fresh,0,fresh,,,0,0,0,3,1,0,15.0,40.0,10.0,55.0,0,143,4.7835822105407715,0.17248155209203284,,crash_vehicle
419,fresh,0,fresh,,,0,1,0,0,1,0,5.0,40.0,15.0,10.0,0,164,3.303400754928589,0.08366428351983791,,out_of_road
420,fresh,0,fresh,,,0,1,1,5,1,0,10.0,10.0,5.0,55.0,3,395,9.2708158493042,0.18603967180876416,,out_of_road
421,fresh,0,fresh,,,0,0,0,8,1,1,20.0,40.0,10.0,55.0,1,212,9.389457702636719,0.19183143990044044,,arrive_dest
422,fresh,0,fresh,,,0,0,0,2,0,0,15.0,5.0,15.0,10.0,1,1000,0.2245643585920334,0.0032321095801889897,,max_step
423,fresh,0,fresh,,,0,1,0,12,1,1,5.0,20.0,15.0,35.0,3,62,1.1870685815811157,0.02476693569652496,,crash_vehicle
424,fresh,0,fresh,,,0,0,0,3,1,0,10.0,5.0,15.0,55.0,1,1000,4.995467662811279,0.03503170143882744,,max_step
425,fresh,0,fresh,,,0,1,1,12,1,1,20.0,20.0,5.0,55.0,2,478,1.299741268157959,0.022414764217938837,,crash_vehicle
426,fresh,0,fresh,,,0,1,1,5,1,0,5.0,20.0,10.0,35.0,3,102,2.754366159439087,0.10629497762477282,,crash_vehicle
427,fresh,0,fresh,,,0,0,0,5,1,0,10.0,20.0,10.0,55.0,3,58,0.7905259132385254,0.01397850846165213,,crash_vehicle
428,fresh,0,fresh,,,0,1,1,1,0,1,10.0,20.0,15.0,55.0,0,2,0.5278769135475159,0.03864920139312744,,arrive_dest
429,fresh,0,fresh,,,0,1,0,4,0,1,15.0,10.0,5.0,20.0,1,1000,0.6428092122077942,0.0010217308271676302,,max_step
430,fresh,0,fresh,,,0,1,1,18,0,0,10.0,40.0,10.0,55.0,1,133,4.905719757080078,0.15282087624633223,,crash_vehicle
431,fresh,0,fresh,,,0,1,0,8,1,0,10.0,5.0,5.0,20.0,1,311,0.05115854740142822,0.015053505036033619,,crash_vehicle
432,fresh,0,fresh,,,0,1,0,2,1,0,20.0,5.0,5.0,20.0,0,1000,-0.0015999935567378998,0.00041154360771179197,,max_step
433,fresh,0,fresh,,,0,0,0,0,0,0,5.0,10.0,15.0,10.0,0,310,16.681957244873047,0.4551950299992196,,arrive_dest
434,fresh,0,fresh,,,0,1,0,8,1,0,5.0,20.0,5.0,55.0,3,83,1.9075623750686646,0.11467292249561792,,crash_vehicle
435,fresh,0,fresh,,,0,0,0,3,0,0,10.0,10.0,10.0,10.0,0,1000,2.8388068675994873,0.03798193763487507,,max_step
436,fresh,0,fresh,,,0,1,0,5,0,1,10.0,10.0,10.0,20.0,2,1000,0.4916366934776306,0.01076036370312795,,max_step
437,fresh,0,fresh,,,0,0,0,1,1,0,20.0,10.0,10.0,20.0,1,94,2.326308012008667,0.1076545259578431,,crash_vehicle
438,fresh,0,fresh,,,0,1,1,0,1,0,5.0,10.0,10.0,35.0,0,272,12.074495315551758,0.22829727112206027,,out_of_road
439,fresh,0,fresh,,,0,0,0,8,1,0,15.0,5.0,5.0,20.0,0,1000,0.0007910018321126699,3.738132864236832e-05,,max_step
440,fresh,0,fresh,,,0,1,0,12,1,1,15.0,5.0,15.0,20.0,2,1000,-0.008463433012366295,0.0009227693863213063,,max_step
441,fresh,0,fresh,,,0,1,0,1,0,1,15.0,10.0,5.0,10.0,0,91,1.848621129989624,0.11982880005674375,,crash_vehicle
442,fresh,0,fresh,,,0,1,0,18,1,0,15.0,10.0,5.0,35.0,2,222,4.16715145111084,0.20161027869058623,,crash_vehicle
443,fresh,0,fresh,,,0,1,0,0,1,0,20.0,5.0,10.0,10.0,0,1000,0.5621064305305481,0.0025226423759013416,,max_step
444,fresh,0,fresh,,,0,0,0,2,0,1,10.0,20.0,10.0,55.0,1,312,11.533251762390137,0.39894619468265236,,out_of_road
445,fresh,0,fresh,,,0,0,0,5,0,1,5.0,40.0,5.0,10.0,0,79,1.8092976808547974,0.03632188350245168,,crash_vehicle
446,fresh,0,fresh,,,0,0,0,8,1,1,10.0,10.0,10.0,55.0,1,1000,2.785299062728882,0.02745526008552406,,max_step
447,fresh,0,fresh,,,0,1,1,0,0,0,15.0,20.0,15.0,35.0,0,166,6.161310195922852,0.17126669214073434,,out_of_road
448,fresh,0,fresh,,,0,1,0,3,0,0,10.0,20.0,15.0,35.0,0,566,12.019061088562012,0.20058875559753486,,crash_vehicle
449,fresh,0,fresh,,,0,0,0,4,1,1,15.0,40.0,10.0,55.0,3,142,4.858055591583252,0.16381117496901834,,crash_vehicle
450,fresh,0,fresh,,,0,1,0,1,1,0,20.0,5.0,15.0,20.0,1,95,2.4589037895202637,0.09362820872154674,,crash_vehicle
451,fresh,0,fresh,,,0,1,1,12,0,0,10.0,40.0,10.0,55.0,2,82,2.097524881362915,0.09880051243959403,,out_of_road
452,fresh,0,fresh,,,0,1,0,12,0,1,20.0,40.0,5.0,55.0,0,81,1.826440453529358,0.03521045377868929,,crash_vehicle
453,fresh,0,fresh,,,0,0,0,2,1,1,20.0,20.0,10.0,35.0,2,135,4.419506549835205,0.13895449610771957,,crash_vehicle
454,fresh,0,fresh,,,0,1,1,18,1,1,20.0,20.0,15.0,35.0,3,343,10.600954055786133,0.23382413037577454,,out_of_road
455,fresh,0,fresh,,,0,1,1,2,0,0,5.0,10.0,15.0,55.0,2,101,3.4165947437286377,0.1661552952805368,,arrive_dest
456,fresh,0,fresh,,,0,1,1,18,0,0,10.0,5.0,15.0,20.0,0,1000,0.216435045003891,0.0014600349206011743,,max_step
457,fresh,0,fresh,,,0,1,0,2,1,1,20.0,5.0,5.0,55.0,2,288,12.307625770568848,0.36072209318323684,,out_of_road
458,fresh,0,fresh,,,0,0,0,8,0,0,10.0,10.0,5.0,35.0,3,267,12.068753242492676,0.3061704534883803,,out_of_road
459,fresh,0,fresh,,,0,0,0,0,1,0,20.0,10.0,5.0,35.0,0,109,3.6750833988189697,0.09462358710279159,,crash_vehicle
460,fresh,0,fresh,,,0,1,1,1,0,1,5.0,5.0,15.0,35.0,0,1000,0.12611664831638336,3.1790196895599365e-05,,max_step
461,fresh,0,fresh,,,0,0,0,2,1,0,5.0,10.0,10.0,20.0,0,287,12.186612129211426,0.2703602809705593,,out_of_road
462,fresh,0,fresh,,,0,0,0,4,1,0,20.0,20.0,15.0,35.0,1,91,2.127617359161377,0.06490227792944227,,crash_vehicle
463,fresh,0,fresh,,,0,1,0,4,0,0,10.0,20.0,10.0,35.0,3,62,1.181433081626892,0.02711795890823968,,crash_vehicle
464,fresh,0,fresh,,,0,0,0,1,1,1,20.0,20.0,15.0,35.0,1,168,5.183701038360596,0.07662997637747876,,crash_vehicle
465,fresh,0,fresh,,,0,1,1,8,0,1,20.0,5.0,5.0,10.0,3,441,0.0646144449710846,0.01371800232796915,,crash_vehicle
466,fresh,0,fresh,,,0,0,0,12,1,0,10.0,10.0,15.0,20.0,2,1000,2.1237082481384277,0.03001030908897519,,max_step
467,fresh,0,fresh,,,0,1,0,18,1,0,10.0,5.0,10.0,55.0,2,115,2.3315765857696533,0.16337527243987374,,out_of_road
468,fresh,0,fresh,,,0,1,0,5,0,0,15.0,40.0,5.0,55.0,1,103,2.744628429412842,0.026627757143482422,,crash_vehicle
469,fresh,0,fresh,,,0,1,1,5,1,1,15.0,20.0,5.0,55.0,3,59,0.7483562231063843,0.017490940578913285,,crash_vehicle
470,fresh,0,fresh,,,0,1,1,8,1,1,10.0,20.0,15.0,55.0,0,501,17.795936584472656,0.24391079696170437,,out_of_road
471,fresh,0,fresh,,,0,0,0,3,0,0,20.0,40.0,5.0,10.0,1,320,10.445816993713379,0.1895960716123227,,crash_vehicle
472,fresh,0,fresh,,,0,1,1,12,0,0,10.0,5.0,5.0,35.0,1,305,8.559304237365723,0.27875646523154174,,out_of_road
473,fresh,0,fresh,,,0,0,0,2,0,1,5.0,10.0,5.0,10.0,0,1000,0.3722098171710968,0.0008768735527992248,,max_step
474,fresh,0,fresh,,,0,0,0,0,0,0,5.0,40.0,10.0,20.0,0,219,12.938067436218262,0.4169974589558769,,arrive_dest
475,fresh,0,fresh,,,0,0,0,5,0,1,20.0,20.0,15.0,35.0,3,147,2.4831364154815674,0.15494188443333112,,crash_vehicle
476,fresh,0,fresh,,,0,0,0,0,0,0,10.0,20.0,10.0,35.0,0,105,2.5588135719299316,0.023932413792326336,,out_of_road
477,fresh,0,fresh,,,0,1,1,4,1,1,10.0,5.0,5.0,20.0,2,1000,0.46507078409194946,0.0038699909336864947,,max_step
478,fresh,0,fresh,,,0,1,0,0,1,0,10.0,5.0,15.0,35.0,0,121,4.027876853942871,0.06439755893935842,,crash_vehicle
479,fresh,0,fresh,,,0,0,0,5,0,1,5.0,10.0,15.0,55.0,0,54,0.5496782064437866,0.0,,crash_vehicle
480,fresh,0,fresh,,,0,1,0,3,0,0,10.0,10.0,5.0,20.0,1,300,14.422163009643555,0.37547391082470616,,out_of_road
481,fresh,0,fresh,,,0,1,1,2,0,0,10.0,5.0,15.0,35.0,2,106,0.8507325649261475,0.04527206998318434,,out_of_road
482,fresh,0,fresh,,,0,0,0,12,0,1,20.0,5.0,10.0,55.0,0,82,1.0183238983154297,0.136881096924587,,crash_vehicle
483,fresh,0,fresh,,,0,1,0,5,1,0,10.0,5.0,15.0,20.0,3,422,7.11409330368042,0.17144862258303645,,out_of_road
484,fresh,0,fresh,,,0,0,0,2,0,0,10.0,20.0,10.0,10.0,1,687,6.441035270690918,0.0847366963888707,,out_of_road
485,fresh,0,fresh,,,0,0,0,2,1,1,15.0,10.0,15.0,20.0,0,1000,0.4934491217136383,0.006558523868210614,,max_step
486,fresh,0,fresh,,,0,0,0,18,1,1,15.0,40.0,5.0,55.0,2,1000,1.2119959592819214,0.005190404314082116,,max_step
487,fresh,0,fresh,,,0,0,0,8,0,1,10.0,5.0,10.0,35.0,0,2,0.5172503590583801,0.0,,arrive_dest
488,fresh,0,fresh,,,0,1,0,3,1,0,15.0,10.0,15.0,35.0,1,56,0.83335280418396,0.024968039614447792,,crash_vehicle
489,fresh,0,fresh,,,0,0,0,1,1,1,15.0,40.0,5.0,55.0,1,55,0.8555203676223755,0.041413835673169655,,out_of_road
490,fresh,0,fresh,,,0,0,0,18,1,1,15.0,20.0,5.0,35.0,1,369,2.0829451084136963,0.06408796990466958,,crash_vehicle
491,fresh,0,fresh,,,0,0,0,8,0,1,15.0,10.0,5.0,10.0,0,1000,0.4664759933948517,0.0042608219203539195,,max_step
492,fresh,0,fresh,,,0,0,0,3,0,0,10.0,10.0,10.0,35.0,0,1000,0.5194052457809448,0.0067344129691482525,,max_step
493,fresh,0,fresh,,,0,1,1,12,0,1,15.0,20.0,5.0,10.0,3,58,0.8101212978363037,0.020230303293672102,,crash_vehicle
494,fresh,0,fresh,,,0,1,0,12,0,1,5.0,40.0,15.0,10.0,2,92,2.2415695190429688,0.20061412064925485,,crash_vehicle
495,fresh,0,fresh,,,0,1,0,12,0,0,5.0,10.0,5.0,20.0,3,252,12.19137954711914,0.3202656389154967,,out_of_road
496,fresh,0,fresh,,,0,0,0,8,1,0,10.0,10.0,15.0,20.0,3,97,0.876990556716919,0.03653068664800568,,crash_vehicle
497,fresh,0,fresh,,,0,0,0,8,0,0,5.0,10.0,15.0,20.0,3,48,0.16933560371398926,0.022448576986789703,,out_of_road
498,fresh,0,fresh,,,0,1,1,8,0,0,15.0,40.0,5.0,10.0,1,141,4.23015022277832,0.17151830717921257,,out_of_road
499,fresh,0,fresh,,,0,1,1,0,0,0,20.0,40.0,15.0,55.0,0,66,0.8045836687088013,0.03328601237047802,,out_of_road
500,fresh,0,fresh,,,0,1,0,12,0,0,15.0,40.0,15.0,20.0,1,96,2.658618927001953,0.08579074839750926,,crash_vehicle
501,fresh,0,fresh,,,0,0,0,4,1,1,10.0,5.0,5.0,20.0,2,1000,0.168416365981102,0.0029647957738488913,,max_step
502,fresh,0,fresh,,,0,1,1,4,1,0,15.0,10.0,10.0,20.0,3,1000,1.6108554601669312,0.01847858680645004,,max_step
503,fresh,0,fresh,,,0,1,0,0,1,0,20.0,40.0,5.0,55.0,0,146,5.444936752319336,0.12802144686040812,,crash_vehicle
504,fresh,0,fresh,,,0,0,0,1,0,0,5.0,20.0,5.0,20.0,1,287,9.530142784118652,0.18932156451695473,,out_of_road
505,fresh,0,fresh,,,0,1,1,2,0,1,10.0,20.0,5.0,10.0,1,394,12.944584846496582,0.247981001920809,,arrive_dest
506,fresh,0,fresh,,,0,1,1,0,1,0,20.0,40.0,5.0,20.0,0,144,2.9121780395507812,0.10950823016335359,,out_of_road
507,fresh,0,fresh,,,0,0,0,18,0,1,5.0,10.0,15.0,35.0,3,258,0.20939195156097412,0.024381770546613044,,crash_vehicle
508,fresh,0,fresh,,,0,0,0,5,0,0,10.0,10.0,10.0,35.0,3,352,14.243104934692383,0.30612825136102567,,out_of_road
509,fresh,0,fresh,,,0,0,0,2,1,0,10.0,10.0,5.0,55.0,0,285,11.978401184082031,0.2949459104880429,,out_of_road
510,fresh,0,fresh,,,0,0,0,0,1,0,15.0,20.0,15.0,55.0,0,177,6.111612319946289,0.12285008956283583,,out_of_road
511,fresh,0,fresh,,,0,0,0,8,1,1,20.0,20.0,10.0,35.0,0,195,1.952214241027832,0.04407890399153798,,crash_vehicle
512,fresh,0,fresh,,,0,0,0,4,0,1,15.0,20.0,10.0,55.0,2,116,0.6950544118881226,0.049820248310550534,,out_of_road
513,fresh,0,fresh,,,0,0,0,2,1,1,15.0,40.0,5.0,55.0,0,69,1.7197884321212769,0.017348632108474125,,crash_vehicle
514,fresh,0,fresh,,,0,0,0,8,1,0,15.0,40.0,10.0,55.0,1,229,6.038766860961914,0.1362554624017865,,out_of_road
515,fresh,0,fresh,,,0,0,0,12,0,0,20.0,5.0,10.0,55.0,2,390,-0.004732280969619751,0.018526851972087453,,crash_vehicle
516,fresh,0,fresh,,,0,1,0,8,0,0,10.0,40.0,10.0,55.0,1,1000,3.2048802375793457,0.027098512782715262,,max_step
517,fresh,0,fresh,,,0,0,0,8,1,1,15.0,20.0,5.0,35.0,0,48,0.7050257325172424,0.006811073049902916,,crash_vehicle
518,fresh,0,fresh,,,0,1,0,2,0,1,20.0,20.0,15.0,10.0,2,134,4.611269950866699,0.1951928845634545,,out_of_road
519,fresh,0,fresh,,,0,1,0,5,1,0,10.0,20.0,10.0,55.0,2,127,3.153404712677002,0.14903508470665047,,crash_vehicle
520,fresh,0,fresh,,,0,0,0,12,0,0,10.0,20.0,5.0,10.0,3,1000,0.966426432132721,0.012124076586216687,,max_step
521,fresh,0,fresh,,,0,0,0,2,0,0,10.0,40.0,10.0,35.0,2,285,11.828243255615234,0.29454984766872305,,out_of_road
522,fresh,0,fresh,,,0,1,0,4,1,0,5.0,5.0,15.0,55.0,3,1000,0.2802947461605072,0.0035304789803922176,,max_step
523,fresh,0,fresh,,,0,1,1,8,1,1,15.0,10.0,5.0,35.0,3,1000,0.8523018956184387,0.006242543692700565,,max_step
524,fresh,0,fresh,,,0,0,0,8,0,0,20.0,20.0,10.0,20.0,3,66,1.2109931707382202,0.04008116793226112,,crash_vehicle
525,fresh,0,fresh,,,0,0,0,12,1,0,15.0,40.0,5.0,55.0,3,174,4.179462432861328,0.2007873817507563,,crash_vehicle
526,fresh,0,fresh,,,0,0,0,8,0,1,15.0,40.0,15.0,35.0,3,397,14.077264785766602,0.1894613739715359,,out_of_road
527,fresh,0,fresh,,,0,0,0,3,0,1,5.0,5.0,10.0,20.0,0,1000,1.3960586786270142,0.008751953673548996,,max_step
528,fresh,0,fresh,,,0,1,0,5,1,0,10.0,5.0,10.0,20.0,3,1000,0.023858822882175446,0.003774470913922414,,max_step
529,fresh,0,fresh,,,0,0,0,2,1,0,10.0,40.0,10.0,55.0,2,129,5.2950358390808105,0.15888429545732433,,crash_vehicle
530,fresh,0,fresh,,,0,1,1,12,0,0,15.0,5.0,15.0,35.0,3,1000,3.2726221084594727,0.03908084429986775,,max_step
531,fresh,0,fresh,,,0,0,0,8,0,0,5.0,40.0,15.0,35.0,1,1000,1.638062834739685,0.0044045961350202565,,max_step
532,fresh,0,fresh,,,0,0,0,3,0,1,20.0,40.0,5.0,35.0,3,197,6.722424030303955,0.29820810885731186,,out_of_road
533,fresh,0,fresh,,,0,1,0,1,0,1,10.0,20.0,5.0,10.0,1,252,10.80046272277832,0.2641932914210927,,out_of_road
534,fresh,0,fresh,,,0,0,0,12,0,0,5.0,10.0,15.0,35.0,3,1000,0.27325573563575745,0.0005913842804729938,,max_step
535,fresh,0,fresh,,,0,1,0,1,0,0,5.0,10.0,5.0,20.0,1,239,9.995676040649414,0.2086368696296502,,out_of_road
536,fresh,0,fresh,,,0,1,0,12,1,1,20.0,5.0,5.0,20.0,0,112,0.24234530329704285,0.06770075213197353,,crash_vehicle
537,fresh,0,fresh,,,0,0,0,2,0,0,5.0,20.0,10.0,55.0,0,54,0.8465032577514648,0.01606590411177388,,crash_vehicle
538,fresh,0,fresh,,,0,1,0,8,0,1,5.0,5.0,15.0,10.0,3,596,3.1757194995880127,0.028828493882776956,,crash_vehicle
539,fresh,0,fresh,,,0,1,0,12,0,0,10.0,5.0,15.0,55.0,0,27,-0.041794419288635254,0.0,,crash_vehicle
540,fresh,0,fresh,,,0,1,0,8,0,1,10.0,20.0,5.0,55.0,2,51,0.7624751329421997,0.024622662394654517,,crash_vehicle
541,fresh,0,fresh,,,0,1,0,8,0,1,20.0,20.0,15.0,20.0,1,311,12.02086067199707,0.22606446504161673,,out_of_road
542,fresh,0,fresh,,,0,1,1,12,0,0,20.0,40.0,15.0,10.0,1,114,3.377039909362793,0.05807353209769517,,out_of_road
543,fresh,0,fresh,,,0,1,1,0,0,0,10.0,10.0,15.0,10.0,0,132,3.898681163787842,0.15310444167786927,,out_of_road
544,fresh,0,fresh,,,0,0,0,18,0,0,20.0,40.0,10.0,10.0,1,97,2.7541768550872803,0.025175564384721603,,crash_vehicle
545,fresh,0,fresh,,,0,0,0,0,0,0,10.0,5.0,5.0,20.0,0,20,-0.24465057253837585,0.0,rejection_fallback,out_of_road
546,fresh,0,fresh,,,0,1,0,0,0,0,5.0,20.0,15.0,20.0,0,175,7.763850212097168,0.1873548680118152,,out_of_road
547,fresh,0,fresh,,,0,0,0,8,0,1,15.0,40.0,10.0,10.0,3,78,1.7170602083206177,0.025242504042883713,,crash_vehicle
548,fresh,0,fresh,,,0,1,1,18,0,0,5.0,5.0,10.0,55.0,2,1000,0.24610929191112518,0.009581045038066805,,max_step
549,fresh,0,fresh,,,0,1,0,12,0,1,20.0,5.0,10.0,35.0,3,1000,0.22315554320812225,0.07512421122728848,,max_step
550,fresh,0,fresh,,,0,1,0,3,0,0,15.0,10.0,15.0,10.0,3,178,6.754119396209717,0.26396275001965214,,out_of_road
551,fresh,0,fresh,,,0,0,0,1,1,1,5.0,40.0,10.0,55.0,0,209,4.592582702636719,0.09917501162550452,,crash_vehicle
552,fresh,0,fresh,,,0,1,0,1,0,1,15.0,10.0,5.0,35.0,1,188,7.803179740905762,0.1448436667746369,,out_of_road
553,fresh,0,fresh,,,0,0,0,3,0,1,5.0,20.0,15.0,20.0,1,1000,1.0197449922561646,0.000826090938411653,,max_step
554,fresh,0,fresh,,,0,0,0,1,1,0,10.0,10.0,15.0,35.0,0,455,4.109210968017578,0.05427029250537629,,crash_vehicle
555,fresh,0,fresh,,,0,0,0,12,0,0,15.0,10.0,10.0,20.0,2,192,0.6389902234077454,0.0311302554255235,,out_of_road
556,fresh,0,fresh,,,0,1,1,18,1,0,15.0,40.0,5.0,55.0,1,104,2.78316330909729,0.10266681180263941,,crash_vehicle
557,fresh,0,fresh,,,0,0,0,1,1,1,20.0,40.0,15.0,55.0,1,129,3.8571810722351074,0.13183212907652753,,out_of_road
558,fresh,0,fresh,,,0,0,0,0,0,0,15.0,10.0,5.0,10.0,0,384,15.60586166381836,0.22252077810117044,,out_of_road
559,fresh,0,fresh,,,0,0,0,4,0,0,15.0,10.0,10.0,55.0,1,78,1.772645115852356,0.14933776024442452,,crash_vehicle
560,fresh,0,fresh,,,0,0,0,1,1,1,15.0,40.0,10.0,55.0,1,363,17.1834659576416,0.3387449088175435,,out_of_road
561,fresh,0,fresh,,,0,0,0,1,1,1,20.0,20.0,15.0,35.0,0,94,1.1309971809387207,0.04377194314679884,,crash_vehicle
562,fresh,0,fresh,,,0,0,0,12,0,1,10.0,20.0,10.0,20.0,3,55,0.750633716583252,0.010128742998296565,,crash_vehicle
563,fresh,0,fresh,,,0,1,0,0,1,0,15.0,40.0,15.0,55.0,0,264,13.035398483276367,0.35133957216925354,,out_of_road
564,fresh,0,fresh,,,0,1,1,1,0,0,15.0,10.0,5.0,10.0,1,203,9.185882568359375,0.28238692724609316,,out_of_road
565,fresh,0,fresh,,,0,0,0,1,0,1,5.0,40.0,15.0,55.0,0,1000,1.3024742603302002,0.00665961789060384,,max_step
566,fresh,0,fresh,,,0,0,0,8,0,0,20.0,20.0,15.0,55.0,1,1000,0.5623720288276672,0.010592818442732096,,max_step
567,fresh,0,fresh,,,0,0,0,12,1,1,15.0,20.0,5.0,55.0,0,20,-0.2846199572086334,0.009846928715705871,,out_of_road
568,fresh,0,fresh,,,0,0,0,8,1,1,15.0,40.0,5.0,55.0,1,87,1.8981856107711792,0.024374555196912808,,crash_vehicle
569,fresh,0,fresh,,,0,1,1,18,0,0,10.0,5.0,5.0,55.0,3,640,-0.022956058382987976,0.08732159787759883,,crash_vehicle
570,fresh,0,fresh,,,0,1,1,18,1,1,20.0,40.0,5.0,55.0,3,74,1.5933336019515991,0.03592167351696942,,crash_vehicle
571,fresh,0,fresh,,,0,1,0,2,1,0,10.0,5.0,15.0,20.0,2,103,2.46354079246521,0.11645819809179282,,crash_vehicle
572,fresh,0,fresh,,,0,0,0,2,1,1,5.0,40.0,5.0,55.0,0,1000,2.2264087200164795,0.00845006215479225,,max_step
573,fresh,0,fresh,,,0,0,0,5,0,0,15.0,10.0,10.0,35.0,3,35,0.2617433965206146,0.0007499643734523229,,crash_vehicle
574,fresh,0,fresh,,,0,0,0,8,1,0,10.0,10.0,10.0,20.0,2,1000,3.2745280265808105,0.02223828889220022,,max_step
575,fresh,0,fresh,,,0,0,0,5,1,0,10.0,5.0,15.0,35.0,3,178,3.492281436920166,0.17864482530675244,,out_of_road
576,fresh,0,fresh,,,0,1,1,4,0,0,5.0,20.0,5.0,10.0,2,470,17.98603630065918,0.25578432079959423,,out_of_road
577,fresh,0,fresh,,,0,0,0,8,1,1,5.0,20.0,5.0,35.0,0,55,0.7037143111228943,0.00048211379484696824,,crash_vehicle
578,fresh,0,fresh,,,0,1,0,0,0,0,20.0,40.0,10.0,55.0,0,183,5.883450508117676,0.12908405702703638,,out_of_road
579,fresh,0,fresh,,,0,0,0,1,0,0,10.0,5.0,10.0,35.0,1,392,19.097049713134766,0.39508692279686125,,out_of_road
580,fresh,0,fresh,,,0,1,1,8,0,0,15.0,10.0,10.0,55.0,3,256,8.751399993896484,0.38565066967566963,,crash_vehicle
581,fresh,0,fresh,,,0,0,0,0,0,0,15.0,10.0,5.0,20.0,0,323,15.19571590423584,0.31175463876165105,,out_of_road
582,fresh,0,fresh,,,0,0,0,0,1,0,10.0,5.0,5.0,35.0,0,1000,4.039436340332031,0.023305780473165214,,max_step
583,fresh,0,fresh,,,0,1,1,12,1,0,15.0,40.0,5.0,55.0,1,1000,-0.0033489475026726723,0.0022430754378437996,,max_step
584,fresh,0,fresh,,,0,1,1,3,1,1,5.0,5.0,15.0,20.0,3,190,2.741102695465088,0.09451193638930196,,out_of_road
585,fresh,0,fresh,,,0,0,0,5,1,0,5.0,10.0,15.0,20.0,0,34,0.18944212794303894,0.0335244977956309,,crash_vehicle
586,fresh,0,fresh,,,0,0,0,4,0,0,10.0,10.0,10.0,35.0,1,257,0.9629698991775513,0.025226055423399354,,crash_vehicle
587,fresh,0,fresh,,,0,1,0,12,1,1,5.0,20.0,15.0,35.0,0,72,1.5442739725112915,0.08442617776907152,,crash_vehicle
588,fresh,0,fresh,,,0,0,0,1,0,1,20.0,40.0,10.0,10.0,0,18,0.6379044651985168,0.027398172352049086,,arrive_dest
589,fresh,0,fresh,,,0,1,1,3,0,0,10.0,20.0,15.0,10.0,3,525,22.0710506439209,0.294851300890247,,out_of_road
590,fresh,0,fresh,,,0,0,0,3,0,0,20.0,5.0,15.0,35.0,0,152,3.0100693702697754,0.17990303140648298,,crash_vehicle
591,fresh,0,fresh,,,0,1,0,18,0,1,15.0,40.0,10.0,10.0,0,142,2.4834206104278564,0.11253246497100508,,out_of_road
592,fresh,0,fresh,,,0,0,0,8,0,0,15.0,20.0,5.0,35.0,3,251,8.989249229431152,0.2645976511368239,,out_of_road
593,fresh,0,fresh,,,0,1,0,4,0,1,5.0,10.0,10.0,55.0,1,1000,1.2767114639282227,0.00440865124296397,,max_step
594,fresh,0,fresh,,,0,0,0,3,0,0,15.0,40.0,5.0,20.0,1,263,11.675187110900879,0.1947450444824682,,out_of_road
595,fresh,0,fresh,,,0,1,0,2,1,0,10.0,5.0,10.0,20.0,1,1000,0.17232570052146912,0.0012984584434889257,,max_step
596,fresh,0,fresh,,,0,1,0,8,0,1,20.0,20.0,15.0,20.0,0,80,1.6427698135375977,0.045898313797079024,,crash_vehicle
597,fresh,0,fresh,,,0,0,0,3,1,0,5.0,5.0,10.0,35.0,2,1000,0.017473263666033745,0.0006346310675144196,,max_step
598,fresh,0,fresh,,,0,1,1,4,1,0,15.0,20.0,5.0,35.0,1,185,1.5004332065582275,0.07929030263645423,,crash_vehicle
599,fresh,0,fresh,,,0,0,0,4,1,0,10.0,40.0,10.0,55.0,0,131,3.6828997135162354,0.14513296772590803,,out_of_road
600,fresh,0,fresh,,,0,0,0,8,1,0,15.0,5.0,10.0,20.0,0,88,0.8189479112625122,0.12166221706535328,,out_of_road
601,fresh,0,fresh,,,0,1,1,4,0,1,10.0,5.0,15.0,10.0,0,249,2.406240940093994,0.07856177661313589,,crash_vehicle
602,fresh,0,fresh,,,0,1,0,3,0,1,15.0,10.0,5.0,35.0,1,1000,-0.011602090671658516,9.881294798105955e-05,,max_step
603,fresh,0,fresh,,,0,1,1,12,0,1,20.0,10.0,5.0,55.0,0,152,0.6364573240280151,0.07432675666763987,,out_of_road
604,fresh,0,fresh,,,0,1,1,2,1,1,10.0,20.0,15.0,35.0,0,80,1.7501829862594604,0.06005300437100232,,crash_vehicle
605,fresh,0,fresh,,,0,0,0,18,1,1,20.0,20.0,15.0,55.0,1,297,7.514897346496582,0.16209169467660262,,crash_vehicle
606,fresh,0,fresh,,,0,1,0,4,0,0,5.0,5.0,15.0,35.0,2,1000,1.7694382667541504,0.006092982626752928,,max_step
607,fresh,0,fresh,,,0,1,1,5,0,1,10.0,10.0,15.0,55.0,0,42,0.32591331005096436,0.00396601642881121,,crash_vehicle
608,fresh,0,fresh,,,0,0,0,2,0,0,15.0,10.0,15.0,55.0,1,55,0.791474461555481,0.014133502678437666,,crash_vehicle
609,fresh,0,fresh,,,0,1,1,0,1,0,5.0,10.0,10.0,55.0,0,292,13.460441589355469,0.30782922304375737,,out_of_road
610,fresh,0,fresh,,,0,0,0,12,0,0,20.0,20.0,15.0,10.0,2,45,1.0948433876037598,0.05756706595420837,,arrive_dest
611,fresh,0,fresh,,,0,1,0,12,0,0,20.0,5.0,10.0,20.0,2,25,-0.000958859920501709,0.0017905282974243165,,crash_vehicle
612,fresh,0,fresh,,,0,0,0,8,0,1,5.0,5.0,15.0,35.0,0,126,0.22690142691135406,0.06641526005807377,,crash_vehicle
613,fresh,0,fresh,,,0,1,0,3,0,1,20.0,20.0,5.0,35.0,2,242,7.442787170410156,0.18032943927644451,,out_of_road
614,fresh,0,fresh,,,0,0,0,2,1,1,20.0,5.0,15.0,55.0,2,243,11.451398849487305,0.2711043701231204,,out_of_road
615,fresh,0,fresh,,,0,1,0,0,1,0,20.0,5.0,10.0,55.0,0,132,4.975094795227051,0.13624085536734623,,crash_vehicle
616,fresh,0,fresh,,,0,0,0,5,0,0,20.0,10.0,15.0,35.0,3,288,11.533215522766113,0.2559298418927938,,arrive_dest
617,fresh,0,fresh,,,0,0,0,4,1,1,5.0,5.0,15.0,55.0,1,29,0.10987846553325653,0.0,,crash_vehicle
618,fresh,0,fresh,,,0,1,0,4,0,0,20.0,20.0,5.0,55.0,3,122,4.117611885070801,0.33094334831369704,,out_of_road
619,fresh,0,fresh,,,0,0,0,12,0,1,20.0,20.0,15.0,55.0,2,235,11.782196998596191,0.3229859505680964,,out_of_road
620,fresh,0,fresh,,,0,1,1,12,0,1,5.0,5.0,15.0,10.0,1,15,0.5633333325386047,0.018382059534390767,,arrive_dest
621,fresh,0,fresh,,,0,0,0,0,0,0,10.0,20.0,5.0,20.0,0,96,2.4731712341308594,0.10138631383112322,,out_of_road
622,fresh,0,fresh,,,0,1,0,3,1,0,5.0,40.0,15.0,55.0,3,171,3.364489793777466,0.0552085504447769,,out_of_road
623,fresh,0,fresh,,,0,0,0,1,1,1,15.0,10.0,5.0,35.0,1,93,2.882301092147827,0.13935035008496494,,crash_vehicle
624,fresh,0,fresh,,,0,0,0,12,1,1,10.0,10.0,15.0,20.0,2,1000,1.0459705591201782,0.007743020317924674,,max_step
625,fresh,0,fresh,,,0,1,0,8,1,0,20.0,10.0,15.0,35.0,0,155,2.4336910247802734,0.19576606552206702,,crash_vehicle
626,fresh,0,fresh,,,0,0,0,0,0,0,5.0,20.0,10.0,55.0,0,110,3.1642067432403564,0.1544793233952739,,out_of_road
627,fresh,0,fresh,,,0,0,0,18,1,0,15.0,20.0,10.0,35.0,3,67,1.6181461811065674,0.09410873105499282,,crash_vehicle
628,fresh,0,fresh,,,0,1,0,3,1,0,10.0,5.0,5.0,20.0,2,1000,0.026223983615636826,0.0,,max_step
629,fresh,0,fresh,,,0,0,0,8,0,0,20.0,5.0,15.0,10.0,2,96,0.7413775324821472,0.039690266426381036,,crash_vehicle
630,fresh,0,fresh,,,0,1,1,0,1,0,10.0,10.0,5.0,55.0,0,116,4.521489143371582,0.11778225855508434,,crash_vehicle
631,fresh,0,fresh,,,0,1,0,3,0,0,20.0,10.0,10.0,20.0,3,257,11.090715408325195,0.2158448364339218,,out_of_road
632,fresh,0,fresh,,,0,1,0,8,0,1,10.0,40.0,15.0,55.0,3,159,4.158515930175781,0.14020602443729932,,out_of_road
633,fresh,0,fresh,,,0,1,0,1,0,1,10.0,20.0,15.0,35.0,1,180,8.88623332977295,0.219734486254553,,out_of_road
634,fresh,0,fresh,,,0,0,0,4,0,1,20.0,5.0,15.0,55.0,3,200,4.77971887588501,0.254263657964766,,out_of_road
635,fresh,0,fresh,,,0,1,0,0,0,0,15.0,10.0,10.0,35.0,0,193,8.615367889404297,0.2240686517672063,,out_of_road
636,fresh,0,fresh,,,0,0,0,12,1,1,5.0,5.0,5.0,20.0,2,24,-0.04491005837917328,0.22232333105057478,,crash_vehicle
637,fresh,0,fresh,,,0,1,0,18,1,0,15.0,10.0,15.0,20.0,2,1000,0.42774298787117004,0.03406205985881388,,max_step
638,fresh,0,fresh,,,0,1,0,5,0,1,10.0,5.0,15.0,20.0,0,1000,1.5043433904647827,0.022348127586767078,,max_step
639,fresh,0,fresh,,,0,0,0,4,0,1,20.0,20.0,10.0,55.0,2,48,0.6082766652107239,0.03625715229039391,,crash_vehicle
640,fresh,0,fresh,,,0,0,0,5,0,1,15.0,5.0,10.0,20.0,3,1000,0.16696645319461823,0.0007590658832341432,,max_step
641,fresh,0,fresh,,,0,0,0,3,0,0,15.0,40.0,10.0,55.0,0,271,13.453365325927734,0.3268379116004738,,out_of_road
642,fresh,0,fresh,,,0,1,1,4,1,0,20.0,5.0,5.0,20.0,2,27,0.07422566413879395,0.038487266611169885,,crash_vehicle
643,fresh,0,fresh,,,0,0,0,4,0,1,10.0,20.0,10.0,35.0,1,54,0.7136373519897461,0.009682202780688251,,crash_vehicle
644,fresh,0,fresh,,,0,0,0,3,1,1,10.0,5.0,10.0,20.0,3,1000,0.42022132873535156,0.0018288851976394653,,max_step
645,fresh,0,fresh,,,0,1,1,3,0,1,15.0,40.0,15.0,35.0,1,142,3.0405139923095703,0.09562308618693914,,arrive_dest
646,fresh,0,fresh,,,0,0,0,5,0,0,20.0,20.0,10.0,55.0,3,1000,0.10808644443750381,0.0038744145929813386,,max_step
647,fresh,0,fresh,,,0,0,0,8,0,0,5.0,5.0,15.0,55.0,3,1000,6.049991130828857,0.06604015084542333,,max_step
648,fresh,0,fresh,,,0,1,1,18,1,1,5.0,5.0,10.0,20.0,0,795,-0.02314494550228119,0.0,,crash_vehicle
649,fresh,0,fresh,,,0,1,0,4,0,1,10.0,40.0,5.0,55.0,2,50,0.7377322912216187,0.0332584910094738,,out_of_road
650,fresh,0,fresh,,,0,1,0,4,1,1,15.0,40.0,15.0,55.0,2,56,1.050567626953125,0.021336551855451295,,crash_vehicle
651,fresh,0,fresh,,,0,1,0,8,1,1,5.0,10.0,10.0,20.0,3,2,0.4941345751285553,0.0,,arrive_dest
652,fresh,0,fresh,,,0,0,0,4,0,1,15.0,20.0,10.0,55.0,3,22,-0.2674715518951416,0.008177036588842218,,out_of_road
653,fresh,0,fresh,,,0,1,1,4,1,0,15.0,10.0,5.0,35.0,2,229,9.698617935180664,0.1698044987972907,,out_of_road
654,fresh,0,fresh,,,0,0,0,3,1,1,5.0,10.0,15.0,20.0,2,36,0.294786274433136,0.0197257979048623,,crash_vehicle
655,fresh,0,fresh,,,0,0,0,12,0,0,15.0,20.0,5.0,10.0,1,122,3.203256845474243,0.1451454757575373,,out_of_road
656,fresh,0,fresh,,,0,1,0,12,1,0,20.0,10.0,5.0,20.0,1,34,0.21854805946350098,0.006229197277742273,,crash_vehicle
657,fresh,0,fresh,,,0,1,1,1,0,0,15.0,40.0,5.0,35.0,1,310,13.584466934204102,0.2563011676643885,,out_of_road
658,fresh,0,fresh,,,0,0,0,0,1,0,15.0,20.0,5.0,35.0,0,2,0.49204564094543457,0.0,,arrive_dest
659,fresh,0,fresh,,,0,0,0,18,1,0,10.0,10.0,5.0,20.0,0,1000,0.001750364201143384,0.027457544310251252,,max_step
660,fresh,0,fresh,,,0,0,0,1,1,0,10.0,40.0,5.0,55.0,1,158,4.456941604614258,0.12617189420646505,,out_of_road
661,fresh,0,fresh,,,0,0,0,3,1,0,15.0,10.0,5.0,35.0,3,109,3.501333475112915,0.09502875027374937,,crash_vehicle
662,fresh,0,fresh,,,0,0,0,5,0,1,10.0,20.0,10.0,20.0,2,185,6.663188934326172,0.08632666956431963,,out_of_road
663,fresh,0,fresh,,,0,1,1,2,1,0,15.0,40.0,10.0,55.0,1,100,3.238945484161377,0.11147308863699436,,crash_vehicle
664,fresh,0,fresh,,,0,0,0,12,0,0,20.0,20.0,5.0,20.0,1,29,-0.15758749842643738,0.0469603785153093,,out_of_road
665,fresh,0,fresh,,,0,0,0,4,0,1,20.0,40.0,15.0,35.0,0,23,-0.272289514541626,0.0,,out_of_road
666,fresh,0,fresh,,,0,0,0,2,0,0,5.0,20.0,15.0,20.0,2,100,2.4875569343566895,0.0727714204788208,,out_of_road
667,fresh,0,fresh,,,0,0,0,3,0,1,20.0,40.0,10.0,35.0,3,181,8.320183753967285,0.22313544641953806,,out_of_road
668,fresh,0,fresh,,,0,0,0,2,1,1,10.0,5.0,5.0,20.0,0,80,0.7642942667007446,0.07228701311396435,,crash_vehicle
669,fresh,0,fresh,,,0,0,0,0,0,0,10.0,10.0,10.0,55.0,0,237,11.061683654785156,0.21792096205700173,,out_of_road
670,fresh,0,fresh,,,0,0,0,8,1,0,15.0,5.0,5.0,55.0,2,250,11.457612991333008,0.26290944302082064,,out_of_road
671,fresh,0,fresh,,,0,0,0,1,0,1,10.0,5.0,5.0,35.0,1,337,13.475837707519531,0.27700328002255464,,out_of_road
672,fresh,0,fresh,,,0,1,1,1,1,0,10.0,20.0,5.0,35.0,0,1000,0.9871554374694824,0.005640588676556945,,max_step
673,fresh,0,fresh,,,0,1,1,3,0,1,15.0,40.0,10.0,35.0,2,104,2.7721071243286133,0.03991256142035127,,out_of_road
674,fresh,0,fresh,,,0,1,1,8,0,1,20.0,20.0,15.0,10.0,1,134,4.064384460449219,0.21435392265722378,,out_of_road
675,fresh,0,fresh,,,0,0,0,0,1,0,15.0,20.0,10.0,55.0,0,132,4.79905366897583,0.11606871496152246,,crash_vehicle
676,fresh,0,fresh,,,0,1,0,0,1,0,5.0,10.0,10.0,55.0,0,50,0.6795843839645386,0.017000334169715643,,out_of_road
677,fresh,0,fresh,,,0,0,0,1,1,0,15.0,40.0,10.0,55.0,1,127,4.72515344619751,0.14594864293815582,,crash_vehicle
678,fresh,0,fresh,,,0,1,0,3,0,0,10.0,5.0,10.0,20.0,1,395,8.4676513671875,0.24473349214354648,,arrive_dest
679,fresh,0,fresh,,,0,0,0,2,0,0,10.0,40.0,5.0,35.0,0,83,1.6303049325942993,0.03878820931022785,,out_of_road
680,fresh,0,fresh,,,0,0,0,4,0,0,10.0,5.0,10.0,35.0,0,343,9.180328369140625,0.13275714984174503,,out_of_road
681,fresh,0,fresh,,,0,1,1,8,1,0,10.0,10.0,15.0,20.0,2,34,0.2147989124059677,0.0035616194500642665,,crash_vehicle
682,fresh,0,fresh,,,0,0,0,1,1,0,10.0,40.0,5.0,55.0,1,101,2.853142261505127,0.051955333993871616,,out_of_road
683,fresh,0,fresh,,,0,0,0,0,1,0,15.0,40.0,5.0,35.0,0,105,2.824150800704956,0.10545995654094786,,out_of_road
684,fresh,0,fresh,,,0,0,0,1,0,1,5.0,20.0,5.0,35.0,1,211,10.633421897888184,0.19531891208089075,,out_of_road
685,fresh,0,fresh,,,0,1,0,5,0,0,15.0,5.0,10.0,55.0,0,1000,2.1459884643554688,0.027431371583486908,,max_step
686,fresh,0,fresh,,,0,1,0,4,1,0,20.0,10.0,15.0,20.0,3,1000,0.4273906350135803,0.01684793952445034,,max_step
687,fresh,0,fresh,,,0,1,0,3,1,1,20.0,20.0,5.0,55.0,2,60,0.9032686948776245,0.04467241019010544,,crash_vehicle
688,fresh,0,fresh,,,0,0,0,3,1,1,15.0,5.0,10.0,20.0,2,180,3.8588037490844727,0.2408121482986543,,crash_vehicle
689,fresh,0,fresh,,,0,1,1,4,1,0,10.0,20.0,15.0,55.0,2,185,6.016393661499023,0.18777410146352408,,arrive_dest
690,fresh,0,fresh,,,0,0,0,1,0,1,20.0,20.0,15.0,55.0,1,118,3.3857011795043945,0.13946317857668056,,out_of_road
691,fresh,0,fresh,,,0,1,1,8,1,0,5.0,40.0,5.0,55.0,2,150,6.215021133422852,0.16202299407372872,,arrive_dest
692,fresh,0,fresh,,,0,1,0,4,1,0,5.0,10.0,10.0,35.0,3,591,0.2208578884601593,0.004526717137614684,,crash_vehicle
693,fresh,0,fresh,,,0,0,0,2,1,0,10.0,10.0,10.0,20.0,2,74,1.837451696395874,0.08010829740984214,,crash_vehicle
694,fresh,0,fresh,,,0,1,0,12,0,0,15.0,5.0,15.0,35.0,0,768,-0.11872050166130066,0.00580991042079404,,crash_vehicle
695,fresh,0,fresh,,,0,0,0,18,1,0,15.0,5.0,15.0,35.0,2,1000,0.38138625025749207,0.02642023622058332,,max_step
696,fresh,0,fresh,,,0,0,0,2,1,0,15.0,40.0,15.0,55.0,0,102,3.1514644622802734,0.05291624160885226,,crash_vehicle
697,fresh,0,fresh,,,0,0,0,12,1,1,5.0,5.0,15.0,55.0,3,417,2.4101552963256836,0.05574901971287079,,crash_vehicle
698,fresh,0,fresh,,,0,0,0,4,0,0,10.0,10.0,10.0,10.0,2,43,0.3805440664291382,0.007495473983675935,,crash_vehicle
699,fresh,0,fresh,,,0,0,0,12,1,0,15.0,40.0,15.0,55.0,0,259,7.923470973968506,0.22683485011969293,,arrive_dest
700,fresh,0,fresh,,,0,1,1,1,1,1,5.0,20.0,10.0,35.0,0,660,15.937689781188965,0.14261024623516608,,out_of_road
701,fresh,0,fresh,,,0,1,1,5,0,0,15.0,10.0,10.0,35.0,0,92,0.9382542967796326,0.05662255256396273,,crash_vehicle
702,fresh,0,fresh,,,0,0,0,18,1,0,10.0,5.0,5.0,55.0,3,1000,0.3704618215560913,0.10027158054895699,,max_step
703,fresh,0,fresh,,,0,1,1,3,1,0,20.0,5.0,15.0,20.0,0,106,-0.057037994265556335,0.017876945796229365,,crash_vehicle
704,fresh,0,fresh,,,0,1,0,1,0,1,10.0,5.0,5.0,55.0,0,180,4.914775848388672,0.24758987944159244,,crash_vehicle
705,fresh,0,fresh,,,0,0,0,8,1,1,5.0,5.0,10.0,20.0,0,1000,0.056137699633836746,0.0031230715773999693,,max_step
706,fresh,0,fresh,,,0,1,1,4,0,0,5.0,10.0,15.0,35.0,1,263,3.918689250946045,0.039582828109368626,,out_of_road
707,fresh,0,fresh,,,0,1,1,12,0,0,15.0,5.0,5.0,20.0,2,1000,1.7243391275405884,0.02318817861378193,,max_step
708,fresh,0,fresh,,,0,0,0,1,0,1,5.0,10.0,5.0,10.0,1,2,0.4903711974620819,0.0,,arrive_dest
709,fresh,0,fresh,,,0,1,1,4,0,0,20.0,5.0,10.0,10.0,3,197,5.880374431610107,0.3204009713141749,,crash_vehicle
710,fresh,0,fresh,,,0,0,0,4,0,1,5.0,5.0,15.0,55.0,1,1000,0.09025213122367859,0.005039260679855943,,max_step
711,fresh,0,fresh,,,0,1,1,12,1,1,10.0,20.0,10.0,55.0,1,49,1.2391152381896973,0.04255559447468543,,arrive_dest
712,fresh,0,fresh,,,0,0,0,3,0,0,5.0,20.0,15.0,55.0,0,67,1.1742932796478271,0.01786525900572983,,crash_vehicle
713,fresh,0,fresh,,,0,1,1,18,1,0,10.0,5.0,5.0,20.0,1,99,1.5145150423049927,0.12202672253955495,,crash_vehicle
714,fresh,0,fresh,,,0,0,0,5,0,1,5.0,10.0,5.0,55.0,0,1000,0.511600911617279,0.002709794580936432,,max_step
715,fresh,0,fresh,,,0,0,0,2,0,0,10.0,5.0,10.0,55.0,2,97,2.2014191150665283,0.03461072653455218,,out_of_road
716,fresh,0,fresh,,,0,1,1,0,0,0,20.0,40.0,10.0,55.0,0,213,11.04223918914795,0.3735086120175364,,out_of_road
717,fresh,0,fresh,,,0,1,1,4,0,0,20.0,40.0,5.0,10.0,0,90,2.5849082469940186,0.04300637572175926,,crash_vehicle
718,fresh,0,fresh,,,0,0,0,12,0,1,20.0,20.0,5.0,55.0,0,49,0.694174587726593,0.01676427953097285,,crash_vehicle
719,fresh,0,fresh,,,0,0,0,4,0,0,5.0,10.0,15.0,10.0,0,1000,0.9749091863632202,0.016381882439367473,,max_step
720,fresh,0,fresh,,,0,0,0,0,1,0,20.0,40.0,5.0,20.0,0,1000,2.895589828491211,0.016623865876346827,,max_step
721,fresh,0,fresh,,,0,1,1,12,0,1,15.0,5.0,5.0,35.0,2,145,0.33247530460357666,0.1362880451540495,,crash_vehicle
722,fresh,0,fresh,,,0,0,0,12,0,0,5.0,5.0,5.0,55.0,2,1000,0.07029010355472565,0.010761557195917704,,max_step
723,fresh,0,fresh,,,0,0,0,12,0,0,20.0,20.0,5.0,35.0,3,356,9.657790184020996,0.27114104643579195,,arrive_dest
724,fresh,0,fresh,,,0,1,1,5,0,0,5.0,10.0,15.0,55.0,0,41,0.2764829397201538,0.0,,crash_vehicle
725,fresh,0,fresh,,,0,0,0,4,1,0,15.0,40.0,15.0,55.0,0,244,10.19442081451416,0.20960756056354243,,out_of_road
726,fresh,0,fresh,,,0,0,0,8,1,1,20.0,5.0,15.0,20.0,0,1000,0.17205491662025452,0.0016295476596569643,,max_step
727,fresh,0,fresh,,,0,0,0,1,0,1,15.0,5.0,5.0,10.0,1,101,2.8038463592529297,0.16549056342406437,,out_of_road
728,fresh,0,fresh,,,0,0,0,3,0,0,5.0,10.0,5.0,20.0,0,32,-0.3012737035751343,0.04465832933783531,,out_of_road
729,fresh,0,fresh,,,0,0,0,2,0,1,10.0,20.0,10.0,20.0,0,51,0.6772623062133789,0.0,,crash_vehicle
730,fresh,0,fresh,,,0,1,0,0,0,0,10.0,40.0,15.0,55.0,0,77,1.8937716484069824,0.05466533145056916,,out_of_road
731,fresh,0,fresh,,,0,0,0,4,0,1,10.0,20.0,15.0,10.0,0,54,0.8028091788291931,0.0018936616403085213,,crash_vehicle
732,fresh,0,fresh,,,0,1,1,8,1,0,10.0,5.0,5.0,55.0,1,855,-0.1593046486377716,0.024150995384801005,,crash_vehicle
733,fresh,0,fresh,,,0,0,0,4,1,1,20.0,5.0,15.0,20.0,0,61,0.655698299407959,0.08315562414097004,,crash_vehicle
734,fresh,0,fresh,,,0,1,1,4,1,0,20.0,20.0,5.0,35.0,0,94,1.8473782539367676,0.10174735611245195,,crash_vehicle
735,fresh,0,fresh,,,0,0,0,0,0,0,10.0,5.0,5.0,20.0,0,333,16.860206604003906,0.4535600775657026,rejection_fallback,out_of_road
736,fresh,0,fresh,,,0,1,1,2,1,1,10.0,20.0,10.0,35.0,1,326,2.693297863006592,0.08891343052550418,,out_of_road
737,fresh,0,fresh,,,0,1,0,18,0,0,20.0,10.0,15.0,20.0,0,41,0.3506662845611572,0.018426098656363604,,crash_vehicle
738,fresh,0,fresh,,,0,1,1,18,0,0,20.0,40.0,10.0,55.0,0,137,5.042764186859131,0.2124062330890311,,out_of_road
739,fresh,0,fresh,,,0,0,0,8,0,1,5.0,10.0,15.0,35.0,2,317,14.864694595336914,0.4257798423191491,,out_of_road
740,fresh,0,fresh,,,0,0,0,4,0,0,20.0,5.0,15.0,20.0,0,27,0.0407145619392395,0.00394404375994647,,crash_vehicle
741,fresh,0,fresh,,,0,1,1,18,1,1,10.0,5.0,5.0,20.0,1,98,-0.24336867034435272,0.007582733369603449,,crash_vehicle
742,fresh,0,fresh,,,0,0,0,18,0,0,10.0,5.0,10.0,35.0,2,136,-0.010875269770622253,0.003840025733498966,,crash_vehicle
743,fresh,0,fresh,,,0,1,0,0,0,0,10.0,40.0,15.0,20.0,0,78,1.8071072101593018,0.045258552582265854,,out_of_road
744,fresh,0,fresh,,,0,1,0,2,0,0,5.0,20.0,5.0,35.0,1,112,2.2914576530456543,0.01112343224563769,,out_of_road
745,fresh,0,fresh,,,0,0,0,2,1,1,5.0,40.0,15.0,55.0,2,111,4.443310260772705,0.18281464802252279,,crash_vehicle
746,fresh,0,fresh,,,0,1,1,12,0,1,10.0,20.0,15.0,10.0,2,69,1.5715651512145996,0.07170594383732996,,crash_vehicle
747,fresh,0,fresh,,,0,1,1,8,1,0,5.0,20.0,15.0,35.0,3,54,0.47910815477371216,0.010497007381033015,,out_of_road
748,fresh,0,fresh,,,0,0,0,2,1,0,20.0,20.0,10.0,35.0,1,1000,1.1977288722991943,0.00979601277038455,,max_step
749,fresh,0,fresh,,,0,0,0,4,1,0,10.0,20.0,5.0,35.0,0,176,2.931326150894165,0.14760528984797103,,out_of_road
750,fresh,0,fresh,,,0,0,0,4,0,0,5.0,40.0,10.0,55.0,0,100,3.2140235900878906,0.1325905390456319,,crash_vehicle
751,fresh,0,fresh,,,0,1,0,3,0,1,10.0,10.0,10.0,35.0,1,125,0.4072311520576477,0.014291559521108865,,crash_vehicle
752,fresh,0,fresh,,,0,0,0,1,0,1,20.0,40.0,15.0,20.0,1,24,-0.3425320088863373,0.008121290865043799,,out_of_road
753,fresh,0,fresh,,,0,1,1,2,0,1,5.0,40.0,10.0,10.0,1,1000,2.304748058319092,0.006122116986662149,,max_step
754,fresh,0,fresh,,,0,0,0,0,0,0,10.0,5.0,5.0,20.0,0,111,3.1187222003936768,0.032518002336744116,rejection_fallback,out_of_road
755,fresh,0,fresh,,,0,1,1,0,1,0,20.0,40.0,5.0,20.0,0,332,12.314299583435059,0.28774977016475906,,out_of_road
756,fresh,0,fresh,,,0,0,0,4,1,0,15.0,5.0,10.0,20.0,3,1000,0.585210919380188,0.02012206557812169,,max_step
757,fresh,0,fresh,,,0,0,0,2,1,1,20.0,40.0,5.0,55.0,2,21,-0.2188015580177307,0.04805479163215274,,out_of_road
758,fresh,0,fresh,,,0,0,0,18,1,0,10.0,10.0,15.0,20.0,0,1000,1.3816968202590942,0.03841420781798661,,max_step
759,fresh,0,fresh,,,0,1,0,2,0,1,10.0,5.0,5.0,10.0,2,202,10.536141395568848,0.3327767186715166,,out_of_road
760,fresh,0,fresh,,,0,0,0,18,0,1,20.0,10.0,15.0,55.0,0,1000,1.5217989683151245,0.017407264840177957,,max_step
761,fresh,0,fresh,,,0,1,0,0,0,0,15.0,40.0,5.0,20.0,0,78,2.0041892528533936,0.032039452057618364,,out_of_road
762,fresh,0,fresh,,,0,0,0,2,0,1,15.0,40.0,5.0,20.0,1,159,5.717619895935059,0.12970496965396516,,crash_vehicle
763,fresh,0,fresh,,,0,1,0,12,1,0,20.0,40.0,10.0,55.0,2,1000,1.2732524871826172,0.007296413341537118,,max_step
764,fresh,0,fresh,,,0,0,0,12,1,0,10.0,20.0,10.0,35.0,3,16,-0.2533806562423706,0.0,,out_of_road
765,fresh,0,fresh,,,0,1,0,1,1,1,20.0,5.0,10.0,55.0,0,1000,0.22430534660816193,0.05741374919191003,,max_step
766,fresh,0,fresh,,,0,1,1,18,1,1,5.0,40.0,5.0,55.0,2,65,1.5955877304077148,0.038884707597585826,,crash_vehicle
767,fresh,0,fresh,,,0,0,0,2,0,0,10.0,10.0,5.0,55.0,2,201,10.411385536193848,0.2670572502492227,,out_of_road
768,fresh,0,fresh,,,0,1,0,12,1,1,20.0,5.0,15.0,55.0,2,124,2.8776307106018066,0.30590887794331195,,crash_vehicle
769,fresh,0,fresh,,,0,0,0,8,0,1,15.0,40.0,15.0,35.0,3,96,2.3553197383880615,0.02688827326831718,,out_of_road
770,fresh,0,fresh,,,0,0,0,5,1,0,20.0,5.0,5.0,20.0,0,1000,0.2960970103740692,0.0018458326309919357,,max_step
771,fresh,0,fresh,,,0,1,1,5,1,1,5.0,40.0,15.0,55.0,3,1000,-0.007405326701700687,0.002917611926794052,,max_step
772,fresh,0,fresh,,,0,1,1,18,0,1,5.0,10.0,5.0,10.0,2,1000,1.3416954278945923,0.011515212177764625,,max_step
773,fresh,0,fresh,,,0,0,0,1,0,1,5.0,40.0,15.0,55.0,1,131,5.0945634841918945,0.11832048332332883,,out_of_road
774,fresh,0,fresh,,,0,1,0,12,1,0,10.0,40.0,15.0,55.0,1,73,1.6533809900283813,0.04087734497981529,,crash_vehicle
775,fresh,0,fresh,,,0,1,1,5,1,1,20.0,10.0,15.0,35.0,1,1000,1.9406044483184814,0.015925630833022297,,max_step
776,fresh,0,fresh,,,0,1,0,3,1,1,10.0,5.0,15.0,20.0,0,217,3.1892783641815186,0.1156770131692359,,out_of_road
777,fresh,0,fresh,,,0,0,0,12,0,1,5.0,10.0,5.0,55.0,0,1000,0.4918058514595032,0.001078059108927846,,max_step
778,fresh,0,fresh,,,0,1,1,4,1,1,5.0,10.0,10.0,20.0,1,105,1.0240861177444458,0.045985799309398445,,crash_vehicle
779,fresh,0,fresh,,,0,1,0,4,1,1,10.0,10.0,10.0,20.0,1,1000,2.337033271789551,0.007110685959458351,,max_step
780,fresh,0,fresh,,,0,0,0,0,1,0,15.0,40.0,15.0,55.0,0,156,4.986359596252441,0.1487899566284166,,crash_vehicle
781,fresh,0,fresh,,,0,0,0,2,1,1,20.0,5.0,10.0,20.0,2,79,2.150205373764038,0.06057388625473161,,arrive_dest
782,fresh,0,fresh,,,0,0,0,1,1,1,20.0,40.0,15.0,55.0,1,125,4.568796634674072,0.11976108132302761,,crash_vehicle
783,fresh,0,fresh,,,0,1,1,18,0,1,20.0,40.0,10.0,35.0,3,78,1.5796773433685303,0.019349304147255726,,crash_vehicle
784,fresh,0,fresh,,,0,1,1,18,0,0,5.0,40.0,10.0,20.0,3,71,1.6102250814437866,0.01871933520469867,,crash_vehicle
785,fresh,0,fresh,,,0,1,1,18,1,0,15.0,40.0,15.0,55.0,2,173,4.633352279663086,0.1307925913547505,,crash_vehicle
786,fresh,0,fresh,,,0,0,0,2,0,1,15.0,20.0,10.0,35.0,1,139,3.8773300647735596,0.24523680992156482,,out_of_road
787,fresh,0,fresh,,,0,1,0,18,1,0,15.0,5.0,10.0,20.0,2,518,2.315439224243164,0.056466655632657174,,out_of_road
788,fresh,0,fresh,,,0,0,0,0,1,0,5.0,40.0,5.0,20.0,0,89,2.0185282230377197,0.07791511693529868,,crash_vehicle
789,fresh,0,fresh,,,0,1,1,1,0,0,10.0,5.0,5.0,10.0,1,186,8.404732704162598,0.2133766738823064,,out_of_road
790,fresh,0,fresh,,,0,0,0,0,1,0,20.0,40.0,15.0,35.0,0,111,3.222367525100708,0.09395845314940891,,crash_vehicle
791,fresh,0,fresh,,,0,1,1,1,0,1,5.0,40.0,10.0,20.0,1,86,2.281409502029419,0.03598022507503629,,out_of_road
792,fresh,0,fresh,,,0,0,0,1,0,0,20.0,20.0,5.0,55.0,0,960,8.280539512634277,0.05773723409923453,,out_of_road
793,fresh,0,fresh,,,0,0,0,18,1,1,20.0,10.0,15.0,20.0,2,1000,0.47311118245124817,0.009888669198728167,,max_step
794,fresh,0,fresh,,,0,1,1,4,0,1,5.0,20.0,10.0,55.0,0,49,0.7310326099395752,0.01778984313108483,,crash_vehicle
795,fresh,0,fresh,,,0,0,0,1,0,1,10.0,10.0,10.0,35.0,1,193,8.95522403717041,0.27331003774478646,,out_of_road
796,fresh,0,fresh,,,0,1,1,5,1,0,5.0,40.0,10.0,55.0,1,1000,1.707733154296875,0.0037355045564472673,,max_step
797,fresh,0,fresh,,,0,0,0,1,1,0,10.0,40.0,5.0,55.0,1,259,14.634973526000977,0.5099263506865984,,out_of_road
798,fresh,0,fresh,,,0,1,1,8,1,1,15.0,20.0,15.0,35.0,1,123,1.9668917655944824,0.04482055134404966,,arrive_dest
799,fresh,0,fresh,,,0,0,0,18,1,0,10.0,40.0,5.0,55.0,1,250,5.071563720703125,0.12397233147174119,,crash_vehicle
800,fresh,0,fresh,,,0,1,0,18,1,1,20.0,40.0,15.0,55.0,2,182,1.6365289688110352,0.021507433134612147,,crash_vehicle
801,fresh,0,fresh,,,0,1,1,1,1,1,5.0,10.0,5.0,35.0,1,189,4.5960588455200195,0.18331136614103954,,crash_vehicle
802,fresh,0,fresh,,,0,1,1,2,1,1,15.0,10.0,10.0,35.0,0,1000,0.4654732048511505,0.0006506674811244011,,max_step
803,fresh,0,fresh,,,0,0,0,1,0,0,20.0,10.0,15.0,35.0,1,135,5.729281425476074,0.14799335367839644,,out_of_road
804,fresh,0,fresh,,,0,1,1,0,0,0,20.0,10.0,5.0,35.0,0,150,5.431689262390137,0.08184332627182206,,out_of_road
805,fresh,0,fresh,,,0,1,0,8,1,0,10.0,10.0,5.0,35.0,3,1000,1.9811859130859375,0.018424457682296634,,max_step
806,fresh,0,fresh,,,0,1,1,1,0,1,15.0,40.0,10.0,35.0,1,223,10.087934494018555,0.31550758039670673,,out_of_road
807,fresh,0,fresh,,,0,0,0,18,0,0,10.0,10.0,10.0,10.0,2,219,12.169034957885742,0.401002111364173,,arrive_dest
808,fresh,0,fresh,,,0,1,1,5,1,0,15.0,10.0,15.0,20.0,1,240,4.122239589691162,0.17436442535060148,,out_of_road
809,fresh,0,fresh,,,0,0,0,4,0,0,15.0,5.0,5.0,10.0,0,1000,0.12927085161209106,0.000310137621127069,,max_step
810,fresh,0,fresh,,,0,1,0,0,0,0,15.0,10.0,10.0,20.0,0,51,0.7832663059234619,0.01847159979390163,,out_of_road
811,fresh,0,fresh,,,0,1,1,5,1,0,5.0,40.0,10.0,55.0,0,77,1.6590057611465454,0.0287179657826563,,out_of_road
812,fresh,0,fresh,,,0,1,1,2,1,1,15.0,40.0,10.0,55.0,0,213,11.298542022705078,0.27573480190787936,,out_of_road
813,fresh,0,fresh,,,0,1,0,2,1,1,15.0,40.0,15.0,55.0,2,214,7.59145450592041,0.24696940534191084,,out_of_road
814,fresh,0,fresh,,,0,0,0,0,0,0,5.0,10.0,15.0,55.0,0,297,14.096768379211426,0.3244948639763325,,out_of_road
815,fresh,0,fresh,,,0,1,1,0,0,0,5.0,40.0,10.0,55.0,0,117,3.101367950439453,0.08522741111297892,,out_of_road
816,fresh,0,fresh,,,0,0,0,5,1,1,15.0,40.0,10.0,55.0,1,75,1.654278039932251,0.011314478181302547,,crash_vehicle
817,fresh,0,fresh,,,0,0,0,0,1,0,15.0,20.0,15.0,20.0,0,89,2.055560350418091,0.12424789660013794,,crash_vehicle
818,fresh,0,fresh,,,0,0,0,1,0,0,10.0,40.0,5.0,35.0,1,214,4.174755096435547,0.1361416417356824,,crash_vehicle
819,fresh,0,fresh,,,0,1,1,0,1,0,15.0,40.0,5.0,55.0,0,152,5.588823318481445,0.14329743248067403,,out_of_road
820,fresh,0,fresh,,,0,1,0,5,0,0,15.0,10.0,15.0,55.0,2,1000,4.053798675537109,0.039963618209701963,,max_step
821,fresh,0,fresh,,,0,1,0,5,1,1,15.0,40.0,10.0,55.0,2,78,1.7101434469223022,0.022202610682982665,,crash_vehicle
822,fresh,0,fresh,,,0,1,0,1,1,1,20.0,10.0,15.0,35.0,1,98,2.9716310501098633,0.08514696435660732,,crash_vehicle
823,fresh,0,fresh,,,0,0,0,3,0,1,20.0,5.0,15.0,10.0,1,160,2.7802412509918213,0.16525102518498896,,out_of_road
824,fresh,0,fresh,,,0,0,0,1,1,0,10.0,5.0,15.0,55.0,0,203,5.620700359344482,0.28143051380447565,,crash_vehicle
825,fresh,0,fresh,,,0,1,1,3,0,0,15.0,40.0,10.0,55.0,2,99,3.176576852798462,0.10554182549204791,,crash_vehicle
826,fresh,0,fresh,,,0,0,0,8,0,1,15.0,20.0,5.0,10.0,2,213,5.168344020843506,0.20444710465462904,,crash_vehicle
827,fresh,0,fresh,,,0,1,1,5,1,0,5.0,40.0,15.0,55.0,1,78,1.879080891609192,0.046552164623370536,,crash_vehicle
828,fresh,0,fresh,,,0,1,0,12,0,0,20.0,5.0,10.0,20.0,3,1000,0.0018352542538195848,0.008277448781649582,,max_step
829,fresh,0,fresh,,,0,1,1,12,1,1,5.0,20.0,5.0,35.0,0,1000,0.9617195129394531,0.008807761726202443,,max_step
830,fresh,0,fresh,,,0,0,0,5,1,1,10.0,5.0,10.0,20.0,0,52,0.5799258947372437,0.033774242557298675,,crash_vehicle
831,fresh,0,fresh,,,0,1,0,12,0,1,5.0,20.0,10.0,55.0,2,1000,5.5520710945129395,0.02244146798271686,,max_step
832,fresh,0,fresh,,,0,1,1,8,0,0,10.0,40.0,15.0,35.0,1,123,4.0006022453308105,0.10582049353033061,,crash_vehicle
833,fresh,0,fresh,,,0,0,0,2,0,1,10.0,20.0,15.0,20.0,2,220,11.475590705871582,0.42166291349990803,,out_of_road
834,fresh,0,fresh,,,0,1,1,3,1,0,5.0,5.0,5.0,20.0,0,1000,2.170705795288086,0.0010556667703203856,,max_step
835,fresh,0,fresh,,,0,1,0,18,1,1,10.0,10.0,10.0,20.0,2,278,0.31016653776168823,0.02374659815682567,,crash_vehicle
836,fresh,0,fresh,,,0,1,0,1,0,0,20.0,20.0,5.0,10.0,0,140,3.8659281730651855,0.15313805562577076,,out_of_road
837,fresh,0,fresh,,,0,1,0,0,0,0,10.0,10.0,10.0,55.0,0,100,3.086519479751587,0.0561231741681695,,out_of_road
838,fresh,0,fresh,,,0,1,0,5,1,1,15.0,10.0,10.0,20.0,3,1000,0.9214262366294861,0.0008189983958145603,,max_step
839,fresh,0,fresh,,,0,1,1,4,1,0,5.0,10.0,5.0,20.0,1,199,3.3653151988983154,0.13208795345421112,,crash_vehicle
840,fresh,0,fresh,,,0,1,1,12,0,0,10.0,5.0,5.0,35.0,3,94,0.570183277130127,0.031420182119658656,,out_of_road
841,fresh,0,fresh,,,0,0,0,1,1,0,5.0,20.0,15.0,35.0,1,290,12.511768341064453,0.37619414264015083,,out_of_road
842,fresh,0,fresh,,,0,0,0,0,1,0,20.0,10.0,5.0,55.0,0,125,4.305467128753662,0.04246059388667345,,crash_vehicle
843,fresh,0,fresh,,,0,0,0,2,0,1,10.0,5.0,10.0,55.0,1,172,2.907142400741577,0.12488404541482152,,out_of_road
844,fresh,0,fresh,,,0,0,0,1,0,0,5.0,40.0,10.0,20.0,1,99,2.8045237064361572,0.037951122292063454,,out_of_road
845,fresh,0,fresh,,,0,0,0,18,0,1,15.0,10.0,5.0,10.0,1,1000,0.006094062235206366,0.0011628023774246684,,max_step
846,fresh,0,fresh,,,0,0,0,5,0,0,15.0,10.0,10.0,20.0,2,1000,2.1437747478485107,0.021345410580048338,,max_step
847,fresh,0,fresh,,,0,1,1,12,0,1,10.0,5.0,15.0,35.0,1,1000,0.06270015239715576,0.004346488372422755,,max_step
848,fresh,0,fresh,,,0,1,1,18,1,1,15.0,5.0,5.0,55.0,0,1000,0.9605861306190491,0.011885556106455624,,max_step
849,fresh,0,fresh,,,0,0,0,4,1,1,5.0,20.0,15.0,35.0,2,59,1.1105610132217407,0.01906387760477551,,crash_vehicle
850,fresh,0,fresh,,,0,1,1,12,0,1,15.0,10.0,15.0,20.0,1,404,0.9266420006752014,0.03213001885174746,,crash_vehicle
851,fresh,0,fresh,,,0,1,0,12,1,0,20.0,10.0,10.0,20.0,3,576,0.22658438980579376,0.0107990823000566,,crash_vehicle
852,fresh,0,fresh,,,0,1,0,0,0,0,15.0,5.0,15.0,10.0,0,286,12.722762107849121,0.3935340676502279,,out_of_road
853,fresh,0,fresh,,,0,1,0,8,1,0,10.0,5.0,15.0,20.0,3,104,1.6947331428527832,0.16714324640074316,,crash_vehicle
854,fresh,0,fresh,,,0,1,1,8,0,1,15.0,5.0,5.0,10.0,3,1000,0.2428348958492279,0.010653250778472284,,max_step
855,fresh,0,fresh,,,0,1,0,2,0,0,5.0,20.0,10.0,20.0,2,100,2.695753335952759,0.03175405544694513,,out_of_road
856,fresh,0,fresh,,,0,0,0,0,0,0,10.0,5.0,5.0,20.0,0,249,13.879213333129883,0.566129560630963,rejection_fallback,out_of_road
857,fresh,0,fresh,,,0,0,0,3,0,1,15.0,5.0,15.0,55.0,1,214,6.862590789794922,0.26453753567744637,,arrive_dest
858,fresh,0,fresh,,,0,1,1,5,1,1,10.0,40.0,15.0,55.0,1,236,7.066154479980469,0.2294618530846122,,out_of_road
859,fresh,0,fresh,,,0,1,0,12,0,1,15.0,40.0,5.0,35.0,2,52,0.8010520339012146,0.04314258966881495,,out_of_road
860,fresh,0,fresh,,,0,1,0,1,1,0,5.0,40.0,10.0,55.0,0,442,10.019318580627441,0.1484779170335047,,out_of_road
861,fresh,0,fresh,,,0,1,1,4,1,0,20.0,10.0,15.0,35.0,2,111,2.5014889240264893,0.19005757630676837,,crash_vehicle
862,fresh,0,fresh,,,0,0,0,0,1,0,5.0,10.0,5.0,55.0,0,130,4.462857723236084,0.1208712183440534,,crash_vehicle
863,fresh,0,fresh,,,0,1,0,12,0,1,10.0,20.0,5.0,35.0,2,264,6.711485385894775,0.24278217928914467,,crash_vehicle
864,fresh,0,fresh,,,0,0,0,12,0,0,15.0,5.0,15.0,55.0,2,1000,1.864419937133789,0.029461666343733667,,max_step
865,fresh,0,fresh,,,0,1,0,8,1,1,5.0,40.0,10.0,55.0,0,73,1.7273029088974,0.024164355168603872,,crash_vehicle
866,fresh,0,fresh,,,0,1,1,5,1,1,5.0,40.0,5.0,55.0,0,171,7.491881370544434,0.21322751903568793,,out_of_road
867,fresh,0,fresh,,,0,0,0,4,1,0,20.0,40.0,10.0,55.0,1,1000,2.5695316791534424,0.012261884672567249,,max_step
868,fresh,0,fresh,,,0,1,0,18,0,1,20.0,10.0,5.0,10.0,3,56,0.2009999305009842,0.02424866972225053,,crash_vehicle
869,fresh,0,fresh,,,0,0,0,8,1,1,5.0,40.0,10.0,55.0,3,204,8.749629974365234,0.29906701961276577,,out_of_road
870,fresh,0,fresh,,,0,0,0,1,0,1,20.0,5.0,15.0,35.0,1,249,14.193314552307129,0.5108107648730038,,out_of_road
871,fresh,0,fresh,,,0,0,0,12,1,0,20.0,10.0,15.0,35.0,3,62,0.6324365139007568,0.11451218307258622,,out_of_road
872,fresh,0,fresh,,,0,1,0,8,1,0,10.0,10.0,5.0,55.0,0,457,2.3569562435150146,0.02795100849553845,,crash_vehicle
873,fresh,0,fresh,,,0,1,0,1,1,0,15.0,5.0,15.0,20.0,1,138,2.105654001235962,0.0865148388767156,,out_of_road
874,fresh,0,fresh,,,0,0,0,1,0,0,5.0,20.0,5.0,20.0,1,103,3.3597748279571533,0.19898009347250162,,arrive_dest
875,fresh,0,fresh,,,0,0,0,4,0,0,15.0,40.0,5.0,10.0,3,87,2.490269899368286,0.07836968033713684,,crash_vehicle
876,fresh,0,fresh,,,0,1,1,18,1,0,10.0,5.0,15.0,20.0,1,27,0.06321705877780914,0.01876690873393306,,crash_vehicle
877,fresh,0,fresh,,,0,0,0,3,0,1,15.0,20.0,15.0,55.0,2,135,2.8164732456207275,0.12159319735235638,,out_of_road
878,fresh,0,fresh,,,0,1,0,18,0,0,10.0,40.0,10.0,10.0,2,189,4.626858711242676,0.14664826101608694,,out_of_road
879,fresh,0,fresh,,,0,0,0,8,0,0,10.0,40.0,10.0,20.0,2,1000,5.964580059051514,0.04963105090521276,,max_step
880,fresh,0,fresh,,,0,1,1,1,0,1,15.0,5.0,10.0,10.0,0,290,11.490060806274414,0.340164828306899,,out_of_road
881,fresh,0,fresh,,,0,0,0,18,0,1,10.0,5.0,5.0,35.0,2,1000,0.2056218385696411,0.0011504544016206638,,max_step
882,fresh,0,fresh,,,0,0,0,12,0,1,15.0,10.0,15.0,10.0,1,1000,0.43674954771995544,0.0007072090720757842,,max_step
883,fresh,0,fresh,,,0,0,0,18,1,0,10.0,40.0,10.0,55.0,3,241,6.381226539611816,0.1822639903540557,,crash_vehicle
884,fresh,0,fresh,,,0,1,1,1,0,1,10.0,10.0,5.0,10.0,1,158,6.775396823883057,0.1937967925273542,,out_of_road
885,fresh,0,fresh,,,0,0,0,12,0,0,10.0,40.0,10.0,35.0,0,75,1.781981348991394,0.02927831987539927,,crash_vehicle
886,fresh,0,fresh,,,0,1,0,5,1,0,20.0,5.0,10.0,35.0,1,1000,0.00023310448159463704,0.0011224591732025147,,max_step
887,fresh,0,fresh,,,0,1,1,12,0,1,20.0,5.0,5.0,55.0,1,647,0.031795963644981384,0.024301987881606684,,crash_vehicle
888,fresh,0,fresh,,,0,0,0,3,0,1,20.0,40.0,10.0,20.0,0,66,1.549713373184204,0.03204588137679931,,crash_vehicle
889,fresh,0,fresh,,,0,0,0,1,0,1,15.0,40.0,10.0,20.0,1,172,4.811980724334717,0.1556229161120258,,out_of_road
890,fresh,0,fresh,,,0,0,0,12,1,1,20.0,5.0,5.0,55.0,1,356,0.7028528451919556,0.013926313373814808,,crash_vehicle
891,fresh,0,fresh,,,0,1,0,3,0,0,10.0,10.0,15.0,20.0,3,75,1.6879674196243286,0.030262069404125215,,out_of_road
892,fresh,0,fresh,,,0,1,1,8,0,1,5.0,10.0,10.0,35.0,2,1000,0.9420523047447205,0.0016767567843198777,,max_step
893,fresh,0,fresh,,,0,1,1,18,0,0,15.0,20.0,5.0,10.0,2,85,1.626713752746582,0.0495688250507502,,crash_vehicle
894,fresh,0,fresh,,,0,0,0,18,1,1,20.0,5.0,5.0,35.0,2,119,-0.10042737424373627,0.042500641979590185,,crash_vehicle
895,fresh,0,fresh,,,0,0,0,12,0,0,20.0,10.0,5.0,20.0,1,1000,0.13499408960342407,0.000901711130514741,,max_step
896,fresh,0,fresh,,,0,1,1,12,0,1,5.0,20.0,10.0,35.0,0,228,10.313169479370117,0.26346649608591144,,arrive_dest
897,fresh,0,fresh,,,0,0,0,5,0,0,20.0,10.0,15.0,20.0,0,192,8.56710433959961,0.4268211848199523,,arrive_dest
898,fresh,0,fresh,,,0,1,0,4,1,1,5.0,20.0,10.0,35.0,0,1000,3.21708083152771,0.02007915388746187,,max_step
899,fresh,0,fresh,,,0,0,0,4,1,0,20.0,10.0,10.0,20.0,2,193,5.311704158782959,0.10121261926338926,,out_of_road
900,fresh,0,fresh,,,0,1,0,1,0,0,15.0,40.0,5.0,55.0,1,145,5.476163387298584,0.15054903616165294,,out_of_road
901,fresh,0,fresh,,,0,0,0,4,0,0,5.0,40.0,10.0,55.0,1,144,2.858572483062744,0.15001660430183014,,crash_vehicle
902,fresh,0,fresh,,,0,1,0,18,1,1,5.0,20.0,10.0,35.0,2,1000,1.273038387298584,0.019717209751484915,,max_step
903,fresh,0,fresh,,,0,0,0,1,1,0,15.0,5.0,5.0,55.0,0,151,2.6508982181549072,0.09446915642463213,,out_of_road
904,fresh,0,fresh,,,0,1,1,5,0,1,15.0,20.0,15.0,35.0,0,94,2.672701120376587,0.14114487726003566,,crash_vehicle
905,fresh,0,fresh,,,0,1,1,2,0,1,20.0,5.0,10.0,10.0,2,164,7.307038307189941,0.194634041970414,,out_of_road
906,fresh,0,fresh,,,0,0,0,8,0,1,20.0,40.0,15.0,55.0,0,97,2.9562735557556152,0.0654777074904786,,crash_vehicle
907,fresh,0,fresh,,,0,0,0,18,1,1,10.0,5.0,5.0,20.0,1,1000,0.183974951505661,0.008546415600925684,,max_step
908,fresh,0,fresh,,,0,1,0,4,1,1,10.0,40.0,10.0,55.0,3,52,0.8369516134262085,0.03732770387656414,,out_of_road
909,fresh,0,fresh,,,0,1,0,18,0,0,10.0,20.0,10.0,10.0,3,160,3.9161882400512695,0.1993799360236153,,out_of_road
910,fresh,0,fresh,,,0,1,0,1,0,1,20.0,10.0,15.0,20.0,1,183,8.114736557006836,0.21972431531532213,,out_of_road
911,fresh,0,fresh,,,0,1,0,12,0,1,10.0,5.0,10.0,35.0,1,1000,0.6638835072517395,0.0011375759262591601,,max_step
912,fresh,0,fresh,,,0,0,0,1,0,0,10.0,10.0,10.0,10.0,1,149,3.2693982124328613,0.07842049923344147,,out_of_road
913,fresh,0,fresh,,,0,0,0,2,0,0,20.0,40.0,5.0,35.0,1,259,13.554031372070312,0.3686753523367022,,out_of_road
914,fresh,0,fresh,,,0,1,0,8,1,1,15.0,20.0,10.0,35.0,3,56,1.132001519203186,0.03662466989564044,,crash_vehicle
915,fresh,0,fresh,,,0,0,0,0,0,0,10.0,10.0,5.0,55.0,0,165,7.569729328155518,0.22093319055821858,,out_of_road
916,fresh,0,fresh,,,0,1,1,4,0,0,15.0,40.0,15.0,20.0,3,79,1.3467633724212646,0.045971110085897805,,crash_vehicle
917,fresh,0,fresh,,,0,0,0,0,0,0,15.0,40.0,10.0,20.0,0,104,2.874680280685425,0.05097097239922732,,out_of_road
918,fresh,0,fresh,,,0,1,0,3,1,1,15.0,20.0,15.0,35.0,1,197,9.11902141571045,0.2636304461316863,,arrive_dest
919,fresh,0,fresh,,,0,1,0,4,0,1,5.0,40.0,10.0,10.0,0,67,1.4658081531524658,0.04709472384915423,,crash_vehicle
920,fresh,0,fresh,,,0,1,0,3,1,0,10.0,40.0,5.0,55.0,1,82,2.311903953552246,0.032832456639081964,,crash_vehicle
921,fresh,0,fresh,,,0,0,0,4,0,1,20.0,10.0,10.0,20.0,3,1000,0.4659252464771271,0.005949900038773194,,max_step
922,fresh,0,fresh,,,0,0,0,12,0,0,20.0,5.0,15.0,35.0,1,25,-0.2633996903896332,0.010841951370239258,,out_of_road
923,fresh,0,fresh,,,0,1,1,1,1,0,20.0,20.0,15.0,35.0,1,96,2.4431910514831543,0.09794788427340488,,out_of_road
924,fresh,0,fresh,,,0,1,0,1,1,0,15.0,10.0,5.0,55.0,0,134,3.979034423828125,0.30062737949748536,,crash_vehicle
925,fresh,0,fresh,,,0,1,0,18,1,0,5.0,20.0,10.0,35.0,2,73,1.3331618309020996,0.014011240449466118,,crash_vehicle
926,fresh,0,fresh,,,0,0,0,8,0,0,15.0,20.0,5.0,35.0,0,235,10.029459953308105,0.4897286948648856,,crash_vehicle
927,fresh,0,fresh,,,0,1,1,5,1,0,20.0,10.0,5.0,55.0,3,94,0.612560510635376,0.061284306003375255,,out_of_road
928,fresh,0,fresh,,,0,1,0,2,0,0,20.0,10.0,5.0,10.0,2,293,16.056669235229492,0.5963664182140762,,out_of_road
929,fresh,0,fresh,,,0,1,1,2,1,0,10.0,5.0,5.0,55.0,1,1000,0.09835977852344513,3.583892434835434e-05,,max_step
930,fresh,0,fresh,,,0,0,0,2,0,1,10.0,5.0,5.0,20.0,0,1000,0.052286211401224136,1.591213047504425e-05,,max_step
931,fresh,0,fresh,,,0,1,0,0,1,0,10.0,40.0,10.0,35.0,0,93,2.116499662399292,0.06866417745108246,,out_of_road
932,fresh,0,fresh,,,0,0,0,1,1,1,15.0,20.0,5.0,55.0,0,225,9.982635498046875,0.16941133372071718,,out_of_road
933,fresh,0,fresh,,,0,1,0,8,0,1,15.0,5.0,5.0,10.0,2,1000,0.0014002615353092551,0.000171136736869812,,max_step
934,fresh,0,fresh,,,0,1,0,1,1,0,5.0,10.0,15.0,20.0,1,83,1.9151753187179565,0.05296592019408582,,crash_vehicle
935,fresh,0,fresh,,,0,1,1,2,0,1,5.0,40.0,10.0,20.0,1,82,2.1569809913635254,0.020447691902518272,,crash_vehicle
936,fresh,0,fresh,,,0,0,0,1,0,1,5.0,5.0,5.0,35.0,1,202,9.27515983581543,0.18493461878140374,,out_of_road
937,fresh,0,fresh,,,0,1,0,1,1,1,10.0,5.0,15.0,20.0,0,519,0.5422847867012024,0.044938931172096346,,out_of_road
938,fresh,0,fresh,,,0,1,1,2,0,1,15.0,5.0,10.0,35.0,2,108,2.8770320415496826,0.049844383050825586,,out_of_road
939,fresh,0,fresh,,,0,0,0,1,1,0,15.0,10.0,15.0,55.0,1,108,3.0243237018585205,0.07458168461366936,,out_of_road
940,fresh,0,fresh,,,0,0,0,1,1,0,10.0,5.0,10.0,55.0,1,125,4.080432891845703,0.1080451702028513,,crash_vehicle
941,fresh,0,fresh,,,0,0,0,1,0,0,10.0,5.0,10.0,55.0,1,251,12.909405708312988,0.3423802044420722,,out_of_road
942,fresh,0,fresh,,,0,0,0,12,0,1,20.0,10.0,5.0,55.0,2,1000,0.4589003026485443,0.021662967135198413,,max_step
943,fresh,0,fresh,,,0,0,0,0,0,0,10.0,10.0,5.0,35.0,0,213,9.694633483886719,0.19122610551615557,,out_of_road
944,fresh,0,fresh,,,0,1,1,4,0,0,10.0,40.0,5.0,10.0,2,1000,1.5777498483657837,0.04071480981260538,,max_step
945,fresh,0,fresh,,,0,1,1,4,1,0,20.0,5.0,10.0,20.0,2,1000,0.12496423721313477,0.0008941351044923067,,max_step
946,fresh,0,fresh,,,0,1,0,8,1,1,5.0,20.0,15.0,35.0,0,186,7.044107913970947,0.13407697019377543,,out_of_road
947,fresh,0,fresh,,,0,1,1,5,0,0,5.0,20.0,15.0,20.0,3,52,0.8381790518760681,0.02129312031544172,,crash_vehicle
948,fresh,0,fresh,,,0,1,0,12,1,1,15.0,40.0,10.0,55.0,1,68,1.4819461107254028,0.04537525838788818,,crash_vehicle
949,fresh,0,fresh,,,0,0,0,0,0,0,5.0,40.0,10.0,35.0,0,225,10.118324279785156,0.3461671419938405,,out_of_road
950,fresh,0,fresh,,,0,1,0,1,0,0,15.0,20.0,10.0,20.0,1,94,2.465893268585205,0.03625534252917513,,out_of_road
951,fresh,0,fresh,,,0,0,0,4,0,0,20.0,40.0,15.0,20.0,0,85,2.0352563858032227,0.04984822908745092,,out_of_road
952,fresh,0,fresh,,,0,0,0,8,0,0,15.0,20.0,5.0,35.0,1,54,0.6766543388366699,0.03563723492401617,,out_of_road
953,fresh,0,fresh,,,0,1,1,18,0,1,10.0,5.0,15.0,55.0,0,1000,0.1325678676366806,0.007901110539212823,,max_step
954,fresh,0,fresh,,,0,0,0,1,1,0,5.0,5.0,5.0,55.0,0,336,2.1890528202056885,0.04625333114693474,,crash_vehicle
955,fresh,0,fresh,,,0,1,1,18,0,0,20.0,10.0,15.0,20.0,3,76,1.3345649242401123,0.1546713120892252,,crash_vehicle
956,fresh,0,fresh,,,0,0,0,12,0,1,10.0,10.0,15.0,20.0,3,184,4.654489040374756,0.1918890719458906,,crash_vehicle
957,fresh,0,fresh,,,0,1,1,18,0,0,15.0,40.0,5.0,35.0,1,58,0.8055340051651001,0.02556571223098656,,out_of_road
958,fresh,0,fresh,,,0,0,0,12,0,0,5.0,40.0,15.0,55.0,2,72,1.7809906005859375,0.03816314900500907,,crash_vehicle
959,fresh,0,fresh,,,0,1,1,0,0,0,10.0,10.0,10.0,35.0,0,97,2.2148358821868896,0.015314082778298977,,out_of_road
960,fresh,0,fresh,,,0,1,1,4,0,1,10.0,5.0,5.0,35.0,3,393,-0.006194591522216797,0.02697423314225431,,crash_vehicle
961,fresh,0,fresh,,,0,1,0,3,0,0,5.0,40.0,5.0,35.0,1,209,9.676865577697754,0.22203273036512747,,out_of_road
962,fresh,0,fresh,,,0,1,1,2,1,0,20.0,40.0,10.0,55.0,1,89,2.5869178771972656,0.06508410119273689,,crash_vehicle
963,fresh,0,fresh,,,0,1,1,3,1,0,20.0,20.0,10.0,35.0,0,72,1.7226662635803223,0.07408846764721805,,crash_vehicle
964,fresh,0,fresh,,,0,0,0,8,1,0,10.0,10.0,5.0,20.0,0,1000,0.5610774755477905,0.020237538714296534,,max_step
965,fresh,0,fresh,,,0,0,0,0,1,0,10.0,10.0,5.0,20.0,0,82,1.7801052331924438,0.11934527872902591,,crash_vehicle
966,fresh,0,fresh,,,0,0,0,0,0,0,20.0,5.0,5.0,35.0,0,2,0.48533469438552856,0.0,,arrive_dest
967,fresh,0,fresh,,,0,0,0,3,0,0,15.0,20.0,10.0,20.0,2,170,5.162055015563965,0.18205629151095362,,out_of_road
968,fresh,0,fresh,,,0,1,1,12,0,0,10.0,5.0,5.0,35.0,2,1000,0.5568410158157349,0.01915674990043044,,max_step
969,fresh,0,fresh,,,0,1,1,12,1,0,5.0,10.0,15.0,20.0,2,394,12.363840103149414,0.23997306748090055,,out_of_road
970,fresh,0,fresh,,,0,0,0,12,0,1,5.0,40.0,15.0,10.0,3,89,2.218635082244873,0.03607645691529419,,crash_vehicle
971,fresh,0,fresh,,,0,1,1,4,1,0,10.0,40.0,15.0,55.0,1,108,3.103914499282837,0.07203193738435705,,crash_vehicle
972,fresh,0,fresh,,,0,1,0,4,1,1,5.0,40.0,10.0,55.0,3,52,0.7706378698348999,0.029337838292121887,,out_of_road
973,fresh,0,fresh,,,0,1,0,18,0,0,15.0,10.0,10.0,20.0,1,1000,3.7166683673858643,0.043431333883665504,,max_step
974,fresh,0,fresh,,,0,1,0,2,1,1,20.0,20.0,15.0,35.0,0,98,2.3067452907562256,0.02733634564341331,,out_of_road
975,fresh,0,fresh,,,0,0,0,0,0,0,10.0,10.0,10.0,55.0,0,121,3.4923017024993896,0.07435056581046463,,out_of_road
976,fresh,0,fresh,,,0,0,0,18,0,0,5.0,5.0,15.0,55.0,0,1000,0.8896629214286804,0.01672731258813292,,max_step
977,fresh,0,fresh,,,0,0,0,0,1,0,5.0,10.0,5.0,55.0,0,80,2.1186680793762207,0.04620259905932471,,out_of_road
978,fresh,0,fresh,,,0,1,0,2,1,1,20.0,20.0,5.0,35.0,2,93,2.7923357486724854,0.08152083378104914,,crash_vehicle
979,fresh,0,fresh,,,0,0,0,1,1,1,15.0,5.0,15.0,35.0,1,275,11.303091049194336,0.2922840033302253,,out_of_road
980,fresh,0,fresh,,,0,1,1,18,0,0,10.0,20.0,5.0,55.0,1,1000,2.7345995903015137,0.02503044953290373,,max_step
981,fresh,0,fresh,,,0,0,0,5,0,0,5.0,40.0,15.0,10.0,0,68,1.6924134492874146,0.035834688604261505,,crash_vehicle
982,fresh,0,fresh,,,0,1,1,4,0,1,5.0,10.0,10.0,20.0,0,1000,0.49779197573661804,0.0,,max_step
983,fresh,0,fresh,,,0,1,0,12,1,1,20.0,20.0,15.0,35.0,3,273,0.8259863257408142,0.005668855603142973,,crash_vehicle
984,fresh,0,fresh,,,0,0,0,3,0,0,10.0,20.0,5.0,55.0,1,61,1.5084948539733887,0.06521190504436611,,crash_vehicle
985,fresh,0,fresh,,,0,0,0,3,0,1,20.0,10.0,5.0,10.0,3,219,9.368749618530273,0.1873533154442294,,out_of_road
986,fresh,0,fresh,,,0,1,0,3,0,1,10.0,40.0,15.0,55.0,0,48,0.8231545686721802,0.008869214604298273,,out_of_road
987,fresh,0,fresh,,,0,0,0,3,1,0,20.0,20.0,10.0,35.0,3,50,0.8086071014404297,0.01982103206217289,,out_of_road
988,fresh,0,fresh,,,0,0,0,0,0,0,20.0,20.0,10.0,20.0,0,141,5.371316909790039,0.20223270245689026,,out_of_road
989,fresh,0,fresh,,,0,0,0,3,0,0,5.0,40.0,15.0,10.0,3,92,2.5274479389190674,0.028006890788674355,,out_of_road
990,fresh,0,fresh,,,0,1,0,4,0,0,15.0,10.0,15.0,10.0,2,46,0.5709854364395142,0.009351497111113174,,crash_vehicle
991,fresh,0,fresh,,,0,0,0,2,0,0,10.0,10.0,10.0,35.0,2,91,2.252067804336548,0.015104946199354234,,out_of_road
992,fresh,0,fresh,,,0,1,1,2,0,1,10.0,10.0,10.0,20.0,1,47,0.5781478881835938,0.0005402159381737101,,crash_vehicle
993,fresh,0,fresh,,,0,0,0,0,0,0,5.0,10.0,15.0,10.0,0,112,3.2496514320373535,0.04626325251800673,,out_of_road
994,fresh,0,fresh,,,0,0,0,4,0,1,5.0,20.0,5.0,55.0,3,62,1.4866180419921875,0.06525549453292642,,crash_vehicle
995,fresh,0,fresh,,,0,0,0,18,1,0,15.0,40.0,5.0,55.0,1,1000,4.626572608947754,0.03766068695299327,,max_step
996,fresh,0,fresh,,,0,1,1,3,1,1,5.0,20.0,5.0,35.0,3,1000,1.9330248832702637,0.06730724664463196,,max_step
997,fresh,0,fresh,,,0,1,1,1,0,0,5.0,20.0,15.0,10.0,0,1000,1.2662266492843628,0.013767950296401977,,max_step
998,fresh,0,fresh,,,0,1,1,12,0,0,15.0,10.0,5.0,20.0,3,224,5.094387054443359,0.21928140040628413,,out_of_road
999,fresh,0,fresh,,,0,0,0,2,1,1,5.0,10.0,10.0,20.0,0,1000,0.5210045576095581,0.0017953111939132214,,max_step
1000,fresh,0,fresh,,,0,1,1,0,1,0,10.0,10.0,10.0,55.0,0,125,4.249046325683594,0.07641327634453773,,crash_vehicle
1001,fresh,0,fresh,,,0,0,0,8,0,0,5.0,20.0,10.0,35.0,3,54,0.9626469016075134,0.0007709075386325518,,crash_vehicle
1002,fresh,0,fresh,,,0,0,0,18,0,1,10.0,20.0,15.0,20.0,0,56,1.0734347105026245,0.010706788727215357,,crash_vehicle
1003,fresh,0,fresh,,,0,0,0,12,1,1,10.0,10.0,10.0,20.0,3,87,0.6991499066352844,0.03533530863130401,,crash_vehicle
1004,fresh,0,fresh,,,0,0,0,18,1,0,10.0,5.0,10.0,20.0,1,229,2.1796746253967285,0.12907101513256672,,out_of_road
1005,fresh,0,fresh,,,0,0,0,5,1,0,15.0,40.0,10.0,55.0,1,49,0.6977793574333191,0.006349974996125211,,out_of_road
1006,fresh,0,fresh,,,0,0,0,4,0,1,20.0,5.0,5.0,35.0,2,1000,0.09885799884796143,0.00012330437730997802,,max_step
1007,fresh,0,fresh,,,0,0,0,18,1,1,20.0,40.0,10.0,55.0,2,75,1.7275950908660889,0.021562240918477377,,crash_vehicle
1008,fresh,0,fresh,,,0,1,1,1,0,1,10.0,10.0,10.0,20.0,0,94,1.9188350439071655,0.1333216566275409,,crash_vehicle
1009,fresh,0,fresh,,,0,1,0,2,0,1,15.0,20.0,10.0,10.0,2,147,4.856619358062744,0.09747641214619385,,out_of_road
1010,fresh,0,fresh,,,0,1,0,8,0,1,10.0,20.0,15.0,35.0,0,60,1.2003029584884644,0.024676360096782445,,crash_vehicle
1011,fresh,0,fresh,,,0,0,0,2,0,1,10.0,10.0,10.0,35.0,0,1000,1.2100868225097656,0.0044909592811018225,,max_step
1012,fresh,0,fresh,,,0,1,0,18,1,1,20.0,10.0,10.0,55.0,0,1000,2.003507614135742,0.021285026906058192,,max_step
1013,fresh,0,fresh,,,0,0,0,8,1,0,5.0,20.0,15.0,35.0,1,1000,0.9246581792831421,0.02620401592925191,,max_step
1014,fresh,0,fresh,,,0,1,1,12,1,0,15.0,10.0,15.0,35.0,0,1000,0.6363280415534973,0.0036621016189455984,,max_step
1015,fresh,0,fresh,,,0,0,0,0,0,0,20.0,5.0,5.0,35.0,0,107,2.742124080657959,0.05637077908858518,,out_of_road
1016,fresh,0,fresh,,,0,0,0,12,1,1,10.0,40.0,15.0,55.0,0,86,2.422530174255371,0.04328834736546458,,crash_vehicle
1017,fresh,0,fresh,,,0,0,0,18,0,1,15.0,40.0,10.0,35.0,3,88,0.7568947672843933,0.05488430996510116,,out_of_road
1018,fresh,0,fresh,,,0,1,1,5,1,1,15.0,10.0,10.0,55.0,1,1000,0.963184118270874,0.004574405606836081,,max_step
1019,fresh,0,fresh,,,0,0,0,3,1,1,20.0,20.0,5.0,35.0,3,96,2.839803695678711,0.15681653341744095,,crash_vehicle
1020,fresh,0,fresh,,,0,0,0,0,0,0,10.0,5.0,15.0,55.0,0,205,10.196527481079102,0.35713478475354793,,out_of_road
1021,fresh,0,fresh,,,0,1,1,1,0,1,10.0,40.0,5.0,10.0,0,72,1.7590367794036865,0.020637945233223338,,crash_vehicle
1022,fresh,0,fresh,,,0,1,1,8,0,0,10.0,40.0,15.0,20.0,2,106,1.5212199687957764,0.05844538651828496,,out_of_road
1023,fresh,0,fresh,,,0,0,0,12,0,1,10.0,10.0,10.0,55.0,1,1000,0.6206517219543457,0.009487208670936526,,max_step
1024,fresh,0,fresh,,,0,0,0,18,1,1,5.0,20.0,5.0,35.0,0,1000,0.9557808041572571,0.012648368141613901,,max_step
1025,fresh,0,fresh,,,0,1,1,5,1,0,10.0,40.0,5.0,55.0,3,85,2.2797346115112305,0.04962381630697671,,crash_vehicle
1026,fresh,0,fresh,,,0,1,1,12,0,0,20.0,10.0,5.0,10.0,2,156,3.0465123653411865,0.14847065803284445,,out_of_road
1027,fresh,0,fresh,,,0,1,0,0,0,0,10.0,5.0,5.0,10.0,0,74,1.5649107694625854,0.02351144338781769,,out_of_road
1028,fresh,0,fresh,,,0,1,1,2,0,1,20.0,5.0,10.0,10.0,1,158,3.401076316833496,0.2060767696062221,,out_of_road
1029,fresh,0,fresh,,,0,0,0,2,0,0,20.0,5.0,5.0,20.0,2,50,0.12578356266021729,0.005337775498628616,,out_of_road
1030,fresh,0,fresh,,,0,0,0,12,1,1,10.0,10.0,10.0,55.0,2,2,0.49076876044273376,0.0,,arrive_dest
1031,fresh,0,fresh,,,0,0,0,3,1,1,15.0,10.0,15.0,35.0,1,48,0.7930047512054443,2.397035132162273e-05,,crash_vehicle
1032,fresh,0,fresh,,,0,0,0,2,0,1,5.0,5.0,15.0,35.0,2,80,1.8649637699127197,0.0310467800591141,,out_of_road
1033,fresh,0,fresh,,,0,0,0,5,1,0,20.0,40.0,15.0,55.0,0,216,9.898716926574707,0.24270126835822506,,out_of_road
1034,fresh,0,fresh,,,0,0,0,8,1,1,5.0,20.0,15.0,35.0,2,55,0.8949292302131653,0.016498882323503494,,crash_vehicle
1035,fresh,0,fresh,,,0,1,1,5,0,1,20.0,10.0,5.0,20.0,3,43,-0.15745078027248383,0.0,,crash_vehicle
1036,fresh,0,fresh,,,0,0,0,5,1,0,20.0,40.0,5.0,55.0,2,91,2.6949098110198975,0.0915790973640569,,crash_vehicle
1037,fresh,0,fresh,,,0,0,0,18,0,0,5.0,10.0,5.0,35.0,1,1000,-0.0003685911651700735,6.805900484323502e-07,,max_step
1038,fresh,0,fresh,,,0,1,0,8,1,0,10.0,5.0,5.0,55.0,2,286,10.092751502990723,0.30501145904011034,,out_of_road
1039,fresh,0,fresh,,,0,0,0,1,0,1,20.0,20.0,10.0,55.0,1,248,13.567338943481445,0.4289558610668586,,out_of_road
1040,fresh,0,fresh,,,0,1,1,5,1,0,10.0,20.0,15.0,35.0,1,284,1.6100983619689941,0.05602488028046242,,crash_vehicle
1041,fresh,0,fresh,,,0,0,0,0,1,0,5.0,10.0,5.0,10.0,0,50,0.36522376537323,0.020933044701814653,,out_of_road
1042,fresh,0,fresh,,,0,0,0,4,1,1,20.0,20.0,5.0,55.0,3,1000,2.5142266750335693,0.018014179134275766,,max_step
1043,fresh,0,fresh,,,0,1,1,3,0,1,15.0,20.0,15.0,55.0,3,76,1.6340543031692505,0.03605691213650923,,out_of_road
1044,fresh,0,fresh,,,0,0,0,12,0,1,20.0,20.0,10.0,55.0,0,102,2.328901529312134,0.037411962946256004,,out_of_road
1045,fresh,0,fresh,,,0,0,0,5,1,1,10.0,20.0,10.0,35.0,3,41,0.48225271701812744,0.0,,crash_vehicle
1046,fresh,0,fresh,,,0,0,0,3,1,0,15.0,5.0,15.0,35.0,1,1000,0.7400778532028198,0.008053380148136056,,max_step
1047,fresh,0,fresh,,,0,1,0,5,1,1,20.0,40.0,10.0,55.0,0,100,2.8316426277160645,0.10429303117096424,,out_of_road
1048,fresh,0,fresh,,,0,0,0,1,0,0,15.0,5.0,5.0,20.0,1,100,1.9136853218078613,0.12971282047219573,,out_of_road
1049,fresh,0,fresh,,,0,1,0,1,1,1,10.0,40.0,5.0,55.0,0,87,2.6660044193267822,0.06948448893153804,,crash_vehicle
1050,fresh,0,fresh,,,0,1,1,5,0,0,15.0,40.0,5.0,10.0,2,90,2.385866165161133,0.0385074177549945,,out_of_road
1051,fresh,0,fresh,,,0,1,0,12,1,0,5.0,10.0,5.0,20.0,0,899,0.5601430535316467,0.021345011764584115,,crash_vehicle
1052,fresh,0,fresh,,,0,0,0,1,0,1,20.0,10.0,10.0,10.0,1,93,2.51971697807312,0.025155151673462443,,out_of_road
1053,fresh,0,fresh,,,0,1,1,4,0,1,10.0,10.0,5.0,20.0,1,35,0.2923939824104309,0.0,,crash_vehicle
1054,fresh,0,fresh,,,0,0,0,8,0,0,15.0,20.0,5.0,10.0,2,21,-0.24731577932834625,0.002565054666428339,,out_of_road
1055,fresh,0,fresh,,,0,1,1,8,0,0,5.0,40.0,10.0,35.0,0,1000,2.1120073795318604,0.002248416101094335,,max_step
1056,fresh,0,fresh,,,0,0,0,18,1,0,15.0,40.0,10.0,55.0,0,145,5.161769390106201,0.07085219755254943,,out_of_road
1057,fresh,0,fresh,,,0,1,0,18,0,1,5.0,40.0,5.0,20.0,3,68,1.5008465051651,0.03407677306848414,,crash_vehicle
1058,fresh,0,fresh,,,0,0,0,1,1,1,20.0,5.0,15.0,55.0,1,173,7.061509609222412,0.1537017071824198,,out_of_road
1059,fresh,0,fresh,,,0,0,0,4,1,0,5.0,5.0,10.0,35.0,3,1000,0.21874116361141205,0.0035848220535553994,,max_step
1060,fresh,0,fresh,,,0,1,1,2,0,1,5.0,10.0,5.0,35.0,1,381,12.404877662658691,0.2671688077898007,,out_of_road
1061,fresh,0,fresh,,,0,0,0,2,0,1,20.0,5.0,15.0,20.0,1,252,7.619804382324219,0.23443031636628484,,out_of_road
1062,fresh,0,fresh,,,0,0,0,12,0,0,15.0,10.0,5.0,35.0,3,32,0.09952759742736816,0.0,,crash_vehicle
1063,fresh,0,fresh,,,0,1,0,2,0,0,20.0,5.0,10.0,35.0,1,1000,0.16552220284938812,0.0003100798504892737,,max_step
1064,fresh,0,fresh,,,0,1,0,12,1,1,20.0,40.0,5.0,55.0,2,696,1.3012378215789795,0.018985579718953406,,crash_vehicle
1065,fresh,0,fresh,,,0,0,0,5,1,0,5.0,20.0,5.0,55.0,2,49,0.8554721474647522,0.015838880281971425,,crash_vehicle
1066,fresh,0,fresh,,,0,0,0,18,1,0,5.0,5.0,5.0,20.0,0,66,0.736994743347168,0.04373279253415989,,crash_vehicle
1067,fresh,0,fresh,,,0,0,0,5,0,1,10.0,20.0,5.0,55.0,3,47,0.6597870588302612,0.030585508397284973,,crash_vehicle
1068,fresh,0,fresh,,,0,1,0,2,1,0,20.0,5.0,5.0,20.0,0,113,1.630352258682251,0.11934643434937549,,crash_vehicle
1069,fresh,0,fresh,,,0,0,0,4,0,0,10.0,5.0,10.0,35.0,1,1000,0.17508073151111603,2.3638139478862284e-05,,max_step
1070,fresh,0,fresh,,,0,0,0,8,0,0,20.0,5.0,10.0,55.0,0,1000,0.10862863808870316,0.005588089056022,,max_step
1071,fresh,0,fresh,,,0,0,0,18,1,0,15.0,20.0,10.0,55.0,1,270,6.824627876281738,0.28589777411651557,,crash_vehicle
1072,fresh,0,fresh,,,0,1,1,18,0,1,5.0,40.0,5.0,10.0,2,66,1.4761594533920288,0.05430982335978611,,crash_vehicle
1073,fresh,0,fresh,,,0,1,0,4,0,1,15.0,40.0,15.0,20.0,2,210,9.526254653930664,0.22487078827938864,,out_of_road
1074,fresh,0,fresh,,,0,1,0,8,0,1,10.0,40.0,10.0,10.0,2,66,1.5380257368087769,0.05871714192978812,,crash_vehicle
1075,fresh,0,fresh,,,0,1,0,5,0,0,10.0,10.0,10.0,35.0,1,1000,4.437235355377197,0.05716734492406249,,max_step
1076,fresh,0,fresh,,,0,0,0,1,0,0,15.0,10.0,10.0,55.0,0,1000,0.5127885937690735,0.002193648222833872,,max_step
1077,fresh,0,fresh,,,0,0,0,4,0,1,5.0,10.0,15.0,35.0,2,54,0.6665560007095337,0.02642338636710688,,crash_vehicle
1078,fresh,0,fresh,,,0,0,0,18,1,1,10.0,20.0,10.0,55.0,2,219,10.470773696899414,0.22615231432394894,,crash_vehicle
1079,fresh,0,fresh,,,0,1,1,8,1,1,10.0,10.0,5.0,35.0,2,245,9.939659118652344,0.23707016838752493,,out_of_road
1080,fresh,0,fresh,,,0,1,1,8,1,0,5.0,20.0,15.0,35.0,3,47,0.7490166425704956,0.014619941407061637,,crash_vehicle
1081,fresh,0,fresh,,,0,0,0,0,1,0,20.0,20.0,5.0,10.0,0,1000,0.626198947429657,0.0001567423448432237,,max_step
1082,fresh,0,fresh,,,0,0,0,12,0,1,20.0,10.0,10.0,20.0,2,1000,0.524603545665741,0.00871612991305301,,max_step
1083,fresh,0,fresh,,,0,0,0,12,0,0,20.0,10.0,5.0,35.0,2,185,3.491514205932617,0.27430135486899193,,out_of_road
1084,fresh,0,fresh,,,0,0,0,5,0,0,5.0,20.0,5.0,35.0,2,55,0.7202523946762085,0.025534541295333342,,crash_vehicle
1085,fresh,0,fresh,,,0,0,0,1,0,1,20.0,20.0,15.0,55.0,0,283,13.763484001159668,0.6872027589027957,,arrive_dest
1086,fresh,0,fresh,,,0,0,0,5,1,1,10.0,5.0,15.0,20.0,2,303,2.738537311553955,0.060773141543832745,,crash_vehicle
1087,fresh,0,fresh,,,0,0,0,4,1,0,15.0,10.0,5.0,20.0,2,19,-0.23435497283935547,0.007331240334008869,,out_of_road
1088,fresh,0,fresh,,,0,0,0,5,1,1,15.0,40.0,5.0,55.0,1,69,1.4413084983825684,0.07259486939596094,,crash_vehicle
1089,fresh,0,fresh,,,0,1,0,3,0,1,10.0,40.0,15.0,35.0,2,96,2.898038864135742,0.1392437967394168,,crash_vehicle
1090,fresh,0,fresh,,,0,0,0,12,0,0,5.0,10.0,5.0,10.0,0,318,3.8924736976623535,0.0885443367889889,,crash_vehicle
1091,fresh,0,fresh,,,0,1,1,4,1,1,5.0,10.0,10.0,20.0,3,1000,0.48731347918510437,0.0004462751004612073,,max_step
1092,fresh,0,fresh,,,0,1,0,3,1,0,15.0,20.0,15.0,35.0,1,73,2.0155913829803467,0.17117808940373871,,crash_vehicle
1093,fresh,0,fresh,,,0,1,0,12,0,0,15.0,20.0,10.0,10.0,3,68,1.2345802783966064,0.06769630291006144,,crash_vehicle
1094,fresh,0,fresh,,,0,1,0,12,1,0,15.0,10.0,10.0,35.0,0,44,-0.19455979764461517,0.002709903838959607,,crash_vehicle
1095,fresh,0,fresh,,,0,0,0,3,0,0,20.0,10.0,15.0,10.0,2,21,-0.2636246681213379,0.04874320257277716,,out_of_road
1096,fresh,0,fresh,,,0,1,1,5,1,1,5.0,5.0,5.0,55.0,1,1000,0.3947647213935852,0.003120356638566591,,max_step
1097,fresh,0,fresh,,,0,0,0,0,1,0,15.0,20.0,10.0,55.0,0,171,6.841132164001465,0.15552409231793463,,out_of_road
1098,fresh,0,fresh,,,0,1,1,18,0,1,15.0,20.0,15.0,10.0,3,269,10.156754493713379,0.27963764437900157,,out_of_road
1099,fresh,0,fresh,,,0,0,0,4,1,0,10.0,20.0,5.0,35.0,2,159,5.035233497619629,0.09207576570692677,,out_of_road
1100,fresh,0,fresh,,,0,1,1,1,0,1,15.0,20.0,10.0,10.0,0,53,0.7391445636749268,0.048434534092556755,,out_of_road
1101,fresh,0,fresh,,,0,0,0,1,0,0,20.0,40.0,5.0,55.0,1,103,2.915931224822998,0.14406635559805966,,out_of_road
1102,fresh,0,fresh,,,0,1,0,3,0,1,15.0,20.0,15.0,20.0,2,54,1.0282843112945557,0.030853005626273376,,crash_vehicle
1103,fresh,0,fresh,,,0,1,0,5,1,1,5.0,20.0,5.0,55.0,0,749,0.48720788955688477,0.01589592689894157,,out_of_road
1104,fresh,0,fresh,,,0,1,0,3,1,0,5.0,20.0,10.0,35.0,1,56,1.0930730104446411,0.02424624825029501,,crash_vehicle
1105,fresh,0,fresh,,,0,0,0,8,1,0,10.0,20.0,10.0,55.0,1,57,0.2530917823314667,0.04188294081311477,,crash_vehicle
1106,fresh,0,fresh,,,0,0,0,18,1,1,10.0,20.0,15.0,35.0,2,74,1.8749769926071167,0.11503282238452418,,crash_vehicle
1107,fresh,0,fresh,,,0,0,0,0,0,0,10.0,5.0,5.0,55.0,0,113,3.209754228591919,0.11253315770784311,,out_of_road
1108,fresh,0,fresh,,,0,0,0,4,1,0,5.0,40.0,10.0,55.0,2,298,9.631356239318848,0.21401573038478724,,out_of_road
1109,fresh,0,fresh,,,0,1,1,8,0,0,20.0,40.0,5.0,55.0,3,138,5.055586338043213,0.248821252282115,,out_of_road
1110,fresh,0,fresh,,,0,1,0,12,1,1,15.0,10.0,15.0,35.0,2,73,1.3699369430541992,0.11761714280774332,,crash_vehicle
1111,fresh,0,fresh,,,0,0,0,18,0,1,10.0,20.0,15.0,20.0,1,57,1.12119460105896,0.02423645091945665,,crash_vehicle
1112,fresh,0,fresh,,,0,0,0,4,0,0,5.0,5.0,15.0,55.0,0,204,3.4165594577789307,0.15914475593679384,,crash_vehicle
1113,fresh,0,fresh,,,0,1,0,0,1,0,5.0,20.0,15.0,55.0,0,118,4.166156768798828,0.11941574768052768,,crash_vehicle
1114,fresh,0,fresh,,,0,0,0,12,0,0,15.0,5.0,15.0,10.0,0,1000,0.9275169372558594,0.013571640847017988,,max_step
1115,fresh,0,fresh,,,0,0,0,18,0,1,20.0,10.0,5.0,20.0,3,35,0.26679450273513794,0.013916183369500297,,crash_vehicle
1116,fresh,0,fresh,,,0,0,0,12,1,0,15.0,20.0,10.0,35.0,0,73,1.7512602806091309,0.08363067374041636,,crash_vehicle
1117,fresh,0,fresh,,,0,0,0,5,0,0,20.0,5.0,5.0,10.0,3,157,3.92960524559021,0.2474813169924317,,crash_vehicle
1118,fresh,0,fresh,,,0,1,1,1,0,1,5.0,20.0,15.0,55.0,0,67,1.6227666139602661,0.059959235337020744,,crash_vehicle
1119,fresh,0,fresh,,,0,0,0,1,0,0,20.0,10.0,5.0,55.0,1,229,9.577030181884766,0.18163334501004375,,out_of_road
1120,fresh,0,fresh,,,0,1,0,8,0,1,20.0,20.0,5.0,55.0,0,1000,0.9500404000282288,0.007528192213736474,,max_step
1121,fresh,0,fresh,,,0,1,1,2,0,0,20.0,5.0,5.0,55.0,2,91,2.785888195037842,0.11776880944495673,,arrive_dest
1122,fresh,0,fresh,,,0,1,0,0,1,0,5.0,20.0,10.0,35.0,0,93,2.915895700454712,0.0750945656089693,,crash_vehicle
1123,fresh,0,fresh,,,0,1,0,4,0,0,15.0,20.0,10.0,10.0,2,40,1.3295693397521973,0.018939054303336887,,arrive_dest
1124,fresh,0,fresh,,,0,0,0,2,0,1,20.0,10.0,10.0,10.0,2,257,12.49216365814209,0.367314161566097,,out_of_road
1125,fresh,0,fresh,,,0,0,0,1,1,0,20.0,40.0,5.0,55.0,0,91,2.732531785964966,0.09373336676303502,,crash_vehicle
1126,fresh,0,fresh,,,0,1,1,4,1,1,20.0,5.0,10.0,55.0,3,273,6.498964786529541,0.19466444696453247,,out_of_road
1127,fresh,0,fresh,,,0,1,0,4,1,1,20.0,40.0,5.0,55.0,1,66,1.56103515625,0.04744390861103029,,crash_vehicle
1128,fresh,0,fresh,,,0,1,0,2,1,1,15.0,10.0,5.0,35.0,2,107,2.968358039855957,0.08215434041535744,,crash_vehicle
1129,fresh,0,fresh,,,0,1,1,1,0,0,5.0,40.0,10.0,20.0,1,222,9.298746109008789,0.14298535119070932,,out_of_road
1130,fresh,0,fresh,,,0,0,0,0,1,0,10.0,20.0,15.0,20.0,0,62,1.4126229286193848,0.041968498679418716,,crash_vehicle
1131,fresh,0,fresh,,,0,0,0,8,0,1,5.0,5.0,5.0,55.0,2,1000,0.3361360430717468,0.0066831636960851025,,max_step
1132,fresh,0,fresh,,,0,0,0,12,1,0,20.0,10.0,5.0,35.0,3,121,0.1551569402217865,0.1124254117204138,,crash_vehicle
1133,fresh,0,fresh,,,0,0,0,8,1,1,10.0,20.0,5.0,35.0,3,52,0.6797504425048828,0.009834168049005361,,crash_vehicle
1134,fresh,0,fresh,,,0,1,1,12,0,1,10.0,5.0,5.0,10.0,0,133,0.19654978811740875,0.003176729544941196,,crash_vehicle
1135,fresh,0,fresh,,,0,1,1,18,0,0,20.0,10.0,10.0,10.0,1,330,11.86728286743164,0.41887026810736366,,crash_vehicle
1136,fresh,0,fresh,,,0,1,1,4,1,1,5.0,10.0,10.0,35.0,0,275,0.7340877652168274,0.057329409232532436,,out_of_road
1137,fresh,0,fresh,,,0,0,0,12,0,0,5.0,20.0,5.0,55.0,3,50,0.88090980052948,0.021460948064923286,,crash_vehicle
1138,fresh,0,fresh,,,0,0,0,4,0,1,15.0,10.0,10.0,10.0,3,209,6.85495662689209,0.3188739276388616,,crash_vehicle
1139,fresh,0,fresh,,,0,0,0,2,0,1,20.0,20.0,5.0,55.0,0,185,7.841317176818848,0.1857855472663367,,out_of_road
1140,fresh,0,fresh,,,0,0,0,8,1,1,20.0,10.0,5.0,35.0,3,296,3.2078499794006348,0.09149282766707442,,out_of_road
1141,fresh,0,fresh,,,0,0,0,18,0,0,15.0,20.0,10.0,10.0,0,68,1.9114019870758057,0.08545911925680497,,crash_vehicle
1142,fresh,0,fresh,,,0,1,1,3,1,0,10.0,20.0,15.0,35.0,2,55,1.120760440826416,0.028258725425059146,,crash_vehicle
1143,fresh,0,fresh,,,0,0,0,5,1,0,20.0,10.0,5.0,20.0,2,161,2.6242265701293945,0.15399624558848254,,out_of_road
1144,fresh,0,fresh,,,0,1,1,2,0,0,10.0,5.0,15.0,55.0,1,1000,0.20173881947994232,0.003047242783010006,,max_step
1145,fresh,0,fresh,,,0,1,1,4,0,0,5.0,20.0,5.0,55.0,1,71,1.3007702827453613,0.017616914952514877,,crash_vehicle
1146,fresh,0,fresh,,,0,0,0,3,0,0,10.0,20.0,5.0,55.0,3,116,3.492086410522461,0.06057902132883539,,out_of_road
1147,fresh,0,fresh,,,0,0,0,5,1,1,20.0,5.0,5.0,55.0,2,1000,0.09304025769233704,0.003869364368292736,,max_step
1148,fresh,0,fresh,,,0,1,1,4,0,1,20.0,5.0,15.0,20.0,2,137,3.1600193977355957,0.19578995939045057,,crash_vehicle
1149,fresh,0,fresh,,,0,0,0,4,1,0,20.0,40.0,5.0,55.0,0,96,2.550210952758789,0.11376684991410002,,crash_vehicle
1150,fresh,0,fresh,,,0,1,0,18,0,0,15.0,5.0,15.0,10.0,0,442,0.08697435259819031,0.060236644183129615,,crash_vehicle
1151,fresh,0,fresh,,,0,1,1,0,0,0,20.0,5.0,10.0,10.0,0,48,0.8719284534454346,0.0274436108932908,,out_of_road
1152,fresh,0,fresh,,,0,0,0,3,1,0,20.0,40.0,5.0,55.0,2,92,2.6974823474884033,0.07600044060255522,,crash_vehicle
1153,fresh,0,fresh,,,0,1,1,1,0,0,15.0,40.0,10.0,55.0,1,224,9.437338829040527,0.17762307433960295,,out_of_road
1154,fresh,0,fresh,,,0,0,0,12,1,0,10.0,5.0,5.0,35.0,1,1000,0.3530314564704895,0.012117136359214783,,max_step
1155,fresh,0,fresh,,,0,1,1,3,0,1,15.0,20.0,5.0,35.0,1,56,0.4130374789237976,0.02097505597131593,,crash_vehicle
1156,fresh,0,fresh,,,0,1,0,5,1,1,10.0,10.0,10.0,20.0,2,1000,2.332320213317871,0.020194261623430066,,max_step
1157,fresh,0,fresh,,,0,1,1,12,0,0,5.0,5.0,10.0,10.0,1,319,6.744502067565918,0.15927852469359213,,crash_vehicle
1158,fresh,0,fresh,,,0,0,0,4,0,1,20.0,10.0,15.0,35.0,1,58,0.6037195920944214,0.05556872271900547,,out_of_road
1159,fresh,0,fresh,,,0,1,1,8,0,0,20.0,10.0,10.0,10.0,0,1000,0.855037271976471,0.009374906698008998,,max_step
1160,fresh,0,fresh,,,0,0,0,5,0,1,15.0,20.0,10.0,20.0,3,1000,0.8763006925582886,0.011902399432845413,,max_step
1161,fresh,0,fresh,,,0,1,1,3,0,0,20.0,40.0,5.0,10.0,1,82,2.125197410583496,0.07964091150589832,,out_of_road
1162,fresh,0,fresh,,,0,0,0,2,0,0,5.0,5.0,5.0,20.0,1,1000,4.177640438079834,0.008582078446052037,,max_step
1163,fresh,0,fresh,,,0,0,0,2,0,0,15.0,20.0,15.0,10.0,2,93,2.1744771003723145,0.18198807853003662,,out_of_road
1164,fresh,0,fresh,,,0,0,0,1,1,1,20.0,10.0,15.0,20.0,1,63,1.5255632400512695,0.03507993601646925,,crash_vehicle
1165,fresh,0,fresh,,,0,1,0,5,0,1,10.0,5.0,5.0,20.0,0,1000,0.3463795483112335,0.0003106959080323577,,max_step
1166,fresh,0,fresh,,,0,0,0,5,0,1,20.0,5.0,15.0,20.0,1,173,4.345406532287598,0.2882184656606072,,crash_vehicle
1167,fresh,0,fresh,,,0,0,0,4,0,0,15.0,10.0,5.0,10.0,3,130,2.2520365715026855,0.1443866574133818,,out_of_road
1168,fresh,0,fresh,,,0,0,0,3,0,1,10.0,40.0,15.0,10.0,2,233,4.0727996826171875,0.10791727681064682,,out_of_road
1169,fresh,0,fresh,,,0,1,0,8,0,0,15.0,40.0,15.0,55.0,0,210,9.758359909057617,0.25047513765415974,,out_of_road
1170,fresh,0,fresh,,,0,1,1,8,0,1,5.0,20.0,10.0,20.0,0,44,0.710981547832489,0.028991117057475178,,crash_vehicle
1171,fresh,0,fresh,,,0,1,0,12,1,0,20.0,20.0,5.0,35.0,2,55,0.7878154516220093,0.018098946118896658,,out_of_road
1172,fresh,0,fresh,,,0,1,1,1,1,1,5.0,10.0,15.0,20.0,1,64,1.4640321731567383,0.04876399716522428,,crash_vehicle
1173,fresh,0,fresh,,,0,0,0,2,1,1,5.0,5.0,15.0,55.0,2,73,1.6798712015151978,0.022858289925202932,,out_of_road
1174,fresh,0,fresh,,,0,1,1,3,1,0,10.0,20.0,5.0,35.0,3,91,2.8786401748657227,0.10024870944639239,,crash_vehicle
1175,fresh,0,fresh,,,0,1,1,1,0,1,10.0,5.0,5.0,35.0,1,202,9.946311950683594,0.3296039024054414,,out_of_road
1176,fresh,0,fresh,,,0,1,1,3,0,1,5.0,5.0,10.0,55.0,0,1000,0.52750164270401,0.001608814874663949,,max_step
1177,fresh,0,fresh,,,0,1,0,5,0,1,20.0,5.0,10.0,10.0,1,1000,0.789812445640564,3.4779727458953854e-05,,max_step
1178,fresh,0,fresh,,,0,1,0,12,0,0,20.0,10.0,10.0,35.0,1,1000,2.6280534267425537,0.03506557302549482,,max_step
1179,fresh,0,fresh,,,0,0,0,3,0,1,20.0,20.0,15.0,10.0,0,237,4.907899856567383,0.1871353740359849,,crash_vehicle
1180,fresh,0,fresh,,,0,1,0,8,1,0,5.0,10.0,5.0,20.0,3,264,5.275607585906982,0.1667606534690342,,arrive_dest
1181,fresh,0,fresh,,,0,1,0,0,1,0,10.0,40.0,10.0,35.0,0,98,2.9608347415924072,0.13264612566527664,,crash_vehicle
1182,fresh,0,fresh,,,0,1,1,12,0,0,10.0,10.0,5.0,10.0,1,41,0.44729501008987427,0.013064780249828246,,crash_vehicle
1183,fresh,0,fresh,,,0,1,1,3,1,0,15.0,40.0,10.0,55.0,3,35,1.0566874742507935,0.045093704972948345,,arrive_dest
1184,fresh,0,fresh,,,0,1,1,5,1,0,5.0,10.0,15.0,20.0,3,1000,0.48781919479370117,5.808686465024948e-05,,max_step
1185,fresh,0,fresh,,,0,0,0,0,0,0,10.0,5.0,5.0,20.0,0,269,13.040664672851562,0.36782866929654295,rejection_fallback,out_of_road
1186,fresh,0,fresh,,,0,1,1,3,1,1,5.0,20.0,15.0,55.0,1,62,1.2168906927108765,0.05092950911831952,,crash_vehicle
1187,fresh,0,fresh,,,0,0,0,2,1,1,20.0,40.0,10.0,55.0,2,136,4.071127414703369,0.16340934564633405,,crash_vehicle
1188,fresh,0,fresh,,,0,0,0,1,0,0,5.0,20.0,15.0,10.0,0,78,1.6763265132904053,0.08711963143342963,,out_of_road
1189,fresh,0,fresh,,,0,1,0,4,1,0,15.0,20.0,15.0,55.0,0,208,7.425758361816406,0.11629128964313377,,out_of_road
1190,fresh,0,fresh,,,0,1,1,4,1,1,20.0,5.0,15.0,20.0,3,987,-0.07764732837677002,0.002304154894528901,,crash_vehicle
1191,fresh,0,fresh,,,0,1,0,1,1,1,20.0,5.0,15.0,20.0,1,83,1.8825995922088623,0.06289015855101576,,crash_vehicle
1192,fresh,0,fresh,,,0,1,0,2,1,0,15.0,10.0,15.0,35.0,0,1000,3.652393341064453,0.004830458407755941,,max_step
1193,fresh,0,fresh,,,0,1,0,5,0,0,10.0,10.0,15.0,10.0,3,1000,3.9307756423950195,0.04225989409908652,,max_step
1194,fresh,0,fresh,,,0,0,0,8,1,1,20.0,40.0,5.0,55.0,0,72,1.5107523202896118,0.02067173199935092,,crash_vehicle
1195,fresh,0,fresh,,,0,0,0,8,1,1,10.0,40.0,5.0,55.0,0,1000,1.6957368850708008,0.010496796048246325,,max_step
1196,fresh,0,fresh,,,0,0,0,3,1,0,5.0,10.0,5.0,35.0,2,47,0.5140076875686646,0.00943220723816689,,crash_vehicle
1197,fresh,0,fresh,,,0,0,0,2,0,0,20.0,5.0,10.0,35.0,1,243,5.677063941955566,0.21779877136350292,,crash_vehicle
1198,fresh,0,fresh,,,0,1,1,8,1,0,15.0,10.0,5.0,35.0,3,66,0.5066505074501038,0.03665679353148197,,crash_vehicle
1199,fresh,0,fresh,,,0,0,0,1,1,0,15.0,5.0,10.0,20.0,0,1000,1.139394760131836,0.002519966594874859,,max_step
1200,fresh,0,fresh,,,0,1,1,1,1,1,20.0,40.0,10.0,55.0,0,83,2.6277220249176025,0.05383086211261261,,crash_vehicle
1201,fresh,0,fresh,,,0,1,1,18,1,1,10.0,10.0,15.0,55.0,1,111,2.1522021293640137,0.1517400455971559,,crash_vehicle
1202,fresh,0,fresh,,,0,1,1,1,0,1,20.0,40.0,5.0,20.0,1,79,1.6956236362457275,0.06393870907022228,,out_of_road
1203,fresh,0,fresh,,,0,0,0,5,0,0,10.0,40.0,15.0,35.0,1,229,6.107531547546387,0.2079414335042889,,crash_vehicle
1204,fresh,0,fresh,,,0,0,0,2,0,0,5.0,5.0,15.0,10.0,2,84,1.9666686058044434,0.013466141364049344,,out_of_road
1205,fresh,0,fresh,,,0,0,0,0,1,0,15.0,40.0,15.0,35.0,0,50,0.7744598388671875,0.03041383668780327,,out_of_road
1206,fresh,0,fresh,,,0,1,1,1,0,1,10.0,10.0,15.0,10.0,1,78,1.6901205778121948,0.025315920679041974,,out_of_road
1207,fresh,0,fresh,,,0,0,0,12,0,0,5.0,10.0,5.0,20.0,0,350,0.33468884229660034,0.004424661291164479,,crash_vehicle
1208,fresh,0,fresh,,,0,0,0,12,1,0,5.0,10.0,10.0,35.0,3,266,1.818831205368042,0.11207030859208644,,crash_vehicle
1209,fresh,0,fresh,,,0,1,0,2,1,0,20.0,5.0,10.0,20.0,2,69,1.5921874046325684,0.04762710439230221,,crash_vehicle
1210,fresh,0,fresh,,,0,1,0,3,1,0,5.0,40.0,5.0,55.0,0,158,2.5680153369903564,0.13013180085941206,,out_of_road
1211,fresh,0,fresh,,,0,0,0,5,0,1,15.0,40.0,15.0,55.0,0,92,2.650913715362549,0.07438148991407259,,crash_vehicle
1212,fresh,0,fresh,,,0,0,0,2,0,1,20.0,20.0,5.0,55.0,0,1000,1.5289679765701294,0.008813748211599887,,max_step
1213,fresh,0,fresh,,,0,1,1,0,1,0,10.0,20.0,15.0,55.0,0,48,0.7507405281066895,0.0170179021176106,,out_of_road
1214,fresh,0,fresh,,,0,1,0,0,0,0,5.0,10.0,15.0,35.0,0,51,0.8035447597503662,0.014864226784922328,,out_of_road
1215,fresh,0,fresh,,,0,1,0,3,0,0,15.0,10.0,10.0,35.0,0,1000,0.7367504835128784,0.009518742797896267,,max_step
1216,fresh,0,fresh,,,0,0,0,5,1,0,5.0,20.0,5.0,35.0,0,58,0.999869167804718,0.039127690267973934,,crash_vehicle
1217,fresh,0,fresh,,,0,0,0,8,0,1,5.0,10.0,5.0,55.0,2,35,0.23252300918102264,0.0,,crash_vehicle
1218,fresh,0,fresh,,,0,0,0,5,1,0,5.0,20.0,15.0,35.0,2,194,8.135457038879395,0.2816627365873032,,out_of_road
1219,fresh,0,fresh,,,0,1,0,18,0,0,20.0,5.0,10.0,10.0,2,181,2.4945313930511475,0.14078910775400327,,out_of_road
1220,fresh,0,fresh,,,0,1,1,4,1,0,10.0,10.0,5.0,35.0,0,1000,0.6434566378593445,0.006475134160369635,,max_step
1221,fresh,0,fresh,,,0,0,0,3,0,0,20.0,20.0,5.0,10.0,3,277,9.943716049194336,0.21900949796866828,,out_of_road
1222,fresh,0,fresh,,,0,1,1,18,0,1,20.0,5.0,15.0,20.0,1,170,-0.02898082137107849,0.01970428711570361,,crash_vehicle
1223,fresh,0,fresh,,,0,1,0,18,0,1,5.0,40.0,10.0,10.0,3,67,1.4599204063415527,0.027347948124159627,,crash_vehicle
1224,fresh,0,fresh,,,0,1,1,0,1,0,10.0,20.0,5.0,10.0,0,1000,0.4336383640766144,0.0002747039869427681,,max_step
1225,fresh,0,fresh,,,0,1,1,18,0,0,20.0,20.0,10.0,10.0,3,210,8.909760475158691,0.16684089629423052,,crash_vehicle
1226,fresh,0,fresh,,,0,0,0,3,1,0,15.0,10.0,10.0,35.0,3,50,0.7390562891960144,0.016479787714779377,,out_of_road
1227,fresh,0,fresh,,,0,0,0,1,1,1,15.0,40.0,10.0,55.0,1,103,4.015480041503906,0.12499744804955802,,crash_vehicle
1228,fresh,0,fresh,,,0,0,0,1,0,1,10.0,5.0,10.0,55.0,1,49,0.7719478011131287,0.0007431609746144743,,out_of_road
1229,fresh,0,fresh,,,0,0,0,12,0,0,5.0,40.0,5.0,55.0,2,92,2.890540361404419,0.06686651323031148,,crash_vehicle
1230,fresh,0,fresh,,,0,0,0,2,0,1,15.0,10.0,10.0,55.0,2,178,7.7085862159729,0.1944942644671694,,out_of_road
1231,fresh,0,fresh,,,0,0,0,18,0,0,20.0,40.0,15.0,55.0,1,99,2.393911123275757,0.1524351763755384,,out_of_road
1232,fresh,0,fresh,,,0,0,0,2,0,0,20.0,5.0,15.0,20.0,2,1000,0.13491584360599518,0.0029461404010653496,,max_step
1233,fresh,0,fresh,,,0,1,1,5,1,0,15.0,40.0,5.0,55.0,3,290,8.335726737976074,0.253098916878988,,crash_vehicle
1234,fresh,0,fresh,,,0,0,0,2,0,1,15.0,10.0,5.0,35.0,1,1000,4.721599578857422,0.03987935999338515,,max_step
1235,fresh,0,fresh,,,0,0,0,2,0,0,15.0,40.0,5.0,20.0,1,1000,0.0009566236985847354,0.00037939095497131346,,max_step
1236,fresh,0,fresh,,,0,1,0,0,1,0,10.0,5.0,10.0,35.0,0,87,2.6284468173980713,0.0637661322266206,,crash_vehicle
1237,fresh,0,fresh,,,0,0,0,4,1,0,15.0,40.0,5.0,55.0,3,53,-0.10828842222690582,0.02693169929508893,,out_of_road
1238,fresh,0,fresh,,,0,1,1,3,1,1,10.0,5.0,15.0,55.0,0,1000,2.2187719345092773,0.02146420194313396,,max_step
1239,fresh,0,fresh,,,0,0,0,12,1,1,5.0,5.0,15.0,55.0,3,645,15.04328441619873,0.2073170171682398,,out_of_road
1240,fresh,0,fresh,,,0,0,0,0,0,0,10.0,5.0,5.0,20.0,0,88,2.6440205574035645,0.057675837983631274,rejection_fallback,out_of_road
1241,fresh,0,fresh,,,0,1,0,3,0,1,15.0,10.0,10.0,35.0,0,1000,0.47426101565361023,0.0023694237470626833,,max_step
1242,fresh,0,fresh,,,0,0,0,2,0,0,10.0,20.0,15.0,55.0,0,117,3.1337640285491943,0.23757795339975601,,out_of_road
1243,fresh,0,fresh,,,0,0,0,18,1,0,20.0,10.0,5.0,20.0,1,236,4.269819736480713,0.1933127955880837,,crash_vehicle
1244,fresh,0,fresh,,,0,0,0,1,1,0,20.0,10.0,5.0,55.0,0,121,2.928250551223755,0.21469298513098198,,crash_vehicle
1245,fresh,0,fresh,,,0,1,0,18,1,0,20.0,10.0,10.0,20.0,0,1000,0.5405505299568176,0.010269403949379922,,max_step
1246,fresh,0,fresh,,,0,1,1,0,1,0,5.0,5.0,5.0,10.0,0,280,6.51099157333374,0.21689896658062935,,crash_vehicle
1247,fresh,0,fresh,,,0,1,1,3,1,1,20.0,20.0,10.0,35.0,1,49,0.9103492498397827,0.016370319286171272,,crash_vehicle
1248,fresh,0,fresh,,,0,0,0,8,1,0,5.0,40.0,15.0,55.0,2,100,2.510995388031006,0.056316656321287156,,out_of_road
1249,fresh,0,fresh,,,0,0,0,0,0,0,10.0,5.0,5.0,20.0,0,157,6.351350784301758,0.14776488624892797,rejection_fallback,out_of_road
1250,fresh,0,fresh,,,0,0,0,4,1,1,5.0,20.0,10.0,35.0,0,53,0.8690930604934692,0.012295646487541919,,crash_vehicle
1251,fresh,0,fresh,,,0,0,0,0,0,0,10.0,5.0,5.0,20.0,0,163,6.592136859893799,0.1539901549430804,rejection_fallback,out_of_road
1252,fresh,0,fresh,,,0,1,0,4,1,0,20.0,5.0,5.0,20.0,1,352,12.17702579498291,0.23195946412769528,,out_of_road
1253,fresh,0,fresh,,,0,1,1,2,1,0,15.0,5.0,15.0,20.0,2,51,0.5685853958129883,0.07689804342739723,,out_of_road
1254,fresh,0,fresh,,,0,0,0,0,0,0,5.0,20.0,5.0,20.0,0,206,7.488668441772461,0.12322175738320333,,out_of_road
1255,fresh,0,fresh,,,0,1,1,3,0,1,15.0,5.0,10.0,20.0,3,135,4.3128228187561035,0.09489799215699787,,out_of_road
1256,fresh,0,fresh,,,0,1,0,5,0,1,10.0,20.0,15.0,35.0,1,64,1.4702228307724,0.04968072102201404,,crash_vehicle
1257,fresh,0,fresh,,,0,0,0,1,0,1,5.0,5.0,15.0,20.0,0,347,13.012779235839844,0.3335486963681168,,out_of_road
1258,fresh,0,fresh,,,0,0,0,3,1,1,15.0,20.0,5.0,55.0,1,188,2.343905210494995,0.09718469938540712,,out_of_road
1259,fresh,0,fresh,,,0,0,0,12,0,1,15.0,20.0,15.0,10.0,0,57,0.7421022653579712,0.00938579727683151,,out_of_road
1260,fresh,0,fresh,,,0,1,0,8,1,1,5.0,40.0,15.0,55.0,2,94,3.0432252883911133,0.07620442801333488,,crash_vehicle
1261,fresh,0,fresh,,,0,1,0,12,0,0,5.0,5.0,15.0,10.0,0,345,1.4735465049743652,0.006935348402222862,,crash_vehicle
1262,fresh,0,fresh,,,0,0,0,2,0,0,15.0,5.0,10.0,20.0,2,241,12.09268569946289,0.441282178557389,,out_of_road
1263,fresh,0,fresh,,,0,0,0,4,0,1,15.0,40.0,5.0,35.0,3,276,11.700971603393555,0.3478163765082001,,arrive_dest
1264,fresh,0,fresh,,,0,0,0,8,0,0,20.0,20.0,10.0,20.0,1,58,1.0799081325531006,0.025794323983377422,,crash_vehicle
1265,fresh,0,fresh,,,0,1,1,3,0,0,20.0,10.0,10.0,10.0,1,46,0.5850279331207275,0.001392499908157017,,crash_vehicle
1266,fresh,0,fresh,,,0,1,0,5,1,0,20.0,10.0,15.0,55.0,3,1000,0.0017527265008538961,6.827843189239502e-05,,max_step
1267,fresh,0,fresh,,,0,1,1,1,0,0,5.0,5.0,5.0,55.0,1,90,2.1092748641967773,0.019773620698187087,,out_of_road
1268,fresh,0,fresh,,,0,0,0,8,1,1,5.0,5.0,10.0,55.0,1,532,1.966524600982666,0.023876603544843767,,crash_vehicle
1269,fresh,0,fresh,,,0,0,0,3,1,1,20.0,10.0,5.0,20.0,2,34,0.22593995928764343,0.001586537150775685,,crash_vehicle
1270,fresh,0,fresh,,,0,0,0,18,1,1,15.0,40.0,15.0,55.0,3,158,1.1693953275680542,0.027864776875918047,,out_of_road
1271,fresh,0,fresh,,,0,0,0,8,0,1,10.0,10.0,15.0,10.0,3,1000,1.6278479099273682,0.02199617887090426,,max_step
1272,fresh,0,fresh,,,0,0,0,4,0,0,10.0,40.0,10.0,55.0,0,103,2.7244222164154053,0.08405763570454369,,out_of_road
1273,fresh,0,fresh,,,0,1,1,5,1,1,10.0,10.0,15.0,35.0,1,1000,0.6384915113449097,0.004208691403269768,,max_step
1274,fresh,0,fresh,,,0,0,0,5,1,1,15.0,20.0,15.0,35.0,3,18,-0.2607327699661255,0.031042350663079157,,out_of_road
1275,fresh,0,fresh,,,0,0,0,8,1,0,15.0,40.0,5.0,55.0,0,109,3.33290433883667,0.14123966193698143,,crash_vehicle
1276,fresh,0,fresh,,,0,0,0,1,0,1,20.0,5.0,5.0,55.0,1,183,9.532403945922852,0.2846863622079944,,out_of_road
1277,fresh,0,fresh,,,0,1,0,5,0,0,15.0,40.0,5.0,35.0,0,79,1.960382103919983,0.07703217887614347,,crash_vehicle
1278,fresh,0,fresh,,,0,0,0,12,1,1,20.0,20.0,5.0,35.0,2,1000,1.6000171899795532,0.00713530077014002,,max_step
1279,fresh,0,fresh,,,0,0,0,4,0,0,10.0,5.0,15.0,35.0,0,1000,0.08359663188457489,0.006311997404787689,,max_step
1280,fresh,0,fresh,,,0,1,0,4,0,1,15.0,40.0,5.0,10.0,1,52,0.8353683948516846,0.017924547123794373,,out_of_road
1281,fresh,0,fresh,,,0,1,0,1,1,0,20.0,5.0,15.0,35.0,1,85,2.612362861633301,0.08136262269142797,,crash_vehicle
1282,fresh,0,fresh,,,0,1,1,1,1,0,20.0,5.0,5.0,20.0,1,79,1.7653555870056152,0.08959791123206857,,crash_vehicle
1283,fresh,0,fresh,,,0,1,1,4,1,1,20.0,40.0,15.0,55.0,1,100,3.2127904891967773,0.06734803811646999,,crash_vehicle
1284,fresh,0,fresh,,,0,0,0,18,1,0,10.0,20.0,15.0,35.0,1,54,0.7861815094947815,0.03878567723074445,,crash_vehicle
1285,fresh,0,fresh,,,0,0,0,2,0,1,20.0,10.0,5.0,35.0,1,121,3.124924898147583,0.21764976628247865,,crash_vehicle
1286,fresh,0,fresh,,,0,0,0,0,1,0,5.0,10.0,15.0,35.0,0,75,1.9895366430282593,0.08947731609145801,,out_of_road
1287,fresh,0,fresh,,,0,0,0,18,1,0,5.0,10.0,10.0,20.0,1,1000,0.5443170070648193,0.00708593634609133,,max_step
1288,fresh,0,fresh,,,0,1,1,0,0,0,5.0,5.0,15.0,55.0,0,84,2.1239583492279053,0.07718298708399136,,out_of_road
1289,fresh,0,fresh,,,0,1,1,5,0,0,15.0,10.0,10.0,55.0,0,69,1.3467774391174316,0.1950525014080863,,crash_vehicle
1290,fresh,0,fresh,,,0,1,1,2,1,0,5.0,5.0,5.0,55.0,2,117,4.1139912605285645,0.16996134594719634,,crash_vehicle
1291,fresh,0,fresh,,,0,0,0,12,1,0,10.0,10.0,10.0,20.0,2,318,9.377583503723145,0.3071902687134186,,out_of_road
1292,fresh,0,fresh,,,0,0,0,8,0,0,10.0,5.0,5.0,55.0,0,55,0.3150166869163513,0.00311648046428507,,crash_vehicle
1293,fresh,0,fresh,,,0,1,1,3,0,1,20.0,40.0,10.0,10.0,3,165,6.399627208709717,0.31914805777258043,,out_of_road
1294,fresh,0,fresh,,,0,0,0,0,0,0,20.0,20.0,5.0,35.0,0,102,4.42803430557251,0.23375922850534028,,arrive_dest
1295,fresh,0,fresh,,,0,0,0,5,0,1,15.0,20.0,10.0,55.0,2,49,0.6939356327056885,0.02435097159171591,,crash_vehicle
1296,fresh,0,fresh,,,0,1,1,1,1,0,5.0,5.0,15.0,35.0,0,1000,0.0022642570547759533,0.0,,max_step
1297,fresh,0,fresh,,,0,0,0,1,1,0,5.0,5.0,15.0,20.0,0,1000,0.15306952595710754,0.0005378074198961257,,max_step
1298,fresh,0,fresh,,,0,0,0,0,1,0,10.0,40.0,5.0,55.0,0,106,2.9075748920440674,0.06085976471527005,,out_of_road
1299,fresh,0,fresh,,,0,0,0,3,0,1,15.0,20.0,15.0,35.0,3,91,1.8725911378860474,0.023925618278783756,,out_of_road
1300,fresh,0,fresh,,,0,0,0,1,0,1,20.0,5.0,10.0,55.0,1,28,-0.1506556123495102,0.09628611018082925,,out_of_road
1301,fresh,0,fresh,,,0,0,0,12,1,1,15.0,10.0,10.0,20.0,3,1000,0.4361284375190735,0.00017597477603703739,,max_step
1302,fresh,0,fresh,,,0,1,0,5,0,1,20.0,20.0,15.0,10.0,0,86,1.712228775024414,0.12251195320209791,,crash_vehicle
1303,fresh,0,fresh,,,0,0,0,4,0,0,15.0,5.0,10.0,20.0,2,351,11.270485877990723,0.22505311104880268,,out_of_road
1304,fresh,0,fresh,,,0,1,1,4,1,0,5.0,40.0,10.0,55.0,3,85,1.9864623546600342,0.04277367605005994,,crash_vehicle
1305,fresh,0,fresh,,,0,1,1,0,0,0,5.0,40.0,15.0,35.0,0,190,9.078675270080566,0.21701781172305346,,out_of_road
1306,fresh,0,fresh,,,0,1,0,2,1,1,20.0,5.0,5.0,55.0,2,114,4.055505275726318,0.08626338244791616,,crash_vehicle
1307,fresh,0,fresh,,,0,0,0,2,0,0,20.0,5.0,5.0,55.0,2,92,2.366313934326172,0.03436021836798476,,out_of_road
1308,fresh,0,fresh,,,0,0,0,12,0,0,5.0,20.0,10.0,55.0,0,64,1.186596393585205,0.014518011797918007,,crash_vehicle
1309,fresh,0,fresh,,,0,0,0,18,1,0,15.0,10.0,5.0,55.0,1,812,4.801218032836914,0.06997870054586877,,crash_vehicle
1310,fresh,0,fresh,,,0,0,0,4,0,1,5.0,10.0,15.0,20.0,0,1000,0.6044833660125732,0.002118540725321509,,max_step
1311,fresh,0,fresh,,,0,0,0,2,0,0,15.0,5.0,5.0,10.0,0,315,12.016758918762207,0.31332330081671006,,crash_vehicle
1312,fresh,0,fresh,,,0,0,0,1,1,0,20.0,10.0,15.0,20.0,1,225,9.977441787719727,0.185037452644772,,out_of_road
1313,fresh,0,fresh,,,0,1,1,18,0,1,20.0,5.0,15.0,55.0,3,117,1.6908670663833618,0.09876279211324504,,crash_vehicle
1314,fresh,0,fresh,,,0,0,0,8,1,1,5.0,10.0,15.0,35.0,2,1000,0.6710013747215271,0.01812250634888187,,max_step
1315,fresh,0,fresh,,,0,1,1,0,1,0,10.0,10.0,5.0,10.0,0,163,3.470165491104126,0.17666245647277568,,crash_vehicle
1316,fresh,0,fresh,,,0,1,1,8,1,1,15.0,5.0,10.0,20.0,0,1000,0.7081954479217529,0.00491954207024537,,max_step
1317,fresh,0,fresh,,,0,1,1,1,0,1,15.0,10.0,5.0,20.0,1,215,9.59778881072998,0.18710805375648792,,out_of_road
1318,fresh,0,fresh,,,0,0,0,4,0,1,15.0,5.0,15.0,55.0,2,109,0.6244312524795532,0.014501283688624517,,crash_vehicle
1319,fresh,0,fresh,,,0,0,0,1,1,0,20.0,40.0,15.0,55.0,1,132,3.703972339630127,0.12363775015215982,,crash_vehicle
1320,fresh,0,fresh,,,0,0,0,2,0,0,5.0,10.0,15.0,55.0,0,275,9.794690132141113,0.24672724056650291,,out_of_road
1321,fresh,0,fresh,,,0,1,1,18,0,0,10.0,20.0,10.0,55.0,1,172,5.504291534423828,0.3379467147684028,,out_of_road
1322,fresh,0,fresh,,,0,0,0,4,0,0,10.0,5.0,15.0,20.0,0,1000,0.14155302941799164,0.00163185432611499,,max_step
1323,fresh,0,fresh,,,0,1,1,2,0,1,15.0,10.0,5.0,20.0,1,510,11.877874374389648,0.1259212499201371,,out_of_road
1324,fresh,0,fresh,,,0,0,0,12,1,0,15.0,10.0,10.0,20.0,1,214,10.02269172668457,0.23543940158125676,,arrive_dest
1325,fresh,0,fresh,,,0,1,1,8,1,1,5.0,10.0,5.0,35.0,3,1000,0.47985339164733887,8.320746198296546e-05,,max_step
1326,fresh,0,fresh,,,0,0,0,18,0,0,5.0,10.0,10.0,20.0,3,1000,0.08708082139492035,0.003358664944767952,,max_step
1327,fresh,0,fresh,,,0,0,0,5,1,0,20.0,5.0,10.0,20.0,1,149,0.5312724113464355,0.03169724368646541,,out_of_road
1328,fresh,0,fresh,,,0,0,0,18,1,1,5.0,10.0,10.0,35.0,1,1000,0.5008774995803833,0.005286257420142647,,max_step
1329,fresh,0,fresh,,,0,0,0,5,1,0,10.0,40.0,5.0,55.0,1,92,2.843118906021118,0.06084512271310972,,crash_vehicle
1330,fresh,0,fresh,,,0,0,0,4,0,1,5.0,5.0,10.0,55.0,3,61,0.5523725748062134,0.014800499536890964,,crash_vehicle
1331,fresh,0,fresh,,,0,0,0,1,1,0,10.0,10.0,15.0,20.0,1,129,3.042329788208008,0.15863360776457675,,crash_vehicle
1332,fresh,0,fresh,,,0,0,0,12,1,0,5.0,10.0,10.0,20.0,2,1000,2.2166759967803955,0.012933523315005004,,max_step
1333,fresh,0,fresh,,,0,0,0,12,1,1,10.0,5.0,15.0,55.0,3,1000,0.5537941455841064,0.015749281554599294,,max_step
1334,fresh,0,fresh,,,0,1,1,1,1,1,15.0,5.0,15.0,35.0,0,129,3.600587844848633,0.2750946912308072,,arrive_dest
1335,fresh,0,fresh,,,0,0,0,1,0,1,20.0,10.0,5.0,10.0,1,36,0.8292109370231628,0.1652363058593538,,arrive_dest
1336,fresh,0,fresh,,,0,0,0,0,0,0,5.0,40.0,10.0,55.0,0,92,1.9727084636688232,0.0173997948675052,,out_of_road
1337,fresh,0,fresh,,,0,0,0,5,0,0,5.0,40.0,5.0,55.0,2,206,9.439667701721191,0.1880249570223313,,out_of_road
1338,fresh,0,fresh,,,0,1,0,3,1,1,15.0,5.0,15.0,20.0,2,280,10.979050636291504,0.2789034909967865,,arrive_dest
1339,fresh,0,fresh,,,0,0,0,18,0,1,15.0,5.0,10.0,10.0,3,1000,0.18246743083000183,0.003602620120160282,,max_step
1340,fresh,0,fresh,,,0,1,0,18,0,0,5.0,10.0,10.0,35.0,0,32,0.18564514815807343,0.01618661917746067,,crash_vehicle
1341,fresh,0,fresh,,,0,0,0,1,0,0,15.0,5.0,15.0,10.0,1,49,0.7655680179595947,0.01759918992008482,,out_of_road
1342,fresh,0,fresh,,,0,0,0,18,0,0,20.0,5.0,15.0,10.0,2,1000,0.010907772928476334,0.0027528087329119445,,max_step
1343,fresh,0,fresh,,,0,1,0,8,1,0,15.0,5.0,10.0,20.0,2,311,8.175141334533691,0.25591913677775974,,out_of_road
1344,fresh,0,fresh,,,0,0,0,4,0,0,20.0,40.0,10.0,10.0,3,2,0.4963657557964325,0.14983820915222168,,arrive_dest
1345,fresh,0,fresh,,,0,0,0,12,1,0,20.0,10.0,15.0,20.0,1,31,0.16533125936985016,0.0033305147963185464,,crash_vehicle
1346,fresh,0,fresh,,,0,1,1,2,1,0,10.0,5.0,5.0,20.0,0,1000,0.2979011535644531,0.0008554302442353219,,max_step
1347,fresh,0,fresh,,,0,0,0,3,0,0,10.0,40.0,10.0,55.0,1,526,6.021597862243652,0.06489527655832696,,crash_vehicle
1348,fresh,0,fresh,,,0,1,1,1,1,0,10.0,10.0,5.0,35.0,1,161,4.957457542419434,0.09750140962185141,,out_of_road
1349,fresh,0,fresh,,,0,0,0,8,0,0,20.0,40.0,10.0,35.0,1,91,2.35371994972229,0.15062546535589538,,out_of_road
1350,fresh,0,fresh,,,0,1,0,2,1,0,20.0,10.0,10.0,55.0,0,133,3.559150218963623,0.30279194735186665,,out_of_road
1351,fresh,0,fresh,,,0,0,0,12,1,1,15.0,5.0,10.0,20.0,2,263,1.2507432699203491,0.025844596002335896,,crash_vehicle
1352,fresh,0,fresh,,,0,1,1,1,0,1,20.0,5.0,15.0,55.0,1,100,2.780985116958618,0.0593203991279006,,out_of_road
1353,fresh,0,fresh,,,0,0,0,3,1,0,15.0,5.0,10.0,20.0,3,50,0.7828825116157532,0.04110000729560852,,out_of_road
1354,fresh,0,fresh,,,0,1,1,2,0,1,5.0,5.0,15.0,10.0,1,1000,0.002500031841918826,0.00038220011070370675,,max_step
1355,fresh,0,fresh,,,0,0,0,1,0,0,10.0,10.0,10.0,10.0,0,24,-0.24815090000629425,0.03151628375053406,,out_of_road
1356,fresh,0,fresh,,,0,1,0,4,0,0,5.0,40.0,5.0,10.0,1,50,0.8173704147338867,0.021540775606408716,,out_of_road
1357,fresh,0,fresh,,,0,1,0,12,1,1,5.0,5.0,15.0,20.0,0,423,0.5473373532295227,0.0119316672540796,,crash_vehicle
1358,fresh,0,fresh,,,0,0,0,2,1,0,15.0,40.0,5.0,55.0,2,89,2.455766201019287,0.04835900946865591,,out_of_road
1359,fresh,0,fresh,,,0,0,0,2,1,0,5.0,20.0,10.0,35.0,0,1000,4.06011962890625,0.004761040771263651,,max_step
1360,fresh,0,fresh,,,0,1,0,5,1,1,10.0,40.0,5.0,55.0,1,65,1.437520146369934,0.02262579042177934,,crash_vehicle
1361,fresh,0,fresh,,,0,0,0,3,0,0,20.0,10.0,10.0,10.0,2,1000,0.40224289894104004,0.004982962340116501,,max_step
1362,fresh,0,fresh,,,0,1,1,3,0,0,10.0,5.0,15.0,20.0,0,1000,0.0031568766571581364,8.811479806900024e-05,,max_step
1363,fresh,0,fresh,,,0,1,0,0,1,0,15.0,5.0,10.0,20.0,0,71,1.7289341688156128,0.1285077818262745,,crash_vehicle
1364,fresh,0,fresh,,,0,0,0,2,1,1,15.0,20.0,5.0,35.0,2,71,1.3103597164154053,0.022090936368200143,,out_of_road
1365,fresh,0,fresh,,,0,1,0,8,0,1,10.0,20.0,5.0,35.0,2,206,9.503019332885742,0.2766449730165158,,out_of_road
1366,fresh,0,fresh,,,0,0,0,18,1,0,15.0,40.0,10.0,55.0,3,466,1.9342315196990967,0.0298159180634731,,crash_vehicle
1367,fresh,0,fresh,,,0,0,0,4,0,0,5.0,10.0,5.0,20.0,1,292,12.543020248413086,0.3353892597361876,,out_of_road
1368,fresh,0,fresh,,,0,0,0,4,1,0,5.0,5.0,5.0,20.0,0,718,0.033048808574676514,0.010059658074777439,,crash_vehicle
1369,fresh,0,fresh,,,0,0,0,2,1,1,15.0,5.0,5.0,20.0,0,138,2.2556512355804443,0.14346093862600948,,crash_vehicle
1370,fresh,0,fresh,,,0,0,0,0,0,0,10.0,5.0,5.0,20.0,0,124,4.728545188903809,0.1414919274017936,rejection_fallback,out_of_road
1371,fresh,0,fresh,,,0,1,0,8,0,0,10.0,20.0,15.0,55.0,1,540,12.184219360351562,0.23016231551559435,,out_of_road
1372,fresh,0,fresh,,,0,1,1,0,1,0,15.0,5.0,10.0,55.0,0,72,1.585644006729126,0.01373520283959806,,out_of_road
1373,fresh,0,fresh,,,0,0,0,12,0,1,10.0,10.0,10.0,10.0,3,1000,0.9400956034660339,0.002436438519041985,,max_step
1374,fresh,0,fresh,,,0,0,0,0,0,0,15.0,20.0,15.0,10.0,0,101,2.485405683517456,0.03259629579168735,,out_of_road
1375,fresh,0,fresh,,,0,0,0,3,1,1,10.0,40.0,5.0,55.0,3,109,3.9238765239715576,0.12083997295468772,,crash_vehicle
1376,fresh,0,fresh,,,0,0,0,5,0,1,10.0,40.0,5.0,55.0,3,33,-0.24528230726718903,0.018090050328861584,,crash_vehicle
1377,fresh,0,fresh,,,0,0,0,12,0,0,15.0,5.0,15.0,55.0,1,115,2.1594998836517334,0.14322159691997197,,crash_vehicle
1378,fresh,0,fresh,,,0,1,1,18,0,1,20.0,10.0,15.0,10.0,0,41,0.4340686798095703,0.0012720558883213416,,crash_vehicle
1379,fresh,0,fresh,,,0,0,0,3,0,0,20.0,40.0,10.0,10.0,2,79,1.8817723989486694,0.06136321310614106,,out_of_road
1380,fresh,0,fresh,,,0,0,0,2,0,1,15.0,20.0,15.0,10.0,2,124,2.8392467498779297,0.16610475854888077,,arrive_dest
1381,fresh,0,fresh,,,0,1,0,12,0,1,5.0,20.0,15.0,20.0,0,1000,1.532484769821167,0.006145014873705805,,max_step
1382,fresh,0,fresh,,,0,0,0,1,1,1,5.0,10.0,15.0,55.0,1,107,3.837229013442993,0.13795469750032247,,crash_vehicle
1383,fresh,0,fresh,,,0,0,0,12,1,1,15.0,5.0,10.0,35.0,2,1000,0.5357586145401001,0.016699852192308753,,max_step
1384,fresh,0,fresh,,,0,0,0,4,1,1,5.0,40.0,10.0,55.0,1,72,1.5644177198410034,0.013820651821636906,,crash_vehicle
1385,fresh,0,fresh,,,0,1,1,0,1,0,5.0,20.0,10.0,35.0,0,153,3.9995334148406982,0.18776792050430588,,out_of_road
1386,fresh,0,fresh,,,0,0,0,1,0,1,10.0,20.0,5.0,35.0,0,1000,6.954361438751221,0.052635587927419694,,max_step
1387,fresh,0,fresh,,,0,0,0,5,1,1,10.0,5.0,10.0,55.0,2,213,2.187150478363037,0.054235275255454955,,crash_vehicle
1388,fresh,0,fresh,,,0,1,1,3,1,1,10.0,20.0,5.0,35.0,1,1000,1.2350809574127197,0.004533855792135001,,max_step
1389,fresh,0,fresh,,,0,1,0,4,1,0,20.0,20.0,15.0,55.0,3,97,2.7255914211273193,0.1378991711193446,,out_of_road
1390,fresh,0,fresh,,,0,0,0,0,0,0,10.0,5.0,5.0,20.0,0,83,2.000958204269409,0.06280759015086904,rejection_fallback,out_of_road
1391,fresh,0,fresh,,,0,1,0,8,0,0,10.0,20.0,5.0,10.0,3,52,0.7710530757904053,0.0014051150244015914,,crash_vehicle
1392,fresh,0,fresh,,,0,0,0,18,1,0,20.0,20.0,5.0,35.0,3,75,1.7321635484695435,0.0792009261623025,,crash_vehicle
1393,fresh,0,fresh,,,0,1,1,8,1,1,10.0,5.0,15.0,20.0,0,1000,0.3136953115463257,0.0059146465081721545,,max_step
1394,fresh,0,fresh,,,0,0,0,0,0,0,10.0,40.0,15.0,10.0,0,206,9.488525390625,0.3115228615606258,,out_of_road
1395,fresh,0,fresh,,,0,1,0,8,0,1,15.0,5.0,10.0,20.0,3,1000,0.003103437600657344,0.0,,max_step
1396,fresh,0,fresh,,,0,0,0,5,1,0,5.0,5.0,10.0,20.0,0,1000,2.423201084136963,0.014313720517791808,,max_step
1397,fresh,0,fresh,,,0,0,0,18,0,1,10.0,5.0,10.0,55.0,2,110,0.614507794380188,0.05792021476240321,,crash_vehicle
1398,fresh,0,fresh,,,0,0,0,0,0,0,10.0,5.0,5.0,20.0,0,94,2.076751470565796,0.017337105692701138,rejection_fallback,out_of_road
1399,fresh,0,fresh,,,0,1,1,5,0,1,10.0,10.0,5.0,10.0,3,1000,1.2069298028945923,0.015298592713661492,,max_step
1400,fresh,0,fresh,,,0,1,0,4,0,0,15.0,20.0,5.0,55.0,0,384,8.826924324035645,0.18809281027157945,,crash_vehicle
1401,fresh,0,fresh,,,0,0,0,0,0,0,15.0,20.0,10.0,10.0,0,105,2.672530174255371,0.042549177986525355,,out_of_road
1402,fresh,0,fresh,,,0,0,0,4,1,0,15.0,40.0,10.0,55.0,3,1000,2.4287517070770264,0.012630486746318639,,max_step
1403,fresh,0,fresh,,,0,1,1,18,1,1,5.0,5.0,10.0,55.0,1,1000,0.19341003894805908,0.011439525032415986,,max_step
1404,fresh,0,fresh,,,0,1,0,1,0,1,15.0,5.0,5.0,35.0,0,283,3.141026020050049,0.06475124470297208,,crash_vehicle
1405,fresh,0,fresh,,,0,0,0,12,0,1,20.0,20.0,10.0,35.0,0,57,0.6537182331085205,0.09732006699369665,,out_of_road
1406,fresh,0,fresh,,,0,1,1,5,0,1,10.0,10.0,10.0,20.0,1,1000,0.34167906641960144,0.00029063844680786134,,max_step
1407,fresh,0,fresh,,,0,0,0,3,1,1,15.0,40.0,15.0,55.0,0,94,2.452897071838379,0.03790274771683393,,crash_vehicle
1408,fresh,0,fresh,,,0,0,0,18,1,1,5.0,10.0,15.0,20.0,0,1000,0.7682778835296631,0.006490628387313336,,max_step
1409,fresh,0,fresh,,,0,0,0,8,1,0,20.0,20.0,15.0,35.0,0,136,2.301532030105591,0.08930999258368769,,out_of_road
1410,fresh,0,fresh,,,0,1,0,0,0,0,15.0,20.0,5.0,20.0,0,103,2.9430742263793945,0.07257068126453357,,out_of_road
1411,fresh,0,fresh,,,0,0,0,5,0,1,15.0,40.0,10.0,10.0,1,93,2.0610737800598145,0.06025076493300417,,out_of_road
1412,fresh,0,fresh,,,0,1,0,1,0,1,10.0,5.0,15.0,35.0,1,87,2.1777901649475098,0.03227676495096122,,out_of_road
1413,fresh,0,fresh,,,0,1,0,0,0,0,15.0,20.0,15.0,20.0,0,206,10.274516105651855,0.4355180920146912,,out_of_road
1414,fresh,0,fresh,,,0,1,1,0,1,0,20.0,5.0,10.0,20.0,0,164,5.052407741546631,0.12294265847062556,,out_of_road
1415,fresh,0,fresh,,,0,1,0,4,1,0,5.0,40.0,10.0,55.0,2,1000,2.58550763130188,0.019087260661181063,,max_step
1416,fresh,0,fresh,,,0,0,0,18,1,1,15.0,10.0,15.0,20.0,2,133,1.5320875644683838,0.10634741538617395,,crash_vehicle
1417,fresh,0,fresh,,,0,0,0,3,1,0,10.0,40.0,15.0,55.0,3,187,6.894535064697266,0.24012540727056922,,out_of_road
1418,fresh,0,fresh,,,0,1,1,12,0,0,15.0,10.0,10.0,55.0,2,1000,10.456007957458496,0.1019450786979869,,max_step
1419,fresh,0,fresh,,,0,1,1,8,1,0,5.0,20.0,15.0,35.0,0,57,0.720241904258728,0.03312598198260132,,out_of_road
1420,fresh,0,fresh,,,0,1,0,2,1,0,15.0,10.0,15.0,55.0,2,39,1.2728307247161865,0.07647040648720203,,arrive_dest
1421,fresh,0,fresh,,,0,0,0,3,1,1,10.0,5.0,5.0,35.0,1,25,-0.04049503803253174,0.000194246806204319,,crash_vehicle
1422,fresh,0,fresh,,,0,1,0,2,1,1,20.0,40.0,15.0,55.0,1,97,3.0032501220703125,0.07034483403159478,,crash_vehicle
1423,fresh,0,fresh,,,0,0,0,5,0,1,5.0,10.0,15.0,55.0,0,1000,2.0686240196228027,0.008126774398609996,,max_step
1424,fresh,0,fresh,,,0,0,0,12,1,0,20.0,20.0,10.0,55.0,3,122,3.3208227157592773,0.19548214257496302,,crash_vehicle
1425,fresh,0,fresh,,,0,0,0,3,0,0,20.0,10.0,5.0,35.0,1,64,1.1977899074554443,0.06156303032184951,,crash_vehicle
1426,fresh,0,fresh,,,0,1,1,18,1,0,5.0,20.0,10.0,35.0,0,1000,1.5022729635238647,0.005459320545196533,,max_step
1427,fresh,0,fresh,,,0,1,1,4,1,1,5.0,20.0,15.0,35.0,1,1000,2.197242498397827,0.009669504893012345,,max_step
1428,fresh,0,fresh,,,0,0,0,3,0,1,20.0,5.0,10.0,55.0,2,1000,0.04430029168725014,0.008087787345051766,,max_step
1429,fresh,0,fresh,,,0,1,1,1,1,1,10.0,40.0,10.0,55.0,1,170,5.149408340454102,0.22447771201019778,,crash_vehicle
1430,fresh,0,fresh,,,0,0,0,1,1,0,5.0,20.0,15.0,35.0,1,98,2.4216086864471436,0.10276554034528684,,out_of_road
1431,fresh,0,fresh,,,0,1,1,4,0,1,20.0,20.0,5.0,35.0,3,55,0.9464237093925476,0.012957184423099864,,crash_vehicle
1432,fresh,0,fresh,,,0,1,1,12,1,1,20.0,40.0,5.0,55.0,1,73,1.5000498294830322,0.008049752180502839,,crash_vehicle
1433,fresh,0,fresh,,,0,0,0,2,1,1,5.0,5.0,15.0,20.0,0,1000,0.614712119102478,0.0003108416730538011,,max_step
1434,fresh,0,fresh,,,0,1,1,4,1,0,10.0,20.0,10.0,55.0,0,61,1.2190074920654297,0.020537054166197777,,crash_vehicle
1435,fresh,0,fresh,,,0,1,1,5,0,1,10.0,5.0,5.0,35.0,0,1000,0.3906918168067932,0.001679673794656992,,max_step
1436,fresh,0,fresh,,,0,1,0,1,0,1,15.0,20.0,15.0,20.0,1,104,2.5473976135253906,0.04895518562541558,,out_of_road
1437,fresh,0,fresh,,,0,0,0,8,1,1,20.0,40.0,10.0,55.0,3,225,9.674444198608398,0.28042971831228997,,out_of_road
1438,fresh,0,fresh,,,0,1,1,5,0,0,5.0,5.0,15.0,55.0,3,1000,2.959299325942993,0.018471691417042167,,max_step
1439,fresh,0,fresh,,,0,0,0,2,1,1,20.0,40.0,5.0,55.0,2,93,2.5576088428497314,0.056319107882358055,,out_of_road
1440,fresh,0,fresh,,,0,0,0,1,1,0,10.0,20.0,15.0,35.0,1,316,2.781325101852417,0.06942984815451163,,out_of_road
1441,fresh,0,fresh,,,0,1,1,8,0,1,10.0,40.0,10.0,35.0,3,362,12.343339920043945,0.25765362623770266,,arrive_dest
1442,fresh,0,fresh,,,0,1,0,5,0,0,5.0,20.0,5.0,10.0,3,70,1.4654102325439453,0.04014509445322412,,crash_vehicle
1443,fresh,0,fresh,,,0,0,0,4,0,1,20.0,40.0,10.0,55.0,1,65,1.417659044265747,0.021705232890179525,,crash_vehicle
1444,fresh,0,fresh,,,0,1,0,3,1,0,20.0,5.0,10.0,35.0,1,1000,0.002698345808312297,0.00020255231857299805,,max_step
1445,fresh,0,fresh,,,0,0,0,0,1,0,10.0,20.0,10.0,20.0,0,51,0.7663083672523499,0.05061998981617245,,out_of_road
1446,fresh,0,fresh,,,0,1,0,4,1,1,5.0,20.0,15.0,55.0,1,51,0.684826672077179,0.020952311216616164,,crash_vehicle
1447,fresh,0,fresh,,,0,1,0,18,0,0,10.0,40.0,10.0,55.0,3,116,3.843885898590088,0.13978199118041787,,crash_vehicle
1448,fresh,0,fresh,,,0,1,1,1,1,1,10.0,40.0,15.0,55.0,0,75,1.817514181137085,0.04685325140754382,,crash_vehicle
1449,fresh,0,fresh,,,0,1,1,4,0,1,15.0,20.0,10.0,20.0,0,1000,1.4238872528076172,0.006341483220865484,,max_step
1450,fresh,0,fresh,,,0,0,0,4,0,0,10.0,5.0,5.0,55.0,3,1000,0.014714798890054226,0.006715196235105395,,max_step
1451,fresh,0,fresh,,,0,0,0,2,1,0,20.0,20.0,15.0,35.0,2,94,2.7387590408325195,0.10969820267897337,,crash_vehicle
1452,fresh,0,fresh,,,0,0,0,1,0,0,15.0,40.0,10.0,20.0,1,131,4.716294288635254,0.16241539721839302,,out_of_road
1453,fresh,0,fresh,,,0,1,1,2,1,0,20.0,10.0,15.0,20.0,1,1000,0.5360390543937683,0.0005690857581794262,,max_step
1454,fresh,0,fresh,,,0,0,0,1,1,0,20.0,10.0,5.0,35.0,1,104,2.9262423515319824,0.12752257563317052,,crash_vehicle
1455,fresh,0,fresh,,,0,0,0,4,0,1,5.0,40.0,15.0,20.0,1,85,1.866160273551941,0.054780181102892934,,crash_vehicle
1456,fresh,0,fresh,,,0,1,0,3,1,0,15.0,20.0,10.0,35.0,1,57,0.7989782691001892,0.03768951428049293,,out_of_road
1457,fresh,0,fresh,,,0,1,0,5,1,1,10.0,40.0,15.0,55.0,2,86,2.3837735652923584,0.06825552811456281,,crash_vehicle
1458,fresh,0,fresh,,,0,0,0,1,0,1,10.0,5.0,15.0,20.0,1,101,3.060260772705078,0.0889170705571328,,out_of_road
1459,fresh,0,fresh,,,0,1,0,12,0,0,15.0,10.0,15.0,35.0,3,1000,4.982813358306885,0.053912736719241364,,max_step
1460,fresh,0,fresh,,,0,1,1,1,1,0,15.0,20.0,10.0,35.0,1,91,2.5739076137542725,0.07194909765538605,,crash_vehicle
1461,fresh,0,fresh,,,0,0,0,18,0,1,20.0,20.0,10.0,35.0,0,22,-0.339072048664093,0.0009740841659632596,,out_of_road
1462,fresh,0,fresh,,,0,1,0,8,0,0,5.0,40.0,10.0,35.0,1,214,4.099676132202148,0.1192096883069863,,out_of_road
1463,fresh,0,fresh,,,0,0,0,18,0,1,15.0,20.0,5.0,20.0,2,151,0.6713836193084717,0.019117269553984236,,crash_vehicle
1464,fresh,0,fresh,,,0,1,0,2,1,1,15.0,10.0,10.0,20.0,1,134,2.1849377155303955,0.09592802215840167,,crash_vehicle
1465,fresh,0,fresh,,,0,0,0,18,1,0,15.0,5.0,10.0,35.0,2,179,3.3046669960021973,0.21999917323987245,,crash_vehicle
1466,fresh,0,fresh,,,0,0,0,1,0,0,10.0,20.0,10.0,35.0,1,223,10.625755310058594,0.3528560312389659,,out_of_road
1467,fresh,0,fresh,,,0,0,0,4,1,1,5.0,20.0,5.0,55.0,3,50,0.7551472783088684,0.04390886012464762,,out_of_road
1468,fresh,0,fresh,,,0,1,1,8,1,0,15.0,20.0,10.0,35.0,2,1000,0.9727622866630554,0.010967383841052652,,max_step
1469,fresh,0,fresh,,,0,0,0,12,0,0,5.0,40.0,15.0,35.0,1,107,2.5495872497558594,0.08368423326968033,,out_of_road
1470,fresh,0,fresh,,,0,1,0,5,1,1,15.0,5.0,10.0,20.0,2,128,-0.24369630217552185,0.00031516176932200324,,crash_vehicle
1471,fresh,0,fresh,,,0,1,1,12,0,0,15.0,40.0,5.0,35.0,0,94,2.356220245361328,0.06865095572070555,,out_of_road
1472,fresh,0,fresh,,,0,0,0,2,0,0,20.0,10.0,10.0,20.0,0,1000,0.1978546530008316,0.0019327285159379244,,max_step
1473,fresh,0,fresh,,,0,0,0,5,0,0,5.0,5.0,15.0,55.0,1,728,-0.04028931260108948,0.009517976583703165,,crash_vehicle
1474,fresh,0,fresh,,,0,0,0,4,1,1,5.0,10.0,10.0,20.0,2,1000,1.0516620874404907,0.005228886611876078,,max_step
1475,fresh,0,fresh,,,0,1,0,2,1,0,15.0,10.0,15.0,35.0,0,39,0.49198952317237854,0.018447114871098444,,crash_vehicle
1476,fresh,0,fresh,,,0,0,0,5,0,0,5.0,5.0,5.0,10.0,3,361,2.6445560455322266,0.05268345424554561,,crash_vehicle
1477,fresh,0,fresh,,,0,1,0,2,0,1,10.0,20.0,5.0,35.0,2,129,4.535829067230225,0.09059951435269196,,out_of_road
1478,fresh,0,fresh,,,0,0,0,2,1,1,15.0,5.0,10.0,20.0,2,53,0.8322147130966187,0.02853649642037333,,out_of_road
1479,fresh,0,fresh,,,0,1,0,5,1,1,10.0,40.0,5.0,55.0,3,53,0.7757855653762817,0.04191743886484852,,out_of_road
1480,fresh,0,fresh,,,0,0,0,1,1,0,20.0,10.0,15.0,20.0,1,66,1.532384991645813,0.0459639782819784,,crash_vehicle
1481,fresh,0,fresh,,,0,0,0,1,1,1,15.0,20.0,10.0,55.0,1,115,3.805626392364502,0.10457169688914134,,crash_vehicle
1482,fresh,0,fresh,,,0,1,0,18,0,0,20.0,5.0,10.0,10.0,2,1000,0.2502676844596863,0.01583654892584309,,max_step
1483,fresh,0,fresh,,,0,0,0,4,0,1,15.0,5.0,10.0,10.0,1,1000,0.304470956325531,0.005620997961610556,,max_step
1484,fresh,0,fresh,,,0,0,0,1,1,0,20.0,5.0,15.0,35.0,1,48,0.6332274675369263,0.009316836619594445,,out_of_road
1485,fresh,0,fresh,,,0,0,0,3,1,0,20.0,10.0,15.0,20.0,2,235,0.20469731092453003,0.018764846007082055,,crash_vehicle
1486,fresh,0,fresh,,,0,0,0,18,1,1,15.0,20.0,15.0,35.0,3,264,6.004178047180176,0.18093574522627573,,crash_vehicle
1487,fresh,0,fresh,,,0,0,0,0,1,0,15.0,20.0,15.0,55.0,0,85,2.0924038887023926,0.05840317311094088,,out_of_road
1488,fresh,0,fresh,,,0,0,0,12,1,0,20.0,5.0,15.0,20.0,3,492,9.889485359191895,0.21313300772524643,,out_of_road
1489,fresh,0,fresh,,,0,0,0,12,0,0,20.0,5.0,10.0,55.0,2,193,4.941132068634033,0.19051554826102726,,crash_vehicle
1490,fresh,0,fresh,,,0,1,0,18,0,1,5.0,20.0,5.0,35.0,2,380,6.469518661499023,0.16030203239688967,,out_of_road
1491,fresh,0,fresh,,,0,1,1,4,0,0,10.0,10.0,10.0,55.0,0,41,0.3346398174762726,0.032613760632712666,,crash_vehicle
1492,fresh,0,fresh,,,0,1,0,1,1,1,5.0,5.0,10.0,20.0,1,112,2.262847423553467,0.09645673803918596,,out_of_road
1493,fresh,0,fresh,,,0,0,0,8,0,1,5.0,5.0,5.0,35.0,2,1000,0.1466825008392334,0.000998753771185875,,max_step
1494,fresh,0,fresh,,,0,1,0,1,0,1,10.0,20.0,15.0,55.0,1,253,13.09273910522461,0.5015836146442963,,out_of_road
1495,fresh,0,fresh,,,0,0,0,18,1,1,10.0,5.0,15.0,20.0,3,1000,0.1578214019536972,0.0010815708637237549,,max_step
1496,fresh,0,fresh,,,0,1,1,18,1,0,15.0,40.0,15.0,55.0,3,152,2.5855770111083984,0.07250338197857338,,out_of_road
1497,fresh,0,fresh,,,0,1,1,3,1,1,15.0,5.0,15.0,20.0,2,76,1.1713876724243164,0.10127926162002902,,crash_vehicle
1498,fresh,0,fresh,,,0,1,0,8,0,1,5.0,10.0,15.0,35.0,0,116,0.38172775506973267,0.027055270391805417,,crash_vehicle
1499,fresh,0,fresh,,,0,1,1,5,1,0,10.0,5.0,15.0,20.0,3,311,9.707133293151855,0.21527089502279112,,out_of_road
1500,fresh,0,fresh,,,0,0,0,4,0,1,20.0,5.0,15.0,55.0,1,273,9.743634223937988,0.31756416611346133,,out_of_road
1501,fresh,0,fresh,,,0,1,1,4,0,0,5.0,5.0,15.0,20.0,0,782,12.43740463256836,0.13595262924066323,,out_of_road
1502,fresh,0,fresh,,,0,0,0,0,0,0,10.0,5.0,5.0,20.0,0,254,13.560646057128906,0.4975757468565125,rejection_fallback,out_of_road
1503,fresh,0,fresh,,,0,1,1,12,1,1,10.0,40.0,15.0,55.0,0,1000,1.7559163570404053,0.004717849580571055,,max_step
1504,fresh,0,fresh,,,0,0,0,8,1,1,15.0,5.0,10.0,20.0,2,71,-0.01768772304058075,0.013087259631761362,,crash_vehicle
1505,fresh,0,fresh,,,0,1,0,4,0,0,20.0,20.0,5.0,10.0,0,201,3.610739231109619,0.13418448340166267,,crash_vehicle
1506,fresh,0,fresh,,,0,1,1,5,0,1,20.0,5.0,5.0,10.0,0,1000,0.2381150722503662,0.0004044313170015812,,max_step
1507,fresh,0,fresh,,,0,0,0,18,1,0,20.0,5.0,10.0,35.0,3,1000,4.143810272216797,0.04504586989292875,,max_step
1508,fresh,0,fresh,,,0,0,0,0,0,0,5.0,40.0,5.0,55.0,0,128,4.555642604827881,0.15192218995071016,,out_of_road
1509,fresh,0,fresh,,,0,1,0,12,0,1,10.0,40.0,10.0,20.0,1,71,1.5153098106384277,0.02676714085777041,,crash_vehicle
1510,fresh,0,fresh,,,0,1,0,8,0,0,20.0,20.0,10.0,35.0,0,194,6.862696647644043,0.27617785101276393,,out_of_road
1511,fresh,0,fresh,,,0,1,1,3,1,1,20.0,5.0,10.0,20.0,1,1000,0.2537098228931427,0.00042199630290269853,,max_step
1512,fresh,0,fresh,,,0,0,0,3,0,1,10.0,20.0,5.0,20.0,1,1000,1.798357367515564,0.008745247503975406,,max_step
1513,fresh,0,fresh,,,0,0,0,0,1,0,20.0,5.0,5.0,20.0,0,68,1.5701361894607544,0.03804099806310499,,crash_vehicle
1514,fresh,0,fresh,,,0,1,0,5,1,1,5.0,40.0,15.0,55.0,1,48,0.8004817962646484,0.01434782708141332,,out_of_road
1515,fresh,0,fresh,,,0,0,0,5,1,0,15.0,40.0,5.0,55.0,1,80,2.1464719772338867,0.049484225804917514,,crash_vehicle
1516,fresh,0,fresh,,,0,1,1,12,0,1,20.0,40.0,15.0,20.0,3,146,2.9691200256347656,0.14989356990036082,,out_of_road
1517,fresh,0,fresh,,,0,1,1,3,0,0,10.0,10.0,15.0,55.0,0,281,6.541730880737305,0.18107027494849048,,out_of_road
1518,fresh,0,fresh,,,0,0,0,18,0,0,20.0,40.0,15.0,35.0,1,212,9.601935386657715,0.2255313672599787,,out_of_road
1519,fresh,0,fresh,,,0,1,1,18,0,1,20.0,10.0,5.0,35.0,1,560,0.2699098289012909,0.013017886161521476,,crash_vehicle
1520,fresh,0,fresh,,,0,0,0,4,1,0,10.0,10.0,10.0,20.0,1,1000,0.5915352702140808,0.0055044542114483196,,max_step
1521,fresh,0,fresh,,,0,0,0,4,1,0,15.0,20.0,5.0,35.0,0,253,10.496975898742676,0.4302433575153822,,crash_vehicle
1522,fresh,0,fresh,,,0,1,0,4,1,0,20.0,40.0,10.0,55.0,2,137,3.6961658000946045,0.12321680588443784,,out_of_road
1523,fresh,0,fresh,,,0,1,1,0,1,0,15.0,20.0,15.0,55.0,0,103,3.7805495262145996,0.16119821660799308,,crash_vehicle
1524,fresh,0,fresh,,,0,1,1,5,0,1,5.0,5.0,15.0,35.0,2,86,0.5852595567703247,0.0491050957203951,,crash_vehicle
1525,fresh,0,fresh,,,0,0,0,2,0,1,15.0,5.0,10.0,35.0,0,1000,0.23600755631923676,0.0028753648549318315,,max_step
1526,fresh,0,fresh,,,0,0,0,5,1,0,15.0,40.0,15.0,55.0,3,217,10.242524147033691,0.2257557758623691,,out_of_road
1527,fresh,0,fresh,,,0,0,0,4,1,1,15.0,40.0,10.0,55.0,3,20,-0.2680571675300598,0.02971915602684021,,out_of_road
1528,fresh,0,fresh,,,0,1,0,1,0,1,20.0,5.0,10.0,35.0,1,261,13.894999504089355,0.3493608824366354,,out_of_road
1529,fresh,0,fresh,,,0,0,0,4,0,1,15.0,40.0,10.0,35.0,1,71,1.4192136526107788,0.022286287495787715,,crash_vehicle
1530,fresh,0,fresh,,,0,0,0,0,1,0,10.0,40.0,5.0,55.0,0,51,0.5209559202194214,0.05157015173166406,,out_of_road
1531,fresh,0,fresh,,,0,0,0,18,1,1,10.0,20.0,10.0,55.0,1,1000,1.0172886848449707,0.013134771011769771,,max_step
1532,fresh,0,fresh,,,0,1,0,1,0,1,5.0,5.0,15.0,10.0,1,50,0.8246215581893921,0.036765926876105366,,out_of_road
1533,fresh,0,fresh,,,0,1,1,8,1,0,5.0,10.0,15.0,55.0,1,55,0.12449988722801208,0.07886068997058002,,out_of_road
1534,fresh,0,fresh,,,0,0,0,2,0,1,20.0,5.0,5.0,10.0,2,210,9.800456047058105,0.183327066760865,,out_of_road
1535,fresh,0,fresh,,,0,0,0,18,0,0,15.0,10.0,10.0,20.0,0,123,0.33537545800209045,0.024751705791407484,,crash_vehicle
1536,fresh,0,fresh,,,0,1,0,3,0,1,15.0,40.0,5.0,20.0,2,376,12.425607681274414,0.18206421747194365,,out_of_road
1537,fresh,0,fresh,,,0,1,1,8,0,1,10.0,40.0,5.0,20.0,2,1000,1.8802673816680908,0.007969203194603324,,max_step
1538,fresh,0,fresh,,,0,0,0,18,0,0,10.0,40.0,10.0,35.0,0,1000,3.5035297870635986,0.018299455612897874,,max_step
1539,fresh,0,fresh,,,0,0,0,5,0,0,20.0,20.0,15.0,55.0,0,423,15.019181251525879,0.31070589692492573,,out_of_road
1540,fresh,0,fresh,,,0,1,1,4,1,1,15.0,20.0,5.0,55.0,2,1000,0.8814675807952881,0.0007922663912177086,,max_step
1541,fresh,0,fresh,,,0,0,0,4,0,1,5.0,40.0,5.0,10.0,1,67,1.4899539947509766,0.03432185881173433,,crash_vehicle
1542,fresh,0,fresh,,,0,0,0,8,1,0,20.0,20.0,5.0,35.0,1,439,9.476771354675293,0.18412289524754266,,out_of_road
1543,fresh,0,fresh,,,0,1,0,8,1,1,10.0,10.0,10.0,20.0,2,1000,0.3848721385002136,0.003184269992168993,,max_step
1544,fresh,0,fresh,,,0,1,1,0,1,0,10.0,10.0,10.0,35.0,0,94,2.0906145572662354,0.026356374250447498,,out_of_road
1545,fresh,0,fresh,,,0,1,0,2,1,1,15.0,40.0,15.0,55.0,2,2,0.5041768550872803,0.0,,arrive_dest
1546,fresh,0,fresh,,,0,1,0,18,1,1,20.0,40.0,5.0,55.0,3,65,1.5113193988800049,0.002686550088513356,,crash_vehicle
1547,fresh,0,fresh,,,0,0,0,0,1,0,5.0,5.0,10.0,35.0,0,83,2.5392539501190186,0.07006296036338591,,crash_vehicle
1548,fresh,0,fresh,,,0,1,0,0,1,0,20.0,40.0,10.0,35.0,0,50,0.7929720282554626,0.004326917231082916,,out_of_road
1549,fresh,0,fresh,,,0,1,1,18,1,1,15.0,40.0,15.0,55.0,1,119,4.298033714294434,0.22460109547970175,,crash_vehicle
1550,fresh,0,fresh,,,0,0,0,5,1,1,15.0,40.0,10.0,55.0,3,217,5.3556647300720215,0.12366850725654084,,out_of_road
1551,fresh,0,fresh,,,0,1,1,0,0,0,15.0,20.0,10.0,20.0,0,70,1.4914048910140991,0.023347537804927144,,out_of_road
1552,fresh,0,fresh,,,0,1,1,12,1,1,15.0,10.0,10.0,20.0,0,36,0.1431947946548462,0.10262174697385894,,crash_vehicle
1553,fresh,0,fresh,,,0,1,0,0,0,0,5.0,10.0,5.0,20.0,0,127,4.599415302276611,0.08605278645620101,,out_of_road
1554,fresh,0,fresh,,,0,1,1,0,1,0,5.0,40.0,15.0,55.0,0,95,1.7698469161987305,0.037575214748319825,,out_of_road
1555,fresh,0,fresh,,,0,0,0,4,1,1,15.0,20.0,15.0,35.0,1,570,9.716630935668945,0.13442750948628313,,out_of_road
1556,fresh,0,fresh,,,0,0,0,1,1,0,20.0,20.0,15.0,35.0,1,264,11.700383186340332,0.3060621745411702,,out_of_road
1557,fresh,0,fresh,,,0,0,0,12,0,0,20.0,10.0,15.0,10.0,3,46,0.5353415012359619,0.0061934138040827666,,out_of_road
1558,fresh,0,fresh,,,0,1,0,12,1,0,15.0,5.0,10.0,20.0,1,1000,0.00320996786467731,0.000790307343006134,,max_step
1559,fresh,0,fresh,,,0,1,0,8,0,1,20.0,10.0,10.0,10.0,2,1000,1.2048975229263306,0.006426372172310948,,max_step
1560,fresh,0,fresh,,,0,1,1,4,0,0,20.0,20.0,15.0,20.0,2,150,5.155339241027832,0.29739724528044464,,out_of_road
1561,fresh,0,fresh,,,0,1,1,0,1,0,5.0,5.0,15.0,20.0,0,223,9.905799865722656,0.21921835825548847,,out_of_road
1562,fresh,0,fresh,,,0,1,0,5,0,0,5.0,40.0,15.0,10.0,0,68,1.8942971229553223,0.042979535116019714,,crash_vehicle
1563,fresh,0,fresh,,,0,1,0,2,1,1,5.0,5.0,10.0,55.0,2,110,3.6698176860809326,0.0712909337725829,,crash_vehicle
1564,fresh,0,fresh,,,0,1,1,18,0,0,15.0,40.0,15.0,55.0,0,124,4.69345235824585,0.17759770276625791,,crash_vehicle
1565,fresh,0,fresh,,,0,1,0,1,1,0,10.0,5.0,5.0,35.0,0,159,3.380500078201294,0.1645764450970217,,crash_vehicle
1566,fresh,0,fresh,,,0,1,0,5,0,0,10.0,20.0,5.0,10.0,0,74,1.8969357013702393,0.08857934394020688,,crash_vehicle
1567,fresh,0,fresh,,,0,0,0,5,1,0,15.0,10.0,15.0,20.0,0,93,0.2713826298713684,0.008590968205563484,,crash_vehicle
1568,fresh,0,fresh,,,0,0,0,8,1,1,15.0,20.0,5.0,35.0,1,1000,0.9558192491531372,0.008401188900461421,,max_step
1569,fresh,0,fresh,,,0,0,0,5,1,0,15.0,5.0,10.0,55.0,3,1000,7.0507121086120605,0.06710829813964665,,max_step
1570,fresh,0,fresh,,,0,0,0,8,0,0,15.0,40.0,10.0,20.0,3,150,4.426732063293457,0.14742114126682282,,out_of_road
1571,fresh,0,fresh,,,0,0,0,8,0,1,20.0,40.0,5.0,55.0,3,74,1.3067773580551147,0.0023523581189078256,,crash_vehicle
1572,fresh,0,fresh,,,0,0,0,2,1,0,15.0,40.0,5.0,55.0,2,112,3.5604608058929443,0.04873161032862429,,crash_vehicle
1573,fresh,0,fresh,,,0,0,0,3,0,0,20.0,40.0,15.0,35.0,1,207,9.510650634765625,0.16236789531303922,,out_of_road
1574,fresh,0,fresh,,,0,0,0,8,1,1,20.0,20.0,15.0,35.0,2,201,9.946398735046387,0.1958762206164981,,out_of_road
1575,fresh,0,fresh,,,0,1,1,12,0,1,5.0,5.0,15.0,35.0,1,128,0.9463010430335999,0.06270717552979477,,crash_vehicle
1576,fresh,0,fresh,,,0,1,1,4,1,0,10.0,10.0,5.0,20.0,3,331,0.23530152440071106,0.012205998106575444,,crash_vehicle
1577,fresh,0,fresh,,,0,1,0,5,0,0,5.0,5.0,15.0,55.0,2,52,0.0006870031356811523,0.04262151261075185,,crash_vehicle
1578,fresh,0,fresh,,,0,0,0,1,1,0,5.0,40.0,15.0,55.0,1,116,2.8400847911834717,0.055624387580259095,,out_of_road
1579,fresh,0,fresh,,,0,0,0,18,0,0,10.0,40.0,10.0,35.0,1,17,-0.24274340271949768,0.018159345778472284,,out_of_road
1580,fresh,0,fresh,,,0,0,0,2,0,0,10.0,10.0,5.0,10.0,2,48,0.822029173374176,0.014611818672468265,,out_of_road
1581,fresh,0,fresh,,,0,1,0,1,0,0,5.0,40.0,15.0,20.0,1,137,5.746892929077148,0.20609880408550865,,out_of_road
1582,fresh,0,fresh,,,0,0,0,5,0,1,5.0,5.0,5.0,10.0,0,1000,0.6327201128005981,0.006557143373414874,,max_step
1583,fresh,0,fresh,,,0,1,0,18,1,0,15.0,40.0,5.0,55.0,1,87,2.6467673778533936,0.0462753333408257,,crash_vehicle
1584,fresh,0,fresh,,,0,1,0,2,1,1,20.0,40.0,15.0,55.0,2,1000,0.0012097446015104651,0.0004934126138687134,,max_step
1585,fresh,0,fresh,,,0,1,1,2,0,0,20.0,40.0,15.0,10.0,2,166,7.041806221008301,0.3095331267420068,,out_of_road
1586,fresh,0,fresh,,,0,1,1,1,1,1,20.0,20.0,15.0,55.0,1,121,3.929027557373047,0.09905834602238225,,crash_vehicle
1587,fresh,0,fresh,,,0,1,0,0,1,0,5.0,10.0,10.0,10.0,0,67,0.8748275637626648,0.030342504826944266,,crash_vehicle
1588,fresh,0,fresh,,,0,1,1,0,1,0,5.0,40.0,15.0,35.0,0,80,1.7997242212295532,0.03480625393567607,,out_of_road
1589,fresh,0,fresh,,,0,0,0,5,1,1,15.0,10.0,5.0,35.0,1,285,2.7749059200286865,0.08950312897040133,,out_of_road
1590,fresh,0,fresh,,,0,1,0,2,0,1,5.0,5.0,10.0,35.0,2,86,2.2337305545806885,0.056136003630452375,,out_of_road
1591,fresh,0,fresh,,,0,1,1,12,0,0,15.0,40.0,10.0,10.0,1,82,2.187507390975952,0.10538659862628798,,crash_vehicle
1592,fresh,0,fresh,,,0,0,0,4,1,1,5.0,10.0,10.0,35.0,3,1000,0.48207148909568787,0.005165749259293079,,max_step
1593,fresh,0,fresh,,,0,0,0,1,0,1,5.0,20.0,5.0,55.0,0,35,0.9743852615356445,0.04114645634378706,,arrive_dest
1594,fresh,0,fresh,,,0,1,0,18,0,1,5.0,5.0,5.0,55.0,3,211,0.07994401454925537,0.02910918056505834,,crash_vehicle
1595,fresh,0,fresh,,,0,1,1,5,1,1,5.0,10.0,5.0,55.0,0,1000,0.9607902765274048,0.00613033228868153,,max_step
1596,fresh,0,fresh,,,0,0,0,8,0,1,10.0,5.0,10.0,10.0,1,48,0.292926162481308,0.00805992844592159,,crash_vehicle
1597,fresh,0,fresh,,,0,0,0,1,1,1,15.0,5.0,5.0,20.0,1,1000,0.001729448209516704,0.0,,max_step
1598,fresh,0,fresh,,,0,0,0,1,1,0,5.0,10.0,15.0,55.0,1,109,3.8452086448669434,0.0945521727665712,,crash_vehicle
1599,fresh,0,fresh,,,0,0,0,8,0,0,20.0,20.0,15.0,35.0,2,438,17.283227920532227,0.3664007993525566,,out_of_road
1600,fresh,0,fresh,,,0,1,0,18,1,0,20.0,40.0,10.0,55.0,3,176,1.7820124626159668,0.01055723831615813,,crash_vehicle
1601,fresh,0,fresh,,,0,0,0,12,0,0,10.0,20.0,15.0,35.0,3,131,3.8306126594543457,0.24928989898384982,,out_of_road
1602,fresh,0,fresh,,,0,1,1,12,1,1,5.0,40.0,10.0,55.0,3,69,1.7176891565322876,0.028897471213038418,,crash_vehicle
1603,fresh,0,fresh,,,0,1,1,8,0,0,5.0,40.0,5.0,20.0,1,71,1.9466962814331055,0.03421029047122304,,crash_vehicle
1604,fresh,0,fresh,,,0,0,0,5,1,1,15.0,20.0,10.0,35.0,1,229,0.9528867602348328,0.03291978088602033,,crash_vehicle
1605,fresh,0,fresh,,,0,1,1,0,0,0,10.0,10.0,10.0,20.0,0,167,4.654997825622559,0.142399079645956,,out_of_road
1606,fresh,0,fresh,,,0,1,1,1,0,0,20.0,40.0,10.0,20.0,1,181,9.492155075073242,0.30854633540038573,,out_of_road
1607,fresh,0,fresh,,,0,1,1,5,0,1,20.0,40.0,15.0,35.0,2,75,1.8891923427581787,0.024892467806736627,,crash_vehicle
1608,fresh,0,fresh,,,0,1,1,4,1,1,15.0,10.0,10.0,20.0,1,35,0.24686187505722046,0.0,,crash_vehicle
1609,fresh,0,fresh,,,0,0,0,8,0,0,5.0,20.0,10.0,55.0,1,58,0.9378249645233154,0.008123988349889887,,crash_vehicle
1610,fresh,0,fresh,,,0,1,1,5,0,0,10.0,20.0,10.0,55.0,3,1000,1.302732229232788,0.007345940388739109,,max_step
1611,fresh,0,fresh,,,0,0,0,12,1,0,15.0,5.0,15.0,20.0,2,1000,0.6699673533439636,0.01026794819533825,,max_step
1612,fresh,0,fresh,,,0,1,1,0,0,0,20.0,20.0,15.0,35.0,0,196,9.271334648132324,0.21095225707228696,,out_of_road
1613,fresh,0,fresh,,,0,1,0,0,0,0,15.0,5.0,15.0,55.0,0,86,2.1963582038879395,0.02063488102582998,,out_of_road
1614,fresh,0,fresh,,,0,1,1,18,0,0,10.0,10.0,10.0,20.0,1,111,2.2931976318359375,0.058740430083629246,,out_of_road
1615,fresh,0,fresh,,,0,0,0,0,1,0,15.0,5.0,5.0,35.0,0,94,2.8055145740509033,0.08518102785889456,,crash_vehicle
1616,fresh,0,fresh,,,0,1,1,1,0,1,20.0,40.0,15.0,35.0,1,90,2.3368566036224365,0.04106055775450335,,out_of_road
1617,fresh,0,fresh,,,0,0,0,12,0,0,15.0,40.0,5.0,20.0,1,125,4.703923225402832,0.24888110584020615,,out_of_road
1618,fresh,0,fresh,,,0,0,0,4,0,0,15.0,5.0,15.0,10.0,1,1000,0.2315242737531662,0.0004890374913811684,,max_step
1619,fresh,0,fresh,,,0,1,1,2,1,1,15.0,10.0,15.0,20.0,2,1000,1.9541881084442139,0.008125086115440354,,max_step
1620,fresh,0,fresh,,,0,1,1,12,1,1,5.0,5.0,5.0,20.0,1,244,1.6987892389297485,0.02448155416259695,,crash_vehicle
1621,fresh,0,fresh,,,0,1,1,18,1,1,10.0,10.0,15.0,20.0,3,1000,0.6913565993309021,0.00992201125435531,,max_step
1622,fresh,0,fresh,,,0,0,0,5,0,0,10.0,10.0,10.0,35.0,0,1000,0.5807543992996216,0.0008374682809226215,,max_step
1623,fresh,0,fresh,,,0,0,0,2,1,0,20.0,20.0,5.0,35.0,2,18,-0.23930507898330688,0.0874350257217884,,out_of_road
1624,fresh,0,fresh,,,0,0,0,0,1,0,20.0,20.0,10.0,20.0,0,205,9.918473243713379,0.28882527950151665,,out_of_road
1625,fresh,0,fresh,,,0,1,1,2,1,0,15.0,20.0,10.0,35.0,1,51,0.13704714179039001,0.013410692778872508,,out_of_road
1626,fresh,0,fresh,,,0,0,0,8,0,0,20.0,5.0,5.0,20.0,1,152,4.116168975830078,0.26240966086717027,,crash_vehicle
1627,fresh,0,fresh,,,0,0,0,5,0,0,15.0,10.0,5.0,10.0,0,45,0.5529241561889648,0.025871003046631813,,crash_vehicle
1628,fresh,0,fresh,,,0,0,0,1,1,1,5.0,5.0,10.0,55.0,1,100,3.1686716079711914,0.1829567601531744,,out_of_road
1629,fresh,0,fresh,,,0,0,0,4,0,1,15.0,40.0,15.0,55.0,2,84,2.6664559841156006,0.14883920488258204,,crash_vehicle
1630,fresh,0,fresh,,,0,0,0,8,1,1,20.0,5.0,10.0,20.0,3,57,0.0783369243144989,0.013013260700462157,,crash_vehicle
1631,fresh,0,fresh,,,0,1,1,2,1,0,5.0,40.0,5.0,55.0,1,105,2.3757505416870117,0.07953308923613457,,out_of_road
1632,fresh,0,fresh,,,0,0,0,1,1,0,10.0,20.0,15.0,35.0,1,185,4.2944512367248535,0.16307618652243872,,crash_vehicle
1633,fresh,0,fresh,,,0,1,1,8,1,1,5.0,40.0,5.0,55.0,0,76,1.4451851844787598,0.03887211595122751,,crash_vehicle
1634,fresh,0,fresh,,,0,1,1,12,0,0,5.0,5.0,10.0,20.0,2,100,1.5351355075836182,0.05998716378584504,,crash_vehicle
1635,fresh,0,fresh,,,0,1,0,3,0,0,5.0,40.0,10.0,10.0,1,100,3.0959131717681885,0.17636218823492528,,crash_vehicle
1636,fresh,0,fresh,,,0,0,0,8,0,0,15.0,40.0,5.0,55.0,0,84,2.2979319095611572,0.08673696902336642,,out_of_road
1637,fresh,0,fresh,,,0,0,0,18,1,1,15.0,10.0,15.0,20.0,0,1000,0.6086249947547913,0.00048784588859416547,,max_step
1638,fresh,0,fresh,,,0,1,0,8,0,0,15.0,5.0,5.0,10.0,0,324,11.832924842834473,0.36250736099886305,,out_of_road
1639,fresh,0,fresh,,,0,1,1,8,0,1,10.0,20.0,10.0,35.0,2,1000,0.9384239315986633,0.002507242895429954,,max_step
1640,fresh,0,fresh,,,0,1,1,4,0,1,20.0,40.0,5.0,35.0,0,204,10.151144027709961,0.2574263568967581,,out_of_road
1641,fresh,0,fresh,,,0,1,0,1,1,1,10.0,40.0,15.0,55.0,1,50,0.8501943349838257,0.030740260649472474,,out_of_road
1642,fresh,0,fresh,,,0,1,0,0,0,0,10.0,10.0,15.0,10.0,0,152,6.400529861450195,0.15213282111002818,,out_of_road
1643,fresh,0,fresh,,,0,1,0,8,1,1,5.0,5.0,5.0,35.0,0,1000,0.11720724403858185,0.004837639747187495,,max_step
1644,fresh,0,fresh,,,0,1,1,18,1,0,20.0,10.0,5.0,35.0,0,30,0.0558142364025116,0.009442617495854696,,out_of_road
1645,fresh,0,fresh,,,0,0,0,1,1,0,10.0,20.0,10.0,35.0,1,49,0.8557563424110413,0.031065009420319478,,out_of_road
1646,fresh,0,fresh,,,0,1,1,3,1,0,5.0,5.0,5.0,20.0,0,1000,2.7062325477600098,0.015265282979002223,,max_step
1647,fresh,0,fresh,,,0,0,0,8,0,0,10.0,5.0,5.0,55.0,2,122,1.203437328338623,0.07604842487966916,,crash_vehicle
1648,fresh,0,fresh,,,0,1,0,18,0,1,10.0,20.0,5.0,55.0,2,400,1.0268505811691284,0.018428726450074463,,crash_vehicle
1649,fresh,0,fresh,,,0,1,0,8,0,0,5.0,5.0,5.0,35.0,2,1000,0.031636327505111694,0.01082681770902127,,max_step
1650,fresh,0,fresh,,,0,1,1,8,1,1,20.0,40.0,10.0,55.0,1,66,1.6043331623077393,0.031560350745690594,,crash_vehicle
1651,fresh,0,fresh,,,0,1,0,1,0,0,20.0,40.0,10.0,35.0,0,72,1.4101665019989014,0.045151978737622916,,out_of_road
1652,fresh,0,fresh,,,0,0,0,18,0,1,10.0,5.0,10.0,20.0,0,645,0.14143535494804382,0.015220295002525168,,crash_vehicle
1653,fresh,0,fresh,,,0,0,0,18,1,0,15.0,10.0,10.0,20.0,2,586,0.368537038564682,0.006052256247732763,,crash_vehicle
1654,fresh,0,fresh,,,0,1,1,12,1,1,15.0,20.0,5.0,35.0,3,124,2.9247477054595947,0.06383675389600196,,out_of_road
1655,fresh,0,fresh,,,0,1,1,8,1,1,10.0,10.0,10.0,20.0,3,1000,2.4151251316070557,0.019048506480176003,,max_step
1656,fresh,0,fresh,,,0,1,0,12,0,0,20.0,5.0,5.0,55.0,0,149,2.249664306640625,0.11743907411676525,,out_of_road
1657,fresh,0,fresh,,,0,1,1,2,1,0,20.0,5.0,15.0,35.0,2,92,2.7141427993774414,0.09595848385082639,,crash_vehicle
1658,fresh,0,fresh,,,0,1,0,4,1,0,10.0,20.0,5.0,35.0,1,86,2.088418960571289,0.12168099341350933,,crash_vehicle
1659,fresh,0,fresh,,,0,1,0,3,0,0,15.0,40.0,5.0,35.0,1,288,3.0676109790802,0.06152263959746859,,out_of_road
1660,fresh,0,fresh,,,0,1,0,3,0,1,10.0,5.0,5.0,20.0,0,1000,0.4887380003929138,0.0005554440356791019,,max_step
1661,fresh,0,fresh,,,0,0,0,3,1,1,20.0,40.0,5.0,55.0,1,68,1.4760104417800903,0.02032961296465467,,crash_vehicle
1662,fresh,0,fresh,,,0,0,0,18,0,1,15.0,10.0,15.0,55.0,2,139,0.4495537281036377,0.008007881087552515,,crash_vehicle
1663,fresh,0,fresh,,,0,0,0,8,0,0,10.0,5.0,10.0,10.0,1,1000,0.0010607992298901081,0.002532145634293556,,max_step
1664,fresh,0,fresh,,,0,1,0,4,0,1,20.0,5.0,5.0,10.0,2,67,0.07456040382385254,0.013790856442177918,,crash_vehicle
1665,fresh,0,fresh,,,0,1,1,4,1,1,10.0,20.0,10.0,35.0,3,137,2.537224531173706,0.11853039987983495,,out_of_road
1666,fresh,0,fresh,,,0,0,0,5,1,0,20.0,20.0,10.0,55.0,0,226,5.9546308517456055,0.23209472636865303,,crash_vehicle
1667,fresh,0,fresh,,,0,1,1,4,1,0,10.0,5.0,15.0,20.0,0,2,0.5072373747825623,0.1293295919895172,,arrive_dest
1668,fresh,0,fresh,,,0,0,0,5,0,1,15.0,10.0,10.0,55.0,2,1000,0.6474529504776001,0.0018302799435332417,,max_step
1669,fresh,0,fresh,,,0,0,0,5,1,0,20.0,40.0,15.0,55.0,1,45,0.5272871851921082,0.07843726144896614,,out_of_road
1670,fresh,0,fresh,,,0,1,1,5,1,1,5.0,5.0,5.0,35.0,3,1000,0.48375576734542847,0.017351462202146648,,max_step
1671,fresh,0,fresh,,,0,0,0,2,1,1,20.0,10.0,10.0,20.0,2,1000,1.9795032739639282,0.014553010302595794,,max_step
1672,fresh,0,fresh,,,0,0,0,8,1,1,10.0,10.0,15.0,35.0,1,1000,2.087911367416382,0.013285473825177177,,max_step
1673,fresh,0,fresh,,,0,1,1,12,0,0,20.0,5.0,5.0,10.0,0,295,8.446290016174316,0.25480660224428114,,out_of_road
1674,fresh,0,fresh,,,0,0,0,3,1,0,15.0,40.0,5.0,55.0,2,86,2.6614768505096436,0.10072060057157001,,crash_vehicle
1675,fresh,0,fresh,,,0,1,0,5,1,1,20.0,40.0,10.0,55.0,2,105,1.79069185256958,0.05090490769861,,crash_vehicle
1676,fresh,0,fresh,,,0,0,0,2,1,0,20.0,10.0,15.0,20.0,2,1000,1.8620814085006714,0.00473526089056395,,max_step
1677,fresh,0,fresh,,,0,1,1,5,0,0,15.0,20.0,15.0,10.0,1,57,1.051777720451355,0.018712865548175677,,crash_vehicle
1678,fresh,0,fresh,,,0,1,0,18,0,1,5.0,5.0,5.0,10.0,3,1000,0.5702497363090515,0.012727232236415148,,max_step
1679,fresh,0,fresh,,,0,1,1,0,1,0,10.0,5.0,15.0,55.0,0,209,9.973719596862793,0.2878805953278496,,out_of_road
1680,fresh,0,fresh,,,0,0,0,0,1,0,20.0,20.0,15.0,55.0,0,21,-0.22327323257923126,0.0,,out_of_road
1681,fresh,0,fresh,,,0,0,0,18,1,0,15.0,20.0,5.0,35.0,3,70,1.7519469261169434,0.053586427814194135,,crash_vehicle
1682,fresh,0,fresh,,,0,1,1,12,1,1,5.0,40.0,10.0,55.0,3,1000,1.535121202468872,0.002968268606811762,,max_step
1683,fresh,0,fresh,,,0,0,0,0,0,0,5.0,40.0,15.0,35.0,0,103,2.542232036590576,0.0372487395680826,,out_of_road
1684,fresh,0,fresh,,,0,0,0,0,0,0,20.0,40.0,5.0,20.0,0,232,13.742005348205566,0.5018282213473114,,out_of_road
1685,fresh,0,fresh,,,0,0,0,8,1,0,5.0,5.0,15.0,20.0,3,1000,0.1638689488172531,0.0005056281685829162,,max_step
1686,fresh,0,fresh,,,0,1,1,8,1,0,15.0,10.0,15.0,20.0,0,35,0.2321445345878601,0.012278346504483903,,crash_vehicle
1687,fresh,0,fresh,,,0,1,0,12,0,1,15.0,40.0,15.0,55.0,3,1000,2.9876954555511475,0.025609259467571973,,max_step
1688,fresh,0,fresh,,,0,0,0,5,0,0,20.0,40.0,5.0,55.0,3,113,3.560403347015381,0.1170830161566228,,out_of_road
1689,fresh,0,fresh,,,0,0,0,18,1,0,5.0,5.0,5.0,20.0,2,319,8.964641571044922,0.2310986661857292,,crash_vehicle
1690,fresh,0,fresh,,,0,0,0,2,1,1,10.0,40.0,10.0,55.0,1,95,1.9768372774124146,0.032483407149189396,,out_of_road
1691,fresh,0,fresh,,,0,0,0,0,0,0,10.0,5.0,5.0,20.0,0,2,0.5083752870559692,0.0,rejection_fallback,arrive_dest
1692,fresh,0,fresh,,,0,0,0,4,1,0,5.0,20.0,10.0,35.0,0,74,1.5317524671554565,0.0759331835182132,,crash_vehicle
1693,fresh,0,fresh,,,0,1,0,12,1,1,20.0,10.0,10.0,20.0,2,1000,2.5606608390808105,0.024904794912785293,,max_step
1694,fresh,0,fresh,,,0,0,0,18,1,1,5.0,40.0,10.0,55.0,2,70,1.7347526550292969,0.041891223192214964,,crash_vehicle
1695,fresh,0,fresh,,,0,1,1,8,0,1,10.0,5.0,15.0,10.0,1,1000,0.06770557165145874,0.0064944085851311685,,max_step
1696,fresh,0,fresh,,,0,1,0,1,1,0,10.0,5.0,5.0,35.0,1,11,0.5632128715515137,0.06209709427573464,,arrive_dest
1697,fresh,0,fresh,,,0,0,0,5,0,0,5.0,5.0,5.0,20.0,1,1000,1.2811943292617798,0.009043647568440064,,max_step
1698,fresh,0,fresh,,,0,0,0,2,1,0,5.0,20.0,15.0,35.0,2,86,2.5175678730010986,0.08161480722645688,,crash_vehicle
1699,fresh,0,fresh,,,0,1,0,4,0,1,5.0,5.0,5.0,10.0,2,1000,0.34689122438430786,0.0003843845287337899,,max_step
1700,fresh,0,fresh,,,0,1,1,5,0,0,20.0,20.0,5.0,55.0,1,268,9.368515014648438,0.3826765252039212,,out_of_road
1701,fresh,0,fresh,,,0,1,0,12,1,1,20.0,10.0,15.0,55.0,0,1000,0.0005803020321764052,0.0,,max_step
1702,fresh,0,fresh,,,0,0,0,5,0,0,5.0,10.0,10.0,55.0,0,124,2.2600154876708984,0.13959937825077964,,out_of_road
1703,fresh,0,fresh,,,0,1,0,8,0,0,5.0,5.0,15.0,35.0,3,1000,1.1144251823425293,0.015689259960548953,,max_step
1704,fresh,0,fresh,,,0,1,1,12,1,1,20.0,20.0,5.0,35.0,1,46,0.6608222126960754,0.013505576502369799,,crash_vehicle
1705,fresh,0,fresh,,,0,0,0,2,0,1,20.0,40.0,5.0,35.0,0,178,7.613832950592041,0.1835763200991944,,out_of_road
1706,fresh,0,fresh,,,0,0,0,4,0,0,10.0,40.0,15.0,55.0,0,111,3.4953370094299316,0.12818321073008282,,out_of_road
1707,fresh,0,fresh,,,0,1,1,4,1,1,20.0,10.0,10.0,20.0,3,351,11.868921279907227,0.2735907662888071,,out_of_road
1708,fresh,0,fresh,,,0,1,1,3,0,1,15.0,20.0,5.0,55.0,1,1000,0.8865994215011597,0.007633755498100072,,max_step
1709,fresh,0,fresh,,,0,1,1,12,1,1,20.0,5.0,15.0,55.0,2,1000,1.1142019033432007,0.01468245026189834,,max_step
1710,fresh,0,fresh,,,0,1,0,1,0,0,5.0,10.0,5.0,10.0,1,97,2.5324039459228516,0.0597812196566272,,out_of_road
1711,fresh,0,fresh,,,0,0,0,3,1,0,5.0,20.0,10.0,55.0,1,39,0.2960333824157715,0.021867686548294164,,out_of_road
1712,fresh,0,fresh,,,0,1,1,12,1,1,5.0,10.0,15.0,35.0,0,1000,1.140468955039978,0.013477748117351439,,max_step
1713,fresh,0,fresh,,,0,0,0,0,0,0,10.0,5.0,5.0,20.0,0,204,9.420684814453125,0.27339194826416524,rejection_fallback,out_of_road
1714,fresh,0,fresh,,,0,1,1,4,0,1,10.0,20.0,10.0,10.0,1,1000,1.5473520755767822,0.007657612666487693,,max_step
1715,fresh,0,fresh,,,0,0,0,5,0,1,5.0,20.0,15.0,10.0,3,49,0.8721386194229126,0.01919364237359592,,crash_vehicle
1716,fresh,0,fresh,,,0,0,0,18,0,0,15.0,5.0,10.0,55.0,2,1000,0.13039973378181458,0.01614033100416418,,max_step
1717,fresh,0,fresh,,,0,0,0,0,0,0,10.0,10.0,10.0,10.0,0,139,5.654261589050293,0.25302710523493854,,out_of_road
1718,fresh,0,fresh,,,0,0,0,0,0,0,20.0,20.0,15.0,55.0,0,312,15.373302459716797,0.42885376478975207,,out_of_road
1719,fresh,0,fresh,,,0,0,0,12,1,1,20.0,5.0,10.0,20.0,1,1000,0.0017223198665305972,0.0002897266149520874,,max_step
1720,fresh,0,fresh,,,0,0,0,8,1,1,5.0,10.0,15.0,20.0,1,167,3.237109899520874,0.1924574646602446,,crash_vehicle
1721,fresh,0,fresh,,,0,1,0,8,0,1,15.0,10.0,5.0,10.0,3,299,0.192997008562088,0.028152953957933248,,crash_vehicle
1722,fresh,0,fresh,,,0,0,0,5,0,1,10.0,5.0,10.0,55.0,1,26,0.05762135982513428,0.005944462922903208,,crash_vehicle
1723,fresh,0,fresh,,,0,0,0,12,0,1,5.0,40.0,10.0,55.0,0,71,1.51210355758667,0.041702836751937866,,crash_vehicle
1724,fresh,0,fresh,,,0,1,0,4,0,1,15.0,40.0,10.0,10.0,0,64,1.3701930046081543,0.04490103753050789,,crash_vehicle
1725,fresh,0,fresh,,,0,1,0,4,0,0,15.0,10.0,5.0,55.0,2,75,0.9151862859725952,0.08799973192935188,,crash_vehicle
1726,fresh,0,fresh,,,0,1,1,12,0,1,10.0,40.0,10.0,35.0,3,53,0.7471726536750793,0.0362746241098305,,out_of_road
1727,fresh,0,fresh,,,0,0,0,18,0,1,5.0,20.0,10.0,10.0,1,254,0.422811895608902,0.033447904722200425,,crash_vehicle
1728,fresh,0,fresh,,,0,0,0,0,1,0,5.0,10.0,15.0,10.0,0,246,4.6248884201049805,0.21490347055279144,,out_of_road
1729,fresh,0,fresh,,,0,0,0,4,0,0,5.0,40.0,5.0,55.0,0,157,4.829245567321777,0.0761931634086902,,out_of_road
1730,fresh,0,fresh,,,0,1,1,1,0,0,20.0,40.0,5.0,20.0,1,152,5.079104423522949,0.08284146485752181,,out_of_road
1731,fresh,0,fresh,,,0,0,0,12,0,1,5.0,40.0,10.0,35.0,1,127,4.216396331787109,0.10199574036450368,,crash_vehicle
1732,fresh,0,fresh,,,0,1,1,3,0,1,20.0,5.0,5.0,10.0,1,1000,0.3807840943336487,0.0003973492719233036,,max_step
1733,fresh,0,fresh,,,0,0,0,8,1,1,10.0,40.0,10.0,55.0,3,1000,2.3458943367004395,0.013874218642653431,,max_step
1734,fresh,0,fresh,,,0,1,0,2,1,0,5.0,5.0,10.0,35.0,2,226,9.71764850616455,0.17825171781654378,,out_of_road
1735,fresh,0,fresh,,,0,0,0,2,1,0,5.0,10.0,10.0,55.0,2,103,3.7398781776428223,0.19325667388230852,,crash_vehicle
1736,fresh,0,fresh,,,0,1,0,5,0,1,20.0,10.0,15.0,10.0,3,140,4.244813442230225,0.3464812248546098,,out_of_road
1737,fresh,0,fresh,,,0,1,0,3,1,1,5.0,40.0,10.0,55.0,1,70,1.4044376611709595,0.04581354686192104,,crash_vehicle
1738,fresh,0,fresh,,,0,0,0,4,1,1,20.0,40.0,5.0,55.0,3,106,3.0350241661071777,0.18389427992251683,,out_of_road
1739,fresh,0,fresh,,,0,1,1,4,0,1,20.0,20.0,15.0,10.0,1,212,10.64991569519043,0.28559601519537986,,arrive_dest
1740,fresh,0,fresh,,,0,1,0,12,0,1,10.0,20.0,10.0,35.0,3,46,0.7075554728507996,0.021446657994681078,,crash_vehicle
1741,fresh,0,fresh,,,0,0,0,3,1,0,5.0,10.0,15.0,20.0,3,105,2.29179310798645,0.04151603359551657,,out_of_road
1742,fresh,0,fresh,,,0,0,0,8,0,0,10.0,5.0,10.0,55.0,1,1000,0.2248719483613968,0.0067318553486838935,,max_step
1743,fresh,0,fresh,,,0,1,1,1,1,0,20.0,10.0,5.0,20.0,0,69,0.5703938007354736,0.04220406235992045,,out_of_road
1744,fresh,0,fresh,,,0,1,1,1,1,0,20.0,10.0,15.0,35.0,1,100,2.8826568126678467,0.10281376338098198,,crash_vehicle
1745,fresh,0,fresh,,,0,0,0,1,1,0,10.0,20.0,15.0,35.0,1,157,5.042967319488525,0.24199007997277436,,arrive_dest
1746,fresh,0,fresh,,,0,0,0,8,1,1,20.0,10.0,15.0,35.0,2,1000,1.4276677370071411,0.009394255140796304,,max_step
1747,fresh,0,fresh,,,0,0,0,0,0,0,5.0,40.0,10.0,35.0,0,80,2.544755458831787,0.062368701584637164,,out_of_road
1748,fresh,0,fresh,,,0,0,0,18,0,1,15.0,20.0,5.0,35.0,1,43,0.728675365447998,0.0042429483214090034,,crash_vehicle
1749,fresh,0,fresh,,,0,0,0,4,0,0,15.0,5.0,5.0,10.0,1,1000,0.3113783299922943,0.003510915972292423,,max_step
1750,fresh,0,fresh,,,0,0,0,1,1,1,15.0,40.0,15.0,55.0,0,94,2.7957427501678467,0.10583510275365428,,crash_vehicle
1751,fresh,0,fresh,,,0,0,0,0,0,0,20.0,5.0,5.0,35.0,0,271,13.334331512451172,0.3465052790444935,,out_of_road
1752,fresh,0,fresh,,,0,1,1,2,0,1,20.0,5.0,15.0,10.0,0,31,-0.010217085480690002,0.0010611429329841367,,crash_vehicle
1753,fresh,0,fresh,,,0,1,0,12,1,0,20.0,5.0,5.0,35.0,0,1000,1.976616621017456,0.008359075679443776,,max_step
1754,fresh,0,fresh,,,0,1,1,4,0,1,10.0,10.0,10.0,35.0,0,1000,0.6010607481002808,0.007710718456655741,,max_step
1755,fresh,0,fresh,,,0,1,0,0,1,0,10.0,10.0,15.0,10.0,0,139,3.6117281913757324,0.18096687820934348,,out_of_road
1756,fresh,0,fresh,,,0,1,1,5,0,0,5.0,10.0,10.0,20.0,0,123,2.753516674041748,0.15708329186328057,,out_of_road
1757,fresh,0,fresh,,,0,0,0,0,1,0,15.0,10.0,15.0,20.0,0,67,1.6180202960968018,0.12593448612449773,,crash_vehicle
1758,fresh,0,fresh,,,0,0,0,3,0,1,5.0,5.0,15.0,10.0,1,296,10.144906044006348,0.2384063036218789,,out_of_road
1759,fresh,0,fresh,,,0,0,0,1,0,0,10.0,40.0,10.0,10.0,1,213,7.72650146484375,0.2702150133923745,,out_of_road
1760,fresh,0,fresh,,,0,0,0,2,0,1,10.0,5.0,10.0,10.0,2,102,2.9770302772521973,0.08175836487755399,,out_of_road
1761,fresh,0,fresh,,,0,1,0,2,0,1,15.0,5.0,15.0,20.0,2,100,2.82399582862854,0.07327389976009727,,out_of_road
1762,fresh,0,fresh,,,0,0,0,18,0,0,20.0,20.0,5.0,55.0,3,138,3.2937915325164795,0.17805305387878764,,out_of_road
1763,fresh,0,fresh,,,0,0,0,5,1,1,20.0,40.0,10.0,55.0,2,68,1.6408318281173706,0.021617112023865476,,crash_vehicle
1764,fresh,0,fresh,,,0,0,0,18,0,1,15.0,40.0,15.0,20.0,1,72,1.8842533826828003,0.04662838892545551,,crash_vehicle
1765,fresh,0,fresh,,,0,0,0,12,0,0,20.0,20.0,15.0,20.0,1,43,0.6219942569732666,0.022705504020979237,,crash_vehicle
1766,fresh,0,fresh,,,0,0,0,5,1,1,10.0,20.0,5.0,35.0,0,309,12.796672821044922,0.3519817052837039,,out_of_road
1767,fresh,0,fresh,,,0,1,1,18,1,1,20.0,20.0,15.0,55.0,1,52,0.752098560333252,0.03983482016393772,,out_of_road
1768,fresh,0,fresh,,,0,1,0,4,0,0,15.0,40.0,5.0,55.0,0,114,3.3921165466308594,0.13442423911928608,,crash_vehicle
1769,fresh,0,fresh,,,0,0,0,3,1,0,15.0,10.0,15.0,35.0,3,89,2.269456386566162,0.13469538495488717,,out_of_road
1770,fresh,0,fresh,,,0,0,0,4,0,1,20.0,20.0,10.0,55.0,0,51,0.6529093980789185,0.003102519932915183,,crash_vehicle
1771,fresh,0,fresh,,,0,0,0,5,0,1,5.0,10.0,15.0,55.0,3,1000,0.7166283130645752,0.004569300601724535,,max_step
1772,fresh,0,fresh,,,0,0,0,12,0,0,20.0,20.0,10.0,55.0,0,53,0.7544130086898804,0.018028037348006554,,out_of_road
1773,fresh,0,fresh,,,0,1,0,18,0,0,10.0,40.0,15.0,35.0,2,1000,3.6198699474334717,0.015490433061495423,,max_step
1774,fresh,0,fresh,,,0,1,0,3,0,1,5.0,40.0,5.0,35.0,3,183,6.853631973266602,0.1556185749995578,,out_of_road
1775,fresh,0,fresh,,,0,1,1,12,1,0,5.0,5.0,15.0,20.0,3,1000,0.0022014358546584845,0.027839934733929112,,max_step
1776,fresh,0,fresh,,,0,0,0,2,0,0,20.0,10.0,5.0,20.0,2,207,10.075082778930664,0.33063833348920957,,out_of_road
1777,fresh,0,fresh,,,0,1,0,4,1,0,15.0,10.0,10.0,35.0,0,61,1.1914100646972656,0.10671210433661815,,crash_vehicle
1778,fresh,0,fresh,,,0,0,0,1,1,1,10.0,5.0,5.0,20.0,1,97,2.2476747035980225,0.10887783786915627,,crash_vehicle
1779,fresh,0,fresh,,,0,0,0,5,0,0,15.0,10.0,5.0,55.0,0,198,6.352581977844238,0.29175227105316487,,arrive_dest
1780,fresh,0,fresh,,,0,1,1,5,1,1,15.0,5.0,5.0,20.0,0,1000,0.00968022458255291,0.004060427046380937,,max_step
1781,fresh,0,fresh,,,0,1,1,18,1,0,20.0,20.0,15.0,55.0,1,68,1.1669957637786865,0.027454630718292558,,crash_vehicle
1782,fresh,0,fresh,,,0,1,0,12,0,0,15.0,40.0,5.0,55.0,2,1000,2.1389551162719727,0.007689427522243932,,max_step
1783,fresh,0,fresh,,,0,0,0,3,0,0,20.0,5.0,15.0,10.0,2,1000,0.003127687145024538,0.0019896713114940213,,max_step
1784,fresh,0,fresh,,,0,1,0,12,1,0,15.0,10.0,10.0,20.0,3,566,1.4320625066757202,0.03491813020339292,,crash_vehicle
1785,fresh,0,fresh,,,0,0,0,12,0,1,10.0,20.0,10.0,35.0,3,248,10.0673246383667,0.29301471246646776,,out_of_road
1786,fresh,0,fresh,,,0,1,0,0,1,0,15.0,40.0,15.0,35.0,0,97,2.79853892326355,0.12696057196092053,,crash_vehicle
1787,fresh,0,fresh,,,0,0,0,3,0,0,15.0,10.0,5.0,10.0,3,561,16.036209106445312,0.23884346122303962,,out_of_road
1788,fresh,0,fresh,,,0,0,0,1,1,0,15.0,10.0,15.0,20.0,1,298,12.272917747497559,0.30960157103586516,,out_of_road
1789,fresh,0,fresh,,,0,1,1,1,1,0,15.0,20.0,15.0,35.0,1,115,3.017301559448242,0.11832393334935541,,crash_vehicle
1790,fresh,0,fresh,,,0,0,0,8,1,1,15.0,5.0,15.0,20.0,1,1000,0.3772323429584503,0.00247503322083503,,max_step
1791,fresh,0,fresh,,,0,0,0,1,0,0,5.0,40.0,5.0,10.0,1,163,7.754400253295898,0.2907150025176673,,out_of_road
1792,fresh,0,fresh,,,0,1,1,18,0,0,10.0,40.0,5.0,55.0,1,94,2.0473992824554443,0.020716914590051833,,out_of_road
1793,fresh,0,fresh,,,0,0,0,1,1,0,20.0,40.0,10.0,55.0,1,17,-0.26752859354019165,0.002733190708300647,,out_of_road
1794,fresh,0,fresh,,,0,1,1,0,1,0,15.0,10.0,5.0,10.0,0,1000,0.9307041168212891,0.002490934452973306,,max_step
1795,fresh,0,fresh,,,0,0,0,12,1,0,15.0,5.0,15.0,35.0,1,1000,0.23531144857406616,0.001952422591857612,,max_step
1796,fresh,0,fresh,,,0,1,0,12,1,0,5.0,40.0,15.0,55.0,3,208,9.036946296691895,0.2420079168648674,,out_of_road
1797,fresh,0,fresh,,,0,0,0,0,0,0,10.0,5.0,5.0,20.0,0,81,1.626163363456726,0.015679144426996326,rejection_fallback,out_of_road
1798,fresh,0,fresh,,,0,0,0,5,1,0,5.0,5.0,5.0,55.0,3,517,0.040568143129348755,0.0021059226525706066,,crash_vehicle
1799,fresh,0,fresh,,,0,1,1,5,1,0,5.0,40.0,15.0,55.0,2,76,1.7192397117614746,0.034206702864091644,,crash_vehicle
1800,fresh,0,fresh,,,0,0,0,1,0,0,15.0,40.0,5.0,20.0,1,328,16.1146240234375,0.3764355067652082,,arrive_dest
1801,fresh,0,fresh,,,0,0,0,4,0,1,10.0,5.0,10.0,20.0,0,1000,1.2485761642456055,0.008151979968650266,,max_step
1802,fresh,0,fresh,,,0,0,0,1,0,1,10.0,10.0,5.0,55.0,0,39,0.3274664580821991,0.008795122257792033,,crash_vehicle
1803,fresh,0,fresh,,,0,0,0,2,1,0,5.0,10.0,5.0,55.0,0,522,6.354325294494629,0.0944026586237467,,out_of_road
1804,fresh,0,fresh,,,0,1,1,3,0,1,15.0,5.0,10.0,20.0,2,44,-0.0457955002784729,0.007867872799662027,,crash_vehicle
1805,fresh,0,fresh,,,0,0,0,8,0,0,5.0,20.0,15.0,55.0,1,1000,1.2550188302993774,0.0018289214465767145,,max_step
1806,fresh,0,fresh,,,0,0,0,4,1,0,20.0,40.0,15.0,55.0,2,81,1.7296737432479858,0.034829153322879176,,out_of_road
1807,fresh,0,fresh,,,0,1,0,0,0,0,5.0,20.0,10.0,10.0,0,202,10.10735034942627,0.3457671330485604,,out_of_road
1808,fresh,0,fresh,,,0,0,0,12,0,0,5.0,40.0,15.0,35.0,2,226,10.43211841583252,0.26476629978391975,,out_of_road
1809,fresh,0,fresh,,,0,0,0,12,0,0,15.0,20.0,5.0,35.0,2,204,7.465355396270752,0.29634091071784496,,out_of_road
1810,fresh,0,fresh,,,0,1,1,2,0,1,5.0,5.0,5.0,35.0,2,72,1.5781340599060059,0.01821894457356797,,out_of_road
1811,fresh,0,fresh,,,0,0,0,5,0,0,20.0,20.0,5.0,20.0,0,206,10.344310760498047,0.5291158414617615,,arrive_dest
1812,fresh,0,fresh,,,0,0,0,5,1,1,20.0,40.0,5.0,55.0,0,63,1.4965007305145264,0.027745147546132404,,crash_vehicle
1813,fresh,0,fresh,,,0,1,0,1,0,1,15.0,5.0,10.0,10.0,1,116,4.102101802825928,0.23253382980052767,,out_of_road
1814,fresh,0,fresh,,,0,0,0,2,0,0,15.0,20.0,5.0,10.0,0,137,2.420194387435913,0.07288113025690082,,crash_vehicle
1815,fresh,0,fresh,,,0,0,0,2,1,0,10.0,10.0,10.0,20.0,2,164,3.7892701625823975,0.18026880215762592,,out_of_road
1816,fresh,0,fresh,,,0,1,1,18,0,1,10.0,40.0,10.0,10.0,3,70,1.3936539888381958,0.021747741316046034,,crash_vehicle
1817,fresh,0,fresh,,,0,0,0,4,1,1,10.0,20.0,5.0,55.0,3,75,1.7314451932907104,0.043031629789620635,,crash_vehicle
1818,fresh,0,fresh,,,0,0,0,12,1,1,5.0,10.0,10.0,20.0,0,35,0.22776272892951965,0.0,,crash_vehicle
1819,fresh,0,fresh,,,0,0,0,2,1,0,10.0,10.0,10.0,20.0,2,235,10.79038143157959,0.25499871876487074,,out_of_road
1820,fresh,0,fresh,,,0,0,0,18,1,0,5.0,20.0,10.0,35.0,0,1000,1.9416011571884155,0.019553657283540814,,max_step
1821,fresh,0,fresh,,,0,1,0,4,1,1,5.0,10.0,15.0,20.0,3,144,4.627384185791016,0.26614387082453406,,out_of_road
1822,fresh,0,fresh,,,0,1,0,5,1,1,15.0,20.0,5.0,35.0,2,1000,0.8754227757453918,0.007468305577058345,,max_step
1823,fresh,0,fresh,,,0,1,1,8,0,1,20.0,10.0,15.0,10.0,3,771,0.12289261817932129,0.000774052201851178,,crash_vehicle
1824,fresh,0,fresh,,,0,1,1,3,1,1,15.0,20.0,10.0,35.0,3,213,10.384675979614258,0.18764146908837864,,out_of_road
1825,fresh,0,fresh,,,0,1,1,12,1,0,15.0,10.0,10.0,35.0,0,1000,8.133184432983398,0.07874124380754075,,max_step
1826,fresh,0,fresh,,,0,1,0,18,1,0,10.0,5.0,10.0,20.0,2,1000,5.0119218826293945,0.05898843865515664,,max_step
1827,fresh,0,fresh,,,0,1,0,5,0,1,10.0,20.0,5.0,55.0,0,1000,0.8847643733024597,0.0005276331435889005,,max_step
1828,fresh,0,fresh,,,0,1,0,4,1,1,5.0,10.0,15.0,35.0,1,1000,0.7389739751815796,0.0023441322930157185,,max_step
1829,fresh,0,fresh,,,0,0,0,12,0,1,10.0,5.0,5.0,20.0,2,439,0.07522964477539062,0.01817662677152723,,crash_vehicle
1830,fresh,0,fresh,,,0,1,1,5,1,0,10.0,20.0,10.0,35.0,1,1000,6.539948463439941,0.08981142996367998,,max_step
1831,fresh,0,fresh,,,0,1,0,18,0,1,10.0,10.0,15.0,10.0,1,1000,1.0449402332305908,0.010350319061428309,,max_step
1832,fresh,0,fresh,,,0,0,0,3,0,0,15.0,10.0,10.0,55.0,0,1000,0.8233215808868408,0.0012245123088359833,,max_step
1833,fresh,0,fresh,,,0,0,0,5,1,0,5.0,20.0,5.0,35.0,1,1000,2.0493228435516357,0.0045553957095835354,,max_step
1834,fresh,0,fresh,,,0,0,0,2,0,1,5.0,5.0,5.0,55.0,1,1000,0.31479501724243164,0.0002595012749079615,,max_step
1835,fresh,0,fresh,,,0,0,0,1,1,0,20.0,5.0,10.0,20.0,0,78,1.312815546989441,0.10860758346433823,,crash_vehicle
1836,fresh,0,fresh,,,0,0,0,1,0,1,10.0,20.0,10.0,20.0,1,213,9.775391578674316,0.16656710590266496,,out_of_road
1837,fresh,0,fresh,,,0,1,0,3,1,0,20.0,20.0,10.0,35.0,1,196,8.021718978881836,0.16311197589170567,,out_of_road
1838,fresh,0,fresh,,,0,0,0,1,1,0,20.0,5.0,10.0,20.0,1,62,1.445695400238037,0.038511869227213245,,crash_vehicle
1839,fresh,0,fresh,,,0,1,0,18,0,1,20.0,5.0,15.0,55.0,0,1000,0.8705180883407593,0.025310686723067192,,max_step
1840,fresh,0,fresh,,,0,1,0,1,0,0,5.0,20.0,5.0,35.0,0,57,0.9313440322875977,0.024204090237617493,,crash_vehicle
1841,fresh,0,fresh,,,0,0,0,12,0,1,15.0,10.0,10.0,20.0,2,1000,0.871590256690979,0.0053385658375918865,,max_step
1842,fresh,0,fresh,,,0,0,0,12,0,0,15.0,20.0,5.0,35.0,1,50,0.7990716099739075,0.02509651631116867,,out_of_road
1843,fresh,0,fresh,,,0,1,1,8,1,0,10.0,5.0,10.0,55.0,0,640,15.25044059753418,0.25986782064137515,,out_of_road
1844,fresh,0,fresh,,,0,0,0,4,1,0,5.0,20.0,15.0,35.0,1,1000,0.8439010977745056,0.002044979903846979,,max_step
1845,fresh,0,fresh,,,0,0,0,8,0,1,10.0,40.0,10.0,35.0,0,583,2.5092811584472656,0.0349046094023573,,crash_vehicle
1846,fresh,0,fresh,,,0,1,1,5,1,0,5.0,10.0,15.0,55.0,1,197,7.67359733581543,0.2046316254311974,,out_of_road
1847,fresh,0,fresh,,,0,0,0,12,1,1,10.0,10.0,15.0,35.0,3,1000,5.603813648223877,0.05500294399610721,,max_step
1848,fresh,0,fresh,,,0,0,0,8,1,0,5.0,40.0,5.0,55.0,1,76,1.7052088975906372,0.04262537724877659,,crash_vehicle
1849,fresh,0,fresh,,,0,0,0,5,1,0,10.0,20.0,15.0,35.0,3,23,-0.2235463559627533,0.16307355074778848,,out_of_road
1850,fresh,0,fresh,,,0,1,0,2,1,0,10.0,20.0,10.0,35.0,1,1000,6.111912250518799,0.049734144498594104,,max_step
1851,fresh,0,fresh,,,0,1,0,12,1,0,20.0,5.0,15.0,35.0,0,2,0.5095739364624023,0.1502598524093628,,arrive_dest
1852,fresh,0,fresh,,,0,0,0,4,0,1,10.0,40.0,10.0,55.0,0,213,9.85094928741455,0.15756236619705186,,out_of_road
1853,fresh,0,fresh,,,0,1,1,0,1,0,10.0,5.0,15.0,20.0,0,235,10.193256378173828,0.15090809659437932,,out_of_road
1854,fresh,0,fresh,,,0,1,0,4,0,0,20.0,40.0,15.0,55.0,3,96,2.6066746711730957,0.051739551747838654,,out_of_road
1855,fresh,0,fresh,,,0,0,0,2,1,0,10.0,10.0,15.0,20.0,1,1000,0.5555633902549744,0.003142159761162475,,max_step
1856,fresh,0,fresh,,,0,1,0,8,1,0,15.0,40.0,5.0,55.0,2,220,9.962607383728027,0.18524142022837292,,crash_vehicle
1857,fresh,0,fresh,,,0,0,0,8,1,1,5.0,5.0,5.0,55.0,3,872,12.18087387084961,0.08908159801642487,,out_of_road
1858,fresh,0,fresh,,,0,1,1,5,0,0,10.0,40.0,10.0,35.0,2,50,0.8340400457382202,0.0033597886934876443,,out_of_road
1859,fresh,0,fresh,,,0,1,1,18,1,1,5.0,10.0,10.0,55.0,2,106,0.8804699182510376,0.08975464353373028,,crash_vehicle
1860,fresh,0,fresh,,,0,0,0,8,1,1,10.0,40.0,5.0,55.0,3,1000,2.0955817699432373,0.009282360495068132,,max_step
1861,fresh,0,fresh,,,0,1,0,8,0,0,15.0,40.0,15.0,55.0,1,73,1.728212833404541,0.020783779810960978,,crash_vehicle
1862,fresh,0,fresh,,,0,0,0,2,0,1,20.0,10.0,15.0,10.0,1,143,3.06158447265625,0.1266532479752819,,out_of_road
1863,fresh,0,fresh,,,0,1,1,3,1,0,20.0,5.0,10.0,20.0,3,214,10.006248474121094,0.24746955119543404,,out_of_road
1864,fresh,0,fresh,,,0,1,0,3,0,0,20.0,5.0,15.0,35.0,2,154,4.2039337158203125,0.2971175902511005,,crash_vehicle
1865,fresh,0,fresh,,,0,1,1,4,0,1,10.0,40.0,5.0,10.0,0,75,1.3558498620986938,0.024629509051640828,,crash_vehicle
1866,fresh,0,fresh,,,0,0,0,1,0,1,20.0,40.0,15.0,35.0,1,46,0.8112889528274536,0.01897182036191225,,out_of_road
1867,fresh,0,fresh,,,0,0,0,12,1,1,20.0,5.0,15.0,20.0,3,49,0.6048370003700256,0.04858053977392158,,crash_vehicle
1868,fresh,0,fresh,,,0,0,0,0,1,0,5.0,10.0,5.0,55.0,0,96,3.7174088954925537,0.131115583392481,,crash_vehicle
1869,fresh,0,fresh,,,0,1,0,5,0,1,5.0,20.0,15.0,10.0,0,74,0.8631616234779358,0.016482163019276953,,crash_vehicle
1870,fresh,0,fresh,,,0,1,1,8,1,1,10.0,20.0,10.0,35.0,3,1000,1.2328664064407349,0.0042802998535335065,,max_step
1871,fresh,0,fresh,,,0,1,1,1,1,1,20.0,20.0,10.0,35.0,1,89,2.639741897583008,0.08775849212379602,,crash_vehicle
1872,fresh,0,fresh,,,0,0,0,0,0,0,20.0,5.0,15.0,20.0,0,90,2.0083909034729004,0.025732180807325575,,out_of_road
1873,fresh,0,fresh,,,0,1,1,4,1,1,20.0,40.0,10.0,55.0,2,74,1.652824878692627,0.018990139426613175,,crash_vehicle
1874,fresh,0,fresh,,,0,1,1,2,1,1,15.0,20.0,15.0,55.0,0,161,4.9084601402282715,0.10354417715198505,,out_of_road
1875,fresh,0,fresh,,,0,0,0,3,0,0,5.0,10.0,15.0,35.0,3,46,0.8391322493553162,0.009921706524556097,,out_of_road
1876,fresh,0,fresh,,,0,1,1,2,1,0,5.0,5.0,5.0,55.0,0,1000,0.466981440782547,0.003064162954688072,,max_step
1877,fresh,0,fresh,,,0,1,1,8,1,1,5.0,20.0,10.0,35.0,1,58,1.2077795267105103,0.020730729086388802,,crash_vehicle
1878,fresh,0,fresh,,,0,0,0,3,0,1,15.0,40.0,10.0,20.0,0,202,10.085465431213379,0.1726241555424536,,out_of_road
1879,fresh,0,fresh,,,0,0,0,8,1,1,10.0,20.0,5.0,35.0,1,47,0.6602449417114258,0.013306856155395508,,crash_vehicle
1880,fresh,0,fresh,,,0,0,0,0,0,0,20.0,40.0,10.0,20.0,0,41,1.191399097442627,0.04501923673400065,,arrive_dest
1881,fresh,0,fresh,,,0,1,0,18,1,0,10.0,40.0,10.0,55.0,1,47,0.869438886642456,0.010702941556798016,,out_of_road
1882,fresh,0,fresh,,,0,1,0,0,1,0,20.0,20.0,15.0,35.0,0,76,1.69028902053833,0.055608282257851804,,out_of_road
1883,fresh,0,fresh,,,0,0,0,2,0,1,5.0,5.0,15.0,55.0,0,202,2.1885557174682617,0.10242965027902017,,out_of_road
1884,fresh,0,fresh,,,0,0,0,18,1,0,10.0,5.0,10.0,35.0,0,1000,2.434475898742676,0.0228147775195539,,max_step
1885,fresh,0,fresh,,,0,1,0,18,0,0,10.0,10.0,15.0,10.0,3,1000,0.08869574218988419,0.00926240821229294,,max_step
1886,fresh,0,fresh,,,0,1,1,0,1,0,20.0,20.0,15.0,10.0,0,36,0.42276060581207275,0.008093821505705515,,crash_vehicle
1887,fresh,0,fresh,,,0,0,0,5,0,1,10.0,10.0,5.0,20.0,0,1000,0.5153465867042542,0.0013643748741596936,,max_step
1888,fresh,0,fresh,,,0,1,1,4,0,1,5.0,20.0,5.0,20.0,2,1000,0.9143099188804626,0.0014274305738508702,,max_step
1889,fresh,0,fresh,,,0,1,0,18,1,0,15.0,10.0,5.0,55.0,1,1000,0.9694280624389648,0.005334195099305362,,max_step
1890,fresh,0,fresh,,,0,1,0,8,1,1,10.0,5.0,5.0,35.0,3,77,0.7268857955932617,0.04653960202711743,,out_of_road
1891,fresh,0,fresh,,,0,0,0,3,1,0,5.0,10.0,5.0,20.0,3,70,1.6421749591827393,0.0847494717155184,,crash_vehicle
1892,fresh,0,fresh,,,0,1,1,5,1,1,5.0,5.0,15.0,20.0,1,80,0.1306948959827423,9.85539983958006e-05,,crash_vehicle
1893,fresh,0,fresh,,,0,1,1,2,0,0,5.0,40.0,10.0,20.0,2,132,4.936002731323242,0.14662450151941317,,out_of_road
1894,fresh,0,fresh,,,0,0,0,12,0,1,20.0,40.0,10.0,20.0,0,163,4.818682670593262,0.15302401984487574,,out_of_road
1895,fresh,0,fresh,,,0,0,0,5,0,1,10.0,5.0,15.0,20.0,1,1000,-0.02846553735435009,0.0025709336083382366,,max_step
1896,fresh,0,fresh,,,0,0,0,3,1,0,15.0,5.0,5.0,55.0,0,131,3.568570852279663,0.3434046070937437,,out_of_road
1897,fresh,0,fresh,,,0,0,0,5,0,1,15.0,5.0,10.0,35.0,0,1000,0.6033875942230225,0.002367511862423271,,max_step
1898,fresh,0,fresh,,,0,0,0,12,1,0,20.0,5.0,15.0,20.0,3,540,12.400581359863281,0.18133800445314222,,out_of_road
1899,fresh,0,fresh,,,0,0,0,3,0,1,15.0,20.0,15.0,20.0,0,220,9.960829734802246,0.34122882847758856,,out_of_road
1900,fresh,0,fresh,,,0,0,0,2,1,1,10.0,10.0,15.0,35.0,1,134,0.33386754989624023,0.005146199625346865,,crash_vehicle
1901,fresh,0,fresh,,,0,0,0,3,0,1,5.0,10.0,15.0,35.0,3,193,9.607708930969238,0.20456608710086716,,out_of_road
1902,fresh,0,fresh,,,0,0,0,1,1,0,15.0,5.0,5.0,35.0,1,50,0.7901078462600708,0.01703799394890666,,out_of_road
1903,fresh,0,fresh,,,0,0,0,18,0,0,20.0,5.0,15.0,10.0,3,1000,0.7827662229537964,0.01247143424488604,,max_step
1904,fresh,0,fresh,,,0,1,0,1,0,1,10.0,20.0,15.0,55.0,1,158,6.9238481521606445,0.24432638067091944,,out_of_road
1905,fresh,0,fresh,,,0,1,1,2,0,1,10.0,20.0,15.0,35.0,0,61,1.516804814338684,0.10115776791191491,,crash_vehicle
1906,fresh,0,fresh,,,0,1,0,4,0,1,15.0,10.0,15.0,20.0,1,146,3.109096050262451,0.13655591360612274,,out_of_road
1907,fresh,0,fresh,,,0,1,0,4,1,1,10.0,10.0,10.0,35.0,3,413,8.836820602416992,0.1846640701056176,,arrive_dest
1908,fresh,0,fresh,,,0,1,1,18,1,0,20.0,5.0,15.0,35.0,0,241,4.2045392990112305,0.12541626763618957,,crash_vehicle
1909,fresh,0,fresh,,,0,0,0,0,1,0,20.0,20.0,5.0,55.0,0,186,7.638086318969727,0.08554630688521811,,out_of_road
1910,fresh,0,fresh,,,0,0,0,18,0,0,15.0,20.0,15.0,35.0,2,218,9.959670066833496,0.1720294500829293,,out_of_road
1911,fresh,0,fresh,,,0,0,0,2,1,0,20.0,20.0,10.0,35.0,2,73,1.3039175271987915,0.029464830784765007,,out_of_road
1912,fresh,0,fresh,,,0,1,0,4,1,0,10.0,10.0,5.0,20.0,0,34,0.19719696044921875,0.026863434845033812,,crash_vehicle
1913,fresh,0,fresh,,,0,0,0,4,0,0,10.0,20.0,5.0,10.0,0,95,1.2397725582122803,0.0521418129142962,,crash_vehicle
1914,fresh,0,fresh,,,0,1,1,8,1,0,15.0,20.0,15.0,35.0,2,78,2.564438819885254,0.13254322435181493,,arrive_dest
1915,fresh,0,fresh,,,0,1,0,3,1,1,5.0,20.0,10.0,35.0,3,1000,0.0009866288164630532,0.00026619070768356325,,max_step
1916,fresh,0,fresh,,,0,1,0,18,0,0,20.0,20.0,10.0,20.0,3,178,5.81361198425293,0.3427505038490289,,out_of_road
1917,fresh,0,fresh,,,0,1,1,8,1,1,15.0,40.0,15.0,55.0,2,47,0.8811522126197815,0.005999336296573598,,out_of_road
1918,fresh,0,fresh,,,0,0,0,4,1,0,20.0,20.0,10.0,35.0,1,84,2.024160623550415,0.07114772742525452,,crash_vehicle
1919,fresh,0,fresh,,,0,0,0,5,0,1,15.0,40.0,15.0,35.0,2,79,1.9104722738265991,0.0319748707351428,,crash_vehicle
1920,fresh,0,fresh,,,0,1,1,12,1,0,5.0,20.0,5.0,55.0,0,1000,2.756153106689453,0.014325648983940483,,max_step
1921,fresh,0,fresh,,,0,1,0,18,1,0,5.0,10.0,5.0,20.0,3,1000,0.4808943569660187,0.001252869022078812,,max_step
1922,fresh,0,fresh,,,0,0,0,1,0,1,10.0,20.0,5.0,10.0,1,105,3.4144668579101562,0.1278057421424559,,out_of_road
1923,fresh,0,fresh,,,0,1,0,18,0,1,20.0,10.0,15.0,55.0,0,49,0.6617593169212341,0.016404059468483438,,crash_vehicle
1924,fresh,0,fresh,,,0,0,0,18,1,0,20.0,40.0,5.0,55.0,3,94,2.9041285514831543,0.05472332990153673,,crash_vehicle
1925,fresh,0,fresh,,,0,0,0,8,1,1,15.0,20.0,15.0,35.0,1,75,1.2527694702148438,0.029194339935978253,,crash_vehicle
1926,fresh,0,fresh,,,0,0,0,5,1,1,10.0,5.0,10.0,20.0,0,1000,0.6855307817459106,0.0017794588380493225,,max_step
1927,fresh,0,fresh,,,0,1,0,2,1,1,10.0,10.0,10.0,20.0,0,1000,1.1235498189926147,0.00534984196536243,,max_step
1928,fresh,0,fresh,,,0,0,0,5,1,1,10.0,5.0,5.0,20.0,2,1000,0.46790170669555664,0.0036139932880178095,,max_step
1929,fresh,0,fresh,,,0,1,1,2,0,0,15.0,40.0,5.0,10.0,1,52,0.8612374067306519,0.028701900271698833,,out_of_road
1930,fresh,0,fresh,,,0,1,1,5,1,1,20.0,10.0,10.0,35.0,1,1000,1.4404765367507935,0.014035876961308532,,max_step
1931,fresh,0,fresh,,,0,0,0,2,0,0,15.0,5.0,15.0,20.0,0,294,13.421807289123535,0.4343715199605137,,out_of_road
1932,fresh,0,fresh,,,0,1,1,4,0,1,10.0,5.0,5.0,35.0,0,1000,0.17296569049358368,0.0003567967675626278,,max_step
1933,fresh,0,fresh,,,0,0,0,0,0,0,10.0,5.0,5.0,20.0,0,72,1.655846357345581,0.038716143922000706,rejection_fallback,out_of_road
1934,fresh,0,fresh,,,0,0,0,8,0,0,15.0,20.0,10.0,20.0,0,586,4.19715690612793,0.05609448611102172,,crash_vehicle
1935,fresh,0,fresh,,,0,1,0,0,1,0,15.0,40.0,5.0,20.0,0,1000,1.6947932243347168,0.0059282650158274915,,max_step
1936,fresh,0,fresh,,,0,1,1,2,1,0,5.0,20.0,5.0,55.0,2,157,4.350866317749023,0.18306103609739596,,arrive_dest
1937,fresh,0,fresh,,,0,1,0,0,0,0,5.0,40.0,10.0,35.0,0,84,3.2531323432922363,0.05851104170350092,,arrive_dest
1938,fresh,0,fresh,,,0,0,0,3,1,0,5.0,20.0,5.0,35.0,1,21,-0.27406245470046997,0.04271567151660011,,out_of_road
1939,fresh,0,fresh,,,0,1,0,1,0,1,10.0,5.0,15.0,35.0,1,260,12.025853157043457,0.2827547038762042,,out_of_road
1940,fresh,0,fresh,,,0,0,0,3,0,1,5.0,10.0,15.0,10.0,0,1000,0.47622621059417725,0.0003143944144248962,,max_step
1941,fresh,0,fresh,,,0,0,0,5,1,0,20.0,20.0,5.0,55.0,0,52,0.8515625,0.018210850082910977,,crash_vehicle
1942,fresh,0,fresh,,,0,0,0,1,1,0,15.0,5.0,10.0,55.0,0,1000,0.002371115144342184,0.0,,max_step
1943,fresh,0,fresh,,,0,0,0,1,0,1,15.0,40.0,10.0,20.0,1,225,9.551403045654297,0.2845491503675779,,out_of_road
1944,fresh,0,fresh,,,0,1,0,4,0,1,5.0,10.0,15.0,20.0,0,502,5.653643608093262,0.13904480883421236,,out_of_road
1945,fresh,0,fresh,,,0,0,0,5,1,1,15.0,40.0,5.0,55.0,0,61,1.5332179069519043,0.009031350251104011,,crash_vehicle
1946,fresh,0,fresh,,,0,0,0,2,1,0,15.0,5.0,15.0,20.0,0,75,1.3044120073318481,0.1585785874724388,,crash_vehicle
1947,fresh,0,fresh,,,0,0,0,12,0,1,5.0,20.0,15.0,20.0,2,55,0.8447025418281555,0.014655238220637495,,crash_vehicle
1948,fresh,0,fresh,,,0,0,0,8,0,0,10.0,5.0,10.0,35.0,3,1000,0.8144766688346863,0.010358807722106575,,max_step
1949,fresh,0,fresh,,,0,1,0,5,1,1,15.0,40.0,5.0,55.0,3,65,1.4113354682922363,0.03569862819634951,,crash_vehicle
1950,fresh,0,fresh,,,0,1,0,12,1,1,20.0,5.0,10.0,20.0,0,1000,1.5119335651397705,0.009571357874199748,,max_step
1951,fresh,0,fresh,,,0,1,0,12,0,0,20.0,5.0,10.0,55.0,0,1000,0.016812903806567192,0.0317120099310705,,max_step
1952,fresh,0,fresh,,,0,0,0,0,1,0,10.0,20.0,10.0,10.0,0,145,2.308652639389038,0.17050893288748017,,crash_vehicle
1953,fresh,0,fresh,,,0,1,0,4,0,1,5.0,5.0,5.0,10.0,0,27,0.03316798806190491,0.0,,crash_vehicle
1954,fresh,0,fresh,,,0,1,0,18,0,1,5.0,40.0,15.0,10.0,2,73,2.096466302871704,0.07026695796888169,,crash_vehicle
1955,fresh,0,fresh,,,0,1,0,8,0,1,5.0,40.0,15.0,35.0,1,72,1.731696605682373,0.033921083331935935,,crash_vehicle
1956,fresh,0,fresh,,,0,0,0,18,0,1,5.0,5.0,10.0,10.0,1,30,-0.03315691649913788,0.02525614102681478,,crash_vehicle
1957,fresh,0,fresh,,,0,1,1,0,0,0,15.0,40.0,15.0,55.0,0,114,3.897737741470337,0.18562945935940534,,arrive_dest
1958,fresh,0,fresh,,,0,0,0,8,1,1,20.0,20.0,15.0,55.0,3,1000,2.359696626663208,0.015377890074247261,,max_step
1959,fresh,0,fresh,,,0,1,0,1,1,0,10.0,10.0,15.0,20.0,1,366,13.837724685668945,0.36327840287055146,,out_of_road
1960,fresh,0,fresh,,,0,1,1,8,0,0,10.0,5.0,10.0,10.0,1,237,4.548720359802246,0.18778264435904124,,crash_vehicle
1961,fresh,0,fresh,,,0,0,0,0,0,0,10.0,5.0,5.0,20.0,0,238,14.056598663330078,0.5206346410099699,rejection_fallback,out_of_road
1962,fresh,0,fresh,,,0,0,0,2,0,1,5.0,40.0,5.0,35.0,0,65,1.4611942768096924,0.028926982787939218,,crash_vehicle
1963,fresh,0,fresh,,,0,0,0,0,1,0,15.0,5.0,10.0,55.0,0,111,3.597149133682251,0.0921031616686902,,crash_vehicle
1964,fresh,0,fresh,,,0,0,0,5,1,1,15.0,20.0,10.0,55.0,2,1000,2.9489238262176514,0.024980782948434352,,max_step
1965,fresh,0,fresh,,,0,1,0,1,0,1,15.0,10.0,10.0,20.0,0,117,2.688535690307617,0.1375145487423636,,arrive_dest
1966,fresh,0,fresh,,,0,1,0,4,1,0,15.0,20.0,5.0,55.0,3,157,4.067847728729248,0.2109513124569681,,out_of_road
1967,fresh,0,fresh,,,0,0,0,18,1,1,5.0,5.0,10.0,20.0,3,292,9.835820198059082,0.25450237583981394,,out_of_road
1968,fresh,0,fresh,,,0,0,0,12,1,1,5.0,5.0,5.0,55.0,3,727,2.0869059562683105,0.029749855214020203,,crash_vehicle
1969,fresh,0,fresh,,,0,1,0,5,1,0,15.0,10.0,15.0,55.0,3,225,0.3964173197746277,0.003950005053646035,,crash_vehicle
1970,fresh,0,fresh,,,0,1,0,4,0,1,15.0,10.0,5.0,35.0,2,1000,0.4302576184272766,0.0007647715508937835,,max_step
1971,fresh,0,fresh,,,0,0,0,5,1,0,10.0,5.0,10.0,35.0,2,154,2.746431350708008,0.22765840882701532,,out_of_road
1972,fresh,0,fresh,,,0,0,0,12,1,1,5.0,10.0,15.0,20.0,2,22,-0.2772010266780853,0.017971783876419067,,out_of_road
1973,fresh,0,fresh,,,0,0,0,3,0,0,20.0,10.0,5.0,35.0,1,197,0.5813094973564148,0.038264888220556494,,out_of_road
1974,fresh,0,fresh,,,0,1,1,0,1,0,15.0,20.0,5.0,35.0,0,83,2.0746049880981445,0.08110622828265271,,out_of_road
1975,fresh,0,fresh,,,0,0,0,12,1,1,5.0,5.0,10.0,55.0,0,798,0.22758585214614868,0.019606829000016052,,crash_vehicle
1976,fresh,0,fresh,,,0,0,0,2,0,0,20.0,5.0,15.0,55.0,1,1000,0.21612673997879028,0.006170584827661515,,max_step
1977,fresh,0,fresh,,,0,1,0,18,1,0,5.0,40.0,5.0,55.0,0,76,2.1426284313201904,0.02600663003364676,,crash_vehicle
1978,fresh,0,fresh,,,0,0,0,5,0,1,15.0,10.0,5.0,55.0,1,1000,0.4063313603401184,8.558796718716622e-05,,max_step
1979,fresh,0,fresh,,,0,1,0,1,1,0,15.0,20.0,5.0,35.0,1,73,1.3813152313232422,0.06052574454742956,,out_of_road
1980,fresh,0,fresh,,,0,1,1,8,1,0,10.0,10.0,15.0,20.0,2,229,10.157031059265137,0.2934984923320046,,out_of_road
1981,fresh,0,fresh,,,0,1,0,8,1,0,15.0,40.0,5.0,55.0,2,84,2.6368141174316406,0.12219847261994368,,crash_vehicle
1982,fresh,0,fresh,,,0,1,0,1,0,0,15.0,20.0,10.0,10.0,0,1000,1.1877521276474,0.001660683672875166,,max_step
1983,fresh,0,fresh,,,0,0,0,5,1,0,10.0,5.0,5.0,20.0,0,317,10.383475303649902,0.2320450983871045,,out_of_road
1984,fresh,0,fresh,,,0,0,0,3,1,0,10.0,20.0,15.0,35.0,1,50,0.9510658979415894,0.009073345847427845,,crash_vehicle
1985,fresh,0,fresh,,,0,0,0,8,0,0,5.0,40.0,10.0,55.0,0,1000,1.5762238502502441,0.010104509232565761,,max_step
1986,fresh,0,fresh,,,0,0,0,18,0,1,10.0,20.0,15.0,10.0,1,76,1.6729342937469482,0.09451452429455362,,crash_vehicle
1987,fresh,0,fresh,,,0,1,1,2,0,0,20.0,40.0,15.0,55.0,2,91,2.0432846546173096,0.03498242275564225,,out_of_road
1988,fresh,0,fresh,,,0,1,1,4,0,1,10.0,40.0,15.0,20.0,2,70,1.6166108846664429,0.01708858965763024,,crash_vehicle
1989,fresh,0,fresh,,,0,0,0,5,1,0,20.0,10.0,15.0,20.0,2,214,5.724196434020996,0.1792498136061096,,out_of_road
1990,fresh,0,fresh,,,0,0,0,5,0,0,20.0,10.0,15.0,20.0,3,51,0.8317493200302124,0.06964661272279188,,crash_vehicle
1991,fresh,0,fresh,,,0,1,0,12,0,1,10.0,20.0,10.0,35.0,0,694,0.6818625926971436,0.03416903876975952,,crash_vehicle
1992,fresh,0,fresh,,,0,1,0,8,1,1,20.0,5.0,5.0,35.0,0,44,0.22424453496932983,0.14667396611449393,,crash_vehicle
1993,fresh,0,fresh,,,0,0,0,12,0,0,5.0,5.0,15.0,20.0,2,1000,1.40770423412323,0.02363401830988005,,max_step
1994,fresh,0,fresh,,,0,1,1,1,1,1,20.0,5.0,10.0,55.0,1,105,3.76092529296875,0.12346008891860644,,crash_vehicle
1995,fresh,0,fresh,,,0,1,1,4,0,0,15.0,5.0,15.0,35.0,0,148,2.7677383422851562,0.18312513727594065,,out_of_road
1996,fresh,0,fresh,,,0,1,1,1,1,1,10.0,20.0,5.0,55.0,1,106,3.7280495166778564,0.08793769697746578,,crash_vehicle
1997,fresh,0,fresh,,,0,1,0,0,1,0,15.0,10.0,10.0,20.0,0,103,2.2113375663757324,0.14755116650400665,,out_of_road
1998,fresh,0,fresh,,,0,1,1,1,1,1,15.0,5.0,10.0,35.0,1,220,10.573234558105469,0.2803258025341413,,out_of_road
1999,fresh,0,fresh,,,0,0,0,18,0,0,20.0,20.0,15.0,20.0,0,257,0.6443833112716675,0.025383035815411504,,crash_vehicle
2000,fresh,0,fresh,,,0,1,1,2,0,1,10.0,20.0,5.0,55.0,1,148,5.056328773498535,0.10016182171986313,,out_of_road
2001,fresh,0,fresh,,,0,0,0,5,1,1,15.0,10.0,15.0,55.0,3,134,2.9301068782806396,0.05219520572850953,,out_of_road
2002,fresh,0,fresh,,,0,0,0,2,0,0,10.0,10.0,5.0,20.0,2,110,2.327576160430908,0.10744811167771166,,crash_vehicle
2003,fresh,0,fresh,,,0,1,1,3,0,0,20.0,5.0,5.0,35.0,2,116,0.8319643139839172,0.00887665916274398,,crash_vehicle
2004,fresh,0,fresh,,,0,0,0,4,0,0,5.0,10.0,15.0,20.0,2,1000,0.6578891277313232,0.0019010410732589662,,max_step
2005,fresh,0,fresh,,,0,0,0,1,1,1,10.0,5.0,15.0,35.0,1,1000,3.156198501586914,0.025050956984050573,,max_step
2006,fresh,0,fresh,,,0,0,0,2,1,0,10.0,10.0,10.0,20.0,2,115,2.1733832359313965,0.14688554930946102,,crash_vehicle
2007,fresh,0,fresh,,,0,1,1,0,1,0,10.0,5.0,15.0,35.0,0,52,0.500027596950531,0.03197679496728457,,out_of_road
2008,fresh,0,fresh,,,0,0,0,0,0,0,5.0,5.0,15.0,55.0,0,81,2.022958517074585,0.03194620869593856,,out_of_road
2009,fresh,0,fresh,,,0,0,0,1,1,1,5.0,10.0,10.0,20.0,1,101,2.0082521438598633,0.07949532192237306,,crash_vehicle
2010,fresh,0,fresh,,,0,0,0,5,0,1,5.0,10.0,10.0,55.0,3,231,3.6297988891601562,0.16224354120310058,,crash_vehicle
2011,fresh,0,fresh,,,0,1,1,5,0,1,5.0,40.0,5.0,20.0,3,62,1.5519862174987793,0.027486271435214628,,crash_vehicle
2012,fresh,0,fresh,,,0,1,0,1,0,1,5.0,20.0,10.0,35.0,1,230,9.59852123260498,0.28784975522076306,,out_of_road
2013,fresh,0,fresh,,,0,1,0,12,1,0,5.0,40.0,15.0,55.0,2,253,6.441752910614014,0.16851883833830358,,crash_vehicle
2014,fresh,0,fresh,,,0,0,0,2,1,1,5.0,10.0,5.0,35.0,2,32,-0.2370302379131317,0.025787996128201485,,out_of_road
2015,fresh,0,fresh,,,0,1,0,3,0,0,15.0,40.0,5.0,10.0,1,203,6.446027755737305,0.18185702472319598,,out_of_road
2016,fresh,0,fresh,,,0,1,1,5,0,0,15.0,5.0,15.0,10.0,1,284,9.661813735961914,0.26846118598625485,,out_of_road
2017,fresh,0,fresh,,,0,1,0,0,1,0,20.0,10.0,5.0,10.0,0,40,0.3988889753818512,0.011057342030107975,,crash_vehicle
2018,fresh,0,fresh,,,0,0,0,5,1,1,10.0,20.0,5.0,55.0,2,1000,0.6391608715057373,0.004807957068085671,,max_step
2019,fresh,0,fresh,,,0,1,1,3,0,1,20.0,10.0,10.0,20.0,1,1000,0.684689462184906,0.0038098038686439394,,max_step
2020,fresh,0,fresh,,,0,1,1,0,1,0,20.0,10.0,10.0,55.0,0,103,2.6095666885375977,0.08194126748678826,,out_of_road
2021,fresh,0,fresh,,,0,0,0,1,1,0,5.0,10.0,10.0,20.0,1,64,1.367915153503418,0.016671168137690984,,crash_vehicle
2022,fresh,0,fresh,,,0,1,0,12,1,0,15.0,5.0,10.0,20.0,2,143,2.5720021724700928,0.16235203828688685,,out_of_road
2023,fresh,0,fresh,,,0,0,0,18,0,0,20.0,5.0,15.0,10.0,2,232,6.998250961303711,0.28015990348950287,,crash_vehicle
2024,fresh,0,fresh,,,0,1,1,12,1,0,10.0,20.0,5.0,35.0,1,58,1.1967741250991821,0.03638926323439027,,crash_vehicle
2025,fresh,0,fresh,,,0,1,1,18,1,1,10.0,40.0,5.0,55.0,0,50,0.7700212001800537,0.02604537084698677,,out_of_road
2026,fresh,0,fresh,,,0,1,0,18,1,1,20.0,20.0,5.0,35.0,2,47,0.6136877536773682,0.013355484242214168,,crash_vehicle
2027,fresh,0,fresh,,,0,0,0,5,0,0,5.0,40.0,5.0,55.0,3,95,2.6124422550201416,0.06958475622691607,,out_of_road
2028,fresh,0,fresh,,,0,1,1,3,0,0,5.0,5.0,10.0,20.0,0,226,2.040501356124878,0.06932914692216215,,out_of_road
2029,fresh,0,fresh,,,0,1,0,5,1,1,15.0,5.0,15.0,20.0,3,363,12.353286743164062,0.29295848718441553,,out_of_road
2030,fresh,0,fresh,,,0,0,0,1,0,0,15.0,10.0,5.0,10.0,0,127,3.470369577407837,0.2482022862646758,,arrive_dest
2031,fresh,0,fresh,,,0,1,1,12,1,0,20.0,40.0,10.0,55.0,1,87,2.7818048000335693,0.04878873102923577,,crash_vehicle
2032,fresh,0,fresh,,,0,0,0,8,1,1,10.0,10.0,5.0,35.0,1,60,0.32194626331329346,0.009252651470402877,,crash_vehicle
2033,fresh,0,fresh,,,0,0,0,2,0,0,20.0,10.0,5.0,55.0,2,210,10.50051212310791,0.24173873911079552,,out_of_road
2034,fresh,0,fresh,,,0,0,0,12,1,0,15.0,20.0,5.0,35.0,2,50,0.7162927389144897,0.013315834030508995,,out_of_road
2035,fresh,0,fresh,,,0,0,0,8,0,0,20.0,20.0,15.0,35.0,0,331,11.519493103027344,0.3008107553894584,,out_of_road
2036,fresh,0,fresh,,,0,0,0,4,1,0,10.0,20.0,15.0,55.0,2,112,2.2245891094207764,0.0686243862894896,,out_of_road
2037,fresh,0,fresh,,,0,1,0,0,1,0,20.0,5.0,15.0,55.0,0,228,9.700981140136719,0.20148698272379606,,out_of_road
2038,fresh,0,fresh,,,0,0,0,8,1,0,10.0,20.0,5.0,35.0,1,47,0.6986643075942993,0.009052671967668737,,crash_vehicle
2039,fresh,0,fresh,,,0,0,0,3,0,1,5.0,40.0,10.0,35.0,0,67,1.4852745532989502,0.015682431632903084,,crash_vehicle
2040,fresh,0,fresh,,,0,1,0,12,0,0,15.0,20.0,10.0,20.0,2,105,2.3024661540985107,0.12259570668850626,,crash_vehicle
2041,fresh,0,fresh,,,0,0,0,18,1,0,15.0,10.0,10.0,55.0,2,64,0.8269389867782593,0.06818870425922796,,crash_vehicle
2042,fresh,0,fresh,,,0,0,0,4,0,0,20.0,40.0,5.0,55.0,1,216,10.155464172363281,0.3729728661581046,,out_of_road
2043,fresh,0,fresh,,,0,0,0,12,1,0,5.0,10.0,15.0,20.0,2,2,0.5101109147071838,0.0,,arrive_dest
2044,fresh,0,fresh,,,0,0,0,5,0,1,15.0,20.0,5.0,55.0,0,48,0.7069859504699707,0.013081220289071402,,crash_vehicle
2045,fresh,0,fresh,,,0,0,0,2,0,1,10.0,5.0,10.0,55.0,1,144,2.4689300060272217,0.10144861782383588,,out_of_road
2046,fresh,0,fresh,,,0,0,0,4,0,1,20.0,10.0,5.0,10.0,0,1000,12.260329246520996,0.0932863015299663,,max_step
2047,fresh,0,fresh,,,0,0,0,4,1,1,15.0,40.0,15.0,55.0,0,214,9.515307426452637,0.1917390913101975,,out_of_road
2048,fresh,0,fresh,,,0,1,1,8,0,1,5.0,40.0,15.0,10.0,3,1000,2.0423707962036133,0.007858688584063201,,max_step
2049,fresh,0,fresh,,,0,0,0,4,1,0,20.0,10.0,15.0,20.0,3,125,2.1111419200897217,0.10038007181882859,,crash_vehicle
2050,fresh,0,fresh,,,0,1,0,5,1,1,20.0,20.0,15.0,35.0,2,32,0.2291032373905182,0.010913873091340065,,crash_vehicle
2051,fresh,0,fresh,,,0,0,0,0,0,0,10.0,5.0,5.0,20.0,0,222,9.72386646270752,0.20299033072214942,rejection_fallback,out_of_road
2052,fresh,0,fresh,,,0,1,1,1,1,1,15.0,10.0,5.0,20.0,1,1000,1.5896748304367065,0.004827943932730705,,max_step
2053,fresh,0,fresh,,,0,0,0,0,1,0,5.0,40.0,15.0,55.0,0,115,3.844841480255127,0.11887543476794077,,crash_vehicle
2054,fresh,0,fresh,,,0,1,0,1,0,1,15.0,5.0,5.0,35.0,1,164,5.286822319030762,0.0524708741832888,,out_of_road
2055,fresh,0,fresh,,,0,1,1,5,0,1,20.0,40.0,10.0,20.0,3,165,4.218212127685547,0.1710961801437379,,out_of_road
2056,fresh,0,fresh,,,0,1,0,5,1,0,10.0,10.0,5.0,35.0,1,49,0.10825276374816895,0.0,,out_of_road
2057,fresh,0,fresh,,,0,0,0,0,1,0,10.0,5.0,5.0,20.0,0,60,1.382385492324829,0.04669804014265537,,crash_vehicle
2058,fresh,0,fresh,,,0,1,1,8,0,1,10.0,20.0,10.0,10.0,2,1000,1.1791425943374634,0.007455805279314518,,max_step
2059,fresh,0,fresh,,,0,0,0,4,1,0,20.0,5.0,15.0,35.0,3,456,2.9215450286865234,0.05992948236924253,,crash_vehicle
2060,fresh,0,fresh,,,0,1,1,2,0,0,15.0,5.0,15.0,10.0,2,53,0.8244165182113647,0.016299820030635258,,out_of_road
2061,fresh,0,fresh,,,0,1,1,12,0,0,10.0,20.0,10.0,35.0,2,269,8.799249649047852,0.21115359353407054,,out_of_road
2062,fresh,0,fresh,,,0,0,0,0,1,0,5.0,20.0,5.0,10.0,0,1000,0.7360314130783081,0.0014490892586763947,,max_step
2063,fresh,0,fresh,,,0,1,1,18,0,0,20.0,40.0,10.0,10.0,1,584,4.519287109375,0.050453449185612315,,crash_vehicle
2064,fresh,0,fresh,,,0,1,0,18,1,1,15.0,5.0,15.0,20.0,3,420,0.007029145956039429,0.030731529081683782,,crash_vehicle
2065,fresh,0,fresh,,,0,0,0,2,1,0,5.0,10.0,15.0,35.0,2,80,1.4725090265274048,0.03883434443268925,,out_of_road
2066,fresh,0,fresh,,,0,1,1,8,1,1,5.0,40.0,15.0,55.0,0,68,1.95274019241333,0.02335058810079799,,crash_vehicle
2067,fresh,0,fresh,,,0,1,0,5,0,1,20.0,20.0,15.0,10.0,1,60,1.0604362487792969,0.011824591411277651,,crash_vehicle
2068,fresh,0,fresh,,,0,0,0,18,0,1,10.0,10.0,15.0,55.0,0,95,1.5371742248535156,0.05627452397817059,,crash_vehicle
2069,fresh,0,fresh,,,0,1,1,3,0,0,10.0,10.0,10.0,20.0,2,138,2.8865885734558105,0.11201060783333969,,out_of_road
2070,fresh,0,fresh,,,0,1,1,8,0,0,20.0,10.0,10.0,10.0,3,47,0.5857705473899841,0.0025283034811628626,,crash_vehicle
2071,fresh,0,fresh,,,0,1,1,1,1,1,5.0,5.0,10.0,55.0,1,119,4.033470630645752,0.07106384901846406,,crash_vehicle
2072,fresh,0,fresh,,,0,0,0,0,1,0,10.0,10.0,5.0,20.0,0,63,1.472220540046692,0.016085424238727206,,crash_vehicle
2073,fresh,0,fresh,,,0,1,0,0,0,0,20.0,5.0,5.0,10.0,0,75,1.8060778379440308,0.029190018475055694,,out_of_road
2074,fresh,0,fresh,,,0,0,0,5,1,1,10.0,10.0,5.0,55.0,0,1000,0.455231249332428,0.0008095949739217759,,max_step
2075,fresh,0,fresh,,,0,0,0,0,1,0,5.0,5.0,15.0,55.0,0,87,2.211894989013672,0.02661981887515934,,out_of_road
2076,fresh,0,fresh,,,0,0,0,4,0,1,15.0,20.0,10.0,55.0,2,1000,2.342374801635742,0.0059501240141398735,,max_step
2077,fresh,0,fresh,,,0,0,0,0,1,0,15.0,10.0,15.0,55.0,0,176,6.900750637054443,0.12600118943109093,,out_of_road
2078,fresh,0,fresh,,,0,0,0,5,0,1,20.0,10.0,10.0,20.0,0,40,0.31800156831741333,0.004403433203697205,,crash_vehicle
2079,fresh,0,fresh,,,0,1,1,2,0,0,10.0,5.0,5.0,20.0,2,133,4.409809589385986,0.047421486292006376,,out_of_road
2080,fresh,0,fresh,,,0,1,0,1,1,1,15.0,40.0,10.0,55.0,1,72,1.6252646446228027,0.019324696208867762,,out_of_road
2081,fresh,0,fresh,,,0,0,0,4,0,0,15.0,5.0,15.0,10.0,1,341,13.334294319152832,0.3381223150240831,,out_of_road
2082,fresh,0,fresh,,,0,1,0,3,0,1,15.0,20.0,10.0,55.0,3,89,2.127204418182373,0.042821381450369116,,out_of_road
2083,fresh,0,fresh,,,0,1,0,1,1,1,10.0,40.0,5.0,55.0,1,105,2.9675393104553223,0.0613124710640737,,out_of_road
2084,fresh,0,fresh,,,0,1,0,4,1,1,15.0,5.0,15.0,20.0,3,1000,0.008477783761918545,0.008464755991473795,,max_step
2085,fresh,0,fresh,,,0,0,0,8,0,1,15.0,20.0,15.0,35.0,2,149,3.230391502380371,0.20666131707245872,,out_of_road
2086,fresh,0,fresh,,,0,1,1,1,1,1,20.0,10.0,15.0,35.0,1,84,2.5805063247680664,0.09079658604847889,,crash_vehicle
2087,fresh,0,fresh,,,0,1,0,1,0,0,5.0,40.0,10.0,20.0,0,78,1.6921643018722534,0.028079640705329485,,out_of_road
2088,fresh,0,fresh,,,0,0,0,3,1,1,10.0,20.0,10.0,55.0,2,58,1.3997440338134766,0.05500288172785578,,crash_vehicle
2089,fresh,0,fresh,,,0,1,1,4,0,1,10.0,20.0,15.0,35.0,2,2,0.5099344849586487,0.0,,arrive_dest
2090,fresh,0,fresh,,,0,0,0,18,1,1,15.0,5.0,15.0,20.0,0,229,0.5480143427848816,0.0013433971226735927,,crash_vehicle
2091,fresh,0,fresh,,,0,0,0,3,1,1,20.0,10.0,15.0,20.0,1,55,0.6100478768348694,0.012177931043234738,,crash_vehicle
2092,fresh,0,fresh,,,0,1,1,1,1,1,10.0,20.0,15.0,35.0,0,1000,1.2158373594284058,0.0008006694503128528,,max_step
2093,fresh,0,fresh,,,0,1,0,5,0,1,15.0,5.0,10.0,20.0,0,213,4.963718891143799,0.09702364574820503,,out_of_road
2094,fresh,0,fresh,,,0,1,1,12,1,1,20.0,20.0,10.0,35.0,0,1000,1.6410541534423828,0.009578060189262032,,max_step
2095,fresh,0,fresh,,,0,1,1,0,1,0,5.0,40.0,5.0,55.0,0,104,3.7923693656921387,0.09592113795224577,,crash_vehicle
2096,fresh,0,fresh,,,0,0,0,8,1,1,10.0,40.0,15.0,55.0,3,73,2.0552549362182617,0.04039275646209717,,crash_vehicle
2097,fresh,0,fresh,,,0,0,0,3,1,1,20.0,20.0,5.0,55.0,0,46,0.7714853286743164,0.008304615059624548,,crash_vehicle
2098,fresh,0,fresh,,,0,0,0,3,0,0,10.0,10.0,5.0,20.0,2,45,0.6037534475326538,0.008604799914691184,,crash_vehicle
2099,fresh,0,fresh,,,0,0,0,8,1,0,15.0,10.0,10.0,55.0,3,1000,0.1862349510192871,0.0014769414067268372,,max_step
2100,fresh,0,fresh,,,0,0,0,5,0,0,15.0,5.0,10.0,20.0,1,1000,0.1793699711561203,0.005236627738922834,,max_step
2101,fresh,0,fresh,,,0,0,0,2,0,1,10.0,10.0,5.0,20.0,0,446,3.105286121368408,0.051223630656701234,,out_of_road
2102,fresh,0,fresh,,,0,1,0,8,1,1,20.0,40.0,5.0,55.0,1,64,1.4742239713668823,0.026192418474238366,,crash_vehicle
2103,fresh,0,fresh,,,0,1,1,2,1,0,20.0,40.0,5.0,55.0,2,105,3.6024768352508545,0.12944412000832103,,out_of_road
2104,fresh,0,fresh,,,0,0,0,3,0,1,5.0,20.0,5.0,55.0,0,44,0.6163885593414307,0.002138440581885251,,crash_vehicle
2105,fresh,0,fresh,,,0,0,0,0,0,0,20.0,40.0,15.0,55.0,0,283,11.823283195495605,0.3389651353862597,,out_of_road
2106,fresh,0,fresh,,,0,0,0,1,0,1,5.0,10.0,15.0,10.0,1,152,6.514771938323975,0.25913873172708246,,out_of_road
2107,fresh,0,fresh,,,0,0,0,3,1,1,20.0,5.0,10.0,20.0,2,61,1.3543449640274048,0.15946517536630395,,arrive_dest
2108,fresh,0,fresh,,,0,1,1,8,1,1,20.0,20.0,10.0,35.0,1,1000,2.234196424484253,0.01245494806021452,,max_step
2109,fresh,0,fresh,,,0,1,0,1,0,1,20.0,40.0,10.0,10.0,1,295,13.522903442382812,0.3564925652691873,,out_of_road
2110,fresh,0,fresh,,,0,1,0,3,0,1,15.0,20.0,10.0,35.0,2,151,3.181541681289673,0.08828330505022544,,out_of_road
2111,fresh,0,fresh,,,0,1,1,0,0,0,10.0,20.0,5.0,10.0,0,47,0.8268784284591675,0.0326019813643491,,out_of_road
2112,fresh,0,fresh,,,0,1,1,0,1,0,15.0,40.0,10.0,35.0,0,73,1.4598954916000366,0.057415678063790276,,out_of_road
2113,fresh,0,fresh,,,0,1,1,2,1,0,15.0,40.0,15.0,55.0,1,87,2.824378490447998,0.08370335945383185,,crash_vehicle
2114,fresh,0,fresh,,,0,1,1,0,1,0,10.0,10.0,5.0,20.0,0,66,1.3922150135040283,0.021867419282595318,,crash_vehicle
2115,fresh,0,fresh,,,0,1,1,3,0,0,20.0,10.0,5.0,10.0,3,121,3.336544990539551,0.05196405660499595,,out_of_road
2116,fresh,0,fresh,,,0,1,0,1,1,0,5.0,20.0,5.0,35.0,1,73,1.3641318082809448,0.03210425176593947,,out_of_road
2117,fresh,0,fresh,,,0,1,0,8,0,0,5.0,5.0,10.0,55.0,0,223,3.152836799621582,0.1180817912574941,,crash_vehicle
2118,fresh,0,fresh,,,0,0,0,3,0,1,15.0,10.0,10.0,55.0,2,1000,0.7477216720581055,0.004388387516373768,,max_step
2119,fresh,0,fresh,,,0,0,0,3,1,0,5.0,5.0,15.0,20.0,3,1000,3.8927061557769775,0.029113610652275385,,max_step
2120,fresh,0,fresh,,,0,1,1,1,1,1,15.0,10.0,10.0,20.0,1,75,1.7389663457870483,0.08010773216684659,,crash_vehicle
2121,fresh,0,fresh,,,0,1,1,12,0,1,10.0,5.0,10.0,55.0,3,841,0.13074758648872375,0.019607304018455934,,crash_vehicle
2122,fresh,0,fresh,,,0,1,1,0,1,0,10.0,5.0,10.0,20.0,0,101,2.2406630516052246,0.11904336836668525,,out_of_road
2123,fresh,0,fresh,,,0,1,0,8,0,1,5.0,5.0,10.0,35.0,3,71,0.43548303842544556,0.006969066848322539,,crash_vehicle
2124,fresh,0,fresh,,,0,0,0,1,0,1,15.0,20.0,5.0,20.0,1,53,1.8603577613830566,0.045758247507279214,,arrive_dest
2125,fresh,0,fresh,,,0,1,0,3,0,1,10.0,10.0,10.0,35.0,3,80,2.292477607727051,0.09151989542879164,,out_of_road
2126,fresh,0,fresh,,,0,0,0,0,1,0,5.0,10.0,5.0,20.0,0,1000,1.7142809629440308,0.008603355411905796,,max_step
2127,fresh,0,fresh,,,0,0,0,18,0,0,5.0,20.0,5.0,55.0,3,131,2.1244468688964844,0.1291062918328147,,crash_vehicle
2128,fresh,0,fresh,,,0,0,0,2,0,1,20.0,20.0,5.0,35.0,1,1000,0.0015287938294932246,0.00029047125577926636,,max_step
2129,fresh,0,fresh,,,0,0,0,12,1,1,5.0,20.0,10.0,35.0,3,48,0.749201774597168,0.009845433911929527,,out_of_road
2130,fresh,0,fresh,,,0,1,1,3,1,1,10.0,40.0,5.0,55.0,3,77,1.9835686683654785,0.042537406752152104,,crash_vehicle
2131,fresh,0,fresh,,,0,0,0,8,1,0,15.0,5.0,15.0,35.0,3,1000,2.1227762699127197,0.01694926790893078,,max_step
2132,fresh,0,fresh,,,0,1,1,0,0,0,10.0,10.0,15.0,55.0,0,47,0.8022294044494629,0.018358025580961654,,out_of_road
2133,fresh,0,fresh,,,0,1,0,5,0,1,15.0,5.0,15.0,10.0,0,226,5.300897598266602,0.24263800755225584,,arrive_dest
2134,fresh,0,fresh,,,0,1,0,1,0,1,10.0,20.0,5.0,55.0,1,1000,0.27562278509140015,0.006876616009045392,,max_step
2135,fresh,0,fresh,,,0,1,1,0,1,0,15.0,40.0,15.0,20.0,0,68,1.5774645805358887,0.04530468248926541,,crash_vehicle
2136,fresh,0,fresh,,,0,1,0,0,0,0,10.0,40.0,15.0,35.0,0,102,2.5222208499908447,0.10412785794366808,,out_of_road
2137,fresh,0,fresh,,,0,1,0,1,1,1,5.0,20.0,10.0,35.0,1,86,2.616330862045288,0.1438345631454573,,crash_vehicle
2138,fresh,0,fresh,,,0,1,0,5,0,0,15.0,40.0,10.0,35.0,3,50,0.7554239630699158,0.02072518234141171,,out_of_road
2139,fresh,0,fresh,,,0,0,0,2,0,0,10.0,10.0,5.0,35.0,2,233,5.436309337615967,0.20331219010766546,,out_of_road
2140,fresh,0,fresh,,,0,0,0,0,0,0,15.0,5.0,15.0,10.0,0,21,-0.2758423686027527,0.027877708276112873,,out_of_road
2141,fresh,0,fresh,,,0,0,0,12,0,0,20.0,10.0,10.0,55.0,1,356,5.389087200164795,0.09130440379775474,,crash_vehicle
2142,fresh,0,fresh,,,0,1,1,3,0,1,15.0,40.0,5.0,55.0,0,73,1.565955638885498,0.021407151237538415,,crash_vehicle
2143,fresh,0,fresh,,,0,1,0,12,1,0,10.0,10.0,10.0,20.0,0,793,8.016228675842285,0.11219527300674478,,out_of_road
2144,fresh,0,fresh,,,0,0,0,5,0,0,15.0,10.0,15.0,35.0,0,499,15.87253475189209,0.2669207213767515,,out_of_road
2145,fresh,0,fresh,,,0,0,0,5,0,1,15.0,20.0,5.0,55.0,0,51,0.724604606628418,0.016899886595852235,,crash_vehicle
2146,fresh,0,fresh,,,0,1,1,1,0,0,10.0,10.0,15.0,55.0,1,101,2.680182695388794,0.03203285487350261,,out_of_road
2147,fresh,0,fresh,,,0,1,1,5,1,0,20.0,10.0,5.0,20.0,2,33,0.2212320864200592,0.018325007323062782,,crash_vehicle
2148,fresh,0,fresh,,,0,1,0,2,1,1,20.0,10.0,10.0,55.0,2,230,10.326278686523438,0.3678750350403235,,out_of_road
2149,fresh,0,fresh,,,0,1,1,4,1,0,5.0,40.0,10.0,55.0,1,82,2.433331251144409,0.08825287881602602,,crash_vehicle
2150,fresh,0,fresh,,,0,0,0,4,0,1,15.0,20.0,5.0,10.0,0,232,10.191466331481934,0.3455457438891432,,out_of_road
2151,fresh,0,fresh,,,0,0,0,4,0,0,20.0,5.0,5.0,35.0,0,23,-0.03981506824493408,0.0,,crash_vehicle
2152,fresh,0,fresh,,,0,0,0,1,0,0,20.0,5.0,10.0,55.0,1,144,5.1786675453186035,0.2307196584944096,,out_of_road
2153,fresh,0,fresh,,,0,1,1,4,0,1,5.0,10.0,15.0,20.0,1,98,1.1186317205429077,0.02130000621118412,,crash_vehicle
2154,fresh,0,fresh,,,0,0,0,18,1,1,5.0,20.0,5.0,35.0,2,1000,0.9385643601417542,0.0035482228598557415,,max_step
2155,fresh,0,fresh,,,0,1,0,2,0,0,20.0,40.0,10.0,20.0,2,256,11.929908752441406,0.40787473320961,,out_of_road
2156,fresh,0,fresh,,,0,0,0,8,1,1,20.0,40.0,5.0,55.0,2,62,1.4277606010437012,0.027736353748027357,,crash_vehicle
2157,fresh,0,fresh,,,0,1,0,1,0,0,15.0,5.0,15.0,35.0,1,48,0.8426648378372192,0.01600943165734255,,out_of_road
2158,fresh,0,fresh,,,0,1,0,0,1,0,20.0,40.0,10.0,10.0,0,203,7.749642372131348,0.23026406680798076,,out_of_road
2159,fresh,0,fresh,,,0,1,0,12,1,0,20.0,20.0,5.0,55.0,2,55,0.8542360067367554,0.04483396759764715,,out_of_road
2160,fresh,0,fresh,,,0,1,1,4,1,1,5.0,20.0,5.0,35.0,0,47,0.6952624320983887,0.014978285799635218,,crash_vehicle
2161,fresh,0,fresh,,,0,1,0,4,1,0,15.0,5.0,10.0,20.0,0,300,9.495898246765137,0.21412004746496677,,out_of_road
2162,fresh,0,fresh,,,0,0,0,4,1,0,5.0,5.0,5.0,20.0,1,57,-0.033831000328063965,0.01650730484541048,,crash_vehicle
2163,fresh,0,fresh,,,0,1,0,2,0,0,10.0,5.0,5.0,20.0,0,1000,0.002186669036746025,0.0010617314495611936,,max_step
2164,fresh,0,fresh,,,0,1,0,3,0,0,15.0,5.0,5.0,20.0,3,129,5.762629985809326,0.23320593728229058,,out_of_road
2165,fresh,0,fresh,,,0,1,1,2,0,0,20.0,10.0,15.0,35.0,2,146,5.350281238555908,0.30447169622942194,,out_of_road
2166,fresh,0,fresh,,,0,0,0,12,0,1,10.0,20.0,5.0,55.0,1,45,0.73956298828125,0.0030448102288775972,,crash_vehicle
2167,fresh,0,fresh,,,0,0,0,5,1,0,10.0,40.0,5.0,55.0,2,492,11.521676063537598,0.17682297984838516,,crash_vehicle
2168,fresh,0,fresh,,,0,1,0,12,1,0,15.0,20.0,15.0,35.0,3,75,1.7940562963485718,0.09272379178553819,,crash_vehicle
2169,fresh,0,fresh,,,0,0,0,1,0,1,20.0,40.0,10.0,10.0,1,125,5.8399739265441895,0.30102434766292574,,arrive_dest
2170,fresh,0,fresh,,,0,1,0,0,0,0,20.0,40.0,15.0,35.0,0,70,1.6191611289978027,0.04388566251311984,,out_of_road
2171,fresh,0,fresh,,,0,1,1,5,0,0,15.0,20.0,5.0,35.0,2,270,9.357345581054688,0.35940752501289047,,out_of_road
2172,fresh,0,fresh,,,0,0,0,4,0,0,20.0,20.0,10.0,35.0,1,74,1.5936882495880127,0.04742245841771364,,crash_vehicle
2173,fresh,0,fresh,,,0,1,0,2,0,1,5.0,20.0,15.0,55.0,2,166,6.567581653594971,0.22132475235981933,,out_of_road
2174,fresh,0,fresh,,,0,0,0,3,0,1,20.0,10.0,15.0,10.0,1,205,5.429580211639404,0.27733288825285146,,crash_vehicle
2175,fresh,0,fresh,,,0,1,1,8,1,0,5.0,20.0,10.0,35.0,0,59,1.4341022968292236,0.04672287432950432,,crash_vehicle
2176,fresh,0,fresh,,,0,1,1,5,1,1,20.0,5.0,10.0,35.0,1,31,-0.012980520725250244,0.0022658508631490893,,crash_vehicle
2177,fresh,0,fresh,,,0,0,0,8,1,0,10.0,40.0,5.0,55.0,3,69,1.6327346563339233,0.028508065025443615,,crash_vehicle
2178,fresh,0,fresh,,,0,0,0,1,1,1,10.0,20.0,5.0,35.0,1,101,2.7302794456481934,0.10854965331272619,,crash_vehicle
2179,fresh,0,fresh,,,0,1,0,2,0,1,10.0,40.0,15.0,55.0,1,74,1.8338255882263184,0.030762107570882182,,crash_vehicle
2180,fresh,0,fresh,,,0,0,0,0,0,0,10.0,40.0,10.0,20.0,0,81,2.148768663406372,0.02480030631830479,,out_of_road
2181,fresh,0,fresh,,,0,0,0,8,0,1,5.0,20.0,5.0,10.0,0,183,7.068078994750977,0.15429316014763925,,out_of_road
2182,fresh,0,fresh,,,0,1,0,12,1,0,20.0,20.0,5.0,55.0,3,117,2.111189842224121,0.09142912383008207,,out_of_road
2183,fresh,0,fresh,,,0,1,0,5,0,1,10.0,10.0,5.0,55.0,1,1000,0.5136715769767761,0.001350183505564928,,max_step
2184,fresh,0,fresh,,,0,1,1,0,1,0,15.0,20.0,5.0,35.0,0,80,2.481821298599243,0.07384712849743665,,crash_vehicle
2185,fresh,0,fresh,,,0,0,0,8,1,1,20.0,40.0,10.0,55.0,0,72,1.6052157878875732,0.020757913537737396,,crash_vehicle
2186,fresh,0,fresh,,,0,0,0,3,1,1,5.0,5.0,5.0,35.0,3,91,2.645836114883423,0.07443737576377916,,crash_vehicle
2187,fresh,0,fresh,,,0,1,1,3,0,0,20.0,10.0,5.0,35.0,1,29,0.568429172039032,0.001764732477223051,,arrive_dest
2188,fresh,0,fresh,,,0,0,0,8,0,0,20.0,40.0,5.0,35.0,3,239,9.153657913208008,0.33313457591841034,,out_of_road
2189,fresh,0,fresh,,,0,1,0,5,1,0,15.0,5.0,5.0,20.0,2,119,2.00278377532959,0.09911647578310065,,crash_vehicle
2190,fresh,0,fresh,,,0,1,0,5,1,1,10.0,40.0,10.0,55.0,0,63,1.618798851966858,0.025144453958741257,,crash_vehicle
2191,fresh,0,fresh,,,0,0,0,3,0,0,15.0,20.0,5.0,10.0,0,1000,2.0258073806762695,0.011012570735416375,,max_step
2192,fresh,0,fresh,,,0,0,0,4,1,0,5.0,10.0,15.0,20.0,2,235,9.926197052001953,0.2789338470932017,,out_of_road
2193,fresh,0,fresh,,,0,1,0,0,1,0,15.0,5.0,10.0,35.0,0,85,2.706016778945923,0.09971210299169316,,crash_vehicle
2194,fresh,0,fresh,,,0,1,0,18,1,1,5.0,5.0,10.0,55.0,1,21,-0.020635947585105896,0.007017527307782855,,crash_vehicle
2195,fresh,0,fresh,,,0,1,1,5,0,0,20.0,10.0,15.0,10.0,3,1000,1.3614228963851929,0.009659721482079477,,max_step
2196,fresh,0,fresh,,,0,1,1,4,1,0,15.0,20.0,10.0,35.0,0,2,0.5100272297859192,0.15426278114318848,,arrive_dest
2197,fresh,0,fresh,,,0,1,1,8,0,1,15.0,5.0,10.0,55.0,2,264,9.625608444213867,0.23945213461322992,,out_of_road
2198,fresh,0,fresh,,,0,0,0,8,0,0,15.0,5.0,15.0,10.0,3,151,2.822014570236206,0.13726068307207712,,out_of_road
2199,fresh,0,fresh,,,0,0,0,18,1,0,5.0,40.0,5.0,55.0,0,232,9.401473999023438,0.2409920742462293,,out_of_road
2200,fresh,0,fresh,,,0,0,0,5,0,0,5.0,20.0,5.0,20.0,3,244,8.650989532470703,0.1907764855222624,,out_of_road
2201,fresh,0,fresh,,,0,0,0,18,0,0,15.0,40.0,5.0,35.0,3,256,9.856496810913086,0.19045172379992437,,out_of_road
2202,fresh,0,fresh,,,0,0,0,0,0,0,15.0,5.0,10.0,35.0,0,233,10.562114715576172,0.2395787957032479,,out_of_road
2203,fresh,0,fresh,,,0,1,0,12,0,0,10.0,5.0,5.0,35.0,3,2,0.5083686113357544,0.04499668627977371,,arrive_dest
2204,fresh,0,fresh,,,0,1,0,4,1,1,15.0,10.0,10.0,55.0,2,216,10.182580947875977,0.21147005170307778,,arrive_dest
2205,fresh,0,fresh,,,0,0,0,2,1,0,10.0,10.0,15.0,20.0,1,31,0.20669719576835632,0.02900132825297694,,crash_vehicle
2206,fresh,0,fresh,,,0,0,0,5,0,0,10.0,10.0,5.0,55.0,0,317,12.999350547790527,0.3088722157663716,,out_of_road
2207,fresh,0,fresh,,,0,1,1,1,0,0,5.0,10.0,15.0,55.0,0,1000,0.5236507058143616,0.0005541163384914399,,max_step
2208,fresh,0,fresh,,,0,1,0,8,0,1,10.0,40.0,10.0,10.0,3,72,1.3077304363250732,0.035991191010301314,,crash_vehicle
2209,fresh,0,fresh,,,0,1,1,3,0,1,20.0,5.0,5.0,35.0,1,1000,0.4774165153503418,0.0005224509909749031,,max_step
2210,fresh,0,fresh,,,0,1,0,5,1,1,5.0,40.0,10.0,55.0,0,174,6.780823707580566,0.05816176601139636,,out_of_road
2211,fresh,0,fresh,,,0,0,0,12,1,1,5.0,5.0,10.0,20.0,1,788,0.7120698690414429,0.00012696894041740048,,crash_vehicle
2212,fresh,0,fresh,,,0,0,0,8,1,0,20.0,40.0,5.0,55.0,3,1000,3.204099655151367,0.01193514849524945,,max_step
2213,fresh,0,fresh,,,0,0,0,5,0,1,15.0,40.0,10.0,20.0,1,70,1.5495871305465698,0.039146979392639225,,crash_vehicle
2214,fresh,0,fresh,,,0,0,0,8,1,0,10.0,40.0,15.0,55.0,3,132,2.209571599960327,0.054712537697262385,,crash_vehicle
2215,fresh,0,fresh,,,0,1,1,2,0,1,20.0,10.0,5.0,20.0,0,83,1.4573899507522583,0.04086588227739894,,arrive_dest
2216,fresh,0,fresh,,,0,0,0,4,0,0,5.0,20.0,15.0,55.0,1,1000,1.484061598777771,0.006728760400379542,,max_step
2217,fresh,0,fresh,,,0,1,0,12,0,1,15.0,10.0,15.0,20.0,0,90,1.476509928703308,0.0757504072971642,,crash_vehicle
2218,fresh,0,fresh,,,0,0,0,0,0,0,5.0,20.0,5.0,20.0,0,161,5.1983795166015625,0.060291194650185474,,out_of_road
2219,fresh,0,fresh,,,0,0,0,1,1,1,10.0,10.0,5.0,55.0,1,112,2.8443551063537598,0.09043704379083854,,out_of_road
2220,fresh,0,fresh,,,0,1,1,18,0,0,10.0,5.0,10.0,20.0,0,1000,0.0540585033595562,0.008485577420797199,,max_step
2221,fresh,0,fresh,,,0,1,1,4,1,0,20.0,10.0,5.0,20.0,2,1000,0.4725879728794098,0.0014445954412221909,,max_step
2222,fresh,0,fresh,,,0,0,0,5,0,0,10.0,10.0,5.0,35.0,3,226,2.6888091564178467,0.07967098776366463,,crash_vehicle
2223,fresh,0,fresh,,,0,0,0,1,1,1,5.0,5.0,5.0,20.0,1,68,1.512758731842041,0.03198090346310945,,crash_vehicle
2224,fresh,0,fresh,,,0,0,0,3,1,0,20.0,5.0,5.0,35.0,0,236,5.599813461303711,0.15776672406848205,,crash_vehicle
2225,fresh,0,fresh,,,0,0,0,12,1,1,10.0,5.0,10.0,55.0,2,61,1.1725058555603027,0.13975091455656974,,arrive_dest
2226,fresh,0,fresh,,,0,1,0,4,0,0,5.0,5.0,10.0,20.0,0,1000,0.1511089950799942,0.0022097551696933808,,max_step
2227,fresh,0,fresh,,,0,1,0,12,1,1,15.0,40.0,15.0,55.0,0,70,1.4258263111114502,0.031075004541448185,,crash_vehicle
2228,fresh,0,fresh,,,0,1,1,2,1,0,5.0,20.0,15.0,35.0,1,50,0.6124188303947449,0.03816916450858116,,out_of_road
2229,fresh,0,fresh,,,0,0,0,4,0,0,20.0,5.0,10.0,35.0,2,1000,0.002604956505820155,0.0020822869460098447,,max_step
2230,fresh,0,fresh,,,0,1,0,0,1,0,5.0,5.0,10.0,35.0,0,81,2.4594056606292725,0.06672742270669084,,crash_vehicle
2231,fresh,0,fresh,,,0,1,0,1,0,0,15.0,40.0,5.0,55.0,1,94,2.112316608428955,0.018947694331724593,,out_of_road
2232,fresh,0,fresh,,,0,0,0,8,1,1,20.0,20.0,5.0,35.0,1,1000,1.2203803062438965,0.010027140313759446,,max_step
2233,fresh,0,fresh,,,0,1,0,1,0,1,15.0,20.0,15.0,35.0,0,186,1.9186148643493652,0.027891178375049945,,crash_vehicle
2234,fresh,0,fresh,,,0,0,0,2,0,0,15.0,5.0,10.0,10.0,0,1000,0.0021286970004439354,0.0,,max_step
2235,fresh,0,fresh,,,0,1,1,1,0,1,5.0,10.0,15.0,35.0,1,185,9.379189491271973,0.3024456860849986,,out_of_road
2236,fresh,0,fresh,,,0,0,0,12,1,1,10.0,20.0,5.0,35.0,3,53,0.7083734273910522,0.029521311615716736,,crash_vehicle
2237,fresh,0,fresh,,,0,1,0,8,1,1,15.0,10.0,10.0,20.0,0,1000,0.9912725687026978,0.0031000409568659962,,max_step
2238,fresh,0,fresh,,,0,1,1,18,0,0,20.0,5.0,15.0,10.0,1,163,4.901865005493164,0.33616109080384116,,out_of_road
2239,fresh,0,fresh,,,0,0,0,2,0,0,10.0,10.0,15.0,35.0,2,94,1.8432482481002808,0.13732080686678913,,out_of_road
2240,fresh,0,fresh,,,0,0,0,8,1,1,20.0,10.0,5.0,55.0,2,34,0.19826748967170715,0.0,,crash_vehicle
2241,fresh,0,fresh,,,0,0,0,12,1,1,10.0,10.0,10.0,20.0,0,1000,0.3324238061904907,0.0021641916036605835,,max_step
2242,fresh,0,fresh,,,0,0,0,2,0,0,5.0,5.0,5.0,10.0,0,141,2.3160738945007324,0.09289814093222855,,out_of_road
2243,fresh,0,fresh,,,0,1,0,4,0,1,15.0,10.0,15.0,35.0,2,1000,0.5574244260787964,0.0009890097174793482,,max_step
2244,fresh,0,fresh,,,0,0,0,5,1,0,15.0,5.0,15.0,35.0,2,332,13.000700950622559,0.3440477993530053,,arrive_dest
2245,fresh,0,fresh,,,0,0,0,3,0,0,5.0,5.0,5.0,20.0,3,277,13.321283340454102,0.38413163115831916,,out_of_road
2246,fresh,0,fresh,,,0,0,0,18,1,1,5.0,40.0,15.0,55.0,1,74,2.127441167831421,0.057414710798577684,,crash_vehicle
2247,fresh,0,fresh,,,0,0,0,4,0,1,10.0,40.0,10.0,20.0,0,71,1.5140608549118042,0.02899889783068022,,crash_vehicle
2248,fresh,0,fresh,,,0,1,0,2,1,1,10.0,10.0,10.0,35.0,0,1000,1.435646891593933,0.015138926007319241,,max_step
2249,fresh,0,fresh,,,0,1,0,8,0,0,5.0,20.0,5.0,35.0,3,224,9.902438163757324,0.17343802990581025,,out_of_road
2250,fresh,0,fresh,,,0,0,0,3,0,0,15.0,40.0,5.0,35.0,1,167,6.918427467346191,0.12918523198250167,,out_of_road
2251,fresh,0,fresh,,,0,0,0,12,0,0,5.0,10.0,15.0,20.0,2,1000,0.7371606826782227,0.013276993901003151,,max_step
2252,fresh,0,fresh,,,0,1,0,0,1,0,10.0,20.0,15.0,55.0,0,98,3.5194709300994873,0.10077351035208118,,crash_vehicle
2253,fresh,0,fresh,,,0,0,0,1,1,1,15.0,40.0,10.0,55.0,1,102,2.9906105995178223,0.11121436851281746,,out_of_road
2254,fresh,0,fresh,,,0,0,0,3,1,0,15.0,40.0,15.0,55.0,0,257,6.300327777862549,0.18673925010436704,,crash_vehicle
2255,fresh,0,fresh,,,0,0,0,18,0,0,10.0,5.0,10.0,55.0,1,323,6.527281284332275,0.19613214462545725,,crash_vehicle
2256,fresh,0,fresh,,,0,0,0,1,1,1,5.0,20.0,10.0,35.0,1,111,2.7679495811462402,0.10757551793646705,,crash_vehicle
2257,fresh,0,fresh,,,0,1,0,1,0,1,5.0,10.0,15.0,55.0,0,238,10.093462944030762,0.16592042710428603,,out_of_road
2258,fresh,0,fresh,,,0,1,0,1,0,0,15.0,5.0,10.0,35.0,1,180,7.284902095794678,0.11515848404313955,,out_of_road
2259,fresh,0,fresh,,,0,1,0,5,0,1,15.0,40.0,5.0,55.0,0,1000,1.8997060060501099,0.007018837484763936,,max_step
2260,fresh,0,fresh,,,0,0,0,0,0,0,5.0,10.0,5.0,10.0,0,112,2.948945999145508,0.030126012096713697,,out_of_road
2261,fresh,0,fresh,,,0,0,0,3,0,0,5.0,5.0,5.0,55.0,2,121,2.1201937198638916,0.12951122347480995,,out_of_road
2262,fresh,0,fresh,,,0,1,0,5,0,0,10.0,10.0,5.0,55.0,0,1000,1.7524915933609009,0.03705564634129405,,max_step
2263,fresh,0,fresh,,,0,0,0,12,0,0,20.0,40.0,5.0,20.0,2,375,13.866036415100098,0.24680045260240635,,out_of_road
2264,fresh,0,fresh,,,0,1,1,8,0,1,20.0,20.0,10.0,55.0,0,1000,1.2547001838684082,0.005684435699135065,,max_step
2265,fresh,0,fresh,,,0,0,0,1,0,1,5.0,10.0,10.0,55.0,1,18,-0.24719440937042236,0.0025152663389841714,,out_of_road
2266,fresh,0,fresh,,,0,0,0,8,1,1,10.0,20.0,5.0,55.0,1,43,0.6200879812240601,0.011422309764595918,,crash_vehicle
2267,fresh,0,fresh,,,0,1,1,3,1,0,20.0,40.0,10.0,55.0,3,48,0.7745456099510193,0.004323756089434028,,out_of_road
2268,fresh,0,fresh,,,0,0,0,0,0,0,20.0,40.0,10.0,20.0,0,97,3.079336643218994,0.12041397237209316,,out_of_road
2269,fresh,0,fresh,,,0,1,1,8,1,1,10.0,20.0,5.0,35.0,1,327,0.6617938280105591,0.010680632403729889,,crash_vehicle
2270,fresh,0,fresh,,,0,0,0,8,1,0,15.0,10.0,5.0,20.0,0,1000,0.6829003691673279,0.0051772858926560725,,max_step
2271,fresh,0,fresh,,,0,1,1,5,1,1,5.0,20.0,10.0,35.0,3,48,0.8326886892318726,0.014870064488301674,,crash_vehicle
2272,fresh,0,fresh,,,0,1,0,0,0,0,20.0,20.0,15.0,10.0,0,215,9.230950355529785,0.14827292189002036,,out_of_road
2273,fresh,0,fresh,,,0,1,0,4,1,0,5.0,20.0,15.0,35.0,1,1000,1.3426876068115234,0.005794423825806007,,max_step
2274,fresh,0,fresh,,,0,1,1,18,0,0,5.0,40.0,5.0,10.0,1,230,5.387382984161377,0.12775272161740323,,crash_vehicle
2275,fresh,0,fresh,,,0,0,0,4,1,1,5.0,10.0,10.0,20.0,1,1000,1.0099698305130005,0.006913795168045908,,max_step
2276,fresh,0,fresh,,,0,0,0,4,0,1,15.0,10.0,10.0,35.0,2,48,-0.0624498575925827,0.01052851943920056,,out_of_road
2277,fresh,0,fresh,,,0,1,1,0,1,0,15.0,5.0,5.0,10.0,0,202,7.081931114196777,0.10016772781480288,,out_of_road
2278,fresh,0,fresh,,,0,1,0,3,1,0,5.0,40.0,15.0,55.0,3,105,3.756805658340454,0.09685443089831443,,crash_vehicle
2279,fresh,0,fresh,,,0,1,1,18,0,0,10.0,10.0,15.0,10.0,3,153,3.449751853942871,0.11544837907346245,,crash_vehicle
2280,fresh,0,fresh,,,0,0,0,8,0,1,10.0,20.0,15.0,55.0,3,1000,1.266273021697998,0.0033148015202023088,,max_step
2281,fresh,0,fresh,,,0,1,1,5,0,1,20.0,20.0,5.0,20.0,3,45,0.6286747455596924,0.022077201389604145,,crash_vehicle
2282,fresh,0,fresh,,,0,0,0,0,1,0,15.0,40.0,15.0,35.0,0,1000,2.992530584335327,0.008030168171040714,,max_step
2283,fresh,0,fresh,,,0,0,0,2,0,0,15.0,20.0,5.0,35.0,2,201,9.392991065979004,0.2632850002108225,,out_of_road
2284,fresh,0,fresh,,,0,0,0,4,1,0,15.0,5.0,15.0,55.0,3,1000,0.01058643963187933,0.0036528527634218334,,max_step
2285,fresh,0,fresh,,,0,1,1,18,1,0,15.0,40.0,10.0,55.0,2,91,2.5673980712890625,0.03568160763153663,,crash_vehicle
2286,fresh,0,fresh,,,0,0,0,12,1,0,20.0,40.0,10.0,55.0,3,214,10.393401145935059,0.24538679835256014,,out_of_road
2287,fresh,0,fresh,,,0,1,0,8,1,0,15.0,40.0,10.0,55.0,2,93,2.349557876586914,0.067397189356627,,crash_vehicle
2288,fresh,0,fresh,,,0,1,1,3,0,1,5.0,10.0,15.0,10.0,1,1000,0.9883995652198792,0.0050820408170111474,,max_step
2289,fresh,0,fresh,,,0,1,1,2,0,1,10.0,10.0,15.0,10.0,2,191,7.04918098449707,0.17229880580766352,,out_of_road
2290,fresh,0,fresh,,,0,1,0,3,0,1,15.0,5.0,15.0,10.0,3,122,3.4418282508850098,0.22676275346855648,,out_of_road
2291,fresh,0,fresh,,,0,1,1,2,0,0,10.0,40.0,10.0,20.0,2,210,9.23419189453125,0.136258221195922,,out_of_road
2292,fresh,0,fresh,,,0,0,0,0,0,0,10.0,5.0,15.0,10.0,0,194,9.340106010437012,0.20605968549540363,,out_of_road
2293,fresh,0,fresh,,,0,0,0,0,1,0,15.0,40.0,5.0,20.0,0,243,9.085564613342285,0.24083539902198095,,out_of_road
2294,fresh,0,fresh,,,0,0,0,0,0,0,5.0,5.0,15.0,20.0,0,231,10.626930236816406,0.3005954445061552,,out_of_road
2295,fresh,0,fresh,,,0,1,1,18,1,1,15.0,20.0,15.0,55.0,0,66,1.768519401550293,0.09786558851148143,,crash_vehicle
2296,fresh,0,fresh,,,0,0,0,3,1,1,5.0,40.0,15.0,55.0,3,47,0.8619953393936157,0.0,,out_of_road
2297,fresh,0,fresh,,,0,1,1,4,0,1,20.0,40.0,15.0,20.0,3,78,1.8171709775924683,0.03435885085939215,,crash_vehicle
2298,fresh,0,fresh,,,0,1,1,8,0,0,15.0,20.0,15.0,55.0,1,824,2.821463108062744,0.024555740190796482,,arrive_dest
2299,fresh,0,fresh,,,0,0,0,12,1,1,15.0,40.0,10.0,55.0,1,67,1.5799341201782227,0.0237372379694412,,crash_vehicle
2300,fresh,0,fresh,,,0,1,1,3,1,0,10.0,5.0,10.0,20.0,1,329,4.806079864501953,0.10610272057954573,,crash_vehicle
2301,fresh,0,fresh,,,0,0,0,12,1,1,20.0,20.0,10.0,55.0,3,56,1.057746410369873,0.016607964743993113,,crash_vehicle
2302,fresh,0,fresh,,,0,1,1,2,0,1,20.0,20.0,15.0,35.0,0,722,11.780816078186035,0.08117746143057489,,out_of_road
2303,fresh,0,fresh,,,0,0,0,3,1,1,20.0,10.0,10.0,20.0,0,1000,0.5669589042663574,0.0005067478623241186,,max_step
2304,fresh,0,fresh,,,0,0,0,4,0,0,15.0,20.0,10.0,10.0,0,191,7.468895435333252,0.09865624860601978,,out_of_road
2305,fresh,0,fresh,,,0,0,0,1,1,1,20.0,5.0,10.0,35.0,1,50,0.726561427116394,0.06028668366372585,,out_of_road
2306,fresh,0,fresh,,,0,1,0,4,0,0,10.0,5.0,15.0,35.0,2,596,-0.014546230435371399,0.001794378258344161,,crash_vehicle
2307,fresh,0,fresh,,,0,0,0,4,1,0,20.0,20.0,15.0,35.0,2,79,1.6950340270996094,0.09201252036079575,,crash_vehicle
2308,fresh,0,fresh,,,0,0,0,1,1,1,15.0,20.0,15.0,35.0,1,230,10.175068855285645,0.1812518548179904,,out_of_road
2309,fresh,0,fresh,,,0,0,0,3,1,0,15.0,10.0,10.0,35.0,3,81,2.450035810470581,0.06264474943717137,,crash_vehicle
2310,fresh,0,fresh,,,0,0,0,4,1,1,15.0,20.0,5.0,55.0,0,61,0.6375272274017334,0.021209424621135484,,out_of_road
2311,fresh,0,fresh,,,0,0,0,2,1,1,20.0,5.0,15.0,20.0,0,152,2.0789132118225098,0.14331521062597044,,crash_vehicle
2312,fresh,0,fresh,,,0,0,0,5,0,0,20.0,5.0,5.0,55.0,3,1000,0.5581464171409607,0.0027974497508257627,,max_step
2313,fresh,0,fresh,,,0,1,0,3,1,0,20.0,20.0,15.0,55.0,2,51,1.1058086156845093,0.017680054859203452,,crash_vehicle
2314,fresh,0,fresh,,,0,0,0,1,0,1,5.0,40.0,10.0,20.0,1,272,10.032615661621094,0.21672729821190895,,out_of_road
2315,fresh,0,fresh,,,0,0,0,8,0,1,20.0,20.0,10.0,55.0,0,46,0.5711476802825928,0.0059429893027181215,,crash_vehicle
2316,fresh,0,fresh,,,0,0,0,12,1,1,15.0,20.0,15.0,55.0,2,1000,0.5904668569564819,0.006090659013483673,,max_step
2317,fresh,0,fresh,,,0,0,0,3,0,0,5.0,40.0,5.0,10.0,2,78,1.9901760816574097,0.12332536370899433,,crash_vehicle
2318,fresh,0,fresh,,,0,1,0,0,0,0,10.0,5.0,15.0,10.0,0,166,4.534051895141602,0.10384541922753834,,out_of_road
2319,fresh,0,fresh,,,0,1,0,3,1,0,5.0,40.0,15.0,55.0,2,86,2.191999912261963,0.06904854226944059,,out_of_road
2320,fresh,0,fresh,,,0,0,0,4,1,0,5.0,40.0,15.0,55.0,0,77,1.9095864295959473,0.03938142668649361,,crash_vehicle
2321,fresh,0,fresh,,,0,1,1,3,0,0,10.0,10.0,10.0,55.0,0,156,3.534885883331299,0.2889357746984714,,out_of_road
2322,fresh,0,fresh,,,0,0,0,5,0,0,5.0,40.0,15.0,10.0,3,135,2.4760303497314453,0.10801192029482788,,out_of_road
2323,fresh,0,fresh,,,0,0,0,1,1,1,10.0,20.0,5.0,35.0,1,205,6.372342586517334,0.17317222667539992,,arrive_dest
2324,fresh,0,fresh,,,0,0,0,0,1,0,20.0,20.0,15.0,10.0,0,264,5.428400993347168,0.15291644105772403,,crash_vehicle
2325,fresh,0,fresh,,,0,0,0,5,0,1,5.0,10.0,15.0,55.0,3,1000,0.695380449295044,0.0017773565668612718,,max_step
2326,fresh,0,fresh,,,0,1,0,2,0,1,10.0,5.0,5.0,10.0,2,92,2.582423210144043,0.04523508091781126,,out_of_road
2327,fresh,0,fresh,,,0,1,0,2,1,0,20.0,10.0,15.0,55.0,2,47,0.8635026216506958,0.014870572993729977,,out_of_road
2328,fresh,0,fresh,,,0,1,1,8,1,1,20.0,10.0,15.0,20.0,3,157,2.090927839279175,0.1132603186022514,,crash_vehicle
2329,fresh,0,fresh,,,0,0,0,12,0,0,15.0,40.0,5.0,20.0,2,101,2.8158979415893555,0.13137167588909074,,crash_vehicle
2330,fresh,0,fresh,,,0,1,0,18,1,1,15.0,40.0,15.0,55.0,2,93,1.781411051750183,0.08347496486479236,,out_of_road
2331,fresh,0,fresh,,,0,1,0,12,0,1,5.0,5.0,5.0,35.0,1,189,0.019428491592407227,0.011574847722258518,,crash_vehicle
2332,fresh,0,fresh,,,0,0,0,5,0,1,5.0,10.0,10.0,35.0,1,1000,1.5775353908538818,0.009470765088917688,,max_step
2333,fresh,0,fresh,,,0,0,0,1,0,0,15.0,10.0,10.0,55.0,0,2,0.509118378162384,0.08660265803337097,,arrive_dest
2334,fresh,0,fresh,,,0,0,0,2,1,0,10.0,20.0,10.0,55.0,2,103,2.860241413116455,0.0702835836004719,,out_of_road
2335,fresh,0,fresh,,,0,1,0,18,0,1,10.0,5.0,10.0,20.0,2,1000,1.025698184967041,0.018527971778647043,,max_step
2336,fresh,0,fresh,,,0,0,0,5,0,1,15.0,20.0,10.0,35.0,1,50,0.7034137845039368,0.010027285814285278,,crash_vehicle
2337,fresh,0,fresh,,,0,1,0,5,1,1,15.0,20.0,15.0,55.0,0,291,11.662798881530762,0.24394926557451793,,out_of_road
2338,fresh,0,fresh,,,0,0,0,0,0,0,15.0,40.0,10.0,35.0,0,66,1.5493906736373901,0.03979374149419142,,out_of_road
2339,fresh,0,fresh,,,0,1,1,0,1,0,10.0,5.0,10.0,10.0,0,57,0.8936675786972046,0.03417267833362546,,crash_vehicle
2340,fresh,0,fresh,,,0,1,1,5,1,1,10.0,20.0,15.0,35.0,0,70,1.4464879035949707,0.017579385066138847,,crash_vehicle
2341,fresh,0,fresh,,,0,0,0,5,1,0,10.0,20.0,10.0,35.0,3,1000,1.658304214477539,0.008720570157514885,,max_step
2342,fresh,0,fresh,,,0,0,0,3,0,1,10.0,20.0,10.0,20.0,0,45,0.6592580080032349,0.01631011598640018,,crash_vehicle
2343,fresh,0,fresh,,,0,1,1,5,0,1,5.0,5.0,10.0,20.0,2,120,0.8948496580123901,0.09487420668204626,,crash_vehicle
2344,fresh,0,fresh,,,0,0,0,0,0,0,15.0,5.0,15.0,55.0,0,190,10.43950366973877,0.3319682992994785,,arrive_dest
2345,fresh,0,fresh,,,0,0,0,2,1,1,5.0,5.0,5.0,35.0,0,1000,1.037329077720642,0.007527978084981441,,max_step
2346,fresh,0,fresh,,,0,1,0,18,1,1,20.0,10.0,15.0,55.0,3,85,1.9325510263442993,0.21122395152993062,,crash_vehicle
2347,fresh,0,fresh,,,0,1,0,1,1,0,15.0,20.0,15.0,35.0,0,74,1.6531466245651245,0.06769479670234628,,crash_vehicle
2348,fresh,0,fresh,,,0,1,1,0,0,0,10.0,5.0,10.0,10.0,0,159,4.961850166320801,0.04832418435165342,,out_of_road
2349,fresh,0,fresh,,,0,0,0,1,0,0,20.0,5.0,15.0,35.0,0,263,10.040006637573242,0.2166609249003373,,arrive_dest
2350,fresh,0,fresh,,,0,1,1,12,1,0,20.0,5.0,15.0,35.0,0,1000,4.176321506500244,0.05361330385692418,,max_step
2351,fresh,0,fresh,,,0,1,0,4,1,0,5.0,10.0,10.0,35.0,2,170,4.848483085632324,0.04742313102983377,,out_of_road
2352,fresh,0,fresh,,,0,0,0,12,0,1,5.0,40.0,5.0,20.0,2,66,1.3591272830963135,0.012403271415016869,,crash_vehicle
2353,fresh,0,fresh,,,0,1,1,4,0,1,10.0,20.0,5.0,35.0,1,47,0.6894263029098511,0.0,,crash_vehicle
2354,fresh,0,fresh,,,0,1,1,8,1,0,5.0,10.0,5.0,35.0,2,169,0.574052095413208,0.027775414425813588,,crash_vehicle
2355,fresh,0,fresh,,,0,1,1,2,1,1,15.0,10.0,10.0,55.0,2,141,5.278785705566406,0.2064943345567436,,out_of_road
2356,fresh,0,fresh,,,0,0,0,12,0,0,5.0,10.0,10.0,10.0,1,1000,2.5740952491760254,0.008549726449069567,,max_step
2357,fresh,0,fresh,,,0,1,1,1,0,1,10.0,5.0,5.0,55.0,1,48,0.8436889052391052,0.011843372602015734,,out_of_road
2358,fresh,0,fresh,,,0,0,0,12,0,0,5.0,10.0,15.0,55.0,2,37,0.3737693727016449,0.015472447549974596,,crash_vehicle
2359,fresh,0,fresh,,,0,0,0,1,0,1,20.0,5.0,10.0,20.0,0,27,-0.018708303570747375,0.0274309273119326,,crash_vehicle
2360,fresh,0,fresh,,,0,1,0,8,1,0,20.0,20.0,15.0,35.0,1,226,4.894573211669922,0.15013941272730585,,crash_vehicle
2361,fresh,0,fresh,,,0,1,1,4,0,0,15.0,20.0,5.0,55.0,1,2,0.5094313025474548,0.1444852501153946,,arrive_dest
2362,fresh,0,fresh,,,0,0,0,12,0,1,5.0,20.0,5.0,20.0,1,35,1.0026201009750366,0.0002034191574369158,,arrive_dest
2363,fresh,0,fresh,,,0,0,0,0,0,0,15.0,40.0,15.0,20.0,0,20,-0.23203524947166443,0.03481959849596024,,out_of_road
2364,fresh,0,fresh,,,0,1,0,3,0,1,15.0,20.0,15.0,55.0,0,1000,4.820896625518799,0.041585458934307096,,max_step
2365,fresh,0,fresh,,,0,1,0,0,1,0,10.0,10.0,15.0,20.0,0,58,1.8333661556243896,0.05755558224587605,,arrive_dest
2366,fresh,0,fresh,,,0,1,1,8,1,1,5.0,10.0,5.0,55.0,0,32,0.2251710295677185,0.001021120697259903,,crash_vehicle
2367,fresh,0,fresh,,,0,1,1,3,0,1,5.0,40.0,10.0,35.0,3,1000,0.24402490258216858,0.00467270769085735,,max_step
2368,fresh,0,fresh,,,0,0,0,1,1,1,10.0,10.0,5.0,35.0,0,1000,0.8741163015365601,0.0032796337977051733,,max_step
2369,fresh,0,fresh,,,0,1,0,5,0,1,15.0,10.0,10.0,35.0,1,1000,0.7545158863067627,0.006333368819672614,,max_step
2370,fresh,0,fresh,,,0,0,0,4,1,0,20.0,5.0,10.0,20.0,2,27,-0.04617577791213989,0.08854997792729626,,crash_vehicle
2371,fresh,0,fresh,,,0,1,1,12,0,1,10.0,20.0,15.0,20.0,0,50,1.0778400897979736,0.031175829097628595,,crash_vehicle
2372,fresh,0,fresh,,,0,0,0,0,0,0,20.0,5.0,15.0,20.0,0,211,10.009594917297363,0.283806231746812,,out_of_road
2373,fresh,0,fresh,,,0,1,0,4,1,1,10.0,20.0,5.0,35.0,0,1000,0.8941648602485657,0.005206830125302076,,max_step
2374,fresh,0,fresh,,,0,1,0,0,0,0,5.0,20.0,10.0,10.0,0,79,1.8215495347976685,0.03407998825718142,,out_of_road
2375,fresh,0,fresh,,,0,0,0,3,0,0,20.0,5.0,10.0,35.0,0,1000,0.19515855610370636,0.0010876125635113567,,max_step
2376,fresh,0,fresh,,,0,1,0,1,1,0,10.0,20.0,5.0,35.0,1,87,2.686225414276123,0.13578782003672643,,crash_vehicle
2377,fresh,0,fresh,,,0,0,0,4,0,1,10.0,40.0,15.0,35.0,1,99,2.5658693313598633,0.09568871310300599,,crash_vehicle
2378,fresh,0,fresh,,,0,1,0,5,0,1,15.0,20.0,5.0,20.0,0,774,0.6232290267944336,0.01737868755370576,,out_of_road
2379,fresh,0,fresh,,,0,1,0,4,0,0,5.0,5.0,5.0,55.0,3,1000,0.06826198846101761,0.008801249338313936,,max_step
2380,fresh,0,fresh,,,0,1,0,4,0,1,10.0,10.0,10.0,10.0,1,1000,0.3642856776714325,0.002467888379469514,,max_step
2381,fresh,0,fresh,,,0,0,0,18,1,1,10.0,5.0,10.0,35.0,2,13,-0.25166910886764526,0.0,,crash_vehicle
2382,fresh,0,fresh,,,0,1,1,8,1,0,5.0,40.0,5.0,55.0,2,77,1.8607585430145264,0.03012617880647833,,crash_vehicle
2383,fresh,0,fresh,,,0,1,0,2,1,1,10.0,40.0,10.0,55.0,2,102,3.1176013946533203,0.1153069079223582,,crash_vehicle
2384,fresh,0,fresh,,,0,1,0,5,0,1,20.0,5.0,15.0,20.0,2,217,5.466462135314941,0.2979809378320995,,crash_vehicle
2385,fresh,0,fresh,,,0,1,1,1,1,1,15.0,10.0,15.0,20.0,1,597,17.396772384643555,0.2529358844112112,,out_of_road
2386,fresh,0,fresh,,,0,0,0,4,1,1,5.0,10.0,10.0,20.0,2,34,0.2296023666858673,0.007189992322202991,,crash_vehicle
2387,fresh,0,fresh,,,0,1,0,0,0,0,15.0,20.0,5.0,10.0,0,262,13.157837867736816,0.3483824806344759,,out_of_road
2388,fresh,0,fresh,,,0,1,1,1,1,0,10.0,10.0,5.0,20.0,0,230,4.319244384765625,0.18518583011691986,,crash_vehicle
2389,fresh,0,fresh,,,0,1,1,5,1,0,15.0,10.0,10.0,20.0,1,949,0.34344834089279175,0.004122720803384394,,crash_vehicle
2390,fresh,0,fresh,,,0,0,0,0,0,0,10.0,5.0,10.0,10.0,0,212,9.48875617980957,0.24337741251121153,,out_of_road
2391,fresh,0,fresh,,,0,1,1,12,0,1,10.0,10.0,10.0,20.0,0,1000,0.7409594655036926,0.012756155215203763,,max_step
2392,fresh,0,fresh,,,0,0,0,8,0,1,10.0,10.0,10.0,35.0,0,33,0.26593419909477234,0.0025044950571927157,,crash_vehicle
2393,fresh,0,fresh,,,0,0,0,12,0,0,15.0,40.0,15.0,55.0,3,91,2.3512635231018066,0.07399978630940665,,out_of_road
2394,fresh,0,fresh,,,0,0,0,18,1,0,20.0,20.0,10.0,55.0,3,109,3.699653387069702,0.31157915964039096,,crash_vehicle
2395,fresh,0,fresh,,,0,0,0,3,1,0,5.0,10.0,10.0,35.0,2,139,2.429760456085205,0.12180161121361655,,crash_vehicle
2396,fresh,0,fresh,,,0,1,0,0,1,0,10.0,10.0,10.0,20.0,0,63,1.5626579523086548,0.09064693453292998,,crash_vehicle
2397,fresh,0,fresh,,,0,1,0,0,0,0,15.0,40.0,5.0,20.0,0,87,2.6858887672424316,0.07150774267127459,,out_of_road
2398,fresh,0,fresh,,,0,0,0,3,1,0,20.0,40.0,10.0,55.0,1,48,0.7796348333358765,0.018791720542746287,,out_of_road
2399,fresh,0,fresh,,,0,0,0,1,1,0,5.0,10.0,5.0,20.0,1,231,9.75864315032959,0.14983953972593014,,out_of_road
2400,fresh,0,fresh,,,0,1,1,0,1,0,10.0,20.0,10.0,35.0,0,96,2.7978322505950928,0.06278696628821005,,crash_vehicle
2401,fresh,0,fresh,,,0,0,0,4,1,1,20.0,40.0,5.0,55.0,1,66,1.4149245023727417,0.024989092256873846,,crash_vehicle
2402,fresh,0,fresh,,,0,1,1,12,1,1,10.0,10.0,15.0,20.0,1,1000,0.6335906982421875,0.006926251861033962,,max_step
2403,fresh,0,fresh,,,0,0,0,0,0,0,20.0,40.0,10.0,20.0,0,282,14.170595169067383,0.3509717655586118,,out_of_road
2404,fresh,0,fresh,,,0,0,0,12,1,1,10.0,40.0,5.0,55.0,1,185,7.00969934463501,0.08461955506857988,,out_of_road
2405,fresh,0,fresh,,,0,1,1,8,0,0,10.0,10.0,10.0,55.0,2,1000,0.6823747158050537,0.0007852272167801857,,max_step
2406,fresh,0,fresh,,,0,1,0,5,1,0,20.0,5.0,5.0,20.0,1,278,4.935179710388184,0.131150969598114,,out_of_road
2407,fresh,0,fresh,,,0,0,0,2,0,1,10.0,10.0,5.0,55.0,2,90,1.8452754020690918,0.03794754668811543,,out_of_road
2408,fresh,0,fresh,,,0,1,1,4,0,1,5.0,10.0,10.0,10.0,1,1000,0.6925992965698242,0.0022648592023178935,,max_step
2409,fresh,0,fresh,,,0,0,0,12,1,0,10.0,10.0,10.0,55.0,0,274,2.39314866065979,0.09230763859448642,,crash_vehicle
2410,fresh,0,fresh,,,0,1,1,4,1,0,10.0,10.0,15.0,35.0,0,215,5.209902286529541,0.1928881704634012,,crash_vehicle
2411,fresh,0,fresh,,,0,1,0,12,0,1,5.0,20.0,5.0,10.0,0,1000,0.9933181405067444,0.006605134764686227,,max_step
2412,fresh,0,fresh,,,0,1,0,2,0,0,5.0,40.0,15.0,35.0,2,212,9.320914268493652,0.17732362141217686,,out_of_road
2413,fresh,0,fresh,,,0,0,0,2,0,1,10.0,20.0,15.0,55.0,1,165,2.949371576309204,0.11546017093950826,,out_of_road
2414,fresh,0,fresh,,,0,0,0,18,1,0,5.0,5.0,10.0,35.0,2,457,15.371085166931152,0.25643953546082815,,out_of_road
2415,fresh,0,fresh,,,0,1,1,4,0,0,20.0,10.0,5.0,20.0,0,1000,0.715056836605072,0.006204910465283319,,max_step
2416,fresh,0,fresh,,,0,0,0,3,1,0,10.0,20.0,10.0,35.0,0,71,1.388098955154419,0.027070825106241335,,crash_vehicle
2417,fresh,0,fresh,,,0,0,0,5,1,0,20.0,20.0,10.0,35.0,0,46,0.6817470788955688,0.0037906558617301607,,crash_vehicle
2418,fresh,0,fresh,,,0,1,1,18,0,0,5.0,5.0,5.0,20.0,2,1000,0.9220010638237,0.000928601797670126,,max_step
2419,fresh,0,fresh,,,0,0,0,12,0,0,20.0,10.0,15.0,10.0,2,59,-0.12548182904720306,0.016023968393772334,,out_of_road
2420,fresh,0,fresh,,,0,0,0,18,1,1,15.0,5.0,10.0,55.0,1,487,8.765119552612305,0.20786703802316278,,out_of_road
2421,fresh,0,fresh,,,0,0,0,8,1,1,5.0,40.0,15.0,55.0,1,65,1.6662696599960327,0.02994906148658349,,crash_vehicle
2422,fresh,0,fresh,,,0,1,0,2,1,1,15.0,40.0,15.0,55.0,0,46,0.7415288686752319,0.003003565037785017,,out_of_road
2423,fresh,0,fresh,,,0,0,0,1,1,1,20.0,5.0,5.0,35.0,1,1000,0.8625683784484863,0.0030055644251406194,,max_step
2424,fresh,0,fresh,,,0,1,1,8,1,0,5.0,20.0,5.0,35.0,0,51,0.8408383131027222,0.046618355310284625,,out_of_road
2425,fresh,0,fresh,,,0,1,1,5,1,1,5.0,5.0,15.0,20.0,1,1000,0.2315693348646164,0.008226282984949648,,max_step
2426,fresh,0,fresh,,,0,0,0,8,1,1,10.0,40.0,15.0,55.0,0,87,2.174945831298828,0.0763757945648555,,out_of_road
2427,fresh,0,fresh,,,0,0,0,4,0,1,20.0,40.0,15.0,55.0,2,74,1.6217987537384033,0.03147339271507352,,crash_vehicle
2428,fresh,0,fresh,,,0,1,1,2,0,1,15.0,10.0,5.0,10.0,0,31,0.21937453746795654,0.0028439798662739414,,crash_vehicle
2429,fresh,0,fresh,,,0,0,0,4,0,0,15.0,10.0,15.0,55.0,1,379,12.503150939941406,0.19816679411412938,,out_of_road
2430,fresh,0,fresh,,,0,1,0,8,0,1,5.0,40.0,5.0,20.0,3,53,0.7965832948684692,0.041347870251761294,,out_of_road
2431,fresh,0,fresh,,,0,1,1,2,0,0,5.0,40.0,10.0,10.0,2,74,1.8259869813919067,0.03391966143169919,,out_of_road
2432,fresh,0,fresh,,,0,0,0,12,0,0,5.0,5.0,10.0,10.0,0,105,1.645193099975586,0.12684332203297388,,crash_vehicle
2433,fresh,0,fresh,,,0,0,0,2,0,0,10.0,20.0,5.0,10.0,2,291,13.934791564941406,0.319918466443868,,out_of_road
2434,fresh,0,fresh,,,0,1,1,12,0,0,15.0,40.0,5.0,20.0,3,1000,3.863783836364746,0.016635579120367765,,max_step
2435,fresh,0,fresh,,,0,0,0,12,0,1,5.0,40.0,5.0,35.0,1,67,1.2219586372375488,0.024456519133119442,,crash_vehicle
2436,fresh,0,fresh,,,0,0,0,18,0,1,20.0,20.0,15.0,20.0,0,179,2.2997310161590576,0.07228036614020443,,out_of_road
2437,fresh,0,fresh,,,0,0,0,1,0,0,5.0,5.0,10.0,55.0,1,227,10.313467025756836,0.15913984885989044,,out_of_road
2438,fresh,0,fresh,,,0,0,0,12,1,1,10.0,40.0,10.0,55.0,0,76,2.2660584449768066,0.0733672546124772,,crash_vehicle
2439,fresh,0,fresh,,,0,1,1,2,0,0,20.0,10.0,15.0,20.0,1,1000,0.7105024456977844,0.0023999698871630245,,max_step
2440,fresh,0,fresh,,,0,1,1,2,1,1,10.0,10.0,15.0,20.0,2,83,1.426028847694397,0.12138609040573418,,crash_vehicle
2441,fresh,0,fresh,,,0,1,1,0,0,0,10.0,5.0,10.0,35.0,0,17,0.6376547813415527,0.02349789615939645,,arrive_dest
2442,fresh,0,fresh,,,0,1,1,18,1,1,15.0,40.0,10.0,55.0,0,62,1.4309414625167847,0.023213626516442144,,crash_vehicle
2443,fresh,0,fresh,,,0,0,0,18,0,1,15.0,10.0,15.0,55.0,3,1000,2.777407646179199,0.03984956328291446,,max_step
2444,fresh,0,fresh,,,0,1,0,12,0,1,20.0,10.0,5.0,35.0,3,1000,0.001754953060299158,0.00038996824622154237,,max_step
2445,fresh,0,fresh,,,0,1,0,0,0,0,10.0,40.0,5.0,55.0,0,162,6.596737384796143,0.12449514196702728,,out_of_road
2446,fresh,0,fresh,,,0,0,0,0,0,0,10.0,5.0,5.0,20.0,0,205,9.686016082763672,0.2270214274707364,rejection_fallback,out_of_road
2447,fresh,0,fresh,,,0,0,0,8,1,1,20.0,5.0,5.0,35.0,0,48,0.2847400903701782,0.0014261854424451788,,crash_vehicle
2448,fresh,0,fresh,,,0,1,0,5,1,0,15.0,5.0,10.0,35.0,2,1000,5.615559101104736,0.06759426736691966,,max_step
2449,fresh,0,fresh,,,0,1,0,4,1,0,15.0,5.0,5.0,20.0,3,170,4.969712257385254,0.1541114657350323,,out_of_road
2450,fresh,0,fresh,,,0,1,0,1,0,1,5.0,10.0,10.0,55.0,1,106,3.952481746673584,0.33712360375332384,,arrive_dest
2451,fresh,0,fresh,,,0,1,1,8,1,0,20.0,5.0,5.0,20.0,0,98,1.472792148590088,0.12354930770602457,,crash_vehicle
2452,fresh,0,fresh,,,0,0,0,8,0,1,10.0,10.0,5.0,55.0,3,41,0.07226032018661499,0.030631198025331263,,crash_vehicle
2453,fresh,0,fresh,,,0,0,0,12,0,1,5.0,10.0,5.0,35.0,1,581,4.819794654846191,0.04093841959284731,,out_of_road
2454,fresh,0,fresh,,,0,1,1,5,1,0,20.0,40.0,15.0,55.0,0,141,4.87985372543335,0.04472015891554402,,out_of_road
2455,fresh,0,fresh,,,0,1,0,3,1,0,15.0,5.0,15.0,20.0,0,1000,0.19010625779628754,0.0,,max_step
2456,fresh,0,fresh,,,0,1,0,4,1,1,10.0,10.0,15.0,35.0,3,150,2.461927652359009,0.10536594850321611,,out_of_road
2457,fresh,0,fresh,,,0,0,0,18,0,0,5.0,40.0,10.0,10.0,2,18,-0.2730698883533478,0.01810608845618036,,out_of_road
2458,fresh,0,fresh,,,0,1,0,3,0,1,15.0,20.0,10.0,20.0,3,51,1.7416528463363647,0.05938754223433195,,arrive_dest
2459,fresh,0,fresh,,,0,1,0,1,1,0,15.0,10.0,10.0,20.0,1,58,1.2662774324417114,0.018255033562409467,,crash_vehicle
2460,fresh,0,fresh,,,0,0,0,1,1,0,10.0,10.0,10.0,20.0,0,228,3.0588977336883545,0.04244416440722712,,arrive_dest
2461,fresh,0,fresh,,,0,0,0,4,0,1,15.0,5.0,5.0,35.0,0,1000,0.4188094735145569,6.724907085299492e-06,,max_step
2462,fresh,0,fresh,,,0,0,0,4,1,0,15.0,10.0,5.0,55.0,3,208,3.8131144046783447,0.18434790986625907,,out_of_road
2463,fresh,0,fresh,,,0,0,0,5,0,0,10.0,5.0,10.0,35.0,2,1000,0.2086314707994461,0.014207449078356148,,max_step
2464,fresh,0,fresh,,,0,0,0,1,0,0,15.0,10.0,10.0,10.0,0,1000,0.6917083859443665,0.0040574124313425275,,max_step
2465,fresh,0,fresh,,,0,0,0,2,1,1,5.0,40.0,5.0,55.0,2,106,3.6844167709350586,0.16083149760434368,,out_of_road
2466,fresh,0,fresh,,,0,0,0,4,1,0,20.0,20.0,15.0,35.0,1,240,10.179104804992676,0.1506463546383505,,out_of_road
2467,fresh,0,fresh,,,0,1,0,5,0,1,5.0,40.0,15.0,20.0,1,48,0.8411840796470642,0.006396457126053671,,out_of_road
2468,fresh,0,fresh,,,0,0,0,3,1,1,20.0,40.0,5.0,55.0,3,111,3.838789701461792,0.10014187282807119,,crash_vehicle
2469,fresh,0,fresh,,,0,1,1,8,1,1,15.0,20.0,10.0,35.0,0,45,0.8487534523010254,0.016359102725982667,,crash_vehicle
2470,fresh,0,fresh,,,0,1,0,8,1,1,5.0,20.0,5.0,35.0,0,957,1.153151035308838,0.0002554091938762549,,crash_vehicle
2471,fresh,0,fresh,,,0,1,1,12,0,0,20.0,5.0,15.0,20.0,0,465,5.20023250579834,0.09808537814245429,,out_of_road
2472,fresh,0,fresh,,,0,1,1,12,0,1,15.0,40.0,15.0,55.0,2,31,0.2513100504875183,0.008225528583411247,,crash_vehicle
2473,fresh,0,fresh,,,0,1,1,1,0,0,20.0,5.0,5.0,35.0,1,182,7.520947456359863,0.16691125038970303,,out_of_road
2474,fresh,0,fresh,,,0,0,0,4,1,0,10.0,10.0,15.0,20.0,0,232,10.184297561645508,0.2485431021416624,,out_of_road
2475,fresh,0,fresh,,,0,0,0,1,1,0,5.0,40.0,5.0,55.0,1,24,-0.2152726948261261,0.004660810033480327,,out_of_road
2476,fresh,0,fresh,,,0,0,0,3,1,1,15.0,5.0,15.0,20.0,2,662,-0.2376433163881302,0.0017035633094856387,,crash_vehicle
2477,fresh,0,fresh,,,0,1,1,1,1,0,10.0,40.0,15.0,55.0,1,73,1.612045407295227,0.029558623311658427,,out_of_road
2478,fresh,0,fresh,,,0,0,0,0,0,0,20.0,40.0,10.0,55.0,0,146,5.054765701293945,0.13839986321376,,out_of_road
2479,fresh,0,fresh,,,0,1,1,4,0,0,10.0,20.0,15.0,55.0,3,139,4.051042556762695,0.2761329723079856,,out_of_road
2480,fresh,0,fresh,,,0,0,0,3,0,0,10.0,40.0,10.0,35.0,3,202,9.751724243164062,0.21934882812847448,,out_of_road
2481,fresh,0,fresh,,,0,1,0,5,0,1,20.0,40.0,15.0,10.0,0,107,3.492480754852295,0.09843437431954613,,crash_vehicle
2482,fresh,0,fresh,,,0,0,0,8,0,0,15.0,40.0,15.0,55.0,0,1000,3.051666259765625,0.020917832299601286,,max_step
2483,fresh,0,fresh,,,0,0,0,18,1,0,10.0,40.0,5.0,55.0,3,280,12.545878410339355,0.27816270936413534,,out_of_road
2484,fresh,0,fresh,,,0,1,1,8,0,1,20.0,5.0,5.0,55.0,1,289,0.1710318922996521,0.026676569975087595,,crash_vehicle
2485,fresh,0,fresh,,,0,1,0,8,0,1,20.0,40.0,15.0,35.0,1,126,2.7703568935394287,0.09097255923090473,,arrive_dest
2486,fresh,0,fresh,,,0,1,0,0,1,0,20.0,40.0,10.0,35.0,0,91,2.6962578296661377,0.07214669698010107,,crash_vehicle
2487,fresh,0,fresh,,,0,0,0,3,0,0,15.0,20.0,10.0,55.0,2,1000,1.7085870504379272,0.003105439473874867,,max_step
2488,fresh,0,fresh,,,0,0,0,2,1,0,10.0,5.0,15.0,35.0,2,91,2.824327230453491,0.09546171947494968,,crash_vehicle
2489,fresh,0,fresh,,,0,1,1,4,0,0,15.0,20.0,5.0,20.0,2,49,1.0133278369903564,0.008251502625264076,,crash_vehicle
2490,fresh,0,fresh,,,0,1,0,18,0,1,15.0,10.0,10.0,35.0,1,39,0.14825594425201416,0.007650057474772136,,crash_vehicle
2491,fresh,0,fresh,,,0,0,0,2,1,1,5.0,20.0,10.0,35.0,0,53,0.8376615047454834,0.00864810640660097,,crash_vehicle
2492,fresh,0,fresh,,,0,1,1,18,0,1,20.0,5.0,15.0,20.0,3,83,-0.0096435546875,0.055072557444807636,,crash_vehicle
2493,fresh,0,fresh,,,0,1,1,5,0,0,15.0,20.0,15.0,55.0,3,60,1.4056209325790405,0.05730144629875819,,crash_vehicle
2494,fresh,0,fresh,,,0,1,1,3,1,1,10.0,5.0,15.0,35.0,3,89,2.3647608757019043,0.03920601552163952,,out_of_road
2495,fresh,0,fresh,,,0,1,1,0,0,0,10.0,20.0,15.0,10.0,0,101,2.8013651371002197,0.10555129832966198,,out_of_road
2496,fresh,0,fresh,,,0,1,0,18,0,0,10.0,5.0,10.0,20.0,1,1000,0.0011033362243324518,0.012731375022325665,,max_step
2497,fresh,0,fresh,,,0,1,0,3,0,0,10.0,20.0,5.0,35.0,3,122,4.168459415435791,0.08574659468942002,,out_of_road
2498,fresh,0,fresh,,,0,1,1,5,0,1,15.0,10.0,15.0,35.0,2,152,1.6835051774978638,0.06712725612727043,,crash_vehicle
2499,fresh,0,fresh,,,0,0,0,12,1,1,10.0,40.0,5.0,55.0,1,66,1.548081636428833,0.012634595686739141,,crash_vehicle
2500,fresh,0,fresh,,,0,0,0,18,0,0,10.0,5.0,5.0,20.0,0,1000,0.00443037087097764,0.056316191957797856,,max_step
2501,fresh,0,fresh,,,0,1,0,4,0,0,5.0,40.0,5.0,35.0,1,66,1.473313570022583,0.04075312405598886,,crash_vehicle
2502,fresh,0,fresh,,,0,1,0,1,0,1,5.0,5.0,10.0,10.0,1,104,2.947481870651245,0.039842130723767556,,out_of_road
2503,fresh,0,fresh,,,0,1,0,4,0,0,5.0,20.0,5.0,35.0,0,1000,1.7298983335494995,0.004114297005347907,,max_step
2504,fresh,0,fresh,,,0,0,0,12,0,0,15.0,40.0,15.0,20.0,1,408,16.780195236206055,0.40172132680320416,,arrive_dest
2505,fresh,0,fresh,,,0,1,0,4,0,1,10.0,10.0,10.0,55.0,1,1000,0.38424575328826904,0.00017765635251998902,,max_step
2506,fresh,0,fresh,,,0,1,0,1,1,0,15.0,5.0,5.0,35.0,1,249,11.891317367553711,0.33360236125388537,,out_of_road
2507,fresh,0,fresh,,,0,1,1,18,0,0,15.0,10.0,15.0,35.0,2,371,0.9835857152938843,0.01930716113787335,,crash_vehicle
2508,fresh,0,fresh,,,0,0,0,2,0,1,20.0,40.0,15.0,35.0,0,216,10.020434379577637,0.17162224786632038,,out_of_road
2509,fresh,0,fresh,,,0,0,0,18,0,0,20.0,10.0,15.0,35.0,3,44,0.23812416195869446,0.11040860245173628,,out_of_road
2510,fresh,0,fresh,,,0,1,0,1,1,1,20.0,5.0,5.0,55.0,0,272,5.82083797454834,0.20360467071398436,,out_of_road
2511,fresh,0,fresh,,,0,1,1,0,0,0,10.0,10.0,5.0,35.0,0,91,2.158277750015259,0.03469312820419833,,out_of_road
2512,fresh,0,fresh,,,0,1,1,3,1,0,5.0,40.0,5.0,55.0,3,114,3.779749631881714,0.07704459080113131,,crash_vehicle
2513,fresh,0,fresh,,,0,0,0,0,0,0,20.0,10.0,5.0,10.0,0,92,2.7848477363586426,0.05250489999256704,,out_of_road
2514,fresh,0,fresh,,,0,1,0,5,1,0,15.0,5.0,15.0,20.0,2,1000,0.2815723121166229,0.012744744574418291,,max_step
2515,fresh,0,fresh,,,0,1,1,18,1,0,20.0,40.0,15.0,55.0,0,129,1.9239702224731445,0.03523145067368367,,crash_vehicle
2516,fresh,0,fresh,,,0,0,0,2,1,1,20.0,40.0,5.0,55.0,1,1000,0.0005945159937255085,0.001021530032157898,,max_step
2517,fresh,0,fresh,,,0,0,0,3,1,1,5.0,5.0,15.0,55.0,1,1000,1.167850375175476,0.0037665250680875033,,max_step
2518,fresh,0,fresh,,,0,1,0,8,0,0,10.0,20.0,10.0,10.0,1,270,10.420273780822754,0.3815265656483394,,crash_vehicle
2519,fresh,0,fresh,,,0,1,0,2,1,0,15.0,20.0,15.0,35.0,0,1000,1.9155701398849487,0.004610965675907209,,max_step
2520,fresh,0,fresh,,,0,0,0,18,1,0,10.0,5.0,10.0,20.0,2,1000,0.9586086273193359,0.004641556545160711,,max_step
2521,fresh,0,fresh,,,0,1,1,8,1,0,15.0,10.0,10.0,20.0,0,1000,0.4135575592517853,0.0020227635288028976,,max_step
2522,fresh,0,fresh,,,0,0,0,1,1,0,15.0,5.0,5.0,20.0,1,345,12.377023696899414,0.171538844562905,,out_of_road
2523,fresh,0,fresh,,,0,0,0,0,0,0,10.0,5.0,10.0,35.0,0,103,2.820650577545166,0.023473696218062085,,out_of_road
2524,fresh,0,fresh,,,0,0,0,4,0,0,10.0,40.0,5.0,10.0,3,66,2.1532132625579834,0.02284359112099716,,arrive_dest
2525,fresh,0,fresh,,,0,0,0,3,0,1,20.0,10.0,10.0,20.0,3,78,1.828670859336853,0.020382205645243328,,out_of_road
2526,fresh,0,fresh,,,0,1,1,3,0,1,20.0,10.0,15.0,20.0,2,1000,0.8203177452087402,0.0032282517141866266,,max_step
2527,fresh,0,fresh,,,0,1,1,0,0,0,10.0,5.0,15.0,55.0,0,125,3.6653943061828613,0.05562615279853344,,out_of_road
2528,fresh,0,fresh,,,0,0,0,8,1,0,20.0,40.0,5.0,55.0,0,77,2.145634412765503,0.028582713857002846,,crash_vehicle
2529,fresh,0,fresh,,,0,1,0,5,1,1,15.0,40.0,15.0,55.0,0,54,0.8434605002403259,0.023340904317727243,,out_of_road
2530,fresh,0,fresh,,,0,1,1,4,0,0,20.0,10.0,10.0,20.0,2,203,6.542623043060303,0.2758907012439567,,out_of_road
2531,fresh,0,fresh,,,0,0,0,1,1,0,15.0,20.0,15.0,35.0,1,93,2.109302520751953,0.026801744135477208,,out_of_road
2532,fresh,0,fresh,,,0,1,0,12,1,1,10.0,40.0,10.0,55.0,2,66,1.6332796812057495,0.027456049059489458,,crash_vehicle
2533,fresh,0,fresh,,,0,0,0,5,0,1,15.0,20.0,10.0,55.0,0,1000,1.0248627662658691,0.005194497313350439,,max_step
2534,fresh,0,fresh,,,0,0,0,0,0,0,15.0,10.0,15.0,35.0,0,191,5.453830242156982,0.12810202012160374,,out_of_road
2535,fresh,0,fresh,,,0,1,1,3,0,0,10.0,40.0,10.0,55.0,0,105,3.5339510440826416,0.09337610430305912,,out_of_road
2536,fresh,0,fresh,,,0,0,0,8,1,0,15.0,5.0,10.0,20.0,3,45,0.05186384916305542,0.026792243930200736,,crash_vehicle
2537,fresh,0,fresh,,,0,0,0,12,0,0,10.0,5.0,5.0,20.0,0,583,12.456690788269043,0.18261885956108673,,out_of_road
2538,fresh,0,fresh,,,0,0,0,18,0,1,15.0,5.0,10.0,35.0,0,1000,0.5971968173980713,0.009616305775707587,,max_step
2539,fresh,0,fresh,,,0,1,0,5,0,1,5.0,20.0,5.0,35.0,0,1000,0.9595649242401123,0.005306984486291185,,max_step
2540,fresh,0,fresh,,,0,0,0,8,0,1,10.0,20.0,15.0,35.0,1,68,1.5398199558258057,0.031141747487708926,,crash_vehicle
2541,fresh,0,fresh,,,0,1,1,4,1,0,10.0,10.0,10.0,20.0,3,1000,2.582305669784546,0.019114179933552806,,max_step
2542,fresh,0,fresh,,,0,0,0,0,1,0,20.0,5.0,5.0,20.0,0,66,1.4357118606567383,0.021018246818460862,,crash_vehicle
2543,fresh,0,fresh,,,0,0,0,3,0,1,15.0,20.0,10.0,35.0,3,100,3.2280001640319824,0.12472417438402772,,out_of_road
2544,fresh,0,fresh,,,0,1,0,12,1,1,5.0,5.0,15.0,20.0,2,1000,0.0009216297185048461,0.000642164945602417,,max_step
2545,fresh,0,fresh,,,0,0,0,8,1,0,15.0,10.0,10.0,55.0,0,40,0.47653716802597046,0.0037440508604049683,,crash_vehicle
2546,fresh,0,fresh,,,0,0,0,8,0,0,20.0,10.0,10.0,20.0,2,41,0.4675907790660858,0.013370813393011325,,crash_vehicle
2547,fresh,0,fresh,,,0,0,0,8,0,0,20.0,10.0,15.0,10.0,2,1000,0.7709875106811523,0.009043979158974253,,max_step
2548,fresh,0,fresh,,,0,0,0,1,1,1,15.0,10.0,5.0,20.0,1,41,0.502868115901947,0.025397739759305628,,out_of_road
2549,fresh,0,fresh,,,0,1,1,4,0,0,20.0,40.0,15.0,20.0,0,78,1.833213210105896,0.01594517709544072,,out_of_road
2550,fresh,0,fresh,,,0,0,0,5,0,1,5.0,40.0,15.0,35.0,2,197,7.960777759552002,0.1321121697328266,,out_of_road
2551,fresh,0,fresh,,,0,1,1,5,1,1,15.0,5.0,15.0,20.0,3,1000,1.818413496017456,0.025545486279414036,,max_step
2552,fresh,0,fresh,,,0,1,0,5,1,1,15.0,20.0,5.0,55.0,0,259,13.398391723632812,0.40970004486588896,,out_of_road
2553,fresh,0,fresh,,,0,0,0,8,0,0,5.0,40.0,5.0,55.0,0,90,2.8143467903137207,0.06235094767891698,,crash_vehicle
2554,fresh,0,fresh,,,0,0,0,12,0,0,20.0,20.0,10.0,10.0,2,166,3.599714994430542,0.17355302744264522,,out_of_road
2555,fresh,0,fresh,,,0,0,0,1,1,0,20.0,10.0,10.0,20.0,1,237,10.266462326049805,0.1777155928398219,,out_of_road
2556,fresh,0,fresh,,,0,1,0,5,0,0,20.0,10.0,15.0,55.0,2,192,3.375011682510376,0.22865230155487856,,out_of_road
2557,fresh,0,fresh,,,0,0,0,1,1,0,15.0,10.0,5.0,20.0,1,71,1.5963753461837769,0.04048069792104439,,crash_vehicle
2558,fresh,0,fresh,,,0,1,0,4,1,1,5.0,5.0,10.0,20.0,1,1000,0.2102183699607849,0.003930717212613672,,max_step
2559,fresh,0,fresh,,,0,0,0,4,1,1,20.0,40.0,10.0,55.0,3,230,9.418182373046875,0.22777271192804302,,out_of_road
2560,fresh,0,fresh,,,0,0,0,0,1,0,5.0,40.0,5.0,10.0,0,61,1.0701045989990234,0.0804374586241167,,crash_vehicle
2561,fresh,0,fresh,,,0,0,0,4,1,0,15.0,10.0,15.0,35.0,2,1000,2.3570871353149414,0.025985829083248972,,max_step
2562,fresh,0,fresh,,,0,1,1,3,1,0,20.0,5.0,10.0,20.0,2,80,1.3549463748931885,0.1513274500146508,,crash_vehicle
2563,fresh,0,fresh,,,0,1,0,2,1,0,20.0,5.0,15.0,20.0,2,185,3.767202854156494,0.12788764885752588,,out_of_road
2564,fresh,0,fresh,,,0,1,0,0,0,0,10.0,40.0,5.0,20.0,0,317,11.76555061340332,0.2581500124115767,,out_of_road
2565,fresh,0,fresh,,,0,1,1,1,0,1,10.0,40.0,5.0,20.0,1,261,13.559707641601562,0.37040356114877826,,out_of_road
2566,fresh,0,fresh,,,0,0,0,0,1,0,20.0,10.0,5.0,20.0,0,21,-0.3113419711589813,0.019878158966700237,,out_of_road
2567,fresh,0,fresh,,,0,0,0,4,0,0,15.0,5.0,5.0,35.0,2,180,4.793256759643555,0.2740046713190774,,out_of_road
2568,fresh,0,fresh,,,0,0,0,2,0,0,15.0,5.0,10.0,35.0,1,1000,0.0016476238379254937,0.0,,max_step
2569,fresh,0,fresh,,,0,1,1,8,1,0,20.0,20.0,5.0,35.0,1,1000,2.4955716133117676,0.009394784371834249,,max_step
2570,fresh,0,fresh,,,0,0,0,3,0,0,20.0,40.0,5.0,55.0,0,243,8.982053756713867,0.27794771678285835,,arrive_dest
2571,fresh,0,fresh,,,0,1,1,12,0,1,10.0,10.0,10.0,55.0,1,30,0.2058793604373932,0.008339023590087891,,crash_vehicle
2572,fresh,0,fresh,,,0,1,1,3,0,0,5.0,40.0,15.0,55.0,0,66,1.5925729274749756,0.029337390805735733,,crash_vehicle
2573,fresh,0,fresh,,,0,0,0,4,1,1,15.0,40.0,15.0,55.0,1,92,2.8516459465026855,0.043581975727094054,,crash_vehicle
2574,fresh,0,fresh,,,0,1,0,2,1,1,10.0,5.0,15.0,55.0,2,32,0.9751701354980469,0.06237722572404891,,arrive_dest
2575,fresh,0,fresh,,,0,1,1,18,0,1,15.0,5.0,10.0,35.0,1,26,-0.07683460414409637,0.002190388165987455,,crash_vehicle
2576,fresh,0,fresh,,,0,1,1,4,1,0,5.0,40.0,15.0,55.0,3,84,1.4091525077819824,0.08872105965080361,,crash_vehicle
2577,fresh,0,fresh,,,0,1,0,18,0,1,20.0,10.0,10.0,20.0,0,1000,0.3104872405529022,0.029765596959739925,,max_step
2578,fresh,0,fresh,,,0,1,0,0,1,0,15.0,40.0,5.0,35.0,0,88,2.6354238986968994,0.073886351860975,,crash_vehicle
2579,fresh,0,fresh,,,0,0,0,8,0,0,5.0,10.0,15.0,10.0,2,136,1.8559937477111816,0.09173453912851126,,crash_vehicle
2580,fresh,0,fresh,,,0,0,0,3,1,1,5.0,20.0,5.0,35.0,1,1000,0.8704342246055603,0.001488079210743308,,max_step
2581,fresh,0,fresh,,,0,0,0,12,1,0,5.0,10.0,10.0,20.0,0,229,10.457616806030273,0.2659304090185847,,out_of_road
2582,fresh,0,fresh,,,0,1,1,8,1,1,5.0,5.0,10.0,20.0,0,32,-0.01940569281578064,0.010025085648521781,,crash_vehicle
2583,fresh,0,fresh,,,0,1,0,18,1,1,20.0,10.0,5.0,55.0,2,29,0.1828526258468628,0.006359233167664758,,crash_vehicle
2584,fresh,0,fresh,,,0,0,0,1,1,0,5.0,20.0,15.0,35.0,1,279,12.122992515563965,0.2794112170609148,,out_of_road
2585,fresh,0,fresh,,,0,1,1,18,1,0,5.0,10.0,15.0,35.0,3,1000,4.81693696975708,0.03713313073548488,,max_step
2586,fresh,0,fresh,,,0,0,0,5,1,1,10.0,5.0,5.0,35.0,2,417,13.783601760864258,0.26240140809376034,,out_of_road
2587,fresh,0,fresh,,,0,1,1,3,0,1,20.0,20.0,10.0,55.0,0,46,0.6578996181488037,0.0,,crash_vehicle
2588,fresh,0,fresh,,,0,0,0,4,1,0,5.0,5.0,5.0,35.0,1,430,11.862787246704102,0.1566479683008998,,out_of_road
2589,fresh,0,fresh,,,0,1,0,4,1,0,15.0,40.0,15.0,55.0,0,48,0.855075478553772,0.022672181420299847,,out_of_road
2590,fresh,0,fresh,,,0,1,1,12,1,0,5.0,40.0,10.0,55.0,1,656,11.12741756439209,0.12417950498212765,,out_of_road
2591,fresh,0,fresh,,,0,0,0,3,1,1,10.0,5.0,10.0,35.0,0,166,0.004717767238616943,0.020530835495341616,,crash_vehicle
2592,fresh,0,fresh,,,0,1,1,8,0,0,10.0,10.0,15.0,35.0,2,182,4.107295989990234,0.19862631227370803,,out_of_road
2593,fresh,0,fresh,,,0,1,0,8,0,1,5.0,5.0,15.0,35.0,3,1000,0.214493066072464,0.0002848672866821289,,max_step
2594,fresh,0,fresh,,,0,1,1,12,1,0,5.0,5.0,10.0,20.0,1,25,-0.007685482501983643,0.0021773266792297365,,crash_vehicle
2595,fresh,0,fresh,,,0,1,0,1,0,1,10.0,40.0,10.0,55.0,1,49,0.5708850622177124,0.03264806343584645,,out_of_road
2596,fresh,0,fresh,,,0,0,0,4,0,0,10.0,10.0,10.0,20.0,2,1000,0.6546152234077454,0.0024875807110220196,,max_step
2597,fresh,0,fresh,,,0,0,0,0,1,0,10.0,10.0,15.0,20.0,0,240,10.88764476776123,0.1774206966627389,,out_of_road
2598,fresh,0,fresh,,,0,0,0,2,0,1,10.0,10.0,10.0,10.0,1,2,0.5079420208930969,0.0,,arrive_dest
2599,fresh,0,fresh,,,0,0,0,4,0,0,10.0,10.0,5.0,20.0,3,1000,0.3128129541873932,0.00046589430421590806,,max_step
2600,fresh,0,fresh,,,0,1,0,0,1,0,20.0,20.0,10.0,35.0,0,82,2.455324172973633,0.05657124732870881,,crash_vehicle
2601,fresh,0,fresh,,,0,0,0,8,0,1,10.0,5.0,15.0,35.0,3,805,0.07127216458320618,0.0041730318044931256,,crash_vehicle
2602,fresh,0,fresh,,,0,1,1,12,0,1,15.0,5.0,5.0,10.0,3,460,2.5755977630615234,0.04280930903497274,,crash_vehicle
2603,fresh,0,fresh,,,0,0,0,18,0,1,10.0,10.0,5.0,20.0,0,838,2.329822301864624,0.038686614592508516,,out_of_road
2604,fresh,0,fresh,,,0,1,0,3,1,1,5.0,40.0,5.0,55.0,1,63,1.3630291223526,0.03520650942883794,,crash_vehicle
2605,fresh,0,fresh,,,0,0,0,4,0,0,20.0,5.0,15.0,55.0,1,148,2.441307783126831,0.17841456473075054,,out_of_road
2606,fresh,0,fresh,,,0,1,1,1,1,1,5.0,40.0,10.0,55.0,1,225,10.09357738494873,0.1526963295415044,,out_of_road
2607,fresh,0,fresh,,,0,0,0,3,1,0,10.0,10.0,15.0,20.0,2,396,8.923188209533691,0.2322082583736064,,crash_vehicle
2608,fresh,0,fresh,,,0,1,0,18,0,1,10.0,10.0,10.0,55.0,2,31,0.15799075365066528,0.012030378464729555,,crash_vehicle
2609,fresh,0,fresh,,,0,1,1,3,1,0,5.0,10.0,5.0,55.0,2,1000,0.3982222080230713,0.00045187787339091303,,max_step
2610,fresh,0,fresh,,,0,1,0,12,0,1,15.0,40.0,10.0,20.0,1,205,7.743093013763428,0.0992262695166396,,out_of_road
2611,fresh,0,fresh,,,0,1,1,18,1,0,10.0,10.0,10.0,35.0,0,293,10.922910690307617,0.201140908479894,,out_of_road
2612,fresh,0,fresh,,,0,0,0,3,1,1,20.0,40.0,5.0,55.0,1,49,0.8184762001037598,0.04712436393815644,,out_of_road
2613,fresh,0,fresh,,,0,1,0,4,1,1,20.0,5.0,10.0,20.0,1,1000,0.003632405772805214,0.0,,max_step
2614,fresh,0,fresh,,,0,1,1,3,0,1,5.0,20.0,15.0,10.0,3,212,5.422091007232666,0.196029345638927,,out_of_road
2615,fresh,0,fresh,,,0,0,0,0,0,0,20.0,20.0,10.0,35.0,0,177,5.713420867919922,0.2821094284707544,,out_of_road
2616,fresh,0,fresh,,,0,0,0,1,0,0,5.0,40.0,15.0,35.0,1,1000,0.2260918766260147,0.0019827727675437927,,max_step
2617,fresh,0,fresh,,,0,1,1,2,1,0,10.0,5.0,10.0,20.0,1,156,3.075709342956543,0.21463948770020252,,crash_vehicle
2618,fresh,0,fresh,,,0,0,0,5,1,1,10.0,20.0,5.0,35.0,1,238,10.747967720031738,0.23855672379126067,,out_of_road
2619,fresh,0,fresh,,,0,1,0,2,0,1,5.0,20.0,10.0,20.0,2,223,10.109481811523438,0.2038344750849054,,out_of_road
2620,fresh,0,fresh,,,0,0,0,8,0,1,15.0,10.0,15.0,10.0,0,56,0.6210669279098511,0.06082659914890038,,out_of_road
2621,fresh,0,fresh,,,0,1,0,4,0,1,20.0,40.0,15.0,20.0,1,66,2.187225818634033,0.07627416119882555,,arrive_dest
2622,fresh,0,fresh,,,0,0,0,12,0,0,5.0,10.0,5.0,55.0,1,56,0.6967759728431702,0.09976991016550787,,crash_vehicle
2623,fresh,0,fresh,,,0,0,0,2,1,0,20.0,20.0,10.0,35.0,2,94,2.834512948989868,0.09006156075864713,,crash_vehicle
2624,fresh,0,fresh,,,0,0,0,5,1,0,10.0,10.0,5.0,55.0,1,22,-0.311420202255249,0.04149218039079146,,out_of_road
2625,fresh,0,fresh,,,0,0,0,18,0,0,10.0,5.0,15.0,20.0,2,1000,0.1224122941493988,0.010922724178060889,,max_step
2626,fresh,0,fresh,,,0,0,0,5,1,1,20.0,5.0,10.0,20.0,2,167,0.6063780784606934,0.02871965809898105,,crash_vehicle
2627,fresh,0,fresh,,,0,1,0,4,1,0,15.0,10.0,15.0,55.0,3,286,7.497002601623535,0.2596512586985539,,crash_vehicle
2628,fresh,0,fresh,,,0,1,1,12,0,0,5.0,10.0,10.0,10.0,2,36,0.21933597326278687,0.002354302340083652,,crash_vehicle
2629,fresh,0,fresh,,,0,0,0,2,1,0,5.0,20.0,15.0,35.0,2,70,1.4962493181228638,0.047401277029088563,,out_of_road
2630,fresh,0,fresh,,,0,1,1,5,1,1,5.0,20.0,5.0,35.0,3,45,0.742290735244751,0.0,,crash_vehicle
2631,fresh,0,fresh,,,0,1,0,3,0,0,20.0,20.0,10.0,55.0,1,431,12.683547019958496,0.12052013988232806,,out_of_road
2632,fresh,0,fresh,,,0,1,1,18,1,1,10.0,5.0,5.0,20.0,2,1000,0.6579988598823547,0.02565170809905976,,max_step
2633,fresh,0,fresh,,,0,1,0,0,1,0,10.0,10.0,10.0,10.0,0,35,0.35031673312187195,0.024755767413548062,,crash_vehicle
2634,fresh,0,fresh,,,0,1,0,12,0,0,10.0,10.0,15.0,10.0,2,1000,0.6267127394676208,0.00891320421511773,,max_step
2635,fresh,0,fresh,,,0,1,0,3,1,1,10.0,5.0,5.0,55.0,1,1000,0.0009093467961065471,0.00023607873916625977,,max_step
2636,fresh,0,fresh,,,0,0,0,5,0,0,20.0,10.0,10.0,20.0,0,40,0.5616282224655151,0.00812672171741724,,crash_vehicle
2637,fresh,0,fresh,,,0,0,0,2,0,0,15.0,5.0,5.0,35.0,1,351,10.65595531463623,0.3414023535968232,,out_of_road
2638,fresh,0,fresh,,,0,0,0,0,1,0,20.0,5.0,15.0,10.0,0,47,0.5435848236083984,0.008917456136104908,,crash_vehicle
2639,fresh,0,fresh,,,0,1,1,4,1,0,5.0,20.0,15.0,35.0,3,1000,1.213243007659912,0.0038560543870553373,,max_step
2640,fresh,0,fresh,,,0,0,0,2,0,1,5.0,5.0,15.0,55.0,0,61,0.3735840320587158,0.02380504037757389,,crash_vehicle
2641,fresh,0,fresh,,,0,1,0,18,1,0,20.0,10.0,10.0,35.0,2,1000,3.3213672637939453,0.05883317829668522,,max_step
2642,fresh,0,fresh,,,0,1,1,5,0,1,20.0,20.0,5.0,10.0,2,1000,1.8202431201934814,0.018350830109673553,,max_step
2643,fresh,0,fresh,,,0,1,1,18,0,0,20.0,5.0,15.0,10.0,1,207,4.115471363067627,0.22182492474498955,,out_of_road
2644,fresh,0,fresh,,,0,1,0,1,0,0,5.0,20.0,5.0,35.0,1,94,2.037017822265625,0.04100454485717606,,out_of_road
2645,fresh,0,fresh,,,0,1,1,4,0,0,5.0,10.0,5.0,10.0,2,1000,0.6536654829978943,0.0003492180765606463,,max_step
2646,fresh,0,fresh,,,0,0,0,2,1,1,5.0,10.0,15.0,55.0,2,111,3.76802134513855,0.07990069338330277,,crash_vehicle
2647,fresh,0,fresh,,,0,1,1,4,1,0,5.0,5.0,5.0,20.0,3,54,-0.022927969694137573,0.03218508013351648,,crash_vehicle
2648,fresh,0,fresh,,,0,1,1,5,1,1,20.0,10.0,10.0,20.0,3,195,3.0559322834014893,0.14856887778792627,,crash_vehicle
2649,fresh,0,fresh,,,0,1,0,4,1,0,5.0,5.0,10.0,20.0,3,557,15.649377822875977,0.19927669640904697,,out_of_road
2650,fresh,0,fresh,,,0,0,0,12,1,1,10.0,40.0,5.0,55.0,1,79,1.5936241149902344,0.02387169542828504,,crash_vehicle
2651,fresh,0,fresh,,,0,1,0,3,1,1,10.0,20.0,5.0,55.0,1,1000,0.8443295359611511,0.0012056632721796632,,max_step
2652,fresh,0,fresh,,,0,1,1,2,1,1,5.0,10.0,5.0,35.0,0,1000,0.6048036813735962,0.004838371245190501,,max_step
2653,fresh,0,fresh,,,0,1,0,0,0,0,15.0,20.0,15.0,20.0,0,139,3.818561553955078,0.15962202998427608,,out_of_road
2654,fresh,0,fresh,,,0,0,0,0,1,0,20.0,20.0,5.0,35.0,0,211,9.465921401977539,0.1913016334670415,,out_of_road
2655,fresh,0,fresh,,,0,0,0,5,0,1,5.0,10.0,15.0,10.0,2,222,0.6530726552009583,0.00833831433844459,,out_of_road
2656,fresh,0,fresh,,,0,0,0,3,0,1,10.0,40.0,5.0,35.0,0,1000,1.8628915548324585,0.005230615330161527,,max_step
2657,fresh,0,fresh,,,0,1,1,4,1,0,10.0,20.0,15.0,35.0,1,1000,1.4712613821029663,0.003560665289638564,,max_step
2658,fresh,0,fresh,,,0,0,0,18,0,1,20.0,20.0,10.0,20.0,3,43,0.6477940082550049,0.023383340170217114,,crash_vehicle
2659,fresh,0,fresh,,,0,1,1,0,1,0,20.0,20.0,15.0,20.0,0,1000,3.034214973449707,0.015577122030197644,,max_step
2660,fresh,0,fresh,,,0,1,0,8,1,0,5.0,5.0,15.0,55.0,0,1000,0.19923655688762665,0.01699769367914996,,max_step
2661,fresh,0,fresh,,,0,0,0,3,0,0,15.0,40.0,10.0,20.0,0,207,8.518330574035645,0.3491571344961615,,arrive_dest
2662,fresh,0,fresh,,,0,1,1,12,1,0,10.0,10.0,10.0,55.0,3,1000,0.6034713983535767,0.005296553575899452,,max_step
2663,fresh,0,fresh,,,0,1,0,12,0,1,20.0,5.0,15.0,20.0,0,1000,0.1721896082162857,0.007328948180715088,,max_step
2664,fresh,0,fresh,,,0,0,0,5,0,0,20.0,10.0,10.0,20.0,3,1000,0.5573731064796448,0.022098456189967693,,max_step
2665,fresh,0,fresh,,,0,1,1,2,1,0,10.0,10.0,10.0,35.0,1,58,0.5733397603034973,0.035164865849796556,,out_of_road
2666,fresh,0,fresh,,,0,1,1,12,1,1,20.0,40.0,5.0,55.0,2,216,9.965237617492676,0.20192598379906956,,out_of_road
2667,fresh,0,fresh,,,0,1,0,2,0,1,20.0,40.0,10.0,10.0,2,257,13.250577926635742,0.3539981064730929,,out_of_road
2668,fresh,0,fresh,,,0,1,0,2,1,1,15.0,10.0,15.0,20.0,0,302,13.639565467834473,0.2705140440132691,,out_of_road
2669,fresh,0,fresh,,,0,1,1,4,1,1,20.0,20.0,10.0,35.0,1,415,16.582958221435547,0.3698669463261423,,arrive_dest
2670,fresh,0,fresh,,,0,0,0,3,0,0,20.0,20.0,5.0,35.0,1,1000,1.9136298894882202,0.006138844121014699,,max_step
2671,fresh,0,fresh,,,0,1,0,2,1,0,15.0,20.0,10.0,35.0,1,57,0.9443405866622925,0.017225173612435658,,crash_vehicle
2672,fresh,0,fresh,,,0,0,0,12,0,0,5.0,20.0,15.0,35.0,0,70,1.4101465940475464,0.04615197516977787,,crash_vehicle
2673,fresh,0,fresh,,,0,1,0,2,1,0,10.0,5.0,10.0,20.0,2,91,2.078850030899048,0.06414427598017258,,crash_vehicle
2674,fresh,0,fresh,,,0,1,1,1,0,1,10.0,5.0,15.0,10.0,0,367,7.163438320159912,0.1651475488814736,,crash_vehicle
2675,fresh,0,fresh,,,0,1,1,8,1,0,5.0,40.0,15.0,55.0,0,1000,2.8201582431793213,0.003427008461672813,,max_step
2676,fresh,0,fresh,,,0,0,0,18,0,0,10.0,5.0,15.0,55.0,3,1000,0.4576948285102844,0.002168035766109824,,max_step
2677,fresh,0,fresh,,,0,1,1,2,1,0,15.0,5.0,5.0,20.0,0,183,2.717379331588745,0.14241620206116326,,out_of_road
2678,fresh,0,fresh,,,0,0,0,5,1,1,10.0,20.0,10.0,35.0,0,54,0.8535237312316895,0.016412104721422547,,crash_vehicle
2679,fresh,0,fresh,,,0,1,0,5,0,0,15.0,40.0,15.0,35.0,0,189,7.759987831115723,0.25629806064226957,,crash_vehicle
2680,fresh,0,fresh,,,0,0,0,0,1,0,20.0,10.0,5.0,55.0,0,110,3.4795496463775635,0.06996588132936846,,crash_vehicle
2681,fresh,0,fresh,,,0,0,0,12,0,0,15.0,40.0,10.0,20.0,2,130,4.47144889831543,0.12354795053028143,,crash_vehicle
2682,fresh,0,fresh,,,0,0,0,5,0,1,20.0,40.0,10.0,55.0,1,69,1.552717685699463,0.029585907424705616,,crash_vehicle
2683,fresh,0,fresh,,,0,0,0,3,1,0,15.0,5.0,5.0,20.0,2,58,0.6248216032981873,0.05741121004945759,,crash_vehicle
2684,fresh,0,fresh,,,0,1,0,5,0,1,20.0,10.0,5.0,20.0,3,237,7.715465068817139,0.1108220723312238,,out_of_road
2685,fresh,0,fresh,,,0,0,0,12,0,0,10.0,5.0,15.0,10.0,1,1000,0.0627991110086441,0.004606384091079235,,max_step
2686,fresh,0,fresh,,,0,0,0,5,0,1,5.0,20.0,10.0,55.0,3,465,12.179469108581543,0.14259051260668584,,out_of_road
2687,fresh,0,fresh,,,0,0,0,0,1,0,10.0,20.0,5.0,10.0,0,56,0.8860313296318054,0.03445589855047209,,crash_vehicle
2688,fresh,0,fresh,,,0,1,1,3,1,1,5.0,10.0,10.0,55.0,0,31,0.20932987332344055,0.015046044703452818,,crash_vehicle
2689,fresh,0,fresh,,,0,0,0,1,0,0,5.0,5.0,15.0,20.0,1,49,0.27529728412628174,0.02255839474347173,,out_of_road
2690,fresh,0,fresh,,,0,0,0,12,1,1,5.0,20.0,15.0,35.0,2,20,-0.2805250585079193,0.032342696003615855,,out_of_road
2691,fresh,0,fresh,,,0,1,1,1,1,0,20.0,40.0,10.0,55.0,0,93,2.770695924758911,0.05224955067919788,,crash_vehicle
2692,fresh,0,fresh,,,0,1,1,2,1,0,20.0,40.0,15.0,55.0,1,211,5.7419939041137695,0.1407413060966685,,crash_vehicle
2693,fresh,0,fresh,,,0,0,0,5,1,1,15.0,20.0,5.0,35.0,1,1000,0.8914622664451599,0.001391647587530315,,max_step
2694,fresh,0,fresh,,,0,1,0,12,0,0,10.0,20.0,10.0,20.0,0,1000,6.787719249725342,0.059435612672124986,,max_step
2695,fresh,0,fresh,,,0,0,0,2,0,0,10.0,20.0,15.0,35.0,1,1000,4.075986385345459,0.025950327230617402,,max_step
2696,fresh,0,fresh,,,0,0,0,2,1,1,10.0,20.0,10.0,55.0,1,206,9.582514762878418,0.17400483405488787,,out_of_road
2697,fresh,0,fresh,,,0,1,0,12,0,1,10.0,10.0,10.0,55.0,1,181,5.583609580993652,0.1826137050121858,,out_of_road
2698,fresh,0,fresh,,,0,0,0,3,1,1,15.0,20.0,10.0,35.0,2,64,1.0942931175231934,0.02028262018575333,,crash_vehicle
2699,fresh,0,fresh,,,0,1,0,3,0,0,10.0,40.0,5.0,10.0,0,92,1.8599939346313477,0.02922213982547755,,out_of_road
2700,fresh,0,fresh,,,0,1,0,4,0,1,20.0,40.0,15.0,35.0,1,189,8.148141860961914,0.31570329266802344,,arrive_dest
2701,fresh,0,fresh,,,0,0,0,2,1,0,5.0,5.0,10.0,20.0,2,57,1.3397843837738037,0.03538697013598785,,crash_vehicle
2702,fresh,0,fresh,,,0,1,1,3,1,0,20.0,5.0,5.0,20.0,1,1000,0.5025807023048401,0.0019052747376263142,,max_step
2703,fresh,0,fresh,,,0,0,0,3,0,1,10.0,5.0,15.0,35.0,0,230,4.755520343780518,0.18361214781584947,,crash_vehicle
2704,fresh,0,fresh,,,0,1,0,5,1,0,15.0,5.0,5.0,20.0,1,182,3.2022595405578613,0.1769430547297656,,crash_vehicle
2705,fresh,0,fresh,,,0,1,1,1,1,0,20.0,40.0,5.0,55.0,0,50,0.7551813125610352,0.029435764253139495,,out_of_road
2706,fresh,0,fresh,,,0,1,1,5,1,0,15.0,5.0,15.0,55.0,2,1000,0.3993423581123352,0.002557319348677993,,max_step
2707,fresh,0,fresh,,,0,0,0,2,0,0,10.0,40.0,15.0,10.0,2,75,1.5880168676376343,0.024128011564413708,,out_of_road
2708,fresh,0,fresh,,,0,1,0,5,0,0,20.0,5.0,15.0,10.0,0,74,1.0030969381332397,0.07360741694936075,,crash_vehicle
