episode,op_actual,category_id,generation_source,params_mutated,params_crossed,n_params_differ,ego_on_intersection,intersection_has_cars,distractor_cars,has_brake_checker,has_cluster,maximum_distractor_speed,distance_to_nearest,cluster_dist,brake_dist,intersection_cars,num_steps,reward_sum,pvl,failure,termination_reason
0,fresh,0,fresh,,,0,0,0,1,1,1,15.0,10.0,15.0,20.0,1,999,50.41073989868164,0.8069290178674119,,max_step
1,fresh,1,fresh,,,0,1,1,2,1,0,20.0,20.0,10.0,35.0,2,1000,45.968387603759766,0.7135590132884682,,max_step
2,fresh,0,fresh,,,0,0,0,1,1,1,5.0,20.0,10.0,35.0,1,1000,41.333499908447266,0.7169342864342034,,max_step
3,fresh,4,fresh,,,0,1,0,8,1,0,5.0,5.0,10.0,20.0,3,1000,32.10115432739258,0.4932196583673358,,max_step
4,fresh,5,fresh,,,0,1,1,12,0,1,20.0,5.0,5.0,55.0,3,579,10.903743743896484,0.6973852523810042,,crash_vehicle
5,fresh,5,fresh,,,0,0,0,12,0,1,10.0,20.0,5.0,10.0,1,966,8.351262092590332,0.28038448920785825,,out_of_road
6,fresh,1,fresh,,,0,1,0,2,0,0,10.0,20.0,15.0,20.0,0,898,9.960935592651367,0.21596832821904816,,out_of_road
7,fresh,6,fresh,,,0,1,0,18,0,1,20.0,40.0,5.0,35.0,1,206,-0.08916473388671875,0.2783919272456065,,out_of_road
8,fresh,3,fresh,,,0,1,1,5,0,1,5.0,5.0,10.0,20.0,3,624,5.098122596740723,0.2272472490156547,,out_of_road
9,fresh,2,fresh,,,0,0,0,3,1,0,20.0,20.0,15.0,35.0,3,545,4.927882194519043,0.1794844377888452,,crash_vehicle
10,fresh,3,fresh,,,0,0,0,4,0,1,15.0,40.0,10.0,20.0,3,147,-0.5185432434082031,0.3344309024614136,,out_of_road
11,fresh,3,fresh,,,0,0,0,5,1,1,15.0,20.0,5.0,35.0,0,1000,14.39673137664795,0.2635011905385181,,max_step
12,fresh,2,fresh,,,0,0,0,3,0,1,5.0,20.0,5.0,10.0,2,464,10.524046897888184,0.5071183780192172,,out_of_road
13,fresh,2,fresh,,,0,0,0,3,1,0,10.0,20.0,15.0,35.0,1,1000,17.923721313476562,0.20844627540558577,,max_step
14,fresh,4,fresh,,,0,1,1,8,1,1,15.0,40.0,10.0,55.0,2,483,2.0649020671844482,0.1730090923603493,,out_of_road
15,fresh,3,fresh,,,0,0,0,4,1,1,5.0,20.0,5.0,55.0,3,189,2.255361795425415,0.38548563674545633,,out_of_road
16,fresh,3,fresh,,,0,1,0,4,1,0,20.0,5.0,15.0,20.0,0,860,10.869041442871094,0.3370898618492796,,out_of_road
17,fresh,5,fresh,,,0,1,1,12,0,1,15.0,5.0,10.0,35.0,2,261,1.1686408519744873,0.412698646443557,,out_of_road
18,fresh,0,fresh,,,0,0,0,0,0,0,15.0,5.0,15.0,55.0,0,1000,28.69521713256836,0.3226131674158387,,max_step
19,fresh,0,fresh,,,0,0,0,1,1,0,10.0,20.0,5.0,35.0,0,278,7.394638538360596,0.42341011830960673,,out_of_road
20,fresh,3,fresh,,,0,1,1,4,0,0,15.0,5.0,15.0,55.0,3,1000,2.6060986518859863,0.0792818562029861,,max_step
21,fresh,0,fresh,,,0,0,0,0,0,0,20.0,40.0,15.0,35.0,0,432,16.095964431762695,0.4561554710725667,,out_of_road
22,fresh,0,fresh,,,0,0,0,0,1,0,15.0,20.0,5.0,55.0,0,84,4.247494220733643,0.5315117002243087,,out_of_road
23,fresh,4,fresh,,,0,1,1,8,0,0,15.0,5.0,15.0,10.0,3,190,-0.2657039165496826,0.07728281209833528,,crash_vehicle
24,fresh,3,fresh,,,0,0,0,4,1,1,15.0,20.0,5.0,35.0,1,365,2.8961732387542725,0.13819328494854782,,out_of_road
25,fresh,3,fresh,,,0,1,1,5,1,0,20.0,10.0,5.0,20.0,3,406,6.319369316101074,0.354256539110076,,out_of_road
26,crossover,1,crossover,,select_lane|ego_on_intersection|intersection_has_cars|distractor_cars|has_brake_checker|has_cluster|maximum_distractor_speed|brake_dist,0,1,0,2,0,0,10.0,20.0,15.0,20.0,0,381,4.502004146575928,0.1761700786708847,,out_of_road
27,fresh,6,fresh,,,0,1,1,18,1,0,20.0,20.0,10.0,55.0,1,1000,1.960915446281433,0.17280352096725254,,max_step
28,mutation,1,mutation,has_brake_checker,,1,1,1,2,0,0,20.0,20.0,10.0,35.0,2,95,0.996178150177002,0.2087449470240819,,out_of_road
29,fresh,0,fresh,,,0,0,0,1,0,1,20.0,10.0,15.0,10.0,0,160,1.9664790630340576,0.3771333334501833,,out_of_road
30,mutation,0,mutation,has_cluster,,0,0,0,1,1,0,10.0,20.0,5.0,35.0,0,418,24.36542510986328,0.6620676502959723,,out_of_road
31,fresh,0,fresh,,,0,1,0,0,1,0,15.0,40.0,10.0,10.0,0,436,17.831350326538086,0.4188687784956136,,out_of_road
32,replay,0,replay,,,0,1,0,0,1,0,15.0,40.0,10.0,10.0,0,155,6.560919761657715,0.4562077996711577,,out_of_road
33,fresh,0,fresh,,,0,1,0,1,1,1,10.0,10.0,15.0,35.0,0,101,0.07628464698791504,0.10621361349626343,,out_of_road
34,replay,0,replay,,,0,1,0,1,1,1,10.0,10.0,15.0,35.0,0,85,0.7643332481384277,0.10427550949594554,,out_of_road
35,fresh,2,fresh,,,0,1,0,3,1,0,15.0,5.0,10.0,35.0,2,342,-0.07529175281524658,0.052479983835715296,,crash_vehicle
36,replay,2,replay,,,0,1,0,3,1,0,15.0,5.0,10.0,35.0,2,404,15.015493392944336,0.3946842605635376,,out_of_road
37,fresh,6,fresh,,,0,0,0,18,0,1,5.0,5.0,10.0,10.0,0,140,-1.4165289402008057,0.1372024066746235,,crash_vehicle
38,mutation,0,mutation,brake_dist,,0,0,0,1,1,1,15.0,10.0,15.0,20.0,1,116,-0.4714853763580322,0.05825785125991137,,crash_vehicle
39,fresh,0,fresh,,,0,0,0,1,1,0,20.0,20.0,15.0,35.0,1,544,9.169548034667969,0.2381563367020777,,out_of_road
40,crossover,4,crossover,,select_lane|ego_on_intersection|intersection_has_cars|distractor_cars|intersection_cars,3,1,0,8,1,1,15.0,40.0,10.0,55.0,3,64,1.0667203664779663,0.1462250604527071,,out_of_road
41,fresh,2,fresh,,,0,1,1,3,0,1,20.0,5.0,5.0,55.0,0,246,0.20953857898712158,0.03835552131257406,,crash_vehicle
42,crossover,2,crossover,,select_lane|ego_on_intersection|intersection_has_cars|has_brake_checker|intersection_cars|has_cluster|cluster_dist,0,0,0,3,0,1,5.0,20.0,5.0,10.0,2,379,11.823558807373047,0.42097216137834775,,out_of_road
43,fresh,6,fresh,,,0,1,0,18,1,0,15.0,10.0,5.0,20.0,3,243,7.886542320251465,0.4453763332708505,,out_of_road
44,mutation,5,mutation,has_brake_checker,,1,1,1,12,1,1,20.0,5.0,5.0,55.0,3,1000,0.41321423649787903,0.2961756590427831,,max_step
45,fresh,2,fresh,,,0,0,0,3,1,1,10.0,40.0,5.0,55.0,0,49,-0.4311676025390625,0.05072263795502332,,out_of_road
46,mutation,1,mutation,cluster_dist,,1,1,1,2,1,0,20.0,20.0,15.0,35.0,2,291,11.37729549407959,0.3747089613241838,,out_of_road
47,fresh,0,fresh,,,0,0,0,0,1,0,20.0,40.0,5.0,20.0,0,366,20.513565063476562,0.45346568382848973,,out_of_road
48,replay,0,replay,,,0,0,0,0,1,0,20.0,40.0,5.0,20.0,0,386,3.460148811340332,0.18118364725339134,,out_of_road
49,fresh,0,fresh,,,0,0,0,1,1,1,20.0,5.0,5.0,20.0,1,91,0.9599562883377075,0.07508077664853452,,out_of_road
50,replay,0,replay,,,0,0,0,1,1,1,20.0,5.0,5.0,20.0,1,1000,-0.2084948718547821,0.18708387189172207,,max_step
51,fresh,3,fresh,,,0,1,1,4,1,1,15.0,10.0,10.0,20.0,3,1000,5.651787281036377,0.07248229110706597,,max_step
52,crossover,2,crossover,,distractor_cars|has_brake_checker|intersection_cars|maximum_distractor_speed|distance_to_nearest,4,0,0,3,1,1,20.0,20.0,5.0,35.0,3,366,11.855582237243652,0.21863250083753158,,out_of_road
53,fresh,2,fresh,,,0,1,1,3,0,1,20.0,10.0,5.0,20.0,1,227,1.323061227798462,0.026137103361491984,,crash_vehicle
54,replay,2,replay,,,0,1,1,3,0,1,20.0,10.0,5.0,20.0,1,330,13.228662490844727,0.22325317687566645,,out_of_road
55,fresh,5,fresh,,,0,1,1,12,0,1,10.0,5.0,5.0,10.0,2,1000,3.489287853240967,0.09286878319527023,,max_step
56,crossover,2,crossover,,distractor_cars|intersection_cars|has_cluster|maximum_distractor_speed|brake_dist,3,0,0,3,1,1,20.0,20.0,15.0,35.0,3,319,21.70891571044922,0.5726681115999117,,out_of_road
57,fresh,5,fresh,,,0,1,1,12,1,0,20.0,10.0,10.0,55.0,2,1000,4.601428031921387,0.12125049715215573,,max_step
58,crossover,1,crossover,,distractor_cars|intersection_cars|brake_dist,0,1,1,2,1,0,20.0,20.0,10.0,35.0,2,745,49.23575973510742,0.6294355709768281,,out_of_road
59,fresh,5,fresh,,,0,1,1,12,0,1,10.0,5.0,15.0,10.0,3,700,0.40247076749801636,0.15788270562221962,,crash_vehicle
60,crossover,4,crossover,,distractor_cars|has_brake_checker|has_cluster|distance_to_nearest|cluster_dist,2,1,0,8,0,0,5.0,5.0,15.0,20.0,3,373,0.5378755331039429,0.12972987557938648,,out_of_road
61,fresh,6,fresh,,,0,0,0,18,1,1,5.0,10.0,5.0,55.0,1,1000,0.5695216655731201,0.14568686868646183,,max_step
62,crossover,3,crossover,,distractor_cars|has_brake_checker,1,1,1,4,0,1,5.0,5.0,10.0,20.0,3,372,16.168622970581055,0.3380873886848329,,out_of_road
63,fresh,0,fresh,,,0,0,0,0,0,0,20.0,10.0,10.0,55.0,0,213,6.997673034667969,0.044166942312876246,,out_of_road
64,replay,0,replay,,,0,0,0,0,0,0,20.0,10.0,10.0,55.0,0,1000,36.39454650878906,0.23990977027639745,,max_step
65,fresh,3,fresh,,,0,1,1,5,0,1,5.0,20.0,5.0,35.0,3,713,2.02911376953125,0.0026164401171083706,,crash_vehicle
66,replay,3,replay,,,0,1,1,5,0,1,5.0,20.0,5.0,35.0,3,504,20.696788787841797,0.23276386117850917,,out_of_road
67,fresh,0,fresh,,,0,0,0,0,1,0,10.0,40.0,10.0,20.0,0,862,34.45503616333008,0.22200302368682526,,out_of_road
68,crossover,4,crossover,,distractor_cars|has_brake_checker|intersection_cars|has_cluster|maximum_distractor_speed|distance_to_nearest,0,1,0,8,1,0,5.0,5.0,10.0,20.0,3,1000,11.715412139892578,0.02720261231297627,,max_step
69,fresh,3,fresh,,,0,0,0,4,1,1,15.0,5.0,10.0,35.0,3,836,28.53988265991211,0.18575649390233298,,out_of_road
70,mutation,3,mutation,distance_to_nearest,,1,1,1,5,1,0,20.0,5.0,5.0,20.0,3,1000,-0.08293413370847702,0.13432478924863972,,max_step
71,fresh,5,fresh,,,0,1,0,12,0,0,5.0,40.0,15.0,20.0,2,563,1.3093507289886475,0.07028496218183562,,out_of_road
72,crossover,3,crossover,,maximum_distractor_speed,0,1,1,4,1,1,15.0,10.0,10.0,20.0,3,572,19.591529846191406,0.12577359286426743,,out_of_road
73,fresh,1,fresh,,,0,1,0,2,0,1,20.0,40.0,10.0,20.0,2,112,2.9824538230895996,0.02829134781911437,,out_of_road
74,mutation,5,mutation,distractor_cars,,2,1,0,12,1,0,15.0,40.0,10.0,55.0,0,231,6.446253299713135,0.0335122575314143,,out_of_road
75,fresh,1,fresh,,,0,0,0,2,0,0,5.0,5.0,5.0,55.0,2,467,19.942638397216797,0.17061121763793125,,out_of_road
76,replay,1,replay,,,0,0,0,2,0,0,5.0,5.0,5.0,55.0,2,1000,-0.06535886228084564,0.10488579350244254,,max_step
77,fresh,0,fresh,,,0,0,0,1,1,0,5.0,20.0,10.0,35.0,1,699,22.368515014648438,0.175021811216558,,out_of_road
78,mutation,3,mutation,intersection_cars,,1,1,0,4,1,0,20.0,5.0,15.0,20.0,1,755,23.389278411865234,0.1422539842870111,,out_of_road
79,fresh,4,fresh,,,0,0,0,8,1,1,5.0,5.0,15.0,20.0,1,1000,2.5926060676574707,0.07195457878871821,,max_step
80,mutation,0,mutation,brake_dist,,0,1,0,1,1,1,10.0,10.0,15.0,35.0,0,99,2.1699957847595215,0.06617659621994303,,out_of_road
81,fresh,0,fresh,,,0,1,1,0,1,0,15.0,40.0,10.0,20.0,0,881,30.030546188354492,0.16972351726884535,,out_of_road
82,mutation,3,mutation,has_cluster,,1,1,1,5,1,1,20.0,5.0,5.0,20.0,3,205,-0.39813998341560364,0.20005556222323964,,crash_vehicle
83,fresh,4,fresh,,,0,1,0,8,1,1,10.0,5.0,5.0,55.0,3,1000,1.1756192445755005,0.13395700398180635,,max_step
84,replay,4,replay,,,0,1,0,8,1,1,10.0,5.0,5.0,55.0,3,213,7.510721206665039,0.06551225354868762,,out_of_road
85,fresh,2,fresh,,,0,0,0,3,1,1,20.0,40.0,5.0,55.0,2,490,18.530498504638672,0.06901385272824567,,arrive_dest
86,mutation,3,mutation,intersection_cars,,1,1,1,5,1,0,20.0,5.0,5.0,20.0,1,538,6.591813087463379,0.142115870381612,,out_of_road
87,fresh,3,fresh,,,0,0,0,4,0,0,5.0,5.0,5.0,55.0,2,1000,-0.037644680589437485,0.011639927825191989,,max_step
88,mutation,3,mutation,brake_dist,,0,0,0,5,1,1,15.0,20.0,5.0,35.0,0,1000,1.9290918111801147,0.09169223093707114,,max_step
89,fresh,3,fresh,,,0,1,1,5,1,0,15.0,5.0,5.0,20.0,0,798,24.72195816040039,0.20555980702077872,,arrive_dest
90,replay,3,replay,,,0,1,1,5,1,0,15.0,5.0,5.0,20.0,0,190,5.923769474029541,0.08426335380461655,,out_of_road
91,fresh,6,fresh,,,0,0,0,18,1,1,15.0,5.0,15.0,55.0,2,1000,3.1045377254486084,0.07509288153145462,,max_step
92,crossover,2,crossover,,select_lane|ego_on_intersection|intersection_has_cars|distractor_cars|intersection_cars|cluster_dist,0,0,0,3,0,1,5.0,20.0,5.0,10.0,2,175,1.0145398378372192,0.08044960984694106,,out_of_road
93,fresh,4,fresh,,,0,0,0,8,1,0,15.0,20.0,10.0,35.0,1,300,5.694020748138428,0.11455605081592997,,out_of_road
94,replay,4,replay,,,0,0,0,8,1,0,15.0,20.0,10.0,35.0,1,209,1.1749567985534668,0.07226570939163914,,out_of_road
95,fresh,6,fresh,,,0,0,0,18,1,0,5.0,40.0,15.0,55.0,3,260,5.964514255523682,0.2263107285476648,,out_of_road
96,replay,6,replay,,,0,0,0,18,1,0,5.0,40.0,15.0,55.0,3,152,3.8211379051208496,0.07487179103037833,,out_of_road
97,fresh,2,fresh,,,0,0,0,3,0,0,20.0,20.0,15.0,55.0,2,523,19.630094528198242,0.19993148743394,,out_of_road
98,replay,2,replay,,,0,0,0,3,0,0,20.0,20.0,15.0,55.0,2,285,9.87977123260498,0.22814631904393695,,out_of_road
99,fresh,4,fresh,,,0,0,0,8,1,1,10.0,5.0,5.0,35.0,1,1000,-0.017051225528120995,0.18028965335246175,,max_step
100,replay,4,replay,,,0,0,0,8,1,1,10.0,5.0,5.0,35.0,1,321,8.80031967163086,0.13972102447392598,,crash_vehicle
101,fresh,4,fresh,,,0,0,0,8,1,1,15.0,5.0,5.0,20.0,3,1000,0.34380027651786804,0.03210774047020823,,max_step
102,mutation,1,mutation,brake_dist,,0,0,0,2,0,0,5.0,5.0,5.0,55.0,2,403,14.982444763183594,0.12360178997217869,,out_of_road
103,fresh,0,fresh,,,0,1,0,0,1,0,15.0,5.0,5.0,10.0,0,477,18.29903221130371,0.2016066329288189,,out_of_road
104,replay,0,replay,,,0,1,0,0,1,0,15.0,5.0,5.0,10.0,0,865,23.648540496826172,0.10369475247726016,,out_of_road
105,fresh,0,fresh,,,0,0,0,0,0,0,5.0,10.0,15.0,20.0,0,219,6.092255115509033,0.10018398441357292,,out_of_road
106,replay,0,replay,,,0,0,0,0,0,0,5.0,10.0,15.0,20.0,0,1000,0.6728602647781372,0.02425942157837562,,max_step
107,fresh,3,fresh,,,0,0,0,5,1,1,5.0,40.0,10.0,55.0,1,749,3.535983085632324,0.0682502083831003,,crash_vehicle
108,mutation,5,mutation,has_cluster,,1,1,1,12,0,0,20.0,5.0,5.0,55.0,3,332,7.413826942443848,0.08965568903396018,,out_of_road
109,fresh,0,fresh,,,0,0,0,1,1,1,15.0,5.0,10.0,20.0,1,442,10.850412368774414,0.12396827539875767,,out_of_road
110,replay,0,replay,,,0,0,0,1,1,1,15.0,5.0,10.0,20.0,1,348,13.301800727844238,0.1346118311617181,,out_of_road
111,fresh,3,fresh,,,0,1,0,5,1,1,15.0,5.0,10.0,20.0,1,1000,21.39188575744629,0.16423782048909924,,max_step
112,replay,3,replay,,,0,1,0,5,1,1,15.0,5.0,10.0,20.0,1,236,3.895024061203003,0.14732450270883235,,arrive_dest
113,fresh,0,fresh,,,0,1,0,1,0,0,5.0,10.0,10.0,10.0,1,452,13.122314453125,0.15823553247476177,,out_of_road
114,replay,0,replay,,,0,1,0,1,0,0,5.0,10.0,10.0,10.0,1,807,20.97736358642578,0.1232567728812145,,out_of_road
115,fresh,5,fresh,,,0,1,1,12,1,0,15.0,10.0,5.0,20.0,2,683,10.049814224243164,0.1581298068934836,,out_of_road
116,replay,5,replay,,,0,1,1,12,1,0,15.0,10.0,5.0,20.0,2,899,32.04513168334961,0.19626630586753283,,out_of_road
117,fresh,1,fresh,,,0,1,0,2,0,0,10.0,40.0,10.0,20.0,0,436,14.917657852172852,0.16896378035323883,,out_of_road
118,mutation,1,mutation,brake_dist,,1,1,1,2,0,0,20.0,20.0,10.0,55.0,2,236,6.410271167755127,0.10285861504469383,,out_of_road
119,fresh,2,fresh,,,0,0,0,3,0,0,5.0,10.0,10.0,35.0,1,1000,0.5905882716178894,0.055208264069631696,,max_step
120,crossover,0,crossover,,has_brake_checker|has_cluster,0,1,1,0,1,0,15.0,40.0,10.0,20.0,0,148,4.006115913391113,0.10479535635661434,,crash_vehicle
121,fresh,0,fresh,,,0,1,0,0,1,0,15.0,40.0,5.0,35.0,0,340,9.050254821777344,0.13789458194857135,,out_of_road
122,replay,0,replay,,,0,1,0,0,1,0,15.0,40.0,5.0,35.0,0,268,4.336541175842285,0.13300362282863526,,crash_vehicle
123,fresh,0,fresh,,,0,0,0,0,0,0,20.0,40.0,15.0,55.0,0,297,10.88882827758789,0.1250903906084296,,arrive_dest
124,replay,0,replay,,,0,0,0,0,0,0,20.0,40.0,15.0,55.0,0,242,6.335500240325928,0.08479357029750081,,out_of_road
125,fresh,4,fresh,,,0,0,0,8,0,0,15.0,20.0,15.0,55.0,0,354,12.191311836242676,0.102041423923236,,out_of_road
126,replay,4,replay,,,0,0,0,8,0,0,15.0,20.0,15.0,55.0,0,928,17.847505569458008,0.06886202292185646,,out_of_road
127,fresh,0,fresh,,,0,0,0,0,1,0,10.0,20.0,10.0,20.0,0,513,17.453359603881836,0.1474498433031897,,out_of_road
128,replay,0,replay,,,0,0,0,0,1,0,10.0,20.0,10.0,20.0,0,686,25.75887680053711,0.11591292437540676,,arrive_dest
129,fresh,2,fresh,,,0,1,0,3,1,0,10.0,5.0,10.0,35.0,3,161,4.665409564971924,0.10111658981428569,,crash_vehicle
130,crossover,0,crossover,,distractor_cars|intersection_cars|has_cluster|distance_to_nearest|cluster_dist,0,0,0,0,1,0,10.0,40.0,10.0,20.0,0,28,-0.26417276263237,0.03400863707065582,,out_of_road
131,fresh,3,fresh,,,0,0,0,5,0,0,5.0,5.0,5.0,35.0,1,1000,10.714402198791504,0.08301295478874818,,max_step
132,mutation,3,mutation,select_road|select_lane|ego_on_intersection|intersection_has_cars,,3,0,0,5,1,0,20.0,10.0,5.0,20.0,3,1000,0.5253034234046936,0.03299212540476583,,max_step
133,fresh,0,fresh,,,0,1,0,1,1,0,5.0,40.0,10.0,55.0,1,130,3.499418258666992,0.05775252100295172,,out_of_road
134,mutation,3,mutation,brake_dist,,1,1,1,5,1,0,15.0,5.0,5.0,35.0,0,1000,0.11186559498310089,0.06281128437258303,,max_step
135,fresh,2,fresh,,,0,1,1,3,0,1,5.0,20.0,5.0,20.0,2,145,3.762977123260498,0.05922056487922011,,crash_vehicle
136,replay,2,replay,,,0,1,1,3,0,1,5.0,20.0,5.0,20.0,2,137,2.6606922149658203,0.1480923537844724,,out_of_road
137,fresh,5,fresh,,,0,1,1,12,1,0,5.0,40.0,5.0,55.0,1,168,3.9161949157714844,0.037967478013819174,,crash_vehicle
138,crossover,2,crossover,,distractor_cars|intersection_cars,1,0,0,3,1,1,20.0,20.0,15.0,35.0,1,1000,4.220825672149658,0.019619306111941116,,max_step
139,fresh,6,fresh,,,0,0,0,18,0,0,10.0,40.0,10.0,20.0,2,718,12.900811195373535,0.10231894331408306,,crash_vehicle
140,crossover,3,crossover,,select_lane|ego_on_intersection|intersection_has_cars|intersection_cars|has_cluster|maximum_distractor_speed|cluster_dist|brake_dist,3,0,0,5,1,1,15.0,5.0,10.0,20.0,3,1000,0.20276512205600739,0.030177293241024018,,max_step
141,fresh,0,fresh,,,0,0,0,0,0,0,20.0,10.0,5.0,35.0,0,24,-0.2448807656764984,0.011941837767759958,,out_of_road
142,crossover,0,crossover,,distractor_cars|has_brake_checker|intersection_cars|cluster_dist,0,0,0,1,1,0,10.0,20.0,5.0,35.0,0,462,11.245372772216797,0.15238019401505912,,crash_vehicle
143,fresh,1,fresh,,,0,0,0,2,0,0,5.0,5.0,5.0,55.0,2,107,1.7508176565170288,0.00905420432720229,,out_of_road
144,mutation,2,mutation,brake_dist,,1,0,0,3,1,1,20.0,20.0,5.0,55.0,3,142,3.0603151321411133,0.01586123010222341,,out_of_road
145,fresh,2,fresh,,,0,0,0,3,1,0,15.0,5.0,5.0,20.0,1,143,0.7830516695976257,0.08359996047704578,,out_of_road
146,mutation,5,mutation,brake_dist,,1,1,1,12,0,1,20.0,5.0,5.0,10.0,3,1000,0.5600084662437439,0.06517283591860905,,max_step
147,fresh,1,fresh,,,0,1,0,2,1,0,10.0,20.0,10.0,55.0,2,113,2.5926389694213867,0.030073826819394543,,out_of_road
148,crossover,1,crossover,,distractor_cars|intersection_cars|maximum_distractor_speed|distance_to_nearest|brake_dist,4,1,1,2,1,0,10.0,40.0,10.0,55.0,0,1000,1.6823493242263794,0.008791602990590036,,max_step
149,fresh,5,fresh,,,0,0,0,12,0,1,10.0,5.0,15.0,35.0,0,1000,0.64101642370224,0.008110986175015569,,max_step
150,replay,5,replay,,,0,0,0,12,0,1,10.0,5.0,15.0,35.0,0,182,5.282710552215576,0.08470018350027993,,crash_vehicle
151,fresh,6,fresh,,,0,1,1,18,0,1,5.0,40.0,5.0,35.0,1,89,1.9065738916397095,0.024994766444302676,,crash_vehicle
152,replay,6,replay,,,0,1,1,18,0,1,5.0,40.0,5.0,35.0,1,693,0.3844873011112213,0.03808176746487101,,crash_vehicle
153,fresh,4,fresh,,,0,0,0,8,0,1,15.0,5.0,15.0,20.0,1,481,11.351210594177246,0.12430260328792826,,crash_vehicle
154,mutation,0,mutation,intersection_cars,,0,0,0,0,0,0,15.0,5.0,15.0,55.0,0,179,4.517212390899658,0.14058269318401315,,out_of_road
155,fresh,0,fresh,,,0,0,0,0,0,0,10.0,5.0,5.0,20.0,0,387,14.697762489318848,0.24941181036275487,rejection_fallback,out_of_road
156,mutation,2,mutation,brake_dist,,1,1,0,3,1,0,15.0,5.0,10.0,20.0,2,1000,0.22958485782146454,0.0016068216147832573,,max_step
157,fresh,6,fresh,,,0,0,0,18,1,0,20.0,40.0,10.0,55.0,2,333,0.27078112959861755,0.035388200647301145,,crash_vehicle
158,mutation,3,mutation,has_brake_checker,,1,1,0,4,0,0,20.0,5.0,15.0,20.0,0,538,18.346839904785156,0.24067369711734216,,out_of_road
159,fresh,1,fresh,,,0,0,0,2,0,1,10.0,20.0,10.0,10.0,1,332,11.821478843688965,0.16307938322901772,,out_of_road
160,replay,1,replay,,,0,0,0,2,0,1,10.0,20.0,10.0,10.0,1,640,17.7575626373291,0.13325781105158968,,out_of_road
161,fresh,3,fresh,,,0,0,0,5,0,0,20.0,10.0,15.0,20.0,2,322,11.426400184631348,0.23800743405666688,,out_of_road
162,crossover,1,crossover,,select_lane|ego_on_intersection|intersection_has_cars|has_brake_checker|intersection_cars|has_cluster|maximum_distractor_speed|cluster_dist|brake_dist,0,1,1,2,1,0,20.0,20.0,10.0,35.0,2,293,7.6884636878967285,0.08250999692573177,,crash_vehicle
163,fresh,3,fresh,,,0,1,0,4,1,1,10.0,20.0,5.0,55.0,1,1000,2.0727131366729736,0.007210237354505807,,max_step
164,mutation,4,mutation,brake_dist,,0,0,0,8,1,0,15.0,20.0,10.0,35.0,1,270,3.630770206451416,0.16292912558721448,,out_of_road
165,fresh,5,fresh,,,0,1,0,12,1,0,10.0,10.0,5.0,20.0,0,1000,2.870678186416626,0.02082154411962256,,max_step
166,crossover,1,crossover,,distractor_cars|has_brake_checker|intersection_cars,1,1,1,2,0,0,20.0,20.0,10.0,35.0,2,611,23.811710357666016,0.2009318228818647,,out_of_road
167,fresh,6,fresh,,,0,1,1,18,0,0,20.0,10.0,15.0,35.0,3,1000,0.29801079630851746,0.03762330520618707,,max_step
168,replay,6,replay,,,0,1,1,18,0,0,20.0,10.0,15.0,35.0,3,495,17.0604190826416,0.14628981268691896,,out_of_road
169,fresh,3,fresh,,,0,0,0,4,1,1,20.0,20.0,15.0,35.0,0,132,0.6083675622940063,0.057669517753476444,,out_of_road
170,replay,3,replay,,,0,0,0,4,1,1,20.0,20.0,15.0,35.0,0,32,0.9157335758209229,0.06286228820681572,,arrive_dest
171,fresh,6,fresh,,,0,1,0,18,0,0,5.0,20.0,15.0,55.0,3,13,0.5796566605567932,0.0,,arrive_dest
172,replay,6,replay,,,0,1,0,18,0,0,5.0,20.0,15.0,55.0,3,1000,0.4920698404312134,0.03063245586294215,,max_step
173,fresh,1,fresh,,,0,1,1,2,1,0,5.0,20.0,10.0,35.0,1,1000,2.183746337890625,0.0071135985292494295,,max_step
174,crossover,5,crossover,,select_lane|ego_on_intersection|intersection_has_cars|has_brake_checker|has_cluster|brake_dist,4,0,0,12,0,1,15.0,5.0,10.0,10.0,2,1000,1.0834722518920898,0.0038212628019973637,,max_step
175,fresh,6,fresh,,,0,1,0,18,0,0,15.0,10.0,5.0,35.0,0,181,-0.04443982243537903,0.10302635264783604,,crash_vehicle
176,replay,6,replay,,,0,1,0,18,0,0,15.0,10.0,5.0,35.0,0,1000,1.425984501838684,0.038802736908663066,,max_step
177,fresh,0,fresh,,,0,0,0,0,1,0,10.0,40.0,15.0,55.0,0,1000,8.698192596435547,0.020214230328798294,,max_step
178,mutation,3,mutation,distance_to_nearest,,0,1,0,4,1,0,20.0,5.0,15.0,20.0,0,418,10.488899230957031,0.18471356209492285,,out_of_road
179,fresh,1,fresh,,,0,0,0,2,0,0,20.0,40.0,5.0,35.0,2,544,16.555667877197266,0.15031184177753268,,out_of_road
180,crossover,5,crossover,,select_lane|ego_on_intersection|intersection_has_cars|distractor_cars|intersection_cars|distance_to_nearest|cluster_dist|brake_dist,3,1,1,12,0,1,15.0,10.0,10.0,55.0,2,1000,0.7855120301246643,0.05061746807955205,,max_step
181,fresh,1,fresh,,,0,0,0,2,1,1,10.0,5.0,5.0,55.0,2,1000,-0.09713836014270782,0.026912890912033617,,max_step
182,mutation,3,mutation,has_brake_checker,,1,1,1,5,0,0,20.0,10.0,5.0,20.0,3,340,0.8236151933670044,0.03498603745144518,,out_of_road
183,fresh,1,fresh,,,0,1,0,2,1,0,15.0,10.0,15.0,20.0,1,1000,8.80489730834961,0.07264801811799407,,max_step
184,mutation,1,mutation,distance_to_nearest,,0,1,1,2,0,0,20.0,20.0,10.0,55.0,2,326,10.632112503051758,0.18791758176225004,,out_of_road
185,fresh,6,fresh,,,0,1,1,18,0,0,15.0,10.0,5.0,55.0,3,205,0.11193215847015381,0.02106472340571444,,crash_vehicle
186,crossover,3,crossover,,distractor_cars|has_brake_checker|has_cluster|maximum_distractor_speed,0,0,0,5,1,0,20.0,10.0,5.0,20.0,3,612,0.14833280444145203,0.006609492080957245,,crash_vehicle
187,fresh,0,fresh,,,0,1,1,0,1,0,20.0,5.0,15.0,55.0,0,293,9.474869728088379,0.16349045974885848,,out_of_road
188,replay,0,replay,,,0,1,1,0,1,0,20.0,5.0,15.0,55.0,0,316,4.194417953491211,0.13030171128803322,,out_of_road
189,fresh,4,fresh,,,0,0,0,8,1,0,20.0,40.0,5.0,55.0,1,181,4.725907802581787,0.14686061872056175,,out_of_road
190,replay,4,replay,,,0,0,0,8,1,0,20.0,40.0,5.0,55.0,1,925,9.846879005432129,0.08508334996354942,,out_of_road
191,fresh,6,fresh,,,0,1,1,18,1,0,15.0,5.0,15.0,20.0,2,408,7.629434585571289,0.16136529124981047,,arrive_dest
192,crossover,4,crossover,,distractor_cars|has_brake_checker|intersection_cars|has_cluster|maximum_distractor_speed|distance_to_nearest|cluster_dist,4,0,0,8,1,1,15.0,40.0,10.0,55.0,3,98,1.7913272380828857,0.01924825163216007,,crash_vehicle
193,fresh,2,fresh,,,0,0,0,3,0,1,20.0,40.0,15.0,55.0,3,139,2.5874099731445312,0.06104054029950564,,out_of_road
194,crossover,0,crossover,,distractor_cars|has_brake_checker|intersection_cars|has_cluster,3,1,0,0,1,0,5.0,10.0,10.0,10.0,0,297,6.290926456451416,0.10404187237674539,,crash_vehicle
195,fresh,3,fresh,,,0,1,0,5,0,1,15.0,20.0,5.0,35.0,2,1000,0.5018587708473206,0.03693784492695704,,max_step
196,replay,3,replay,,,0,1,0,5,0,1,15.0,20.0,5.0,35.0,2,299,10.138263702392578,0.14076421866473746,,out_of_road
197,fresh,3,fresh,,,0,0,0,5,1,1,15.0,20.0,5.0,55.0,2,1000,0.9383172392845154,0.04410327559825964,,max_step
198,mutation,0,mutation,cluster_dist,,1,0,0,0,1,0,10.0,20.0,15.0,20.0,0,215,5.250535488128662,0.08612105903367318,,out_of_road
199,fresh,6,fresh,,,0,1,0,18,0,0,5.0,20.0,10.0,55.0,0,1000,2.1275904178619385,0.01887181383743882,,max_step
200,replay,6,replay,,,0,1,0,18,0,0,5.0,20.0,10.0,55.0,0,2,0.5284450650215149,0.0,,arrive_dest
201,fresh,0,fresh,,,0,0,0,1,0,0,5.0,40.0,10.0,10.0,1,279,9.169201850891113,0.11950871715235346,,out_of_road
202,crossover,0,crossover,,intersection_cars|cluster_dist,1,1,0,1,1,1,10.0,10.0,5.0,35.0,0,178,3.5901668071746826,0.11226451914924919,,out_of_road
203,fresh,3,fresh,,,0,0,0,5,1,1,15.0,5.0,5.0,35.0,1,1000,0.1684132218360901,0.0016172205393668263,,max_step
204,replay,3,replay,,,0,0,0,5,1,1,15.0,5.0,5.0,35.0,1,92,0.13128036260604858,0.028489086402418172,,crash_vehicle
205,fresh,0,fresh,,,0,1,0,1,0,0,10.0,20.0,15.0,55.0,1,159,3.866330862045288,0.06561269443599307,,out_of_road
206,crossover,0,crossover,,distractor_cars|distance_to_nearest|cluster_dist|brake_dist,5,0,0,0,1,0,15.0,40.0,10.0,10.0,0,145,3.34436297416687,0.12067270321321899,,arrive_dest
207,fresh,0,fresh,,,0,1,0,1,0,0,15.0,5.0,15.0,20.0,1,281,8.634490966796875,0.07195356031680923,,out_of_road
208,replay,0,replay,,,0,1,0,1,0,0,15.0,5.0,15.0,20.0,1,165,3.634979486465454,0.0630125882668477,,crash_vehicle
209,fresh,3,fresh,,,0,0,0,4,1,1,15.0,10.0,15.0,35.0,2,82,1.0400720834732056,0.052908132079897856,,crash_vehicle
210,mutation,0,mutation,select_road|select_lane|ego_on_intersection|intersection_has_cars,,2,1,0,1,1,0,5.0,20.0,10.0,35.0,1,177,4.290127277374268,0.0430289379841948,,crash_vehicle
211,fresh,1,fresh,,,0,0,0,2,1,1,15.0,5.0,10.0,55.0,1,119,-0.3215401768684387,0.006716260529991959,,out_of_road
212,mutation,2,mutation,brake_dist,,1,0,0,3,0,1,5.0,20.0,5.0,20.0,2,1000,0.6549150347709656,0.003972848425619304,,max_step
213,fresh,3,fresh,,,0,0,0,4,0,1,10.0,5.0,10.0,35.0,2,446,13.877006530761719,0.23350472982780748,,out_of_road
214,crossover,2,crossover,,has_brake_checker|maximum_distractor_speed|distance_to_nearest|cluster_dist|brake_dist,3,0,0,3,1,0,20.0,20.0,5.0,35.0,2,1000,1.303957462310791,0.0092142526806565,,max_step
215,fresh,1,fresh,,,0,1,1,2,1,1,20.0,40.0,5.0,55.0,1,290,8.944686889648438,0.07837744783610105,,out_of_road
216,crossover,1,crossover,,select_lane|ego_on_intersection|intersection_has_cars|distractor_cars|has_brake_checker|maximum_distractor_speed|cluster_dist|brake_dist,0,1,1,2,1,0,20.0,20.0,10.0,35.0,2,178,4.759410381317139,0.0754968534208039,,crash_vehicle
217,fresh,2,fresh,,,0,1,0,3,1,1,20.0,20.0,15.0,35.0,2,412,11.07155990600586,0.14494558611604413,,out_of_road
218,crossover,4,crossover,,distractor_cars|has_brake_checker|has_cluster|distance_to_nearest|brake_dist,3,1,1,8,1,0,15.0,20.0,10.0,35.0,2,1000,0.3283284604549408,0.007744389743544161,,max_step
219,fresh,4,fresh,,,0,0,0,8,1,1,20.0,10.0,10.0,55.0,1,1000,1.6138619184494019,0.022477795026265086,,max_step
220,crossover,2,crossover,,select_lane|ego_on_intersection|intersection_has_cars|intersection_cars|has_cluster|distance_to_nearest|cluster_dist|brake_dist,7,1,0,3,1,1,15.0,20.0,15.0,35.0,2,204,2.256805419921875,0.021731223410004566,,crash_vehicle
221,fresh,0,fresh,,,0,0,0,1,0,0,15.0,10.0,10.0,35.0,1,170,2.8134520053863525,0.016247625459971674,,out_of_road
222,crossover,1,crossover,,select_lane|ego_on_intersection|intersection_has_cars|distractor_cars|has_brake_checker|intersection_cars|brake_dist,0,1,1,2,1,0,20.0,20.0,10.0,35.0,2,203,4.957669258117676,0.06439305167975537,,crash_vehicle
223,fresh,1,fresh,,,0,0,0,2,0,0,20.0,10.0,10.0,20.0,0,438,11.041459083557129,0.15838706768096583,,out_of_road
224,replay,1,replay,,,0,0,0,2,0,0,20.0,10.0,10.0,20.0,0,428,13.246766090393066,0.25555865561467744,,crash_vehicle
225,fresh,3,fresh,,,0,1,0,4,0,0,10.0,40.0,15.0,10.0,2,69,0.31934332847595215,0.029522439923839294,,crash_vehicle
226,mutation,1,mutation,maximum_distractor_speed,,1,1,1,2,1,0,5.0,20.0,10.0,35.0,2,174,4.350065231323242,0.05383204722819829,,crash_vehicle
227,fresh,1,fresh,,,0,1,0,2,1,1,10.0,5.0,5.0,35.0,0,1000,1.3345764875411987,0.008289879047311842,,max_step
228,crossover,2,crossover,,select_lane|ego_on_intersection|intersection_has_cars|distractor_cars|intersection_cars|maximum_distractor_speed|cluster_dist,0,0,0,3,1,1,20.0,20.0,15.0,35.0,3,226,4.063964366912842,0.04646912859175849,,crash_vehicle
229,fresh,4,fresh,,,0,1,0,8,1,1,15.0,40.0,10.0,55.0,2,1000,0.8335989117622375,0.002251332891173661,,max_step
230,mutation,0,mutation,cluster_dist,,1,1,0,1,1,1,10.0,10.0,10.0,35.0,0,1000,7.411852836608887,0.025842038549715653,,max_step
231,fresh,4,fresh,,,0,0,0,8,1,1,5.0,40.0,15.0,55.0,1,1000,2.320173978805542,0.004459581392351538,,max_step
232,crossover,4,crossover,,has_brake_checker|maximum_distractor_speed|distance_to_nearest,3,0,0,8,0,0,15.0,20.0,5.0,55.0,1,268,7.061079025268555,0.12604191246331295,,out_of_road
233,fresh,6,fresh,,,0,1,1,18,1,1,5.0,5.0,15.0,20.0,3,479,0.31458091735839844,0.03882844730752806,,crash_vehicle
234,replay,6,replay,,,0,1,1,18,1,1,5.0,5.0,15.0,20.0,3,462,13.36886215209961,0.17027629782078843,,out_of_road
235,fresh,0,fresh,,,0,0,0,0,1,0,10.0,40.0,5.0,20.0,0,158,3.1333866119384766,0.09796903291319296,,out_of_road
236,crossover,3,crossover,,select_lane|ego_on_intersection|intersection_has_cars|intersection_cars|maximum_distractor_speed|brake_dist,3,1,0,4,1,0,15.0,5.0,15.0,20.0,1,676,19.9957218170166,0.19347713244066314,,out_of_road
237,fresh,1,fresh,,,0,0,0,2,0,1,15.0,20.0,5.0,10.0,0,1000,0.8170977830886841,0.001279604971408844,,max_step
238,crossover,0,crossover,,distractor_cars|intersection_cars|has_cluster|maximum_distractor_speed|distance_to_nearest|cluster_dist|brake_dist,4,0,0,1,0,0,20.0,20.0,15.0,35.0,1,291,9.411809921264648,0.10195876456816326,,out_of_road
239,fresh,5,fresh,,,0,0,0,12,1,1,5.0,10.0,15.0,20.0,2,76,0.309059202671051,0.008337634762651041,,crash_vehicle
240,crossover,1,crossover,,distractor_cars|has_brake_checker|has_cluster|maximum_distractor_speed|distance_to_nearest|cluster_dist|brake_dist,6,1,1,2,0,0,10.0,20.0,15.0,20.0,1,225,4.336658954620361,0.1028042854120334,,out_of_road
241,fresh,2,fresh,,,0,0,0,3,0,0,20.0,5.0,5.0,35.0,3,382,11.40310287475586,0.18127363212577297,,out_of_road
242,crossover,1,crossover,,distractor_cars|intersection_cars,1,1,1,2,1,1,20.0,40.0,5.0,55.0,2,215,5.686757564544678,0.03534434008910212,,crash_vehicle
243,fresh,0,fresh,,,0,0,0,1,0,1,5.0,10.0,5.0,35.0,0,208,2.966763496398926,0.11586880071375233,,out_of_road
244,mutation,4,mutation,cluster_dist,,1,1,1,8,0,0,15.0,5.0,10.0,10.0,3,1000,0.15949195623397827,0.01518323596008122,,max_step
245,fresh,3,fresh,,,0,1,1,5,0,1,20.0,20.0,10.0,35.0,0,1000,1.0999326705932617,0.0018204367710277438,,max_step
246,replay,3,replay,,,0,1,1,5,0,1,20.0,20.0,10.0,35.0,0,388,9.557404518127441,0.15403296921723858,,out_of_road
247,fresh,5,fresh,,,0,1,0,12,0,0,5.0,10.0,5.0,35.0,0,1000,1.8754311800003052,0.007851116316393018,,max_step
248,replay,5,replay,,,0,1,0,12,0,0,5.0,10.0,5.0,35.0,0,284,10.720545768737793,0.17925851441867335,,out_of_road
249,fresh,1,fresh,,,0,1,1,2,1,1,10.0,20.0,5.0,55.0,2,153,2.9035749435424805,0.040697678107938735,,out_of_road
250,crossover,4,crossover,,select_lane|ego_on_intersection|intersection_has_cars|distractor_cars|intersection_cars|has_cluster|distance_to_nearest|brake_dist,5,1,0,8,0,1,15.0,40.0,10.0,55.0,3,773,1.5430585145950317,0.0013783228020984944,,crash_vehicle
251,fresh,3,fresh,,,0,1,0,5,0,0,20.0,10.0,10.0,20.0,2,320,8.889837265014648,0.20328738760435955,,out_of_road
252,replay,3,replay,,,0,1,0,5,0,0,20.0,10.0,10.0,20.0,2,1000,0.001795790041796863,0.000314601719379425,,max_step
253,fresh,6,fresh,,,0,1,1,18,0,0,20.0,20.0,15.0,55.0,0,141,0.7523804903030396,0.037283917403522326,,crash_vehicle
254,mutation,2,mutation,intersection_cars,,1,0,0,3,0,0,5.0,10.0,10.0,35.0,0,387,11.737835884094238,0.18541082292939573,,out_of_road
255,fresh,0,fresh,,,0,1,0,0,1,0,20.0,10.0,15.0,35.0,0,247,6.087982177734375,0.10291215467459036,,crash_vehicle
256,crossover,3,crossover,,distractor_cars|has_brake_checker|intersection_cars|maximum_distractor_speed|cluster_dist,5,1,1,4,1,1,20.0,5.0,15.0,20.0,0,960,13.537002563476562,0.10518323435214066,,out_of_road
257,fresh,2,fresh,,,0,0,0,3,1,0,10.0,10.0,15.0,20.0,3,1000,6.151817798614502,0.04233104535553139,,max_step
258,crossover,2,crossover,,select_lane|ego_on_intersection|intersection_has_cars|has_brake_checker|intersection_cars|maximum_distractor_speed|brake_dist,3,0,0,3,0,0,5.0,20.0,15.0,10.0,2,122,0.8271931409835815,0.03818485075913248,,out_of_road
259,fresh,3,fresh,,,0,0,0,5,1,0,15.0,40.0,15.0,55.0,1,334,7.430063724517822,0.12383059850576038,,crash_vehicle
260,mutation,3,mutation,brake_dist,,1,1,1,5,1,0,15.0,5.0,5.0,55.0,0,1000,0.8240523934364319,0.0006684952201321721,,max_step
261,fresh,4,fresh,,,0,0,0,8,0,1,5.0,20.0,5.0,35.0,2,1000,1.3936954736709595,0.016498048944398762,,max_step
262,mutation,3,mutation,brake_dist,,1,1,1,5,0,0,20.0,10.0,5.0,35.0,3,398,8.847864151000977,0.1587745409596936,,out_of_road
263,fresh,2,fresh,,,0,0,0,3,1,0,15.0,20.0,5.0,35.0,3,148,3.556123971939087,0.08029262837324594,,crash_vehicle
264,crossover,0,crossover,,has_brake_checker|has_cluster|distance_to_nearest|cluster_dist,1,1,0,0,1,0,15.0,40.0,5.0,10.0,0,191,3.6033856868743896,0.11760243192237085,,crash_vehicle
265,fresh,6,fresh,,,0,1,1,18,0,0,15.0,20.0,5.0,55.0,1,1000,3.509587049484253,0.033779969343915583,,max_step
266,replay,6,replay,,,0,1,1,18,0,0,15.0,20.0,5.0,55.0,1,534,9.67833423614502,0.09439029905217794,,out_of_road
267,fresh,1,fresh,,,0,0,0,2,0,1,15.0,40.0,5.0,35.0,1,65,0.7826449871063232,0.04085545651614666,,out_of_road
268,crossover,4,crossover,,intersection_cars|has_cluster|maximum_distractor_speed|distance_to_nearest|brake_dist,3,0,0,8,1,0,15.0,20.0,10.0,55.0,1,208,5.369101524353027,0.16990786098736302,,crash_vehicle
269,fresh,2,fresh,,,0,1,1,3,1,0,15.0,20.0,5.0,55.0,1,275,5.716830730438232,0.1576419025016102,,out_of_road
270,replay,2,replay,,,0,1,1,3,1,0,15.0,20.0,5.0,55.0,1,424,11.611557006835938,0.12391620839425398,,out_of_road
271,fresh,5,fresh,,,0,1,0,12,1,0,5.0,40.0,10.0,55.0,2,186,2.9261038303375244,0.08710978334389066,,out_of_road
272,crossover,4,crossover,,has_cluster|maximum_distractor_speed|distance_to_nearest|brake_dist,4,1,0,8,1,1,15.0,40.0,10.0,55.0,3,1000,2.916886806488037,0.006967838216573,,max_step
273,fresh,1,fresh,,,0,0,0,2,1,1,20.0,40.0,10.0,55.0,1,301,6.274163246154785,0.1199287036402875,,crash_vehicle
274,replay,1,replay,,,0,0,0,2,1,1,20.0,40.0,10.0,55.0,1,161,1.5566341876983643,0.12101353903341552,,crash_vehicle
275,fresh,3,fresh,,,0,0,0,4,1,0,5.0,20.0,15.0,35.0,1,1000,2.2142086029052734,0.004805045330896974,,max_step
276,replay,3,replay,,,0,0,0,4,1,0,5.0,20.0,15.0,35.0,1,15,0.6071615219116211,0.02313562830289205,,arrive_dest
277,fresh,1,fresh,,,0,0,0,2,1,1,10.0,10.0,10.0,35.0,2,177,4.516836643218994,0.04687374662792068,,crash_vehicle
278,mutation,1,mutation,maximum_distractor_speed,,1,0,0,2,0,0,10.0,5.0,5.0,55.0,2,413,10.90255355834961,0.10986523276542202,,out_of_road
279,fresh,0,fresh,,,0,0,0,1,0,1,15.0,20.0,15.0,35.0,1,207,4.865986347198486,0.07289223853444708,,out_of_road
280,replay,0,replay,,,0,0,0,1,0,1,15.0,20.0,15.0,35.0,1,38,0.9536799192428589,0.002616784094195617,,arrive_dest
281,fresh,0,fresh,,,0,0,0,1,0,0,20.0,40.0,10.0,20.0,1,130,2.7949626445770264,0.03605782517160361,,out_of_road
282,mutation,1,mutation,intersection_cars,,0,1,1,2,1,0,20.0,20.0,10.0,35.0,2,141,2.5175862312316895,0.038299784883328365,,out_of_road
283,fresh,6,fresh,,,0,0,0,18,0,0,15.0,10.0,5.0,10.0,2,190,2.542926788330078,0.1014409417580617,,out_of_road
284,replay,6,replay,,,0,0,0,18,0,0,15.0,10.0,5.0,10.0,2,1000,0.3667086958885193,0.003259171274024993,,max_step
285,fresh,5,fresh,,,0,1,1,12,1,1,5.0,5.0,15.0,20.0,1,118,0.8805761337280273,0.10574464013768455,,out_of_road
286,replay,5,replay,,,0,1,1,12,1,1,5.0,5.0,15.0,20.0,1,1000,4.650137901306152,0.013973755818791688,,max_step
287,fresh,5,fresh,,,0,0,0,12,1,1,5.0,40.0,5.0,55.0,0,1000,1.4794092178344727,0.018721824928827117,,max_step
288,mutation,5,mutation,brake_dist,,0,1,0,12,1,0,5.0,40.0,10.0,55.0,2,148,3.2244935035705566,0.03729423346954423,,out_of_road
289,fresh,1,fresh,,,0,0,0,2,0,0,20.0,5.0,15.0,20.0,1,422,9.817471504211426,0.12113879231727236,,out_of_road
290,replay,1,replay,,,0,0,0,2,0,0,20.0,5.0,15.0,20.0,1,1000,0.031606275588274,0.07262855326314457,,max_step
291,fresh,0,fresh,,,0,1,0,0,0,0,10.0,5.0,15.0,20.0,0,299,8.014409065246582,0.15289494447273055,,out_of_road
292,mutation,4,mutation,intersection_cars,,1,0,0,8,1,0,20.0,40.0,5.0,55.0,2,86,1.6795408725738525,0.025869540870189667,,crash_vehicle
293,fresh,6,fresh,,,0,1,0,18,1,1,10.0,20.0,15.0,35.0,1,926,14.957368850708008,0.10180950335319482,,out_of_road
294,mutation,0,mutation,distance_to_nearest,,1,0,0,0,0,0,15.0,20.0,15.0,55.0,0,222,6.691559791564941,0.15688585307499445,,out_of_road
295,fresh,1,fresh,,,0,0,0,2,1,1,15.0,40.0,5.0,55.0,2,190,5.105383396148682,0.08736639255657792,,out_of_road
296,mutation,3,mutation,distractor_cars,,1,1,1,5,1,0,20.0,20.0,15.0,35.0,2,1000,7.782135963439941,0.04977047963812947,,max_step
297,fresh,6,fresh,,,0,0,0,18,1,0,5.0,5.0,15.0,35.0,0,492,11.15601921081543,0.13409478511903586,,out_of_road
298,mutation,3,mutation,select_road|select_lane|ego_on_intersection|intersection_has_cars,,2,1,1,5,0,0,20.0,10.0,10.0,20.0,2,182,2.772771120071411,0.14732822976433313,,out_of_road
299,fresh,0,fresh,,,0,1,1,0,1,0,5.0,10.0,10.0,55.0,0,63,0.7545762062072754,0.06948865980412515,,out_of_road
300,replay,0,replay,,,0,1,1,0,1,0,5.0,10.0,10.0,55.0,0,320,0.7279617786407471,0.02682318154256791,,crash_vehicle
301,fresh,6,fresh,,,0,1,1,18,0,0,20.0,40.0,15.0,10.0,0,137,2.5815677642822266,0.041534415888090204,,out_of_road
302,mutation,0,mutation,select_road|select_lane|ego_on_intersection|intersection_has_cars,,2,0,0,0,0,0,10.0,5.0,15.0,20.0,0,191,5.615923881530762,0.09587883257858104,,out_of_road
303,fresh,4,fresh,,,0,0,0,8,0,0,15.0,40.0,15.0,10.0,3,52,1.4375226497650146,0.011832734193796149,,arrive_dest
304,crossover,1,crossover,,distractor_cars|has_brake_checker|has_cluster|cluster_dist|brake_dist,3,1,1,2,0,0,20.0,20.0,15.0,20.0,2,144,3.401890277862549,0.11814677514161707,,crash_vehicle
305,fresh,1,fresh,,,0,0,0,2,1,0,15.0,5.0,15.0,55.0,2,200,4.315386772155762,0.0195565308467485,,out_of_road
306,mutation,2,mutation,cluster_dist,,0,0,0,3,1,1,20.0,40.0,5.0,55.0,2,265,9.249192237854004,0.1512016519833848,,out_of_road
307,fresh,2,fresh,,,0,1,0,3,1,1,20.0,40.0,5.0,55.0,1,1000,2.3109047412872314,0.007095567530253902,,max_step
308,mutation,2,mutation,intersection_cars,,1,0,0,3,1,1,20.0,20.0,5.0,35.0,1,1000,0.6510692834854126,0.01784675148082897,,max_step
309,fresh,0,fresh,,,0,0,0,1,0,0,15.0,10.0,10.0,20.0,0,489,15.294572830200195,0.22661576535579403,,arrive_dest
310,replay,0,replay,,,0,0,0,1,0,0,15.0,10.0,10.0,20.0,0,430,13.432665824890137,0.16913840341446704,,out_of_road
311,fresh,5,fresh,,,0,1,0,12,0,1,20.0,10.0,5.0,10.0,0,573,0.6502829790115356,0.017695687096858523,,crash_vehicle
312,replay,5,replay,,,0,1,0,12,0,1,20.0,10.0,5.0,10.0,0,1000,1.3318681716918945,0.010457560773938895,,max_step
313,fresh,3,fresh,,,0,1,0,4,1,1,20.0,40.0,5.0,55.0,3,714,16.936548233032227,0.16705835998548763,,arrive_dest
314,replay,3,replay,,,0,1,0,4,1,1,20.0,40.0,5.0,55.0,3,238,5.41041898727417,0.1331154488715805,,out_of_road
315,fresh,1,fresh,,,0,0,0,2,1,1,20.0,5.0,5.0,55.0,2,286,9.45266342163086,0.12203520592432339,,out_of_road
316,mutation,4,mutation,distractor_cars,,1,1,1,8,1,0,15.0,10.0,5.0,20.0,2,297,3.031496286392212,0.13872898038890627,,out_of_road
317,fresh,1,fresh,,,0,1,1,2,0,1,15.0,5.0,5.0,35.0,2,232,7.933788776397705,0.16713278782393398,,out_of_road
318,mutation,6,mutation,has_cluster,,1,0,0,18,1,1,20.0,40.0,10.0,55.0,2,99,1.765331506729126,0.01766607616886948,,crash_vehicle
319,fresh,0,fresh,,,0,0,0,0,0,0,10.0,5.0,15.0,10.0,0,111,2.3967320919036865,0.03793188689595407,,out_of_road
320,replay,0,replay,,,0,0,0,0,0,0,10.0,5.0,15.0,10.0,0,395,10.62772274017334,0.19523766114836252,,out_of_road
321,fresh,3,fresh,,,0,0,0,5,1,0,20.0,20.0,15.0,35.0,3,1000,1.1785507202148438,0.0007528944429941475,,max_step
322,crossover,2,crossover,,distractor_cars|has_cluster|maximum_distractor_speed|cluster_dist|brake_dist,3,1,0,3,1,0,20.0,5.0,15.0,55.0,2,1000,1.5390311479568481,0.02374570657685399,,max_step
323,fresh,3,fresh,,,0,1,0,4,0,1,20.0,10.0,5.0,10.0,0,1000,0.763544499874115,0.0008926956783980131,,max_step
324,crossover,5,crossover,,intersection_cars|distance_to_nearest|cluster_dist,1,1,1,12,0,1,10.0,5.0,5.0,10.0,3,806,0.26080521941185,0.004768275718491238,,crash_vehicle
325,fresh,3,fresh,,,0,0,0,5,0,1,15.0,20.0,15.0,55.0,3,288,10.216347694396973,0.18518069534103335,,arrive_dest
326,mutation,2,mutation,select_road|select_lane|ego_on_intersection|intersection_has_cars,,1,0,0,3,1,1,20.0,40.0,5.0,55.0,2,353,9.512918472290039,0.06417517893071743,,out_of_road
327,fresh,3,fresh,,,0,0,0,5,0,1,5.0,10.0,5.0,10.0,1,1000,0.3036908805370331,0.0008696301295422018,,max_step
328,crossover,3,crossover,,distractor_cars|intersection_cars|has_cluster|maximum_distractor_speed,1,1,1,5,1,1,5.0,5.0,5.0,20.0,3,405,5.0248517990112305,0.06554325096004493,,crash_vehicle
329,fresh,3,fresh,,,0,0,0,5,1,0,20.0,10.0,5.0,20.0,2,207,4.152604579925537,0.16908864573472077,,crash_vehicle
330,crossover,0,crossover,,select_lane|ego_on_intersection|intersection_has_cars|has_brake_checker|intersection_cars|maximum_distractor_speed|distance_to_nearest|brake_dist,5,0,0,1,1,1,20.0,20.0,15.0,35.0,1,177,3.8915016651153564,0.09300839269039153,,crash_vehicle
331,fresh,1,fresh,,,0,0,0,2,1,0,15.0,10.0,10.0,20.0,1,326,4.4102959632873535,0.09585581943992685,,out_of_road
332,replay,1,replay,,,0,0,0,2,1,0,15.0,10.0,10.0,20.0,1,175,3.4489688873291016,0.15738593006772655,,crash_vehicle
333,fresh,5,fresh,,,0,1,0,12,0,1,5.0,20.0,15.0,35.0,2,1000,0.8537640571594238,0.014239480908028781,,max_step
334,crossover,5,crossover,,select_lane|ego_on_intersection|intersection_has_cars|has_brake_checker|has_cluster|distance_to_nearest|cluster_dist|brake_dist,6,0,0,12,0,1,20.0,20.0,5.0,10.0,3,1000,0.8619790077209473,0.008110624101944268,,max_step
335,fresh,5,fresh,,,0,0,0,12,1,0,5.0,10.0,15.0,20.0,3,275,0.41632071137428284,0.011049887676807967,,crash_vehicle
336,replay,5,replay,,,0,0,0,12,1,0,5.0,10.0,15.0,20.0,3,361,11.133370399475098,0.1944634812958848,,out_of_road
337,fresh,4,fresh,,,0,0,0,8,0,0,5.0,20.0,5.0,35.0,3,398,10.46131706237793,0.15076029340235805,,out_of_road
338,replay,4,replay,,,0,0,0,8,0,0,5.0,20.0,5.0,35.0,3,676,14.618234634399414,0.16118182008948242,,out_of_road
339,fresh,0,fresh,,,0,0,0,1,0,1,10.0,40.0,10.0,35.0,1,132,3.263336181640625,0.06080608345060186,,out_of_road
340,crossover,4,crossover,,select_lane|ego_on_intersection|intersection_has_cars|intersection_cars|distance_to_nearest|brake_dist,4,1,1,8,1,1,10.0,40.0,5.0,55.0,2,242,2.769944667816162,0.052895009626628645,,out_of_road
341,fresh,3,fresh,,,0,1,0,5,0,1,5.0,40.0,5.0,35.0,1,1000,0.3313421607017517,0.005488966982811689,,max_step
342,crossover,2,crossover,,select_lane|ego_on_intersection|intersection_has_cars|has_cluster|maximum_distractor_speed|brake_dist,4,0,0,3,1,1,20.0,5.0,5.0,35.0,1,1000,0.28212910890579224,0.0002737119765952229,,max_step
343,fresh,3,fresh,,,0,1,0,4,0,0,20.0,40.0,5.0,35.0,3,333,7.969174861907959,0.13089852566570714,,crash_vehicle
344,crossover,4,crossover,,has_brake_checker|maximum_distractor_speed|distance_to_nearest,3,1,0,8,1,0,15.0,40.0,10.0,55.0,3,454,13.441526412963867,0.2003109346468018,,crash_vehicle
345,fresh,0,fresh,,,0,0,0,0,1,0,10.0,20.0,10.0,20.0,0,313,9.87760066986084,0.15716182978484577,,out_of_road
346,replay,0,replay,,,0,0,0,0,1,0,10.0,20.0,10.0,20.0,0,260,10.66331958770752,0.2649807102834949,,out_of_road
347,fresh,4,fresh,,,0,1,1,8,0,1,5.0,5.0,10.0,10.0,2,28,-0.019031226634979248,0.00010963595871414457,,crash_vehicle
348,replay,4,replay,,,0,1,1,8,0,1,5.0,5.0,10.0,10.0,2,376,8.476028442382812,0.10232406351752481,,out_of_road
349,fresh,4,fresh,,,0,1,0,8,0,0,15.0,10.0,5.0,20.0,2,1000,1.056268572807312,0.0030084839165210723,,max_step
350,replay,4,replay,,,0,1,0,8,0,0,15.0,10.0,5.0,20.0,2,266,8.606437683105469,0.18609823055694028,,out_of_road
351,fresh,2,fresh,,,0,1,1,3,1,1,15.0,10.0,15.0,20.0,0,52,0.21705758571624756,0.0,,crash_vehicle
352,crossover,3,crossover,,has_brake_checker|distance_to_nearest|cluster_dist,2,1,0,4,1,0,20.0,5.0,5.0,20.0,0,528,11.426017761230469,0.149823173841772,,crash_vehicle
353,fresh,3,fresh,,,0,1,0,4,1,1,10.0,20.0,10.0,35.0,3,131,2.961542844772339,0.04729685265186975,,out_of_road
354,replay,3,replay,,,0,1,0,4,1,1,10.0,20.0,10.0,35.0,3,1000,0.020851166918873787,0.007741384673863649,,max_step
355,fresh,2,fresh,,,0,1,0,3,0,0,10.0,20.0,15.0,35.0,1,73,1.07569420337677,0.02164585158637125,,out_of_road
356,crossover,2,crossover,,intersection_cars|maximum_distractor_speed,2,0,0,3,1,0,20.0,20.0,15.0,35.0,2,490,2.6638731956481934,0.044801419849830625,,crash_vehicle
357,fresh,4,fresh,,,0,1,1,8,1,1,5.0,40.0,15.0,55.0,3,89,1.7304761409759521,0.055538419696889565,,out_of_road
358,replay,4,replay,,,0,1,1,8,1,1,5.0,40.0,15.0,55.0,3,2,0.5212615728378296,0.0,,arrive_dest
359,fresh,6,fresh,,,0,0,0,18,1,0,20.0,20.0,10.0,35.0,3,41,0.1722249686717987,0.015621683946469934,,crash_vehicle
360,replay,6,replay,,,0,0,0,18,1,0,20.0,20.0,10.0,35.0,3,248,4.1237969398498535,0.0797196484936942,,out_of_road
361,fresh,3,fresh,,,0,1,1,5,1,0,5.0,20.0,5.0,35.0,0,342,14.134339332580566,0.3465017573145485,,out_of_road
362,crossover,2,crossover,,select_lane|ego_on_intersection|intersection_has_cars|distractor_cars|intersection_cars|has_cluster|maximum_distractor_speed|brake_dist,4,0,0,3,1,0,20.0,20.0,15.0,55.0,2,217,5.040542125701904,0.1417655715684531,,out_of_road
363,fresh,0,fresh,,,0,1,1,0,0,0,5.0,20.0,15.0,35.0,0,242,8.683390617370605,0.26515642569731335,,out_of_road
364,mutation,0,mutation,has_brake_checker,,1,0,0,1,1,0,15.0,10.0,10.0,20.0,0,464,10.265802383422852,0.20234080998915457,,crash_vehicle
365,fresh,1,fresh,,,0,0,0,2,0,1,15.0,5.0,15.0,20.0,1,256,6.251988887786865,0.18142564169102116,,out_of_road
366,crossover,0,crossover,,select_lane|ego_on_intersection|intersection_has_cars|intersection_cars|maximum_distractor_speed|distance_to_nearest|cluster_dist|brake_dist,5,0,0,0,0,0,10.0,20.0,10.0,20.0,0,105,1.9106099605560303,0.006764069607570058,,out_of_road
367,fresh,3,fresh,,,0,0,0,4,1,1,20.0,5.0,10.0,35.0,1,1000,0.04586753994226456,0.00014262826647609472,,max_step
368,crossover,3,crossover,,distractor_cars|intersection_cars|has_cluster|cluster_dist,3,1,1,4,1,1,15.0,5.0,5.0,20.0,3,1000,4.0723676681518555,0.04490399733930826,,max_step
369,fresh,3,fresh,,,0,0,0,5,0,0,5.0,10.0,15.0,55.0,2,337,0.4412257671356201,0.05288466755908745,,crash_vehicle
370,mutation,2,mutation,distractor_cars,,0,0,0,3,1,1,20.0,20.0,15.0,35.0,3,190,4.877994060516357,0.10328518624270433,,crash_vehicle
371,fresh,3,fresh,,,0,0,0,5,1,1,15.0,40.0,15.0,55.0,2,384,8.249858856201172,0.12559670286039668,,out_of_road
372,mutation,4,mutation,cluster_dist,,0,0,0,8,0,0,15.0,20.0,5.0,55.0,1,171,4.60122013092041,0.10045661174893727,,crash_vehicle
373,fresh,1,fresh,,,0,0,0,2,0,1,5.0,5.0,10.0,55.0,1,1000,0.03656555339694023,0.00019465540535748004,,max_step
374,mutation,1,mutation,distance_to_nearest,,0,1,1,2,1,0,20.0,20.0,15.0,35.0,2,334,12.117321014404297,0.2807544207668858,,out_of_road
375,fresh,4,fresh,,,0,1,0,8,0,0,5.0,10.0,10.0,55.0,3,319,10.859394073486328,0.18979157938338745,,out_of_road
376,crossover,2,crossover,,has_brake_checker|maximum_distractor_speed|distance_to_nearest,1,0,0,3,1,1,20.0,20.0,5.0,55.0,2,360,8.494006156921387,0.1708988315775059,,arrive_dest
377,fresh,4,fresh,,,0,1,1,8,1,0,10.0,40.0,10.0,55.0,0,125,3.396954298019409,0.10615015783160925,,out_of_road
378,replay,4,replay,,,0,1,1,8,1,0,10.0,40.0,10.0,55.0,0,211,0.7623831033706665,0.02077913760997673,,out_of_road
379,fresh,0,fresh,,,0,1,0,0,0,0,15.0,20.0,15.0,35.0,0,58,0.7863104343414307,0.013440403188097066,,out_of_road
380,mutation,3,mutation,select_road|select_lane|ego_on_intersection|intersection_has_cars,,1,1,1,5,1,1,20.0,5.0,5.0,20.0,3,1000,0.4452744722366333,0.012129266396164894,,max_step
381,fresh,6,fresh,,,0,0,0,18,1,0,20.0,40.0,15.0,55.0,3,93,1.803734302520752,0.031405501468207246,,crash_vehicle
382,replay,6,replay,,,0,0,0,18,1,0,20.0,40.0,15.0,55.0,3,112,2.2740423679351807,0.019531884097627232,,crash_vehicle
383,fresh,3,fresh,,,0,1,0,4,1,0,5.0,40.0,5.0,55.0,2,110,2.2628560066223145,0.032316462881863114,,out_of_road
384,mutation,0,mutation,has_cluster,,8,0,0,0,0,0,10.0,5.0,5.0,20.0,0,248,9.185371398925781,0.20080358180547914,rejection_fallback,out_of_road
385,fresh,3,fresh,,,0,1,1,4,1,0,20.0,40.0,15.0,55.0,3,112,1.267769694328308,0.01768049621439007,,crash_vehicle
386,crossover,1,crossover,,distractor_cars|has_brake_checker|maximum_distractor_speed|cluster_dist,4,1,0,2,1,0,15.0,40.0,15.0,55.0,0,155,4.109398365020752,0.05670606533606206,,crash_vehicle
387,fresh,0,fresh,,,0,0,0,0,0,0,20.0,5.0,5.0,35.0,0,204,7.278030872344971,0.18069740766476766,,out_of_road
388,replay,0,replay,,,0,0,0,0,0,0,20.0,5.0,5.0,35.0,0,127,2.6918435096740723,0.06768195105232591,,out_of_road
389,fresh,6,fresh,,,0,0,0,18,1,0,20.0,5.0,5.0,20.0,2,162,-0.25501886010169983,0.0348523491418656,,crash_vehicle
390,crossover,4,crossover,,distractor_cars|intersection_cars|distance_to_nearest|cluster_dist|brake_dist,3,0,0,8,1,0,20.0,10.0,5.0,20.0,2,44,0.21806278824806213,0.0068124722350727425,,crash_vehicle
391,fresh,5,fresh,,,0,0,0,12,1,0,20.0,40.0,15.0,55.0,1,553,6.009580135345459,0.08820278944269119,,crash_vehicle
392,crossover,4,crossover,,select_lane|ego_on_intersection|intersection_has_cars|has_brake_checker|intersection_cars|maximum_distractor_speed|cluster_dist,4,1,1,8,1,0,10.0,10.0,10.0,20.0,0,46,0.9346315860748291,0.021359626041806263,,arrive_dest
393,fresh,0,fresh,,,0,0,0,1,1,0,10.0,5.0,5.0,35.0,0,313,7.21315860748291,0.15388679842408093,,crash_vehicle
394,replay,0,replay,,,0,0,0,1,1,0,10.0,5.0,5.0,35.0,0,82,1.8045865297317505,0.027748662268561198,,crash_vehicle
395,fresh,4,fresh,,,0,1,1,8,1,1,5.0,5.0,10.0,20.0,2,32,-0.011819258332252502,0.008051004260778427,,crash_vehicle
396,replay,4,replay,,,0,1,1,8,1,1,5.0,5.0,10.0,20.0,2,675,0.7160930633544922,0.04917862617324486,,crash_vehicle
397,fresh,0,fresh,,,0,0,0,0,0,0,5.0,40.0,15.0,55.0,0,227,8.998536109924316,0.23311137320424558,,arrive_dest
398,crossover,3,crossover,,select_lane|ego_on_intersection|intersection_has_cars|distractor_cars|has_brake_checker|intersection_cars|has_cluster|distance_to_nearest|cluster_dist,0,0,0,5,1,0,20.0,10.0,5.0,20.0,2,161,3.111024856567383,0.12730779638224693,,crash_vehicle
399,fresh,4,fresh,,,0,1,1,8,1,0,20.0,5.0,15.0,20.0,0,81,0.23636731505393982,0.021067207828624014,,crash_vehicle
400,mutation,3,mutation,has_cluster,,0,0,0,4,1,1,15.0,5.0,10.0,35.0,3,268,7.475935459136963,0.199581468964357,,out_of_road
401,fresh,6,fresh,,,0,1,0,18,1,0,5.0,20.0,15.0,35.0,1,442,0.7732337713241577,0.02426312986879327,,crash_vehicle
402,crossover,3,crossover,,select_lane|ego_on_intersection|intersection_has_cars|distractor_cars|intersection_cars|has_cluster|distance_to_nearest|cluster_dist,5,0,0,4,1,1,5.0,40.0,10.0,55.0,3,99,1.585279941558838,0.015467101378799086,,crash_vehicle
403,fresh,1,fresh,,,0,1,1,2,1,0,10.0,10.0,10.0,20.0,0,1000,2.1611061096191406,0.008995583265088498,,max_step
404,mutation,2,mutation,maximum_distractor_speed,,0,0,0,3,0,0,5.0,10.0,10.0,35.0,0,439,11.690032005310059,0.15594618627271173,,out_of_road
405,fresh,1,fresh,,,0,0,0,2,1,1,20.0,40.0,5.0,55.0,2,318,5.638891220092773,0.11891869561594424,,out_of_road
406,replay,1,replay,,,0,0,0,2,1,1,20.0,40.0,5.0,55.0,2,180,3.917003631591797,0.15110582361618677,,crash_vehicle
407,fresh,0,fresh,,,0,0,0,0,0,0,10.0,5.0,10.0,55.0,0,92,1.628169059753418,0.06264035076753277,,out_of_road
408,replay,0,replay,,,0,0,0,0,0,0,10.0,5.0,10.0,55.0,0,361,13.109688758850098,0.27882657887109674,,arrive_dest
409,fresh,5,fresh,,,0,1,1,12,0,1,10.0,5.0,15.0,55.0,0,236,-0.009418562054634094,0.0013804747407340397,,crash_vehicle
410,crossover,0,crossover,,distractor_cars|intersection_cars|distance_to_nearest|cluster_dist,0,0,0,1,1,0,15.0,10.0,10.0,20.0,0,317,10.591766357421875,0.19188342514456683,,out_of_road
411,fresh,3,fresh,,,0,1,0,4,1,1,10.0,20.0,10.0,35.0,2,91,1.0901036262512207,0.015491353388834785,,crash_vehicle
412,mutation,1,mutation,intersection_cars,,1,0,0,2,1,0,15.0,5.0,15.0,55.0,0,373,0.7489309310913086,0.027669749943035137,,crash_vehicle
413,fresh,3,fresh,,,0,1,0,5,1,0,5.0,40.0,15.0,55.0,2,260,9.42015266418457,0.21226553021428676,,out_of_road
414,replay,3,replay,,,0,1,0,5,1,0,5.0,40.0,15.0,55.0,2,411,12.34317398071289,0.17454120872764328,,out_of_road
415,fresh,6,fresh,,,0,0,0,18,0,1,20.0,10.0,5.0,10.0,0,1000,1.3878804445266724,0.06414097682014108,,max_step
416,crossover,6,crossover,,select_lane|ego_on_intersection|intersection_has_cars|has_brake_checker|has_cluster|maximum_distractor_speed|cluster_dist,5,0,0,18,1,1,15.0,5.0,15.0,20.0,0,198,2.5581860542297363,0.11594734242129506,,arrive_dest
417,fresh,3,fresh,,,0,0,0,4,1,1,5.0,5.0,10.0,35.0,3,353,8.012295722961426,0.17227681992422506,,crash_vehicle
418,mutation,4,mutation,distance_to_nearest,,1,0,0,8,1,0,20.0,20.0,5.0,55.0,1,110,2.816072463989258,0.05533696384253827,,crash_vehicle
419,fresh,3,fresh,,,0,1,1,4,1,1,10.0,10.0,15.0,35.0,3,2,0.5119750499725342,0.243398517370224,,arrive_dest
420,crossover,3,crossover,,distractor_cars|has_brake_checker|has_cluster,2,1,0,4,1,1,20.0,5.0,15.0,20.0,0,489,8.803669929504395,0.16781855506369184,,out_of_road
421,fresh,0,fresh,,,0,1,0,1,1,1,10.0,40.0,15.0,55.0,0,1000,1.2626519203186035,0.007019577216356993,,max_step
422,mutation,2,mutation,distance_to_nearest,,1,0,0,3,0,0,20.0,10.0,5.0,35.0,3,119,2.7988674640655518,0.1260266513446299,,out_of_road
423,fresh,6,fresh,,,0,0,0,18,1,1,20.0,40.0,10.0,55.0,3,1000,4.3117289543151855,0.07299695880198852,,max_step
424,crossover,3,crossover,,distractor_cars|has_brake_checker|distance_to_nearest|brake_dist,2,1,1,5,0,0,20.0,10.0,5.0,35.0,3,161,3.879530429840088,0.12882023510633048,,crash_vehicle
425,fresh,2,fresh,,,0,1,0,3,0,1,15.0,5.0,15.0,35.0,0,103,0.12222573161125183,0.002153926829635663,,crash_vehicle
426,mutation,1,mutation,distractor_cars,,1,0,0,2,1,1,20.0,20.0,15.0,35.0,1,601,10.253546714782715,0.1137006467176499,,out_of_road
427,fresh,5,fresh,,,0,1,0,12,0,1,15.0,10.0,5.0,55.0,3,42,-0.16108830273151398,0.07715043241512917,,crash_vehicle
428,replay,5,replay,,,0,1,0,12,0,1,15.0,10.0,5.0,55.0,3,1000,-0.009185977280139923,0.00022384834289550782,,max_step
429,fresh,0,fresh,,,0,1,1,1,0,1,5.0,10.0,10.0,20.0,0,690,11.853132247924805,0.07169036579088889,,out_of_road
430,mutation,0,mutation,has_brake_checker,,1,0,0,0,1,0,20.0,40.0,15.0,35.0,0,149,3.9242918491363525,0.0978498905647121,,crash_vehicle
431,fresh,1,fresh,,,0,0,0,2,1,0,15.0,5.0,15.0,55.0,2,309,9.739605903625488,0.16815363432350042,,out_of_road
432,replay,1,replay,,,0,0,0,2,1,0,15.0,5.0,15.0,55.0,2,1000,3.6366584300994873,0.016220220250077546,,max_step
433,fresh,5,fresh,,,0,0,0,12,1,0,20.0,20.0,5.0,35.0,1,41,-0.21334031224250793,0.01860792898550266,,crash_vehicle
434,replay,5,replay,,,0,0,0,12,1,0,20.0,20.0,5.0,35.0,1,411,10.530128479003906,0.14001954127660524,,out_of_road
435,fresh,6,fresh,,,0,1,0,18,1,1,15.0,5.0,5.0,55.0,0,203,0.7881455421447754,0.09107596476750421,,out_of_road
436,crossover,2,crossover,,select_lane|ego_on_intersection|intersection_has_cars|distractor_cars|has_brake_checker|has_cluster|distance_to_nearest|cluster_dist|brake_dist,6,0,0,3,0,0,20.0,10.0,10.0,35.0,2,352,13.726722717285156,0.28024711207068653,,out_of_road
437,fresh,3,fresh,,,0,0,0,4,1,0,10.0,10.0,10.0,20.0,3,719,15.333669662475586,0.15444190746629208,,out_of_road
438,mutation,0,mutation,distance_to_nearest,,1,0,0,1,0,1,5.0,40.0,5.0,35.0,0,148,2.7790369987487793,0.1260195224029893,,out_of_road
439,fresh,0,fresh,,,0,0,0,0,0,0,10.0,5.0,5.0,20.0,0,123,2.999086618423462,0.09161852699954336,rejection_fallback,out_of_road
440,replay,0,replay,,,0,0,0,0,0,0,10.0,5.0,5.0,20.0,0,1000,0.9047393798828125,0.007023962506616954,,max_step
441,fresh,0,fresh,,,0,0,0,1,1,1,5.0,10.0,10.0,35.0,1,144,3.868685722351074,0.07660772990331882,,crash_vehicle
442,crossover,5,crossover,,select_lane|ego_on_intersection|intersection_has_cars|distractor_cars|has_brake_checker|has_cluster|maximum_distractor_speed|distance_to_nearest|cluster_dist|brake_dist,6,1,1,12,1,0,15.0,10.0,5.0,20.0,2,193,1.985168218612671,0.08890548138034776,,out_of_road
443,fresh,2,fresh,,,0,0,0,3,0,1,5.0,40.0,10.0,55.0,2,79,1.6260077953338623,0.03597512709189065,,crash_vehicle
444,crossover,3,crossover,,distractor_cars|has_brake_checker|intersection_cars|cluster_dist,1,0,0,4,0,1,15.0,40.0,10.0,20.0,2,304,9.774588584899902,0.16122339156113172,,out_of_road
445,fresh,2,fresh,,,0,1,1,3,1,1,20.0,40.0,15.0,55.0,0,129,2.5485498905181885,0.041247818546817284,,crash_vehicle
446,crossover,3,crossover,,select_lane|ego_on_intersection|intersection_has_cars|has_brake_checker|intersection_cars|has_cluster|maximum_distractor_speed|distance_to_nearest|cluster_dist,9,0,0,5,1,1,5.0,40.0,10.0,55.0,3,84,1.7330389022827148,0.01783074549443665,,crash_vehicle
447,fresh,1,fresh,,,0,1,0,2,1,1,15.0,20.0,15.0,35.0,2,1000,2.8382434844970703,0.015033333480358124,,max_step
448,replay,1,replay,,,0,1,0,2,1,1,15.0,20.0,15.0,35.0,2,222,8.648933410644531,0.245192676438606,,out_of_road
449,fresh,5,fresh,,,0,1,1,12,0,1,10.0,10.0,10.0,55.0,1,1000,0.8533076047897339,0.03135391798152705,,max_step
450,crossover,1,crossover,,select_lane|ego_on_intersection|intersection_has_cars|distractor_cars|has_brake_checker|intersection_cars|maximum_distractor_speed,4,0,0,2,0,0,20.0,5.0,15.0,55.0,0,365,8.365714073181152,0.13496031627977548,,out_of_road
451,fresh,1,fresh,,,0,0,0,2,0,1,10.0,20.0,10.0,35.0,0,283,8.394078254699707,0.0940309041656896,,out_of_road
452,crossover,1,crossover,,select_lane|ego_on_intersection|intersection_has_cars|distractor_cars|has_brake_checker|has_cluster|maximum_distractor_speed|distance_to_nearest|brake_dist,6,0,0,2,1,0,15.0,5.0,10.0,55.0,2,1000,0.27945664525032043,0.001476653731893748,,max_step
453,fresh,2,fresh,,,0,0,0,3,0,1,5.0,40.0,5.0,55.0,3,186,8.103915214538574,0.2990127170899062,,out_of_road
454,replay,2,replay,,,0,0,0,3,0,1,5.0,40.0,5.0,55.0,3,447,15.266693115234375,0.2057866324322669,,out_of_road
455,fresh,0,fresh,,,0,0,0,1,0,0,15.0,40.0,5.0,55.0,1,245,9.992878913879395,0.17890067994404507,,out_of_road
456,crossover,4,crossover,,select_lane|ego_on_intersection|intersection_has_cars|distractor_cars|intersection_cars|maximum_distractor_speed,3,1,1,8,1,0,15.0,40.0,10.0,55.0,3,69,1.2036656141281128,0.01792095644750457,,crash_vehicle
457,fresh,6,fresh,,,0,1,1,18,1,0,5.0,40.0,15.0,55.0,2,57,0.536927342414856,0.019065597241646366,,out_of_road
458,replay,6,replay,,,0,1,1,18,1,0,5.0,40.0,15.0,55.0,2,268,3.8020269870758057,0.09596480983795959,,crash_vehicle
459,fresh,6,fresh,,,0,1,1,18,0,0,10.0,20.0,15.0,55.0,2,1000,2.1439714431762695,0.018573025430552663,,max_step
460,mutation,2,mutation,maximum_distractor_speed,,1,0,0,3,1,1,5.0,40.0,5.0,55.0,2,244,9.730448722839355,0.16449555843213542,,out_of_road
461,fresh,6,fresh,,,0,0,0,18,1,1,10.0,40.0,15.0,55.0,2,108,2.5783517360687256,0.08116091972354937,,crash_vehicle
462,mutation,0,mutation,cluster_dist,,1,0,0,1,0,0,15.0,10.0,15.0,20.0,0,502,13.976457595825195,0.16128143127562397,,out_of_road
463,fresh,0,fresh,,,0,1,1,0,1,0,10.0,5.0,10.0,20.0,0,2,0.5055149793624878,0.13092592358589172,,arrive_dest
464,mutation,0,mutation,select_road|select_lane|ego_on_intersection|intersection_has_cars,,2,0,0,0,1,0,15.0,40.0,5.0,35.0,0,284,7.0520853996276855,0.10307000593600375,,crash_vehicle
465,fresh,2,fresh,,,0,1,0,3,1,0,5.0,20.0,15.0,35.0,3,239,7.056722164154053,0.15135700950812098,,out_of_road
466,replay,2,replay,,,0,1,0,3,1,0,5.0,20.0,15.0,35.0,3,84,1.801605224609375,0.06051955897627132,,crash_vehicle
467,fresh,2,fresh,,,0,1,0,3,1,0,20.0,40.0,10.0,55.0,1,160,4.507469177246094,0.0910763974650763,,crash_vehicle
468,mutation,1,mutation,has_cluster,,0,1,1,2,1,0,20.0,20.0,10.0,35.0,2,105,2.840222120285034,0.05475276242054644,,crash_vehicle
469,fresh,0,fresh,,,0,1,1,0,0,0,5.0,20.0,10.0,55.0,0,257,9.389647483825684,0.11786646986061323,,out_of_road
470,mutation,0,mutation,select_road|select_lane|ego_on_intersection|intersection_has_cars,,1,1,0,1,1,1,10.0,10.0,15.0,35.0,0,292,11.045366287231445,0.18253954447014895,,out_of_road
471,fresh,5,fresh,,,0,0,0,12,1,0,10.0,5.0,10.0,20.0,0,94,1.250470757484436,0.050812853975815975,,crash_vehicle
472,replay,5,replay,,,0,0,0,12,1,0,10.0,5.0,10.0,20.0,0,486,18.537416458129883,0.2826142296493973,,out_of_road
473,fresh,5,fresh,,,0,1,1,12,0,1,20.0,5.0,10.0,10.0,2,44,-0.01687084138393402,0.02404409105127508,,crash_vehicle
474,replay,5,replay,,,0,1,1,12,0,1,20.0,5.0,10.0,10.0,2,149,2.643462657928467,0.045563039899609935,,out_of_road
475,fresh,0,fresh,,,0,0,0,1,1,0,5.0,5.0,5.0,20.0,1,238,4.672164440155029,0.08848008419927053,,out_of_road
476,crossover,4,crossover,,select_lane|ego_on_intersection|intersection_has_cars|distractor_cars|has_brake_checker|intersection_cars|cluster_dist,4,1,0,8,0,0,15.0,20.0,10.0,55.0,3,239,5.829066276550293,0.11169247287929557,,crash_vehicle
477,fresh,0,fresh,,,0,0,0,0,1,0,10.0,40.0,15.0,35.0,0,326,6.677488327026367,0.12833743683059637,,out_of_road
478,replay,0,replay,,,0,0,0,0,1,0,10.0,40.0,15.0,35.0,0,153,3.6940693855285645,0.10627124422028952,,out_of_road
479,fresh,0,fresh,,,0,0,0,0,0,0,5.0,20.0,5.0,20.0,0,186,7.664619445800781,0.132618364207046,,out_of_road
480,replay,0,replay,,,0,0,0,0,0,0,5.0,20.0,5.0,20.0,0,271,6.598987102508545,0.11934652602870525,,crash_vehicle
481,fresh,1,fresh,,,0,1,1,2,0,1,5.0,5.0,10.0,10.0,2,88,1.7626653909683228,0.0392201364103874,,out_of_road
482,mutation,1,mutation,cluster_dist,,1,0,0,2,0,0,20.0,10.0,15.0,20.0,0,409,8.900508880615234,0.14623112610170122,,out_of_road
483,fresh,0,fresh,,,0,1,1,0,0,0,15.0,10.0,15.0,55.0,0,263,10.302103996276855,0.15720646086541987,,out_of_road
484,mutation,1,mutation,select_road|select_lane|ego_on_intersection|intersection_has_cars,,1,0,0,2,0,0,20.0,5.0,15.0,55.0,0,210,4.700592994689941,0.17077524935205776,,out_of_road
485,fresh,4,fresh,,,0,0,0,8,0,1,20.0,5.0,15.0,20.0,1,226,-0.07246148586273193,0.03965016923416241,,crash_vehicle
486,crossover,2,crossover,,select_lane|ego_on_intersection|intersection_has_cars|has_brake_checker|has_cluster|maximum_distractor_speed|brake_dist,3,0,0,3,1,1,20.0,20.0,15.0,55.0,3,139,4.18491792678833,0.08933853676958049,,crash_vehicle
487,fresh,6,fresh,,,0,1,1,18,1,0,10.0,10.0,15.0,55.0,0,1000,0.5096094012260437,0.01162481527077034,,max_step
488,crossover,3,crossover,,select_lane|ego_on_intersection|intersection_has_cars|distractor_cars|has_brake_checker|maximum_distractor_speed|distance_to_nearest|cluster_dist,8,0,0,4,1,0,5.0,5.0,10.0,35.0,3,401,7.131005764007568,0.14222551099119934,,out_of_road
489,fresh,3,fresh,,,0,0,0,5,0,0,15.0,5.0,10.0,35.0,0,160,2.143486976623535,0.05820300814229995,,out_of_road
490,crossover,3,crossover,,distance_to_nearest,0,0,0,5,1,1,15.0,5.0,5.0,35.0,1,608,11.072772026062012,0.12652362580794083,,out_of_road
491,fresh,0,fresh,,,0,1,1,1,1,0,20.0,20.0,10.0,35.0,1,278,9.834105491638184,0.09895829837132754,,out_of_road
492,crossover,1,crossover,,select_lane|ego_on_intersection|intersection_has_cars|intersection_cars|has_cluster,0,1,1,2,0,0,20.0,20.0,10.0,35.0,2,189,7.594455242156982,0.2067908440672216,,out_of_road
493,fresh,4,fresh,,,0,0,0,8,1,1,15.0,20.0,10.0,35.0,1,74,0.9243184924125671,0.01764581392745714,,crash_vehicle
494,crossover,6,crossover,,intersection_cars|has_cluster|maximum_distractor_speed|distance_to_nearest|cluster_dist|brake_dist,5,0,0,18,0,1,15.0,5.0,15.0,20.0,0,52,0.22767619788646698,0.005788434010285597,,crash_vehicle
495,fresh,4,fresh,,,0,0,0,8,0,1,15.0,5.0,10.0,20.0,1,93,0.8542583584785461,0.05110085543285134,,crash_vehicle
496,mutation,1,mutation,select_road|select_lane|ego_on_intersection|intersection_has_cars,,2,1,1,2,0,1,20.0,40.0,10.0,20.0,2,86,1.7625799179077148,0.04328275244509758,,out_of_road
497,fresh,0,fresh,,,0,1,0,0,0,0,10.0,40.0,10.0,10.0,0,170,6.062787055969238,0.09770420147653888,,arrive_dest
498,replay,0,replay,,,0,1,0,0,0,0,10.0,40.0,10.0,10.0,0,217,2.5412378311157227,0.09742466816120708,,out_of_road
499,fresh,0,fresh,,,0,0,0,0,0,0,15.0,20.0,10.0,35.0,0,20,-0.23182931542396545,0.0,,out_of_road
500,mutation,6,mutation,maximum_distractor_speed,,1,1,1,18,1,1,10.0,5.0,15.0,20.0,3,40,0.024824053049087524,0.02455259140115231,,crash_vehicle
501,fresh,3,fresh,,,0,1,0,5,1,0,5.0,20.0,15.0,35.0,3,145,2.6976938247680664,0.09597539499658962,,crash_vehicle
502,mutation,0,mutation,intersection_cars,,1,0,0,1,0,1,5.0,40.0,5.0,35.0,1,111,2.8458738327026367,0.047931309789419174,,out_of_road
503,fresh,6,fresh,,,0,1,0,18,1,1,20.0,40.0,15.0,55.0,0,158,3.929431676864624,0.07017550638087,,crash_vehicle
504,mutation,3,mutation,distractor_cars,,1,0,0,4,0,0,15.0,20.0,5.0,55.0,1,280,9.241499900817871,0.1901805377232709,,out_of_road
505,fresh,6,fresh,,,0,1,0,18,0,1,10.0,5.0,10.0,10.0,1,1000,0.40529224276542664,0.028728927083779127,,max_step
506,replay,6,replay,,,0,1,0,18,0,1,10.0,5.0,10.0,10.0,1,107,2.3769211769104004,0.026764826905678645,,out_of_road
507,fresh,1,fresh,,,0,0,0,2,0,1,10.0,20.0,5.0,10.0,2,105,3.2395384311676025,0.0414469116323051,,arrive_dest
508,crossover,2,crossover,,select_lane|ego_on_intersection|intersection_has_cars|distractor_cars|has_cluster|cluster_dist|brake_dist,5,1,1,3,0,1,20.0,20.0,5.0,55.0,2,62,0.688628077507019,0.018766887726322297,,crash_vehicle
509,fresh,6,fresh,,,0,1,0,18,1,0,20.0,5.0,5.0,20.0,1,265,5.31278133392334,0.11029039511527373,,crash_vehicle
510,replay,6,replay,,,0,1,0,18,1,0,20.0,5.0,5.0,20.0,1,123,2.44879150390625,0.03354631597554781,,out_of_road
511,fresh,2,fresh,,,0,0,0,3,1,1,15.0,10.0,15.0,20.0,2,289,3.0786983966827393,0.13097390069088102,,crash_vehicle
512,crossover,1,crossover,,select_lane|ego_on_intersection|intersection_has_cars|intersection_cars|distance_to_nearest|cluster_dist|brake_dist,5,1,0,2,0,0,20.0,20.0,15.0,20.0,0,36,0.036825716495513916,0.011188369658258226,,out_of_road
513,fresh,0,fresh,,,0,1,1,0,1,0,5.0,40.0,5.0,35.0,0,431,16.374351501464844,0.2131585500391066,,out_of_road
514,mutation,4,mutation,brake_dist,,1,0,0,8,1,0,15.0,20.0,10.0,55.0,1,169,4.290885925292969,0.17085859470466186,,crash_vehicle
515,fresh,6,fresh,,,0,1,1,18,0,1,20.0,5.0,15.0,20.0,3,1000,0.18927998840808868,0.01205475085042417,,max_step
516,mutation,1,mutation,select_road|select_lane|ego_on_intersection|intersection_has_cars,,2,1,0,2,1,0,20.0,20.0,15.0,35.0,2,200,4.798003673553467,0.15257397975772619,,crash_vehicle
517,fresh,2,fresh,,,0,1,1,3,1,0,20.0,40.0,5.0,55.0,2,153,3.7556662559509277,0.05347869133735015,,crash_vehicle
518,crossover,3,crossover,,has_brake_checker|intersection_cars|maximum_distractor_speed|cluster_dist|brake_dist,2,0,0,5,1,1,20.0,20.0,5.0,35.0,2,74,0.9189692735671997,0.046987568707884966,,crash_vehicle
519,fresh,0,fresh,,,0,0,0,0,0,0,20.0,40.0,15.0,35.0,0,313,10.362689018249512,0.11159375392513486,,out_of_road
520,crossover,2,crossover,,select_lane|ego_on_intersection|intersection_has_cars|intersection_cars|has_cluster|maximum_distractor_speed|cluster_dist|brake_dist,5,0,0,3,1,0,10.0,20.0,15.0,35.0,3,122,3.337914228439331,0.09230233377731237,,arrive_dest
521,fresh,0,fresh,,,0,1,0,0,0,0,5.0,5.0,10.0,20.0,0,120,3.3420519828796387,0.13694948190823197,,out_of_road
522,crossover,1,crossover,,distractor_cars|maximum_distractor_speed|brake_dist,1,1,1,2,0,1,20.0,5.0,5.0,35.0,2,165,4.264801502227783,0.1152143842625347,,out_of_road
523,fresh,4,fresh,,,0,1,1,8,1,1,10.0,10.0,15.0,35.0,3,1000,2.1732964515686035,0.020290496041998268,,max_step
524,crossover,0,crossover,,intersection_cars|maximum_distractor_speed|distance_to_nearest|cluster_dist|brake_dist,4,0,0,1,1,0,15.0,10.0,10.0,20.0,0,189,3.5639400482177734,0.1206388705158754,,crash_vehicle
525,fresh,3,fresh,,,0,0,0,5,0,0,5.0,20.0,15.0,55.0,3,26,-0.27166253328323364,0.04657307954934927,,out_of_road
526,mutation,2,mutation,distance_to_nearest,,1,0,0,3,0,0,20.0,20.0,10.0,35.0,2,242,8.7857084274292,0.24941539902563306,,out_of_road
527,fresh,0,fresh,,,0,0,0,0,1,0,15.0,10.0,5.0,10.0,0,301,5.576123237609863,0.15181485233067277,,crash_vehicle
528,crossover,0,crossover,,select_lane|ego_on_intersection|intersection_has_cars|intersection_cars|distance_to_nearest|cluster_dist|brake_dist,4,1,0,0,1,0,15.0,10.0,15.0,35.0,0,345,11.871781349182129,0.16439102642690304,,out_of_road
529,fresh,5,fresh,,,0,1,1,12,1,0,20.0,40.0,5.0,55.0,0,130,3.136963367462158,0.06973462755290362,,out_of_road
530,replay,5,replay,,,0,1,1,12,1,0,20.0,40.0,5.0,55.0,0,247,0.07255402207374573,0.013702264930374226,,crash_vehicle
531,fresh,1,fresh,,,0,0,0,2,1,0,5.0,20.0,15.0,35.0,2,111,2.7140700817108154,0.04917825982478019,,crash_vehicle
532,mutation,2,mutation,select_road|select_lane|ego_on_intersection|intersection_has_cars,,2,1,0,3,0,0,20.0,10.0,10.0,35.0,2,335,11.35032844543457,0.2146538606580736,,out_of_road
533,fresh,3,fresh,,,0,0,0,4,1,0,10.0,40.0,5.0,55.0,1,209,3.350616931915283,0.06679496241278911,,out_of_road
534,replay,3,replay,,,0,0,0,4,1,0,10.0,40.0,5.0,55.0,1,319,8.243005752563477,0.14972325914238688,,out_of_road
535,fresh,2,fresh,,,0,0,0,3,1,0,5.0,40.0,15.0,55.0,1,101,2.237398386001587,0.023713411200828483,,crash_vehicle
536,crossover,4,crossover,,select_lane|ego_on_intersection|intersection_has_cars|intersection_cars|distance_to_nearest|cluster_dist|brake_dist,7,0,0,8,1,0,10.0,20.0,5.0,55.0,1,253,1.2319111824035645,0.01068515175025866,,crash_vehicle
537,fresh,6,fresh,,,0,1,0,18,1,1,5.0,5.0,10.0,55.0,1,29,-0.02175818383693695,0.0063246316437063545,,crash_vehicle
538,mutation,2,mutation,cluster_dist,,0,0,0,3,1,0,20.0,20.0,15.0,35.0,3,320,2.931138277053833,0.038575094938278195,,crash_vehicle
539,fresh,0,fresh,,,0,1,0,1,1,1,5.0,5.0,10.0,55.0,1,132,3.2362067699432373,0.045551980076583495,,out_of_road
540,replay,0,replay,,,0,1,0,1,1,1,5.0,5.0,10.0,55.0,1,94,0.0109110027551651,0.024118281762175103,,crash_vehicle
541,fresh,2,fresh,,,0,1,1,3,1,0,5.0,10.0,10.0,55.0,1,247,3.182971239089966,0.13877035370888377,,crash_vehicle
542,crossover,1,crossover,,select_lane|ego_on_intersection|intersection_has_cars|distractor_cars|has_brake_checker|intersection_cars|has_cluster|maximum_distractor_speed|distance_to_nearest|cluster_dist|brake_dist,7,1,1,2,1,1,10.0,20.0,5.0,55.0,2,159,4.867748260498047,0.1118006427426758,,crash_vehicle
543,fresh,6,fresh,,,0,0,0,18,0,1,15.0,20.0,5.0,20.0,0,60,0.6757223606109619,0.012297606468200684,,crash_vehicle
544,mutation,4,mutation,cluster_dist,,1,0,0,8,1,1,15.0,5.0,10.0,20.0,3,48,-0.017368897795677185,0.0022507685547073684,,crash_vehicle
545,fresh,0,fresh,,,0,0,0,1,1,1,10.0,40.0,10.0,55.0,1,558,10.65466022491455,0.10285701315789934,,out_of_road
546,replay,0,replay,,,0,0,0,1,1,1,10.0,40.0,10.0,55.0,1,276,9.648686408996582,0.1030068551696351,,out_of_road
547,fresh,0,fresh,,,0,0,0,0,0,0,10.0,10.0,10.0,35.0,0,211,7.136706352233887,0.13413768263298673,,out_of_road
548,replay,0,replay,,,0,0,0,0,0,0,10.0,10.0,10.0,35.0,0,1000,8.708250999450684,0.07507933846628294,,max_step
549,fresh,0,fresh,,,0,0,0,0,0,0,10.0,5.0,5.0,20.0,0,143,3.5993781089782715,0.14917430998041079,rejection_fallback,out_of_road
550,crossover,0,crossover,,select_lane|ego_on_intersection|intersection_has_cars|has_brake_checker|has_cluster|maximum_distractor_speed|distance_to_nearest,4,0,0,0,1,0,5.0,20.0,5.0,10.0,0,249,3.5577499866485596,0.10974641264711757,,out_of_road
551,fresh,5,fresh,,,0,1,0,12,1,0,10.0,10.0,15.0,20.0,0,218,1.953073501586914,0.09600369340030972,,arrive_dest
552,replay,5,replay,,,0,1,0,12,1,0,10.0,10.0,15.0,20.0,0,216,4.852417945861816,0.08163447681754069,,out_of_road
553,fresh,2,fresh,,,0,1,0,3,0,0,10.0,40.0,5.0,35.0,2,123,3.7215497493743896,0.0613680568190549,,out_of_road
554,crossover,2,crossover,,select_lane|ego_on_intersection|intersection_has_cars|distractor_cars|has_cluster|distance_to_nearest,2,0,0,3,0,0,20.0,5.0,10.0,35.0,2,39,0.0074098557233810425,0.0,,crash_vehicle
555,fresh,4,fresh,,,0,1,0,8,1,1,15.0,5.0,10.0,55.0,3,372,2.460092544555664,0.09215774054868117,,out_of_road
556,replay,4,replay,,,0,1,0,8,1,1,15.0,5.0,10.0,55.0,3,114,2.8049802780151367,0.04867307132665526,,out_of_road
557,fresh,3,fresh,,,0,1,1,4,0,0,15.0,40.0,10.0,55.0,0,400,10.870829582214355,0.14441535201855005,,out_of_road
558,replay,3,replay,,,0,1,1,4,0,0,15.0,40.0,10.0,55.0,0,34,-0.018810734152793884,0.00015736415105707506,,crash_vehicle
559,fresh,4,fresh,,,0,0,0,8,1,1,5.0,20.0,10.0,35.0,0,558,1.0788733959197998,0.011264882500260054,,crash_vehicle
560,replay,4,replay,,,0,0,0,8,1,1,5.0,20.0,10.0,35.0,0,312,5.595837593078613,0.13661639877738288,,arrive_dest
561,fresh,6,fresh,,,0,1,0,18,1,0,15.0,10.0,10.0,55.0,1,1000,2.4731154441833496,0.030492435400607063,,max_step
562,replay,6,replay,,,0,1,0,18,1,0,15.0,10.0,10.0,55.0,1,176,5.160552024841309,0.05577295616438443,,out_of_road
563,fresh,3,fresh,,,0,1,0,5,1,1,20.0,20.0,10.0,35.0,0,1000,1.9391846656799316,0.010635386419016868,,max_step
564,replay,3,replay,,,0,1,0,5,1,1,20.0,20.0,10.0,35.0,0,382,11.337225914001465,0.17230636644523337,,out_of_road
565,fresh,5,fresh,,,0,1,1,12,1,0,10.0,10.0,10.0,20.0,0,591,14.31657886505127,0.1869504535688929,,out_of_road
566,replay,5,replay,,,0,1,1,12,1,0,10.0,10.0,10.0,20.0,0,331,9.52376651763916,0.09413888372953565,,out_of_road
567,fresh,2,fresh,,,0,1,1,3,1,0,5.0,20.0,10.0,35.0,2,63,0.7744671702384949,0.025185050354117437,,crash_vehicle
568,crossover,3,crossover,,select_lane|ego_on_intersection|intersection_has_cars|distance_to_nearest|cluster_dist,3,0,0,4,1,1,15.0,10.0,5.0,35.0,3,1000,0.5702455043792725,0.004154853665502742,,max_step
569,fresh,0,fresh,,,0,1,1,0,0,0,5.0,20.0,15.0,55.0,0,122,3.1581640243530273,0.047312957326286154,,out_of_road
570,crossover,0,crossover,,intersection_cars|maximum_distractor_speed|brake_dist,2,1,1,0,0,0,5.0,10.0,15.0,20.0,0,128,3.632772207260132,0.054553300640691305,,out_of_road
571,fresh,6,fresh,,,0,0,0,18,1,0,10.0,5.0,15.0,55.0,2,1000,-0.0050553735345602036,0.003659650290152058,,max_step
572,crossover,3,crossover,,distractor_cars|has_cluster|maximum_distractor_speed|distance_to_nearest|brake_dist,3,1,0,4,1,1,15.0,5.0,5.0,35.0,0,948,1.1983797550201416,0.011509043409661999,,crash_vehicle
573,fresh,1,fresh,,,0,1,1,2,0,1,5.0,40.0,10.0,55.0,0,92,1.3939194679260254,0.023075139651115496,,crash_vehicle
574,replay,1,replay,,,0,1,1,2,0,1,5.0,40.0,10.0,55.0,0,140,4.011470794677734,0.0928872528818569,,crash_vehicle
575,fresh,0,fresh,,,0,0,0,0,0,0,5.0,40.0,15.0,55.0,0,142,3.3990352153778076,0.10903563557691137,,out_of_road
576,mutation,3,mutation,has_brake_checker,,1,1,1,5,0,1,20.0,5.0,5.0,20.0,3,41,0.021918535232543945,0.025774037647174626,,crash_vehicle
577,fresh,5,fresh,,,0,1,1,12,1,1,15.0,40.0,5.0,55.0,0,296,1.4177227020263672,0.024246694671141135,,crash_vehicle
578,replay,5,replay,,,0,1,1,12,1,1,15.0,40.0,5.0,55.0,0,134,3.1044557094573975,0.07980628199041334,,out_of_road
579,fresh,4,fresh,,,0,1,0,8,0,0,15.0,20.0,10.0,55.0,1,1000,2.926621437072754,0.014892310271039605,,max_step
580,crossover,4,crossover,,select_lane|ego_on_intersection|intersection_has_cars|has_brake_checker|intersection_cars|has_cluster|maximum_distractor_speed|distance_to_nearest|cluster_dist|brake_dist,5,0,0,8,1,0,15.0,20.0,10.0,35.0,1,261,2.956822156906128,0.0849831762627281,,out_of_road
581,fresh,5,fresh,,,0,0,0,12,0,1,10.0,5.0,15.0,35.0,2,1000,0.4213007092475891,0.009336636744439603,,max_step
582,mutation,3,mutation,brake_dist,,1,0,0,4,1,1,15.0,5.0,10.0,20.0,3,415,10.917633056640625,0.18539858897138073,,out_of_road
583,fresh,0,fresh,,,0,1,0,0,1,0,5.0,40.0,5.0,55.0,0,111,2.6508803367614746,0.031956161808658824,,out_of_road
584,mutation,1,mutation,cluster_dist,,1,1,1,2,1,0,20.0,20.0,5.0,35.0,2,270,8.611331939697266,0.12403973314083284,,out_of_road
585,fresh,0,fresh,,,0,1,1,0,1,0,5.0,5.0,5.0,10.0,0,47,0.20598725974559784,0.0011035901434878087,,crash_vehicle
586,crossover,4,crossover,,select_lane|ego_on_intersection|intersection_has_cars|distractor_cars|intersection_cars|has_cluster|distance_to_nearest|cluster_dist|brake_dist,4,0,0,8,1,0,20.0,20.0,5.0,55.0,1,1000,1.5516161918640137,0.003596666611731052,,max_step
587,fresh,2,fresh,,,0,1,0,3,1,1,5.0,20.0,15.0,35.0,3,114,2.767812967300415,0.05951024261058161,,crash_vehicle
588,replay,2,replay,,,0,1,0,3,1,1,5.0,20.0,15.0,35.0,3,761,24.363967895507812,0.21822691686162615,,out_of_road
589,fresh,1,fresh,,,0,0,0,2,1,1,15.0,10.0,15.0,55.0,0,108,1.467276930809021,0.05552928075539293,,crash_vehicle
590,mutation,2,mutation,brake_dist,,0,1,0,3,1,0,5.0,20.0,15.0,35.0,3,134,2.283156394958496,0.13471281282436937,,out_of_road
591,fresh,5,fresh,,,0,0,0,12,1,0,20.0,5.0,15.0,55.0,2,1000,0.16988731920719147,0.04119687610771507,,max_step
592,replay,5,replay,,,0,0,0,12,1,0,20.0,5.0,15.0,55.0,2,145,0.15894506871700287,0.0400960306010755,,crash_vehicle
593,fresh,2,fresh,,,0,1,0,3,0,1,10.0,20.0,15.0,55.0,0,249,5.18820333480835,0.12853946759137344,,out_of_road
594,crossover,1,crossover,,has_cluster|distance_to_nearest|cluster_dist,0,0,0,2,0,0,20.0,5.0,15.0,20.0,1,147,2.2911229133605957,0.21469307453910105,,out_of_road
595,fresh,3,fresh,,,0,0,0,4,1,0,15.0,5.0,10.0,20.0,1,128,0.7642672061920166,0.0408362577582011,,out_of_road
596,mutation,5,mutation,cluster_dist,,1,1,0,12,1,0,5.0,40.0,15.0,55.0,2,1000,0.9987979531288147,0.007126844048500061,,max_step
597,fresh,6,fresh,,,0,0,0,18,1,0,20.0,20.0,5.0,55.0,1,137,2.9438869953155518,0.1305285833612846,,out_of_road
598,mutation,2,mutation,distance_to_nearest,,1,0,0,3,1,1,5.0,5.0,5.0,55.0,2,145,0.9735382199287415,0.047799638806489006,,crash_vehicle
599,fresh,0,fresh,,,0,0,0,0,0,0,10.0,5.0,5.0,20.0,0,92,1.734758734703064,0.05112283709256545,rejection_fallback,out_of_road
600,crossover,2,crossover,,distractor_cars|has_brake_checker|distance_to_nearest|cluster_dist,2,0,0,3,1,1,20.0,5.0,15.0,55.0,2,198,1.9461262226104736,0.08078745129339472,,crash_vehicle
601,fresh,0,fresh,,,0,0,0,0,0,0,10.0,5.0,5.0,20.0,0,181,5.701535701751709,0.10323256401869968,rejection_fallback,out_of_road
602,mutation,0,mutation,maximum_distractor_speed,,1,0,0,0,0,0,5.0,40.0,15.0,55.0,0,233,7.240319728851318,0.17348755973635058,,out_of_road
603,fresh,2,fresh,,,0,0,0,3,0,0,15.0,20.0,5.0,10.0,2,193,6.438658714294434,0.1084819488309401,,out_of_road
604,mutation,4,mutation,distance_to_nearest,,1,1,0,8,1,0,15.0,5.0,10.0,55.0,3,102,0.12027889490127563,0.032939187442774284,,crash_vehicle
605,fresh,1,fresh,,,0,1,0,2,0,0,20.0,5.0,10.0,20.0,2,56,0.6858509182929993,0.016815402411988804,,out_of_road
606,replay,1,replay,,,0,1,0,2,0,0,20.0,5.0,10.0,20.0,2,124,3.4303455352783203,0.07497496897403541,,arrive_dest
607,fresh,1,fresh,,,0,1,0,2,0,0,10.0,20.0,15.0,55.0,0,236,6.286187648773193,0.20242762170984582,,out_of_road
608,crossover,6,crossover,,select_lane|ego_on_intersection|intersection_has_cars|distractor_cars|intersection_cars|has_cluster|distance_to_nearest,4,0,0,18,1,0,15.0,5.0,5.0,20.0,2,118,1.2453218698501587,0.07529099885437449,,out_of_road
609,fresh,1,fresh,,,0,0,0,2,1,1,10.0,5.0,5.0,20.0,2,318,5.590151309967041,0.1362768445550552,,crash_vehicle
610,mutation,2,mutation,maximum_distractor_speed,,1,0,0,3,1,1,15.0,20.0,15.0,55.0,3,233,4.353886604309082,0.12993704164680495,,crash_vehicle
611,fresh,0,fresh,,,0,1,0,1,0,0,10.0,20.0,10.0,10.0,0,274,6.423365116119385,0.1153811312613696,,crash_vehicle
612,crossover,0,crossover,,distractor_cars|has_brake_checker|intersection_cars|has_cluster|distance_to_nearest|brake_dist,3,0,0,1,0,0,15.0,10.0,15.0,20.0,0,1000,0.44552624225616455,0.0019332818388938904,,max_step
613,fresh,3,fresh,,,0,1,1,5,0,1,10.0,5.0,10.0,55.0,1,37,-0.01128937304019928,0.0020193868392222635,,crash_vehicle
614,replay,3,replay,,,0,1,1,5,0,1,10.0,5.0,10.0,55.0,1,98,1.792983889579773,0.03823651135804094,,out_of_road
615,fresh,0,fresh,,,0,1,1,0,0,0,15.0,5.0,10.0,35.0,0,189,5.8010969161987305,0.2077404599262293,,out_of_road
616,mutation,0,mutation,cluster_dist,,1,1,1,0,1,0,10.0,5.0,15.0,20.0,0,369,11.194998741149902,0.16982417828516988,,out_of_road
617,fresh,0,fresh,,,0,1,0,1,1,0,10.0,10.0,15.0,20.0,1,98,2.0222742557525635,0.029062125456462404,,crash_vehicle
618,replay,0,replay,,,0,1,0,1,1,0,10.0,10.0,15.0,20.0,1,192,2.873830556869507,0.09352023524115793,,crash_vehicle
619,fresh,0,fresh,,,0,1,1,0,1,0,15.0,10.0,15.0,10.0,0,405,10.61620807647705,0.17040211338963773,,out_of_road
620,mutation,6,mutation,intersection_cars,,1,1,1,18,1,1,5.0,5.0,15.0,20.0,1,31,-0.11045016348361969,0.0,,crash_vehicle
621,fresh,0,fresh,,,0,1,0,0,1,0,20.0,40.0,10.0,10.0,0,46,0.3849194049835205,0.019153069927478613,,crash_vehicle
622,replay,0,replay,,,0,1,0,0,1,0,20.0,40.0,10.0,10.0,0,164,2.6109201908111572,0.09513329901936941,,out_of_road
623,fresh,3,fresh,,,0,0,0,5,1,1,20.0,10.0,15.0,35.0,3,1000,1.4922713041305542,0.01136193277873099,,max_step
624,mutation,3,mutation,distractor_cars,,1,0,0,4,1,0,10.0,20.0,15.0,35.0,1,117,2.6734535694122314,0.0796840669065873,,crash_vehicle
625,fresh,2,fresh,,,0,0,0,3,1,0,5.0,10.0,10.0,20.0,3,288,10.732562065124512,0.18578850051724455,,arrive_dest
626,crossover,1,crossover,,select_lane|ego_on_intersection|intersection_has_cars|maximum_distractor_speed,0,1,1,2,1,0,20.0,20.0,15.0,35.0,2,140,2.7297351360321045,0.066174862932946,,out_of_road
627,fresh,3,fresh,,,0,0,0,5,0,0,10.0,5.0,5.0,55.0,3,185,4.07288122177124,0.09918475912984562,,crash_vehicle
628,mutation,2,mutation,has_brake_checker,,0,0,0,3,0,0,20.0,10.0,10.0,35.0,2,280,8.743067741394043,0.19389968259659196,,arrive_dest
629,fresh,0,fresh,,,0,0,0,1,0,0,10.0,40.0,10.0,55.0,0,235,7.410126686096191,0.17063606298984366,,out_of_road
630,mutation,4,mutation,select_road|select_lane|ego_on_intersection|intersection_has_cars,,1,0,0,8,1,0,15.0,20.0,10.0,55.0,1,574,2.664351463317871,0.03452104214215424,,out_of_road
631,fresh,4,fresh,,,0,1,1,8,1,1,15.0,5.0,10.0,55.0,0,327,2.296715021133423,0.053169949141128804,,out_of_road
632,mutation,0,mutation,intersection_cars,,0,1,1,0,1,0,10.0,5.0,15.0,20.0,0,151,2.9274981021881104,0.07296564386824504,,out_of_road
633,fresh,5,fresh,,,0,1,0,12,0,1,20.0,40.0,10.0,20.0,3,1000,2.925354480743408,0.004414431368000805,,max_step
634,replay,5,replay,,,0,1,0,12,0,1,20.0,40.0,10.0,20.0,3,297,10.789825439453125,0.21252478663386268,,out_of_road
635,fresh,3,fresh,,,0,0,0,5,1,0,20.0,20.0,5.0,35.0,2,471,11.855448722839355,0.15491647780981635,,crash_vehicle
636,crossover,2,crossover,,select_lane|ego_on_intersection|intersection_has_cars|distractor_cars|has_brake_checker|maximum_distractor_speed|distance_to_nearest|brake_dist,1,0,0,3,0,0,20.0,10.0,10.0,35.0,2,238,6.974291801452637,0.1936733886411711,,out_of_road
637,fresh,0,fresh,,,0,0,0,0,1,0,15.0,10.0,15.0,20.0,0,1000,3.2879788875579834,0.008370761880651117,,max_step
638,mutation,5,mutation,cluster_dist,,1,1,0,12,1,0,10.0,10.0,5.0,20.0,0,116,0.7069371342658997,0.03545430867836393,,out_of_road
639,fresh,3,fresh,,,0,1,0,5,0,0,15.0,40.0,5.0,55.0,0,104,2.2633323669433594,0.03013436788191589,,crash_vehicle
640,crossover,2,crossover,,select_lane|ego_on_intersection|intersection_has_cars|distractor_cars|has_brake_checker|maximum_distractor_speed|distance_to_nearest|brake_dist,4,0,0,3,1,1,15.0,20.0,15.0,55.0,3,127,3.7382686138153076,0.0639096917511206,,crash_vehicle
641,fresh,0,fresh,,,0,1,1,1,1,1,20.0,5.0,10.0,55.0,0,172,3.0209004878997803,0.17221049472776262,,out_of_road
642,mutation,0,mutation,brake_dist,,1,0,0,0,1,0,10.0,40.0,15.0,55.0,0,295,6.783291339874268,0.1444996962607917,,crash_vehicle
643,fresh,5,fresh,,,0,0,0,12,0,1,5.0,20.0,5.0,20.0,1,71,0.688360333442688,0.01874168720883383,,crash_vehicle
644,crossover,1,crossover,,distractor_cars|has_brake_checker|intersection_cars|has_cluster|maximum_distractor_speed|cluster_dist|brake_dist,3,0,0,2,1,0,20.0,10.0,5.0,35.0,2,59,0.6936739683151245,0.023529989929017375,,out_of_road
645,fresh,2,fresh,,,0,0,0,3,0,1,20.0,20.0,5.0,20.0,2,209,4.2129621505737305,0.10933597389893811,,out_of_road
646,mutation,4,mutation,has_cluster,,1,0,0,8,0,1,5.0,20.0,5.0,35.0,3,1000,1.6771798133850098,0.02701400754787028,,max_step
647,fresh,2,fresh,,,0,1,0,3,1,0,20.0,20.0,15.0,35.0,3,66,0.7284634709358215,0.016838738073905308,,out_of_road
648,mutation,2,mutation,distance_to_nearest,,1,0,0,3,1,0,10.0,10.0,15.0,35.0,3,473,9.775646209716797,0.12263044615888508,,out_of_road
649,fresh,3,fresh,,,0,1,0,5,0,0,10.0,5.0,10.0,10.0,0,66,0.04908248782157898,0.06238794964597081,,out_of_road
650,crossover,4,crossover,,select_lane|ego_on_intersection|intersection_has_cars|distractor_cars|has_cluster|cluster_dist|brake_dist,4,0,0,8,1,0,15.0,40.0,5.0,55.0,3,195,5.292959690093994,0.11623910876611869,,crash_vehicle
651,fresh,3,fresh,,,0,1,1,4,0,0,15.0,10.0,15.0,35.0,2,106,0.8814263939857483,0.016049240048061002,,crash_vehicle
652,crossover,5,crossover,,select_lane|ego_on_intersection|intersection_has_cars|distractor_cars|intersection_cars|has_cluster|maximum_distractor_speed|cluster_dist|brake_dist,6,1,0,12,0,0,5.0,5.0,15.0,20.0,2,487,6.145595073699951,0.12810183000833072,,out_of_road
653,fresh,1,fresh,,,0,0,0,2,1,0,15.0,40.0,10.0,55.0,2,1000,1.4355095624923706,0.005543345522135496,,max_step
654,mutation,4,mutation,has_brake_checker,,0,1,0,8,0,0,5.0,5.0,15.0,20.0,3,249,0.16096684336662292,0.0613334395559916,,out_of_road
655,fresh,0,fresh,,,0,1,0,1,0,0,5.0,40.0,5.0,35.0,1,354,12.402161598205566,0.18720315345747154,,out_of_road
656,mutation,3,mutation,brake_dist,,1,0,0,5,0,0,5.0,20.0,15.0,35.0,3,228,4.367312908172607,0.0954533627240412,,crash_vehicle
657,fresh,1,fresh,,,0,1,0,2,1,0,20.0,5.0,15.0,20.0,0,189,3.3679358959198,0.21325815182238345,,crash_vehicle
658,mutation,2,mutation,maximum_distractor_speed,,1,0,0,3,1,1,15.0,20.0,5.0,55.0,2,139,3.4510657787323,0.08547007889828558,,crash_vehicle
659,fresh,4,fresh,,,0,1,0,8,0,1,20.0,20.0,10.0,55.0,0,684,1.155128002166748,0.00818626748327144,,crash_vehicle
660,crossover,2,crossover,,distractor_cars|has_cluster|maximum_distractor_speed|cluster_dist,3,0,0,3,1,1,20.0,10.0,5.0,35.0,3,183,4.578275203704834,0.06589035740722723,,crash_vehicle
661,fresh,0,fresh,,,0,1,0,1,1,0,20.0,10.0,10.0,35.0,1,120,3.067903757095337,0.039529365953058004,,crash_vehicle
662,replay,0,replay,,,0,1,0,1,1,0,20.0,10.0,10.0,35.0,1,230,4.786152362823486,0.062073931377381084,,out_of_road
663,fresh,5,fresh,,,0,0,0,12,1,1,15.0,20.0,15.0,35.0,2,332,4.454894542694092,0.0947430249477501,,out_of_road
664,replay,5,replay,,,0,0,0,12,1,1,15.0,20.0,15.0,35.0,2,1000,0.6847104430198669,0.009309186560101807,,max_step
665,fresh,0,fresh,,,0,1,0,1,0,1,5.0,10.0,15.0,35.0,1,246,7.44647741317749,0.20552907890935496,,out_of_road
666,replay,0,replay,,,0,1,0,1,0,1,5.0,10.0,15.0,35.0,1,135,1.6451470851898193,0.04953512037862782,,arrive_dest
667,fresh,3,fresh,,,0,0,0,5,0,1,15.0,5.0,5.0,55.0,2,179,0.08797474205493927,0.0002226609653434274,,crash_vehicle
668,crossover,3,crossover,,select_lane|ego_on_intersection|intersection_has_cars|distractor_cars|maximum_distractor_speed|distance_to_nearest|brake_dist,5,1,0,5,0,0,15.0,5.0,5.0,20.0,3,52,-0.026067569851875305,0.0,,crash_vehicle
669,fresh,3,fresh,,,0,1,1,5,1,0,15.0,40.0,10.0,55.0,0,71,0.6411253213882446,0.0161276251917154,,out_of_road
670,crossover,4,crossover,,select_lane|ego_on_intersection|intersection_has_cars|distractor_cars|intersection_cars|has_cluster|maximum_distractor_speed|distance_to_nearest|cluster_dist,4,0,0,8,1,0,15.0,40.0,5.0,55.0,3,198,5.393794536590576,0.0939179169004689,,crash_vehicle
671,fresh,2,fresh,,,0,0,0,3,0,1,5.0,20.0,10.0,35.0,1,26,-0.2704249918460846,0.019169297355871934,,out_of_road
672,crossover,1,crossover,,select_lane|ego_on_intersection|intersection_has_cars|distractor_cars|has_cluster|maximum_distractor_speed|distance_to_nearest|cluster_dist|brake_dist,6,0,0,2,0,0,20.0,10.0,15.0,20.0,2,25,-0.15054595470428467,0.0,,out_of_road
673,fresh,3,fresh,,,0,1,1,4,0,0,20.0,10.0,10.0,20.0,3,263,8.50302505493164,0.23796870788920516,,crash_vehicle
674,replay,3,replay,,,0,1,1,4,0,0,20.0,10.0,10.0,20.0,3,177,5.103315353393555,0.11965387467147603,,crash_vehicle
675,fresh,3,fresh,,,0,0,0,5,0,0,10.0,20.0,10.0,35.0,3,1000,-0.1590498387813568,0.0020481081516481934,,max_step
676,crossover,2,crossover,,distractor_cars|has_brake_checker|intersection_cars|distance_to_nearest|brake_dist,2,0,0,3,0,0,20.0,10.0,5.0,35.0,0,257,6.802277565002441,0.1545864274500641,,arrive_dest
677,fresh,1,fresh,,,0,0,0,2,0,0,20.0,40.0,10.0,10.0,2,38,0.1254962533712387,0.007359630330220649,,crash_vehicle
678,replay,1,replay,,,0,0,0,2,0,0,20.0,40.0,10.0,10.0,2,146,4.145785808563232,0.08460507034770634,,out_of_road
679,fresh,5,fresh,,,0,1,0,12,1,0,5.0,10.0,15.0,20.0,2,130,1.0768885612487793,0.06566594800410362,,crash_vehicle
680,mutation,1,mutation,distractor_cars,,2,0,0,2,1,0,15.0,40.0,5.0,55.0,2,131,4.180941104888916,0.10475041064654143,,crash_vehicle
681,fresh,3,fresh,,,0,0,0,4,0,0,15.0,20.0,10.0,35.0,0,263,9.13659954071045,0.15811298348491182,,out_of_road
682,crossover,3,crossover,,has_brake_checker|maximum_distractor_speed|brake_dist,3,1,0,4,1,0,15.0,5.0,15.0,35.0,0,745,2.6985225677490234,0.038006930742311235,,crash_vehicle
683,fresh,2,fresh,,,0,1,1,3,1,0,5.0,40.0,5.0,55.0,1,95,1.373327612876892,0.022585098014066093,,crash_vehicle
684,crossover,2,crossover,,select_lane|ego_on_intersection|intersection_has_cars|intersection_cars|maximum_distractor_speed|cluster_dist|brake_dist,7,1,1,3,0,0,5.0,5.0,10.0,55.0,1,469,8.313281059265137,0.14767557690178218,,out_of_road
685,fresh,0,fresh,,,0,0,0,1,1,1,5.0,20.0,10.0,55.0,1,108,2.254504680633545,0.013804567300852525,,out_of_road
686,replay,0,replay,,,0,0,0,1,1,1,5.0,20.0,10.0,55.0,1,88,1.7498043775558472,0.028052405708215454,,out_of_road
687,fresh,0,fresh,,,0,1,1,0,1,0,20.0,40.0,15.0,10.0,0,1000,1.6931220293045044,0.0037645759005099535,,max_step
688,mutation,2,mutation,intersection_cars,,1,0,0,3,0,1,5.0,40.0,5.0,55.0,2,477,6.413477897644043,0.05688935904265762,,crash_vehicle
689,fresh,2,fresh,,,0,0,0,3,0,1,10.0,5.0,10.0,55.0,1,1000,-0.3170863389968872,0.03608823172067059,,max_step
690,replay,2,replay,,,0,0,0,3,0,1,10.0,5.0,10.0,55.0,1,334,3.176305055618286,0.06622865884760004,,crash_vehicle
691,fresh,5,fresh,,,0,0,0,12,1,1,10.0,5.0,10.0,20.0,0,67,0.44705790281295776,0.026306226793954623,,crash_vehicle
692,mutation,1,mutation,select_road|select_lane|ego_on_intersection|intersection_has_cars,,3,0,0,2,1,0,20.0,20.0,15.0,35.0,2,122,3.0480539798736572,0.03776114259190003,,out_of_road
693,fresh,2,fresh,,,0,0,0,3,1,0,10.0,10.0,10.0,20.0,3,430,12.18628978729248,0.21342904434950893,,arrive_dest
694,crossover,1,crossover,,distractor_cars|maximum_distractor_speed|distance_to_nearest|cluster_dist|brake_dist,1,1,1,2,1,0,20.0,20.0,15.0,35.0,2,1000,0.44356846809387207,0.0014844291154295205,,max_step
695,fresh,2,fresh,,,0,0,0,3,1,1,20.0,10.0,10.0,35.0,1,89,0.9951818585395813,0.024309401274815703,,crash_vehicle
696,replay,2,replay,,,0,0,0,3,1,1,20.0,10.0,10.0,35.0,1,105,0.2488156259059906,0.16051391306377594,,crash_vehicle
697,fresh,2,fresh,,,0,0,0,3,1,0,15.0,40.0,5.0,55.0,1,288,5.538919925689697,0.10052732923456158,,crash_vehicle
698,crossover,3,crossover,,select_lane|ego_on_intersection|intersection_has_cars|intersection_cars|maximum_distractor_speed,3,1,1,4,1,1,15.0,5.0,10.0,35.0,3,117,0.34984421730041504,0.03562757089479357,,crash_vehicle
699,fresh,0,fresh,,,0,1,0,0,0,0,15.0,10.0,15.0,20.0,0,145,4.158198833465576,0.09992498305208725,,out_of_road
700,replay,0,replay,,,0,1,0,0,0,0,15.0,10.0,15.0,20.0,0,91,1.7769194841384888,0.06863407086540055,,arrive_dest
701,fresh,0,fresh,,,0,0,0,1,1,0,20.0,20.0,10.0,55.0,1,175,4.713558197021484,0.06218037022543805,,out_of_road
702,replay,0,replay,,,0,0,0,1,1,0,20.0,20.0,10.0,55.0,1,230,9.192760467529297,0.24964124624333953,,out_of_road
703,fresh,2,fresh,,,0,1,1,3,1,1,15.0,20.0,5.0,35.0,3,106,2.5068445205688477,0.033868535228495325,,crash_vehicle
704,mutation,6,mutation,distance_to_nearest,,2,1,1,18,1,1,5.0,40.0,15.0,55.0,3,375,11.075998306274414,0.24347644838194052,,out_of_road
705,fresh,2,fresh,,,0,1,0,3,0,1,20.0,10.0,15.0,10.0,0,55,0.32991117238998413,0.0007548573342236605,,crash_vehicle
706,crossover,5,crossover,,intersection_cars|maximum_distractor_speed|cluster_dist|brake_dist,1,1,0,12,0,0,5.0,5.0,15.0,20.0,1,293,4.275692939758301,0.11696154659505896,,out_of_road
707,fresh,5,fresh,,,0,1,1,12,1,0,5.0,5.0,15.0,55.0,2,143,0.6908203363418579,0.013721104020943176,,crash_vehicle
708,crossover,3,crossover,,has_brake_checker|intersection_cars|has_cluster|maximum_distractor_speed|distance_to_nearest|cluster_dist|brake_dist,5,1,0,5,0,1,15.0,20.0,5.0,35.0,2,51,0.48233819007873535,0.015807385538138596,,crash_vehicle
709,fresh,6,fresh,,,0,1,0,18,0,1,10.0,40.0,10.0,20.0,2,80,1.3429787158966064,0.015256383479572833,,crash_vehicle
710,mutation,0,mutation,has_brake_checker,,1,0,0,1,1,0,15.0,10.0,10.0,20.0,0,1000,0.4477573335170746,0.001617254844866693,,max_step
711,fresh,0,fresh,,,0,1,1,0,0,0,10.0,5.0,5.0,35.0,0,189,7.6406989097595215,0.2017598941370293,,out_of_road
712,mutation,1,mutation,intersection_cars,,1,1,1,2,0,0,10.0,20.0,15.0,20.0,0,103,2.5956356525421143,0.13223785885329387,,crash_vehicle
713,fresh,2,fresh,,,0,0,0,3,0,0,5.0,40.0,10.0,55.0,3,260,8.954087257385254,0.17104999302313306,,out_of_road
714,mutation,1,mutation,distractor_cars,,2,1,1,2,1,1,10.0,10.0,15.0,35.0,2,124,2.579314708709717,0.16544984575481184,,out_of_road
715,fresh,2,fresh,,,0,1,1,3,1,1,20.0,5.0,10.0,20.0,3,135,2.761931896209717,0.04221439327251304,,crash_vehicle
716,crossover,6,crossover,,distractor_cars|has_brake_checker|has_cluster|brake_dist,1,1,1,18,1,0,5.0,40.0,15.0,55.0,3,89,0.9052096009254456,0.05041077285167876,,crash_vehicle
717,fresh,0,fresh,,,0,0,0,0,0,0,10.0,5.0,5.0,35.0,0,121,3.1063578128814697,0.05551404317009671,,out_of_road
718,mutation,3,mutation,distractor_cars,,0,1,0,4,1,1,20.0,40.0,5.0,55.0,3,268,8.679972648620605,0.10818231016842288,,out_of_road
719,fresh,0,fresh,,,0,1,1,1,0,1,20.0,10.0,15.0,55.0,1,135,3.182093620300293,0.04359968692685167,,out_of_road
720,crossover,2,crossover,,intersection_cars|has_cluster|distance_to_nearest|brake_dist,3,1,0,3,0,1,20.0,20.0,10.0,55.0,2,259,1.4816893339157104,0.02243836789704773,,crash_vehicle
721,fresh,0,fresh,,,0,1,1,0,1,0,10.0,5.0,10.0,35.0,0,248,8.332054138183594,0.11679165159922934,,out_of_road
722,crossover,3,crossover,,has_brake_checker|intersection_cars|has_cluster|maximum_distractor_speed|cluster_dist|brake_dist,3,0,0,5,0,0,5.0,20.0,15.0,55.0,2,1000,0.829534649848938,0.013505704841576517,,max_step
723,fresh,6,fresh,,,0,0,0,18,0,0,10.0,10.0,10.0,35.0,3,205,2.2130825519561768,0.16024961141733135,,crash_vehicle
724,replay,6,replay,,,0,0,0,18,0,0,10.0,10.0,10.0,35.0,3,230,8.551979064941406,0.14148347180579668,,out_of_road
725,fresh,1,fresh,,,0,0,0,2,1,1,5.0,10.0,5.0,55.0,0,1000,0.6403409242630005,0.003238069225102663,,max_step
726,mutation,0,mutation,has_brake_checker,,1,0,0,0,1,0,20.0,5.0,5.0,35.0,0,258,5.186366081237793,0.13959746107877802,,crash_vehicle
727,fresh,5,fresh,,,0,1,0,12,0,1,20.0,5.0,5.0,35.0,3,144,0.09375689923763275,0.04759855735917679,,crash_vehicle
728,mutation,1,mutation,intersection_cars,,0,1,1,2,1,0,20.0,20.0,10.0,35.0,2,91,2.2901523113250732,0.03617187022425971,,crash_vehicle
729,fresh,5,fresh,,,0,1,1,12,0,1,10.0,5.0,10.0,35.0,0,38,-0.015921756625175476,0.003102373233751247,,crash_vehicle
730,replay,5,replay,,,0,1,1,12,0,1,10.0,5.0,10.0,35.0,0,211,6.066165447235107,0.20906598029119708,,arrive_dest
731,fresh,3,fresh,,,0,1,1,4,0,1,15.0,40.0,15.0,55.0,3,59,0.7604449987411499,0.01939289928492853,,out_of_road
732,mutation,5,mutation,select_road|select_lane|ego_on_intersection|intersection_has_cars,,2,1,0,12,1,0,20.0,40.0,5.0,55.0,0,368,7.228650093078613,0.1306393090787384,,out_of_road
733,fresh,3,fresh,,,0,1,1,4,1,0,20.0,20.0,15.0,35.0,1,1000,1.1072617769241333,0.009715694884769619,,max_step
734,replay,3,replay,,,0,1,1,4,1,0,20.0,20.0,15.0,35.0,1,91,1.9905812740325928,0.11565114919014358,,crash_vehicle
735,fresh,0,fresh,,,0,0,0,1,0,0,10.0,10.0,10.0,35.0,0,211,5.479584217071533,0.24378948699312186,,out_of_road
736,replay,0,replay,,,0,0,0,1,0,0,10.0,10.0,10.0,35.0,0,309,7.298096179962158,0.14463436935386323,,out_of_road
737,fresh,6,fresh,,,0,1,0,18,1,1,20.0,5.0,15.0,55.0,2,117,2.3883297443389893,0.22597398444946504,,crash_vehicle
738,replay,6,replay,,,0,1,0,18,1,1,20.0,5.0,15.0,55.0,2,109,2.0052921772003174,0.06436695671136226,,out_of_road
739,fresh,1,fresh,,,0,1,1,2,0,1,15.0,20.0,10.0,35.0,0,1000,2.556328058242798,0.0043067489312961695,,max_step
740,replay,1,replay,,,0,1,1,2,0,1,15.0,20.0,10.0,35.0,0,87,1.7177648544311523,0.04551390248040358,,crash_vehicle
741,fresh,3,fresh,,,0,1,1,5,1,0,10.0,5.0,5.0,20.0,3,821,0.07800118625164032,0.0030862559869558747,,crash_vehicle
742,replay,3,replay,,,0,1,1,5,1,0,10.0,5.0,5.0,20.0,3,95,2.1717023849487305,0.038470415971977145,,out_of_road
743,fresh,1,fresh,,,0,0,0,2,0,1,15.0,40.0,15.0,55.0,2,77,2.185398817062378,0.052586356444018226,,arrive_dest
744,mutation,6,mutation,select_road|select_lane|ego_on_intersection|intersection_has_cars,,2,1,0,18,1,0,15.0,5.0,15.0,20.0,2,1000,0.0010014200815930963,0.004769555777311325,,max_step
745,fresh,0,fresh,,,0,0,0,0,0,0,10.0,5.0,5.0,20.0,0,78,1.466762661933899,0.030966303144127894,rejection_fallback,out_of_road
746,mutation,0,mutation,has_brake_checker,,1,0,0,0,0,0,15.0,40.0,10.0,10.0,0,93,2.0945448875427246,0.052544348983354465,,out_of_road
747,fresh,0,fresh,,,0,1,0,0,1,0,10.0,40.0,15.0,35.0,0,101,2.581155776977539,0.04611826418797568,,crash_vehicle
748,mutation,0,mutation,intersection_cars,,0,1,1,1,1,0,20.0,20.0,10.0,35.0,1,97,1.8921730518341064,0.03506281964250447,,out_of_road
749,fresh,0,fresh,,,0,0,0,0,1,0,15.0,10.0,5.0,20.0,0,85,1.7061586380004883,0.03914175156284781,,crash_vehicle
750,mutation,5,mutation,intersection_cars,,1,1,1,12,1,0,10.0,10.0,10.0,20.0,2,45,0.20007768273353577,0.0377761609852314,,crash_vehicle
751,fresh,0,fresh,,,0,1,1,0,1,0,15.0,10.0,10.0,55.0,0,150,4.388071060180664,0.13655313834547997,,out_of_road
752,crossover,1,crossover,,select_lane|ego_on_intersection|intersection_has_cars|has_cluster|maximum_distractor_speed|distance_to_nearest|cluster_dist,7,0,0,2,0,0,15.0,40.0,10.0,35.0,2,359,11.54550838470459,0.24163913439108387,,out_of_road
753,fresh,5,fresh,,,0,0,0,12,1,0,5.0,20.0,10.0,35.0,2,196,2.7970030307769775,0.06881629316402334,,crash_vehicle
754,mutation,4,mutation,has_brake_checker,,0,0,0,8,0,0,15.0,40.0,15.0,10.0,3,60,0.7411579489707947,0.03187963316837947,,out_of_road
755,fresh,1,fresh,,,0,0,0,2,1,0,10.0,40.0,15.0,55.0,2,152,3.171288013458252,0.12957714629776187,,out_of_road
756,replay,1,replay,,,0,0,0,2,1,0,10.0,40.0,15.0,55.0,2,1000,-0.0026593466755002737,0.012722426336637,,max_step
757,fresh,5,fresh,,,0,1,0,12,0,0,5.0,20.0,10.0,20.0,3,135,1.9818769693374634,0.08366202967310393,,crash_vehicle
758,replay,5,replay,,,0,1,0,12,0,0,5.0,20.0,10.0,20.0,3,178,6.075017929077148,0.17382858732317605,,out_of_road
759,fresh,2,fresh,,,0,1,1,3,1,1,5.0,10.0,10.0,20.0,3,81,1.6148173809051514,0.03777629495770843,,crash_vehicle
760,crossover,1,crossover,,select_lane|ego_on_intersection|intersection_has_cars|distance_to_nearest|cluster_dist|brake_dist,4,1,1,2,1,1,20.0,20.0,15.0,35.0,1,1000,5.416276454925537,0.05389326806273311,,max_step
761,fresh,5,fresh,,,0,0,0,12,1,0,5.0,20.0,5.0,55.0,0,180,3.174440622329712,0.06359338442691498,,out_of_road
762,replay,5,replay,,,0,0,0,12,1,0,5.0,20.0,5.0,55.0,0,109,2.9381747245788574,0.06048026093529588,,crash_vehicle
763,fresh,0,fresh,,,0,0,0,0,1,0,10.0,40.0,5.0,10.0,0,220,4.134647846221924,0.14376047726043245,,out_of_road
764,crossover,4,crossover,,select_lane|ego_on_intersection|intersection_has_cars|intersection_cars|has_cluster|maximum_distractor_speed,1,0,0,8,0,0,15.0,20.0,5.0,55.0,1,195,3.0986878871917725,0.11591734554714117,,out_of_road
765,fresh,2,fresh,,,0,1,0,3,0,0,15.0,10.0,5.0,55.0,0,349,3.716733455657959,0.10588910483240142,,crash_vehicle
766,mutation,3,mutation,select_road|select_lane|ego_on_intersection|intersection_has_cars,,2,1,0,5,1,0,20.0,10.0,5.0,20.0,2,1000,0.4401759207248688,0.003292849412187934,,max_step
767,fresh,4,fresh,,,0,0,0,8,1,0,5.0,10.0,5.0,20.0,1,104,0.8029961585998535,0.00494342465670063,,crash_vehicle
768,crossover,5,crossover,,has_brake_checker|has_cluster|maximum_distractor_speed|brake_dist,2,1,1,12,1,0,20.0,10.0,5.0,55.0,2,99,0.21770229935646057,0.005602407937098031,,out_of_road
769,fresh,4,fresh,,,0,0,0,8,1,0,15.0,20.0,15.0,55.0,2,129,2.8672657012939453,0.10949961566041376,,out_of_road
770,mutation,6,mutation,distractor_cars,,1,1,1,18,1,0,20.0,20.0,15.0,35.0,2,55,0.4918803572654724,0.052415707030079584,,out_of_road
771,fresh,0,fresh,,,0,0,0,0,1,0,20.0,40.0,15.0,55.0,0,99,2.643155336380005,0.07058152705054692,,out_of_road
772,replay,0,replay,,,0,0,0,0,1,0,20.0,40.0,15.0,55.0,0,157,1.4052610397338867,0.06246693334453235,,out_of_road
773,fresh,3,fresh,,,0,0,0,5,1,1,5.0,5.0,5.0,35.0,3,281,1.3757134675979614,0.013872573042812085,,crash_vehicle
774,crossover,0,crossover,,select_lane|ego_on_intersection|intersection_has_cars|distractor_cars|has_brake_checker|intersection_cars|has_cluster|distance_to_nearest|brake_dist,3,0,0,0,0,0,10.0,40.0,10.0,55.0,0,166,6.056105613708496,0.22930612998554506,,out_of_road
775,fresh,5,fresh,,,0,1,0,12,1,1,20.0,40.0,15.0,55.0,0,249,3.993931293487549,0.08844298457569745,,arrive_dest
776,crossover,2,crossover,,select_lane|ego_on_intersection|intersection_has_cars|has_brake_checker|distance_to_nearest|brake_dist,4,0,0,3,1,0,5.0,20.0,10.0,35.0,3,113,2.664199113845825,0.042635745084556066,,crash_vehicle
777,fresh,3,fresh,,,0,1,1,4,0,1,5.0,20.0,10.0,10.0,0,52,0.5538510084152222,0.01699208067013667,,crash_vehicle
778,crossover,5,crossover,,select_lane|ego_on_intersection|intersection_has_cars|maximum_distractor_speed|cluster_dist,4,1,1,12,0,1,5.0,5.0,15.0,35.0,3,162,1.247065782546997,0.059919108630928364,,arrive_dest
779,fresh,6,fresh,,,0,0,0,18,0,1,20.0,20.0,5.0,20.0,3,64,0.5115607976913452,0.007853786810301244,,crash_vehicle
780,mutation,2,mutation,intersection_cars,,1,0,0,3,0,0,20.0,10.0,5.0,35.0,3,242,6.06330680847168,0.13302138254569829,,out_of_road
781,fresh,1,fresh,,,0,1,0,2,1,1,5.0,40.0,15.0,55.0,1,88,1.4444549083709717,0.017501238320784814,,crash_vehicle
782,mutation,6,mutation,maximum_distractor_speed,,1,0,0,18,0,0,20.0,10.0,10.0,35.0,3,526,4.158538341522217,0.0727017014942525,,crash_vehicle
783,fresh,1,fresh,,,0,1,1,2,1,0,5.0,40.0,15.0,55.0,2,97,2.1018505096435547,0.04966636659750312,,out_of_road
784,mutation,4,mutation,maximum_distractor_speed,,1,0,0,8,1,0,20.0,20.0,10.0,35.0,1,247,2.7399394512176514,0.09360675739976558,,out_of_road
785,fresh,0,fresh,,,0,1,0,0,0,0,20.0,5.0,5.0,35.0,0,115,3.8077023029327393,0.10698080898626991,,arrive_dest
786,replay,0,replay,,,0,1,0,0,0,0,20.0,5.0,5.0,35.0,0,82,1.1865776777267456,0.011794013311950171,,crash_vehicle
787,fresh,1,fresh,,,0,1,1,2,1,0,10.0,10.0,5.0,55.0,2,237,8.659564018249512,0.2683549699794014,,out_of_road
788,crossover,4,crossover,,select_lane|ego_on_intersection|intersection_has_cars|cluster_dist,4,1,1,8,0,0,15.0,20.0,10.0,55.0,1,284,10.683082580566406,0.29337088945387324,,out_of_road
789,fresh,6,fresh,,,0,0,0,18,1,1,15.0,40.0,5.0,55.0,3,1000,-0.0002477580273989588,0.012022467628819868,,max_step
790,replay,6,replay,,,0,0,0,18,1,1,15.0,40.0,5.0,55.0,3,68,1.0731525421142578,0.019220374661552554,,crash_vehicle
791,fresh,3,fresh,,,0,1,0,5,1,1,10.0,40.0,10.0,55.0,2,155,4.377908706665039,0.0696160696056341,,out_of_road
792,replay,3,replay,,,0,1,0,5,1,1,10.0,40.0,10.0,55.0,2,253,2.6858737468719482,0.10650686612499974,,crash_vehicle
793,fresh,4,fresh,,,0,1,1,8,0,0,20.0,20.0,15.0,10.0,1,74,0.5934618711471558,0.019547063102190558,,out_of_road
794,crossover,4,crossover,,distractor_cars|has_brake_checker|maximum_distractor_speed|distance_to_nearest,0,1,0,8,0,0,15.0,20.0,10.0,55.0,3,250,10.21182632446289,0.3049856546483934,,out_of_road
795,fresh,0,fresh,,,0,0,0,1,0,1,5.0,10.0,10.0,20.0,1,265,6.978453636169434,0.15937575778379193,,arrive_dest
796,replay,0,replay,,,0,0,0,1,0,1,5.0,10.0,10.0,20.0,1,268,8.583192825317383,0.22638967218322317,,out_of_road
797,fresh,0,fresh,,,0,0,0,0,0,0,10.0,5.0,5.0,20.0,0,275,11.415682792663574,0.3389028636230664,rejection_fallback,out_of_road
798,mutation,5,mutation,has_brake_checker,,0,1,0,12,0,0,5.0,5.0,15.0,20.0,2,1000,0.27674856781959534,0.03276104851369746,,max_step
799,fresh,0,fresh,,,0,0,0,1,0,0,10.0,5.0,5.0,10.0,0,182,2.148099899291992,0.09270235448231368,,crash_vehicle
800,replay,0,replay,,,0,0,0,1,0,0,10.0,5.0,5.0,10.0,0,214,3.1949117183685303,0.1367240073507495,,out_of_road
801,fresh,3,fresh,,,0,1,0,4,0,0,20.0,40.0,10.0,20.0,3,331,12.471551895141602,0.27099780375953886,,out_of_road
802,mutation,2,mutation,distance_to_nearest,,1,0,0,3,1,1,20.0,40.0,15.0,55.0,3,178,3.5596022605895996,0.11135369337038294,,out_of_road
803,fresh,2,fresh,,,0,1,1,3,1,0,20.0,5.0,5.0,35.0,1,398,0.6101009845733643,0.004091501743743318,,crash_vehicle
804,replay,2,replay,,,0,1,1,3,1,0,20.0,5.0,5.0,35.0,1,140,3.3912243843078613,0.16488148349204235,,crash_vehicle
805,fresh,3,fresh,,,0,0,0,5,1,0,20.0,20.0,15.0,35.0,2,92,1.8339552879333496,0.05354505469111483,,crash_vehicle
806,replay,3,replay,,,0,0,0,5,1,0,20.0,20.0,15.0,35.0,2,1000,0.0013110630679875612,0.011893961404683068,,max_step
807,fresh,3,fresh,,,0,1,1,5,1,1,20.0,5.0,5.0,35.0,0,437,13.399073600769043,0.24996600236138436,,out_of_road
808,crossover,5,crossover,,distractor_cars|intersection_cars|maximum_distractor_speed|distance_to_nearest,1,0,0,12,1,1,15.0,10.0,15.0,35.0,2,126,1.2014400959014893,0.033084871432197,,crash_vehicle
809,fresh,4,fresh,,,0,0,0,8,0,1,5.0,5.0,5.0,10.0,3,59,0.17379096150398254,0.00282362242371349,,crash_vehicle
810,mutation,0,mutation,has_cluster,,0,1,0,0,0,0,20.0,5.0,5.0,35.0,0,292,12.554556846618652,0.31022608125174084,,out_of_road
811,fresh,6,fresh,,,0,1,1,18,0,0,15.0,40.0,10.0,10.0,3,84,1.1799345016479492,0.042028636361161865,,out_of_road
812,replay,6,replay,,,0,1,1,18,0,0,15.0,40.0,10.0,10.0,3,98,1.9975355863571167,0.034609208396654954,,out_of_road
813,fresh,3,fresh,,,0,0,0,5,1,1,15.0,20.0,5.0,55.0,3,192,1.7929935455322266,0.06986976223803747,,crash_vehicle
814,crossover,3,crossover,,has_brake_checker|intersection_cars|maximum_distractor_speed|distance_to_nearest|cluster_dist|brake_dist,5,1,0,4,1,0,5.0,20.0,5.0,55.0,3,78,0.2256946563720703,0.03198428241870342,,crash_vehicle
815,fresh,4,fresh,,,0,0,0,8,1,0,20.0,5.0,5.0,20.0,0,272,5.057811260223389,0.13696252010755844,,crash_vehicle
816,crossover,2,crossover,,select_lane|ego_on_intersection|intersection_has_cars|maximum_distractor_speed|distance_to_nearest,4,0,0,3,1,0,20.0,20.0,5.0,55.0,2,111,2.3347787857055664,0.07238590364923349,,out_of_road
817,fresh,5,fresh,,,0,0,0,12,0,0,20.0,10.0,15.0,10.0,1,245,5.14008092880249,0.14046448843971807,,out_of_road
818,replay,5,replay,,,0,0,0,12,0,0,20.0,10.0,15.0,10.0,1,146,3.464505910873413,0.13405896141512752,,crash_vehicle
819,fresh,6,fresh,,,0,1,1,18,1,0,15.0,20.0,10.0,55.0,0,261,8.701525688171387,0.22420072546978106,,out_of_road
820,crossover,3,crossover,,has_brake_checker|has_cluster|distance_to_nearest|cluster_dist,3,0,0,4,1,0,15.0,40.0,15.0,55.0,1,209,5.412635803222656,0.11966856536967903,,crash_vehicle
821,fresh,2,fresh,,,0,1,1,3,1,1,15.0,20.0,10.0,35.0,3,95,2.4398093223571777,0.04011369543150067,,crash_vehicle
822,crossover,3,crossover,,select_lane|ego_on_intersection|intersection_has_cars|distance_to_nearest|cluster_dist,2,0,0,4,1,0,10.0,10.0,15.0,20.0,3,1000,1.663276195526123,0.01698003022838384,,max_step
823,fresh,0,fresh,,,0,1,0,1,1,1,10.0,40.0,10.0,55.0,1,115,3.6175601482391357,0.09259150382941184,,crash_vehicle
824,crossover,5,crossover,,select_lane|ego_on_intersection|intersection_has_cars|has_brake_checker|intersection_cars|maximum_distractor_speed|distance_to_nearest|cluster_dist|brake_dist,5,1,1,12,1,0,20.0,10.0,10.0,55.0,2,253,9.675958633422852,0.2326962611115291,,out_of_road
825,fresh,2,fresh,,,0,1,0,3,1,1,10.0,10.0,15.0,35.0,0,72,0.37529444694519043,0.02122056603224741,,out_of_road
826,mutation,2,mutation,has_cluster,,1,0,0,3,1,0,15.0,20.0,15.0,55.0,3,287,9.334317207336426,0.16447249321812174,,out_of_road
827,fresh,1,fresh,,,0,0,0,2,1,1,10.0,10.0,5.0,55.0,2,154,4.5731425285339355,0.09252591443235998,,crash_vehicle
828,replay,1,replay,,,0,0,0,2,1,1,10.0,10.0,5.0,55.0,2,228,9.162407875061035,0.268579110417417,,out_of_road
829,fresh,5,fresh,,,0,0,0,12,1,0,15.0,5.0,10.0,35.0,1,105,0.6333832144737244,0.04261369822280747,,out_of_road
830,mutation,5,mutation,distractor_cars,,1,1,1,12,1,0,20.0,20.0,10.0,55.0,1,156,1.7561438083648682,0.058328495731051914,,out_of_road
831,fresh,3,fresh,,,0,0,0,4,0,1,10.0,40.0,10.0,35.0,3,650,12.266839027404785,0.14960602049357616,,out_of_road
832,crossover,3,crossover,,select_lane|ego_on_intersection|intersection_has_cars|has_brake_checker|intersection_cars|has_cluster|cluster_dist|brake_dist,5,0,0,4,0,0,5.0,40.0,10.0,35.0,0,86,1.9352083206176758,0.016108048809042503,,out_of_road
833,fresh,3,fresh,,,0,0,0,4,1,0,10.0,10.0,15.0,55.0,3,46,0.1485893279314041,0.0,,out_of_road
834,mutation,2,mutation,brake_dist,,0,0,0,3,1,1,5.0,40.0,5.0,55.0,2,103,0.2775501012802124,0.01636307154899662,,out_of_road
835,fresh,0,fresh,,,0,0,0,0,1,0,15.0,5.0,10.0,20.0,0,336,10.567065238952637,0.21903309325543455,,out_of_road
836,mutation,5,mutation,has_cluster,,0,0,0,12,1,0,5.0,20.0,5.0,55.0,0,181,4.991910934448242,0.0932084141988616,,out_of_road
837,fresh,0,fresh,,,0,0,0,1,1,1,20.0,40.0,5.0,55.0,1,1000,0.4778852164745331,0.0028036478385329248,,max_step
838,mutation,1,mutation,has_cluster,,0,0,0,2,0,0,20.0,10.0,10.0,20.0,0,29,-0.26630648970603943,0.0,,out_of_road
839,fresh,6,fresh,,,0,1,1,18,1,1,15.0,10.0,5.0,55.0,2,856,0.23440802097320557,0.013106879101474291,,crash_vehicle
840,mutation,1,mutation,maximum_distractor_speed,,1,1,1,2,1,0,20.0,10.0,5.0,55.0,2,127,3.9465887546539307,0.08585794877231591,,crash_vehicle
841,fresh,6,fresh,,,0,0,0,18,1,1,15.0,20.0,5.0,55.0,3,129,2.5817506313323975,0.12452185865809288,,crash_vehicle
842,replay,6,replay,,,0,0,0,18,1,1,15.0,20.0,5.0,55.0,3,79,1.670939326286316,0.03446937305263326,,crash_vehicle
843,fresh,4,fresh,,,0,1,0,8,1,1,20.0,10.0,10.0,55.0,1,459,13.728978157043457,0.21486118172086402,,out_of_road
844,crossover,4,crossover,,distractor_cars|has_brake_checker|has_cluster|distance_to_nearest|cluster_dist|brake_dist,2,1,0,8,1,0,15.0,40.0,10.0,55.0,3,54,0.7230842709541321,0.016137577696806855,,out_of_road
845,fresh,1,fresh,,,0,0,0,2,1,1,15.0,10.0,15.0,55.0,0,150,2.3041882514953613,0.07766446021385491,,crash_vehicle
846,replay,1,replay,,,0,0,0,2,1,1,15.0,10.0,15.0,55.0,0,254,9.929244995117188,0.34231393372889346,,crash_vehicle
847,fresh,6,fresh,,,0,1,1,18,0,1,20.0,40.0,5.0,55.0,3,72,1.2854244709014893,0.017237610028435785,,crash_vehicle
848,mutation,5,mutation,cluster_dist,,0,1,0,12,0,0,5.0,5.0,15.0,20.0,1,188,2.8830206394195557,0.12680326604304162,,crash_vehicle
849,fresh,5,fresh,,,0,1,0,12,1,1,5.0,20.0,5.0,55.0,1,54,0.44116392731666565,0.01071512919885141,,crash_vehicle
850,replay,5,replay,,,0,1,0,12,1,1,5.0,20.0,5.0,55.0,1,79,1.386206865310669,0.012771212601963478,,crash_vehicle
851,fresh,3,fresh,,,0,1,1,5,0,0,10.0,5.0,10.0,55.0,1,47,-0.0160687118768692,0.0,,crash_vehicle
852,crossover,6,crossover,,intersection_cars|maximum_distractor_speed|distance_to_nearest|brake_dist,2,1,1,18,1,0,15.0,20.0,10.0,55.0,0,1000,0.7813810110092163,0.013185178227256983,,max_step
853,fresh,1,fresh,,,0,0,0,2,0,0,15.0,40.0,10.0,35.0,2,12,-0.24059060215950012,0.0,,crash_vehicle
854,replay,1,replay,,,0,0,0,2,0,0,15.0,40.0,10.0,35.0,2,110,2.201298475265503,0.04641705850477923,,crash_vehicle
855,fresh,5,fresh,,,0,0,0,12,1,0,10.0,20.0,5.0,35.0,3,115,2.1478629112243652,0.07052275431544884,,out_of_road
856,replay,5,replay,,,0,0,0,12,1,0,10.0,20.0,5.0,35.0,3,141,3.452627658843994,0.07418968695618794,,crash_vehicle
857,fresh,4,fresh,,,0,0,0,8,1,1,5.0,5.0,5.0,35.0,3,30,-0.011917263269424438,0.0,,crash_vehicle
858,replay,4,replay,,,0,0,0,8,1,1,5.0,5.0,5.0,35.0,3,94,1.915220022201538,0.06339053310295369,,crash_vehicle
859,fresh,0,fresh,,,0,1,1,1,0,1,10.0,10.0,10.0,35.0,1,115,2.357938289642334,0.044496511927117476,,out_of_road
860,mutation,1,mutation,intersection_cars,,1,1,0,2,0,0,10.0,40.0,10.0,20.0,1,163,5.960314750671387,0.2129092657355809,,out_of_road
861,fresh,1,fresh,,,0,0,0,2,0,0,5.0,10.0,10.0,10.0,1,336,4.400176048278809,0.05873443982619349,,crash_vehicle
862,mutation,6,mutation,maximum_distractor_speed,,1,1,1,18,1,1,10.0,40.0,15.0,55.0,3,1000,2.045408248901367,0.010212782041169703,,max_step
863,fresh,3,fresh,,,0,1,0,4,0,0,5.0,40.0,5.0,35.0,2,227,8.97530460357666,0.1638300797003547,,out_of_road
864,mutation,3,mutation,intersection_cars,,1,1,1,5,0,0,20.0,10.0,10.0,20.0,0,1000,0.4196464717388153,0.003518826969433576,,max_step
865,fresh,0,fresh,,,0,0,0,1,1,1,20.0,5.0,15.0,20.0,0,428,7.4503560066223145,0.1765077996729203,,out_of_road
866,replay,0,replay,,,0,0,0,1,1,1,20.0,5.0,15.0,20.0,0,90,1.8684086799621582,0.04715688841210471,,out_of_road
867,fresh,1,fresh,,,0,0,0,2,1,0,15.0,10.0,10.0,20.0,0,170,2.0384457111358643,0.11295284570797401,,out_of_road
868,crossover,1,crossover,,distractor_cars|has_brake_checker|has_cluster|distance_to_nearest|cluster_dist|brake_dist,2,1,0,2,1,0,20.0,20.0,15.0,35.0,0,335,11.080288887023926,0.19117581161962294,,out_of_road
869,fresh,5,fresh,,,0,0,0,12,0,0,20.0,20.0,15.0,35.0,2,308,7.971085548400879,0.1391353921771243,,out_of_road
870,replay,5,replay,,,0,0,0,12,0,0,20.0,20.0,15.0,35.0,2,149,2.8528244495391846,0.08298505855186673,,arrive_dest
871,fresh,4,fresh,,,0,0,0,8,1,1,20.0,10.0,15.0,35.0,2,255,0.6110631823539734,0.045007066074393545,,crash_vehicle
872,replay,4,replay,,,0,0,0,8,1,1,20.0,10.0,15.0,35.0,2,205,-0.20934030413627625,0.07894024885282284,,crash_vehicle
873,fresh,0,fresh,,,0,1,0,1,0,0,15.0,40.0,5.0,55.0,1,99,2.5440826416015625,0.053186347915066615,,out_of_road
874,mutation,2,mutation,intersection_cars,,1,0,0,3,1,1,20.0,20.0,15.0,35.0,2,152,2.59726619720459,0.11391723750306196,,out_of_road
875,fresh,0,fresh,,,0,1,0,1,1,0,15.0,40.0,5.0,55.0,1,85,1.646978735923767,0.031777382406460886,,out_of_road
876,replay,0,replay,,,0,1,0,1,1,0,15.0,40.0,5.0,55.0,1,638,10.843388557434082,0.12362722179569234,,crash_vehicle
877,fresh,2,fresh,,,0,0,0,3,0,0,10.0,10.0,15.0,20.0,2,288,8.596843719482422,0.11350993112137076,,out_of_road
878,crossover,5,crossover,,select_lane|ego_on_intersection|intersection_has_cars|distractor_cars|has_brake_checker|intersection_cars|has_cluster|maximum_distractor_speed|cluster_dist|brake_dist,5,1,1,12,1,0,5.0,10.0,5.0,55.0,1,244,9.103764533996582,0.24405313507638504,,out_of_road
879,fresh,0,fresh,,,0,0,0,1,1,0,10.0,20.0,15.0,35.0,0,201,3.202662229537964,0.08242938674717623,,arrive_dest
880,replay,0,replay,,,0,0,0,1,1,0,10.0,20.0,15.0,35.0,0,209,9.060922622680664,0.14066770406324042,,out_of_road
881,fresh,2,fresh,,,0,0,0,3,0,0,10.0,20.0,5.0,55.0,2,683,21.14632797241211,0.24772802324171994,,out_of_road
882,mutation,2,mutation,distractor_cars,,0,0,0,3,0,0,5.0,10.0,10.0,35.0,0,448,6.495192527770996,0.09290004644156268,,out_of_road
883,fresh,3,fresh,,,0,0,0,5,1,1,15.0,5.0,5.0,20.0,1,54,-0.012705519795417786,0.0002776912792965218,,crash_vehicle
884,crossover,6,crossover,,distractor_cars|distance_to_nearest|cluster_dist|brake_dist,2,1,0,18,1,0,5.0,40.0,15.0,55.0,1,99,2.390540838241577,0.03634302190156898,,crash_vehicle
885,fresh,0,fresh,,,0,0,0,0,1,0,10.0,20.0,15.0,55.0,0,97,2.247547149658203,0.026915174784119596,,out_of_road
886,replay,0,replay,,,0,0,0,0,1,0,10.0,20.0,15.0,55.0,0,1000,0.2002057135105133,0.002613334319088608,,max_step
887,fresh,0,fresh,,,0,1,0,0,1,0,20.0,10.0,15.0,10.0,0,223,8.08511734008789,0.14563931274173506,,out_of_road
888,crossover,4,crossover,,distance_to_nearest|brake_dist,1,1,0,8,1,1,10.0,10.0,5.0,55.0,3,55,0.368746280670166,0.012447740814902566,,crash_vehicle
889,fresh,0,fresh,,,0,1,0,0,1,0,15.0,10.0,5.0,55.0,0,46,1.2636055946350098,0.016220099171218666,,arrive_dest
890,crossover,0,crossover,,distractor_cars|intersection_cars|maximum_distractor_speed|cluster_dist,1,0,0,0,1,0,15.0,40.0,5.0,20.0,0,89,1.7120543718338013,0.018526297104492617,,crash_vehicle
891,fresh,1,fresh,,,0,0,0,2,0,1,20.0,20.0,5.0,55.0,0,54,0.620197594165802,0.010300790822064435,,crash_vehicle
892,replay,1,replay,,,0,0,0,2,0,1,20.0,20.0,5.0,55.0,0,194,6.13010311126709,0.12986172266189278,,out_of_road
893,fresh,1,fresh,,,0,1,0,2,0,0,15.0,40.0,10.0,35.0,2,139,3.484050989151001,0.08875127867695025,,out_of_road
894,crossover,0,crossover,,has_brake_checker|intersection_cars|maximum_distractor_speed|cluster_dist|brake_dist,4,1,0,0,0,0,5.0,10.0,10.0,20.0,0,195,8.845880508422852,0.17362793024915915,,out_of_road
895,fresh,3,fresh,,,0,0,0,5,0,0,5.0,20.0,15.0,35.0,1,593,0.9008467197418213,0.013164287861782122,,crash_vehicle
896,crossover,5,crossover,,distractor_cars|intersection_cars|maximum_distractor_speed|cluster_dist|brake_dist,4,0,0,12,1,0,20.0,20.0,15.0,35.0,2,55,0.556750476360321,0.012516841021451083,,crash_vehicle
897,fresh,3,fresh,,,0,0,0,4,1,0,15.0,5.0,10.0,20.0,3,216,2.088890314102173,0.10743560429869427,,out_of_road
898,mutation,2,mutation,cluster_dist,,1,1,0,3,0,0,20.0,10.0,15.0,35.0,2,206,5.3239030838012695,0.253343018603701,,arrive_dest
899,fresh,3,fresh,,,0,0,0,5,0,1,20.0,5.0,5.0,55.0,1,42,-0.012214362621307373,0.041658583230205944,,crash_vehicle
900,crossover,2,crossover,,select_lane|ego_on_intersection|intersection_has_cars|has_brake_checker|intersection_cars|maximum_distractor_speed|distance_to_nearest|cluster_dist,5,1,1,3,1,1,20.0,5.0,10.0,35.0,3,234,5.800920009613037,0.17813980717482603,,out_of_road
901,fresh,6,fresh,,,0,1,0,18,0,1,5.0,20.0,15.0,55.0,2,74,0.9910279512405396,0.00509929093154701,,crash_vehicle
902,replay,6,replay,,,0,1,0,18,0,1,5.0,20.0,15.0,55.0,2,230,7.639833450317383,0.14426051099055812,,arrive_dest
903,fresh,2,fresh,,,0,0,0,3,1,1,20.0,20.0,10.0,35.0,2,1000,2.5239179134368896,0.019351100727915765,,max_step
904,crossover,2,crossover,,select_lane|ego_on_intersection|intersection_has_cars|intersection_cars|has_cluster|cluster_dist|brake_dist,7,1,1,3,1,0,15.0,10.0,5.0,55.0,1,147,3.367002010345459,0.18442700515646918,,crash_vehicle
905,fresh,4,fresh,,,0,1,1,8,1,0,15.0,10.0,5.0,20.0,2,160,2.505220413208008,0.1466669762186939,,out_of_road
906,mutation,0,mutation,has_cluster,,0,0,0,0,0,0,20.0,40.0,15.0,35.0,0,258,12.660077095031738,0.30522134246542876,,out_of_road
907,fresh,1,fresh,,,0,1,1,2,0,1,20.0,40.0,5.0,20.0,2,89,2.6634786128997803,0.05754855174696847,,out_of_road
908,crossover,2,crossover,,select_lane|ego_on_intersection|intersection_has_cars|intersection_cars|cluster_dist|brake_dist,5,0,0,3,0,0,10.0,40.0,10.0,20.0,3,96,1.7010728120803833,0.0942620515706949,,out_of_road
909,fresh,3,fresh,,,0,1,1,5,1,1,15.0,40.0,5.0,55.0,0,79,1.330259919166565,0.013376839081697825,,crash_vehicle
910,mutation,3,mutation,maximum_distractor_speed,,1,1,1,4,0,0,5.0,10.0,10.0,20.0,3,96,0.5068235397338867,0.028661388457597543,,crash_vehicle
911,fresh,2,fresh,,,0,1,1,3,1,0,10.0,10.0,10.0,20.0,0,1000,0.6653386354446411,0.0030949847297742964,,max_step
912,mutation,6,mutation,has_brake_checker,,1,1,0,18,0,1,20.0,5.0,15.0,55.0,2,164,-0.04702749848365784,0.001177903991646883,,crash_vehicle
913,fresh,4,fresh,,,0,1,1,8,0,0,10.0,40.0,15.0,10.0,2,246,8.081891059875488,0.18188789395456453,,out_of_road
914,mutation,4,mutation,intersection_cars,,0,0,0,8,1,0,15.0,20.0,10.0,55.0,1,1000,2.8205089569091797,0.09842179617192597,,max_step
915,fresh,0,fresh,,,0,1,0,1,1,1,10.0,5.0,15.0,35.0,0,125,1.7853862047195435,0.16999443608522416,,out_of_road
916,crossover,6,crossover,,distractor_cars|intersection_cars|maximum_distractor_speed|brake_dist,3,0,0,18,0,0,5.0,10.0,5.0,55.0,3,200,-0.2872486114501953,0.039382625931175426,,out_of_road
917,fresh,3,fresh,,,0,1,0,4,1,1,20.0,20.0,5.0,35.0,1,56,0.45190930366516113,0.008951229708535331,,crash_vehicle
918,mutation,3,mutation,maximum_distractor_speed,,0,1,0,4,0,0,20.0,40.0,10.0,20.0,3,327,11.996685028076172,0.20764505136644165,,arrive_dest
919,fresh,4,fresh,,,0,1,1,8,0,1,10.0,5.0,15.0,10.0,3,1000,0.0011230057571083307,0.0011540240049362183,,max_step
920,mutation,2,mutation,distance_to_nearest,,1,0,0,3,0,0,5.0,5.0,10.0,35.0,0,48,0.19046650826931,0.0066088031356533366,,crash_vehicle
921,fresh,2,fresh,,,0,0,0,3,1,0,15.0,40.0,5.0,55.0,2,198,8.123907089233398,0.10691635017612516,,out_of_road
922,crossover,2,crossover,,distractor_cars|maximum_distractor_speed|distance_to_nearest|brake_dist,1,0,0,3,0,0,20.0,10.0,5.0,35.0,3,151,3.67069935798645,0.0898910364789876,,out_of_road
923,fresh,6,fresh,,,0,1,1,18,0,1,5.0,10.0,10.0,20.0,3,145,1.2630882263183594,0.016598357696985377,,crash_vehicle
924,crossover,2,crossover,,select_lane|ego_on_intersection|intersection_has_cars|intersection_cars|maximum_distractor_speed|brake_dist,1,0,0,3,1,0,20.0,20.0,15.0,55.0,2,261,8.1158447265625,0.048967624270496356,,out_of_road
925,fresh,0,fresh,,,0,1,1,0,0,0,20.0,20.0,10.0,20.0,0,57,0.7098743915557861,0.02318934668182281,,out_of_road
926,mutation,2,mutation,brake_dist,,0,1,1,3,1,0,15.0,20.0,5.0,55.0,1,81,1.6546272039413452,0.03391858834175416,,crash_vehicle
927,fresh,4,fresh,,,0,1,0,8,0,0,10.0,5.0,5.0,55.0,3,54,0.1712949573993683,0.03124647753106223,,crash_vehicle
928,replay,4,replay,,,0,1,0,8,0,0,10.0,5.0,5.0,55.0,3,171,5.441344738006592,0.2225038961491041,,out_of_road
929,fresh,0,fresh,,,0,1,0,0,1,0,20.0,10.0,15.0,55.0,0,132,4.394335746765137,0.10727383458817547,,crash_vehicle
930,replay,0,replay,,,0,1,0,0,1,0,20.0,10.0,15.0,55.0,0,185,3.388815402984619,0.2163359420726428,,crash_vehicle
931,fresh,3,fresh,,,0,0,0,5,0,0,10.0,5.0,15.0,20.0,2,1000,0.2103826254606247,0.004810472559649497,,max_step
932,replay,3,replay,,,0,0,0,5,0,0,10.0,5.0,15.0,20.0,2,256,4.2505974769592285,0.11343763281183783,,crash_vehicle
933,fresh,0,fresh,,,0,0,0,0,0,0,20.0,20.0,10.0,55.0,0,96,2.044304370880127,0.03438634122721851,,out_of_road
934,crossover,4,crossover,,has_brake_checker|intersection_cars|has_cluster|maximum_distractor_speed|cluster_dist,2,0,0,8,1,1,15.0,20.0,10.0,35.0,3,68,0.6996860504150391,0.0017405399395262495,,crash_vehicle
935,fresh,1,fresh,,,0,0,0,2,0,0,10.0,5.0,5.0,10.0,1,1000,0.18231405317783356,0.0004789592269808054,,max_step
936,replay,1,replay,,,0,0,0,2,0,0,10.0,5.0,5.0,10.0,1,121,3.2295358180999756,0.10453268698578284,,out_of_road
937,fresh,2,fresh,,,0,1,0,3,0,1,20.0,10.0,5.0,55.0,3,2,0.4913712441921234,0.0,,arrive_dest
938,crossover,3,crossover,,distractor_cars|has_brake_checker|has_cluster|maximum_distractor_speed|brake_dist,4,0,0,5,1,1,20.0,5.0,10.0,35.0,3,379,-0.14104141294956207,0.0021856797952450675,,crash_vehicle
939,fresh,0,fresh,,,0,1,1,0,0,0,5.0,20.0,5.0,10.0,0,100,3.0473995208740234,0.08058416180312633,,out_of_road
940,mutation,0,mutation,distractor_cars,,2,0,0,0,0,0,5.0,20.0,5.0,35.0,0,75,1.363917589187622,0.05920429940025012,,out_of_road
941,fresh,4,fresh,,,0,1,0,8,1,0,15.0,10.0,10.0,20.0,2,60,0.22740843892097473,0.002066129446029663,,crash_vehicle
942,replay,4,replay,,,0,1,0,8,1,0,15.0,10.0,10.0,20.0,2,1000,1.3795855045318604,0.0034540186153608375,,max_step
943,fresh,3,fresh,,,0,0,0,5,0,0,5.0,20.0,5.0,20.0,0,596,0.7350350618362427,0.0016120122269033487,,crash_vehicle
944,crossover,1,crossover,,has_brake_checker|intersection_cars|has_cluster|cluster_dist,2,1,1,2,1,0,20.0,20.0,15.0,35.0,0,152,2.493302345275879,0.09597691018624525,,out_of_road
945,fresh,1,fresh,,,0,0,0,2,1,0,20.0,20.0,15.0,55.0,2,109,3.237464189529419,0.14630757966036095,,crash_vehicle
946,crossover,1,crossover,,distractor_cars|cluster_dist,0,0,0,2,1,1,20.0,5.0,5.0,55.0,2,107,3.2495293617248535,0.14698965095470998,,crash_vehicle
947,fresh,1,fresh,,,0,1,1,2,1,1,15.0,10.0,10.0,35.0,0,77,0.8704465627670288,0.06880975592058974,,crash_vehicle
948,mutation,0,mutation,select_road|select_lane|ego_on_intersection|intersection_has_cars,,1,0,0,1,0,1,5.0,40.0,5.0,35.0,0,88,2.3379127979278564,0.09640740024306896,,crash_vehicle
949,fresh,1,fresh,,,0,1,1,2,0,0,15.0,40.0,10.0,35.0,2,113,2.5273220539093018,0.016088108499163548,,out_of_road
950,crossover,1,crossover,,distractor_cars|distance_to_nearest,1,1,1,2,1,1,10.0,5.0,5.0,55.0,2,1000,0.38354814052581787,0.0018684222921729087,,max_step
951,fresh,1,fresh,,,0,0,0,2,1,0,20.0,20.0,5.0,35.0,2,2,0.49305182695388794,0.0,,arrive_dest
952,replay,1,replay,,,0,0,0,2,1,0,20.0,20.0,5.0,35.0,2,311,9.611255645751953,0.18955979548197036,,out_of_road
953,fresh,0,fresh,,,0,0,0,0,1,0,20.0,10.0,10.0,35.0,0,113,2.59552264213562,0.07748904692388214,,crash_vehicle
954,crossover,3,crossover,,select_lane|ego_on_intersection|intersection_has_cars|distance_to_nearest|brake_dist,2,0,0,4,0,1,10.0,40.0,10.0,35.0,2,80,1.4002223014831543,0.02946066011209041,,crash_vehicle
955,fresh,1,fresh,,,0,1,1,2,1,1,5.0,40.0,15.0,55.0,1,97,2.2548916339874268,0.03566856359698109,,crash_vehicle
956,crossover,6,crossover,,has_cluster|maximum_distractor_speed|distance_to_nearest|cluster_dist|brake_dist,2,0,0,18,1,0,15.0,20.0,10.0,55.0,1,292,6.573092460632324,0.24423697255296659,,crash_vehicle
957,fresh,3,fresh,,,0,1,1,4,1,1,5.0,40.0,5.0,55.0,0,86,1.6332257986068726,0.023045973159199536,,crash_vehicle
958,mutation,1,mutation,distance_to_nearest,,1,1,1,2,1,1,20.0,5.0,5.0,55.0,1,149,2.392967700958252,0.18070710213517382,,out_of_road
959,fresh,4,fresh,,,0,1,1,8,1,1,10.0,40.0,5.0,55.0,3,69,1.2987709045410156,0.022297454431005146,,crash_vehicle
960,mutation,6,mutation,has_cluster,,1,0,0,18,0,1,5.0,10.0,5.0,55.0,3,1000,0.19687427580356598,0.00045709664380410686,,max_step
961,fresh,3,fresh,,,0,0,0,5,0,1,20.0,10.0,5.0,35.0,0,1000,0.3207308351993561,0.0006826777197420597,,max_step
962,crossover,2,crossover,,select_lane|ego_on_intersection|intersection_has_cars|has_brake_checker|intersection_cars,1,0,0,3,1,1,15.0,20.0,15.0,55.0,2,110,2.1648213863372803,0.07405573092401027,,crash_vehicle
963,fresh,6,fresh,,,0,1,1,18,0,1,15.0,5.0,5.0,35.0,1,1000,0.1551676243543625,0.0021853368554729967,,max_step
964,mutation,1,mutation,distractor_cars,,1,1,1,2,1,1,15.0,5.0,10.0,55.0,0,1000,0.5051189064979553,0.0060938019764143975,,max_step
965,fresh,0,fresh,,,0,1,1,0,0,0,5.0,40.0,5.0,55.0,0,195,7.723322868347168,0.20095192556961988,,out_of_road
966,replay,0,replay,,,0,1,1,0,0,0,5.0,40.0,5.0,55.0,0,246,9.415675163269043,0.2686329800332707,,out_of_road
967,fresh,6,fresh,,,0,0,0,18,0,0,10.0,10.0,15.0,20.0,3,212,3.487311363220215,0.043457315984305064,,crash_vehicle
968,crossover,4,crossover,,has_brake_checker|intersection_cars|maximum_distractor_speed|distance_to_nearest|cluster_dist|brake_dist,3,0,0,8,1,1,20.0,10.0,15.0,35.0,2,54,0.7291480898857117,0.11008092264334361,,crash_vehicle
969,fresh,4,fresh,,,0,1,1,8,1,0,15.0,20.0,10.0,35.0,2,152,4.386542797088623,0.06292101714490472,,crash_vehicle
970,replay,4,replay,,,0,1,1,8,1,0,15.0,20.0,10.0,35.0,2,232,0.11302696168422699,0.06572826024433918,,crash_vehicle
971,fresh,5,fresh,,,0,1,0,12,0,1,15.0,5.0,10.0,55.0,0,1000,0.001492445939220488,0.006128784904372879,,max_step
972,crossover,6,crossover,,select_lane|ego_on_intersection|intersection_has_cars|distractor_cars|has_brake_checker|intersection_cars|has_cluster|distance_to_nearest,6,0,0,18,1,1,20.0,5.0,10.0,55.0,0,1000,3.163919687271118,0.033900044261477885,,max_step
973,fresh,5,fresh,,,0,0,0,12,1,1,5.0,5.0,10.0,35.0,2,1000,0.36006009578704834,0.015223917168332263,,max_step
974,mutation,3,mutation,has_brake_checker,,1,0,0,4,1,0,15.0,20.0,5.0,55.0,1,134,2.4671716690063477,0.11288503278741863,,out_of_road
975,fresh,3,fresh,,,0,0,0,4,0,1,5.0,10.0,15.0,20.0,3,81,1.1590384244918823,0.1213146206451419,,crash_vehicle
976,replay,3,replay,,,0,0,0,4,0,1,5.0,10.0,15.0,20.0,3,59,0.8203647136688232,0.017032946886147482,,crash_vehicle
977,fresh,2,fresh,,,0,0,0,3,0,0,10.0,40.0,5.0,10.0,2,189,6.575013637542725,0.3091596930667206,,crash_vehicle
978,replay,2,replay,,,0,0,0,3,0,0,10.0,40.0,5.0,10.0,2,286,6.605550289154053,0.24082339637736966,,crash_vehicle
979,fresh,0,fresh,,,0,0,0,1,1,0,20.0,10.0,10.0,35.0,1,81,0.7068488597869873,0.031004379572415794,,out_of_road
980,crossover,2,crossover,,select_lane|ego_on_intersection|intersection_has_cars|distractor_cars|maximum_distractor_speed|cluster_dist,4,1,1,3,0,0,15.0,10.0,5.0,35.0,3,216,7.029418468475342,0.19765482033188972,,out_of_road
981,fresh,0,fresh,,,0,0,0,0,1,0,20.0,20.0,5.0,10.0,0,23,-0.2581291198730469,0.0,,out_of_road
982,crossover,6,crossover,,distractor_cars|has_brake_checker|has_cluster|cluster_dist,3,1,1,18,1,1,20.0,40.0,15.0,55.0,0,627,13.616781234741211,0.1998759163335631,,out_of_road
983,fresh,2,fresh,,,0,1,1,3,0,0,5.0,40.0,10.0,55.0,0,326,9.584076881408691,0.1970560929817976,,out_of_road
984,replay,2,replay,,,0,1,1,3,0,0,5.0,40.0,10.0,55.0,0,93,1.9418257474899292,0.10603767134729893,,crash_vehicle
985,fresh,0,fresh,,,0,1,0,0,1,0,15.0,20.0,10.0,35.0,0,205,8.974078178405762,0.22473517054828202,,out_of_road
986,mutation,1,mutation,intersection_cars,,0,1,1,2,1,0,20.0,20.0,15.0,35.0,2,172,6.33906888961792,0.10235689591269853,,out_of_road
987,fresh,0,fresh,,,0,1,1,0,0,0,15.0,40.0,15.0,35.0,0,114,2.9522690773010254,0.024147202701945054,,out_of_road
988,mutation,4,mutation,brake_dist,,0,1,1,8,1,0,10.0,40.0,10.0,55.0,0,75,1.4395804405212402,0.0275479918718338,,crash_vehicle
989,fresh,6,fresh,,,0,1,0,18,0,1,10.0,10.0,15.0,10.0,2,187,2.0850274562835693,0.059277692386372524,,out_of_road
990,crossover,3,crossover,,distractor_cars|distance_to_nearest|cluster_dist,1,1,1,5,1,0,20.0,5.0,5.0,20.0,3,526,0.25153833627700806,0.012329056168492076,,crash_vehicle
991,fresh,0,fresh,,,0,1,1,0,0,0,15.0,10.0,10.0,20.0,0,116,2.784071683883667,0.08314991488667398,,out_of_road
992,replay,0,replay,,,0,1,1,0,0,0,15.0,10.0,10.0,20.0,0,179,3.706343173980713,0.11322702315906531,,out_of_road
993,fresh,3,fresh,,,0,0,0,4,1,1,15.0,40.0,5.0,55.0,0,153,2.46793270111084,0.11962523087372187,,crash_vehicle
994,replay,3,replay,,,0,0,0,4,1,1,15.0,40.0,5.0,55.0,0,217,8.533868789672852,0.16613698121984297,,out_of_road
995,fresh,1,fresh,,,0,0,0,2,0,0,20.0,40.0,15.0,55.0,0,107,3.1775600910186768,0.17702558671481142,,out_of_road
996,mutation,5,mutation,has_cluster,,0,1,1,12,1,0,20.0,10.0,10.0,55.0,2,282,2.1337647438049316,0.07001311794015849,,crash_vehicle
997,fresh,4,fresh,,,0,1,0,8,1,1,10.0,10.0,10.0,55.0,0,1000,0.2119961827993393,0.00649811540171504,,max_step
998,replay,4,replay,,,0,1,0,8,1,1,10.0,10.0,10.0,55.0,0,80,0.9592333436012268,0.03021312120836228,,crash_vehicle
999,fresh,0,fresh,,,0,0,0,1,0,0,20.0,10.0,5.0,10.0,1,75,1.7354133129119873,0.02298584113518397,,out_of_road
1000,crossover,0,crossover,,distance_to_nearest,0,0,0,1,0,0,20.0,20.0,15.0,35.0,1,114,2.5696895122528076,0.019944712830086548,,out_of_road
1001,fresh,3,fresh,,,0,1,1,4,1,0,20.0,10.0,5.0,20.0,0,1000,0.397988885641098,0.005510767773608677,,max_step
1002,replay,3,replay,,,0,1,1,4,1,0,20.0,10.0,5.0,20.0,0,256,8.993624687194824,0.15409848592753406,,out_of_road
1003,fresh,3,fresh,,,0,0,0,4,1,1,10.0,20.0,10.0,55.0,1,77,1.237980604171753,0.019450481110191965,,crash_vehicle
1004,crossover,4,crossover,,distractor_cars|has_brake_checker|maximum_distractor_speed|distance_to_nearest|cluster_dist,1,0,0,8,0,0,15.0,20.0,10.0,55.0,0,182,5.113160133361816,0.26582322071132425,,out_of_road
1005,fresh,0,fresh,,,0,1,0,0,1,0,20.0,40.0,10.0,20.0,0,75,0.7052678465843201,0.0409459774941206,,out_of_road
1006,mutation,4,mutation,cluster_dist,,0,0,0,8,0,0,15.0,20.0,5.0,55.0,1,194,7.146725654602051,0.3056300970216848,,out_of_road
1007,fresh,3,fresh,,,0,0,0,5,0,0,15.0,10.0,5.0,55.0,1,81,0.6251062154769897,0.03915655258813022,,out_of_road
1008,mutation,3,mutation,maximum_distractor_speed,,1,1,0,5,0,0,5.0,10.0,10.0,20.0,2,244,9.301141738891602,0.20548380914308345,,out_of_road
1009,fresh,2,fresh,,,0,0,0,3,0,1,5.0,20.0,15.0,10.0,1,96,1.8049925565719604,0.0646810171128891,,crash_vehicle
1010,crossover,3,crossover,,select_lane|ego_on_intersection|intersection_has_cars|intersection_cars|has_cluster|maximum_distractor_speed|distance_to_nearest|cluster_dist,6,1,0,4,1,0,20.0,5.0,15.0,55.0,0,1000,0.14015702903270721,0.0011302670175791717,,max_step
1011,fresh,0,fresh,,,0,1,0,1,1,0,20.0,40.0,5.0,55.0,1,117,3.374753713607788,0.09144080065700233,,crash_vehicle
1012,replay,0,replay,,,0,1,0,1,1,0,20.0,40.0,5.0,55.0,1,221,8.401703834533691,0.15333630635015397,,out_of_road
1013,fresh,2,fresh,,,0,0,0,3,0,0,10.0,10.0,10.0,55.0,0,278,3.5690128803253174,0.12253975412614054,,out_of_road
1014,replay,2,replay,,,0,0,0,3,0,0,10.0,10.0,10.0,55.0,0,79,0.9965986013412476,0.02706080615001766,,crash_vehicle
1015,fresh,0,fresh,,,0,1,1,0,1,0,20.0,40.0,5.0,20.0,0,318,13.049614906311035,0.2509814244431426,,out_of_road
1016,crossover,4,crossover,,distractor_cars|has_brake_checker|intersection_cars|has_cluster|maximum_distractor_speed|cluster_dist,3,0,0,8,0,0,15.0,5.0,5.0,20.0,1,1000,0.201700821518898,0.00022986717568710446,,max_step
1017,fresh,6,fresh,,,0,0,0,18,1,1,20.0,5.0,5.0,20.0,0,1000,0.0682322308421135,0.003777038197033107,,max_step
1018,crossover,2,crossover,,maximum_distractor_speed|distance_to_nearest|cluster_dist|brake_dist,2,0,0,3,0,0,20.0,20.0,5.0,55.0,2,221,8.236237525939941,0.31670397131101174,,out_of_road
1019,fresh,0,fresh,,,0,1,1,0,0,0,15.0,20.0,15.0,35.0,0,100,2.25663161277771,0.018981606396846474,,out_of_road
1020,mutation,3,mutation,distractor_cars,,1,0,0,4,1,0,20.0,20.0,15.0,55.0,2,84,0.8735203742980957,0.008672000396819342,,crash_vehicle
1021,fresh,2,fresh,,,0,0,0,3,0,1,5.0,20.0,5.0,35.0,2,227,8.977968215942383,0.1443459744183634,,out_of_road
1022,replay,2,replay,,,0,0,0,3,0,1,5.0,20.0,5.0,35.0,2,78,1.1802866458892822,0.03481234587991658,,crash_vehicle
1023,fresh,3,fresh,,,0,0,0,5,1,0,15.0,5.0,15.0,55.0,1,151,1.173609733581543,0.06868409478284468,,crash_vehicle
1024,replay,3,replay,,,0,0,0,5,1,0,15.0,5.0,15.0,55.0,1,395,4.66396951675415,0.10131319685355772,,crash_vehicle
1025,fresh,0,fresh,,,0,1,1,0,1,0,5.0,40.0,15.0,55.0,0,85,1.632573127746582,0.023612460148904252,,out_of_road
1026,crossover,6,crossover,,,0,1,1,18,1,0,5.0,40.0,15.0,55.0,3,92,2.6854746341705322,0.05825058162293356,,crash_vehicle
1027,fresh,0,fresh,,,0,0,0,0,0,0,10.0,5.0,5.0,20.0,0,146,5.213082313537598,0.15481561344206232,rejection_fallback,out_of_road
1028,crossover,1,crossover,,select_lane|ego_on_intersection|intersection_has_cars|distractor_cars|has_brake_checker|has_cluster|maximum_distractor_speed|cluster_dist,6,0,0,2,1,0,15.0,20.0,5.0,35.0,2,127,2.3009531497955322,0.06214345810113577,,out_of_road
1029,fresh,2,fresh,,,0,0,0,3,0,1,20.0,5.0,15.0,10.0,3,215,8.018534660339355,0.21408947124470806,,out_of_road
1030,crossover,2,crossover,,select_lane|ego_on_intersection|intersection_has_cars|intersection_cars|has_cluster|maximum_distractor_speed|distance_to_nearest|brake_dist,5,0,0,3,1,0,10.0,10.0,15.0,20.0,3,20,-0.2386064976453781,0.03656339310109615,,out_of_road
1031,fresh,1,fresh,,,0,0,0,2,0,1,5.0,10.0,10.0,35.0,1,240,8.63654899597168,0.15268967628168564,,out_of_road
1032,mutation,0,mutation,intersection_cars,,0,0,0,0,0,0,10.0,5.0,5.0,20.0,0,104,2.8489527702331543,0.11186938570328774,,out_of_road
1033,fresh,0,fresh,,,0,0,0,1,1,1,20.0,20.0,15.0,35.0,1,97,2.4450995922088623,0.047426205243646484,,crash_vehicle
1034,replay,0,replay,,,0,0,0,1,1,1,20.0,20.0,15.0,35.0,1,366,11.137781143188477,0.2270157516735499,,out_of_road
1035,fresh,3,fresh,,,0,0,0,5,0,0,15.0,10.0,10.0,35.0,2,52,0.4764184355735779,0.006069207420715919,,crash_vehicle
1036,replay,3,replay,,,0,0,0,5,0,0,15.0,10.0,10.0,35.0,2,101,2.003981590270996,0.013695118782838972,,out_of_road
1037,fresh,4,fresh,,,0,1,0,8,1,0,10.0,20.0,10.0,55.0,1,75,0.6457571983337402,0.019317395519465208,,out_of_road
1038,crossover,4,crossover,,select_lane|ego_on_intersection|intersection_has_cars|has_brake_checker|maximum_distractor_speed|cluster_dist|brake_dist,3,1,0,8,0,0,5.0,20.0,10.0,55.0,0,63,1.0026026964187622,0.04978657339418691,,out_of_road
1039,fresh,3,fresh,,,0,0,0,4,1,0,10.0,5.0,5.0,20.0,1,1000,0.03866444155573845,0.0007649129629135132,,max_step
1040,mutation,4,mutation,cluster_dist,,1,1,1,8,0,0,15.0,20.0,15.0,55.0,1,1000,0.987403154373169,0.014820764901349322,,max_step
1041,fresh,2,fresh,,,0,1,1,3,1,1,5.0,5.0,10.0,35.0,2,610,12.189841270446777,0.1759566794722112,,out_of_road
1042,replay,2,replay,,,0,1,1,3,1,1,5.0,5.0,10.0,35.0,2,228,5.171318054199219,0.17745758875951237,,arrive_dest
1043,fresh,5,fresh,,,0,1,0,12,1,0,15.0,40.0,15.0,55.0,2,107,2.7167344093322754,0.05062262116818227,,crash_vehicle
1044,mutation,1,mutation,maximum_distractor_speed,,0,1,0,2,1,0,20.0,5.0,15.0,20.0,0,449,13.534527778625488,0.29028103869814914,,out_of_road
1045,fresh,5,fresh,,,0,0,0,12,1,0,20.0,10.0,10.0,20.0,3,181,2.025257110595703,0.12940078708266026,,crash_vehicle
1046,replay,5,replay,,,0,0,0,12,1,0,20.0,10.0,10.0,20.0,3,89,1.529481291770935,0.12043069441164478,,crash_vehicle
1047,fresh,5,fresh,,,0,1,0,12,0,1,20.0,10.0,10.0,35.0,1,1000,0.6398357152938843,0.0028360648415982725,,max_step
1048,replay,5,replay,,,0,1,0,12,0,1,20.0,10.0,10.0,35.0,1,89,1.6871864795684814,0.02103064338980096,,crash_vehicle
1049,fresh,3,fresh,,,0,1,1,5,0,1,5.0,20.0,5.0,35.0,0,1000,1.6125391721725464,0.010417333027115092,,max_step
1050,replay,3,replay,,,0,1,1,5,0,1,5.0,20.0,5.0,35.0,0,142,4.312673091888428,0.1936321957168025,,crash_vehicle
1051,fresh,3,fresh,,,0,0,0,4,1,0,20.0,10.0,15.0,55.0,0,133,2.3456921577453613,0.18787335181482753,,crash_vehicle
1052,replay,3,replay,,,0,0,0,4,1,0,20.0,10.0,15.0,55.0,0,156,3.7162978649139404,0.1352231317343047,,out_of_road
1053,fresh,6,fresh,,,0,1,1,18,1,0,20.0,5.0,5.0,35.0,0,190,4.05148983001709,0.19365231216345963,,crash_vehicle
1054,replay,6,replay,,,0,1,1,18,1,0,20.0,5.0,5.0,35.0,0,161,2.9913196563720703,0.07377200534925883,,out_of_road
1055,fresh,6,fresh,,,0,0,0,18,0,1,20.0,40.0,15.0,55.0,3,1000,1.9779753684997559,0.020139192402653862,,max_step
1056,mutation,4,mutation,has_cluster,,1,1,0,8,0,1,5.0,10.0,10.0,55.0,3,1000,0.5849721431732178,0.001923784333281219,,max_step
1057,fresh,3,fresh,,,0,0,0,5,1,0,15.0,10.0,5.0,35.0,2,1000,1.3039610385894775,0.020002944162930362,,max_step
1058,mutation,0,mutation,distance_to_nearest,,1,0,0,0,1,0,20.0,20.0,5.0,35.0,0,112,2.8916234970092773,0.06718890688249043,,crash_vehicle
1059,fresh,3,fresh,,,0,1,0,5,0,1,5.0,5.0,5.0,10.0,0,1000,0.005082514137029648,0.0002580145774409175,,max_step
1060,mutation,0,mutation,brake_dist,,1,1,1,0,0,0,10.0,5.0,5.0,55.0,0,288,11.445586204528809,0.30401674321749145,,out_of_road
1061,fresh,2,fresh,,,0,0,0,3,0,1,10.0,40.0,10.0,35.0,3,92,2.144876718521118,0.10715827573617191,,out_of_road
1062,crossover,4,crossover,,intersection_cars|has_cluster|distance_to_nearest|brake_dist,3,1,1,8,0,1,15.0,5.0,10.0,20.0,1,1000,0.6053861975669861,0.004205938843078912,,max_step
1063,fresh,5,fresh,,,0,0,0,12,0,1,5.0,20.0,5.0,10.0,2,51,0.6524783372879028,0.01443479809106565,,crash_vehicle
1064,crossover,1,crossover,,distractor_cars|has_brake_checker|maximum_distractor_speed|cluster_dist,1,0,0,2,1,0,20.0,20.0,10.0,55.0,2,100,3.2214913368225098,0.09105767752975226,,crash_vehicle
1065,fresh,2,fresh,,,0,0,0,3,0,0,5.0,10.0,5.0,35.0,3,165,5.85962438583374,0.16384154257900788,,out_of_road
1066,mutation,5,mutation,cluster_dist,,1,1,0,12,0,0,5.0,40.0,10.0,20.0,2,77,1.6012461185455322,0.027774958544737334,,crash_vehicle
1067,fresh,5,fresh,,,0,0,0,12,0,1,20.0,10.0,15.0,20.0,0,1000,0.5630066990852356,0.01187959481170401,,max_step
1068,replay,5,replay,,,0,0,0,12,0,1,20.0,10.0,15.0,20.0,0,88,2.284245014190674,0.04003747230903669,,crash_vehicle
1069,fresh,0,fresh,,,0,1,0,1,0,1,20.0,10.0,5.0,55.0,1,100,2.427072763442993,0.04713931932114065,,out_of_road
1070,crossover,6,crossover,,has_brake_checker|has_cluster|distance_to_nearest,2,0,0,18,1,1,15.0,40.0,10.0,55.0,1,17,-0.2568420171737671,0.006037075729931102,,out_of_road
1071,fresh,0,fresh,,,0,1,1,0,1,0,10.0,10.0,10.0,35.0,0,107,2.9982082843780518,0.08923864390735871,,crash_vehicle
1072,crossover,4,crossover,,distractor_cars|intersection_cars|distance_to_nearest|cluster_dist,3,1,0,8,0,0,15.0,5.0,15.0,55.0,1,39,-0.011526286602020264,0.0024600581576426825,,crash_vehicle
1073,fresh,6,fresh,,,0,1,0,18,0,1,5.0,40.0,15.0,20.0,0,59,0.7911953330039978,0.04245565948471174,,out_of_road
1074,crossover,0,crossover,,select_lane|ego_on_intersection|intersection_has_cars|has_brake_checker|maximum_distractor_speed|distance_to_nearest|cluster_dist|brake_dist,7,0,0,0,0,0,5.0,40.0,10.0,10.0,0,177,8.312315940856934,0.29816765618631563,,out_of_road
1075,fresh,4,fresh,,,0,0,0,8,1,1,10.0,5.0,5.0,35.0,1,492,-0.03330060839653015,0.0020995369385473613,,crash_vehicle
1076,replay,4,replay,,,0,0,0,8,1,1,10.0,5.0,5.0,35.0,1,345,7.707948207855225,0.12473013863993296,,out_of_road
1077,fresh,3,fresh,,,0,0,0,4,0,0,15.0,40.0,10.0,10.0,3,137,4.788600921630859,0.2854983215050323,,out_of_road
1078,crossover,5,crossover,,has_brake_checker|intersection_cars|distance_to_nearest|cluster_dist|brake_dist,5,1,1,12,0,0,5.0,20.0,10.0,20.0,3,365,9.64333724975586,0.17499858865846102,,out_of_road
1079,fresh,6,fresh,,,0,0,0,18,0,1,20.0,5.0,10.0,20.0,1,96,0.552315354347229,0.09026977849619773,,crash_vehicle
1080,mutation,5,mutation,distractor_cars,,1,0,0,12,1,1,15.0,40.0,5.0,55.0,0,71,1.1689022779464722,0.00873971552076474,,crash_vehicle
1081,fresh,5,fresh,,,0,0,0,12,0,0,5.0,5.0,10.0,55.0,0,1000,0.0008655666024424136,0.024554738948121668,,max_step
1082,crossover,1,crossover,,distractor_cars|distance_to_nearest|brake_dist,1,1,1,2,0,0,20.0,20.0,10.0,35.0,2,2,0.4950580298900604,0.31398797035217285,,arrive_dest
1083,fresh,0,fresh,,,0,0,0,0,0,0,15.0,10.0,5.0,10.0,0,96,1.9665663242340088,0.0034749990639587245,,out_of_road
1084,mutation,6,mutation,brake_dist,,0,0,0,18,1,0,15.0,20.0,10.0,55.0,1,150,2.8917715549468994,0.12739666139086087,,out_of_road
1085,fresh,0,fresh,,,0,1,0,1,1,0,20.0,10.0,15.0,55.0,1,104,3.442934989929199,0.139522978838963,,crash_vehicle
1086,replay,0,replay,,,0,1,0,1,1,0,20.0,10.0,15.0,55.0,1,92,0.5684744715690613,0.043989879281624504,,out_of_road
1087,fresh,2,fresh,,,0,0,0,3,1,0,15.0,10.0,10.0,55.0,0,127,3.4573495388031006,0.31432513088926556,,crash_vehicle
1088,replay,2,replay,,,0,0,0,3,1,0,15.0,10.0,10.0,55.0,0,265,7.997037887573242,0.20578524236971477,,out_of_road
1089,fresh,6,fresh,,,0,0,0,18,0,0,15.0,10.0,15.0,20.0,3,1000,1.1636079549789429,0.004943334036172018,,max_step
1090,crossover,2,crossover,,select_lane|ego_on_intersection|intersection_has_cars|intersection_cars|has_cluster|distance_to_nearest|cluster_dist|brake_dist,7,1,1,3,1,0,5.0,5.0,10.0,55.0,1,1000,0.11810612678527832,0.000415136432275176,,max_step
1091,fresh,2,fresh,,,0,1,0,3,1,1,15.0,5.0,10.0,20.0,2,152,2.3055031299591064,0.13936920384692617,,crash_vehicle
1092,crossover,2,crossover,,has_brake_checker|intersection_cars|maximum_distractor_speed|distance_to_nearest,3,1,0,3,1,0,5.0,10.0,10.0,35.0,3,105,2.6385533809661865,0.05568232499063015,,crash_vehicle
1093,fresh,2,fresh,,,0,1,1,3,0,1,5.0,40.0,10.0,35.0,2,89,1.5863559246063232,0.023008144235636078,,out_of_road
1094,replay,2,replay,,,0,1,1,3,0,1,5.0,40.0,10.0,35.0,2,95,2.7782838344573975,0.036211984075213734,,crash_vehicle
1095,fresh,3,fresh,,,0,0,0,5,0,0,15.0,5.0,15.0,20.0,1,1000,0.2659054100513458,0.000923665338777937,,max_step
1096,crossover,4,crossover,,distractor_cars|has_brake_checker|maximum_distractor_speed|distance_to_nearest|brake_dist,2,1,0,8,1,0,15.0,40.0,10.0,55.0,3,172,3.176323652267456,0.18606470799246846,,out_of_road
1097,fresh,1,fresh,,,0,1,0,2,1,0,10.0,40.0,15.0,55.0,0,105,3.2846555709838867,0.06558123557340531,,crash_vehicle
1098,crossover,5,crossover,,select_lane|ego_on_intersection|intersection_has_cars|maximum_distractor_speed|distance_to_nearest,4,0,0,12,1,0,5.0,20.0,5.0,55.0,1,148,3.369490385055542,0.08967911523791987,,out_of_road
1099,fresh,2,fresh,,,0,0,0,3,1,0,10.0,10.0,15.0,55.0,1,53,0.5498644709587097,0.01228917882127582,,crash_vehicle
1100,mutation,5,mutation,select_road|select_lane|ego_on_intersection|intersection_has_cars,,1,1,1,12,0,0,5.0,20.0,10.0,20.0,3,465,4.746953010559082,0.10096651146248464,,crash_vehicle
1101,fresh,3,fresh,,,0,0,0,4,0,0,20.0,40.0,5.0,35.0,1,93,2.624131917953491,0.04031017711586369,,crash_vehicle
1102,replay,3,replay,,,0,0,0,4,0,0,20.0,40.0,5.0,35.0,1,139,3.1435909271240234,0.1546475969308572,,out_of_road
1103,fresh,4,fresh,,,0,1,1,8,0,0,15.0,10.0,15.0,55.0,1,151,3.3523967266082764,0.19116109319413635,,out_of_road
1104,crossover,1,crossover,,distractor_cars|has_brake_checker|intersection_cars|has_cluster|maximum_distractor_speed|distance_to_nearest|cluster_dist|brake_dist,6,1,1,2,0,0,20.0,10.0,10.0,20.0,0,234,4.912225246429443,0.18991293415076968,,out_of_road
1105,fresh,4,fresh,,,0,0,0,8,0,0,10.0,40.0,15.0,35.0,3,131,3.538670063018799,0.09543224775324796,,crash_vehicle
1106,replay,4,replay,,,0,0,0,8,0,0,10.0,40.0,15.0,35.0,3,1000,2.994506597518921,0.029525195744354277,,max_step
1107,fresh,2,fresh,,,0,0,0,3,1,1,10.0,20.0,15.0,35.0,3,153,3.3688864707946777,0.09815596432418995,,crash_vehicle
1108,replay,2,replay,,,0,0,0,3,1,1,10.0,20.0,15.0,35.0,3,140,2.419034481048584,0.08372855982077973,,arrive_dest
1109,fresh,5,fresh,,,0,0,0,12,0,0,20.0,10.0,5.0,55.0,0,245,6.118082046508789,0.21602286456951073,,arrive_dest
1110,mutation,3,mutation,distractor_cars,,1,0,0,4,1,0,5.0,20.0,5.0,55.0,0,212,7.517492771148682,0.21312932129334308,,out_of_road
1111,fresh,0,fresh,,,0,1,0,1,0,1,5.0,5.0,15.0,55.0,0,1000,0.6307806968688965,0.0026648490865482017,,max_step
1112,mutation,1,mutation,cluster_dist,,0,1,1,2,1,0,20.0,20.0,10.0,35.0,2,405,13.619285583496094,0.2646052088542485,,out_of_road
1113,fresh,1,fresh,,,0,0,0,2,0,0,5.0,10.0,10.0,10.0,2,70,1.3148691654205322,0.018260728887149264,,out_of_road
1114,mutation,5,mutation,has_cluster,,0,0,0,12,1,1,15.0,10.0,15.0,35.0,2,367,0.0952964574098587,0.036417524044830805,,out_of_road
1115,fresh,3,fresh,,,0,1,1,4,1,1,10.0,10.0,15.0,35.0,1,83,1.0388826131820679,0.021463654413594897,,crash_vehicle
1116,mutation,1,mutation,maximum_distractor_speed,,1,1,1,2,0,0,15.0,20.0,10.0,35.0,2,145,5.447484493255615,0.16186550326388457,,out_of_road
1117,fresh,0,fresh,,,0,0,0,1,0,0,20.0,20.0,5.0,35.0,1,90,1.6462081670761108,0.11215029122928778,,out_of_road
1118,crossover,1,crossover,,distractor_cars|intersection_cars|has_cluster,1,0,0,2,0,0,15.0,40.0,10.0,35.0,0,110,2.4491612911224365,0.18140977451747115,,out_of_road
1119,fresh,0,fresh,,,0,1,0,1,1,0,20.0,10.0,15.0,20.0,1,224,2.22932505607605,0.0821361851412803,,crash_vehicle
1120,replay,0,replay,,,0,1,0,1,1,0,20.0,10.0,15.0,20.0,1,211,3.349381446838379,0.09886025532559267,,arrive_dest
1121,fresh,1,fresh,,,0,0,0,2,1,1,10.0,40.0,15.0,55.0,2,109,3.564093589782715,0.0934191457158245,,crash_vehicle
1122,mutation,1,mutation,distance_to_nearest,,1,0,0,2,1,1,20.0,40.0,5.0,55.0,2,123,3.9582598209381104,0.07420263420866151,,crash_vehicle
1123,fresh,0,fresh,,,0,0,0,0,0,0,15.0,10.0,15.0,55.0,0,89,2.166714668273926,0.04394562898224659,,out_of_road
1124,mutation,4,mutation,cluster_dist,,1,0,0,8,1,0,15.0,20.0,5.0,55.0,2,260,10.593860626220703,0.27656343086407736,,out_of_road
1125,fresh,0,fresh,,,0,0,0,1,0,1,15.0,20.0,5.0,55.0,1,91,2.538384199142456,0.08478492183180955,,out_of_road
1126,crossover,5,crossover,,distractor_cars|has_brake_checker|intersection_cars|has_cluster|maximum_distractor_speed|distance_to_nearest|cluster_dist|brake_dist,5,1,1,12,1,0,15.0,5.0,10.0,35.0,1,88,0.9729645848274231,0.11985439913008701,,crash_vehicle
1127,fresh,2,fresh,,,0,1,1,3,1,1,5.0,5.0,10.0,20.0,0,272,0.3701407313346863,0.010405970463419663,,crash_vehicle
1128,replay,2,replay,,,0,1,1,3,1,1,5.0,5.0,10.0,20.0,0,106,3.398338556289673,0.12221501967078953,,arrive_dest
1129,fresh,0,fresh,,,0,0,0,1,1,0,10.0,10.0,10.0,35.0,0,102,2.0187182426452637,0.11737701128803048,,crash_vehicle
1130,replay,0,replay,,,0,0,0,1,1,0,10.0,10.0,10.0,35.0,0,278,8.618459701538086,0.23253311041286953,,out_of_road
1131,fresh,3,fresh,,,0,1,0,5,1,0,5.0,10.0,5.0,35.0,2,1000,3.1337890625,0.023877318693790586,,max_step
1132,replay,3,replay,,,0,1,0,5,1,0,5.0,10.0,5.0,35.0,2,190,2.944108486175537,0.13333493367719806,,out_of_road
1133,fresh,0,fresh,,,0,1,0,0,1,0,20.0,40.0,10.0,10.0,0,45,0.33698326349258423,0.004584513770209418,,crash_vehicle
1134,crossover,1,crossover,,distractor_cars|has_brake_checker|intersection_cars|has_cluster|brake_dist,2,0,0,2,1,1,20.0,20.0,15.0,55.0,1,269,4.428555965423584,0.1579209159588836,,out_of_road
1135,fresh,3,fresh,,,0,0,0,5,1,0,5.0,20.0,15.0,35.0,0,81,1.2946759462356567,0.017741588438734596,,crash_vehicle
1136,crossover,3,crossover,,distractor_cars|has_brake_checker|has_cluster|maximum_distractor_speed|cluster_dist,3,1,0,5,1,0,20.0,10.0,5.0,20.0,2,42,0.2320079356431961,0.0,,crash_vehicle
1137,fresh,1,fresh,,,0,0,0,2,1,0,15.0,40.0,5.0,55.0,1,54,0.7134590148925781,0.009416635389681216,,out_of_road
1138,replay,1,replay,,,0,0,0,2,1,0,15.0,40.0,5.0,55.0,1,132,1.6115224361419678,0.10563179097759227,,out_of_road
1139,fresh,5,fresh,,,0,1,0,12,1,1,20.0,5.0,15.0,20.0,1,1000,0.0011332007125020027,0.003616104734130204,,max_step
1140,replay,5,replay,,,0,1,0,12,1,1,20.0,5.0,15.0,20.0,1,47,0.6206271648406982,0.034486315114066954,,crash_vehicle
1141,fresh,4,fresh,,,0,0,0,8,1,1,20.0,5.0,5.0,35.0,1,1000,0.14141598343849182,0.01845861607498955,,max_step
1142,replay,4,replay,,,0,0,0,8,1,1,20.0,5.0,5.0,35.0,1,142,2.916783094406128,0.08422805442356728,,out_of_road
1143,fresh,3,fresh,,,0,0,0,4,0,0,10.0,20.0,5.0,10.0,2,1000,2.1459882259368896,0.018156254067085684,,max_step
1144,mutation,5,mutation,distance_to_nearest,,1,0,0,12,0,0,20.0,5.0,5.0,55.0,0,331,1.6142425537109375,0.09331213068948592,,crash_vehicle
1145,fresh,3,fresh,,,0,0,0,4,1,0,5.0,10.0,10.0,35.0,0,58,0.4256051778793335,0.0052584375030007855,,crash_vehicle
1146,crossover,3,crossover,,select_lane|ego_on_intersection|intersection_has_cars|distractor_cars|has_brake_checker|intersection_cars|cluster_dist,3,0,0,4,1,0,15.0,20.0,10.0,35.0,3,306,6.798213005065918,0.1950968714017007,,crash_vehicle
1147,fresh,0,fresh,,,0,0,0,0,0,0,5.0,20.0,5.0,10.0,0,184,6.630836009979248,0.23237048882140737,,arrive_dest
1148,mutation,0,mutation,intersection_cars,,0,1,0,0,1,0,20.0,10.0,15.0,35.0,0,91,2.2737491130828857,0.09179019706917334,,crash_vehicle
1149,fresh,0,fresh,,,0,0,0,0,0,0,10.0,10.0,15.0,55.0,0,205,8.167647361755371,0.2881323507282792,,out_of_road
1150,replay,0,replay,,,0,0,0,0,0,0,10.0,10.0,15.0,55.0,0,410,14.005790710449219,0.32724831614915917,,arrive_dest
1151,fresh,1,fresh,,,0,0,0,2,0,0,20.0,10.0,5.0,10.0,0,53,0.46009865403175354,0.017621911253850413,,crash_vehicle
1152,replay,1,replay,,,0,0,0,2,0,0,20.0,10.0,5.0,10.0,0,141,4.564480781555176,0.11971264997834062,,out_of_road
1153,fresh,3,fresh,,,0,0,0,5,0,1,15.0,10.0,15.0,35.0,2,1000,0.0023875697515904903,0.0008337428569793701,,max_step
1154,crossover,2,crossover,,has_brake_checker|has_cluster|brake_dist,1,0,0,3,0,0,10.0,10.0,10.0,35.0,0,1000,0.42680877447128296,0.00395489405299304,,max_step
1155,fresh,0,fresh,,,0,1,0,1,1,0,15.0,10.0,5.0,20.0,1,159,2.429053783416748,0.10096138552909002,,out_of_road
1156,mutation,3,mutation,distractor_cars,,1,1,1,4,1,1,20.0,5.0,10.0,55.0,0,129,1.0565894842147827,0.12433985661166583,,crash_vehicle
1157,fresh,0,fresh,,,0,0,0,0,1,0,20.0,20.0,15.0,10.0,0,1000,0.4865558445453644,0.014648308467003516,,max_step
1158,crossover,1,crossover,,select_lane|ego_on_intersection|intersection_has_cars|has_brake_checker|intersection_cars|distance_to_nearest,2,1,1,2,1,0,20.0,20.0,10.0,35.0,1,65,0.7904245853424072,0.031157309676592165,,crash_vehicle
1159,fresh,0,fresh,,,0,0,0,0,0,0,10.0,5.0,15.0,35.0,0,166,5.464581489562988,0.19827989615073585,,out_of_road
1160,replay,0,replay,,,0,0,0,0,0,0,10.0,5.0,15.0,35.0,0,325,9.963923454284668,0.18147483764073025,,out_of_road
1161,fresh,0,fresh,,,0,1,0,1,1,0,20.0,20.0,10.0,35.0,1,332,9.531475067138672,0.1542602260372635,,out_of_road
1162,mutation,0,mutation,has_cluster,,8,0,0,0,0,0,10.0,5.0,5.0,20.0,0,122,2.6438910961151123,0.14679125870471119,rejection_fallback,out_of_road
1163,fresh,0,fresh,,,0,1,1,0,0,0,20.0,40.0,5.0,55.0,0,95,1.7532559633255005,0.06635350907515539,,out_of_road
1164,replay,0,replay,,,0,1,1,0,0,0,20.0,40.0,5.0,55.0,0,100,2.7976760864257812,0.04047807674854994,,out_of_road
1165,fresh,2,fresh,,,0,0,0,3,0,0,10.0,5.0,10.0,20.0,1,1000,0.00011233826080569997,0.0,,max_step
1166,replay,2,replay,,,0,0,0,3,0,0,10.0,5.0,10.0,20.0,1,134,2.469484567642212,0.04699823318688727,,out_of_road
1167,fresh,2,fresh,,,0,0,0,3,1,1,15.0,40.0,5.0,55.0,3,112,3.2474863529205322,0.054632950096025264,,out_of_road
1168,replay,2,replay,,,0,0,0,3,1,1,15.0,40.0,5.0,55.0,3,186,8.325965881347656,0.2913424011560217,,out_of_road
1169,fresh,4,fresh,,,0,1,0,8,0,1,15.0,10.0,15.0,20.0,3,257,8.910585403442383,0.19523466252341345,,out_of_road
1170,crossover,6,crossover,,has_brake_checker|intersection_cars|has_cluster|distance_to_nearest,3,1,1,18,0,1,15.0,10.0,10.0,55.0,0,42,0.26182615756988525,0.06931043487219583,,crash_vehicle
1171,fresh,4,fresh,,,0,0,0,8,0,1,20.0,5.0,10.0,55.0,1,191,-0.24821433424949646,0.006045685388654938,,crash_vehicle
1172,crossover,2,crossover,,select_lane|ego_on_intersection|intersection_has_cars|distractor_cars|has_brake_checker|has_cluster|maximum_distractor_speed|distance_to_nearest|brake_dist,2,1,0,3,0,0,20.0,10.0,5.0,35.0,3,150,4.063105583190918,0.11600643762076894,,out_of_road
1173,fresh,0,fresh,,,0,1,0,0,1,0,15.0,5.0,15.0,10.0,0,519,13.693631172180176,0.1963108093782843,,out_of_road
1174,replay,0,replay,,,0,1,0,0,1,0,15.0,5.0,15.0,10.0,0,1000,0.5271191000938416,0.010600065828301013,,max_step
1175,fresh,3,fresh,,,0,1,1,4,1,0,10.0,10.0,10.0,35.0,2,323,8.8324613571167,0.13418767391920275,,out_of_road
1176,replay,3,replay,,,0,1,1,4,1,0,10.0,10.0,10.0,35.0,2,36,1.0451940298080444,0.032872418562571205,,arrive_dest
1177,fresh,0,fresh,,,0,0,0,0,0,0,10.0,5.0,5.0,20.0,0,94,2.5089974403381348,0.01987844422221818,rejection_fallback,out_of_road
1178,crossover,2,crossover,,has_brake_checker|distance_to_nearest|cluster_dist,2,1,0,3,1,0,20.0,20.0,5.0,35.0,3,126,3.4737026691436768,0.08292469196021557,,crash_vehicle
1179,fresh,1,fresh,,,0,0,0,2,0,0,20.0,10.0,10.0,35.0,2,195,7.168933868408203,0.16198885983859118,,out_of_road
1180,crossover,1,crossover,,select_lane|ego_on_intersection|intersection_has_cars|distractor_cars|has_cluster|cluster_dist,5,1,1,2,0,0,15.0,5.0,10.0,20.0,1,295,10.297370910644531,0.25931398840778963,,out_of_road
1181,fresh,0,fresh,,,0,0,0,0,0,0,10.0,5.0,5.0,20.0,0,92,1.9877556562423706,0.01735517539023219,rejection_fallback,out_of_road
1182,mutation,4,mutation,cluster_dist,,0,1,1,8,0,0,10.0,40.0,15.0,10.0,2,85,1.759739875793457,0.012343721968286177,,crash_vehicle
1183,fresh,0,fresh,,,0,1,1,0,0,0,10.0,10.0,15.0,20.0,0,201,8.281015396118164,0.2779902127844777,,out_of_road
1184,replay,0,replay,,,0,1,1,0,0,0,10.0,10.0,15.0,20.0,0,85,0.48399728536605835,0.1472680683083394,,out_of_road
1185,fresh,1,fresh,,,0,0,0,2,1,1,5.0,20.0,15.0,35.0,2,1000,3.3360249996185303,0.015658997546881437,,max_step
1186,replay,1,replay,,,0,0,0,2,1,1,5.0,20.0,15.0,35.0,2,157,4.433084487915039,0.22291214728526249,,crash_vehicle
1187,fresh,1,fresh,,,0,1,0,2,0,0,5.0,5.0,10.0,10.0,2,213,8.300680160522461,0.21182856439424794,,out_of_road
1188,mutation,2,mutation,distance_to_nearest,,2,0,0,3,1,0,10.0,40.0,10.0,55.0,3,20,-0.23155799508094788,0.04644377194344997,,out_of_road
1189,fresh,1,fresh,,,0,0,0,2,1,0,10.0,10.0,15.0,20.0,2,92,2.0602824687957764,0.07595722634679354,,crash_vehicle
1190,crossover,1,crossover,,distractor_cars|maximum_distractor_speed,1,0,0,2,1,0,20.0,20.0,5.0,35.0,2,98,2.840012311935425,0.07131935788166462,,crash_vehicle
1191,fresh,0,fresh,,,0,0,0,0,0,0,5.0,10.0,10.0,35.0,0,279,13.379693984985352,0.37727307723200876,,arrive_dest
1192,replay,0,replay,,,0,0,0,0,0,0,5.0,10.0,10.0,35.0,0,175,4.5829010009765625,0.06805758675826447,,out_of_road
1193,fresh,0,fresh,,,0,1,1,1,0,1,15.0,10.0,5.0,20.0,1,130,4.733954429626465,0.15477555912489502,,out_of_road
1194,replay,0,replay,,,0,1,1,1,0,1,15.0,10.0,5.0,20.0,1,273,7.530805587768555,0.17609201314698755,,out_of_road
1195,fresh,6,fresh,,,0,0,0,18,0,1,15.0,5.0,15.0,35.0,2,306,-0.23628801107406616,0.025239569380015037,,crash_vehicle
1196,replay,6,replay,,,0,0,0,18,0,1,15.0,5.0,15.0,35.0,2,44,0.291593074798584,0.08941722898320718,,crash_vehicle
1197,fresh,1,fresh,,,0,0,0,2,0,1,5.0,5.0,15.0,35.0,0,1000,0.24904713034629822,0.0018736966047435998,,max_step
1198,crossover,5,crossover,,distractor_cars|has_brake_checker|intersection_cars|maximum_distractor_speed|distance_to_nearest|cluster_dist|brake_dist,3,0,0,12,1,0,5.0,40.0,10.0,55.0,2,72,1.7247540950775146,0.034085272423302136,,out_of_road
1199,fresh,3,fresh,,,0,0,0,5,1,1,10.0,20.0,10.0,35.0,0,310,3.4413185119628906,0.08545484189695168,,crash_vehicle
1200,mutation,5,mutation,has_brake_checker,,0,0,0,12,0,0,20.0,20.0,15.0,35.0,2,101,1.0505075454711914,0.010447956806067193,,crash_vehicle
1201,fresh,3,fresh,,,0,1,1,4,1,1,20.0,20.0,15.0,35.0,0,78,1.3734384775161743,0.032945805662072815,,crash_vehicle
1202,replay,3,replay,,,0,1,1,4,1,1,20.0,20.0,15.0,35.0,0,215,8.036280632019043,0.1333092651421984,,out_of_road
1203,fresh,6,fresh,,,0,0,0,18,0,0,15.0,40.0,15.0,35.0,0,1000,2.1702022552490234,0.009257488194620236,,max_step
1204,crossover,1,crossover,,select_lane|ego_on_intersection|intersection_has_cars|intersection_cars|maximum_distractor_speed|distance_to_nearest|cluster_dist|brake_dist,5,1,1,2,1,0,10.0,10.0,15.0,35.0,2,118,2.9936976432800293,0.07346348658251434,,out_of_road
1205,fresh,3,fresh,,,0,1,1,4,1,1,5.0,20.0,15.0,35.0,0,121,2.362302303314209,0.06191912993273028,,crash_vehicle
1206,crossover,0,crossover,,select_lane|ego_on_intersection|intersection_has_cars|intersection_cars|distance_to_nearest|cluster_dist,3,0,0,1,0,0,10.0,10.0,15.0,55.0,0,1000,0.5603630542755127,0.0012248187810182571,,max_step
1207,fresh,0,fresh,,,0,1,1,1,1,1,20.0,20.0,10.0,55.0,1,211,8.2671537399292,0.17888503033508904,,out_of_road
1208,replay,0,replay,,,0,1,1,1,1,1,20.0,20.0,10.0,55.0,1,84,1.5407191514968872,0.06670639136185248,,crash_vehicle
1209,fresh,6,fresh,,,0,0,0,18,1,0,10.0,5.0,10.0,20.0,2,336,5.052320957183838,0.13715821823071955,,crash_vehicle
1210,replay,6,replay,,,0,0,0,18,1,0,10.0,5.0,10.0,20.0,2,349,9.754233360290527,0.22894047128629036,,out_of_road
1211,fresh,4,fresh,,,0,1,1,8,0,0,5.0,10.0,10.0,55.0,1,54,0.5828920006752014,0.002382002219005867,,crash_vehicle
1212,replay,4,replay,,,0,1,1,8,0,0,5.0,10.0,10.0,55.0,1,255,7.355828762054443,0.1597764698331993,,out_of_road
1213,fresh,3,fresh,,,0,1,1,4,0,0,20.0,40.0,15.0,55.0,1,205,2.359525442123413,0.04496204332539403,,out_of_road
1214,crossover,2,crossover,,distractor_cars|has_brake_checker|has_cluster|cluster_dist,3,0,0,3,1,1,20.0,5.0,10.0,35.0,3,135,3.5380306243896484,0.06606046451057342,,crash_vehicle
1215,fresh,3,fresh,,,0,0,0,5,1,0,5.0,40.0,10.0,55.0,0,159,4.689195156097412,0.10267685345555626,,out_of_road
1216,crossover,6,crossover,,select_lane|ego_on_intersection|intersection_has_cars|has_brake_checker|intersection_cars|cluster_dist,6,1,1,18,1,1,20.0,40.0,15.0,55.0,3,78,1.6614867448806763,0.03450631675047752,,crash_vehicle
1217,fresh,3,fresh,,,0,1,0,5,0,0,20.0,10.0,10.0,10.0,3,1000,1.6405972242355347,0.012874093590304255,,max_step
1218,replay,3,replay,,,0,1,0,5,0,0,20.0,10.0,10.0,10.0,3,1000,0.011373581364750862,0.004480537160066887,,max_step
1219,fresh,3,fresh,,,0,1,1,5,1,1,5.0,5.0,5.0,20.0,1,200,1.6500197649002075,0.05362387413857505,,crash_vehicle
1220,replay,3,replay,,,0,1,1,5,1,1,5.0,5.0,5.0,20.0,1,355,13.287332534790039,0.24105419994554889,,out_of_road
1221,fresh,4,fresh,,,0,0,0,8,1,1,5.0,20.0,10.0,35.0,1,18,-0.22770722210407257,0.015311832022335794,,out_of_road
1222,crossover,4,crossover,,distractor_cars|has_cluster|maximum_distractor_speed|distance_to_nearest,2,0,0,8,0,1,20.0,20.0,10.0,55.0,0,52,0.6836457252502441,0.008445331683525672,,crash_vehicle
1223,fresh,4,fresh,,,0,0,0,8,0,0,15.0,40.0,5.0,35.0,1,90,2.0641870498657227,0.061376659313423766,,out_of_road
1224,mutation,6,mutation,has_cluster,,1,0,0,18,1,1,20.0,20.0,5.0,55.0,1,57,0.6916103959083557,0.01698405315217219,,crash_vehicle
1225,fresh,6,fresh,,,0,1,1,18,0,1,15.0,10.0,5.0,20.0,1,65,0.25822019577026367,0.00652854792200602,,crash_vehicle
1226,replay,6,replay,,,0,1,1,18,0,1,15.0,10.0,5.0,20.0,1,110,2.668994903564453,0.0584589594128457,,out_of_road
1227,fresh,0,fresh,,,0,1,1,0,0,0,15.0,40.0,10.0,55.0,0,268,10.69300365447998,0.1912022674588292,,out_of_road
1228,crossover,5,crossover,,select_lane|ego_on_intersection|intersection_has_cars|intersection_cars|has_cluster|maximum_distractor_speed|distance_to_nearest|cluster_dist|brake_dist,7,1,1,12,1,0,20.0,10.0,10.0,55.0,2,136,1.817513346672058,0.13427576896570184,,crash_vehicle
1229,fresh,0,fresh,,,0,1,0,0,1,0,15.0,40.0,15.0,20.0,0,96,1.851399302482605,0.06108762318035588,,crash_vehicle
1230,mutation,6,mutation,cluster_dist,,1,0,0,18,1,1,15.0,20.0,15.0,55.0,3,63,0.5548145174980164,0.01037323356620849,,crash_vehicle
1231,fresh,1,fresh,,,0,1,1,2,0,0,10.0,10.0,5.0,55.0,0,70,0.7231049537658691,0.018237823700266224,,crash_vehicle
1232,replay,1,replay,,,0,1,1,2,0,0,10.0,10.0,5.0,55.0,0,114,2.132643699645996,0.12162784892216064,,crash_vehicle
1233,fresh,5,fresh,,,0,1,1,12,0,1,20.0,40.0,15.0,20.0,2,110,2.9340479373931885,0.07728003862906586,,out_of_road
1234,crossover,5,crossover,,distractor_cars|has_brake_checker|has_cluster|distance_to_nearest|cluster_dist,3,1,0,12,0,0,15.0,5.0,15.0,55.0,3,1000,0.20986855030059814,0.018494882462546228,,max_step
1235,fresh,3,fresh,,,0,1,1,5,1,0,15.0,10.0,10.0,20.0,2,1000,0.4104676842689514,0.0003006724510341883,,max_step
1236,mutation,5,mutation,brake_dist,,1,1,1,12,0,1,15.0,5.0,10.0,10.0,2,1000,0.011568467132747173,0.01319760650373064,,max_step
1237,fresh,2,fresh,,,0,1,1,3,0,0,20.0,5.0,10.0,10.0,1,1000,0.11152279376983643,0.0031742777936160566,,max_step
1238,replay,2,replay,,,0,1,1,3,0,0,20.0,5.0,10.0,10.0,1,1000,2.315682888031006,0.03864714005519636,,max_step
1239,fresh,3,fresh,,,0,1,0,4,0,1,10.0,5.0,15.0,10.0,0,36,-0.22343647480010986,0.010491055953833792,,crash_vehicle
1240,crossover,0,crossover,,select_lane|ego_on_intersection|intersection_has_cars|distance_to_nearest|cluster_dist,3,1,0,0,0,0,10.0,10.0,15.0,35.0,0,53,0.8451690077781677,0.01678482042449825,,out_of_road
1241,fresh,3,fresh,,,0,1,0,4,0,1,15.0,10.0,15.0,10.0,0,74,1.0183225870132446,0.05857591039022884,,crash_vehicle
1242,crossover,2,crossover,,select_lane|ego_on_intersection|intersection_has_cars|has_cluster|maximum_distractor_speed|cluster_dist,4,1,0,3,1,0,15.0,20.0,5.0,35.0,1,92,1.528351068496704,0.0813409352786434,,out_of_road
1243,fresh,0,fresh,,,0,1,0,0,0,0,20.0,40.0,5.0,20.0,0,274,10.491070747375488,0.18918430382032356,,out_of_road
1244,mutation,3,mutation,has_cluster,,0,1,0,4,0,0,20.0,40.0,10.0,20.0,3,79,0.13141214847564697,0.01585170495194159,,out_of_road
1245,fresh,6,fresh,,,0,0,0,18,1,0,10.0,10.0,10.0,55.0,1,37,0.2058752030134201,0.11136074605825785,,crash_vehicle
1246,mutation,1,mutation,brake_dist,,1,0,0,2,1,1,10.0,10.0,5.0,20.0,2,80,1.6426537036895752,0.04672545521752909,,crash_vehicle
1247,fresh,6,fresh,,,0,1,1,18,1,0,20.0,40.0,15.0,55.0,0,83,1.8155425786972046,0.05991894051612141,,out_of_road
1248,mutation,2,mutation,distance_to_nearest,,1,0,0,3,0,0,10.0,20.0,15.0,20.0,2,98,0.9110814332962036,0.04863587390555411,,out_of_road
1249,fresh,5,fresh,,,0,1,1,12,0,1,5.0,10.0,10.0,55.0,0,1000,1.471104383468628,0.009851078495266848,,max_step
1250,replay,5,replay,,,0,1,1,12,0,1,5.0,10.0,10.0,55.0,0,40,0.24433940649032593,0.024659195449203253,,crash_vehicle
1251,fresh,6,fresh,,,0,0,0,18,1,1,5.0,40.0,5.0,55.0,3,79,1.567436933517456,0.03902578118103969,,crash_vehicle
1252,mutation,2,mutation,distance_to_nearest,,2,1,0,3,1,0,5.0,40.0,10.0,55.0,3,197,8.581785202026367,0.27881584702258183,,out_of_road
1253,fresh,2,fresh,,,0,1,0,3,0,0,15.0,10.0,10.0,35.0,2,216,4.57335901260376,0.16645175969245396,,crash_vehicle
1254,mutation,4,mutation,cluster_dist,,1,1,0,8,0,0,5.0,5.0,5.0,20.0,3,847,1.1261228322982788,0.009350272870282813,,crash_vehicle
1255,fresh,5,fresh,,,0,1,1,12,0,1,10.0,5.0,5.0,20.0,3,358,-0.07625734806060791,0.020121869126428438,,crash_vehicle
1256,replay,5,replay,,,0,1,1,12,0,1,10.0,5.0,5.0,20.0,3,359,2.3637471199035645,0.12189223123895923,,crash_vehicle
1257,fresh,0,fresh,,,0,1,0,0,1,0,15.0,20.0,10.0,10.0,0,37,0.25990891456604004,0.0015905750160281722,,crash_vehicle
1258,mutation,4,mutation,distractor_cars,,0,0,0,8,1,0,15.0,40.0,5.0,55.0,3,135,3.776237964630127,0.14940770756867197,,crash_vehicle
1259,fresh,0,fresh,,,0,1,1,1,1,1,15.0,40.0,15.0,55.0,1,108,3.2922847270965576,0.11695753288006892,,crash_vehicle
1260,replay,0,replay,,,0,1,1,1,1,1,15.0,40.0,15.0,55.0,1,104,2.327268362045288,0.07928811928902108,,out_of_road
1261,fresh,5,fresh,,,0,0,0,12,0,0,5.0,20.0,5.0,55.0,2,77,0.9840021133422852,0.010119676251303066,,crash_vehicle
1262,replay,5,replay,,,0,0,0,12,0,0,5.0,20.0,5.0,55.0,2,138,2.0362284183502197,0.10984510100325165,,crash_vehicle
1263,fresh,3,fresh,,,0,0,0,4,1,1,15.0,40.0,5.0,55.0,2,68,1.2621837854385376,0.03344003347378662,,crash_vehicle
1264,replay,3,replay,,,0,0,0,4,1,1,15.0,40.0,5.0,55.0,2,112,3.0033226013183594,0.05249100484486137,,out_of_road
1265,fresh,0,fresh,,,0,0,0,0,1,0,5.0,40.0,5.0,35.0,0,213,4.128123760223389,0.11329042953941884,,crash_vehicle
1266,crossover,0,crossover,,distractor_cars|has_brake_checker|has_cluster|maximum_distractor_speed|distance_to_nearest|cluster_dist,5,1,1,1,0,1,5.0,10.0,10.0,10.0,0,89,0.5058985948562622,0.029108296257863608,,out_of_road
1267,fresh,5,fresh,,,0,1,1,12,0,1,5.0,10.0,5.0,20.0,1,35,0.17273953557014465,0.0619829250233514,,crash_vehicle
1268,crossover,5,crossover,,select_lane|ego_on_intersection|intersection_has_cars|distractor_cars|has_brake_checker|has_cluster|distance_to_nearest|cluster_dist|brake_dist,7,1,1,12,1,0,20.0,10.0,10.0,55.0,2,133,2.995879650115967,0.22840493988539828,,out_of_road
1269,fresh,5,fresh,,,0,1,0,12,1,0,15.0,40.0,5.0,55.0,2,204,8.281155586242676,0.2500029264529254,,out_of_road
1270,crossover,5,crossover,,select_lane|ego_on_intersection|intersection_has_cars|distractor_cars|has_brake_checker|intersection_cars|maximum_distractor_speed|distance_to_nearest|brake_dist,8,0,0,12,0,1,20.0,10.0,15.0,55.0,0,66,0.7848713397979736,0.09628284101684888,,crash_vehicle
1271,fresh,5,fresh,,,0,0,0,12,1,0,10.0,40.0,5.0,55.0,3,88,1.945684790611267,0.04966081005775116,,out_of_road
1272,crossover,6,crossover,,select_lane|ego_on_intersection|intersection_has_cars|has_brake_checker|intersection_cars,4,0,0,18,1,0,15.0,10.0,5.0,20.0,3,106,0.7034398317337036,0.03996587318877848,,out_of_road
1273,fresh,0,fresh,,,0,0,0,0,1,0,5.0,10.0,15.0,10.0,0,1000,0.3853634297847748,0.0025984310153871776,,max_step
1274,crossover,5,crossover,,select_lane|ego_on_intersection|intersection_has_cars|distractor_cars|has_brake_checker|distance_to_nearest|cluster_dist|brake_dist,2,1,1,12,1,0,20.0,10.0,10.0,20.0,2,403,6.8119306564331055,0.19736185924568336,,crash_vehicle
1275,fresh,0,fresh,,,0,0,0,1,0,1,5.0,40.0,15.0,35.0,1,193,7.996732711791992,0.25482755788925243,,out_of_road
1276,crossover,1,crossover,,intersection_cars|cluster_dist|brake_dist,1,1,1,2,0,1,20.0,5.0,5.0,55.0,2,222,6.9303789138793945,0.10752465870957151,,out_of_road
1277,fresh,6,fresh,,,0,1,0,18,0,1,15.0,40.0,5.0,10.0,3,221,5.216192722320557,0.1714065228652091,,arrive_dest
1278,mutation,3,mutation,brake_dist,,0,1,1,4,0,0,20.0,40.0,15.0,55.0,1,78,1.5175611972808838,0.03361844915287712,,crash_vehicle
1279,fresh,5,fresh,,,0,1,0,12,0,1,5.0,5.0,5.0,35.0,2,76,0.011900067329406738,0.030261457995756677,,crash_vehicle
1280,mutation,5,mutation,distractor_cars,,1,0,0,12,0,0,15.0,20.0,5.0,55.0,1,138,3.4400084018707275,0.1605882394950891,,out_of_road
1281,fresh,0,fresh,,,0,1,1,1,0,0,20.0,5.0,10.0,55.0,1,214,8.430631637573242,0.1898164720465995,,out_of_road
1282,replay,0,replay,,,0,1,1,1,0,0,20.0,5.0,10.0,55.0,1,97,1.95980703830719,0.10651547300446894,,crash_vehicle
1283,fresh,0,fresh,,,0,0,0,0,1,0,5.0,40.0,5.0,35.0,0,1000,3.3299779891967773,0.021035588942468167,,max_step
1284,replay,0,replay,,,0,0,0,0,1,0,5.0,40.0,5.0,35.0,0,367,2.731445550918579,0.11288683272248555,,crash_vehicle
1285,fresh,0,fresh,,,0,0,0,0,0,0,5.0,20.0,5.0,20.0,0,143,5.185698986053467,0.1296399948089481,,out_of_road
1286,replay,0,replay,,,0,0,0,0,0,0,5.0,20.0,5.0,20.0,0,222,7.546424388885498,0.12050309506253348,,arrive_dest
1287,fresh,4,fresh,,,0,0,0,8,1,1,5.0,40.0,15.0,55.0,0,85,2.1191093921661377,0.08737716709866243,,crash_vehicle
1288,replay,4,replay,,,0,0,0,8,1,1,5.0,40.0,15.0,55.0,0,185,4.526256084442139,0.1599924699579542,,out_of_road
1289,fresh,1,fresh,,,0,1,1,2,0,0,20.0,40.0,10.0,55.0,2,233,7.812440395355225,0.16698500882562395,,out_of_road
1290,replay,1,replay,,,0,1,1,2,0,0,20.0,40.0,10.0,55.0,2,255,7.658915996551514,0.16117556710344028,,out_of_road
1291,fresh,2,fresh,,,0,0,0,3,0,0,5.0,5.0,15.0,55.0,0,201,2.3832788467407227,0.09991061002646216,,out_of_road
1292,replay,2,replay,,,0,0,0,3,0,0,5.0,5.0,15.0,55.0,0,208,4.716104507446289,0.17720187305866814,,out_of_road
1293,fresh,2,fresh,,,0,1,1,3,0,1,10.0,40.0,15.0,55.0,2,190,6.693290710449219,0.31609027664128103,,out_of_road
1294,replay,2,replay,,,0,1,1,3,0,1,10.0,40.0,15.0,55.0,2,109,3.193747043609619,0.0978250690573536,,out_of_road
1295,fresh,3,fresh,,,0,0,0,5,0,1,15.0,5.0,10.0,55.0,3,90,0.31921809911727905,0.030055511810092462,,crash_vehicle
1296,mutation,6,mutation,has_cluster,,1,1,1,18,1,0,5.0,40.0,15.0,55.0,3,84,2.2150630950927734,0.028303211510536216,,crash_vehicle
1297,fresh,1,fresh,,,0,0,0,2,1,1,10.0,20.0,10.0,35.0,0,56,0.8843343257904053,0.009776067520890917,,crash_vehicle
1298,crossover,0,crossover,,distractor_cars|has_brake_checker|intersection_cars|distance_to_nearest|brake_dist,3,0,0,1,0,1,5.0,10.0,15.0,20.0,0,61,0.5219759941101074,0.00458155877766062,,crash_vehicle
1299,fresh,3,fresh,,,0,0,0,5,0,1,15.0,5.0,5.0,55.0,1,1000,0.547205924987793,0.011799796123057604,,max_step
1300,crossover,2,crossover,,distractor_cars|has_brake_checker|has_cluster,1,0,0,3,0,0,15.0,5.0,5.0,20.0,1,309,0.35157865285873413,0.017603956488440337,,crash_vehicle
1301,fresh,3,fresh,,,0,1,1,4,1,0,5.0,20.0,15.0,55.0,3,1000,1.5064445734024048,0.003529994924319908,,max_step
1302,mutation,1,mutation,has_cluster,,0,1,1,2,0,0,10.0,20.0,15.0,20.0,1,104,2.1949076652526855,0.08169352502311365,,crash_vehicle
1303,fresh,3,fresh,,,0,0,0,5,1,1,20.0,5.0,10.0,35.0,1,1000,0.2734595537185669,0.005925246665021405,,max_step
1304,mutation,6,mutation,distance_to_nearest,,1,0,0,18,1,0,5.0,5.0,15.0,55.0,3,69,0.6839542984962463,0.07029040646401868,,crash_vehicle
1305,fresh,3,fresh,,,0,1,0,5,0,1,15.0,20.0,10.0,35.0,2,43,0.42780962586402893,0.004929693978886271,,out_of_road
1306,crossover,6,crossover,,distractor_cars|has_brake_checker|intersection_cars|cluster_dist|brake_dist,4,0,0,18,0,0,15.0,5.0,10.0,10.0,0,82,0.4570842683315277,0.029085676770702732,,crash_vehicle
1307,fresh,5,fresh,,,0,0,0,12,0,0,10.0,20.0,10.0,35.0,3,23,-0.30510327219963074,0.017979155416074005,,out_of_road
1308,crossover,0,crossover,,select_lane|ego_on_intersection|intersection_has_cars|intersection_cars|maximum_distractor_speed|distance_to_nearest|brake_dist,3,0,0,0,0,0,15.0,5.0,5.0,55.0,0,74,1.4488439559936523,0.010128823033458478,,out_of_road
1309,fresh,2,fresh,,,0,1,0,3,1,0,15.0,40.0,15.0,55.0,0,89,2.447434186935425,0.02744165488016488,,crash_vehicle
1310,crossover,3,crossover,,distractor_cars|has_cluster,1,0,0,4,1,1,15.0,20.0,5.0,35.0,0,1000,1.0023633241653442,0.006762720804661513,,max_step
1311,fresh,4,fresh,,,0,0,0,8,1,1,5.0,5.0,10.0,20.0,2,451,-0.0017843693494796753,0.0029573604472791014,,crash_vehicle
1312,mutation,2,mutation,brake_dist,,1,0,0,3,1,0,10.0,10.0,10.0,55.0,3,19,-0.2341315895318985,0.024263374115291395,,out_of_road
1313,fresh,3,fresh,,,0,1,1,4,1,0,20.0,40.0,5.0,55.0,1,97,2.5251963138580322,0.061966438403295486,,crash_vehicle
1314,mutation,3,mutation,intersection_cars,,0,1,0,4,1,1,10.0,20.0,10.0,35.0,3,239,4.750239849090576,0.1686407373945334,,crash_vehicle
1315,fresh,6,fresh,,,0,0,0,18,1,0,5.0,40.0,10.0,55.0,1,75,1.6936482191085815,0.01650899648666382,,crash_vehicle
1316,replay,6,replay,,,0,0,0,18,1,0,5.0,40.0,10.0,55.0,1,116,2.921600580215454,0.2567783768834739,,out_of_road
1317,fresh,6,fresh,,,0,0,0,18,0,1,20.0,20.0,10.0,10.0,0,68,0.7013014554977417,0.015092366429812768,,crash_vehicle
1318,mutation,2,mutation,has_brake_checker,,0,0,0,3,1,1,15.0,20.0,15.0,55.0,3,114,3.3571743965148926,0.07110620446078349,,crash_vehicle
1319,fresh,2,fresh,,,0,0,0,3,0,0,5.0,10.0,10.0,55.0,1,63,0.553393542766571,0.016045937225932165,,crash_vehicle
1320,crossover,3,crossover,,select_lane|ego_on_intersection|intersection_has_cars|intersection_cars|has_cluster|maximum_distractor_speed|distance_to_nearest|brake_dist,5,1,0,4,1,0,15.0,5.0,10.0,20.0,1,260,2.7738730907440186,0.08112001808252758,,crash_vehicle
1321,fresh,4,fresh,,,0,0,0,8,1,0,15.0,40.0,10.0,55.0,2,88,1.8619962930679321,0.04679929657140747,,out_of_road
1322,replay,4,replay,,,0,0,0,8,1,0,15.0,40.0,10.0,55.0,2,246,4.072620391845703,0.13503336544504496,,out_of_road
1323,fresh,4,fresh,,,0,0,0,8,0,0,5.0,10.0,5.0,10.0,1,163,4.642274856567383,0.20509696826681587,,crash_vehicle
1324,crossover,3,crossover,,select_lane|ego_on_intersection|intersection_has_cars|distractor_cars|intersection_cars|maximum_distractor_speed|distance_to_nearest,4,1,1,4,1,0,20.0,5.0,5.0,20.0,0,123,1.2670643329620361,0.12592403428644183,,crash_vehicle
1325,fresh,1,fresh,,,0,1,0,2,1,1,20.0,20.0,10.0,35.0,2,125,3.319002866744995,0.08625868344493211,,crash_vehicle
1326,crossover,4,crossover,,select_lane|ego_on_intersection|intersection_has_cars|distractor_cars|distance_to_nearest|cluster_dist|brake_dist,4,0,0,8,0,0,15.0,40.0,5.0,35.0,0,52,0.7645017504692078,0.04741968200183832,,out_of_road
1327,fresh,4,fresh,,,0,1,1,8,0,0,20.0,10.0,5.0,20.0,2,228,8.445992469787598,0.2655872041196154,,out_of_road
1328,crossover,1,crossover,,select_lane|ego_on_intersection|intersection_has_cars|distractor_cars|has_brake_checker|intersection_cars|distance_to_nearest,1,1,1,2,0,0,20.0,20.0,15.0,35.0,2,169,3.3150508403778076,0.13947878885854412,,out_of_road
1329,fresh,2,fresh,,,0,1,1,3,1,0,5.0,40.0,15.0,55.0,3,127,3.99879789352417,0.08414620424320143,,crash_vehicle
1330,crossover,1,crossover,,select_lane|ego_on_intersection|intersection_has_cars|has_brake_checker|intersection_cars|maximum_distractor_speed|distance_to_nearest,4,1,1,2,0,0,20.0,10.0,15.0,55.0,0,460,12.419971466064453,0.26489036616099915,,out_of_road
1331,fresh,2,fresh,,,0,1,0,3,0,1,5.0,5.0,15.0,10.0,2,239,-0.01185251772403717,0.004550182903536194,,crash_vehicle
1332,replay,2,replay,,,0,1,0,3,0,1,5.0,5.0,15.0,10.0,2,143,3.3841450214385986,0.1799057717663008,,crash_vehicle
1333,fresh,5,fresh,,,0,1,1,12,0,1,15.0,40.0,15.0,35.0,1,85,1.5758785009384155,0.023870096399503597,,crash_vehicle
1334,crossover,2,crossover,,cluster_dist,0,0,0,3,0,0,20.0,20.0,5.0,55.0,2,145,3.8152101039886475,0.15676995544084188,,out_of_road
1335,fresh,6,fresh,,,0,0,0,18,0,1,10.0,40.0,15.0,20.0,2,205,8.262284278869629,0.22092262511482327,,out_of_road
1336,crossover,4,crossover,,select_lane|ego_on_intersection|intersection_has_cars|distractor_cars|has_brake_checker|cluster_dist,4,0,0,8,1,1,5.0,40.0,10.0,55.0,3,166,2.453500270843506,0.08168476658974247,,crash_vehicle
1337,fresh,0,fresh,,,0,0,0,0,1,0,20.0,20.0,15.0,35.0,0,222,9.169994354248047,0.271647295218196,,out_of_road
1338,crossover,2,crossover,,distractor_cars|intersection_cars|maximum_distractor_speed|distance_to_nearest|brake_dist,3,0,0,3,0,0,5.0,40.0,5.0,55.0,3,115,3.5987229347229004,0.1259345671404963,,out_of_road
1339,fresh,6,fresh,,,0,0,0,18,1,0,15.0,40.0,15.0,55.0,3,414,8.726597785949707,0.17944294228196,,crash_vehicle
1340,replay,6,replay,,,0,0,0,18,1,0,15.0,40.0,15.0,55.0,3,140,2.2394237518310547,0.1535906173288822,,crash_vehicle
1341,fresh,3,fresh,,,0,0,0,5,0,1,5.0,20.0,10.0,55.0,2,1000,1.2303937673568726,0.004564354150556028,,max_step
1342,crossover,2,crossover,,select_lane|ego_on_intersection|intersection_has_cars,3,0,0,3,1,1,5.0,5.0,10.0,35.0,2,64,0.3470262587070465,0.0738505365443416,,crash_vehicle
1343,fresh,1,fresh,,,0,0,0,2,0,1,15.0,20.0,15.0,55.0,2,35,1.046433925628662,0.055875904219491145,,arrive_dest
1344,mutation,0,mutation,select_road|select_lane|ego_on_intersection|intersection_has_cars,,1,0,0,1,1,1,15.0,5.0,10.0,20.0,1,106,1.974661111831665,0.02925939067214165,,crash_vehicle
1345,fresh,0,fresh,,,0,0,0,0,1,0,15.0,10.0,5.0,10.0,0,240,5.047744274139404,0.1513293791251878,,crash_vehicle
1346,mutation,3,mutation,has_cluster,,0,0,0,5,1,1,15.0,5.0,5.0,35.0,1,240,5.031315326690674,0.16696916272630916,,out_of_road
1347,fresh,5,fresh,,,0,1,0,12,1,1,5.0,5.0,5.0,35.0,1,30,-0.009004682302474976,0.0002745245893796285,,crash_vehicle
1348,mutation,5,mutation,distance_to_nearest,,1,1,0,12,1,0,20.0,10.0,5.0,55.0,0,202,4.12277364730835,0.16558038433644884,,crash_vehicle
1349,fresh,5,fresh,,,0,0,0,12,1,0,15.0,40.0,5.0,55.0,0,183,3.7794885635375977,0.1050374966313238,,out_of_road
1350,mutation,4,mutation,maximum_distractor_speed,,1,0,0,8,1,1,15.0,10.0,15.0,35.0,2,1000,1.4951311349868774,0.014300681307446212,,max_step
1351,fresh,2,fresh,,,0,0,0,3,1,1,15.0,10.0,5.0,35.0,1,76,0.5535065531730652,0.009706262008924233,,crash_vehicle
1352,crossover,4,crossover,,distractor_cars|has_brake_checker|maximum_distractor_speed|cluster_dist,4,1,1,8,1,0,15.0,40.0,5.0,55.0,2,1000,0.001145408139564097,0.0005545152155682445,,max_step
1353,fresh,6,fresh,,,0,0,0,18,0,0,15.0,40.0,15.0,20.0,2,326,4.339829921722412,0.09155774233074276,,out_of_road
1354,mutation,0,mutation,brake_dist,,1,0,0,0,0,0,10.0,10.0,15.0,10.0,0,89,2.7619690895080566,0.03955009527337015,,arrive_dest
1355,fresh,4,fresh,,,0,1,1,8,1,0,5.0,40.0,10.0,55.0,1,85,1.6743396520614624,0.03619078104110325,,crash_vehicle
1356,crossover,0,crossover,,maximum_distractor_speed,0,0,0,0,0,0,10.0,5.0,5.0,20.0,0,295,12.040548324584961,0.25775216785338473,,out_of_road
1357,fresh,0,fresh,,,0,0,0,0,0,0,10.0,10.0,15.0,20.0,0,98,2.536367416381836,0.05567083182763689,,out_of_road
1358,replay,0,replay,,,0,0,0,0,0,0,10.0,10.0,15.0,20.0,0,1000,3.948988199234009,0.024099769449792804,,max_step
1359,fresh,0,fresh,,,0,1,1,1,1,0,10.0,5.0,10.0,20.0,1,96,1.8685470819473267,0.06667553637331973,,crash_vehicle
1360,crossover,1,crossover,,distractor_cars|distance_to_nearest|brake_dist,0,1,1,2,0,0,20.0,20.0,10.0,35.0,2,96,2.8815088272094727,0.07700309611391276,,out_of_road
1361,fresh,4,fresh,,,0,0,0,8,0,0,15.0,5.0,15.0,55.0,1,115,0.9166475534439087,0.07255987916951594,,crash_vehicle
1362,mutation,3,mutation,has_cluster,,0,1,1,5,0,0,20.0,10.0,5.0,35.0,3,201,4.724491596221924,0.15260695585916143,,out_of_road
1363,fresh,1,fresh,,,0,0,0,2,0,1,20.0,5.0,5.0,35.0,0,262,6.113901138305664,0.13262518642484458,,out_of_road
1364,crossover,6,crossover,,distractor_cars|intersection_cars|has_cluster|maximum_distractor_speed|distance_to_nearest,3,0,0,18,1,0,15.0,20.0,15.0,55.0,0,129,3.2339224815368652,0.11174312089172792,,crash_vehicle
1365,fresh,4,fresh,,,0,1,1,8,1,0,10.0,5.0,15.0,55.0,0,1000,0.2471618950366974,0.006108740265015513,,max_step
1366,replay,4,replay,,,0,1,1,8,1,0,10.0,5.0,15.0,55.0,0,123,3.4513237476348877,0.19257580776645886,,out_of_road
1367,fresh,0,fresh,,,0,0,0,0,0,0,15.0,10.0,10.0,10.0,0,122,3.191061019897461,0.14554772150443226,,out_of_road
1368,mutation,1,mutation,has_cluster,,1,1,0,2,0,1,10.0,40.0,10.0,20.0,1,1000,1.7491658926010132,0.004576702231541276,,max_step
1369,fresh,3,fresh,,,0,0,0,5,0,0,15.0,20.0,15.0,35.0,1,157,0.558341920375824,0.04249624210961495,,out_of_road
1370,mutation,3,mutation,distance_to_nearest,,1,0,0,4,1,0,20.0,20.0,15.0,55.0,0,128,2.920931100845337,0.1169867553990116,,out_of_road
1371,fresh,0,fresh,,,0,0,0,0,0,0,20.0,40.0,5.0,10.0,0,246,11.460227966308594,0.3071429362914305,,out_of_road
1372,crossover,0,crossover,,distractor_cars|intersection_cars|brake_dist,2,1,0,0,0,0,5.0,10.0,10.0,10.0,0,100,2.2031707763671875,0.01995614394545555,,out_of_road
1373,fresh,2,fresh,,,0,0,0,3,0,0,5.0,10.0,15.0,35.0,2,216,0.45856165885925293,0.018669118403017312,,out_of_road
1374,mutation,1,mutation,select_road|select_lane|ego_on_intersection|intersection_has_cars,,2,1,0,2,0,0,15.0,5.0,10.0,20.0,1,1000,0.410788893699646,0.0025833127475343646,,max_step
1375,fresh,0,fresh,,,0,0,0,1,0,1,15.0,10.0,10.0,20.0,1,86,1.9047795534133911,0.028491007618952627,,out_of_road
1376,mutation,6,mutation,maximum_distractor_speed,,0,1,1,18,0,1,20.0,40.0,5.0,55.0,3,66,1.253676414489746,0.02503198193329753,,crash_vehicle
1377,fresh,6,fresh,,,0,0,0,18,1,1,5.0,10.0,5.0,35.0,2,429,-0.23866006731987,0.004584325143159964,,crash_vehicle
1378,mutation,2,mutation,distractor_cars,,1,1,0,3,0,0,10.0,5.0,5.0,55.0,3,265,14.041081428527832,0.4069937691654799,,out_of_road
1379,fresh,6,fresh,,,0,0,0,18,1,0,10.0,40.0,10.0,55.0,1,102,2.705833673477173,0.08418791014335904,,crash_vehicle
1380,crossover,1,crossover,,select_lane|ego_on_intersection|intersection_has_cars|intersection_cars|has_cluster|maximum_distractor_speed|brake_dist,5,1,1,2,1,0,10.0,20.0,5.0,35.0,0,315,5.802293300628662,0.18578969789521088,,out_of_road
1381,fresh,3,fresh,,,0,0,0,5,1,0,15.0,5.0,15.0,55.0,0,87,0.7820359468460083,0.026147990305533355,,out_of_road
1382,crossover,2,crossover,,cluster_dist|brake_dist,2,0,0,3,1,1,20.0,20.0,5.0,55.0,2,97,1.7465338706970215,0.11446166037553057,,crash_vehicle
1383,fresh,3,fresh,,,0,1,0,4,1,1,10.0,20.0,10.0,35.0,1,224,8.759864807128906,0.15444162948655762,,out_of_road
1384,replay,3,replay,,,0,1,0,4,1,1,10.0,20.0,10.0,35.0,1,231,6.7632622718811035,0.254998861920911,,crash_vehicle
1385,fresh,2,fresh,,,0,0,0,3,0,1,5.0,5.0,15.0,20.0,2,508,11.703652381896973,0.193544536865661,,crash_vehicle
1386,replay,2,replay,,,0,0,0,3,0,1,5.0,5.0,15.0,20.0,2,123,2.2772209644317627,0.17851835979921063,,crash_vehicle
1387,fresh,4,fresh,,,0,0,0,8,0,1,15.0,20.0,5.0,35.0,1,52,0.6516880989074707,0.023165832345302288,,crash_vehicle
1388,replay,4,replay,,,0,0,0,8,0,1,15.0,20.0,5.0,35.0,1,127,3.218067169189453,0.0711881102715421,,crash_vehicle
1389,fresh,1,fresh,,,0,0,0,2,1,1,20.0,40.0,15.0,55.0,1,196,8.290578842163086,0.2346103124187461,,out_of_road
1390,mutation,4,mutation,has_brake_checker,,1,0,0,8,1,0,15.0,5.0,15.0,55.0,1,48,0.3445579409599304,0.014250653039198369,,crash_vehicle
1391,fresh,3,fresh,,,0,1,1,4,0,0,5.0,10.0,15.0,55.0,3,249,6.092025279998779,0.14603353426399002,,out_of_road
1392,mutation,3,mutation,has_brake_checker,,0,0,0,5,1,1,10.0,20.0,10.0,35.0,0,101,1.4119651317596436,0.06674918167219304,,crash_vehicle
1393,fresh,3,fresh,,,0,0,0,4,1,1,15.0,10.0,10.0,55.0,2,112,2.0443458557128906,0.09962289176681745,,out_of_road
1394,crossover,3,crossover,,distractor_cars|has_brake_checker|has_cluster|cluster_dist|brake_dist,4,0,0,5,1,1,20.0,10.0,5.0,35.0,2,131,1.30475914478302,0.08543053368916949,,crash_vehicle
1395,fresh,2,fresh,,,0,1,0,3,1,1,20.0,40.0,10.0,55.0,3,74,1.6916087865829468,0.0213275189083573,,out_of_road
1396,crossover,0,crossover,,,0,1,0,0,1,0,15.0,10.0,15.0,35.0,0,190,8.378768920898438,0.25245390628513537,,arrive_dest
1397,fresh,4,fresh,,,0,0,0,8,0,1,5.0,20.0,5.0,20.0,0,55,0.6266703009605408,0.014844412153417414,,crash_vehicle
1398,mutation,4,mutation,has_brake_checker,,0,0,0,8,1,0,15.0,40.0,5.0,55.0,3,109,1.9996366500854492,0.059737457799802135,,crash_vehicle
1399,fresh,3,fresh,,,0,1,0,5,0,1,5.0,5.0,15.0,20.0,3,60,0.1949421912431717,0.00327335341523091,,crash_vehicle
1400,mutation,6,mutation,distractor_cars,,1,0,0,18,0,0,10.0,10.0,10.0,55.0,0,1000,2.3672077655792236,0.03967531554051675,,max_step
1401,fresh,3,fresh,,,0,0,0,4,0,1,5.0,20.0,5.0,35.0,1,1000,0.8175562620162964,0.0007744729276746512,,max_step
1402,mutation,5,mutation,distractor_cars,,1,1,1,12,1,0,20.0,20.0,15.0,35.0,2,162,1.1895689964294434,0.010179242429633936,,crash_vehicle
1403,fresh,3,fresh,,,0,1,1,5,0,0,10.0,5.0,5.0,35.0,1,33,0.1498715877532959,0.0,,crash_vehicle
1404,mutation,2,mutation,has_cluster,,1,0,0,3,1,1,15.0,20.0,15.0,55.0,3,88,2.4189019203186035,0.08415767531418665,,out_of_road
1405,fresh,1,fresh,,,0,0,0,2,0,0,10.0,20.0,5.0,55.0,2,193,8.356757164001465,0.1883363392918221,,out_of_road
1406,crossover,0,crossover,,distractor_cars|has_brake_checker|intersection_cars|has_cluster|maximum_distractor_speed|distance_to_nearest|brake_dist,2,0,0,0,0,0,20.0,40.0,5.0,55.0,0,73,2.300696849822998,0.13221196286788542,,arrive_dest
1407,fresh,2,fresh,,,0,0,0,3,1,0,15.0,10.0,10.0,35.0,0,50,0.5032589435577393,0.010490778870880603,,crash_vehicle
1408,crossover,0,crossover,,has_brake_checker|intersection_cars|has_cluster|distance_to_nearest|cluster_dist|brake_dist,5,0,0,1,1,1,10.0,20.0,10.0,55.0,1,117,3.565606117248535,0.1266982414178614,,crash_vehicle
1409,fresh,6,fresh,,,0,0,0,18,0,1,10.0,40.0,15.0,20.0,0,70,1.6109740734100342,0.04087639674544334,,crash_vehicle
1410,replay,6,replay,,,0,0,0,18,0,1,10.0,40.0,15.0,20.0,0,189,9.017232894897461,0.22754489359440944,,out_of_road
1411,fresh,1,fresh,,,0,1,0,2,0,1,5.0,20.0,15.0,10.0,1,111,1.2663620710372925,0.02984509364752149,,crash_vehicle
1412,mutation,1,mutation,intersection_cars,,1,0,0,2,1,1,20.0,5.0,5.0,55.0,0,41,0.14006702601909637,0.011212928992945974,,crash_vehicle
1413,fresh,0,fresh,,,0,1,1,1,0,0,5.0,20.0,15.0,10.0,1,91,2.294182062149048,0.03032833487204798,,out_of_road
1414,crossover,5,crossover,,has_brake_checker|intersection_cars|maximum_distractor_speed|cluster_dist|brake_dist,2,1,0,12,1,1,10.0,40.0,10.0,55.0,0,140,2.062690496444702,0.0902535259191479,,out_of_road
1415,fresh,4,fresh,,,0,0,0,8,0,1,5.0,5.0,15.0,35.0,3,318,9.375319480895996,0.13023616988563314,,out_of_road
1416,replay,4,replay,,,0,0,0,8,0,1,5.0,5.0,15.0,35.0,3,211,8.014132499694824,0.3575441858938661,,out_of_road
1417,fresh,4,fresh,,,0,1,0,8,0,1,10.0,5.0,10.0,10.0,3,27,-0.010988056659698486,0.020146818072707566,,crash_vehicle
1418,crossover,1,crossover,,select_lane|ego_on_intersection|intersection_has_cars|has_brake_checker|has_cluster|maximum_distractor_speed,5,0,0,2,1,1,10.0,40.0,10.0,55.0,0,68,1.4204999208450317,0.02102291671668782,,crash_vehicle
1419,fresh,0,fresh,,,0,1,0,1,1,0,20.0,10.0,10.0,55.0,1,132,4.383869171142578,0.055308864155614916,,out_of_road
1420,crossover,5,crossover,,has_brake_checker|intersection_cars|maximum_distractor_speed|cluster_dist,2,0,0,12,1,0,20.0,20.0,10.0,35.0,3,165,5.043136119842529,0.24637486332971037,,out_of_road
1421,fresh,3,fresh,,,0,0,0,5,1,0,10.0,20.0,10.0,55.0,2,168,6.473570823669434,0.1286638606716657,,arrive_dest
1422,crossover,5,crossover,,select_lane|ego_on_intersection|intersection_has_cars|distractor_cars|intersection_cars|maximum_distractor_speed|brake_dist,2,1,1,12,0,1,15.0,10.0,10.0,20.0,2,346,0.18681561946868896,0.005015678733393464,,crash_vehicle
1423,fresh,2,fresh,,,0,0,0,3,0,0,15.0,20.0,5.0,20.0,2,83,1.838147759437561,0.09522636887808163,,crash_vehicle
1424,mutation,1,mutation,distance_to_nearest,,1,0,0,2,0,1,15.0,40.0,15.0,20.0,1,104,2.7955150604248047,0.057357512056254424,,crash_vehicle
1425,fresh,6,fresh,,,0,0,0,18,0,0,15.0,10.0,5.0,10.0,0,682,1.615177035331726,0.04636328718867399,,crash_vehicle
1426,replay,6,replay,,,0,0,0,18,0,0,15.0,10.0,5.0,10.0,0,302,9.515189170837402,0.19030934075720066,,out_of_road
1427,fresh,5,fresh,,,0,0,0,12,0,1,5.0,20.0,5.0,10.0,0,53,0.6660686135292053,0.020719388745865732,,crash_vehicle
1428,mutation,6,mutation,maximum_distractor_speed,,1,0,0,18,0,0,20.0,10.0,5.0,10.0,2,1000,0.33825913071632385,0.020803533911937847,,max_step
1429,fresh,6,fresh,,,0,0,0,18,1,0,5.0,40.0,10.0,55.0,2,31,-0.1760236769914627,0.032572640767020565,,out_of_road
1430,mutation,0,mutation,intersection_cars,,0,0,0,0,1,0,15.0,40.0,10.0,10.0,0,1000,3.112914562225342,0.02683316174335778,,max_step
1431,fresh,3,fresh,,,0,0,0,4,0,0,10.0,40.0,10.0,10.0,0,52,0.9092651009559631,0.022892470101186727,,out_of_road
1432,crossover,4,crossover,,select_lane|ego_on_intersection|intersection_has_cars|distractor_cars|has_brake_checker|maximum_distractor_speed|distance_to_nearest|cluster_dist,3,1,1,8,1,0,15.0,20.0,10.0,55.0,1,64,0.6353145837783813,0.0371988961705938,,out_of_road
1433,fresh,2,fresh,,,0,0,0,3,1,0,15.0,10.0,15.0,55.0,2,175,4.314696311950684,0.02456253602036408,,out_of_road
1434,replay,2,replay,,,0,0,0,3,1,0,15.0,10.0,15.0,55.0,2,129,2.7224607467651367,0.12323850513139899,,crash_vehicle
1435,fresh,0,fresh,,,0,1,1,1,0,0,20.0,40.0,15.0,20.0,1,181,8.090063095092773,0.1316950458246,,out_of_road
1436,mutation,0,mutation,has_brake_checker,,1,1,1,1,1,0,20.0,5.0,10.0,55.0,1,108,3.3444764614105225,0.1249105547580661,,crash_vehicle
1437,fresh,4,fresh,,,0,1,1,8,0,1,10.0,20.0,10.0,20.0,0,1000,1.3116761445999146,0.011668889693915843,,max_step
1438,replay,4,replay,,,0,1,1,8,0,1,10.0,20.0,10.0,20.0,0,100,2.9257469177246094,0.058240779228508475,,out_of_road
1439,fresh,6,fresh,,,0,1,1,18,0,1,15.0,10.0,10.0,35.0,0,693,0.5474401712417603,0.0037257122722539034,,crash_vehicle
1440,mutation,4,mutation,maximum_distractor_speed,,1,0,0,8,0,0,10.0,20.0,5.0,55.0,1,66,1.123901128768921,0.028833541680466045,,crash_vehicle
1441,fresh,1,fresh,,,0,1,1,2,1,1,20.0,40.0,10.0,55.0,2,188,8.469573974609375,0.17924656593141722,,out_of_road
1442,crossover,1,crossover,,select_lane|ego_on_intersection|intersection_has_cars|distractor_cars|has_brake_checker|intersection_cars|has_cluster|distance_to_nearest,5,0,0,2,1,0,10.0,40.0,10.0,55.0,2,104,3.659019708633423,0.11816999853517,,crash_vehicle
1443,fresh,3,fresh,,,0,1,0,5,1,1,5.0,40.0,5.0,55.0,1,68,1.2185661792755127,0.012739403282894808,,crash_vehicle
1444,mutation,6,mutation,has_brake_checker,,1,0,0,18,0,0,10.0,5.0,10.0,20.0,2,2,0.49857497215270996,0.0,,arrive_dest
1445,fresh,2,fresh,,,0,1,0,3,1,1,5.0,10.0,5.0,20.0,2,46,0.2523513436317444,0.023745451284491497,,crash_vehicle
1446,replay,2,replay,,,0,1,0,3,1,1,5.0,10.0,5.0,20.0,2,190,7.063215732574463,0.0831819481461456,,out_of_road
1447,fresh,2,fresh,,,0,0,0,3,0,1,15.0,10.0,15.0,20.0,1,197,5.543919086456299,0.27224777571308584,,out_of_road
1448,replay,2,replay,,,0,0,0,3,0,1,15.0,10.0,15.0,20.0,1,89,1.3076896667480469,0.007398306004954188,,crash_vehicle
1449,fresh,6,fresh,,,0,1,0,18,0,1,5.0,5.0,10.0,35.0,3,23,-0.015015184879302979,0.034167061681332794,,crash_vehicle
1450,crossover,3,crossover,,select_lane|ego_on_intersection|intersection_has_cars|has_brake_checker|has_cluster|distance_to_nearest,4,0,0,4,1,1,15.0,10.0,15.0,20.0,1,64,0.49384599924087524,0.019725938713236246,,crash_vehicle
1451,fresh,3,fresh,,,0,1,1,4,1,1,20.0,10.0,15.0,55.0,0,118,2.2799980640411377,0.13326075272161073,,crash_vehicle
1452,crossover,4,crossover,,select_lane|ego_on_intersection|intersection_has_cars|intersection_cars|has_cluster|brake_dist,4,1,0,8,0,1,5.0,5.0,15.0,55.0,1,38,-0.007821217179298401,0.006793191068266567,,crash_vehicle
1453,fresh,2,fresh,,,0,1,0,3,1,0,20.0,5.0,10.0,35.0,0,88,0.6819817423820496,0.009116743733598427,,out_of_road
1454,crossover,4,crossover,,select_lane|ego_on_intersection|intersection_has_cars,2,0,0,8,0,1,15.0,10.0,15.0,20.0,3,192,3.5989832878112793,0.17530626279282538,,crash_vehicle
1455,fresh,3,fresh,,,0,1,0,5,0,1,15.0,10.0,15.0,55.0,1,45,0.2687232494354248,0.0,,crash_vehicle
1456,replay,3,replay,,,0,1,0,5,0,1,15.0,10.0,15.0,55.0,1,118,1.4674506187438965,0.029646137926601254,,crash_vehicle
1457,fresh,0,fresh,,,0,0,0,0,0,0,20.0,10.0,15.0,20.0,0,18,-0.2626820206642151,0.0,,out_of_road
1458,crossover,2,crossover,,select_lane|ego_on_intersection|intersection_has_cars|distractor_cars|maximum_distractor_speed|cluster_dist|brake_dist,2,0,0,3,0,0,20.0,10.0,10.0,35.0,0,178,4.372328758239746,0.18199584555676143,,arrive_dest
1459,fresh,3,fresh,,,0,0,0,5,1,1,20.0,40.0,10.0,55.0,2,1000,1.6466869115829468,0.007672977661713958,,max_step
1460,crossover,5,crossover,,distractor_cars|has_brake_checker|maximum_distractor_speed|brake_dist,3,1,0,12,0,0,15.0,10.0,5.0,55.0,0,1000,2.1437766551971436,0.023495669201016426,,max_step
1461,fresh,0,fresh,,,0,0,0,0,0,0,5.0,10.0,5.0,35.0,0,248,12.244186401367188,0.3309523049111088,,out_of_road
1462,crossover,5,crossover,,select_lane|ego_on_intersection|intersection_has_cars|has_brake_checker|maximum_distractor_speed|distance_to_nearest|cluster_dist,4,1,0,12,0,1,20.0,5.0,5.0,35.0,3,1000,0.772465169429779,0.022698728622170164,,max_step
1463,fresh,6,fresh,,,0,0,0,18,0,1,10.0,20.0,5.0,10.0,0,1000,1.4275246858596802,0.015065983759239315,,max_step
1464,replay,6,replay,,,0,0,0,18,0,1,10.0,20.0,5.0,10.0,0,101,1.8477163314819336,0.06702125164689404,,out_of_road
1465,fresh,0,fresh,,,0,1,0,0,1,0,5.0,40.0,10.0,10.0,0,116,1.9227221012115479,0.11154029088030601,,crash_vehicle
1466,crossover,5,crossover,,distractor_cars|has_brake_checker|maximum_distractor_speed|distance_to_nearest|cluster_dist,3,1,0,12,1,0,20.0,10.0,10.0,20.0,3,101,0.21338807046413422,0.018174090007744212,,crash_vehicle
1467,fresh,2,fresh,,,0,0,0,3,0,0,5.0,40.0,5.0,10.0,2,72,1.431027889251709,0.020618617224196594,,crash_vehicle
1468,crossover,3,crossover,,select_lane|ego_on_intersection|intersection_has_cars|distractor_cars|has_cluster|distance_to_nearest|cluster_dist|brake_dist,6,1,1,5,1,0,15.0,10.0,5.0,20.0,3,337,10.948390007019043,0.25871598223660924,,out_of_road
1469,fresh,5,fresh,,,0,0,0,12,0,0,10.0,5.0,10.0,35.0,2,273,9.19076156616211,0.13062478278869347,,out_of_road
1470,mutation,3,mutation,maximum_distractor_speed,,1,1,0,5,0,0,20.0,10.0,10.0,20.0,2,222,8.174633979797363,0.44714153531166884,,crash_vehicle
1471,fresh,1,fresh,,,0,1,0,2,1,0,15.0,5.0,5.0,20.0,2,2,0.4981907606124878,0.0,,arrive_dest
1472,replay,1,replay,,,0,1,0,2,1,0,15.0,5.0,5.0,20.0,2,91,2.54146671295166,0.04033244652980632,,crash_vehicle
1473,fresh,0,fresh,,,0,1,0,0,1,0,20.0,20.0,15.0,35.0,0,91,2.0626211166381836,0.1212889583177537,,out_of_road
1474,crossover,1,crossover,,select_lane|ego_on_intersection|intersection_has_cars|distractor_cars|has_brake_checker|has_cluster|maximum_distractor_speed|distance_to_nearest|cluster_dist,5,0,0,2,1,0,20.0,20.0,15.0,35.0,2,90,2.189405918121338,0.09509949660342601,,crash_vehicle
1475,fresh,5,fresh,,,0,0,0,12,1,1,10.0,20.0,10.0,55.0,1,68,0.844638466835022,0.0029968671801993076,,crash_vehicle
1476,mutation,4,mutation,cluster_dist,,1,0,0,8,1,0,15.0,20.0,10.0,55.0,2,140,4.240565776824951,0.3027238598758621,,crash_vehicle
1477,fresh,6,fresh,,,0,0,0,18,0,0,20.0,5.0,10.0,20.0,3,26,-0.017994776368141174,0.0012014279715143717,,crash_vehicle
1478,crossover,1,crossover,,distractor_cars|maximum_distractor_speed|cluster_dist|brake_dist,2,1,1,2,0,0,15.0,20.0,15.0,20.0,2,141,4.332484722137451,0.04416723432125035,,out_of_road
1479,fresh,4,fresh,,,0,1,1,8,1,0,5.0,40.0,5.0,55.0,3,105,2.0783300399780273,0.05293977540873346,,out_of_road
1480,crossover,0,crossover,,select_lane|ego_on_intersection|intersection_has_cars|distractor_cars|has_brake_checker,3,0,0,1,0,0,10.0,20.0,10.0,20.0,0,238,4.679678916931152,0.1606593465573397,,out_of_road
1481,fresh,3,fresh,,,0,0,0,5,1,1,10.0,5.0,10.0,20.0,1,77,0.59942227602005,0.09808534901444015,,crash_vehicle
1482,crossover,4,crossover,,select_lane|ego_on_intersection|intersection_has_cars|distractor_cars|has_brake_checker|has_cluster|brake_dist,5,1,1,8,1,0,5.0,10.0,5.0,55.0,1,1000,0.00030332725145854056,2.835288643836975e-06,,max_step
1483,fresh,4,fresh,,,0,1,1,8,1,0,5.0,5.0,5.0,20.0,1,26,-0.019127026200294495,0.0007010927567115197,,crash_vehicle
1484,crossover,5,crossover,,select_lane|ego_on_intersection|intersection_has_cars|distractor_cars|intersection_cars|has_cluster|distance_to_nearest,3,1,1,12,0,0,5.0,10.0,10.0,20.0,2,485,2.1867175102233887,0.03309837357505926,,crash_vehicle
1485,fresh,0,fresh,,,0,1,1,1,0,0,10.0,20.0,10.0,35.0,0,242,6.40842866897583,0.17941093683427523,,out_of_road
1486,replay,0,replay,,,0,1,1,1,0,0,10.0,20.0,10.0,35.0,0,161,0.10964412987232208,0.047237485566216965,,out_of_road
1487,fresh,5,fresh,,,0,1,1,12,0,0,5.0,20.0,15.0,10.0,0,59,0.7541560530662537,0.0,,crash_vehicle
1488,mutation,6,mutation,intersection_cars,,0,0,0,18,1,0,15.0,20.0,15.0,55.0,0,142,3.4778366088867188,0.12157479917604319,,crash_vehicle
1489,fresh,3,fresh,,,0,1,1,4,0,1,20.0,20.0,15.0,20.0,0,123,2.120426893234253,0.11404878826863019,,crash_vehicle
1490,mutation,5,mutation,has_brake_checker,,1,1,0,12,0,0,15.0,40.0,15.0,55.0,2,701,0.9671998023986816,0.01992263694987307,,crash_vehicle
1491,fresh,4,fresh,,,0,1,0,8,0,0,10.0,20.0,5.0,55.0,1,1000,0.9632322192192078,0.0075191201877314595,,max_step
1492,mutation,0,mutation,intersection_cars,,0,0,0,0,1,0,15.0,10.0,5.0,10.0,0,326,12.03426456451416,0.2820576759158102,,arrive_dest
1493,fresh,6,fresh,,,0,0,0,18,1,0,5.0,10.0,5.0,20.0,1,51,0.22829517722129822,0.019495843361844036,,crash_vehicle
1494,crossover,5,crossover,,has_brake_checker|maximum_distractor_speed|distance_to_nearest|cluster_dist,5,0,0,12,1,0,5.0,40.0,10.0,55.0,2,77,1.618065595626831,0.030194786268395262,,crash_vehicle
1495,fresh,3,fresh,,,0,1,1,5,1,0,5.0,10.0,5.0,20.0,3,1000,0.0011365643003955483,0.0,,max_step
1496,crossover,2,crossover,,intersection_cars|has_cluster|cluster_dist,2,0,0,3,1,0,20.0,40.0,5.0,55.0,3,114,3.3470864295959473,0.10744368678710439,,crash_vehicle
1497,fresh,6,fresh,,,0,0,0,18,1,0,5.0,10.0,15.0,20.0,2,362,0.23156237602233887,0.0008296135874742961,,crash_vehicle
1498,replay,6,replay,,,0,0,0,18,1,0,5.0,10.0,15.0,20.0,2,217,6.587480545043945,0.04993718101166635,,out_of_road
1499,fresh,2,fresh,,,0,0,0,3,0,0,5.0,5.0,5.0,10.0,0,452,13.752362251281738,0.24454132056448905,,out_of_road
1500,replay,2,replay,,,0,0,0,3,0,0,5.0,5.0,5.0,10.0,0,92,2.777867078781128,0.09118223947513363,,out_of_road
1501,fresh,1,fresh,,,0,1,0,2,1,0,20.0,10.0,10.0,20.0,2,97,1.8883771896362305,0.058006411245496,,crash_vehicle
1502,crossover,2,crossover,,has_brake_checker|intersection_cars|has_cluster|maximum_distractor_speed|cluster_dist|brake_dist,2,1,0,3,0,0,20.0,10.0,5.0,35.0,3,163,4.400428295135498,0.18370694541400928,,out_of_road
1503,fresh,2,fresh,,,0,0,0,3,1,1,20.0,20.0,5.0,35.0,1,16,-0.2501385807991028,0.010406244080513716,,out_of_road
1504,crossover,4,crossover,,select_lane|ego_on_intersection|intersection_has_cars|intersection_cars|distance_to_nearest,4,0,0,8,0,0,5.0,20.0,10.0,55.0,1,171,1.325944423675537,0.02362321640435628,,crash_vehicle
1505,fresh,2,fresh,,,0,1,1,3,1,0,5.0,10.0,5.0,35.0,3,191,4.061299800872803,0.11831607454071182,,crash_vehicle
1506,replay,2,replay,,,0,1,1,3,1,0,5.0,10.0,5.0,35.0,3,209,4.6272125244140625,0.16612766798959966,,out_of_road
1507,fresh,3,fresh,,,0,0,0,5,0,1,5.0,40.0,10.0,20.0,0,70,1.2550203800201416,0.008112143405846187,,crash_vehicle
1508,crossover,3,crossover,,select_lane|ego_on_intersection|intersection_has_cars|has_brake_checker|maximum_distractor_speed|distance_to_nearest|brake_dist,4,1,1,5,1,0,15.0,10.0,5.0,20.0,2,32,0.2414318174123764,0.031274291686713696,,crash_vehicle
1509,fresh,4,fresh,,,0,0,0,8,1,1,10.0,10.0,10.0,55.0,2,60,0.2596164345741272,0.014149828938146432,,crash_vehicle
1510,replay,4,replay,,,0,0,0,8,1,1,10.0,10.0,10.0,55.0,2,152,2.9453704357147217,0.16272382928352608,,out_of_road
1511,fresh,2,fresh,,,0,1,1,3,0,0,10.0,10.0,10.0,55.0,2,218,3.132676601409912,0.13546393186264083,,out_of_road
1512,replay,2,replay,,,0,1,1,3,0,0,10.0,10.0,10.0,55.0,2,122,2.068103790283203,0.16123243778577592,,out_of_road
1513,fresh,3,fresh,,,0,1,1,5,1,0,15.0,20.0,5.0,35.0,2,130,2.910456418991089,0.015751225401002628,,out_of_road
1514,crossover,6,crossover,,select_lane|ego_on_intersection|intersection_has_cars|distractor_cars|has_brake_checker|has_cluster|maximum_distractor_speed|distance_to_nearest|cluster_dist,0,1,1,18,1,0,15.0,20.0,10.0,55.0,0,310,8.992362976074219,0.25631665704291196,,out_of_road
1515,fresh,0,fresh,,,0,0,0,1,0,1,20.0,5.0,15.0,35.0,1,104,2.333852767944336,0.20074735678589115,,out_of_road
1516,mutation,0,mutation,cluster_dist,,0,0,0,0,0,0,15.0,20.0,15.0,55.0,0,146,4.782872676849365,0.08306638958978735,,out_of_road
1517,fresh,3,fresh,,,0,1,0,5,0,0,5.0,5.0,5.0,55.0,2,30,0.07507944107055664,0.027824371408981582,,crash_vehicle
1518,replay,3,replay,,,0,1,0,5,0,0,5.0,5.0,5.0,55.0,2,87,2.2409753799438477,0.059091679537775874,,crash_vehicle
1519,fresh,4,fresh,,,0,0,0,8,1,1,20.0,40.0,10.0,55.0,3,68,1.365909218788147,0.03126784789321177,,crash_vehicle
1520,crossover,4,crossover,,select_lane|ego_on_intersection|intersection_has_cars|distractor_cars|intersection_cars|maximum_distractor_speed|distance_to_nearest,6,1,1,8,0,0,15.0,5.0,5.0,35.0,0,1000,0.12197849154472351,5.538273137062788e-05,,max_step
1521,fresh,0,fresh,,,0,1,0,0,1,0,20.0,10.0,10.0,20.0,0,83,0.8013017177581787,0.0478563698075981,,out_of_road
1522,replay,0,replay,,,0,1,0,0,1,0,20.0,10.0,10.0,20.0,0,385,11.21877670288086,0.21780519552238575,,out_of_road
1523,fresh,3,fresh,,,0,0,0,5,1,1,5.0,5.0,10.0,20.0,1,40,0.23035037517547607,0.010217741690576076,,crash_vehicle
1524,mutation,0,mutation,has_brake_checker,,1,0,0,1,0,0,15.0,10.0,10.0,20.0,0,160,3.953000783920288,0.23799365665763617,,out_of_road
1525,fresh,3,fresh,,,0,0,0,4,1,1,15.0,5.0,5.0,35.0,3,261,5.393831729888916,0.20217933325931944,,out_of_road
1526,replay,3,replay,,,0,0,0,4,1,1,15.0,5.0,5.0,35.0,3,195,8.342424392700195,0.2261107294414288,,out_of_road
1527,fresh,0,fresh,,,0,0,0,0,1,0,20.0,20.0,15.0,35.0,0,112,2.727126359939575,0.09006031640871827,,crash_vehicle
1528,replay,0,replay,,,0,0,0,0,1,0,20.0,20.0,15.0,35.0,0,264,10.966588020324707,0.2858038697546969,,out_of_road
1529,fresh,0,fresh,,,0,1,1,1,1,0,10.0,5.0,15.0,55.0,1,93,2.634659767150879,0.031109834129932106,,out_of_road
1530,replay,0,replay,,,0,1,1,1,1,0,10.0,5.0,15.0,55.0,1,201,8.108180046081543,0.17890399300599868,,out_of_road
1531,fresh,5,fresh,,,0,0,0,12,1,0,20.0,40.0,15.0,55.0,2,209,6.7816033363342285,0.1676900758448115,,out_of_road
1532,replay,5,replay,,,0,0,0,12,1,0,20.0,40.0,15.0,55.0,2,243,6.075502395629883,0.15003271792237283,,out_of_road
1533,fresh,0,fresh,,,0,0,0,1,0,0,15.0,10.0,5.0,10.0,0,38,0.19237080216407776,8.684239889446057e-05,,crash_vehicle
1534,crossover,4,crossover,,select_lane|ego_on_intersection|intersection_has_cars|distractor_cars|has_brake_checker|intersection_cars|distance_to_nearest|cluster_dist,5,0,0,8,0,1,15.0,5.0,15.0,55.0,1,162,0.8003047704696655,0.007629597573943528,,out_of_road
1535,fresh,6,fresh,,,0,1,0,18,0,0,15.0,10.0,5.0,55.0,1,88,0.3513723611831665,0.024285070386461237,,out_of_road
1536,mutation,0,mutation,distractor_cars,,1,0,0,1,1,0,15.0,20.0,10.0,55.0,1,109,3.3696892261505127,0.0795397378777692,,crash_vehicle
1537,fresh,3,fresh,,,0,1,1,5,1,1,15.0,20.0,5.0,55.0,1,636,7.607183933258057,0.070401978012908,,out_of_road
1538,replay,3,replay,,,0,1,1,5,1,1,15.0,20.0,5.0,55.0,1,67,0.7040492296218872,0.02495189814536429,,out_of_road
1539,fresh,4,fresh,,,0,0,0,8,0,0,20.0,5.0,5.0,55.0,3,160,3.646181344985962,0.20508105124172288,,out_of_road
1540,crossover,2,crossover,,select_lane|ego_on_intersection|intersection_has_cars|has_brake_checker|intersection_cars|cluster_dist|brake_dist,3,0,0,3,1,1,5.0,40.0,15.0,55.0,3,99,3.0218701362609863,0.11146818468290748,,out_of_road
1541,fresh,6,fresh,,,0,0,0,18,0,1,20.0,10.0,5.0,55.0,2,44,0.3270403742790222,0.01957822231237184,,crash_vehicle
1542,mutation,0,mutation,maximum_distractor_speed,,1,1,1,1,1,0,10.0,5.0,10.0,55.0,1,103,3.1517720222473145,0.05640999003521447,,crash_vehicle
1543,fresh,6,fresh,,,0,0,0,18,1,0,20.0,20.0,10.0,55.0,1,131,3.2780838012695312,0.14145899711901905,,crash_vehicle
1544,replay,6,replay,,,0,0,0,18,1,0,20.0,20.0,10.0,55.0,1,120,3.3196568489074707,0.07511363911132017,,crash_vehicle
1545,fresh,0,fresh,,,0,1,1,1,0,0,20.0,40.0,15.0,10.0,0,177,6.840110778808594,0.2753191401413773,,out_of_road
1546,mutation,0,mutation,intersection_cars,,0,0,0,0,0,0,15.0,5.0,15.0,55.0,0,68,1.4877797365188599,0.03167754959534196,,out_of_road
1547,fresh,5,fresh,,,0,0,0,12,0,1,10.0,5.0,5.0,55.0,3,1000,0.003862418234348297,0.0022206052066758276,,max_step
1548,crossover,0,crossover,,has_cluster,0,0,0,1,1,0,10.0,5.0,5.0,35.0,0,294,3.044372081756592,0.12289555174406289,,crash_vehicle
1549,fresh,0,fresh,,,0,1,0,0,1,0,5.0,10.0,5.0,20.0,0,168,3.392948627471924,0.11951227661865275,,out_of_road
1550,mutation,5,mutation,brake_dist,,0,1,0,12,0,1,5.0,5.0,5.0,35.0,2,1000,0.006811918690800667,1.9187956117093563e-05,,max_step
1551,fresh,2,fresh,,,0,1,1,3,0,0,10.0,5.0,5.0,55.0,2,48,0.3428465723991394,0.021312974238147337,,crash_vehicle
1552,mutation,4,mutation,intersection_cars,,0,1,0,8,0,1,15.0,10.0,15.0,20.0,3,124,1.9960310459136963,0.09351722887086292,,crash_vehicle
1553,fresh,6,fresh,,,0,1,1,18,0,1,5.0,40.0,5.0,10.0,2,1000,1.3101404905319214,0.008803964064456523,,max_step
1554,replay,6,replay,,,0,1,1,18,0,1,5.0,40.0,5.0,10.0,2,245,12.422642707824707,0.3616277351975441,,out_of_road
1555,fresh,2,fresh,,,0,1,1,3,1,0,15.0,5.0,15.0,20.0,1,136,2.2487945556640625,0.2012139925842776,,crash_vehicle
1556,crossover,3,crossover,,select_lane|ego_on_intersection|intersection_has_cars|maximum_distractor_speed|brake_dist,4,1,0,4,1,0,20.0,5.0,10.0,20.0,3,2,0.4979899227619171,0.14570394158363342,,arrive_dest
1557,fresh,4,fresh,,,0,1,1,8,0,0,20.0,40.0,10.0,35.0,2,87,1.9628289937973022,0.018139273335022486,,out_of_road
1558,crossover,6,crossover,,has_cluster|maximum_distractor_speed|distance_to_nearest,1,0,0,18,0,0,20.0,10.0,5.0,10.0,0,174,6.014936447143555,0.11542649441345156,,out_of_road
1559,fresh,3,fresh,,,0,1,0,5,0,0,20.0,5.0,10.0,10.0,3,93,0.631176233291626,0.021365045760107296,,out_of_road
1560,crossover,1,crossover,,select_lane|ego_on_intersection|intersection_has_cars|distractor_cars|has_brake_checker|has_cluster|maximum_distractor_speed|distance_to_nearest|cluster_dist,7,0,0,2,0,0,20.0,10.0,10.0,55.0,1,300,12.427839279174805,0.27714407463558016,,out_of_road
1561,fresh,3,fresh,,,0,1,1,5,1,1,20.0,5.0,5.0,20.0,2,1000,0.027799228206276894,0.0018415851145982742,,max_step
1562,mutation,5,mutation,maximum_distractor_speed,,1,1,0,12,0,0,10.0,20.0,10.0,20.0,3,104,2.0285205841064453,0.03860234193360576,,crash_vehicle
1563,fresh,1,fresh,,,0,1,1,2,0,0,15.0,20.0,15.0,55.0,2,66,1.3701844215393066,0.027601841272729816,,out_of_road
1564,crossover,2,crossover,,select_lane|ego_on_intersection|intersection_has_cars|distractor_cars|has_cluster|maximum_distractor_speed|brake_dist,2,0,0,3,0,0,5.0,5.0,5.0,20.0,0,29,0.031427040696144104,0.0,,crash_vehicle
1565,fresh,3,fresh,,,0,0,0,4,1,0,10.0,10.0,15.0,35.0,0,364,10.415226936340332,0.17335123589241896,,out_of_road
1566,mutation,6,mutation,has_brake_checker,,0,1,1,18,1,0,15.0,20.0,10.0,55.0,0,267,6.578028202056885,0.19215516066562371,,out_of_road
1567,fresh,3,fresh,,,0,1,1,5,1,0,20.0,40.0,10.0,55.0,2,184,8.111180305480957,0.24595763117236935,,out_of_road
1568,replay,3,replay,,,0,1,1,5,1,0,20.0,40.0,10.0,55.0,2,165,4.78260612487793,0.06736127607185732,,out_of_road
1569,fresh,0,fresh,,,0,0,0,1,0,0,5.0,20.0,10.0,10.0,1,92,1.9341225624084473,0.08849131518408009,,out_of_road
1570,replay,0,replay,,,0,0,0,1,0,0,5.0,20.0,10.0,10.0,1,1000,2.1989665031433105,0.009770818253047764,,max_step
1571,fresh,3,fresh,,,0,0,0,5,0,1,10.0,10.0,5.0,35.0,3,426,6.104655742645264,0.1604322161604191,,out_of_road
1572,crossover,0,crossover,,select_lane|ego_on_intersection|intersection_has_cars|has_brake_checker|has_cluster|maximum_distractor_speed|distance_to_nearest,5,0,0,1,0,1,20.0,10.0,15.0,35.0,0,207,2.301109790802002,0.07084465409957484,,out_of_road
1573,fresh,6,fresh,,,0,1,0,18,0,0,5.0,10.0,15.0,10.0,2,1000,4.97231912612915,0.0531404021801427,,max_step
1574,replay,6,replay,,,0,1,0,18,0,0,5.0,10.0,15.0,10.0,2,139,3.778804302215576,0.1206506503102698,,crash_vehicle
1575,fresh,2,fresh,,,0,1,1,3,0,1,20.0,40.0,15.0,20.0,1,99,2.9931607246398926,0.04882556956374284,,out_of_road
1576,replay,2,replay,,,0,1,1,3,0,1,20.0,40.0,15.0,20.0,1,249,8.843498229980469,0.20565608411468192,,out_of_road
1577,fresh,0,fresh,,,0,1,0,1,1,1,5.0,5.0,15.0,35.0,1,58,0.8691589832305908,0.02279485129462234,,out_of_road
1578,mutation,4,mutation,intersection_cars,,1,0,0,8,0,0,10.0,40.0,15.0,35.0,1,69,1.328880786895752,0.019687217214833134,,crash_vehicle
1579,fresh,4,fresh,,,0,1,0,8,0,0,5.0,5.0,15.0,55.0,2,1000,0.03639582172036171,0.00028550993092358115,,max_step
1580,replay,4,replay,,,0,1,0,8,0,0,5.0,5.0,15.0,55.0,2,70,1.3871073722839355,0.03450321608356067,,crash_vehicle
1581,fresh,0,fresh,,,0,1,0,0,1,0,20.0,20.0,5.0,10.0,0,56,0.4186058044433594,0.005321418068238667,,crash_vehicle
1582,crossover,5,crossover,,has_brake_checker|has_cluster|distance_to_nearest|cluster_dist,1,0,0,12,1,0,20.0,10.0,10.0,35.0,3,1000,0.5260651707649231,0.010921473385300487,,max_step
1583,fresh,3,fresh,,,0,0,0,5,1,0,5.0,5.0,10.0,20.0,3,1000,0.9034152030944824,0.012029876893386245,,max_step
1584,mutation,0,mutation,brake_dist,,1,0,0,0,1,0,15.0,10.0,5.0,55.0,0,123,3.9503092765808105,0.1506410977099,,crash_vehicle
1585,fresh,0,fresh,,,0,0,0,0,1,0,5.0,10.0,15.0,10.0,0,1000,0.4455886483192444,0.0005532654449343682,,max_step
1586,crossover,1,crossover,,has_cluster|maximum_distractor_speed,1,0,0,2,1,1,10.0,40.0,15.0,55.0,1,83,1.9568278789520264,0.06355696467750044,,crash_vehicle
1587,fresh,3,fresh,,,0,0,0,5,0,0,10.0,10.0,15.0,10.0,3,201,3.840052843093872,0.1730906124185048,,out_of_road
1588,replay,3,replay,,,0,0,0,5,0,0,10.0,10.0,15.0,10.0,3,135,2.4905292987823486,0.13362518167468132,,crash_vehicle
1589,fresh,6,fresh,,,0,1,1,18,0,0,15.0,40.0,5.0,55.0,2,112,1.5329954624176025,0.12635721853335521,,out_of_road
1590,crossover,4,crossover,,distractor_cars|has_brake_checker|has_cluster|maximum_distractor_speed|cluster_dist|brake_dist,2,1,0,8,1,0,15.0,20.0,15.0,55.0,3,173,6.430275917053223,0.23276274863393664,,out_of_road
1591,fresh,6,fresh,,,0,1,0,18,1,0,20.0,10.0,10.0,55.0,2,200,2.2004342079162598,0.1530633739568293,,crash_vehicle
1592,crossover,1,crossover,,select_lane|ego_on_intersection|intersection_has_cars|has_brake_checker|intersection_cars|maximum_distractor_speed|distance_to_nearest|cluster_dist|brake_dist,6,0,0,2,0,0,10.0,20.0,5.0,10.0,2,207,10.543670654296875,0.3550168304087747,,out_of_road
1593,fresh,4,fresh,,,0,1,0,8,1,0,5.0,20.0,5.0,35.0,0,489,1.0161124467849731,0.0013008346173584704,,crash_vehicle
1594,mutation,0,mutation,has_cluster,,0,0,0,0,1,0,15.0,5.0,10.0,20.0,0,1000,1.8734136819839478,0.007403071365784854,,max_step
1595,fresh,2,fresh,,,0,1,1,3,1,1,15.0,10.0,10.0,20.0,0,1000,0.46982985734939575,0.0005607495158910751,,max_step
1596,crossover,5,crossover,,distractor_cars|intersection_cars|has_cluster|maximum_distractor_speed|distance_to_nearest|cluster_dist,3,0,0,12,1,0,5.0,40.0,10.0,55.0,2,1000,3.6222305297851562,0.016019306621747092,,max_step
1597,fresh,3,fresh,,,0,1,1,5,0,0,10.0,10.0,5.0,35.0,2,240,4.785851955413818,0.18969954318599774,,out_of_road
1598,mutation,6,mutation,select_road|select_lane|ego_on_intersection|intersection_has_cars,,1,0,0,18,1,0,15.0,20.0,10.0,55.0,1,127,3.468968391418457,0.189687070092113,,crash_vehicle
1599,fresh,5,fresh,,,0,0,0,12,1,0,20.0,5.0,10.0,20.0,0,1000,1.016247272491455,0.01672057702858001,,max_step
1600,crossover,3,crossover,,select_lane|ego_on_intersection|intersection_has_cars|distractor_cars|has_brake_checker|cluster_dist,3,1,1,5,0,0,5.0,20.0,10.0,35.0,0,1000,0.5786464214324951,0.003854365698993206,,max_step
1601,fresh,4,fresh,,,0,1,0,8,1,1,10.0,5.0,5.0,20.0,2,525,-0.0018660277128219604,0.014807715478929735,,crash_vehicle
1602,mutation,5,mutation,brake_dist,,1,1,1,12,1,0,20.0,20.0,10.0,35.0,1,153,3.513608455657959,0.10305083340971298,,crash_vehicle
1603,fresh,1,fresh,,,0,1,0,2,1,0,20.0,20.0,15.0,35.0,1,298,10.262068748474121,0.20616860276450646,,out_of_road
1604,crossover,6,crossover,,select_lane|ego_on_intersection|intersection_has_cars|distractor_cars|has_cluster,3,1,1,18,1,0,10.0,5.0,10.0,20.0,2,32,0.0987577885389328,0.010122366831637919,,crash_vehicle
1605,fresh,4,fresh,,,0,0,0,8,0,0,15.0,40.0,15.0,10.0,0,113,3.516251802444458,0.15764998154203713,,crash_vehicle
1606,replay,4,replay,,,0,0,0,8,0,0,15.0,40.0,15.0,10.0,0,103,3.51576828956604,0.08828911206965308,,crash_vehicle
1607,fresh,0,fresh,,,0,1,0,1,1,0,15.0,40.0,10.0,55.0,0,83,2.2634682655334473,0.047378353505249486,,crash_vehicle
1608,crossover,1,crossover,,select_lane|ego_on_intersection|intersection_has_cars|distractor_cars|has_brake_checker|has_cluster|distance_to_nearest|cluster_dist|brake_dist,5,0,0,2,1,1,20.0,10.0,10.0,35.0,1,2,0.49996113777160645,0.1341836154460907,,arrive_dest
1609,fresh,0,fresh,,,0,1,1,1,1,1,20.0,40.0,15.0,55.0,1,190,8.345699310302734,0.23500521627107734,,out_of_road
1610,replay,0,replay,,,0,1,1,1,1,1,20.0,40.0,15.0,55.0,1,258,4.205153465270996,0.1647291707322579,,crash_vehicle
1611,fresh,1,fresh,,,0,0,0,2,1,1,15.0,10.0,15.0,35.0,2,101,2.7161171436309814,0.06555312752981882,,crash_vehicle
1612,replay,1,replay,,,0,0,0,2,1,1,15.0,10.0,15.0,35.0,2,217,8.128737449645996,0.34822813830068033,,out_of_road
1613,fresh,0,fresh,,,0,0,0,0,0,0,10.0,5.0,5.0,20.0,0,92,2.733036994934082,0.02984891371022019,rejection_fallback,out_of_road
1614,replay,0,replay,,,0,0,0,0,0,0,10.0,5.0,5.0,20.0,0,218,8.151344299316406,0.32626797023032783,,out_of_road
1615,fresh,0,fresh,,,0,0,0,0,1,0,20.0,20.0,10.0,20.0,0,89,1.784900188446045,0.03975890514053655,,crash_vehicle
1616,crossover,1,crossover,,select_lane|ego_on_intersection|intersection_has_cars|distractor_cars|has_brake_checker|has_cluster|maximum_distractor_speed|cluster_dist,5,0,0,2,0,0,5.0,20.0,5.0,35.0,1,231,9.124228477478027,0.16514695821192873,,out_of_road
1617,fresh,0,fresh,,,0,1,0,1,1,1,15.0,40.0,10.0,55.0,1,153,1.7592394351959229,0.03406240863822936,,out_of_road
1618,crossover,1,crossover,,select_lane|ego_on_intersection|intersection_has_cars|distractor_cars|has_brake_checker|distance_to_nearest|cluster_dist|brake_dist,4,0,0,2,0,0,15.0,5.0,15.0,20.0,1,37,0.22562836110591888,0.0007482312015584997,,crash_vehicle
1619,fresh,4,fresh,,,0,0,0,8,1,0,15.0,20.0,10.0,35.0,2,60,0.7600517272949219,0.04257690372566382,,out_of_road
1620,replay,4,replay,,,0,0,0,8,1,0,15.0,20.0,10.0,35.0,2,86,1.8766640424728394,0.10131579139378181,,crash_vehicle
1621,fresh,3,fresh,,,0,0,0,4,1,1,15.0,20.0,15.0,35.0,3,83,1.6786015033721924,0.024068479308387243,,crash_vehicle
1622,crossover,0,crossover,,select_lane|ego_on_intersection|intersection_has_cars|has_brake_checker|intersection_cars|distance_to_nearest|brake_dist,2,0,0,0,0,0,10.0,10.0,10.0,55.0,0,183,8.485612869262695,0.23559953987883414,,out_of_road
1623,fresh,0,fresh,,,0,0,0,1,0,0,10.0,40.0,5.0,35.0,0,83,2.039362668991089,0.03914413539445903,,out_of_road
1624,crossover,3,crossover,,distractor_cars|has_brake_checker|intersection_cars|has_cluster|maximum_distractor_speed|cluster_dist|brake_dist,7,0,0,4,0,0,20.0,5.0,10.0,20.0,3,35,0.007974386215209961,0.0,,crash_vehicle
1625,fresh,6,fresh,,,0,1,1,18,1,1,5.0,5.0,15.0,20.0,0,92,1.2889080047607422,0.11966366108263964,,crash_vehicle
1626,replay,6,replay,,,0,1,1,18,1,1,5.0,5.0,15.0,20.0,0,258,6.993577003479004,0.24901674322191944,,crash_vehicle
1627,fresh,5,fresh,,,0,0,0,12,0,1,10.0,40.0,10.0,20.0,2,1000,1.594098448753357,0.06833491247775965,,max_step
1628,replay,5,replay,,,0,0,0,12,0,1,10.0,40.0,10.0,20.0,2,328,1.4701778888702393,0.046705478683068624,,crash_vehicle
1629,fresh,3,fresh,,,0,1,1,5,0,0,5.0,5.0,15.0,35.0,2,30,-0.009739145636558533,0.0037730435530344644,,crash_vehicle
1630,crossover,4,crossover,,select_lane|ego_on_intersection|intersection_has_cars|has_brake_checker|intersection_cars|cluster_dist|brake_dist,6,0,0,8,0,0,15.0,20.0,5.0,35.0,3,313,2.3897202014923096,0.042829529641154475,,out_of_road
1631,fresh,0,fresh,,,0,1,1,1,1,0,20.0,5.0,5.0,35.0,1,217,7.838691234588623,0.23269252680898708,,out_of_road
1632,replay,0,replay,,,0,1,1,1,1,0,20.0,5.0,5.0,35.0,1,155,6.163515090942383,0.14619128088797292,,out_of_road
1633,fresh,3,fresh,,,0,0,0,5,1,1,5.0,5.0,15.0,20.0,1,54,0.17541556060314178,0.049085000184951,,crash_vehicle
1634,crossover,5,crossover,,distractor_cars|intersection_cars|has_cluster|brake_dist,3,0,0,12,1,1,20.0,20.0,10.0,55.0,0,26,-0.2652301490306854,0.04455108825977032,,out_of_road
1635,fresh,0,fresh,,,0,0,0,1,0,1,15.0,20.0,5.0,55.0,1,96,2.7218570709228516,0.04601569995672131,,out_of_road
1636,replay,0,replay,,,0,0,0,1,0,1,15.0,20.0,5.0,55.0,1,202,3.515256643295288,0.056110768051043446,,arrive_dest
1637,fresh,5,fresh,,,0,1,0,12,0,1,15.0,5.0,15.0,20.0,1,25,-0.02055688202381134,0.0054657720029354095,,crash_vehicle
1638,mutation,0,mutation,brake_dist,,8,0,0,0,0,0,10.0,5.0,5.0,20.0,0,95,2.2030625343322754,0.030866415132033198,rejection_fallback,out_of_road
1639,fresh,5,fresh,,,0,0,0,12,1,0,15.0,40.0,15.0,55.0,1,87,2.5240986347198486,0.04800875955957106,,crash_vehicle
1640,replay,5,replay,,,0,0,0,12,1,0,15.0,40.0,15.0,55.0,1,284,6.650631904602051,0.191734151465451,,out_of_road
1641,fresh,0,fresh,,,0,1,0,1,1,0,15.0,40.0,10.0,55.0,1,108,3.105238437652588,0.10717678504685561,,out_of_road
1642,mutation,3,mutation,maximum_distractor_speed,,1,1,0,4,1,1,15.0,40.0,5.0,55.0,3,202,9.223822593688965,0.2325207666945782,,out_of_road
1643,fresh,6,fresh,,,0,1,0,18,1,0,15.0,5.0,15.0,20.0,1,1000,1.239738941192627,0.03241613961715484,,max_step
1644,replay,6,replay,,,0,1,0,18,1,0,15.0,5.0,15.0,20.0,1,86,1.970036268234253,0.09379196539521217,,out_of_road
1645,fresh,5,fresh,,,0,0,0,12,1,0,5.0,40.0,15.0,55.0,3,98,2.284682035446167,0.02733639165835113,,crash_vehicle
1646,mutation,5,mutation,select_road|select_lane|ego_on_intersection|intersection_has_cars,,3,0,0,12,1,0,20.0,10.0,10.0,55.0,2,141,3.376563310623169,0.21079358281501642,,crash_vehicle
1647,fresh,0,fresh,,,0,0,0,1,0,0,20.0,40.0,15.0,55.0,0,109,3.397649049758911,0.08664538900991646,,crash_vehicle
1648,mutation,4,mutation,intersection_cars,,1,0,0,8,1,0,15.0,40.0,5.0,55.0,2,1000,1.5535117387771606,0.0061650943569839,,max_step
1649,fresh,0,fresh,,,0,1,1,0,1,0,5.0,5.0,15.0,35.0,0,52,0.7901373505592346,0.009113891909901913,,out_of_road
1650,mutation,3,mutation,maximum_distractor_speed,,1,0,0,4,0,1,20.0,40.0,10.0,35.0,3,188,8.224261283874512,0.3272862444889355,,out_of_road
1651,fresh,0,fresh,,,0,1,0,0,1,0,20.0,20.0,15.0,20.0,0,1000,2.1359846591949463,0.01044008777383715,,max_step
1652,mutation,4,mutation,select_road|select_lane|ego_on_intersection|intersection_has_cars,,3,0,0,8,0,0,15.0,20.0,10.0,55.0,1,240,4.379371643066406,0.11321937636627505,,crash_vehicle
1653,fresh,4,fresh,,,0,0,0,8,1,1,5.0,40.0,15.0,55.0,1,90,2.474816083908081,0.045568568632006645,,crash_vehicle
1654,mutation,3,mutation,has_cluster,,1,0,0,5,1,0,15.0,20.0,5.0,35.0,0,224,4.30033540725708,0.10878244191657618,,crash_vehicle
1655,fresh,5,fresh,,,0,0,0,12,0,1,15.0,20.0,15.0,55.0,2,153,4.989323616027832,0.11084998783722423,,out_of_road
1656,crossover,1,crossover,,select_lane|ego_on_intersection|intersection_has_cars|intersection_cars|has_cluster,4,1,0,2,1,0,20.0,20.0,15.0,55.0,2,91,2.4942431449890137,0.02218837083245699,,out_of_road
1657,fresh,3,fresh,,,0,0,0,5,0,0,10.0,5.0,10.0,10.0,1,432,8.717663764953613,0.11890511187569548,,out_of_road
1658,replay,3,replay,,,0,0,0,5,0,0,10.0,5.0,10.0,10.0,1,184,8.307144165039062,0.23962923439988948,,out_of_road
1659,fresh,5,fresh,,,0,1,0,12,0,1,5.0,20.0,15.0,35.0,2,1000,3.2347733974456787,0.01898444508272223,,max_step
1660,replay,5,replay,,,0,1,0,12,0,1,5.0,20.0,15.0,35.0,2,481,11.634989738464355,0.2571343107578846,,arrive_dest
1661,fresh,0,fresh,,,0,0,0,0,0,0,10.0,20.0,15.0,10.0,0,139,5.031801700592041,0.1988361070884003,,out_of_road
1662,mutation,6,mutation,distance_to_nearest,,1,0,0,18,1,1,20.0,20.0,10.0,55.0,2,61,0.6704041361808777,0.001338461322374031,,crash_vehicle
1663,fresh,0,fresh,,,0,1,0,1,1,1,20.0,40.0,15.0,55.0,1,79,2.027007579803467,0.06659697128247612,,crash_vehicle
1664,mutation,5,mutation,select_road|select_lane|ego_on_intersection|intersection_has_cars,,2,1,1,12,0,0,5.0,40.0,15.0,20.0,2,77,1.8629655838012695,0.02769063800186306,,crash_vehicle
1665,fresh,0,fresh,,,0,0,0,0,1,0,5.0,5.0,15.0,10.0,0,80,0.4918906092643738,0.010708198265638203,,out_of_road
1666,mutation,6,mutation,cluster_dist,,1,0,0,18,1,0,15.0,40.0,10.0,55.0,3,100,2.5499017238616943,0.05994532805867493,,crash_vehicle
1667,fresh,3,fresh,,,0,0,0,5,0,1,20.0,5.0,10.0,20.0,2,1000,0.0722724050283432,0.0007743542194366455,,max_step
1668,crossover,6,crossover,,has_brake_checker|intersection_cars|has_cluster|maximum_distractor_speed|distance_to_nearest|cluster_dist,3,1,1,18,1,0,5.0,5.0,15.0,55.0,0,1000,0.0013648450840264559,0.0,,max_step
1669,fresh,0,fresh,,,0,0,0,1,1,1,20.0,10.0,5.0,55.0,0,144,3.2763283252716064,0.19309560236676285,,out_of_road
1670,mutation,2,mutation,brake_dist,,1,1,1,3,1,1,20.0,5.0,10.0,20.0,3,41,-0.14184711873531342,0.001512392628483656,,crash_vehicle
1671,fresh,3,fresh,,,0,0,0,5,1,0,20.0,10.0,5.0,20.0,1,257,6.372367858886719,0.18172198351189958,,out_of_road
1672,mutation,0,mutation,has_cluster,,0,0,0,0,1,0,10.0,40.0,5.0,10.0,0,112,2.169254779815674,0.07492996409668454,,out_of_road
1673,fresh,2,fresh,,,0,0,0,3,1,1,20.0,40.0,15.0,55.0,2,87,2.4783642292022705,0.051366971987674294,,crash_vehicle
1674,mutation,6,mutation,cluster_dist,,1,1,1,18,0,0,15.0,40.0,15.0,10.0,3,703,0.8954716920852661,0.01318616395058431,,crash_vehicle
1675,fresh,4,fresh,,,0,0,0,8,0,0,15.0,5.0,5.0,55.0,3,74,0.42227011919021606,0.012391752513075198,,out_of_road
1676,mutation,6,mutation,brake_dist,,0,1,0,18,0,1,10.0,10.0,15.0,10.0,2,43,0.09991371631622314,0.018931347270344578,,crash_vehicle
1677,fresh,4,fresh,,,0,1,1,8,0,1,20.0,20.0,10.0,55.0,2,56,0.638261616230011,0.017042951924460276,,crash_vehicle
1678,replay,4,replay,,,0,1,1,8,0,1,20.0,20.0,10.0,55.0,2,1000,0.010009629651904106,0.018773831162601708,,max_step
1679,fresh,4,fresh,,,0,0,0,8,1,0,10.0,20.0,5.0,35.0,0,76,0.6588451862335205,0.027236638909303827,,out_of_road
1680,mutation,0,mutation,intersection_cars,,1,0,0,1,0,0,15.0,10.0,10.0,20.0,1,185,8.499641418457031,0.2970043316634523,,out_of_road
1681,fresh,6,fresh,,,0,1,1,18,1,1,10.0,10.0,10.0,35.0,0,1000,0.4146941006183624,0.007894496746361255,,max_step
1682,mutation,6,mutation,maximum_distractor_speed,,1,1,1,18,1,0,10.0,20.0,10.0,55.0,0,213,9.141047477722168,0.23201001348070135,,out_of_road
1683,fresh,5,fresh,,,0,0,0,12,0,0,5.0,10.0,15.0,10.0,0,1000,0.7690719962120056,0.023348923906101847,,max_step
1684,crossover,6,crossover,,has_brake_checker|intersection_cars,1,1,1,18,1,1,5.0,40.0,15.0,55.0,0,73,1.4468631744384766,0.044358617906803136,,crash_vehicle
1685,fresh,2,fresh,,,0,1,0,3,0,1,15.0,20.0,15.0,35.0,0,81,1.7020772695541382,0.06437133385995288,,crash_vehicle
1686,replay,2,replay,,,0,1,0,3,0,1,15.0,20.0,15.0,35.0,0,240,8.423795700073242,0.17947216245811431,,out_of_road
1687,fresh,4,fresh,,,0,1,1,8,1,1,20.0,5.0,10.0,20.0,3,104,-0.10784302651882172,0.007198848618337741,,crash_vehicle
1688,replay,4,replay,,,0,1,1,8,1,1,20.0,5.0,10.0,20.0,3,197,4.610695838928223,0.19027679313333506,,crash_vehicle
1689,fresh,5,fresh,,,0,0,0,12,1,1,15.0,10.0,10.0,35.0,1,143,2.6950812339782715,0.09501006290108174,,crash_vehicle
1690,crossover,3,crossover,,distractor_cars|intersection_cars|has_cluster|cluster_dist,1,1,0,5,1,0,5.0,40.0,15.0,55.0,3,423,11.022294044494629,0.10432836341387625,,out_of_road
1691,fresh,4,fresh,,,0,0,0,8,1,0,20.0,10.0,15.0,20.0,1,48,0.3638390302658081,0.0,,crash_vehicle
1692,replay,4,replay,,,0,0,0,8,1,0,20.0,10.0,15.0,20.0,1,260,0.3910539448261261,0.032800080190197776,,crash_vehicle
1693,fresh,0,fresh,,,0,1,0,0,0,0,15.0,10.0,10.0,55.0,0,68,1.3336067199707031,0.028262387522879767,,out_of_road
1694,mutation,4,mutation,distance_to_nearest,,1,1,0,8,1,0,15.0,20.0,10.0,55.0,3,185,3.7820231914520264,0.13060992779965336,,out_of_road
1695,fresh,1,fresh,,,0,0,0,2,1,1,10.0,10.0,15.0,20.0,2,150,2.3038198947906494,0.08065496684672932,,out_of_road
1696,mutation,5,mutation,intersection_cars,,1,0,0,12,0,1,10.0,40.0,10.0,20.0,3,193,9.104670524597168,0.21711603511568797,,out_of_road
1697,fresh,0,fresh,,,0,0,0,1,0,0,5.0,5.0,15.0,55.0,0,1000,0.014267430640757084,0.0,,max_step
1698,replay,0,replay,,,0,0,0,1,0,0,5.0,5.0,15.0,55.0,0,199,7.119192123413086,0.29105245545693675,,out_of_road
1699,fresh,2,fresh,,,0,1,1,3,0,1,10.0,40.0,5.0,20.0,3,202,9.032072067260742,0.1717208233237783,,out_of_road
1700,crossover,5,crossover,,select_lane|ego_on_intersection|intersection_has_cars|distractor_cars|has_brake_checker|intersection_cars|has_cluster|distance_to_nearest|brake_dist,6,1,0,12,1,0,15.0,40.0,10.0,55.0,2,95,2.4585413932800293,0.04581294682759204,,crash_vehicle
1701,fresh,3,fresh,,,0,1,0,4,0,1,10.0,10.0,15.0,35.0,1,1000,1.3533985614776611,0.015841928824782373,,max_step
1702,mutation,5,mutation,intersection_cars,,1,1,1,12,0,1,20.0,5.0,5.0,10.0,1,328,8.397382736206055,0.2235962103473068,,crash_vehicle
1703,fresh,3,fresh,,,0,0,0,5,0,0,10.0,20.0,15.0,10.0,0,56,0.8161070346832275,0.010074792695896966,,crash_vehicle
1704,mutation,3,mutation,distractor_cars,,1,1,1,5,1,0,10.0,10.0,5.0,55.0,2,185,0.5152827501296997,0.035134508078162735,,crash_vehicle
1705,fresh,4,fresh,,,0,0,0,8,1,0,10.0,10.0,5.0,35.0,0,1000,2.470219135284424,0.021284788776189088,,max_step
1706,crossover,1,crossover,,intersection_cars|maximum_distractor_speed|brake_dist,3,0,0,2,0,1,10.0,5.0,5.0,55.0,2,84,3.2954506874084473,0.11048579781449266,,arrive_dest
1707,fresh,3,fresh,,,0,0,0,4,0,1,5.0,5.0,10.0,35.0,3,27,0.028476625680923462,0.012361380789015029,,crash_vehicle
1708,crossover,3,crossover,,has_brake_checker|intersection_cars|distance_to_nearest|brake_dist,3,0,0,4,1,0,20.0,5.0,15.0,20.0,3,206,5.7621235847473145,0.190113587784174,,crash_vehicle
1709,fresh,0,fresh,,,0,1,0,1,0,1,5.0,20.0,5.0,10.0,1,199,9.120810508728027,0.15689347613832197,,out_of_road
1710,mutation,5,mutation,distractor_cars,,0,1,1,12,1,0,20.0,10.0,10.0,55.0,2,216,0.16404205560684204,0.011375655678825246,,crash_vehicle
1711,fresh,3,fresh,,,0,0,0,4,1,1,20.0,10.0,10.0,20.0,1,1000,0.5391852259635925,0.0041724579632282256,,max_step
1712,crossover,1,crossover,,select_lane|ego_on_intersection|intersection_has_cars|intersection_cars|has_cluster|cluster_dist,3,0,0,2,1,0,20.0,20.0,15.0,35.0,2,87,2.175049304962158,0.06165027092799716,,crash_vehicle
1713,fresh,2,fresh,,,0,0,0,3,1,0,5.0,40.0,5.0,55.0,0,88,2.363820791244507,0.04156540092927488,,crash_vehicle
1714,mutation,4,mutation,select_road|select_lane|ego_on_intersection|intersection_has_cars,,3,0,0,8,0,0,10.0,40.0,15.0,10.0,2,70,1.478919267654419,0.023356547419513974,,crash_vehicle
1715,fresh,2,fresh,,,0,0,0,3,0,1,20.0,20.0,5.0,55.0,0,53,0.6319547295570374,0.011106717136670958,,crash_vehicle
1716,crossover,4,crossover,,select_lane|ego_on_intersection|intersection_has_cars|distractor_cars|has_brake_checker|intersection_cars|has_cluster|cluster_dist|brake_dist,5,1,0,8,0,1,20.0,5.0,15.0,20.0,3,1000,1.6919478178024292,0.016016377716790885,,max_step
1717,fresh,0,fresh,,,0,0,0,0,1,0,15.0,20.0,10.0,55.0,0,91,2.6123080253601074,0.031176552626785342,,out_of_road
1718,replay,0,replay,,,0,0,0,0,1,0,15.0,20.0,10.0,55.0,0,212,8.824435234069824,0.2917477940648513,,out_of_road
1719,fresh,0,fresh,,,0,1,0,1,0,0,15.0,20.0,5.0,10.0,1,50,0.8106674551963806,0.015167431619483978,,out_of_road
1720,replay,0,replay,,,0,1,0,1,0,0,15.0,20.0,5.0,10.0,1,110,3.2852959632873535,0.16520244672217152,,out_of_road
1721,fresh,6,fresh,,,0,0,0,18,0,0,15.0,5.0,10.0,35.0,2,35,-0.010508760809898376,0.05749040005196418,,crash_vehicle
1722,mutation,0,mutation,brake_dist,,1,1,1,1,0,0,20.0,40.0,15.0,35.0,1,115,4.2665300369262695,0.15746502731319356,,out_of_road
1723,fresh,0,fresh,,,0,0,0,1,0,1,5.0,20.0,5.0,10.0,1,48,0.81397944688797,0.006384685790787141,,out_of_road
1724,replay,0,replay,,,0,0,0,1,0,1,5.0,20.0,5.0,10.0,1,218,8.560665130615234,0.210710215138767,,out_of_road
1725,fresh,4,fresh,,,0,0,0,8,0,0,5.0,40.0,5.0,35.0,0,87,2.1860270500183105,0.07843103921362038,,crash_vehicle
1726,mutation,5,mutation,has_cluster,,0,1,1,12,0,1,5.0,5.0,15.0,35.0,3,1000,1.435321569442749,0.015676899688492996,,max_step
1727,fresh,3,fresh,,,0,1,0,4,1,0,5.0,10.0,15.0,20.0,1,1000,1.443200707435608,0.010383136825985274,,max_step
1728,crossover,0,crossover,,select_lane|ego_on_intersection|intersection_has_cars|distractor_cars|has_brake_checker|maximum_distractor_speed|cluster_dist|brake_dist,4,0,0,0,0,0,10.0,10.0,5.0,20.0,0,71,1.4272533655166626,0.021298926927044357,,out_of_road
1729,fresh,0,fresh,,,0,1,1,0,0,0,5.0,5.0,5.0,10.0,0,196,9.049758911132812,0.2672401045316032,,out_of_road
1730,crossover,2,crossover,,select_lane|ego_on_intersection|intersection_has_cars|distractor_cars|has_brake_checker|intersection_cars|has_cluster|maximum_distractor_speed|distance_to_nearest,4,0,0,3,0,0,20.0,20.0,5.0,10.0,2,291,13.645181655883789,0.43890069154350414,,out_of_road
1731,fresh,5,fresh,,,0,1,0,12,1,0,10.0,10.0,10.0,55.0,3,1000,3.7663772106170654,0.07388017722731456,,max_step
1732,mutation,5,mutation,has_cluster,,1,0,0,12,0,0,10.0,40.0,10.0,20.0,3,330,10.663474082946777,0.21017851318712488,,out_of_road
1733,fresh,2,fresh,,,0,0,0,3,1,0,20.0,20.0,5.0,35.0,2,267,3.399195671081543,0.0890823503056269,,crash_vehicle
1734,crossover,3,crossover,,distractor_cars|has_brake_checker|intersection_cars|has_cluster|maximum_distractor_speed|distance_to_nearest|brake_dist,4,0,0,5,1,0,20.0,10.0,15.0,20.0,3,1000,3.9640626907348633,0.0353547773254104,,max_step
1735,fresh,0,fresh,,,0,1,1,0,0,0,5.0,40.0,5.0,20.0,0,166,8.553826332092285,0.25732271925333033,,out_of_road
1736,replay,0,replay,,,0,1,1,0,0,0,5.0,40.0,5.0,20.0,0,91,1.851088047027588,0.05786410929983134,,out_of_road
1737,fresh,3,fresh,,,0,0,0,5,0,1,15.0,20.0,5.0,55.0,0,128,1.2639551162719727,0.042437268726644106,,crash_vehicle
1738,mutation,2,mutation,brake_dist,,1,0,0,3,1,0,10.0,10.0,15.0,20.0,3,209,4.4504241943359375,0.10388704268128107,,crash_vehicle
1739,fresh,6,fresh,,,0,1,1,18,1,1,20.0,40.0,10.0,55.0,0,52,0.7696624994277954,0.008514407019202527,,out_of_road
1740,replay,6,replay,,,0,1,1,18,1,1,20.0,40.0,10.0,55.0,0,199,8.490049362182617,0.1317166448266587,,out_of_road
1741,fresh,3,fresh,,,0,0,0,5,1,1,20.0,40.0,10.0,55.0,2,145,4.958804130554199,0.07323924293420438,,out_of_road
1742,crossover,4,crossover,,select_lane|ego_on_intersection|intersection_has_cars|intersection_cars|has_cluster|distance_to_nearest|brake_dist,4,1,0,8,0,0,15.0,5.0,10.0,20.0,3,294,6.865782737731934,0.1896354548987888,,out_of_road
1743,fresh,6,fresh,,,0,1,0,18,0,1,20.0,40.0,10.0,20.0,2,72,1.6478168964385986,0.014095978604422675,,crash_vehicle
1744,crossover,5,crossover,,distractor_cars|intersection_cars|has_cluster|maximum_distractor_speed,1,1,1,12,1,0,20.0,10.0,10.0,55.0,0,284,8.859356880187988,0.19596814568003665,,out_of_road
1745,fresh,3,fresh,,,0,1,1,4,1,1,5.0,5.0,10.0,20.0,2,29,0.055879801511764526,0.005797021861734061,,crash_vehicle
1746,crossover,0,crossover,,select_lane|ego_on_intersection|intersection_has_cars|distractor_cars|has_cluster|maximum_distractor_speed|cluster_dist|brake_dist,4,0,0,0,1,0,10.0,40.0,5.0,20.0,0,105,2.17378830909729,0.07411300241947175,,crash_vehicle
1747,fresh,3,fresh,,,0,0,0,4,1,1,20.0,40.0,15.0,55.0,1,97,2.6126043796539307,0.09867318361978401,,crash_vehicle
1748,crossover,2,crossover,,select_lane|ego_on_intersection|intersection_has_cars|distractor_cars|maximum_distractor_speed,0,0,0,3,1,0,15.0,20.0,15.0,55.0,3,96,3.4763851165771484,0.08406450920544255,,crash_vehicle
1749,fresh,3,fresh,,,0,1,1,5,1,1,5.0,20.0,15.0,35.0,2,71,0.9822063446044922,0.03141265707484014,,crash_vehicle
1750,replay,3,replay,,,0,1,1,5,1,1,5.0,20.0,15.0,35.0,2,146,3.74249267578125,0.14600894406233747,,out_of_road
1751,fresh,1,fresh,,,0,0,0,2,0,1,15.0,10.0,10.0,55.0,2,91,2.6250481605529785,0.07907803483552985,,out_of_road
1752,mutation,1,mutation,maximum_distractor_speed,,1,1,0,2,1,0,10.0,20.0,15.0,35.0,1,55,0.6797348260879517,0.0012906146997755225,,crash_vehicle
1753,fresh,3,fresh,,,0,0,0,5,1,0,10.0,10.0,15.0,20.0,1,95,1.078258991241455,0.0883952325700145,,crash_vehicle
1754,replay,3,replay,,,0,0,0,5,1,0,10.0,10.0,15.0,20.0,1,182,9.176287651062012,0.23091255394475801,,out_of_road
1755,fresh,0,fresh,,,0,1,0,1,1,0,20.0,10.0,10.0,35.0,1,85,1.931743860244751,0.0712768635548213,,out_of_road
1756,replay,0,replay,,,0,1,0,1,1,0,20.0,10.0,10.0,35.0,1,297,12.83120059967041,0.3022630238773847,,out_of_road
1757,fresh,1,fresh,,,0,1,1,2,1,0,5.0,10.0,10.0,20.0,0,48,0.2345500886440277,0.002256882687409719,,crash_vehicle
1758,mutation,6,mutation,distance_to_nearest,,1,0,0,18,1,0,15.0,10.0,5.0,20.0,2,1000,1.6640219688415527,0.012515667263418436,,max_step
1759,fresh,0,fresh,,,0,0,0,1,0,1,10.0,20.0,10.0,20.0,0,109,2.3756728172302246,0.09441002260961938,,crash_vehicle
1760,mutation,5,mutation,distance_to_nearest,,1,1,0,12,1,1,10.0,20.0,10.0,55.0,0,62,0.5979197025299072,0.03144966983687012,,out_of_road
1761,fresh,5,fresh,,,0,1,1,12,0,1,10.0,10.0,5.0,20.0,3,1000,0.6413096189498901,0.00350757874827832,,max_step
1762,mutation,1,mutation,has_brake_checker,,0,1,1,2,1,1,20.0,40.0,5.0,55.0,2,154,3.7224414348602295,0.13376439997757023,,out_of_road
1763,fresh,4,fresh,,,0,0,0,8,1,0,20.0,20.0,5.0,35.0,0,264,2.0883400440216064,0.04043972511973345,,crash_vehicle
1764,mutation,0,mutation,has_brake_checker,,1,1,1,0,0,0,15.0,40.0,10.0,20.0,0,49,0.7818571329116821,0.022693341407848865,,out_of_road
1765,fresh,4,fresh,,,0,0,0,8,0,0,15.0,40.0,15.0,20.0,0,92,2.334780693054199,0.025894954881590347,,crash_vehicle
1766,crossover,4,crossover,,select_lane|ego_on_intersection|intersection_has_cars|has_cluster|maximum_distractor_speed|cluster_dist,2,1,1,8,1,0,15.0,20.0,5.0,35.0,2,326,2.7106828689575195,0.06655567259373475,,crash_vehicle
1767,fresh,2,fresh,,,0,1,1,3,0,0,15.0,20.0,15.0,55.0,0,178,6.068578243255615,0.2997818098958121,,crash_vehicle
1768,mutation,5,mutation,distance_to_nearest,,1,1,1,12,0,0,5.0,40.0,10.0,20.0,3,81,2.1675190925598145,0.07904574929242149,,crash_vehicle
1769,fresh,4,fresh,,,0,1,1,8,0,0,15.0,5.0,5.0,35.0,1,28,0.005697667598724365,0.041621727868914604,,crash_vehicle
1770,crossover,0,crossover,,select_lane|ego_on_intersection|intersection_has_cars|distractor_cars|has_brake_checker|intersection_cars|distance_to_nearest|brake_dist,2,0,0,0,0,0,20.0,40.0,5.0,55.0,0,86,2.875816822052002,0.0845366611773538,,arrive_dest
1771,fresh,5,fresh,,,0,0,0,12,0,0,15.0,10.0,15.0,55.0,3,198,5.392821311950684,0.2419064005535811,,crash_vehicle
1772,replay,5,replay,,,0,0,0,12,0,0,15.0,10.0,15.0,55.0,3,68,1.4600396156311035,0.01678835797835799,,crash_vehicle
1773,fresh,5,fresh,,,0,1,1,12,1,1,10.0,40.0,10.0,55.0,1,187,9.216160774230957,0.21160519548896004,,out_of_road
1774,replay,5,replay,,,0,1,1,12,1,1,10.0,40.0,10.0,55.0,1,86,2.265585422515869,0.10240786472811948,,crash_vehicle
1775,fresh,2,fresh,,,0,0,0,3,0,1,15.0,10.0,10.0,20.0,0,44,0.23161287605762482,0.0,,crash_vehicle
1776,crossover,1,crossover,,select_lane|ego_on_intersection|intersection_has_cars|distractor_cars|intersection_cars|brake_dist,5,1,1,2,1,0,15.0,10.0,10.0,35.0,2,92,2.538214683532715,0.03687843443501903,,crash_vehicle
1777,fresh,0,fresh,,,0,1,1,0,1,0,10.0,40.0,5.0,20.0,0,1000,2.7082841396331787,0.009773257799446582,,max_step
1778,mutation,1,mutation,intersection_cars,,0,0,0,2,0,0,10.0,20.0,5.0,10.0,2,107,3.779747724533081,0.11862005063585032,,out_of_road
1779,fresh,3,fresh,,,0,1,0,4,0,0,20.0,10.0,10.0,10.0,2,231,6.242197513580322,0.29737887104158794,,out_of_road
1780,replay,3,replay,,,0,1,0,4,0,0,20.0,10.0,10.0,10.0,2,79,2.1302430629730225,0.02503871626833666,,crash_vehicle
1781,fresh,5,fresh,,,0,1,1,12,1,0,5.0,20.0,10.0,35.0,0,57,0.6069117784500122,0.0027270598108308356,,crash_vehicle
1782,mutation,6,mutation,intersection_cars,,0,1,1,18,1,0,20.0,5.0,5.0,35.0,0,167,3.1622793674468994,0.24243206446042317,,crash_vehicle
1783,fresh,1,fresh,,,0,1,0,2,1,0,20.0,5.0,15.0,35.0,0,157,0.5795841217041016,0.04027357315466662,,out_of_road
1784,crossover,1,crossover,,select_lane|ego_on_intersection|intersection_has_cars|distractor_cars|has_brake_checker|intersection_cars|has_cluster|maximum_distractor_speed,5,1,0,2,1,0,20.0,40.0,10.0,55.0,0,90,1.8164286613464355,0.07846868439681,,out_of_road
1785,fresh,2,fresh,,,0,0,0,3,1,0,15.0,20.0,10.0,35.0,0,85,1.2355504035949707,0.019278276887010126,,crash_vehicle
1786,crossover,2,crossover,,select_lane|ego_on_intersection|intersection_has_cars|has_brake_checker|has_cluster|cluster_dist,5,0,0,3,0,0,20.0,20.0,5.0,35.0,2,1000,1.5736132860183716,0.011696816303563538,,max_step
1787,fresh,0,fresh,,,0,1,1,0,0,0,10.0,40.0,15.0,20.0,0,102,2.2648770809173584,0.043840342000419016,,out_of_road
1788,replay,0,replay,,,0,1,1,0,0,0,10.0,40.0,15.0,20.0,0,99,0.3473469018936157,0.049607365081707634,,crash_vehicle
1789,fresh,5,fresh,,,0,1,1,12,1,1,20.0,10.0,5.0,35.0,2,62,0.4843403697013855,0.02553168315470459,,crash_vehicle
1790,mutation,6,mutation,maximum_distractor_speed,,1,1,1,18,1,0,10.0,5.0,15.0,20.0,2,185,2.4632153511047363,0.16201242761485077,,crash_vehicle
1791,fresh,2,fresh,,,0,0,0,3,0,0,5.0,40.0,10.0,55.0,0,2,0.4997771680355072,0.0,,arrive_dest
1792,crossover,1,crossover,,select_lane|ego_on_intersection|intersection_has_cars|intersection_cars|has_cluster|maximum_distractor_speed|distance_to_nearest|brake_dist,5,1,0,2,0,0,10.0,40.0,10.0,20.0,1,263,8.086936950683594,0.26731144313916505,,out_of_road
1793,fresh,6,fresh,,,0,1,0,18,0,0,15.0,20.0,5.0,20.0,0,193,2.5275704860687256,0.08710200531610862,,out_of_road
1794,crossover,6,crossover,,distractor_cars|distance_to_nearest,0,0,0,18,1,1,20.0,40.0,10.0,55.0,3,72,1.4475951194763184,0.018964079855423834,,crash_vehicle
1795,fresh,3,fresh,,,0,1,0,4,1,0,20.0,5.0,10.0,20.0,3,163,2.935397148132324,0.14464019115534296,,out_of_road
1796,replay,3,replay,,,0,1,0,4,1,0,20.0,5.0,10.0,20.0,3,194,6.746114730834961,0.24299332906597668,,out_of_road
1797,fresh,0,fresh,,,0,1,1,1,1,1,15.0,10.0,5.0,55.0,0,141,2.7809019088745117,0.09310019173467836,,out_of_road
1798,mutation,6,mutation,select_road|select_lane|ego_on_intersection|intersection_has_cars,,2,1,0,18,1,1,5.0,40.0,15.0,55.0,3,89,2.479862689971924,0.0692692349214902,,crash_vehicle
1799,fresh,3,fresh,,,0,1,0,5,1,0,15.0,10.0,15.0,20.0,3,48,0.40234291553497314,0.014083046155671278,,crash_vehicle
1800,crossover,0,crossover,,select_lane|ego_on_intersection|intersection_has_cars|intersection_cars|has_cluster|cluster_dist|brake_dist,3,0,0,0,0,0,10.0,10.0,10.0,35.0,0,128,4.427978992462158,0.10230453794065397,,out_of_road
1801,fresh,2,fresh,,,0,0,0,3,0,1,20.0,10.0,10.0,20.0,0,1000,1.261771321296692,0.011905462011462078,,max_step
1802,crossover,2,crossover,,has_brake_checker|has_cluster|maximum_distractor_speed,4,0,0,3,1,0,5.0,40.0,10.0,55.0,3,95,1.6729445457458496,0.025325588764328704,,crash_vehicle
1803,fresh,0,fresh,,,0,1,0,0,0,0,15.0,20.0,15.0,10.0,0,87,2.8950183391571045,0.029275491619589686,,arrive_dest
1804,replay,0,replay,,,0,1,0,0,0,0,15.0,20.0,15.0,10.0,0,207,4.472609519958496,0.1476920654070406,,out_of_road
1805,fresh,6,fresh,,,0,0,0,18,1,1,20.0,10.0,5.0,55.0,3,1000,0.001035525812767446,0.0029046271750703453,,max_step
1806,replay,6,replay,,,0,0,0,18,1,1,20.0,10.0,5.0,55.0,3,97,2.1299514770507812,0.08064338661845505,,out_of_road
1807,fresh,4,fresh,,,0,1,0,8,1,0,10.0,20.0,10.0,35.0,0,399,8.175483703613281,0.14490317267407768,,arrive_dest
1808,replay,4,replay,,,0,1,0,8,1,0,10.0,20.0,10.0,35.0,0,147,3.682469606399536,0.15262982891048907,,out_of_road
1809,fresh,0,fresh,,,0,0,0,0,1,0,10.0,40.0,5.0,10.0,0,1000,0.5029964447021484,0.0010071003772318364,,max_step
1810,crossover,6,crossover,,select_lane|ego_on_intersection|intersection_has_cars|distractor_cars|has_cluster|maximum_distractor_speed|distance_to_nearest|cluster_dist,5,1,1,18,1,0,15.0,20.0,10.0,55.0,3,2,0.5004712343215942,0.21670354902744293,,arrive_dest
1811,fresh,0,fresh,,,0,0,0,1,0,1,10.0,20.0,15.0,10.0,1,128,5.310952663421631,0.19892420562973712,,arrive_dest
1812,crossover,6,crossover,,select_lane|ego_on_intersection|intersection_has_cars|has_brake_checker|intersection_cars,2,0,0,18,1,0,15.0,20.0,10.0,55.0,3,76,1.2260527610778809,0.028142794721612806,,crash_vehicle
1813,fresh,4,fresh,,,0,1,0,8,0,0,5.0,20.0,10.0,10.0,3,82,1.1461408138275146,0.014790840980755846,,crash_vehicle
1814,crossover,5,crossover,,distractor_cars|cluster_dist|brake_dist,1,1,0,12,1,0,20.0,40.0,15.0,55.0,0,69,1.6242619752883911,0.03425395866667015,,crash_vehicle
1815,fresh,6,fresh,,,0,1,1,18,1,0,15.0,40.0,5.0,55.0,2,81,2.163647174835205,0.06482913540561258,,crash_vehicle
1816,replay,6,replay,,,0,1,1,18,1,0,15.0,40.0,5.0,55.0,2,66,0.6625926494598389,0.04201057008608724,,out_of_road
1817,fresh,0,fresh,,,0,1,1,0,1,0,5.0,20.0,15.0,35.0,0,95,2.7919065952301025,0.07566409861963046,,crash_vehicle
1818,crossover,1,crossover,,has_brake_checker|distance_to_nearest|cluster_dist|brake_dist,3,1,1,2,0,0,20.0,20.0,5.0,10.0,2,231,9.047849655151367,0.21567495147903243,,out_of_road
1819,fresh,3,fresh,,,0,0,0,4,0,1,10.0,40.0,10.0,55.0,1,136,3.7164742946624756,0.05120280359679943,,out_of_road
1820,replay,3,replay,,,0,0,0,4,0,1,10.0,40.0,10.0,55.0,1,220,9.591464042663574,0.33209308357909323,,out_of_road
1821,fresh,0,fresh,,,0,0,0,1,1,1,20.0,10.0,10.0,55.0,0,91,0.7137852907180786,0.03178684800290144,,out_of_road
1822,mutation,2,mutation,select_road|select_lane|ego_on_intersection|intersection_has_cars,,3,1,1,3,0,1,20.0,5.0,15.0,10.0,3,172,6.602002143859863,0.2551588510531326,,out_of_road
1823,fresh,0,fresh,,,0,1,1,1,1,0,5.0,40.0,5.0,55.0,0,85,2.026707410812378,0.04836109674480908,,out_of_road
1824,mutation,3,mutation,select_road|select_lane|ego_on_intersection|intersection_has_cars,,3,1,1,5,0,0,10.0,10.0,15.0,10.0,3,81,0.5795031189918518,0.03600137508301823,,out_of_road
1825,fresh,6,fresh,,,0,0,0,18,0,0,5.0,20.0,15.0,10.0,3,199,6.621991157531738,0.1592017946830347,,out_of_road
1826,mutation,5,mutation,cluster_dist,,1,1,1,12,0,1,10.0,5.0,10.0,10.0,3,440,0.5397919416427612,0.019996356147087432,,crash_vehicle
1827,fresh,1,fresh,,,0,1,1,2,1,0,5.0,5.0,10.0,20.0,2,1000,3.829700231552124,0.0318313460573554,,max_step
1828,replay,1,replay,,,0,1,1,2,1,0,5.0,5.0,10.0,20.0,2,97,1.9596513509750366,0.10751065642563339,,out_of_road
1829,fresh,4,fresh,,,0,1,0,8,0,1,15.0,20.0,15.0,35.0,0,70,0.9661720395088196,0.05642777255603245,,crash_vehicle
1830,crossover,0,crossover,,select_lane|ego_on_intersection|intersection_has_cars|distractor_cars|intersection_cars|distance_to_nearest|cluster_dist|brake_dist,4,1,1,0,0,0,15.0,10.0,15.0,20.0,0,231,12.94861888885498,0.45116453173921095,,out_of_road
1831,fresh,2,fresh,,,0,1,1,3,0,0,10.0,20.0,10.0,10.0,0,60,0.8433699607849121,0.017526675015687943,,crash_vehicle
1832,replay,2,replay,,,0,1,1,3,0,0,10.0,20.0,10.0,10.0,0,31,0.2429465502500534,0.016444802284240723,,crash_vehicle
1833,fresh,6,fresh,,,0,1,0,18,1,1,20.0,5.0,10.0,20.0,3,1000,0.8179923295974731,0.015494164934381842,,max_step
1834,crossover,0,crossover,,select_lane|ego_on_intersection|intersection_has_cars|has_cluster|distance_to_nearest|cluster_dist|brake_dist,5,1,1,0,1,0,15.0,5.0,5.0,10.0,0,132,2.3053524494171143,0.142588551381998,,crash_vehicle
1835,fresh,3,fresh,,,0,1,1,5,0,0,5.0,40.0,10.0,55.0,1,94,2.7987780570983887,0.13067181023987048,,crash_vehicle
1836,mutation,1,mutation,distance_to_nearest,,1,0,0,2,1,1,15.0,40.0,15.0,55.0,0,85,2.523660659790039,0.06325406730175018,,crash_vehicle
1837,fresh,0,fresh,,,0,1,0,1,0,1,10.0,20.0,15.0,35.0,1,204,7.562991619110107,0.14960734982627863,,out_of_road
1838,crossover,5,crossover,,intersection_cars|has_cluster|cluster_dist,2,0,0,12,1,0,20.0,40.0,10.0,55.0,3,138,1.7311451435089111,0.026932944462675114,,crash_vehicle
1839,fresh,3,fresh,,,0,0,0,5,0,0,10.0,5.0,5.0,10.0,2,24,-0.02023632824420929,0.011689757579006255,,crash_vehicle
1840,replay,3,replay,,,0,0,0,5,0,0,10.0,5.0,5.0,10.0,2,161,4.916755199432373,0.07473257465739243,,out_of_road
1841,fresh,0,fresh,,,0,1,1,1,1,0,15.0,10.0,5.0,20.0,1,138,3.610769033432007,0.14760816620959752,,arrive_dest
1842,replay,0,replay,,,0,1,1,1,1,0,15.0,10.0,5.0,20.0,1,123,2.894092082977295,0.08926728437465381,,crash_vehicle
1843,fresh,3,fresh,,,0,1,1,4,1,0,15.0,10.0,15.0,55.0,1,134,3.3310837745666504,0.22572760834400332,,crash_vehicle
1844,mutation,0,mutation,brake_dist,,0,0,0,1,1,0,20.0,20.0,15.0,35.0,1,91,2.398765802383423,0.0814614677597042,,crash_vehicle
1845,fresh,0,fresh,,,0,1,1,1,1,1,5.0,5.0,5.0,55.0,0,1000,1.8854951858520508,0.032044668826274575,,max_step
1846,mutation,3,mutation,maximum_distractor_speed,,0,0,0,5,1,1,15.0,20.0,5.0,35.0,0,272,9.010578155517578,0.21447167737299905,,out_of_road
1847,fresh,0,fresh,,,0,1,0,1,1,1,15.0,40.0,5.0,55.0,0,186,8.877138137817383,0.2470437920281804,,out_of_road
1848,crossover,1,crossover,,select_lane|ego_on_intersection|intersection_has_cars|distractor_cars|has_brake_checker|intersection_cars|maximum_distractor_speed|distance_to_nearest|cluster_dist,4,1,0,2,0,0,10.0,40.0,10.0,55.0,1,119,1.1999053955078125,0.04800161072092146,,out_of_road
1849,fresh,0,fresh,,,0,0,0,0,1,0,10.0,5.0,5.0,35.0,0,99,2.550874948501587,0.050370722138934364,,crash_vehicle
1850,replay,0,replay,,,0,0,0,0,1,0,10.0,5.0,5.0,35.0,0,206,8.873488426208496,0.15494367928533517,,out_of_road
1851,fresh,0,fresh,,,0,0,0,0,1,0,20.0,40.0,5.0,35.0,0,105,2.2220005989074707,0.03858826532959938,,out_of_road
1852,crossover,0,crossover,,distractor_cars|has_brake_checker|intersection_cars|distance_to_nearest,1,0,0,0,1,0,10.0,5.0,5.0,20.0,0,97,1.96573805809021,0.0461423847747525,,crash_vehicle
1853,fresh,3,fresh,,,0,1,0,4,0,1,5.0,20.0,15.0,55.0,2,62,0.6931791305541992,0.015654495346450036,,crash_vehicle
1854,mutation,5,mutation,distractor_cars,,1,1,0,12,1,0,20.0,20.0,15.0,35.0,1,173,5.987501621246338,0.13254558440362443,,out_of_road
1855,fresh,0,fresh,,,0,0,0,1,0,0,20.0,20.0,10.0,35.0,1,178,7.961917400360107,0.22824653562451347,,out_of_road
1856,replay,0,replay,,,0,0,0,1,0,0,20.0,20.0,10.0,35.0,1,110,2.736400604248047,0.018816399591212923,,out_of_road
1857,fresh,2,fresh,,,0,1,0,3,1,0,20.0,5.0,15.0,20.0,1,33,0.14178243279457092,0.011564501222561707,,crash_vehicle
1858,mutation,6,mutation,distance_to_nearest,,1,0,0,18,0,0,20.0,40.0,5.0,10.0,0,151,2.8565964698791504,0.11099482558371611,,out_of_road
1859,fresh,6,fresh,,,0,1,1,18,0,1,10.0,5.0,5.0,35.0,2,1000,0.13473981618881226,0.010987721856683492,,max_step
1860,crossover,1,crossover,,has_brake_checker|intersection_cars|maximum_distractor_speed|cluster_dist,1,1,1,2,1,0,10.0,20.0,15.0,35.0,2,112,2.1111457347869873,0.033309978333168795,,out_of_road
1861,fresh,0,fresh,,,0,1,0,0,1,0,20.0,40.0,5.0,35.0,0,319,13.045450210571289,0.29474342172690976,,arrive_dest
1862,crossover,4,crossover,,select_lane|ego_on_intersection|intersection_has_cars|intersection_cars|distance_to_nearest,4,0,0,8,0,0,5.0,20.0,10.0,55.0,0,211,8.780086517333984,0.14772952786730648,,out_of_road
1863,fresh,3,fresh,,,0,1,1,4,0,0,20.0,20.0,15.0,20.0,1,277,8.330660820007324,0.1876412941015154,,out_of_road
1864,replay,3,replay,,,0,1,1,4,0,0,20.0,20.0,15.0,20.0,1,242,4.748546123504639,0.2826159695809907,,crash_vehicle
1865,fresh,6,fresh,,,0,1,1,18,0,0,20.0,5.0,15.0,35.0,1,261,-0.24876633286476135,0.0007215492798450806,,crash_vehicle
1866,crossover,6,crossover,,select_lane|ego_on_intersection|intersection_has_cars|distractor_cars|has_cluster,2,1,1,18,1,1,15.0,5.0,15.0,20.0,2,200,3.760619878768921,0.2179909670795314,,crash_vehicle
1867,fresh,0,fresh,,,0,1,0,0,1,0,10.0,40.0,10.0,20.0,0,84,1.8320940732955933,0.04825757729399595,,crash_vehicle
1868,crossover,1,crossover,,select_lane|ego_on_intersection|intersection_has_cars|has_brake_checker|intersection_cars|distance_to_nearest,4,1,0,2,1,1,15.0,20.0,10.0,55.0,2,240,8.783515930175781,0.23286177021606516,,out_of_road
1869,fresh,6,fresh,,,0,0,0,18,1,1,5.0,40.0,10.0,55.0,3,99,2.4707589149475098,0.0506384704224389,,crash_vehicle
1870,replay,6,replay,,,0,0,0,18,1,1,5.0,40.0,10.0,55.0,3,129,3.8120760917663574,0.23249912485769092,,crash_vehicle
1871,fresh,3,fresh,,,0,0,0,5,1,1,5.0,40.0,5.0,55.0,3,64,1.364951252937317,0.037522385449847206,,crash_vehicle
1872,replay,3,replay,,,0,0,0,5,1,1,5.0,40.0,5.0,55.0,3,236,2.556049346923828,0.13534689683988058,,out_of_road
1873,fresh,0,fresh,,,0,0,0,1,0,0,5.0,5.0,15.0,55.0,1,200,8.858070373535156,0.16407112729270013,,out_of_road
1874,crossover,5,crossover,,has_brake_checker|intersection_cars|maximum_distractor_speed|distance_to_nearest|cluster_dist,2,0,0,12,0,0,10.0,40.0,10.0,35.0,3,213,9.411945343017578,0.1699755829758942,,out_of_road
1875,fresh,3,fresh,,,0,0,0,4,0,0,20.0,10.0,5.0,55.0,2,483,9.780362129211426,0.21111612096062513,,crash_vehicle
1876,replay,3,replay,,,0,0,0,4,0,0,20.0,10.0,5.0,55.0,2,190,8.46860408782959,0.17663032781136664,,out_of_road
1877,fresh,3,fresh,,,0,0,0,4,1,0,20.0,5.0,10.0,20.0,0,23,-0.024352088570594788,0.0,,crash_vehicle
1878,mutation,0,mutation,brake_dist,,6,0,0,0,0,0,10.0,5.0,5.0,20.0,0,173,8.424713134765625,0.24636105497534563,rejection_fallback,out_of_road
1879,fresh,3,fresh,,,0,0,0,5,0,0,15.0,5.0,15.0,10.0,3,285,11.142873764038086,0.30534658591475405,,out_of_road
1880,replay,3,replay,,,0,0,0,5,0,0,15.0,5.0,15.0,10.0,3,148,2.8772552013397217,0.10228648470916055,,out_of_road
1881,fresh,0,fresh,,,0,1,0,1,1,1,15.0,5.0,15.0,55.0,1,109,3.710097551345825,0.10963946615063816,,crash_vehicle
1882,replay,0,replay,,,0,1,0,1,1,1,15.0,5.0,15.0,55.0,1,129,3.097644805908203,0.13106405063597268,,arrive_dest
1883,fresh,0,fresh,,,0,0,0,0,1,0,10.0,10.0,15.0,55.0,0,92,3.05686616897583,0.10825230578041595,,crash_vehicle
1884,crossover,5,crossover,,select_lane|ego_on_intersection|intersection_has_cars|distractor_cars|has_brake_checker|maximum_distractor_speed,3,1,1,12,0,0,20.0,5.0,15.0,20.0,2,139,-0.24702930450439453,0.0010613525594524342,,crash_vehicle
1885,fresh,2,fresh,,,0,1,0,3,0,0,10.0,5.0,5.0,10.0,1,446,10.022629737854004,0.23155070873470182,,out_of_road
1886,crossover,0,crossover,,has_brake_checker|has_cluster|distance_to_nearest|brake_dist,4,0,0,0,0,0,10.0,5.0,5.0,20.0,0,193,8.525338172912598,0.12882200565787486,rejection_fallback,out_of_road
1887,fresh,1,fresh,,,0,0,0,2,0,0,20.0,5.0,5.0,10.0,2,100,2.8424746990203857,0.034866462536156176,,out_of_road
1888,mutation,0,mutation,intersection_cars,,0,1,0,1,0,0,5.0,10.0,10.0,10.0,1,123,4.2882771492004395,0.1192009966305601,,out_of_road
1889,fresh,0,fresh,,,0,1,0,1,1,1,10.0,5.0,5.0,20.0,1,84,1.4713553190231323,0.01671170697192706,,crash_vehicle
1890,crossover,6,crossover,,distractor_cars|intersection_cars|has_cluster|maximum_distractor_speed|distance_to_nearest|brake_dist,4,1,1,18,1,0,20.0,5.0,15.0,35.0,0,105,-0.008300989866256714,0.023221181545938763,,crash_vehicle
1891,fresh,5,fresh,,,0,0,0,12,1,1,15.0,40.0,15.0,55.0,3,95,2.760843276977539,0.04372779856386937,,crash_vehicle
1892,crossover,0,crossover,,distractor_cars|maximum_distractor_speed,2,1,0,0,1,0,15.0,40.0,5.0,55.0,0,74,1.6683872938156128,0.025816761787880112,,out_of_road
1893,fresh,3,fresh,,,0,1,0,4,0,1,20.0,20.0,10.0,55.0,1,50,0.5594056248664856,0.009828465767204761,,crash_vehicle
1894,replay,3,replay,,,0,1,0,4,0,1,20.0,20.0,10.0,55.0,1,2,0.49665015935897827,0.0,,arrive_dest
1895,fresh,3,fresh,,,0,1,0,4,1,1,10.0,5.0,15.0,55.0,3,227,8.930134773254395,0.16979317599292107,,out_of_road
1896,mutation,4,mutation,cluster_dist,,1,1,0,8,0,0,15.0,5.0,15.0,20.0,3,177,2.5003116130828857,0.11594997683150621,,out_of_road
1897,fresh,1,fresh,,,0,0,0,2,1,0,15.0,40.0,5.0,55.0,2,68,1.615267038345337,0.018926957896088854,,out_of_road
1898,crossover,6,crossover,,select_lane|ego_on_intersection|intersection_has_cars|distractor_cars|intersection_cars|maximum_distractor_speed|distance_to_nearest|cluster_dist,7,1,1,18,0,0,5.0,5.0,15.0,35.0,0,23,-0.012702509760856628,0.0,,crash_vehicle
1899,fresh,0,fresh,,,0,0,0,1,0,1,15.0,10.0,10.0,10.0,1,88,2.171550750732422,0.02350577455945313,,out_of_road
1900,replay,0,replay,,,0,0,0,1,0,1,15.0,10.0,10.0,10.0,1,204,8.95181655883789,0.1252974580115109,,out_of_road
1901,fresh,4,fresh,,,0,0,0,8,0,1,15.0,20.0,10.0,20.0,0,43,0.879231333732605,0.04282032837008321,,arrive_dest
1902,replay,4,replay,,,0,0,0,8,0,1,15.0,20.0,10.0,20.0,0,96,2.300459623336792,0.023545059385166194,,out_of_road
1903,fresh,1,fresh,,,0,1,1,2,1,1,10.0,40.0,15.0,55.0,0,113,2.557131290435791,0.06308559086008937,,out_of_road
1904,crossover,3,crossover,,distractor_cars|maximum_distractor_speed|brake_dist,2,0,0,5,0,0,15.0,20.0,10.0,20.0,0,256,8.26948356628418,0.16709763401013333,,out_of_road
1905,fresh,6,fresh,,,0,0,0,18,1,0,5.0,10.0,5.0,55.0,3,298,5.352100372314453,0.1290634370240189,,crash_vehicle
1906,mutation,2,mutation,maximum_distractor_speed,,1,1,1,3,0,0,5.0,10.0,5.0,35.0,3,225,9.093907356262207,0.12712736678206257,,out_of_road
1907,fresh,0,fresh,,,0,1,1,0,0,0,10.0,10.0,15.0,10.0,0,128,5.914021968841553,0.17325484928733204,,arrive_dest
1908,crossover,6,crossover,,distractor_cars|intersection_cars|maximum_distractor_speed|distance_to_nearest,2,0,0,18,1,1,20.0,10.0,5.0,55.0,3,62,0.5056295990943909,0.05266448819348889,,crash_vehicle
1909,fresh,3,fresh,,,0,0,0,5,1,0,15.0,10.0,15.0,20.0,1,54,0.41404619812965393,0.018989005160552484,,crash_vehicle
1910,crossover,4,crossover,,has_brake_checker|intersection_cars|has_cluster|maximum_distractor_speed|cluster_dist,2,1,0,8,1,1,15.0,10.0,10.0,20.0,3,118,0.554012656211853,0.03455759272358175,,crash_vehicle
1911,fresh,3,fresh,,,0,0,0,4,0,0,20.0,5.0,5.0,20.0,3,1000,4.098538875579834,0.05044146761111915,,max_step
1912,mutation,3,mutation,distance_to_nearest,,1,1,0,5,1,0,5.0,20.0,15.0,55.0,3,68,0.6676375865936279,0.04601381067186594,,out_of_road
1913,fresh,6,fresh,,,0,0,0,18,0,1,10.0,5.0,10.0,10.0,0,148,0.30222392082214355,0.06381619288711934,,out_of_road
1914,replay,6,replay,,,0,0,0,18,0,1,10.0,5.0,10.0,10.0,0,76,1.5550992488861084,0.0012886328377613896,,crash_vehicle
1915,fresh,5,fresh,,,0,0,0,12,0,0,5.0,20.0,10.0,35.0,3,64,1.0226794481277466,0.021302670313161798,,crash_vehicle
1916,replay,5,replay,,,0,0,0,12,0,0,5.0,20.0,10.0,35.0,3,86,1.951504111289978,0.04377336148172617,,crash_vehicle
1917,fresh,0,fresh,,,0,0,0,1,0,1,10.0,40.0,15.0,10.0,1,94,2.550454616546631,0.03073387604920154,,out_of_road
1918,mutation,2,mutation,select_road|select_lane|ego_on_intersection|intersection_has_cars,,1,0,0,3,0,1,20.0,5.0,15.0,10.0,3,112,3.9969635009765625,0.04368650250502729,,out_of_road
1919,fresh,3,fresh,,,0,0,0,5,1,1,15.0,5.0,5.0,35.0,0,372,5.993715763092041,0.15931895329937418,,out_of_road
1920,mutation,0,mutation,distance_to_nearest,,1,1,0,0,1,0,15.0,20.0,15.0,35.0,0,115,2.935411214828491,0.050989317474886775,,out_of_road
1921,fresh,0,fresh,,,0,0,0,0,0,0,15.0,10.0,15.0,20.0,0,95,2.9803576469421387,0.03687627011615979,,out_of_road
1922,replay,0,replay,,,0,0,0,0,0,0,15.0,10.0,15.0,20.0,0,88,2.3438162803649902,0.02406929367729886,,crash_vehicle
1923,fresh,0,fresh,,,0,0,0,0,0,0,20.0,5.0,5.0,20.0,0,129,5.37419319152832,0.11336761414138384,,out_of_road
1924,mutation,2,mutation,has_brake_checker,,1,1,0,3,1,0,15.0,10.0,5.0,55.0,0,87,0.726775586605072,0.06268700105191648,,out_of_road
1925,fresh,6,fresh,,,0,1,0,18,1,1,20.0,10.0,15.0,35.0,3,112,1.0135077238082886,0.059079820256946344,,crash_vehicle
1926,mutation,6,mutation,select_road|select_lane|ego_on_intersection|intersection_has_cars,,2,1,0,18,1,0,15.0,20.0,10.0,55.0,0,121,3.241076946258545,0.10776679367134887,,crash_vehicle
1927,fresh,0,fresh,,,0,1,1,0,0,0,20.0,10.0,15.0,20.0,0,69,1.4902546405792236,0.020515797362811325,,out_of_road
1928,mutation,2,mutation,has_brake_checker,,1,0,0,3,0,0,10.0,20.0,15.0,35.0,3,1000,2.4242966175079346,0.007005013100802898,,max_step
1929,fresh,0,fresh,,,0,1,0,1,1,0,15.0,10.0,15.0,20.0,1,218,8.870245933532715,0.17702778858248008,,out_of_road
1930,replay,0,replay,,,0,1,0,1,1,0,15.0,10.0,15.0,20.0,1,194,8.89283275604248,0.21349212680895305,,out_of_road
1931,fresh,0,fresh,,,0,0,0,1,1,1,10.0,40.0,10.0,55.0,0,76,1.7652438879013062,0.014161671266744011,,crash_vehicle
1932,crossover,2,crossover,,distance_to_nearest|cluster_dist|brake_dist,3,1,0,3,1,0,5.0,10.0,5.0,35.0,3,185,8.805543899536133,0.22067142629844916,,out_of_road
1933,fresh,4,fresh,,,0,0,0,8,1,0,15.0,40.0,10.0,55.0,2,104,2.6957170963287354,0.02296027519668524,,crash_vehicle
1934,crossover,0,crossover,,distractor_cars|intersection_cars|maximum_distractor_speed|brake_dist,1,1,1,1,0,1,5.0,10.0,5.0,20.0,1,95,2.164628505706787,0.01842077280345716,,out_of_road
1935,fresh,4,fresh,,,0,0,0,8,1,1,20.0,10.0,15.0,35.0,3,92,1.5300488471984863,0.06718617288962654,,crash_vehicle
1936,replay,4,replay,,,0,0,0,8,1,1,20.0,10.0,15.0,35.0,3,236,5.399686813354492,0.16125034420924672,,out_of_road
1937,fresh,2,fresh,,,0,1,1,3,0,1,20.0,40.0,10.0,10.0,2,215,10.216999053955078,0.2712818298553831,,out_of_road
1938,crossover,0,crossover,,distractor_cars|has_cluster|distance_to_nearest|cluster_dist,3,0,0,1,0,1,10.0,20.0,10.0,10.0,0,302,6.789525985717773,0.17556304071369944,,out_of_road
1939,fresh,0,fresh,,,0,1,1,0,0,0,10.0,40.0,10.0,20.0,0,85,1.9241591691970825,0.012739322438616963,,out_of_road
1940,mutation,2,mutation,distance_to_nearest,,1,0,0,3,0,0,20.0,10.0,5.0,55.0,2,163,3.5525174140930176,0.17239468087059406,,out_of_road
1941,fresh,2,fresh,,,0,1,0,3,1,0,20.0,10.0,15.0,20.0,2,1000,0.4559876024723053,0.0008030236437916756,,max_step
1942,mutation,6,mutation,select_road|select_lane|ego_on_intersection|intersection_has_cars,,1,0,0,18,1,0,5.0,40.0,15.0,55.0,3,96,2.913604736328125,0.033183760630587734,,crash_vehicle
1943,fresh,0,fresh,,,0,0,0,0,1,0,10.0,5.0,10.0,55.0,0,99,3.360517978668213,0.10110195430767055,,crash_vehicle
1944,replay,0,replay,,,0,0,0,0,1,0,10.0,5.0,10.0,55.0,0,214,9.215163230895996,0.1401892645354165,,out_of_road
1945,fresh,6,fresh,,,0,0,0,18,0,1,15.0,40.0,5.0,55.0,3,242,4.332050323486328,0.09436642525579073,,crash_vehicle
1946,crossover,1,crossover,,distractor_cars|has_brake_checker|intersection_cars|has_cluster|maximum_distractor_speed|distance_to_nearest,4,0,0,2,1,0,10.0,20.0,10.0,35.0,0,1000,1.7323122024536133,0.006207748031010851,,max_step
1947,fresh,6,fresh,,,0,0,0,18,1,0,10.0,40.0,10.0,55.0,3,1000,1.4869012832641602,0.007186329436022788,,max_step
1948,replay,6,replay,,,0,0,0,18,1,0,10.0,40.0,10.0,55.0,3,209,10.323942184448242,0.2544774005777742,,out_of_road
1949,fresh,5,fresh,,,0,1,0,12,1,0,10.0,20.0,10.0,35.0,2,78,1.079673409461975,0.013634141630087143,,crash_vehicle
1950,crossover,4,crossover,,select_lane|ego_on_intersection|intersection_has_cars|has_cluster|distance_to_nearest|brake_dist,4,1,0,8,1,1,15.0,40.0,10.0,55.0,1,1000,2.1237568855285645,0.021397431551129557,,max_step
1951,fresh,4,fresh,,,0,0,0,8,1,1,15.0,20.0,15.0,35.0,3,54,0.9105522632598877,0.021536317688447458,,crash_vehicle
1952,replay,4,replay,,,0,0,0,8,1,1,15.0,20.0,15.0,35.0,3,43,0.4599307179450989,0.08719626450261404,,crash_vehicle
1953,fresh,0,fresh,,,0,1,0,1,0,0,20.0,10.0,10.0,55.0,0,124,2.1591508388519287,0.12593334465618095,,crash_vehicle
1954,crossover,5,crossover,,select_lane|ego_on_intersection|intersection_has_cars|intersection_cars|distance_to_nearest|cluster_dist|brake_dist,3,1,1,12,1,0,20.0,5.0,10.0,35.0,2,134,2.7977781295776367,0.16039326186500377,,crash_vehicle
1955,fresh,4,fresh,,,0,0,0,8,1,0,20.0,20.0,15.0,35.0,1,167,3.2085654735565186,0.09152361081388896,,crash_vehicle
1956,replay,4,replay,,,0,0,0,8,1,0,20.0,20.0,15.0,35.0,1,2,0.4960818886756897,0.0,,arrive_dest
1957,fresh,3,fresh,,,0,1,0,5,1,1,15.0,20.0,15.0,35.0,2,118,1.9484885931015015,0.04328520695473683,,crash_vehicle
1958,mutation,2,mutation,intersection_cars,,0,1,0,3,0,1,10.0,20.0,15.0,55.0,0,138,1.3423230648040771,0.045850944728927985,,crash_vehicle
1959,fresh,2,fresh,,,0,1,1,3,0,0,15.0,5.0,5.0,35.0,2,78,0.17022790014743805,0.01694791057170966,,crash_vehicle
1960,replay,2,replay,,,0,1,1,3,0,0,15.0,5.0,5.0,35.0,2,1000,0.45507827401161194,0.03924906810373068,,max_step
1961,fresh,5,fresh,,,0,0,0,12,0,1,10.0,40.0,10.0,10.0,3,92,1.9200745820999146,0.062432271387913955,,crash_vehicle
1962,replay,5,replay,,,0,0,0,12,0,1,10.0,40.0,10.0,10.0,3,1000,5.661515712738037,0.05067591031175107,,max_step
1963,fresh,1,fresh,,,0,0,0,2,1,1,5.0,10.0,15.0,20.0,2,1000,2.2730469703674316,0.008319238495081663,,max_step
1964,crossover,5,crossover,,has_brake_checker|maximum_distractor_speed,1,0,0,12,1,1,20.0,10.0,10.0,35.0,1,1000,1.3382667303085327,0.017383235631510615,,max_step
1965,fresh,4,fresh,,,0,0,0,8,1,1,10.0,5.0,5.0,35.0,3,196,-0.162634015083313,0.028830881287552873,,crash_vehicle
1966,replay,4,replay,,,0,0,0,8,1,1,10.0,5.0,5.0,35.0,3,183,2.4769675731658936,0.11629969405794079,,out_of_road
1967,fresh,1,fresh,,,0,1,0,2,0,0,10.0,10.0,10.0,20.0,1,258,8.697768211364746,0.31713768461531444,,crash_vehicle
1968,replay,1,replay,,,0,1,0,2,0,0,10.0,10.0,10.0,20.0,1,170,4.552082061767578,0.20156494290294016,,out_of_road
1969,fresh,4,fresh,,,0,0,0,8,0,1,5.0,40.0,10.0,10.0,1,864,1.7643852233886719,0.010816686709101,,crash_vehicle
1970,mutation,0,mutation,has_cluster,,0,0,0,0,0,0,10.0,5.0,5.0,20.0,0,226,9.174358367919922,0.232173217823152,,out_of_road
1971,fresh,6,fresh,,,0,1,0,18,1,1,10.0,20.0,5.0,35.0,0,50,0.4971921443939209,0.02000540852546692,,crash_vehicle
1972,crossover,6,crossover,,select_lane|ego_on_intersection|intersection_has_cars|maximum_distractor_speed|distance_to_nearest|cluster_dist,6,0,0,18,1,1,15.0,10.0,5.0,55.0,0,476,-0.3075564503669739,0.006705980121838946,,out_of_road
1973,fresh,0,fresh,,,0,0,0,1,0,1,5.0,5.0,10.0,35.0,0,203,4.46214485168457,0.0969364182482212,,out_of_road
1974,crossover,0,crossover,,has_brake_checker|intersection_cars|maximum_distractor_speed|cluster_dist,2,1,1,0,0,0,20.0,40.0,15.0,20.0,0,239,11.302167892456055,0.22944548043371743,,out_of_road
1975,fresh,0,fresh,,,0,0,0,1,0,1,10.0,40.0,10.0,20.0,1,68,1.5059375762939453,0.06361275434028357,,out_of_road
1976,mutation,6,mutation,distance_to_nearest,,1,0,0,18,0,0,15.0,40.0,10.0,35.0,2,122,3.068436622619629,0.030481456908717997,,out_of_road
1977,fresh,5,fresh,,,0,0,0,12,0,0,15.0,20.0,10.0,10.0,1,48,0.4992128014564514,0.028378801711369306,,crash_vehicle
1978,crossover,4,crossover,,distractor_cars|intersection_cars|has_cluster|distance_to_nearest|brake_dist,3,0,0,8,1,1,15.0,40.0,5.0,55.0,3,141,4.664419651031494,0.06891362012383785,,out_of_road
1979,fresh,1,fresh,,,0,1,0,2,0,1,5.0,5.0,5.0,55.0,1,1000,0.0020119936671108007,0.0,,max_step
1980,replay,1,replay,,,0,1,0,2,0,1,5.0,5.0,5.0,55.0,1,299,6.276451110839844,0.1937886833611963,,out_of_road
1981,fresh,3,fresh,,,0,1,1,4,1,0,20.0,10.0,10.0,20.0,0,384,6.889294624328613,0.1959022114133404,,crash_vehicle
1982,mutation,1,mutation,cluster_dist,,1,1,1,2,1,0,10.0,10.0,10.0,55.0,2,203,8.997711181640625,0.12336990041910612,,out_of_road
1983,fresh,4,fresh,,,0,0,0,8,1,0,15.0,20.0,5.0,35.0,3,91,1.9657574892044067,0.014095451780031997,,crash_vehicle
1984,crossover,1,crossover,,select_lane|ego_on_intersection|intersection_has_cars|distractor_cars|intersection_cars|cluster_dist,0,0,0,2,0,1,10.0,20.0,5.0,10.0,2,142,3.5944581031799316,0.11516343781226118,,out_of_road
1985,fresh,6,fresh,,,0,1,1,18,0,0,5.0,10.0,15.0,10.0,2,58,0.46404361724853516,0.00823932423673827,,crash_vehicle
1986,mutation,6,mutation,intersection_cars,,1,0,0,18,1,0,15.0,20.0,10.0,55.0,0,271,6.703962326049805,0.23216069710863638,,crash_vehicle
1987,fresh,2,fresh,,,0,0,0,3,0,1,15.0,20.0,5.0,20.0,2,129,1.0980138778686523,0.022855618672604248,,crash_vehicle
1988,crossover,5,crossover,,select_lane|ego_on_intersection|intersection_has_cars|distractor_cars|has_cluster|cluster_dist|brake_dist,6,0,0,12,0,0,20.0,40.0,10.0,35.0,2,229,8.7006196975708,0.11916500548771115,,out_of_road
1989,fresh,3,fresh,,,0,0,0,4,1,1,20.0,40.0,15.0,55.0,0,457,15.790514945983887,0.266995483153465,,out_of_road
1990,crossover,6,crossover,,select_lane|ego_on_intersection|intersection_has_cars|has_brake_checker|intersection_cars|cluster_dist|brake_dist,4,1,0,18,1,0,15.0,40.0,5.0,55.0,1,255,8.317008972167969,0.1748997096483614,,crash_vehicle
1991,fresh,0,fresh,,,0,0,0,1,0,0,10.0,10.0,10.0,10.0,0,206,9.003607749938965,0.19301473233595634,,out_of_road
1992,replay,0,replay,,,0,0,0,1,0,0,10.0,10.0,10.0,10.0,0,206,9.176122665405273,0.2082637711382896,,out_of_road
1993,fresh,3,fresh,,,0,1,1,4,0,1,15.0,20.0,15.0,20.0,0,1000,2.3637330532073975,0.01010848754644394,,max_step
1994,mutation,4,mutation,brake_dist,,1,1,0,8,0,0,15.0,20.0,10.0,35.0,3,208,8.02790355682373,0.3560960099477178,,crash_vehicle
1995,fresh,0,fresh,,,0,0,0,1,0,1,5.0,5.0,5.0,35.0,0,1000,0.1047731339931488,0.001165538303554058,,max_step
1996,mutation,1,mutation,has_cluster,,0,1,1,2,0,1,20.0,5.0,5.0,35.0,2,91,2.637877941131592,0.03964318961396322,,out_of_road
1997,fresh,6,fresh,,,0,1,1,18,0,1,10.0,10.0,5.0,55.0,3,85,0.2306872457265854,0.012349676779087852,,crash_vehicle
1998,replay,6,replay,,,0,1,1,18,0,1,10.0,10.0,5.0,55.0,3,2,0.4953288435935974,0.0,,arrive_dest
1999,fresh,1,fresh,,,0,1,0,2,0,0,10.0,10.0,15.0,55.0,2,187,7.1176323890686035,0.0976702761761645,,out_of_road
2000,mutation,3,mutation,distractor_cars,,1,1,1,5,1,0,10.0,20.0,10.0,55.0,0,64,0.6787408590316772,0.051386447048571426,,out_of_road
2001,fresh,3,fresh,,,0,1,1,4,1,1,5.0,5.0,15.0,20.0,0,975,2.6824679374694824,0.027392708579979788,,crash_vehicle
2002,replay,3,replay,,,0,1,1,4,1,1,5.0,5.0,15.0,20.0,0,2,0.4954439699649811,0.1628294587135315,,arrive_dest
2003,fresh,6,fresh,,,0,1,1,18,1,0,15.0,10.0,5.0,20.0,0,74,-0.034034550189971924,0.0577271657719,,out_of_road
2004,crossover,2,crossover,,distractor_cars|cluster_dist|brake_dist,0,1,0,3,0,0,15.0,10.0,10.0,35.0,2,1000,3.6190667152404785,0.025259977558627723,,max_step
2005,fresh,3,fresh,,,0,1,1,4,1,0,10.0,40.0,15.0,55.0,1,105,2.6446852684020996,0.08980578425384703,,crash_vehicle
2006,mutation,5,mutation,brake_dist,,1,1,1,12,0,1,20.0,5.0,5.0,35.0,1,1000,0.7037290930747986,0.015888686704449356,,max_step
2007,fresh,3,fresh,,,0,0,0,5,1,1,15.0,10.0,15.0,55.0,2,77,0.606916606426239,0.0454553851930352,,out_of_road
2008,crossover,1,crossover,,distractor_cars|has_brake_checker|has_cluster,3,1,1,2,1,1,20.0,20.0,5.0,35.0,2,151,3.5198938846588135,0.16717477579483922,,crash_vehicle
2009,fresh,0,fresh,,,0,1,0,1,0,0,15.0,40.0,15.0,20.0,1,49,0.8203545808792114,0.012381784769953514,,out_of_road
2010,mutation,2,mutation,cluster_dist,,1,1,0,3,0,0,20.0,10.0,15.0,35.0,3,186,7.835697650909424,0.24188533815885743,,out_of_road
2011,fresh,2,fresh,,,0,1,1,3,0,1,5.0,40.0,15.0,10.0,1,73,1.5704737901687622,0.027880800199018767,,crash_vehicle
2012,crossover,2,crossover,,select_lane|ego_on_intersection|intersection_has_cars|distractor_cars|has_brake_checker|has_cluster|maximum_distractor_speed|distance_to_nearest|cluster_dist,6,1,0,3,0,0,20.0,10.0,15.0,35.0,2,124,2.2175841331481934,0.1356696764743256,,out_of_road
2013,fresh,0,fresh,,,0,1,1,0,0,0,20.0,20.0,5.0,20.0,0,146,7.057519435882568,0.2958702115590799,,out_of_road
2014,replay,0,replay,,,0,1,1,0,0,0,20.0,20.0,5.0,20.0,0,160,5.313982009887695,0.10522439808119088,,out_of_road
2015,fresh,3,fresh,,,0,1,0,4,0,0,5.0,5.0,5.0,20.0,1,44,0.32816416025161743,0.0018421400084414265,,crash_vehicle
2016,crossover,3,crossover,,distractor_cars|intersection_cars|maximum_distractor_speed|cluster_dist|brake_dist,3,1,0,4,1,0,15.0,5.0,5.0,55.0,0,1000,0.0008528161561116576,0.0001676459878217429,,max_step
2017,fresh,3,fresh,,,0,1,1,5,0,0,20.0,10.0,5.0,20.0,3,48,0.35189107060432434,0.014089724669853846,,crash_vehicle
2018,mutation,0,mutation,has_brake_checker,,1,1,1,0,1,0,5.0,40.0,5.0,55.0,0,98,3.2516422271728516,0.10598081586008169,,crash_vehicle
2019,fresh,0,fresh,,,0,1,0,0,1,0,20.0,10.0,10.0,20.0,0,59,1.7832579612731934,0.05555080657161898,,arrive_dest
2020,replay,0,replay,,,0,1,0,0,1,0,20.0,10.0,10.0,20.0,0,139,3.565586566925049,0.13395257911262967,,crash_vehicle
2021,fresh,3,fresh,,,0,0,0,5,0,1,10.0,10.0,15.0,20.0,3,79,0.9299604296684265,0.11240866143680826,,crash_vehicle
2022,replay,3,replay,,,0,0,0,5,0,1,10.0,10.0,15.0,20.0,3,1000,9.785231590270996,0.09192658778838814,,max_step
2023,fresh,2,fresh,,,0,1,0,3,1,1,5.0,5.0,10.0,55.0,0,1000,0.29214105010032654,0.010360613353550435,,max_step
2024,replay,2,replay,,,0,1,0,3,1,1,5.0,5.0,10.0,55.0,0,218,9.185775756835938,0.2684407817037486,,out_of_road
2025,fresh,0,fresh,,,0,0,0,1,0,1,15.0,10.0,15.0,35.0,0,298,8.434682846069336,0.20997276352780977,,crash_vehicle
2026,replay,0,replay,,,0,0,0,1,0,1,15.0,10.0,15.0,35.0,0,69,0.7276668548583984,0.010230103264684263,,crash_vehicle
2027,fresh,6,fresh,,,0,1,0,18,1,1,20.0,20.0,5.0,35.0,2,52,0.6029321551322937,0.018191131548239634,,crash_vehicle
2028,mutation,2,mutation,intersection_cars,,0,1,0,3,0,0,20.0,10.0,15.0,35.0,2,228,4.0742692947387695,0.14000480126164722,,out_of_road
2029,fresh,5,fresh,,,0,1,0,12,1,1,5.0,40.0,15.0,55.0,1,72,1.5516836643218994,0.02295594248506758,,crash_vehicle
2030,replay,5,replay,,,0,1,0,12,1,1,5.0,40.0,15.0,55.0,1,256,10.27540111541748,0.2637164494835815,,out_of_road
2031,fresh,3,fresh,,,0,1,1,4,1,0,20.0,40.0,15.0,55.0,2,82,2.356963872909546,0.02182521462077048,,crash_vehicle
2032,crossover,3,crossover,,has_brake_checker|intersection_cars|distance_to_nearest,3,0,0,4,1,0,15.0,10.0,10.0,35.0,2,317,10.933499336242676,0.21651723142125723,,out_of_road
2033,fresh,0,fresh,,,0,1,0,1,0,0,5.0,5.0,15.0,55.0,0,24,-0.028040766716003418,0.0,,crash_vehicle
2034,replay,0,replay,,,0,1,0,1,0,0,5.0,5.0,15.0,55.0,0,219,7.261940956115723,0.2329812344486855,,crash_vehicle
2035,fresh,2,fresh,,,0,1,0,3,1,0,10.0,5.0,5.0,20.0,3,63,0.6367135643959045,0.028760850606929688,,out_of_road
2036,replay,2,replay,,,0,1,0,3,1,0,10.0,5.0,5.0,20.0,3,341,7.4493584632873535,0.16163182469450832,,crash_vehicle
2037,fresh,5,fresh,,,0,1,0,12,0,0,10.0,5.0,5.0,20.0,2,257,4.872410774230957,0.16972179799105117,,crash_vehicle
2038,mutation,2,mutation,brake_dist,,1,1,0,3,0,0,15.0,10.0,10.0,10.0,2,1000,0.5100957155227661,0.004310808403417468,,max_step
2039,fresh,3,fresh,,,0,0,0,4,1,0,10.0,20.0,5.0,35.0,3,146,2.949129104614258,0.12408536301338918,,crash_vehicle
2040,mutation,6,mutation,select_road|select_lane|ego_on_intersection|intersection_has_cars,,3,1,1,18,0,0,20.0,10.0,10.0,35.0,3,78,1.3928093910217285,0.12399520366810836,,crash_vehicle
2041,fresh,0,fresh,,,0,1,1,0,0,0,5.0,10.0,15.0,55.0,0,179,7.178900241851807,0.1076006649670779,,out_of_road
2042,crossover,5,crossover,,select_lane|ego_on_intersection|intersection_has_cars|has_cluster|cluster_dist|brake_dist,4,1,1,12,1,0,20.0,40.0,10.0,55.0,2,139,4.322364330291748,0.035582008756522975,,out_of_road
2043,fresh,5,fresh,,,0,1,1,12,0,1,20.0,20.0,10.0,20.0,2,54,0.6976333260536194,0.0010302744253917976,,crash_vehicle
2044,mutation,4,mutation,brake_dist,,0,1,1,8,0,0,15.0,10.0,15.0,55.0,1,97,0.5518640875816345,0.026069562344514217,,out_of_road
2045,fresh,3,fresh,,,0,0,0,4,0,1,10.0,5.0,15.0,10.0,0,1000,2.6763694286346436,0.043929743469692764,,max_step
2046,replay,3,replay,,,0,0,0,4,0,1,10.0,5.0,15.0,10.0,0,1000,0.5595685839653015,0.021176447107456624,,max_step
2047,fresh,0,fresh,,,0,1,1,1,1,1,20.0,20.0,10.0,35.0,1,1000,3.3719348907470703,0.029297404703509528,,max_step
2048,mutation,5,mutation,cluster_dist,,0,1,1,12,1,0,20.0,5.0,10.0,35.0,2,1000,1.1680054664611816,0.02187032549083233,,max_step
2049,fresh,3,fresh,,,0,1,1,4,0,0,15.0,10.0,5.0,35.0,2,291,8.726851463317871,0.22756040815097564,,arrive_dest
2050,replay,3,replay,,,0,1,1,4,0,0,15.0,10.0,5.0,35.0,2,96,0.8641635179519653,0.08973745807694893,,crash_vehicle
2051,fresh,0,fresh,,,0,0,0,1,0,1,15.0,10.0,10.0,20.0,1,166,8.158868789672852,0.22974678490266023,,out_of_road
2052,replay,0,replay,,,0,0,0,1,0,1,15.0,10.0,10.0,20.0,1,190,3.1425459384918213,0.1369275286352556,,crash_vehicle
2053,fresh,3,fresh,,,0,1,1,5,1,0,5.0,10.0,15.0,20.0,2,620,2.711110830307007,0.011661589510678765,,crash_vehicle
2054,replay,3,replay,,,0,1,1,5,1,0,5.0,10.0,15.0,20.0,2,208,5.929821968078613,0.19986453145975247,,crash_vehicle
2055,fresh,1,fresh,,,0,0,0,2,0,1,5.0,5.0,10.0,20.0,0,150,0.391141414642334,0.026575216725468635,,out_of_road
2056,replay,1,replay,,,0,0,0,2,0,1,5.0,5.0,10.0,20.0,0,212,8.010181427001953,0.28645219632758284,,out_of_road
2057,fresh,3,fresh,,,0,1,0,5,1,1,10.0,20.0,15.0,55.0,1,79,1.301171064376831,0.018197028131424625,,crash_vehicle
2058,crossover,2,crossover,,select_lane|ego_on_intersection|intersection_has_cars,3,0,0,3,0,0,10.0,10.0,10.0,55.0,2,416,3.533320903778076,0.06052905052358536,,crash_vehicle
2059,fresh,2,fresh,,,0,1,0,3,1,1,20.0,10.0,15.0,35.0,1,86,1.0896872282028198,0.020404551654707555,,crash_vehicle
2060,mutation,4,mutation,has_brake_checker,,0,0,0,8,1,0,15.0,20.0,10.0,55.0,2,119,2.6981053352355957,0.054336732226040435,,crash_vehicle
2061,fresh,0,fresh,,,0,0,0,1,1,1,15.0,10.0,10.0,20.0,1,214,8.868332862854004,0.13851260891723854,,out_of_road
2062,replay,0,replay,,,0,0,0,1,1,1,15.0,10.0,10.0,20.0,1,219,8.9349946975708,0.12113810752807652,,out_of_road
2063,fresh,3,fresh,,,0,0,0,5,0,1,10.0,20.0,15.0,20.0,1,1000,1.939298391342163,0.00732976334542036,,max_step
2064,replay,3,replay,,,0,0,0,5,0,1,10.0,20.0,15.0,20.0,1,271,10.550297737121582,0.24211831999825814,,out_of_road
2065,fresh,2,fresh,,,0,0,0,3,0,1,5.0,40.0,10.0,10.0,0,72,1.332586646080017,0.028500039130449295,,crash_vehicle
2066,mutation,0,mutation,cluster_dist,,1,0,0,0,0,0,5.0,20.0,15.0,10.0,0,194,8.401969909667969,0.15681400246553354,,out_of_road
2067,fresh,6,fresh,,,0,1,1,18,1,1,20.0,40.0,10.0,55.0,1,403,1.2992440462112427,0.011595066086788923,,crash_vehicle
2068,replay,6,replay,,,0,1,1,18,1,1,20.0,40.0,10.0,55.0,1,1000,2.24818754196167,0.008129672333598136,,max_step
2069,fresh,2,fresh,,,0,1,1,3,1,0,5.0,10.0,15.0,20.0,0,1000,0.4499760568141937,0.00021934623271226882,,max_step
2070,mutation,6,mutation,has_cluster,,1,0,0,18,1,1,20.0,20.0,5.0,55.0,1,50,0.6979076862335205,0.017679455280303954,,crash_vehicle
2071,fresh,1,fresh,,,0,1,0,2,0,0,15.0,10.0,15.0,35.0,1,200,8.96859359741211,0.22582924066111446,,out_of_road
2072,mutation,6,mutation,cluster_dist,,0,0,0,18,1,0,5.0,10.0,5.0,55.0,3,1000,5.310245513916016,0.07592970899865031,,max_step
2073,fresh,5,fresh,,,0,1,1,12,0,1,20.0,10.0,15.0,10.0,1,1000,1.0999082326889038,0.021996064520440995,,max_step
2074,mutation,5,mutation,has_brake_checker,,0,0,0,12,0,0,20.0,20.0,15.0,35.0,2,166,2.83958101272583,0.10049869380232104,,crash_vehicle
2075,fresh,3,fresh,,,0,0,0,5,0,0,20.0,40.0,10.0,35.0,1,282,12.248072624206543,0.3434754087001825,,out_of_road
2076,mutation,2,mutation,brake_dist,,0,0,0,3,0,1,20.0,5.0,15.0,10.0,3,169,8.34664535522461,0.2157594359854578,,out_of_road
2077,fresh,3,fresh,,,0,0,0,5,0,1,20.0,5.0,10.0,35.0,2,22,-0.02226153016090393,0.0,,crash_vehicle
2078,mutation,1,mutation,brake_dist,,1,1,1,2,0,0,10.0,20.0,15.0,10.0,0,189,3.4516942501068115,0.08954381745643716,,out_of_road
2079,fresh,3,fresh,,,0,1,1,4,1,0,10.0,20.0,10.0,35.0,3,81,1.5194393396377563,0.045630362919635244,,crash_vehicle
2080,crossover,2,crossover,,select_lane|ego_on_intersection|intersection_has_cars|has_cluster|distance_to_nearest|brake_dist,4,1,0,3,1,0,20.0,10.0,5.0,35.0,3,91,1.9561036825180054,0.04690105265395327,,out_of_road
2081,fresh,0,fresh,,,0,0,0,1,1,0,15.0,20.0,5.0,35.0,1,52,0.734377384185791,0.014563107648147987,,out_of_road
2082,replay,0,replay,,,0,0,0,1,1,0,15.0,20.0,5.0,35.0,1,166,3.573911190032959,0.1795965569116265,,out_of_road
2083,fresh,5,fresh,,,0,1,1,12,1,1,10.0,10.0,15.0,55.0,0,101,0.9930020570755005,0.05411446961288405,,crash_vehicle
2084,crossover,6,crossover,,distractor_cars|intersection_cars|has_cluster|maximum_distractor_speed|brake_dist,1,0,0,18,1,0,15.0,20.0,10.0,55.0,0,16,-0.24890558421611786,0.0,,out_of_road
2085,fresh,0,fresh,,,0,1,1,1,1,1,10.0,10.0,5.0,20.0,1,212,8.279425621032715,0.11329466076831352,,out_of_road
2086,crossover,0,crossover,,distractor_cars|has_cluster|distance_to_nearest|cluster_dist,3,1,1,0,0,0,10.0,10.0,5.0,35.0,0,73,1.5741207599639893,0.01995933423303578,,out_of_road
2087,fresh,4,fresh,,,0,1,1,8,1,0,15.0,40.0,15.0,55.0,3,98,3.047849416732788,0.050803680676130614,,crash_vehicle
2088,replay,4,replay,,,0,1,1,8,1,0,15.0,40.0,15.0,55.0,3,1000,1.1585657596588135,0.00679814693890512,,max_step
2089,fresh,5,fresh,,,0,1,1,12,1,0,10.0,10.0,10.0,35.0,1,57,0.3093371093273163,0.018371791366422384,,out_of_road
2090,replay,5,replay,,,0,1,1,12,1,0,10.0,10.0,10.0,35.0,1,304,8.839089393615723,0.1761389173211922,,out_of_road
2091,fresh,1,fresh,,,0,0,0,2,0,1,10.0,10.0,5.0,20.0,2,152,4.588337421417236,0.14018029595823273,,out_of_road
2092,replay,1,replay,,,0,0,0,2,0,1,10.0,10.0,5.0,20.0,2,49,-0.011795595288276672,0.0016075384860136071,,crash_vehicle
2093,fresh,4,fresh,,,0,0,0,8,0,1,15.0,20.0,15.0,35.0,0,105,2.0963962078094482,0.05616736525580997,,crash_vehicle
2094,crossover,3,crossover,,has_brake_checker|has_cluster|distance_to_nearest|cluster_dist,3,1,0,4,1,0,15.0,20.0,5.0,35.0,1,139,2.3925838470458984,0.0815068206233944,,crash_vehicle
2095,fresh,3,fresh,,,0,1,0,5,1,1,5.0,20.0,5.0,35.0,2,575,0.7278763651847839,0.002861553728580475,,crash_vehicle
2096,crossover,4,crossover,,has_brake_checker|maximum_distractor_speed|distance_to_nearest|cluster_dist,1,0,0,8,0,0,15.0,20.0,10.0,55.0,2,189,5.146994590759277,0.04851990342189474,,out_of_road
2097,fresh,0,fresh,,,0,1,0,1,1,1,15.0,5.0,10.0,20.0,1,208,8.312021255493164,0.09284797220159537,,out_of_road
2098,crossover,6,crossover,,distractor_cars|has_brake_checker|has_cluster|cluster_dist|brake_dist,4,0,0,18,1,0,20.0,5.0,15.0,55.0,1,170,4.501469612121582,0.2895277082481805,,crash_vehicle
2099,fresh,2,fresh,,,0,0,0,3,0,1,10.0,20.0,10.0,10.0,3,79,1.889194130897522,0.030494430680063706,,out_of_road
2100,replay,2,replay,,,0,0,0,3,0,1,10.0,20.0,10.0,10.0,3,122,3.265467882156372,0.13535061112192812,,crash_vehicle
2101,fresh,2,fresh,,,0,0,0,3,0,0,15.0,10.0,15.0,10.0,1,61,0.2612614035606384,0.010622889078298553,,out_of_road
2102,crossover,2,crossover,,select_lane|ego_on_intersection|intersection_has_cars|distractor_cars|has_cluster,1,1,0,3,0,0,20.0,10.0,15.0,35.0,3,165,6.861517429351807,0.20304217356624024,,out_of_road
2103,fresh,3,fresh,,,0,0,0,4,0,0,15.0,5.0,15.0,10.0,2,31,0.010038793087005615,0.0,,crash_vehicle
2104,crossover,3,crossover,,select_lane|ego_on_intersection|intersection_has_cars|intersection_cars|has_cluster|distance_to_nearest|brake_dist,2,1,0,4,1,1,20.0,5.0,15.0,20.0,1,1000,0.2618192434310913,0.0018709633531980216,,max_step
2105,fresh,3,fresh,,,0,1,0,4,1,1,5.0,40.0,5.0,55.0,1,78,1.7188305854797363,0.05020415610991991,,crash_vehicle
2106,crossover,6,crossover,,distractor_cars|has_brake_checker|has_cluster|maximum_distractor_speed|cluster_dist|brake_dist,2,0,0,18,1,0,15.0,20.0,15.0,55.0,3,110,3.2403950691223145,0.15402157086540352,,crash_vehicle
2107,fresh,0,fresh,,,0,1,1,0,1,0,20.0,20.0,15.0,55.0,0,97,3.23822283744812,0.09039543592131015,,crash_vehicle
2108,mutation,5,mutation,distractor_cars,,1,0,0,12,1,1,20.0,5.0,5.0,55.0,2,1000,3.7497997283935547,0.05171064883377403,,max_step
2109,fresh,3,fresh,,,0,0,0,4,0,1,15.0,20.0,15.0,55.0,2,266,9.920674324035645,0.1558242244050747,,out_of_road
2110,crossover,4,crossover,,select_lane|ego_on_intersection|intersection_has_cars|intersection_cars|has_cluster|maximum_distractor_speed,3,1,1,8,1,0,15.0,40.0,10.0,55.0,1,86,2.464003324508667,0.031649310098484505,,crash_vehicle
2111,fresh,0,fresh,,,0,1,1,1,1,1,10.0,5.0,5.0,35.0,1,96,2.576033115386963,0.047855826754433416,,crash_vehicle
2112,crossover,4,crossover,,select_lane|ego_on_intersection|intersection_has_cars|intersection_cars|distance_to_nearest|cluster_dist|brake_dist,5,1,0,8,1,0,15.0,5.0,15.0,20.0,3,24,-0.02788558602333069,0.0,,crash_vehicle
2113,fresh,2,fresh,,,0,1,0,3,1,1,10.0,5.0,5.0,20.0,3,62,0.6803770661354065,0.03060546376171612,,out_of_road
2114,mutation,1,mutation,has_cluster,,0,1,1,2,0,0,20.0,20.0,10.0,35.0,2,87,2.1384506225585938,0.02863580331035044,,out_of_road
2115,fresh,2,fresh,,,0,1,1,3,0,0,20.0,5.0,15.0,10.0,1,1000,0.04556787759065628,0.0008426590433809906,,max_step
2116,mutation,2,mutation,has_cluster,,1,1,0,3,0,1,20.0,10.0,15.0,35.0,3,84,2.4082844257354736,0.030684345157905704,,out_of_road
2117,fresh,6,fresh,,,0,1,1,18,0,0,15.0,20.0,10.0,20.0,3,99,0.9743859767913818,0.032523018543166346,,out_of_road
2118,mutation,4,mutation,has_cluster,,0,0,0,8,1,1,5.0,40.0,10.0,55.0,3,66,1.2480121850967407,0.019633142334042175,,crash_vehicle
2119,fresh,3,fresh,,,0,0,0,4,0,0,20.0,5.0,15.0,20.0,2,226,5.971072196960449,0.2904402113363015,,out_of_road
2120,crossover,3,crossover,,select_lane|ego_on_intersection|intersection_has_cars|distractor_cars|maximum_distractor_speed|brake_dist,3,1,0,4,1,0,15.0,5.0,15.0,20.0,3,1000,0.21569350361824036,0.003639985059387982,,max_step
2121,fresh,1,fresh,,,0,0,0,2,0,0,15.0,40.0,10.0,55.0,0,235,10.163275718688965,0.23409749252047946,,out_of_road
2122,mutation,6,mutation,distractor_cars,,1,0,0,18,1,0,10.0,5.0,10.0,20.0,0,1000,3.3718230724334717,0.03206572166737169,,max_step
2123,fresh,3,fresh,,,0,1,0,5,0,0,15.0,20.0,15.0,10.0,0,121,2.7271289825439453,0.0918884123560072,,crash_vehicle
2124,crossover,6,crossover,,select_lane|ego_on_intersection|intersection_has_cars|has_brake_checker|has_cluster,3,0,0,18,1,0,15.0,20.0,10.0,55.0,3,1000,5.058809280395508,0.03187692853668705,,max_step
2125,fresh,5,fresh,,,0,0,0,12,1,0,15.0,10.0,15.0,35.0,1,78,0.6340839862823486,0.046693968085142284,,out_of_road
2126,crossover,5,crossover,,has_brake_checker|maximum_distractor_speed,2,0,0,12,0,0,20.0,5.0,10.0,35.0,1,1000,0.015416068024933338,0.023780517684295774,,max_step
2127,fresh,3,fresh,,,0,0,0,5,1,1,5.0,5.0,10.0,55.0,0,31,-0.011355772614479065,0.014937445040672057,,crash_vehicle
2128,mutation,3,mutation,brake_dist,,1,1,1,5,0,0,20.0,10.0,5.0,10.0,3,257,6.573290824890137,0.1891232483154199,,out_of_road
2129,fresh,3,fresh,,,0,1,1,4,0,1,10.0,5.0,5.0,35.0,0,26,-0.01595655083656311,0.011221961333201481,,crash_vehicle
2130,crossover,6,crossover,,select_lane|ego_on_intersection|intersection_has_cars|intersection_cars|has_cluster|cluster_dist,4,0,0,18,0,0,15.0,20.0,10.0,20.0,1,88,1.144088625907898,0.022402745798568834,,crash_vehicle
2131,fresh,3,fresh,,,0,1,0,5,1,0,10.0,5.0,15.0,35.0,3,1000,0.28135430812835693,0.005187539953738451,,max_step
2132,replay,3,replay,,,0,1,0,5,1,0,10.0,5.0,15.0,35.0,3,2,0.4972028136253357,0.1237315833568573,,arrive_dest
2133,fresh,5,fresh,,,0,0,0,12,1,1,20.0,10.0,10.0,20.0,3,1000,1.0355052947998047,0.01273784957639873,,max_step
2134,crossover,5,crossover,,distractor_cars|has_cluster|maximum_distractor_speed|cluster_dist,2,1,1,12,1,0,5.0,10.0,15.0,55.0,0,46,0.26416653394699097,0.016305115316873012,,crash_vehicle
2135,fresh,6,fresh,,,0,0,0,18,0,1,10.0,40.0,5.0,20.0,3,70,1.336940050125122,0.023125072036470684,,crash_vehicle
2136,replay,6,replay,,,0,0,0,18,0,1,10.0,40.0,5.0,20.0,3,1000,0.21302905678749084,0.0004727166360244155,,max_step
2137,fresh,2,fresh,,,0,1,0,3,1,1,15.0,10.0,10.0,20.0,0,110,1.5359926223754883,0.09395567031407898,,crash_vehicle
2138,crossover,2,crossover,,has_brake_checker|intersection_cars|has_cluster|distance_to_nearest,1,1,0,3,0,0,20.0,20.0,15.0,35.0,2,222,8.526188850402832,0.17412516406762438,,out_of_road
2139,fresh,4,fresh,,,0,0,0,8,1,0,15.0,40.0,5.0,55.0,3,224,6.490870952606201,0.2274202465279294,,crash_vehicle
2140,replay,4,replay,,,0,0,0,8,1,0,15.0,40.0,5.0,55.0,3,101,2.1609115600585938,0.04329046311945018,,out_of_road
2141,fresh,6,fresh,,,0,1,1,18,0,0,10.0,10.0,10.0,35.0,2,52,0.24290870130062103,0.01079858925480109,,crash_vehicle
2142,mutation,3,mutation,has_cluster,,0,0,0,4,0,1,10.0,5.0,10.0,35.0,2,217,2.2933084964752197,0.1461059846550501,,crash_vehicle
2143,fresh,4,fresh,,,0,0,0,8,0,0,5.0,20.0,15.0,10.0,0,53,0.6731745004653931,0.011049613216013278,,crash_vehicle
2144,crossover,6,crossover,,maximum_distractor_speed|cluster_dist,0,0,0,18,1,0,5.0,10.0,5.0,55.0,3,49,0.2734091281890869,0.0054973254398423795,,crash_vehicle
2145,fresh,3,fresh,,,0,0,0,4,0,0,15.0,20.0,15.0,10.0,3,98,1.9903903007507324,0.05529854541682467,,out_of_road
2146,replay,3,replay,,,0,0,0,4,0,0,15.0,20.0,15.0,10.0,3,225,7.926153182983398,0.2770547757960028,,crash_vehicle
2147,fresh,0,fresh,,,0,1,1,0,0,0,5.0,20.0,10.0,10.0,0,208,8.900934219360352,0.13634559031253538,,out_of_road
2148,mutation,6,mutation,distractor_cars,,1,1,0,18,0,0,5.0,10.0,10.0,20.0,2,1000,0.5375091433525085,0.009610127047635615,,max_step
2149,fresh,0,fresh,,,0,0,0,0,1,0,20.0,5.0,15.0,20.0,0,62,0.6573847532272339,0.0061998926253328404,,out_of_road
2150,replay,0,replay,,,0,0,0,0,1,0,20.0,5.0,15.0,20.0,0,174,8.160651206970215,0.20298479672992367,,out_of_road
2151,fresh,2,fresh,,,0,0,0,3,0,1,15.0,20.0,15.0,10.0,1,60,0.7673676013946533,0.004644026358922322,,crash_vehicle
2152,crossover,4,crossover,,has_cluster|maximum_distractor_speed|cluster_dist,1,0,0,8,0,0,15.0,20.0,10.0,55.0,1,202,3.90832257270813,0.10719246860353811,,crash_vehicle
2153,fresh,1,fresh,,,0,1,1,2,0,0,5.0,40.0,15.0,55.0,1,71,1.6624212265014648,0.02911173242708327,,crash_vehicle
2154,crossover,4,crossover,,has_brake_checker,0,1,0,8,1,0,15.0,20.0,15.0,55.0,3,269,9.26907730102539,0.3004196014559956,,out_of_road
2155,fresh,6,fresh,,,0,0,0,18,1,1,15.0,10.0,15.0,35.0,1,47,0.5428181290626526,0.0049003836639384,,crash_vehicle
2156,crossover,3,crossover,,select_lane|ego_on_intersection|intersection_has_cars|distractor_cars|has_cluster|cluster_dist,6,1,1,5,1,0,20.0,40.0,5.0,55.0,0,87,2.2496273517608643,0.049905672412494134,,crash_vehicle
2157,fresh,0,fresh,,,0,1,0,1,1,1,20.0,5.0,5.0,35.0,1,84,2.1591434478759766,0.038333117008386625,,crash_vehicle
2158,mutation,6,mutation,has_brake_checker,,1,0,0,18,0,0,5.0,10.0,5.0,55.0,3,68,0.9825648069381714,0.048655875657192045,,crash_vehicle
2159,fresh,3,fresh,,,0,0,0,5,1,1,20.0,10.0,15.0,35.0,1,1000,1.0404576063156128,0.011330515898764134,,max_step
2160,crossover,0,crossover,,select_lane|ego_on_intersection|intersection_has_cars|distractor_cars|has_brake_checker|maximum_distractor_speed|cluster_dist,4,0,0,0,0,0,10.0,10.0,15.0,20.0,0,155,4.893505096435547,0.06476215394514222,,out_of_road
2161,fresh,4,fresh,,,0,0,0,8,0,0,5.0,5.0,15.0,55.0,2,1000,0.17113175988197327,0.0001918636541813612,,max_step
2162,replay,4,replay,,,0,0,0,8,0,0,5.0,5.0,15.0,55.0,2,24,-0.014714047312736511,0.0,,crash_vehicle
2163,fresh,0,fresh,,,0,0,0,0,0,0,15.0,40.0,10.0,55.0,0,171,5.5155816078186035,0.23683785967398108,,out_of_road
2164,crossover,5,crossover,,distractor_cars|has_brake_checker|intersection_cars|distance_to_nearest|brake_dist,4,1,0,12,1,0,10.0,20.0,5.0,55.0,0,67,1.0877037048339844,0.015435313110920921,,crash_vehicle
2165,fresh,3,fresh,,,0,1,0,5,1,1,10.0,40.0,15.0,55.0,1,78,1.5885027647018433,0.018069459794041436,,out_of_road
2166,mutation,5,mutation,has_brake_checker,,0,1,1,12,1,0,20.0,20.0,10.0,55.0,1,139,3.5269274711608887,0.12704211122376455,,crash_vehicle
2167,fresh,3,fresh,,,0,0,0,4,0,1,10.0,5.0,15.0,35.0,0,28,-0.030812934041023254,0.0001489924533026559,,crash_vehicle
2168,crossover,3,crossover,,distractor_cars|has_brake_checker|intersection_cars|has_cluster|distance_to_nearest,4,1,1,4,0,1,5.0,20.0,10.0,55.0,0,160,1.1733640432357788,0.02105552971479483,,crash_vehicle
2169,fresh,0,fresh,,,0,1,1,1,0,0,15.0,40.0,15.0,55.0,1,165,6.454966068267822,0.14656649536424965,,out_of_road
2170,crossover,0,crossover,,has_brake_checker|maximum_distractor_speed,1,1,1,0,0,0,20.0,5.0,5.0,10.0,0,165,6.970437526702881,0.14857929135588083,,out_of_road
2171,fresh,3,fresh,,,0,0,0,4,1,1,15.0,40.0,10.0,55.0,0,55,0.8704382181167603,0.012460278381000866,,out_of_road
2172,mutation,5,mutation,has_brake_checker,,1,1,0,12,0,0,10.0,10.0,15.0,20.0,0,125,2.409015655517578,0.16446191299706697,,crash_vehicle
2173,fresh,3,fresh,,,0,0,0,4,1,0,20.0,5.0,15.0,35.0,2,108,2.1136646270751953,0.23629983083379488,,crash_vehicle
2174,mutation,5,mutation,has_cluster,,1,0,0,12,1,1,20.0,20.0,10.0,35.0,3,68,1.1553809642791748,0.01316862421877244,,crash_vehicle
2175,fresh,3,fresh,,,0,0,0,4,1,1,5.0,5.0,5.0,20.0,2,1000,0.20521020889282227,0.005236449284479022,,max_step
2176,replay,3,replay,,,0,0,0,4,1,1,5.0,5.0,5.0,20.0,2,134,3.565023183822632,0.1264481549359747,,crash_vehicle
2177,fresh,1,fresh,,,0,0,0,2,1,0,15.0,5.0,10.0,55.0,1,169,2.736283302307129,0.22074770603395072,,out_of_road
2178,replay,1,replay,,,0,0,0,2,1,0,15.0,5.0,10.0,55.0,1,53,0.3048499822616577,0.02753487246919353,,crash_vehicle
2179,fresh,6,fresh,,,0,1,1,18,0,0,10.0,40.0,5.0,10.0,3,368,8.244176864624023,0.18534270063189426,,out_of_road
2180,replay,6,replay,,,0,1,1,18,0,0,10.0,40.0,5.0,10.0,3,63,0.6709524393081665,0.026291911068948962,,out_of_road
2181,fresh,6,fresh,,,0,1,0,18,0,0,20.0,5.0,10.0,20.0,1,1000,0.2810803949832916,0.025823116427985952,,max_step
2182,crossover,0,crossover,,maximum_distractor_speed|distance_to_nearest|brake_dist,3,0,0,1,0,0,20.0,5.0,10.0,10.0,1,196,8.385579109191895,0.17799192050243823,,out_of_road
2183,fresh,5,fresh,,,0,0,0,12,1,0,15.0,10.0,15.0,20.0,3,1000,0.407525897026062,0.021609400262357668,,max_step
2184,mutation,0,mutation,distractor_cars,,1,1,0,1,1,0,20.0,40.0,15.0,55.0,0,88,2.337089776992798,0.04706813060593876,,crash_vehicle
2185,fresh,3,fresh,,,0,1,0,5,0,1,10.0,5.0,5.0,10.0,1,1000,0.2675526440143585,0.0031732440143823625,,max_step
2186,replay,3,replay,,,0,1,0,5,0,1,10.0,5.0,5.0,10.0,1,63,0.572746992111206,0.042302013744437504,,out_of_road
2187,fresh,0,fresh,,,0,0,0,0,0,0,10.0,10.0,15.0,20.0,0,226,12.039989471435547,0.46055226568627144,,out_of_road
2188,mutation,0,mutation,maximum_distractor_speed,,1,1,0,0,1,0,10.0,5.0,5.0,10.0,0,99,1.6392792463302612,0.0808445501959685,,crash_vehicle
2189,fresh,2,fresh,,,0,1,0,3,1,0,20.0,5.0,10.0,20.0,0,44,0.3814395070075989,0.0013982013121924617,,crash_vehicle
2190,crossover,4,crossover,,distractor_cars|intersection_cars|has_cluster|cluster_dist|brake_dist,3,0,0,8,0,1,15.0,20.0,5.0,55.0,3,210,6.382046699523926,0.12132344721328644,,out_of_road
2191,fresh,6,fresh,,,0,0,0,18,0,0,20.0,20.0,10.0,55.0,3,257,5.758274078369141,0.20242401985777722,,crash_vehicle
2192,crossover,0,crossover,,select_lane|ego_on_intersection|intersection_has_cars|intersection_cars|maximum_distractor_speed|distance_to_nearest,7,0,0,1,1,0,10.0,40.0,5.0,55.0,0,173,5.92664909362793,0.06302595654276409,,out_of_road
2193,fresh,0,fresh,,,0,0,0,0,0,0,5.0,10.0,10.0,20.0,0,173,7.6836395263671875,0.16153008810572886,,out_of_road
2194,mutation,0,mutation,has_cluster,,0,0,0,0,0,0,20.0,5.0,5.0,35.0,0,221,8.061553001403809,0.1781093714636544,,out_of_road
2195,fresh,4,fresh,,,0,0,0,8,1,0,15.0,10.0,15.0,20.0,2,222,4.715972900390625,0.26596629175594544,,crash_vehicle
2196,replay,4,replay,,,0,0,0,8,1,0,15.0,10.0,15.0,20.0,2,139,4.866030216217041,0.19912325825689614,,crash_vehicle
2197,fresh,4,fresh,,,0,0,0,8,0,1,15.0,5.0,10.0,20.0,0,34,-0.15542460978031158,0.004248296513276941,,crash_vehicle
2198,replay,4,replay,,,0,0,0,8,0,1,15.0,5.0,10.0,20.0,0,97,2.1118204593658447,0.06446841161352457,,crash_vehicle
2199,fresh,1,fresh,,,0,1,0,2,0,0,10.0,5.0,10.0,35.0,2,136,5.650460720062256,0.17830342959667392,,out_of_road
2200,replay,1,replay,,,0,1,0,2,0,0,10.0,5.0,10.0,35.0,2,250,8.101302146911621,0.2534036226645112,,out_of_road
2201,fresh,0,fresh,,,0,0,0,0,0,0,10.0,5.0,5.0,20.0,0,221,10.887170791625977,0.2912425215596257,rejection_fallback,out_of_road
2202,replay,0,replay,,,0,0,0,0,0,0,10.0,5.0,5.0,20.0,0,197,7.199198246002197,0.26979581117251805,,out_of_road
2203,fresh,0,fresh,,,0,0,0,1,0,0,10.0,5.0,5.0,10.0,0,26,0.023637667298316956,0.0,,crash_vehicle
2204,mutation,6,mutation,has_brake_checker,,0,0,0,18,0,0,10.0,10.0,10.0,35.0,3,320,0.20137688517570496,0.00836575246648863,,crash_vehicle
2205,fresh,1,fresh,,,0,0,0,2,0,0,15.0,5.0,10.0,55.0,1,237,7.139504432678223,0.1920507319491624,,out_of_road
2206,mutation,4,mutation,has_brake_checker,,0,1,0,8,0,0,15.0,20.0,10.0,35.0,3,105,2.104994058609009,0.0877558847623212,,out_of_road
2207,fresh,0,fresh,,,0,1,0,0,0,0,10.0,20.0,5.0,10.0,0,170,7.962305545806885,0.164643518747214,,out_of_road
2208,replay,0,replay,,,0,1,0,0,0,0,10.0,20.0,5.0,10.0,0,209,8.63624382019043,0.14059762058904368,,out_of_road
2209,fresh,0,fresh,,,0,1,0,0,1,0,15.0,10.0,15.0,10.0,0,222,3.799755334854126,0.13315030829645358,,out_of_road
2210,crossover,6,crossover,,select_lane|ego_on_intersection|intersection_has_cars|has_brake_checker|intersection_cars|cluster_dist,5,0,0,18,1,0,15.0,10.0,10.0,20.0,3,1000,0.39356106519699097,0.0061577921397984025,,max_step
2211,fresh,3,fresh,,,0,0,0,5,0,1,5.0,10.0,5.0,55.0,3,51,0.37859907746315,0.0038976824166728,,crash_vehicle
2212,replay,3,replay,,,0,0,0,5,0,1,5.0,10.0,5.0,55.0,3,163,1.442215919494629,0.10328030131437296,,crash_vehicle
2213,fresh,0,fresh,,,0,0,0,1,0,1,20.0,40.0,10.0,10.0,1,88,2.679439067840576,0.0831093163525855,,out_of_road
2214,crossover,3,crossover,,select_lane|ego_on_intersection|intersection_has_cars|intersection_cars|has_cluster|maximum_distractor_speed|cluster_dist|brake_dist,6,1,1,5,0,0,15.0,10.0,5.0,20.0,3,1000,0.42897698283195496,0.001843177932780236,,max_step
2215,fresh,6,fresh,,,0,0,0,18,0,0,5.0,20.0,15.0,35.0,1,307,9.103530883789062,0.12960020045473783,,out_of_road
2216,mutation,3,mutation,has_cluster,,1,1,0,4,1,1,20.0,5.0,5.0,20.0,0,1000,0.03986281529068947,0.000156344061717391,,max_step
2217,fresh,3,fresh,,,0,0,0,4,0,0,5.0,40.0,15.0,55.0,3,110,2.831089973449707,0.020060918323526328,,out_of_road
2218,crossover,0,crossover,,has_brake_checker|intersection_cars|cluster_dist|brake_dist,2,0,0,1,0,1,20.0,5.0,15.0,20.0,0,1000,0.15732645988464355,9.923350065946579e-06,,max_step
2219,fresh,4,fresh,,,0,1,0,8,1,1,20.0,20.0,5.0,35.0,2,1000,0.8605599999427795,0.0010807704981416464,,max_step
2220,crossover,3,crossover,,has_brake_checker|intersection_cars|has_cluster|maximum_distractor_speed|cluster_dist,1,1,0,5,0,0,20.0,10.0,15.0,20.0,2,159,1.7763888835906982,0.12243609378149486,,crash_vehicle
2221,fresh,3,fresh,,,0,0,0,5,1,1,5.0,5.0,5.0,20.0,0,1000,0.2426544576883316,0.0031827632037457077,,max_step
2222,crossover,3,crossover,,select_lane|ego_on_intersection|intersection_has_cars|distractor_cars|maximum_distractor_speed|distance_to_nearest|cluster_dist,5,1,0,4,1,0,20.0,40.0,10.0,55.0,0,118,2.2575910091400146,0.07277583247208494,,out_of_road
2223,fresh,1,fresh,,,0,0,0,2,0,1,15.0,40.0,5.0,20.0,0,1000,1.6387872695922852,0.006459240887779743,,max_step
2224,replay,1,replay,,,0,0,0,2,0,1,15.0,40.0,5.0,20.0,0,92,1.8988513946533203,0.03488377811711119,,out_of_road
2225,fresh,0,fresh,,,0,0,0,0,1,0,5.0,40.0,15.0,55.0,0,206,7.682165622711182,0.12303592721271572,,out_of_road
2226,crossover,5,crossover,,select_lane|ego_on_intersection|intersection_has_cars|distractor_cars|has_cluster|distance_to_nearest|cluster_dist,3,0,0,12,1,0,15.0,20.0,5.0,35.0,2,100,1.9738473892211914,0.05595066980458796,,crash_vehicle
2227,fresh,0,fresh,,,0,1,1,0,0,0,10.0,10.0,10.0,35.0,0,121,3.1011691093444824,0.09701001865804688,,out_of_road
2228,crossover,6,crossover,,select_lane|ego_on_intersection|intersection_has_cars|distractor_cars|intersection_cars|distance_to_nearest|cluster_dist|brake_dist,5,1,0,18,1,1,15.0,40.0,15.0,55.0,0,56,0.8323020935058594,0.017355637924213494,,out_of_road
2229,fresh,2,fresh,,,0,1,1,3,0,0,10.0,10.0,10.0,35.0,2,146,3.830441474914551,0.2273841713721009,,crash_vehicle
2230,replay,2,replay,,,0,1,1,3,0,0,10.0,10.0,10.0,35.0,2,45,0.4115990400314331,0.008803954792933331,,crash_vehicle
2231,fresh,5,fresh,,,0,0,0,12,1,0,10.0,10.0,5.0,55.0,0,57,0.8026701807975769,0.018988036370852536,,crash_vehicle
2232,crossover,3,crossover,,select_lane|ego_on_intersection|intersection_has_cars|distractor_cars|has_brake_checker|intersection_cars|maximum_distractor_speed|brake_dist,6,0,0,5,0,0,15.0,20.0,5.0,10.0,3,198,6.665107727050781,0.2660770867621959,,crash_vehicle
2233,fresh,3,fresh,,,0,1,1,5,1,1,15.0,20.0,5.0,35.0,0,265,9.077276229858398,0.20821223274435638,,out_of_road
2234,replay,3,replay,,,0,1,1,5,1,1,15.0,20.0,5.0,35.0,0,249,8.047663688659668,0.15880886938265829,,out_of_road
2235,fresh,3,fresh,,,0,1,1,4,0,0,10.0,5.0,10.0,20.0,3,23,-0.032092273235321045,0.0,,crash_vehicle
2236,replay,3,replay,,,0,1,1,4,0,0,10.0,5.0,10.0,20.0,3,276,6.696680068969727,0.20067665300102552,,out_of_road
2237,fresh,6,fresh,,,0,0,0,18,1,1,5.0,5.0,10.0,20.0,3,238,1.2116742134094238,0.0689306362461643,,crash_vehicle
2238,mutation,6,mutation,brake_dist,,1,1,1,18,1,0,20.0,5.0,5.0,20.0,0,422,8.478290557861328,0.141712420447884,,out_of_road
2239,fresh,0,fresh,,,0,1,1,1,1,0,20.0,20.0,15.0,35.0,1,134,3.4321341514587402,0.08821406157047891,,crash_vehicle
2240,crossover,3,crossover,,has_brake_checker|intersection_cars|maximum_distractor_speed,2,0,0,4,1,1,15.0,40.0,15.0,55.0,1,180,3.922922134399414,0.11518420527378719,,arrive_dest
2241,fresh,4,fresh,,,0,0,0,8,0,0,5.0,40.0,15.0,20.0,1,207,8.767200469970703,0.12994012082274553,,out_of_road
2242,crossover,1,crossover,,select_lane|ego_on_intersection|intersection_has_cars|cluster_dist|brake_dist,5,1,1,2,0,0,20.0,10.0,5.0,35.0,1,49,0.28278034925460815,0.01026115490465748,,crash_vehicle
2243,fresh,3,fresh,,,0,1,0,4,0,1,5.0,40.0,15.0,10.0,2,1000,1.6077044010162354,0.0036443818928673863,,max_step
2244,mutation,4,mutation,cluster_dist,,0,0,0,8,0,0,5.0,20.0,5.0,35.0,3,61,0.6295190453529358,0.023344427102901896,,crash_vehicle
2245,fresh,5,fresh,,,0,1,1,12,0,1,10.0,20.0,10.0,20.0,3,55,0.7583591341972351,0.010101994601162997,,crash_vehicle
2246,mutation,6,mutation,maximum_distractor_speed,,1,0,0,18,0,0,15.0,20.0,10.0,55.0,3,151,3.7869393825531006,0.16098420329342614,,out_of_road
2247,fresh,6,fresh,,,0,1,1,18,0,1,20.0,5.0,10.0,35.0,3,24,-0.017902597784996033,0.006731455524762471,,crash_vehicle
2248,replay,6,replay,,,0,1,1,18,0,1,20.0,5.0,10.0,35.0,3,175,5.709140300750732,0.1524690808568682,,out_of_road
2249,fresh,1,fresh,,,0,0,0,2,0,1,5.0,20.0,15.0,10.0,2,22,-0.23193706572055817,0.006184885447675531,,out_of_road
2250,replay,1,replay,,,0,0,0,2,0,1,5.0,20.0,15.0,10.0,2,129,3.166085958480835,0.09968138568449852,,crash_vehicle
2251,fresh,0,fresh,,,0,0,0,1,1,0,15.0,10.0,15.0,20.0,1,142,4.343386173248291,0.07025190948469329,,out_of_road
2252,replay,0,replay,,,0,0,0,1,1,0,15.0,10.0,15.0,20.0,1,183,8.80434513092041,0.2616235967623731,,out_of_road
2253,fresh,6,fresh,,,0,0,0,18,1,0,20.0,20.0,10.0,35.0,1,77,1.275884747505188,0.026395396728600775,,crash_vehicle
2254,crossover,4,crossover,,select_lane|ego_on_intersection|intersection_has_cars|has_brake_checker|maximum_distractor_speed|cluster_dist|brake_dist,5,0,0,8,1,0,15.0,10.0,10.0,35.0,3,115,2.4685604572296143,0.16507653062758237,,crash_vehicle
2255,fresh,1,fresh,,,0,1,1,2,1,0,5.0,5.0,5.0,20.0,2,243,5.989823818206787,0.15566232637598068,,crash_vehicle
2256,replay,1,replay,,,0,1,1,2,1,0,5.0,5.0,5.0,20.0,2,1000,11.779428482055664,0.11066262215562164,,max_step
2257,fresh,0,fresh,,,0,1,0,0,0,0,20.0,40.0,15.0,35.0,0,48,0.8090534210205078,0.04878751801637312,,out_of_road
2258,replay,0,replay,,,0,1,0,0,0,0,20.0,40.0,15.0,35.0,0,52,0.7982919812202454,0.04564162864922904,,out_of_road
2259,fresh,2,fresh,,,0,0,0,3,0,1,20.0,10.0,15.0,55.0,2,154,3.7984275817871094,0.26536961323233904,,crash_vehicle
2260,mutation,4,mutation,has_cluster,,0,0,0,8,0,0,15.0,40.0,5.0,35.0,1,51,0.7376614809036255,0.050297493462030794,,out_of_road
2261,fresh,0,fresh,,,0,0,0,1,0,1,5.0,5.0,5.0,35.0,1,59,0.7222266793251038,0.02453652661988291,,crash_vehicle
2262,replay,0,replay,,,0,0,0,1,0,1,5.0,5.0,5.0,35.0,1,256,8.720935821533203,0.18339029904382187,,out_of_road
2263,fresh,0,fresh,,,0,1,1,1,1,0,20.0,10.0,5.0,35.0,1,71,1.772110104560852,0.03087728788000597,,arrive_dest
2264,crossover,4,crossover,,select_lane|ego_on_intersection|intersection_has_cars|distractor_cars|has_brake_checker|has_cluster|distance_to_nearest,3,0,0,8,0,0,15.0,20.0,10.0,55.0,3,150,2.4417989253997803,0.08044464837759734,,out_of_road
2265,fresh,5,fresh,,,0,0,0,12,0,0,5.0,10.0,10.0,10.0,2,58,0.2808813452720642,0.012481107280172151,,crash_vehicle
2266,replay,5,replay,,,0,0,0,12,0,0,5.0,10.0,10.0,10.0,2,1000,0.3293570578098297,0.0183559981896542,,max_step
2267,fresh,6,fresh,,,0,0,0,18,0,0,10.0,40.0,5.0,55.0,3,468,4.878468036651611,0.08649784302474278,,crash_vehicle
2268,crossover,6,crossover,,distractor_cars|cluster_dist,1,1,1,18,0,0,15.0,40.0,15.0,55.0,2,224,7.456850051879883,0.18951262487306458,,out_of_road
2269,fresh,0,fresh,,,0,1,0,0,1,0,10.0,10.0,5.0,55.0,0,100,3.2225608825683594,0.056248845849186185,,crash_vehicle
2270,mutation,3,mutation,cluster_dist,,0,0,0,5,0,0,15.0,20.0,10.0,20.0,0,213,8.265164375305176,0.08909302644930045,,out_of_road
2271,fresh,4,fresh,,,0,1,1,8,1,0,5.0,20.0,5.0,35.0,1,151,3.150660276412964,0.08010240493107908,,crash_vehicle
2272,crossover,4,crossover,,has_brake_checker|intersection_cars|maximum_distractor_speed|distance_to_nearest|cluster_dist,0,0,0,8,1,0,15.0,20.0,10.0,55.0,1,1000,2.885936975479126,0.02249104955303483,,max_step
2273,fresh,0,fresh,,,0,1,0,1,0,0,20.0,20.0,15.0,20.0,0,1000,1.2717665433883667,0.0045996153652668,,max_step
2274,mutation,5,mutation,cluster_dist,,1,0,0,12,0,0,10.0,5.0,5.0,35.0,2,391,8.68186092376709,0.05570154687356385,,out_of_road
2275,fresh,4,fresh,,,0,0,0,8,1,1,20.0,40.0,10.0,55.0,1,104,2.2383904457092285,0.02964624619254699,,crash_vehicle
2276,crossover,5,crossover,,select_lane|ego_on_intersection|intersection_has_cars|intersection_cars|cluster_dist,4,1,0,12,0,1,20.0,5.0,15.0,10.0,2,125,1.7657175064086914,0.19402605188637972,,crash_vehicle
2277,fresh,1,fresh,,,0,1,1,2,0,1,20.0,40.0,15.0,20.0,0,1000,1.2241907119750977,0.003164018174633384,,max_step
2278,crossover,2,crossover,,has_brake_checker|cluster_dist|brake_dist,3,0,0,3,1,0,5.0,10.0,10.0,55.0,3,49,0.8264588117599487,0.009584918542175877,,out_of_road
2279,fresh,0,fresh,,,0,1,0,0,1,0,20.0,5.0,15.0,20.0,0,206,4.327270030975342,0.12198420210732418,,crash_vehicle
2280,mutation,4,mutation,distractor_cars,,1,1,1,8,1,0,20.0,5.0,5.0,35.0,0,70,0.4385825991630554,0.07817531104332634,,crash_vehicle
2281,fresh,5,fresh,,,0,1,1,12,0,0,20.0,5.0,10.0,10.0,1,92,0.12388117611408234,0.14417951446755425,,crash_vehicle
2282,crossover,5,crossover,,has_brake_checker|has_cluster|maximum_distractor_speed|brake_dist,0,1,1,12,1,0,20.0,20.0,10.0,55.0,1,59,0.8156864047050476,0.02164624707173493,,crash_vehicle
2283,fresh,3,fresh,,,0,1,0,4,1,0,15.0,20.0,15.0,35.0,1,163,2.432513475418091,0.062402478847766944,,out_of_road
2284,replay,3,replay,,,0,1,0,4,1,0,15.0,20.0,15.0,35.0,1,329,5.457064151763916,0.14096267858242734,,crash_vehicle
2285,fresh,2,fresh,,,0,1,0,3,0,1,10.0,10.0,5.0,20.0,2,192,3.6965017318725586,0.21501098116277717,,out_of_road
2286,replay,2,replay,,,0,1,0,3,0,1,10.0,10.0,5.0,20.0,2,169,0.13728564977645874,0.061478568847186464,,out_of_road
2287,fresh,3,fresh,,,0,1,0,4,0,0,20.0,40.0,15.0,35.0,1,205,7.8453264236450195,0.260113812119859,,out_of_road
2288,replay,3,replay,,,0,1,0,4,0,0,20.0,40.0,15.0,35.0,1,197,8.743803024291992,0.10961360063257292,,out_of_road
2289,fresh,6,fresh,,,0,1,1,18,1,0,5.0,10.0,10.0,20.0,1,241,2.904542922973633,0.11430446866559661,,crash_vehicle
2290,crossover,2,crossover,,distractor_cars|intersection_cars|maximum_distractor_speed|distance_to_nearest,3,1,0,3,0,0,15.0,10.0,5.0,55.0,2,1000,0.45151886343955994,0.002349548313766718,,max_step
2291,fresh,2,fresh,,,0,1,1,3,1,0,20.0,5.0,10.0,20.0,3,89,1.7441942691802979,0.0190057795745938,,crash_vehicle
2292,mutation,4,mutation,select_road|select_lane|ego_on_intersection|intersection_has_cars,,3,1,1,8,1,0,15.0,20.0,10.0,35.0,1,59,0.4353230893611908,0.01988144244177867,,out_of_road
2293,fresh,3,fresh,,,0,1,1,5,0,1,20.0,20.0,15.0,20.0,0,212,8.917377471923828,0.11741119930916026,,out_of_road
2294,mutation,4,mutation,has_brake_checker,,2,0,0,8,1,0,10.0,40.0,15.0,55.0,3,80,1.3762896060943604,0.019362537935376168,,crash_vehicle
2295,fresh,6,fresh,,,0,1,0,18,0,1,20.0,40.0,5.0,35.0,3,77,1.2487034797668457,0.0218592734112368,,crash_vehicle
2296,crossover,2,crossover,,select_lane|ego_on_intersection|intersection_has_cars|has_brake_checker|intersection_cars|has_cluster|maximum_distractor_speed,5,1,1,3,0,1,20.0,10.0,15.0,20.0,2,131,2.5472683906555176,0.1336726273573537,,out_of_road
2297,fresh,5,fresh,,,0,0,0,12,0,1,15.0,10.0,10.0,10.0,0,42,0.22365033626556396,0.0031683393532321567,,crash_vehicle
2298,mutation,5,mutation,has_brake_checker,,0,0,0,12,1,0,10.0,40.0,5.0,55.0,3,88,2.2883548736572266,0.06448580155318434,,crash_vehicle
2299,fresh,3,fresh,,,0,0,0,5,1,0,10.0,5.0,10.0,20.0,0,1000,0.00035250946530140936,0.0009563896059989929,,max_step
2300,replay,3,replay,,,0,0,0,5,1,0,10.0,5.0,10.0,20.0,0,168,4.466872692108154,0.12341333973953235,,out_of_road
2301,fresh,3,fresh,,,0,0,0,5,0,0,15.0,10.0,10.0,35.0,0,1000,6.037378311157227,0.06287792296148836,,max_step
2302,mutation,2,mutation,has_brake_checker,,0,0,0,3,0,0,20.0,10.0,10.0,35.0,0,285,10.117453575134277,0.27131021829942864,,out_of_road
2303,fresh,4,fresh,,,0,1,0,8,1,0,10.0,5.0,15.0,35.0,0,33,0.1161755919456482,0.005117892428781047,,crash_vehicle
2304,mutation,3,mutation,intersection_cars,,1,0,0,5,1,0,20.0,10.0,5.0,20.0,3,188,3.1403658390045166,0.1632952742238945,,crash_vehicle
2305,fresh,1,fresh,,,0,1,0,2,1,0,15.0,5.0,5.0,55.0,2,158,5.139047622680664,0.0653840691570334,,out_of_road
2306,crossover,2,crossover,,cluster_dist,1,0,0,3,0,0,20.0,20.0,5.0,55.0,2,176,5.716385841369629,0.268213358707726,,out_of_road
2307,fresh,6,fresh,,,0,0,0,18,1,0,5.0,40.0,5.0,55.0,3,78,1.4724547863006592,0.017199603697428338,,crash_vehicle
2308,crossover,2,crossover,,select_lane|ego_on_intersection|intersection_has_cars|has_brake_checker|has_cluster|maximum_distractor_speed|distance_to_nearest|brake_dist,7,0,0,3,1,1,20.0,40.0,10.0,55.0,2,109,3.316884756088257,0.07132976276612063,,crash_vehicle
2309,fresh,5,fresh,,,0,0,0,12,0,1,15.0,40.0,5.0,55.0,2,1000,1.5171873569488525,0.005670197130995803,,max_step
2310,mutation,1,mutation,distance_to_nearest,,0,1,0,2,0,0,10.0,20.0,15.0,20.0,0,63,0.6182833313941956,0.02645717877598982,,out_of_road
2311,fresh,3,fresh,,,0,1,0,4,0,0,10.0,10.0,15.0,55.0,3,215,7.095569610595703,0.20851490244615908,,out_of_road
2312,replay,3,replay,,,0,1,0,4,0,0,10.0,10.0,15.0,55.0,3,196,7.878761291503906,0.2769376582237987,,out_of_road
2313,fresh,4,fresh,,,0,1,1,8,0,1,5.0,5.0,15.0,10.0,3,26,-0.018049687147140503,0.004369201568456797,,crash_vehicle
2314,mutation,2,mutation,has_brake_checker,,1,0,0,3,1,0,20.0,20.0,10.0,35.0,2,196,7.408066272735596,0.1355716815973841,,out_of_road
2315,fresh,0,fresh,,,0,0,0,1,0,1,5.0,10.0,15.0,10.0,1,215,8.059637069702148,0.22800955621222424,,out_of_road
2316,replay,0,replay,,,0,0,0,1,0,1,5.0,10.0,15.0,10.0,1,499,12.448047637939453,0.20426468816371204,,out_of_road
2317,fresh,6,fresh,,,0,0,0,18,1,1,20.0,5.0,5.0,20.0,2,1000,0.015228625386953354,0.00488409278402105,,max_step
2318,replay,6,replay,,,0,0,0,18,1,1,20.0,5.0,5.0,20.0,2,180,4.841981887817383,0.11158626729415523,,out_of_road
2319,fresh,0,fresh,,,0,1,1,0,1,0,15.0,40.0,5.0,10.0,0,76,0.4667254686355591,0.016248595582223253,,out_of_road
2320,crossover,5,crossover,,select_lane|ego_on_intersection|intersection_has_cars|distractor_cars|distance_to_nearest|brake_dist,1,0,0,12,1,0,20.0,40.0,15.0,55.0,1,229,6.190450668334961,0.08863937292719773,,out_of_road
2321,fresh,0,fresh,,,0,1,1,1,0,1,15.0,20.0,10.0,55.0,1,174,9.05456829071045,0.31846249467511284,,out_of_road
2322,crossover,0,crossover,,select_lane|ego_on_intersection|intersection_has_cars|has_brake_checker|intersection_cars|has_cluster|brake_dist,2,1,1,0,0,0,10.0,5.0,5.0,20.0,0,230,12.232410430908203,0.3418304438216855,,out_of_road
2323,fresh,0,fresh,,,0,1,0,0,0,0,10.0,5.0,5.0,35.0,0,77,1.8790273666381836,0.02812115823874226,,out_of_road
2324,replay,0,replay,,,0,1,0,0,0,0,10.0,5.0,5.0,35.0,0,218,9.192801475524902,0.19371998349392633,,out_of_road
2325,fresh,0,fresh,,,0,0,0,0,0,0,15.0,5.0,15.0,55.0,0,129,4.0742669105529785,0.1442470473684948,,arrive_dest
2326,mutation,4,mutation,has_brake_checker,,0,0,0,8,0,0,15.0,40.0,15.0,10.0,0,145,5.163865566253662,0.06487762569610415,,out_of_road
2327,fresh,0,fresh,,,0,0,0,1,0,1,10.0,5.0,15.0,10.0,1,4,0.4969785213470459,0.11759431660175323,,arrive_dest
2328,mutation,6,mutation,distractor_cars,,0,0,0,18,0,0,15.0,20.0,10.0,55.0,3,103,2.464712619781494,0.046822792063783675,,crash_vehicle
2329,fresh,6,fresh,,,0,1,1,18,0,1,15.0,20.0,5.0,35.0,2,114,1.074256181716919,0.009198493340559173,,crash_vehicle
2330,crossover,0,crossover,,intersection_cars|maximum_distractor_speed|brake_dist,2,1,1,1,0,1,5.0,10.0,5.0,20.0,0,47,0.29308146238327026,0.0069378424198069475,,crash_vehicle
2331,fresh,3,fresh,,,0,1,1,4,1,0,15.0,10.0,15.0,55.0,0,149,3.6851446628570557,0.16232639919941458,,crash_vehicle
2332,replay,3,replay,,,0,1,1,4,1,0,15.0,10.0,15.0,55.0,0,126,3.0534870624542236,0.10705863235015718,,crash_vehicle
2333,fresh,2,fresh,,,0,0,0,3,1,1,10.0,5.0,15.0,20.0,2,1000,0.22621454298496246,0.0035312195856386096,,max_step
2334,replay,2,replay,,,0,0,0,3,1,1,10.0,5.0,15.0,20.0,2,62,0.591641902923584,0.04586126045474122,,out_of_road
2335,fresh,1,fresh,,,0,0,0,2,1,0,20.0,20.0,15.0,35.0,1,111,2.254969835281372,0.01103086430612985,,out_of_road
2336,replay,1,replay,,,0,0,0,2,1,0,20.0,20.0,15.0,35.0,1,336,5.6231794357299805,0.10397098394432328,,crash_vehicle
2337,fresh,0,fresh,,,0,0,0,1,1,0,10.0,10.0,5.0,55.0,1,54,0.8434289693832397,0.012310434822682981,,out_of_road
2338,mutation,6,mutation,distance_to_nearest,,1,1,1,18,1,1,15.0,10.0,15.0,20.0,2,163,2.1010384559631348,0.1336848797059498,,out_of_road
2339,fresh,3,fresh,,,0,0,0,4,1,0,15.0,5.0,5.0,20.0,1,24,-0.022061660885810852,0.0035682476591318846,,crash_vehicle
2340,crossover,5,crossover,,distractor_cars|has_brake_checker|intersection_cars|maximum_distractor_speed|cluster_dist|brake_dist,4,1,0,12,0,0,20.0,10.0,5.0,55.0,3,118,1.2919714450836182,0.03766729095477169,,crash_vehicle
2341,fresh,1,fresh,,,0,1,0,2,1,0,10.0,10.0,10.0,20.0,2,312,10.968697547912598,0.17888434298742467,,out_of_road
2342,mutation,5,mutation,distance_to_nearest,,1,0,0,12,1,0,5.0,5.0,5.0,55.0,1,162,0.2772381901741028,0.037118949835407145,,out_of_road
2343,fresh,3,fresh,,,0,1,0,5,1,1,15.0,20.0,5.0,35.0,0,54,1.3388715982437134,0.04122576086471478,,arrive_dest
2344,crossover,1,crossover,,distractor_cars|has_brake_checker|intersection_cars|maximum_distractor_speed|brake_dist,2,1,0,2,0,0,10.0,10.0,10.0,55.0,2,91,2.1947593688964844,0.03650751505251769,,out_of_road
2345,fresh,0,fresh,,,0,0,0,1,1,1,15.0,40.0,10.0,55.0,1,88,2.144951343536377,0.04158658525821837,,out_of_road
2346,mutation,3,mutation,distance_to_nearest,,0,1,0,4,0,0,20.0,40.0,15.0,35.0,1,210,6.2956414222717285,0.1677501088540469,,crash_vehicle
2347,fresh,3,fresh,,,0,1,1,4,1,0,5.0,5.0,10.0,35.0,0,26,0.028590992093086243,0.015255198599054264,,crash_vehicle
2348,mutation,1,mutation,maximum_distractor_speed,,1,0,0,2,0,0,15.0,5.0,15.0,20.0,1,243,9.054779052734375,0.2856396925463169,,out_of_road
2349,fresh,6,fresh,,,0,1,0,18,0,0,5.0,10.0,5.0,20.0,0,230,3.339587450027466,0.13107363833114505,,crash_vehicle
2350,mutation,5,mutation,distance_to_nearest,,1,0,0,12,0,0,20.0,40.0,5.0,55.0,0,251,6.755688667297363,0.1830757066433084,,crash_vehicle
2351,fresh,3,fresh,,,0,1,0,5,0,1,20.0,40.0,5.0,35.0,3,72,1.6096447706222534,0.02302067597500152,,crash_vehicle
2352,crossover,1,crossover,,has_brake_checker|intersection_cars|brake_dist,0,1,1,2,0,0,20.0,20.0,5.0,10.0,2,184,8.432721138000488,0.2816076142733674,,out_of_road
2353,fresh,4,fresh,,,0,0,0,8,0,0,10.0,5.0,5.0,55.0,2,1000,0.0005984040908515453,4.787251353263855e-05,,max_step
2354,replay,4,replay,,,0,0,0,8,0,0,10.0,5.0,5.0,55.0,2,105,0.5781667828559875,0.08274120837450027,,out_of_road
2355,fresh,0,fresh,,,0,0,0,1,1,0,5.0,10.0,15.0,55.0,0,49,0.3199015259742737,0.0042689749780966315,,crash_vehicle
2356,replay,0,replay,,,0,0,0,1,1,0,5.0,10.0,15.0,55.0,0,99,2.602604389190674,0.07344339740923558,,out_of_road
2357,fresh,5,fresh,,,0,1,0,12,1,0,5.0,40.0,15.0,55.0,3,54,0.7278626561164856,0.009694251611276909,,out_of_road
2358,replay,5,replay,,,0,1,0,12,1,0,5.0,40.0,15.0,55.0,3,51,0.136903777718544,0.010631607151498981,,out_of_road
2359,fresh,5,fresh,,,0,1,0,12,1,1,20.0,40.0,15.0,55.0,2,206,8.071261405944824,0.18321829433417292,,crash_vehicle
2360,replay,5,replay,,,0,1,0,12,1,1,20.0,40.0,15.0,55.0,2,226,3.8397042751312256,0.16745799805853614,,crash_vehicle
2361,fresh,0,fresh,,,0,1,1,0,0,0,5.0,5.0,5.0,20.0,0,123,5.29457426071167,0.14602492252228463,,out_of_road
2362,replay,0,replay,,,0,1,1,0,0,0,5.0,5.0,5.0,20.0,0,233,2.826395034790039,0.09256758939478818,,out_of_road
2363,fresh,3,fresh,,,0,0,0,4,1,1,15.0,20.0,10.0,35.0,0,123,2.286355495452881,0.050451331476612786,,crash_vehicle
2364,crossover,6,crossover,,select_lane|ego_on_intersection|intersection_has_cars|has_cluster|maximum_distractor_speed|cluster_dist|brake_dist,5,1,0,18,1,0,15.0,5.0,5.0,35.0,1,1000,0.03360409289598465,0.0003909364277496934,,max_step
2365,fresh,0,fresh,,,0,0,0,0,0,0,20.0,10.0,10.0,20.0,0,141,5.512864589691162,0.10246068406156561,,out_of_road
2366,crossover,3,crossover,,has_brake_checker|intersection_cars|has_cluster|maximum_distractor_speed,5,1,0,4,1,1,10.0,10.0,10.0,20.0,1,138,0.8629410266876221,0.031161283925715565,,crash_vehicle
2367,fresh,2,fresh,,,0,1,1,3,1,0,15.0,5.0,10.0,55.0,2,89,0.7732368111610413,0.02076170290035478,,out_of_road
2368,crossover,4,crossover,,distractor_cars|has_brake_checker|maximum_distractor_speed|cluster_dist|brake_dist,2,1,1,8,1,0,15.0,10.0,10.0,55.0,2,80,1.001491904258728,0.04113714700797573,,crash_vehicle
2369,fresh,2,fresh,,,0,1,1,3,1,0,20.0,5.0,15.0,55.0,1,26,-0.022126078605651855,0.0,,crash_vehicle
2370,mutation,0,mutation,brake_dist,,1,1,1,0,0,0,5.0,40.0,5.0,10.0,0,221,12.097667694091797,0.36157469324160757,,out_of_road
2371,fresh,0,fresh,,,0,1,0,0,0,0,5.0,40.0,10.0,20.0,0,88,2.316037654876709,0.023318255711770194,,out_of_road
2372,mutation,5,mutation,cluster_dist,,1,1,1,12,1,1,10.0,40.0,15.0,55.0,1,85,2.2230515480041504,0.04093231852440273,,crash_vehicle
2373,fresh,0,fresh,,,0,1,0,1,0,1,5.0,20.0,10.0,35.0,0,118,2.0008208751678467,0.021756734142585072,,crash_vehicle
2374,replay,0,replay,,,0,1,0,1,0,1,5.0,20.0,10.0,35.0,0,137,1.7616487741470337,0.12357661361894469,,crash_vehicle
2375,fresh,0,fresh,,,0,0,0,0,0,0,10.0,5.0,5.0,20.0,0,218,9.825065612792969,0.1977641924258766,rejection_fallback,out_of_road
2376,replay,0,replay,,,0,0,0,0,0,0,10.0,5.0,5.0,20.0,0,78,1.3858827352523804,0.0050092053432495166,,crash_vehicle
2377,fresh,3,fresh,,,0,1,0,5,0,0,15.0,20.0,5.0,20.0,3,193,9.080158233642578,0.17986285499263305,,out_of_road
2378,crossover,5,crossover,,select_lane|ego_on_intersection|intersection_has_cars|distractor_cars|has_brake_checker|intersection_cars|distance_to_nearest|cluster_dist,3,0,0,12,1,0,5.0,40.0,5.0,55.0,3,86,1.8474642038345337,0.029918078159870104,,crash_vehicle
2379,fresh,6,fresh,,,0,1,1,18,0,1,20.0,10.0,10.0,10.0,3,39,0.1939220279455185,0.022383491198221844,,crash_vehicle
2380,mutation,1,mutation,cluster_dist,,1,1,0,2,0,0,10.0,40.0,15.0,20.0,1,139,2.5682501792907715,0.02989869669294186,,out_of_road
2381,fresh,2,fresh,,,0,1,1,3,1,0,15.0,40.0,10.0,55.0,1,52,0.7799749374389648,0.029624616942153528,,out_of_road
2382,replay,2,replay,,,0,1,1,3,1,0,15.0,40.0,10.0,55.0,1,225,8.259842872619629,0.24402965686387487,,out_of_road
2383,fresh,4,fresh,,,0,0,0,8,0,0,10.0,40.0,15.0,55.0,1,1000,1.6073814630508423,0.014295973812346346,,max_step
2384,replay,4,replay,,,0,0,0,8,0,0,10.0,40.0,15.0,55.0,1,213,8.86463737487793,0.06527278729508951,,out_of_road
2385,fresh,2,fresh,,,0,1,1,3,1,1,10.0,20.0,5.0,35.0,2,108,0.6482667326927185,0.05445729366382929,,out_of_road
2386,crossover,6,crossover,,select_lane|ego_on_intersection|intersection_has_cars|has_brake_checker|intersection_cars|has_cluster|maximum_distractor_speed|distance_to_nearest,3,1,1,18,1,0,20.0,40.0,5.0,55.0,0,100,2.65885853767395,0.08834893722087145,,crash_vehicle
2387,fresh,3,fresh,,,0,1,1,5,1,1,20.0,10.0,15.0,35.0,3,320,8.262978553771973,0.16946647230361123,,out_of_road
2388,crossover,3,crossover,,select_lane|ego_on_intersection|intersection_has_cars|has_brake_checker|intersection_cars|distance_to_nearest|cluster_dist,5,0,0,4,0,1,20.0,20.0,5.0,55.0,3,49,0.4166666269302368,0.0206730631845338,,crash_vehicle
2389,fresh,2,fresh,,,0,0,0,3,1,0,20.0,5.0,5.0,20.0,3,227,2.4678750038146973,0.049865526257960806,,crash_vehicle
2390,replay,2,replay,,,0,0,0,3,1,0,20.0,5.0,5.0,20.0,3,102,1.0192794799804688,0.05134896713071594,,out_of_road
2391,fresh,3,fresh,,,0,1,0,4,0,1,5.0,40.0,10.0,35.0,3,1000,0.09695032984018326,8.11445713043213e-06,,max_step
2392,crossover,6,crossover,,select_lane|ego_on_intersection|intersection_has_cars|distractor_cars|has_cluster|maximum_distractor_speed|cluster_dist|brake_dist,5,0,0,18,1,0,5.0,20.0,5.0,55.0,0,56,0.8562192916870117,0.003350412073944296,,crash_vehicle
2393,fresh,6,fresh,,,0,1,0,18,1,1,10.0,5.0,10.0,35.0,3,49,0.019983798265457153,0.0005730994197787071,,crash_vehicle
2394,mutation,0,mutation,brake_dist,,0,0,0,0,0,0,10.0,10.0,15.0,20.0,0,223,11.746341705322266,0.42853466688651143,,out_of_road
2395,fresh,2,fresh,,,0,0,0,3,1,0,5.0,20.0,10.0,35.0,2,143,1.51187264919281,0.06805102412517254,,crash_vehicle
2396,crossover,6,crossover,,select_lane|ego_on_intersection|intersection_has_cars|distractor_cars|has_cluster|maximum_distractor_speed|distance_to_nearest|cluster_dist|brake_dist,6,0,0,18,0,0,20.0,20.0,10.0,55.0,2,1000,2.41048002243042,0.016771758498391135,,max_step
2397,fresh,0,fresh,,,0,0,0,1,1,1,5.0,40.0,5.0,55.0,0,1000,2.8892781734466553,0.01307671914063394,,max_step
2398,crossover,1,crossover,,select_lane|ego_on_intersection|intersection_has_cars|distractor_cars|has_brake_checker|has_cluster|distance_to_nearest|cluster_dist|brake_dist,5,0,0,2,1,0,10.0,40.0,5.0,55.0,2,97,3.4777159690856934,0.07482261717626729,,crash_vehicle
2399,fresh,6,fresh,,,0,1,1,18,1,0,20.0,40.0,10.0,55.0,0,1000,3.9102602005004883,0.025788302255794406,,max_step
2400,replay,6,replay,,,0,1,1,18,1,0,20.0,40.0,10.0,55.0,0,2,0.4944766163825989,0.09282195568084717,,arrive_dest
2401,fresh,5,fresh,,,0,1,1,12,0,1,20.0,20.0,10.0,55.0,1,59,0.7440106272697449,0.0,,crash_vehicle
2402,mutation,6,mutation,select_road|select_lane|ego_on_intersection|intersection_has_cars,,3,0,0,18,1,1,20.0,40.0,15.0,55.0,0,74,2.1383743286132812,0.03970182173558184,,crash_vehicle
2403,fresh,0,fresh,,,0,1,1,0,1,0,10.0,10.0,10.0,10.0,0,41,0.22781778872013092,0.0184573142266855,,crash_vehicle
2404,mutation,6,mutation,maximum_distractor_speed,,1,1,1,18,1,0,20.0,40.0,15.0,55.0,3,198,8.044045448303223,0.1223065826214022,,out_of_road
2405,fresh,6,fresh,,,0,1,0,18,1,0,10.0,5.0,10.0,20.0,2,217,3.2047762870788574,0.16407185907943458,,out_of_road
2406,mutation,4,mutation,distractor_cars,,1,1,0,8,0,0,10.0,20.0,5.0,10.0,0,58,0.6113066673278809,0.02292586863040924,,crash_vehicle
2407,fresh,5,fresh,,,0,0,0,12,1,1,20.0,5.0,10.0,20.0,0,1000,0.9186221361160278,0.007437015798641369,,max_step
2408,crossover,4,crossover,,select_lane|ego_on_intersection|intersection_has_cars|has_brake_checker|intersection_cars|cluster_dist|brake_dist,3,0,0,8,0,1,15.0,10.0,5.0,55.0,1,47,0.27685534954071045,0.008273406231656988,,crash_vehicle
2409,fresh,4,fresh,,,0,1,1,8,0,0,10.0,40.0,15.0,10.0,2,174,7.291264533996582,0.15783647181273536,,out_of_road
2410,crossover,5,crossover,,select_lane|ego_on_intersection|intersection_has_cars|distractor_cars|maximum_distractor_speed|cluster_dist|brake_dist,4,1,1,12,1,0,20.0,10.0,10.0,55.0,2,318,10.35577392578125,0.1806729851970039,,out_of_road
2411,fresh,2,fresh,,,0,0,0,3,0,1,10.0,40.0,5.0,55.0,1,88,1.4784409999847412,0.016003400870514186,,crash_vehicle
2412,mutation,6,mutation,has_brake_checker,,0,1,0,18,1,0,15.0,10.0,5.0,20.0,3,47,0.23107950389385223,0.004094183682761294,,crash_vehicle
2413,fresh,6,fresh,,,0,1,1,18,1,0,10.0,5.0,5.0,55.0,1,89,0.879464864730835,0.10015283275939775,,crash_vehicle
2414,replay,6,replay,,,0,1,1,18,1,0,10.0,5.0,5.0,55.0,1,59,0.6369332075119019,0.05427209818262165,,out_of_road
2415,fresh,6,fresh,,,0,0,0,18,1,1,15.0,5.0,5.0,20.0,0,119,1.1856104135513306,0.11576129887409571,,crash_vehicle
2416,crossover,5,crossover,,select_lane|ego_on_intersection|intersection_has_cars|distractor_cars|has_brake_checker|intersection_cars|has_cluster|distance_to_nearest|brake_dist,5,0,0,12,1,0,15.0,20.0,5.0,35.0,3,296,10.422755241394043,0.28288455801147566,,out_of_road
2417,fresh,0,fresh,,,0,0,0,0,1,0,15.0,10.0,5.0,35.0,0,224,7.827193737030029,0.20731171880990068,,out_of_road
2418,mutation,5,mutation,select_road|select_lane|ego_on_intersection|intersection_has_cars,,3,0,0,12,1,0,20.0,10.0,10.0,55.0,2,40,0.03803969919681549,0.05145668610930443,,out_of_road
2419,fresh,6,fresh,,,0,0,0,18,0,0,5.0,20.0,10.0,20.0,0,70,1.0092514753341675,0.01731089467981032,,crash_vehicle
2420,mutation,5,mutation,brake_dist,,0,1,1,12,1,0,20.0,10.0,10.0,55.0,2,37,0.3765448331832886,0.014494267468516892,,out_of_road
2421,fresh,3,fresh,,,0,0,0,4,1,0,15.0,40.0,10.0,55.0,3,97,2.862078905105591,0.04451725624271275,,crash_vehicle
2422,replay,3,replay,,,0,0,0,4,1,0,15.0,40.0,10.0,55.0,3,140,5.306046485900879,0.14742813480219671,,out_of_road
2423,fresh,2,fresh,,,0,0,0,3,0,0,15.0,20.0,10.0,55.0,3,103,3.11222505569458,0.06229935800294998,,out_of_road
2424,crossover,0,crossover,,select_lane|ego_on_intersection|intersection_has_cars|has_cluster|distance_to_nearest|brake_dist,3,0,0,1,0,1,5.0,10.0,10.0,10.0,1,100,2.2285878658294678,0.031917331144213676,,out_of_road
2425,fresh,6,fresh,,,0,0,0,18,0,1,15.0,40.0,10.0,55.0,2,77,1.6279585361480713,0.010018158951991952,,crash_vehicle
2426,crossover,3,crossover,,has_cluster|cluster_dist,0,1,0,4,0,0,20.0,40.0,15.0,35.0,1,202,8.347135543823242,0.2673336907133165,,out_of_road
2427,fresh,3,fresh,,,0,1,0,4,0,1,20.0,10.0,15.0,55.0,2,48,0.45161908864974976,0.0003471739279727141,,crash_vehicle
2428,crossover,6,crossover,,distractor_cars|has_brake_checker|has_cluster|maximum_distractor_speed|cluster_dist,2,0,0,18,1,0,5.0,20.0,15.0,55.0,1,111,2.2888405323028564,0.08289448960541605,,crash_vehicle
2429,fresh,0,fresh,,,0,0,0,1,0,0,15.0,10.0,10.0,20.0,0,205,9.214075088500977,0.17735558175822583,,out_of_road
2430,mutation,4,mutation,distance_to_nearest,,1,1,0,8,0,1,15.0,20.0,15.0,20.0,3,65,0.6501106023788452,0.00829388896146646,,crash_vehicle
2431,fresh,5,fresh,,,0,0,0,12,1,0,15.0,20.0,5.0,55.0,3,677,8.878887176513672,0.13495771578228324,,out_of_road
2432,mutation,6,mutation,select_road|select_lane|ego_on_intersection|intersection_has_cars,,3,0,0,18,1,0,20.0,5.0,5.0,35.0,0,101,1.7023087739944458,0.25132944016247105,,out_of_road
2433,fresh,1,fresh,,,0,1,0,2,0,0,5.0,5.0,15.0,20.0,2,117,4.231688499450684,0.1068729362808741,,out_of_road
2434,mutation,0,mutation,distance_to_nearest,,0,1,1,0,0,0,20.0,20.0,5.0,20.0,0,191,8.495917320251465,0.14573524472016003,,out_of_road
2435,fresh,4,fresh,,,0,0,0,8,0,1,10.0,5.0,10.0,20.0,3,24,-0.012928873300552368,0.05405960383359343,,crash_vehicle
2436,crossover,2,crossover,,select_lane|ego_on_intersection|intersection_has_cars|has_cluster|cluster_dist|brake_dist,2,0,0,3,0,0,5.0,10.0,5.0,35.0,0,37,0.4417170286178589,0.017249617423560168,,crash_vehicle
2437,fresh,4,fresh,,,0,1,0,8,1,1,10.0,40.0,15.0,55.0,2,118,1.1974070072174072,0.09998441890860765,,crash_vehicle
2438,crossover,5,crossover,,has_brake_checker,2,1,1,12,1,1,20.0,40.0,15.0,55.0,2,107,2.604727029800415,0.03929050308521663,,out_of_road
2439,fresh,1,fresh,,,0,1,0,2,1,1,20.0,10.0,10.0,20.0,2,211,8.370189666748047,0.09397281564207156,,out_of_road
2440,mutation,0,mutation,has_cluster,,0,1,1,0,0,0,5.0,40.0,5.0,10.0,0,211,9.13612174987793,0.1254563326528075,,out_of_road
2441,fresh,3,fresh,,,0,1,1,5,1,0,15.0,10.0,10.0,20.0,2,288,7.852081298828125,0.23645764853831175,,crash_vehicle
2442,mutation,5,mutation,has_brake_checker,,0,0,0,12,0,0,15.0,20.0,5.0,55.0,1,83,1.995398759841919,0.05168462412835783,,arrive_dest
2443,fresh,5,fresh,,,0,1,0,12,0,0,15.0,10.0,5.0,35.0,0,349,8.935090065002441,0.06669895925737897,,out_of_road
2444,mutation,3,mutation,has_cluster,,0,1,0,4,0,0,20.0,40.0,15.0,35.0,1,100,2.4651918411254883,0.02608533362392336,,crash_vehicle
2445,fresh,3,fresh,,,0,1,0,4,0,1,5.0,5.0,10.0,20.0,0,46,0.3471442759037018,0.019380329257768135,,crash_vehicle
2446,replay,3,replay,,,0,1,0,4,0,1,5.0,5.0,10.0,20.0,0,370,8.831543922424316,0.1503536421855962,,crash_vehicle
2447,fresh,3,fresh,,,0,1,0,4,1,0,15.0,20.0,10.0,55.0,0,118,2.5689139366149902,0.14893086205662812,,out_of_road
2448,replay,3,replay,,,0,1,0,4,1,0,15.0,20.0,10.0,55.0,0,85,1.809528112411499,0.05680588177021812,,out_of_road
2449,fresh,0,fresh,,,0,1,0,1,0,1,10.0,10.0,10.0,55.0,1,214,7.5378923416137695,0.14769751953709626,,out_of_road
2450,mutation,0,mutation,cluster_dist,,0,0,0,0,0,0,5.0,10.0,10.0,35.0,0,129,4.715121269226074,0.0974995051185752,,out_of_road
2451,fresh,0,fresh,,,0,1,0,0,1,0,5.0,20.0,10.0,55.0,0,108,3.6300477981567383,0.07421666851129245,,crash_vehicle
2452,crossover,2,crossover,,has_brake_checker|intersection_cars|has_cluster|maximum_distractor_speed|distance_to_nearest|brake_dist,3,0,0,3,0,0,10.0,20.0,15.0,55.0,2,479,10.957719802856445,0.18109695634771614,,arrive_dest
2453,fresh,2,fresh,,,0,0,0,3,0,1,20.0,20.0,10.0,10.0,1,1000,1.0002373456954956,0.0006407321123406291,,max_step
2454,crossover,3,crossover,,intersection_cars|has_cluster|maximum_distractor_speed|distance_to_nearest|brake_dist,2,0,0,4,1,0,20.0,10.0,10.0,20.0,2,284,8.435482025146484,0.19057883866603526,,out_of_road
2455,fresh,5,fresh,,,0,0,0,12,1,0,5.0,5.0,15.0,35.0,3,248,-0.0060844868421554565,0.01038856616604232,,crash_vehicle
2456,mutation,6,mutation,distance_to_nearest,,2,1,0,18,1,0,10.0,40.0,10.0,55.0,2,1000,2.4748075008392334,0.021835459969006477,,max_step
2457,fresh,0,fresh,,,0,0,0,1,1,0,15.0,10.0,5.0,35.0,1,125,2.541649103164673,0.040943427158519625,,out_of_road
2458,crossover,1,crossover,,distractor_cars|intersection_cars|distance_to_nearest,1,1,1,2,0,0,20.0,40.0,5.0,10.0,2,110,3.1374258995056152,0.05165137489410964,,out_of_road
2459,fresh,6,fresh,,,0,0,0,18,1,0,20.0,10.0,5.0,20.0,0,1000,1.196085810661316,0.018639145851135255,,max_step
2460,crossover,6,crossover,,distance_to_nearest|cluster_dist|brake_dist,3,0,0,18,1,0,15.0,5.0,5.0,35.0,3,23,-0.02505740523338318,0.0,,crash_vehicle
2461,fresh,1,fresh,,,0,1,0,2,1,0,20.0,5.0,10.0,55.0,2,99,3.1017162799835205,0.06292348892211613,,out_of_road
2462,crossover,5,crossover,,has_brake_checker|has_cluster|distance_to_nearest|cluster_dist|brake_dist,4,0,0,12,1,1,15.0,40.0,15.0,55.0,3,21,-0.25937530398368835,0.0,,out_of_road
2463,fresh,2,fresh,,,0,1,0,3,0,0,5.0,10.0,10.0,10.0,2,1000,0.6161462664604187,0.0013938908725976945,,max_step
2464,mutation,6,mutation,brake_dist,,1,0,0,18,1,0,15.0,20.0,15.0,35.0,0,175,3.155897617340088,0.10720096276274749,,crash_vehicle
2465,fresh,1,fresh,,,0,0,0,2,0,1,20.0,20.0,10.0,55.0,0,57,0.7008789777755737,0.066767512967712,,crash_vehicle
2466,replay,1,replay,,,0,0,0,2,0,1,20.0,20.0,10.0,55.0,0,159,2.977837562561035,0.16904316416139123,,out_of_road
2467,fresh,6,fresh,,,0,0,0,18,1,0,10.0,20.0,5.0,35.0,1,27,-0.23945112526416779,0.02599341560293127,,out_of_road
2468,crossover,5,crossover,,has_brake_checker|intersection_cars|has_cluster|cluster_dist,3,0,0,12,0,1,15.0,10.0,5.0,55.0,1,36,0.24051502346992493,0.022993243402904935,,crash_vehicle
2469,fresh,0,fresh,,,0,1,1,0,1,0,20.0,10.0,5.0,35.0,0,118,2.485358476638794,0.035035478803565945,,out_of_road
2470,mutation,4,mutation,cluster_dist,,1,0,0,8,0,1,15.0,5.0,10.0,20.0,1,315,-0.008053645491600037,0.005454130882825998,,crash_vehicle
2471,fresh,4,fresh,,,0,1,1,8,0,1,20.0,5.0,5.0,55.0,2,58,0.4133680462837219,0.059686787298013425,,crash_vehicle
2472,mutation,6,mutation,intersection_cars,,1,1,1,18,1,0,5.0,40.0,15.0,55.0,2,81,1.831170678138733,0.043916166564564645,,crash_vehicle
2473,fresh,0,fresh,,,0,0,0,1,1,0,15.0,20.0,10.0,35.0,1,114,3.1590576171875,0.0636285090943586,,crash_vehicle
2474,crossover,5,crossover,,distractor_cars|maximum_distractor_speed|brake_dist,2,0,0,12,0,0,15.0,40.0,10.0,35.0,3,110,3.747551441192627,0.13961257166652516,,arrive_dest
2475,fresh,1,fresh,,,0,1,1,2,1,1,20.0,10.0,15.0,20.0,1,190,3.4276630878448486,0.21057391328443037,,crash_vehicle
2476,crossover,2,crossover,,has_brake_checker|intersection_cars|has_cluster|maximum_distractor_speed|distance_to_nearest|brake_dist,4,0,0,3,0,0,10.0,5.0,10.0,55.0,3,183,7.974030017852783,0.2649009737893532,,crash_vehicle
2477,fresh,2,fresh,,,0,1,0,3,1,0,5.0,10.0,10.0,20.0,3,91,1.7306880950927734,0.01769598320658718,,crash_vehicle
2478,mutation,5,mutation,cluster_dist,,0,1,1,12,1,0,20.0,20.0,10.0,35.0,1,203,8.490028381347656,0.21712632083879976,,out_of_road
2479,fresh,4,fresh,,,0,1,1,8,1,1,10.0,20.0,5.0,35.0,3,245,8.437675476074219,0.16836516226128656,,out_of_road
2480,replay,4,replay,,,0,1,1,8,1,1,10.0,20.0,5.0,35.0,3,118,3.8615314960479736,0.078329192790187,,crash_vehicle
2481,fresh,3,fresh,,,0,1,0,5,1,1,15.0,10.0,10.0,20.0,1,98,0.7841625213623047,0.06871732784321113,,crash_vehicle
2482,mutation,1,mutation,cluster_dist,,0,1,1,2,0,0,15.0,5.0,10.0,20.0,1,141,1.7567802667617798,0.18548218255981486,,out_of_road
2483,fresh,0,fresh,,,0,0,0,0,1,0,15.0,20.0,15.0,55.0,0,70,1.2929480075836182,0.023349358354296003,,crash_vehicle
2484,crossover,5,crossover,,intersection_cars|has_cluster|maximum_distractor_speed,3,1,0,12,1,0,15.0,40.0,15.0,55.0,3,74,1.7967255115509033,0.016494244135714865,,crash_vehicle
2485,fresh,0,fresh,,,0,1,0,1,1,0,5.0,40.0,10.0,55.0,1,106,3.2226245403289795,0.052769439382794894,,crash_vehicle
2486,mutation,2,mutation,select_road|select_lane|ego_on_intersection|intersection_has_cars,,3,1,1,3,0,0,10.0,20.0,5.0,55.0,2,237,6.380426406860352,0.18545081061094937,,out_of_road
2487,fresh,0,fresh,,,0,1,0,0,1,0,20.0,5.0,15.0,20.0,0,122,2.5479493141174316,0.07342420442060368,,crash_vehicle
2488,mutation,5,mutation,has_cluster,,1,1,1,12,0,0,15.0,5.0,10.0,35.0,2,1000,0.2113976627588272,0.002432213556021452,,max_step
2489,fresh,0,fresh,,,0,0,0,1,0,0,5.0,20.0,5.0,55.0,0,79,1.6652635335922241,0.026138802389083785,,crash_vehicle
2490,crossover,6,crossover,,distractor_cars|has_brake_checker|intersection_cars|maximum_distractor_speed|cluster_dist|brake_dist,3,0,0,18,1,0,15.0,10.0,10.0,55.0,3,289,6.191692352294922,0.17115341036042334,,crash_vehicle
2491,fresh,2,fresh,,,0,0,0,3,1,1,15.0,5.0,5.0,20.0,3,166,3.207970142364502,0.04778253941807941,,crash_vehicle
2492,replay,2,replay,,,0,0,0,3,1,1,15.0,5.0,5.0,20.0,3,26,0.03163047134876251,1.2425849070915809e-05,,crash_vehicle
2493,fresh,0,fresh,,,0,1,0,1,0,1,15.0,10.0,10.0,35.0,1,77,2.942516565322876,0.05922889652474505,,arrive_dest
2494,mutation,4,mutation,has_brake_checker,,1,0,0,8,1,0,20.0,5.0,5.0,55.0,3,1000,0.21332791447639465,0.0030251878096023573,,max_step
2495,fresh,2,fresh,,,0,1,1,3,1,1,5.0,40.0,5.0,55.0,2,87,2.1282832622528076,0.02669483909233548,,crash_vehicle
2496,mutation,5,mutation,intersection_cars,,1,1,0,12,1,0,5.0,40.0,10.0,55.0,0,256,4.2767438888549805,0.09227683605422499,,crash_vehicle
2497,fresh,0,fresh,,,0,1,1,1,0,1,15.0,5.0,10.0,20.0,1,171,8.289290428161621,0.30486236591088145,,out_of_road
2498,crossover,6,crossover,,select_lane|ego_on_intersection|intersection_has_cars|distractor_cars|has_brake_checker|distance_to_nearest|cluster_dist|brake_dist,5,0,0,18,1,0,5.0,20.0,10.0,55.0,1,25,0.8091162443161011,0.017381812334060668,,arrive_dest
2499,fresh,5,fresh,,,0,1,0,12,1,0,10.0,5.0,15.0,55.0,1,1000,0.05219968408346176,0.005868440301623195,,max_step
2500,replay,5,replay,,,0,1,0,12,1,0,10.0,5.0,15.0,55.0,1,228,8.264044761657715,0.21803893326994098,,out_of_road
2501,fresh,3,fresh,,,0,1,1,4,1,0,10.0,5.0,15.0,20.0,0,177,3.719700336456299,0.1422968775791637,,crash_vehicle
2502,replay,3,replay,,,0,1,1,4,1,0,10.0,5.0,15.0,20.0,0,136,2.3415632247924805,0.20408440708621023,,crash_vehicle
2503,fresh,3,fresh,,,0,0,0,4,1,1,15.0,20.0,15.0,35.0,0,1000,1.0479007959365845,0.007533963240217417,,max_step
2504,crossover,2,crossover,,select_lane|ego_on_intersection|intersection_has_cars|distractor_cars|has_brake_checker|intersection_cars|brake_dist,3,1,0,3,0,0,20.0,10.0,15.0,55.0,0,116,3.038379192352295,0.26385413617666426,,arrive_dest
2505,fresh,1,fresh,,,0,1,1,2,1,1,15.0,10.0,10.0,20.0,0,89,0.9132393002510071,0.056524965233232284,,crash_vehicle
2506,mutation,4,mutation,intersection_cars,,0,1,1,8,1,0,10.0,40.0,10.0,55.0,0,71,1.2095383405685425,0.019231050052273442,,crash_vehicle
2507,fresh,2,fresh,,,0,1,1,3,0,0,5.0,5.0,15.0,55.0,2,29,-0.012014836072921753,0.00021246422467560605,,crash_vehicle
2508,replay,2,replay,,,0,1,1,3,0,0,5.0,5.0,15.0,55.0,2,177,3.4758546352386475,0.1332952916979958,,out_of_road
2509,fresh,0,fresh,,,0,0,0,0,0,0,10.0,10.0,15.0,20.0,0,86,2.475095272064209,0.023192660830276043,,out_of_road
2510,replay,0,replay,,,0,0,0,0,0,0,10.0,10.0,15.0,20.0,0,32,0.11233359575271606,0.0019140877193422057,,crash_vehicle
2511,fresh,5,fresh,,,0,0,0,12,0,0,5.0,10.0,15.0,10.0,1,48,0.41614437103271484,0.007679511754152675,,crash_vehicle
2512,mutation,5,mutation,intersection_cars,,1,0,0,12,0,0,15.0,20.0,5.0,55.0,0,218,6.525528430938721,0.26853168830959073,,crash_vehicle
2513,fresh,4,fresh,,,0,1,0,8,1,0,10.0,40.0,15.0,55.0,2,195,8.49657154083252,0.22739415728749754,,out_of_road
2514,crossover,0,crossover,,has_brake_checker|has_cluster|maximum_distractor_speed|distance_to_nearest|cluster_dist|brake_dist,4,0,0,0,0,0,20.0,10.0,15.0,10.0,0,162,6.4900383949279785,0.19123625693221888,,out_of_road
2515,fresh,4,fresh,,,0,0,0,8,1,1,10.0,40.0,10.0,55.0,0,191,8.50511646270752,0.21664867632052037,,out_of_road
2516,crossover,3,crossover,,has_brake_checker|has_cluster|cluster_dist|brake_dist,0,0,0,4,1,0,10.0,20.0,5.0,35.0,3,295,5.980172634124756,0.14888197731510816,,crash_vehicle
2517,fresh,1,fresh,,,0,1,1,2,0,1,10.0,20.0,15.0,20.0,2,68,1.4900530576705933,0.04193394401740721,,out_of_road
2518,replay,1,replay,,,0,1,1,2,0,1,10.0,20.0,15.0,20.0,2,203,9.03626823425293,0.21951254212247034,,out_of_road
2519,fresh,0,fresh,,,0,1,0,1,1,0,15.0,40.0,5.0,55.0,0,91,2.5314512252807617,0.060038174144350566,,crash_vehicle
2520,crossover,2,crossover,,select_lane|ego_on_intersection|intersection_has_cars|has_brake_checker|has_cluster|cluster_dist,3,0,0,3,1,1,5.0,20.0,15.0,35.0,2,1000,2.796562671661377,0.0220240762475878,,max_step
2521,fresh,5,fresh,,,0,0,0,12,1,1,20.0,10.0,10.0,20.0,3,76,0.8224251866340637,0.051016803328438026,,crash_vehicle
2522,crossover,6,crossover,,select_lane|ego_on_intersection|intersection_has_cars|has_brake_checker|intersection_cars|has_cluster|distance_to_nearest,3,1,0,18,1,1,5.0,10.0,5.0,55.0,3,1000,0.6147651672363281,0.007375441930525995,,max_step
2523,fresh,0,fresh,,,0,1,0,1,0,1,15.0,5.0,15.0,10.0,1,266,10.475006103515625,0.28805956325696824,,out_of_road
2524,crossover,6,crossover,,intersection_cars|distance_to_nearest|cluster_dist,2,1,0,18,0,1,15.0,10.0,10.0,10.0,3,2,0.49329355359077454,0.0,,arrive_dest
2525,fresh,0,fresh,,,0,1,1,0,0,0,10.0,40.0,10.0,20.0,0,87,2.1380929946899414,0.0261813473256155,,out_of_road
2526,crossover,6,crossover,,select_lane|ego_on_intersection|intersection_has_cars|has_cluster|maximum_distractor_speed,5,1,1,18,1,1,20.0,40.0,15.0,55.0,3,1000,6.151355743408203,0.0435112963328138,,max_step
2527,fresh,3,fresh,,,0,1,1,5,0,1,20.0,40.0,15.0,55.0,0,164,7.491334438323975,0.19196365166898455,,out_of_road
2528,crossover,1,crossover,,distractor_cars|intersection_cars|maximum_distractor_speed|cluster_dist|brake_dist,0,1,1,2,0,0,20.0,10.0,10.0,20.0,0,350,10.512615203857422,0.31026423211608617,,crash_vehicle
2529,fresh,5,fresh,,,0,1,0,12,0,1,20.0,10.0,10.0,20.0,3,59,0.6272663474082947,0.043230445266275085,,crash_vehicle
2530,crossover,0,crossover,,select_lane|ego_on_intersection|intersection_has_cars|intersection_cars|has_cluster|maximum_distractor_speed|distance_to_nearest|cluster_dist|brake_dist,6,1,1,0,0,0,20.0,5.0,10.0,55.0,0,88,2.2344985008239746,0.020635948114266448,,out_of_road
2531,fresh,0,fresh,,,0,0,0,1,1,1,5.0,20.0,15.0,35.0,0,110,2.032344341278076,0.062002252347090024,,crash_vehicle
2532,replay,0,replay,,,0,0,0,1,1,1,5.0,20.0,15.0,35.0,0,246,3.2063612937927246,0.04864124804110516,,out_of_road
2533,fresh,2,fresh,,,0,0,0,3,1,0,5.0,40.0,15.0,55.0,1,113,1.9722758531570435,0.048781231523746936,,out_of_road
2534,crossover,0,crossover,,has_brake_checker|cluster_dist,5,0,0,0,0,0,10.0,5.0,5.0,20.0,0,112,3.882378101348877,0.14783592694272688,rejection_fallback,arrive_dest
2535,fresh,0,fresh,,,0,0,0,0,1,0,20.0,40.0,15.0,10.0,0,108,1.6777944564819336,0.07973658665152336,,crash_vehicle
2536,mutation,6,mutation,has_cluster,,0,0,0,18,0,0,20.0,40.0,5.0,10.0,0,245,8.457801818847656,0.18423238805666262,,out_of_road
2537,fresh,5,fresh,,,0,1,0,12,0,0,15.0,20.0,15.0,55.0,2,54,0.5159062147140503,0.0390976884022907,,out_of_road
2538,crossover,3,crossover,,maximum_distractor_speed|distance_to_nearest|cluster_dist,3,1,1,5,1,0,15.0,10.0,10.0,20.0,1,1000,0.7289892435073853,0.0017861939761787654,,max_step
2539,fresh,3,fresh,,,0,1,0,4,1,1,15.0,5.0,10.0,55.0,2,1000,0.21869228780269623,0.0004859844734892249,,max_step
2540,mutation,4,mutation,has_brake_checker,,1,1,0,8,0,0,10.0,40.0,15.0,55.0,2,227,7.128787040710449,0.17566551860331636,,crash_vehicle
2541,fresh,5,fresh,,,0,1,0,12,0,1,10.0,5.0,15.0,10.0,3,79,-0.10640542209148407,0.12297828457778014,,crash_vehicle
2542,crossover,4,crossover,,select_lane|ego_on_intersection|intersection_has_cars|has_brake_checker|intersection_cars|cluster_dist|brake_dist,5,0,0,8,1,0,5.0,5.0,5.0,55.0,3,64,0.19042178988456726,0.027354552832548507,,crash_vehicle
2543,fresh,0,fresh,,,0,0,0,1,0,1,10.0,5.0,10.0,35.0,1,70,1.6231352090835571,0.018762387920703207,,out_of_road
2544,mutation,4,mutation,intersection_cars,,1,0,0,8,0,0,5.0,10.0,5.0,10.0,2,40,0.07594417035579681,0.0,,out_of_road
2545,fresh,0,fresh,,,0,1,0,0,0,0,15.0,40.0,5.0,35.0,0,117,3.100982189178467,0.08382130143606764,,out_of_road
2546,crossover,4,crossover,,distractor_cars,0,0,0,8,0,0,15.0,40.0,5.0,35.0,1,82,1.7951269149780273,0.04313470626522491,,out_of_road
2547,fresh,6,fresh,,,0,0,0,18,1,1,5.0,40.0,15.0,55.0,2,49,0.7836782932281494,0.03293208424382064,,out_of_road
2548,mutation,3,mutation,brake_dist,,1,1,0,4,0,0,20.0,40.0,10.0,10.0,3,119,3.4175846576690674,0.05785404583204444,,out_of_road
2549,fresh,6,fresh,,,0,0,0,18,1,0,10.0,5.0,10.0,35.0,1,35,0.20126284658908844,0.05585890170186758,,crash_vehicle
2550,mutation,6,mutation,maximum_distractor_speed,,0,1,1,18,0,0,10.0,40.0,5.0,10.0,3,116,1.450044870376587,0.11726747812093075,,out_of_road
2551,fresh,3,fresh,,,0,1,0,5,0,1,15.0,40.0,15.0,55.0,2,219,10.330911636352539,0.28083618222544454,,out_of_road
2552,replay,3,replay,,,0,1,0,5,0,1,15.0,40.0,15.0,55.0,2,121,1.3165223598480225,0.02170459408128311,,arrive_dest
2553,fresh,2,fresh,,,0,1,0,3,0,1,5.0,20.0,15.0,20.0,1,64,0.7322820425033569,0.008822185802273452,,crash_vehicle
2554,crossover,0,crossover,,distractor_cars|intersection_cars|cluster_dist|brake_dist,2,0,0,1,0,0,15.0,5.0,15.0,35.0,0,24,-0.02229607105255127,0.0,,crash_vehicle
2555,fresh,3,fresh,,,0,1,0,4,1,0,5.0,20.0,10.0,35.0,1,145,2.328252077102661,0.08095795487792327,,out_of_road
2556,replay,3,replay,,,0,1,0,4,1,0,5.0,20.0,10.0,35.0,1,213,6.697024822235107,0.149820817415843,,out_of_road
2557,fresh,6,fresh,,,0,0,0,18,1,0,20.0,10.0,5.0,20.0,0,39,0.2224705070257187,0.002692766392078155,,crash_vehicle
2558,crossover,6,crossover,,has_brake_checker|intersection_cars|maximum_distractor_speed|brake_dist,2,1,0,18,1,0,5.0,40.0,5.0,55.0,0,208,3.329226016998291,0.10988764119191238,,out_of_road
2559,fresh,0,fresh,,,0,1,0,1,1,0,20.0,40.0,10.0,55.0,1,145,3.701155185699463,0.16376085868426438,,crash_vehicle
2560,mutation,5,mutation,cluster_dist,,0,1,1,12,0,1,20.0,5.0,5.0,10.0,1,939,-0.17468589544296265,0.00530239179456672,,crash_vehicle
2561,fresh,3,fresh,,,0,0,0,5,0,1,20.0,20.0,15.0,20.0,1,119,1.992799162864685,0.053956057735476175,,crash_vehicle
2562,mutation,3,mutation,distractor_cars,,1,0,0,4,0,0,15.0,10.0,10.0,20.0,0,52,0.434173583984375,0.01528435143140646,,crash_vehicle
2563,fresh,0,fresh,,,0,1,1,1,1,1,15.0,40.0,15.0,55.0,1,119,4.160299777984619,0.09842670552369927,,out_of_road
2564,replay,0,replay,,,0,1,1,1,1,1,15.0,40.0,15.0,55.0,1,159,4.8713202476501465,0.21280170599900702,,out_of_road
2565,fresh,0,fresh,,,0,1,0,0,1,0,20.0,5.0,5.0,20.0,0,106,2.3962478637695312,0.06019769440282066,,crash_vehicle
2566,replay,0,replay,,,0,1,0,0,1,0,20.0,5.0,5.0,20.0,0,96,3.1485307216644287,0.05638011567255793,,crash_vehicle
2567,fresh,5,fresh,,,0,0,0,12,0,1,20.0,5.0,15.0,20.0,3,40,0.2304062843322754,0.026041076914407314,,crash_vehicle
2568,mutation,6,mutation,has_cluster,,0,1,1,18,1,0,5.0,40.0,15.0,55.0,3,91,2.744011640548706,0.07016486476001503,,crash_vehicle
2569,fresh,5,fresh,,,0,0,0,12,0,0,15.0,20.0,10.0,10.0,2,40,0.3970690965652466,0.04299532063305378,,crash_vehicle
2570,crossover,5,crossover,,has_brake_checker|intersection_cars|has_cluster|cluster_dist,2,0,0,12,1,0,20.0,10.0,5.0,55.0,3,181,2.009687900543213,0.10571118794608017,,out_of_road
2571,fresh,3,fresh,,,0,1,0,4,0,1,20.0,5.0,5.0,55.0,2,1000,0.1114586889743805,0.005363668359816075,,max_step
2572,replay,3,replay,,,0,1,0,4,0,1,20.0,5.0,5.0,55.0,2,1000,6.788097381591797,0.06467668957263231,,max_step
2573,fresh,0,fresh,,,0,0,0,0,1,0,20.0,20.0,15.0,20.0,0,104,2.1255884170532227,0.04074601799948141,,crash_vehicle
2574,replay,0,replay,,,0,0,0,0,1,0,20.0,20.0,15.0,20.0,0,208,6.690544128417969,0.1718742472047989,,out_of_road
2575,fresh,1,fresh,,,0,0,0,2,0,1,20.0,40.0,10.0,35.0,2,97,2.3105766773223877,0.03176235273173175,,out_of_road
2576,crossover,5,crossover,,has_cluster,0,1,1,12,1,0,20.0,10.0,10.0,20.0,2,1000,0.4879415035247803,0.001691507950425148,,max_step
2577,fresh,0,fresh,,,0,1,0,0,1,0,15.0,40.0,10.0,35.0,0,112,2.3409526348114014,0.047483170563022474,,out_of_road
2578,replay,0,replay,,,0,1,0,0,1,0,15.0,40.0,10.0,35.0,0,81,1.7065707445144653,0.022741354633996517,,out_of_road
2579,fresh,0,fresh,,,0,0,0,1,0,1,20.0,40.0,5.0,20.0,1,20,-0.22610197961330414,0.01564840916544199,,out_of_road
2580,crossover,3,crossover,,select_lane|ego_on_intersection|intersection_has_cars|distractor_cars|intersection_cars|maximum_distractor_speed|distance_to_nearest|brake_dist,7,0,0,5,1,0,20.0,10.0,10.0,20.0,2,154,2.7854976654052734,0.15499505817031414,,crash_vehicle
2581,fresh,5,fresh,,,0,1,0,12,0,0,20.0,20.0,10.0,10.0,3,58,0.6576143503189087,0.01916475414202131,,out_of_road
2582,replay,5,replay,,,0,1,0,12,0,0,20.0,20.0,10.0,10.0,3,91,2.500687837600708,0.06312904709561186,,crash_vehicle
2583,fresh,3,fresh,,,0,1,0,5,1,0,20.0,5.0,15.0,55.0,0,90,0.8111695647239685,0.12654712075988453,,crash_vehicle
2584,mutation,6,mutation,intersection_cars,,1,1,1,18,1,0,20.0,5.0,5.0,35.0,2,36,0.2277957946062088,0.030918309775491554,,crash_vehicle
2585,fresh,0,fresh,,,0,0,0,0,1,0,20.0,20.0,5.0,20.0,0,43,0.3601682782173157,0.007187458664871926,,crash_vehicle
2586,mutation,3,mutation,distractor_cars,,1,0,0,5,0,0,20.0,40.0,5.0,10.0,0,206,8.963079452514648,0.2488795106380599,,out_of_road
2587,fresh,1,fresh,,,0,0,0,2,0,1,15.0,10.0,15.0,35.0,1,223,8.539026260375977,0.350118997703085,,out_of_road
2588,replay,1,replay,,,0,0,0,2,0,1,15.0,10.0,15.0,35.0,1,164,2.850984573364258,0.054634557355467864,,crash_vehicle
2589,fresh,0,fresh,,,0,1,1,0,0,0,15.0,20.0,10.0,20.0,0,209,8.747101783752441,0.23407026904336573,,out_of_road
2590,replay,0,replay,,,0,1,1,0,0,0,15.0,20.0,10.0,20.0,0,49,0.44449546933174133,0.01562955249481055,,crash_vehicle
2591,fresh,4,fresh,,,0,1,0,8,1,1,15.0,20.0,10.0,35.0,0,60,0.4401521682739258,0.020661612072338662,,out_of_road
2592,crossover,4,crossover,,select_lane|ego_on_intersection|intersection_has_cars|intersection_cars|has_cluster|maximum_distractor_speed|distance_to_nearest|cluster_dist|brake_dist,4,0,0,8,1,0,5.0,20.0,10.0,55.0,0,100,1.3634607791900635,0.02125545894727111,,crash_vehicle
2593,fresh,3,fresh,,,0,1,1,4,0,0,10.0,5.0,5.0,35.0,2,1000,0.009250643663108349,0.00019940784573554992,,max_step
2594,crossover,4,crossover,,select_lane|ego_on_intersection|intersection_has_cars|distractor_cars|intersection_cars|has_cluster|maximum_distractor_speed|distance_to_nearest|cluster_dist|brake_dist,7,1,0,8,0,1,10.0,5.0,5.0,55.0,3,34,0.04497329890727997,0.0018593232859583462,,crash_vehicle
2595,fresh,3,fresh,,,0,0,0,5,1,1,20.0,10.0,10.0,35.0,2,52,1.2851743698120117,0.0847395712402291,,arrive_dest
2596,mutation,2,mutation,brake_dist,,1,1,0,3,0,0,10.0,5.0,5.0,10.0,3,191,8.981502532958984,0.2467662376980663,,out_of_road
2597,fresh,4,fresh,,,0,0,0,8,1,0,10.0,40.0,5.0,55.0,2,225,5.99964714050293,0.1884880123121871,,arrive_dest
2598,crossover,6,crossover,,has_brake_checker|has_cluster|maximum_distractor_speed|distance_to_nearest|cluster_dist,4,0,0,18,1,0,20.0,5.0,5.0,55.0,3,395,-0.30176469683647156,0.03427824370940275,,crash_vehicle
2599,fresh,5,fresh,,,0,1,1,12,1,1,15.0,5.0,10.0,20.0,1,23,-0.02386188507080078,0.0,,crash_vehicle
2600,replay,5,replay,,,0,1,1,12,1,1,15.0,5.0,10.0,20.0,1,143,3.3666486740112305,0.16720476650170513,,crash_vehicle
2601,fresh,1,fresh,,,0,0,0,2,0,0,5.0,40.0,15.0,10.0,2,31,-0.07002070546150208,0.016960301706867832,,out_of_road
2602,crossover,3,crossover,,select_lane|ego_on_intersection|intersection_has_cars|distractor_cars|intersection_cars|has_cluster|distance_to_nearest|cluster_dist,6,1,0,5,1,0,5.0,10.0,10.0,55.0,2,264,4.077052593231201,0.112228556040491,,crash_vehicle
2603,fresh,4,fresh,,,0,0,0,8,1,0,15.0,5.0,5.0,55.0,3,227,10.446696281433105,0.37403339910677874,,out_of_road
2604,mutation,0,mutation,select_road|select_lane|ego_on_intersection|intersection_has_cars,,3,0,0,0,0,0,10.0,5.0,5.0,55.0,0,91,2.4819490909576416,0.05154936658320846,,out_of_road
2605,fresh,2,fresh,,,0,1,1,3,0,0,5.0,40.0,15.0,35.0,0,184,3.562586784362793,0.07199088773062534,,out_of_road
2606,mutation,4,mutation,distance_to_nearest,,1,0,0,8,1,1,10.0,20.0,10.0,55.0,0,69,0.7524323463439941,0.028278256240098373,,crash_vehicle
2607,fresh,3,fresh,,,0,1,0,4,1,1,10.0,20.0,10.0,35.0,3,348,6.543552875518799,0.14131331839331093,,crash_vehicle
2608,mutation,5,mutation,intersection_cars,,1,0,0,12,0,1,10.0,40.0,10.0,20.0,1,82,1.3320249319076538,0.028897466410587474,,crash_vehicle
2609,fresh,3,fresh,,,0,0,0,5,0,1,15.0,40.0,10.0,20.0,3,124,2.570524215698242,0.09275164004535444,,out_of_road
2610,mutation,6,mutation,select_road|select_lane|ego_on_intersection|intersection_has_cars,,3,1,1,18,0,0,20.0,40.0,5.0,10.0,0,71,1.4574284553527832,0.03636529026421863,,crash_vehicle
2611,fresh,4,fresh,,,0,0,0,8,1,0,5.0,10.0,5.0,20.0,1,135,1.4589853286743164,0.0628554561899768,,crash_vehicle
2612,replay,4,replay,,,0,0,0,8,1,0,5.0,10.0,5.0,20.0,1,161,8.137972831726074,0.2960639720238884,,out_of_road
2613,fresh,0,fresh,,,0,1,0,1,0,0,10.0,10.0,15.0,35.0,1,109,3.116368532180786,0.05342285196647185,,out_of_road
2614,mutation,0,mutation,maximum_distractor_speed,,0,1,1,0,0,0,5.0,40.0,5.0,55.0,0,105,2.3067524433135986,0.021503875723906926,,out_of_road
2615,fresh,1,fresh,,,0,0,0,2,0,0,10.0,20.0,5.0,55.0,2,200,10.971781730651855,0.35772956200875344,,out_of_road
2616,replay,1,replay,,,0,0,0,2,0,0,10.0,20.0,5.0,55.0,2,169,3.8872437477111816,0.1309342720606447,,crash_vehicle
2617,fresh,5,fresh,,,0,0,0,12,0,0,15.0,10.0,10.0,20.0,1,184,3.6414144039154053,0.19342305440121613,,crash_vehicle
2618,mutation,3,mutation,distractor_cars,,1,1,0,5,1,1,15.0,5.0,5.0,55.0,0,55,0.3783653676509857,0.0412500731816346,,crash_vehicle
2619,fresh,5,fresh,,,0,0,0,12,1,1,20.0,20.0,15.0,35.0,0,239,4.718554973602295,0.11276768523591832,,crash_vehicle
2620,crossover,3,crossover,,maximum_distractor_speed,1,0,0,4,0,0,10.0,5.0,15.0,20.0,2,33,0.12181980907917023,0.0,,crash_vehicle
2621,fresh,1,fresh,,,0,1,0,2,1,0,5.0,5.0,5.0,20.0,1,30,0.11537770926952362,0.0,,crash_vehicle
2622,crossover,3,crossover,,distractor_cars|has_cluster|maximum_distractor_speed|brake_dist,2,1,0,4,1,0,15.0,5.0,5.0,35.0,0,24,-0.020148247480392456,0.0,,crash_vehicle
2623,fresh,3,fresh,,,0,1,1,5,0,1,20.0,10.0,5.0,35.0,3,68,0.3599664866924286,0.014445970492327915,,crash_vehicle
2624,mutation,2,mutation,brake_dist,,0,0,0,3,0,0,20.0,20.0,10.0,35.0,2,1000,0.37919631600379944,0.00036736561823636296,,max_step
2625,fresh,0,fresh,,,0,1,0,1,0,1,20.0,10.0,10.0,35.0,1,186,9.013387680053711,0.2634292677525551,,out_of_road
2626,replay,0,replay,,,0,1,0,1,0,1,20.0,10.0,10.0,35.0,1,68,0.7682548761367798,0.16140949249486714,,out_of_road
2627,fresh,1,fresh,,,0,1,0,2,1,0,10.0,20.0,5.0,55.0,1,142,3.3036208152770996,0.07891100213508791,,crash_vehicle
2628,replay,1,replay,,,0,1,0,2,1,0,10.0,20.0,5.0,55.0,1,54,0.5512640476226807,0.1499943563507663,,crash_vehicle
2629,fresh,1,fresh,,,0,1,0,2,0,1,15.0,10.0,5.0,20.0,1,132,2.587467670440674,0.10663403694828351,,out_of_road
2630,crossover,1,crossover,,distractor_cars|has_cluster|maximum_distractor_speed|distance_to_nearest|cluster_dist,2,1,0,2,1,0,5.0,5.0,5.0,20.0,0,1000,0.49277040362358093,0.0017356791449710726,,max_step
2631,fresh,0,fresh,,,0,1,1,1,0,1,10.0,40.0,5.0,20.0,1,191,7.982825756072998,0.2676530840236167,,out_of_road
2632,mutation,2,mutation,maximum_distractor_speed,,1,1,1,3,0,0,5.0,20.0,15.0,55.0,0,180,3.513216972351074,0.13400194505229593,,crash_vehicle
2633,fresh,6,fresh,,,0,1,0,18,0,0,20.0,5.0,10.0,55.0,1,1000,0.010786034166812897,0.0003004198595881462,,max_step
2634,mutation,3,mutation,has_brake_checker,,0,1,0,4,0,0,20.0,40.0,10.0,20.0,3,143,2.7909743785858154,0.10930170469194442,,crash_vehicle
2635,fresh,0,fresh,,,0,0,0,0,0,0,5.0,40.0,10.0,10.0,0,134,5.360820770263672,0.12185532221598412,,out_of_road
2636,replay,0,replay,,,0,0,0,0,0,0,5.0,40.0,10.0,10.0,0,1000,3.015533208847046,0.03267452976666391,,max_step
2637,fresh,0,fresh,,,0,1,0,1,1,1,5.0,5.0,10.0,20.0,1,118,2.2943789958953857,0.03921653854392343,,crash_vehicle
2638,replay,0,replay,,,0,1,0,1,1,1,5.0,5.0,10.0,20.0,1,98,2.976907253265381,0.06355220751304712,,crash_vehicle
2639,fresh,1,fresh,,,0,1,1,2,1,1,10.0,10.0,10.0,35.0,2,125,3.2297189235687256,0.06380087361857295,,crash_vehicle
2640,replay,1,replay,,,0,1,1,2,1,1,10.0,10.0,10.0,35.0,2,94,2.113196849822998,0.0739650592762739,,out_of_road
2641,fresh,2,fresh,,,0,1,1,3,0,0,15.0,10.0,15.0,55.0,2,373,8.940801620483398,0.2907531990772038,,crash_vehicle
2642,mutation,6,mutation,brake_dist,,0,1,1,18,1,1,5.0,40.0,15.0,55.0,3,74,1.3939361572265625,0.023768854931600997,,crash_vehicle
2643,fresh,0,fresh,,,0,0,0,1,0,1,15.0,20.0,10.0,20.0,1,77,1.9359322786331177,0.02858292024776146,,out_of_road
2644,crossover,4,crossover,,select_lane|ego_on_intersection|intersection_has_cars|has_cluster|distance_to_nearest|brake_dist,2,0,0,8,1,0,20.0,5.0,5.0,55.0,0,149,3.4969680309295654,0.3381723350776522,,out_of_road
2645,fresh,1,fresh,,,0,1,1,2,0,0,15.0,5.0,15.0,20.0,2,83,2.7155606746673584,0.05059026163744639,,out_of_road
2646,replay,1,replay,,,0,1,1,2,0,0,15.0,5.0,15.0,20.0,2,184,3.1718599796295166,0.12468279062000953,,crash_vehicle
2647,fresh,5,fresh,,,0,1,0,12,0,0,20.0,40.0,15.0,10.0,2,114,3.30224609375,0.07353271781303511,,crash_vehicle
2648,replay,5,replay,,,0,1,0,12,0,0,20.0,40.0,15.0,10.0,2,111,3.1442463397979736,0.06308859524208012,,crash_vehicle
2649,fresh,0,fresh,,,0,0,0,1,0,0,5.0,10.0,15.0,35.0,1,43,0.177138552069664,0.02163820150633191,,out_of_road
2650,crossover,5,crossover,,select_lane|ego_on_intersection|intersection_has_cars|distractor_cars|has_brake_checker|has_cluster|maximum_distractor_speed,4,0,0,12,0,0,10.0,10.0,5.0,55.0,3,343,10.802112579345703,0.18068026539899473,,out_of_road
2651,fresh,0,fresh,,,0,0,0,0,0,0,20.0,20.0,5.0,20.0,0,125,4.5975494384765625,0.07288125273585319,,out_of_road
2652,crossover,5,crossover,,distractor_cars|has_brake_checker|intersection_cars|has_cluster|distance_to_nearest,3,0,0,12,0,0,10.0,40.0,5.0,35.0,0,73,1.2439167499542236,0.011763375482126458,,crash_vehicle
2653,fresh,0,fresh,,,0,0,0,1,0,1,10.0,20.0,10.0,10.0,1,128,4.526336193084717,0.056277682171639754,,out_of_road
2654,replay,0,replay,,,0,0,0,1,0,1,10.0,20.0,10.0,10.0,1,197,7.9006805419921875,0.300444165329794,,out_of_road
2655,fresh,0,fresh,,,0,1,0,0,1,0,20.0,40.0,15.0,55.0,0,42,1.2050483226776123,0.02547927378188996,,arrive_dest
2656,replay,0,replay,,,0,1,0,0,1,0,20.0,40.0,15.0,55.0,0,91,1.4411301612854004,0.08614731090818788,,crash_vehicle
2657,fresh,6,fresh,,,0,1,1,18,0,1,5.0,5.0,5.0,10.0,3,125,0.07380843162536621,0.018252069413661958,,crash_vehicle
2658,mutation,0,mutation,maximum_distractor_speed,,1,1,0,0,0,0,20.0,20.0,5.0,10.0,0,143,6.651195526123047,0.18909855512576504,,out_of_road
2659,fresh,3,fresh,,,0,0,0,5,0,0,20.0,10.0,5.0,20.0,3,107,2.114990234375,0.0640575966632394,,out_of_road
2660,crossover,6,crossover,,distractor_cars|intersection_cars|maximum_distractor_speed|cluster_dist,0,1,0,18,1,1,20.0,5.0,15.0,55.0,2,104,0.10780999064445496,0.0004084428342489096,,crash_vehicle
2661,fresh,6,fresh,,,0,0,0,18,0,1,15.0,5.0,10.0,10.0,1,100,0.5914949774742126,0.11637848084792494,,crash_vehicle
2662,mutation,4,mutation,select_road|select_lane|ego_on_intersection|intersection_has_cars,,1,0,0,8,0,0,15.0,20.0,10.0,55.0,1,1000,2.412564754486084,0.00996671587973833,,max_step
2663,fresh,6,fresh,,,0,1,0,18,1,0,10.0,20.0,5.0,35.0,0,73,0.8904768228530884,0.015388494893296124,,crash_vehicle
2664,replay,6,replay,,,0,1,0,18,1,0,10.0,20.0,5.0,35.0,0,197,8.87894344329834,0.18818108448144144,,out_of_road
2665,fresh,2,fresh,,,0,0,0,3,1,1,20.0,10.0,10.0,35.0,0,46,0.33938297629356384,0.0,,crash_vehicle
2666,mutation,6,mutation,intersection_cars,,1,0,0,18,1,0,20.0,20.0,5.0,55.0,0,52,0.47229310870170593,0.010403909362279452,,crash_vehicle
2667,fresh,1,fresh,,,0,0,0,2,1,0,5.0,20.0,10.0,35.0,2,270,5.720380783081055,0.13353867913009942,,out_of_road
2668,crossover,3,crossover,,distractor_cars|has_cluster|maximum_distractor_speed,2,0,0,4,1,0,20.0,20.0,10.0,55.0,2,385,13.110379219055176,0.22195956010564968,,out_of_road
2669,fresh,5,fresh,,,0,1,1,12,1,0,5.0,5.0,10.0,20.0,0,1000,0.2915116250514984,0.006879396582022309,,max_step
2670,replay,5,replay,,,0,1,1,12,1,0,5.0,5.0,10.0,20.0,0,268,10.739607810974121,0.30094324707865033,,out_of_road
2671,fresh,2,fresh,,,0,0,0,3,0,1,10.0,5.0,5.0,20.0,2,607,3.881631851196289,0.09242263270152312,,out_of_road
2672,mutation,6,mutation,cluster_dist,,0,1,0,18,1,0,15.0,40.0,5.0,55.0,1,222,8.73708438873291,0.1416251296764827,,out_of_road
2673,fresh,3,fresh,,,0,1,1,5,1,0,20.0,40.0,15.0,55.0,0,108,2.8623206615448,0.058344903781458186,,crash_vehicle
2674,crossover,2,crossover,,select_lane|ego_on_intersection|intersection_has_cars|distractor_cars|has_brake_checker|maximum_distractor_speed|distance_to_nearest,2,0,0,3,0,0,10.0,5.0,5.0,10.0,1,1000,0.1325714886188507,0.00026889942213892935,,max_step
2675,fresh,3,fresh,,,0,1,1,5,0,1,10.0,20.0,15.0,35.0,0,81,1.0666531324386597,0.02318786273216024,,crash_vehicle
2676,replay,3,replay,,,0,1,1,5,0,1,10.0,20.0,15.0,35.0,0,126,1.0632351636886597,0.04145614269544326,,crash_vehicle
2677,fresh,3,fresh,,,0,1,0,4,0,0,15.0,40.0,10.0,35.0,1,115,3.3975510597229004,0.04370028143343718,,out_of_road
2678,mutation,3,mutation,brake_dist,,1,0,0,5,0,0,15.0,5.0,15.0,20.0,3,23,-0.01549491286277771,0.0,,crash_vehicle
2679,fresh,5,fresh,,,0,1,1,12,0,1,5.0,40.0,5.0,20.0,0,75,1.5918530225753784,0.028448507984479267,,crash_vehicle
2680,mutation,6,mutation,brake_dist,,1,0,0,18,1,0,15.0,20.0,10.0,35.0,1,22,-0.25582078099250793,0.04551585628227754,,out_of_road
2681,fresh,1,fresh,,,0,1,1,2,0,0,15.0,40.0,10.0,55.0,2,146,2.807898759841919,0.08996427480182419,,out_of_road
2682,mutation,4,mutation,maximum_distractor_speed,,1,1,0,8,0,0,10.0,20.0,10.0,55.0,3,203,8.505776405334473,0.12638893041741378,,out_of_road
2683,fresh,2,fresh,,,0,0,0,3,0,0,5.0,5.0,15.0,55.0,1,1000,0.04153723642230034,0.00014693164825439452,,max_step
2684,replay,2,replay,,,0,0,0,3,0,0,5.0,5.0,15.0,55.0,1,176,8.34792709350586,0.15256430505542085,,out_of_road
2685,fresh,6,fresh,,,0,1,1,18,1,1,20.0,5.0,15.0,20.0,2,55,-0.009166479110717773,0.028239222192628817,,crash_vehicle
2686,crossover,4,crossover,,distractor_cars|has_cluster|cluster_dist,2,1,0,8,1,0,15.0,40.0,15.0,55.0,3,99,2.69960880279541,0.050681390639657924,,crash_vehicle
2687,fresh,6,fresh,,,0,1,1,18,0,1,5.0,40.0,15.0,10.0,2,98,2.0575194358825684,0.017117940649694324,,crash_vehicle
2688,crossover,1,crossover,,select_lane|ego_on_intersection|intersection_has_cars|distractor_cars|has_cluster|cluster_dist|brake_dist,3,0,0,2,0,0,10.0,40.0,15.0,20.0,1,96,1.932236909866333,0.044177131164663784,,crash_vehicle
2689,fresh,0,fresh,,,0,0,0,1,1,0,5.0,20.0,10.0,55.0,1,51,0.8193984031677246,0.020134414162705925,,out_of_road
2690,crossover,4,crossover,,intersection_cars|has_cluster|brake_dist,2,1,0,8,1,0,15.0,5.0,10.0,20.0,3,116,0.006893381476402283,0.014407507593518701,,crash_vehicle
2691,fresh,3,fresh,,,0,1,1,5,0,0,20.0,20.0,15.0,35.0,2,1000,3.695148229598999,0.04675850077345967,,max_step
2692,mutation,1,mutation,select_road|select_lane|ego_on_intersection|intersection_has_cars,,2,1,0,2,0,0,20.0,20.0,10.0,35.0,2,121,4.066966533660889,0.04794689121633029,,out_of_road
2693,fresh,4,fresh,,,0,0,0,8,0,1,10.0,5.0,15.0,20.0,2,66,0.20044569671154022,0.024896098295523025,,crash_vehicle
2694,mutation,6,mutation,select_road|select_lane|ego_on_intersection|intersection_has_cars,,1,0,0,18,1,0,15.0,20.0,10.0,55.0,1,141,2.9969072341918945,0.12067998237643682,,out_of_road
2695,fresh,2,fresh,,,0,1,0,3,1,0,20.0,40.0,10.0,55.0,1,1000,1.1503973007202148,0.007338309451937675,,max_step
2696,mutation,6,mutation,maximum_distractor_speed,,1,0,0,18,0,0,5.0,5.0,10.0,35.0,2,179,1.7575712203979492,0.07100368300504857,,crash_vehicle
2697,fresh,3,fresh,,,0,1,0,4,0,0,15.0,10.0,5.0,10.0,1,265,9.001816749572754,0.2563732800337504,,out_of_road
2698,crossover,5,crossover,,distractor_cars|has_brake_checker|intersection_cars|has_cluster|maximum_distractor_speed|distance_to_nearest|cluster_dist,4,1,1,12,1,1,10.0,5.0,10.0,55.0,0,217,1.15664541721344,0.03172644942543954,,crash_vehicle
2699,fresh,4,fresh,,,0,1,1,8,0,1,5.0,20.0,5.0,35.0,3,73,0.7115450501441956,0.034710079508080874,,crash_vehicle
2700,replay,4,replay,,,0,1,1,8,0,1,5.0,20.0,5.0,35.0,3,82,-0.1596764326095581,0.14103687195697936,,crash_vehicle
2701,fresh,1,fresh,,,0,0,0,2,1,0,10.0,5.0,15.0,20.0,2,157,2.9133150577545166,0.05893079658887189,,crash_vehicle
2702,crossover,4,crossover,,select_lane|ego_on_intersection|intersection_has_cars|distractor_cars|distance_to_nearest|cluster_dist|brake_dist,6,0,0,8,1,0,20.0,10.0,15.0,20.0,0,358,5.753359317779541,0.21188793930565866,,crash_vehicle
2703,fresh,0,fresh,,,0,1,0,0,1,0,20.0,10.0,10.0,35.0,0,47,0.4847273826599121,0.018121945255614343,,out_of_road
2704,crossover,4,crossover,,maximum_distractor_speed|distance_to_nearest,2,1,1,8,0,0,15.0,20.0,5.0,20.0,2,188,5.887508392333984,0.3143700832461423,,out_of_road
2705,fresh,2,fresh,,,0,0,0,3,0,0,5.0,20.0,15.0,20.0,2,306,7.9797282218933105,0.17090749766166305,,out_of_road
2706,replay,2,replay,,,0,0,0,3,0,0,5.0,20.0,15.0,20.0,2,208,4.202452182769775,0.1483516982720735,,out_of_road
2707,fresh,1,fresh,,,0,1,1,2,0,1,15.0,5.0,10.0,20.0,2,52,0.8129183053970337,0.03485186649217772,,out_of_road
2708,crossover,6,crossover,,select_lane|ego_on_intersection|intersection_has_cars|distractor_cars|has_brake_checker|intersection_cars|has_cluster|maximum_distractor_speed,4,0,0,18,1,0,10.0,5.0,10.0,20.0,1,1000,0.020666465163230896,0.007760718804318458,,max_step
2709,fresh,3,fresh,,,0,1,1,5,0,0,20.0,40.0,15.0,55.0,0,185,8.223136901855469,0.15704192160251174,,out_of_road
2710,crossover,1,crossover,,select_lane|ego_on_intersection|intersection_has_cars|distance_to_nearest|cluster_dist|brake_dist,4,0,0,2,1,0,20.0,10.0,10.0,35.0,2,209,6.134381294250488,0.2402613015586965,,out_of_road
2711,fresh,1,fresh,,,0,1,0,2,0,0,15.0,20.0,15.0,10.0,2,158,7.9610724449157715,0.20471147940010775,,out_of_road
2712,crossover,4,crossover,,intersection_cars|maximum_distractor_speed|distance_to_nearest|cluster_dist,3,1,0,8,1,0,20.0,20.0,5.0,55.0,1,80,1.4470915794372559,0.04676370285451412,,out_of_road
2713,fresh,4,fresh,,,0,0,0,8,0,1,5.0,10.0,10.0,20.0,1,74,0.6082946062088013,0.014903103832054782,,crash_vehicle
2714,replay,4,replay,,,0,0,0,8,0,1,5.0,10.0,10.0,20.0,1,29,0.07184050977230072,0.0,,crash_vehicle
2715,fresh,4,fresh,,,0,1,0,8,1,0,20.0,10.0,5.0,55.0,2,77,0.7229853868484497,0.028391579867570432,,out_of_road
2716,replay,4,replay,,,0,1,0,8,1,0,20.0,10.0,5.0,55.0,2,1000,1.0101343393325806,0.00398654211871326,,max_step
2717,fresh,0,fresh,,,0,0,0,1,1,1,20.0,40.0,10.0,55.0,1,93,3.021266222000122,0.04874768108129501,,crash_vehicle
2718,replay,0,replay,,,0,0,0,1,1,1,20.0,40.0,10.0,55.0,1,245,8.696334838867188,0.33761795588902066,,out_of_road
2719,fresh,4,fresh,,,0,1,0,8,1,1,10.0,20.0,10.0,35.0,3,1000,1.2853578329086304,0.040855176503071564,,max_step
2720,mutation,4,mutation,distance_to_nearest,,1,1,1,8,0,0,15.0,5.0,5.0,20.0,2,26,-0.005550697445869446,0.0,,crash_vehicle
2721,fresh,6,fresh,,,0,1,1,18,0,1,10.0,40.0,10.0,20.0,0,260,1.397352695465088,0.04168014908209443,,crash_vehicle
2722,replay,6,replay,,,0,1,1,18,0,1,10.0,40.0,10.0,20.0,0,149,3.230985164642334,0.04156065062188462,,crash_vehicle
2723,fresh,3,fresh,,,0,0,0,5,1,0,20.0,20.0,10.0,35.0,1,78,1.0085541009902954,0.016235081813274287,,crash_vehicle
2724,mutation,5,mutation,has_cluster,,0,0,0,12,1,0,5.0,20.0,5.0,55.0,0,81,1.344501256942749,0.015972974422721217,,crash_vehicle
2725,fresh,3,fresh,,,0,1,1,4,0,0,20.0,40.0,15.0,20.0,3,146,5.2843217849731445,0.18944209898273423,,out_of_road
2726,replay,3,replay,,,0,1,1,4,0,0,20.0,40.0,15.0,20.0,3,378,11.9822416305542,0.25312958265255603,,out_of_road
2727,fresh,6,fresh,,,0,1,1,18,1,0,15.0,5.0,15.0,35.0,2,313,9.14892292022705,0.1963073221591715,,out_of_road
2728,replay,6,replay,,,0,1,1,18,1,0,15.0,5.0,15.0,35.0,2,203,5.245880126953125,0.2181180259533997,,crash_vehicle
2729,fresh,0,fresh,,,0,1,0,1,1,0,10.0,40.0,15.0,55.0,0,55,0.8253945112228394,0.013382564485073089,,out_of_road
2730,mutation,5,mutation,brake_dist,,0,1,1,12,1,0,20.0,10.0,10.0,55.0,2,47,0.3147761821746826,0.0005346952759205027,,crash_vehicle
2731,fresh,3,fresh,,,0,0,0,4,1,0,10.0,10.0,15.0,20.0,3,45,0.2940203845500946,0.009670886562930213,,crash_vehicle
2732,replay,3,replay,,,0,0,0,4,1,0,10.0,10.0,15.0,20.0,3,158,6.0564069747924805,0.11485679952804989,,out_of_road
2733,fresh,6,fresh,,,0,0,0,18,1,0,5.0,20.0,15.0,35.0,2,78,1.3363114595413208,0.008988816291093826,,crash_vehicle
2734,replay,6,replay,,,0,0,0,18,1,0,5.0,20.0,15.0,35.0,2,133,2.0440800189971924,0.1304640309899149,,crash_vehicle
2735,fresh,1,fresh,,,0,1,0,2,1,0,15.0,10.0,15.0,20.0,1,216,0.2819565534591675,0.007360622459263714,,crash_vehicle
2736,crossover,5,crossover,,select_lane|ego_on_intersection|intersection_has_cars|distractor_cars|has_brake_checker|intersection_cars|brake_dist,3,0,0,12,0,0,15.0,20.0,5.0,55.0,2,144,3.2935638427734375,0.06074937743445238,,out_of_road
2737,fresh,5,fresh,,,0,1,0,12,0,1,20.0,40.0,10.0,10.0,1,75,1.5744233131408691,0.025359716018040976,,crash_vehicle
2738,crossover,3,crossover,,distractor_cars|has_brake_checker|maximum_distractor_speed|distance_to_nearest|cluster_dist,3,1,1,5,1,0,5.0,40.0,15.0,55.0,3,105,2.9383513927459717,0.037566914462617465,,crash_vehicle
2739,fresh,6,fresh,,,0,0,0,18,1,0,20.0,40.0,5.0,55.0,1,68,1.3793063163757324,0.029916561400408253,,crash_vehicle
2740,replay,6,replay,,,0,0,0,18,1,0,20.0,40.0,5.0,55.0,1,190,8.561779022216797,0.1677041453652476,,out_of_road
2741,fresh,1,fresh,,,0,1,0,2,0,0,10.0,40.0,15.0,55.0,2,78,2.100478410720825,0.02039444589844117,,out_of_road
2742,replay,1,replay,,,0,1,0,2,0,0,10.0,40.0,15.0,55.0,2,192,9.01773452758789,0.2700990474938105,,out_of_road
2743,fresh,3,fresh,,,0,0,0,4,0,0,20.0,10.0,5.0,20.0,0,126,3.0388152599334717,0.11029994291149908,,arrive_dest
2744,crossover,0,crossover,,distractor_cars|intersection_cars|distance_to_nearest|cluster_dist|brake_dist,7,0,0,0,0,0,10.0,5.0,5.0,20.0,0,137,5.539992809295654,0.17228125863076343,rejection_fallback,arrive_dest
2745,fresh,3,fresh,,,0,1,1,5,1,1,20.0,20.0,5.0,55.0,2,78,0.8814457058906555,0.02393214469954658,,crash_vehicle
2746,mutation,2,mutation,has_brake_checker,,1,1,0,3,0,1,20.0,20.0,15.0,35.0,2,37,0.24593892693519592,0.01286427878044747,,crash_vehicle
2747,fresh,0,fresh,,,0,0,0,0,0,0,5.0,20.0,5.0,10.0,0,75,1.8651394844055176,0.028187958349784215,,out_of_road
2748,mutation,0,mutation,distractor_cars,,2,1,1,1,1,0,20.0,10.0,10.0,20.0,1,1000,3.0504188537597656,0.012324824653565884,,max_step
2749,fresh,2,fresh,,,0,0,0,3,0,0,20.0,10.0,10.0,55.0,1,47,0.08208701014518738,0.009135003895201582,,out_of_road
2750,mutation,5,mutation,distractor_cars,,1,0,0,12,0,1,15.0,10.0,10.0,20.0,1,89,0.9882045984268188,0.0853524182745245,,crash_vehicle
2751,fresh,4,fresh,,,0,1,0,8,0,1,10.0,10.0,15.0,55.0,0,65,0.6090050935745239,0.00990993626988851,,crash_vehicle
2752,replay,4,replay,,,0,1,0,8,0,1,10.0,10.0,15.0,55.0,0,209,2.9313204288482666,0.12715776599765394,,out_of_road
2753,fresh,5,fresh,,,0,1,1,12,0,0,20.0,20.0,10.0,55.0,3,226,8.177929878234863,0.3231817502775683,,out_of_road
2754,crossover,5,crossover,,distractor_cars|has_cluster|maximum_distractor_speed|cluster_dist|brake_dist,3,1,1,12,0,0,5.0,5.0,15.0,20.0,3,1000,2.8466315269470215,0.031847337769344446,,max_step
2755,fresh,3,fresh,,,0,1,0,5,0,0,15.0,20.0,15.0,10.0,2,59,0.5778131484985352,0.01874797425027621,,crash_vehicle
2756,replay,3,replay,,,0,1,0,5,0,0,15.0,20.0,15.0,10.0,2,2,0.4929417073726654,0.0,,arrive_dest
2757,fresh,3,fresh,,,0,1,1,5,0,1,15.0,40.0,15.0,55.0,3,92,2.083059072494507,0.07117998061458701,,crash_vehicle
2758,replay,3,replay,,,0,1,1,5,0,1,15.0,40.0,15.0,55.0,3,317,8.718239784240723,0.22676114024512165,,out_of_road
2759,fresh,2,fresh,,,0,0,0,3,0,1,10.0,5.0,10.0,20.0,0,26,-0.030549779534339905,0.0,,crash_vehicle
2760,mutation,3,mutation,distractor_cars,,1,1,1,5,0,0,10.0,40.0,15.0,10.0,2,1000,0.9762517809867859,0.003427130330353975,,max_step
2761,fresh,2,fresh,,,0,1,1,3,1,1,10.0,5.0,10.0,20.0,0,25,-0.01293933391571045,0.0036763644218444826,,crash_vehicle
2762,crossover,1,crossover,,has_brake_checker|has_cluster|cluster_dist,3,1,1,2,0,0,20.0,5.0,10.0,55.0,1,65,0.28981247544288635,0.054237175431962194,,crash_vehicle
2763,fresh,0,fresh,,,0,1,1,0,0,0,20.0,10.0,15.0,35.0,0,48,0.8013235330581665,0.018615828555387754,,out_of_road
2764,mutation,5,mutation,select_road|select_lane|ego_on_intersection|intersection_has_cars,,1,1,1,12,1,0,20.0,20.0,10.0,35.0,1,61,0.6451422572135925,0.04011571905041327,,out_of_road
2765,fresh,6,fresh,,,0,1,0,18,1,1,15.0,5.0,15.0,20.0,3,148,0.5373122096061707,0.11198454395540662,,out_of_road
2766,mutation,6,mutation,intersection_cars,,0,0,0,18,0,0,15.0,20.0,10.0,55.0,3,68,1.0344383716583252,0.006223301375832628,,crash_vehicle
2767,fresh,3,fresh,,,0,1,0,4,0,1,15.0,10.0,10.0,55.0,0,52,0.34286490082740784,0.003974476462015166,,crash_vehicle
2768,replay,3,replay,,,0,1,0,4,0,1,15.0,10.0,10.0,55.0,0,86,2.430133104324341,0.05013560957470259,,out_of_road
2769,fresh,5,fresh,,,0,1,0,12,0,0,15.0,40.0,15.0,35.0,2,93,2.2744767665863037,0.04447021027050552,,out_of_road
2770,mutation,0,mutation,cluster_dist,,0,1,0,0,0,0,20.0,20.0,5.0,10.0,0,74,2.0441434383392334,0.028586998726618854,,out_of_road
2771,fresh,4,fresh,,,0,1,0,8,0,1,15.0,40.0,15.0,55.0,1,89,2.3693318367004395,0.0515281886511137,,out_of_road
2772,mutation,6,mutation,distance_to_nearest,,2,1,0,18,1,1,15.0,20.0,15.0,35.0,3,142,2.7718489170074463,0.08050331237240577,,crash_vehicle
2773,fresh,4,fresh,,,0,1,0,8,1,0,15.0,40.0,10.0,55.0,3,80,1.761040210723877,0.030800351325888188,,crash_vehicle
2774,mutation,1,mutation,select_road|select_lane|ego_on_intersection|intersection_has_cars,,2,1,1,2,0,0,15.0,10.0,15.0,35.0,1,56,0.4383486807346344,0.006861513181190405,,crash_vehicle
2775,fresh,3,fresh,,,0,1,1,5,1,0,10.0,5.0,15.0,55.0,0,29,0.08683468401432037,0.009891977597927225,,crash_vehicle
2776,crossover,0,crossover,,select_lane|ego_on_intersection|intersection_has_cars|has_brake_checker|has_cluster|maximum_distractor_speed|distance_to_nearest|cluster_dist|brake_dist,7,1,1,0,0,0,10.0,10.0,15.0,20.0,0,133,4.37998104095459,0.04252839476899489,,out_of_road
2777,fresh,0,fresh,,,0,0,0,1,0,1,10.0,20.0,5.0,10.0,1,109,3.1376407146453857,0.03272556839938011,,out_of_road
2778,replay,0,replay,,,0,0,0,1,0,1,10.0,20.0,5.0,10.0,1,127,5.3137946128845215,0.13267101618776642,,out_of_road
2779,fresh,3,fresh,,,0,1,0,4,0,0,20.0,10.0,5.0,20.0,0,225,8.19970989227295,0.29727889533879026,,out_of_road
2780,mutation,3,mutation,brake_dist,,0,1,1,4,0,0,20.0,10.0,10.0,20.0,3,41,0.21193087100982666,0.01831048218215384,,crash_vehicle
2781,fresh,3,fresh,,,0,0,0,5,1,0,15.0,40.0,10.0,55.0,3,175,3.4594390392303467,0.07323781161436013,,out_of_road
2782,crossover,1,crossover,,select_lane|ego_on_intersection|intersection_has_cars|distractor_cars|has_brake_checker|has_cluster|maximum_distractor_speed,5,1,1,2,1,0,20.0,5.0,10.0,20.0,2,262,12.95357894897461,0.32373861922662106,,out_of_road
2783,fresh,0,fresh,,,0,0,0,0,1,0,10.0,40.0,15.0,10.0,0,88,1.372751235961914,0.08593609321608463,,crash_vehicle
2784,replay,0,replay,,,0,0,0,0,1,0,10.0,40.0,15.0,10.0,0,145,4.056832790374756,0.11855940254854745,,crash_vehicle
2785,fresh,5,fresh,,,0,1,1,12,1,0,20.0,10.0,5.0,20.0,0,1000,0.5463420748710632,0.007126006374834105,,max_step
2786,replay,5,replay,,,0,1,1,12,1,0,20.0,10.0,5.0,20.0,0,238,8.966748237609863,0.31700950752192436,,out_of_road
2787,fresh,5,fresh,,,0,1,0,12,0,0,20.0,5.0,5.0,10.0,3,236,9.12973690032959,0.29056991726728315,,out_of_road
2788,crossover,4,crossover,,select_lane|ego_on_intersection|intersection_has_cars|distractor_cars|has_cluster|maximum_distractor_speed|cluster_dist|brake_dist,4,0,0,8,0,0,5.0,5.0,5.0,35.0,3,169,0.16504758596420288,0.04504962578504043,,out_of_road
2789,fresh,2,fresh,,,0,1,0,3,0,1,20.0,10.0,15.0,55.0,2,202,6.6729021072387695,0.2844960018393058,,out_of_road
2790,crossover,5,crossover,,distractor_cars|has_brake_checker|maximum_distractor_speed|distance_to_nearest|cluster_dist|brake_dist,3,0,0,12,0,0,5.0,20.0,10.0,20.0,3,48,0.4857257008552551,0.0011009128453830879,,crash_vehicle
2791,fresh,1,fresh,,,0,0,0,2,0,0,15.0,40.0,5.0,20.0,0,21,-0.22025495767593384,0.002587130293250084,,out_of_road
2792,replay,1,replay,,,0,0,0,2,0,0,15.0,40.0,5.0,20.0,0,273,7.394599914550781,0.21665894700685046,,out_of_road
2793,fresh,4,fresh,,,0,1,0,8,1,0,5.0,20.0,5.0,35.0,2,75,1.0760276317596436,0.006926013827323913,,crash_vehicle
2794,mutation,3,mutation,maximum_distractor_speed,,1,0,0,4,0,0,15.0,10.0,5.0,55.0,2,400,0.28845930099487305,0.012351472787559032,,crash_vehicle
2795,fresh,1,fresh,,,0,0,0,2,0,0,20.0,40.0,15.0,20.0,1,157,5.370426177978516,0.14553326115629095,,crash_vehicle
2796,mutation,5,mutation,cluster_dist,,1,1,0,12,0,1,15.0,10.0,10.0,55.0,3,43,0.2165154367685318,0.008659538834594017,,crash_vehicle
2797,fresh,4,fresh,,,0,0,0,8,1,0,15.0,20.0,5.0,35.0,2,59,0.5067309141159058,0.002984308590323238,,crash_vehicle
2798,replay,4,replay,,,0,0,0,8,1,0,15.0,20.0,5.0,35.0,2,147,2.168596029281616,0.09052969137726187,,out_of_road
2799,fresh,4,fresh,,,0,1,1,8,1,1,10.0,5.0,15.0,20.0,3,396,7.945207595825195,0.1852501796351539,,crash_vehicle
2800,replay,4,replay,,,0,1,1,8,1,1,10.0,5.0,15.0,20.0,3,213,9.201164245605469,0.19166882349256897,,out_of_road
2801,fresh,0,fresh,,,0,0,0,1,0,0,5.0,40.0,15.0,10.0,1,108,2.843777656555176,0.1508660850080627,,out_of_road
2802,crossover,5,crossover,,distractor_cars|intersection_cars|has_cluster|brake_dist,2,1,1,12,0,0,20.0,5.0,5.0,35.0,0,29,0.08414196968078613,0.0016500647661500964,,crash_vehicle
2803,fresh,1,fresh,,,0,1,0,2,1,0,5.0,20.0,5.0,35.0,0,711,8.527127265930176,0.04922007174007123,,out_of_road
2804,crossover,4,crossover,,has_brake_checker|cluster_dist|brake_dist,1,1,1,8,0,0,20.0,10.0,5.0,55.0,2,208,8.414915084838867,0.19906831838083094,,out_of_road
2805,fresh,0,fresh,,,0,1,1,1,0,1,20.0,20.0,5.0,35.0,1,169,8.141955375671387,0.25234965697900785,,crash_vehicle
2806,mutation,0,mutation,distractor_cars,,2,1,0,1,1,0,10.0,10.0,10.0,20.0,1,87,1.7227693796157837,0.04471991009924604,,crash_vehicle
2807,fresh,3,fresh,,,0,0,0,5,0,1,10.0,10.0,5.0,35.0,0,46,0.26829734444618225,0.0,,crash_vehicle
2808,replay,3,replay,,,0,0,0,5,0,1,10.0,10.0,5.0,35.0,0,52,0.44374215602874756,0.05220795558908811,,crash_vehicle
2809,fresh,2,fresh,,,0,1,1,3,0,1,10.0,40.0,5.0,10.0,1,65,1.2974644899368286,0.032347674782459555,,crash_vehicle
2810,crossover,5,crossover,,select_lane|ego_on_intersection|intersection_has_cars|distractor_cars|intersection_cars|has_cluster,3,1,0,12,1,0,10.0,40.0,10.0,55.0,1,89,2.2775633335113525,0.05716880323009545,,crash_vehicle
2811,fresh,4,fresh,,,0,0,0,8,1,1,20.0,40.0,5.0,55.0,0,109,2.272247552871704,0.03834216734138104,,out_of_road
2812,replay,4,replay,,,0,0,0,8,1,1,20.0,40.0,5.0,55.0,0,226,0.1892685443162918,0.007245634027254001,,out_of_road
2813,fresh,1,fresh,,,0,1,1,2,1,1,20.0,5.0,10.0,35.0,2,125,2.4820446968078613,0.0363043737411499,,out_of_road
2814,crossover,2,crossover,,intersection_cars|distance_to_nearest,1,1,0,3,0,0,20.0,10.0,10.0,35.0,1,160,0.5630357265472412,0.024179081560578197,,out_of_road
2815,fresh,3,fresh,,,0,0,0,4,0,1,5.0,40.0,15.0,35.0,3,83,2.15604567527771,0.05034294886043273,,crash_vehicle
2816,crossover,2,crossover,,intersection_cars|has_cluster|brake_dist,1,0,0,3,0,0,20.0,20.0,5.0,55.0,2,142,4.454772472381592,0.069616828035091,,out_of_road
2817,fresh,1,fresh,,,0,1,1,2,1,1,10.0,20.0,10.0,35.0,0,164,2.602093458175659,0.0988819617607699,,crash_vehicle
2818,replay,1,replay,,,0,1,1,2,1,1,10.0,20.0,10.0,35.0,0,131,4.5287346839904785,0.0774635874865335,,out_of_road
2819,fresh,3,fresh,,,0,0,0,5,1,0,20.0,5.0,10.0,35.0,1,96,0.658323347568512,0.02902014015126042,,out_of_road
2820,mutation,0,mutation,has_brake_checker,,0,0,0,0,0,0,10.0,5.0,5.0,20.0,0,134,5.379656791687012,0.1008412013344689,,out_of_road
2821,fresh,0,fresh,,,0,0,0,1,0,0,10.0,40.0,5.0,20.0,1,72,1.5413328409194946,0.010578661743137572,,out_of_road
2822,replay,0,replay,,,0,0,0,1,0,0,10.0,40.0,5.0,20.0,1,162,6.541873931884766,0.15973618157483913,,out_of_road
2823,fresh,0,fresh,,,0,0,0,1,1,0,10.0,40.0,10.0,55.0,1,105,2.7659804821014404,0.03500182844166245,,out_of_road
2824,replay,0,replay,,,0,0,0,1,1,0,10.0,40.0,10.0,55.0,1,159,2.8728764057159424,0.0539054548713443,,crash_vehicle
2825,fresh,0,fresh,,,0,0,0,0,1,0,10.0,10.0,5.0,35.0,0,1000,3.060833692550659,0.014537713965401053,,max_step
2826,replay,0,replay,,,0,0,0,0,1,0,10.0,10.0,5.0,35.0,0,236,8.22802448272705,0.12578434608205838,,out_of_road
2827,fresh,1,fresh,,,0,0,0,2,1,0,20.0,5.0,5.0,55.0,0,228,4.091492652893066,0.1705396075961752,,out_of_road
2828,crossover,1,crossover,,has_brake_checker|intersection_cars|maximum_distractor_speed|distance_to_nearest,4,1,0,2,0,0,15.0,5.0,15.0,35.0,1,223,5.225295066833496,0.14610079705982465,,out_of_road
2829,fresh,0,fresh,,,0,1,1,0,0,0,20.0,20.0,5.0,35.0,0,134,5.25704288482666,0.15479346279944503,,out_of_road
2830,replay,0,replay,,,0,1,1,0,0,0,20.0,20.0,5.0,35.0,0,294,9.013834953308105,0.2046861993212278,,out_of_road
2831,fresh,1,fresh,,,0,1,1,2,0,0,20.0,10.0,15.0,10.0,2,72,1.6600613594055176,0.03028901897939957,,out_of_road
2832,crossover,1,crossover,,distractor_cars|has_brake_checker|intersection_cars|has_cluster|maximum_distractor_speed|distance_to_nearest|brake_dist,3,1,1,2,0,1,10.0,20.0,15.0,10.0,2,76,1.6174628734588623,0.010076662035364854,,out_of_road
2833,fresh,2,fresh,,,0,1,1,3,0,1,10.0,10.0,5.0,20.0,0,65,0.31151270866394043,0.005746864584776071,,crash_vehicle
2834,replay,2,replay,,,0,1,1,3,0,1,10.0,10.0,5.0,20.0,0,165,8.357992172241211,0.19998890491710467,,out_of_road
2835,fresh,5,fresh,,,0,0,0,12,0,1,20.0,10.0,15.0,55.0,1,216,8.332343101501465,0.156047980611523,,out_of_road
2836,crossover,5,crossover,,maximum_distractor_speed|cluster_dist|brake_dist,3,0,0,12,0,0,10.0,40.0,5.0,55.0,3,209,0.225739985704422,0.06982345763219601,,crash_vehicle
2837,fresh,2,fresh,,,0,1,1,3,1,1,10.0,5.0,5.0,35.0,2,1000,0.2231321781873703,0.009527140920981765,,max_step
2838,crossover,1,crossover,,select_lane|ego_on_intersection|intersection_has_cars|distractor_cars|brake_dist,4,0,0,2,0,0,20.0,20.0,10.0,20.0,2,81,1.862593173980713,0.021302579361715434,,out_of_road
2839,fresh,1,fresh,,,0,1,0,2,1,1,5.0,10.0,10.0,20.0,1,47,0.3267256021499634,0.006221340057697702,,crash_vehicle
2840,replay,1,replay,,,0,1,0,2,1,1,5.0,10.0,10.0,20.0,1,71,2.358079433441162,0.019709622949807788,,arrive_dest
2841,fresh,0,fresh,,,0,1,0,1,1,0,5.0,5.0,5.0,20.0,0,1000,1.6697274446487427,0.01866696750745177,,max_step
2842,mutation,6,mutation,select_road|select_lane|ego_on_intersection|intersection_has_cars,,1,0,0,18,1,0,10.0,40.0,10.0,55.0,1,79,2.011913299560547,0.023232116446464876,,crash_vehicle
2843,fresh,0,fresh,,,0,0,0,1,1,0,5.0,40.0,15.0,55.0,0,83,1.4648672342300415,0.026325430137565338,,crash_vehicle
2844,replay,0,replay,,,0,0,0,1,1,0,5.0,40.0,15.0,55.0,0,184,8.394704818725586,0.17333049004209106,,out_of_road
2845,fresh,3,fresh,,,0,1,1,5,1,0,10.0,40.0,15.0,55.0,0,139,4.361355781555176,0.057169634724880077,,out_of_road
2846,replay,3,replay,,,0,1,1,5,1,0,10.0,40.0,15.0,55.0,0,241,11.759441375732422,0.38448645367723777,,out_of_road
2847,fresh,0,fresh,,,0,1,0,1,1,1,10.0,5.0,5.0,35.0,1,94,2.2805590629577637,0.05017143069825908,,crash_vehicle
2848,replay,0,replay,,,0,1,0,1,1,1,10.0,5.0,5.0,35.0,1,135,2.627701997756958,0.021671455781216976,,out_of_road
2849,fresh,2,fresh,,,0,0,0,3,0,0,15.0,40.0,5.0,10.0,3,176,9.710911750793457,0.31126234121620655,,out_of_road
2850,replay,2,replay,,,0,0,0,3,0,0,15.0,40.0,5.0,10.0,3,43,0.265225887298584,0.04055116997035437,,out_of_road
2851,fresh,1,fresh,,,0,0,0,2,0,0,10.0,10.0,5.0,35.0,2,182,8.331345558166504,0.18898828203820592,,crash_vehicle
2852,replay,1,replay,,,0,0,0,2,0,0,10.0,10.0,5.0,35.0,2,273,7.264683723449707,0.20687736189436345,,crash_vehicle
2853,fresh,6,fresh,,,0,1,1,18,0,1,10.0,5.0,15.0,55.0,2,32,0.07336781919002533,0.0036778345238417387,,crash_vehicle
2854,replay,6,replay,,,0,1,1,18,0,1,10.0,5.0,15.0,55.0,2,121,4.273839473724365,0.11168843777157551,,out_of_road
2855,fresh,0,fresh,,,0,0,0,0,0,0,5.0,5.0,15.0,35.0,0,112,2.6970252990722656,0.07506122077549142,,out_of_road
2856,mutation,6,mutation,has_cluster,,1,1,1,18,1,0,5.0,40.0,15.0,55.0,3,70,1.3285802602767944,0.027379014742161548,,crash_vehicle
2857,fresh,2,fresh,,,0,0,0,3,1,1,20.0,40.0,5.0,55.0,0,1000,2.4679207801818848,0.01202009397931397,,max_step
2858,replay,2,replay,,,0,0,0,3,1,1,20.0,40.0,5.0,55.0,0,453,3.2327914237976074,0.14455451628616775,,crash_vehicle
2859,fresh,0,fresh,,,0,1,0,0,0,0,15.0,5.0,15.0,55.0,0,199,8.249832153320312,0.13124428497599297,,out_of_road
2860,crossover,2,crossover,,select_lane|ego_on_intersection|intersection_has_cars|has_cluster|maximum_distractor_speed|distance_to_nearest,3,0,0,3,0,0,5.0,40.0,5.0,10.0,2,37,0.25485217571258545,0.005912519991397858,,crash_vehicle
2861,fresh,3,fresh,,,0,1,1,5,1,1,15.0,10.0,10.0,55.0,2,1000,2.112705707550049,0.016269244890660048,,max_step
2862,replay,3,replay,,,0,1,1,5,1,1,15.0,10.0,10.0,55.0,2,172,2.036916732788086,0.15840098118886006,,crash_vehicle
2863,fresh,6,fresh,,,0,0,0,18,0,1,15.0,10.0,15.0,10.0,1,24,-0.023547902703285217,0.0,,crash_vehicle
2864,crossover,1,crossover,,has_brake_checker|maximum_distractor_speed|cluster_dist|brake_dist,4,1,1,2,1,0,20.0,20.0,10.0,35.0,0,199,8.98828411102295,0.1740414690806638,,out_of_road
2865,fresh,1,fresh,,,0,0,0,2,0,1,15.0,10.0,5.0,55.0,2,1000,0.0957552045583725,0.0037551713953725995,,max_step
2866,mutation,0,mutation,maximum_distractor_speed,,1,1,1,1,1,1,15.0,20.0,10.0,55.0,1,98,3.5614535808563232,0.1072171049914798,,crash_vehicle
2867,fresh,0,fresh,,,0,1,1,0,1,0,20.0,10.0,10.0,10.0,0,140,2.3375558853149414,0.12787499309384398,,crash_vehicle
2868,crossover,4,crossover,,distractor_cars|has_brake_checker|intersection_cars|distance_to_nearest|cluster_dist,1,1,1,8,0,0,15.0,20.0,10.0,55.0,3,71,1.1475186347961426,0.028089423021170457,,crash_vehicle
2869,fresh,1,fresh,,,0,0,0,2,1,0,10.0,20.0,10.0,35.0,2,113,2.916125774383545,0.1360272908319546,,crash_vehicle
2870,mutation,6,mutation,intersection_cars,,0,1,1,18,1,1,15.0,5.0,15.0,20.0,2,1000,3.7847325801849365,0.047801909049041566,,max_step
2871,fresh,2,fresh,,,0,1,0,3,0,0,20.0,5.0,15.0,20.0,1,290,6.253397464752197,0.18161232467612315,,out_of_road
2872,crossover,5,crossover,,has_brake_checker|distance_to_nearest,0,1,1,12,1,0,20.0,10.0,10.0,55.0,0,38,0.31473416090011597,0.0,,crash_vehicle
2873,fresh,0,fresh,,,0,0,0,1,1,1,5.0,5.0,5.0,35.0,0,190,0.7091366052627563,0.04546828197413369,,out_of_road
2874,mutation,3,mutation,has_cluster,,0,0,0,4,0,0,15.0,40.0,10.0,10.0,3,116,4.151848316192627,0.18443231244475164,,arrive_dest
2875,fresh,0,fresh,,,0,0,0,0,0,0,10.0,5.0,5.0,20.0,0,117,4.381061553955078,0.06867194982070444,rejection_fallback,out_of_road
2876,replay,0,replay,,,0,0,0,0,0,0,10.0,5.0,5.0,20.0,0,269,6.811029434204102,0.19371981096201227,,out_of_road
2877,fresh,0,fresh,,,0,0,0,1,1,0,20.0,20.0,15.0,35.0,1,198,4.463335037231445,0.14424211214381186,,crash_vehicle
2878,crossover,4,crossover,,select_lane|ego_on_intersection|intersection_has_cars|has_brake_checker|has_cluster|cluster_dist,4,1,1,8,1,0,20.0,10.0,10.0,20.0,0,45,0.15926837921142578,0.029272408617867365,,out_of_road
2879,fresh,0,fresh,,,0,1,0,1,1,0,10.0,10.0,15.0,20.0,0,40,0.22884388267993927,0.0016300896648317575,,crash_vehicle
2880,mutation,2,mutation,distance_to_nearest,,2,1,0,3,1,1,15.0,40.0,10.0,55.0,0,198,8.727640151977539,0.18054189703737697,,out_of_road
2881,fresh,3,fresh,,,0,1,1,4,0,0,15.0,20.0,15.0,55.0,0,94,1.907020926475525,0.0879765702708763,,crash_vehicle
2882,replay,3,replay,,,0,1,1,4,0,0,15.0,20.0,15.0,55.0,0,153,2.925886631011963,0.10746385214326817,,crash_vehicle
2883,fresh,0,fresh,,,0,0,0,0,0,0,20.0,5.0,10.0,55.0,0,113,2.8258163928985596,0.08817757468307967,,out_of_road
2884,mutation,6,mutation,cluster_dist,,0,1,1,18,1,0,20.0,5.0,5.0,20.0,0,23,-0.01684439182281494,0.03546437750691953,,crash_vehicle
2885,fresh,2,fresh,,,0,1,1,3,1,0,15.0,20.0,15.0,35.0,2,91,1.7703815698623657,0.07259416488091369,,crash_vehicle
2886,crossover,1,crossover,,distractor_cars|intersection_cars|maximum_distractor_speed|distance_to_nearest|brake_dist,2,1,1,2,1,0,20.0,5.0,5.0,20.0,0,97,0.6248388886451721,0.02834989724815199,,out_of_road
2887,fresh,4,fresh,,,0,0,0,8,0,0,15.0,40.0,15.0,55.0,2,170,5.535061359405518,0.25830030461006304,,out_of_road
2888,mutation,5,mutation,cluster_dist,,0,0,0,12,0,0,10.0,40.0,10.0,20.0,3,139,0.3596380650997162,0.0614333304462673,,out_of_road
2889,fresh,1,fresh,,,0,1,1,2,1,0,15.0,10.0,10.0,35.0,1,177,3.3847413063049316,0.18220960567205471,,out_of_road
2890,replay,1,replay,,,0,1,1,2,1,0,15.0,10.0,10.0,35.0,1,146,2.280386447906494,0.13048954866826534,,out_of_road
2891,fresh,6,fresh,,,0,1,1,18,0,1,10.0,40.0,5.0,10.0,2,49,0.6275848746299744,0.01232670536454843,,out_of_road
2892,crossover,2,crossover,,select_lane|ego_on_intersection|intersection_has_cars|intersection_cars|has_cluster|maximum_distractor_speed|distance_to_nearest,6,1,1,3,0,1,10.0,40.0,5.0,10.0,2,50,0.7669707536697388,0.04176962744444609,,out_of_road
2893,fresh,0,fresh,,,0,0,0,1,0,0,10.0,5.0,15.0,35.0,1,19,-0.21877922117710114,0.0011376064074666876,,out_of_road
2894,mutation,5,mutation,cluster_dist,,1,0,0,12,1,1,15.0,20.0,5.0,35.0,2,648,8.289054870605469,0.10406696817975629,,out_of_road
2895,fresh,3,fresh,,,0,0,0,4,0,0,15.0,5.0,15.0,55.0,2,1000,0.9246187806129456,0.009185326994396746,,max_step
2896,replay,3,replay,,,0,0,0,4,0,0,15.0,5.0,15.0,55.0,2,1000,0.6129645705223083,0.008275277060922235,,max_step
2897,fresh,1,fresh,,,0,0,0,2,0,1,5.0,10.0,15.0,10.0,0,48,0.35392308235168457,0.007707073896502455,,crash_vehicle
2898,mutation,0,mutation,has_cluster,,7,0,0,0,0,0,10.0,5.0,5.0,20.0,0,117,2.9117188453674316,0.11202699090871546,rejection_fallback,out_of_road
2899,fresh,6,fresh,,,0,0,0,18,0,1,15.0,20.0,5.0,55.0,2,1000,0.8054941892623901,0.0029735973170027137,,max_step
2900,replay,6,replay,,,0,0,0,18,0,1,15.0,20.0,5.0,55.0,2,188,4.977050304412842,0.257514727638757,,crash_vehicle
2901,fresh,1,fresh,,,0,0,0,2,0,0,5.0,20.0,10.0,10.0,1,89,0.9323122501373291,0.010991419445765153,,crash_vehicle
2902,replay,1,replay,,,0,0,0,2,0,0,5.0,20.0,10.0,10.0,1,176,9.12812614440918,0.3266555869486183,,out_of_road
2903,fresh,3,fresh,,,0,1,0,4,0,1,15.0,40.0,10.0,35.0,3,1000,1.4571571350097656,0.004092081177514046,,max_step
2904,replay,3,replay,,,0,1,0,4,0,1,15.0,40.0,10.0,35.0,3,47,1.3282136917114258,0.03392486686402179,,arrive_dest
2905,fresh,6,fresh,,,0,1,0,18,1,1,20.0,20.0,15.0,35.0,1,204,9.194559097290039,0.2509119281289624,,out_of_road
2906,crossover,6,crossover,,intersection_cars|maximum_distractor_speed|distance_to_nearest|cluster_dist|brake_dist,5,1,1,18,1,0,5.0,10.0,5.0,55.0,3,40,0.12996092438697815,0.01287904977798462,,out_of_road
2907,fresh,1,fresh,,,0,1,1,2,1,1,5.0,5.0,15.0,20.0,0,31,0.08672554790973663,0.004949663285045854,,crash_vehicle
2908,crossover,4,crossover,,has_cluster|distance_to_nearest|brake_dist,1,0,0,8,1,0,15.0,10.0,10.0,55.0,2,49,0.19878067076206207,0.01895645869021513,,out_of_road
2909,fresh,0,fresh,,,0,1,1,1,0,1,5.0,5.0,15.0,10.0,1,200,9.094595909118652,0.20695068314205856,,out_of_road
2910,crossover,2,crossover,,select_lane|ego_on_intersection|intersection_has_cars|distractor_cars|intersection_cars|maximum_distractor_speed|distance_to_nearest|brake_dist,5,0,0,3,0,1,20.0,20.0,15.0,55.0,2,151,3.0455377101898193,0.12474178267482496,,crash_vehicle
2911,fresh,5,fresh,,,0,1,0,12,0,1,20.0,10.0,5.0,10.0,2,38,0.1314111351966858,0.016549184134131985,,out_of_road
2912,mutation,5,mutation,has_brake_checker,,2,1,0,12,1,0,20.0,5.0,5.0,20.0,3,175,2.7802577018737793,0.11422561812081507,,out_of_road
2913,fresh,0,fresh,,,0,1,1,0,1,0,10.0,5.0,10.0,20.0,0,139,4.489190578460693,0.0865264722889812,,out_of_road
2914,replay,0,replay,,,0,1,1,0,1,0,10.0,5.0,10.0,20.0,0,162,8.504485130310059,0.2632068280406572,,out_of_road
2915,fresh,4,fresh,,,0,0,0,8,0,0,20.0,20.0,5.0,10.0,2,65,0.7888468503952026,0.03748722059222368,,out_of_road
2916,crossover,5,crossover,,distractor_cars|intersection_cars|distance_to_nearest|cluster_dist|brake_dist,3,0,0,12,0,0,15.0,5.0,10.0,35.0,2,404,4.307569980621338,0.06679952424941676,,out_of_road
2917,fresh,0,fresh,,,0,1,1,0,0,0,20.0,10.0,15.0,20.0,0,171,7.1571855545043945,0.22137194099612753,,out_of_road
2918,crossover,4,crossover,,select_lane|ego_on_intersection|intersection_has_cars|distractor_cars|has_brake_checker|intersection_cars|distance_to_nearest|cluster_dist,3,0,0,8,1,0,10.0,5.0,5.0,55.0,0,35,0.1920004040002823,0.039921055188668626,,crash_vehicle
2919,fresh,3,fresh,,,0,1,0,4,1,0,20.0,40.0,5.0,55.0,3,92,2.375182867050171,0.04718680932874913,,crash_vehicle
2920,replay,3,replay,,,0,1,0,4,1,0,20.0,40.0,5.0,55.0,3,250,2.6353917121887207,0.11802502317726613,,out_of_road
2921,fresh,1,fresh,,,0,1,0,2,0,0,20.0,10.0,15.0,10.0,2,70,1.6332231760025024,0.04152316647980894,,out_of_road
2922,mutation,5,mutation,maximum_distractor_speed,,1,0,0,12,1,0,10.0,20.0,5.0,35.0,3,1000,0.41714805364608765,0.009988618887029588,,max_step
2923,fresh,3,fresh,,,0,1,0,5,0,0,20.0,5.0,15.0,35.0,2,164,1.0573277473449707,0.096167456949266,,arrive_dest
2924,replay,3,replay,,,0,1,0,5,0,0,20.0,5.0,15.0,35.0,2,280,10.806323051452637,0.28170151856195713,,out_of_road
2925,fresh,6,fresh,,,0,0,0,18,0,0,15.0,5.0,10.0,35.0,1,1000,0.11343265324831009,0.002391935810446739,,max_step
2926,replay,6,replay,,,0,0,0,18,0,0,15.0,5.0,10.0,35.0,1,93,2.451342821121216,0.027137776696553793,,out_of_road
2927,fresh,4,fresh,,,0,0,0,8,1,1,20.0,20.0,15.0,55.0,3,96,1.694138765335083,0.06108902570364686,,crash_vehicle
2928,replay,4,replay,,,0,0,0,8,1,1,20.0,20.0,15.0,55.0,3,167,2.3579084873199463,0.09689720901298131,,out_of_road
2929,fresh,0,fresh,,,0,0,0,0,1,0,10.0,20.0,15.0,55.0,0,49,0.8183544278144836,0.011505169984029263,,out_of_road
2930,crossover,3,crossover,,select_lane|ego_on_intersection|intersection_has_cars|distractor_cars|has_brake_checker|has_cluster|maximum_distractor_speed|distance_to_nearest,5,0,0,5,0,0,15.0,5.0,10.0,55.0,2,291,11.542790412902832,0.31646910830180053,,out_of_road
2931,fresh,6,fresh,,,0,1,1,18,1,1,20.0,40.0,10.0,55.0,2,73,1.7364035844802856,0.024962808962350022,,crash_vehicle
2932,replay,6,replay,,,0,1,1,18,1,1,20.0,40.0,10.0,55.0,2,123,2.940455198287964,0.06283589432061445,,out_of_road
2933,fresh,2,fresh,,,0,0,0,3,0,0,5.0,40.0,10.0,35.0,3,118,4.0613861083984375,0.39875105094417174,,out_of_road
2934,mutation,5,mutation,brake_dist,,1,0,0,12,0,0,20.0,40.0,10.0,55.0,2,142,4.020493030548096,0.0874346584396463,,out_of_road
2935,fresh,4,fresh,,,0,0,0,8,0,0,10.0,5.0,15.0,55.0,0,23,-0.014399275183677673,0.0,,crash_vehicle
2936,crossover,4,crossover,,distractor_cars|cluster_dist|brake_dist,1,1,0,8,1,0,15.0,20.0,10.0,55.0,3,302,2.173694133758545,0.03541447128637984,,crash_vehicle
2937,fresh,4,fresh,,,0,1,0,8,0,1,5.0,20.0,15.0,55.0,3,1000,2.3835713863372803,0.010468631509691477,,max_step
2938,mutation,2,mutation,select_road|select_lane|ego_on_intersection|intersection_has_cars,,2,0,0,3,1,1,15.0,5.0,10.0,20.0,2,2,0.4916062355041504,0.1398005187511444,,arrive_dest
2939,fresh,4,fresh,,,0,1,1,8,1,1,15.0,40.0,10.0,55.0,2,76,1.4357362985610962,0.020056165411676232,,crash_vehicle
2940,mutation,6,mutation,has_brake_checker,,0,1,1,18,0,0,15.0,40.0,15.0,55.0,2,88,1.955807089805603,0.08584614648399028,,crash_vehicle
2941,fresh,6,fresh,,,0,0,0,18,1,1,5.0,10.0,15.0,20.0,2,55,0.609915018081665,0.06909742680462924,,crash_vehicle
2942,replay,6,replay,,,0,0,0,18,1,1,5.0,10.0,15.0,20.0,2,274,5.549665927886963,0.2721687850481185,,out_of_road
2943,fresh,3,fresh,,,0,1,0,5,0,1,5.0,40.0,5.0,10.0,1,51,0.6571747064590454,0.01717769318059379,,out_of_road
2944,replay,3,replay,,,0,1,0,5,0,1,5.0,40.0,5.0,10.0,1,170,2.880648612976074,0.20282720588695477,,out_of_road
2945,fresh,3,fresh,,,0,0,0,5,1,1,10.0,40.0,10.0,55.0,2,1000,2.0063843727111816,0.006586865287274122,,max_step
2946,replay,3,replay,,,0,0,0,5,1,1,10.0,40.0,10.0,55.0,2,1000,0.6331669092178345,0.01080514902062714,,max_step
2947,fresh,4,fresh,,,0,0,0,8,1,1,5.0,40.0,5.0,55.0,0,1000,1.5224907398223877,0.0051971582700498405,,max_step
2948,crossover,4,crossover,,has_cluster|brake_dist,0,1,0,8,1,0,15.0,20.0,15.0,55.0,3,138,3.1235873699188232,0.13274086425350845,,crash_vehicle
2949,fresh,3,fresh,,,0,1,1,5,0,0,5.0,20.0,15.0,55.0,1,105,1.6866612434387207,0.06463549997480143,,out_of_road
2950,mutation,2,mutation,intersection_cars,,1,0,0,3,1,0,5.0,10.0,10.0,20.0,0,127,0.16789492964744568,0.03578828439468474,,out_of_road
2951,fresh,3,fresh,,,0,1,0,4,1,0,20.0,10.0,5.0,55.0,0,402,12.349177360534668,0.29893933886208046,,out_of_road
2952,replay,3,replay,,,0,1,0,4,1,0,20.0,10.0,5.0,55.0,0,70,0.2477920800447464,0.02926382284079279,,out_of_road
2953,fresh,6,fresh,,,0,0,0,18,1,1,20.0,40.0,15.0,55.0,0,83,2.0347602367401123,0.07754068561347134,,out_of_road
2954,replay,6,replay,,,0,0,0,18,1,1,20.0,40.0,15.0,55.0,0,46,0.6249626278877258,0.040448903146645294,,crash_vehicle
2955,fresh,3,fresh,,,0,1,0,5,1,1,15.0,10.0,5.0,55.0,0,84,1.335182785987854,0.14661679376981088,,crash_vehicle
2956,crossover,2,crossover,,select_lane|ego_on_intersection|intersection_has_cars|cluster_dist|brake_dist,2,1,0,3,0,0,20.0,10.0,10.0,20.0,2,220,6.889559268951416,0.20591293630105528,,out_of_road
2957,fresh,0,fresh,,,0,1,0,0,0,0,20.0,5.0,5.0,10.0,0,145,6.568086624145508,0.2293338256020998,,out_of_road
2958,mutation,3,mutation,intersection_cars,,1,1,0,4,1,0,15.0,20.0,10.0,55.0,1,57,0.7016176581382751,0.018295547287715107,,crash_vehicle
2959,fresh,0,fresh,,,0,1,1,0,0,0,15.0,20.0,15.0,55.0,0,104,3.1544392108917236,0.1146939154042719,,out_of_road
2960,replay,0,replay,,,0,1,1,0,0,0,15.0,20.0,15.0,55.0,0,239,3.298205614089966,0.10485812343625843,,out_of_road
2961,fresh,3,fresh,,,0,1,1,5,1,1,15.0,10.0,10.0,20.0,0,46,0.4481468200683594,0.020798378603775865,,crash_vehicle
2962,mutation,6,mutation,select_road|select_lane|ego_on_intersection|intersection_has_cars,,3,0,0,18,0,0,15.0,40.0,15.0,55.0,2,114,1.5865169763565063,0.06874808273686651,,crash_vehicle
2963,fresh,5,fresh,,,0,1,0,12,0,1,20.0,20.0,10.0,10.0,1,57,0.7027390003204346,0.023105066727127945,,crash_vehicle
2964,replay,5,replay,,,0,1,0,12,0,1,20.0,20.0,10.0,10.0,1,66,0.8786762952804565,0.02970996363596483,,out_of_road
2965,fresh,4,fresh,,,0,0,0,8,0,1,5.0,20.0,10.0,35.0,2,104,0.8897506594657898,0.0015640176044633756,,crash_vehicle
2966,replay,4,replay,,,0,0,0,8,0,1,5.0,20.0,10.0,35.0,2,41,-0.11015245318412781,0.0,,crash_vehicle
2967,fresh,5,fresh,,,0,1,1,12,0,0,15.0,10.0,5.0,10.0,0,147,3.826052665710449,0.1895794972625314,,out_of_road
2968,replay,5,replay,,,0,1,1,12,0,0,15.0,10.0,5.0,10.0,0,287,4.607243061065674,0.12163592054661143,,crash_vehicle
2969,fresh,6,fresh,,,0,0,0,18,1,0,15.0,10.0,15.0,20.0,1,107,1.3847838640213013,0.11440286096011366,,crash_vehicle
2970,crossover,6,crossover,,select_lane|ego_on_intersection|intersection_has_cars|has_brake_checker|intersection_cars|has_cluster|distance_to_nearest|cluster_dist,7,0,0,18,0,0,20.0,20.0,15.0,35.0,3,181,4.621050834655762,0.15071284073245458,,out_of_road
2971,fresh,0,fresh,,,0,1,1,0,0,0,20.0,5.0,10.0,55.0,0,49,0.8181259632110596,0.011575623282364436,,out_of_road
2972,mutation,0,mutation,select_road|select_lane|ego_on_intersection|intersection_has_cars,,1,0,0,0,0,0,20.0,40.0,15.0,35.0,0,84,2.3660738468170166,0.0721653070456038,,out_of_road
2973,fresh,3,fresh,,,0,1,1,4,0,0,5.0,5.0,5.0,35.0,0,1000,0.00012685252295341343,0.00044695466756820677,,max_step
2974,replay,3,replay,,,0,1,1,4,0,0,5.0,5.0,5.0,35.0,0,179,5.830417156219482,0.3056652300871451,,crash_vehicle
2975,fresh,3,fresh,,,0,0,0,4,0,1,20.0,5.0,5.0,55.0,1,54,0.2200174629688263,0.010522658971172792,,crash_vehicle
2976,mutation,6,mutation,distance_to_nearest,,0,1,0,18,1,0,15.0,10.0,5.0,20.0,3,1000,0.7626838684082031,0.01061910628573969,,max_step
2977,fresh,3,fresh,,,0,1,0,5,1,0,10.0,20.0,5.0,55.0,0,141,3.653899908065796,0.13364713767160338,,crash_vehicle
2978,replay,3,replay,,,0,1,0,5,1,0,10.0,20.0,5.0,55.0,0,191,2.9062209129333496,0.13623967205042614,,out_of_road
2979,fresh,0,fresh,,,0,1,1,1,1,1,15.0,10.0,5.0,35.0,1,210,10.221824645996094,0.3695878257886285,,out_of_road
2980,crossover,6,crossover,,intersection_cars|has_cluster|brake_dist,1,0,0,18,1,0,15.0,5.0,5.0,20.0,1,27,0.030973270535469055,0.023987497720453475,,crash_vehicle
2981,fresh,4,fresh,,,0,0,0,8,0,0,20.0,40.0,10.0,20.0,1,173,5.537403106689453,0.1933113383506075,,out_of_road
2982,mutation,5,mutation,maximum_distractor_speed,,1,1,1,12,0,0,15.0,20.0,10.0,20.0,3,54,0.6988316774368286,0.02026941434100822,,crash_vehicle
2983,fresh,2,fresh,,,0,0,0,3,0,0,15.0,40.0,15.0,10.0,1,50,0.8259918689727783,0.02701698612421751,,out_of_road
2984,crossover,6,crossover,,distractor_cars|has_cluster|maximum_distractor_speed,0,0,0,18,1,0,15.0,20.0,10.0,55.0,1,137,3.298337936401367,0.10586670782063565,,crash_vehicle
2985,fresh,0,fresh,,,0,0,0,0,0,0,10.0,20.0,15.0,20.0,0,80,1.8138041496276855,0.040233651036396624,,out_of_road
2986,mutation,6,mutation,has_cluster,,1,1,1,18,1,1,20.0,40.0,15.0,55.0,3,224,4.359216213226318,0.13951867965183087,,out_of_road
2987,fresh,4,fresh,,,0,0,0,8,0,1,15.0,40.0,10.0,20.0,0,84,1.488831877708435,0.022300135798841006,,crash_vehicle
2988,mutation,6,mutation,select_road|select_lane|ego_on_intersection|intersection_has_cars,,3,1,1,18,1,0,15.0,20.0,15.0,55.0,0,803,2.27231502532959,0.016527549932556573,,crash_vehicle
2989,fresh,6,fresh,,,0,1,1,18,1,1,5.0,20.0,10.0,55.0,0,96,1.6511719226837158,0.021851347264600918,,crash_vehicle
2990,mutation,6,mutation,distance_to_nearest,,1,1,1,18,1,0,15.0,40.0,10.0,55.0,0,99,2.851215362548828,0.12246392321104956,,crash_vehicle
2991,fresh,3,fresh,,,0,1,0,4,1,0,5.0,40.0,10.0,55.0,3,137,4.494650840759277,0.07266831553004084,,out_of_road
2992,mutation,1,mutation,select_road|select_lane|ego_on_intersection|intersection_has_cars,,1,0,0,2,0,0,20.0,40.0,15.0,55.0,0,127,3.611755609512329,0.08641730888020688,,out_of_road
2993,fresh,3,fresh,,,0,1,1,4,1,1,5.0,20.0,10.0,35.0,0,67,0.5169121623039246,0.050933499222815926,,out_of_road
2994,replay,3,replay,,,0,1,1,4,1,1,5.0,20.0,10.0,35.0,0,328,5.717822074890137,0.1313852304223607,,crash_vehicle
2995,fresh,6,fresh,,,0,0,0,18,0,1,20.0,10.0,10.0,20.0,0,86,0.692786693572998,0.04838556662028612,,crash_vehicle
2996,mutation,3,mutation,distractor_cars,,1,1,0,4,0,0,20.0,10.0,15.0,35.0,3,280,4.003901481628418,0.09142126381630078,,out_of_road
2997,fresh,5,fresh,,,0,0,0,12,1,1,10.0,5.0,15.0,20.0,1,280,6.041687488555908,0.2580369056767917,,arrive_dest
2998,crossover,6,crossover,,has_cluster|distance_to_nearest|cluster_dist|brake_dist,4,1,1,18,1,1,15.0,5.0,10.0,20.0,2,209,1.290827751159668,0.0507378810727033,,crash_vehicle
2999,fresh,0,fresh,,,0,0,0,0,1,0,5.0,40.0,15.0,35.0,0,54,0.6471397280693054,0.016864835388130613,,crash_vehicle
3000,replay,0,replay,,,0,0,0,0,1,0,5.0,40.0,15.0,35.0,0,1000,2.9325623512268066,0.028388514527119695,,max_step
3001,fresh,3,fresh,,,0,1,0,4,0,0,20.0,10.0,10.0,20.0,3,2,0.4929865896701813,0.22978387773036957,,arrive_dest
3002,crossover,1,crossover,,intersection_cars|distance_to_nearest|cluster_dist|brake_dist,2,1,1,2,0,0,20.0,10.0,10.0,55.0,1,97,1.1124589443206787,0.04262394058642928,,crash_vehicle
3003,fresh,1,fresh,,,0,0,0,2,0,0,15.0,10.0,15.0,20.0,0,138,2.8187294006347656,0.12908825041402294,,out_of_road
3004,replay,1,replay,,,0,0,0,2,0,0,15.0,10.0,15.0,20.0,0,262,9.977190971374512,0.264765112035204,,out_of_road
3005,fresh,5,fresh,,,0,1,1,12,1,1,20.0,10.0,15.0,35.0,1,1000,0.5454235076904297,0.0022540974612347783,,max_step
3006,crossover,4,crossover,,has_brake_checker|distance_to_nearest|brake_dist,0,0,0,8,1,0,15.0,20.0,10.0,55.0,1,1000,3.2750627994537354,0.0329892552215606,,max_step
3007,fresh,2,fresh,,,0,0,0,3,1,1,5.0,10.0,10.0,55.0,0,46,0.3262830376625061,0.0023930602018599925,,crash_vehicle
3008,mutation,4,mutation,brake_dist,,1,0,0,8,1,1,20.0,20.0,15.0,35.0,3,28,-0.25851139426231384,0.020321809819766452,,out_of_road
3009,fresh,0,fresh,,,0,0,0,1,1,0,5.0,5.0,5.0,20.0,1,1000,1.632499098777771,0.007979406125610695,,max_step
3010,crossover,5,crossover,,select_lane|ego_on_intersection|intersection_has_cars|has_brake_checker|intersection_cars|distance_to_nearest|brake_dist,3,0,0,12,0,0,15.0,10.0,5.0,55.0,0,1000,2.2378571033477783,0.016732751986943184,,max_step
3011,fresh,2,fresh,,,0,0,0,3,1,0,15.0,40.0,10.0,55.0,1,74,1.3200528621673584,0.03419970051460975,,crash_vehicle
3012,mutation,6,mutation,brake_dist,,1,1,1,18,1,0,20.0,5.0,5.0,20.0,0,100,-0.019097015261650085,0.0011447587702423335,,crash_vehicle
3013,fresh,1,fresh,,,0,0,0,2,0,0,20.0,20.0,15.0,35.0,0,56,0.8278450965881348,0.015980098928724016,,crash_vehicle
3014,replay,1,replay,,,0,0,0,2,0,0,20.0,20.0,15.0,35.0,0,114,1.6896873712539673,0.11138797606946084,,out_of_road
3015,fresh,5,fresh,,,0,1,0,12,0,1,5.0,20.0,15.0,20.0,3,49,-0.047286853194236755,0.011422139041277826,,out_of_road
3016,crossover,6,crossover,,select_lane|ego_on_intersection|intersection_has_cars|intersection_cars|has_cluster|maximum_distractor_speed|cluster_dist,3,0,0,18,1,0,15.0,5.0,5.0,35.0,2,133,0.6104872226715088,0.08068611002282093,,crash_vehicle
3017,fresh,1,fresh,,,0,0,0,2,1,0,20.0,5.0,5.0,35.0,2,49,0.4978114366531372,0.012489400575963818,,crash_vehicle
3018,replay,1,replay,,,0,0,0,2,1,0,20.0,5.0,5.0,35.0,2,112,2.3399884700775146,0.1229283465737743,,crash_vehicle
3019,fresh,6,fresh,,,0,0,0,18,1,1,15.0,10.0,10.0,20.0,0,134,-0.035162195563316345,0.040891761745590324,,crash_vehicle
3020,replay,6,replay,,,0,0,0,18,1,1,15.0,10.0,10.0,20.0,0,1000,1.6640892028808594,0.02052974367514253,,max_step
3021,fresh,4,fresh,,,0,0,0,8,0,1,20.0,5.0,15.0,20.0,3,1000,0.049165621399879456,0.004473520570551046,,max_step
3022,crossover,0,crossover,,select_lane|ego_on_intersection|intersection_has_cars|distractor_cars|has_cluster|maximum_distractor_speed|brake_dist,10,0,0,0,0,0,10.0,5.0,5.0,20.0,0,105,3.0579748153686523,0.0701505753078631,rejection_fallback,out_of_road
3023,fresh,3,fresh,,,0,0,0,4,0,0,15.0,20.0,5.0,10.0,3,230,5.045010089874268,0.14732136668070503,,out_of_road
3024,crossover,4,crossover,,select_lane|ego_on_intersection|intersection_has_cars|distractor_cars|has_brake_checker|cluster_dist,0,0,0,8,1,0,15.0,20.0,10.0,55.0,1,137,3.1781651973724365,0.1304222081590743,,crash_vehicle
3025,fresh,3,fresh,,,0,1,1,4,0,1,20.0,10.0,5.0,35.0,2,48,0.3048897683620453,0.006980126723647118,,crash_vehicle
3026,mutation,1,mutation,distractor_cars,,0,0,0,2,1,0,10.0,40.0,15.0,55.0,2,92,3.095881938934326,0.1207028031754105,,crash_vehicle
3027,fresh,0,fresh,,,0,0,0,0,0,0,20.0,20.0,15.0,10.0,0,220,12.202558517456055,0.5011245448311622,,arrive_dest
3028,replay,0,replay,,,0,0,0,0,0,0,20.0,20.0,15.0,10.0,0,227,8.883166313171387,0.27387923136812997,,out_of_road
3029,fresh,3,fresh,,,0,0,0,5,0,0,5.0,20.0,5.0,35.0,0,160,0.6802226305007935,0.06141367490636185,,out_of_road
3030,crossover,5,crossover,,distractor_cars|maximum_distractor_speed|cluster_dist,1,1,1,12,0,1,15.0,5.0,5.0,10.0,2,1000,0.0013277429388836026,0.00038318145275115966,,max_step
3031,fresh,6,fresh,,,0,1,0,18,0,1,15.0,20.0,10.0,20.0,1,1000,0.6408604383468628,0.01511937600155943,,max_step
3032,replay,6,replay,,,0,1,0,18,0,1,15.0,20.0,10.0,20.0,1,189,5.520279407501221,0.1586547863408529,,crash_vehicle
3033,fresh,5,fresh,,,0,0,0,12,0,1,10.0,20.0,15.0,55.0,1,201,8.200329780578613,0.2270000581606407,,out_of_road
3034,crossover,6,crossover,,select_lane|ego_on_intersection|intersection_has_cars|cluster_dist|brake_dist,3,0,0,18,1,0,5.0,10.0,15.0,35.0,3,528,2.346116065979004,0.04344367095373772,,crash_vehicle
3035,fresh,1,fresh,,,0,1,1,2,1,0,10.0,10.0,10.0,55.0,2,93,3.130333662033081,0.0940811964332737,,crash_vehicle
3036,mutation,6,mutation,select_road|select_lane|ego_on_intersection|intersection_has_cars,,3,0,0,18,1,0,15.0,40.0,10.0,55.0,0,85,2.1180026531219482,0.03573005550047931,,crash_vehicle
3037,fresh,1,fresh,,,0,1,1,2,1,1,10.0,10.0,15.0,20.0,2,233,7.656525611877441,0.18089825436952545,,out_of_road
3038,replay,1,replay,,,0,1,1,2,1,1,10.0,10.0,15.0,20.0,2,187,2.1015923023223877,0.06802236312691541,,crash_vehicle
3039,fresh,0,fresh,,,0,0,0,1,1,0,5.0,20.0,15.0,35.0,1,130,2.3960206508636475,0.06038089353018082,,out_of_road
3040,crossover,5,crossover,,select_lane|ego_on_intersection|intersection_has_cars|intersection_cars|has_cluster|distance_to_nearest|cluster_dist,5,1,0,12,1,1,20.0,40.0,10.0,55.0,0,106,2.0426273345947266,0.05839578336421049,,crash_vehicle
3041,fresh,5,fresh,,,0,1,0,12,1,0,5.0,20.0,5.0,35.0,0,51,0.4616011083126068,0.012125049735985551,,crash_vehicle
3042,replay,5,replay,,,0,1,0,12,1,0,5.0,20.0,5.0,35.0,0,61,1.0183812379837036,0.019103542214534322,,crash_vehicle
3043,fresh,3,fresh,,,0,0,0,5,0,1,10.0,10.0,15.0,35.0,1,213,8.48556137084961,0.25002141215536794,,out_of_road
3044,crossover,5,crossover,,has_brake_checker|intersection_cars|distance_to_nearest,3,1,1,12,0,0,20.0,5.0,10.0,20.0,3,269,10.86535930633545,0.43987724187759664,,arrive_dest
3045,fresh,3,fresh,,,0,1,1,4,1,1,15.0,40.0,10.0,55.0,0,65,1.4633207321166992,0.028065411288004657,,crash_vehicle
3046,mutation,4,mutation,has_cluster,,1,0,0,8,1,0,10.0,40.0,10.0,55.0,0,504,1.7618294954299927,0.025541126269788023,,out_of_road
3047,fresh,0,fresh,,,0,1,0,0,0,0,20.0,10.0,10.0,55.0,0,214,10.164132118225098,0.3380126464572326,,out_of_road
3048,mutation,1,mutation,intersection_cars,,0,1,0,2,0,0,5.0,5.0,10.0,10.0,2,159,8.126473426818848,0.3473947013043008,,out_of_road
3049,fresh,3,fresh,,,0,1,1,4,0,0,10.0,10.0,15.0,10.0,3,347,8.198334693908691,0.2085928232637194,,out_of_road
3050,crossover,5,crossover,,select_lane|ego_on_intersection|intersection_has_cars|distractor_cars|has_brake_checker|has_cluster|brake_dist,4,0,0,12,0,0,15.0,40.0,5.0,35.0,2,252,8.245372772216797,0.20567031887300785,,out_of_road
3051,fresh,6,fresh,,,0,0,0,18,1,1,20.0,20.0,15.0,35.0,3,71,0.36307039856910706,0.052322074561051916,,out_of_road
3052,replay,6,replay,,,0,0,0,18,1,1,20.0,20.0,15.0,35.0,3,140,2.8292078971862793,0.07837153230128543,,crash_vehicle
3053,fresh,2,fresh,,,0,1,0,3,1,0,15.0,5.0,15.0,55.0,1,32,0.1281125247478485,0.002927808789536357,,crash_vehicle
3054,replay,2,replay,,,0,1,0,3,1,0,15.0,5.0,15.0,55.0,1,2,0.4930109977722168,0.05014088749885559,,arrive_dest
3055,fresh,0,fresh,,,0,1,0,0,0,0,5.0,10.0,15.0,20.0,0,258,12.541483879089355,0.3230183445812427,,out_of_road
3056,crossover,6,crossover,,distractor_cars|has_brake_checker|intersection_cars|maximum_distractor_speed|distance_to_nearest|cluster_dist,4,0,0,18,0,0,15.0,10.0,5.0,55.0,2,307,3.8739233016967773,0.06480209604633748,,crash_vehicle
3057,fresh,4,fresh,,,0,0,0,8,0,0,20.0,20.0,5.0,10.0,1,193,4.832265377044678,0.1635290446710517,,out_of_road
3058,mutation,0,mutation,brake_dist,,1,1,1,0,0,0,10.0,5.0,5.0,20.0,0,50,0.8366419672966003,0.008678316622972488,,out_of_road
3059,fresh,2,fresh,,,0,1,1,3,0,0,5.0,40.0,10.0,55.0,3,1000,0.24582122266292572,0.006686599854379892,,max_step
3060,crossover,5,crossover,,has_brake_checker|maximum_distractor_speed|brake_dist,2,1,1,12,1,0,20.0,5.0,10.0,55.0,1,25,0.0007990449666976929,0.0,,crash_vehicle
3061,fresh,0,fresh,,,0,0,0,0,1,0,20.0,20.0,5.0,20.0,0,107,1.8177917003631592,0.022235562511345494,,out_of_road
3062,mutation,5,mutation,maximum_distractor_speed,,1,0,0,12,1,0,5.0,20.0,5.0,35.0,3,50,0.3223693370819092,0.04219093441963196,,out_of_road
3063,fresh,3,fresh,,,0,0,0,5,1,1,5.0,5.0,10.0,20.0,2,26,0.042365118861198425,0.0,,crash_vehicle
3064,mutation,5,mutation,maximum_distractor_speed,,1,1,0,12,1,1,5.0,40.0,15.0,55.0,2,179,8.916096687316895,0.2981499349542337,,out_of_road
3065,fresh,0,fresh,,,0,1,0,0,0,0,15.0,10.0,10.0,35.0,0,48,0.8173396587371826,0.03955269302241504,,out_of_road
3066,mutation,2,mutation,brake_dist,,0,0,0,3,0,0,20.0,10.0,10.0,35.0,2,215,6.803896427154541,0.27404320880250876,,out_of_road
3067,fresh,0,fresh,,,0,0,0,0,0,0,15.0,40.0,15.0,55.0,0,181,8.209176063537598,0.2938546811009227,,out_of_road
3068,crossover,4,crossover,,select_lane|ego_on_intersection|intersection_has_cars|has_brake_checker|intersection_cars|distance_to_nearest|brake_dist,2,1,0,8,0,0,15.0,20.0,10.0,55.0,3,134,3.353137731552124,0.05855479044144723,,crash_vehicle
3069,fresh,3,fresh,,,0,1,1,5,0,0,10.0,5.0,5.0,55.0,0,136,2.491893768310547,0.11693077943260398,,arrive_dest
3070,crossover,4,crossover,,has_cluster|maximum_distractor_speed|distance_to_nearest|brake_dist,1,0,0,8,1,0,15.0,40.0,10.0,55.0,2,133,4.451783180236816,0.10990463419120647,,out_of_road
3071,fresh,5,fresh,,,0,1,0,12,0,1,5.0,10.0,5.0,20.0,2,51,0.33502477407455444,0.018613919615745544,,crash_vehicle
3072,mutation,6,mutation,cluster_dist,,1,1,1,18,0,0,15.0,40.0,10.0,55.0,2,221,11.37837028503418,0.3519597723068695,,arrive_dest
3073,fresh,4,fresh,,,0,0,0,8,0,1,10.0,40.0,5.0,55.0,1,71,1.2474706172943115,0.03262200154049296,,crash_vehicle
3074,mutation,2,mutation,has_brake_checker,,0,1,0,3,1,0,5.0,20.0,15.0,35.0,3,112,3.0322725772857666,0.06280493986144263,,crash_vehicle
3075,fresh,6,fresh,,,0,0,0,18,0,0,10.0,10.0,10.0,35.0,1,161,3.4519057273864746,0.17753540091679332,,crash_vehicle
3076,crossover,6,crossover,,distractor_cars|distance_to_nearest|cluster_dist|brake_dist,2,1,1,18,0,1,15.0,5.0,15.0,55.0,0,40,-0.010507151484489441,0.0027677905512973667,,crash_vehicle
3077,fresh,3,fresh,,,0,1,1,5,1,0,10.0,40.0,10.0,55.0,3,89,2.30973219871521,0.036365147449829605,,crash_vehicle
3078,mutation,0,mutation,distractor_cars,,1,0,0,0,0,0,20.0,40.0,5.0,55.0,0,92,2.4899401664733887,0.07175401768282703,,out_of_road
3079,fresh,0,fresh,,,0,1,0,1,0,0,5.0,5.0,5.0,55.0,1,137,4.376049041748047,0.06533329978748395,,out_of_road
3080,mutation,2,mutation,brake_dist,,1,0,0,3,0,0,5.0,40.0,10.0,10.0,3,160,8.243396759033203,0.299609296140261,,out_of_road
3081,fresh,0,fresh,,,0,0,0,1,1,0,15.0,40.0,10.0,55.0,1,88,2.5369081497192383,0.07138249157419936,,out_of_road
3082,mutation,0,mutation,brake_dist,,1,1,0,0,0,0,20.0,5.0,5.0,10.0,0,184,8.394780158996582,0.2173618130871783,,out_of_road
3083,fresh,2,fresh,,,0,1,1,3,1,1,10.0,5.0,10.0,35.0,0,28,0.05274352431297302,0.000874988202537809,,crash_vehicle
3084,replay,2,replay,,,0,1,1,3,1,1,10.0,5.0,10.0,35.0,0,138,3.2237865924835205,0.138663485099602,,crash_vehicle
3085,fresh,3,fresh,,,0,0,0,4,0,1,10.0,40.0,10.0,35.0,3,1000,0.0008545143064111471,0.0006364407390356064,,max_step
3086,crossover,4,crossover,,select_lane|ego_on_intersection|intersection_has_cars|distractor_cars|has_brake_checker|maximum_distractor_speed|distance_to_nearest|cluster_dist,2,0,0,8,0,0,10.0,40.0,15.0,20.0,1,201,7.132345199584961,0.2372334341041336,,crash_vehicle
3087,fresh,4,fresh,,,0,1,1,8,1,0,15.0,10.0,10.0,20.0,3,382,0.1257859319448471,0.0020551427215074448,,crash_vehicle
3088,mutation,4,mutation,distance_to_nearest,,1,1,0,8,0,0,10.0,5.0,10.0,55.0,3,35,0.22043313086032867,0.0031488083968205112,,crash_vehicle
3089,fresh,6,fresh,,,0,1,0,18,1,0,15.0,40.0,5.0,55.0,1,65,1.9281256198883057,0.07021192034276633,,arrive_dest
3090,replay,6,replay,,,0,1,0,18,1,0,15.0,40.0,5.0,55.0,1,24,-0.015918344259262085,0.004980914294719696,,crash_vehicle
3091,fresh,1,fresh,,,0,1,1,2,1,0,5.0,5.0,5.0,35.0,0,26,-0.020301640033721924,0.0,,crash_vehicle
3092,crossover,0,crossover,,has_brake_checker|intersection_cars|maximum_distractor_speed|distance_to_nearest|cluster_dist|brake_dist,3,0,0,1,0,0,5.0,10.0,5.0,35.0,0,339,5.273565292358398,0.12903507972811967,,out_of_road
3093,fresh,3,fresh,,,0,1,1,4,1,1,10.0,40.0,10.0,55.0,0,176,8.454286575317383,0.20715341446074573,,out_of_road
3094,mutation,5,mutation,brake_dist,,1,1,1,12,0,0,5.0,20.0,10.0,10.0,3,1000,0.7579774260520935,0.004788756028749049,,max_step
3095,fresh,3,fresh,,,0,1,1,4,0,1,10.0,5.0,5.0,35.0,3,23,-0.024886831641197205,0.0,,crash_vehicle
3096,mutation,4,mutation,has_brake_checker,,1,1,1,8,1,0,20.0,10.0,5.0,20.0,2,42,0.21632295846939087,0.01132196755636306,,crash_vehicle
3097,fresh,4,fresh,,,0,1,0,8,0,1,5.0,20.0,10.0,35.0,2,94,0.22132691740989685,0.0163637656480708,,crash_vehicle
3098,crossover,6,crossover,,distractor_cars|has_cluster|maximum_distractor_speed|brake_dist,1,0,0,18,0,0,20.0,20.0,10.0,35.0,3,195,5.155958652496338,0.16890494890319996,,out_of_road
3099,fresh,0,fresh,,,0,1,1,0,1,0,10.0,10.0,10.0,20.0,0,66,0.644403874874115,0.048196857668120756,,out_of_road
3100,mutation,1,mutation,maximum_distractor_speed,,1,1,1,2,0,0,15.0,10.0,10.0,20.0,0,36,0.05370226502418518,0.024726576275295682,,out_of_road
3101,fresh,1,fresh,,,0,1,1,2,0,0,15.0,40.0,10.0,20.0,2,186,8.141977310180664,0.21160265360458164,,out_of_road
3102,mutation,1,mutation,has_brake_checker,,0,0,0,2,0,0,20.0,10.0,15.0,20.0,0,92,0.6583462953567505,0.00463730507813718,,crash_vehicle
3103,fresh,0,fresh,,,0,1,0,1,0,1,5.0,20.0,15.0,10.0,0,1000,0.8307964205741882,0.0008778502345085144,,max_step
3104,replay,0,replay,,,0,1,0,1,0,1,5.0,20.0,15.0,10.0,0,184,3.7193360328674316,0.21924774016699064,,crash_vehicle
3105,fresh,0,fresh,,,0,1,0,1,1,0,5.0,20.0,10.0,55.0,1,93,3.029884099960327,0.08700617873460374,,crash_vehicle
3106,mutation,0,mutation,select_road|select_lane|ego_on_intersection|intersection_has_cars,,1,1,0,0,1,0,15.0,5.0,5.0,10.0,0,2,0.49207550287246704,0.042502641677856445,,arrive_dest
3107,fresh,2,fresh,,,0,1,1,3,1,0,15.0,20.0,5.0,35.0,2,137,4.164793014526367,0.06392645049350758,,crash_vehicle
3108,mutation,6,mutation,select_road|select_lane|ego_on_intersection|intersection_has_cars,,3,0,0,18,1,0,20.0,40.0,15.0,55.0,3,1000,2.581397294998169,0.01621594632443157,,max_step
3109,fresh,5,fresh,,,0,0,0,12,1,1,10.0,20.0,15.0,55.0,2,68,0.8105042576789856,0.019263929742224076,,crash_vehicle
3110,crossover,4,crossover,,distractor_cars|has_brake_checker|intersection_cars|maximum_distractor_speed|cluster_dist|brake_dist,4,1,1,8,1,0,15.0,20.0,10.0,55.0,1,162,3.636704444885254,0.12299049619792236,,out_of_road
3111,fresh,5,fresh,,,0,0,0,12,0,0,10.0,20.0,5.0,10.0,3,65,0.22149759531021118,0.01926736281468318,,out_of_road
3112,mutation,6,mutation,intersection_cars,,1,1,1,18,1,0,15.0,40.0,10.0,55.0,1,91,2.2947380542755127,0.03243454725860239,,crash_vehicle
3113,fresh,5,fresh,,,0,1,0,12,1,0,10.0,20.0,15.0,35.0,0,85,1.02590012550354,0.009963513078058468,,crash_vehicle
3114,mutation,0,mutation,distractor_cars,,2,0,0,0,1,0,15.0,5.0,5.0,20.0,0,1000,2.16530442237854,0.0068098642695695166,,max_step
3115,fresh,0,fresh,,,0,1,1,0,1,0,20.0,20.0,15.0,55.0,0,86,2.877967119216919,0.09723089202198872,,out_of_road
3116,mutation,5,mutation,select_road|select_lane|ego_on_intersection|intersection_has_cars,,1,0,0,12,0,0,20.0,40.0,10.0,55.0,2,1000,0.0012652429286390543,0.0002702797008678317,,max_step
3117,fresh,0,fresh,,,0,1,0,0,1,0,10.0,5.0,5.0,10.0,0,46,0.2946304678916931,0.02019698577730552,,out_of_road
3118,crossover,4,crossover,,distractor_cars|has_cluster|cluster_dist,1,0,0,8,0,0,15.0,20.0,10.0,55.0,1,203,7.271777153015137,0.2260334907475804,,out_of_road
3119,fresh,3,fresh,,,0,1,1,4,1,1,5.0,20.0,5.0,35.0,1,52,0.6521593332290649,0.0005818714316074664,,crash_vehicle
3120,mutation,4,mutation,has_cluster,,1,1,0,8,0,1,15.0,5.0,15.0,20.0,3,27,0.042630016803741455,0.0009573451070873825,,crash_vehicle
3121,fresh,3,fresh,,,0,0,0,4,0,1,20.0,40.0,10.0,20.0,0,71,1.2424638271331787,0.022165214091959134,,crash_vehicle
3122,crossover,4,crossover,,,0,0,0,8,1,0,15.0,20.0,5.0,55.0,2,107,2.307583808898926,0.10854940562047691,,crash_vehicle
3123,fresh,5,fresh,,,0,0,0,12,0,1,20.0,10.0,15.0,20.0,2,299,7.626806735992432,0.19764558356847103,,out_of_road
3124,crossover,2,crossover,,select_lane|ego_on_intersection|intersection_has_cars|has_brake_checker|intersection_cars|maximum_distractor_speed|distance_to_nearest,4,1,0,3,0,0,20.0,10.0,5.0,55.0,2,264,7.012367248535156,0.22656264267579623,,crash_vehicle
3125,fresh,0,fresh,,,0,1,1,0,0,0,5.0,40.0,10.0,55.0,0,145,6.130385398864746,0.180107631037365,,out_of_road
3126,replay,0,replay,,,0,1,1,0,0,0,5.0,40.0,10.0,55.0,0,40,0.13592033088207245,0.0026543546642642467,,crash_vehicle
3127,fresh,2,fresh,,,0,1,1,3,1,1,10.0,20.0,5.0,35.0,3,120,2.5595858097076416,0.015917416646455726,,out_of_road
3128,crossover,4,crossover,,distractor_cars|intersection_cars|has_cluster|maximum_distractor_speed|brake_dist,2,0,0,8,0,0,15.0,40.0,15.0,35.0,1,159,5.552436828613281,0.20736347551826598,,crash_vehicle
3129,fresh,6,fresh,,,0,0,0,18,1,1,10.0,40.0,15.0,55.0,1,90,2.3519909381866455,0.02333305064174864,,crash_vehicle
3130,mutation,3,mutation,distance_to_nearest,,1,1,1,4,0,0,15.0,20.0,10.0,55.0,0,73,1.350617527961731,0.01114002987742424,,crash_vehicle
3131,fresh,1,fresh,,,0,0,0,2,0,0,15.0,10.0,15.0,55.0,2,86,2.233891725540161,0.07612031246643773,,out_of_road
3132,replay,1,replay,,,0,0,0,2,0,0,15.0,10.0,15.0,55.0,2,173,7.156729698181152,0.20836925945874585,,out_of_road
3133,fresh,2,fresh,,,0,0,0,3,1,1,20.0,40.0,5.0,55.0,3,152,4.136168003082275,0.1986965404847931,,crash_vehicle
3134,replay,2,replay,,,0,0,0,3,1,1,20.0,40.0,5.0,55.0,3,132,4.417902946472168,0.07414357959218747,,out_of_road
3135,fresh,0,fresh,,,0,0,0,1,1,0,20.0,5.0,10.0,20.0,1,110,2.217782497406006,0.0306037701158361,,crash_vehicle
3136,mutation,3,mutation,intersection_cars,,1,0,0,5,1,0,20.0,10.0,5.0,20.0,2,1000,0.6749609708786011,0.00296951620047912,,max_step
3137,fresh,6,fresh,,,0,1,1,18,1,1,15.0,40.0,15.0,55.0,2,551,1.208304762840271,0.05027217497734755,,crash_vehicle
3138,crossover,1,crossover,,intersection_cars|distance_to_nearest|brake_dist,2,0,0,2,0,1,10.0,5.0,5.0,35.0,2,111,2.7636706829071045,0.06993980862636555,,out_of_road
3139,fresh,1,fresh,,,0,1,0,2,0,1,15.0,20.0,10.0,55.0,0,123,1.7390871047973633,0.09455676756920368,,crash_vehicle
3140,mutation,6,mutation,intersection_cars,,1,0,0,18,1,0,15.0,10.0,15.0,20.0,3,44,0.31245267391204834,0.01803793114694682,,crash_vehicle
3141,fresh,3,fresh,,,0,1,1,4,1,0,20.0,20.0,15.0,35.0,2,78,1.4427542686462402,0.017831178059658177,,crash_vehicle
3142,mutation,2,mutation,brake_dist,,1,0,0,3,1,0,15.0,20.0,15.0,35.0,3,95,2.3870227336883545,0.019792514956115108,,crash_vehicle
3143,fresh,0,fresh,,,0,1,1,0,0,0,15.0,20.0,5.0,55.0,0,49,0.7831220626831055,0.01181763842017675,,out_of_road
3144,replay,0,replay,,,0,1,1,0,0,0,15.0,20.0,5.0,55.0,0,95,2.5149877071380615,0.023821725311542027,,crash_vehicle
3145,fresh,3,fresh,,,0,1,0,5,1,1,5.0,40.0,5.0,55.0,2,1000,2.3377397060394287,0.019698609523475172,,max_step
3146,crossover,5,crossover,,select_lane|ego_on_intersection|intersection_has_cars|has_cluster|distance_to_nearest,3,1,1,12,0,1,5.0,40.0,15.0,20.0,2,190,8.485456466674805,0.252444107967772,,out_of_road
3147,fresh,4,fresh,,,0,0,0,8,1,1,15.0,20.0,10.0,35.0,1,40,0.0879163146018982,0.052748874248936775,,out_of_road
3148,replay,4,replay,,,0,0,0,8,1,1,15.0,20.0,10.0,35.0,1,210,8.838323593139648,0.25978365505912476,,out_of_road
3149,fresh,3,fresh,,,0,1,0,4,1,0,5.0,10.0,5.0,35.0,2,296,8.920873641967773,0.1822440396283275,,out_of_road
3150,mutation,5,mutation,has_brake_checker,,1,0,0,12,1,1,10.0,20.0,15.0,55.0,1,203,8.791271209716797,0.16426121502692623,,out_of_road
3151,fresh,1,fresh,,,0,0,0,2,1,0,15.0,40.0,5.0,55.0,2,89,2.903794050216675,0.06126209909326575,,crash_vehicle
3152,crossover,4,crossover,,select_lane|ego_on_intersection|intersection_has_cars|distractor_cars|cluster_dist|brake_dist,1,0,0,8,0,0,20.0,5.0,5.0,55.0,3,219,6.096652984619141,0.28740056766596833,,crash_vehicle
3153,fresh,1,fresh,,,0,1,1,2,0,1,15.0,40.0,15.0,10.0,2,73,1.6215652227401733,0.021620299026038344,,out_of_road
3154,replay,1,replay,,,0,1,1,2,0,1,15.0,40.0,15.0,10.0,2,189,3.3432517051696777,0.14703868692198757,,out_of_road
3155,fresh,0,fresh,,,0,0,0,1,0,1,5.0,20.0,10.0,10.0,0,56,0.665580153465271,0.00240065815991589,,crash_vehicle
3156,crossover,6,crossover,,select_lane|ego_on_intersection|intersection_has_cars|distractor_cars|has_cluster|cluster_dist,5,1,1,18,1,1,15.0,20.0,15.0,55.0,1,40,0.26504218578338623,0.00041291248053312304,,crash_vehicle
3157,fresh,1,fresh,,,0,0,0,2,0,1,15.0,5.0,10.0,10.0,2,87,2.6509995460510254,0.06275499446167686,,out_of_road
3158,replay,1,replay,,,0,0,0,2,0,1,15.0,5.0,10.0,10.0,2,145,3.6042373180389404,0.2186199547337561,,crash_vehicle
3159,fresh,1,fresh,,,0,0,0,2,1,1,15.0,20.0,10.0,35.0,0,60,0.8333357572555542,0.007174783200025558,,crash_vehicle
3160,mutation,3,mutation,brake_dist,,0,1,1,4,0,0,20.0,40.0,15.0,20.0,3,65,0.6809884905815125,0.05276836431943453,,out_of_road
3161,fresh,2,fresh,,,0,0,0,3,0,0,10.0,40.0,15.0,55.0,0,112,3.553267478942871,0.11999305225409833,,crash_vehicle
3162,crossover,0,crossover,,select_lane|ego_on_intersection|intersection_has_cars|has_brake_checker|distance_to_nearest|cluster_dist,6,1,1,0,1,0,5.0,40.0,10.0,35.0,0,100,2.5328195095062256,0.04209252409171313,,crash_vehicle
3163,fresh,6,fresh,,,0,0,0,18,1,0,5.0,5.0,5.0,20.0,2,25,-0.012368977069854736,0.0020584160089492797,,crash_vehicle
3164,crossover,6,crossover,,intersection_cars|maximum_distractor_speed|cluster_dist,2,0,0,18,1,0,20.0,10.0,10.0,55.0,1,45,0.26121753454208374,0.0,,crash_vehicle
3165,fresh,3,fresh,,,0,0,0,4,0,0,5.0,20.0,10.0,20.0,1,93,2.1715006828308105,0.059351573052305366,,crash_vehicle
3166,replay,3,replay,,,0,0,0,4,0,0,5.0,20.0,10.0,20.0,1,236,8.206149101257324,0.28502664649247395,,crash_vehicle
3167,fresh,3,fresh,,,0,0,0,4,0,1,10.0,20.0,5.0,55.0,0,51,0.6848242878913879,0.01073169240764543,,crash_vehicle
3168,crossover,6,crossover,,select_lane|ego_on_intersection|intersection_has_cars|distractor_cars|intersection_cars|has_cluster|cluster_dist|brake_dist,3,0,0,18,1,0,5.0,10.0,5.0,35.0,0,50,0.29288721084594727,0.04579005420207977,,crash_vehicle
3169,fresh,1,fresh,,,0,0,0,2,1,1,10.0,40.0,15.0,55.0,2,115,3.0773568153381348,0.09005074905960456,,out_of_road
3170,crossover,5,crossover,,select_lane|ego_on_intersection|intersection_has_cars|distractor_cars|intersection_cars|maximum_distractor_speed|distance_to_nearest|cluster_dist|brake_dist,5,1,1,12,1,0,10.0,5.0,15.0,20.0,3,31,0.12119342386722565,0.013911360394089453,,crash_vehicle
3171,fresh,1,fresh,,,0,0,0,2,0,0,15.0,20.0,5.0,35.0,0,1000,7.077667713165283,0.05121514392644167,,max_step
3172,mutation,6,mutation,maximum_distractor_speed,,1,0,0,18,1,0,15.0,40.0,10.0,55.0,2,62,1.2796965837478638,0.022041478464680332,,crash_vehicle
3173,fresh,3,fresh,,,0,1,1,4,0,1,5.0,10.0,10.0,10.0,2,71,0.569115161895752,0.024666636664105554,,crash_vehicle
3174,replay,3,replay,,,0,1,1,4,0,1,5.0,10.0,10.0,10.0,2,191,1.508680820465088,0.14092149304625876,,crash_vehicle
3175,fresh,3,fresh,,,0,0,0,5,0,0,20.0,20.0,15.0,20.0,2,205,8.873815536499023,0.19537657899100605,,crash_vehicle
3176,crossover,6,crossover,,select_lane|ego_on_intersection|intersection_has_cars|has_brake_checker|distance_to_nearest|cluster_dist|brake_dist,7,1,1,18,1,0,10.0,5.0,15.0,20.0,3,104,0.3917052447795868,0.08057569074802674,,crash_vehicle
3177,fresh,3,fresh,,,0,0,0,4,0,1,15.0,20.0,10.0,35.0,3,1000,-0.05826196074485779,0.013403311682865024,,max_step
3178,crossover,6,crossover,,select_lane|ego_on_intersection|intersection_has_cars|distractor_cars|intersection_cars|has_cluster|maximum_distractor_speed|distance_to_nearest|cluster_dist|brake_dist,6,1,0,18,1,0,5.0,40.0,5.0,55.0,0,103,2.3370583057403564,0.041477648215820485,,crash_vehicle
3179,fresh,3,fresh,,,0,0,0,4,0,1,20.0,40.0,15.0,20.0,0,2,0.4924773573875427,0.0,,arrive_dest
3180,crossover,5,crossover,,distractor_cars|intersection_cars|maximum_distractor_speed|cluster_dist,3,1,1,12,1,0,5.0,10.0,15.0,55.0,2,278,4.459357738494873,0.07361602625581805,,out_of_road
3181,fresh,2,fresh,,,0,0,0,3,1,1,10.0,10.0,5.0,55.0,0,40,0.28091859817504883,0.0017247351817786694,,crash_vehicle
3182,mutation,4,mutation,select_road|select_lane|ego_on_intersection|intersection_has_cars,,2,1,0,8,0,0,20.0,40.0,10.0,20.0,1,189,7.827643394470215,0.32967802073077235,,out_of_road
3183,fresh,2,fresh,,,0,1,0,3,1,1,20.0,5.0,10.0,55.0,1,42,0.33483099937438965,0.02979835273609275,,crash_vehicle
3184,crossover,5,crossover,,select_lane|ego_on_intersection|intersection_has_cars|distractor_cars|has_cluster|distance_to_nearest|brake_dist,3,0,0,12,0,0,10.0,40.0,10.0,35.0,3,1000,1.9423718452453613,0.00645704410597682,,max_step
3185,fresh,3,fresh,,,0,0,0,4,1,1,5.0,40.0,5.0,55.0,3,104,1.9808876514434814,0.14500768719097742,,out_of_road
3186,replay,3,replay,,,0,0,0,4,1,1,5.0,40.0,5.0,55.0,3,40,0.516406238079071,0.02904025474563241,,crash_vehicle
3187,fresh,2,fresh,,,0,1,1,3,1,0,20.0,10.0,10.0,20.0,1,52,0.2231406718492508,0.010256548340503987,,out_of_road
3188,crossover,5,crossover,,has_brake_checker|has_cluster|brake_dist,3,0,0,12,1,0,10.0,40.0,10.0,55.0,3,189,8.819902420043945,0.22472669966715983,,crash_vehicle
3189,fresh,4,fresh,,,0,1,0,8,0,0,10.0,5.0,15.0,20.0,2,210,2.990670919418335,0.10748379593271584,,crash_vehicle
3190,crossover,2,crossover,,select_lane|ego_on_intersection|intersection_has_cars|distractor_cars|has_brake_checker|intersection_cars|has_cluster|brake_dist,5,1,0,3,1,0,20.0,10.0,5.0,35.0,3,76,1.7857675552368164,0.022016525734215975,,out_of_road
3191,fresh,4,fresh,,,0,0,0,8,1,1,5.0,5.0,10.0,35.0,1,133,0.8142040967941284,0.03224592995514771,,crash_vehicle
3192,crossover,4,crossover,,has_brake_checker|intersection_cars|cluster_dist|brake_dist,3,1,1,8,0,1,5.0,40.0,15.0,10.0,2,110,1.807161569595337,0.0589679543627426,,crash_vehicle
3193,fresh,2,fresh,,,0,1,0,3,1,0,5.0,5.0,5.0,35.0,1,702,0.21016982197761536,0.019436790231758587,,out_of_road
3194,mutation,4,mutation,distance_to_nearest,,0,0,0,8,0,0,10.0,40.0,15.0,20.0,1,150,5.233667373657227,0.22962309032678604,,crash_vehicle
3195,fresh,3,fresh,,,0,1,0,4,0,0,5.0,40.0,5.0,35.0,1,107,2.0741329193115234,0.051405846376285376,,out_of_road
3196,crossover,4,crossover,,select_lane|ego_on_intersection|intersection_has_cars|intersection_cars|has_cluster|maximum_distractor_speed|cluster_dist,4,1,0,8,1,0,5.0,20.0,10.0,55.0,3,81,1.2197322845458984,0.033050992882546086,,crash_vehicle
3197,fresh,5,fresh,,,0,1,1,12,1,1,15.0,5.0,15.0,20.0,3,1000,0.003258970333263278,0.012094475825782866,,max_step
3198,mutation,0,mutation,select_road|select_lane|ego_on_intersection|intersection_has_cars,,1,0,0,0,1,0,15.0,5.0,10.0,20.0,0,206,8.716536521911621,0.1806739885495632,,out_of_road
3199,fresh,0,fresh,,,0,1,1,1,0,0,20.0,20.0,10.0,35.0,1,50,0.7682934403419495,0.016813523881137372,,out_of_road
3200,replay,0,replay,,,0,1,1,1,0,0,20.0,20.0,10.0,35.0,1,188,8.508790969848633,0.1955711138533785,,out_of_road
3201,fresh,0,fresh,,,0,0,0,0,0,0,10.0,40.0,10.0,10.0,0,90,1.724951982498169,0.0632833456982755,,out_of_road
3202,crossover,4,crossover,,select_lane|ego_on_intersection|intersection_has_cars|distance_to_nearest|cluster_dist|brake_dist,4,0,0,8,1,0,20.0,10.0,15.0,20.0,0,1000,3.09203839302063,0.05968851895537228,,max_step
3203,fresh,4,fresh,,,0,0,0,8,0,1,10.0,20.0,5.0,10.0,1,54,0.6386566162109375,0.012423944232674936,,crash_vehicle
3204,replay,4,replay,,,0,0,0,8,0,1,10.0,20.0,5.0,10.0,1,85,1.618843913078308,0.05036061562816886,,crash_vehicle
3205,fresh,3,fresh,,,0,1,1,5,1,1,15.0,40.0,15.0,55.0,1,101,3.0495262145996094,0.08994920896642869,,crash_vehicle
3206,replay,3,replay,,,0,1,1,5,1,1,15.0,40.0,15.0,55.0,1,149,1.3128782510757446,0.08497298860159896,,crash_vehicle
3207,fresh,5,fresh,,,0,0,0,12,1,0,5.0,5.0,5.0,20.0,3,26,0.07626888155937195,0.13011496972579223,,crash_vehicle
3208,mutation,3,mutation,distractor_cars,,1,0,0,5,0,1,20.0,5.0,15.0,35.0,1,1000,0.8817138075828552,0.0165196043572505,,max_step
3209,fresh,3,fresh,,,0,0,0,5,0,1,15.0,10.0,10.0,55.0,2,46,0.2272646725177765,0.007870634774798933,,crash_vehicle
3210,crossover,6,crossover,,distractor_cars|intersection_cars|maximum_distractor_speed,2,1,0,18,0,1,20.0,40.0,5.0,10.0,0,65,1.2395590543746948,0.02463409900665283,,crash_vehicle
3211,fresh,2,fresh,,,0,0,0,3,0,0,20.0,5.0,10.0,10.0,2,1000,1.355380654335022,0.021461982801556586,,max_step
3212,crossover,6,crossover,,distractor_cars|intersection_cars|maximum_distractor_speed,2,1,0,18,1,0,5.0,40.0,5.0,55.0,2,76,1.5969438552856445,0.02128383262377036,,crash_vehicle
3213,fresh,1,fresh,,,0,0,0,2,1,1,10.0,10.0,10.0,20.0,2,89,1.6778008937835693,0.0344365844921617,,crash_vehicle
3214,mutation,1,mutation,has_brake_checker,,0,1,1,2,1,0,20.0,5.0,10.0,20.0,2,38,0.3263767957687378,0.024027922533844646,,out_of_road
3215,fresh,1,fresh,,,0,0,0,2,0,0,15.0,10.0,5.0,35.0,1,62,1.0291069746017456,0.054508096388270776,,crash_vehicle
3216,crossover,5,crossover,,select_lane|ego_on_intersection|intersection_has_cars|intersection_cars|maximum_distractor_speed|distance_to_nearest,3,0,0,12,1,0,20.0,20.0,10.0,35.0,3,92,1.83812415599823,0.06118817593011519,,crash_vehicle
3217,fresh,5,fresh,,,0,0,0,12,0,1,10.0,5.0,15.0,35.0,3,36,0.1928028017282486,0.027419294993807044,,crash_vehicle
3218,replay,5,replay,,,0,0,0,12,0,1,10.0,5.0,15.0,35.0,3,199,8.35631275177002,0.14010265881860226,,out_of_road
3219,fresh,3,fresh,,,0,1,0,4,0,0,15.0,40.0,10.0,55.0,3,1000,4.959369659423828,0.03012633076266502,,max_step
3220,replay,3,replay,,,0,1,0,4,0,0,15.0,40.0,10.0,55.0,3,156,2.530010461807251,0.20225595694799453,,crash_vehicle
3221,fresh,1,fresh,,,0,0,0,2,1,1,15.0,40.0,5.0,55.0,0,72,1.2465687990188599,0.017203522225220997,,crash_vehicle
3222,replay,1,replay,,,0,0,0,2,1,1,15.0,40.0,5.0,55.0,0,325,9.435981750488281,0.19204481429778614,,out_of_road
3223,fresh,4,fresh,,,0,1,1,8,0,0,15.0,5.0,5.0,55.0,2,147,1.9109190702438354,0.12112362001116583,,out_of_road
3224,mutation,6,mutation,maximum_distractor_speed,,1,1,1,18,0,0,5.0,40.0,15.0,55.0,2,70,1.158133625984192,0.050333361700177194,,out_of_road
3225,fresh,6,fresh,,,0,0,0,18,0,0,5.0,10.0,15.0,55.0,3,72,0.4532390236854553,0.03774476322966317,,out_of_road
3226,mutation,0,mutation,has_brake_checker,,0,0,0,0,0,0,5.0,10.0,10.0,35.0,0,127,4.46920919418335,0.12611239734215765,,out_of_road
3227,fresh,3,fresh,,,0,0,0,5,1,0,20.0,10.0,5.0,20.0,1,32,0.18587632477283478,0.024287680877023377,,crash_vehicle
3228,crossover,2,crossover,,has_cluster|maximum_distractor_speed|cluster_dist,2,1,1,3,0,0,20.0,10.0,15.0,35.0,3,322,10.280911445617676,0.20990718008880938,,out_of_road
3229,fresh,5,fresh,,,0,1,1,12,0,1,5.0,5.0,5.0,20.0,1,71,-0.07192438840866089,0.048527290913420666,,crash_vehicle
3230,replay,5,replay,,,0,1,1,12,0,1,5.0,5.0,5.0,20.0,1,216,7.083493709564209,0.28486988201513197,,crash_vehicle
3231,fresh,6,fresh,,,0,0,0,18,1,1,15.0,20.0,15.0,35.0,2,110,2.5520477294921875,0.05369194654578512,,out_of_road
3232,replay,6,replay,,,0,0,0,18,1,1,15.0,20.0,15.0,35.0,2,1000,0.677318274974823,0.0011491387207061053,,max_step
3233,fresh,5,fresh,,,0,0,0,12,0,1,15.0,10.0,15.0,20.0,2,398,12.775392532348633,0.31033978696173087,,out_of_road
3234,replay,5,replay,,,0,0,0,12,0,1,15.0,10.0,15.0,20.0,2,206,6.314272880554199,0.11030491477656133,,out_of_road
3235,fresh,3,fresh,,,0,0,0,4,1,1,5.0,20.0,5.0,35.0,2,99,0.7413011193275452,0.05920433990582071,,crash_vehicle
3236,crossover,4,crossover,,select_lane|ego_on_intersection|intersection_has_cars|has_brake_checker|has_cluster|distance_to_nearest,1,0,0,8,0,0,15.0,40.0,15.0,55.0,2,98,1.9686951637268066,0.019955547792570933,,crash_vehicle
3237,fresh,2,fresh,,,0,0,0,3,0,0,20.0,10.0,15.0,35.0,2,45,0.504658579826355,0.00703702171643575,,crash_vehicle
3238,replay,2,replay,,,0,0,0,3,0,0,20.0,10.0,15.0,35.0,2,210,9.074027061462402,0.16068004660219665,,crash_vehicle
3239,fresh,5,fresh,,,0,1,0,12,0,0,15.0,5.0,5.0,35.0,0,1000,0.0014473333721980453,0.0004307211684063077,,max_step
3240,replay,5,replay,,,0,1,0,12,0,0,15.0,5.0,5.0,35.0,0,138,2.457857847213745,0.10626089191604135,,crash_vehicle
3241,fresh,5,fresh,,,0,1,0,12,0,1,20.0,40.0,15.0,55.0,2,100,2.399531841278076,0.027626134175807237,,crash_vehicle
3242,replay,5,replay,,,0,1,0,12,0,1,20.0,40.0,15.0,55.0,2,41,-0.025966420769691467,0.01157782903713424,,crash_vehicle
3243,fresh,5,fresh,,,0,1,0,12,0,1,15.0,40.0,10.0,10.0,3,1000,0.0007377855363301933,0.00410917380452156,,max_step
3244,replay,5,replay,,,0,1,0,12,0,1,15.0,40.0,10.0,10.0,3,196,4.24952507019043,0.14417511724619841,,crash_vehicle
3245,fresh,5,fresh,,,0,0,0,12,1,0,20.0,40.0,5.0,55.0,1,2,0.4929475784301758,0.19060514867305756,,arrive_dest
3246,replay,5,replay,,,0,0,0,12,1,0,20.0,40.0,5.0,55.0,1,196,7.078378200531006,0.1607460990947272,,out_of_road
3247,fresh,1,fresh,,,0,1,1,2,1,0,10.0,40.0,5.0,55.0,0,55,0.7017245888710022,0.026681998643008145,,crash_vehicle
3248,replay,1,replay,,,0,1,1,2,1,0,10.0,40.0,5.0,55.0,0,248,10.371772766113281,0.2753112448769952,,out_of_road
3249,fresh,2,fresh,,,0,0,0,3,0,0,15.0,10.0,5.0,20.0,2,50,0.12508951127529144,0.0026064181327819826,,out_of_road
3250,crossover,5,crossover,,select_lane|ego_on_intersection|intersection_has_cars|maximum_distractor_speed|brake_dist,2,0,0,12,0,0,15.0,40.0,10.0,35.0,3,159,6.59210205078125,0.18532502734975057,,out_of_road
3251,fresh,3,fresh,,,0,1,1,5,0,1,20.0,40.0,10.0,35.0,3,158,2.023057460784912,0.06077260615987868,,crash_vehicle
3252,replay,3,replay,,,0,1,1,5,0,1,20.0,40.0,10.0,35.0,3,130,4.651561737060547,0.15592532981043825,,out_of_road
3253,fresh,3,fresh,,,0,0,0,5,1,1,5.0,5.0,15.0,55.0,0,34,0.2082398682832718,0.013533891918247236,,crash_vehicle
3254,mutation,6,mutation,has_cluster,,0,0,0,18,0,0,10.0,10.0,10.0,35.0,1,76,0.7959978580474854,0.0395414600344865,,crash_vehicle
3255,fresh,4,fresh,,,0,0,0,8,0,1,20.0,10.0,10.0,55.0,1,43,0.22702984511852264,0.0021277337746564732,,crash_vehicle
3256,mutation,5,mutation,distance_to_nearest,,1,0,0,12,0,0,15.0,5.0,5.0,55.0,0,67,0.17454634606838226,0.005636296693736048,,out_of_road
3257,fresh,0,fresh,,,0,0,0,1,1,0,5.0,10.0,5.0,20.0,1,71,1.0240832567214966,0.03141480107122744,,out_of_road
3258,crossover,5,crossover,,distractor_cars|has_brake_checker|has_cluster,1,1,1,12,1,0,10.0,40.0,10.0,55.0,1,157,6.111847877502441,0.08768940365122138,,out_of_road
3259,fresh,0,fresh,,,0,1,0,0,1,0,20.0,40.0,10.0,10.0,0,70,0.5595302581787109,0.02768701241750802,,out_of_road
3260,replay,0,replay,,,0,1,0,0,1,0,20.0,40.0,10.0,10.0,0,84,1.7736589908599854,0.055948899260589054,,out_of_road
3261,fresh,3,fresh,,,0,0,0,5,0,0,10.0,5.0,10.0,20.0,2,1000,0.023751309141516685,0.00012004347890615463,,max_step
3262,replay,3,replay,,,0,0,0,5,0,0,10.0,5.0,10.0,20.0,2,126,0.7188654541969299,0.058043384007991305,,out_of_road
3263,fresh,5,fresh,,,0,0,0,12,0,0,5.0,10.0,10.0,10.0,3,51,0.08246766030788422,0.019887777374071235,,crash_vehicle
3264,mutation,3,mutation,distractor_cars,,1,1,1,4,0,0,10.0,10.0,10.0,55.0,2,98,2.357013463973999,0.16664389140751898,,arrive_dest
3265,fresh,0,fresh,,,0,1,1,1,1,1,5.0,20.0,15.0,55.0,1,180,8.395837783813477,0.2238620249244074,,out_of_road
3266,crossover,5,crossover,,select_lane|ego_on_intersection|intersection_has_cars|distractor_cars|has_brake_checker|intersection_cars|has_cluster|maximum_distractor_speed,4,1,1,12,0,0,20.0,40.0,5.0,55.0,3,194,8.779277801513672,0.15868254671276538,,out_of_road
3267,fresh,3,fresh,,,0,1,0,5,1,0,15.0,5.0,10.0,55.0,3,91,1.0285181999206543,0.19030401176148717,,arrive_dest
3268,crossover,4,crossover,,distractor_cars|has_brake_checker|intersection_cars|distance_to_nearest|brake_dist,3,0,0,8,0,0,10.0,5.0,15.0,55.0,3,1000,0.03640370070934296,0.024226368863135575,,max_step
3269,fresh,4,fresh,,,0,1,0,8,0,1,10.0,10.0,10.0,35.0,1,1000,1.941459059715271,0.018427049134857952,,max_step
3270,mutation,3,mutation,distractor_cars,,1,0,0,5,0,0,20.0,5.0,5.0,55.0,3,32,0.13966353237628937,0.014642133028246462,,crash_vehicle
3271,fresh,0,fresh,,,0,1,0,1,0,0,10.0,10.0,5.0,20.0,1,70,1.5809239149093628,0.0224818409620119,,out_of_road
3272,crossover,5,crossover,,distractor_cars|has_brake_checker|intersection_cars|has_cluster|maximum_distractor_speed|distance_to_nearest,5,0,0,12,1,0,15.0,40.0,15.0,55.0,0,65,0.9285823106765747,0.031289095804095265,,out_of_road
3273,fresh,5,fresh,,,0,1,0,12,1,0,10.0,20.0,5.0,55.0,1,56,1.2368700504302979,0.14109163199152266,,arrive_dest
3274,replay,5,replay,,,0,1,0,12,1,0,10.0,20.0,5.0,55.0,1,114,2.9919307231903076,0.050017734613727056,,crash_vehicle
3275,fresh,0,fresh,,,0,0,0,1,1,0,10.0,20.0,15.0,35.0,0,230,4.842311859130859,0.149194442436261,,crash_vehicle
3276,mutation,1,mutation,cluster_dist,,1,1,1,2,0,0,20.0,10.0,5.0,20.0,0,217,8.533973693847656,0.23056191403133375,,out_of_road
3277,fresh,5,fresh,,,0,1,0,12,1,1,10.0,40.0,15.0,55.0,1,80,1.4635207653045654,0.013711350748781114,,crash_vehicle
3278,replay,5,replay,,,0,1,0,12,1,1,10.0,40.0,15.0,55.0,1,1000,0.12136935442686081,0.003995804572332418,,max_step
3279,fresh,3,fresh,,,0,1,0,4,1,0,15.0,5.0,10.0,55.0,3,1000,0.21005095541477203,0.0028677017586305736,,max_step
3280,replay,3,replay,,,0,1,0,4,1,0,15.0,5.0,10.0,55.0,3,116,1.3306649923324585,0.11489002549506981,,out_of_road
3281,fresh,5,fresh,,,0,1,1,12,0,1,10.0,40.0,15.0,35.0,2,79,1.6967673301696777,0.03827137231260915,,crash_vehicle
3282,replay,5,replay,,,0,1,1,12,0,1,10.0,40.0,15.0,35.0,2,209,4.639764308929443,0.17220579335492764,,crash_vehicle
3283,fresh,0,fresh,,,0,0,0,1,0,1,15.0,20.0,10.0,10.0,0,255,9.256539344787598,0.29287505211199033,,out_of_road
3284,replay,0,replay,,,0,0,0,1,0,1,15.0,20.0,10.0,10.0,0,107,2.048100471496582,0.0708032162320391,,out_of_road
3285,fresh,0,fresh,,,0,1,0,1,1,1,20.0,20.0,5.0,55.0,1,76,1.941237449645996,0.028547092340886593,,out_of_road
3286,mutation,6,mutation,distractor_cars,,0,0,0,18,0,1,15.0,5.0,10.0,10.0,1,33,0.15870434045791626,0.005479934766437068,,crash_vehicle
3287,fresh,5,fresh,,,0,1,0,12,0,0,10.0,20.0,5.0,35.0,3,131,2.6513912677764893,0.07548480950836234,,crash_vehicle
3288,mutation,3,mutation,distractor_cars,,1,0,0,5,1,0,20.0,5.0,15.0,55.0,1,173,3.6712372303009033,0.21907473519186063,,crash_vehicle
3289,fresh,6,fresh,,,0,1,0,18,0,1,15.0,5.0,15.0,10.0,2,38,0.12274768948554993,0.006286042938499074,,crash_vehicle
3290,crossover,3,crossover,,has_brake_checker|maximum_distractor_speed|distance_to_nearest|brake_dist,2,1,1,5,0,0,20.0,10.0,10.0,20.0,2,162,4.294343948364258,0.21615934247771898,,out_of_road
3291,fresh,4,fresh,,,0,1,0,8,1,1,20.0,5.0,10.0,20.0,2,49,0.5600948333740234,0.07875145827325022,,crash_vehicle
3292,replay,4,replay,,,0,1,0,8,1,1,20.0,5.0,10.0,20.0,2,136,4.249246597290039,0.03987801480380928,,out_of_road
3293,fresh,4,fresh,,,0,0,0,8,1,0,10.0,20.0,5.0,35.0,2,66,0.7229105830192566,0.050231048011813655,,out_of_road
3294,mutation,3,mutation,brake_dist,,0,0,0,4,1,1,15.0,5.0,5.0,35.0,3,34,0.19409359991550446,0.012355182100744808,,crash_vehicle
3295,fresh,0,fresh,,,0,0,0,1,1,0,10.0,20.0,10.0,35.0,1,133,3.9506986141204834,0.12317892656262432,,arrive_dest
3296,mutation,4,mutation,has_brake_checker,,1,0,0,8,1,0,15.0,40.0,15.0,55.0,2,92,2.3116703033447266,0.04334819162993327,,crash_vehicle
3297,fresh,0,fresh,,,0,0,0,1,1,0,10.0,20.0,15.0,55.0,1,83,2.4156885147094727,0.040271019518195866,,out_of_road
3298,replay,0,replay,,,0,0,0,1,1,0,10.0,20.0,15.0,55.0,1,132,2.949753522872925,0.12098622680500601,,crash_vehicle
3299,fresh,3,fresh,,,0,0,0,5,0,0,20.0,20.0,10.0,55.0,3,75,0.9750543832778931,0.016008406480153402,,crash_vehicle
3300,mutation,6,mutation,has_cluster,,0,0,0,18,1,0,20.0,5.0,5.0,35.0,0,233,2.781874895095825,0.11237580922448233,,out_of_road
3301,fresh,3,fresh,,,0,0,0,5,0,1,15.0,5.0,10.0,10.0,0,1000,0.8111851215362549,0.0023843281962908805,,max_step
3302,mutation,4,mutation,distance_to_nearest,,1,0,0,8,1,0,15.0,10.0,10.0,55.0,2,49,0.3838224709033966,0.011136575621001574,,crash_vehicle
3303,fresh,6,fresh,,,0,0,0,18,1,0,10.0,5.0,15.0,20.0,0,24,-0.020405873656272888,0.004779757310946782,,crash_vehicle
3304,mutation,6,mutation,cluster_dist,,1,0,0,18,0,0,20.0,20.0,15.0,35.0,3,69,0.9990105032920837,0.012633830956790758,,crash_vehicle
3305,fresh,0,fresh,,,0,1,1,1,0,0,15.0,5.0,15.0,55.0,1,128,4.323973655700684,0.04263669428110006,,out_of_road
3306,crossover,6,crossover,,distractor_cars|has_brake_checker|intersection_cars|has_cluster|maximum_distractor_speed|distance_to_nearest|cluster_dist|brake_dist,5,1,1,18,1,0,15.0,10.0,10.0,55.0,3,32,0.10535919666290283,9.333202615380287e-05,,crash_vehicle
3307,fresh,5,fresh,,,0,1,0,12,0,0,20.0,5.0,15.0,10.0,0,102,0.7647495269775391,0.10315544103436611,,crash_vehicle
3308,replay,5,replay,,,0,1,0,12,0,0,20.0,5.0,15.0,10.0,0,182,8.705439567565918,0.23540974887354033,,out_of_road
3309,fresh,2,fresh,,,0,0,0,3,0,0,20.0,10.0,10.0,35.0,0,59,0.7111990451812744,0.048433634042108466,,crash_vehicle
3310,crossover,1,crossover,,distractor_cars,0,0,0,2,0,0,10.0,20.0,5.0,10.0,2,205,10.64846134185791,0.28782031988588774,,out_of_road
3311,fresh,1,fresh,,,0,0,0,2,0,1,5.0,5.0,10.0,10.0,2,409,0.3924623727798462,0.03392173731722357,,out_of_road
3312,crossover,6,crossover,,select_lane|ego_on_intersection|intersection_has_cars|distractor_cars|has_brake_checker|intersection_cars|has_cluster|distance_to_nearest|cluster_dist|brake_dist,6,0,0,18,0,0,20.0,20.0,15.0,10.0,3,77,0.25076934695243835,0.02929128667750916,,out_of_road
3313,fresh,4,fresh,,,0,0,0,8,0,1,10.0,10.0,15.0,20.0,2,61,0.5476962327957153,0.007813732796272293,,crash_vehicle
3314,mutation,5,mutation,distractor_cars,,1,1,1,12,1,0,10.0,20.0,10.0,55.0,0,1000,2.776585578918457,0.04308246539440006,,max_step
3315,fresh,3,fresh,,,0,0,0,4,0,0,5.0,10.0,5.0,55.0,1,197,7.886627197265625,0.23976176746454336,,out_of_road
3316,mutation,6,mutation,distance_to_nearest,,2,1,1,18,1,0,15.0,20.0,15.0,35.0,2,140,3.290753126144409,0.20359178272608136,,crash_vehicle
3317,fresh,1,fresh,,,0,0,0,2,1,1,20.0,5.0,5.0,20.0,2,133,2.878765344619751,0.0584674148480723,,crash_vehicle
3318,replay,1,replay,,,0,0,0,2,1,1,20.0,5.0,5.0,20.0,2,174,3.4051733016967773,0.0738439158290282,,out_of_road
3319,fresh,0,fresh,,,0,1,1,1,0,0,15.0,40.0,5.0,35.0,1,182,8.917204856872559,0.29284974648156664,,crash_vehicle
3320,replay,0,replay,,,0,1,1,1,0,0,15.0,40.0,5.0,35.0,1,364,9.427495956420898,0.24582718377216503,,out_of_road
3321,fresh,1,fresh,,,0,0,0,2,0,1,15.0,10.0,15.0,10.0,2,93,1.9813475608825684,0.019510922893401113,,out_of_road
3322,mutation,5,mutation,has_cluster,,1,0,0,12,0,0,20.0,10.0,15.0,55.0,1,117,2.3997743129730225,0.17785146940722424,,arrive_dest
3323,fresh,0,fresh,,,0,0,0,1,0,1,5.0,40.0,10.0,35.0,0,53,0.7196621894836426,0.01590581941154768,,out_of_road
3324,mutation,3,mutation,distractor_cars,,1,1,0,4,0,0,15.0,20.0,10.0,35.0,3,545,1.7919954061508179,0.024027844337285113,,crash_vehicle
3325,fresh,4,fresh,,,0,0,0,8,0,0,15.0,20.0,5.0,10.0,3,89,1.5111407041549683,0.03596100114871947,,out_of_road
3326,crossover,1,crossover,,distractor_cars|has_brake_checker|intersection_cars|maximum_distractor_speed|brake_dist,2,0,0,2,0,0,10.0,40.0,10.0,55.0,2,148,6.563238620758057,0.14522515612692144,,out_of_road
3327,fresh,2,fresh,,,0,0,0,3,1,1,20.0,10.0,10.0,20.0,2,1000,0.7493051886558533,0.002529708210378885,,max_step
3328,replay,2,replay,,,0,0,0,3,1,1,20.0,10.0,10.0,20.0,2,195,8.409197807312012,0.29967782566180595,,out_of_road
3329,fresh,0,fresh,,,0,1,1,1,0,1,20.0,5.0,5.0,55.0,1,90,2.2706995010375977,0.026620248759475846,,out_of_road
3330,crossover,6,crossover,,select_lane|ego_on_intersection|intersection_has_cars|has_brake_checker|has_cluster|cluster_dist,5,1,0,18,1,1,5.0,20.0,15.0,35.0,3,82,1.4935451745986938,0.11099413834603095,,crash_vehicle
3331,fresh,4,fresh,,,0,0,0,8,1,0,15.0,20.0,5.0,35.0,0,61,0.8036090731620789,0.016918438257741145,,crash_vehicle
3332,mutation,1,mutation,distance_to_nearest,,1,0,0,2,1,0,10.0,10.0,15.0,55.0,2,90,2.769641160964966,0.06589631328566206,,out_of_road
3333,fresh,5,fresh,,,0,0,0,12,0,0,20.0,40.0,10.0,10.0,0,71,2.039358139038086,0.05961689877677971,,arrive_dest
3334,crossover,5,crossover,,has_brake_checker|maximum_distractor_speed|cluster_dist,2,0,0,12,1,1,10.0,20.0,10.0,35.0,2,222,8.49436092376709,0.13445583630252528,,out_of_road
3335,fresh,2,fresh,,,0,1,1,3,1,1,10.0,40.0,10.0,55.0,1,78,1.8449342250823975,0.03778830667336782,,crash_vehicle
3336,mutation,5,mutation,brake_dist,,1,1,0,12,0,0,5.0,5.0,15.0,10.0,1,35,0.2071552872657776,0.016408370701330048,,crash_vehicle
3337,fresh,0,fresh,,,0,1,1,0,0,0,15.0,20.0,15.0,10.0,0,116,3.934741258621216,0.08763238842245834,,out_of_road
3338,crossover,5,crossover,,has_cluster|maximum_distractor_speed|distance_to_nearest|cluster_dist|brake_dist,3,1,1,12,1,0,20.0,20.0,10.0,55.0,1,139,3.1897079944610596,0.11909517448013582,,crash_vehicle
3339,fresh,2,fresh,,,0,1,1,3,0,0,10.0,20.0,10.0,35.0,3,38,0.2285710871219635,0.008949913574676765,,crash_vehicle
3340,crossover,4,crossover,,has_brake_checker|intersection_cars|maximum_distractor_speed|cluster_dist,3,1,1,8,0,1,5.0,20.0,10.0,35.0,3,57,0.6047935485839844,0.02571312050547516,,crash_vehicle
3341,fresh,5,fresh,,,0,1,1,12,1,0,15.0,40.0,10.0,55.0,0,73,1.5717304944992065,0.03899271546365463,,crash_vehicle
3342,mutation,5,mutation,has_brake_checker,,0,0,0,12,0,0,20.0,10.0,15.0,55.0,1,52,0.21319103240966797,0.014072065169994648,,out_of_road
3343,fresh,3,fresh,,,0,0,0,4,0,1,5.0,5.0,5.0,35.0,0,27,0.043378934264183044,0.0005170725010059498,,crash_vehicle
3344,mutation,5,mutation,has_brake_checker,,0,0,0,12,1,0,15.0,20.0,5.0,35.0,3,21,-0.2971194088459015,0.0,,out_of_road
3345,fresh,0,fresh,,,0,0,0,0,1,0,15.0,20.0,10.0,55.0,0,94,2.9795732498168945,0.11598621633775691,,out_of_road
3346,crossover,5,crossover,,distractor_cars|maximum_distractor_speed|cluster_dist,2,1,0,12,1,0,10.0,40.0,15.0,55.0,2,91,1.606462001800537,0.01961915997358469,,crash_vehicle
3347,fresh,4,fresh,,,0,0,0,8,1,1,10.0,5.0,5.0,20.0,0,105,0.1393248438835144,0.04189852004693378,,out_of_road
3348,crossover,6,crossover,,intersection_cars|maximum_distractor_speed|distance_to_nearest|brake_dist,2,0,0,18,0,0,10.0,40.0,10.0,55.0,3,85,2.0552055835723877,0.02664421487818746,,crash_vehicle
3349,fresh,5,fresh,,,0,0,0,12,1,0,5.0,20.0,10.0,55.0,3,57,0.579559862613678,0.021536621085384434,,crash_vehicle
3350,crossover,6,crossover,,distractor_cars|has_cluster,0,1,1,18,0,0,10.0,40.0,5.0,10.0,3,63,0.8052945733070374,0.02329250933632018,,out_of_road
3351,fresh,4,fresh,,,0,0,0,8,0,0,15.0,40.0,10.0,35.0,2,49,0.8293776512145996,0.04759268622313227,,out_of_road
3352,replay,4,replay,,,0,0,0,8,0,0,15.0,40.0,10.0,35.0,2,36,0.9306478500366211,0.10373522920740975,,arrive_dest
3353,fresh,3,fresh,,,0,0,0,5,0,0,10.0,10.0,5.0,20.0,3,289,5.37651252746582,0.1258245848319058,,out_of_road
3354,replay,3,replay,,,0,0,0,5,0,0,10.0,10.0,5.0,20.0,3,162,6.426951885223389,0.2723627309932914,,out_of_road
3355,fresh,4,fresh,,,0,1,1,8,0,1,10.0,5.0,5.0,55.0,3,26,0.037127137184143066,0.009582208612790475,,crash_vehicle
3356,replay,4,replay,,,0,1,1,8,0,1,10.0,5.0,5.0,55.0,3,90,2.075305223464966,0.054876094001034895,,crash_vehicle
3357,fresh,3,fresh,,,0,0,0,4,1,1,10.0,10.0,15.0,20.0,3,134,1.929569959640503,0.21190899819024464,,out_of_road
3358,replay,3,replay,,,0,0,0,4,1,1,10.0,10.0,15.0,20.0,3,54,0.2239721715450287,0.0,,crash_vehicle
3359,fresh,4,fresh,,,0,1,0,8,1,1,10.0,20.0,5.0,35.0,2,1000,1.2163597345352173,0.03238087396882475,,max_step
3360,crossover,5,crossover,,intersection_cars|maximum_distractor_speed|cluster_dist|brake_dist,2,1,1,12,0,1,10.0,5.0,10.0,35.0,3,106,-0.008158639073371887,0.01069489023033178,,crash_vehicle
3361,fresh,3,fresh,,,0,1,1,4,1,0,10.0,40.0,5.0,55.0,0,147,3.7443935871124268,0.07999575810925084,,out_of_road
3362,mutation,6,mutation,cluster_dist,,0,1,1,18,1,0,15.0,20.0,10.0,55.0,3,154,2.741694927215576,0.12229767027492454,,out_of_road
3363,fresh,5,fresh,,,0,0,0,12,0,0,15.0,40.0,15.0,35.0,3,187,8.75868034362793,0.2076947014221055,,crash_vehicle
3364,replay,5,replay,,,0,0,0,12,0,0,15.0,40.0,15.0,35.0,3,125,1.8620357513427734,0.1332224009335041,,crash_vehicle
3365,fresh,3,fresh,,,0,0,0,4,1,1,15.0,5.0,5.0,20.0,3,242,8.433009147644043,0.2578255619222591,,arrive_dest
3366,mutation,5,mutation,has_brake_checker,,2,1,1,12,1,1,20.0,5.0,5.0,20.0,1,34,0.18255119025707245,0.03889347237589605,,crash_vehicle
3367,fresh,2,fresh,,,0,0,0,3,0,0,10.0,20.0,15.0,55.0,3,22,-0.19697780907154083,0.018786510283296757,,out_of_road
3368,mutation,2,mutation,distractor_cars,,1,0,0,3,0,0,10.0,40.0,15.0,20.0,1,98,2.874412775039673,0.04317837756374204,,crash_vehicle
3369,fresh,4,fresh,,,0,0,0,8,0,0,20.0,40.0,15.0,55.0,2,56,0.7375166416168213,0.014751030132174492,,crash_vehicle
3370,mutation,6,mutation,brake_dist,,1,1,1,18,1,0,15.0,20.0,10.0,35.0,0,275,6.321116924285889,0.22232865450734443,,crash_vehicle
3371,fresh,2,fresh,,,0,0,0,3,0,1,15.0,10.0,15.0,20.0,3,173,9.316018104553223,0.2725551562502205,,arrive_dest
3372,replay,2,replay,,,0,0,0,3,0,1,15.0,10.0,15.0,20.0,3,207,9.265275001525879,0.22017721596943296,,out_of_road
3373,fresh,3,fresh,,,0,0,0,5,0,1,10.0,10.0,10.0,10.0,3,43,0.2526549994945526,0.0018915139398602552,,crash_vehicle
3374,mutation,5,mutation,distance_to_nearest,,2,0,0,12,1,0,15.0,40.0,5.0,55.0,3,115,2.923967123031616,0.08617260639110337,,crash_vehicle
3375,fresh,6,fresh,,,0,0,0,18,1,0,20.0,40.0,15.0,55.0,0,97,2.4129109382629395,0.04085155935554775,,crash_vehicle
3376,crossover,6,crossover,,has_brake_checker|has_cluster|distance_to_nearest|brake_dist,1,1,0,18,1,0,20.0,20.0,15.0,35.0,1,57,0.5031717419624329,0.047409899794218835,,out_of_road
3377,fresh,3,fresh,,,0,1,0,4,0,1,20.0,40.0,5.0,20.0,1,80,1.645997405052185,0.028307322040200235,,crash_vehicle
3378,replay,3,replay,,,0,1,0,4,0,1,20.0,40.0,5.0,20.0,1,184,3.5017576217651367,0.21450224686312772,,out_of_road
3379,fresh,4,fresh,,,0,0,0,8,1,1,20.0,20.0,15.0,55.0,2,205,9.331403732299805,0.1924176463221268,,out_of_road
3380,replay,4,replay,,,0,0,0,8,1,1,20.0,20.0,15.0,55.0,2,327,3.6477789878845215,0.19556236526550047,,crash_vehicle
3381,fresh,1,fresh,,,0,1,1,2,1,1,15.0,20.0,15.0,35.0,2,83,1.5770541429519653,0.0495388081678784,,out_of_road
3382,replay,1,replay,,,0,1,1,2,1,1,15.0,20.0,15.0,35.0,2,23,0.0017693489789962769,0.03405122167390326,,crash_vehicle
3383,fresh,2,fresh,,,0,0,0,3,0,0,20.0,20.0,15.0,20.0,0,130,3.526657819747925,0.18007787635120062,,crash_vehicle
3384,replay,2,replay,,,0,0,0,3,0,0,20.0,20.0,15.0,20.0,0,143,3.450639486312866,0.09560869622428517,,crash_vehicle
3385,fresh,3,fresh,,,0,1,0,5,0,0,20.0,40.0,5.0,55.0,2,48,0.7725851535797119,0.016746262301846098,,out_of_road
3386,crossover,4,crossover,,select_lane|ego_on_intersection|intersection_has_cars|distractor_cars|has_brake_checker|intersection_cars|maximum_distractor_speed|distance_to_nearest|cluster_dist,6,0,0,8,1,0,15.0,40.0,5.0,55.0,3,104,2.4982621669769287,0.027731449253713854,,crash_vehicle
3387,fresh,0,fresh,,,0,0,0,0,0,0,15.0,20.0,5.0,20.0,0,2,0.4923623204231262,0.009644269943237305,,arrive_dest
3388,mutation,5,mutation,has_cluster,,0,1,0,12,1,0,15.0,40.0,5.0,55.0,2,95,2.0379364490509033,0.0608423483803084,,crash_vehicle
3389,fresh,0,fresh,,,0,1,1,1,0,1,15.0,40.0,10.0,20.0,1,109,3.6865174770355225,0.06287396512925625,,out_of_road
3390,mutation,6,mutation,cluster_dist,,1,1,0,18,1,0,15.0,40.0,15.0,55.0,1,67,1.0793657302856445,0.04971039235425084,,out_of_road
3391,fresh,6,fresh,,,0,0,0,18,0,0,15.0,40.0,15.0,10.0,0,150,6.0516486167907715,0.0941905397300919,,out_of_road
3392,replay,6,replay,,,0,0,0,18,0,0,15.0,40.0,15.0,10.0,0,117,2.938366651535034,0.16825096828178462,,crash_vehicle
3393,fresh,4,fresh,,,0,1,0,8,0,0,10.0,20.0,10.0,35.0,3,155,4.473280429840088,0.19641683142512076,,arrive_dest
3394,crossover,3,crossover,,intersection_cars|maximum_distractor_speed|cluster_dist,2,1,1,4,0,0,20.0,10.0,5.0,55.0,2,82,0.5800829529762268,0.04183964542306324,,out_of_road
3395,fresh,6,fresh,,,0,0,0,18,1,1,15.0,20.0,5.0,55.0,2,24,-0.23245179653167725,0.012578157087167105,,out_of_road
3396,mutation,4,mutation,distance_to_nearest,,1,0,0,8,1,0,15.0,5.0,10.0,55.0,1,165,2.870110511779785,0.24761148609898306,,out_of_road
3397,fresh,4,fresh,,,0,1,0,8,1,0,15.0,20.0,5.0,55.0,0,74,1.2412656545639038,0.022017070048211795,,crash_vehicle
3398,mutation,5,mutation,maximum_distractor_speed,,1,0,0,12,1,1,15.0,20.0,15.0,55.0,1,319,1.7441020011901855,0.018851312785701343,,crash_vehicle
3399,fresh,0,fresh,,,0,1,0,0,1,0,10.0,20.0,10.0,35.0,0,193,8.786123275756836,0.1643497374709792,,out_of_road
3400,mutation,4,mutation,has_brake_checker,,0,0,0,8,0,0,20.0,5.0,5.0,55.0,3,57,0.20467692613601685,0.0,,out_of_road
3401,fresh,3,fresh,,,0,0,0,5,0,1,10.0,10.0,10.0,10.0,0,84,0.7707785964012146,0.05079033052814858,,crash_vehicle
3402,crossover,3,crossover,,select_lane|ego_on_intersection|intersection_has_cars|distractor_cars|has_cluster|cluster_dist,4,0,0,5,1,1,20.0,5.0,5.0,20.0,3,52,0.38163766264915466,0.02360312003069199,,crash_vehicle
3403,fresh,1,fresh,,,0,0,0,2,1,0,5.0,40.0,5.0,55.0,2,107,3.2295639514923096,0.06379082569173564,,crash_vehicle
3404,crossover,6,crossover,,select_lane|ego_on_intersection|intersection_has_cars|distractor_cars|has_brake_checker|brake_dist,4,0,0,18,1,0,10.0,5.0,15.0,55.0,3,485,-0.09419901669025421,0.01098161973671258,,crash_vehicle
3405,fresh,1,fresh,,,0,0,0,2,0,1,10.0,5.0,5.0,10.0,1,100,0.924607515335083,0.07325322235003114,,crash_vehicle
3406,replay,1,replay,,,0,0,0,2,0,1,10.0,5.0,5.0,10.0,1,148,3.2245781421661377,0.08656175251313913,,crash_vehicle
3407,fresh,4,fresh,,,0,0,0,8,1,0,20.0,20.0,15.0,55.0,2,181,2.9810750484466553,0.10910468980752303,,out_of_road
3408,mutation,3,mutation,has_cluster,,0,0,0,5,1,0,20.0,10.0,5.0,20.0,1,41,0.3794555068016052,0.033935982461382706,,crash_vehicle
3409,fresh,4,fresh,,,0,1,0,8,0,0,5.0,10.0,5.0,10.0,3,58,0.5178449749946594,0.0061555325599579975,,crash_vehicle
3410,replay,4,replay,,,0,1,0,8,0,0,5.0,10.0,5.0,10.0,3,539,11.053690910339355,0.18766998613844169,,out_of_road
3411,fresh,5,fresh,,,0,1,0,12,1,1,15.0,40.0,5.0,55.0,0,77,1.2311005592346191,0.02058447529743244,,crash_vehicle
3412,replay,5,replay,,,0,1,0,12,1,1,15.0,40.0,5.0,55.0,0,1000,0.45773079991340637,0.006475560351042077,,max_step
3413,fresh,3,fresh,,,0,1,0,4,1,1,20.0,20.0,5.0,35.0,2,1000,0.5995673537254333,0.0028646022863686085,,max_step
3414,mutation,6,mutation,distance_to_nearest,,1,0,0,18,1,0,10.0,20.0,10.0,55.0,1,68,0.8616483807563782,0.027440676684765256,,crash_vehicle
3415,fresh,2,fresh,,,0,1,0,3,0,1,15.0,5.0,15.0,55.0,1,1000,1.0338993072509766,0.0027352860053069888,,max_step
3416,replay,2,replay,,,0,1,0,3,0,1,15.0,5.0,15.0,55.0,1,96,2.5005884170532227,0.12513016470863172,,arrive_dest
3417,fresh,0,fresh,,,0,1,1,0,1,0,20.0,10.0,5.0,20.0,0,196,9.098649024963379,0.19089230056852102,,out_of_road
3418,mutation,6,mutation,cluster_dist,,1,0,0,18,1,0,15.0,20.0,15.0,55.0,1,170,3.650787115097046,0.13811302893959423,,crash_vehicle
3419,fresh,3,fresh,,,0,0,0,5,0,0,5.0,40.0,15.0,35.0,0,97,2.4812045097351074,0.035473239732925425,,crash_vehicle
3420,mutation,6,mutation,maximum_distractor_speed,,1,1,1,18,1,1,20.0,10.0,15.0,20.0,2,1000,1.9522771835327148,0.026978368596406652,,max_step
3421,fresh,3,fresh,,,0,1,0,5,0,1,15.0,40.0,10.0,20.0,0,67,1.2852047681808472,0.019130746820079748,,crash_vehicle
3422,mutation,5,mutation,maximum_distractor_speed,,1,1,1,12,0,0,10.0,40.0,5.0,55.0,3,1000,1.699406385421753,0.02922229577600956,,max_step
3423,fresh,6,fresh,,,0,1,1,18,1,0,15.0,10.0,15.0,20.0,2,260,3.700573682785034,0.10922098043016516,,out_of_road
3424,crossover,6,crossover,,select_lane|ego_on_intersection|intersection_has_cars|has_cluster|distance_to_nearest|brake_dist,5,1,1,18,0,0,10.0,40.0,10.0,55.0,1,243,6.96251916885376,0.1998181263667075,,out_of_road
3425,fresh,4,fresh,,,0,0,0,8,0,1,15.0,5.0,15.0,10.0,1,88,0.3762490749359131,0.030978588757782498,,out_of_road
3426,replay,4,replay,,,0,0,0,8,0,1,15.0,5.0,15.0,10.0,1,187,8.253302574157715,0.23785834899919236,,out_of_road
3427,fresh,0,fresh,,,0,0,0,1,0,1,20.0,10.0,15.0,35.0,1,175,8.279191017150879,0.17946780939187323,,out_of_road
3428,crossover,5,crossover,,select_lane|ego_on_intersection|intersection_has_cars|distractor_cars|has_cluster|brake_dist,3,1,0,12,1,1,20.0,20.0,15.0,55.0,0,96,1.3147562742233276,0.029697915849586327,,crash_vehicle
3429,fresh,0,fresh,,,0,0,0,0,0,0,20.0,40.0,10.0,10.0,0,77,1.6054980754852295,0.021229722476624822,,out_of_road
3430,mutation,4,mutation,distance_to_nearest,,0,0,0,8,1,0,15.0,20.0,10.0,55.0,1,1000,2.772988796234131,0.024378920483286493,,max_step
3431,fresh,1,fresh,,,0,0,0,2,0,1,20.0,10.0,15.0,20.0,1,52,0.48116225004196167,0.024370901519432664,,crash_vehicle
3432,crossover,3,crossover,,distractor_cars|intersection_cars|cluster_dist,2,1,1,4,1,0,15.0,10.0,5.0,55.0,3,40,0.3793681263923645,0.004929731506854296,,crash_vehicle
3433,fresh,4,fresh,,,0,0,0,8,1,0,5.0,10.0,5.0,20.0,0,158,0.5144367218017578,0.09838211936050956,,crash_vehicle
3434,crossover,3,crossover,,distractor_cars|has_brake_checker|has_cluster|cluster_dist|brake_dist,3,0,0,4,0,0,20.0,10.0,5.0,35.0,2,119,2.0104479789733887,0.16242800177145406,,out_of_road
3435,fresh,0,fresh,,,0,0,0,0,1,0,15.0,5.0,10.0,55.0,0,91,2.8544342517852783,0.1663940929203898,,out_of_road
3436,mutation,2,mutation,select_road|select_lane|ego_on_intersection|intersection_has_cars,,2,1,1,3,0,0,20.0,10.0,15.0,35.0,3,49,0.7700278162956238,0.014851416556202635,,out_of_road
3437,fresh,6,fresh,,,0,0,0,18,0,0,15.0,40.0,15.0,35.0,2,49,0.776053249835968,0.02847147993363288,,out_of_road
3438,mutation,6,mutation,intersection_cars,,1,0,0,18,1,0,15.0,20.0,10.0,55.0,2,72,1.3746001720428467,0.029384343988365598,,crash_vehicle
3439,fresh,4,fresh,,,0,1,0,8,0,1,15.0,10.0,15.0,35.0,0,1000,1.7516474723815918,0.03632133341114968,,max_step
3440,mutation,2,mutation,select_road|select_lane|ego_on_intersection|intersection_has_cars,,1,0,0,3,0,1,20.0,10.0,15.0,55.0,2,215,8.093647956848145,0.2599847445307776,,out_of_road
3441,fresh,3,fresh,,,0,0,0,5,0,0,10.0,20.0,10.0,55.0,3,59,0.6105104088783264,0.01583024319577015,,crash_vehicle
3442,mutation,4,mutation,select_road|select_lane|ego_on_intersection|intersection_has_cars,,1,1,0,8,1,0,15.0,20.0,15.0,55.0,3,57,0.9152387976646423,0.018831744659365268,,crash_vehicle
3443,fresh,2,fresh,,,0,0,0,3,1,1,5.0,20.0,5.0,55.0,1,406,0.45419782400131226,0.010739543601518424,,crash_vehicle
3444,replay,2,replay,,,0,0,0,3,1,1,5.0,20.0,5.0,55.0,1,188,6.87736701965332,0.13007634685949443,,out_of_road
3445,fresh,3,fresh,,,0,1,0,5,1,0,10.0,40.0,10.0,55.0,3,116,3.2302443981170654,0.046441026939207625,,out_of_road
3446,mutation,2,mutation,cluster_dist,,1,1,0,3,0,1,20.0,10.0,10.0,55.0,2,45,0.35885316133499146,0.0021927028894424437,,crash_vehicle
3447,fresh,5,fresh,,,0,1,0,12,0,0,5.0,40.0,5.0,20.0,3,90,2.4329679012298584,0.08914428655472066,,crash_vehicle
3448,mutation,3,mutation,cluster_dist,,1,0,0,5,0,0,15.0,5.0,5.0,10.0,3,26,0.022040456533432007,0.0036790262048061076,,crash_vehicle
3449,fresh,4,fresh,,,0,0,0,8,1,1,20.0,20.0,5.0,35.0,0,216,6.350305080413818,0.13246064861649992,,out_of_road
3450,mutation,3,mutation,brake_dist,,1,1,1,4,0,0,15.0,40.0,10.0,20.0,0,315,11.344218254089355,0.2421947236335467,,out_of_road
3451,fresh,4,fresh,,,0,0,0,8,1,0,10.0,5.0,10.0,55.0,3,23,-0.02556721866130829,0.006590278252311375,,crash_vehicle
3452,replay,4,replay,,,0,0,0,8,1,0,10.0,5.0,10.0,55.0,3,166,4.393794536590576,0.22928623830428324,,out_of_road
3453,fresh,2,fresh,,,0,1,0,3,1,1,15.0,20.0,5.0,35.0,3,268,10.262683868408203,0.2557392969810918,,out_of_road
3454,crossover,4,crossover,,distractor_cars|has_brake_checker|has_cluster|maximum_distractor_speed|distance_to_nearest|cluster_dist|brake_dist,2,0,0,8,1,0,15.0,40.0,10.0,55.0,1,122,3.1635663509368896,0.06301371657793395,,crash_vehicle
3455,fresh,4,fresh,,,0,1,1,8,0,1,5.0,10.0,15.0,35.0,0,53,0.48147010803222656,0.012190730152827388,,crash_vehicle
3456,replay,4,replay,,,0,1,1,8,0,1,5.0,10.0,15.0,35.0,0,179,3.722130537033081,0.20647601783275604,,crash_vehicle
3457,fresh,4,fresh,,,0,0,0,8,1,1,5.0,10.0,15.0,20.0,1,1000,0.5691633224487305,0.004415813563507982,,max_step
3458,replay,4,replay,,,0,0,0,8,1,1,5.0,10.0,15.0,20.0,1,293,8.857192039489746,0.18171345631976582,,out_of_road
3459,fresh,3,fresh,,,0,0,0,4,0,0,20.0,10.0,10.0,10.0,0,40,0.2094518095254898,0.0001483328640460968,,crash_vehicle
3460,replay,3,replay,,,0,0,0,4,0,0,20.0,10.0,10.0,10.0,0,91,2.1943418979644775,0.048783912018944435,,out_of_road
3461,fresh,0,fresh,,,0,0,0,0,1,0,20.0,20.0,10.0,55.0,0,130,4.716192722320557,0.1856870954712996,,out_of_road
3462,mutation,6,mutation,select_road|select_lane|ego_on_intersection|intersection_has_cars,,1,0,0,18,1,0,15.0,20.0,10.0,55.0,1,145,3.2876012325286865,0.1159046927884478,,crash_vehicle
3463,fresh,5,fresh,,,0,1,0,12,0,1,5.0,10.0,15.0,35.0,1,64,1.040143609046936,0.0411107679392444,,crash_vehicle
3464,replay,5,replay,,,0,1,0,12,0,1,5.0,10.0,15.0,35.0,1,199,8.498929023742676,0.16196597017460132,,out_of_road
3465,fresh,5,fresh,,,0,1,1,12,0,0,15.0,10.0,10.0,10.0,3,137,3.1078274250030518,0.1853124436507695,,crash_vehicle
3466,replay,5,replay,,,0,1,1,12,0,0,15.0,10.0,10.0,10.0,3,345,8.469465255737305,0.13030260824800832,,out_of_road
3467,fresh,6,fresh,,,0,1,1,18,0,0,20.0,40.0,5.0,10.0,1,182,3.971989631652832,0.1953383390228827,,crash_vehicle
3468,mutation,5,mutation,distance_to_nearest,,1,1,1,12,0,1,5.0,5.0,15.0,20.0,2,30,0.03744029998779297,0.025001361221075057,,crash_vehicle
3469,fresh,0,fresh,,,0,0,0,0,0,0,10.0,40.0,15.0,10.0,0,73,1.9975115060806274,0.027381786744888514,,out_of_road
3470,replay,0,replay,,,0,0,0,0,0,0,10.0,40.0,15.0,10.0,0,92,3.050741672515869,0.07675520774058026,,out_of_road
3471,fresh,4,fresh,,,0,0,0,8,0,0,10.0,20.0,10.0,35.0,2,277,10.308833122253418,0.2386393232358492,,out_of_road
3472,crossover,5,crossover,,distractor_cars|has_brake_checker|intersection_cars|has_cluster|distance_to_nearest,2,1,1,12,1,0,20.0,20.0,10.0,35.0,3,152,2.136013984680176,0.06426519496170313,,out_of_road
3473,fresh,3,fresh,,,0,1,0,4,0,0,10.0,10.0,10.0,10.0,0,238,2.774721145629883,0.08507329394586947,,crash_vehicle
3474,replay,3,replay,,,0,1,0,4,0,0,10.0,10.0,10.0,10.0,0,178,4.112141132354736,0.3162722298770808,,out_of_road
3475,fresh,3,fresh,,,0,0,0,5,0,0,5.0,5.0,5.0,55.0,3,70,0.43082326650619507,0.03213545682707003,,crash_vehicle
3476,mutation,0,mutation,cluster_dist,,1,0,0,0,0,0,15.0,5.0,10.0,55.0,0,67,1.4231610298156738,0.02307666814538525,,out_of_road
3477,fresh,0,fresh,,,0,1,1,1,0,1,10.0,10.0,15.0,10.0,0,190,4.4727559089660645,0.18288143888900155,,out_of_road
3478,replay,0,replay,,,0,1,1,1,0,1,10.0,10.0,15.0,10.0,0,241,7.544219017028809,0.2566323774746963,,out_of_road
3479,fresh,0,fresh,,,0,1,1,0,0,0,5.0,40.0,10.0,10.0,0,157,6.035778522491455,0.0807917349924375,,out_of_road
3480,crossover,6,crossover,,select_lane|ego_on_intersection|intersection_has_cars|distractor_cars|has_brake_checker|cluster_dist,3,1,1,18,1,0,20.0,5.0,5.0,35.0,0,23,-0.027957648038864136,0.0,,crash_vehicle
3481,fresh,2,fresh,,,0,0,0,3,1,0,20.0,40.0,15.0,55.0,0,83,2.223482608795166,0.024230909253279847,,crash_vehicle
3482,mutation,6,mutation,distance_to_nearest,,0,0,0,18,1,0,5.0,5.0,15.0,35.0,0,593,0.6958924531936646,0.0419518042344095,,out_of_road
3483,fresh,6,fresh,,,0,1,1,18,1,1,5.0,5.0,10.0,20.0,1,350,0.6039443612098694,0.011033811111535344,,crash_vehicle
3484,replay,6,replay,,,0,1,1,18,1,1,5.0,5.0,10.0,20.0,1,184,8.285120010375977,0.15418438791074668,,out_of_road
3485,fresh,3,fresh,,,0,1,0,5,1,0,10.0,5.0,15.0,35.0,2,44,0.23639456927776337,0.01752812292596156,,crash_vehicle
3486,mutation,6,mutation,has_brake_checker,,0,1,1,18,1,0,20.0,5.0,5.0,35.0,0,37,0.17950907349586487,0.0033260281575289933,,crash_vehicle
3487,fresh,5,fresh,,,0,1,0,12,0,0,10.0,20.0,10.0,35.0,2,51,0.4205194115638733,0.015317881224202174,,crash_vehicle
3488,mutation,0,mutation,cluster_dist,,1,1,1,0,0,0,15.0,20.0,15.0,20.0,0,194,8.666465759277344,0.18450953112435095,,out_of_road
3489,fresh,0,fresh,,,0,1,0,0,1,0,10.0,10.0,15.0,35.0,0,104,2.2521002292633057,0.029541664703104358,,out_of_road
3490,crossover,2,crossover,,select_lane|ego_on_intersection|intersection_has_cars|distractor_cars|has_brake_checker|intersection_cars|has_cluster|distance_to_nearest|brake_dist,3,0,0,3,0,0,10.0,10.0,15.0,35.0,0,149,4.411815643310547,0.10905919747814637,,out_of_road
3491,fresh,1,fresh,,,0,0,0,2,0,0,20.0,10.0,10.0,20.0,1,1000,0.8836230039596558,0.000641680565837305,,max_step
3492,mutation,2,mutation,distance_to_nearest,,1,0,0,3,1,1,15.0,10.0,10.0,20.0,2,48,0.31839245557785034,0.015361081498364607,,crash_vehicle
3493,fresh,3,fresh,,,0,0,0,5,0,0,10.0,20.0,15.0,10.0,2,432,12.515325546264648,0.2524247752002406,,crash_vehicle
3494,mutation,3,mutation,cluster_dist,,1,1,0,4,0,0,20.0,10.0,5.0,20.0,3,242,9.771580696105957,0.3722448424794057,,out_of_road
3495,fresh,5,fresh,,,0,1,0,12,1,0,15.0,40.0,10.0,55.0,2,80,2.047029733657837,0.023725478706182912,,crash_vehicle
3496,crossover,6,crossover,,maximum_distractor_speed|distance_to_nearest|cluster_dist|brake_dist,3,0,0,18,1,0,15.0,20.0,15.0,35.0,1,238,4.494571685791016,0.19526340380436233,,out_of_road
3497,fresh,3,fresh,,,0,0,0,4,0,1,10.0,20.0,10.0,35.0,0,1000,0.6027765870094299,0.007090789534151554,,max_step
3498,replay,3,replay,,,0,0,0,4,0,1,10.0,20.0,10.0,35.0,0,187,7.303097724914551,0.17889487840743226,,out_of_road
3499,fresh,4,fresh,,,0,0,0,8,1,0,5.0,5.0,5.0,55.0,3,320,-0.07740752398967743,0.0036491683211352212,,crash_vehicle
3500,mutation,4,mutation,has_cluster,,0,0,0,8,1,0,15.0,20.0,5.0,55.0,2,71,0.9714710712432861,0.014357036268207389,,crash_vehicle
3501,fresh,4,fresh,,,0,1,0,8,0,1,10.0,40.0,10.0,10.0,0,74,1.543636441230774,0.025780157462970632,,crash_vehicle
3502,crossover,4,crossover,,select_lane|ego_on_intersection|intersection_has_cars|distractor_cars|has_cluster|maximum_distractor_speed|distance_to_nearest|cluster_dist,3,0,0,8,0,0,10.0,40.0,15.0,20.0,2,97,2.315673589706421,0.02302536160022635,,crash_vehicle
3503,fresh,6,fresh,,,0,0,0,18,1,0,15.0,5.0,15.0,20.0,2,39,-0.024404659867286682,0.02109339584906896,,crash_vehicle
3504,mutation,0,mutation,distractor_cars,,0,0,0,0,0,0,5.0,10.0,5.0,35.0,0,31,-0.196184903383255,0.021273786021817113,,out_of_road
3505,fresh,3,fresh,,,0,1,1,5,1,0,20.0,40.0,10.0,55.0,0,243,2.4424030780792236,0.05884392804814955,,crash_vehicle
3506,replay,3,replay,,,0,1,1,5,1,0,20.0,40.0,10.0,55.0,0,91,2.7499101161956787,0.09721058988329637,,arrive_dest
3507,fresh,0,fresh,,,0,0,0,1,1,0,15.0,40.0,5.0,55.0,1,168,3.330737352371216,0.17038030498882845,,out_of_road
3508,crossover,2,crossover,,distractor_cars|has_brake_checker|intersection_cars|maximum_distractor_speed|distance_to_nearest|brake_dist,3,0,0,3,1,1,15.0,10.0,15.0,55.0,0,286,2.4859778881073,0.07137829270474352,,crash_vehicle
3509,fresh,6,fresh,,,0,1,1,18,0,0,10.0,20.0,10.0,35.0,3,467,7.665365695953369,0.17518256909594865,,arrive_dest
3510,mutation,6,mutation,intersection_cars,,0,1,1,18,1,1,5.0,5.0,15.0,20.0,0,142,1.5941615104675293,0.12282003520030371,,crash_vehicle
3511,fresh,0,fresh,,,0,0,0,0,0,0,20.0,40.0,15.0,35.0,0,98,2.4427902698516846,0.029888147649792383,,out_of_road
3512,mutation,6,mutation,distance_to_nearest,,0,0,0,18,1,0,15.0,20.0,10.0,55.0,1,57,0.6035482883453369,0.011999080905265976,,crash_vehicle
3513,fresh,5,fresh,,,0,0,0,12,1,1,5.0,5.0,5.0,20.0,1,35,-0.007990583777427673,0.0,,crash_vehicle
3514,crossover,1,crossover,,distractor_cars|intersection_cars|cluster_dist|brake_dist,3,1,0,2,0,0,5.0,5.0,15.0,20.0,0,158,0.8617204427719116,0.03818356138182497,,arrive_dest
3515,fresh,5,fresh,,,0,1,1,12,0,0,10.0,10.0,10.0,55.0,2,99,1.504723310470581,0.08822428171682839,,crash_vehicle
3516,crossover,1,crossover,,select_lane|ego_on_intersection|intersection_has_cars|intersection_cars|distance_to_nearest,5,1,0,2,1,0,5.0,40.0,5.0,55.0,0,83,1.5106937885284424,0.034359624497143616,,crash_vehicle
3517,fresh,2,fresh,,,0,1,1,3,1,1,15.0,40.0,5.0,55.0,1,66,1.2571808099746704,0.015728856578017727,,crash_vehicle
3518,replay,2,replay,,,0,1,1,3,1,1,15.0,40.0,5.0,55.0,1,96,1.198523998260498,0.11864960705861449,,crash_vehicle
3519,fresh,5,fresh,,,0,1,0,12,0,1,10.0,40.0,10.0,35.0,2,80,1.268752098083496,0.017382866144180296,,crash_vehicle
3520,mutation,4,mutation,maximum_distractor_speed,,1,0,0,8,1,1,15.0,20.0,5.0,35.0,0,55,0.6233362555503845,0.014539025046608665,,crash_vehicle
3521,fresh,5,fresh,,,0,0,0,12,0,1,20.0,20.0,15.0,35.0,1,222,8.801034927368164,0.13509598707880927,,out_of_road
3522,replay,5,replay,,,0,0,0,12,0,1,20.0,20.0,15.0,35.0,1,130,3.1379518508911133,0.10195384472608567,,crash_vehicle
3523,fresh,3,fresh,,,0,0,0,4,1,1,20.0,20.0,10.0,35.0,2,200,6.9458513259887695,0.24497112423181533,,out_of_road
3524,crossover,6,crossover,,select_lane|ego_on_intersection|intersection_has_cars|distractor_cars|has_brake_checker|intersection_cars|has_cluster|maximum_distractor_speed|distance_to_nearest,4,0,0,18,1,0,20.0,5.0,5.0,20.0,1,159,2.6755998134613037,0.14688170778582682,,crash_vehicle
3525,fresh,0,fresh,,,0,0,0,1,1,0,15.0,10.0,5.0,35.0,1,265,12.287191390991211,0.3612851177465241,,out_of_road
3526,crossover,6,crossover,,distractor_cars|distance_to_nearest|cluster_dist,3,1,1,18,1,0,15.0,40.0,5.0,55.0,0,291,8.265154838562012,0.16157959468176275,,out_of_road
3527,fresh,2,fresh,,,0,1,0,3,1,1,15.0,10.0,10.0,35.0,1,58,0.6607733964920044,0.004596139320397171,,crash_vehicle
3528,replay,2,replay,,,0,1,0,3,1,1,15.0,10.0,10.0,35.0,1,213,8.238388061523438,0.17148356245472118,,out_of_road
3529,fresh,3,fresh,,,0,1,1,5,1,0,10.0,20.0,5.0,35.0,3,88,1.558095097541809,0.036852682395626536,,crash_vehicle
3530,mutation,6,mutation,intersection_cars,,1,1,1,18,1,0,20.0,5.0,5.0,35.0,2,155,2.7114145755767822,0.20373148442276062,,out_of_road
3531,fresh,0,fresh,,,0,0,0,0,0,0,10.0,5.0,5.0,20.0,0,140,5.50534725189209,0.11865295256221933,rejection_fallback,out_of_road
3532,replay,0,replay,,,0,0,0,0,0,0,10.0,5.0,5.0,20.0,0,129,4.246943473815918,0.15911270684540965,,out_of_road
3533,fresh,1,fresh,,,0,0,0,2,0,0,15.0,5.0,5.0,10.0,0,85,0.6017213463783264,0.05312506735105725,,out_of_road
3534,mutation,4,mutation,intersection_cars,,1,0,0,8,1,0,20.0,5.0,5.0,55.0,1,170,4.381464958190918,0.13222843996961328,,out_of_road
3535,fresh,0,fresh,,,0,1,1,0,0,0,20.0,5.0,5.0,10.0,0,181,8.749054908752441,0.2081098895293573,,out_of_road
3536,replay,0,replay,,,0,1,1,0,0,0,20.0,5.0,5.0,10.0,0,158,6.01685905456543,0.08716993192446572,,out_of_road
3537,fresh,5,fresh,,,0,0,0,12,0,0,10.0,40.0,15.0,35.0,3,164,2.4022722244262695,0.07293281465110074,,out_of_road
3538,mutation,6,mutation,maximum_distractor_speed,,1,1,1,18,1,0,20.0,20.0,10.0,55.0,0,64,0.7457720041275024,0.016711917356587946,,crash_vehicle
3539,fresh,2,fresh,,,0,0,0,3,0,0,20.0,5.0,15.0,10.0,2,31,0.11023034155368805,0.00742388931253264,,crash_vehicle
3540,mutation,6,mutation,maximum_distractor_speed,,1,1,1,18,1,0,10.0,20.0,10.0,55.0,3,104,2.2852723598480225,0.04616126499604434,,crash_vehicle
3541,fresh,0,fresh,,,0,0,0,0,0,0,5.0,10.0,10.0,35.0,0,66,1.546818733215332,0.045770239303678725,,out_of_road
3542,replay,0,replay,,,0,0,0,0,0,0,5.0,10.0,10.0,35.0,0,228,2.697554588317871,0.10339917351385546,,crash_vehicle
3543,fresh,1,fresh,,,0,1,0,2,0,1,10.0,10.0,5.0,35.0,2,64,1.668431043624878,0.0510316098225303,,crash_vehicle
3544,mutation,2,mutation,distractor_cars,,1,0,0,3,0,1,10.0,5.0,10.0,35.0,2,280,10.147167205810547,0.2744988349898319,,out_of_road
3545,fresh,5,fresh,,,0,0,0,12,1,1,10.0,40.0,5.0,55.0,3,38,0.3313180208206177,0.017081748007943754,,crash_vehicle
3546,mutation,5,mutation,distance_to_nearest,,2,0,0,12,1,0,20.0,40.0,10.0,55.0,3,242,1.9719715118408203,0.009763407895210668,,crash_vehicle
3547,fresh,5,fresh,,,0,0,0,12,1,0,5.0,10.0,10.0,20.0,2,36,0.2903965711593628,0.014753660808006922,,crash_vehicle
3548,crossover,5,crossover,,has_cluster|maximum_distractor_speed|cluster_dist|brake_dist,2,1,1,12,0,0,20.0,20.0,10.0,55.0,3,142,2.929248332977295,0.1069180286574689,,crash_vehicle
3549,fresh,3,fresh,,,0,1,1,4,0,1,5.0,5.0,10.0,20.0,0,25,0.021283000707626343,0.0022473406791687013,,crash_vehicle
3550,mutation,6,mutation,brake_dist,,1,0,0,18,0,1,10.0,40.0,15.0,55.0,2,171,3.3884971141815186,0.2014017724132503,,crash_vehicle
3551,fresh,3,fresh,,,0,1,0,4,1,0,15.0,10.0,10.0,55.0,3,241,1.4069820642471313,0.0350622104305032,,crash_vehicle
3552,replay,3,replay,,,0,1,0,4,1,0,15.0,10.0,10.0,55.0,3,178,7.359697341918945,0.1117684147817742,,out_of_road
3553,fresh,2,fresh,,,0,0,0,3,1,0,20.0,5.0,10.0,55.0,0,1000,0.7704539895057678,0.00622474329918623,,max_step
3554,crossover,2,crossover,,has_brake_checker|distance_to_nearest|cluster_dist,1,0,0,3,0,1,20.0,10.0,10.0,55.0,2,219,8.258204460144043,0.18665184613878597,,out_of_road
3555,fresh,6,fresh,,,0,0,0,18,1,0,5.0,20.0,10.0,35.0,0,198,8.704767227172852,0.12836600967560602,,out_of_road
3556,mutation,6,mutation,has_cluster,,1,1,1,18,1,1,20.0,5.0,5.0,35.0,0,51,-0.14262479543685913,0.003831144970129518,,crash_vehicle
3557,fresh,3,fresh,,,0,0,0,5,1,1,10.0,40.0,10.0,55.0,1,16,-0.2545870542526245,0.0,,out_of_road
3558,crossover,4,crossover,,select_lane|ego_on_intersection|intersection_has_cars|distractor_cars|has_cluster|distance_to_nearest|cluster_dist,5,0,0,8,1,0,15.0,40.0,5.0,55.0,2,49,0.7582528591156006,0.024471165346247808,,out_of_road
3559,fresh,1,fresh,,,0,1,1,2,1,1,20.0,20.0,5.0,35.0,2,51,0.8147067427635193,0.03341621576863177,,out_of_road
3560,mutation,5,mutation,has_cluster,,1,0,0,12,0,0,20.0,10.0,15.0,55.0,1,1000,0.1246287077665329,0.004554158362559974,,max_step
3561,fresh,0,fresh,,,0,0,0,1,1,0,5.0,20.0,10.0,35.0,0,88,1.5286543369293213,0.03920880743217739,,crash_vehicle
3562,crossover,5,crossover,,select_lane|ego_on_intersection|intersection_has_cars|has_brake_checker|intersection_cars|maximum_distractor_speed|cluster_dist|brake_dist,6,0,0,12,0,0,15.0,5.0,5.0,55.0,1,23,-0.09661780297756195,0.0024663352448007336,,crash_vehicle
3563,fresh,4,fresh,,,0,1,1,8,1,1,5.0,20.0,10.0,35.0,1,105,0.4360469579696655,0.017444490996145066,,out_of_road
3564,mutation,6,mutation,distractor_cars,,0,1,1,18,1,0,20.0,5.0,5.0,35.0,0,23,-0.016404718160629272,0.010943848153819208,,crash_vehicle
3565,fresh,2,fresh,,,0,1,1,3,0,1,5.0,40.0,5.0,20.0,1,73,1.2696590423583984,0.03876184018915647,,crash_vehicle
3566,mutation,6,mutation,has_cluster,,1,1,1,18,1,1,15.0,20.0,15.0,35.0,2,106,2.119309902191162,0.042084614623267694,,crash_vehicle
3567,fresh,4,fresh,,,0,0,0,8,0,0,5.0,40.0,15.0,55.0,2,84,1.7655255794525146,0.021728026359120294,,out_of_road
3568,replay,4,replay,,,0,0,0,8,0,0,5.0,40.0,15.0,55.0,2,136,2.923496961593628,0.13818854233250022,,out_of_road
3569,fresh,0,fresh,,,0,0,0,0,0,0,10.0,5.0,5.0,20.0,0,63,1.3088651895523071,0.02639671829011705,rejection_fallback,out_of_road
3570,crossover,2,crossover,,has_brake_checker|intersection_cars|has_cluster|maximum_distractor_speed|distance_to_nearest|cluster_dist,0,0,0,3,0,0,20.0,20.0,5.0,55.0,2,168,4.4270782470703125,0.1190615381125272,,out_of_road
3571,fresh,0,fresh,,,0,1,0,1,1,1,10.0,10.0,10.0,35.0,1,186,8.172557830810547,0.1658956312063721,,out_of_road
3572,mutation,6,mutation,select_road|select_lane|ego_on_intersection|intersection_has_cars,,1,0,0,18,1,0,20.0,5.0,5.0,35.0,0,1000,0.9206728339195251,0.03084114038804546,,max_step
3573,fresh,1,fresh,,,0,1,1,2,1,0,5.0,40.0,5.0,55.0,2,89,2.0831336975097656,0.021296798068444044,,out_of_road
3574,replay,1,replay,,,0,1,1,2,1,0,5.0,40.0,5.0,55.0,2,1000,0.454440712928772,0.05089527572959196,,max_step
3575,fresh,0,fresh,,,0,1,1,1,0,0,15.0,40.0,10.0,35.0,1,117,4.460937976837158,0.14352462435754126,,out_of_road
3576,crossover,5,crossover,,distractor_cars|has_brake_checker|has_cluster|maximum_distractor_speed|distance_to_nearest|brake_dist,5,1,1,12,0,1,10.0,40.0,10.0,20.0,1,79,1.2817189693450928,0.030854242217220083,,crash_vehicle
3577,fresh,3,fresh,,,0,0,0,4,0,1,20.0,20.0,10.0,55.0,3,143,3.0981855392456055,0.10331675259826276,,out_of_road
3578,mutation,2,mutation,cluster_dist,,0,0,0,3,0,0,10.0,40.0,5.0,10.0,2,75,1.3783683776855469,0.019596416080991427,,crash_vehicle
3579,fresh,0,fresh,,,0,0,0,1,1,0,20.0,10.0,5.0,55.0,1,183,8.68560791015625,0.18641728908332483,,out_of_road
3580,mutation,1,mutation,brake_dist,,0,1,1,2,0,1,15.0,5.0,5.0,35.0,2,152,6.482542991638184,0.221242235654867,,out_of_road
3581,fresh,5,fresh,,,0,1,1,12,1,0,15.0,10.0,10.0,35.0,1,149,2.7312235832214355,0.14933268274586872,,out_of_road
3582,replay,5,replay,,,0,1,1,12,1,0,15.0,10.0,10.0,35.0,1,138,3.4004056453704834,0.09105790639971045,,crash_vehicle
3583,fresh,3,fresh,,,0,1,0,5,0,0,5.0,40.0,15.0,55.0,3,113,2.4918062686920166,0.0484632333262568,,crash_vehicle
3584,crossover,5,crossover,,has_brake_checker|intersection_cars|has_cluster|maximum_distractor_speed|cluster_dist|brake_dist,3,0,0,12,0,0,20.0,40.0,5.0,55.0,3,297,9.2536039352417,0.2210377871626455,,crash_vehicle
3585,fresh,6,fresh,,,0,1,0,18,0,1,10.0,5.0,15.0,20.0,2,951,3.645655632019043,0.07369356916739471,,crash_vehicle
3586,mutation,3,mutation,distance_to_nearest,,0,0,0,4,0,1,10.0,5.0,10.0,35.0,2,396,12.724915504455566,0.2599623311814297,,out_of_road
3587,fresh,6,fresh,,,0,0,0,18,1,1,10.0,40.0,15.0,55.0,0,32,-0.19241780042648315,0.0,,out_of_road
3588,crossover,6,crossover,,select_lane|ego_on_intersection|intersection_has_cars|distractor_cars|has_brake_checker|intersection_cars|maximum_distractor_speed|distance_to_nearest,5,0,0,18,1,0,15.0,20.0,10.0,35.0,3,89,1.2052979469299316,0.001306767151638698,,crash_vehicle
3589,fresh,3,fresh,,,0,1,0,5,0,1,5.0,5.0,5.0,10.0,3,53,-0.11188547313213348,0.01765309527235211,,crash_vehicle
3590,mutation,5,mutation,select_road|select_lane|ego_on_intersection|intersection_has_cars,,2,1,0,12,0,0,20.0,5.0,10.0,10.0,1,23,-0.025614336133003235,0.0,,crash_vehicle
3591,fresh,4,fresh,,,0,1,0,8,0,0,20.0,5.0,15.0,55.0,3,225,2.9798197746276855,0.15246406562212442,,out_of_road
3592,replay,4,replay,,,0,1,0,8,0,0,20.0,5.0,15.0,55.0,3,326,11.902299880981445,0.4016124168925124,,out_of_road
3593,fresh,1,fresh,,,0,1,0,2,0,0,15.0,10.0,5.0,20.0,0,127,1.9907194375991821,0.09482911047269041,,out_of_road
3594,replay,1,replay,,,0,1,0,2,0,0,15.0,10.0,5.0,20.0,0,135,3.610454797744751,0.03784752555743412,,out_of_road
3595,fresh,3,fresh,,,0,0,0,4,1,0,20.0,20.0,5.0,35.0,1,208,9.242253303527832,0.16543919547872904,,out_of_road
3596,mutation,1,mutation,distractor_cars,,2,0,0,2,1,0,15.0,20.0,5.0,55.0,2,92,2.6173417568206787,0.06831178793926602,,out_of_road
3597,fresh,3,fresh,,,0,1,1,5,1,1,5.0,40.0,15.0,55.0,3,1000,1.6902214288711548,0.006054344993084669,,max_step
3598,replay,3,replay,,,0,1,1,5,1,1,5.0,40.0,15.0,55.0,3,193,8.915024757385254,0.16025388808293664,,out_of_road
3599,fresh,3,fresh,,,0,0,0,4,0,0,15.0,5.0,10.0,55.0,3,158,2.6643776893615723,0.17997739281316724,,out_of_road
3600,crossover,6,crossover,,has_brake_checker|intersection_cars|brake_dist,2,1,1,18,1,0,15.0,40.0,15.0,55.0,1,68,1.1425502300262451,0.01987590846222113,,crash_vehicle
3601,fresh,5,fresh,,,0,0,0,12,1,0,10.0,10.0,15.0,20.0,3,33,0.2275439351797104,0.0,,crash_vehicle
3602,replay,5,replay,,,0,0,0,12,1,0,10.0,10.0,15.0,20.0,3,335,9.641294479370117,0.18494261498215483,,out_of_road
3603,fresh,4,fresh,,,0,0,0,8,1,0,15.0,5.0,10.0,20.0,2,23,-0.015059858560562134,0.0,,crash_vehicle
3604,mutation,3,mutation,distractor_cars,,1,1,1,4,1,1,5.0,40.0,15.0,55.0,3,1000,2.240640163421631,0.004498314442113042,,max_step
3605,fresh,2,fresh,,,0,0,0,3,1,0,5.0,40.0,15.0,55.0,0,74,1.5173031091690063,0.028191359260597744,,crash_vehicle
3606,mutation,5,mutation,distance_to_nearest,,1,0,0,12,0,0,10.0,5.0,5.0,55.0,3,2,0.4911344349384308,0.04731094837188721,,arrive_dest
3607,fresh,3,fresh,,,0,0,0,5,0,0,15.0,20.0,15.0,55.0,3,55,0.6351128816604614,0.006631241874261336,,crash_vehicle
3608,crossover,3,crossover,,select_lane|ego_on_intersection|intersection_has_cars|has_brake_checker|has_cluster|distance_to_nearest|cluster_dist|brake_dist,2,0,0,5,0,0,15.0,5.0,10.0,55.0,3,1000,-0.03862973302602768,0.012323817621916533,,max_step
3609,fresh,0,fresh,,,0,0,0,1,1,1,10.0,20.0,5.0,35.0,1,112,2.549816131591797,0.0481386872623781,,crash_vehicle
3610,crossover,5,crossover,,select_lane|ego_on_intersection|intersection_has_cars|distractor_cars|has_brake_checker|distance_to_nearest|cluster_dist|brake_dist,4,0,0,12,0,1,10.0,10.0,15.0,55.0,3,101,1.2930784225463867,0.10861927440555968,,crash_vehicle
3611,fresh,6,fresh,,,0,0,0,18,0,1,5.0,20.0,10.0,20.0,3,869,0.747583270072937,0.0019346374216713483,,crash_vehicle
3612,crossover,5,crossover,,maximum_distractor_speed,1,0,0,12,0,1,10.0,20.0,15.0,55.0,2,149,1.7943624258041382,0.05052687101466144,,crash_vehicle
3613,fresh,2,fresh,,,0,0,0,3,1,1,10.0,40.0,15.0,55.0,0,92,2.131484031677246,0.03545861061581451,,crash_vehicle
3614,replay,2,replay,,,0,0,0,3,1,1,10.0,40.0,15.0,55.0,0,155,3.6438002586364746,0.12350440067389319,,crash_vehicle
3615,fresh,3,fresh,,,0,1,1,5,1,0,10.0,40.0,10.0,55.0,3,82,1.5681016445159912,0.025949770510878142,,crash_vehicle
3616,replay,3,replay,,,0,1,1,5,1,0,10.0,40.0,10.0,55.0,3,352,12.853672981262207,0.3289836570461789,,crash_vehicle
3617,fresh,2,fresh,,,0,1,0,3,1,0,10.0,10.0,15.0,55.0,2,157,4.303320407867432,0.30714718304621946,,crash_vehicle
3618,replay,2,replay,,,0,1,0,3,1,0,10.0,10.0,15.0,55.0,2,212,9.905295372009277,0.3724681747866408,,out_of_road
3619,fresh,3,fresh,,,0,0,0,4,1,1,5.0,10.0,15.0,20.0,2,237,8.66258430480957,0.14174582420176343,,out_of_road
3620,replay,3,replay,,,0,0,0,4,1,1,5.0,10.0,15.0,20.0,2,134,1.952467679977417,0.08404523522745985,,crash_vehicle
3621,fresh,5,fresh,,,0,1,1,12,1,0,20.0,20.0,10.0,35.0,0,100,1.707014799118042,0.09195560906082392,,out_of_road
3622,crossover,3,crossover,,select_lane|ego_on_intersection|intersection_has_cars|distractor_cars|has_brake_checker|has_cluster|maximum_distractor_speed|distance_to_nearest,2,1,0,4,0,0,20.0,10.0,5.0,55.0,2,112,2.1329760551452637,0.038643869904002974,,out_of_road
3623,fresh,2,fresh,,,0,1,1,3,0,1,5.0,40.0,15.0,20.0,1,85,1.9127627611160278,0.04727950488381526,,crash_vehicle
3624,crossover,5,crossover,,select_lane|ego_on_intersection|intersection_has_cars|intersection_cars|cluster_dist,5,1,1,12,0,0,20.0,40.0,10.0,55.0,1,100,3.054372787475586,0.06299091720022261,,crash_vehicle
3625,fresh,2,fresh,,,0,1,1,3,0,0,15.0,40.0,5.0,20.0,2,59,0.710516095161438,0.019854201351181936,,out_of_road
3626,crossover,6,crossover,,distractor_cars|has_brake_checker|intersection_cars|has_cluster|cluster_dist,2,1,1,18,1,0,20.0,40.0,15.0,55.0,0,78,1.0999947786331177,0.03638754135523087,,crash_vehicle
3627,fresh,2,fresh,,,0,0,0,3,0,0,5.0,5.0,15.0,35.0,0,23,-0.01981484889984131,0.009568323259768278,,crash_vehicle
3628,mutation,4,mutation,has_cluster,,1,0,0,8,1,1,15.0,40.0,10.0,55.0,2,157,5.030532360076904,0.05794112928876072,,out_of_road
3629,fresh,1,fresh,,,0,1,0,2,0,0,5.0,10.0,15.0,55.0,0,188,0.17418962717056274,0.04605628789323283,,out_of_road
3630,crossover,5,crossover,,select_lane|ego_on_intersection|intersection_has_cars|distractor_cars|intersection_cars|has_cluster|maximum_distractor_speed|distance_to_nearest|brake_dist,6,0,0,12,0,0,20.0,10.0,15.0,55.0,3,53,0.5224275588989258,0.0,,crash_vehicle
3631,fresh,0,fresh,,,0,1,0,0,0,0,15.0,20.0,15.0,35.0,0,114,4.159335136413574,0.0885775599694043,,out_of_road
3632,replay,0,replay,,,0,1,0,0,0,0,15.0,20.0,15.0,35.0,0,128,2.8606879711151123,0.11448010652384255,,crash_vehicle
3633,fresh,5,fresh,,,0,0,0,12,1,0,20.0,5.0,10.0,20.0,2,19,-0.22147920727729797,0.0,,crash_vehicle
3634,mutation,6,mutation,has_cluster,,1,1,1,18,1,0,5.0,5.0,15.0,20.0,0,27,-0.07046058773994446,0.02670419712861379,,out_of_road
3635,fresh,5,fresh,,,0,1,1,12,0,0,5.0,5.0,15.0,55.0,1,52,0.0638878345489502,0.020868623199371193,,crash_vehicle
3636,mutation,4,mutation,has_brake_checker,,0,1,1,8,0,0,10.0,40.0,15.0,10.0,2,103,3.0472304821014404,0.08311980431763799,,crash_vehicle
3637,fresh,0,fresh,,,0,0,0,0,0,0,5.0,20.0,10.0,10.0,0,93,2.0242109298706055,0.09677951174077168,,out_of_road
3638,mutation,4,mutation,has_brake_checker,,0,0,0,8,1,0,15.0,40.0,10.0,55.0,2,1000,0.22724397480487823,0.0026353301033377645,,max_step
3639,fresh,3,fresh,,,0,0,0,4,0,0,5.0,20.0,10.0,35.0,0,71,1.1300469636917114,0.0395649318963709,,crash_vehicle
3640,mutation,6,mutation,intersection_cars,,0,1,0,18,1,0,10.0,5.0,10.0,20.0,2,187,2.7034687995910645,0.1263651861049693,,crash_vehicle
3641,fresh,3,fresh,,,0,1,1,5,1,1,15.0,10.0,15.0,55.0,1,51,0.46740058064460754,0.012270975054479112,,crash_vehicle
3642,crossover,0,crossover,,distractor_cars|has_brake_checker|intersection_cars|has_cluster|maximum_distractor_speed|distance_to_nearest|cluster_dist,4,0,0,1,0,1,10.0,20.0,15.0,10.0,1,188,8.753877639770508,0.16639341898460655,,out_of_road
3643,fresh,0,fresh,,,0,1,1,1,1,0,10.0,40.0,10.0,55.0,1,94,3.047168493270874,0.06862586881331306,,crash_vehicle
3644,mutation,5,mutation,has_brake_checker,,0,1,0,12,1,0,20.0,40.0,5.0,55.0,0,84,1.7971105575561523,0.09834055567071551,,out_of_road
3645,fresh,0,fresh,,,0,0,0,1,1,0,15.0,40.0,5.0,55.0,1,97,3.242064952850342,0.07575224758577101,,crash_vehicle
3646,crossover,6,crossover,,maximum_distractor_speed|brake_dist,1,1,0,18,1,0,20.0,40.0,5.0,55.0,0,48,0.75534588098526,0.021736577968113124,,out_of_road
3647,fresh,6,fresh,,,0,1,1,18,1,1,5.0,40.0,5.0,55.0,0,48,1.2922859191894531,0.148996715589116,,arrive_dest
3648,mutation,5,mutation,cluster_dist,,1,1,0,12,1,1,5.0,40.0,10.0,55.0,2,69,1.404332160949707,0.05328518473475739,,crash_vehicle
3649,fresh,3,fresh,,,0,1,1,5,0,0,15.0,10.0,10.0,20.0,3,42,0.26837798953056335,0.009957801018442427,,crash_vehicle
3650,crossover,6,crossover,,distractor_cars|intersection_cars|maximum_distractor_speed|distance_to_nearest,3,0,0,18,0,0,20.0,5.0,15.0,10.0,0,188,0.40409964323043823,0.1759807265442895,,crash_vehicle
3651,fresh,2,fresh,,,0,0,0,3,1,0,10.0,40.0,5.0,55.0,1,1000,0.0006827809847891331,0.0003370887637138367,,max_step
3652,mutation,4,mutation,has_cluster,,1,1,0,8,0,1,10.0,40.0,15.0,55.0,2,97,2.221658945083618,0.03264352157904008,,crash_vehicle
3653,fresh,4,fresh,,,0,1,0,8,1,0,5.0,40.0,5.0,55.0,3,68,1.252684473991394,0.023449214942315045,,crash_vehicle
3654,replay,4,replay,,,0,1,0,8,1,0,5.0,40.0,5.0,55.0,3,165,1.9001836776733398,0.1562645114732511,,crash_vehicle
3655,fresh,3,fresh,,,0,1,0,5,0,0,10.0,20.0,15.0,35.0,1,55,0.5568758249282837,0.01742651570927013,,crash_vehicle
3656,crossover,6,crossover,,select_lane|ego_on_intersection|intersection_has_cars|intersection_cars|has_cluster|maximum_distractor_speed|distance_to_nearest|brake_dist,7,1,1,18,1,0,10.0,20.0,5.0,35.0,3,204,8.292967796325684,0.15828167153157147,,out_of_road
3657,fresh,3,fresh,,,0,0,0,4,1,1,10.0,40.0,15.0,55.0,0,71,1.4895439147949219,0.026157893581499517,,crash_vehicle
3658,crossover,2,crossover,,select_lane|ego_on_intersection|intersection_has_cars|distractor_cars|intersection_cars|has_cluster|distance_to_nearest|cluster_dist|brake_dist,5,0,0,3,0,1,10.0,5.0,10.0,35.0,2,1000,0.2534920871257782,0.004866726498585194,,max_step
3659,fresh,6,fresh,,,0,1,0,18,1,1,20.0,5.0,10.0,20.0,2,239,0.625617265701294,0.0795463484372928,,crash_vehicle
3660,mutation,4,mutation,distance_to_nearest,,1,0,0,8,1,1,10.0,10.0,10.0,55.0,0,279,8.949555397033691,0.13495373615067066,,out_of_road
3661,fresh,2,fresh,,,0,0,0,3,0,0,5.0,20.0,15.0,55.0,3,71,1.6436820030212402,0.02143591881113153,,out_of_road
3662,crossover,3,crossover,,select_lane|ego_on_intersection|intersection_has_cars|has_brake_checker|maximum_distractor_speed|distance_to_nearest|cluster_dist,3,0,0,5,0,0,15.0,20.0,10.0,10.0,3,187,8.323395729064941,0.19991824599630373,,out_of_road
3663,fresh,0,fresh,,,0,0,0,1,1,0,15.0,10.0,15.0,20.0,1,79,1.505173921585083,0.07058515010660962,,crash_vehicle
3664,crossover,4,crossover,,has_brake_checker|has_cluster|cluster_dist|brake_dist,2,0,0,8,1,0,15.0,10.0,10.0,35.0,2,30,-0.2652125358581543,0.01490748127301534,,out_of_road
3665,fresh,3,fresh,,,0,1,1,5,0,0,15.0,40.0,10.0,35.0,1,1000,2.9993977546691895,0.02239839733578265,,max_step
3666,mutation,4,mutation,maximum_distractor_speed,,1,1,1,8,0,0,20.0,10.0,15.0,55.0,1,50,0.14506694674491882,0.01523260209709406,,crash_vehicle
3667,fresh,0,fresh,,,0,0,0,0,0,0,5.0,10.0,10.0,20.0,0,77,1.6920298337936401,0.024854177717941923,,out_of_road
3668,replay,0,replay,,,0,0,0,0,0,0,5.0,10.0,10.0,20.0,0,148,3.620893955230713,0.1937868064772841,,crash_vehicle
3669,fresh,4,fresh,,,0,0,0,8,0,0,20.0,20.0,10.0,55.0,2,295,11.651371002197266,0.2790829116794265,,out_of_road
3670,replay,4,replay,,,0,0,0,8,0,0,20.0,20.0,10.0,55.0,2,114,2.078888177871704,0.24499671814734475,,out_of_road
3671,fresh,3,fresh,,,0,0,0,5,0,1,10.0,40.0,15.0,10.0,3,180,8.721607208251953,0.19384795611517297,,out_of_road
3672,replay,3,replay,,,0,0,0,5,0,1,10.0,40.0,15.0,10.0,3,170,2.9413647651672363,0.05013570649658933,,out_of_road
3673,fresh,2,fresh,,,0,0,0,3,1,0,5.0,10.0,15.0,20.0,1,38,0.13230963051319122,0.025593665085340802,,out_of_road
3674,replay,2,replay,,,0,0,0,3,1,0,5.0,10.0,15.0,20.0,1,109,2.4261815547943115,0.07014352640290873,,out_of_road
3675,fresh,6,fresh,,,0,1,0,18,0,1,5.0,5.0,15.0,10.0,2,33,0.1602238118648529,0.0,,crash_vehicle
3676,crossover,6,crossover,,select_lane|ego_on_intersection|intersection_has_cars|distractor_cars|has_brake_checker|has_cluster|distance_to_nearest|cluster_dist|brake_dist,3,0,0,18,1,0,20.0,20.0,5.0,55.0,3,27,-0.2327805608510971,0.00260071180484913,,out_of_road
3677,fresh,0,fresh,,,0,0,0,1,1,1,15.0,5.0,10.0,20.0,1,103,1.9343550205230713,0.031239601910041954,,crash_vehicle
