episode,op_actual,category_id,generation_source,params_mutated,params_crossed,n_params_differ,ego_speed,ego_on_intersection,intersection_has_cars,distractor_cars,has_brake_checker,has_cluster,maximum_distractor_speed,distance_to_nearest,cluster_dist,brake_dist,intersection_cars,num_steps,reward_sum,pvl,failure,termination_reason
0,fresh,0,fresh,,,0,0.0,0,0,0,0,0,10.0,5.0,5.0,20.0,0,999,50.59727478027344,0.7627786795074517,,max_step
1,fresh,0,fresh,,,0,0.0,0,0,0,0,0,10.0,5.0,5.0,20.0,0,839,10.217599868774414,0.4202449530733836,,out_of_road
2,fresh,0,fresh,,,0,0.0,0,0,0,0,0,10.0,5.0,5.0,20.0,0,1000,11.588911056518555,0.195875263761729,,max_step
3,fresh,0,fresh,,,0,0.0,0,0,0,0,0,10.0,5.0,5.0,20.0,0,1000,14.120219230651855,0.28573952622339127,,max_step
4,fresh,0,fresh,,,0,0.0,0,0,0,0,0,10.0,5.0,5.0,20.0,0,488,1.6281366348266602,0.25477682035721716,,out_of_road
5,fresh,0,fresh,,,0,0.0,0,0,0,0,0,10.0,5.0,5.0,20.0,0,347,-1.4949836730957031,0.15172453228953248,,out_of_road
6,fresh,0,fresh,,,0,0.0,0,0,0,0,0,10.0,5.0,5.0,20.0,0,1000,10.88798999786377,0.1351138048705179,,max_step
7,fresh,0,fresh,,,0,0.0,0,0,0,0,0,10.0,5.0,5.0,20.0,0,622,-0.5101842880249023,0.09030802304844501,,out_of_road
8,fresh,0,fresh,,,0,0.0,0,0,0,0,0,10.0,5.0,5.0,20.0,0,516,4.232682704925537,0.21404707736999895,,out_of_road
9,fresh,0,fresh,,,0,0.0,0,0,0,0,0,10.0,5.0,5.0,20.0,0,1000,14.955822944641113,0.15200985958450475,,max_step
10,fresh,0,fresh,,,0,0.0,0,0,0,0,0,10.0,5.0,5.0,20.0,0,743,9.32425308227539,0.2601031817077166,,out_of_road
11,fresh,0,fresh,,,0,0.0,0,0,0,0,0,10.0,5.0,5.0,20.0,0,302,-1.8355717658996582,0.220816867216336,,out_of_road
12,fresh,0,fresh,,,0,0.0,0,0,0,0,0,10.0,5.0,5.0,20.0,0,1000,17.97527313232422,0.32178466868959366,,max_step
13,fresh,0,fresh,,,0,0.0,0,0,0,0,0,10.0,5.0,5.0,20.0,0,177,0.11443662643432617,0.20190940999378593,,out_of_road
14,fresh,0,fresh,,,0,0.0,0,0,0,0,0,10.0,5.0,5.0,20.0,0,1000,7.947055816650391,0.11500344760715961,,max_step
15,fresh,0,fresh,,,0,0.0,0,0,0,0,0,10.0,5.0,5.0,20.0,0,870,10.089750289916992,0.103615631352061,,out_of_road
16,fresh,0,fresh,,,0,0.0,0,0,0,0,0,10.0,5.0,5.0,20.0,0,1000,19.512065887451172,0.20353992088744416,,max_step
17,fresh,0,fresh,,,0,0.0,0,0,0,0,0,10.0,5.0,5.0,20.0,0,303,5.804642200469971,0.35979325718802735,,out_of_road
18,fresh,0,fresh,,,0,0.0,0,0,0,0,0,10.0,5.0,5.0,20.0,0,470,9.961257934570312,0.346338245835393,,out_of_road
19,fresh,0,fresh,,,0,0.0,0,0,0,0,0,10.0,5.0,5.0,20.0,0,421,4.9378767013549805,0.13633166979378944,,out_of_road
20,fresh,0,fresh,,,0,0.0,0,0,0,0,0,10.0,5.0,5.0,20.0,0,313,-2.128241777420044,0.0691801628080039,,out_of_road
21,fresh,0,fresh,,,0,0.0,0,0,0,0,0,10.0,5.0,5.0,20.0,0,248,1.7862763404846191,0.21743261377653858,,out_of_road
22,fresh,0,fresh,,,0,0.0,0,0,0,0,0,10.0,5.0,5.0,20.0,0,364,7.575473785400391,0.30945780148453356,,out_of_road
23,fresh,0,fresh,,,0,0.0,0,0,0,0,0,10.0,5.0,5.0,20.0,0,573,11.681134223937988,0.2575697732193763,,out_of_road
24,fresh,0,fresh,,,0,0.0,0,0,0,0,0,10.0,5.0,5.0,20.0,0,209,8.409282684326172,0.5936129478532732,,out_of_road
25,fresh,0,fresh,,,0,0.0,0,0,0,0,0,10.0,5.0,5.0,20.0,0,141,-0.5690932273864746,0.11150068896063042,,out_of_road
26,fresh,0,fresh,,,0,0.0,0,0,0,0,0,10.0,5.0,5.0,20.0,0,168,-0.22033190727233887,0.1001935568194659,,out_of_road
27,fresh,0,fresh,,,0,0.0,0,0,0,0,0,10.0,5.0,5.0,20.0,0,121,-0.816798210144043,0.16976743265370692,,out_of_road
28,fresh,0,fresh,,,0,0.0,0,0,0,0,0,10.0,5.0,5.0,20.0,0,551,11.743499755859375,0.3106721531795828,,out_of_road
29,fresh,0,fresh,,,0,0.0,0,0,0,0,0,10.0,5.0,5.0,20.0,0,85,0.8069114685058594,0.10248325392603874,,out_of_road
30,fresh,0,fresh,,,0,0.0,0,0,0,0,0,10.0,5.0,5.0,20.0,0,200,2.8148462772369385,0.24253226641565562,,out_of_road
31,fresh,0,fresh,,,0,0.0,0,0,0,0,0,10.0,5.0,5.0,20.0,0,110,1.5022249221801758,0.2228008412163366,,out_of_road
32,fresh,0,fresh,,,0,0.0,0,0,0,0,0,10.0,5.0,5.0,20.0,0,68,6.906930923461914,1.1921937465667725,,arrive_dest
33,fresh,0,fresh,,,0,0.0,0,0,0,0,0,10.0,5.0,5.0,20.0,0,129,-0.4326961040496826,0.08063627760712952,,out_of_road
34,fresh,0,fresh,,,0,0.0,0,0,0,0,0,10.0,5.0,5.0,20.0,0,137,-0.0051403045654296875,0.04081897369592729,,out_of_road
35,fresh,0,fresh,,,0,0.0,0,0,0,0,0,10.0,5.0,5.0,20.0,0,286,2.9450056552886963,0.24295438443785988,,out_of_road
36,fresh,0,fresh,,,0,0.0,0,0,0,0,0,10.0,5.0,5.0,20.0,0,46,-1.0836920738220215,0.011837251808332361,,out_of_road
37,fresh,0,fresh,,,0,0.0,0,0,0,0,0,10.0,5.0,5.0,20.0,0,238,8.2332763671875,0.4311925361574698,,out_of_road
38,fresh,0,fresh,,,0,0.0,0,0,0,0,0,10.0,5.0,5.0,20.0,0,389,10.780452728271484,0.2995970005332313,,out_of_road
39,fresh,0,fresh,,,0,0.0,0,0,0,0,0,10.0,5.0,5.0,20.0,0,186,-0.5129393339157104,0.035212235913301505,,out_of_road
40,fresh,0,fresh,,,0,0.0,0,0,0,0,0,10.0,5.0,5.0,20.0,0,891,3.3409388065338135,0.03369312256461743,,out_of_road
41,fresh,0,fresh,,,0,0.0,0,0,0,0,0,10.0,5.0,5.0,20.0,0,53,-1.027114748954773,0.0019644008211369786,,out_of_road
42,fresh,0,fresh,,,0,0.0,0,0,0,0,0,10.0,5.0,5.0,20.0,0,152,-1.7186849117279053,0.013779181993174317,,out_of_road
43,fresh,0,fresh,,,0,0.0,0,0,0,0,0,10.0,5.0,5.0,20.0,0,399,15.776872634887695,0.4605708227569896,,out_of_road
44,fresh,0,fresh,,,0,0.0,0,0,0,0,0,10.0,5.0,5.0,20.0,0,121,-1.1508129835128784,0.015661249745421667,,out_of_road
45,fresh,0,fresh,,,0,0.0,0,0,0,0,0,10.0,5.0,5.0,20.0,0,114,0.8958489894866943,0.10042572867844188,,out_of_road
46,fresh,0,fresh,,,0,0.0,0,0,0,0,0,10.0,5.0,5.0,20.0,0,410,1.479909896850586,0.08270424411109671,,out_of_road
47,fresh,0,fresh,,,0,0.0,0,0,0,0,0,10.0,5.0,5.0,20.0,0,145,1.0191004276275635,0.1303449687901242,,out_of_road
48,fresh,0,fresh,,,0,0.0,0,0,0,0,0,10.0,5.0,5.0,20.0,0,548,16.370162963867188,0.37796280409182237,,out_of_road
49,fresh,0,fresh,,,0,0.0,0,0,0,0,0,10.0,5.0,5.0,20.0,0,93,0.911827564239502,0.14003795930134352,,out_of_road
50,fresh,0,fresh,,,0,0.0,0,0,0,0,0,10.0,5.0,5.0,20.0,0,135,6.638428688049316,0.5300238923066192,,out_of_road
51,fresh,0,fresh,,,0,0.0,0,0,0,0,0,10.0,5.0,5.0,20.0,0,890,16.46152114868164,0.1731680828868673,,out_of_road
52,fresh,0,fresh,,,0,0.0,0,0,0,0,0,10.0,5.0,5.0,20.0,0,116,-1.4244790077209473,0.010915583641878489,,out_of_road
53,fresh,0,fresh,,,0,0.0,0,0,0,0,0,10.0,5.0,5.0,20.0,0,197,1.9698196649551392,0.06300060103084835,,out_of_road
54,fresh,0,fresh,,,0,0.0,0,0,0,0,0,10.0,5.0,5.0,20.0,0,862,10.425076484680176,0.14370698887793232,,out_of_road
55,fresh,0,fresh,,,0,0.0,0,0,0,0,0,10.0,5.0,5.0,20.0,0,185,0.8662840127944946,0.15436491816229111,,out_of_road
56,fresh,0,fresh,,,0,0.0,0,0,0,0,0,10.0,5.0,5.0,20.0,0,1000,2.6425023078918457,0.009381987996166572,,max_step
57,fresh,0,fresh,,,0,0.0,0,0,0,0,0,10.0,5.0,5.0,20.0,0,77,0.2948659658432007,0.031520028780033064,,out_of_road
58,fresh,0,fresh,,,0,0.0,0,0,0,0,0,10.0,5.0,5.0,20.0,0,265,10.09990406036377,0.3494855730671365,,out_of_road
59,fresh,0,fresh,,,0,0.0,0,0,0,0,0,10.0,5.0,5.0,20.0,0,1000,43.00249099731445,0.4467124910373241,,max_step
60,fresh,0,fresh,,,0,0.0,0,0,0,0,0,10.0,5.0,5.0,20.0,0,66,0.16919291019439697,6.189942359924316e-05,,out_of_road
61,fresh,0,fresh,,,0,0.0,0,0,0,0,0,10.0,5.0,5.0,20.0,0,89,0.6722089052200317,0.0213966139335855,,out_of_road
62,fresh,0,fresh,,,0,0.0,0,0,0,0,0,10.0,5.0,5.0,20.0,0,152,-2.810429573059082,0.0,,out_of_road
63,fresh,0,fresh,,,0,0.0,0,0,0,0,0,10.0,5.0,5.0,20.0,0,42,-1.824861764907837,0.0,,out_of_road
64,fresh,0,fresh,,,0,0.0,0,0,0,0,0,10.0,5.0,5.0,20.0,0,160,-2.568824291229248,0.0,,out_of_road
65,fresh,0,fresh,,,0,0.0,0,0,0,0,0,10.0,5.0,5.0,20.0,0,858,21.437402725219727,0.227037138266528,,arrive_dest
66,fresh,0,fresh,,,0,0.0,0,0,0,0,0,10.0,5.0,5.0,20.0,0,395,6.126535892486572,0.15047564961346266,,out_of_road
67,fresh,0,fresh,,,0,0.0,0,0,0,0,0,10.0,5.0,5.0,20.0,0,250,0.01688241958618164,0.025097253118176014,,out_of_road
68,fresh,0,fresh,,,0,0.0,0,0,0,0,0,10.0,5.0,5.0,20.0,0,488,11.549176216125488,0.1782594494040689,,out_of_road
69,fresh,0,fresh,,,0,0.0,0,0,0,0,0,10.0,5.0,5.0,20.0,0,180,-1.2293663024902344,0.029101168773033554,,out_of_road
70,fresh,0,fresh,,,0,0.0,0,0,0,0,0,10.0,5.0,5.0,20.0,0,1000,42.43486404418945,0.35926138796005397,,max_step
71,fresh,0,fresh,,,0,0.0,0,0,0,0,0,10.0,5.0,5.0,20.0,0,105,1.2060387134552002,0.10967180932916346,,out_of_road
72,fresh,0,fresh,,,0,0.0,0,0,0,0,0,10.0,5.0,5.0,20.0,0,180,6.531125068664551,0.2652823696326878,,out_of_road
73,fresh,0,fresh,,,0,0.0,0,0,0,0,0,10.0,5.0,5.0,20.0,0,416,10.495110511779785,0.2010430612919243,,out_of_road
74,fresh,0,fresh,,,0,0.0,0,0,0,0,0,10.0,5.0,5.0,20.0,0,934,42.03031539916992,0.3974791084769196,,out_of_road
75,fresh,0,fresh,,,0,0.0,0,0,0,0,0,10.0,5.0,5.0,20.0,0,90,1.1133612394332886,0.06966266572061512,,out_of_road
76,fresh,0,fresh,,,0,0.0,0,0,0,0,0,10.0,5.0,5.0,20.0,0,128,-0.5553249716758728,0.05420928361127153,,out_of_road
77,fresh,0,fresh,,,0,0.0,0,0,0,0,0,10.0,5.0,5.0,20.0,0,1000,27.66150665283203,0.18158473698515445,,max_step
78,fresh,0,fresh,,,0,0.0,0,0,0,0,0,10.0,5.0,5.0,20.0,0,346,10.545820236206055,0.1346013498993192,,arrive_dest
79,fresh,0,fresh,,,0,0.0,0,0,0,0,0,10.0,5.0,5.0,20.0,0,186,0.34829699993133545,0.09038129343741363,,out_of_road
80,fresh,0,fresh,,,0,0.0,0,0,0,0,0,10.0,5.0,5.0,20.0,0,236,5.258693218231201,0.11907703392365473,,out_of_road
81,fresh,0,fresh,,,0,0.0,0,0,0,0,0,10.0,5.0,5.0,20.0,0,325,6.257339000701904,0.17663890048574943,,out_of_road
82,fresh,0,fresh,,,0,0.0,0,0,0,0,0,10.0,5.0,5.0,20.0,0,306,6.1795430183410645,0.08667433879709517,,out_of_road
83,fresh,0,fresh,,,0,0.0,0,0,0,0,0,10.0,5.0,5.0,20.0,0,50,0.5336725115776062,0.04527731947600842,,out_of_road
84,fresh,0,fresh,,,0,0.0,0,0,0,0,0,10.0,5.0,5.0,20.0,0,820,28.53509521484375,0.2098745876747161,,out_of_road
85,fresh,0,fresh,,,0,0.0,0,0,0,0,0,10.0,5.0,5.0,20.0,0,182,5.260820388793945,0.11761288129939483,,out_of_road
86,fresh,0,fresh,,,0,0.0,0,0,0,0,0,10.0,5.0,5.0,20.0,0,133,-0.8191922903060913,0.11170932322852593,,out_of_road
87,fresh,0,fresh,,,0,0.0,0,0,0,0,0,10.0,5.0,5.0,20.0,0,120,1.5418832302093506,0.16486089492682368,,out_of_road
88,fresh,0,fresh,,,0,0.0,0,0,0,0,0,10.0,5.0,5.0,20.0,0,437,12.700709342956543,0.09374550916893873,,out_of_road
89,fresh,0,fresh,,,0,0.0,0,0,0,0,0,10.0,5.0,5.0,20.0,0,93,1.7995661497116089,0.16030561807815746,,out_of_road
90,fresh,0,fresh,,,0,0.0,0,0,0,0,0,10.0,5.0,5.0,20.0,0,1000,33.209022521972656,0.1097105849115178,,max_step
91,fresh,0,fresh,,,0,0.0,0,0,0,0,0,10.0,5.0,5.0,20.0,0,1000,32.207305908203125,0.08295300011709332,,max_step
92,fresh,0,fresh,,,0,0.0,0,0,0,0,0,10.0,5.0,5.0,20.0,0,1000,25.3934383392334,0.11046164803253487,,max_step
93,fresh,0,fresh,,,0,0.0,0,0,0,0,0,10.0,5.0,5.0,20.0,0,752,18.709911346435547,0.12268769703594909,,out_of_road
94,fresh,0,fresh,,,0,0.0,0,0,0,0,0,10.0,5.0,5.0,20.0,0,84,1.1251291036605835,0.0034879247347513833,,out_of_road
95,fresh,0,fresh,,,0,0.0,0,0,0,0,0,10.0,5.0,5.0,20.0,0,873,4.8559441566467285,0.035357644962027396,,out_of_road
96,fresh,0,fresh,,,0,0.0,0,0,0,0,0,10.0,5.0,5.0,20.0,0,120,2.1631126403808594,0.16203348016521582,,out_of_road
97,fresh,0,fresh,,,0,0.0,0,0,0,0,0,10.0,5.0,5.0,20.0,0,375,0.017060160636901855,0.04407604273284475,,out_of_road
98,fresh,0,fresh,,,0,0.0,0,0,0,0,0,10.0,5.0,5.0,20.0,0,1000,34.04511642456055,0.15583164267148822,,max_step
99,fresh,0,fresh,,,0,0.0,0,0,0,0,0,10.0,5.0,5.0,20.0,0,434,-0.47629863023757935,0.07589057124700517,,out_of_road
100,fresh,0,fresh,,,0,0.0,0,0,0,0,0,10.0,5.0,5.0,20.0,0,280,0.4285183250904083,0.028655119167108622,,out_of_road
101,fresh,0,fresh,,,0,0.0,0,0,0,0,0,10.0,5.0,5.0,20.0,0,181,4.049062252044678,0.1317952366144453,,arrive_dest
102,fresh,0,fresh,,,0,0.0,0,0,0,0,0,10.0,5.0,5.0,20.0,0,253,0.44732049107551575,0.008145738181404093,,out_of_road
103,fresh,0,fresh,,,0,0.0,0,0,0,0,0,10.0,5.0,5.0,20.0,0,257,10.90542221069336,0.227639270873907,,out_of_road
104,fresh,0,fresh,,,0,0.0,0,0,0,0,0,10.0,5.0,5.0,20.0,0,511,7.454254627227783,0.07501644441227331,,out_of_road
105,fresh,0,fresh,,,0,0.0,0,0,0,0,0,10.0,5.0,5.0,20.0,0,1000,23.808141708374023,0.09840925555350259,,max_step
106,fresh,0,fresh,,,0,0.0,0,0,0,0,0,10.0,5.0,5.0,20.0,0,957,34.01538848876953,0.17278132057829507,,out_of_road
107,fresh,0,fresh,,,0,0.0,0,0,0,0,0,10.0,5.0,5.0,20.0,0,1000,27.228822708129883,0.1104214345193468,,max_step
108,fresh,0,fresh,,,0,0.0,0,0,0,0,0,10.0,5.0,5.0,20.0,0,562,12.99567699432373,0.022791893853022122,,out_of_road
109,fresh,0,fresh,,,0,0.0,0,0,0,0,0,10.0,5.0,5.0,20.0,0,850,28.347618103027344,0.1313268417048761,,out_of_road
110,fresh,0,fresh,,,0,0.0,0,0,0,0,0,10.0,5.0,5.0,20.0,0,50,0.008138149976730347,0.010149684064090251,,out_of_road
111,fresh,0,fresh,,,0,0.0,0,0,0,0,0,10.0,5.0,5.0,20.0,0,35,-0.5570483207702637,0.014635666991983142,,out_of_road
112,fresh,0,fresh,,,0,0.0,0,0,0,0,0,10.0,5.0,5.0,20.0,0,525,12.950721740722656,0.05680546347761438,,arrive_dest
113,fresh,0,fresh,,,0,0.0,0,0,0,0,0,10.0,5.0,5.0,20.0,0,824,27.356956481933594,0.13092685294409906,,out_of_road
114,fresh,0,fresh,,,0,0.0,0,0,0,0,0,10.0,5.0,5.0,20.0,0,164,0.028752535581588745,0.04386741464117133,,out_of_road
115,fresh,0,fresh,,,0,0.0,0,0,0,0,0,10.0,5.0,5.0,20.0,0,836,24.38027000427246,0.07017513475621466,,out_of_road
116,fresh,0,fresh,,,0,0.0,0,0,0,0,0,10.0,5.0,5.0,20.0,0,193,3.487285614013672,0.18355795015807752,,out_of_road
117,fresh,0,fresh,,,0,0.0,0,0,0,0,0,10.0,5.0,5.0,20.0,0,162,3.6958189010620117,0.11230786112539562,,out_of_road
118,fresh,0,fresh,,,0,0.0,0,0,0,0,0,10.0,5.0,5.0,20.0,0,1000,37.576934814453125,0.15911746847000904,,max_step
119,fresh,0,fresh,,,0,0.0,0,0,0,0,0,10.0,5.0,5.0,20.0,0,579,14.575738906860352,0.07391621195831834,,out_of_road
120,fresh,0,fresh,,,0,0.0,0,0,0,0,0,10.0,5.0,5.0,20.0,0,304,6.036223888397217,0.07820543116816368,,out_of_road
121,fresh,0,fresh,,,0,0.0,0,0,0,0,0,10.0,5.0,5.0,20.0,0,745,21.270442962646484,0.1629857608985981,,out_of_road
122,fresh,0,fresh,,,0,0.0,0,0,0,0,0,10.0,5.0,5.0,20.0,0,786,22.122785568237305,0.1509258981708807,,arrive_dest
123,fresh,0,fresh,,,0,0.0,0,0,0,0,0,10.0,5.0,5.0,20.0,0,66,0.5541424751281738,0.030367437862988674,,out_of_road
124,fresh,0,fresh,,,0,0.0,0,0,0,0,0,10.0,5.0,5.0,20.0,0,718,19.066650390625,0.11260560850261303,,out_of_road
125,fresh,0,fresh,,,0,0.0,0,0,0,0,0,10.0,5.0,5.0,20.0,0,715,21.86002540588379,0.14553700791463464,,out_of_road
126,fresh,0,fresh,,,0,0.0,0,0,0,0,0,10.0,5.0,5.0,20.0,0,1000,28.751211166381836,0.10968719922425225,,max_step
127,fresh,0,fresh,,,0,0.0,0,0,0,0,0,10.0,5.0,5.0,20.0,0,664,20.196720123291016,0.12159422846617604,,arrive_dest
128,fresh,0,fresh,,,0,0.0,0,0,0,0,0,10.0,5.0,5.0,20.0,0,381,10.721905708312988,0.14416012226841032,,out_of_road
129,fresh,0,fresh,,,0,0.0,0,0,0,0,0,10.0,5.0,5.0,20.0,0,289,9.318732261657715,0.08527659928058774,,out_of_road
130,fresh,0,fresh,,,0,0.0,0,0,0,0,0,10.0,5.0,5.0,20.0,0,755,22.721181869506836,0.1523967046845729,,out_of_road
131,fresh,0,fresh,,,0,0.0,0,0,0,0,0,10.0,5.0,5.0,20.0,0,467,12.775900840759277,0.08397955653143994,,out_of_road
132,fresh,0,fresh,,,0,0.0,0,0,0,0,0,10.0,5.0,5.0,20.0,0,453,2.089709520339966,0.020677277261173358,,out_of_road
133,fresh,0,fresh,,,0,0.0,0,0,0,0,0,10.0,5.0,5.0,20.0,0,145,2.6645750999450684,0.03139691162725975,,out_of_road
134,fresh,0,fresh,,,0,0.0,0,0,0,0,0,10.0,5.0,5.0,20.0,0,147,2.543750286102295,0.020498179000656622,,out_of_road
135,fresh,0,fresh,,,0,0.0,0,0,0,0,0,10.0,5.0,5.0,20.0,0,296,6.930330753326416,0.04557787727035985,,out_of_road
136,fresh,0,fresh,,,0,0.0,0,0,0,0,0,10.0,5.0,5.0,20.0,0,399,-0.27988070249557495,0.15228898006311634,,out_of_road
137,fresh,0,fresh,,,0,0.0,0,0,0,0,0,10.0,5.0,5.0,20.0,0,446,12.413243293762207,0.04082981445262785,,out_of_road
138,fresh,0,fresh,,,0,0.0,0,0,0,0,0,10.0,5.0,5.0,20.0,0,527,15.478323936462402,0.11427446819207432,,out_of_road
139,fresh,0,fresh,,,0,0.0,0,0,0,0,0,10.0,5.0,5.0,20.0,0,479,13.55567455291748,0.06057930758149054,,arrive_dest
140,fresh,0,fresh,,,0,0.0,0,0,0,0,0,10.0,5.0,5.0,20.0,0,273,7.105286598205566,0.08712397153479057,,out_of_road
141,fresh,0,fresh,,,0,0.0,0,0,0,0,0,10.0,5.0,5.0,20.0,0,399,12.139135360717773,0.07337463670701984,,out_of_road
142,fresh,0,fresh,,,0,0.0,0,0,0,0,0,10.0,5.0,5.0,20.0,0,298,5.790714740753174,0.053383102084216254,,out_of_road
143,fresh,0,fresh,,,0,0.0,0,0,0,0,0,10.0,5.0,5.0,20.0,0,426,16.435565948486328,0.18209668442370816,,out_of_road
144,fresh,0,fresh,,,0,0.0,0,0,0,0,0,10.0,5.0,5.0,20.0,0,695,18.56325340270996,0.09446071376287037,,out_of_road
145,fresh,0,fresh,,,0,0.0,0,0,0,0,0,10.0,5.0,5.0,20.0,0,35,-0.27317532896995544,0.025123262618269238,,out_of_road
146,fresh,0,fresh,,,0,0.0,0,0,0,0,0,10.0,5.0,5.0,20.0,0,498,11.714529037475586,0.05650025775121248,,out_of_road
147,fresh,0,fresh,,,0,0.0,0,0,0,0,0,10.0,5.0,5.0,20.0,0,66,0.27612265944480896,0.03846205121865778,,out_of_road
148,fresh,0,fresh,,,0,0.0,0,0,0,0,0,10.0,5.0,5.0,20.0,0,419,7.624650478363037,0.10060635547382593,,out_of_road
149,fresh,0,fresh,,,0,0.0,0,0,0,0,0,10.0,5.0,5.0,20.0,0,432,16.02681541442871,0.1765070843534044,,out_of_road
150,fresh,0,fresh,,,0,0.0,0,0,0,0,0,10.0,5.0,5.0,20.0,0,414,15.06775951385498,0.16379263434460126,,out_of_road
151,fresh,0,fresh,,,0,0.0,0,0,0,0,0,10.0,5.0,5.0,20.0,0,561,16.346107482910156,0.1311696160554806,,out_of_road
152,fresh,0,fresh,,,0,0.0,0,0,0,0,0,10.0,5.0,5.0,20.0,0,494,13.593417167663574,0.07718490969897757,,out_of_road
153,fresh,0,fresh,,,0,0.0,0,0,0,0,0,10.0,5.0,5.0,20.0,0,125,1.8775928020477295,0.05354258753359318,,out_of_road
154,fresh,0,fresh,,,0,0.0,0,0,0,0,0,10.0,5.0,5.0,20.0,0,882,25.834075927734375,0.11893595933550948,,out_of_road
155,fresh,0,fresh,,,0,0.0,0,0,0,0,0,10.0,5.0,5.0,20.0,0,196,3.794368267059326,0.030630848703107665,,out_of_road
156,fresh,0,fresh,,,0,0.0,0,0,0,0,0,10.0,5.0,5.0,20.0,0,577,16.63763999938965,0.1026561070997042,,out_of_road
157,fresh,0,fresh,,,0,0.0,0,0,0,0,0,10.0,5.0,5.0,20.0,0,526,14.099203109741211,0.11153035966534267,,out_of_road
158,fresh,0,fresh,,,0,0.0,0,0,0,0,0,10.0,5.0,5.0,20.0,0,315,10.821718215942383,0.07929345009227594,,out_of_road
159,fresh,0,fresh,,,0,0.0,0,0,0,0,0,10.0,5.0,5.0,20.0,0,468,15.815144538879395,0.13724576115596276,,out_of_road
160,fresh,0,fresh,,,0,0.0,0,0,0,0,0,10.0,5.0,5.0,20.0,0,524,12.704446792602539,0.09426766412176249,,out_of_road
161,fresh,0,fresh,,,0,0.0,0,0,0,0,0,10.0,5.0,5.0,20.0,0,156,3.8726468086242676,0.051542318117870495,,out_of_road
162,fresh,0,fresh,,,0,0.0,0,0,0,0,0,10.0,5.0,5.0,20.0,0,157,2.5022661685943604,0.007613853978550738,,out_of_road
163,fresh,0,fresh,,,0,0.0,0,0,0,0,0,10.0,5.0,5.0,20.0,0,187,-0.42499101161956787,0.09981829880233754,,out_of_road
164,fresh,0,fresh,,,0,0.0,0,0,0,0,0,10.0,5.0,5.0,20.0,0,254,5.014475345611572,0.0975272044994113,,out_of_road
165,fresh,0,fresh,,,0,0.0,0,0,0,0,0,10.0,5.0,5.0,20.0,0,409,12.303051948547363,0.14250553199397467,,out_of_road
166,fresh,0,fresh,,,0,0.0,0,0,0,0,0,10.0,5.0,5.0,20.0,0,1000,31.3797607421875,0.14589459636714308,,max_step
167,fresh,0,fresh,,,0,0.0,0,0,0,0,0,10.0,5.0,5.0,20.0,0,563,16.49482536315918,0.11789399776787647,,out_of_road
168,fresh,0,fresh,,,0,0.0,0,0,0,0,0,10.0,5.0,5.0,20.0,0,825,23.558889389038086,0.13663952889090233,,out_of_road
169,fresh,0,fresh,,,0,0.0,0,0,0,0,0,10.0,5.0,5.0,20.0,0,78,1.8000541925430298,0.03210838881727213,,arrive_dest
170,fresh,0,fresh,,,0,0.0,0,0,0,0,0,10.0,5.0,5.0,20.0,0,1000,30.822681427001953,0.12819671476026998,,max_step
171,fresh,0,fresh,,,0,0.0,0,0,0,0,0,10.0,5.0,5.0,20.0,0,109,2.7044894695281982,0.02882605510840722,,arrive_dest
172,fresh,0,fresh,,,0,0.0,0,0,0,0,0,10.0,5.0,5.0,20.0,0,517,17.29665184020996,0.13814594722902349,,out_of_road
173,fresh,0,fresh,,,0,0.0,0,0,0,0,0,10.0,5.0,5.0,20.0,0,59,-0.20485883951187134,0.003201679405519518,,out_of_road
174,fresh,0,fresh,,,0,0.0,0,0,0,0,0,10.0,5.0,5.0,20.0,0,463,15.267346382141113,0.10015954440117655,,out_of_road
175,fresh,0,fresh,,,0,0.0,0,0,0,0,0,10.0,5.0,5.0,20.0,0,240,4.744466781616211,0.03875113723818989,,out_of_road
176,fresh,0,fresh,,,0,0.0,0,0,0,0,0,10.0,5.0,5.0,20.0,0,757,24.742874145507812,0.10662729107335583,,out_of_road
177,fresh,0,fresh,,,0,0.0,0,0,0,0,0,10.0,5.0,5.0,20.0,0,558,17.13419532775879,0.12181238641655306,,arrive_dest
178,fresh,0,fresh,,,0,0.0,0,0,0,0,0,10.0,5.0,5.0,20.0,0,1000,1.3063223361968994,0.0115019128494896,,max_step
179,fresh,0,fresh,,,0,0.0,0,0,0,0,0,10.0,5.0,5.0,20.0,0,354,9.689070701599121,0.09848151867485758,,out_of_road
180,fresh,0,fresh,,,0,0.0,0,0,0,0,0,10.0,5.0,5.0,20.0,0,98,0.2184600532054901,0.021716655251018856,,out_of_road
181,fresh,0,fresh,,,0,0.0,0,0,0,0,0,10.0,5.0,5.0,20.0,0,417,10.689929008483887,0.09876043138728528,,out_of_road
182,fresh,0,fresh,,,0,0.0,0,0,0,0,0,10.0,5.0,5.0,20.0,0,206,6.601696491241455,0.10303608421236277,,out_of_road
183,fresh,0,fresh,,,0,0.0,0,0,0,0,0,10.0,5.0,5.0,20.0,0,313,7.05626106262207,0.09836057329568239,,out_of_road
184,fresh,0,fresh,,,0,0.0,0,0,0,0,0,10.0,5.0,5.0,20.0,0,135,1.911506175994873,0.03541768533350141,,out_of_road
185,fresh,0,fresh,,,0,0.0,0,0,0,0,0,10.0,5.0,5.0,20.0,0,451,11.61815071105957,0.08863457380081557,,out_of_road
186,fresh,0,fresh,,,0,0.0,0,0,0,0,0,10.0,5.0,5.0,20.0,0,134,1.8868592977523804,0.0567447523544751,,out_of_road
187,fresh,0,fresh,,,0,0.0,0,0,0,0,0,10.0,5.0,5.0,20.0,0,245,4.517450332641602,0.09622708304918239,,out_of_road
188,fresh,0,fresh,,,0,0.0,0,0,0,0,0,10.0,5.0,5.0,20.0,0,229,4.455419063568115,0.02988014386674007,,out_of_road
189,fresh,0,fresh,,,0,0.0,0,0,0,0,0,10.0,5.0,5.0,20.0,0,232,6.47538948059082,0.04894961570068423,,out_of_road
190,fresh,0,fresh,,,0,0.0,0,0,0,0,0,10.0,5.0,5.0,20.0,0,257,4.9132399559021,0.028723234013592686,,arrive_dest
191,fresh,0,fresh,,,0,0.0,0,0,0,0,0,10.0,5.0,5.0,20.0,0,175,3.945107936859131,0.05831179433901395,,out_of_road
192,fresh,0,fresh,,,0,0.0,0,0,0,0,0,10.0,5.0,5.0,20.0,0,245,7.262252330780029,0.0658522131149562,,out_of_road
193,fresh,0,fresh,,,0,0.0,0,0,0,0,0,10.0,5.0,5.0,20.0,0,1000,1.9701708555221558,0.01325706653809175,,max_step
194,fresh,0,fresh,,,0,0.0,0,0,0,0,0,10.0,5.0,5.0,20.0,0,159,3.502681016921997,0.07412902142782256,,out_of_road
195,fresh,0,fresh,,,0,0.0,0,0,0,0,0,10.0,5.0,5.0,20.0,0,681,13.03078842163086,0.06864029602195504,,out_of_road
196,fresh,0,fresh,,,0,0.0,0,0,0,0,0,10.0,5.0,5.0,20.0,0,134,2.437758684158325,0.01585190958663154,,out_of_road
197,fresh,0,fresh,,,0,0.0,0,0,0,0,0,10.0,5.0,5.0,20.0,0,512,14.92987060546875,0.10439108216223758,,out_of_road
198,fresh,0,fresh,,,0,0.0,0,0,0,0,0,10.0,5.0,5.0,20.0,0,403,12.447126388549805,0.07691360596525795,,out_of_road
199,fresh,0,fresh,,,0,0.0,0,0,0,0,0,10.0,5.0,5.0,20.0,0,730,-0.19130073487758636,0.059159288126082246,,out_of_road
200,fresh,0,fresh,,,0,0.0,0,0,0,0,0,10.0,5.0,5.0,20.0,0,312,5.3673930168151855,0.06128801908851482,,out_of_road
201,fresh,0,fresh,,,0,0.0,0,0,0,0,0,10.0,5.0,5.0,20.0,0,268,9.5219087600708,0.09702259703164003,,arrive_dest
202,fresh,0,fresh,,,0,0.0,0,0,0,0,0,10.0,5.0,5.0,20.0,0,121,1.8655661344528198,0.021986407420236217,,out_of_road
203,fresh,0,fresh,,,0,0.0,0,0,0,0,0,10.0,5.0,5.0,20.0,0,302,7.539613246917725,0.07517058384105169,,out_of_road
204,fresh,0,fresh,,,0,0.0,0,0,0,0,0,10.0,5.0,5.0,20.0,0,644,14.291070938110352,0.07062643242751172,,out_of_road
205,fresh,0,fresh,,,0,0.0,0,0,0,0,0,10.0,5.0,5.0,20.0,0,70,0.272433876991272,0.027443755950246538,,out_of_road
206,fresh,0,fresh,,,0,0.0,0,0,0,0,0,10.0,5.0,5.0,20.0,0,350,10.95582389831543,0.14610482248577422,,out_of_road
207,fresh,0,fresh,,,0,0.0,0,0,0,0,0,10.0,5.0,5.0,20.0,0,224,6.794169902801514,0.07882420092521768,,out_of_road
208,fresh,0,fresh,,,0,0.0,0,0,0,0,0,10.0,5.0,5.0,20.0,0,228,7.530612945556641,0.13846968109882846,,arrive_dest
209,fresh,0,fresh,,,0,0.0,0,0,0,0,0,10.0,5.0,5.0,20.0,0,503,13.972526550292969,0.08026736519238346,,out_of_road
210,fresh,0,fresh,,,0,0.0,0,0,0,0,0,10.0,5.0,5.0,20.0,0,102,1.5928808450698853,0.02153496763796783,,out_of_road
211,fresh,0,fresh,,,0,0.0,0,0,0,0,0,10.0,5.0,5.0,20.0,0,242,2.4443273544311523,0.013657960817525702,,out_of_road
212,fresh,0,fresh,,,0,0.0,0,0,0,0,0,10.0,5.0,5.0,20.0,0,137,2.7454278469085693,0.05239013193623863,,out_of_road
213,fresh,0,fresh,,,0,0.0,0,0,0,0,0,10.0,5.0,5.0,20.0,0,152,3.2765235900878906,0.024032060939230417,,arrive_dest
214,fresh,0,fresh,,,0,0.0,0,0,0,0,0,10.0,5.0,5.0,20.0,0,1000,3.7387783527374268,0.13206395346531644,,max_step
215,fresh,0,fresh,,,0,0.0,0,0,0,0,0,10.0,5.0,5.0,20.0,0,529,14.481560707092285,0.1249036719029618,,out_of_road
216,fresh,0,fresh,,,0,0.0,0,0,0,0,0,10.0,5.0,5.0,20.0,0,161,3.2643797397613525,0.03517868587319155,,arrive_dest
217,fresh,0,fresh,,,0,0.0,0,0,0,0,0,10.0,5.0,5.0,20.0,0,499,13.831390380859375,0.09979268368697522,,arrive_dest
218,fresh,0,fresh,,,0,0.0,0,0,0,0,0,10.0,5.0,5.0,20.0,0,222,6.041744232177734,0.05233803503886537,,out_of_road
219,fresh,0,fresh,,,0,0.0,0,0,0,0,0,10.0,5.0,5.0,20.0,0,461,12.192914009094238,0.06564426524948466,,out_of_road
220,fresh,0,fresh,,,0,0.0,0,0,0,0,0,10.0,5.0,5.0,20.0,0,285,6.3277387619018555,0.055640418559574245,,out_of_road
221,fresh,0,fresh,,,0,0.0,0,0,0,0,0,10.0,5.0,5.0,20.0,0,130,2.7279226779937744,0.013268868417407457,,out_of_road
222,fresh,0,fresh,,,0,0.0,0,0,0,0,0,10.0,5.0,5.0,20.0,0,70,0.18200746178627014,0.012392041180282832,,out_of_road
223,fresh,0,fresh,,,0,0.0,0,0,0,0,0,10.0,5.0,5.0,20.0,0,217,4.617338180541992,0.04786112580946239,,out_of_road
224,fresh,0,fresh,,,0,0.0,0,0,0,0,0,10.0,5.0,5.0,20.0,0,125,2.6277573108673096,0.026987158298492433,,out_of_road
225,fresh,0,fresh,,,0,0.0,0,0,0,0,0,10.0,5.0,5.0,20.0,0,85,0.2619801461696625,0.012301178627154406,,out_of_road
226,fresh,0,fresh,,,0,0.0,0,0,0,0,0,10.0,5.0,5.0,20.0,0,799,25.6867733001709,0.16125167067977453,,out_of_road
227,fresh,0,fresh,,,0,0.0,0,0,0,0,0,10.0,5.0,5.0,20.0,0,141,2.016249895095825,0.018666273663282818,,out_of_road
228,fresh,0,fresh,,,0,0.0,0,0,0,0,0,10.0,5.0,5.0,20.0,0,439,13.409265518188477,0.14312777483670341,,out_of_road
229,fresh,0,fresh,,,0,0.0,0,0,0,0,0,10.0,5.0,5.0,20.0,0,472,15.757170677185059,0.17659234665768317,,out_of_road
230,fresh,0,fresh,,,0,0.0,0,0,0,0,0,10.0,5.0,5.0,20.0,0,475,14.747856140136719,0.126961846269275,,out_of_road
231,fresh,0,fresh,,,0,0.0,0,0,0,0,0,10.0,5.0,5.0,20.0,0,719,22.344589233398438,0.17347516571961716,,out_of_road
232,fresh,0,fresh,,,0,0.0,0,0,0,0,0,10.0,5.0,5.0,20.0,0,250,5.5954179763793945,0.01483244715258479,,out_of_road
233,fresh,0,fresh,,,0,0.0,0,0,0,0,0,10.0,5.0,5.0,20.0,0,141,0.2032599151134491,0.020511149395759223,,out_of_road
234,fresh,0,fresh,,,0,0.0,0,0,0,0,0,10.0,5.0,5.0,20.0,0,141,2.7805416584014893,0.02017323281748075,,out_of_road
235,fresh,0,fresh,,,0,0.0,0,0,0,0,0,10.0,5.0,5.0,20.0,0,191,4.028790473937988,0.05286671693256388,,out_of_road
236,fresh,0,fresh,,,0,0.0,0,0,0,0,0,10.0,5.0,5.0,20.0,0,380,11.982489585876465,0.136715601688545,,out_of_road
237,fresh,0,fresh,,,0,0.0,0,0,0,0,0,10.0,5.0,5.0,20.0,0,49,-0.2254682183265686,0.010551714167302969,,out_of_road
238,fresh,0,fresh,,,0,0.0,0,0,0,0,0,10.0,5.0,5.0,20.0,0,518,11.285593032836914,0.08449356862735795,,out_of_road
239,fresh,0,fresh,,,0,0.0,0,0,0,0,0,10.0,5.0,5.0,20.0,0,430,10.62092399597168,0.07922649226140577,,out_of_road
240,fresh,0,fresh,,,0,0.0,0,0,0,0,0,10.0,5.0,5.0,20.0,0,629,13.624028205871582,0.07687661674211249,,arrive_dest
241,fresh,0,fresh,,,0,0.0,0,0,0,0,0,10.0,5.0,5.0,20.0,0,99,1.592900037765503,0.008299790774330948,,out_of_road
242,fresh,0,fresh,,,0,0.0,0,0,0,0,0,10.0,5.0,5.0,20.0,0,79,0.26615774631500244,0.010707324311797377,,out_of_road
243,fresh,0,fresh,,,0,0.0,0,0,0,0,0,10.0,5.0,5.0,20.0,0,1000,1.7832945585250854,0.0097741421405226,,max_step
244,fresh,0,fresh,,,0,0.0,0,0,0,0,0,10.0,5.0,5.0,20.0,0,135,2.112781047821045,0.0035255911725538746,,out_of_road
245,fresh,0,fresh,,,0,0.0,0,0,0,0,0,10.0,5.0,5.0,20.0,0,576,15.384566307067871,0.12591182548203506,,out_of_road
246,fresh,0,fresh,,,0,0.0,0,0,0,0,0,10.0,5.0,5.0,20.0,0,308,8.1748046875,0.0502831974602002,,arrive_dest
247,fresh,0,fresh,,,0,0.0,0,0,0,0,0,10.0,5.0,5.0,20.0,0,296,8.730842590332031,0.07208273678111869,,out_of_road
248,fresh,0,fresh,,,0,0.0,0,0,0,0,0,10.0,5.0,5.0,20.0,0,127,1.8191897869110107,0.012307968518630726,,out_of_road
249,fresh,0,fresh,,,0,0.0,0,0,0,0,0,10.0,5.0,5.0,20.0,0,319,8.212625503540039,0.03129344676740958,,out_of_road
250,fresh,0,fresh,,,0,0.0,0,0,0,0,0,10.0,5.0,5.0,20.0,0,263,8.235294342041016,0.06805647162104402,,out_of_road
251,fresh,0,fresh,,,0,0.0,0,0,0,0,0,10.0,5.0,5.0,20.0,0,414,-0.18871571123600006,0.012349719935263268,,out_of_road
252,fresh,0,fresh,,,0,0.0,0,0,0,0,0,10.0,5.0,5.0,20.0,0,215,3.626451015472412,0.025793176626266782,,out_of_road
253,fresh,0,fresh,,,0,0.0,0,0,0,0,0,10.0,5.0,5.0,20.0,0,806,26.945472717285156,0.18606076494324952,,out_of_road
254,fresh,0,fresh,,,0,0.0,0,0,0,0,0,10.0,5.0,5.0,20.0,0,372,10.264399528503418,0.07132026657301893,,out_of_road
255,fresh,0,fresh,,,0,0.0,0,0,0,0,0,10.0,5.0,5.0,20.0,0,510,11.077583312988281,0.07569052463159988,,out_of_road
256,fresh,0,fresh,,,0,0.0,0,0,0,0,0,10.0,5.0,5.0,20.0,0,101,1.3582358360290527,0.020533859185726925,,out_of_road
257,fresh,0,fresh,,,0,0.0,0,0,0,0,0,10.0,5.0,5.0,20.0,0,81,1.266966462135315,0.011481643102511211,,out_of_road
258,fresh,0,fresh,,,0,0.0,0,0,0,0,0,10.0,5.0,5.0,20.0,0,183,4.553844928741455,0.04691046123174045,,out_of_road
259,fresh,0,fresh,,,0,0.0,0,0,0,0,0,10.0,5.0,5.0,20.0,0,161,2.2514963150024414,0.015541661843102171,,out_of_road
260,fresh,0,fresh,,,0,0.0,0,0,0,0,0,10.0,5.0,5.0,20.0,0,1000,28.114980697631836,0.12816752952185925,,max_step
261,fresh,0,fresh,,,0,0.0,0,0,0,0,0,10.0,5.0,5.0,20.0,0,284,6.731132507324219,0.11151013177373564,,out_of_road
262,fresh,0,fresh,,,0,0.0,0,0,0,0,0,10.0,5.0,5.0,20.0,0,306,8.689559936523438,0.03334368737734051,,arrive_dest
263,fresh,0,fresh,,,0,0.0,0,0,0,0,0,10.0,5.0,5.0,20.0,0,2,0.38342514634132385,0.0,,arrive_dest
264,fresh,0,fresh,,,0,0.0,0,0,0,0,0,10.0,5.0,5.0,20.0,0,92,1.3550291061401367,0.004986663875372514,,out_of_road
265,fresh,0,fresh,,,0,0.0,0,0,0,0,0,10.0,5.0,5.0,20.0,0,125,2.484788417816162,0.004460823200643063,,out_of_road
266,fresh,0,fresh,,,0,0.0,0,0,0,0,0,10.0,5.0,5.0,20.0,0,279,0.7937178611755371,0.017666910524650286,,arrive_dest
267,fresh,0,fresh,,,0,0.0,0,0,0,0,0,10.0,5.0,5.0,20.0,0,268,2.552067995071411,0.0565127414606039,,arrive_dest
268,fresh,0,fresh,,,0,0.0,0,0,0,0,0,10.0,5.0,5.0,20.0,0,255,8.147318840026855,0.061784428276815545,,out_of_road
269,fresh,0,fresh,,,0,0.0,0,0,0,0,0,10.0,5.0,5.0,20.0,0,161,2.266096353530884,0.023697695440340855,,out_of_road
270,fresh,0,fresh,,,0,0.0,0,0,0,0,0,10.0,5.0,5.0,20.0,0,364,10.907973289489746,0.11065064754802734,,out_of_road
271,fresh,0,fresh,,,0,0.0,0,0,0,0,0,10.0,5.0,5.0,20.0,0,140,2.848841905593872,0.03464238622358867,,out_of_road
272,fresh,0,fresh,,,0,0.0,0,0,0,0,0,10.0,5.0,5.0,20.0,0,1000,1.8119428157806396,0.004874099698616192,,max_step
273,fresh,0,fresh,,,0,0.0,0,0,0,0,0,10.0,5.0,5.0,20.0,0,1000,8.390920639038086,0.029482051581144333,,max_step
274,fresh,0,fresh,,,0,0.0,0,0,0,0,0,10.0,5.0,5.0,20.0,0,877,-0.12028005719184875,0.1611313904585697,,out_of_road
275,fresh,0,fresh,,,0,0.0,0,0,0,0,0,10.0,5.0,5.0,20.0,0,492,-0.22209513187408447,0.21043515134209057,,out_of_road
276,fresh,0,fresh,,,0,0.0,0,0,0,0,0,10.0,5.0,5.0,20.0,0,266,8.717330932617188,0.09763213534160216,,out_of_road
277,fresh,0,fresh,,,0,0.0,0,0,0,0,0,10.0,5.0,5.0,20.0,0,854,26.98501205444336,0.17473390410966141,,out_of_road
278,fresh,0,fresh,,,0,0.0,0,0,0,0,0,10.0,5.0,5.0,20.0,0,357,9.748286247253418,0.12784841168849242,,out_of_road
279,fresh,0,fresh,,,0,0.0,0,0,0,0,0,10.0,5.0,5.0,20.0,0,263,6.295174598693848,0.0561461037152337,,out_of_road
280,fresh,0,fresh,,,0,0.0,0,0,0,0,0,10.0,5.0,5.0,20.0,0,215,2.136523723602295,0.010956072976249596,,out_of_road
281,fresh,0,fresh,,,0,0.0,0,0,0,0,0,10.0,5.0,5.0,20.0,0,1000,0.418775349855423,0.009611750153824688,,max_step
282,fresh,0,fresh,,,0,0.0,0,0,0,0,0,10.0,5.0,5.0,20.0,0,545,13.084714889526367,0.12287432922631365,,arrive_dest
283,fresh,0,fresh,,,0,0.0,0,0,0,0,0,10.0,5.0,5.0,20.0,0,171,-0.1741502732038498,0.009141262703063239,,out_of_road
284,fresh,0,fresh,,,0,0.0,0,0,0,0,0,10.0,5.0,5.0,20.0,0,371,10.062081336975098,0.10003812812178363,,out_of_road
285,fresh,0,fresh,,,0,0.0,0,0,0,0,0,10.0,5.0,5.0,20.0,0,194,4.336849689483643,0.07012106666879095,,out_of_road
286,fresh,0,fresh,,,0,0.0,0,0,0,0,0,10.0,5.0,5.0,20.0,0,372,10.376532554626465,0.11192201151041895,,out_of_road
287,fresh,0,fresh,,,0,0.0,0,0,0,0,0,10.0,5.0,5.0,20.0,0,542,14.739645957946777,0.10270544117131027,,arrive_dest
288,fresh,0,fresh,,,0,0.0,0,0,0,0,0,10.0,5.0,5.0,20.0,0,436,12.614983558654785,0.149582428397363,,out_of_road
289,fresh,0,fresh,,,0,0.0,0,0,0,0,0,10.0,5.0,5.0,20.0,0,236,6.313089370727539,0.06276112105460617,,out_of_road
290,fresh,0,fresh,,,0,0.0,0,0,0,0,0,10.0,5.0,5.0,20.0,0,340,11.352895736694336,0.18812037829364486,,out_of_road
291,fresh,0,fresh,,,0,0.0,0,0,0,0,0,10.0,5.0,5.0,20.0,0,154,2.32938551902771,0.019630284036521787,,out_of_road
292,fresh,0,fresh,,,0,0.0,0,0,0,0,0,10.0,5.0,5.0,20.0,0,441,14.25864315032959,0.17353746149891697,,out_of_road
293,fresh,0,fresh,,,0,0.0,0,0,0,0,0,10.0,5.0,5.0,20.0,0,143,1.942792296409607,0.017818021942972096,,out_of_road
294,fresh,0,fresh,,,0,0.0,0,0,0,0,0,10.0,5.0,5.0,20.0,0,109,2.650047540664673,0.02767466712708867,,arrive_dest
295,fresh,0,fresh,,,0,0.0,0,0,0,0,0,10.0,5.0,5.0,20.0,0,216,5.418161392211914,0.028387941812441028,,out_of_road
296,fresh,0,fresh,,,0,0.0,0,0,0,0,0,10.0,5.0,5.0,20.0,0,257,8.065645217895508,0.07111032162919814,,out_of_road
297,fresh,0,fresh,,,0,0.0,0,0,0,0,0,10.0,5.0,5.0,20.0,0,322,7.373037338256836,0.06440100552201826,,out_of_road
298,fresh,0,fresh,,,0,0.0,0,0,0,0,0,10.0,5.0,5.0,20.0,0,248,7.918124675750732,0.08097596257369244,,out_of_road
299,fresh,0,fresh,,,0,0.0,0,0,0,0,0,10.0,5.0,5.0,20.0,0,118,2.922341823577881,0.015690301939592522,,arrive_dest
300,fresh,0,fresh,,,0,0.0,0,0,0,0,0,10.0,5.0,5.0,20.0,0,404,9.665918350219727,0.0787793969560304,,out_of_road
301,fresh,0,fresh,,,0,0.0,0,0,0,0,0,10.0,5.0,5.0,20.0,0,99,1.701336145401001,0.024956624000098068,,out_of_road
302,fresh,0,fresh,,,0,0.0,0,0,0,0,0,10.0,5.0,5.0,20.0,0,434,13.56358814239502,0.13137600279288703,,out_of_road
303,fresh,0,fresh,,,0,0.0,0,0,0,0,0,10.0,5.0,5.0,20.0,0,689,2.1325714588165283,0.01999463106631281,,out_of_road
304,fresh,0,fresh,,,0,0.0,0,0,0,0,0,10.0,5.0,5.0,20.0,0,141,2.672318935394287,0.01490682878709854,,out_of_road
305,fresh,0,fresh,,,0,0.0,0,0,0,0,0,10.0,5.0,5.0,20.0,0,352,10.87349796295166,0.1704224621908824,,out_of_road
306,fresh,0,fresh,,,0,0.0,0,0,0,0,0,10.0,5.0,5.0,20.0,0,2,0.3674861788749695,0.2510509788990021,,arrive_dest
307,fresh,0,fresh,,,0,0.0,0,0,0,0,0,10.0,5.0,5.0,20.0,0,44,0.7437685132026672,0.008505670184438879,,arrive_dest
308,fresh,0,fresh,,,0,0.0,0,0,0,0,0,10.0,5.0,5.0,20.0,0,553,15.906943321228027,0.10546429240048794,,out_of_road
309,fresh,0,fresh,,,0,0.0,0,0,0,0,0,10.0,5.0,5.0,20.0,0,267,6.041425704956055,0.049985270497253105,,out_of_road
310,fresh,0,fresh,,,0,0.0,0,0,0,0,0,10.0,5.0,5.0,20.0,0,477,6.307546138763428,0.05645751574348104,,out_of_road
311,fresh,0,fresh,,,0,0.0,0,0,0,0,0,10.0,5.0,5.0,20.0,0,372,10.414067268371582,0.09666907197485368,,out_of_road
312,fresh,0,fresh,,,0,0.0,0,0,0,0,0,10.0,5.0,5.0,20.0,0,283,6.692326068878174,0.08120070743562108,,out_of_road
313,fresh,0,fresh,,,0,0.0,0,0,0,0,0,10.0,5.0,5.0,20.0,0,148,2.701902389526367,0.012378629476360575,,out_of_road
314,fresh,0,fresh,,,0,0.0,0,0,0,0,0,10.0,5.0,5.0,20.0,0,391,9.77022647857666,0.0660175643194362,,out_of_road
315,fresh,0,fresh,,,0,0.0,0,0,0,0,0,10.0,5.0,5.0,20.0,0,2,0.36544978618621826,0.16427277028560638,,arrive_dest
316,fresh,0,fresh,,,0,0.0,0,0,0,0,0,10.0,5.0,5.0,20.0,0,278,8.238358497619629,0.06012516700253963,,out_of_road
317,fresh,0,fresh,,,0,0.0,0,0,0,0,0,10.0,5.0,5.0,20.0,0,202,5.996005535125732,0.06846035915509899,,out_of_road
318,fresh,0,fresh,,,0,0.0,0,0,0,0,0,10.0,5.0,5.0,20.0,0,340,8.319110870361328,0.0621913990837878,,out_of_road
319,fresh,0,fresh,,,0,0.0,0,0,0,0,0,10.0,5.0,5.0,20.0,0,307,5.84074068069458,0.08319616644166968,,out_of_road
320,fresh,0,fresh,,,0,0.0,0,0,0,0,0,10.0,5.0,5.0,20.0,0,801,18.69350242614746,0.08050040754410537,,arrive_dest
321,fresh,0,fresh,,,0,0.0,0,0,0,0,0,10.0,5.0,5.0,20.0,0,382,9.948951721191406,0.09150361674545206,,out_of_road
322,fresh,0,fresh,,,0,0.0,0,0,0,0,0,10.0,5.0,5.0,20.0,0,337,8.530213356018066,0.07321430958298972,,out_of_road
323,fresh,0,fresh,,,0,0.0,0,0,0,0,0,10.0,5.0,5.0,20.0,0,296,5.562995910644531,0.05508651711657089,,arrive_dest
324,fresh,0,fresh,,,0,0.0,0,0,0,0,0,10.0,5.0,5.0,20.0,0,629,14.55000114440918,0.09293585463570629,,arrive_dest
325,fresh,0,fresh,,,0,0.0,0,0,0,0,0,10.0,5.0,5.0,20.0,0,1000,0.021279944106936455,0.027405527045601046,,max_step
326,fresh,0,fresh,,,0,0.0,0,0,0,0,0,10.0,5.0,5.0,20.0,0,130,2.371067762374878,0.019502983801066874,,out_of_road
327,fresh,0,fresh,,,0,0.0,0,0,0,0,0,10.0,5.0,5.0,20.0,0,482,11.15781307220459,0.08013592514738874,,out_of_road
328,fresh,0,fresh,,,0,0.0,0,0,0,0,0,10.0,5.0,5.0,20.0,0,475,13.990063667297363,0.1702299435270068,,out_of_road
329,fresh,0,fresh,,,0,0.0,0,0,0,0,0,10.0,5.0,5.0,20.0,0,768,17.07293701171875,0.07796993973958403,,arrive_dest
330,fresh,0,fresh,,,0,0.0,0,0,0,0,0,10.0,5.0,5.0,20.0,0,403,9.907247543334961,0.061439313465918854,,out_of_road
331,fresh,0,fresh,,,0,0.0,0,0,0,0,0,10.0,5.0,5.0,20.0,0,439,13.688299179077148,0.14418528218390866,,out_of_road
332,fresh,0,fresh,,,0,0.0,0,0,0,0,0,10.0,5.0,5.0,20.0,0,782,24.352571487426758,0.1301483253655417,,out_of_road
333,fresh,0,fresh,,,0,0.0,0,0,0,0,0,10.0,5.0,5.0,20.0,0,724,19.651615142822266,0.11685891836387677,,out_of_road
334,fresh,0,fresh,,,0,0.0,0,0,0,0,0,10.0,5.0,5.0,20.0,0,681,19.715518951416016,0.11743468314815428,,out_of_road
335,fresh,0,fresh,,,0,0.0,0,0,0,0,0,10.0,5.0,5.0,20.0,0,393,10.69951057434082,0.0854293045862732,,arrive_dest
336,fresh,0,fresh,,,0,0.0,0,0,0,0,0,10.0,5.0,5.0,20.0,0,13,0.3963521718978882,0.05484997767668504,,arrive_dest
337,fresh,0,fresh,,,0,0.0,0,0,0,0,0,10.0,5.0,5.0,20.0,0,293,7.435758113861084,0.07432283445598348,,out_of_road
338,fresh,0,fresh,,,0,0.0,0,0,0,0,0,10.0,5.0,5.0,20.0,0,440,12.148642539978027,0.05662446158874611,,arrive_dest
339,fresh,0,fresh,,,0,0.0,0,0,0,0,0,10.0,5.0,5.0,20.0,0,568,16.152057647705078,0.1053177668888476,,out_of_road
340,fresh,0,fresh,,,0,0.0,0,0,0,0,0,10.0,5.0,5.0,20.0,0,360,8.803162574768066,0.06783754993230104,,arrive_dest
341,fresh,0,fresh,,,0,0.0,0,0,0,0,0,10.0,5.0,5.0,20.0,0,366,8.422844886779785,0.06430423070035386,,out_of_road
342,fresh,0,fresh,,,0,0.0,0,0,0,0,0,10.0,5.0,5.0,20.0,0,126,2.419154167175293,0.008613652232775671,,out_of_road
343,fresh,0,fresh,,,0,0.0,0,0,0,0,0,10.0,5.0,5.0,20.0,0,141,2.3080592155456543,0.0253728491366438,,out_of_road
344,fresh,0,fresh,,,0,0.0,0,0,0,0,0,10.0,5.0,5.0,20.0,0,271,5.933165550231934,0.10287522596076845,,out_of_road
345,fresh,0,fresh,,,0,0.0,0,0,0,0,0,10.0,5.0,5.0,20.0,0,257,6.084908485412598,0.05920368742473162,,out_of_road
346,fresh,0,fresh,,,0,0.0,0,0,0,0,0,10.0,5.0,5.0,20.0,0,453,12.7108736038208,0.08297000064002659,,out_of_road
347,fresh,0,fresh,,,0,0.0,0,0,0,0,0,10.0,5.0,5.0,20.0,0,420,11.746607780456543,0.08570596206755865,,out_of_road
348,fresh,0,fresh,,,0,0.0,0,0,0,0,0,10.0,5.0,5.0,20.0,0,240,6.143271446228027,0.036984975591379525,,out_of_road
349,fresh,0,fresh,,,0,0.0,0,0,0,0,0,10.0,5.0,5.0,20.0,0,234,-0.16309450566768646,7.830018129868385e-05,,out_of_road
350,fresh,0,fresh,,,0,0.0,0,0,0,0,0,10.0,5.0,5.0,20.0,0,234,6.0376362800598145,0.0556356589246191,,out_of_road
351,fresh,0,fresh,,,0,0.0,0,0,0,0,0,10.0,5.0,5.0,20.0,0,612,12.898911476135254,0.041557498436970514,,out_of_road
352,fresh,0,fresh,,,0,0.0,0,0,0,0,0,10.0,5.0,5.0,20.0,0,169,2.8384218215942383,0.01828540296475651,,arrive_dest
353,fresh,0,fresh,,,0,0.0,0,0,0,0,0,10.0,5.0,5.0,20.0,0,165,3.8852450847625732,0.028527999866866705,,out_of_road
354,fresh,0,fresh,,,0,0.0,0,0,0,0,0,10.0,5.0,5.0,20.0,0,316,5.790713310241699,0.04807570567236671,,arrive_dest
355,fresh,0,fresh,,,0,0.0,0,0,0,0,0,10.0,5.0,5.0,20.0,0,965,24.54712677001953,0.10268501836343287,,out_of_road
356,fresh,0,fresh,,,0,0.0,0,0,0,0,0,10.0,5.0,5.0,20.0,0,490,10.301387786865234,0.057312347445035904,,out_of_road
357,fresh,0,fresh,,,0,0.0,0,0,0,0,0,10.0,5.0,5.0,20.0,0,344,7.929976940155029,0.04707534991605424,,out_of_road
358,fresh,0,fresh,,,0,0.0,0,0,0,0,0,10.0,5.0,5.0,20.0,0,296,8.14729118347168,0.0642598374861582,,out_of_road
359,fresh,0,fresh,,,0,0.0,0,0,0,0,0,10.0,5.0,5.0,20.0,0,269,8.257095336914062,0.050809804697003434,,arrive_dest
360,fresh,0,fresh,,,0,0.0,0,0,0,0,0,10.0,5.0,5.0,20.0,0,188,2.885099172592163,0.024114304291520346,,out_of_road
361,fresh,0,fresh,,,0,0.0,0,0,0,0,0,10.0,5.0,5.0,20.0,0,60,0.21809479594230652,0.008010795712471009,,out_of_road
362,fresh,0,fresh,,,0,0.0,0,0,0,0,0,10.0,5.0,5.0,20.0,0,271,6.497503757476807,0.05515488839237452,,arrive_dest
363,fresh,0,fresh,,,0,0.0,0,0,0,0,0,10.0,5.0,5.0,20.0,0,494,12.246058464050293,0.08112246387280893,,out_of_road
364,fresh,0,fresh,,,0,0.0,0,0,0,0,0,10.0,5.0,5.0,20.0,0,123,1.8282395601272583,0.012736083439937452,,out_of_road
365,fresh,0,fresh,,,0,0.0,0,0,0,0,0,10.0,5.0,5.0,20.0,0,302,6.186675071716309,0.04656889862288406,,out_of_road
366,fresh,0,fresh,,,0,0.0,0,0,0,0,0,10.0,5.0,5.0,20.0,0,66,0.36287206411361694,0.022635820237073032,,out_of_road
367,fresh,0,fresh,,,0,0.0,0,0,0,0,0,10.0,5.0,5.0,20.0,0,32,-0.1941853165626526,0.0,,out_of_road
368,fresh,0,fresh,,,0,0.0,0,0,0,0,0,10.0,5.0,5.0,20.0,0,165,2.7935824394226074,0.014674269199145563,,out_of_road
369,fresh,0,fresh,,,0,0.0,0,0,0,0,0,10.0,5.0,5.0,20.0,0,43,-0.20290125906467438,0.007283512936081997,,out_of_road
370,fresh,0,fresh,,,0,0.0,0,0,0,0,0,10.0,5.0,5.0,20.0,0,406,10.63680362701416,0.02733375852740613,,arrive_dest
371,fresh,0,fresh,,,0,0.0,0,0,0,0,0,10.0,5.0,5.0,20.0,0,76,1.6023436784744263,0.01851215174323634,,arrive_dest
372,fresh,0,fresh,,,0,0.0,0,0,0,0,0,10.0,5.0,5.0,20.0,0,243,4.366786479949951,0.022592981978331084,,arrive_dest
373,fresh,0,fresh,,,0,0.0,0,0,0,0,0,10.0,5.0,5.0,20.0,0,391,9.610358238220215,0.05460809036667156,,out_of_road
374,fresh,0,fresh,,,0,0.0,0,0,0,0,0,10.0,5.0,5.0,20.0,0,738,20.423978805541992,0.08296334889507916,,out_of_road
375,fresh,0,fresh,,,0,0.0,0,0,0,0,0,10.0,5.0,5.0,20.0,0,425,11.977741241455078,0.08264144860208035,,out_of_road
376,fresh,0,fresh,,,0,0.0,0,0,0,0,0,10.0,5.0,5.0,20.0,0,558,13.320196151733398,0.06409729545014681,,arrive_dest
377,fresh,0,fresh,,,0,0.0,0,0,0,0,0,10.0,5.0,5.0,20.0,0,506,12.48130989074707,0.060596435955677756,,out_of_road
378,fresh,0,fresh,,,0,0.0,0,0,0,0,0,10.0,5.0,5.0,20.0,0,517,14.700838088989258,0.08581924920350428,,out_of_road
379,fresh,0,fresh,,,0,0.0,0,0,0,0,0,10.0,5.0,5.0,20.0,0,577,13.938023567199707,0.07871549718882534,,out_of_road
380,fresh,0,fresh,,,0,0.0,0,0,0,0,0,10.0,5.0,5.0,20.0,0,334,9.772908210754395,0.0991371739669675,,out_of_road
381,fresh,0,fresh,,,0,0.0,0,0,0,0,0,10.0,5.0,5.0,20.0,0,62,0.165547713637352,0.00022055256751275833,,out_of_road
382,fresh,0,fresh,,,0,0.0,0,0,0,0,0,10.0,5.0,5.0,20.0,0,227,5.642042636871338,0.031378860551672105,,out_of_road
383,fresh,0,fresh,,,0,0.0,0,0,0,0,0,10.0,5.0,5.0,20.0,0,165,2.1117703914642334,0.005960162915289402,,out_of_road
384,fresh,0,fresh,,,0,0.0,0,0,0,0,0,10.0,5.0,5.0,20.0,0,379,10.56289005279541,0.111048575737059,,out_of_road
385,fresh,0,fresh,,,0,0.0,0,0,0,0,0,10.0,5.0,5.0,20.0,0,264,-0.25212278962135315,0.014249993657523935,,out_of_road
386,fresh,0,fresh,,,0,0.0,0,0,0,0,0,10.0,5.0,5.0,20.0,0,320,8.6439790725708,0.05840038911701413,,out_of_road
387,fresh,0,fresh,,,0,0.0,0,0,0,0,0,10.0,5.0,5.0,20.0,0,535,12.038997650146484,0.041240197379646876,,out_of_road
388,fresh,0,fresh,,,0,0.0,0,0,0,0,0,10.0,5.0,5.0,20.0,0,291,6.537417411804199,0.050515635060690525,,arrive_dest
389,fresh,0,fresh,,,0,0.0,0,0,0,0,0,10.0,5.0,5.0,20.0,0,449,9.926117897033691,0.04158821591966368,,out_of_road
390,fresh,0,fresh,,,0,0.0,0,0,0,0,0,10.0,5.0,5.0,20.0,0,481,10.689643859863281,0.07940529100984149,,out_of_road
391,fresh,0,fresh,,,0,0.0,0,0,0,0,0,10.0,5.0,5.0,20.0,0,138,2.4052493572235107,0.01199948291996143,,out_of_road
392,fresh,0,fresh,,,0,0.0,0,0,0,0,0,10.0,5.0,5.0,20.0,0,348,7.7738847732543945,0.06364480565414475,,out_of_road
393,fresh,0,fresh,,,0,0.0,0,0,0,0,0,10.0,5.0,5.0,20.0,0,538,12.112578392028809,0.06649357418972847,,out_of_road
394,fresh,0,fresh,,,0,0.0,0,0,0,0,0,10.0,5.0,5.0,20.0,0,623,14.76298713684082,0.058123670128603165,,arrive_dest
395,fresh,0,fresh,,,0,0.0,0,0,0,0,0,10.0,5.0,5.0,20.0,0,66,0.27308160066604614,0.017414093469128464,,out_of_road
396,fresh,0,fresh,,,0,0.0,0,0,0,0,0,10.0,5.0,5.0,20.0,0,248,6.411354064941406,0.06155306679542146,,out_of_road
397,fresh,0,fresh,,,0,0.0,0,0,0,0,0,10.0,5.0,5.0,20.0,0,521,11.96893310546875,0.04355606955302711,,out_of_road
398,fresh,0,fresh,,,0,0.0,0,0,0,0,0,10.0,5.0,5.0,20.0,0,476,11.795172691345215,0.08113027776262778,,out_of_road
399,fresh,0,fresh,,,0,0.0,0,0,0,0,0,10.0,5.0,5.0,20.0,0,556,14.421957969665527,0.14966791831023937,,out_of_road
400,fresh,0,fresh,,,0,0.0,0,0,0,0,0,10.0,5.0,5.0,20.0,0,253,4.80701208114624,0.02406310088741096,,out_of_road
401,fresh,0,fresh,,,0,0.0,0,0,0,0,0,10.0,5.0,5.0,20.0,0,402,10.012557029724121,0.06961338410028882,,out_of_road
402,fresh,0,fresh,,,0,0.0,0,0,0,0,0,10.0,5.0,5.0,20.0,0,285,5.978096008300781,0.0673810159166654,,arrive_dest
403,fresh,0,fresh,,,0,0.0,0,0,0,0,0,10.0,5.0,5.0,20.0,0,212,2.2642734050750732,0.0081814222152011,,out_of_road
404,fresh,0,fresh,,,0,0.0,0,0,0,0,0,10.0,5.0,5.0,20.0,0,1000,22.710256576538086,0.08906618201779201,,max_step
405,fresh,0,fresh,,,0,0.0,0,0,0,0,0,10.0,5.0,5.0,20.0,0,350,9.219280242919922,0.0828488728270999,,out_of_road
406,fresh,0,fresh,,,0,0.0,0,0,0,0,0,10.0,5.0,5.0,20.0,0,102,1.3279796838760376,0.02173218333764988,,out_of_road
407,fresh,0,fresh,,,0,0.0,0,0,0,0,0,10.0,5.0,5.0,20.0,0,348,10.717549324035645,0.14108496147004523,,out_of_road
408,fresh,0,fresh,,,0,0.0,0,0,0,0,0,10.0,5.0,5.0,20.0,0,505,12.652335166931152,0.05398476318695979,,out_of_road
409,fresh,0,fresh,,,0,0.0,0,0,0,0,0,10.0,5.0,5.0,20.0,0,177,4.2142558097839355,0.0617067650918149,,out_of_road
410,fresh,0,fresh,,,0,0.0,0,0,0,0,0,10.0,5.0,5.0,20.0,0,850,23.21345329284668,0.12056194778120913,,arrive_dest
411,fresh,0,fresh,,,0,0.0,0,0,0,0,0,10.0,5.0,5.0,20.0,0,294,7.40512752532959,0.01382088716471327,,out_of_road
412,fresh,0,fresh,,,0,0.0,0,0,0,0,0,10.0,5.0,5.0,20.0,0,597,14.38794994354248,0.08642231887795337,,arrive_dest
413,fresh,0,fresh,,,0,0.0,0,0,0,0,0,10.0,5.0,5.0,20.0,0,240,6.269367218017578,0.07416047517908737,,out_of_road
414,fresh,0,fresh,,,0,0.0,0,0,0,0,0,10.0,5.0,5.0,20.0,0,358,10.740874290466309,0.13702754127434014,,out_of_road
415,fresh,0,fresh,,,0,0.0,0,0,0,0,0,10.0,5.0,5.0,20.0,0,405,9.683699607849121,0.030205666038127226,,out_of_road
416,fresh,0,fresh,,,0,0.0,0,0,0,0,0,10.0,5.0,5.0,20.0,0,175,2.829286575317383,0.019665979556739332,,out_of_road
417,fresh,0,fresh,,,0,0.0,0,0,0,0,0,10.0,5.0,5.0,20.0,0,222,4.175242900848389,0.026418182934919657,,arrive_dest
418,fresh,0,fresh,,,0,0.0,0,0,0,0,0,10.0,5.0,5.0,20.0,0,466,9.823122024536133,0.05079078078574737,,out_of_road
419,fresh,0,fresh,,,0,0.0,0,0,0,0,0,10.0,5.0,5.0,20.0,0,566,14.970375061035156,0.0676507740413158,,out_of_road
420,fresh,0,fresh,,,0,0.0,0,0,0,0,0,10.0,5.0,5.0,20.0,0,1000,2.7519986629486084,0.01571107361745089,,max_step
421,fresh,0,fresh,,,0,0.0,0,0,0,0,0,10.0,5.0,5.0,20.0,0,294,8.137906074523926,0.03897140751003611,,arrive_dest
422,fresh,0,fresh,,,0,0.0,0,0,0,0,0,10.0,5.0,5.0,20.0,0,28,-0.15893328189849854,0.0,,out_of_road
423,fresh,0,fresh,,,0,0.0,0,0,0,0,0,10.0,5.0,5.0,20.0,0,272,7.703661918640137,0.09623508605941691,,out_of_road
424,fresh,0,fresh,,,0,0.0,0,0,0,0,0,10.0,5.0,5.0,20.0,0,818,21.681848526000977,0.08938220594975468,,out_of_road
425,fresh,0,fresh,,,0,0.0,0,0,0,0,0,10.0,5.0,5.0,20.0,0,212,4.42668342590332,0.03860619442234308,,out_of_road
426,fresh,0,fresh,,,0,0.0,0,0,0,0,0,10.0,5.0,5.0,20.0,0,111,1.593017339706421,0.020175632324304665,,out_of_road
427,fresh,0,fresh,,,0,0.0,0,0,0,0,0,10.0,5.0,5.0,20.0,0,148,2.7261276245117188,0.033671574931390384,,arrive_dest
428,fresh,0,fresh,,,0,0.0,0,0,0,0,0,10.0,5.0,5.0,20.0,0,269,5.807897090911865,0.044035421691308675,,out_of_road
429,fresh,0,fresh,,,0,0.0,0,0,0,0,0,10.0,5.0,5.0,20.0,0,37,-0.17073850333690643,0.0008254451928911982,,out_of_road
430,fresh,0,fresh,,,0,0.0,0,0,0,0,0,10.0,5.0,5.0,20.0,0,755,15.772971153259277,0.06414273802302038,,out_of_road
431,fresh,0,fresh,,,0,0.0,0,0,0,0,0,10.0,5.0,5.0,20.0,0,333,7.498622894287109,0.035461116188510625,,arrive_dest
432,fresh,0,fresh,,,0,0.0,0,0,0,0,0,10.0,5.0,5.0,20.0,0,382,10.39244556427002,0.10452193916282806,,out_of_road
433,fresh,0,fresh,,,0,0.0,0,0,0,0,0,10.0,5.0,5.0,20.0,0,344,5.902810096740723,0.03848200339585716,,out_of_road
434,fresh,0,fresh,,,0,0.0,0,0,0,0,0,10.0,5.0,5.0,20.0,0,282,6.189212322235107,0.03383076006995765,,out_of_road
435,fresh,0,fresh,,,0,0.0,0,0,0,0,0,10.0,5.0,5.0,20.0,0,332,8.02632999420166,0.03258041289764041,,out_of_road
436,fresh,0,fresh,,,0,0.0,0,0,0,0,0,10.0,5.0,5.0,20.0,0,150,2.1766738891601562,0.014785279327382644,,out_of_road
437,fresh,0,fresh,,,0,0.0,0,0,0,0,0,10.0,5.0,5.0,20.0,0,184,4.130208969116211,0.05356692128976726,,out_of_road
438,fresh,0,fresh,,,0,0.0,0,0,0,0,0,10.0,5.0,5.0,20.0,0,211,4.246399402618408,0.03336188200225621,,out_of_road
439,fresh,0,fresh,,,0,0.0,0,0,0,0,0,10.0,5.0,5.0,20.0,0,230,4.074135780334473,0.025780185984204645,,out_of_road
440,fresh,0,fresh,,,0,0.0,0,0,0,0,0,10.0,5.0,5.0,20.0,0,2,0.3350690007209778,0.020322144031524658,,arrive_dest
441,fresh,0,fresh,,,0,0.0,0,0,0,0,0,10.0,5.0,5.0,20.0,0,655,16.009538650512695,0.10055233345985526,,arrive_dest
442,fresh,0,fresh,,,0,0.0,0,0,0,0,0,10.0,5.0,5.0,20.0,0,546,12.401480674743652,0.05984292805430244,,arrive_dest
443,fresh,0,fresh,,,0,0.0,0,0,0,0,0,10.0,5.0,5.0,20.0,0,28,-0.1591895967721939,0.0,,out_of_road
444,fresh,0,fresh,,,0,0.0,0,0,0,0,0,10.0,5.0,5.0,20.0,0,246,5.477476119995117,0.07136291219300128,,out_of_road
445,fresh,0,fresh,,,0,0.0,0,0,0,0,0,10.0,5.0,5.0,20.0,0,512,11.1395902633667,0.056085018089561345,,out_of_road
446,fresh,0,fresh,,,0,0.0,0,0,0,0,0,10.0,5.0,5.0,20.0,0,288,6.256762504577637,0.030056850069538794,,out_of_road
447,fresh,0,fresh,,,0,0.0,0,0,0,0,0,10.0,5.0,5.0,20.0,0,61,0.32174503803253174,0.022455575830135188,,out_of_road
448,fresh,0,fresh,,,0,0.0,0,0,0,0,0,10.0,5.0,5.0,20.0,0,527,12.641408920288086,0.05481401136141903,,out_of_road
449,fresh,0,fresh,,,0,0.0,0,0,0,0,0,10.0,5.0,5.0,20.0,0,725,18.51694107055664,0.09141144003205258,,out_of_road
450,fresh,0,fresh,,,0,0.0,0,0,0,0,0,10.0,5.0,5.0,20.0,0,38,-0.19227316975593567,0.00956006269705923,,out_of_road
451,fresh,0,fresh,,,0,0.0,0,0,0,0,0,10.0,5.0,5.0,20.0,0,153,2.4471468925476074,0.016120117297700416,,out_of_road
452,fresh,0,fresh,,,0,0.0,0,0,0,0,0,10.0,5.0,5.0,20.0,0,1000,0.014030519872903824,0.00013771742302924394,,max_step
453,fresh,0,fresh,,,0,0.0,0,0,0,0,0,10.0,5.0,5.0,20.0,0,251,6.402495384216309,0.03990748228572042,,out_of_road
454,fresh,0,fresh,,,0,0.0,0,0,0,0,0,10.0,5.0,5.0,20.0,0,490,12.760534286499023,0.11861319365169928,,out_of_road
455,fresh,0,fresh,,,0,0.0,0,0,0,0,0,10.0,5.0,5.0,20.0,0,231,5.096334457397461,0.06672288246404429,,arrive_dest
456,fresh,0,fresh,,,0,0.0,0,0,0,0,0,10.0,5.0,5.0,20.0,0,275,4.1056036949157715,0.059657600698145956,,out_of_road
457,fresh,0,fresh,,,0,0.0,0,0,0,0,0,10.0,5.0,5.0,20.0,0,650,15.127267837524414,0.06715580594009504,,arrive_dest
458,fresh,0,fresh,,,0,0.0,0,0,0,0,0,10.0,5.0,5.0,20.0,0,313,5.806520938873291,0.04379969923504102,,out_of_road
459,fresh,0,fresh,,,0,0.0,0,0,0,0,0,10.0,5.0,5.0,20.0,0,386,10.850530624389648,0.11061100668042845,,arrive_dest
460,fresh,0,fresh,,,0,0.0,0,0,0,0,0,10.0,5.0,5.0,20.0,0,407,8.82628059387207,0.05512238932654481,,out_of_road
461,fresh,0,fresh,,,0,0.0,0,0,0,0,0,10.0,5.0,5.0,20.0,0,315,7.552464485168457,0.07102244678618652,,arrive_dest
462,fresh,0,fresh,,,0,0.0,0,0,0,0,0,10.0,5.0,5.0,20.0,0,250,7.064990997314453,0.09220786703377962,,out_of_road
463,fresh,0,fresh,,,0,0.0,0,0,0,0,0,10.0,5.0,5.0,20.0,0,112,1.9881162643432617,0.01184767480974967,,arrive_dest
464,fresh,0,fresh,,,0,0.0,0,0,0,0,0,10.0,5.0,5.0,20.0,0,379,8.547005653381348,0.04860358073629223,,out_of_road
465,fresh,0,fresh,,,0,0.0,0,0,0,0,0,10.0,5.0,5.0,20.0,0,124,2.5446102619171143,0.014128044544298562,,out_of_road
466,fresh,0,fresh,,,0,0.0,0,0,0,0,0,10.0,5.0,5.0,20.0,0,696,18.736276626586914,0.1342373698415909,,out_of_road
467,fresh,0,fresh,,,0,0.0,0,0,0,0,0,10.0,5.0,5.0,20.0,0,78,1.501391887664795,0.02718788208678747,,arrive_dest
468,fresh,0,fresh,,,0,0.0,0,0,0,0,0,10.0,5.0,5.0,20.0,0,750,16.36461639404297,0.09274616928150256,,out_of_road
469,fresh,0,fresh,,,0,0.0,0,0,0,0,0,10.0,5.0,5.0,20.0,0,513,12.389060020446777,0.08552857965764682,,arrive_dest
470,fresh,0,fresh,,,0,0.0,0,0,0,0,0,10.0,5.0,5.0,20.0,0,388,9.410353660583496,0.06681706745071893,,out_of_road
471,fresh,0,fresh,,,0,0.0,0,0,0,0,0,10.0,5.0,5.0,20.0,0,490,13.445015907287598,0.08750279252559935,,out_of_road
472,fresh,0,fresh,,,0,0.0,0,0,0,0,0,10.0,5.0,5.0,20.0,0,188,3.7392899990081787,0.023327904455537136,,out_of_road
473,fresh,0,fresh,,,0,0.0,0,0,0,0,0,10.0,5.0,5.0,20.0,0,170,3.4201579093933105,0.01688507155597429,,out_of_road
474,fresh,0,fresh,,,0,0.0,0,0,0,0,0,10.0,5.0,5.0,20.0,0,147,2.0900068283081055,0.01423771444036543,,arrive_dest
475,fresh,0,fresh,,,0,0.0,0,0,0,0,0,10.0,5.0,5.0,20.0,0,650,14.71312141418457,0.0930722172298612,,out_of_road
476,fresh,0,fresh,,,0,0.0,0,0,0,0,0,10.0,5.0,5.0,20.0,0,176,4.557660102844238,0.05892017367295921,,arrive_dest
477,fresh,0,fresh,,,0,0.0,0,0,0,0,0,10.0,5.0,5.0,20.0,0,134,2.5164952278137207,0.026033754453563422,,out_of_road
478,fresh,0,fresh,,,0,0.0,0,0,0,0,0,10.0,5.0,5.0,20.0,0,536,14.165900230407715,0.13173628963509212,,out_of_road
479,fresh,0,fresh,,,0,0.0,0,0,0,0,0,10.0,5.0,5.0,20.0,0,786,20.28095054626465,0.10658510113206074,,out_of_road
480,fresh,0,fresh,,,0,0.0,0,0,0,0,0,10.0,5.0,5.0,20.0,0,300,5.333703994750977,0.03758190831790368,,arrive_dest
481,fresh,0,fresh,,,0,0.0,0,0,0,0,0,10.0,5.0,5.0,20.0,0,376,9.595751762390137,0.09422005672116783,,out_of_road
482,fresh,0,fresh,,,0,0.0,0,0,0,0,0,10.0,5.0,5.0,20.0,0,438,9.177478790283203,0.04595079270221259,,out_of_road
483,fresh,0,fresh,,,0,0.0,0,0,0,0,0,10.0,5.0,5.0,20.0,0,280,7.599656581878662,0.06383765472564847,,out_of_road
484,fresh,0,fresh,,,0,0.0,0,0,0,0,0,10.0,5.0,5.0,20.0,0,468,11.366022109985352,0.08133477723608032,,out_of_road
485,fresh,0,fresh,,,0,0.0,0,0,0,0,0,10.0,5.0,5.0,20.0,0,554,13.281515121459961,0.12339316347331508,,out_of_road
486,fresh,0,fresh,,,0,0.0,0,0,0,0,0,10.0,5.0,5.0,20.0,0,165,3.8288216590881348,0.03750562776218761,,arrive_dest
487,fresh,0,fresh,,,0,0.0,0,0,0,0,0,10.0,5.0,5.0,20.0,0,303,7.684052467346191,0.07229569311969893,,out_of_road
488,fresh,0,fresh,,,0,0.0,0,0,0,0,0,10.0,5.0,5.0,20.0,0,479,13.7500581741333,0.11614377650826983,,out_of_road
489,fresh,0,fresh,,,0,0.0,0,0,0,0,0,10.0,5.0,5.0,20.0,0,133,1.923646330833435,0.03302370005504305,,out_of_road
490,fresh,0,fresh,,,0,0.0,0,0,0,0,0,10.0,5.0,5.0,20.0,0,332,6.088719367980957,0.03929223471001374,,out_of_road
491,fresh,0,fresh,,,0,0.0,0,0,0,0,0,10.0,5.0,5.0,20.0,0,661,16.70418930053711,0.08474042803773293,,out_of_road
492,fresh,0,fresh,,,0,0.0,0,0,0,0,0,10.0,5.0,5.0,20.0,0,205,4.566998481750488,0.08443555353073086,,arrive_dest
493,fresh,0,fresh,,,0,0.0,0,0,0,0,0,10.0,5.0,5.0,20.0,0,777,21.129417419433594,0.11395944263774091,,out_of_road
494,fresh,0,fresh,,,0,0.0,0,0,0,0,0,10.0,5.0,5.0,20.0,0,254,5.6183037757873535,0.03150236672963801,,out_of_road
495,fresh,0,fresh,,,0,0.0,0,0,0,0,0,10.0,5.0,5.0,20.0,0,156,1.626657247543335,0.014687846952046339,,out_of_road
496,fresh,0,fresh,,,0,0.0,0,0,0,0,0,10.0,5.0,5.0,20.0,0,365,9.251487731933594,0.07418498346033468,,out_of_road
497,fresh,0,fresh,,,0,0.0,0,0,0,0,0,10.0,5.0,5.0,20.0,0,553,13.247185707092285,0.11726912768695766,,out_of_road
498,fresh,0,fresh,,,0,0.0,0,0,0,0,0,10.0,5.0,5.0,20.0,0,165,2.2095327377319336,0.033390894306428505,,out_of_road
499,fresh,0,fresh,,,0,0.0,0,0,0,0,0,10.0,5.0,5.0,20.0,0,448,11.219710350036621,0.08083687115556261,,arrive_dest
500,fresh,0,fresh,,,0,0.0,0,0,0,0,0,10.0,5.0,5.0,20.0,0,424,10.506332397460938,0.08869354028687461,,out_of_road
501,fresh,0,fresh,,,0,0.0,0,0,0,0,0,10.0,5.0,5.0,20.0,0,378,9.755446434020996,0.08765051829032403,,out_of_road
502,fresh,0,fresh,,,0,0.0,0,0,0,0,0,10.0,5.0,5.0,20.0,0,1000,0.009876017458736897,0.0005179047584533691,,max_step
503,fresh,0,fresh,,,0,0.0,0,0,0,0,0,10.0,5.0,5.0,20.0,0,393,9.705338478088379,0.07619998388883419,,out_of_road
504,fresh,0,fresh,,,0,0.0,0,0,0,0,0,10.0,5.0,5.0,20.0,0,302,9.751344680786133,0.09961672476184437,,out_of_road
505,fresh,0,fresh,,,0,0.0,0,0,0,0,0,10.0,5.0,5.0,20.0,0,373,10.094244956970215,0.0934861464146275,,out_of_road
506,fresh,0,fresh,,,0,0.0,0,0,0,0,0,10.0,5.0,5.0,20.0,0,355,8.855499267578125,0.09422695973074773,,arrive_dest
507,fresh,0,fresh,,,0,0.0,0,0,0,0,0,10.0,5.0,5.0,20.0,0,129,1.5227278470993042,0.0638292270979678,,out_of_road
508,fresh,0,fresh,,,0,0.0,0,0,0,0,0,10.0,5.0,5.0,20.0,0,169,1.5411064624786377,0.003002746934456938,,out_of_road
509,fresh,0,fresh,,,0,0.0,0,0,0,0,0,10.0,5.0,5.0,20.0,0,278,0.30177462100982666,0.022022232560695503,,out_of_road
510,fresh,0,fresh,,,0,0.0,0,0,0,0,0,10.0,5.0,5.0,20.0,0,133,2.810253858566284,0.01839055024486567,,arrive_dest
511,fresh,0,fresh,,,0,0.0,0,0,0,0,0,10.0,5.0,5.0,20.0,0,586,18.038497924804688,0.16222089074183343,,out_of_road
512,fresh,0,fresh,,,0,0.0,0,0,0,0,0,10.0,5.0,5.0,20.0,0,332,9.729853630065918,0.14242036757900953,,out_of_road
513,fresh,0,fresh,,,0,0.0,0,0,0,0,0,10.0,5.0,5.0,20.0,0,2,0.32549914717674255,0.0,,arrive_dest
514,fresh,0,fresh,,,0,0.0,0,0,0,0,0,10.0,5.0,5.0,20.0,0,54,0.5613152980804443,0.01138241257932451,,arrive_dest
515,fresh,0,fresh,,,0,0.0,0,0,0,0,0,10.0,5.0,5.0,20.0,0,862,17.604034423828125,0.07316314283079897,,out_of_road
516,fresh,0,fresh,,,0,0.0,0,0,0,0,0,10.0,5.0,5.0,20.0,0,159,0.6555026769638062,0.03385757453997368,,arrive_dest
517,fresh,0,fresh,,,0,0.0,0,0,0,0,0,10.0,5.0,5.0,20.0,0,1000,25.596233367919922,0.10117263792990706,,max_step
518,fresh,0,fresh,,,0,0.0,0,0,0,0,0,10.0,5.0,5.0,20.0,0,362,10.31834602355957,0.09240190860769038,,arrive_dest
519,fresh,0,fresh,,,0,0.0,0,0,0,0,0,10.0,5.0,5.0,20.0,0,154,2.360215663909912,0.01600089277346413,,out_of_road
520,fresh,0,fresh,,,0,0.0,0,0,0,0,0,10.0,5.0,5.0,20.0,0,525,13.402688980102539,0.06846117427616957,,arrive_dest
521,fresh,0,fresh,,,0,0.0,0,0,0,0,0,10.0,5.0,5.0,20.0,0,485,9.125472068786621,0.057758604634322766,,arrive_dest
522,fresh,0,fresh,,,0,0.0,0,0,0,0,0,10.0,5.0,5.0,20.0,0,252,7.621890068054199,0.10539462692048844,,out_of_road
523,fresh,0,fresh,,,0,0.0,0,0,0,0,0,10.0,5.0,5.0,20.0,0,278,6.332596778869629,0.06354058269920537,,arrive_dest
524,fresh,0,fresh,,,0,0.0,0,0,0,0,0,10.0,5.0,5.0,20.0,0,717,18.296449661254883,0.08467349707435705,,arrive_dest
525,fresh,0,fresh,,,0,0.0,0,0,0,0,0,10.0,5.0,5.0,20.0,0,1000,0.015053675509989262,0.0,,max_step
526,fresh,0,fresh,,,0,0.0,0,0,0,0,0,10.0,5.0,5.0,20.0,0,339,9.087333679199219,0.08005876053992801,,out_of_road
527,fresh,0,fresh,,,0,0.0,0,0,0,0,0,10.0,5.0,5.0,20.0,0,504,14.449583053588867,0.14824910212256429,,out_of_road
528,fresh,0,fresh,,,0,0.0,0,0,0,0,0,10.0,5.0,5.0,20.0,0,844,24.453208923339844,0.13459767442653442,,out_of_road
529,fresh,0,fresh,,,0,0.0,0,0,0,0,0,10.0,5.0,5.0,20.0,0,730,22.599815368652344,0.14162547175121837,,out_of_road
530,fresh,0,fresh,,,0,0.0,0,0,0,0,0,10.0,5.0,5.0,20.0,0,61,0.17074979841709137,0.005482359132805809,,out_of_road
531,fresh,0,fresh,,,0,0.0,0,0,0,0,0,10.0,5.0,5.0,20.0,0,539,16.260347366333008,0.11206759057562377,,arrive_dest
532,fresh,0,fresh,,,0,0.0,0,0,0,0,0,10.0,5.0,5.0,20.0,0,136,2.377614736557007,0.008083500351537676,,out_of_road
533,fresh,0,fresh,,,0,0.0,0,0,0,0,0,10.0,5.0,5.0,20.0,0,242,7.178566932678223,0.06127315945538484,,out_of_road
534,fresh,0,fresh,,,0,0.0,0,0,0,0,0,10.0,5.0,5.0,20.0,0,271,7.308910846710205,0.06348373794694503,,out_of_road
535,fresh,0,fresh,,,0,0.0,0,0,0,0,0,10.0,5.0,5.0,20.0,0,371,11.713322639465332,0.1303213595028595,,out_of_road
536,fresh,0,fresh,,,0,0.0,0,0,0,0,0,10.0,5.0,5.0,20.0,0,188,4.933732509613037,0.047123497631276975,,out_of_road
537,fresh,0,fresh,,,0,0.0,0,0,0,0,0,10.0,5.0,5.0,20.0,0,710,19.767154693603516,0.0909709460482421,,out_of_road
538,fresh,0,fresh,,,0,0.0,0,0,0,0,0,10.0,5.0,5.0,20.0,0,73,0.22467033565044403,0.00593608658607692,,out_of_road
539,fresh,0,fresh,,,0,0.0,0,0,0,0,0,10.0,5.0,5.0,20.0,0,1000,0.011618485674262047,0.0,,max_step
540,fresh,0,fresh,,,0,0.0,0,0,0,0,0,10.0,5.0,5.0,20.0,0,430,11.656709671020508,0.08111693199702301,,out_of_road
541,fresh,0,fresh,,,0,0.0,0,0,0,0,0,10.0,5.0,5.0,20.0,0,1000,0.00428964477032423,9.055241942405701e-06,,max_step
542,fresh,0,fresh,,,0,0.0,0,0,0,0,0,10.0,5.0,5.0,20.0,0,142,3.2545547485351562,0.022182843228146225,,out_of_road
543,fresh,0,fresh,,,0,0.0,0,0,0,0,0,10.0,5.0,5.0,20.0,0,228,3.4943137168884277,0.019917633821534223,,out_of_road
544,fresh,0,fresh,,,0,0.0,0,0,0,0,0,10.0,5.0,5.0,20.0,0,409,7.057831764221191,0.03152906235585258,,out_of_road
545,fresh,0,fresh,,,0,0.0,0,0,0,0,0,10.0,5.0,5.0,20.0,0,334,8.365817070007324,0.048607621768567554,,out_of_road
546,fresh,0,fresh,,,0,0.0,0,0,0,0,0,10.0,5.0,5.0,20.0,0,363,9.63770866394043,0.08057628578272938,,out_of_road
547,fresh,0,fresh,,,0,0.0,0,0,0,0,0,10.0,5.0,5.0,20.0,0,391,10.244782447814941,0.03832944479468457,,out_of_road
548,fresh,0,fresh,,,0,0.0,0,0,0,0,0,10.0,5.0,5.0,20.0,0,493,12.479681015014648,0.04429381895285198,,arrive_dest
549,fresh,0,fresh,,,0,0.0,0,0,0,0,0,10.0,5.0,5.0,20.0,0,344,2.034780263900757,0.0105832114620784,,out_of_road
550,fresh,0,fresh,,,0,0.0,0,0,0,0,0,10.0,5.0,5.0,20.0,0,383,9.405776023864746,0.04393904290937724,,out_of_road
551,fresh,0,fresh,,,0,0.0,0,0,0,0,0,10.0,5.0,5.0,20.0,0,35,-0.22313256561756134,0.024263010706220355,,out_of_road
552,fresh,0,fresh,,,0,0.0,0,0,0,0,0,10.0,5.0,5.0,20.0,0,117,2.346942901611328,0.010928949293417808,,out_of_road
553,fresh,0,fresh,,,0,0.0,0,0,0,0,0,10.0,5.0,5.0,20.0,0,90,1.7623590230941772,0.014852956268522474,,arrive_dest
554,fresh,0,fresh,,,0,0.0,0,0,0,0,0,10.0,5.0,5.0,20.0,0,338,6.246636390686035,0.02043605792562108,,out_of_road
555,fresh,0,fresh,,,0,0.0,0,0,0,0,0,10.0,5.0,5.0,20.0,0,150,2.4910922050476074,0.03215856401870648,,out_of_road
556,fresh,0,fresh,,,0,0.0,0,0,0,0,0,10.0,5.0,5.0,20.0,0,216,0.19634297490119934,0.018739666975172306,,out_of_road
557,fresh,0,fresh,,,0,0.0,0,0,0,0,0,10.0,5.0,5.0,20.0,0,136,2.6660025119781494,0.022909945815199,,out_of_road
558,fresh,0,fresh,,,0,0.0,0,0,0,0,0,10.0,5.0,5.0,20.0,0,322,3.9646782875061035,0.02641398450851394,,out_of_road
559,fresh,0,fresh,,,0,0.0,0,0,0,0,0,10.0,5.0,5.0,20.0,0,171,4.508810997009277,0.06577815368978514,,arrive_dest
560,fresh,0,fresh,,,0,0.0,0,0,0,0,0,10.0,5.0,5.0,20.0,0,166,3.9818477630615234,0.0444083440549537,,out_of_road
561,fresh,0,fresh,,,0,0.0,0,0,0,0,0,10.0,5.0,5.0,20.0,0,651,15.412489891052246,0.069383304969575,,arrive_dest
562,fresh,0,fresh,,,0,0.0,0,0,0,0,0,10.0,5.0,5.0,20.0,0,623,2.065424919128418,0.005679692210477103,,out_of_road
563,fresh,0,fresh,,,0,0.0,0,0,0,0,0,10.0,5.0,5.0,20.0,0,312,9.384522438049316,0.1447275100926606,,out_of_road
564,fresh,0,fresh,,,0,0.0,0,0,0,0,0,10.0,5.0,5.0,20.0,0,814,22.68093490600586,0.10241745893857201,,arrive_dest
565,fresh,0,fresh,,,0,0.0,0,0,0,0,0,10.0,5.0,5.0,20.0,0,252,7.168701171875,0.04018655936381528,,out_of_road
566,fresh,0,fresh,,,0,0.0,0,0,0,0,0,10.0,5.0,5.0,20.0,0,177,4.5782880783081055,0.014320305247375436,,out_of_road
567,fresh,0,fresh,,,0,0.0,0,0,0,0,0,10.0,5.0,5.0,20.0,0,782,-0.09795106947422028,0.0018359029003421365,,out_of_road
568,fresh,0,fresh,,,0,0.0,0,0,0,0,0,10.0,5.0,5.0,20.0,0,312,9.00560188293457,0.11650575771972609,,arrive_dest
569,fresh,0,fresh,,,0,0.0,0,0,0,0,0,10.0,5.0,5.0,20.0,0,87,0.15387579798698425,0.021251643140768182,,out_of_road
570,fresh,0,fresh,,,0,0.0,0,0,0,0,0,10.0,5.0,5.0,20.0,0,272,7.519187927246094,0.07982480968006284,,out_of_road
571,fresh,0,fresh,,,0,0.0,0,0,0,0,0,10.0,5.0,5.0,20.0,0,526,15.147215843200684,0.09099206291918178,,out_of_road
572,fresh,0,fresh,,,0,0.0,0,0,0,0,0,10.0,5.0,5.0,20.0,0,393,10.596301078796387,0.09738661302135115,,out_of_road
573,fresh,0,fresh,,,0,0.0,0,0,0,0,0,10.0,5.0,5.0,20.0,0,253,6.9681782722473145,0.02789167554592603,,out_of_road
574,fresh,0,fresh,,,0,0.0,0,0,0,0,0,10.0,5.0,5.0,20.0,0,425,9.505892753601074,0.06057966622263741,,out_of_road
575,fresh,0,fresh,,,0,0.0,0,0,0,0,0,10.0,5.0,5.0,20.0,0,380,10.912394523620605,0.10687088486003249,,arrive_dest
576,fresh,0,fresh,,,0,0.0,0,0,0,0,0,10.0,5.0,5.0,20.0,0,204,2.3623290061950684,0.005234122454353115,,arrive_dest
577,fresh,0,fresh,,,0,0.0,0,0,0,0,0,10.0,5.0,5.0,20.0,0,151,2.8135986328125,0.026898283425052433,,out_of_road
578,fresh,0,fresh,,,0,0.0,0,0,0,0,0,10.0,5.0,5.0,20.0,0,426,10.960086822509766,0.10070914889690182,,out_of_road
579,fresh,0,fresh,,,0,0.0,0,0,0,0,0,10.0,5.0,5.0,20.0,0,370,9.371443748474121,0.07193172584803825,,out_of_road
580,fresh,0,fresh,,,0,0.0,0,0,0,0,0,10.0,5.0,5.0,20.0,0,466,7.730025768280029,0.032803550874214826,,arrive_dest
581,fresh,0,fresh,,,0,0.0,0,0,0,0,0,10.0,5.0,5.0,20.0,0,696,18.571460723876953,0.11319013861350544,,arrive_dest
582,fresh,0,fresh,,,0,0.0,0,0,0,0,0,10.0,5.0,5.0,20.0,0,45,0.6074448823928833,0.06906073225869072,,arrive_dest
583,fresh,0,fresh,,,0,0.0,0,0,0,0,0,10.0,5.0,5.0,20.0,0,321,4.28972053527832,0.04406488917744791,,out_of_road
584,fresh,0,fresh,,,0,0.0,0,0,0,0,0,10.0,5.0,5.0,20.0,0,216,5.166508197784424,0.037075427414728676,,out_of_road
585,fresh,0,fresh,,,0,0.0,0,0,0,0,0,10.0,5.0,5.0,20.0,0,1000,19.60447883605957,0.05856914059794508,,max_step
586,fresh,0,fresh,,,0,0.0,0,0,0,0,0,10.0,5.0,5.0,20.0,0,678,18.28571891784668,0.07951457303492654,,out_of_road
587,fresh,0,fresh,,,0,0.0,0,0,0,0,0,10.0,5.0,5.0,20.0,0,467,12.802447319030762,0.10889314188037619,,out_of_road
588,fresh,0,fresh,,,0,0.0,0,0,0,0,0,10.0,5.0,5.0,20.0,0,312,6.3170952796936035,0.029746366446115412,,arrive_dest
589,fresh,0,fresh,,,0,0.0,0,0,0,0,0,10.0,5.0,5.0,20.0,0,110,1.2953988313674927,0.01511699277060953,,out_of_road
590,fresh,0,fresh,,,0,0.0,0,0,0,0,0,10.0,5.0,5.0,20.0,0,636,15.383045196533203,0.06914815739248938,,arrive_dest
591,fresh,0,fresh,,,0,0.0,0,0,0,0,0,10.0,5.0,5.0,20.0,0,490,10.894756317138672,0.050828476944862276,,out_of_road
592,fresh,0,fresh,,,0,0.0,0,0,0,0,0,10.0,5.0,5.0,20.0,0,225,3.7010138034820557,0.01862015779233641,,out_of_road
593,fresh,0,fresh,,,0,0.0,0,0,0,0,0,10.0,5.0,5.0,20.0,0,2,0.31316623091697693,0.255882203578949,,arrive_dest
594,fresh,0,fresh,,,0,0.0,0,0,0,0,0,10.0,5.0,5.0,20.0,0,465,5.269209384918213,0.008951765982313982,,out_of_road
595,fresh,0,fresh,,,0,0.0,0,0,0,0,0,10.0,5.0,5.0,20.0,0,129,2.0252394676208496,0.020621078449857326,,out_of_road
596,fresh,0,fresh,,,0,0.0,0,0,0,0,0,10.0,5.0,5.0,20.0,0,234,6.412573337554932,0.06301953782462794,,out_of_road
597,fresh,0,fresh,,,0,0.0,0,0,0,0,0,10.0,5.0,5.0,20.0,0,88,1.2355077266693115,0.01100960541093214,,out_of_road
598,fresh,0,fresh,,,0,0.0,0,0,0,0,0,10.0,5.0,5.0,20.0,0,636,18.013280868530273,0.09138000467513928,,arrive_dest
599,fresh,0,fresh,,,0,0.0,0,0,0,0,0,10.0,5.0,5.0,20.0,0,312,7.010287284851074,0.07365391894321267,,out_of_road
600,fresh,0,fresh,,,0,0.0,0,0,0,0,0,10.0,5.0,5.0,20.0,0,141,0.1885780245065689,0.015620551844860645,,out_of_road
601,fresh,0,fresh,,,0,0.0,0,0,0,0,0,10.0,5.0,5.0,20.0,0,476,11.450358390808105,0.06178920987911303,,arrive_dest
602,fresh,0,fresh,,,0,0.0,0,0,0,0,0,10.0,5.0,5.0,20.0,0,78,0.26038503646850586,0.011480179543678578,,out_of_road
603,fresh,0,fresh,,,0,0.0,0,0,0,0,0,10.0,5.0,5.0,20.0,0,453,0.2132672220468521,0.026672431594686002,,out_of_road
604,fresh,0,fresh,,,0,0.0,0,0,0,0,0,10.0,5.0,5.0,20.0,0,120,1.3809187412261963,0.018460997845977545,,out_of_road
605,fresh,0,fresh,,,0,0.0,0,0,0,0,0,10.0,5.0,5.0,20.0,0,612,12.224127769470215,0.09164450306284053,,out_of_road
606,fresh,0,fresh,,,0,0.0,0,0,0,0,0,10.0,5.0,5.0,20.0,0,49,0.5263839960098267,0.06034244916268757,,arrive_dest
607,fresh,0,fresh,,,0,0.0,0,0,0,0,0,10.0,5.0,5.0,20.0,0,600,12.063133239746094,0.07136340455540145,,out_of_road
608,fresh,0,fresh,,,0,0.0,0,0,0,0,0,10.0,5.0,5.0,20.0,0,789,21.24512481689453,0.12186239032117303,,arrive_dest
609,fresh,0,fresh,,,0,0.0,0,0,0,0,0,10.0,5.0,5.0,20.0,0,600,5.633955478668213,0.036682360988343134,,out_of_road
610,fresh,0,fresh,,,0,0.0,0,0,0,0,0,10.0,5.0,5.0,20.0,0,416,11.38585090637207,0.07805402020536488,,out_of_road
611,fresh,0,fresh,,,0,0.0,0,0,0,0,0,10.0,5.0,5.0,20.0,0,983,24.510387420654297,0.0678802095637832,,arrive_dest
612,fresh,0,fresh,,,0,0.0,0,0,0,0,0,10.0,5.0,5.0,20.0,0,1000,0.018950410187244415,0.0,,max_step
613,fresh,0,fresh,,,0,0.0,0,0,0,0,0,10.0,5.0,5.0,20.0,0,813,19.68518829345703,0.05673879517132341,,out_of_road
614,fresh,0,fresh,,,0,0.0,0,0,0,0,0,10.0,5.0,5.0,20.0,0,1000,13.706775665283203,0.03885144332284108,,max_step
615,fresh,0,fresh,,,0,0.0,0,0,0,0,0,10.0,5.0,5.0,20.0,0,115,2.180600881576538,0.020115484985644402,,out_of_road
616,fresh,0,fresh,,,0,0.0,0,0,0,0,0,10.0,5.0,5.0,20.0,0,396,9.995864868164062,0.07241552855320876,,arrive_dest
617,fresh,0,fresh,,,0,0.0,0,0,0,0,0,10.0,5.0,5.0,20.0,0,578,15.387582778930664,0.0955347620832144,,out_of_road
618,fresh,0,fresh,,,0,0.0,0,0,0,0,0,10.0,5.0,5.0,20.0,0,798,21.697481155395508,0.13117445006856887,,out_of_road
619,fresh,0,fresh,,,0,0.0,0,0,0,0,0,10.0,5.0,5.0,20.0,0,1000,0.015306482091546059,5.331258475780487e-05,,max_step
620,fresh,0,fresh,,,0,0.0,0,0,0,0,0,10.0,5.0,5.0,20.0,0,204,1.4293180704116821,0.026401997516479564,,out_of_road
621,fresh,0,fresh,,,0,0.0,0,0,0,0,0,10.0,5.0,5.0,20.0,0,199,4.638148307800293,0.03315079998328519,,out_of_road
622,fresh,0,fresh,,,0,0.0,0,0,0,0,0,10.0,5.0,5.0,20.0,0,349,6.335174083709717,0.031144326724202764,,out_of_road
623,fresh,0,fresh,,,0,0.0,0,0,0,0,0,10.0,5.0,5.0,20.0,0,370,9.650882720947266,0.06562575957914059,,arrive_dest
624,fresh,0,fresh,,,0,0.0,0,0,0,0,0,10.0,5.0,5.0,20.0,0,125,2.245121479034424,0.01599455130286515,,out_of_road
625,fresh,0,fresh,,,0,0.0,0,0,0,0,0,10.0,5.0,5.0,20.0,0,133,2.5254228115081787,0.03741009047436983,,out_of_road
626,fresh,0,fresh,,,0,0.0,0,0,0,0,0,10.0,5.0,5.0,20.0,0,492,10.1849946975708,0.06225445184088123,,arrive_dest
627,fresh,0,fresh,,,0,0.0,0,0,0,0,0,10.0,5.0,5.0,20.0,0,127,1.5805847644805908,0.02819599582278353,,out_of_road
628,fresh,0,fresh,,,0,0.0,0,0,0,0,0,10.0,5.0,5.0,20.0,0,266,6.599156856536865,0.051273427838879754,,out_of_road
629,fresh,0,fresh,,,0,0.0,0,0,0,0,0,10.0,5.0,5.0,20.0,0,257,6.657879829406738,0.04842556777123927,,out_of_road
630,fresh,0,fresh,,,0,0.0,0,0,0,0,0,10.0,5.0,5.0,20.0,0,457,11.769843101501465,0.0721165800779952,,arrive_dest
631,fresh,0,fresh,,,0,0.0,0,0,0,0,0,10.0,5.0,5.0,20.0,0,115,2.15907621383667,0.011074913552273875,,out_of_road
632,fresh,0,fresh,,,0,0.0,0,0,0,0,0,10.0,5.0,5.0,20.0,0,140,1.4562381505966187,0.040804110307778634,,out_of_road
633,fresh,0,fresh,,,0,0.0,0,0,0,0,0,10.0,5.0,5.0,20.0,0,211,3.4064321517944336,0.04007222358649376,,out_of_road
634,fresh,0,fresh,,,0,0.0,0,0,0,0,0,10.0,5.0,5.0,20.0,0,250,6.334117412567139,0.04388805646449327,,out_of_road
635,fresh,0,fresh,,,0,0.0,0,0,0,0,0,10.0,5.0,5.0,20.0,0,464,12.775308609008789,0.09742634243468337,,out_of_road
636,fresh,0,fresh,,,0,0.0,0,0,0,0,0,10.0,5.0,5.0,20.0,0,395,9.333757400512695,0.08425659615829398,,out_of_road
637,fresh,0,fresh,,,0,0.0,0,0,0,0,0,10.0,5.0,5.0,20.0,0,452,10.21536636352539,0.09091688765097508,,out_of_road
638,fresh,0,fresh,,,0,0.0,0,0,0,0,0,10.0,5.0,5.0,20.0,0,493,10.741338729858398,0.10975548864718201,,out_of_road
639,fresh,0,fresh,,,0,0.0,0,0,0,0,0,10.0,5.0,5.0,20.0,0,151,3.3477227687835693,0.051534115050037375,,arrive_dest
640,fresh,0,fresh,,,0,0.0,0,0,0,0,0,10.0,5.0,5.0,20.0,0,174,3.862407684326172,0.04492645953706969,,out_of_road
641,fresh,0,fresh,,,0,0.0,0,0,0,0,0,10.0,5.0,5.0,20.0,0,409,9.955061912536621,0.05779960617413949,,arrive_dest
642,fresh,0,fresh,,,0,0.0,0,0,0,0,0,10.0,5.0,5.0,20.0,0,125,1.3461717367172241,0.02379205103777349,,out_of_road
643,fresh,0,fresh,,,0,0.0,0,0,0,0,0,10.0,5.0,5.0,20.0,0,968,23.442359924316406,0.08320113024693598,,arrive_dest
644,fresh,0,fresh,,,0,0.0,0,0,0,0,0,10.0,5.0,5.0,20.0,0,863,19.9604549407959,0.05829272058879825,,out_of_road
645,fresh,0,fresh,,,0,0.0,0,0,0,0,0,10.0,5.0,5.0,20.0,0,308,5.805678367614746,0.04560525333750751,,out_of_road
646,fresh,0,fresh,,,0,0.0,0,0,0,0,0,10.0,5.0,5.0,20.0,0,130,1.799159049987793,0.018851271823335153,,out_of_road
647,fresh,0,fresh,,,0,0.0,0,0,0,0,0,10.0,5.0,5.0,20.0,0,266,6.524457931518555,0.036994803423776215,,out_of_road
648,fresh,0,fresh,,,0,0.0,0,0,0,0,0,10.0,5.0,5.0,20.0,0,502,5.2579240798950195,0.03669232214370601,,out_of_road
649,fresh,0,fresh,,,0,0.0,0,0,0,0,0,10.0,5.0,5.0,20.0,0,26,-0.13286615908145905,0.016393236242807828,,out_of_road
650,fresh,0,fresh,,,0,0.0,0,0,0,0,0,10.0,5.0,5.0,20.0,0,448,9.013248443603516,0.047200776789395604,,arrive_dest
651,fresh,0,fresh,,,0,0.0,0,0,0,0,0,10.0,5.0,5.0,20.0,0,221,4.994036674499512,0.06203370779011044,,out_of_road
652,fresh,0,fresh,,,0,0.0,0,0,0,0,0,10.0,5.0,5.0,20.0,0,33,-0.16886430978775024,0.0,,out_of_road
653,fresh,0,fresh,,,0,0.0,0,0,0,0,0,10.0,5.0,5.0,20.0,0,80,0.19629932940006256,0.019289697427302598,,out_of_road
654,fresh,0,fresh,,,0,0.0,0,0,0,0,0,10.0,5.0,5.0,20.0,0,88,1.9527885913848877,0.024301100014285607,,arrive_dest
655,fresh,0,fresh,,,0,0.0,0,0,0,0,0,10.0,5.0,5.0,20.0,0,492,11.762036323547363,0.07850012585153515,,out_of_road
656,fresh,0,fresh,,,0,0.0,0,0,0,0,0,10.0,5.0,5.0,20.0,0,637,16.042865753173828,0.14430302485905505,,out_of_road
657,fresh,0,fresh,,,0,0.0,0,0,0,0,0,10.0,5.0,5.0,20.0,0,89,0.20009441673755646,0.02263809126812253,,out_of_road
658,fresh,0,fresh,,,0,0.0,0,0,0,0,0,10.0,5.0,5.0,20.0,0,138,2.360599994659424,0.117002600999684,,out_of_road
659,fresh,0,fresh,,,0,0.0,0,0,0,0,0,10.0,5.0,5.0,20.0,0,415,10.246034622192383,0.08854518465204052,,arrive_dest
660,fresh,0,fresh,,,0,0.0,0,0,0,0,0,10.0,5.0,5.0,20.0,0,701,18.151086807250977,0.09841017445121572,,arrive_dest
661,fresh,0,fresh,,,0,0.0,0,0,0,0,0,10.0,5.0,5.0,20.0,0,320,8.44304084777832,0.06164321416435996,,arrive_dest
662,fresh,0,fresh,,,0,0.0,0,0,0,0,0,10.0,5.0,5.0,20.0,0,590,0.2748723030090332,0.0056851594710833064,,out_of_road
663,fresh,0,fresh,,,0,0.0,0,0,0,0,0,10.0,5.0,5.0,20.0,0,164,3.670076370239258,0.035436559124585675,,out_of_road
664,fresh,0,fresh,,,0,0.0,0,0,0,0,0,10.0,5.0,5.0,20.0,0,250,6.596905708312988,0.06858204343542457,,out_of_road
665,fresh,0,fresh,,,0,0.0,0,0,0,0,0,10.0,5.0,5.0,20.0,0,220,2.5560052394866943,0.02705940867308527,,arrive_dest
666,fresh,0,fresh,,,0,0.0,0,0,0,0,0,10.0,5.0,5.0,20.0,0,151,1.5014541149139404,0.010805072011549444,,out_of_road
667,fresh,0,fresh,,,0,0.0,0,0,0,0,0,10.0,5.0,5.0,20.0,0,296,3.5949971675872803,0.03146624407688521,,out_of_road
668,fresh,0,fresh,,,0,0.0,0,0,0,0,0,10.0,5.0,5.0,20.0,0,646,17.985027313232422,0.06989061458817691,,arrive_dest
669,fresh,0,fresh,,,0,0.0,0,0,0,0,0,10.0,5.0,5.0,20.0,0,1000,-0.029690291732549667,0.005777350258082152,,max_step
670,fresh,0,fresh,,,0,0.0,0,0,0,0,0,10.0,5.0,5.0,20.0,0,337,7.989330768585205,0.0651415001368841,,out_of_road
671,fresh,0,fresh,,,0,0.0,0,0,0,0,0,10.0,5.0,5.0,20.0,0,388,3.5169498920440674,0.02767250302953396,,out_of_road
672,fresh,0,fresh,,,0,0.0,0,0,0,0,0,10.0,5.0,5.0,20.0,0,630,16.341022491455078,0.07142242316807074,,arrive_dest
673,fresh,0,fresh,,,0,0.0,0,0,0,0,0,10.0,5.0,5.0,20.0,0,736,18.891725540161133,0.11238196173223475,,out_of_road
674,fresh,0,fresh,,,0,0.0,0,0,0,0,0,10.0,5.0,5.0,20.0,0,249,6.511913776397705,0.0873538677778888,,out_of_road
675,fresh,0,fresh,,,0,0.0,0,0,0,0,0,10.0,5.0,5.0,20.0,0,74,0.2635264992713928,0.020832706009969115,,out_of_road
676,fresh,0,fresh,,,0,0.0,0,0,0,0,0,10.0,5.0,5.0,20.0,0,681,15.695068359375,0.08338720015357501,,arrive_dest
677,fresh,0,fresh,,,0,0.0,0,0,0,0,0,10.0,5.0,5.0,20.0,0,304,8.420148849487305,0.11070742839518444,,out_of_road
678,fresh,0,fresh,,,0,0.0,0,0,0,0,0,10.0,5.0,5.0,20.0,0,334,7.406898498535156,0.07237270338081582,,out_of_road
679,fresh,0,fresh,,,0,0.0,0,0,0,0,0,10.0,5.0,5.0,20.0,0,914,23.507936477661133,0.09762087767292629,,arrive_dest
680,fresh,0,fresh,,,0,0.0,0,0,0,0,0,10.0,5.0,5.0,20.0,0,102,-0.14709100127220154,0.0016578087747535285,,out_of_road
681,fresh,0,fresh,,,0,0.0,0,0,0,0,0,10.0,5.0,5.0,20.0,0,1000,26.054346084594727,0.0939421058994485,,max_step
682,fresh,0,fresh,,,0,0.0,0,0,0,0,0,10.0,5.0,5.0,20.0,0,205,3.70125675201416,0.003352303757536702,,out_of_road
683,fresh,0,fresh,,,0,0.0,0,0,0,0,0,10.0,5.0,5.0,20.0,0,534,10.416934967041016,0.05503333283785368,,out_of_road
684,fresh,0,fresh,,,0,0.0,0,0,0,0,0,10.0,5.0,5.0,20.0,0,2,0.30609554052352905,0.0,,arrive_dest
685,fresh,0,fresh,,,0,0.0,0,0,0,0,0,10.0,5.0,5.0,20.0,0,398,9.881940841674805,0.05366265265523788,,out_of_road
686,fresh,0,fresh,,,0,0.0,0,0,0,0,0,10.0,5.0,5.0,20.0,0,390,8.474113464355469,0.04004318191884802,,arrive_dest
687,fresh,0,fresh,,,0,0.0,0,0,0,0,0,10.0,5.0,5.0,20.0,0,811,18.480037689208984,0.057203144093449475,,arrive_dest
688,fresh,0,fresh,,,0,0.0,0,0,0,0,0,10.0,5.0,5.0,20.0,0,372,8.034576416015625,0.042711994237697094,,out_of_road
689,fresh,0,fresh,,,0,0.0,0,0,0,0,0,10.0,5.0,5.0,20.0,0,291,4.942198276519775,0.10362544998404957,,out_of_road
690,fresh,0,fresh,,,0,0.0,0,0,0,0,0,10.0,5.0,5.0,20.0,0,578,13.230513572692871,0.05092735436606417,,arrive_dest
691,fresh,0,fresh,,,0,0.0,0,0,0,0,0,10.0,5.0,5.0,20.0,0,289,5.305384159088135,0.01772198125487999,,out_of_road
692,fresh,0,fresh,,,0,0.0,0,0,0,0,0,10.0,5.0,5.0,20.0,0,392,7.321834087371826,0.036829622756399935,,out_of_road
693,fresh,0,fresh,,,0,0.0,0,0,0,0,0,10.0,5.0,5.0,20.0,0,391,9.907161712646484,0.06266768675540453,,out_of_road
694,fresh,0,fresh,,,0,0.0,0,0,0,0,0,10.0,5.0,5.0,20.0,0,402,10.519814491271973,0.1212238586688442,,out_of_road
695,fresh,0,fresh,,,0,0.0,0,0,0,0,0,10.0,5.0,5.0,20.0,0,169,2.704059362411499,0.07034117382118953,,out_of_road
696,fresh,0,fresh,,,0,0.0,0,0,0,0,0,10.0,5.0,5.0,20.0,0,411,10.746788024902344,0.08383973771162385,,out_of_road
697,fresh,0,fresh,,,0,0.0,0,0,0,0,0,10.0,5.0,5.0,20.0,0,172,1.9442471265792847,0.025212571972461288,,out_of_road
698,fresh,0,fresh,,,0,0.0,0,0,0,0,0,10.0,5.0,5.0,20.0,0,971,24.710758209228516,0.10272695128393507,,arrive_dest
699,fresh,0,fresh,,,0,0.0,0,0,0,0,0,10.0,5.0,5.0,20.0,0,126,1.557152271270752,0.00935239599101127,,out_of_road
700,fresh,0,fresh,,,0,0.0,0,0,0,0,0,10.0,5.0,5.0,20.0,0,556,13.556117057800293,0.09492745557163419,,out_of_road
701,fresh,0,fresh,,,0,0.0,0,0,0,0,0,10.0,5.0,5.0,20.0,0,907,21.632421493530273,0.05573870580773821,,out_of_road
702,fresh,0,fresh,,,0,0.0,0,0,0,0,0,10.0,5.0,5.0,20.0,0,494,9.603759765625,0.03320256215030033,,arrive_dest
703,fresh,0,fresh,,,0,0.0,0,0,0,0,0,10.0,5.0,5.0,20.0,0,775,19.393814086914062,0.07109558471869076,,arrive_dest
704,fresh,0,fresh,,,0,0.0,0,0,0,0,0,10.0,5.0,5.0,20.0,0,26,-0.1392965316772461,0.0,,out_of_road
705,fresh,0,fresh,,,0,0.0,0,0,0,0,0,10.0,5.0,5.0,20.0,0,597,11.302002906799316,0.06909977748909718,,out_of_road
706,fresh,0,fresh,,,0,0.0,0,0,0,0,0,10.0,5.0,5.0,20.0,0,684,16.515451431274414,0.06814179665746702,,out_of_road
707,fresh,0,fresh,,,0,0.0,0,0,0,0,0,10.0,5.0,5.0,20.0,0,497,10.201605796813965,0.06974383678392206,,out_of_road
708,fresh,0,fresh,,,0,0.0,0,0,0,0,0,10.0,5.0,5.0,20.0,0,308,8.238961219787598,0.05610422241424404,,out_of_road
709,fresh,0,fresh,,,0,0.0,0,0,0,0,0,10.0,5.0,5.0,20.0,0,164,2.25044584274292,0.013167890879075701,,out_of_road
710,fresh,0,fresh,,,0,0.0,0,0,0,0,0,10.0,5.0,5.0,20.0,0,262,6.331493854522705,0.05325138858405745,,out_of_road
711,fresh,0,fresh,,,0,0.0,0,0,0,0,0,10.0,5.0,5.0,20.0,0,323,3.6971845626831055,0.014441601472154213,,arrive_dest
712,fresh,0,fresh,,,0,0.0,0,0,0,0,0,10.0,5.0,5.0,20.0,0,314,6.850735187530518,0.08028561306100007,,arrive_dest
713,fresh,0,fresh,,,0,0.0,0,0,0,0,0,10.0,5.0,5.0,20.0,0,233,5.339797496795654,0.054197285871936784,,out_of_road
714,fresh,0,fresh,,,0,0.0,0,0,0,0,0,10.0,5.0,5.0,20.0,0,373,8.993697166442871,0.06559592552031153,,out_of_road
715,fresh,0,fresh,,,0,0.0,0,0,0,0,0,10.0,5.0,5.0,20.0,0,97,0.21268853545188904,0.01312731153370102,,out_of_road
716,fresh,0,fresh,,,0,0.0,0,0,0,0,0,10.0,5.0,5.0,20.0,0,128,2.173807382583618,0.013906937645515427,,out_of_road
717,fresh,0,fresh,,,0,0.0,0,0,0,0,0,10.0,5.0,5.0,20.0,0,472,2.596879005432129,0.05708393903046657,,out_of_road
718,fresh,0,fresh,,,0,0.0,0,0,0,0,0,10.0,5.0,5.0,20.0,0,394,7.174469470977783,0.04049793004677607,,out_of_road
719,fresh,0,fresh,,,0,0.0,0,0,0,0,0,10.0,5.0,5.0,20.0,0,321,8.06347942352295,0.08632992194657942,,arrive_dest
720,fresh,0,fresh,,,0,0.0,0,0,0,0,0,10.0,5.0,5.0,20.0,0,458,10.506092071533203,0.09049855124237886,,out_of_road
721,fresh,0,fresh,,,0,0.0,0,0,0,0,0,10.0,5.0,5.0,20.0,0,922,22.10818099975586,0.11702138668233267,,out_of_road
722,fresh,0,fresh,,,0,0.0,0,0,0,0,0,10.0,5.0,5.0,20.0,0,385,0.28739985823631287,0.02073672226835768,,out_of_road
723,fresh,0,fresh,,,0,0.0,0,0,0,0,0,10.0,5.0,5.0,20.0,0,1000,2.192458391189575,0.015087380849756301,,max_step
724,fresh,0,fresh,,,0,0.0,0,0,0,0,0,10.0,5.0,5.0,20.0,0,262,6.34128475189209,0.06574132906287226,,out_of_road
725,fresh,0,fresh,,,0,0.0,0,0,0,0,0,10.0,5.0,5.0,20.0,0,418,10.426361083984375,0.08559751141711659,,arrive_dest
726,fresh,0,fresh,,,0,0.0,0,0,0,0,0,10.0,5.0,5.0,20.0,0,458,10.153290748596191,0.07343931377389545,,arrive_dest
727,fresh,0,fresh,,,0,0.0,0,0,0,0,0,10.0,5.0,5.0,20.0,0,306,5.465010643005371,0.06903155247857368,,out_of_road
728,fresh,0,fresh,,,0,0.0,0,0,0,0,0,10.0,5.0,5.0,20.0,0,255,6.275071144104004,0.08071997179923689,,arrive_dest
729,fresh,0,fresh,,,0,0.0,0,0,0,0,0,10.0,5.0,5.0,20.0,0,210,5.066460609436035,0.027657730711091844,,arrive_dest
730,fresh,0,fresh,,,0,0.0,0,0,0,0,0,10.0,5.0,5.0,20.0,0,65,0.27555811405181885,0.002802686464901154,,out_of_road
731,fresh,0,fresh,,,0,0.0,0,0,0,0,0,10.0,5.0,5.0,20.0,0,1000,18.524324417114258,0.04403146199719049,,max_step
732,fresh,0,fresh,,,0,0.0,0,0,0,0,0,10.0,5.0,5.0,20.0,0,683,16.72442626953125,0.07759034967303581,,arrive_dest
733,fresh,0,fresh,,,0,0.0,0,0,0,0,0,10.0,5.0,5.0,20.0,0,249,6.077162742614746,0.06478788889430269,,out_of_road
734,fresh,0,fresh,,,0,0.0,0,0,0,0,0,10.0,5.0,5.0,20.0,0,663,17.085498809814453,0.08113512424414986,,out_of_road
735,fresh,0,fresh,,,0,0.0,0,0,0,0,0,10.0,5.0,5.0,20.0,0,622,14.562058448791504,0.04852129932129127,,arrive_dest
736,fresh,0,fresh,,,0,0.0,0,0,0,0,0,10.0,5.0,5.0,20.0,0,609,13.593924522399902,0.11717497007171998,,out_of_road
737,fresh,0,fresh,,,0,0.0,0,0,0,0,0,10.0,5.0,5.0,20.0,0,332,8.071440696716309,0.058374347353174566,,out_of_road
738,fresh,0,fresh,,,0,0.0,0,0,0,0,0,10.0,5.0,5.0,20.0,0,375,9.894801139831543,0.12377906887854138,,out_of_road
739,fresh,0,fresh,,,0,0.0,0,0,0,0,0,10.0,5.0,5.0,20.0,0,217,4.315035343170166,0.046268566082390494,,arrive_dest
740,fresh,0,fresh,,,0,0.0,0,0,0,0,0,10.0,5.0,5.0,20.0,0,119,1.5829564332962036,0.007582746211345456,,out_of_road
741,fresh,0,fresh,,,0,0.0,0,0,0,0,0,10.0,5.0,5.0,20.0,0,461,10.716214179992676,0.09220774191756957,,out_of_road
742,fresh,0,fresh,,,0,0.0,0,0,0,0,0,10.0,5.0,5.0,20.0,0,1000,8.29257583618164,0.03173702175170183,,max_step
743,fresh,0,fresh,,,0,0.0,0,0,0,0,0,10.0,5.0,5.0,20.0,0,928,22.754613876342773,0.08278119830356445,,arrive_dest
744,fresh,0,fresh,,,0,0.0,0,0,0,0,0,10.0,5.0,5.0,20.0,0,842,21.732229232788086,0.0891782138043143,,arrive_dest
745,fresh,0,fresh,,,0,0.0,0,0,0,0,0,10.0,5.0,5.0,20.0,0,255,4.647899150848389,0.028275096127946004,,arrive_dest
746,fresh,0,fresh,,,0,0.0,0,0,0,0,0,10.0,5.0,5.0,20.0,0,255,6.642099380493164,0.04088798871026466,,arrive_dest
747,fresh,0,fresh,,,0,0.0,0,0,0,0,0,10.0,5.0,5.0,20.0,0,855,22.35580062866211,0.09135409838163255,,out_of_road
748,fresh,0,fresh,,,0,0.0,0,0,0,0,0,10.0,5.0,5.0,20.0,0,171,2.356102466583252,0.07201018321534826,,out_of_road
749,fresh,0,fresh,,,0,0.0,0,0,0,0,0,10.0,5.0,5.0,20.0,0,386,7.606842994689941,0.04266825318577762,,out_of_road
750,fresh,0,fresh,,,0,0.0,0,0,0,0,0,10.0,5.0,5.0,20.0,0,495,11.52890682220459,0.06400772305205464,,arrive_dest
751,fresh,0,fresh,,,0,0.0,0,0,0,0,0,10.0,5.0,5.0,20.0,0,434,11.042284965515137,0.07352890157621474,,out_of_road
752,fresh,0,fresh,,,0,0.0,0,0,0,0,0,10.0,5.0,5.0,20.0,0,964,22.191505432128906,0.040377287892624736,,arrive_dest
753,fresh,0,fresh,,,0,0.0,0,0,0,0,0,10.0,5.0,5.0,20.0,0,201,3.748800039291382,0.04156242625843456,,out_of_road
754,fresh,0,fresh,,,0,0.0,0,0,0,0,0,10.0,5.0,5.0,20.0,0,261,5.082154273986816,0.038284588316134335,,out_of_road
755,fresh,0,fresh,,,0,0.0,0,0,0,0,0,10.0,5.0,5.0,20.0,0,46,0.010221302509307861,0.0,,out_of_road
756,fresh,0,fresh,,,0,0.0,0,0,0,0,0,10.0,5.0,5.0,20.0,0,150,1.767258882522583,0.009416652750223875,,out_of_road
757,fresh,0,fresh,,,0,0.0,0,0,0,0,0,10.0,5.0,5.0,20.0,0,200,4.793972492218018,0.03534601175866556,,arrive_dest
758,fresh,0,fresh,,,0,0.0,0,0,0,0,0,10.0,5.0,5.0,20.0,0,127,1.9970091581344604,0.014580998567893631,,out_of_road
759,fresh,0,fresh,,,0,0.0,0,0,0,0,0,10.0,5.0,5.0,20.0,0,439,10.424578666687012,0.054658756865048466,,arrive_dest
760,fresh,0,fresh,,,0,0.0,0,0,0,0,0,10.0,5.0,5.0,20.0,0,289,5.556534767150879,0.03874122802084344,,out_of_road
761,fresh,0,fresh,,,0,0.0,0,0,0,0,0,10.0,5.0,5.0,20.0,0,371,8.738348007202148,0.052973600862562815,,out_of_road
762,fresh,0,fresh,,,0,0.0,0,0,0,0,0,10.0,5.0,5.0,20.0,0,343,8.036271095275879,0.04333618062116618,,arrive_dest
763,fresh,0,fresh,,,0,0.0,0,0,0,0,0,10.0,5.0,5.0,20.0,0,507,12.197378158569336,0.07193718168010138,,arrive_dest
764,fresh,0,fresh,,,0,0.0,0,0,0,0,0,10.0,5.0,5.0,20.0,0,1000,21.27413558959961,0.07132877531158738,,max_step
765,fresh,0,fresh,,,0,0.0,0,0,0,0,0,10.0,5.0,5.0,20.0,0,749,16.840980529785156,0.06642621947102403,,out_of_road
766,fresh,0,fresh,,,0,0.0,0,0,0,0,0,10.0,5.0,5.0,20.0,0,140,2.6780221462249756,0.02034556338164423,,arrive_dest
767,fresh,0,fresh,,,0,0.0,0,0,0,0,0,10.0,5.0,5.0,20.0,0,888,20.308612823486328,0.09007282904454146,,arrive_dest
768,fresh,0,fresh,,,0,0.0,0,0,0,0,0,10.0,5.0,5.0,20.0,0,160,1.7789592742919922,0.020098457927815616,,out_of_road
769,fresh,0,fresh,,,0,0.0,0,0,0,0,0,10.0,5.0,5.0,20.0,0,513,12.250601768493652,0.06460387734006401,,out_of_road
770,fresh,0,fresh,,,0,0.0,0,0,0,0,0,10.0,5.0,5.0,20.0,0,401,7.632272720336914,0.057129229618668405,,out_of_road
771,fresh,0,fresh,,,0,0.0,0,0,0,0,0,10.0,5.0,5.0,20.0,0,134,2.6760525703430176,0.031374898078893106,,arrive_dest
772,fresh,0,fresh,,,0,0.0,0,0,0,0,0,10.0,5.0,5.0,20.0,0,246,5.151818752288818,0.0499119306422346,,out_of_road
773,fresh,0,fresh,,,0,0.0,0,0,0,0,0,10.0,5.0,5.0,20.0,0,522,12.52461051940918,0.06966946406470134,,arrive_dest
774,fresh,0,fresh,,,0,0.0,0,0,0,0,0,10.0,5.0,5.0,20.0,0,1000,0.020822275429964066,0.01443656530044973,,max_step
775,fresh,0,fresh,,,0,0.0,0,0,0,0,0,10.0,5.0,5.0,20.0,0,288,7.074984550476074,0.0485404475588843,,out_of_road
776,fresh,0,fresh,,,0,0.0,0,0,0,0,0,10.0,5.0,5.0,20.0,0,55,0.7885584831237793,0.027117715403437614,,arrive_dest
777,fresh,0,fresh,,,0,0.0,0,0,0,0,0,10.0,5.0,5.0,20.0,0,865,12.737512588500977,0.03939228664351509,,out_of_road
778,fresh,0,fresh,,,0,0.0,0,0,0,0,0,10.0,5.0,5.0,20.0,0,434,8.620141983032227,0.06103907683263383,,out_of_road
779,fresh,0,fresh,,,0,0.0,0,0,0,0,0,10.0,5.0,5.0,20.0,0,102,2.141324520111084,0.011449448590842532,,arrive_dest
780,fresh,0,fresh,,,0,0.0,0,0,0,0,0,10.0,5.0,5.0,20.0,0,389,7.536084175109863,0.03906177163871058,,out_of_road
781,fresh,0,fresh,,,0,0.0,0,0,0,0,0,10.0,5.0,5.0,20.0,0,862,18.75665283203125,0.038066606504195466,,arrive_dest
782,fresh,0,fresh,,,0,0.0,0,0,0,0,0,10.0,5.0,5.0,20.0,0,245,5.746378421783447,0.050442284773274955,,arrive_dest
783,fresh,0,fresh,,,0,0.0,0,0,0,0,0,10.0,5.0,5.0,20.0,0,641,13.949567794799805,0.05120948350671592,,arrive_dest
784,fresh,0,fresh,,,0,0.0,0,0,0,0,0,10.0,5.0,5.0,20.0,0,652,16.330883026123047,0.08241117005507845,,arrive_dest
785,fresh,0,fresh,,,0,0.0,0,0,0,0,0,10.0,5.0,5.0,20.0,0,917,19.749160766601562,0.0913009089917948,,arrive_dest
786,fresh,0,fresh,,,0,0.0,0,0,0,0,0,10.0,5.0,5.0,20.0,0,260,5.284558296203613,0.022575401769091303,,out_of_road
787,fresh,0,fresh,,,0,0.0,0,0,0,0,0,10.0,5.0,5.0,20.0,0,120,1.2882083654403687,0.007186924398411065,,out_of_road
788,fresh,0,fresh,,,0,0.0,0,0,0,0,0,10.0,5.0,5.0,20.0,0,118,1.5666435956954956,0.01443106131786007,,out_of_road
789,fresh,0,fresh,,,0,0.0,0,0,0,0,0,10.0,5.0,5.0,20.0,0,65,0.18966585397720337,0.000979572362624682,,out_of_road
790,fresh,0,fresh,,,0,0.0,0,0,0,0,0,10.0,5.0,5.0,20.0,0,320,6.675385475158691,0.03045002235849097,,out_of_road
791,fresh,0,fresh,,,0,0.0,0,0,0,0,0,10.0,5.0,5.0,20.0,0,1000,0.043619345873594284,0.0071459738740231845,,max_step
792,fresh,0,fresh,,,0,0.0,0,0,0,0,0,10.0,5.0,5.0,20.0,0,449,7.907464504241943,0.06557313076537807,,out_of_road
793,fresh,0,fresh,,,0,0.0,0,0,0,0,0,10.0,5.0,5.0,20.0,0,226,4.693850517272949,0.015526181178587794,,out_of_road
794,fresh,0,fresh,,,0,0.0,0,0,0,0,0,10.0,5.0,5.0,20.0,0,502,10.635628700256348,0.06099288620702195,,out_of_road
795,fresh,0,fresh,,,0,0.0,0,0,0,0,0,10.0,5.0,5.0,20.0,0,237,3.7533555030822754,0.00786586338457679,,out_of_road
796,fresh,0,fresh,,,0,0.0,0,0,0,0,0,10.0,5.0,5.0,20.0,0,639,12.984593391418457,0.06593961815287086,,out_of_road
797,fresh,0,fresh,,,0,0.0,0,0,0,0,0,10.0,5.0,5.0,20.0,0,414,10.056940078735352,0.12229154050881089,,out_of_road
798,fresh,0,fresh,,,0,0.0,0,0,0,0,0,10.0,5.0,5.0,20.0,0,83,0.17473359405994415,0.004539624686880284,,out_of_road
799,fresh,0,fresh,,,0,0.0,0,0,0,0,0,10.0,5.0,5.0,20.0,0,69,0.24841392040252686,0.016239593102448227,,out_of_road
800,fresh,0,fresh,,,0,0.0,0,0,0,0,0,10.0,5.0,5.0,20.0,0,195,3.697899580001831,0.0432185242859981,,arrive_dest
801,fresh,0,fresh,,,0,0.0,0,0,0,0,0,10.0,5.0,5.0,20.0,0,277,5.115107536315918,0.05596810004031723,,out_of_road
802,fresh,0,fresh,,,0,0.0,0,0,0,0,0,10.0,5.0,5.0,20.0,0,249,5.299327850341797,0.06097413311117744,,arrive_dest
803,fresh,0,fresh,,,0,0.0,0,0,0,0,0,10.0,5.0,5.0,20.0,0,920,10.480027198791504,0.041680386282868034,,out_of_road
804,fresh,0,fresh,,,0,0.0,0,0,0,0,0,10.0,5.0,5.0,20.0,0,89,0.26392844319343567,0.018472944938295176,,out_of_road
805,fresh,0,fresh,,,0,0.0,0,0,0,0,0,10.0,5.0,5.0,20.0,0,836,18.531770706176758,0.06347899893942092,,arrive_dest
806,fresh,0,fresh,,,0,0.0,0,0,0,0,0,10.0,5.0,5.0,20.0,0,335,6.5711822509765625,0.061306532368119525,,out_of_road
807,fresh,0,fresh,,,0,0.0,0,0,0,0,0,10.0,5.0,5.0,20.0,0,342,8.308534622192383,0.11845373246295933,,arrive_dest
808,fresh,0,fresh,,,0,0.0,0,0,0,0,0,10.0,5.0,5.0,20.0,0,133,1.954180121421814,0.014674801526493147,,out_of_road
809,fresh,0,fresh,,,0,0.0,0,0,0,0,0,10.0,5.0,5.0,20.0,0,496,9.073866844177246,0.026242438424941932,,arrive_dest
810,fresh,0,fresh,,,0,0.0,0,0,0,0,0,10.0,5.0,5.0,20.0,0,833,20.96949005126953,0.07989015547409967,,arrive_dest
811,fresh,0,fresh,,,0,0.0,0,0,0,0,0,10.0,5.0,5.0,20.0,0,89,0.3817756772041321,0.02927841790271609,,out_of_road
812,fresh,0,fresh,,,0,0.0,0,0,0,0,0,10.0,5.0,5.0,20.0,0,73,0.15580977499485016,0.006522312186250131,,out_of_road
813,fresh,0,fresh,,,0,0.0,0,0,0,0,0,10.0,5.0,5.0,20.0,0,983,22.426904678344727,0.07625592667322856,,out_of_road
814,fresh,0,fresh,,,0,0.0,0,0,0,0,0,10.0,5.0,5.0,20.0,0,1000,24.324920654296875,0.10285691327927635,,max_step
815,fresh,0,fresh,,,0,0.0,0,0,0,0,0,10.0,5.0,5.0,20.0,0,233,5.132834434509277,0.046149123358128534,,arrive_dest
816,fresh,0,fresh,,,0,0.0,0,0,0,0,0,10.0,5.0,5.0,20.0,0,1000,8.994194984436035,0.03883430936699733,,max_step
817,fresh,0,fresh,,,0,0.0,0,0,0,0,0,10.0,5.0,5.0,20.0,0,114,1.6481904983520508,0.030396775726490376,,arrive_dest
818,fresh,0,fresh,,,0,0.0,0,0,0,0,0,10.0,5.0,5.0,20.0,0,738,18.63765525817871,0.09672473734156367,,arrive_dest
819,fresh,0,fresh,,,0,0.0,0,0,0,0,0,10.0,5.0,5.0,20.0,0,69,0.2813596725463867,0.017000706441214552,,out_of_road
820,fresh,0,fresh,,,0,0.0,0,0,0,0,0,10.0,5.0,5.0,20.0,0,67,0.21132279932498932,0.017865184638927233,,out_of_road
821,fresh,0,fresh,,,0,0.0,0,0,0,0,0,10.0,5.0,5.0,20.0,0,846,19.048791885375977,0.08084759642408575,,arrive_dest
822,fresh,0,fresh,,,0,0.0,0,0,0,0,0,10.0,5.0,5.0,20.0,0,642,12.60230827331543,0.05637048491196289,,arrive_dest
823,fresh,0,fresh,,,0,0.0,0,0,0,0,0,10.0,5.0,5.0,20.0,0,662,13.434334754943848,0.04804392654225061,,arrive_dest
824,fresh,0,fresh,,,0,0.0,0,0,0,0,0,10.0,5.0,5.0,20.0,0,387,8.6170015335083,0.057792853058053505,,out_of_road
825,fresh,0,fresh,,,0,0.0,0,0,0,0,0,10.0,5.0,5.0,20.0,0,576,11.96783447265625,0.07627696877898416,,out_of_road
826,fresh,0,fresh,,,0,0.0,0,0,0,0,0,10.0,5.0,5.0,20.0,0,442,9.256171226501465,0.036889602991697544,,arrive_dest
827,fresh,0,fresh,,,0,0.0,0,0,0,0,0,10.0,5.0,5.0,20.0,0,438,7.197484970092773,0.03730939569900059,,out_of_road
828,fresh,0,fresh,,,0,0.0,0,0,0,0,0,10.0,5.0,5.0,20.0,0,290,7.9896063804626465,0.07417559295667914,,arrive_dest
829,fresh,0,fresh,,,0,0.0,0,0,0,0,0,10.0,5.0,5.0,20.0,0,125,1.4749835729599,0.008332615628838538,,out_of_road
830,fresh,0,fresh,,,0,0.0,0,0,0,0,0,10.0,5.0,5.0,20.0,0,161,1.4357898235321045,0.06068536860764212,,out_of_road
831,fresh,0,fresh,,,0,0.0,0,0,0,0,0,10.0,5.0,5.0,20.0,0,287,6.80330753326416,0.047620658363614767,,out_of_road
832,fresh,0,fresh,,,0,0.0,0,0,0,0,0,10.0,5.0,5.0,20.0,0,1000,9.165146827697754,0.0452913132738322,,max_step
833,fresh,0,fresh,,,0,0.0,0,0,0,0,0,10.0,5.0,5.0,20.0,0,427,8.993093490600586,0.06022254217784651,,out_of_road
834,fresh,0,fresh,,,0,0.0,0,0,0,0,0,10.0,5.0,5.0,20.0,0,642,12.324143409729004,0.06298111420852999,,out_of_road
835,fresh,0,fresh,,,0,0.0,0,0,0,0,0,10.0,5.0,5.0,20.0,0,989,22.06220054626465,0.08621865465610379,,arrive_dest
836,fresh,0,fresh,,,0,0.0,0,0,0,0,0,10.0,5.0,5.0,20.0,0,537,11.227117538452148,0.0536600571755299,,out_of_road
837,fresh,0,fresh,,,0,0.0,0,0,0,0,0,10.0,5.0,5.0,20.0,0,357,6.968997955322266,0.09089796279142258,,out_of_road
838,fresh,0,fresh,,,0,0.0,0,0,0,0,0,10.0,5.0,5.0,20.0,0,514,12.597485542297363,0.07533221679344658,,out_of_road
839,fresh,0,fresh,,,0,0.0,0,0,0,0,0,10.0,5.0,5.0,20.0,0,637,15.971612930297852,0.09666397734698685,,out_of_road
840,fresh,0,fresh,,,0,0.0,0,0,0,0,0,10.0,5.0,5.0,20.0,0,441,9.041346549987793,0.047610066567131584,,out_of_road
841,fresh,0,fresh,,,0,0.0,0,0,0,0,0,10.0,5.0,5.0,20.0,0,334,8.876591682434082,0.05898707939875117,,arrive_dest
842,fresh,0,fresh,,,0,0.0,0,0,0,0,0,10.0,5.0,5.0,20.0,0,1000,24.595497131347656,0.09771994226402603,,max_step
843,fresh,0,fresh,,,0,0.0,0,0,0,0,0,10.0,5.0,5.0,20.0,0,1000,15.417988777160645,0.05360952164721675,,max_step
844,fresh,0,fresh,,,0,0.0,0,0,0,0,0,10.0,5.0,5.0,20.0,0,320,6.8356404304504395,0.03277840707742143,,out_of_road
845,fresh,0,fresh,,,0,0.0,0,0,0,0,0,10.0,5.0,5.0,20.0,0,629,8.669506072998047,0.03925728121704299,,out_of_road
846,fresh,0,fresh,,,0,0.0,0,0,0,0,0,10.0,5.0,5.0,20.0,0,366,7.291189670562744,0.037291602932598665,,arrive_dest
847,fresh,0,fresh,,,0,0.0,0,0,0,0,0,10.0,5.0,5.0,20.0,0,140,1.8707292079925537,0.020352927269414067,,out_of_road
848,fresh,0,fresh,,,0,0.0,0,0,0,0,0,10.0,5.0,5.0,20.0,0,226,3.5604171752929688,0.04042084133087666,,out_of_road
849,fresh,0,fresh,,,0,0.0,0,0,0,0,0,10.0,5.0,5.0,20.0,0,1000,16.99736785888672,0.0700702092749998,,max_step
850,fresh,0,fresh,,,0,0.0,0,0,0,0,0,10.0,5.0,5.0,20.0,0,273,5.129491329193115,0.01831569846364714,,arrive_dest
851,fresh,0,fresh,,,0,0.0,0,0,0,0,0,10.0,5.0,5.0,20.0,0,658,12.348340034484863,0.08221935199030128,,out_of_road
852,fresh,0,fresh,,,0,0.0,0,0,0,0,0,10.0,5.0,5.0,20.0,0,218,5.2222580909729,0.02281097048966197,,arrive_dest
853,fresh,0,fresh,,,0,0.0,0,0,0,0,0,10.0,5.0,5.0,20.0,0,929,21.869792938232422,0.10591060840710195,,out_of_road
854,fresh,0,fresh,,,0,0.0,0,0,0,0,0,10.0,5.0,5.0,20.0,0,730,16.93841552734375,0.06882780103319108,,out_of_road
855,fresh,0,fresh,,,0,0.0,0,0,0,0,0,10.0,5.0,5.0,20.0,0,121,0.3248138427734375,0.011601470037525104,,out_of_road
856,fresh,0,fresh,,,0,0.0,0,0,0,0,0,10.0,5.0,5.0,20.0,0,651,17.9477596282959,0.13390506107647854,,arrive_dest
857,fresh,0,fresh,,,0,0.0,0,0,0,0,0,10.0,5.0,5.0,20.0,0,836,22.478208541870117,0.11588624783493044,,arrive_dest
858,fresh,0,fresh,,,0,0.0,0,0,0,0,0,10.0,5.0,5.0,20.0,0,290,5.693548679351807,0.04746099474101231,,out_of_road
859,fresh,0,fresh,,,0,0.0,0,0,0,0,0,10.0,5.0,5.0,20.0,0,418,6.64345121383667,0.03412084479461999,,out_of_road
860,fresh,0,fresh,,,0,0.0,0,0,0,0,0,10.0,5.0,5.0,20.0,0,781,21.195858001708984,0.10577592107606873,,arrive_dest
861,fresh,0,fresh,,,0,0.0,0,0,0,0,0,10.0,5.0,5.0,20.0,0,691,16.259815216064453,0.09227294279275901,,arrive_dest
862,fresh,0,fresh,,,0,0.0,0,0,0,0,0,10.0,5.0,5.0,20.0,0,924,22.836904525756836,0.10091518010295024,,arrive_dest
863,fresh,0,fresh,,,0,0.0,0,0,0,0,0,10.0,5.0,5.0,20.0,0,593,13.952594757080078,0.0318164095364222,,arrive_dest
864,fresh,0,fresh,,,0,0.0,0,0,0,0,0,10.0,5.0,5.0,20.0,0,782,19.19135093688965,0.05993025608675178,,arrive_dest
865,fresh,0,fresh,,,0,0.0,0,0,0,0,0,10.0,5.0,5.0,20.0,0,812,20.702863693237305,0.07661118703261201,,arrive_dest
866,fresh,0,fresh,,,0,0.0,0,0,0,0,0,10.0,5.0,5.0,20.0,0,250,3.3208167552948,0.01764586197398603,,out_of_road
867,fresh,0,fresh,,,0,0.0,0,0,0,0,0,10.0,5.0,5.0,20.0,0,121,1.857865571975708,0.04300075925671119,,out_of_road
868,fresh,0,fresh,,,0,0.0,0,0,0,0,0,10.0,5.0,5.0,20.0,0,140,2.0381321907043457,0.021874011234779445,,out_of_road
869,fresh,0,fresh,,,0,0.0,0,0,0,0,0,10.0,5.0,5.0,20.0,0,459,9.840088844299316,0.07321044693554879,,arrive_dest
870,fresh,0,fresh,,,0,0.0,0,0,0,0,0,10.0,5.0,5.0,20.0,0,118,1.328683853149414,0.006386084655710196,,out_of_road
871,fresh,0,fresh,,,0,0.0,0,0,0,0,0,10.0,5.0,5.0,20.0,0,753,17.676586151123047,0.10003707249980336,,out_of_road
872,fresh,0,fresh,,,0,0.0,0,0,0,0,0,10.0,5.0,5.0,20.0,0,847,20.655513763427734,0.06086834096278305,,arrive_dest
873,fresh,0,fresh,,,0,0.0,0,0,0,0,0,10.0,5.0,5.0,20.0,0,298,5.337508678436279,0.05149274673656679,,out_of_road
874,fresh,0,fresh,,,0,0.0,0,0,0,0,0,10.0,5.0,5.0,20.0,0,245,5.5455827713012695,0.04294886068650046,,arrive_dest
875,fresh,0,fresh,,,0,0.0,0,0,0,0,0,10.0,5.0,5.0,20.0,0,466,11.512712478637695,0.07169076296312998,,arrive_dest
876,fresh,0,fresh,,,0,0.0,0,0,0,0,0,10.0,5.0,5.0,20.0,0,121,1.5690969228744507,0.009820818285311549,,out_of_road
877,fresh,0,fresh,,,0,0.0,0,0,0,0,0,10.0,5.0,5.0,20.0,0,283,6.755997180938721,0.03992786565170271,,out_of_road
878,fresh,0,fresh,,,0,0.0,0,0,0,0,0,10.0,5.0,5.0,20.0,0,153,3.8958740234375,0.04571755609651602,,arrive_dest
879,fresh,0,fresh,,,0,0.0,0,0,0,0,0,10.0,5.0,5.0,20.0,0,1000,6.835219860076904,0.025982822396792473,,max_step
880,fresh,0,fresh,,,0,0.0,0,0,0,0,0,10.0,5.0,5.0,20.0,0,82,0.19149982929229736,0.0007599738494652073,,out_of_road
881,fresh,0,fresh,,,0,0.0,0,0,0,0,0,10.0,5.0,5.0,20.0,0,1000,26.210323333740234,0.1092352524898015,,max_step
882,fresh,0,fresh,,,0,0.0,0,0,0,0,0,10.0,5.0,5.0,20.0,0,138,1.5962517261505127,0.008154546524789454,,out_of_road
883,fresh,0,fresh,,,0,0.0,0,0,0,0,0,10.0,5.0,5.0,20.0,0,1000,22.6448974609375,0.07305668848264031,,max_step
884,fresh,0,fresh,,,0,0.0,0,0,0,0,0,10.0,5.0,5.0,20.0,0,612,9.482819557189941,0.046439472263681954,,arrive_dest
885,fresh,0,fresh,,,0,0.0,0,0,0,0,0,10.0,5.0,5.0,20.0,0,581,11.48660659790039,0.05951830037034368,,out_of_road
886,fresh,0,fresh,,,0,0.0,0,0,0,0,0,10.0,5.0,5.0,20.0,0,341,8.125786781311035,0.08096713412421977,,arrive_dest
887,fresh,0,fresh,,,0,0.0,0,0,0,0,0,10.0,5.0,5.0,20.0,0,454,11.508275032043457,0.11307638189252794,,out_of_road
888,fresh,0,fresh,,,0,0.0,0,0,0,0,0,10.0,5.0,5.0,20.0,0,1000,10.877933502197266,0.04020174525398761,,max_step
889,fresh,0,fresh,,,0,0.0,0,0,0,0,0,10.0,5.0,5.0,20.0,0,283,5.677821636199951,0.028338041618900776,,out_of_road
890,fresh,0,fresh,,,0,0.0,0,0,0,0,0,10.0,5.0,5.0,20.0,0,2,0.30148831009864807,0.06528979539871216,,arrive_dest
891,fresh,0,fresh,,,0,0.0,0,0,0,0,0,10.0,5.0,5.0,20.0,0,274,5.369359970092773,0.039383010904773745,,out_of_road
892,fresh,0,fresh,,,0,0.0,0,0,0,0,0,10.0,5.0,5.0,20.0,0,792,19.29555320739746,0.10420517306339767,,out_of_road
893,fresh,0,fresh,,,0,0.0,0,0,0,0,0,10.0,5.0,5.0,20.0,0,146,2.3602294921875,0.01505495126244344,,out_of_road
894,fresh,0,fresh,,,0,0.0,0,0,0,0,0,10.0,5.0,5.0,20.0,0,665,16.0496883392334,0.05740016960447892,,out_of_road
895,fresh,0,fresh,,,0,0.0,0,0,0,0,0,10.0,5.0,5.0,20.0,0,1000,0.02632279507815838,0.00755535114381928,,max_step
896,fresh,0,fresh,,,0,0.0,0,0,0,0,0,10.0,5.0,5.0,20.0,0,395,10.578055381774902,0.062351606681919365,,arrive_dest
897,fresh,0,fresh,,,0,0.0,0,0,0,0,0,10.0,5.0,5.0,20.0,0,24,-0.15868660807609558,0.008826750020186106,,out_of_road
898,fresh,0,fresh,,,0,0.0,0,0,0,0,0,10.0,5.0,5.0,20.0,0,111,1.6022144556045532,0.001115457041541467,,out_of_road
899,fresh,0,fresh,,,0,0.0,0,0,0,0,0,10.0,5.0,5.0,20.0,0,150,1.783271074295044,0.018115244743724664,,out_of_road
900,fresh,0,fresh,,,0,0.0,0,0,0,0,0,10.0,5.0,5.0,20.0,0,255,6.699403762817383,0.07998696164611507,,out_of_road
901,fresh,0,fresh,,,0,0.0,0,0,0,0,0,10.0,5.0,5.0,20.0,0,24,-0.13601648807525635,0.0,,out_of_road
902,fresh,0,fresh,,,0,0.0,0,0,0,0,0,10.0,5.0,5.0,20.0,0,317,9.16311264038086,0.11218558612047498,,out_of_road
903,fresh,0,fresh,,,0,0.0,0,0,0,0,0,10.0,5.0,5.0,20.0,0,247,6.3469014167785645,0.09855581041772356,,out_of_road
904,fresh,0,fresh,,,0,0.0,0,0,0,0,0,10.0,5.0,5.0,20.0,0,598,16.36568832397461,0.09008233948769577,,arrive_dest
905,fresh,0,fresh,,,0,0.0,0,0,0,0,0,10.0,5.0,5.0,20.0,0,645,9.730289459228516,0.07093673401418352,,out_of_road
906,fresh,0,fresh,,,0,0.0,0,0,0,0,0,10.0,5.0,5.0,20.0,0,1000,26.1199951171875,0.09290429152362048,,max_step
907,fresh,0,fresh,,,0,0.0,0,0,0,0,0,10.0,5.0,5.0,20.0,0,733,17.84608268737793,0.06574659229168543,,arrive_dest
908,fresh,0,fresh,,,0,0.0,0,0,0,0,0,10.0,5.0,5.0,20.0,0,487,11.618170738220215,0.08646047762757668,,out_of_road
909,fresh,0,fresh,,,0,0.0,0,0,0,0,0,10.0,5.0,5.0,20.0,0,486,11.941449165344238,0.05604677753323697,,arrive_dest
910,fresh,0,fresh,,,0,0.0,0,0,0,0,0,10.0,5.0,5.0,20.0,0,598,10.73744010925293,0.04314102406300492,,out_of_road
911,fresh,0,fresh,,,0,0.0,0,0,0,0,0,10.0,5.0,5.0,20.0,0,1000,24.642213821411133,0.08546962037612683,,max_step
912,fresh,0,fresh,,,0,0.0,0,0,0,0,0,10.0,5.0,5.0,20.0,0,350,5.956752300262451,0.03344817592562842,,out_of_road
913,fresh,0,fresh,,,0,0.0,0,0,0,0,0,10.0,5.0,5.0,20.0,0,244,4.1973161697387695,0.025471766482176045,,out_of_road
914,fresh,0,fresh,,,0,0.0,0,0,0,0,0,10.0,5.0,5.0,20.0,0,103,0.24061821401119232,0.005119081383155098,,out_of_road
915,fresh,0,fresh,,,0,0.0,0,0,0,0,0,10.0,5.0,5.0,20.0,0,162,1.5620187520980835,0.011633788974219818,,out_of_road
916,fresh,0,fresh,,,0,0.0,0,0,0,0,0,10.0,5.0,5.0,20.0,0,132,1.9174429178237915,0.035652412715452636,,arrive_dest
917,fresh,0,fresh,,,0,0.0,0,0,0,0,0,10.0,5.0,5.0,20.0,0,1000,24.168048858642578,0.09241662627225741,,max_step
918,fresh,0,fresh,,,0,0.0,0,0,0,0,0,10.0,5.0,5.0,20.0,0,501,8.810672760009766,0.044926217281280045,,arrive_dest
919,fresh,0,fresh,,,0,0.0,0,0,0,0,0,10.0,5.0,5.0,20.0,0,768,21.114938735961914,0.07980673193363448,,arrive_dest
920,fresh,0,fresh,,,0,0.0,0,0,0,0,0,10.0,5.0,5.0,20.0,0,132,1.7866743803024292,0.01012265332268946,,out_of_road
921,fresh,0,fresh,,,0,0.0,0,0,0,0,0,10.0,5.0,5.0,20.0,0,230,3.4934163093566895,0.03374107995920855,,arrive_dest
922,fresh,0,fresh,,,0,0.0,0,0,0,0,0,10.0,5.0,5.0,20.0,0,1000,-0.035427264869213104,0.0020540763403405437,,max_step
923,fresh,0,fresh,,,0,0.0,0,0,0,0,0,10.0,5.0,5.0,20.0,0,1000,25.701059341430664,0.07076390722719952,,max_step
924,fresh,0,fresh,,,0,0.0,0,0,0,0,0,10.0,5.0,5.0,20.0,0,807,14.861223220825195,0.0563798653982612,,arrive_dest
925,fresh,0,fresh,,,0,0.0,0,0,0,0,0,10.0,5.0,5.0,20.0,0,235,1.9196690320968628,0.00915323780215484,,out_of_road
926,fresh,0,fresh,,,0,0.0,0,0,0,0,0,10.0,5.0,5.0,20.0,0,769,20.562284469604492,0.07285858785112295,,arrive_dest
927,fresh,0,fresh,,,0,0.0,0,0,0,0,0,10.0,5.0,5.0,20.0,0,734,18.795169830322266,0.06390652868913217,,out_of_road
928,fresh,0,fresh,,,0,0.0,0,0,0,0,0,10.0,5.0,5.0,20.0,0,284,3.7561733722686768,0.016416619367845043,,out_of_road
929,fresh,0,fresh,,,0,0.0,0,0,0,0,0,10.0,5.0,5.0,20.0,0,876,12.07853889465332,0.058977783202181985,,out_of_road
930,fresh,0,fresh,,,0,0.0,0,0,0,0,0,10.0,5.0,5.0,20.0,0,594,15.732954978942871,0.06241001779631389,,arrive_dest
931,fresh,0,fresh,,,0,0.0,0,0,0,0,0,10.0,5.0,5.0,20.0,0,516,11.768315315246582,0.10999552145949565,,arrive_dest
932,fresh,0,fresh,,,0,0.0,0,0,0,0,0,10.0,5.0,5.0,20.0,0,1000,0.08647933602333069,0.001611772357020527,,max_step
933,fresh,0,fresh,,,0,0.0,0,0,0,0,0,10.0,5.0,5.0,20.0,0,912,21.358739852905273,0.06584453939984469,,out_of_road
934,fresh,0,fresh,,,0,0.0,0,0,0,0,0,10.0,5.0,5.0,20.0,0,762,19.79397964477539,0.0975889481379213,,arrive_dest
935,fresh,0,fresh,,,0,0.0,0,0,0,0,0,10.0,5.0,5.0,20.0,0,1000,24.18143081665039,0.07367865907540545,,max_step
936,fresh,0,fresh,,,0,0.0,0,0,0,0,0,10.0,5.0,5.0,20.0,0,588,11.849263191223145,0.06123767091914834,,out_of_road
937,fresh,0,fresh,,,0,0.0,0,0,0,0,0,10.0,5.0,5.0,20.0,0,30,-0.1925705224275589,0.019716658194859824,,out_of_road
938,fresh,0,fresh,,,0,0.0,0,0,0,0,0,10.0,5.0,5.0,20.0,0,146,1.7674884796142578,0.003283161835821524,,out_of_road
939,fresh,0,fresh,,,0,0.0,0,0,0,0,0,10.0,5.0,5.0,20.0,0,747,18.87321662902832,0.06909096848538801,,out_of_road
940,fresh,0,fresh,,,0,0.0,0,0,0,0,0,10.0,5.0,5.0,20.0,0,404,8.781488418579102,0.057567617171305686,,out_of_road
941,fresh,0,fresh,,,0,0.0,0,0,0,0,0,10.0,5.0,5.0,20.0,0,1000,-0.01929440349340439,0.0009049797654151916,,max_step
942,fresh,0,fresh,,,0,0.0,0,0,0,0,0,10.0,5.0,5.0,20.0,0,545,13.12798023223877,0.048040887967196355,,arrive_dest
943,fresh,0,fresh,,,0,0.0,0,0,0,0,0,10.0,5.0,5.0,20.0,0,536,12.844219207763672,0.07570463547973073,,arrive_dest
944,fresh,0,fresh,,,0,0.0,0,0,0,0,0,10.0,5.0,5.0,20.0,0,214,1.9152536392211914,0.014203427604804355,,out_of_road
945,fresh,0,fresh,,,0,0.0,0,0,0,0,0,10.0,5.0,5.0,20.0,0,524,13.791072845458984,0.07587948469054095,,arrive_dest
946,fresh,0,fresh,,,0,0.0,0,0,0,0,0,10.0,5.0,5.0,20.0,0,1000,7.422186851501465,0.03189566524722613,,max_step
947,fresh,0,fresh,,,0,0.0,0,0,0,0,0,10.0,5.0,5.0,20.0,0,904,20.779071807861328,0.044983896441279654,,arrive_dest
948,fresh,0,fresh,,,0,0.0,0,0,0,0,0,10.0,5.0,5.0,20.0,0,263,1.5766081809997559,0.020651213723826205,,out_of_road
949,fresh,0,fresh,,,0,0.0,0,0,0,0,0,10.0,5.0,5.0,20.0,0,138,1.48098623752594,0.01640355552587172,,out_of_road
950,fresh,0,fresh,,,0,0.0,0,0,0,0,0,10.0,5.0,5.0,20.0,0,758,14.175972938537598,0.07914880361490316,,arrive_dest
951,fresh,0,fresh,,,0,0.0,0,0,0,0,0,10.0,5.0,5.0,20.0,0,431,9.283339500427246,0.09493778716651788,,out_of_road
952,fresh,0,fresh,,,0,0.0,0,0,0,0,0,10.0,5.0,5.0,20.0,0,1000,0.031262803822755814,0.0057087885442888365,,max_step
953,fresh,0,fresh,,,0,0.0,0,0,0,0,0,10.0,5.0,5.0,20.0,0,478,10.826042175292969,0.043145309124438085,,arrive_dest
954,fresh,0,fresh,,,0,0.0,0,0,0,0,0,10.0,5.0,5.0,20.0,0,236,4.143777847290039,0.03505107172630664,,out_of_road
955,fresh,0,fresh,,,0,0.0,0,0,0,0,0,10.0,5.0,5.0,20.0,0,772,18.378707885742188,0.10731610685009076,,out_of_road
956,fresh,0,fresh,,,0,0.0,0,0,0,0,0,10.0,5.0,5.0,20.0,0,610,15.290668487548828,0.06303406955605587,,arrive_dest
957,fresh,0,fresh,,,0,0.0,0,0,0,0,0,10.0,5.0,5.0,20.0,0,315,5.406710624694824,0.06998655875878675,,out_of_road
958,fresh,0,fresh,,,0,0.0,0,0,0,0,0,10.0,5.0,5.0,20.0,0,415,9.861862182617188,0.08312957970515253,,arrive_dest
959,fresh,0,fresh,,,0,0.0,0,0,0,0,0,10.0,5.0,5.0,20.0,0,305,6.214937686920166,0.05524112546785933,,out_of_road
960,fresh,0,fresh,,,0,0.0,0,0,0,0,0,10.0,5.0,5.0,20.0,0,74,0.2960349917411804,0.006604725948056659,,out_of_road
961,fresh,0,fresh,,,0,0.0,0,0,0,0,0,10.0,5.0,5.0,20.0,0,116,0.2973484992980957,0.010419836688830902,,out_of_road
962,fresh,0,fresh,,,0,0.0,0,0,0,0,0,10.0,5.0,5.0,20.0,0,494,10.319700241088867,0.053834160801158985,,out_of_road
963,fresh,0,fresh,,,0,0.0,0,0,0,0,0,10.0,5.0,5.0,20.0,0,696,11.98293399810791,0.0699863051470428,,out_of_road
964,fresh,0,fresh,,,0,0.0,0,0,0,0,0,10.0,5.0,5.0,20.0,0,391,7.569637298583984,0.028950285689328868,,arrive_dest
965,fresh,0,fresh,,,0,0.0,0,0,0,0,0,10.0,5.0,5.0,20.0,0,97,2.0081634521484375,0.07154932479882978,,arrive_dest
966,fresh,0,fresh,,,0,0.0,0,0,0,0,0,10.0,5.0,5.0,20.0,0,140,2.06744647026062,0.007121438140581761,,out_of_road
967,fresh,0,fresh,,,0,0.0,0,0,0,0,0,10.0,5.0,5.0,20.0,0,792,19.496105194091797,0.05312401406564562,,arrive_dest
968,fresh,0,fresh,,,0,0.0,0,0,0,0,0,10.0,5.0,5.0,20.0,0,448,11.135025978088379,0.08880912791521821,,arrive_dest
969,fresh,0,fresh,,,0,0.0,0,0,0,0,0,10.0,5.0,5.0,20.0,0,1000,25.838333129882812,0.11978969311062247,,max_step
970,fresh,0,fresh,,,0,0.0,0,0,0,0,0,10.0,5.0,5.0,20.0,0,222,6.122768402099609,0.06555006350915006,,out_of_road
971,fresh,0,fresh,,,0,0.0,0,0,0,0,0,10.0,5.0,5.0,20.0,0,641,16.55312728881836,0.08487361803790336,,arrive_dest
972,fresh,0,fresh,,,0,0.0,0,0,0,0,0,10.0,5.0,5.0,20.0,0,399,3.971013069152832,0.03106355777460811,,out_of_road
973,fresh,0,fresh,,,0,0.0,0,0,0,0,0,10.0,5.0,5.0,20.0,0,562,11.304337501525879,0.07924289644440616,,out_of_road
974,fresh,0,fresh,,,0,0.0,0,0,0,0,0,10.0,5.0,5.0,20.0,0,266,4.218349456787109,0.0723025024014252,,out_of_road
975,fresh,0,fresh,,,0,0.0,0,0,0,0,0,10.0,5.0,5.0,20.0,0,981,24.753549575805664,0.06577403616624392,,arrive_dest
976,fresh,0,fresh,,,0,0.0,0,0,0,0,0,10.0,5.0,5.0,20.0,0,743,18.518522262573242,0.07053015276747047,,arrive_dest
977,fresh,0,fresh,,,0,0.0,0,0,0,0,0,10.0,5.0,5.0,20.0,0,760,20.55075454711914,0.06931370323045964,,arrive_dest
978,fresh,0,fresh,,,0,0.0,0,0,0,0,0,10.0,5.0,5.0,20.0,0,135,2.0679333209991455,0.03051751840997625,,arrive_dest
979,fresh,0,fresh,,,0,0.0,0,0,0,0,0,10.0,5.0,5.0,20.0,0,412,11.257603645324707,0.09326552997062941,,arrive_dest
980,fresh,0,fresh,,,0,0.0,0,0,0,0,0,10.0,5.0,5.0,20.0,0,309,5.964460849761963,0.04719278002670185,,arrive_dest
981,fresh,0,fresh,,,0,0.0,0,0,0,0,0,10.0,5.0,5.0,20.0,0,176,3.399179458618164,0.0401440320472995,,arrive_dest
982,fresh,0,fresh,,,0,0.0,0,0,0,0,0,10.0,5.0,5.0,20.0,0,1000,27.217288970947266,0.11494670024281367,,max_step
983,fresh,0,fresh,,,0,0.0,0,0,0,0,0,10.0,5.0,5.0,20.0,0,1000,-0.00881229154765606,0.02463089826470241,,max_step
984,fresh,0,fresh,,,0,0.0,0,0,0,0,0,10.0,5.0,5.0,20.0,0,203,3.167402505874634,0.030597374290503156,,out_of_road
985,fresh,0,fresh,,,0,0.0,0,0,0,0,0,10.0,5.0,5.0,20.0,0,947,23.913021087646484,0.09164820075941832,,arrive_dest
986,fresh,0,fresh,,,0,0.0,0,0,0,0,0,10.0,5.0,5.0,20.0,0,236,3.064272403717041,0.016717295908227056,,out_of_road
987,fresh,0,fresh,,,0,0.0,0,0,0,0,0,10.0,5.0,5.0,20.0,0,271,4.9250898361206055,0.09659493229321008,,out_of_road
988,fresh,0,fresh,,,0,0.0,0,0,0,0,0,10.0,5.0,5.0,20.0,0,1000,22.710451126098633,0.07653436011192388,,max_step
989,fresh,0,fresh,,,0,0.0,0,0,0,0,0,10.0,5.0,5.0,20.0,0,1000,24.140037536621094,0.11861817866005003,,max_step
990,fresh,0,fresh,,,0,0.0,0,0,0,0,0,10.0,5.0,5.0,20.0,0,217,5.21248722076416,0.04071045380669393,,out_of_road
991,fresh,0,fresh,,,0,0.0,0,0,0,0,0,10.0,5.0,5.0,20.0,0,131,0.31815361976623535,0.010910493389255446,,out_of_road
992,fresh,0,fresh,,,0,0.0,0,0,0,0,0,10.0,5.0,5.0,20.0,0,26,0.3555087149143219,0.02710291829246741,,arrive_dest
993,fresh,0,fresh,,,0,0.0,0,0,0,0,0,10.0,5.0,5.0,20.0,0,398,7.005562782287598,0.1134875011162355,,out_of_road
994,fresh,0,fresh,,,0,0.0,0,0,0,0,0,10.0,5.0,5.0,20.0,0,523,13.421390533447266,0.08513931744512933,,out_of_road
995,fresh,0,fresh,,,0,0.0,0,0,0,0,0,10.0,5.0,5.0,20.0,0,317,8.11319637298584,0.06616598269417412,,arrive_dest
996,fresh,0,fresh,,,0,0.0,0,0,0,0,0,10.0,5.0,5.0,20.0,0,457,12.022144317626953,0.08700670220442595,,arrive_dest
997,fresh,0,fresh,,,0,0.0,0,0,0,0,0,10.0,5.0,5.0,20.0,0,415,10.591212272644043,0.0732563807303647,,out_of_road
998,fresh,0,fresh,,,0,0.0,0,0,0,0,0,10.0,5.0,5.0,20.0,0,140,2.209531545639038,0.02139644894216742,,out_of_road
999,fresh,0,fresh,,,0,0.0,0,0,0,0,0,10.0,5.0,5.0,20.0,0,610,15.583208084106445,0.056383392612686475,,out_of_road
1000,fresh,0,fresh,,,0,0.0,0,0,0,0,0,10.0,5.0,5.0,20.0,0,77,0.3558192849159241,0.006796195147583237,,out_of_road
1001,fresh,0,fresh,,,0,0.0,0,0,0,0,0,10.0,5.0,5.0,20.0,0,205,3.073596239089966,0.02332256152862456,,out_of_road
1002,fresh,0,fresh,,,0,0.0,0,0,0,0,0,10.0,5.0,5.0,20.0,0,439,11.629459381103516,0.0724397814558959,,arrive_dest
1003,fresh,0,fresh,,,0,0.0,0,0,0,0,0,10.0,5.0,5.0,20.0,0,248,6.883194446563721,0.056638734013352905,,arrive_dest
1004,fresh,0,fresh,,,0,0.0,0,0,0,0,0,10.0,5.0,5.0,20.0,0,311,6.734176158905029,0.0340540620608411,,out_of_road
1005,fresh,0,fresh,,,0,0.0,0,0,0,0,0,10.0,5.0,5.0,20.0,0,1000,25.304452896118164,0.08046825033985078,,max_step
1006,fresh,0,fresh,,,0,0.0,0,0,0,0,0,10.0,5.0,5.0,20.0,0,961,26.453224182128906,0.07826507872728385,,arrive_dest
1007,fresh,0,fresh,,,0,0.0,0,0,0,0,0,10.0,5.0,5.0,20.0,0,409,10.873867988586426,0.07020738270773591,,arrive_dest
1008,fresh,0,fresh,,,0,0.0,0,0,0,0,0,10.0,5.0,5.0,20.0,0,254,5.513143539428711,0.047354490876630476,,out_of_road
1009,fresh,0,fresh,,,0,0.0,0,0,0,0,0,10.0,5.0,5.0,20.0,0,222,4.8659138679504395,0.034527416458470864,,out_of_road
1010,fresh,0,fresh,,,0,0.0,0,0,0,0,0,10.0,5.0,5.0,20.0,0,1000,0.10624393820762634,0.0007845659636077471,,max_step
1011,fresh,0,fresh,,,0,0.0,0,0,0,0,0,10.0,5.0,5.0,20.0,0,1000,0.06600851565599442,0.0,,max_step
1012,fresh,0,fresh,,,0,0.0,0,0,0,0,0,10.0,5.0,5.0,20.0,0,48,0.1498708724975586,0.03712889730619887,,out_of_road
1013,fresh,0,fresh,,,0,0.0,0,0,0,0,0,10.0,5.0,5.0,20.0,0,268,5.678561210632324,0.02207459313204206,,out_of_road
1014,fresh,0,fresh,,,0,0.0,0,0,0,0,0,10.0,5.0,5.0,20.0,0,272,5.510486602783203,0.045613802204196176,,out_of_road
1015,fresh,0,fresh,,,0,0.0,0,0,0,0,0,10.0,5.0,5.0,20.0,0,227,5.108206272125244,0.04000467558325748,,out_of_road
1016,fresh,0,fresh,,,0,0.0,0,0,0,0,0,10.0,5.0,5.0,20.0,0,672,17.86415672302246,0.07202417535119734,,arrive_dest
1017,fresh,0,fresh,,,0,0.0,0,0,0,0,0,10.0,5.0,5.0,20.0,0,475,12.503859519958496,0.07381850234673995,,arrive_dest
1018,fresh,0,fresh,,,0,0.0,0,0,0,0,0,10.0,5.0,5.0,20.0,0,144,2.4140353202819824,0.057936271730189524,,out_of_road
1019,fresh,0,fresh,,,0,0.0,0,0,0,0,0,10.0,5.0,5.0,20.0,0,141,1.7425001859664917,0.0282308549243719,,out_of_road
1020,fresh,0,fresh,,,0,0.0,0,0,0,0,0,10.0,5.0,5.0,20.0,0,109,1.7279562950134277,0.026180233524411643,,out_of_road
1021,fresh,0,fresh,,,0,0.0,0,0,0,0,0,10.0,5.0,5.0,20.0,0,1000,17.519847869873047,0.055943501485045996,,max_step
1022,fresh,0,fresh,,,0,0.0,0,0,0,0,0,10.0,5.0,5.0,20.0,0,73,0.25282686948776245,0.006394273027369421,,out_of_road
1023,fresh,0,fresh,,,0,0.0,0,0,0,0,0,10.0,5.0,5.0,20.0,0,57,0.2475498467683792,0.00372107980544107,,out_of_road
1024,fresh,0,fresh,,,0,0.0,0,0,0,0,0,10.0,5.0,5.0,20.0,0,117,2.7134041786193848,0.04041756910041102,,arrive_dest
1025,fresh,0,fresh,,,0,0.0,0,0,0,0,0,10.0,5.0,5.0,20.0,0,338,6.868072986602783,0.0644248026630155,,out_of_road
1026,fresh,0,fresh,,,0,0.0,0,0,0,0,0,10.0,5.0,5.0,20.0,0,622,15.366337776184082,0.06899555158985544,,out_of_road
1027,fresh,0,fresh,,,0,0.0,0,0,0,0,0,10.0,5.0,5.0,20.0,0,832,18.770404815673828,0.10400542696096146,,out_of_road
1028,fresh,0,fresh,,,0,0.0,0,0,0,0,0,10.0,5.0,5.0,20.0,0,2,0.2953861951828003,0.030636250972747803,,arrive_dest
1029,fresh,0,fresh,,,0,0.0,0,0,0,0,0,10.0,5.0,5.0,20.0,0,800,20.301912307739258,0.05171577667322708,,arrive_dest
1030,fresh,0,fresh,,,0,0.0,0,0,0,0,0,10.0,5.0,5.0,20.0,0,583,15.413497924804688,0.06333147071694914,,out_of_road
1031,fresh,0,fresh,,,0,0.0,0,0,0,0,0,10.0,5.0,5.0,20.0,0,299,5.099020957946777,0.027890420708039085,,out_of_road
1032,fresh,0,fresh,,,0,0.0,0,0,0,0,0,10.0,5.0,5.0,20.0,0,1000,9.368463516235352,0.03691519637499004,,max_step
1033,fresh,0,fresh,,,0,0.0,0,0,0,0,0,10.0,5.0,5.0,20.0,0,636,15.484088897705078,0.05289806915833702,,out_of_road
1034,fresh,0,fresh,,,0,0.0,0,0,0,0,0,10.0,5.0,5.0,20.0,0,273,6.921729564666748,0.060509262087963006,,out_of_road
1035,fresh,0,fresh,,,0,0.0,0,0,0,0,0,10.0,5.0,5.0,20.0,0,311,8.064764976501465,0.06786068263568487,,out_of_road
1036,fresh,0,fresh,,,0,0.0,0,0,0,0,0,10.0,5.0,5.0,20.0,0,125,2.314488410949707,0.00489756946079433,,out_of_road
1037,fresh,0,fresh,,,0,0.0,0,0,0,0,0,10.0,5.0,5.0,20.0,0,616,14.652679443359375,0.11518806222427104,,out_of_road
1038,fresh,0,fresh,,,0,0.0,0,0,0,0,0,10.0,5.0,5.0,20.0,0,896,21.49458122253418,0.08949377242190946,,arrive_dest
1039,fresh,0,fresh,,,0,0.0,0,0,0,0,0,10.0,5.0,5.0,20.0,0,71,0.2627445161342621,0.0056859762604597585,,out_of_road
1040,fresh,0,fresh,,,0,0.0,0,0,0,0,0,10.0,5.0,5.0,20.0,0,206,3.8915863037109375,0.020555077480256513,,out_of_road
1041,fresh,0,fresh,,,0,0.0,0,0,0,0,0,10.0,5.0,5.0,20.0,0,532,14.190657615661621,0.07976590715264692,,arrive_dest
1042,fresh,0,fresh,,,0,0.0,0,0,0,0,0,10.0,5.0,5.0,20.0,0,392,9.967106819152832,0.06068552997704519,,arrive_dest
1043,fresh,0,fresh,,,0,0.0,0,0,0,0,0,10.0,5.0,5.0,20.0,0,472,11.917304992675781,0.08997256196916924,,out_of_road
1044,fresh,0,fresh,,,0,0.0,0,0,0,0,0,10.0,5.0,5.0,20.0,0,678,18.979812622070312,0.09128052864366576,,out_of_road
1045,fresh,0,fresh,,,0,0.0,0,0,0,0,0,10.0,5.0,5.0,20.0,0,82,1.629694938659668,0.009745849208429275,,arrive_dest
1046,fresh,0,fresh,,,0,0.0,0,0,0,0,0,10.0,5.0,5.0,20.0,0,185,3.4826858043670654,0.04096438606093462,,out_of_road
1047,fresh,0,fresh,,,0,0.0,0,0,0,0,0,10.0,5.0,5.0,20.0,0,378,9.93504524230957,0.08415295863055955,,arrive_dest
1048,fresh,0,fresh,,,0,0.0,0,0,0,0,0,10.0,5.0,5.0,20.0,0,383,10.550357818603516,0.0825405559914707,,out_of_road
1049,fresh,0,fresh,,,0,0.0,0,0,0,0,0,10.0,5.0,5.0,20.0,0,765,19.4714412689209,0.10995473797901784,,out_of_road
1050,fresh,0,fresh,,,0,0.0,0,0,0,0,0,10.0,5.0,5.0,20.0,0,916,25.794349670410156,0.08046573335782718,,out_of_road
1051,fresh,0,fresh,,,0,0.0,0,0,0,0,0,10.0,5.0,5.0,20.0,0,266,6.921746730804443,0.056262396536837504,,out_of_road
1052,fresh,0,fresh,,,0,0.0,0,0,0,0,0,10.0,5.0,5.0,20.0,0,460,11.445524215698242,0.0759036645465328,,arrive_dest
1053,fresh,0,fresh,,,0,0.0,0,0,0,0,0,10.0,5.0,5.0,20.0,0,67,0.254808634519577,0.00731797697050358,,out_of_road
1054,fresh,0,fresh,,,0,0.0,0,0,0,0,0,10.0,5.0,5.0,20.0,0,419,9.57158088684082,0.05889810068946252,,arrive_dest
1055,fresh,0,fresh,,,0,0.0,0,0,0,0,0,10.0,5.0,5.0,20.0,0,1000,7.463144779205322,0.029872287608683108,,max_step
1056,fresh,0,fresh,,,0,0.0,0,0,0,0,0,10.0,5.0,5.0,20.0,0,424,9.974126815795898,0.05014874431620932,,arrive_dest
1057,fresh,0,fresh,,,0,0.0,0,0,0,0,0,10.0,5.0,5.0,20.0,0,567,15.507220268249512,0.08754358215855411,,arrive_dest
1058,fresh,0,fresh,,,0,0.0,0,0,0,0,0,10.0,5.0,5.0,20.0,0,105,1.604575276374817,0.014547265675805865,,out_of_road
1059,fresh,0,fresh,,,0,0.0,0,0,0,0,0,10.0,5.0,5.0,20.0,0,717,20.549137115478516,0.10613423854458787,,arrive_dest
1060,fresh,0,fresh,,,0,0.0,0,0,0,0,0,10.0,5.0,5.0,20.0,0,885,22.821332931518555,0.1174921244588065,,arrive_dest
1061,fresh,0,fresh,,,0,0.0,0,0,0,0,0,10.0,5.0,5.0,20.0,0,1000,11.94868278503418,0.03263403251254931,,max_step
1062,fresh,0,fresh,,,0,0.0,0,0,0,0,0,10.0,5.0,5.0,20.0,0,28,-0.1601233035326004,0.008077624653066908,,out_of_road
1063,fresh,0,fresh,,,0,0.0,0,0,0,0,0,10.0,5.0,5.0,20.0,0,437,12.331026077270508,0.09628061763729125,,out_of_road
1064,fresh,0,fresh,,,0,0.0,0,0,0,0,0,10.0,5.0,5.0,20.0,0,288,6.3288726806640625,0.03594146584974725,,out_of_road
1065,fresh,0,fresh,,,0,0.0,0,0,0,0,0,10.0,5.0,5.0,20.0,0,907,25.49249839782715,0.13930825602372054,,arrive_dest
1066,fresh,0,fresh,,,0,0.0,0,0,0,0,0,10.0,5.0,5.0,20.0,0,179,1.7150278091430664,0.03487205544653135,,out_of_road
1067,fresh,0,fresh,,,0,0.0,0,0,0,0,0,10.0,5.0,5.0,20.0,0,322,8.767990112304688,0.10052091406473185,,out_of_road
1068,fresh,0,fresh,,,0,0.0,0,0,0,0,0,10.0,5.0,5.0,20.0,0,660,16.934154510498047,0.07060531834987077,,out_of_road
1069,fresh,0,fresh,,,0,0.0,0,0,0,0,0,10.0,5.0,5.0,20.0,0,65,0.30732235312461853,0.008055878301652579,,out_of_road
1070,fresh,0,fresh,,,0,0.0,0,0,0,0,0,10.0,5.0,5.0,20.0,0,228,5.424870014190674,0.060306077279771365,,out_of_road
1071,fresh,0,fresh,,,0,0.0,0,0,0,0,0,10.0,5.0,5.0,20.0,0,467,11.93018913269043,0.08381782153748948,,out_of_road
1072,fresh,0,fresh,,,0,0.0,0,0,0,0,0,10.0,5.0,5.0,20.0,0,677,19.615421295166016,0.09141514779438582,,arrive_dest
1073,fresh,0,fresh,,,0,0.0,0,0,0,0,0,10.0,5.0,5.0,20.0,0,457,11.964441299438477,0.11068065682756235,,arrive_dest
1074,fresh,0,fresh,,,0,0.0,0,0,0,0,0,10.0,5.0,5.0,20.0,0,102,2.178391218185425,0.02560736931056953,,arrive_dest
1075,fresh,0,fresh,,,0,0.0,0,0,0,0,0,10.0,5.0,5.0,20.0,0,404,10.92845344543457,0.12280576648236723,,arrive_dest
1076,fresh,0,fresh,,,0,0.0,0,0,0,0,0,10.0,5.0,5.0,20.0,0,1000,27.602304458618164,0.1388324444689788,,max_step
1077,fresh,0,fresh,,,0,0.0,0,0,0,0,0,10.0,5.0,5.0,20.0,0,155,3.061467170715332,0.10273694460911136,,arrive_dest
1078,fresh,0,fresh,,,0,0.0,0,0,0,0,0,10.0,5.0,5.0,20.0,0,1000,0.026255587115883827,0.0015017461378592997,,max_step
1079,fresh,0,fresh,,,0,0.0,0,0,0,0,0,10.0,5.0,5.0,20.0,0,451,11.841984748840332,0.10779669971727743,,out_of_road
1080,fresh,0,fresh,,,0,0.0,0,0,0,0,0,10.0,5.0,5.0,20.0,0,77,0.2611492872238159,0.004295374762702298,,out_of_road
1081,fresh,0,fresh,,,0,0.0,0,0,0,0,0,10.0,5.0,5.0,20.0,0,437,10.552165031433105,0.059479085119010656,,out_of_road
1082,fresh,0,fresh,,,0,0.0,0,0,0,0,0,10.0,5.0,5.0,20.0,0,60,0.2925952076911926,0.011091508188595374,,out_of_road
1083,fresh,0,fresh,,,0,0.0,0,0,0,0,0,10.0,5.0,5.0,20.0,0,631,16.701677322387695,0.0832358745337064,,out_of_road
1084,fresh,0,fresh,,,0,0.0,0,0,0,0,0,10.0,5.0,5.0,20.0,0,661,17.904186248779297,0.13483465724989613,,arrive_dest
1085,fresh,0,fresh,,,0,0.0,0,0,0,0,0,10.0,5.0,5.0,20.0,0,470,12.685440063476562,0.09222111543838649,,arrive_dest
1086,fresh,0,fresh,,,0,0.0,0,0,0,0,0,10.0,5.0,5.0,20.0,0,248,6.669743061065674,0.061558191414787286,,out_of_road
1087,fresh,0,fresh,,,0,0.0,0,0,0,0,0,10.0,5.0,5.0,20.0,0,75,0.22375047206878662,0.015473952703177928,,out_of_road
1088,fresh,0,fresh,,,0,0.0,0,0,0,0,0,10.0,5.0,5.0,20.0,0,383,10.456063270568848,0.06882142541594512,,arrive_dest
1089,fresh,0,fresh,,,0,0.0,0,0,0,0,0,10.0,5.0,5.0,20.0,0,670,18.097795486450195,0.06419825986611531,,arrive_dest
1090,fresh,0,fresh,,,0,0.0,0,0,0,0,0,10.0,5.0,5.0,20.0,0,244,6.714029312133789,0.0559348768772191,,out_of_road
1091,fresh,0,fresh,,,0,0.0,0,0,0,0,0,10.0,5.0,5.0,20.0,0,101,2.4655683040618896,0.01462152098665143,,arrive_dest
1092,fresh,0,fresh,,,0,0.0,0,0,0,0,0,10.0,5.0,5.0,20.0,0,368,10.100810050964355,0.07987581093481783,,arrive_dest
1093,fresh,0,fresh,,,0,0.0,0,0,0,0,0,10.0,5.0,5.0,20.0,0,374,10.906054496765137,0.08636060339538132,,out_of_road
1094,fresh,0,fresh,,,0,0.0,0,0,0,0,0,10.0,5.0,5.0,20.0,0,209,4.645994663238525,0.03994020435549141,,out_of_road
1095,fresh,0,fresh,,,0,0.0,0,0,0,0,0,10.0,5.0,5.0,20.0,0,376,10.649906158447266,0.08997566686253351,,out_of_road
1096,fresh,0,fresh,,,0,0.0,0,0,0,0,0,10.0,5.0,5.0,20.0,0,333,8.010497093200684,0.04095363417813728,,out_of_road
1097,fresh,0,fresh,,,0,0.0,0,0,0,0,0,10.0,5.0,5.0,20.0,0,512,14.561634063720703,0.0732720678925034,,arrive_dest
1098,fresh,0,fresh,,,0,0.0,0,0,0,0,0,10.0,5.0,5.0,20.0,0,336,9.154104232788086,0.08409150322023336,,arrive_dest
1099,fresh,0,fresh,,,0,0.0,0,0,0,0,0,10.0,5.0,5.0,20.0,0,219,7.088136672973633,0.0714407019682875,,arrive_dest
1100,fresh,0,fresh,,,0,0.0,0,0,0,0,0,10.0,5.0,5.0,20.0,0,497,13.957786560058594,0.10776632162648622,,out_of_road
1101,fresh,0,fresh,,,0,0.0,0,0,0,0,0,10.0,5.0,5.0,20.0,0,241,6.4871745109558105,0.04822526077538945,,out_of_road
1102,fresh,0,fresh,,,0,0.0,0,0,0,0,0,10.0,5.0,5.0,20.0,0,593,15.969226837158203,0.09087805982606885,,arrive_dest
1103,fresh,0,fresh,,,0,0.0,0,0,0,0,0,10.0,5.0,5.0,20.0,0,434,11.873069763183594,0.1636379242784554,,out_of_road
1104,fresh,0,fresh,,,0,0.0,0,0,0,0,0,10.0,5.0,5.0,20.0,0,292,7.947552680969238,0.08015992111296788,,arrive_dest
1105,fresh,0,fresh,,,0,0.0,0,0,0,0,0,10.0,5.0,5.0,20.0,0,306,8.494282722473145,0.09376555037824741,,out_of_road
1106,fresh,0,fresh,,,0,0.0,0,0,0,0,0,10.0,5.0,5.0,20.0,0,259,6.9376420974731445,0.06298254806643647,,out_of_road
1107,fresh,0,fresh,,,0,0.0,0,0,0,0,0,10.0,5.0,5.0,20.0,0,41,0.785551130771637,0.023981546483388762,,arrive_dest
1108,fresh,0,fresh,,,0,0.0,0,0,0,0,0,10.0,5.0,5.0,20.0,0,390,10.798445701599121,0.09993441327928733,,out_of_road
1109,fresh,0,fresh,,,0,0.0,0,0,0,0,0,10.0,5.0,5.0,20.0,0,189,4.822779655456543,0.06977563558353318,,out_of_road
1110,fresh,0,fresh,,,0,0.0,0,0,0,0,0,10.0,5.0,5.0,20.0,0,209,5.678668022155762,0.046080136558032066,,arrive_dest
1111,fresh,0,fresh,,,0,0.0,0,0,0,0,0,10.0,5.0,5.0,20.0,0,595,16.006263732910156,0.0713723431662226,,out_of_road
1112,fresh,0,fresh,,,0,0.0,0,0,0,0,0,10.0,5.0,5.0,20.0,0,385,10.43121337890625,0.10417590531000456,,out_of_road
1113,fresh,0,fresh,,,0,0.0,0,0,0,0,0,10.0,5.0,5.0,20.0,0,1000,29.94392204284668,0.13162534184241667,,max_step
1114,fresh,0,fresh,,,0,0.0,0,0,0,0,0,10.0,5.0,5.0,20.0,0,26,-0.15955711901187897,0.13259426332437074,,out_of_road
1115,fresh,0,fresh,,,0,0.0,0,0,0,0,0,10.0,5.0,5.0,20.0,0,61,0.2529093623161316,0.009410610529365109,,out_of_road
1116,fresh,0,fresh,,,0,0.0,0,0,0,0,0,10.0,5.0,5.0,20.0,0,138,1.9647974967956543,0.05378871421883072,,out_of_road
1117,fresh,0,fresh,,,0,0.0,0,0,0,0,0,10.0,5.0,5.0,20.0,0,1000,11.346223831176758,0.05453424422047101,,max_step
1118,fresh,0,fresh,,,0,0.0,0,0,0,0,0,10.0,5.0,5.0,20.0,0,140,2.2528512477874756,0.027104444685392082,,out_of_road
1119,fresh,0,fresh,,,0,0.0,0,0,0,0,0,10.0,5.0,5.0,20.0,0,384,10.940184593200684,0.1039087870400787,,out_of_road
1120,fresh,0,fresh,,,0,0.0,0,0,0,0,0,10.0,5.0,5.0,20.0,0,1000,21.40054702758789,0.06417414059303701,,max_step
1121,fresh,0,fresh,,,0,0.0,0,0,0,0,0,10.0,5.0,5.0,20.0,0,131,2.0751359462738037,0.012901448417199021,,out_of_road
1122,fresh,0,fresh,,,0,0.0,0,0,0,0,0,10.0,5.0,5.0,20.0,0,105,1.4381221532821655,0.019884255322228584,,out_of_road
1123,fresh,0,fresh,,,0,0.0,0,0,0,0,0,10.0,5.0,5.0,20.0,0,936,28.16225814819336,0.09965155266611399,,arrive_dest
1124,fresh,0,fresh,,,0,0.0,0,0,0,0,0,10.0,5.0,5.0,20.0,0,659,18.39560890197754,0.05941975794279275,,arrive_dest
1125,fresh,0,fresh,,,0,0.0,0,0,0,0,0,10.0,5.0,5.0,20.0,0,61,0.22492271661758423,0.009495260102338478,,out_of_road
1126,fresh,0,fresh,,,0,0.0,0,0,0,0,0,10.0,5.0,5.0,20.0,0,648,18.940641403198242,0.0641095387676794,,arrive_dest
1127,fresh,0,fresh,,,0,0.0,0,0,0,0,0,10.0,5.0,5.0,20.0,0,101,1.3215291500091553,0.007008240309239614,,out_of_road
1128,fresh,0,fresh,,,0,0.0,0,0,0,0,0,10.0,5.0,5.0,20.0,0,549,15.358414649963379,0.12119728103084981,,arrive_dest
1129,fresh,0,fresh,,,0,0.0,0,0,0,0,0,10.0,5.0,5.0,20.0,0,563,15.55341625213623,0.04264731496468279,,arrive_dest
1130,fresh,0,fresh,,,0,0.0,0,0,0,0,0,10.0,5.0,5.0,20.0,0,442,11.777566909790039,0.07168761493081893,,out_of_road
1131,fresh,0,fresh,,,0,0.0,0,0,0,0,0,10.0,5.0,5.0,20.0,0,294,9.185591697692871,0.10873503154333757,,arrive_dest
1132,fresh,0,fresh,,,0,0.0,0,0,0,0,0,10.0,5.0,5.0,20.0,0,244,5.180021286010742,0.0223851387396638,,out_of_road
1133,fresh,0,fresh,,,0,0.0,0,0,0,0,0,10.0,5.0,5.0,20.0,0,549,14.626608848571777,0.10896072375973201,,arrive_dest
1134,fresh,0,fresh,,,0,0.0,0,0,0,0,0,10.0,5.0,5.0,20.0,0,58,0.2733955681324005,0.025546222443467582,,out_of_road
1135,fresh,0,fresh,,,0,0.0,0,0,0,0,0,10.0,5.0,5.0,20.0,0,162,3.3947365283966064,0.03116329809087386,,out_of_road
1136,fresh,0,fresh,,,0,0.0,0,0,0,0,0,10.0,5.0,5.0,20.0,0,34,0.5164330005645752,0.04316881824942196,,arrive_dest
1137,fresh,0,fresh,,,0,0.0,0,0,0,0,0,10.0,5.0,5.0,20.0,0,702,18.24109649658203,0.09757067247736997,,arrive_dest
1138,fresh,0,fresh,,,0,0.0,0,0,0,0,0,10.0,5.0,5.0,20.0,0,254,7.340813159942627,0.08007162768305756,,out_of_road
1139,fresh,0,fresh,,,0,0.0,0,0,0,0,0,10.0,5.0,5.0,20.0,0,115,1.5109593868255615,0.013099101270832445,,out_of_road
1140,fresh,0,fresh,,,0,0.0,0,0,0,0,0,10.0,5.0,5.0,20.0,0,1000,15.310358047485352,0.0368806215072982,,max_step
1141,fresh,0,fresh,,,0,0.0,0,0,0,0,0,10.0,5.0,5.0,20.0,0,574,16.32903480529785,0.06158235494797004,,arrive_dest
1142,fresh,0,fresh,,,0,0.0,0,0,0,0,0,10.0,5.0,5.0,20.0,0,175,3.1150267124176025,0.031915581045406205,,out_of_road
1143,fresh,0,fresh,,,0,0.0,0,0,0,0,0,10.0,5.0,5.0,20.0,0,325,8.890589714050293,0.03831518726709943,,arrive_dest
1144,fresh,0,fresh,,,0,0.0,0,0,0,0,0,10.0,5.0,5.0,20.0,0,29,0.3534032106399536,0.0,,arrive_dest
1145,fresh,0,fresh,,,0,0.0,0,0,0,0,0,10.0,5.0,5.0,20.0,0,2,0.2878873348236084,0.0,,arrive_dest
1146,fresh,0,fresh,,,0,0.0,0,0,0,0,0,10.0,5.0,5.0,20.0,0,219,5.47100305557251,0.0644747564211896,,out_of_road
1147,fresh,0,fresh,,,0,0.0,0,0,0,0,0,10.0,5.0,5.0,20.0,0,58,0.178421750664711,0.03259059856645763,,out_of_road
1148,fresh,0,fresh,,,0,0.0,0,0,0,0,0,10.0,5.0,5.0,20.0,0,629,18.5350399017334,0.15142751602524082,,arrive_dest
1149,fresh,0,fresh,,,0,0.0,0,0,0,0,0,10.0,5.0,5.0,20.0,0,129,1.6620062589645386,0.013451876819076003,,out_of_road
1150,fresh,0,fresh,,,0,0.0,0,0,0,0,0,10.0,5.0,5.0,20.0,0,1000,28.04669761657715,0.0878972586481832,,max_step
1151,fresh,0,fresh,,,0,0.0,0,0,0,0,0,10.0,5.0,5.0,20.0,0,365,10.928851127624512,0.1355146841618092,,out_of_road
1152,fresh,0,fresh,,,0,0.0,0,0,0,0,0,10.0,5.0,5.0,20.0,0,310,8.489377975463867,0.10524761996592485,,out_of_road
1153,fresh,0,fresh,,,0,0.0,0,0,0,0,0,10.0,5.0,5.0,20.0,0,161,3.4910922050476074,0.03505990583368618,,out_of_road
1154,fresh,0,fresh,,,0,0.0,0,0,0,0,0,10.0,5.0,5.0,20.0,0,68,0.3076261878013611,0.024447839022340143,,out_of_road
1155,fresh,0,fresh,,,0,0.0,0,0,0,0,0,10.0,5.0,5.0,20.0,0,189,3.3150477409362793,0.02720048673273552,,out_of_road
1156,fresh,0,fresh,,,0,0.0,0,0,0,0,0,10.0,5.0,5.0,20.0,0,465,9.35515022277832,0.04304355040958692,,out_of_road
1157,fresh,0,fresh,,,0,0.0,0,0,0,0,0,10.0,5.0,5.0,20.0,0,427,10.91308307647705,0.08480521029110047,,arrive_dest
1158,fresh,0,fresh,,,0,0.0,0,0,0,0,0,10.0,5.0,5.0,20.0,0,116,1.5566515922546387,0.021407105622748876,,out_of_road
1159,fresh,0,fresh,,,0,0.0,0,0,0,0,0,10.0,5.0,5.0,20.0,0,473,10.990278244018555,0.06323637320447406,,out_of_road
1160,fresh,0,fresh,,,0,0.0,0,0,0,0,0,10.0,5.0,5.0,20.0,0,349,9.392053604125977,0.10806033695196696,,out_of_road
1161,fresh,0,fresh,,,0,0.0,0,0,0,0,0,10.0,5.0,5.0,20.0,0,468,12.843297958374023,0.04854980798295906,,out_of_road
1162,fresh,0,fresh,,,0,0.0,0,0,0,0,0,10.0,5.0,5.0,20.0,0,302,7.915427207946777,0.037327444945640914,,out_of_road
1163,fresh,0,fresh,,,0,0.0,0,0,0,0,0,10.0,5.0,5.0,20.0,0,359,9.844444274902344,0.12372597146125557,,out_of_road
1164,fresh,0,fresh,,,0,0.0,0,0,0,0,0,10.0,5.0,5.0,20.0,0,126,2.1984498500823975,0.01052720770831146,,out_of_road
1165,fresh,0,fresh,,,0,0.0,0,0,0,0,0,10.0,5.0,5.0,20.0,0,708,20.991769790649414,0.09236523197532373,,arrive_dest
1166,fresh,0,fresh,,,0,0.0,0,0,0,0,0,10.0,5.0,5.0,20.0,0,283,8.222118377685547,0.03912318428951997,,arrive_dest
1167,fresh,0,fresh,,,0,0.0,0,0,0,0,0,10.0,5.0,5.0,20.0,0,269,6.089724540710449,0.08023592604490405,,out_of_road
1168,fresh,0,fresh,,,0,0.0,0,0,0,0,0,10.0,5.0,5.0,20.0,0,584,13.315217971801758,0.08066818039395451,,arrive_dest
1169,fresh,0,fresh,,,0,0.0,0,0,0,0,0,10.0,5.0,5.0,20.0,0,172,3.8726491928100586,0.04409657781239772,,out_of_road
1170,fresh,0,fresh,,,0,0.0,0,0,0,0,0,10.0,5.0,5.0,20.0,0,313,7.741204738616943,0.03170516023846766,,out_of_road
1171,fresh,0,fresh,,,0,0.0,0,0,0,0,0,10.0,5.0,5.0,20.0,0,804,21.64606475830078,0.06795202009901126,,arrive_dest
1172,fresh,0,fresh,,,0,0.0,0,0,0,0,0,10.0,5.0,5.0,20.0,0,925,26.613683700561523,0.09022054502488794,,arrive_dest
1173,fresh,0,fresh,,,0,0.0,0,0,0,0,0,10.0,5.0,5.0,20.0,0,1000,10.956256866455078,0.04547616667347029,,max_step
1174,fresh,0,fresh,,,0,0.0,0,0,0,0,0,10.0,5.0,5.0,20.0,0,233,4.896711349487305,0.060025714231902824,,out_of_road
1175,fresh,0,fresh,,,0,0.0,0,0,0,0,0,10.0,5.0,5.0,20.0,0,91,1.9420145750045776,0.03399148421710009,,arrive_dest
1176,fresh,0,fresh,,,0,0.0,0,0,0,0,0,10.0,5.0,5.0,20.0,0,614,16.584083557128906,0.0660056289094303,,arrive_dest
1177,fresh,0,fresh,,,0,0.0,0,0,0,0,0,10.0,5.0,5.0,20.0,0,198,3.374199151992798,0.015569332479075952,,out_of_road
1178,fresh,0,fresh,,,0,0.0,0,0,0,0,0,10.0,5.0,5.0,20.0,0,197,3.3475453853607178,0.014694063521231416,,out_of_road
1179,fresh,0,fresh,,,0,0.0,0,0,0,0,0,10.0,5.0,5.0,20.0,0,108,2.3902149200439453,0.023931906903507532,,arrive_dest
1180,fresh,0,fresh,,,0,0.0,0,0,0,0,0,10.0,5.0,5.0,20.0,0,465,11.86948299407959,0.13942327705782748,,out_of_road
1181,fresh,0,fresh,,,0,0.0,0,0,0,0,0,10.0,5.0,5.0,20.0,0,238,7.04480504989624,0.06094742252906205,,arrive_dest
1182,fresh,0,fresh,,,0,0.0,0,0,0,0,0,10.0,5.0,5.0,20.0,0,361,8.684579849243164,0.02389411974396464,,out_of_road
1183,fresh,0,fresh,,,0,0.0,0,0,0,0,0,10.0,5.0,5.0,20.0,0,553,15.386456489562988,0.08229226953283485,,out_of_road
1184,fresh,0,fresh,,,0,0.0,0,0,0,0,0,10.0,5.0,5.0,20.0,0,710,20.730030059814453,0.13637883284155436,,arrive_dest
1185,fresh,0,fresh,,,0,0.0,0,0,0,0,0,10.0,5.0,5.0,20.0,0,649,18.209339141845703,0.06842006224376912,,arrive_dest
1186,fresh,0,fresh,,,0,0.0,0,0,0,0,0,10.0,5.0,5.0,20.0,0,548,15.941964149475098,0.11923801024481791,,out_of_road
1187,fresh,0,fresh,,,0,0.0,0,0,0,0,0,10.0,5.0,5.0,20.0,0,659,16.821216583251953,0.11549263126930513,,arrive_dest
1188,fresh,0,fresh,,,0,0.0,0,0,0,0,0,10.0,5.0,5.0,20.0,0,756,20.657316207885742,0.05765697474944992,,arrive_dest
1189,fresh,0,fresh,,,0,0.0,0,0,0,0,0,10.0,5.0,5.0,20.0,0,110,1.475103735923767,0.011259882617741824,,out_of_road
1190,fresh,0,fresh,,,0,0.0,0,0,0,0,0,10.0,5.0,5.0,20.0,0,494,11.482613563537598,0.04672525880899778,,out_of_road
1191,fresh,0,fresh,,,0,0.0,0,0,0,0,0,10.0,5.0,5.0,20.0,0,560,14.126566886901855,0.04988482126583611,,out_of_road
1192,fresh,0,fresh,,,0,0.0,0,0,0,0,0,10.0,5.0,5.0,20.0,0,618,17.218759536743164,0.07682126679783235,,out_of_road
1193,fresh,0,fresh,,,0,0.0,0,0,0,0,0,10.0,5.0,5.0,20.0,0,411,11.421422004699707,0.06152399588906526,,out_of_road
1194,fresh,0,fresh,,,0,0.0,0,0,0,0,0,10.0,5.0,5.0,20.0,0,127,1.988494634628296,0.007015977230832333,,out_of_road
1195,fresh,0,fresh,,,0,0.0,0,0,0,0,0,10.0,5.0,5.0,20.0,0,170,3.4494102001190186,0.023113275048158625,,out_of_road
1196,fresh,0,fresh,,,0,0.0,0,0,0,0,0,10.0,5.0,5.0,20.0,0,249,6.536643981933594,0.06536524566301859,,out_of_road
1197,fresh,0,fresh,,,0,0.0,0,0,0,0,0,10.0,5.0,5.0,20.0,0,56,0.28597360849380493,0.017831228473888978,,out_of_road
1198,fresh,0,fresh,,,0,0.0,0,0,0,0,0,10.0,5.0,5.0,20.0,0,89,1.7300000190734863,0.034718341675450966,,arrive_dest
1199,fresh,0,fresh,,,0,0.0,0,0,0,0,0,10.0,5.0,5.0,20.0,0,658,16.32318878173828,0.06557252245713138,,arrive_dest
1200,fresh,0,fresh,,,0,0.0,0,0,0,0,0,10.0,5.0,5.0,20.0,0,606,16.218402862548828,0.058390862065622516,,out_of_road
1201,fresh,0,fresh,,,0,0.0,0,0,0,0,0,10.0,5.0,5.0,20.0,0,551,14.77221965789795,0.1423650004963531,,out_of_road
1202,fresh,0,fresh,,,0,0.0,0,0,0,0,0,10.0,5.0,5.0,20.0,0,274,-0.1261376589536667,0.04647159797860051,,out_of_road
1203,fresh,0,fresh,,,0,0.0,0,0,0,0,0,10.0,5.0,5.0,20.0,0,369,11.17397403717041,0.17407235878249655,,out_of_road
1204,fresh,0,fresh,,,0,0.0,0,0,0,0,0,10.0,5.0,5.0,20.0,0,336,8.009952545166016,0.044223876110100674,,out_of_road
1205,fresh,0,fresh,,,0,0.0,0,0,0,0,0,10.0,5.0,5.0,20.0,0,477,11.348767280578613,0.03980117867577751,,out_of_road
1206,fresh,0,fresh,,,0,0.0,0,0,0,0,0,10.0,5.0,5.0,20.0,0,1000,0.011372747831046581,0.0009279540069401265,,max_step
1207,fresh,0,fresh,,,0,0.0,0,0,0,0,0,10.0,5.0,5.0,20.0,0,102,1.4168016910552979,0.023702309033194303,,out_of_road
1208,fresh,0,fresh,,,0,0.0,0,0,0,0,0,10.0,5.0,5.0,20.0,0,207,4.988500595092773,0.07117202024960863,,arrive_dest
1209,fresh,0,fresh,,,0,0.0,0,0,0,0,0,10.0,5.0,5.0,20.0,0,225,6.395763874053955,0.08093459410799875,,out_of_road
1210,fresh,0,fresh,,,0,0.0,0,0,0,0,0,10.0,5.0,5.0,20.0,0,1000,0.01973661407828331,2.5602650828659533e-05,,max_step
1211,fresh,0,fresh,,,0,0.0,0,0,0,0,0,10.0,5.0,5.0,20.0,0,390,11.204329490661621,0.11359649900800715,,arrive_dest
1212,fresh,0,fresh,,,0,0.0,0,0,0,0,0,10.0,5.0,5.0,20.0,0,434,11.486581802368164,0.06259441474980507,,out_of_road
1213,fresh,0,fresh,,,0,0.0,0,0,0,0,0,10.0,5.0,5.0,20.0,0,62,0.2432006597518921,0.047022771112801086,,out_of_road
1214,fresh,0,fresh,,,0,0.0,0,0,0,0,0,10.0,5.0,5.0,20.0,0,131,1.7045060396194458,0.022747800482849356,,out_of_road
1215,fresh,0,fresh,,,0,0.0,0,0,0,0,0,10.0,5.0,5.0,20.0,0,330,7.81625509262085,0.08315236604574955,,out_of_road
1216,fresh,0,fresh,,,0,0.0,0,0,0,0,0,10.0,5.0,5.0,20.0,0,126,2.1495602130889893,0.020789056345598682,,out_of_road
1217,fresh,0,fresh,,,0,0.0,0,0,0,0,0,10.0,5.0,5.0,20.0,0,150,2.797717571258545,0.034362140695254006,,arrive_dest
1218,fresh,0,fresh,,,0,0.0,0,0,0,0,0,10.0,5.0,5.0,20.0,0,922,26.95917510986328,0.09864638325717369,,arrive_dest
1219,fresh,0,fresh,,,0,0.0,0,0,0,0,0,10.0,5.0,5.0,20.0,0,611,16.699748992919922,0.07638218262539216,,out_of_road
1220,fresh,0,fresh,,,0,0.0,0,0,0,0,0,10.0,5.0,5.0,20.0,0,348,9.360502243041992,0.05606876173318931,,out_of_road
1221,fresh,0,fresh,,,0,0.0,0,0,0,0,0,10.0,5.0,5.0,20.0,0,515,14.300081253051758,0.12377082713454672,,arrive_dest
1222,fresh,0,fresh,,,0,0.0,0,0,0,0,0,10.0,5.0,5.0,20.0,0,801,23.450410842895508,0.10173684989157994,,out_of_road
1223,fresh,0,fresh,,,0,0.0,0,0,0,0,0,10.0,5.0,5.0,20.0,0,211,4.0091400146484375,0.02986685184638294,,out_of_road
1224,fresh,0,fresh,,,0,0.0,0,0,0,0,0,10.0,5.0,5.0,20.0,0,632,17.6286563873291,0.14001903633433807,,arrive_dest
1225,fresh,0,fresh,,,0,0.0,0,0,0,0,0,10.0,5.0,5.0,20.0,0,676,19.24165916442871,0.0689752122618743,,arrive_dest
1226,fresh,0,fresh,,,0,0.0,0,0,0,0,0,10.0,5.0,5.0,20.0,0,347,8.553098678588867,0.040894457815088846,,arrive_dest
1227,fresh,0,fresh,,,0,0.0,0,0,0,0,0,10.0,5.0,5.0,20.0,0,283,6.3789472579956055,0.03915225409461653,,out_of_road
1228,fresh,0,fresh,,,0,0.0,0,0,0,0,0,10.0,5.0,5.0,20.0,0,619,17.6750545501709,0.1379919246768937,,out_of_road
1229,fresh,0,fresh,,,0,0.0,0,0,0,0,0,10.0,5.0,5.0,20.0,0,772,20.652610778808594,0.1334725648039286,,out_of_road
1230,fresh,0,fresh,,,0,0.0,0,0,0,0,0,10.0,5.0,5.0,20.0,0,676,18.41511344909668,0.0778091046862723,,arrive_dest
1231,fresh,0,fresh,,,0,0.0,0,0,0,0,0,10.0,5.0,5.0,20.0,0,333,8.216209411621094,0.04376933302844989,,arrive_dest
1232,fresh,0,fresh,,,0,0.0,0,0,0,0,0,10.0,5.0,5.0,20.0,0,61,0.2580048441886902,0.024423088511971176,,out_of_road
1233,fresh,0,fresh,,,0,0.0,0,0,0,0,0,10.0,5.0,5.0,20.0,0,1000,15.98359203338623,0.05532161635463126,,max_step
1234,fresh,0,fresh,,,0,0.0,0,0,0,0,0,10.0,5.0,5.0,20.0,0,723,20.103649139404297,0.12442377693390791,,out_of_road
1235,fresh,0,fresh,,,0,0.0,0,0,0,0,0,10.0,5.0,5.0,20.0,0,178,3.5800585746765137,0.031262239056712625,,out_of_road
1236,fresh,0,fresh,,,0,0.0,0,0,0,0,0,10.0,5.0,5.0,20.0,0,518,12.825676918029785,0.05093611554695746,,out_of_road
1237,fresh,0,fresh,,,0,0.0,0,0,0,0,0,10.0,5.0,5.0,20.0,0,143,3.2816314697265625,0.04298148566036374,,arrive_dest
1238,fresh,0,fresh,,,0,0.0,0,0,0,0,0,10.0,5.0,5.0,20.0,0,300,8.047479629516602,0.05636486169726898,,out_of_road
1239,fresh,0,fresh,,,0,0.0,0,0,0,0,0,10.0,5.0,5.0,20.0,0,158,2.6789517402648926,0.11448855036751757,,out_of_road
1240,fresh,0,fresh,,,0,0.0,0,0,0,0,0,10.0,5.0,5.0,20.0,0,211,5.128970623016357,0.04387483900298157,,out_of_road
1241,fresh,0,fresh,,,0,0.0,0,0,0,0,0,10.0,5.0,5.0,20.0,0,498,13.151232719421387,0.10754749710937161,,out_of_road
1242,fresh,0,fresh,,,0,0.0,0,0,0,0,0,10.0,5.0,5.0,20.0,0,243,6.303974151611328,0.10136717942317204,,arrive_dest
1243,fresh,0,fresh,,,0,0.0,0,0,0,0,0,10.0,5.0,5.0,20.0,0,273,4.894949913024902,0.020924837139158787,,out_of_road
1244,fresh,0,fresh,,,0,0.0,0,0,0,0,0,10.0,5.0,5.0,20.0,0,136,2.328256130218506,0.07956732217879857,,arrive_dest
1245,fresh,0,fresh,,,0,0.0,0,0,0,0,0,10.0,5.0,5.0,20.0,0,353,9.657033920288086,0.059122228886135365,,arrive_dest
1246,fresh,0,fresh,,,0,0.0,0,0,0,0,0,10.0,5.0,5.0,20.0,0,55,0.213764026761055,0.04759377904913642,,out_of_road
1247,fresh,0,fresh,,,0,0.0,0,0,0,0,0,10.0,5.0,5.0,20.0,0,519,13.693581581115723,0.0686848232830356,,arrive_dest
1248,fresh,0,fresh,,,0,0.0,0,0,0,0,0,10.0,5.0,5.0,20.0,0,604,16.004194259643555,0.07139799238929667,,arrive_dest
1249,fresh,0,fresh,,,0,0.0,0,0,0,0,0,10.0,5.0,5.0,20.0,0,381,9.963956832885742,0.07884424185414561,,out_of_road
1250,fresh,0,fresh,,,0,0.0,0,0,0,0,0,10.0,5.0,5.0,20.0,0,297,8.227094650268555,0.08504397907491887,,out_of_road
1251,fresh,0,fresh,,,0,0.0,0,0,0,0,0,10.0,5.0,5.0,20.0,0,649,8.96450424194336,0.03342972034753482,,out_of_road
1252,fresh,0,fresh,,,0,0.0,0,0,0,0,0,10.0,5.0,5.0,20.0,0,772,22.508638381958008,0.10816339611490812,,arrive_dest
1253,fresh,0,fresh,,,0,0.0,0,0,0,0,0,10.0,5.0,5.0,20.0,0,428,11.13896656036377,0.12415974603902775,,out_of_road
1254,fresh,0,fresh,,,0,0.0,0,0,0,0,0,10.0,5.0,5.0,20.0,0,752,20.702632904052734,0.12098848005692336,,arrive_dest
1255,fresh,0,fresh,,,0,0.0,0,0,0,0,0,10.0,5.0,5.0,20.0,0,330,6.155045509338379,0.014417860476356565,,out_of_road
1256,fresh,0,fresh,,,0,0.0,0,0,0,0,0,10.0,5.0,5.0,20.0,0,241,-0.17580340802669525,0.04152488619614686,,out_of_road
1257,fresh,0,fresh,,,0,0.0,0,0,0,0,0,10.0,5.0,5.0,20.0,0,811,21.782201766967773,0.07389778194319728,,arrive_dest
1258,fresh,0,fresh,,,0,0.0,0,0,0,0,0,10.0,5.0,5.0,20.0,0,481,13.798343658447266,0.07797015945111516,,out_of_road
1259,fresh,0,fresh,,,0,0.0,0,0,0,0,0,10.0,5.0,5.0,20.0,0,513,13.002435684204102,0.06448527374581686,,arrive_dest
1260,fresh,0,fresh,,,0,0.0,0,0,0,0,0,10.0,5.0,5.0,20.0,0,186,3.1856350898742676,0.03079643622241033,,out_of_road
1261,fresh,0,fresh,,,0,0.0,0,0,0,0,0,10.0,5.0,5.0,20.0,0,230,6.491572380065918,0.08528975909170897,,out_of_road
1262,fresh,0,fresh,,,0,0.0,0,0,0,0,0,10.0,5.0,5.0,20.0,0,126,2.3317370414733887,0.0578955175754215,,out_of_road
1263,fresh,0,fresh,,,0,0.0,0,0,0,0,0,10.0,5.0,5.0,20.0,0,229,6.279160022735596,0.0479502426338378,,out_of_road
1264,fresh,0,fresh,,,0,0.0,0,0,0,0,0,10.0,5.0,5.0,20.0,0,597,17.888553619384766,0.12671629692017533,,arrive_dest
1265,fresh,0,fresh,,,0,0.0,0,0,0,0,0,10.0,5.0,5.0,20.0,0,56,0.3147435784339905,0.010561940110554653,,out_of_road
1266,fresh,0,fresh,,,0,0.0,0,0,0,0,0,10.0,5.0,5.0,20.0,0,117,2.2722842693328857,0.06940342489088702,,arrive_dest
1267,fresh,0,fresh,,,0,0.0,0,0,0,0,0,10.0,5.0,5.0,20.0,0,485,15.419501304626465,0.12950772422500262,,arrive_dest
1268,fresh,0,fresh,,,0,0.0,0,0,0,0,0,10.0,5.0,5.0,20.0,0,449,11.765655517578125,0.05428963661648101,,out_of_road
1269,fresh,0,fresh,,,0,0.0,0,0,0,0,0,10.0,5.0,5.0,20.0,0,99,1.2214854955673218,0.09763512019105632,,out_of_road
1270,fresh,0,fresh,,,0,0.0,0,0,0,0,0,10.0,5.0,5.0,20.0,0,655,16.931049346923828,0.05351909861530227,,arrive_dest
1271,fresh,0,fresh,,,0,0.0,0,0,0,0,0,10.0,5.0,5.0,20.0,0,134,2.3740346431732178,0.018445846040858263,,out_of_road
1272,fresh,0,fresh,,,0,0.0,0,0,0,0,0,10.0,5.0,5.0,20.0,0,163,2.5313074588775635,0.033552892574686216,,out_of_road
1273,fresh,0,fresh,,,0,0.0,0,0,0,0,0,10.0,5.0,5.0,20.0,0,436,13.673927307128906,0.10253702568578098,,arrive_dest
1274,fresh,0,fresh,,,0,0.0,0,0,0,0,0,10.0,5.0,5.0,20.0,0,658,18.890474319458008,0.11855356855492043,,arrive_dest
1275,fresh,0,fresh,,,0,0.0,0,0,0,0,0,10.0,5.0,5.0,20.0,0,110,1.6556123495101929,0.011446675698442215,,out_of_road
1276,fresh,0,fresh,,,0,0.0,0,0,0,0,0,10.0,5.0,5.0,20.0,0,46,0.1654919534921646,0.02393453420423295,,out_of_road
1277,fresh,0,fresh,,,0,0.0,0,0,0,0,0,10.0,5.0,5.0,20.0,0,239,6.411023139953613,0.049071714262552094,,out_of_road
1278,fresh,0,fresh,,,0,0.0,0,0,0,0,0,10.0,5.0,5.0,20.0,0,306,7.4389729499816895,0.05501655312719164,,out_of_road
1279,fresh,0,fresh,,,0,0.0,0,0,0,0,0,10.0,5.0,5.0,20.0,0,132,2.2614657878875732,0.012976659920461701,,out_of_road
1280,fresh,0,fresh,,,0,0.0,0,0,0,0,0,10.0,5.0,5.0,20.0,0,2,0.280394971370697,0.0,,arrive_dest
1281,fresh,0,fresh,,,0,0.0,0,0,0,0,0,10.0,5.0,5.0,20.0,0,491,14.627631187438965,0.08133887820981459,,arrive_dest
1282,fresh,0,fresh,,,0,0.0,0,0,0,0,0,10.0,5.0,5.0,20.0,0,693,19.30497169494629,0.07871418469619076,,arrive_dest
1283,fresh,0,fresh,,,0,0.0,0,0,0,0,0,10.0,5.0,5.0,20.0,0,741,20.992881774902344,0.09212981509962263,,out_of_road
1284,fresh,0,fresh,,,0,0.0,0,0,0,0,0,10.0,5.0,5.0,20.0,0,1000,11.030795097351074,0.05516822570748627,,max_step
1285,fresh,0,fresh,,,0,0.0,0,0,0,0,0,10.0,5.0,5.0,20.0,0,366,9.78920841217041,0.11921113467765107,,out_of_road
1286,fresh,0,fresh,,,0,0.0,0,0,0,0,0,10.0,5.0,5.0,20.0,0,483,13.360516548156738,0.09662260206929152,,arrive_dest
1287,fresh,0,fresh,,,0,0.0,0,0,0,0,0,10.0,5.0,5.0,20.0,0,105,1.2854139804840088,0.014788992933574177,,out_of_road
1288,fresh,0,fresh,,,0,0.0,0,0,0,0,0,10.0,5.0,5.0,20.0,0,554,14.264371871948242,0.06275592324078513,,out_of_road
1289,fresh,0,fresh,,,0,0.0,0,0,0,0,0,10.0,5.0,5.0,20.0,0,411,11.612860679626465,0.07436421296702031,,arrive_dest
1290,fresh,0,fresh,,,0,0.0,0,0,0,0,0,10.0,5.0,5.0,20.0,0,676,19.32726287841797,0.11412617210546762,,arrive_dest
1291,fresh,0,fresh,,,0,0.0,0,0,0,0,0,10.0,5.0,5.0,20.0,0,676,19.114124298095703,0.12490970981665529,,out_of_road
1292,fresh,0,fresh,,,0,0.0,0,0,0,0,0,10.0,5.0,5.0,20.0,0,590,17.433855056762695,0.08071188921823119,,arrive_dest
1293,fresh,0,fresh,,,0,0.0,0,0,0,0,0,10.0,5.0,5.0,20.0,0,125,2.000439405441284,0.01955795966088772,,out_of_road
1294,fresh,0,fresh,,,0,0.0,0,0,0,0,0,10.0,5.0,5.0,20.0,0,485,12.981308937072754,0.0861344894063035,,out_of_road
1295,fresh,0,fresh,,,0,0.0,0,0,0,0,0,10.0,5.0,5.0,20.0,0,106,1.5480848550796509,0.010838639966370363,,out_of_road
1296,fresh,0,fresh,,,0,0.0,0,0,0,0,0,10.0,5.0,5.0,20.0,0,1000,14.779364585876465,0.05637135858158581,,max_step
1297,fresh,0,fresh,,,0,0.0,0,0,0,0,0,10.0,5.0,5.0,20.0,0,437,11.343339920043945,0.05856217248301348,,out_of_road
1298,fresh,0,fresh,,,0,0.0,0,0,0,0,0,10.0,5.0,5.0,20.0,0,200,4.686456203460693,0.054066913540009406,,out_of_road
1299,fresh,0,fresh,,,0,0.0,0,0,0,0,0,10.0,5.0,5.0,20.0,0,1000,30.079368591308594,0.11080167626333423,,max_step
1300,fresh,0,fresh,,,0,0.0,0,0,0,0,0,10.0,5.0,5.0,20.0,0,515,12.585622787475586,0.05910224997646456,,out_of_road
1301,fresh,0,fresh,,,0,0.0,0,0,0,0,0,10.0,5.0,5.0,20.0,0,1000,24.584760665893555,0.09796152318967506,,max_step
1302,fresh,0,fresh,,,0,0.0,0,0,0,0,0,10.0,5.0,5.0,20.0,0,450,11.29702377319336,0.05611804250265575,,out_of_road
1303,fresh,0,fresh,,,0,0.0,0,0,0,0,0,10.0,5.0,5.0,20.0,0,137,2.1945431232452393,0.017323408901256367,,out_of_road
1304,fresh,0,fresh,,,0,0.0,0,0,0,0,0,10.0,5.0,5.0,20.0,0,514,14.98432731628418,0.08169884912502963,,arrive_dest
1305,fresh,0,fresh,,,0,0.0,0,0,0,0,0,10.0,5.0,5.0,20.0,0,238,6.256992340087891,0.0416978381578067,,out_of_road
1306,fresh,0,fresh,,,0,0.0,0,0,0,0,0,10.0,5.0,5.0,20.0,0,148,3.199631929397583,0.034443555267628385,,arrive_dest
1307,fresh,0,fresh,,,0,0.0,0,0,0,0,0,10.0,5.0,5.0,20.0,0,326,-0.13123881816864014,0.00024258514489132934,,out_of_road
1308,fresh,0,fresh,,,0,0.0,0,0,0,0,0,10.0,5.0,5.0,20.0,0,117,2.102627992630005,0.004134064556187035,,out_of_road
1309,fresh,0,fresh,,,0,0.0,0,0,0,0,0,10.0,5.0,5.0,20.0,0,1000,17.108491897583008,0.06056490905617829,,max_step
1310,fresh,0,fresh,,,0,0.0,0,0,0,0,0,10.0,5.0,5.0,20.0,0,582,16.282777786254883,0.14182388353164715,,out_of_road
1311,fresh,0,fresh,,,0,0.0,0,0,0,0,0,10.0,5.0,5.0,20.0,0,1000,0.01975497417151928,0.0002578559219837189,,max_step
1312,fresh,0,fresh,,,0,0.0,0,0,0,0,0,10.0,5.0,5.0,20.0,0,343,8.461956024169922,0.048092047201263186,,out_of_road
1313,fresh,0,fresh,,,0,0.0,0,0,0,0,0,10.0,5.0,5.0,20.0,0,29,-0.14460697770118713,0.019816902177087193,,out_of_road
1314,fresh,0,fresh,,,0,0.0,0,0,0,0,0,10.0,5.0,5.0,20.0,0,788,21.943994522094727,0.10122458519961279,,arrive_dest
1315,fresh,0,fresh,,,0,0.0,0,0,0,0,0,10.0,5.0,5.0,20.0,0,280,6.201852321624756,0.024691093330537633,,out_of_road
1316,fresh,0,fresh,,,0,0.0,0,0,0,0,0,10.0,5.0,5.0,20.0,0,605,18.68216896057129,0.10276140406081252,,arrive_dest
1317,fresh,0,fresh,,,0,0.0,0,0,0,0,0,10.0,5.0,5.0,20.0,0,312,8.115423202514648,0.05062337180163759,,out_of_road
1318,fresh,0,fresh,,,0,0.0,0,0,0,0,0,10.0,5.0,5.0,20.0,0,399,10.45880126953125,0.1230331931174511,,out_of_road
1319,fresh,0,fresh,,,0,0.0,0,0,0,0,0,10.0,5.0,5.0,20.0,0,531,13.810609817504883,0.051243270138320696,,arrive_dest
1320,fresh,0,fresh,,,0,0.0,0,0,0,0,0,10.0,5.0,5.0,20.0,0,98,1.3422760963439941,0.02508107593701202,,out_of_road
1321,fresh,0,fresh,,,0,0.0,0,0,0,0,0,10.0,5.0,5.0,20.0,0,353,8.360907554626465,0.03409367961223335,,arrive_dest
1322,fresh,0,fresh,,,0,0.0,0,0,0,0,0,10.0,5.0,5.0,20.0,0,120,1.7741849422454834,0.020310024241916837,,out_of_road
1323,fresh,0,fresh,,,0,0.0,0,0,0,0,0,10.0,5.0,5.0,20.0,0,787,21.12128257751465,0.08526420677400263,,out_of_road
1324,fresh,0,fresh,,,0,0.0,0,0,0,0,0,10.0,5.0,5.0,20.0,0,756,21.2336483001709,0.07646222817298842,,arrive_dest
1325,fresh,0,fresh,,,0,0.0,0,0,0,0,0,10.0,5.0,5.0,20.0,0,291,8.263958930969238,0.04498047007030177,,arrive_dest
1326,fresh,0,fresh,,,0,0.0,0,0,0,0,0,10.0,5.0,5.0,20.0,0,365,9.887201309204102,0.0907685334494414,,arrive_dest
1327,fresh,0,fresh,,,0,0.0,0,0,0,0,0,10.0,5.0,5.0,20.0,0,362,10.674571990966797,0.15753901566672063,,out_of_road
1328,fresh,0,fresh,,,0,0.0,0,0,0,0,0,10.0,5.0,5.0,20.0,0,125,2.1843578815460205,0.026592448063194753,,out_of_road
1329,fresh,0,fresh,,,0,0.0,0,0,0,0,0,10.0,5.0,5.0,20.0,0,2,0.27658596634864807,0.1113317608833313,,arrive_dest
1330,fresh,0,fresh,,,0,0.0,0,0,0,0,0,10.0,5.0,5.0,20.0,0,693,21.035245895385742,0.08919475363496245,,arrive_dest
1331,fresh,0,fresh,,,0,0.0,0,0,0,0,0,10.0,5.0,5.0,20.0,0,241,5.170894145965576,0.09004108473480799,,out_of_road
1332,fresh,0,fresh,,,0,0.0,0,0,0,0,0,10.0,5.0,5.0,20.0,0,477,14.877870559692383,0.12699510237744832,,arrive_dest
1333,fresh,0,fresh,,,0,0.0,0,0,0,0,0,10.0,5.0,5.0,20.0,0,213,3.7122628688812256,0.031175706024006218,,out_of_road
1334,fresh,0,fresh,,,0,0.0,0,0,0,0,0,10.0,5.0,5.0,20.0,0,312,8.255358695983887,0.06251975054067607,,out_of_road
1335,fresh,0,fresh,,,0,0.0,0,0,0,0,0,10.0,5.0,5.0,20.0,0,1000,0.030547555536031723,0.0004522359725087881,,max_step
1336,fresh,0,fresh,,,0,0.0,0,0,0,0,0,10.0,5.0,5.0,20.0,0,41,0.5525001287460327,0.03802314511409438,,arrive_dest
1337,fresh,0,fresh,,,0,0.0,0,0,0,0,0,10.0,5.0,5.0,20.0,0,422,3.8680315017700195,0.035475274983802325,,out_of_road
1338,fresh,0,fresh,,,0,0.0,0,0,0,0,0,10.0,5.0,5.0,20.0,0,250,5.371026992797852,0.05317118987068534,,out_of_road
1339,fresh,0,fresh,,,0,0.0,0,0,0,0,0,10.0,5.0,5.0,20.0,0,428,12.44784164428711,0.08828457424642353,,arrive_dest
1340,fresh,0,fresh,,,0,0.0,0,0,0,0,0,10.0,5.0,5.0,20.0,0,737,21.231258392333984,0.08339522893918398,,arrive_dest
1341,fresh,0,fresh,,,0,0.0,0,0,0,0,0,10.0,5.0,5.0,20.0,0,282,5.906592845916748,0.043627533368132215,,arrive_dest
1342,fresh,0,fresh,,,0,0.0,0,0,0,0,0,10.0,5.0,5.0,20.0,0,608,17.851118087768555,0.1266426244960473,,arrive_dest
1343,fresh,0,fresh,,,0,0.0,0,0,0,0,0,10.0,5.0,5.0,20.0,0,624,17.132930755615234,0.12006425585161942,,out_of_road
1344,fresh,0,fresh,,,0,0.0,0,0,0,0,0,10.0,5.0,5.0,20.0,0,326,3.6341965198516846,0.028148492621086492,,out_of_road
1345,fresh,0,fresh,,,0,0.0,0,0,0,0,0,10.0,5.0,5.0,20.0,0,235,4.909449577331543,0.07610965240746737,,out_of_road
1346,fresh,0,fresh,,,0,0.0,0,0,0,0,0,10.0,5.0,5.0,20.0,0,661,18.184236526489258,0.1265747736767498,,arrive_dest
1347,fresh,0,fresh,,,0,0.0,0,0,0,0,0,10.0,5.0,5.0,20.0,0,2,0.27566078305244446,0.0,,arrive_dest
1348,fresh,0,fresh,,,0,0.0,0,0,0,0,0,10.0,5.0,5.0,20.0,0,690,19.05683708190918,0.1231912297345158,,arrive_dest
1349,fresh,0,fresh,,,0,0.0,0,0,0,0,0,10.0,5.0,5.0,20.0,0,430,11.794208526611328,0.09973292602469798,,arrive_dest
1350,fresh,0,fresh,,,0,0.0,0,0,0,0,0,10.0,5.0,5.0,20.0,0,714,20.801620483398438,0.09333248005616439,,arrive_dest
1351,fresh,0,fresh,,,0,0.0,0,0,0,0,0,10.0,5.0,5.0,20.0,0,872,23.50432777404785,0.0852281885865623,,arrive_dest
1352,fresh,0,fresh,,,0,0.0,0,0,0,0,0,10.0,5.0,5.0,20.0,0,364,8.5584135055542,0.06665030125769081,,out_of_road
1353,fresh,0,fresh,,,0,0.0,0,0,0,0,0,10.0,5.0,5.0,20.0,0,472,12.491392135620117,0.0751254001565246,,out_of_road
1354,fresh,0,fresh,,,0,0.0,0,0,0,0,0,10.0,5.0,5.0,20.0,0,736,20.429290771484375,0.1189867541391362,,arrive_dest
1355,fresh,0,fresh,,,0,0.0,0,0,0,0,0,10.0,5.0,5.0,20.0,0,135,2.0892093181610107,0.005468819007553436,,out_of_road
1356,fresh,0,fresh,,,0,0.0,0,0,0,0,0,10.0,5.0,5.0,20.0,0,744,19.417837142944336,0.10857201012299567,,arrive_dest
1357,fresh,0,fresh,,,0,0.0,0,0,0,0,0,10.0,5.0,5.0,20.0,0,1000,10.739718437194824,0.05054811641946435,,max_step
1358,fresh,0,fresh,,,0,0.0,0,0,0,0,0,10.0,5.0,5.0,20.0,0,155,3.2638516426086426,0.014005536706216874,,arrive_dest
1359,fresh,0,fresh,,,0,0.0,0,0,0,0,0,10.0,5.0,5.0,20.0,0,92,1.960965871810913,0.016392817963724552,,arrive_dest
1360,fresh,0,fresh,,,0,0.0,0,0,0,0,0,10.0,5.0,5.0,20.0,0,551,15.893449783325195,0.08071409638450497,,arrive_dest
1361,fresh,0,fresh,,,0,0.0,0,0,0,0,0,10.0,5.0,5.0,20.0,0,104,1.7623639106750488,0.04627602182937643,,arrive_dest
1362,fresh,0,fresh,,,0,0.0,0,0,0,0,0,10.0,5.0,5.0,20.0,0,613,18.665620803833008,0.12137156319280336,,arrive_dest
1363,fresh,0,fresh,,,0,0.0,0,0,0,0,0,10.0,5.0,5.0,20.0,0,1000,8.533411979675293,0.036894533762242644,,max_step
1364,fresh,0,fresh,,,0,0.0,0,0,0,0,0,10.0,5.0,5.0,20.0,0,229,7.083310127258301,0.06588627043786137,,arrive_dest
1365,fresh,0,fresh,,,0,0.0,0,0,0,0,0,10.0,5.0,5.0,20.0,0,504,12.168245315551758,0.04897169505212722,,arrive_dest
1366,fresh,0,fresh,,,0,0.0,0,0,0,0,0,10.0,5.0,5.0,20.0,0,646,18.09539222717285,0.06618027537524118,,arrive_dest
1367,fresh,0,fresh,,,0,0.0,0,0,0,0,0,10.0,5.0,5.0,20.0,0,272,7.181886196136475,0.06084647271028884,,arrive_dest
1368,fresh,0,fresh,,,0,0.0,0,0,0,0,0,10.0,5.0,5.0,20.0,0,222,4.94795036315918,0.04770420656145156,,out_of_road
1369,fresh,0,fresh,,,0,0.0,0,0,0,0,0,10.0,5.0,5.0,20.0,0,314,8.180103302001953,0.04757976548591997,,arrive_dest
1370,fresh,0,fresh,,,0,0.0,0,0,0,0,0,10.0,5.0,5.0,20.0,0,1000,0.03253178298473358,0.0,,max_step
1371,fresh,0,fresh,,,0,0.0,0,0,0,0,0,10.0,5.0,5.0,20.0,0,545,15.685032844543457,0.08201065801998275,,arrive_dest
1372,fresh,0,fresh,,,0,0.0,0,0,0,0,0,10.0,5.0,5.0,20.0,0,128,2.204077959060669,0.03333350002503721,,out_of_road
1373,fresh,0,fresh,,,0,0.0,0,0,0,0,0,10.0,5.0,5.0,20.0,0,498,-0.12633360922336578,0.0005627152431442077,,out_of_road
1374,fresh,0,fresh,,,0,0.0,0,0,0,0,0,10.0,5.0,5.0,20.0,0,877,26.506534576416016,0.1148981909935831,,arrive_dest
1375,fresh,0,fresh,,,0,0.0,0,0,0,0,0,10.0,5.0,5.0,20.0,0,86,1.683100700378418,0.005305581238813872,,arrive_dest
1376,fresh,0,fresh,,,0,0.0,0,0,0,0,0,10.0,5.0,5.0,20.0,0,204,-0.19144204258918762,0.0020621931728194744,,out_of_road
1377,fresh,0,fresh,,,0,0.0,0,0,0,0,0,10.0,5.0,5.0,20.0,0,2,0.2735939919948578,0.0,,arrive_dest
1378,fresh,0,fresh,,,0,0.0,0,0,0,0,0,10.0,5.0,5.0,20.0,0,102,1.5038557052612305,0.005141547812587198,,out_of_road
1379,fresh,0,fresh,,,0,0.0,0,0,0,0,0,10.0,5.0,5.0,20.0,0,162,3.3767409324645996,0.06373152476419223,,out_of_road
1380,fresh,0,fresh,,,0,0.0,0,0,0,0,0,10.0,5.0,5.0,20.0,0,809,24.394243240356445,0.11496213704119672,,arrive_dest
1381,fresh,0,fresh,,,0,0.0,0,0,0,0,0,10.0,5.0,5.0,20.0,0,200,3.1188788414001465,0.012535412679426372,,out_of_road
1382,fresh,0,fresh,,,0,0.0,0,0,0,0,0,10.0,5.0,5.0,20.0,0,540,15.694464683532715,0.05575016183062905,,arrive_dest
1383,fresh,0,fresh,,,0,0.0,0,0,0,0,0,10.0,5.0,5.0,20.0,0,128,1.5414528846740723,0.01751054796477547,,out_of_road
1384,fresh,0,fresh,,,0,0.0,0,0,0,0,0,10.0,5.0,5.0,20.0,0,517,13.385164260864258,0.14528098696486114,,out_of_road
1385,fresh,0,fresh,,,0,0.0,0,0,0,0,0,10.0,5.0,5.0,20.0,0,360,10.317266464233398,0.13112793479813262,,out_of_road
1386,fresh,0,fresh,,,0,0.0,0,0,0,0,0,10.0,5.0,5.0,20.0,0,29,-0.14665834605693817,0.034787173928885626,,out_of_road
1387,fresh,0,fresh,,,0,0.0,0,0,0,0,0,10.0,5.0,5.0,20.0,0,313,7.822661399841309,0.06593323397798279,,out_of_road
1388,fresh,0,fresh,,,0,0.0,0,0,0,0,0,10.0,5.0,5.0,20.0,0,299,8.508610725402832,0.06990575774519839,,arrive_dest
1389,fresh,0,fresh,,,0,0.0,0,0,0,0,0,10.0,5.0,5.0,20.0,0,2,0.27311766147613525,0.0,,arrive_dest
1390,fresh,0,fresh,,,0,0.0,0,0,0,0,0,10.0,5.0,5.0,20.0,0,761,21.813655853271484,0.08691107647116547,,arrive_dest
1391,fresh,0,fresh,,,0,0.0,0,0,0,0,0,10.0,5.0,5.0,20.0,0,514,13.615507125854492,0.12592231179134566,,out_of_road
1392,fresh,0,fresh,,,0,0.0,0,0,0,0,0,10.0,5.0,5.0,20.0,0,318,8.780299186706543,0.059040885063550146,,arrive_dest
1393,fresh,0,fresh,,,0,0.0,0,0,0,0,0,10.0,5.0,5.0,20.0,0,274,6.420538902282715,0.0565293797624916,,out_of_road
1394,fresh,0,fresh,,,0,0.0,0,0,0,0,0,10.0,5.0,5.0,20.0,0,52,0.16560515761375427,0.022069130665980853,,out_of_road
1395,fresh,0,fresh,,,0,0.0,0,0,0,0,0,10.0,5.0,5.0,20.0,0,298,8.14746379852295,0.07935971526535315,,arrive_dest
1396,fresh,0,fresh,,,0,0.0,0,0,0,0,0,10.0,5.0,5.0,20.0,0,472,12.69263744354248,0.0911094652660491,,out_of_road
1397,fresh,0,fresh,,,0,0.0,0,0,0,0,0,10.0,5.0,5.0,20.0,0,377,9.593779563903809,0.046947953267769016,,out_of_road
1398,fresh,0,fresh,,,0,0.0,0,0,0,0,0,10.0,5.0,5.0,20.0,0,620,17.44182586669922,0.08238486596608474,,arrive_dest
1399,fresh,0,fresh,,,0,0.0,0,0,0,0,0,10.0,5.0,5.0,20.0,0,264,6.484468460083008,0.08651518403326697,,out_of_road
1400,fresh,0,fresh,,,0,0.0,0,0,0,0,0,10.0,5.0,5.0,20.0,0,109,1.419368028640747,0.015592378876043842,,out_of_road
1401,fresh,0,fresh,,,0,0.0,0,0,0,0,0,10.0,5.0,5.0,20.0,0,257,6.574864864349365,0.055516689983178436,,out_of_road
1402,fresh,0,fresh,,,0,0.0,0,0,0,0,0,10.0,5.0,5.0,20.0,0,201,3.436420202255249,0.021666093458379828,,out_of_road
1403,fresh,0,fresh,,,0,0.0,0,0,0,0,0,10.0,5.0,5.0,20.0,0,369,10.298971176147461,0.08305234187484535,,arrive_dest
1404,fresh,0,fresh,,,0,0.0,0,0,0,0,0,10.0,5.0,5.0,20.0,0,339,8.923723220825195,0.09000304761372924,,out_of_road
1405,fresh,0,fresh,,,0,0.0,0,0,0,0,0,10.0,5.0,5.0,20.0,0,88,1.9646052122116089,0.018273365556855093,,arrive_dest
1406,fresh,0,fresh,,,0,0.0,0,0,0,0,0,10.0,5.0,5.0,20.0,0,73,0.28061017394065857,0.017862359827307807,,out_of_road
1407,fresh,0,fresh,,,0,0.0,0,0,0,0,0,10.0,5.0,5.0,20.0,0,648,16.102493286132812,0.11732322688467432,,out_of_road
1408,fresh,0,fresh,,,0,0.0,0,0,0,0,0,10.0,5.0,5.0,20.0,0,156,3.721097707748413,0.060906949130674966,,arrive_dest
1409,fresh,0,fresh,,,0,0.0,0,0,0,0,0,10.0,5.0,5.0,20.0,0,755,6.669251441955566,0.022230499873357203,,out_of_road
1410,fresh,0,fresh,,,0,0.0,0,0,0,0,0,10.0,5.0,5.0,20.0,0,991,27.855716705322266,0.10668031221883434,,arrive_dest
1411,fresh,0,fresh,,,0,0.0,0,0,0,0,0,10.0,5.0,5.0,20.0,0,15,0.30853357911109924,0.0,,arrive_dest
1412,fresh,0,fresh,,,0,0.0,0,0,0,0,0,10.0,5.0,5.0,20.0,0,161,2.630711078643799,0.047838789885227356,,out_of_road
1413,fresh,0,fresh,,,0,0.0,0,0,0,0,0,10.0,5.0,5.0,20.0,0,197,3.719060182571411,0.02698357067624022,,out_of_road
1414,fresh,0,fresh,,,0,0.0,0,0,0,0,0,10.0,5.0,5.0,20.0,0,354,4.9715375900268555,0.046767349628531664,,out_of_road
1415,fresh,0,fresh,,,0,0.0,0,0,0,0,0,10.0,5.0,5.0,20.0,0,100,1.4054163694381714,0.01364126781001687,,out_of_road
1416,fresh,0,fresh,,,0,0.0,0,0,0,0,0,10.0,5.0,5.0,20.0,0,109,2.4091851711273193,0.05124750135278483,,arrive_dest
1417,fresh,0,fresh,,,0,0.0,0,0,0,0,0,10.0,5.0,5.0,20.0,0,96,2.160309314727783,0.019566830548380192,,arrive_dest
1418,fresh,0,fresh,,,0,0.0,0,0,0,0,0,10.0,5.0,5.0,20.0,0,1000,10.051526069641113,0.036134132306091485,,max_step
1419,fresh,0,fresh,,,0,0.0,0,0,0,0,0,10.0,5.0,5.0,20.0,0,864,24.65147590637207,0.10441279029193404,,arrive_dest
1420,fresh,0,fresh,,,0,0.0,0,0,0,0,0,10.0,5.0,5.0,20.0,0,104,1.5430405139923096,0.010211161382567998,,out_of_road
1421,fresh,0,fresh,,,0,0.0,0,0,0,0,0,10.0,5.0,5.0,20.0,0,179,1.7050142288208008,0.02191691042324684,,out_of_road
1422,fresh,0,fresh,,,0,0.0,0,0,0,0,0,10.0,5.0,5.0,20.0,0,337,8.718036651611328,0.08947099073450095,,arrive_dest
1423,fresh,0,fresh,,,0,0.0,0,0,0,0,0,10.0,5.0,5.0,20.0,0,110,1.5175889730453491,0.008863819648765705,,out_of_road
1424,fresh,0,fresh,,,0,0.0,0,0,0,0,0,10.0,5.0,5.0,20.0,0,303,8.93659782409668,0.11048002055732428,,out_of_road
1425,fresh,0,fresh,,,0,0.0,0,0,0,0,0,10.0,5.0,5.0,20.0,0,111,1.54221773147583,0.020838143383698153,,out_of_road
1426,fresh,0,fresh,,,0,0.0,0,0,0,0,0,10.0,5.0,5.0,20.0,0,356,10.08818531036377,0.0959731651708128,,arrive_dest
1427,fresh,0,fresh,,,0,0.0,0,0,0,0,0,10.0,5.0,5.0,20.0,0,278,6.705837726593018,0.0719042358913278,,out_of_road
1428,fresh,0,fresh,,,0,0.0,0,0,0,0,0,10.0,5.0,5.0,20.0,0,63,0.28681689500808716,0.002876908533156864,,out_of_road
1429,fresh,0,fresh,,,0,0.0,0,0,0,0,0,10.0,5.0,5.0,20.0,0,1000,0.08768729120492935,0.0003233799338340759,,max_step
1430,fresh,0,fresh,,,0,0.0,0,0,0,0,0,10.0,5.0,5.0,20.0,0,105,1.7563978433609009,0.007210390269756317,,out_of_road
1431,fresh,0,fresh,,,0,0.0,0,0,0,0,0,10.0,5.0,5.0,20.0,0,322,8.156083106994629,0.051298275495942985,,arrive_dest
1432,fresh,0,fresh,,,0,0.0,0,0,0,0,0,10.0,5.0,5.0,20.0,0,127,2.08154034614563,0.017502259030410156,,out_of_road
1433,fresh,0,fresh,,,0,0.0,0,0,0,0,0,10.0,5.0,5.0,20.0,0,152,1.9209603071212769,0.02445833810672507,,out_of_road
1434,fresh,0,fresh,,,0,0.0,0,0,0,0,0,10.0,5.0,5.0,20.0,0,130,0.3161749243736267,0.018383625679864332,,out_of_road
1435,fresh,0,fresh,,,0,0.0,0,0,0,0,0,10.0,5.0,5.0,20.0,0,478,12.318140983581543,0.10334886741633507,,out_of_road
1436,fresh,0,fresh,,,0,0.0,0,0,0,0,0,10.0,5.0,5.0,20.0,0,617,18.04043197631836,0.07706749661051256,,arrive_dest
1437,fresh,0,fresh,,,0,0.0,0,0,0,0,0,10.0,5.0,5.0,20.0,0,72,0.33702707290649414,0.017084936863587547,,out_of_road
1438,fresh,0,fresh,,,0,0.0,0,0,0,0,0,10.0,5.0,5.0,20.0,0,256,7.2668843269348145,0.07053157761674811,,arrive_dest
1439,fresh,0,fresh,,,0,0.0,0,0,0,0,0,10.0,5.0,5.0,20.0,0,545,12.598721504211426,0.08878177593188753,,out_of_road
1440,fresh,0,fresh,,,0,0.0,0,0,0,0,0,10.0,5.0,5.0,20.0,0,809,19.593446731567383,0.10870873092570686,,arrive_dest
1441,fresh,0,fresh,,,0,0.0,0,0,0,0,0,10.0,5.0,5.0,20.0,0,470,11.094117164611816,0.08513210384036474,,out_of_road
1442,fresh,0,fresh,,,0,0.0,0,0,0,0,0,10.0,5.0,5.0,20.0,0,541,14.29100227355957,0.059872408950952694,,out_of_road
1443,fresh,0,fresh,,,0,0.0,0,0,0,0,0,10.0,5.0,5.0,20.0,0,537,4.692672252655029,0.023594104424743346,,out_of_road
1444,fresh,0,fresh,,,0,0.0,0,0,0,0,0,10.0,5.0,5.0,20.0,0,286,8.17628288269043,0.05663765533794682,,arrive_dest
1445,fresh,0,fresh,,,0,0.0,0,0,0,0,0,10.0,5.0,5.0,20.0,0,227,5.330255508422852,0.023136608089250613,,arrive_dest
1446,fresh,0,fresh,,,0,0.0,0,0,0,0,0,10.0,5.0,5.0,20.0,0,378,9.61036491394043,0.06738276319195166,,arrive_dest
1447,fresh,0,fresh,,,0,0.0,0,0,0,0,0,10.0,5.0,5.0,20.0,0,810,23.806594848632812,0.07814296756261661,,arrive_dest
1448,fresh,0,fresh,,,0,0.0,0,0,0,0,0,10.0,5.0,5.0,20.0,0,231,6.442602157592773,0.04959409888954712,,out_of_road
1449,fresh,0,fresh,,,0,0.0,0,0,0,0,0,10.0,5.0,5.0,20.0,0,840,25.58245849609375,0.06845247833379767,,arrive_dest
1450,fresh,0,fresh,,,0,0.0,0,0,0,0,0,10.0,5.0,5.0,20.0,0,502,14.322507858276367,0.054558467428827015,,arrive_dest
1451,fresh,0,fresh,,,0,0.0,0,0,0,0,0,10.0,5.0,5.0,20.0,0,112,1.6876640319824219,0.01615621688792349,,out_of_road
1452,fresh,0,fresh,,,0,0.0,0,0,0,0,0,10.0,5.0,5.0,20.0,0,342,9.190231323242188,0.06820243745987788,,arrive_dest
1453,fresh,0,fresh,,,0,0.0,0,0,0,0,0,10.0,5.0,5.0,20.0,0,651,14.827540397644043,0.07197824100707693,,out_of_road
1454,fresh,0,fresh,,,0,0.0,0,0,0,0,0,10.0,5.0,5.0,20.0,0,345,8.14262866973877,0.07308175225161771,,out_of_road
1455,fresh,0,fresh,,,0,0.0,0,0,0,0,0,10.0,5.0,5.0,20.0,0,196,6.148582458496094,0.04591886434295424,,arrive_dest
1456,fresh,0,fresh,,,0,0.0,0,0,0,0,0,10.0,5.0,5.0,20.0,0,142,1.9774460792541504,0.021568123054441432,,out_of_road
1457,fresh,0,fresh,,,0,0.0,0,0,0,0,0,10.0,5.0,5.0,20.0,0,153,3.9740495681762695,0.03869644220875808,,arrive_dest
1458,fresh,0,fresh,,,0,0.0,0,0,0,0,0,10.0,5.0,5.0,20.0,0,431,12.451777458190918,0.06033501549264127,,arrive_dest
1459,fresh,0,fresh,,,0,0.0,0,0,0,0,0,10.0,5.0,5.0,20.0,0,533,14.449556350708008,0.08096582454622253,,arrive_dest
1460,fresh,0,fresh,,,0,0.0,0,0,0,0,0,10.0,5.0,5.0,20.0,0,385,6.7756428718566895,0.07508106407552183,,out_of_road
1461,fresh,0,fresh,,,0,0.0,0,0,0,0,0,10.0,5.0,5.0,20.0,0,380,10.322916030883789,0.08083926106827628,,arrive_dest
1462,fresh,0,fresh,,,0,0.0,0,0,0,0,0,10.0,5.0,5.0,20.0,0,659,17.77422332763672,0.06434359046335901,,arrive_dest
1463,fresh,0,fresh,,,0,0.0,0,0,0,0,0,10.0,5.0,5.0,20.0,0,202,4.126933574676514,0.03805455883577614,,arrive_dest
1464,fresh,0,fresh,,,0,0.0,0,0,0,0,0,10.0,5.0,5.0,20.0,0,543,14.589205741882324,0.07476699071667033,,out_of_road
1465,fresh,0,fresh,,,0,0.0,0,0,0,0,0,10.0,5.0,5.0,20.0,0,317,8.144063949584961,0.07173355289203136,,arrive_dest
1466,fresh,0,fresh,,,0,0.0,0,0,0,0,0,10.0,5.0,5.0,20.0,0,388,1.7076860666275024,0.011558495637163827,,out_of_road
1467,fresh,0,fresh,,,0,0.0,0,0,0,0,0,10.0,5.0,5.0,20.0,0,251,5.812671661376953,0.048749221265278905,,out_of_road
1468,fresh,0,fresh,,,0,0.0,0,0,0,0,0,10.0,5.0,5.0,20.0,0,182,2.83117413520813,0.029691142184854292,,out_of_road
1469,fresh,0,fresh,,,0,0.0,0,0,0,0,0,10.0,5.0,5.0,20.0,0,683,19.561233520507812,0.11021517990307002,,arrive_dest
1470,fresh,0,fresh,,,0,0.0,0,0,0,0,0,10.0,5.0,5.0,20.0,0,440,11.351726531982422,0.12943663735535335,,out_of_road
1471,fresh,0,fresh,,,0,0.0,0,0,0,0,0,10.0,5.0,5.0,20.0,0,651,17.251901626586914,0.061612648116539125,,out_of_road
1472,fresh,0,fresh,,,0,0.0,0,0,0,0,0,10.0,5.0,5.0,20.0,0,483,12.869812965393066,0.10918925689074441,,arrive_dest
1473,fresh,0,fresh,,,0,0.0,0,0,0,0,0,10.0,5.0,5.0,20.0,0,642,17.893213272094727,0.07406326435648508,,arrive_dest
1474,fresh,0,fresh,,,0,0.0,0,0,0,0,0,10.0,5.0,5.0,20.0,0,199,6.219786167144775,0.07808201890625996,,arrive_dest
1475,fresh,0,fresh,,,0,0.0,0,0,0,0,0,10.0,5.0,5.0,20.0,0,355,9.874907493591309,0.04832942394906996,,arrive_dest
1476,fresh,0,fresh,,,0,0.0,0,0,0,0,0,10.0,5.0,5.0,20.0,0,375,11.086777687072754,0.141540877862523,,out_of_road
1477,fresh,0,fresh,,,0,0.0,0,0,0,0,0,10.0,5.0,5.0,20.0,0,143,1.4264662265777588,0.015234860689281584,,out_of_road
1478,fresh,0,fresh,,,0,0.0,0,0,0,0,0,10.0,5.0,5.0,20.0,0,253,6.933898448944092,0.07552267152911767,,out_of_road
1479,fresh,0,fresh,,,0,0.0,0,0,0,0,0,10.0,5.0,5.0,20.0,0,130,2.061138391494751,0.01582900221244647,,out_of_road
1480,fresh,0,fresh,,,0,0.0,0,0,0,0,0,10.0,5.0,5.0,20.0,0,30,0.47663384675979614,0.04955403804779053,,arrive_dest
1481,fresh,0,fresh,,,0,0.0,0,0,0,0,0,10.0,5.0,5.0,20.0,0,140,2.440248489379883,0.06825282452628016,,out_of_road
1482,fresh,0,fresh,,,0,0.0,0,0,0,0,0,10.0,5.0,5.0,20.0,0,23,-0.14581874012947083,0.02608980821526569,,out_of_road
1483,fresh,0,fresh,,,0,0.0,0,0,0,0,0,10.0,5.0,5.0,20.0,0,1000,0.037996433675289154,0.0224321531355381,,max_step
1484,fresh,0,fresh,,,0,0.0,0,0,0,0,0,10.0,5.0,5.0,20.0,0,534,15.291370391845703,0.12340037782645125,,out_of_road
1485,fresh,0,fresh,,,0,0.0,0,0,0,0,0,10.0,5.0,5.0,20.0,0,1000,8.6348876953125,0.03538176971627399,,max_step
1486,fresh,0,fresh,,,0,0.0,0,0,0,0,0,10.0,5.0,5.0,20.0,0,141,2.0368711948394775,0.00963180551820613,,out_of_road
1487,fresh,0,fresh,,,0,0.0,0,0,0,0,0,10.0,5.0,5.0,20.0,0,120,2.169255018234253,0.01794419765161971,,out_of_road
1488,fresh,0,fresh,,,0,0.0,0,0,0,0,0,10.0,5.0,5.0,20.0,0,154,1.8679349422454834,0.011543830663159296,,out_of_road
1489,fresh,0,fresh,,,0,0.0,0,0,0,0,0,10.0,5.0,5.0,20.0,0,277,0.3082968592643738,0.01276241634158747,,out_of_road
1490,fresh,0,fresh,,,0,0.0,0,0,0,0,0,10.0,5.0,5.0,20.0,0,736,19.824813842773438,0.13376701346651712,,out_of_road
1491,fresh,0,fresh,,,0,0.0,0,0,0,0,0,10.0,5.0,5.0,20.0,0,26,-0.1272163689136505,0.021021627462827243,,out_of_road
1492,fresh,0,fresh,,,0,0.0,0,0,0,0,0,10.0,5.0,5.0,20.0,0,376,10.21574878692627,0.12470687312282067,,arrive_dest
1493,fresh,0,fresh,,,0,0.0,0,0,0,0,0,10.0,5.0,5.0,20.0,0,324,6.944666862487793,0.04690720108883846,,arrive_dest
1494,fresh,0,fresh,,,0,0.0,0,0,0,0,0,10.0,5.0,5.0,20.0,0,112,1.5454334020614624,0.019462881551589817,,out_of_road
1495,fresh,0,fresh,,,0,0.0,0,0,0,0,0,10.0,5.0,5.0,20.0,0,509,13.710497856140137,0.12446546858571807,,arrive_dest
1496,fresh,0,fresh,,,0,0.0,0,0,0,0,0,10.0,5.0,5.0,20.0,0,350,8.20024585723877,0.08335818939709237,,out_of_road
1497,fresh,0,fresh,,,0,0.0,0,0,0,0,0,10.0,5.0,5.0,20.0,0,381,10.04900074005127,0.09492717088466593,,out_of_road
1498,fresh,0,fresh,,,0,0.0,0,0,0,0,0,10.0,5.0,5.0,20.0,0,325,7.554624080657959,0.07662290981469246,,arrive_dest
1499,fresh,0,fresh,,,0,0.0,0,0,0,0,0,10.0,5.0,5.0,20.0,0,425,9.025650978088379,0.05207150728386991,,out_of_road
1500,fresh,0,fresh,,,0,0.0,0,0,0,0,0,10.0,5.0,5.0,20.0,0,389,9.920019149780273,0.09928316870706687,,out_of_road
1501,fresh,0,fresh,,,0,0.0,0,0,0,0,0,10.0,5.0,5.0,20.0,0,138,3.3676040172576904,0.03908871241129827,,arrive_dest
1502,fresh,0,fresh,,,0,0.0,0,0,0,0,0,10.0,5.0,5.0,20.0,0,158,3.0741312503814697,0.010296158897808364,,out_of_road
1503,fresh,0,fresh,,,0,0.0,0,0,0,0,0,10.0,5.0,5.0,20.0,0,254,7.203478813171387,0.1058614756911993,,arrive_dest
1504,fresh,0,fresh,,,0,0.0,0,0,0,0,0,10.0,5.0,5.0,20.0,0,167,2.7916014194488525,0.025678214031511437,,out_of_road
1505,fresh,0,fresh,,,0,0.0,0,0,0,0,0,10.0,5.0,5.0,20.0,0,96,1.3149688243865967,0.061674915496647977,,out_of_road
1506,fresh,0,fresh,,,0,0.0,0,0,0,0,0,10.0,5.0,5.0,20.0,0,264,5.5391998291015625,0.02416911573417372,,arrive_dest
1507,fresh,0,fresh,,,0,0.0,0,0,0,0,0,10.0,5.0,5.0,20.0,0,279,6.491092681884766,0.04754217222373011,,out_of_road
1508,fresh,0,fresh,,,0,0.0,0,0,0,0,0,10.0,5.0,5.0,20.0,0,103,1.2596334218978882,0.015519639495217685,,out_of_road
1509,fresh,0,fresh,,,0,0.0,0,0,0,0,0,10.0,5.0,5.0,20.0,0,309,8.128189086914062,0.09467397177513556,,out_of_road
1510,fresh,0,fresh,,,0,0.0,0,0,0,0,0,10.0,5.0,5.0,20.0,0,379,10.00908088684082,0.09024898846090666,,out_of_road
1511,fresh,0,fresh,,,0,0.0,0,0,0,0,0,10.0,5.0,5.0,20.0,0,193,3.307936906814575,0.02061551069078359,,out_of_road
1512,fresh,0,fresh,,,0,0.0,0,0,0,0,0,10.0,5.0,5.0,20.0,0,564,16.459362030029297,0.12432191868606585,,arrive_dest
1513,fresh,0,fresh,,,0,0.0,0,0,0,0,0,10.0,5.0,5.0,20.0,0,88,1.8562493324279785,0.026749413121830334,,arrive_dest
1514,fresh,0,fresh,,,0,0.0,0,0,0,0,0,10.0,5.0,5.0,20.0,0,515,15.03630542755127,0.08351548793454411,,arrive_dest
1515,fresh,0,fresh,,,0,0.0,0,0,0,0,0,10.0,5.0,5.0,20.0,0,410,11.268321990966797,0.09204577428300115,,arrive_dest
1516,fresh,0,fresh,,,0,0.0,0,0,0,0,0,10.0,5.0,5.0,20.0,0,112,2.0084359645843506,0.05575945491104254,,arrive_dest
1517,fresh,0,fresh,,,0,0.0,0,0,0,0,0,10.0,5.0,5.0,20.0,0,785,21.254608154296875,0.08966460888523158,,arrive_dest
1518,fresh,0,fresh,,,0,0.0,0,0,0,0,0,10.0,5.0,5.0,20.0,0,375,7.983423709869385,0.05867613137078782,,arrive_dest
1519,fresh,0,fresh,,,0,0.0,0,0,0,0,0,10.0,5.0,5.0,20.0,0,338,8.158251762390137,0.06630989701691023,,out_of_road
1520,fresh,0,fresh,,,0,0.0,0,0,0,0,0,10.0,5.0,5.0,20.0,0,78,0.28468209505081177,0.006922288021693627,,out_of_road
1521,fresh,0,fresh,,,0,0.0,0,0,0,0,0,10.0,5.0,5.0,20.0,0,462,11.211238861083984,0.09189787902869284,,arrive_dest
1522,fresh,0,fresh,,,0,0.0,0,0,0,0,0,10.0,5.0,5.0,20.0,0,1000,28.77242660522461,0.10927343983401079,,max_step
1523,fresh,0,fresh,,,0,0.0,0,0,0,0,0,10.0,5.0,5.0,20.0,0,363,9.619888305664062,0.08003939007288333,,out_of_road
1524,fresh,0,fresh,,,0,0.0,0,0,0,0,0,10.0,5.0,5.0,20.0,0,167,1.719041347503662,0.024284500047330283,,out_of_road
1525,fresh,0,fresh,,,0,0.0,0,0,0,0,0,10.0,5.0,5.0,20.0,0,260,5.352285861968994,0.0489367847617429,,out_of_road
1526,fresh,0,fresh,,,0,0.0,0,0,0,0,0,10.0,5.0,5.0,20.0,0,349,8.534703254699707,0.0529981439767731,,out_of_road
1527,fresh,0,fresh,,,0,0.0,0,0,0,0,0,10.0,5.0,5.0,20.0,0,649,16.5197811126709,0.08822517407491352,,out_of_road
1528,fresh,0,fresh,,,0,0.0,0,0,0,0,0,10.0,5.0,5.0,20.0,0,1000,0.05880230665206909,0.0,,max_step
1529,fresh,0,fresh,,,0,0.0,0,0,0,0,0,10.0,5.0,5.0,20.0,0,379,9.328714370727539,0.032129738939370676,,out_of_road
1530,fresh,0,fresh,,,0,0.0,0,0,0,0,0,10.0,5.0,5.0,20.0,0,351,9.97781753540039,0.045615706145046994,,arrive_dest
1531,fresh,0,fresh,,,0,0.0,0,0,0,0,0,10.0,5.0,5.0,20.0,0,131,1.7017921209335327,0.02413249615124846,,out_of_road
1532,fresh,0,fresh,,,0,0.0,0,0,0,0,0,10.0,5.0,5.0,20.0,0,193,0.3184157609939575,0.013812847136293051,,out_of_road
1533,fresh,0,fresh,,,0,0.0,0,0,0,0,0,10.0,5.0,5.0,20.0,0,687,19.37787628173828,0.14953491687123951,,out_of_road
1534,fresh,0,fresh,,,0,0.0,0,0,0,0,0,10.0,5.0,5.0,20.0,0,783,22.321847915649414,0.08239929096197583,,arrive_dest
1535,fresh,0,fresh,,,0,0.0,0,0,0,0,0,10.0,5.0,5.0,20.0,0,62,0.32274794578552246,0.026844435236266544,,out_of_road
1536,fresh,0,fresh,,,0,0.0,0,0,0,0,0,10.0,5.0,5.0,20.0,0,582,15.89975643157959,0.07699518760234594,,arrive_dest
1537,fresh,0,fresh,,,0,0.0,0,0,0,0,0,10.0,5.0,5.0,20.0,0,534,12.985553741455078,0.08282230107099767,,out_of_road
1538,fresh,0,fresh,,,0,0.0,0,0,0,0,0,10.0,5.0,5.0,20.0,0,288,7.265561103820801,0.08771477635713786,,out_of_road
1539,fresh,0,fresh,,,0,0.0,0,0,0,0,0,10.0,5.0,5.0,20.0,0,554,16.736717224121094,0.11335715284320569,,out_of_road
1540,fresh,0,fresh,,,0,0.0,0,0,0,0,0,10.0,5.0,5.0,20.0,0,76,1.462419867515564,0.032680428782968146,,arrive_dest
1541,fresh,0,fresh,,,0,0.0,0,0,0,0,0,10.0,5.0,5.0,20.0,0,52,0.19847472012043,0.008806639565871311,,out_of_road
1542,fresh,0,fresh,,,0,0.0,0,0,0,0,0,10.0,5.0,5.0,20.0,0,291,3.068878173828125,0.041092054406341,,out_of_road
1543,fresh,0,fresh,,,0,0.0,0,0,0,0,0,10.0,5.0,5.0,20.0,0,658,17.855152130126953,0.07711914571010618,,arrive_dest
1544,fresh,0,fresh,,,0,0.0,0,0,0,0,0,10.0,5.0,5.0,20.0,0,338,9.532949447631836,0.04898745799161626,,arrive_dest
1545,fresh,0,fresh,,,0,0.0,0,0,0,0,0,10.0,5.0,5.0,20.0,0,278,8.31651782989502,0.08831075291156018,,arrive_dest
1546,fresh,0,fresh,,,0,0.0,0,0,0,0,0,10.0,5.0,5.0,20.0,0,76,0.3678363561630249,0.019929668988640372,,out_of_road
1547,fresh,0,fresh,,,0,0.0,0,0,0,0,0,10.0,5.0,5.0,20.0,0,235,6.267573356628418,0.06528109335142405,,out_of_road
1548,fresh,0,fresh,,,0,0.0,0,0,0,0,0,10.0,5.0,5.0,20.0,0,119,1.9250024557113647,0.01949627246676373,,out_of_road
1549,fresh,0,fresh,,,0,0.0,0,0,0,0,0,10.0,5.0,5.0,20.0,0,174,4.203944683074951,0.07292414457676397,,arrive_dest
1550,fresh,0,fresh,,,0,0.0,0,0,0,0,0,10.0,5.0,5.0,20.0,0,452,11.370680809020996,0.04942777175435681,,out_of_road
1551,fresh,0,fresh,,,0,0.0,0,0,0,0,0,10.0,5.0,5.0,20.0,0,617,16.402353286743164,0.06965288717293662,,arrive_dest
1552,fresh,0,fresh,,,0,0.0,0,0,0,0,0,10.0,5.0,5.0,20.0,0,207,5.070005416870117,0.04520360457346491,,out_of_road
1553,fresh,0,fresh,,,0,0.0,0,0,0,0,0,10.0,5.0,5.0,20.0,0,539,15.336844444274902,0.11598680616427275,,arrive_dest
1554,fresh,0,fresh,,,0,0.0,0,0,0,0,0,10.0,5.0,5.0,20.0,0,193,4.955653667449951,0.03611160457433428,,arrive_dest
1555,fresh,0,fresh,,,0,0.0,0,0,0,0,0,10.0,5.0,5.0,20.0,0,778,22.43708038330078,0.07099510630689068,,arrive_dest
1556,fresh,0,fresh,,,0,0.0,0,0,0,0,0,10.0,5.0,5.0,20.0,0,665,17.594562530517578,0.05768294819329578,,arrive_dest
1557,fresh,0,fresh,,,0,0.0,0,0,0,0,0,10.0,5.0,5.0,20.0,0,573,15.678290367126465,0.0800238332587634,,arrive_dest
1558,fresh,0,fresh,,,0,0.0,0,0,0,0,0,10.0,5.0,5.0,20.0,0,122,1.6309847831726074,0.015408335574215552,,out_of_road
1559,fresh,0,fresh,,,0,0.0,0,0,0,0,0,10.0,5.0,5.0,20.0,0,137,2.703263521194458,0.026284030237554632,,arrive_dest
1560,fresh,0,fresh,,,0,0.0,0,0,0,0,0,10.0,5.0,5.0,20.0,0,253,5.104619979858398,0.038061555614879006,,out_of_road
1561,fresh,0,fresh,,,0,0.0,0,0,0,0,0,10.0,5.0,5.0,20.0,0,66,0.3478046655654907,0.03474198731904229,,out_of_road
1562,fresh,0,fresh,,,0,0.0,0,0,0,0,0,10.0,5.0,5.0,20.0,0,310,8.718718528747559,0.08734445373317407,,out_of_road
1563,fresh,0,fresh,,,0,0.0,0,0,0,0,0,10.0,5.0,5.0,20.0,0,682,19.11421012878418,0.05945953858324635,,arrive_dest
1564,fresh,0,fresh,,,0,0.0,0,0,0,0,0,10.0,5.0,5.0,20.0,0,414,10.124505996704102,0.10055251926372664,,out_of_road
1565,fresh,0,fresh,,,0,0.0,0,0,0,0,0,10.0,5.0,5.0,20.0,0,230,6.238857269287109,0.06168091523299075,,out_of_road
1566,fresh,0,fresh,,,0,0.0,0,0,0,0,0,10.0,5.0,5.0,20.0,0,617,16.4879093170166,0.12213796227068506,,out_of_road
1567,fresh,0,fresh,,,0,0.0,0,0,0,0,0,10.0,5.0,5.0,20.0,0,105,2.0767934322357178,0.02114876303821802,,arrive_dest
1568,fresh,0,fresh,,,0,0.0,0,0,0,0,0,10.0,5.0,5.0,20.0,0,238,-0.17660637199878693,0.007381141232717939,,out_of_road
1569,fresh,0,fresh,,,0,0.0,0,0,0,0,0,10.0,5.0,5.0,20.0,0,833,24.058639526367188,0.08166852683898862,,arrive_dest
1570,fresh,0,fresh,,,0,0.0,0,0,0,0,0,10.0,5.0,5.0,20.0,0,536,14.522466659545898,0.13731700222445792,,arrive_dest
1571,fresh,0,fresh,,,0,0.0,0,0,0,0,0,10.0,5.0,5.0,20.0,0,566,14.552511215209961,0.09653740057428845,,arrive_dest
1572,fresh,0,fresh,,,0,0.0,0,0,0,0,0,10.0,5.0,5.0,20.0,0,330,9.394206047058105,0.07605070116167718,,arrive_dest
1573,fresh,0,fresh,,,0,0.0,0,0,0,0,0,10.0,5.0,5.0,20.0,0,319,7.527009010314941,0.03010643967120765,,out_of_road
1574,fresh,0,fresh,,,0,0.0,0,0,0,0,0,10.0,5.0,5.0,20.0,0,475,12.918596267700195,0.05617692017682681,,out_of_road
1575,fresh,0,fresh,,,0,0.0,0,0,0,0,0,10.0,5.0,5.0,20.0,0,478,13.463130950927734,0.03742095032876365,,out_of_road
1576,fresh,0,fresh,,,0,0.0,0,0,0,0,0,10.0,5.0,5.0,20.0,0,530,14.639936447143555,0.060929004711819425,,out_of_road
1577,fresh,0,fresh,,,0,0.0,0,0,0,0,0,10.0,5.0,5.0,20.0,0,100,1.366042971611023,0.04833591241389513,,out_of_road
1578,fresh,0,fresh,,,0,0.0,0,0,0,0,0,10.0,5.0,5.0,20.0,0,620,17.478628158569336,0.05809091855584073,,arrive_dest
1579,fresh,0,fresh,,,0,0.0,0,0,0,0,0,10.0,5.0,5.0,20.0,0,404,10.59359359741211,0.08347052439590824,,arrive_dest
1580,fresh,0,fresh,,,0,0.0,0,0,0,0,0,10.0,5.0,5.0,20.0,0,1000,0.018652457743883133,0.0,,max_step
1581,fresh,0,fresh,,,0,0.0,0,0,0,0,0,10.0,5.0,5.0,20.0,0,325,8.333209991455078,0.09224953072575423,,out_of_road
1582,fresh,0,fresh,,,0,0.0,0,0,0,0,0,10.0,5.0,5.0,20.0,0,122,1.8490946292877197,0.013270110521679286,,out_of_road
1583,fresh,0,fresh,,,0,0.0,0,0,0,0,0,10.0,5.0,5.0,20.0,0,553,15.699392318725586,0.07773732118583057,,arrive_dest
1584,fresh,0,fresh,,,0,0.0,0,0,0,0,0,10.0,5.0,5.0,20.0,0,224,5.356224060058594,0.04469682390585409,,out_of_road
1585,fresh,0,fresh,,,0,0.0,0,0,0,0,0,10.0,5.0,5.0,20.0,0,277,-0.19592389464378357,0.003121730599162381,,out_of_road
1586,fresh,0,fresh,,,0,0.0,0,0,0,0,0,10.0,5.0,5.0,20.0,0,121,2.060246467590332,0.0224487771595682,,out_of_road
1587,fresh,0,fresh,,,0,0.0,0,0,0,0,0,10.0,5.0,5.0,20.0,0,648,17.90447425842285,0.1150932617738475,,arrive_dest
1588,fresh,0,fresh,,,0,0.0,0,0,0,0,0,10.0,5.0,5.0,20.0,0,118,1.492182970046997,0.02281769699716972,,out_of_road
1589,fresh,0,fresh,,,0,0.0,0,0,0,0,0,10.0,5.0,5.0,20.0,0,302,7.285902976989746,0.0741637937157162,,arrive_dest
1590,fresh,0,fresh,,,0,0.0,0,0,0,0,0,10.0,5.0,5.0,20.0,0,249,4.9993062019348145,0.04830827542120613,,out_of_road
1591,fresh,0,fresh,,,0,0.0,0,0,0,0,0,10.0,5.0,5.0,20.0,0,588,14.518509864807129,0.06872064042693879,,arrive_dest
1592,fresh,0,fresh,,,0,0.0,0,0,0,0,0,10.0,5.0,5.0,20.0,0,884,24.126359939575195,0.09491823332337347,,arrive_dest
1593,fresh,0,fresh,,,0,0.0,0,0,0,0,0,10.0,5.0,5.0,20.0,0,189,3.6920907497406006,0.05075062503767195,,out_of_road
1594,fresh,0,fresh,,,0,0.0,0,0,0,0,0,10.0,5.0,5.0,20.0,0,555,13.969646453857422,0.0660573705498062,,arrive_dest
1595,fresh,0,fresh,,,0,0.0,0,0,0,0,0,10.0,5.0,5.0,20.0,0,112,1.3987400531768799,0.0036460251015211853,,out_of_road
1596,fresh,0,fresh,,,0,0.0,0,0,0,0,0,10.0,5.0,5.0,20.0,0,517,14.088086128234863,0.06267600705508482,,arrive_dest
1597,fresh,0,fresh,,,0,0.0,0,0,0,0,0,10.0,5.0,5.0,20.0,0,609,17.410730361938477,0.07448440829631436,,arrive_dest
1598,fresh,0,fresh,,,0,0.0,0,0,0,0,0,10.0,5.0,5.0,20.0,0,420,11.3561429977417,0.08418070341549104,,out_of_road
1599,fresh,0,fresh,,,0,0.0,0,0,0,0,0,10.0,5.0,5.0,20.0,0,57,0.3015785217285156,0.003169644766961012,,out_of_road
1600,fresh,0,fresh,,,0,0.0,0,0,0,0,0,10.0,5.0,5.0,20.0,0,628,16.08848762512207,0.10826871872903293,,out_of_road
1601,fresh,0,fresh,,,0,0.0,0,0,0,0,0,10.0,5.0,5.0,20.0,0,212,5.237709999084473,0.03691780356743004,,arrive_dest
1602,fresh,0,fresh,,,0,0.0,0,0,0,0,0,10.0,5.0,5.0,20.0,0,461,12.461474418640137,0.052888618362966495,,arrive_dest
1603,fresh,0,fresh,,,0,0.0,0,0,0,0,0,10.0,5.0,5.0,20.0,0,554,16.344606399536133,0.08599930189613804,,arrive_dest
1604,fresh,0,fresh,,,0,0.0,0,0,0,0,0,10.0,5.0,5.0,20.0,0,254,5.7698845863342285,0.04505368385520786,,out_of_road
1605,fresh,0,fresh,,,0,0.0,0,0,0,0,0,10.0,5.0,5.0,20.0,0,53,0.2447010725736618,0.005869198871671029,,out_of_road
1606,fresh,0,fresh,,,0,0.0,0,0,0,0,0,10.0,5.0,5.0,20.0,0,54,0.29256778955459595,0.021120984693644224,,out_of_road
1607,fresh,0,fresh,,,0,0.0,0,0,0,0,0,10.0,5.0,5.0,20.0,0,501,13.050957679748535,0.06811038100024956,,arrive_dest
1608,fresh,0,fresh,,,0,0.0,0,0,0,0,0,10.0,5.0,5.0,20.0,0,1000,0.014783531427383423,0.045487919359933585,,max_step
1609,fresh,0,fresh,,,0,0.0,0,0,0,0,0,10.0,5.0,5.0,20.0,0,136,1.7765254974365234,0.012931795910630813,,out_of_road
1610,fresh,0,fresh,,,0,0.0,0,0,0,0,0,10.0,5.0,5.0,20.0,0,369,9.890329360961914,0.08445655926052471,,out_of_road
1611,fresh,0,fresh,,,0,0.0,0,0,0,0,0,10.0,5.0,5.0,20.0,0,730,18.732023239135742,0.11623063447298354,,arrive_dest
1612,fresh,0,fresh,,,0,0.0,0,0,0,0,0,10.0,5.0,5.0,20.0,0,382,10.81315803527832,0.0664580570721599,,arrive_dest
1613,fresh,0,fresh,,,0,0.0,0,0,0,0,0,10.0,5.0,5.0,20.0,0,632,14.097193717956543,0.11558289353771112,,out_of_road
1614,fresh,0,fresh,,,0,0.0,0,0,0,0,0,10.0,5.0,5.0,20.0,0,248,4.985756874084473,0.032028945987187925,,out_of_road
1615,fresh,0,fresh,,,0,0.0,0,0,0,0,0,10.0,5.0,5.0,20.0,0,420,10.84482192993164,0.08108006679214581,,arrive_dest
1616,fresh,0,fresh,,,0,0.0,0,0,0,0,0,10.0,5.0,5.0,20.0,0,904,24.13254165649414,0.09976291024709219,,arrive_dest
1617,fresh,0,fresh,,,0,0.0,0,0,0,0,0,10.0,5.0,5.0,20.0,0,622,17.56432342529297,0.08330155180548572,,out_of_road
1618,fresh,0,fresh,,,0,0.0,0,0,0,0,0,10.0,5.0,5.0,20.0,0,582,17.368831634521484,0.08214519215392467,,arrive_dest
1619,fresh,0,fresh,,,0,0.0,0,0,0,0,0,10.0,5.0,5.0,20.0,0,298,8.927928924560547,0.10695052428339802,,arrive_dest
1620,fresh,0,fresh,,,0,0.0,0,0,0,0,0,10.0,5.0,5.0,20.0,0,484,13.720091819763184,0.06490397232888682,,arrive_dest
1621,fresh,0,fresh,,,0,0.0,0,0,0,0,0,10.0,5.0,5.0,20.0,0,462,10.998248100280762,0.09618803228703186,,out_of_road
1622,fresh,0,fresh,,,0,0.0,0,0,0,0,0,10.0,5.0,5.0,20.0,0,351,8.351590156555176,0.04153722492006854,,out_of_road
1623,fresh,0,fresh,,,0,0.0,0,0,0,0,0,10.0,5.0,5.0,20.0,0,252,5.334963798522949,0.025516364499852652,,out_of_road
1624,fresh,0,fresh,,,0,0.0,0,0,0,0,0,10.0,5.0,5.0,20.0,0,638,15.548688888549805,0.10317914381398466,,out_of_road
1625,fresh,0,fresh,,,0,0.0,0,0,0,0,0,10.0,5.0,5.0,20.0,0,395,10.044931411743164,0.09600329143761457,,out_of_road
1626,fresh,0,fresh,,,0,0.0,0,0,0,0,0,10.0,5.0,5.0,20.0,0,1000,0.01859520748257637,0.0006132995486259461,,max_step
1627,fresh,0,fresh,,,0,0.0,0,0,0,0,0,10.0,5.0,5.0,20.0,0,178,4.481497287750244,0.024281672039854058,,out_of_road
1628,fresh,0,fresh,,,0,0.0,0,0,0,0,0,10.0,5.0,5.0,20.0,0,507,12.962986946105957,0.1071666448856511,,out_of_road
1629,fresh,0,fresh,,,0,0.0,0,0,0,0,0,10.0,5.0,5.0,20.0,0,274,6.572803974151611,0.06262684243996322,,arrive_dest
1630,fresh,0,fresh,,,0,0.0,0,0,0,0,0,10.0,5.0,5.0,20.0,0,645,16.040311813354492,0.08214042965438245,,out_of_road
1631,fresh,0,fresh,,,0,0.0,0,0,0,0,0,10.0,5.0,5.0,20.0,0,359,9.489739418029785,0.051251062599314286,,out_of_road
1632,fresh,0,fresh,,,0,0.0,0,0,0,0,0,10.0,5.0,5.0,20.0,0,1000,27.99363899230957,0.10763853707164527,,max_step
1633,fresh,0,fresh,,,0,0.0,0,0,0,0,0,10.0,5.0,5.0,20.0,0,126,2.0154292583465576,0.011932868976145983,,out_of_road
1634,fresh,0,fresh,,,0,0.0,0,0,0,0,0,10.0,5.0,5.0,20.0,0,772,22.505008697509766,0.0899932149006295,,arrive_dest
1635,fresh,0,fresh,,,0,0.0,0,0,0,0,0,10.0,5.0,5.0,20.0,0,1000,0.07157110422849655,0.0009203065391629934,,max_step
1636,fresh,0,fresh,,,0,0.0,0,0,0,0,0,10.0,5.0,5.0,20.0,0,394,9.82002067565918,0.04925700845811422,,arrive_dest
1637,fresh,0,fresh,,,0,0.0,0,0,0,0,0,10.0,5.0,5.0,20.0,0,732,21.52056121826172,0.11675173343067653,,arrive_dest
1638,fresh,0,fresh,,,0,0.0,0,0,0,0,0,10.0,5.0,5.0,20.0,0,434,11.070951461791992,0.0642319948456469,,out_of_road
1639,fresh,0,fresh,,,0,0.0,0,0,0,0,0,10.0,5.0,5.0,20.0,0,150,3.2035558223724365,0.03351894716421763,,out_of_road
1640,fresh,0,fresh,,,0,0.0,0,0,0,0,0,10.0,5.0,5.0,20.0,0,36,-0.009903520345687866,0.0387866563267178,,out_of_road
1641,fresh,0,fresh,,,0,0.0,0,0,0,0,0,10.0,5.0,5.0,20.0,0,284,8.290377616882324,0.10020909108824923,,out_of_road
1642,fresh,0,fresh,,,0,0.0,0,0,0,0,0,10.0,5.0,5.0,20.0,0,273,7.781122207641602,0.053972496470306816,,arrive_dest
1643,fresh,0,fresh,,,0,0.0,0,0,0,0,0,10.0,5.0,5.0,20.0,0,59,0.2573773264884949,0.007138283686491393,,out_of_road
1644,fresh,0,fresh,,,0,0.0,0,0,0,0,0,10.0,5.0,5.0,20.0,0,453,12.583142280578613,0.06572205409979155,,arrive_dest
1645,fresh,0,fresh,,,0,0.0,0,0,0,0,0,10.0,5.0,5.0,20.0,0,644,18.1258602142334,0.12271989189718867,,out_of_road
1646,fresh,0,fresh,,,0,0.0,0,0,0,0,0,10.0,5.0,5.0,20.0,0,214,6.094629287719727,0.07232589787307465,,out_of_road
1647,fresh,0,fresh,,,0,0.0,0,0,0,0,0,10.0,5.0,5.0,20.0,0,668,19.07402229309082,0.15730261437672965,,out_of_road
1648,fresh,0,fresh,,,0,0.0,0,0,0,0,0,10.0,5.0,5.0,20.0,0,876,23.85369873046875,0.10486016166795122,,arrive_dest
1649,fresh,0,fresh,,,0,0.0,0,0,0,0,0,10.0,5.0,5.0,20.0,0,328,8.235079765319824,0.045129128385380635,,out_of_road
1650,fresh,0,fresh,,,0,0.0,0,0,0,0,0,10.0,5.0,5.0,20.0,0,384,10.708379745483398,0.06296567778917961,,arrive_dest
1651,fresh,0,fresh,,,0,0.0,0,0,0,0,0,10.0,5.0,5.0,20.0,0,174,3.1891539096832275,0.025498973211038046,,out_of_road
1652,fresh,0,fresh,,,0,0.0,0,0,0,0,0,10.0,5.0,5.0,20.0,0,432,11.30799674987793,0.10265838741152375,,arrive_dest
1653,fresh,0,fresh,,,0,0.0,0,0,0,0,0,10.0,5.0,5.0,20.0,0,19,-0.12718743085861206,0.0,,out_of_road
1654,fresh,0,fresh,,,0,0.0,0,0,0,0,0,10.0,5.0,5.0,20.0,0,690,18.57500648498535,0.06038608957584812,,arrive_dest
1655,fresh,0,fresh,,,0,0.0,0,0,0,0,0,10.0,5.0,5.0,20.0,0,29,-0.044070638716220856,0.017245426260191817,,out_of_road
1656,fresh,0,fresh,,,0,0.0,0,0,0,0,0,10.0,5.0,5.0,20.0,0,230,6.243618011474609,0.04678656936258725,,out_of_road
1657,fresh,0,fresh,,,0,0.0,0,0,0,0,0,10.0,5.0,5.0,20.0,0,642,18.50444793701172,0.10175615965426432,,arrive_dest
1658,fresh,0,fresh,,,0,0.0,0,0,0,0,0,10.0,5.0,5.0,20.0,0,419,11.534065246582031,0.07785349870478481,,arrive_dest
1659,fresh,0,fresh,,,0,0.0,0,0,0,0,0,10.0,5.0,5.0,20.0,0,529,14.203721046447754,0.07264877369430177,,out_of_road
1660,fresh,0,fresh,,,0,0.0,0,0,0,0,0,10.0,5.0,5.0,20.0,0,481,12.701847076416016,0.0468237404392068,,arrive_dest
1661,fresh,0,fresh,,,0,0.0,0,0,0,0,0,10.0,5.0,5.0,20.0,0,613,17.26786231994629,0.059677133478336704,,arrive_dest
1662,fresh,0,fresh,,,0,0.0,0,0,0,0,0,10.0,5.0,5.0,20.0,0,120,1.657170057296753,0.016179915393392245,,out_of_road
1663,fresh,0,fresh,,,0,0.0,0,0,0,0,0,10.0,5.0,5.0,20.0,0,523,14.30128002166748,0.06259708502819587,,out_of_road
1664,fresh,0,fresh,,,0,0.0,0,0,0,0,0,10.0,5.0,5.0,20.0,0,588,15.972087860107422,0.04817774621128314,,out_of_road
1665,fresh,0,fresh,,,0,0.0,0,0,0,0,0,10.0,5.0,5.0,20.0,0,417,11.59266471862793,0.07660493091847613,,out_of_road
1666,fresh,0,fresh,,,0,0.0,0,0,0,0,0,10.0,5.0,5.0,20.0,0,464,12.243985176086426,0.07189019373266813,,out_of_road
1667,fresh,0,fresh,,,0,0.0,0,0,0,0,0,10.0,5.0,5.0,20.0,0,129,2.040579080581665,0.021134865405254586,,out_of_road
1668,fresh,0,fresh,,,0,0.0,0,0,0,0,0,10.0,5.0,5.0,20.0,0,370,9.143946647644043,0.06321128937919196,,arrive_dest
1669,fresh,0,fresh,,,0,0.0,0,0,0,0,0,10.0,5.0,5.0,20.0,0,113,1.5755996704101562,0.017889391202314767,,out_of_road
1670,fresh,0,fresh,,,0,0.0,0,0,0,0,0,10.0,5.0,5.0,20.0,0,247,5.732476234436035,0.05185449694618884,,out_of_road
1671,fresh,0,fresh,,,0,0.0,0,0,0,0,0,10.0,5.0,5.0,20.0,0,175,4.800748825073242,0.03425268311053514,,arrive_dest
1672,fresh,0,fresh,,,0,0.0,0,0,0,0,0,10.0,5.0,5.0,20.0,0,561,16.394758224487305,0.08104990599361546,,arrive_dest
1673,fresh,0,fresh,,,0,0.0,0,0,0,0,0,10.0,5.0,5.0,20.0,0,592,16.834579467773438,0.10431038348768787,,arrive_dest
1674,fresh,0,fresh,,,0,0.0,0,0,0,0,0,10.0,5.0,5.0,20.0,0,219,5.655285358428955,0.060115438134337194,,arrive_dest
1675,fresh,0,fresh,,,0,0.0,0,0,0,0,0,10.0,5.0,5.0,20.0,0,594,18.097593307495117,0.08124623530636846,,arrive_dest
1676,fresh,0,fresh,,,0,0.0,0,0,0,0,0,10.0,5.0,5.0,20.0,0,144,3.413604736328125,0.0461509037995711,,arrive_dest
1677,fresh,0,fresh,,,0,0.0,0,0,0,0,0,10.0,5.0,5.0,20.0,0,219,6.440773010253906,0.0835240858024386,,arrive_dest
1678,fresh,0,fresh,,,0,0.0,0,0,0,0,0,10.0,5.0,5.0,20.0,0,794,22.364938735961914,0.07480848302580276,,out_of_road
1679,fresh,0,fresh,,,0,0.0,0,0,0,0,0,10.0,5.0,5.0,20.0,0,428,10.16580867767334,0.049163654208331256,,arrive_dest
1680,fresh,0,fresh,,,0,0.0,0,0,0,0,0,10.0,5.0,5.0,20.0,0,343,8.68171215057373,0.10509802120854486,,out_of_road
1681,fresh,0,fresh,,,0,0.0,0,0,0,0,0,10.0,5.0,5.0,20.0,0,115,1.643010139465332,0.017296588501852492,,out_of_road
1682,fresh,0,fresh,,,0,0.0,0,0,0,0,0,10.0,5.0,5.0,20.0,0,1000,0.012694272212684155,0.030893144637346267,,max_step
1683,fresh,0,fresh,,,0,0.0,0,0,0,0,0,10.0,5.0,5.0,20.0,0,251,7.613557815551758,0.06541993053800675,,arrive_dest
1684,fresh,0,fresh,,,0,0.0,0,0,0,0,0,10.0,5.0,5.0,20.0,0,554,14.805917739868164,0.06507714395915638,,arrive_dest
1685,fresh,0,fresh,,,0,0.0,0,0,0,0,0,10.0,5.0,5.0,20.0,0,133,2.237266778945923,0.01653652799077668,,out_of_road
1686,fresh,0,fresh,,,0,0.0,0,0,0,0,0,10.0,5.0,5.0,20.0,0,448,10.491628646850586,0.05066180590490278,,out_of_road
1687,fresh,0,fresh,,,0,0.0,0,0,0,0,0,10.0,5.0,5.0,20.0,0,150,3.3474206924438477,0.026553404840330284,,arrive_dest
1688,fresh,0,fresh,,,0,0.0,0,0,0,0,0,10.0,5.0,5.0,20.0,0,699,19.711505889892578,0.1160639152004089,,arrive_dest
1689,fresh,0,fresh,,,0,0.0,0,0,0,0,0,10.0,5.0,5.0,20.0,0,108,1.709522008895874,0.008880584190289179,,out_of_road
1690,fresh,0,fresh,,,0,0.0,0,0,0,0,0,10.0,5.0,5.0,20.0,0,319,7.082339763641357,0.05357456177350449,,out_of_road
1691,fresh,0,fresh,,,0,0.0,0,0,0,0,0,10.0,5.0,5.0,20.0,0,127,1.9813791513442993,0.01619895713726484,,out_of_road
1692,fresh,0,fresh,,,0,0.0,0,0,0,0,0,10.0,5.0,5.0,20.0,0,648,18.95441246032715,0.07420098915463313,,arrive_dest
1693,fresh,0,fresh,,,0,0.0,0,0,0,0,0,10.0,5.0,5.0,20.0,0,192,3.7822394371032715,0.02529751882320852,,out_of_road
1694,fresh,0,fresh,,,0,0.0,0,0,0,0,0,10.0,5.0,5.0,20.0,0,306,6.445180892944336,0.08281280538919412,,out_of_road
1695,fresh,0,fresh,,,0,0.0,0,0,0,0,0,10.0,5.0,5.0,20.0,0,740,21.216285705566406,0.10273001145129407,,arrive_dest
1696,fresh,0,fresh,,,0,0.0,0,0,0,0,0,10.0,5.0,5.0,20.0,0,603,16.995914459228516,0.09209798327083414,,arrive_dest
1697,fresh,0,fresh,,,0,0.0,0,0,0,0,0,10.0,5.0,5.0,20.0,0,504,12.204307556152344,0.043574084355015426,,arrive_dest
1698,fresh,0,fresh,,,0,0.0,0,0,0,0,0,10.0,5.0,5.0,20.0,0,252,5.223962306976318,0.032835244210363025,,out_of_road
1699,fresh,0,fresh,,,0,0.0,0,0,0,0,0,10.0,5.0,5.0,20.0,0,196,4.435685634613037,0.02142050106325472,,out_of_road
1700,fresh,0,fresh,,,0,0.0,0,0,0,0,0,10.0,5.0,5.0,20.0,0,387,9.56505012512207,0.08432885522903628,,out_of_road
1701,fresh,0,fresh,,,0,0.0,0,0,0,0,0,10.0,5.0,5.0,20.0,0,48,0.2388361692428589,0.037349496657649674,,out_of_road
1702,fresh,0,fresh,,,0,0.0,0,0,0,0,0,10.0,5.0,5.0,20.0,0,197,3.616680145263672,0.04490196351718328,,out_of_road
1703,fresh,0,fresh,,,0,0.0,0,0,0,0,0,10.0,5.0,5.0,20.0,0,28,-0.12626913189888,0.021690272859164646,,out_of_road
1704,fresh,0,fresh,,,0,0.0,0,0,0,0,0,10.0,5.0,5.0,20.0,0,885,25.054643630981445,0.08599621805199291,,out_of_road
1705,fresh,0,fresh,,,0,0.0,0,0,0,0,0,10.0,5.0,5.0,20.0,0,642,16.314817428588867,0.05647869613398783,,arrive_dest
1706,fresh,0,fresh,,,0,0.0,0,0,0,0,0,10.0,5.0,5.0,20.0,0,210,4.807250022888184,0.029870490107818375,,out_of_road
1707,fresh,0,fresh,,,0,0.0,0,0,0,0,0,10.0,5.0,5.0,20.0,0,425,10.68625545501709,0.12500584464301082,,out_of_road
1708,fresh,0,fresh,,,0,0.0,0,0,0,0,0,10.0,5.0,5.0,20.0,0,155,3.1108362674713135,0.016116862693020415,,out_of_road
1709,fresh,0,fresh,,,0,0.0,0,0,0,0,0,10.0,5.0,5.0,20.0,0,721,19.43985366821289,0.10053462578867266,,arrive_dest
1710,fresh,0,fresh,,,0,0.0,0,0,0,0,0,10.0,5.0,5.0,20.0,0,458,12.652629852294922,0.11060778292579226,,arrive_dest
1711,fresh,0,fresh,,,0,0.0,0,0,0,0,0,10.0,5.0,5.0,20.0,0,227,6.202427387237549,0.0467911211728623,,out_of_road
1712,fresh,0,fresh,,,0,0.0,0,0,0,0,0,10.0,5.0,5.0,20.0,0,1000,0.03104022517800331,0.0018474568943493068,,max_step
1713,fresh,0,fresh,,,0,0.0,0,0,0,0,0,10.0,5.0,5.0,20.0,0,646,17.112756729125977,0.10121327342433803,,out_of_road
1714,fresh,0,fresh,,,0,0.0,0,0,0,0,0,10.0,5.0,5.0,20.0,0,608,17.140295028686523,0.06005893525434658,,out_of_road
1715,fresh,0,fresh,,,0,0.0,0,0,0,0,0,10.0,5.0,5.0,20.0,0,237,1.4044618606567383,0.022729228266400878,,out_of_road
1716,fresh,0,fresh,,,0,0.0,0,0,0,0,0,10.0,5.0,5.0,20.0,0,367,7.2306694984436035,0.028693000589971932,,out_of_road
1717,fresh,0,fresh,,,0,0.0,0,0,0,0,0,10.0,5.0,5.0,20.0,0,335,8.209637641906738,0.03749013068432461,,out_of_road
1718,fresh,0,fresh,,,0,0.0,0,0,0,0,0,10.0,5.0,5.0,20.0,0,508,11.452122688293457,0.08882684261798418,,out_of_road
1719,fresh,0,fresh,,,0,0.0,0,0,0,0,0,10.0,5.0,5.0,20.0,0,693,19.363271713256836,0.12964437985161123,,out_of_road
1720,fresh,0,fresh,,,0,0.0,0,0,0,0,0,10.0,5.0,5.0,20.0,0,478,12.702186584472656,0.04625763530963759,,arrive_dest
1721,fresh,0,fresh,,,0,0.0,0,0,0,0,0,10.0,5.0,5.0,20.0,0,465,12.865621566772461,0.054071780051835765,,arrive_dest
1722,fresh,0,fresh,,,0,0.0,0,0,0,0,0,10.0,5.0,5.0,20.0,0,527,13.435220718383789,0.039779980641310816,,out_of_road
1723,fresh,0,fresh,,,0,0.0,0,0,0,0,0,10.0,5.0,5.0,20.0,0,442,12.142093658447266,0.11046775062336708,,arrive_dest
1724,fresh,0,fresh,,,0,0.0,0,0,0,0,0,10.0,5.0,5.0,20.0,0,192,3.648373603820801,0.02547849763868726,,out_of_road
1725,fresh,0,fresh,,,0,0.0,0,0,0,0,0,10.0,5.0,5.0,20.0,0,170,4.067277431488037,0.07196704245117658,,arrive_dest
1726,fresh,0,fresh,,,0,0.0,0,0,0,0,0,10.0,5.0,5.0,20.0,0,801,22.913063049316406,0.1062330966856047,,out_of_road
1727,fresh,0,fresh,,,0,0.0,0,0,0,0,0,10.0,5.0,5.0,20.0,0,409,11.22989273071289,0.08324111560257129,,arrive_dest
1728,fresh,0,fresh,,,0,0.0,0,0,0,0,0,10.0,5.0,5.0,20.0,0,689,15.925955772399902,0.09396319144915016,,out_of_road
1729,fresh,0,fresh,,,0,0.0,0,0,0,0,0,10.0,5.0,5.0,20.0,0,73,1.4236633777618408,0.04406038095077423,,arrive_dest
1730,fresh,0,fresh,,,0,0.0,0,0,0,0,0,10.0,5.0,5.0,20.0,0,246,5.9625749588012695,0.06368033809405638,,out_of_road
1731,fresh,0,fresh,,,0,0.0,0,0,0,0,0,10.0,5.0,5.0,20.0,0,120,2.048400402069092,0.016964905076504996,,out_of_road
1732,fresh,0,fresh,,,0,0.0,0,0,0,0,0,10.0,5.0,5.0,20.0,0,781,23.21579360961914,0.08394213402214509,,arrive_dest
1733,fresh,0,fresh,,,0,0.0,0,0,0,0,0,10.0,5.0,5.0,20.0,0,608,16.879287719726562,0.05134820488992294,,arrive_dest
1734,fresh,0,fresh,,,0,0.0,0,0,0,0,0,10.0,5.0,5.0,20.0,0,282,7.886862754821777,0.06436911958240052,,arrive_dest
1735,fresh,0,fresh,,,0,0.0,0,0,0,0,0,10.0,5.0,5.0,20.0,0,546,15.174988746643066,0.07543598001246296,,arrive_dest
1736,fresh,0,fresh,,,0,0.0,0,0,0,0,0,10.0,5.0,5.0,20.0,0,519,12.64596939086914,0.06977947596604138,,arrive_dest
1737,fresh,0,fresh,,,0,0.0,0,0,0,0,0,10.0,5.0,5.0,20.0,0,617,16.07618522644043,0.08908718560386081,,out_of_road
1738,fresh,0,fresh,,,0,0.0,0,0,0,0,0,10.0,5.0,5.0,20.0,0,673,18.791534423828125,0.06055965934074684,,arrive_dest
1739,fresh,0,fresh,,,0,0.0,0,0,0,0,0,10.0,5.0,5.0,20.0,0,576,17.2767276763916,0.05194543008231752,,arrive_dest
1740,fresh,0,fresh,,,0,0.0,0,0,0,0,0,10.0,5.0,5.0,20.0,0,96,1.4001810550689697,0.05766920215197994,,out_of_road
1741,fresh,0,fresh,,,0,0.0,0,0,0,0,0,10.0,5.0,5.0,20.0,0,250,6.350216865539551,0.058685318076983094,,out_of_road
1742,fresh,0,fresh,,,0,0.0,0,0,0,0,0,10.0,5.0,5.0,20.0,0,666,19.306325912475586,0.14254024960086667,,out_of_road
1743,fresh,0,fresh,,,0,0.0,0,0,0,0,0,10.0,5.0,5.0,20.0,0,48,-0.1278938204050064,0.0,,out_of_road
1744,fresh,0,fresh,,,0,0.0,0,0,0,0,0,10.0,5.0,5.0,20.0,0,421,11.175573348999023,0.03670378350000165,,arrive_dest
1745,fresh,0,fresh,,,0,0.0,0,0,0,0,0,10.0,5.0,5.0,20.0,0,448,10.900665283203125,0.06529422759194858,,arrive_dest
1746,fresh,0,fresh,,,0,0.0,0,0,0,0,0,10.0,5.0,5.0,20.0,0,118,1.6033439636230469,0.01554347026966891,,out_of_road
1747,fresh,0,fresh,,,0,0.0,0,0,0,0,0,10.0,5.0,5.0,20.0,0,208,4.9063310623168945,0.03364357909707066,,out_of_road
1748,fresh,0,fresh,,,0,0.0,0,0,0,0,0,10.0,5.0,5.0,20.0,0,892,24.425067901611328,0.09475919007868694,,out_of_road
1749,fresh,0,fresh,,,0,0.0,0,0,0,0,0,10.0,5.0,5.0,20.0,0,127,1.8187506198883057,0.02871932796253933,,out_of_road
1750,fresh,0,fresh,,,0,0.0,0,0,0,0,0,10.0,5.0,5.0,20.0,0,1000,0.048328328877687454,0.0004360213205218315,,max_step
1751,fresh,0,fresh,,,0,0.0,0,0,0,0,0,10.0,5.0,5.0,20.0,0,281,6.9153008460998535,0.051726142486418165,,out_of_road
1752,fresh,0,fresh,,,0,0.0,0,0,0,0,0,10.0,5.0,5.0,20.0,0,854,23.979900360107422,0.10495189620444739,,arrive_dest
1753,fresh,0,fresh,,,0,0.0,0,0,0,0,0,10.0,5.0,5.0,20.0,0,179,3.444591760635376,0.06163066992400911,,out_of_road
1754,fresh,0,fresh,,,0,0.0,0,0,0,0,0,10.0,5.0,5.0,20.0,0,2,0.26010066270828247,0.11998707056045532,,arrive_dest
1755,fresh,0,fresh,,,0,0.0,0,0,0,0,0,10.0,5.0,5.0,20.0,0,223,0.31933844089508057,0.022383966779695497,,out_of_road
1756,fresh,0,fresh,,,0,0.0,0,0,0,0,0,10.0,5.0,5.0,20.0,0,527,14.106053352355957,0.05030603981638713,,out_of_road
1757,fresh,0,fresh,,,0,0.0,0,0,0,0,0,10.0,5.0,5.0,20.0,0,127,1.8405324220657349,0.016124924439496882,,out_of_road
1758,fresh,0,fresh,,,0,0.0,0,0,0,0,0,10.0,5.0,5.0,20.0,0,240,5.352909088134766,0.05843626059164914,,arrive_dest
1759,fresh,0,fresh,,,0,0.0,0,0,0,0,0,10.0,5.0,5.0,20.0,0,376,10.624757766723633,0.02314626866210985,,arrive_dest
1760,fresh,0,fresh,,,0,0.0,0,0,0,0,0,10.0,5.0,5.0,20.0,0,633,18.18502426147461,0.09025609218125566,,arrive_dest
1761,fresh,0,fresh,,,0,0.0,0,0,0,0,0,10.0,5.0,5.0,20.0,0,788,21.987680435180664,0.10973856919610561,,arrive_dest
1762,fresh,0,fresh,,,0,0.0,0,0,0,0,0,10.0,5.0,5.0,20.0,0,233,4.905277729034424,0.03249779709738723,,arrive_dest
1763,fresh,0,fresh,,,0,0.0,0,0,0,0,0,10.0,5.0,5.0,20.0,0,306,7.974728107452393,0.047577620389585205,,arrive_dest
1764,fresh,0,fresh,,,0,0.0,0,0,0,0,0,10.0,5.0,5.0,20.0,0,252,5.638792037963867,0.06045175179846526,,out_of_road
1765,fresh,0,fresh,,,0,0.0,0,0,0,0,0,10.0,5.0,5.0,20.0,0,59,0.23868612945079803,0.00429829527324034,,out_of_road
1766,fresh,0,fresh,,,0,0.0,0,0,0,0,0,10.0,5.0,5.0,20.0,0,203,3.059239625930786,0.021639924721214277,,out_of_road
1767,fresh,0,fresh,,,0,0.0,0,0,0,0,0,10.0,5.0,5.0,20.0,0,1000,0.022458204999566078,0.020393031911924483,,max_step
1768,fresh,0,fresh,,,0,0.0,0,0,0,0,0,10.0,5.0,5.0,20.0,0,331,9.76346492767334,0.10705016453938947,,arrive_dest
1769,fresh,0,fresh,,,0,0.0,0,0,0,0,0,10.0,5.0,5.0,20.0,0,568,15.41434383392334,0.06148804891870921,,arrive_dest
1770,fresh,0,fresh,,,0,0.0,0,0,0,0,0,10.0,5.0,5.0,20.0,0,524,9.613121032714844,0.07694407663208554,,out_of_road
1771,fresh,0,fresh,,,0,0.0,0,0,0,0,0,10.0,5.0,5.0,20.0,0,487,12.925517082214355,0.08807132483576663,,out_of_road
1772,fresh,0,fresh,,,0,0.0,0,0,0,0,0,10.0,5.0,5.0,20.0,0,353,9.371232032775879,0.06404835283729873,,out_of_road
1773,fresh,0,fresh,,,0,0.0,0,0,0,0,0,10.0,5.0,5.0,20.0,0,801,22.23383903503418,0.08343440565203879,,out_of_road
1774,fresh,0,fresh,,,0,0.0,0,0,0,0,0,10.0,5.0,5.0,20.0,0,616,17.10160255432129,0.047128580321063436,,arrive_dest
1775,fresh,0,fresh,,,0,0.0,0,0,0,0,0,10.0,5.0,5.0,20.0,0,374,9.564982414245605,0.057853787460110405,,out_of_road
1776,fresh,0,fresh,,,0,0.0,0,0,0,0,0,10.0,5.0,5.0,20.0,0,54,0.27922672033309937,0.032097861584689885,,out_of_road
1777,fresh,0,fresh,,,0,0.0,0,0,0,0,0,10.0,5.0,5.0,20.0,0,100,1.5669405460357666,0.029062479408457874,,out_of_road
1778,fresh,0,fresh,,,0,0.0,0,0,0,0,0,10.0,5.0,5.0,20.0,0,259,5.351439476013184,0.04139534939659407,,out_of_road
1779,fresh,0,fresh,,,0,0.0,0,0,0,0,0,10.0,5.0,5.0,20.0,0,566,15.831560134887695,0.06000383552484701,,arrive_dest
1780,fresh,0,fresh,,,0,0.0,0,0,0,0,0,10.0,5.0,5.0,20.0,0,477,12.861577987670898,0.0422529230241818,,arrive_dest
1781,fresh,0,fresh,,,0,0.0,0,0,0,0,0,10.0,5.0,5.0,20.0,0,1000,5.012839317321777,0.018873394447378813,,max_step
1782,fresh,0,fresh,,,0,0.0,0,0,0,0,0,10.0,5.0,5.0,20.0,0,506,13.836282730102539,0.07089216507632624,,out_of_road
1783,fresh,0,fresh,,,0,0.0,0,0,0,0,0,10.0,5.0,5.0,20.0,0,526,15.777277946472168,0.143252845191372,,arrive_dest
1784,fresh,0,fresh,,,0,0.0,0,0,0,0,0,10.0,5.0,5.0,20.0,0,144,3.849903106689453,0.02787728368598942,,arrive_dest
1785,fresh,0,fresh,,,0,0.0,0,0,0,0,0,10.0,5.0,5.0,20.0,0,499,13.95104694366455,0.07822588899519056,,arrive_dest
1786,fresh,0,fresh,,,0,0.0,0,0,0,0,0,10.0,5.0,5.0,20.0,0,374,10.212379455566406,0.12067037674394201,,arrive_dest
1787,fresh,0,fresh,,,0,0.0,0,0,0,0,0,10.0,5.0,5.0,20.0,0,692,18.047216415405273,0.0523094016406887,,out_of_road
1788,fresh,0,fresh,,,0,0.0,0,0,0,0,0,10.0,5.0,5.0,20.0,0,477,12.70603084564209,0.04522571825291532,,arrive_dest
1789,fresh,0,fresh,,,0,0.0,0,0,0,0,0,10.0,5.0,5.0,20.0,0,428,11.71146011352539,0.04825921789808286,,arrive_dest
1790,fresh,0,fresh,,,0,0.0,0,0,0,0,0,10.0,5.0,5.0,20.0,0,267,6.6656646728515625,0.05073733634074752,,out_of_road
1791,fresh,0,fresh,,,0,0.0,0,0,0,0,0,10.0,5.0,5.0,20.0,0,527,15.873371124267578,0.11890439048101967,,arrive_dest
1792,fresh,0,fresh,,,0,0.0,0,0,0,0,0,10.0,5.0,5.0,20.0,0,370,10.884889602661133,0.050650414418605336,,arrive_dest
1793,fresh,0,fresh,,,0,0.0,0,0,0,0,0,10.0,5.0,5.0,20.0,0,641,17.07672882080078,0.10171969657634529,,out_of_road
1794,fresh,0,fresh,,,0,0.0,0,0,0,0,0,10.0,5.0,5.0,20.0,0,217,3.4782426357269287,0.045894714561612926,,out_of_road
1795,fresh,0,fresh,,,0,0.0,0,0,0,0,0,10.0,5.0,5.0,20.0,0,663,17.388490676879883,0.058852364732652096,,out_of_road
1796,fresh,0,fresh,,,0,0.0,0,0,0,0,0,10.0,5.0,5.0,20.0,0,385,1.730924129486084,0.005097256421849325,,arrive_dest
1797,fresh,0,fresh,,,0,0.0,0,0,0,0,0,10.0,5.0,5.0,20.0,0,120,1.9671703577041626,0.015921426595499118,,out_of_road
1798,fresh,0,fresh,,,0,0.0,0,0,0,0,0,10.0,5.0,5.0,20.0,0,391,10.174356460571289,0.11338259061903257,,out_of_road
1799,fresh,0,fresh,,,0,0.0,0,0,0,0,0,10.0,5.0,5.0,20.0,0,530,14.711458206176758,0.059410767875752356,,arrive_dest
1800,fresh,0,fresh,,,0,0.0,0,0,0,0,0,10.0,5.0,5.0,20.0,0,555,15.474282264709473,0.04318988879613981,,arrive_dest
1801,fresh,0,fresh,,,0,0.0,0,0,0,0,0,10.0,5.0,5.0,20.0,0,554,12.497827529907227,0.10111957097120099,,out_of_road
1802,fresh,0,fresh,,,0,0.0,0,0,0,0,0,10.0,5.0,5.0,20.0,0,236,4.648373126983643,0.0350548567277995,,out_of_road
1803,fresh,0,fresh,,,0,0.0,0,0,0,0,0,10.0,5.0,5.0,20.0,0,127,2.0385019779205322,0.027248410867365794,,out_of_road
1804,fresh,0,fresh,,,0,0.0,0,0,0,0,0,10.0,5.0,5.0,20.0,0,114,1.7945529222488403,0.024281935276169526,,out_of_road
1805,fresh,0,fresh,,,0,0.0,0,0,0,0,0,10.0,5.0,5.0,20.0,0,375,8.811151504516602,0.055196217499052486,,out_of_road
1806,fresh,0,fresh,,,0,0.0,0,0,0,0,0,10.0,5.0,5.0,20.0,0,187,5.051637172698975,0.045600486645365465,,arrive_dest
1807,fresh,0,fresh,,,0,0.0,0,0,0,0,0,10.0,5.0,5.0,20.0,0,736,20.74641227722168,0.06805285412322162,,arrive_dest
1808,fresh,0,fresh,,,0,0.0,0,0,0,0,0,10.0,5.0,5.0,20.0,0,222,6.157022476196289,0.05457176727259548,,arrive_dest
1809,fresh,0,fresh,,,0,0.0,0,0,0,0,0,10.0,5.0,5.0,20.0,0,1000,0.02234780043363571,0.00031364131532609464,,max_step
1810,fresh,0,fresh,,,0,0.0,0,0,0,0,0,10.0,5.0,5.0,20.0,0,570,15.717567443847656,0.0840147092194999,,arrive_dest
1811,fresh,0,fresh,,,0,0.0,0,0,0,0,0,10.0,5.0,5.0,20.0,0,508,14.778651237487793,0.1302689342662384,,out_of_road
1812,fresh,0,fresh,,,0,0.0,0,0,0,0,0,10.0,5.0,5.0,20.0,0,673,18.807100296020508,0.1270532400581161,,out_of_road
1813,fresh,0,fresh,,,0,0.0,0,0,0,0,0,10.0,5.0,5.0,20.0,0,543,12.83417797088623,0.07459948697508163,,out_of_road
1814,fresh,0,fresh,,,0,0.0,0,0,0,0,0,10.0,5.0,5.0,20.0,0,482,12.407363891601562,0.12908014528360603,,out_of_road
1815,fresh,0,fresh,,,0,0.0,0,0,0,0,0,10.0,5.0,5.0,20.0,0,558,14.603659629821777,0.06576931927806705,,arrive_dest
1816,fresh,0,fresh,,,0,0.0,0,0,0,0,0,10.0,5.0,5.0,20.0,0,503,12.902389526367188,0.04669809051781011,,arrive_dest
1817,fresh,0,fresh,,,0,0.0,0,0,0,0,0,10.0,5.0,5.0,20.0,0,941,25.383697509765625,0.09694389676413916,,arrive_dest
1818,fresh,0,fresh,,,0,0.0,0,0,0,0,0,10.0,5.0,5.0,20.0,0,820,23.306983947753906,0.08047434959628778,,out_of_road
1819,fresh,0,fresh,,,0,0.0,0,0,0,0,0,10.0,5.0,5.0,20.0,0,179,3.222053289413452,0.02231550610535804,,out_of_road
1820,fresh,0,fresh,,,0,0.0,0,0,0,0,0,10.0,5.0,5.0,20.0,0,213,4.9747843742370605,0.025168937449496536,,out_of_road
1821,fresh,0,fresh,,,0,0.0,0,0,0,0,0,10.0,5.0,5.0,20.0,0,170,3.1731340885162354,0.07930246362846126,,out_of_road
1822,fresh,0,fresh,,,0,0.0,0,0,0,0,0,10.0,5.0,5.0,20.0,0,269,6.284833908081055,0.04550527012214536,,out_of_road
1823,fresh,0,fresh,,,0,0.0,0,0,0,0,0,10.0,5.0,5.0,20.0,0,2,0.25782889127731323,0.1617971658706665,,arrive_dest
1824,fresh,0,fresh,,,0,0.0,0,0,0,0,0,10.0,5.0,5.0,20.0,0,364,9.852458000183105,0.12026967976119492,,out_of_road
1825,fresh,0,fresh,,,0,0.0,0,0,0,0,0,10.0,5.0,5.0,20.0,0,56,0.32687509059906006,0.032519454535629065,,out_of_road
1826,fresh,0,fresh,,,0,0.0,0,0,0,0,0,10.0,5.0,5.0,20.0,0,85,1.799483299255371,0.043838086592800474,,arrive_dest
1827,fresh,0,fresh,,,0,0.0,0,0,0,0,0,10.0,5.0,5.0,20.0,0,388,10.703437805175781,0.06463451460291891,,arrive_dest
1828,fresh,0,fresh,,,0,0.0,0,0,0,0,0,10.0,5.0,5.0,20.0,0,361,9.748916625976562,0.07580766049948962,,out_of_road
1829,fresh,0,fresh,,,0,0.0,0,0,0,0,0,10.0,5.0,5.0,20.0,0,392,8.707826614379883,0.038404722481684486,,out_of_road
1830,fresh,0,fresh,,,0,0.0,0,0,0,0,0,10.0,5.0,5.0,20.0,0,39,0.5864566564559937,0.07929980964996876,,arrive_dest
1831,fresh,0,fresh,,,0,0.0,0,0,0,0,0,10.0,5.0,5.0,20.0,0,633,-0.1231854259967804,0.0,,out_of_road
1832,fresh,0,fresh,,,0,0.0,0,0,0,0,0,10.0,5.0,5.0,20.0,0,246,6.67807149887085,0.07459823999504703,,out_of_road
1833,fresh,0,fresh,,,0,0.0,0,0,0,0,0,10.0,5.0,5.0,20.0,0,524,15.257506370544434,0.08374319209998032,,arrive_dest
1834,fresh,0,fresh,,,0,0.0,0,0,0,0,0,10.0,5.0,5.0,20.0,0,605,0.31296077370643616,0.018825660404279704,,out_of_road
1835,fresh,0,fresh,,,0,0.0,0,0,0,0,0,10.0,5.0,5.0,20.0,0,31,0.43939584493637085,0.03502735399430798,,arrive_dest
1836,fresh,0,fresh,,,0,0.0,0,0,0,0,0,10.0,5.0,5.0,20.0,0,596,16.661893844604492,0.10589883313123637,,out_of_road
1837,fresh,0,fresh,,,0,0.0,0,0,0,0,0,10.0,5.0,5.0,20.0,0,2,0.2574782371520996,0.0,,arrive_dest
1838,fresh,0,fresh,,,0,0.0,0,0,0,0,0,10.0,5.0,5.0,20.0,0,270,6.728377819061279,0.04526229521466626,,out_of_road
1839,fresh,0,fresh,,,0,0.0,0,0,0,0,0,10.0,5.0,5.0,20.0,0,111,1.921489953994751,0.014885824253396676,,out_of_road
1840,fresh,0,fresh,,,0,0.0,0,0,0,0,0,10.0,5.0,5.0,20.0,0,155,3.2085540294647217,0.03416360817068527,,arrive_dest
1841,fresh,0,fresh,,,0,0.0,0,0,0,0,0,10.0,5.0,5.0,20.0,0,134,2.2312798500061035,0.00773758124282111,,out_of_road
1842,fresh,0,fresh,,,0,0.0,0,0,0,0,0,10.0,5.0,5.0,20.0,0,121,1.7712900638580322,0.030370144211987325,,out_of_road
1843,fresh,0,fresh,,,0,0.0,0,0,0,0,0,10.0,5.0,5.0,20.0,0,622,15.409090042114258,0.07206064139319122,,out_of_road
1844,fresh,0,fresh,,,0,0.0,0,0,0,0,0,10.0,5.0,5.0,20.0,0,484,12.14572525024414,0.06050028909942566,,out_of_road
1845,fresh,0,fresh,,,0,0.0,0,0,0,0,0,10.0,5.0,5.0,20.0,0,493,12.515973091125488,0.06449832261018607,,out_of_road
1846,fresh,0,fresh,,,0,0.0,0,0,0,0,0,10.0,5.0,5.0,20.0,0,222,6.113138198852539,0.06437975161673233,,arrive_dest
1847,fresh,0,fresh,,,0,0.0,0,0,0,0,0,10.0,5.0,5.0,20.0,0,220,6.075344085693359,0.07324930415065452,,out_of_road
1848,fresh,0,fresh,,,0,0.0,0,0,0,0,0,10.0,5.0,5.0,20.0,0,315,7.743708610534668,0.057879353775864555,,out_of_road
1849,fresh,0,fresh,,,0,0.0,0,0,0,0,0,10.0,5.0,5.0,20.0,0,349,9.416390419006348,0.08440199595232918,,out_of_road
1850,fresh,0,fresh,,,0,0.0,0,0,0,0,0,10.0,5.0,5.0,20.0,0,322,8.774727821350098,0.13200096846182155,,out_of_road
1851,fresh,0,fresh,,,0,0.0,0,0,0,0,0,10.0,5.0,5.0,20.0,0,239,5.262774467468262,0.07079934657679941,,out_of_road
1852,fresh,0,fresh,,,0,0.0,0,0,0,0,0,10.0,5.0,5.0,20.0,0,366,9.694189071655273,0.07681682822167303,,out_of_road
1853,fresh,0,fresh,,,0,0.0,0,0,0,0,0,10.0,5.0,5.0,20.0,0,363,9.739869117736816,0.07147363024396879,,out_of_road
1854,fresh,0,fresh,,,0,0.0,0,0,0,0,0,10.0,5.0,5.0,20.0,0,591,15.159194946289062,0.04772105298198873,,out_of_road
1855,fresh,0,fresh,,,0,0.0,0,0,0,0,0,10.0,5.0,5.0,20.0,0,45,0.22784985601902008,0.031684027819169895,,out_of_road
1856,fresh,0,fresh,,,0,0.0,0,0,0,0,0,10.0,5.0,5.0,20.0,0,841,22.739757537841797,0.09762564621169195,,out_of_road
1857,fresh,0,fresh,,,0,0.0,0,0,0,0,0,10.0,5.0,5.0,20.0,0,34,-0.15792186558246613,0.0,,out_of_road
1858,fresh,0,fresh,,,0,0.0,0,0,0,0,0,10.0,5.0,5.0,20.0,0,514,14.616333961486816,0.09714314723586671,,out_of_road
1859,fresh,0,fresh,,,0,0.0,0,0,0,0,0,10.0,5.0,5.0,20.0,0,786,20.03354835510254,0.10694881720345766,,out_of_road
1860,fresh,0,fresh,,,0,0.0,0,0,0,0,0,10.0,5.0,5.0,20.0,0,359,8.730533599853516,0.057272028543760685,,arrive_dest
1861,fresh,0,fresh,,,0,0.0,0,0,0,0,0,10.0,5.0,5.0,20.0,0,927,25.3009033203125,0.0844082996764591,,arrive_dest
1862,fresh,0,fresh,,,0,0.0,0,0,0,0,0,10.0,5.0,5.0,20.0,0,626,18.53158950805664,0.08131016278713822,,arrive_dest
1863,fresh,0,fresh,,,0,0.0,0,0,0,0,0,10.0,5.0,5.0,20.0,0,172,3.2604751586914062,0.028550721910717183,,out_of_road
1864,fresh,0,fresh,,,0,0.0,0,0,0,0,0,10.0,5.0,5.0,20.0,0,617,16.981794357299805,0.05785031062639522,,arrive_dest
1865,fresh,0,fresh,,,0,0.0,0,0,0,0,0,10.0,5.0,5.0,20.0,0,884,25.439353942871094,0.09755396631486267,,out_of_road
1866,fresh,0,fresh,,,0,0.0,0,0,0,0,0,10.0,5.0,5.0,20.0,0,630,17.039581298828125,0.11445311076120503,,out_of_road
1867,fresh,0,fresh,,,0,0.0,0,0,0,0,0,10.0,5.0,5.0,20.0,0,381,9.13015079498291,0.05446039046603316,,arrive_dest
1868,fresh,0,fresh,,,0,0.0,0,0,0,0,0,10.0,5.0,5.0,20.0,0,125,2.0182604789733887,0.01412043984234333,,out_of_road
1869,fresh,0,fresh,,,0,0.0,0,0,0,0,0,10.0,5.0,5.0,20.0,0,584,17.476282119750977,0.0934255930837499,,arrive_dest
1870,fresh,0,fresh,,,0,0.0,0,0,0,0,0,10.0,5.0,5.0,20.0,0,368,7.613235950469971,0.052467259540445295,,arrive_dest
1871,fresh,0,fresh,,,0,0.0,0,0,0,0,0,10.0,5.0,5.0,20.0,0,624,16.91210174560547,0.06081994560857614,,out_of_road
1872,fresh,0,fresh,,,0,0.0,0,0,0,0,0,10.0,5.0,5.0,20.0,0,389,11.194704055786133,0.05993461433515566,,arrive_dest
1873,fresh,0,fresh,,,0,0.0,0,0,0,0,0,10.0,5.0,5.0,20.0,0,728,21.193714141845703,0.11280940746591724,,arrive_dest
1874,fresh,0,fresh,,,0,0.0,0,0,0,0,0,10.0,5.0,5.0,20.0,0,689,18.64317512512207,0.0799886310008099,,arrive_dest
1875,fresh,0,fresh,,,0,0.0,0,0,0,0,0,10.0,5.0,5.0,20.0,0,729,19.44557762145996,0.08850138939925711,,arrive_dest
1876,fresh,0,fresh,,,0,0.0,0,0,0,0,0,10.0,5.0,5.0,20.0,0,444,12.362336158752441,0.05946506405519825,,arrive_dest
1877,fresh,0,fresh,,,0,0.0,0,0,0,0,0,10.0,5.0,5.0,20.0,0,641,16.975557327270508,0.060796529269674084,,out_of_road
1878,fresh,0,fresh,,,0,0.0,0,0,0,0,0,10.0,5.0,5.0,20.0,0,561,15.660102844238281,0.06713916199056036,,arrive_dest
1879,fresh,0,fresh,,,0,0.0,0,0,0,0,0,10.0,5.0,5.0,20.0,0,447,11.756369590759277,0.0548612091156927,,arrive_dest
1880,fresh,0,fresh,,,0,0.0,0,0,0,0,0,10.0,5.0,5.0,20.0,0,115,1.81100332736969,0.016289231335015402,,out_of_road
1881,fresh,0,fresh,,,0,0.0,0,0,0,0,0,10.0,5.0,5.0,20.0,0,362,9.049703598022461,0.09057786550311094,,out_of_road
1882,fresh,0,fresh,,,0,0.0,0,0,0,0,0,10.0,5.0,5.0,20.0,0,748,21.8758602142334,0.09545580012241957,,arrive_dest
1883,fresh,0,fresh,,,0,0.0,0,0,0,0,0,10.0,5.0,5.0,20.0,0,315,6.19003438949585,0.06090251098549555,,out_of_road
1884,fresh,0,fresh,,,0,0.0,0,0,0,0,0,10.0,5.0,5.0,20.0,0,103,1.439058780670166,0.016613508149692157,,out_of_road
1885,fresh,0,fresh,,,0,0.0,0,0,0,0,0,10.0,5.0,5.0,20.0,0,668,18.88309669494629,0.12474745382487908,,out_of_road
1886,fresh,0,fresh,,,0,0.0,0,0,0,0,0,10.0,5.0,5.0,20.0,0,434,12.401558876037598,0.0825958509912311,,arrive_dest
1887,fresh,0,fresh,,,0,0.0,0,0,0,0,0,10.0,5.0,5.0,20.0,0,268,7.084842205047607,0.06687449058691568,,arrive_dest
1888,fresh,0,fresh,,,0,0.0,0,0,0,0,0,10.0,5.0,5.0,20.0,0,433,10.437530517578125,0.08534996418441554,,out_of_road
1889,fresh,0,fresh,,,0,0.0,0,0,0,0,0,10.0,5.0,5.0,20.0,0,100,1.4654558897018433,0.012135634375736117,,out_of_road
1890,fresh,0,fresh,,,0,0.0,0,0,0,0,0,10.0,5.0,5.0,20.0,0,279,7.367273807525635,0.0677736501216114,,out_of_road
1891,fresh,0,fresh,,,0,0.0,0,0,0,0,0,10.0,5.0,5.0,20.0,0,377,9.431137084960938,0.03854104142082702,,out_of_road
1892,fresh,0,fresh,,,0,0.0,0,0,0,0,0,10.0,5.0,5.0,20.0,0,531,15.8515043258667,0.06823529483638213,,arrive_dest
1893,fresh,0,fresh,,,0,0.0,0,0,0,0,0,10.0,5.0,5.0,20.0,0,1000,0.0040420894511044025,0.0030929458853788676,,max_step
1894,fresh,0,fresh,,,0,0.0,0,0,0,0,0,10.0,5.0,5.0,20.0,0,501,14.199272155761719,0.07674217898261076,,arrive_dest
1895,fresh,0,fresh,,,0,0.0,0,0,0,0,0,10.0,5.0,5.0,20.0,0,747,20.006013870239258,0.09438520615267128,,arrive_dest
1896,fresh,0,fresh,,,0,0.0,0,0,0,0,0,10.0,5.0,5.0,20.0,0,58,0.25947242975234985,0.00915714022542896,,out_of_road
1897,fresh,0,fresh,,,0,0.0,0,0,0,0,0,10.0,5.0,5.0,20.0,0,302,7.27742862701416,0.047618071510092605,,arrive_dest
1898,fresh,0,fresh,,,0,0.0,0,0,0,0,0,10.0,5.0,5.0,20.0,0,98,1.421415090560913,0.006745456204730637,,out_of_road
1899,fresh,0,fresh,,,0,0.0,0,0,0,0,0,10.0,5.0,5.0,20.0,0,257,5.257852077484131,0.03755036303374902,,arrive_dest
1900,fresh,0,fresh,,,0,0.0,0,0,0,0,0,10.0,5.0,5.0,20.0,0,109,1.6005955934524536,0.003882972374045794,,out_of_road
1901,fresh,0,fresh,,,0,0.0,0,0,0,0,0,10.0,5.0,5.0,20.0,0,624,16.8638973236084,0.05804722284907863,,arrive_dest
1902,fresh,0,fresh,,,0,0.0,0,0,0,0,0,10.0,5.0,5.0,20.0,0,432,12.396038055419922,0.0934237010153959,,arrive_dest
1903,fresh,0,fresh,,,0,0.0,0,0,0,0,0,10.0,5.0,5.0,20.0,0,549,15.943634033203125,0.0831137971366452,,arrive_dest
1904,fresh,0,fresh,,,0,0.0,0,0,0,0,0,10.0,5.0,5.0,20.0,0,694,17.848344802856445,0.04756922441801749,,out_of_road
1905,fresh,0,fresh,,,0,0.0,0,0,0,0,0,10.0,5.0,5.0,20.0,0,177,3.7295496463775635,0.025715459906364566,,out_of_road
1906,fresh,0,fresh,,,0,0.0,0,0,0,0,0,10.0,5.0,5.0,20.0,0,679,19.463611602783203,0.09305168470665771,,arrive_dest
1907,fresh,0,fresh,,,0,0.0,0,0,0,0,0,10.0,5.0,5.0,20.0,0,103,2.187070846557617,0.01420557884119668,,arrive_dest
1908,fresh,0,fresh,,,0,0.0,0,0,0,0,0,10.0,5.0,5.0,20.0,0,263,6.592386245727539,0.044989890103784354,,out_of_road
1909,fresh,0,fresh,,,0,0.0,0,0,0,0,0,10.0,5.0,5.0,20.0,0,652,16.773889541625977,0.03921607732444293,,out_of_road
1910,fresh,0,fresh,,,0,0.0,0,0,0,0,0,10.0,5.0,5.0,20.0,0,250,4.8448805809021,0.02939147848635912,,out_of_road
1911,fresh,0,fresh,,,0,0.0,0,0,0,0,0,10.0,5.0,5.0,20.0,0,462,11.48768424987793,0.049156146049418876,,arrive_dest
1912,fresh,0,fresh,,,0,0.0,0,0,0,0,0,10.0,5.0,5.0,20.0,0,325,7.779111862182617,0.05286878557302631,,arrive_dest
1913,fresh,0,fresh,,,0,0.0,0,0,0,0,0,10.0,5.0,5.0,20.0,0,235,5.641756057739258,0.052761850272245864,,out_of_road
1914,fresh,0,fresh,,,0,0.0,0,0,0,0,0,10.0,5.0,5.0,20.0,0,245,6.182587623596191,0.04479634585666793,,arrive_dest
1915,fresh,0,fresh,,,0,0.0,0,0,0,0,0,10.0,5.0,5.0,20.0,0,23,-0.1444450169801712,0.0,,out_of_road
1916,fresh,0,fresh,,,0,0.0,0,0,0,0,0,10.0,5.0,5.0,20.0,0,367,9.436946868896484,0.09491066880300844,,out_of_road
1917,fresh,0,fresh,,,0,0.0,0,0,0,0,0,10.0,5.0,5.0,20.0,0,617,16.50202751159668,0.11381149963767086,,out_of_road
1918,fresh,0,fresh,,,0,0.0,0,0,0,0,0,10.0,5.0,5.0,20.0,0,335,8.647470474243164,0.07060181887875965,,arrive_dest
1919,fresh,0,fresh,,,0,0.0,0,0,0,0,0,10.0,5.0,5.0,20.0,0,970,26.700353622436523,0.0847817661461526,,arrive_dest
1920,fresh,0,fresh,,,0,0.0,0,0,0,0,0,10.0,5.0,5.0,20.0,0,94,2.019209146499634,0.03201036856688084,,arrive_dest
1921,fresh,0,fresh,,,0,0.0,0,0,0,0,0,10.0,5.0,5.0,20.0,0,596,15.530939102172852,0.10195197085162387,,out_of_road
1922,fresh,0,fresh,,,0,0.0,0,0,0,0,0,10.0,5.0,5.0,20.0,0,104,1.5987048149108887,0.032399263367271766,,arrive_dest
1923,fresh,0,fresh,,,0,0.0,0,0,0,0,0,10.0,5.0,5.0,20.0,0,299,8.124166488647461,0.046787120901783275,,arrive_dest
1924,fresh,0,fresh,,,0,0.0,0,0,0,0,0,10.0,5.0,5.0,20.0,0,107,1.3783706426620483,0.027231729371803945,,out_of_road
1925,fresh,0,fresh,,,0,0.0,0,0,0,0,0,10.0,5.0,5.0,20.0,0,290,8.084991455078125,0.08937867227941751,,out_of_road
1926,fresh,0,fresh,,,0,0.0,0,0,0,0,0,10.0,5.0,5.0,20.0,0,374,9.71595573425293,0.09497993370209308,,out_of_road
1927,fresh,0,fresh,,,0,0.0,0,0,0,0,0,10.0,5.0,5.0,20.0,0,315,5.480597496032715,0.05322993358685857,,out_of_road
1928,fresh,0,fresh,,,0,0.0,0,0,0,0,0,10.0,5.0,5.0,20.0,0,111,1.747870683670044,0.01757165453153419,,out_of_road
1929,fresh,0,fresh,,,0,0.0,0,0,0,0,0,10.0,5.0,5.0,20.0,0,406,10.806763648986816,0.0744277033656652,,arrive_dest
1930,fresh,0,fresh,,,0,0.0,0,0,0,0,0,10.0,5.0,5.0,20.0,0,739,20.427576065063477,0.08939192255175041,,out_of_road
1931,fresh,0,fresh,,,0,0.0,0,0,0,0,0,10.0,5.0,5.0,20.0,0,820,21.22884178161621,0.08425311162363647,,arrive_dest
1932,fresh,0,fresh,,,0,0.0,0,0,0,0,0,10.0,5.0,5.0,20.0,0,620,15.521535873413086,0.07978056570507526,,arrive_dest
1933,fresh,0,fresh,,,0,0.0,0,0,0,0,0,10.0,5.0,5.0,20.0,0,140,2.2382476329803467,0.023737261005278145,,out_of_road
1934,fresh,0,fresh,,,0,0.0,0,0,0,0,0,10.0,5.0,5.0,20.0,0,123,2.2402639389038086,0.04932478050572601,,arrive_dest
1935,fresh,0,fresh,,,0,0.0,0,0,0,0,0,10.0,5.0,5.0,20.0,0,177,3.513807535171509,0.028219607792857846,,out_of_road
1936,fresh,0,fresh,,,0,0.0,0,0,0,0,0,10.0,5.0,5.0,20.0,0,125,2.11421537399292,0.06923109756410122,,arrive_dest
1937,fresh,0,fresh,,,0,0.0,0,0,0,0,0,10.0,5.0,5.0,20.0,0,416,8.979107856750488,0.059695450465929195,,out_of_road
1938,fresh,0,fresh,,,0,0.0,0,0,0,0,0,10.0,5.0,5.0,20.0,0,664,18.639625549316406,0.13608094584617583,,out_of_road
1939,fresh,0,fresh,,,0,0.0,0,0,0,0,0,10.0,5.0,5.0,20.0,0,636,17.550376892089844,0.10775068565418229,,arrive_dest
1940,fresh,0,fresh,,,0,0.0,0,0,0,0,0,10.0,5.0,5.0,20.0,0,1000,27.4368953704834,0.07003975529305172,,max_step
1941,fresh,0,fresh,,,0,0.0,0,0,0,0,0,10.0,5.0,5.0,20.0,0,549,13.18716049194336,0.07717219697233486,,arrive_dest
1942,fresh,0,fresh,,,0,0.0,0,0,0,0,0,10.0,5.0,5.0,20.0,0,800,21.380489349365234,0.06360754388093483,,arrive_dest
1943,fresh,0,fresh,,,0,0.0,0,0,0,0,0,10.0,5.0,5.0,20.0,0,405,10.570626258850098,0.10742714588104943,,out_of_road
1944,fresh,0,fresh,,,0,0.0,0,0,0,0,0,10.0,5.0,5.0,20.0,0,165,3.7170450687408447,0.017770375167442995,,arrive_dest
1945,fresh,0,fresh,,,0,0.0,0,0,0,0,0,10.0,5.0,5.0,20.0,0,308,8.24309253692627,0.06897009748741742,,out_of_road
1946,fresh,0,fresh,,,0,0.0,0,0,0,0,0,10.0,5.0,5.0,20.0,0,237,5.746438026428223,0.05581877879672664,,arrive_dest
1947,fresh,0,fresh,,,0,0.0,0,0,0,0,0,10.0,5.0,5.0,20.0,0,91,1.820261836051941,0.00832622941419646,,arrive_dest
1948,fresh,0,fresh,,,0,0.0,0,0,0,0,0,10.0,5.0,5.0,20.0,0,123,1.2305653095245361,0.02060307928065701,,out_of_road
1949,fresh,0,fresh,,,0,0.0,0,0,0,0,0,10.0,5.0,5.0,20.0,0,696,18.595991134643555,0.04497060460779795,,arrive_dest
1950,fresh,0,fresh,,,0,0.0,0,0,0,0,0,10.0,5.0,5.0,20.0,0,108,1.532442569732666,0.036026780114129735,,out_of_road
1951,fresh,0,fresh,,,0,0.0,0,0,0,0,0,10.0,5.0,5.0,20.0,0,421,10.551183700561523,0.0608554981016242,,arrive_dest
1952,fresh,0,fresh,,,0,0.0,0,0,0,0,0,10.0,5.0,5.0,20.0,0,375,9.930458068847656,0.09695257683719198,,out_of_road
1953,fresh,0,fresh,,,0,0.0,0,0,0,0,0,10.0,5.0,5.0,20.0,0,252,6.0478386878967285,0.04801374002515028,,out_of_road
1954,fresh,0,fresh,,,0,0.0,0,0,0,0,0,10.0,5.0,5.0,20.0,0,842,23.37137794494629,0.07432778882147023,,arrive_dest
1955,fresh,0,fresh,,,0,0.0,0,0,0,0,0,10.0,5.0,5.0,20.0,0,457,12.601624488830566,0.04773821683317276,,arrive_dest
1956,fresh,0,fresh,,,0,0.0,0,0,0,0,0,10.0,5.0,5.0,20.0,0,633,17.152067184448242,0.056347866089481974,,arrive_dest
1957,fresh,0,fresh,,,0,0.0,0,0,0,0,0,10.0,5.0,5.0,20.0,0,575,15.675430297851562,0.0845473560694929,,arrive_dest
1958,fresh,0,fresh,,,0,0.0,0,0,0,0,0,10.0,5.0,5.0,20.0,0,446,11.337015151977539,0.06667871082790464,,out_of_road
1959,fresh,0,fresh,,,0,0.0,0,0,0,0,0,10.0,5.0,5.0,20.0,0,829,22.370105743408203,0.06895260593220698,,arrive_dest
1960,fresh,0,fresh,,,0,0.0,0,0,0,0,0,10.0,5.0,5.0,20.0,0,437,11.782495498657227,0.04478863896525015,,arrive_dest
1961,fresh,0,fresh,,,0,0.0,0,0,0,0,0,10.0,5.0,5.0,20.0,0,51,0.19156959652900696,0.02600138269218744,,out_of_road
1962,fresh,0,fresh,,,0,0.0,0,0,0,0,0,10.0,5.0,5.0,20.0,0,366,7.931033611297607,0.08622253286433432,,out_of_road
1963,fresh,0,fresh,,,0,0.0,0,0,0,0,0,10.0,5.0,5.0,20.0,0,398,9.760862350463867,0.051435264805565824,,arrive_dest
1964,fresh,0,fresh,,,0,0.0,0,0,0,0,0,10.0,5.0,5.0,20.0,0,50,0.21365682780742645,0.006896252930164337,,out_of_road
1965,fresh,0,fresh,,,0,0.0,0,0,0,0,0,10.0,5.0,5.0,20.0,0,411,9.327932357788086,0.052388955240189994,,out_of_road
1966,fresh,0,fresh,,,0,0.0,0,0,0,0,0,10.0,5.0,5.0,20.0,0,919,24.801536560058594,0.10103884225146757,,arrive_dest
1967,fresh,0,fresh,,,0,0.0,0,0,0,0,0,10.0,5.0,5.0,20.0,0,367,9.672832489013672,0.05659573847473642,,out_of_road
1968,fresh,0,fresh,,,0,0.0,0,0,0,0,0,10.0,5.0,5.0,20.0,0,548,13.44381332397461,0.1119641970880678,,out_of_road
1969,fresh,0,fresh,,,0,0.0,0,0,0,0,0,10.0,5.0,5.0,20.0,0,707,17.73693084716797,0.07232092598043488,,arrive_dest
1970,fresh,0,fresh,,,0,0.0,0,0,0,0,0,10.0,5.0,5.0,20.0,0,252,4.47913122177124,0.019487132519734874,,out_of_road
1971,fresh,0,fresh,,,0,0.0,0,0,0,0,0,10.0,5.0,5.0,20.0,0,27,-0.1305052489042282,0.010302948730963248,,out_of_road
1972,fresh,0,fresh,,,0,0.0,0,0,0,0,0,10.0,5.0,5.0,20.0,0,221,4.504454135894775,0.05021338287595559,,out_of_road
1973,fresh,0,fresh,,,0,0.0,0,0,0,0,0,10.0,5.0,5.0,20.0,0,329,7.860734939575195,0.061966444173188015,,out_of_road
1974,fresh,0,fresh,,,0,0.0,0,0,0,0,0,10.0,5.0,5.0,20.0,0,192,4.266965389251709,0.02996148770277311,,out_of_road
1975,fresh,0,fresh,,,0,0.0,0,0,0,0,0,10.0,5.0,5.0,20.0,0,651,18.09916114807129,0.09404636350189967,,arrive_dest
1976,fresh,0,fresh,,,0,0.0,0,0,0,0,0,10.0,5.0,5.0,20.0,0,683,19.068756103515625,0.11048027171564491,,arrive_dest
1977,fresh,0,fresh,,,0,0.0,0,0,0,0,0,10.0,5.0,5.0,20.0,0,383,10.108470916748047,0.117431590382214,,out_of_road
1978,fresh,0,fresh,,,0,0.0,0,0,0,0,0,10.0,5.0,5.0,20.0,0,730,17.775625228881836,0.05720260466499994,,out_of_road
1979,fresh,0,fresh,,,0,0.0,0,0,0,0,0,10.0,5.0,5.0,20.0,0,762,19.504920959472656,0.09249091438467558,,arrive_dest
1980,fresh,0,fresh,,,0,0.0,0,0,0,0,0,10.0,5.0,5.0,20.0,0,528,14.254842758178711,0.06564749964463497,,arrive_dest
1981,fresh,0,fresh,,,0,0.0,0,0,0,0,0,10.0,5.0,5.0,20.0,0,248,5.544142246246338,0.025629719067740465,,out_of_road
1982,fresh,0,fresh,,,0,0.0,0,0,0,0,0,10.0,5.0,5.0,20.0,0,606,13.328045845031738,0.07829460183622641,,out_of_road
1983,fresh,0,fresh,,,0,0.0,0,0,0,0,0,10.0,5.0,5.0,20.0,0,113,1.4213262796401978,0.027449730379853102,,out_of_road
1984,fresh,0,fresh,,,0,0.0,0,0,0,0,0,10.0,5.0,5.0,20.0,0,224,6.142476558685303,0.04865022347595576,,arrive_dest
1985,fresh,0,fresh,,,0,0.0,0,0,0,0,0,10.0,5.0,5.0,20.0,0,43,0.13322289288043976,0.0,,out_of_road
1986,fresh,0,fresh,,,0,0.0,0,0,0,0,0,10.0,5.0,5.0,20.0,0,1000,0.01644420623779297,0.0,,max_step
1987,fresh,0,fresh,,,0,0.0,0,0,0,0,0,10.0,5.0,5.0,20.0,0,435,11.004619598388672,0.034997000729386836,,arrive_dest
1988,fresh,0,fresh,,,0,0.0,0,0,0,0,0,10.0,5.0,5.0,20.0,0,441,10.322555541992188,0.06754899897523933,,out_of_road
1989,fresh,0,fresh,,,0,0.0,0,0,0,0,0,10.0,5.0,5.0,20.0,0,756,19.883718490600586,0.06848749732992873,,arrive_dest
1990,fresh,0,fresh,,,0,0.0,0,0,0,0,0,10.0,5.0,5.0,20.0,0,236,4.659805774688721,0.035030746830516823,,out_of_road
1991,fresh,0,fresh,,,0,0.0,0,0,0,0,0,10.0,5.0,5.0,20.0,0,644,15.9677734375,0.05616724759453086,,out_of_road
1992,fresh,0,fresh,,,0,0.0,0,0,0,0,0,10.0,5.0,5.0,20.0,0,302,7.80241584777832,0.06212432593699323,,arrive_dest
1993,fresh,0,fresh,,,0,0.0,0,0,0,0,0,10.0,5.0,5.0,20.0,0,1000,0.010763241909444332,0.0,,max_step
1994,fresh,0,fresh,,,0,0.0,0,0,0,0,0,10.0,5.0,5.0,20.0,0,28,-0.0795566737651825,0.011493957468441554,,out_of_road
1995,fresh,0,fresh,,,0,0.0,0,0,0,0,0,10.0,5.0,5.0,20.0,0,400,10.46320629119873,0.12214041533414274,,out_of_road
1996,fresh,0,fresh,,,0,0.0,0,0,0,0,0,10.0,5.0,5.0,20.0,0,77,1.5470037460327148,0.020400145853107624,,arrive_dest
1997,fresh,0,fresh,,,0,0.0,0,0,0,0,0,10.0,5.0,5.0,20.0,0,842,23.73872947692871,0.06052915548407716,,arrive_dest
1998,fresh,0,fresh,,,0,0.0,0,0,0,0,0,10.0,5.0,5.0,20.0,0,718,18.774333953857422,0.09923568320808242,,arrive_dest
1999,fresh,0,fresh,,,0,0.0,0,0,0,0,0,10.0,5.0,5.0,20.0,0,220,4.8909406661987305,0.025075518631968986,,arrive_dest
2000,fresh,0,fresh,,,0,0.0,0,0,0,0,0,10.0,5.0,5.0,20.0,0,600,17.006553649902344,0.0742495624461056,,arrive_dest
2001,fresh,0,fresh,,,0,0.0,0,0,0,0,0,10.0,5.0,5.0,20.0,0,300,6.053850173950195,0.042363122686122856,,out_of_road
2002,fresh,0,fresh,,,0,0.0,0,0,0,0,0,10.0,5.0,5.0,20.0,0,386,9.226107597351074,0.03681277073624211,,out_of_road
2003,fresh,0,fresh,,,0,0.0,0,0,0,0,0,10.0,5.0,5.0,20.0,0,157,1.2064851522445679,0.025771096835185768,,out_of_road
2004,fresh,0,fresh,,,0,0.0,0,0,0,0,0,10.0,5.0,5.0,20.0,0,119,1.6574501991271973,0.035024083892525246,,out_of_road
2005,fresh,0,fresh,,,0,0.0,0,0,0,0,0,10.0,5.0,5.0,20.0,0,980,27.905864715576172,0.08436254499532396,,arrive_dest
2006,fresh,0,fresh,,,0,0.0,0,0,0,0,0,10.0,5.0,5.0,20.0,0,598,16.77341079711914,0.05839104599858257,,arrive_dest
2007,fresh,0,fresh,,,0,0.0,0,0,0,0,0,10.0,5.0,5.0,20.0,0,741,19.422080993652344,0.0939668580473686,,arrive_dest
2008,fresh,0,fresh,,,0,0.0,0,0,0,0,0,10.0,5.0,5.0,20.0,0,655,12.755715370178223,0.04057885222421348,,out_of_road
2009,fresh,0,fresh,,,0,0.0,0,0,0,0,0,10.0,5.0,5.0,20.0,0,510,6.030956745147705,0.04502680758379546,,out_of_road
2010,fresh,0,fresh,,,0,0.0,0,0,0,0,0,10.0,5.0,5.0,20.0,0,622,16.047643661499023,0.10061850998898028,,arrive_dest
2011,fresh,0,fresh,,,0,0.0,0,0,0,0,0,10.0,5.0,5.0,20.0,0,90,1.9615260362625122,0.018976200278848408,,arrive_dest
2012,fresh,0,fresh,,,0,0.0,0,0,0,0,0,10.0,5.0,5.0,20.0,0,647,15.714926719665527,0.09065381896582694,,arrive_dest
2013,fresh,0,fresh,,,0,0.0,0,0,0,0,0,10.0,5.0,5.0,20.0,0,500,7.664281845092773,0.03891032072412781,,out_of_road
2014,fresh,0,fresh,,,0,0.0,0,0,0,0,0,10.0,5.0,5.0,20.0,0,274,7.751473426818848,0.1229163468101599,,out_of_road
2015,fresh,0,fresh,,,0,0.0,0,0,0,0,0,10.0,5.0,5.0,20.0,0,361,9.191346168518066,0.07088403197371729,,out_of_road
2016,fresh,0,fresh,,,0,0.0,0,0,0,0,0,10.0,5.0,5.0,20.0,0,995,26.709796905517578,0.07482188569531593,,arrive_dest
2017,fresh,0,fresh,,,0,0.0,0,0,0,0,0,10.0,5.0,5.0,20.0,0,568,15.511266708374023,0.10966262255031221,,arrive_dest
2018,fresh,0,fresh,,,0,0.0,0,0,0,0,0,10.0,5.0,5.0,20.0,0,299,7.697933673858643,0.06851079832781169,,out_of_road
2019,fresh,0,fresh,,,0,0.0,0,0,0,0,0,10.0,5.0,5.0,20.0,0,80,0.31310710310935974,0.022930701088625938,,out_of_road
2020,fresh,0,fresh,,,0,0.0,0,0,0,0,0,10.0,5.0,5.0,20.0,0,344,8.260602951049805,0.08257524605548053,,out_of_road
2021,fresh,0,fresh,,,0,0.0,0,0,0,0,0,10.0,5.0,5.0,20.0,0,750,19.728485107421875,0.061530382371895634,,arrive_dest
2022,fresh,0,fresh,,,0,0.0,0,0,0,0,0,10.0,5.0,5.0,20.0,0,681,18.84041404724121,0.11579128050193377,,arrive_dest
2023,fresh,0,fresh,,,0,0.0,0,0,0,0,0,10.0,5.0,5.0,20.0,0,297,7.190065383911133,0.06788828217672178,,out_of_road
2024,fresh,0,fresh,,,0,0.0,0,0,0,0,0,10.0,5.0,5.0,20.0,0,115,1.831425666809082,0.035021869490004104,,out_of_road
2025,fresh,0,fresh,,,0,0.0,0,0,0,0,0,10.0,5.0,5.0,20.0,0,228,4.71934700012207,0.029179787001850314,,out_of_road
2026,fresh,0,fresh,,,0,0.0,0,0,0,0,0,10.0,5.0,5.0,20.0,0,307,8.368183135986328,0.07562153728478603,,arrive_dest
2027,fresh,0,fresh,,,0,0.0,0,0,0,0,0,10.0,5.0,5.0,20.0,0,377,8.728153228759766,0.05201878370494836,,arrive_dest
2028,fresh,0,fresh,,,0,0.0,0,0,0,0,0,10.0,5.0,5.0,20.0,0,306,8.162676811218262,0.09140304075550208,,out_of_road
2029,fresh,0,fresh,,,0,0.0,0,0,0,0,0,10.0,5.0,5.0,20.0,0,701,17.887393951416016,0.0559615555435908,,arrive_dest
2030,fresh,0,fresh,,,0,0.0,0,0,0,0,0,10.0,5.0,5.0,20.0,0,256,6.205277442932129,0.04432639275546535,,arrive_dest
2031,fresh,0,fresh,,,0,0.0,0,0,0,0,0,10.0,5.0,5.0,20.0,0,357,9.03011417388916,0.03948756931669207,,arrive_dest
2032,fresh,0,fresh,,,0,0.0,0,0,0,0,0,10.0,5.0,5.0,20.0,0,447,10.585478782653809,0.08429836181577886,,out_of_road
2033,fresh,0,fresh,,,0,0.0,0,0,0,0,0,10.0,5.0,5.0,20.0,0,388,8.549166679382324,0.04313705398787543,,arrive_dest
2034,fresh,0,fresh,,,0,0.0,0,0,0,0,0,10.0,5.0,5.0,20.0,0,381,9.887153625488281,0.10980138446637026,,out_of_road
2035,fresh,0,fresh,,,0,0.0,0,0,0,0,0,10.0,5.0,5.0,20.0,0,552,12.441291809082031,0.06986177627645108,,out_of_road
2036,fresh,0,fresh,,,0,0.0,0,0,0,0,0,10.0,5.0,5.0,20.0,0,327,7.786412239074707,0.07730328399596867,,out_of_road
2037,fresh,0,fresh,,,0,0.0,0,0,0,0,0,10.0,5.0,5.0,20.0,0,153,1.7534592151641846,0.025500127114355564,,out_of_road
2038,fresh,0,fresh,,,0,0.0,0,0,0,0,0,10.0,5.0,5.0,20.0,0,1000,21.08310317993164,0.09227226261049509,,max_step
2039,fresh,0,fresh,,,0,0.0,0,0,0,0,0,10.0,5.0,5.0,20.0,0,442,9.616703987121582,0.061426671774956774,,out_of_road
2040,fresh,0,fresh,,,0,0.0,0,0,0,0,0,10.0,5.0,5.0,20.0,0,77,1.483902931213379,0.028050295258690783,,arrive_dest
2041,fresh,0,fresh,,,0,0.0,0,0,0,0,0,10.0,5.0,5.0,20.0,0,22,0.2667037844657898,0.0,,arrive_dest
2042,fresh,0,fresh,,,0,0.0,0,0,0,0,0,10.0,5.0,5.0,20.0,0,104,1.4196652173995972,0.0030478506993788937,,out_of_road
2043,fresh,0,fresh,,,0,0.0,0,0,0,0,0,10.0,5.0,5.0,20.0,0,624,13.650785446166992,0.07527649755297133,,arrive_dest
2044,fresh,0,fresh,,,0,0.0,0,0,0,0,0,10.0,5.0,5.0,20.0,0,240,5.93516206741333,0.07426005882637886,,out_of_road
2045,fresh,0,fresh,,,0,0.0,0,0,0,0,0,10.0,5.0,5.0,20.0,0,184,3.003403425216675,0.03238638467155397,,out_of_road
2046,fresh,0,fresh,,,0,0.0,0,0,0,0,0,10.0,5.0,5.0,20.0,0,896,23.232940673828125,0.0942590162371094,,arrive_dest
2047,fresh,0,fresh,,,0,0.0,0,0,0,0,0,10.0,5.0,5.0,20.0,0,817,21.628206253051758,0.05916201214963226,,arrive_dest
2048,fresh,0,fresh,,,0,0.0,0,0,0,0,0,10.0,5.0,5.0,20.0,0,864,23.568592071533203,0.09483096508241336,,arrive_dest
2049,fresh,0,fresh,,,0,0.0,0,0,0,0,0,10.0,5.0,5.0,20.0,0,935,25.917335510253906,0.10553271226475344,,arrive_dest
2050,fresh,0,fresh,,,0,0.0,0,0,0,0,0,10.0,5.0,5.0,20.0,0,315,8.205912590026855,0.062202490091560377,,arrive_dest
2051,fresh,0,fresh,,,0,0.0,0,0,0,0,0,10.0,5.0,5.0,20.0,0,372,9.544551849365234,0.07251942619338371,,out_of_road
2052,fresh,0,fresh,,,0,0.0,0,0,0,0,0,10.0,5.0,5.0,20.0,0,816,18.2420654296875,0.0650008379628108,,arrive_dest
2053,fresh,0,fresh,,,0,0.0,0,0,0,0,0,10.0,5.0,5.0,20.0,0,525,12.220416069030762,0.08655062096104735,,arrive_dest
2054,fresh,0,fresh,,,0,0.0,0,0,0,0,0,10.0,5.0,5.0,20.0,0,503,13.765925407409668,0.06536114498672944,,arrive_dest
2055,fresh,0,fresh,,,0,0.0,0,0,0,0,0,10.0,5.0,5.0,20.0,0,576,15.394888877868652,0.10065567410897024,,out_of_road
2056,fresh,0,fresh,,,0,0.0,0,0,0,0,0,10.0,5.0,5.0,20.0,0,390,10.827468872070312,0.06361992104719273,,arrive_dest
2057,fresh,0,fresh,,,0,0.0,0,0,0,0,0,10.0,5.0,5.0,20.0,0,475,12.221028327941895,0.09573961591838222,,arrive_dest
2058,fresh,0,fresh,,,0,0.0,0,0,0,0,0,10.0,5.0,5.0,20.0,0,997,25.472055435180664,0.08710267852975238,,arrive_dest
2059,fresh,0,fresh,,,0,0.0,0,0,0,0,0,10.0,5.0,5.0,20.0,0,442,11.477020263671875,0.05440657454589171,,arrive_dest
2060,fresh,0,fresh,,,0,0.0,0,0,0,0,0,10.0,5.0,5.0,20.0,0,504,12.057174682617188,0.053739507437317764,,out_of_road
2061,fresh,0,fresh,,,0,0.0,0,0,0,0,0,10.0,5.0,5.0,20.0,0,328,8.746764183044434,0.07141520753261497,,arrive_dest
2062,fresh,0,fresh,,,0,0.0,0,0,0,0,0,10.0,5.0,5.0,20.0,0,178,3.3409855365753174,0.013217614649721746,,out_of_road
2063,fresh,0,fresh,,,0,0.0,0,0,0,0,0,10.0,5.0,5.0,20.0,0,378,10.071245193481445,0.10169742764441897,,arrive_dest
2064,fresh,0,fresh,,,0,0.0,0,0,0,0,0,10.0,5.0,5.0,20.0,0,121,1.6639604568481445,0.01473935682726793,,out_of_road
2065,fresh,0,fresh,,,0,0.0,0,0,0,0,0,10.0,5.0,5.0,20.0,0,787,5.687710762023926,0.020703377206590892,,out_of_road
2066,fresh,0,fresh,,,0,0.0,0,0,0,0,0,10.0,5.0,5.0,20.0,0,123,2.0303914546966553,0.04775859648551095,,out_of_road
2067,fresh,0,fresh,,,0,0.0,0,0,0,0,0,10.0,5.0,5.0,20.0,0,115,1.562530517578125,0.008964292441859194,,out_of_road
2068,fresh,0,fresh,,,0,0.0,0,0,0,0,0,10.0,5.0,5.0,20.0,0,467,11.565714836120605,0.04050054007191889,,arrive_dest
2069,fresh,0,fresh,,,0,0.0,0,0,0,0,0,10.0,5.0,5.0,20.0,0,263,5.852249622344971,0.041242779877050974,,out_of_road
2070,fresh,0,fresh,,,0,0.0,0,0,0,0,0,10.0,5.0,5.0,20.0,0,1000,-0.04032113030552864,0.0001422123908996582,,max_step
2071,fresh,0,fresh,,,0,0.0,0,0,0,0,0,10.0,5.0,5.0,20.0,0,247,5.469090461730957,0.08200858096942788,,out_of_road
2072,fresh,0,fresh,,,0,0.0,0,0,0,0,0,10.0,5.0,5.0,20.0,0,23,-0.17740750312805176,0.0,,out_of_road
2073,fresh,0,fresh,,,0,0.0,0,0,0,0,0,10.0,5.0,5.0,20.0,0,200,3.175821542739868,0.007106329456582898,,out_of_road
2074,fresh,0,fresh,,,0,0.0,0,0,0,0,0,10.0,5.0,5.0,20.0,0,284,6.686287879943848,0.05237817666067047,,arrive_dest
2075,fresh,0,fresh,,,0,0.0,0,0,0,0,0,10.0,5.0,5.0,20.0,0,783,20.57594871520996,0.05925808585558734,,arrive_dest
2076,fresh,0,fresh,,,0,0.0,0,0,0,0,0,10.0,5.0,5.0,20.0,0,236,5.634866237640381,0.04054480959598165,,arrive_dest
2077,fresh,0,fresh,,,0,0.0,0,0,0,0,0,10.0,5.0,5.0,20.0,0,99,1.3637863397598267,0.00812472964430021,,out_of_road
2078,fresh,0,fresh,,,0,0.0,0,0,0,0,0,10.0,5.0,5.0,20.0,0,456,11.494166374206543,0.04279089645021023,,arrive_dest
2079,fresh,0,fresh,,,0,0.0,0,0,0,0,0,10.0,5.0,5.0,20.0,0,2,0.25277483463287354,0.0,,arrive_dest
2080,fresh,0,fresh,,,0,0.0,0,0,0,0,0,10.0,5.0,5.0,20.0,0,310,7.633019924163818,0.05097365897794765,,out_of_road
2081,fresh,0,fresh,,,0,0.0,0,0,0,0,0,10.0,5.0,5.0,20.0,0,292,7.875251293182373,0.11311111723595899,,out_of_road
2082,fresh,0,fresh,,,0,0.0,0,0,0,0,0,10.0,5.0,5.0,20.0,0,154,3.024594306945801,0.02988596601024657,,out_of_road
2083,fresh,0,fresh,,,0,0.0,0,0,0,0,0,10.0,5.0,5.0,20.0,0,210,4.570245742797852,0.03784409520171937,,arrive_dest
2084,fresh,0,fresh,,,0,0.0,0,0,0,0,0,10.0,5.0,5.0,20.0,0,262,6.4569411277771,0.057229349773576244,,out_of_road
2085,fresh,0,fresh,,,0,0.0,0,0,0,0,0,10.0,5.0,5.0,20.0,0,550,16.797616958618164,0.1070054536990144,,arrive_dest
2086,fresh,0,fresh,,,0,0.0,0,0,0,0,0,10.0,5.0,5.0,20.0,0,279,7.666210651397705,0.10138862620117844,,out_of_road
2087,fresh,0,fresh,,,0,0.0,0,0,0,0,0,10.0,5.0,5.0,20.0,0,524,14.010092735290527,0.07611133071650815,,arrive_dest
2088,fresh,0,fresh,,,0,0.0,0,0,0,0,0,10.0,5.0,5.0,20.0,0,646,15.665824890136719,0.08962845697497297,,arrive_dest
2089,fresh,0,fresh,,,0,0.0,0,0,0,0,0,10.0,5.0,5.0,20.0,0,594,15.937582015991211,0.0979986879367049,,arrive_dest
2090,fresh,0,fresh,,,0,0.0,0,0,0,0,0,10.0,5.0,5.0,20.0,0,253,6.415321350097656,0.06737760702155442,,arrive_dest
2091,fresh,0,fresh,,,0,0.0,0,0,0,0,0,10.0,5.0,5.0,20.0,0,63,0.25525525212287903,0.020346304527409965,,out_of_road
2092,fresh,0,fresh,,,0,0.0,0,0,0,0,0,10.0,5.0,5.0,20.0,0,403,9.500411987304688,0.1013321380729489,,out_of_road
2093,fresh,0,fresh,,,0,0.0,0,0,0,0,0,10.0,5.0,5.0,20.0,0,371,9.535504341125488,0.1346424286431982,,out_of_road
2094,fresh,0,fresh,,,0,0.0,0,0,0,0,0,10.0,5.0,5.0,20.0,0,677,16.70058250427246,0.049229296378961916,,out_of_road
2095,fresh,0,fresh,,,0,0.0,0,0,0,0,0,10.0,5.0,5.0,20.0,0,512,12.927908897399902,0.06082044459435565,,arrive_dest
2096,fresh,0,fresh,,,0,0.0,0,0,0,0,0,10.0,5.0,5.0,20.0,0,256,7.015000820159912,0.07087985657562967,,arrive_dest
2097,fresh,0,fresh,,,0,0.0,0,0,0,0,0,10.0,5.0,5.0,20.0,0,229,4.983588695526123,0.0635198651117529,,out_of_road
2098,fresh,0,fresh,,,0,0.0,0,0,0,0,0,10.0,5.0,5.0,20.0,0,479,12.38499927520752,0.11767739992557649,,arrive_dest
2099,fresh,0,fresh,,,0,0.0,0,0,0,0,0,10.0,5.0,5.0,20.0,0,107,1.4894249439239502,0.015437219348501102,,out_of_road
2100,fresh,0,fresh,,,0,0.0,0,0,0,0,0,10.0,5.0,5.0,20.0,0,123,2.122690200805664,0.028965168200978417,,out_of_road
2101,fresh,0,fresh,,,0,0.0,0,0,0,0,0,10.0,5.0,5.0,20.0,0,385,9.326033592224121,0.08234200680918702,,out_of_road
2102,fresh,0,fresh,,,0,0.0,0,0,0,0,0,10.0,5.0,5.0,20.0,0,289,7.20159912109375,0.07150337105829617,,arrive_dest
2103,fresh,0,fresh,,,0,0.0,0,0,0,0,0,10.0,5.0,5.0,20.0,0,263,6.243376731872559,0.0605152360492956,,out_of_road
2104,fresh,0,fresh,,,0,0.0,0,0,0,0,0,10.0,5.0,5.0,20.0,0,84,1.6411980390548706,0.025147241518078817,,arrive_dest
2105,fresh,0,fresh,,,0,0.0,0,0,0,0,0,10.0,5.0,5.0,20.0,0,672,16.729183197021484,0.10636512930553484,,out_of_road
2106,fresh,0,fresh,,,0,0.0,0,0,0,0,0,10.0,5.0,5.0,20.0,0,116,1.9611144065856934,0.017415306992539816,,out_of_road
2107,fresh,0,fresh,,,0,0.0,0,0,0,0,0,10.0,5.0,5.0,20.0,0,169,4.631889343261719,0.06600222534351272,,arrive_dest
2108,fresh,0,fresh,,,0,0.0,0,0,0,0,0,10.0,5.0,5.0,20.0,0,106,1.3870387077331543,0.0024045463124254965,,out_of_road
2109,fresh,0,fresh,,,0,0.0,0,0,0,0,0,10.0,5.0,5.0,20.0,0,62,0.2538820505142212,0.016375794548601393,,out_of_road
2110,fresh,0,fresh,,,0,0.0,0,0,0,0,0,10.0,5.0,5.0,20.0,0,918,24.02079963684082,0.09890778353385787,,arrive_dest
2111,fresh,0,fresh,,,0,0.0,0,0,0,0,0,10.0,5.0,5.0,20.0,0,376,9.480403900146484,0.08066441411737035,,out_of_road
2112,fresh,0,fresh,,,0,0.0,0,0,0,0,0,10.0,5.0,5.0,20.0,0,659,17.456972122192383,0.08500303482998597,,out_of_road
2113,fresh,0,fresh,,,0,0.0,0,0,0,0,0,10.0,5.0,5.0,20.0,0,237,5.9274821281433105,0.06690613308701397,,out_of_road
2114,fresh,0,fresh,,,0,0.0,0,0,0,0,0,10.0,5.0,5.0,20.0,0,563,10.209023475646973,0.09084457591123098,,arrive_dest
2115,fresh,0,fresh,,,0,0.0,0,0,0,0,0,10.0,5.0,5.0,20.0,0,372,6.931482791900635,0.10943482263058785,,out_of_road
2116,fresh,0,fresh,,,0,0.0,0,0,0,0,0,10.0,5.0,5.0,20.0,0,353,9.15279483795166,0.055677662801430175,,arrive_dest
2117,fresh,0,fresh,,,0,0.0,0,0,0,0,0,10.0,5.0,5.0,20.0,0,49,0.2413908839225769,0.0038893946199392787,,out_of_road
2118,fresh,0,fresh,,,0,0.0,0,0,0,0,0,10.0,5.0,5.0,20.0,0,847,22.932064056396484,0.0717169640309792,,out_of_road
2119,fresh,0,fresh,,,0,0.0,0,0,0,0,0,10.0,5.0,5.0,20.0,0,59,0.2582424283027649,0.0187780812325477,,out_of_road
2120,fresh,0,fresh,,,0,0.0,0,0,0,0,0,10.0,5.0,5.0,20.0,0,88,1.9108896255493164,0.023573331503112884,,arrive_dest
2121,fresh,0,fresh,,,0,0.0,0,0,0,0,0,10.0,5.0,5.0,20.0,0,594,16.347606658935547,0.10001369660739044,,arrive_dest
2122,fresh,0,fresh,,,0,0.0,0,0,0,0,0,10.0,5.0,5.0,20.0,0,249,5.0935468673706055,0.03133464428637341,,out_of_road
2123,fresh,0,fresh,,,0,0.0,0,0,0,0,0,10.0,5.0,5.0,20.0,0,51,0.2582051753997803,0.010182808062025145,,out_of_road
2124,fresh,0,fresh,,,0,0.0,0,0,0,0,0,10.0,5.0,5.0,20.0,0,226,4.997407913208008,0.025880029474990855,,out_of_road
2125,fresh,0,fresh,,,0,0.0,0,0,0,0,0,10.0,5.0,5.0,20.0,0,337,9.49126148223877,0.06683677752178925,,arrive_dest
2126,fresh,0,fresh,,,0,0.0,0,0,0,0,0,10.0,5.0,5.0,20.0,0,340,8.025704383850098,0.08961034219109398,,out_of_road
2127,fresh,0,fresh,,,0,0.0,0,0,0,0,0,10.0,5.0,5.0,20.0,0,471,12.32793140411377,0.0713362076157613,,out_of_road
2128,fresh,0,fresh,,,0,0.0,0,0,0,0,0,10.0,5.0,5.0,20.0,0,301,8.359560012817383,0.09324255943347845,,arrive_dest
2129,fresh,0,fresh,,,0,0.0,0,0,0,0,0,10.0,5.0,5.0,20.0,0,995,24.68628692626953,0.08687254348746384,,arrive_dest
2130,fresh,0,fresh,,,0,0.0,0,0,0,0,0,10.0,5.0,5.0,20.0,0,509,13.277091979980469,0.053630074901251976,,arrive_dest
2131,fresh,0,fresh,,,0,0.0,0,0,0,0,0,10.0,5.0,5.0,20.0,0,861,4.934925079345703,0.013946779166728488,,out_of_road
2132,fresh,0,fresh,,,0,0.0,0,0,0,0,0,10.0,5.0,5.0,20.0,0,715,19.689395904541016,0.0959195579255612,,arrive_dest
2133,fresh,0,fresh,,,0,0.0,0,0,0,0,0,10.0,5.0,5.0,20.0,0,119,1.7622971534729004,0.010064738223470059,,out_of_road
2134,fresh,0,fresh,,,0,0.0,0,0,0,0,0,10.0,5.0,5.0,20.0,0,374,9.068410873413086,0.060066210583193516,,arrive_dest
2135,fresh,0,fresh,,,0,0.0,0,0,0,0,0,10.0,5.0,5.0,20.0,0,129,1.7604827880859375,0.02049766243218856,,out_of_road
2136,fresh,0,fresh,,,0,0.0,0,0,0,0,0,10.0,5.0,5.0,20.0,0,393,9.187827110290527,0.05707880287459618,,out_of_road
2137,fresh,0,fresh,,,0,0.0,0,0,0,0,0,10.0,5.0,5.0,20.0,0,424,9.514348983764648,0.08311325651351889,,out_of_road
2138,fresh,0,fresh,,,0,0.0,0,0,0,0,0,10.0,5.0,5.0,20.0,0,171,3.183356285095215,0.022970251466708575,,out_of_road
2139,fresh,0,fresh,,,0,0.0,0,0,0,0,0,10.0,5.0,5.0,20.0,0,91,1.1909652948379517,0.017434601457073137,,out_of_road
2140,fresh,0,fresh,,,0,0.0,0,0,0,0,0,10.0,5.0,5.0,20.0,0,294,7.493985176086426,0.08849155801335717,,out_of_road
2141,fresh,0,fresh,,,0,0.0,0,0,0,0,0,10.0,5.0,5.0,20.0,0,1000,6.38232421875,0.014814287506160326,,max_step
2142,fresh,0,fresh,,,0,0.0,0,0,0,0,0,10.0,5.0,5.0,20.0,0,217,4.6451873779296875,0.04507823309470569,,arrive_dest
2143,fresh,0,fresh,,,0,0.0,0,0,0,0,0,10.0,5.0,5.0,20.0,0,106,1.4029442071914673,0.007106117816325629,,out_of_road
2144,fresh,0,fresh,,,0,0.0,0,0,0,0,0,10.0,5.0,5.0,20.0,0,676,18.002290725708008,0.07081514178670546,,arrive_dest
2145,fresh,0,fresh,,,0,0.0,0,0,0,0,0,10.0,5.0,5.0,20.0,0,222,5.037510395050049,0.036516099438272616,,out_of_road
2146,fresh,0,fresh,,,0,0.0,0,0,0,0,0,10.0,5.0,5.0,20.0,0,492,13.50964641571045,0.0876581449652227,,arrive_dest
2147,fresh,0,fresh,,,0,0.0,0,0,0,0,0,10.0,5.0,5.0,20.0,0,1000,-0.009811410680413246,0.006987702567130327,,max_step
2148,fresh,0,fresh,,,0,0.0,0,0,0,0,0,10.0,5.0,5.0,20.0,0,424,10.555655479431152,0.1275079033166205,,out_of_road
2149,fresh,0,fresh,,,0,0.0,0,0,0,0,0,10.0,5.0,5.0,20.0,0,333,6.8998799324035645,0.06955331094792341,,out_of_road
2150,fresh,0,fresh,,,0,0.0,0,0,0,0,0,10.0,5.0,5.0,20.0,0,453,12.090523719787598,0.07082636384283157,,arrive_dest
2151,fresh,0,fresh,,,0,0.0,0,0,0,0,0,10.0,5.0,5.0,20.0,0,450,10.85226058959961,0.05910777427825249,,out_of_road
2152,fresh,0,fresh,,,0,0.0,0,0,0,0,0,10.0,5.0,5.0,20.0,0,364,9.459517478942871,0.0726450490701309,,out_of_road
2153,fresh,0,fresh,,,0,0.0,0,0,0,0,0,10.0,5.0,5.0,20.0,0,1000,0.020816680043935776,0.038993747767526656,,max_step
2154,fresh,0,fresh,,,0,0.0,0,0,0,0,0,10.0,5.0,5.0,20.0,0,643,16.865020751953125,0.07659914095351592,,arrive_dest
2155,fresh,0,fresh,,,0,0.0,0,0,0,0,0,10.0,5.0,5.0,20.0,0,233,6.041779518127441,0.06125806749682442,,out_of_road
2156,fresh,0,fresh,,,0,0.0,0,0,0,0,0,10.0,5.0,5.0,20.0,0,588,15.538235664367676,0.06469675664513587,,arrive_dest
2157,fresh,0,fresh,,,0,0.0,0,0,0,0,0,10.0,5.0,5.0,20.0,0,56,0.27471333742141724,0.01348786497380518,,out_of_road
2158,fresh,0,fresh,,,0,0.0,0,0,0,0,0,10.0,5.0,5.0,20.0,0,443,10.441129684448242,0.050473188315770474,,out_of_road
2159,fresh,0,fresh,,,0,0.0,0,0,0,0,0,10.0,5.0,5.0,20.0,0,203,4.705920219421387,0.038485289817409854,,out_of_road
2160,fresh,0,fresh,,,0,0.0,0,0,0,0,0,10.0,5.0,5.0,20.0,0,151,2.211991548538208,0.028313688943100882,,out_of_road
2161,fresh,0,fresh,,,0,0.0,0,0,0,0,0,10.0,5.0,5.0,20.0,0,1000,0.03086000494658947,0.0016461840143892914,,max_step
2162,fresh,0,fresh,,,0,0.0,0,0,0,0,0,10.0,5.0,5.0,20.0,0,1000,0.01588297076523304,0.00013075289130210876,,max_step
2163,fresh,0,fresh,,,0,0.0,0,0,0,0,0,10.0,5.0,5.0,20.0,0,111,1.618062973022461,0.017930123981231037,,out_of_road
2164,fresh,0,fresh,,,0,0.0,0,0,0,0,0,10.0,5.0,5.0,20.0,0,821,22.333961486816406,0.10018569893980298,,arrive_dest
2165,fresh,0,fresh,,,0,0.0,0,0,0,0,0,10.0,5.0,5.0,20.0,0,203,4.090295791625977,0.02745975076858633,,arrive_dest
2166,fresh,0,fresh,,,0,0.0,0,0,0,0,0,10.0,5.0,5.0,20.0,0,40,0.5164011716842651,0.0,,arrive_dest
2167,fresh,0,fresh,,,0,0.0,0,0,0,0,0,10.0,5.0,5.0,20.0,0,727,19.464176177978516,0.08795842619962219,,arrive_dest
2168,fresh,0,fresh,,,0,0.0,0,0,0,0,0,10.0,5.0,5.0,20.0,0,849,22.834205627441406,0.11663511705552464,,arrive_dest
2169,fresh,0,fresh,,,0,0.0,0,0,0,0,0,10.0,5.0,5.0,20.0,0,53,0.28691068291664124,0.06274588089787735,,out_of_road
2170,fresh,0,fresh,,,0,0.0,0,0,0,0,0,10.0,5.0,5.0,20.0,0,311,7.718545913696289,0.07882068616748335,,out_of_road
2171,fresh,0,fresh,,,0,0.0,0,0,0,0,0,10.0,5.0,5.0,20.0,0,52,0.2640038728713989,0.05424454141981327,,out_of_road
2172,fresh,0,fresh,,,0,0.0,0,0,0,0,0,10.0,5.0,5.0,20.0,0,105,1.6016536951065063,0.03220267881240164,,out_of_road
2173,fresh,0,fresh,,,0,0.0,0,0,0,0,0,10.0,5.0,5.0,20.0,0,312,7.686341285705566,0.07926838774866878,,out_of_road
2174,fresh,0,fresh,,,0,0.0,0,0,0,0,0,10.0,5.0,5.0,20.0,0,104,1.4064792394638062,0.04004313076774661,,out_of_road
2175,fresh,0,fresh,,,0,0.0,0,0,0,0,0,10.0,5.0,5.0,20.0,0,385,9.547470092773438,0.08747725308171243,,out_of_road
2176,fresh,0,fresh,,,0,0.0,0,0,0,0,0,10.0,5.0,5.0,20.0,0,39,0.11624833941459656,0.016517923428462103,,out_of_road
2177,fresh,0,fresh,,,0,0.0,0,0,0,0,0,10.0,5.0,5.0,20.0,0,559,14.624946594238281,0.11194328883036385,,arrive_dest
2178,fresh,0,fresh,,,0,0.0,0,0,0,0,0,10.0,5.0,5.0,20.0,0,359,9.575753211975098,0.13414374130848059,,out_of_road
2179,fresh,0,fresh,,,0,0.0,0,0,0,0,0,10.0,5.0,5.0,20.0,0,216,6.110863208770752,0.04708606473610012,,arrive_dest
2180,fresh,0,fresh,,,0,0.0,0,0,0,0,0,10.0,5.0,5.0,20.0,0,705,19.259130477905273,0.13803747207296233,,arrive_dest
2181,fresh,0,fresh,,,0,0.0,0,0,0,0,0,10.0,5.0,5.0,20.0,0,369,10.350826263427734,0.06613565350568483,,arrive_dest
2182,fresh,0,fresh,,,0,0.0,0,0,0,0,0,10.0,5.0,5.0,20.0,0,505,11.73121452331543,0.05666220840089724,,out_of_road
2183,fresh,0,fresh,,,0,0.0,0,0,0,0,0,10.0,5.0,5.0,20.0,0,103,1.8697682619094849,0.03412509512481759,,arrive_dest
2184,fresh,0,fresh,,,0,0.0,0,0,0,0,0,10.0,5.0,5.0,20.0,0,569,13.855816841125488,0.10032263127325826,,out_of_road
2185,fresh,0,fresh,,,0,0.0,0,0,0,0,0,10.0,5.0,5.0,20.0,0,809,21.03399658203125,0.07444048816670878,,arrive_dest
2186,fresh,0,fresh,,,0,0.0,0,0,0,0,0,10.0,5.0,5.0,20.0,0,166,3.3612143993377686,0.02813653332035405,,out_of_road
2187,fresh,0,fresh,,,0,0.0,0,0,0,0,0,10.0,5.0,5.0,20.0,0,206,4.43807315826416,0.03927861529773156,,arrive_dest
2188,fresh,0,fresh,,,0,0.0,0,0,0,0,0,10.0,5.0,5.0,20.0,0,223,5.674806118011475,0.05644556115310422,,out_of_road
2189,fresh,0,fresh,,,0,0.0,0,0,0,0,0,10.0,5.0,5.0,20.0,0,481,12.278828620910645,0.07581491460404098,,arrive_dest
2190,fresh,0,fresh,,,0,0.0,0,0,0,0,0,10.0,5.0,5.0,20.0,0,387,9.352070808410645,0.0897706677458545,,out_of_road
2191,fresh,0,fresh,,,0,0.0,0,0,0,0,0,10.0,5.0,5.0,20.0,0,55,0.24477434158325195,0.022702571893618864,,out_of_road
2192,fresh,0,fresh,,,0,0.0,0,0,0,0,0,10.0,5.0,5.0,20.0,0,306,6.791635990142822,0.07070237198795855,,out_of_road
2193,fresh,0,fresh,,,0,0.0,0,0,0,0,0,10.0,5.0,5.0,20.0,0,560,15.749460220336914,0.09973746642270791,,arrive_dest
2194,fresh,0,fresh,,,0,0.0,0,0,0,0,0,10.0,5.0,5.0,20.0,0,1000,-0.06676993519067764,0.010156688933260738,,max_step
2195,fresh,0,fresh,,,0,0.0,0,0,0,0,0,10.0,5.0,5.0,20.0,0,366,9.517419815063477,0.05665006438369451,,out_of_road
2196,fresh,0,fresh,,,0,0.0,0,0,0,0,0,10.0,5.0,5.0,20.0,0,29,0.4162997603416443,0.03987672822228793,,arrive_dest
2197,fresh,0,fresh,,,0,0.0,0,0,0,0,0,10.0,5.0,5.0,20.0,0,226,6.201958656311035,0.05500333921353341,,arrive_dest
2198,fresh,0,fresh,,,0,0.0,0,0,0,0,0,10.0,5.0,5.0,20.0,0,735,19.844005584716797,0.08456475500074424,,out_of_road
2199,fresh,0,fresh,,,0,0.0,0,0,0,0,0,10.0,5.0,5.0,20.0,0,327,8.52996826171875,0.08395721720651202,,arrive_dest
2200,fresh,0,fresh,,,0,0.0,0,0,0,0,0,10.0,5.0,5.0,20.0,0,486,12.726208686828613,0.10616823096487503,,out_of_road
2201,fresh,0,fresh,,,0,0.0,0,0,0,0,0,10.0,5.0,5.0,20.0,0,368,9.118310928344727,0.1119722355651902,,out_of_road
2202,fresh,0,fresh,,,0,0.0,0,0,0,0,0,10.0,5.0,5.0,20.0,0,408,8.91681957244873,0.08009413177804912,,out_of_road
2203,fresh,0,fresh,,,0,0.0,0,0,0,0,0,10.0,5.0,5.0,20.0,0,328,7.813797473907471,0.06187342664669836,,out_of_road
2204,fresh,0,fresh,,,0,0.0,0,0,0,0,0,10.0,5.0,5.0,20.0,0,535,14.169149398803711,0.07059555690317788,,out_of_road
2205,fresh,0,fresh,,,0,0.0,0,0,0,0,0,10.0,5.0,5.0,20.0,0,116,1.7557648420333862,0.033915609105265344,,out_of_road
2206,fresh,0,fresh,,,0,0.0,0,0,0,0,0,10.0,5.0,5.0,20.0,0,234,5.957309722900391,0.06253382928160012,,out_of_road
2207,fresh,0,fresh,,,0,0.0,0,0,0,0,0,10.0,5.0,5.0,20.0,0,123,1.9916692972183228,0.036694810714390944,,out_of_road
2208,fresh,0,fresh,,,0,0.0,0,0,0,0,0,10.0,5.0,5.0,20.0,0,255,6.524041175842285,0.07532861122277146,,arrive_dest
2209,fresh,0,fresh,,,0,0.0,0,0,0,0,0,10.0,5.0,5.0,20.0,0,495,13.147516250610352,0.09591010244647888,,arrive_dest
2210,fresh,0,fresh,,,0,0.0,0,0,0,0,0,10.0,5.0,5.0,20.0,0,385,10.139459609985352,0.11013224513886812,,out_of_road
2211,fresh,0,fresh,,,0,0.0,0,0,0,0,0,10.0,5.0,5.0,20.0,0,591,14.782071113586426,0.11761672203247822,,arrive_dest
2212,fresh,0,fresh,,,0,0.0,0,0,0,0,0,10.0,5.0,5.0,20.0,0,174,-0.11801303178071976,0.0017691594762620569,,out_of_road
2213,fresh,0,fresh,,,0,0.0,0,0,0,0,0,10.0,5.0,5.0,20.0,0,256,5.789682865142822,0.09909653244994843,,out_of_road
2214,fresh,0,fresh,,,0,0.0,0,0,0,0,0,10.0,5.0,5.0,20.0,0,326,8.625810623168945,0.14201073707802725,,out_of_road
2215,fresh,0,fresh,,,0,0.0,0,0,0,0,0,10.0,5.0,5.0,20.0,0,334,8.50367546081543,0.12382793337703421,,out_of_road
2216,fresh,0,fresh,,,0,0.0,0,0,0,0,0,10.0,5.0,5.0,20.0,0,300,7.683568954467773,0.055842478026946384,,arrive_dest
2217,fresh,0,fresh,,,0,0.0,0,0,0,0,0,10.0,5.0,5.0,20.0,0,113,1.6955859661102295,0.01701909512594606,,out_of_road
2218,fresh,0,fresh,,,0,0.0,0,0,0,0,0,10.0,5.0,5.0,20.0,0,266,6.399394989013672,0.053925425672021354,,out_of_road
2219,fresh,0,fresh,,,0,0.0,0,0,0,0,0,10.0,5.0,5.0,20.0,0,1000,0.03413251414895058,0.0039297180203720925,,max_step
2220,fresh,0,fresh,,,0,0.0,0,0,0,0,0,10.0,5.0,5.0,20.0,0,131,2.035282850265503,0.018813887134706248,,out_of_road
2221,fresh,0,fresh,,,0,0.0,0,0,0,0,0,10.0,5.0,5.0,20.0,0,723,19.713695526123047,0.10123450056176998,,out_of_road
2222,fresh,0,fresh,,,0,0.0,0,0,0,0,0,10.0,5.0,5.0,20.0,0,330,7.672427177429199,0.05493766979832964,,out_of_road
2223,fresh,0,fresh,,,0,0.0,0,0,0,0,0,10.0,5.0,5.0,20.0,0,358,7.20640754699707,0.04425651368076325,,out_of_road
2224,fresh,0,fresh,,,0,0.0,0,0,0,0,0,10.0,5.0,5.0,20.0,0,169,3.161731004714966,0.04032055646478689,,out_of_road
2225,fresh,0,fresh,,,0,0.0,0,0,0,0,0,10.0,5.0,5.0,20.0,0,93,1.203029990196228,0.008206504952883529,,out_of_road
2226,fresh,0,fresh,,,0,0.0,0,0,0,0,0,10.0,5.0,5.0,20.0,0,374,9.44639778137207,0.12987487574909778,,out_of_road
2227,fresh,0,fresh,,,0,0.0,0,0,0,0,0,10.0,5.0,5.0,20.0,0,414,10.534159660339355,0.07125943696693234,,arrive_dest
2228,fresh,0,fresh,,,0,0.0,0,0,0,0,0,10.0,5.0,5.0,20.0,0,103,1.4616124629974365,0.018415477072584976,,out_of_road
2229,fresh,0,fresh,,,0,0.0,0,0,0,0,0,10.0,5.0,5.0,20.0,0,2,0.25091367959976196,0.0,,arrive_dest
2230,fresh,0,fresh,,,0,0.0,0,0,0,0,0,10.0,5.0,5.0,20.0,0,614,17.42765235900879,0.11719702275133168,,arrive_dest
2231,fresh,0,fresh,,,0,0.0,0,0,0,0,0,10.0,5.0,5.0,20.0,0,31,-0.1374257206916809,0.0,,out_of_road
2232,fresh,0,fresh,,,0,0.0,0,0,0,0,0,10.0,5.0,5.0,20.0,0,138,2.20888614654541,0.024462982708507258,,out_of_road
2233,fresh,0,fresh,,,0,0.0,0,0,0,0,0,10.0,5.0,5.0,20.0,0,328,8.56011962890625,0.11199207979441825,,out_of_road
2234,fresh,0,fresh,,,0,0.0,0,0,0,0,0,10.0,5.0,5.0,20.0,0,129,2.132446527481079,0.020989603108488197,,out_of_road
2235,fresh,0,fresh,,,0,0.0,0,0,0,0,0,10.0,5.0,5.0,20.0,0,762,20.674781799316406,0.06037896282485383,,arrive_dest
2236,fresh,0,fresh,,,0,0.0,0,0,0,0,0,10.0,5.0,5.0,20.0,0,214,4.710360527038574,0.03365974370216098,,out_of_road
2237,fresh,0,fresh,,,0,0.0,0,0,0,0,0,10.0,5.0,5.0,20.0,0,194,4.36679220199585,0.04589127690636927,,out_of_road
2238,fresh,0,fresh,,,0,0.0,0,0,0,0,0,10.0,5.0,5.0,20.0,0,147,2.3066585063934326,0.04697577804833853,,out_of_road
2239,fresh,0,fresh,,,0,0.0,0,0,0,0,0,10.0,5.0,5.0,20.0,0,437,12.28464126586914,0.08894992799703799,,arrive_dest
2240,fresh,0,fresh,,,0,0.0,0,0,0,0,0,10.0,5.0,5.0,20.0,0,986,27.079015731811523,0.06728836616291523,,arrive_dest
2241,fresh,0,fresh,,,0,0.0,0,0,0,0,0,10.0,5.0,5.0,20.0,0,191,4.991139888763428,0.07737201181635339,,arrive_dest
2242,fresh,0,fresh,,,0,0.0,0,0,0,0,0,10.0,5.0,5.0,20.0,0,491,12.933215141296387,0.07829799664978795,,arrive_dest
2243,fresh,0,fresh,,,0,0.0,0,0,0,0,0,10.0,5.0,5.0,20.0,0,317,7.754757881164551,0.06420545865214586,,out_of_road
2244,fresh,0,fresh,,,0,0.0,0,0,0,0,0,10.0,5.0,5.0,20.0,0,717,19.605436325073242,0.10618911407669718,,out_of_road
2245,fresh,0,fresh,,,0,0.0,0,0,0,0,0,10.0,5.0,5.0,20.0,0,843,24.116832733154297,0.09320899127227998,,arrive_dest
2246,fresh,0,fresh,,,0,0.0,0,0,0,0,0,10.0,5.0,5.0,20.0,0,658,18.58131980895996,0.10529530174445678,,arrive_dest
2247,fresh,0,fresh,,,0,0.0,0,0,0,0,0,10.0,5.0,5.0,20.0,0,178,3.767547607421875,0.03460246483073308,,out_of_road
2248,fresh,0,fresh,,,0,0.0,0,0,0,0,0,10.0,5.0,5.0,20.0,0,500,12.387447357177734,0.1381885282509029,,out_of_road
2249,fresh,0,fresh,,,0,0.0,0,0,0,0,0,10.0,5.0,5.0,20.0,0,112,1.8490731716156006,0.02047188686473029,,out_of_road
2250,fresh,0,fresh,,,0,0.0,0,0,0,0,0,10.0,5.0,5.0,20.0,0,1000,0.02043020911514759,0.0350038942922838,,max_step
2251,fresh,0,fresh,,,0,0.0,0,0,0,0,0,10.0,5.0,5.0,20.0,0,323,7.733798980712891,0.05672202278620595,,out_of_road
2252,fresh,0,fresh,,,0,0.0,0,0,0,0,0,10.0,5.0,5.0,20.0,0,368,9.346321105957031,0.05860002289789364,,out_of_road
2253,fresh,0,fresh,,,0,0.0,0,0,0,0,0,10.0,5.0,5.0,20.0,0,407,-0.12945903837680817,0.00032534451779957484,,out_of_road
2254,fresh,0,fresh,,,0,0.0,0,0,0,0,0,10.0,5.0,5.0,20.0,0,524,14.010848045349121,0.08984064732639133,,out_of_road
2255,fresh,0,fresh,,,0,0.0,0,0,0,0,0,10.0,5.0,5.0,20.0,0,665,16.681196212768555,0.06862628747975187,,out_of_road
2256,fresh,0,fresh,,,0,0.0,0,0,0,0,0,10.0,5.0,5.0,20.0,0,186,3.3911612033843994,0.02232558473253683,,out_of_road
2257,fresh,0,fresh,,,0,0.0,0,0,0,0,0,10.0,5.0,5.0,20.0,0,39,0.010193169116973877,0.021060006740765694,,out_of_road
2258,fresh,0,fresh,,,0,0.0,0,0,0,0,0,10.0,5.0,5.0,20.0,0,825,22.164514541625977,0.09767765244581934,,arrive_dest
2259,fresh,0,fresh,,,0,0.0,0,0,0,0,0,10.0,5.0,5.0,20.0,0,1000,25.90923309326172,0.08457363724801689,,max_step
2260,fresh,0,fresh,,,0,0.0,0,0,0,0,0,10.0,5.0,5.0,20.0,0,31,-0.11791665107011795,0.0,,out_of_road
2261,fresh,0,fresh,,,0,0.0,0,0,0,0,0,10.0,5.0,5.0,20.0,0,108,1.449540376663208,0.011280907249009167,,out_of_road
2262,fresh,0,fresh,,,0,0.0,0,0,0,0,0,10.0,5.0,5.0,20.0,0,480,12.10366153717041,0.06460945839062333,,arrive_dest
2263,fresh,0,fresh,,,0,0.0,0,0,0,0,0,10.0,5.0,5.0,20.0,0,168,3.048427104949951,0.022478186918999114,,out_of_road
2264,fresh,0,fresh,,,0,0.0,0,0,0,0,0,10.0,5.0,5.0,20.0,0,1000,0.014173312112689018,0.036574292643461376,,max_step
2265,fresh,0,fresh,,,0,0.0,0,0,0,0,0,10.0,5.0,5.0,20.0,0,366,9.471528053283691,0.12394724411207958,,out_of_road
2266,fresh,0,fresh,,,0,0.0,0,0,0,0,0,10.0,5.0,5.0,20.0,0,795,21.132415771484375,0.10586658734066776,,arrive_dest
2267,fresh,0,fresh,,,0,0.0,0,0,0,0,0,10.0,5.0,5.0,20.0,0,907,23.35321617126465,0.06552997387174513,,out_of_road
2268,fresh,0,fresh,,,0,0.0,0,0,0,0,0,10.0,5.0,5.0,20.0,0,165,3.253533124923706,0.03324688844608538,,out_of_road
2269,fresh,0,fresh,,,0,0.0,0,0,0,0,0,10.0,5.0,5.0,20.0,0,308,6.951016902923584,0.07320984126697597,,arrive_dest
2270,fresh,0,fresh,,,0,0.0,0,0,0,0,0,10.0,5.0,5.0,20.0,0,136,3.412411689758301,0.048720237032017284,,arrive_dest
2271,fresh,0,fresh,,,0,0.0,0,0,0,0,0,10.0,5.0,5.0,20.0,0,104,2.242255210876465,0.019122687254611474,,arrive_dest
2272,fresh,0,fresh,,,0,0.0,0,0,0,0,0,10.0,5.0,5.0,20.0,0,372,9.09802532196045,0.052946636726158444,,arrive_dest
2273,fresh,0,fresh,,,0,0.0,0,0,0,0,0,10.0,5.0,5.0,20.0,0,540,13.78725814819336,0.11224673098487849,,out_of_road
2274,fresh,0,fresh,,,0,0.0,0,0,0,0,0,10.0,5.0,5.0,20.0,0,546,15.169035911560059,0.0845056674524207,,out_of_road
2275,fresh,0,fresh,,,0,0.0,0,0,0,0,0,10.0,5.0,5.0,20.0,0,123,1.968100905418396,0.023781642158765617,,out_of_road
2276,fresh,0,fresh,,,0,0.0,0,0,0,0,0,10.0,5.0,5.0,20.0,0,28,-0.1124078780412674,0.0,,out_of_road
2277,fresh,0,fresh,,,0,0.0,0,0,0,0,0,10.0,5.0,5.0,20.0,0,240,6.963986873626709,0.10753111385759742,,arrive_dest
2278,fresh,0,fresh,,,0,0.0,0,0,0,0,0,10.0,5.0,5.0,20.0,0,352,9.016345024108887,0.058358925373547456,,out_of_road
2279,fresh,0,fresh,,,0,0.0,0,0,0,0,0,10.0,5.0,5.0,20.0,0,510,12.623811721801758,0.12501567206710723,,out_of_road
2280,fresh,0,fresh,,,0,0.0,0,0,0,0,0,10.0,5.0,5.0,20.0,0,98,2.0199062824249268,0.040201621149115414,,arrive_dest
2281,fresh,0,fresh,,,0,0.0,0,0,0,0,0,10.0,5.0,5.0,20.0,0,118,1.8902665376663208,0.008426627586201087,,out_of_road
2282,fresh,0,fresh,,,0,0.0,0,0,0,0,0,10.0,5.0,5.0,20.0,0,352,8.39062213897705,0.054925858744933394,,arrive_dest
2283,fresh,0,fresh,,,0,0.0,0,0,0,0,0,10.0,5.0,5.0,20.0,0,301,7.659953594207764,0.05032771311861237,,out_of_road
2284,fresh,0,fresh,,,0,0.0,0,0,0,0,0,10.0,5.0,5.0,20.0,0,447,11.405814170837402,0.07401704436930634,,out_of_road
2285,fresh,0,fresh,,,0,0.0,0,0,0,0,0,10.0,5.0,5.0,20.0,0,97,2.120685577392578,0.05163066425197518,,arrive_dest
2286,fresh,0,fresh,,,0,0.0,0,0,0,0,0,10.0,5.0,5.0,20.0,0,318,7.728061676025391,0.048266521738856774,,out_of_road
2287,fresh,0,fresh,,,0,0.0,0,0,0,0,0,10.0,5.0,5.0,20.0,0,53,0.29863983392715454,0.02769336831000335,,out_of_road
2288,fresh,0,fresh,,,0,0.0,0,0,0,0,0,10.0,5.0,5.0,20.0,0,514,14.215845108032227,0.12162653554832482,,arrive_dest
2289,fresh,0,fresh,,,0,0.0,0,0,0,0,0,10.0,5.0,5.0,20.0,0,303,8.054901123046875,0.1012214926830662,,arrive_dest
2290,fresh,0,fresh,,,0,0.0,0,0,0,0,0,10.0,5.0,5.0,20.0,0,334,9.058262825012207,0.03898715441711916,,arrive_dest
2291,fresh,0,fresh,,,0,0.0,0,0,0,0,0,10.0,5.0,5.0,20.0,0,679,17.724550247192383,0.0993153005965268,,arrive_dest
2292,fresh,0,fresh,,,0,0.0,0,0,0,0,0,10.0,5.0,5.0,20.0,0,184,4.439313888549805,0.1226578360048892,,arrive_dest
2293,fresh,0,fresh,,,0,0.0,0,0,0,0,0,10.0,5.0,5.0,20.0,0,450,11.433012962341309,0.06977983510328664,,arrive_dest
2294,fresh,0,fresh,,,0,0.0,0,0,0,0,0,10.0,5.0,5.0,20.0,0,177,3.554151773452759,0.035929189184627966,,out_of_road
2295,fresh,0,fresh,,,0,0.0,0,0,0,0,0,10.0,5.0,5.0,20.0,0,278,6.181534290313721,0.047941658908849674,,out_of_road
2296,fresh,0,fresh,,,0,0.0,0,0,0,0,0,10.0,5.0,5.0,20.0,0,41,-0.11736372113227844,0.012994286490649713,,out_of_road
2297,fresh,0,fresh,,,0,0.0,0,0,0,0,0,10.0,5.0,5.0,20.0,0,838,21.836652755737305,0.09192970805903697,,arrive_dest
2298,fresh,0,fresh,,,0,0.0,0,0,0,0,0,10.0,5.0,5.0,20.0,0,298,8.119463920593262,0.0977517133352078,,arrive_dest
2299,fresh,0,fresh,,,0,0.0,0,0,0,0,0,10.0,5.0,5.0,20.0,0,101,1.1863782405853271,0.012959815469561237,,out_of_road
2300,fresh,0,fresh,,,0,0.0,0,0,0,0,0,10.0,5.0,5.0,20.0,0,119,2.00341796875,0.022834424414679783,,out_of_road
2301,fresh,0,fresh,,,0,0.0,0,0,0,0,0,10.0,5.0,5.0,20.0,0,108,1.6449466943740845,0.020347924588282627,,out_of_road
2302,fresh,0,fresh,,,0,0.0,0,0,0,0,0,10.0,5.0,5.0,20.0,0,757,20.06865882873535,0.12330372542600533,,arrive_dest
2303,fresh,0,fresh,,,0,0.0,0,0,0,0,0,10.0,5.0,5.0,20.0,0,123,2.1949918270111084,0.011804578462388457,,out_of_road
2304,fresh,0,fresh,,,0,0.0,0,0,0,0,0,10.0,5.0,5.0,20.0,0,297,7.96548318862915,0.09079324882885172,,arrive_dest
2305,fresh,0,fresh,,,0,0.0,0,0,0,0,0,10.0,5.0,5.0,20.0,0,492,12.451820373535156,0.11133669547138478,,arrive_dest
2306,fresh,0,fresh,,,0,0.0,0,0,0,0,0,10.0,5.0,5.0,20.0,0,311,8.10747241973877,0.09761267106896236,,arrive_dest
2307,fresh,0,fresh,,,0,0.0,0,0,0,0,0,10.0,5.0,5.0,20.0,0,368,8.412076950073242,0.053494382302312224,,arrive_dest
2308,fresh,0,fresh,,,0,0.0,0,0,0,0,0,10.0,5.0,5.0,20.0,0,533,13.942727088928223,0.07381879068732193,,arrive_dest
2309,fresh,0,fresh,,,0,0.0,0,0,0,0,0,10.0,5.0,5.0,20.0,0,961,25.087238311767578,0.10961504130063116,,arrive_dest
2310,fresh,0,fresh,,,0,0.0,0,0,0,0,0,10.0,5.0,5.0,20.0,0,54,0.31182390451431274,0.026059723372950597,,out_of_road
2311,fresh,0,fresh,,,0,0.0,0,0,0,0,0,10.0,5.0,5.0,20.0,0,53,0.31625640392303467,0.031047412914768705,,out_of_road
2312,fresh,0,fresh,,,0,0.0,0,0,0,0,0,10.0,5.0,5.0,20.0,0,672,17.250028610229492,0.06961517353764586,,arrive_dest
2313,fresh,0,fresh,,,0,0.0,0,0,0,0,0,10.0,5.0,5.0,20.0,0,471,11.959577560424805,0.08042266451931142,,out_of_road
2314,fresh,0,fresh,,,0,0.0,0,0,0,0,0,10.0,5.0,5.0,20.0,0,412,10.715847969055176,0.04746559463410008,,arrive_dest
2315,fresh,0,fresh,,,0,0.0,0,0,0,0,0,10.0,5.0,5.0,20.0,0,771,5.12905740737915,0.020705787354449702,,out_of_road
2316,fresh,0,fresh,,,0,0.0,0,0,0,0,0,10.0,5.0,5.0,20.0,0,320,7.5706048011779785,0.06471274743271352,,arrive_dest
2317,fresh,0,fresh,,,0,0.0,0,0,0,0,0,10.0,5.0,5.0,20.0,0,294,7.750080108642578,0.11429231759195603,,out_of_road
2318,fresh,0,fresh,,,0,0.0,0,0,0,0,0,10.0,5.0,5.0,20.0,0,775,19.963287353515625,0.10513185490283274,,out_of_road
2319,fresh,0,fresh,,,0,0.0,0,0,0,0,0,10.0,5.0,5.0,20.0,0,409,10.400530815124512,0.05144132235403967,,out_of_road
2320,fresh,0,fresh,,,0,0.0,0,0,0,0,0,10.0,5.0,5.0,20.0,0,357,8.138432502746582,0.05691834432412075,,out_of_road
2321,fresh,0,fresh,,,0,0.0,0,0,0,0,0,10.0,5.0,5.0,20.0,0,379,9.241804122924805,0.06416645026114576,,out_of_road
2322,fresh,0,fresh,,,0,0.0,0,0,0,0,0,10.0,5.0,5.0,20.0,0,481,12.447245597839355,0.1027848877723323,,out_of_road
2323,fresh,0,fresh,,,0,0.0,0,0,0,0,0,10.0,5.0,5.0,20.0,0,217,4.509122371673584,0.04364754029330776,,out_of_road
2324,fresh,0,fresh,,,0,0.0,0,0,0,0,0,10.0,5.0,5.0,20.0,0,51,0.3090396821498871,0.022616729377677627,,out_of_road
2325,fresh,0,fresh,,,0,0.0,0,0,0,0,0,10.0,5.0,5.0,20.0,0,263,5.232755184173584,0.028856976028574285,,out_of_road
2326,fresh,0,fresh,,,0,0.0,0,0,0,0,0,10.0,5.0,5.0,20.0,0,410,10.458205223083496,0.05193436190190657,,arrive_dest
2327,fresh,0,fresh,,,0,0.0,0,0,0,0,0,10.0,5.0,5.0,20.0,0,356,9.385687828063965,0.05414202460284041,,out_of_road
2328,fresh,0,fresh,,,0,0.0,0,0,0,0,0,10.0,5.0,5.0,20.0,0,479,11.864383697509766,0.06010726831818392,,out_of_road
2329,fresh,0,fresh,,,0,0.0,0,0,0,0,0,10.0,5.0,5.0,20.0,0,367,9.546968460083008,0.07259924192843091,,out_of_road
2330,fresh,0,fresh,,,0,0.0,0,0,0,0,0,10.0,5.0,5.0,20.0,0,216,6.16981315612793,0.049217024290960074,,arrive_dest
2331,fresh,0,fresh,,,0,0.0,0,0,0,0,0,10.0,5.0,5.0,20.0,0,461,11.921248435974121,0.10784598172858455,,arrive_dest
2332,fresh,0,fresh,,,0,0.0,0,0,0,0,0,10.0,5.0,5.0,20.0,0,390,7.655462741851807,0.03161827166899084,,out_of_road
2333,fresh,0,fresh,,,0,0.0,0,0,0,0,0,10.0,5.0,5.0,20.0,0,291,7.943914413452148,0.056345979102224726,,arrive_dest
2334,fresh,0,fresh,,,0,0.0,0,0,0,0,0,10.0,5.0,5.0,20.0,0,12,0.28190556168556213,0.0,,arrive_dest
2335,fresh,0,fresh,,,0,0.0,0,0,0,0,0,10.0,5.0,5.0,20.0,0,523,15.232748985290527,0.06531215094058396,,arrive_dest
2336,fresh,0,fresh,,,0,0.0,0,0,0,0,0,10.0,5.0,5.0,20.0,0,226,5.161532402038574,0.04686190145279784,,arrive_dest
2337,fresh,0,fresh,,,0,0.0,0,0,0,0,0,10.0,5.0,5.0,20.0,0,244,5.01438570022583,0.029405508898666173,,out_of_road
2338,fresh,0,fresh,,,0,0.0,0,0,0,0,0,10.0,5.0,5.0,20.0,0,202,4.580878257751465,0.03643022401092371,,out_of_road
2339,fresh,0,fresh,,,0,0.0,0,0,0,0,0,10.0,5.0,5.0,20.0,0,690,16.77720832824707,0.07641603932850927,,out_of_road
2340,fresh,0,fresh,,,0,0.0,0,0,0,0,0,10.0,5.0,5.0,20.0,0,597,16.646591186523438,0.0870483447286695,,out_of_road
2341,fresh,0,fresh,,,0,0.0,0,0,0,0,0,10.0,5.0,5.0,20.0,0,23,-0.10696262121200562,0.0,,out_of_road
2342,fresh,0,fresh,,,0,0.0,0,0,0,0,0,10.0,5.0,5.0,20.0,0,161,3.4345126152038574,0.023573416542632054,,out_of_road
2343,fresh,0,fresh,,,0,0.0,0,0,0,0,0,10.0,5.0,5.0,20.0,0,1000,0.011240540072321892,0.0002707898020744324,,max_step
2344,fresh,0,fresh,,,0,0.0,0,0,0,0,0,10.0,5.0,5.0,20.0,0,1000,-0.06500531733036041,0.0024577353844651953,,max_step
2345,fresh,0,fresh,,,0,0.0,0,0,0,0,0,10.0,5.0,5.0,20.0,0,251,5.095871448516846,0.043367999340537415,,arrive_dest
2346,fresh,0,fresh,,,0,0.0,0,0,0,0,0,10.0,5.0,5.0,20.0,0,103,1.669333577156067,0.02163374382387666,,out_of_road
2347,fresh,0,fresh,,,0,0.0,0,0,0,0,0,10.0,5.0,5.0,20.0,0,368,9.496624946594238,0.08449232624843717,,out_of_road
2348,fresh,0,fresh,,,0,0.0,0,0,0,0,0,10.0,5.0,5.0,20.0,0,207,4.569301605224609,0.04061556617157975,,out_of_road
2349,fresh,0,fresh,,,0,0.0,0,0,0,0,0,10.0,5.0,5.0,20.0,0,120,2.1008899211883545,0.028713265092422564,,out_of_road
2350,fresh,0,fresh,,,0,0.0,0,0,0,0,0,10.0,5.0,5.0,20.0,0,1000,16.462703704833984,0.09121614170772954,,max_step
2351,fresh,0,fresh,,,0,0.0,0,0,0,0,0,10.0,5.0,5.0,20.0,0,100,1.2232639789581299,0.023686808133497834,,out_of_road
2352,fresh,0,fresh,,,0,0.0,0,0,0,0,0,10.0,5.0,5.0,20.0,0,428,10.084412574768066,0.07176792514771571,,arrive_dest
2353,fresh,0,fresh,,,0,0.0,0,0,0,0,0,10.0,5.0,5.0,20.0,0,497,13.119483947753906,0.06454016579494491,,arrive_dest
2354,fresh,0,fresh,,,0,0.0,0,0,0,0,0,10.0,5.0,5.0,20.0,0,98,1.411572813987732,0.026282670470524808,,out_of_road
2355,fresh,0,fresh,,,0,0.0,0,0,0,0,0,10.0,5.0,5.0,20.0,0,1000,3.4225833415985107,0.011962648370536044,,max_step
2356,fresh,0,fresh,,,0,0.0,0,0,0,0,0,10.0,5.0,5.0,20.0,0,344,8.029237747192383,0.10116944227199785,,out_of_road
2357,fresh,0,fresh,,,0,0.0,0,0,0,0,0,10.0,5.0,5.0,20.0,0,345,9.759978294372559,0.08899068461758071,,arrive_dest
2358,fresh,0,fresh,,,0,0.0,0,0,0,0,0,10.0,5.0,5.0,20.0,0,54,0.3021286129951477,0.006125341980131688,,out_of_road
2359,fresh,0,fresh,,,0,0.0,0,0,0,0,0,10.0,5.0,5.0,20.0,0,942,26.864089965820312,0.09712176035140294,,arrive_dest
2360,fresh,0,fresh,,,0,0.0,0,0,0,0,0,10.0,5.0,5.0,20.0,0,119,2.0886423587799072,0.016089424029180482,,out_of_road
2361,fresh,0,fresh,,,0,0.0,0,0,0,0,0,10.0,5.0,5.0,20.0,0,777,20.319747924804688,0.12306544630688782,,arrive_dest
2362,fresh,0,fresh,,,0,0.0,0,0,0,0,0,10.0,5.0,5.0,20.0,0,1000,0.4500647187232971,0.02049390542181209,,max_step
2363,fresh,0,fresh,,,0,0.0,0,0,0,0,0,10.0,5.0,5.0,20.0,0,618,16.46339225769043,0.06361283441245613,,out_of_road
2364,fresh,0,fresh,,,0,0.0,0,0,0,0,0,10.0,5.0,5.0,20.0,0,51,0.32946163415908813,0.007194675833863371,,out_of_road
2365,fresh,0,fresh,,,0,0.0,0,0,0,0,0,10.0,5.0,5.0,20.0,0,347,9.611700057983398,0.0909568004347706,,out_of_road
2366,fresh,0,fresh,,,0,0.0,0,0,0,0,0,10.0,5.0,5.0,20.0,0,161,3.0568785667419434,0.022750964940681778,,arrive_dest
2367,fresh,0,fresh,,,0,0.0,0,0,0,0,0,10.0,5.0,5.0,20.0,0,586,16.25351333618164,0.12615832956523695,,out_of_road
2368,fresh,0,fresh,,,0,0.0,0,0,0,0,0,10.0,5.0,5.0,20.0,0,96,1.4460711479187012,0.03178575348768694,,out_of_road
2369,fresh,0,fresh,,,0,0.0,0,0,0,0,0,10.0,5.0,5.0,20.0,0,925,9.382298469543457,0.031563767707525954,,out_of_road
2370,fresh,0,fresh,,,0,0.0,0,0,0,0,0,10.0,5.0,5.0,20.0,0,17,0.3005373179912567,0.07038686555974624,,arrive_dest
2371,fresh,0,fresh,,,0,0.0,0,0,0,0,0,10.0,5.0,5.0,20.0,0,257,7.129079341888428,0.0700934204718656,,arrive_dest
2372,fresh,0,fresh,,,0,0.0,0,0,0,0,0,10.0,5.0,5.0,20.0,0,139,3.595442771911621,0.038921007953530595,,arrive_dest
2373,fresh,0,fresh,,,0,0.0,0,0,0,0,0,10.0,5.0,5.0,20.0,0,101,1.7574528455734253,0.012678141124767832,,out_of_road
2374,fresh,0,fresh,,,0,0.0,0,0,0,0,0,10.0,5.0,5.0,20.0,0,367,9.158219337463379,0.08833981160713963,,out_of_road
2375,fresh,0,fresh,,,0,0.0,0,0,0,0,0,10.0,5.0,5.0,20.0,0,271,6.337794780731201,0.07229216029090856,,arrive_dest
2376,fresh,0,fresh,,,0,0.0,0,0,0,0,0,10.0,5.0,5.0,20.0,0,303,8.652084350585938,0.07251188702567822,,arrive_dest
2377,fresh,0,fresh,,,0,0.0,0,0,0,0,0,10.0,5.0,5.0,20.0,0,125,1.7570499181747437,0.022759755328297614,,out_of_road
2378,fresh,0,fresh,,,0,0.0,0,0,0,0,0,10.0,5.0,5.0,20.0,0,656,18.447519302368164,0.11041186666456847,,out_of_road
2379,fresh,0,fresh,,,0,0.0,0,0,0,0,0,10.0,5.0,5.0,20.0,0,251,5.9233856201171875,0.05923339423345053,,out_of_road
2380,fresh,0,fresh,,,0,0.0,0,0,0,0,0,10.0,5.0,5.0,20.0,0,103,2.254634141921997,0.014493454790231093,,arrive_dest
2381,fresh,0,fresh,,,0,0.0,0,0,0,0,0,10.0,5.0,5.0,20.0,0,423,10.33253288269043,0.049520846424089306,,arrive_dest
2382,fresh,0,fresh,,,0,0.0,0,0,0,0,0,10.0,5.0,5.0,20.0,0,2,0.24885044991970062,0.0,,arrive_dest
2383,fresh,0,fresh,,,0,0.0,0,0,0,0,0,10.0,5.0,5.0,20.0,0,352,6.872158527374268,0.025249103674220598,,out_of_road
2384,fresh,0,fresh,,,0,0.0,0,0,0,0,0,10.0,5.0,5.0,20.0,0,234,5.225449562072754,0.0639438036447152,,arrive_dest
2385,fresh,0,fresh,,,0,0.0,0,0,0,0,0,10.0,5.0,5.0,20.0,0,230,4.618082046508789,0.04334839715055473,,out_of_road
2386,fresh,0,fresh,,,0,0.0,0,0,0,0,0,10.0,5.0,5.0,20.0,0,509,14.248212814331055,0.12594683568975898,,out_of_road
2387,fresh,0,fresh,,,0,0.0,0,0,0,0,0,10.0,5.0,5.0,20.0,0,507,13.329145431518555,0.07510206380930658,,out_of_road
2388,fresh,0,fresh,,,0,0.0,0,0,0,0,0,10.0,5.0,5.0,20.0,0,452,12.09395980834961,0.11244194782792336,,arrive_dest
2389,fresh,0,fresh,,,0,0.0,0,0,0,0,0,10.0,5.0,5.0,20.0,0,501,14.247234344482422,0.12391564878030957,,out_of_road
2390,fresh,0,fresh,,,0,0.0,0,0,0,0,0,10.0,5.0,5.0,20.0,0,359,9.959542274475098,0.08314521247806406,,arrive_dest
2391,fresh,0,fresh,,,0,0.0,0,0,0,0,0,10.0,5.0,5.0,20.0,0,380,8.682887077331543,0.021705269691607867,,out_of_road
2392,fresh,0,fresh,,,0,0.0,0,0,0,0,0,10.0,5.0,5.0,20.0,0,55,0.3428422510623932,0.023584919321266086,,out_of_road
2393,fresh,0,fresh,,,0,0.0,0,0,0,0,0,10.0,5.0,5.0,20.0,0,109,1.6055535078048706,0.024247044633322078,,out_of_road
2394,fresh,0,fresh,,,0,0.0,0,0,0,0,0,10.0,5.0,5.0,20.0,0,586,14.714672088623047,0.11230044564511944,,out_of_road
2395,fresh,0,fresh,,,0,0.0,0,0,0,0,0,10.0,5.0,5.0,20.0,0,825,23.35516357421875,0.0638655836030728,,arrive_dest
2396,fresh,0,fresh,,,0,0.0,0,0,0,0,0,10.0,5.0,5.0,20.0,0,489,11.74176025390625,0.0527303344243947,,out_of_road
2397,fresh,0,fresh,,,0,0.0,0,0,0,0,0,10.0,5.0,5.0,20.0,0,122,2.0152554512023926,0.021363599943455127,,out_of_road
2398,fresh,0,fresh,,,0,0.0,0,0,0,0,0,10.0,5.0,5.0,20.0,0,203,3.469334840774536,0.03892270132458856,,out_of_road
2399,fresh,0,fresh,,,0,0.0,0,0,0,0,0,10.0,5.0,5.0,20.0,0,1000,9.691505432128906,0.04385318798478693,,max_step
2400,fresh,0,fresh,,,0,0.0,0,0,0,0,0,10.0,5.0,5.0,20.0,0,111,1.886824607849121,0.020656693637631163,,out_of_road
2401,fresh,0,fresh,,,0,0.0,0,0,0,0,0,10.0,5.0,5.0,20.0,0,76,-0.12067492306232452,0.0,,out_of_road
2402,fresh,0,fresh,,,0,0.0,0,0,0,0,0,10.0,5.0,5.0,20.0,0,523,13.039986610412598,0.0665529775335302,,arrive_dest
2403,fresh,0,fresh,,,0,0.0,0,0,0,0,0,10.0,5.0,5.0,20.0,0,52,0.29990729689598083,0.017182427467420124,,out_of_road
2404,fresh,0,fresh,,,0,0.0,0,0,0,0,0,10.0,5.0,5.0,20.0,0,114,1.8285017013549805,0.03608924465809475,,out_of_road
2405,fresh,0,fresh,,,0,0.0,0,0,0,0,0,10.0,5.0,5.0,20.0,0,357,9.073902130126953,0.07306576345940265,,out_of_road
2406,fresh,0,fresh,,,0,0.0,0,0,0,0,0,10.0,5.0,5.0,20.0,0,145,3.9542760848999023,0.06972744846395378,,arrive_dest
2407,fresh,0,fresh,,,0,0.0,0,0,0,0,0,10.0,5.0,5.0,20.0,0,1000,1.7154313325881958,0.010475201358785853,,max_step
2408,fresh,0,fresh,,,0,0.0,0,0,0,0,0,10.0,5.0,5.0,20.0,0,253,5.93882417678833,0.05373269305177946,,out_of_road
2409,fresh,0,fresh,,,0,0.0,0,0,0,0,0,10.0,5.0,5.0,20.0,0,114,1.4135942459106445,0.026042485625989605,,out_of_road
2410,fresh,0,fresh,,,0,0.0,0,0,0,0,0,10.0,5.0,5.0,20.0,0,144,3.3626420497894287,0.0645583608711604,,arrive_dest
2411,fresh,0,fresh,,,0,0.0,0,0,0,0,0,10.0,5.0,5.0,20.0,0,29,-0.0023537427186965942,0.016450835713024796,,out_of_road
2412,fresh,0,fresh,,,0,0.0,0,0,0,0,0,10.0,5.0,5.0,20.0,0,295,7.490878582000732,0.07982614833419606,,out_of_road
2413,fresh,0,fresh,,,0,0.0,0,0,0,0,0,10.0,5.0,5.0,20.0,0,712,19.47315216064453,0.09597208564237723,,arrive_dest
2414,fresh,0,fresh,,,0,0.0,0,0,0,0,0,10.0,5.0,5.0,20.0,0,742,20.698087692260742,0.0758440987969657,,arrive_dest
2415,fresh,0,fresh,,,0,0.0,0,0,0,0,0,10.0,5.0,5.0,20.0,0,25,-0.13579487800598145,0.0,,out_of_road
2416,fresh,0,fresh,,,0,0.0,0,0,0,0,0,10.0,5.0,5.0,20.0,0,330,6.101834297180176,0.054415083881185364,,out_of_road
2417,fresh,0,fresh,,,0,0.0,0,0,0,0,0,10.0,5.0,5.0,20.0,0,347,9.439329147338867,0.08602018572486701,,out_of_road
2418,fresh,0,fresh,,,0,0.0,0,0,0,0,0,10.0,5.0,5.0,20.0,0,305,7.679629325866699,0.057857968888749355,,out_of_road
2419,fresh,0,fresh,,,0,0.0,0,0,0,0,0,10.0,5.0,5.0,20.0,0,119,1.8816081285476685,0.029426645027755313,,out_of_road
2420,fresh,0,fresh,,,0,0.0,0,0,0,0,0,10.0,5.0,5.0,20.0,0,525,14.1778564453125,0.09113927213696851,,arrive_dest
2421,fresh,0,fresh,,,0,0.0,0,0,0,0,0,10.0,5.0,5.0,20.0,0,1000,0.4192400872707367,0.04487513207877055,,max_step
2422,fresh,0,fresh,,,0,0.0,0,0,0,0,0,10.0,5.0,5.0,20.0,0,91,1.8684900999069214,0.027490879275969098,,arrive_dest
2423,fresh,0,fresh,,,0,0.0,0,0,0,0,0,10.0,5.0,5.0,20.0,0,363,9.808880805969238,0.13781664760388207,,out_of_road
2424,fresh,0,fresh,,,0,0.0,0,0,0,0,0,10.0,5.0,5.0,20.0,0,229,4.628127574920654,0.06386228488131902,,out_of_road
2425,fresh,0,fresh,,,0,0.0,0,0,0,0,0,10.0,5.0,5.0,20.0,0,620,10.428242683410645,0.07816779691943779,,out_of_road
2426,fresh,0,fresh,,,0,0.0,0,0,0,0,0,10.0,5.0,5.0,20.0,0,393,9.300149917602539,0.06327776458296859,,out_of_road
2427,fresh,0,fresh,,,0,0.0,0,0,0,0,0,10.0,5.0,5.0,20.0,0,224,4.918783187866211,0.05965934442480959,,out_of_road
2428,fresh,0,fresh,,,0,0.0,0,0,0,0,0,10.0,5.0,5.0,20.0,0,360,9.553961753845215,0.1396900571546414,,out_of_road
2429,fresh,0,fresh,,,0,0.0,0,0,0,0,0,10.0,5.0,5.0,20.0,0,56,0.3054802715778351,0.022279034917508916,,out_of_road
2430,fresh,0,fresh,,,0,0.0,0,0,0,0,0,10.0,5.0,5.0,20.0,0,38,0.060888275504112244,0.029669162474180524,,out_of_road
2431,fresh,0,fresh,,,0,0.0,0,0,0,0,0,10.0,5.0,5.0,20.0,0,186,3.468111515045166,0.016274470400305524,,out_of_road
2432,fresh,0,fresh,,,0,0.0,0,0,0,0,0,10.0,5.0,5.0,20.0,0,671,18.024219512939453,0.14059156963487895,,out_of_road
2433,fresh,0,fresh,,,0,0.0,0,0,0,0,0,10.0,5.0,5.0,20.0,0,28,0.42538005113601685,0.04701407466615949,,arrive_dest
2434,fresh,0,fresh,,,0,0.0,0,0,0,0,0,10.0,5.0,5.0,20.0,0,263,6.48652458190918,0.06313349526488848,,out_of_road
2435,fresh,0,fresh,,,0,0.0,0,0,0,0,0,10.0,5.0,5.0,20.0,0,595,14.736859321594238,0.07802922847414655,,arrive_dest
2436,fresh,0,fresh,,,0,0.0,0,0,0,0,0,10.0,5.0,5.0,20.0,0,619,15.08831787109375,0.10693620649273229,,out_of_road
2437,fresh,0,fresh,,,0,0.0,0,0,0,0,0,10.0,5.0,5.0,20.0,0,355,9.833756446838379,0.06248348149221758,,arrive_dest
2438,fresh,0,fresh,,,0,0.0,0,0,0,0,0,10.0,5.0,5.0,20.0,0,492,13.631598472595215,0.0780482191423984,,arrive_dest
2439,fresh,0,fresh,,,0,0.0,0,0,0,0,0,10.0,5.0,5.0,20.0,0,591,14.839838027954102,0.11407374877044568,,out_of_road
2440,fresh,0,fresh,,,0,0.0,0,0,0,0,0,10.0,5.0,5.0,20.0,0,883,22.996248245239258,0.1038871716949477,,arrive_dest
2441,fresh,0,fresh,,,0,0.0,0,0,0,0,0,10.0,5.0,5.0,20.0,0,603,16.127870559692383,0.052097589940343914,,out_of_road
2442,fresh,0,fresh,,,0,0.0,0,0,0,0,0,10.0,5.0,5.0,20.0,0,645,17.295997619628906,0.055559166713596085,,arrive_dest
2443,fresh,0,fresh,,,0,0.0,0,0,0,0,0,10.0,5.0,5.0,20.0,0,435,9.898918151855469,0.044511519998697374,,arrive_dest
2444,fresh,0,fresh,,,0,0.0,0,0,0,0,0,10.0,5.0,5.0,20.0,0,672,18.131723403930664,0.0642560180499242,,arrive_dest
2445,fresh,0,fresh,,,0,0.0,0,0,0,0,0,10.0,5.0,5.0,20.0,0,487,12.470611572265625,0.0579364795583918,,arrive_dest
2446,fresh,0,fresh,,,0,0.0,0,0,0,0,0,10.0,5.0,5.0,20.0,0,44,0.17315053939819336,0.0,,out_of_road
2447,fresh,0,fresh,,,0,0.0,0,0,0,0,0,10.0,5.0,5.0,20.0,0,111,1.5567034482955933,0.0232211227931485,,out_of_road
2448,fresh,0,fresh,,,0,0.0,0,0,0,0,0,10.0,5.0,5.0,20.0,0,756,19.939189910888672,0.11029299548531454,,arrive_dest
2449,fresh,0,fresh,,,0,0.0,0,0,0,0,0,10.0,5.0,5.0,20.0,0,1000,-0.020477764308452606,0.0,,max_step
2450,fresh,0,fresh,,,0,0.0,0,0,0,0,0,10.0,5.0,5.0,20.0,0,235,1.5049951076507568,0.016163090806692204,,out_of_road
2451,fresh,0,fresh,,,0,0.0,0,0,0,0,0,10.0,5.0,5.0,20.0,0,644,17.553770065307617,0.07159549445752633,,arrive_dest
2452,fresh,0,fresh,,,0,0.0,0,0,0,0,0,10.0,5.0,5.0,20.0,0,318,5.828709602355957,0.04434388413375138,,out_of_road
2453,fresh,0,fresh,,,0,0.0,0,0,0,0,0,10.0,5.0,5.0,20.0,0,334,2.0606720447540283,0.005475348678646152,,arrive_dest
2454,fresh,0,fresh,,,0,0.0,0,0,0,0,0,10.0,5.0,5.0,20.0,0,92,1.2223536968231201,0.025448015372208116,,out_of_road
2455,fresh,0,fresh,,,0,0.0,0,0,0,0,0,10.0,5.0,5.0,20.0,0,379,9.187018394470215,0.08578693504644297,,out_of_road
2456,fresh,0,fresh,,,0,0.0,0,0,0,0,0,10.0,5.0,5.0,20.0,0,335,6.709379196166992,0.027831155532248207,,arrive_dest
2457,fresh,0,fresh,,,0,0.0,0,0,0,0,0,10.0,5.0,5.0,20.0,0,277,7.5739898681640625,0.12586649279664894,,out_of_road
2458,fresh,0,fresh,,,0,0.0,0,0,0,0,0,10.0,5.0,5.0,20.0,0,108,1.6724460124969482,0.0291339280385593,,out_of_road
2459,fresh,0,fresh,,,0,0.0,0,0,0,0,0,10.0,5.0,5.0,20.0,0,1000,0.0005546863540075719,0.00015414556860923767,,max_step
2460,fresh,0,fresh,,,0,0.0,0,0,0,0,0,10.0,5.0,5.0,20.0,0,687,18.65985107421875,0.10973767693841822,,out_of_road
2461,fresh,0,fresh,,,0,0.0,0,0,0,0,0,10.0,5.0,5.0,20.0,0,398,10.781782150268555,0.09327006173769396,,arrive_dest
