D:\SIP2026\.venv\lib\site-packages\tyro\_parsers.py:352: UserWarning: The field `wandb-entity` is annotated with type `<class 'str'>`, but the default value `None` has type `<class 'NoneType'>`. We'll try to handle this gracefully, but it may cause unexpected behavior.
  warnings.warn(message)
D:\SIP2026\.venv\lib\site-packages\tyro\_parsers.py:352: UserWarning: The field `target-kl` is annotated with type `<class 'float'>`, but the default value `None` has type `<class 'NoneType'>`. We'll try to handle this gracefully, but it may cause unexpected behavior.
  warnings.warn(message)
  Compiling Scenic module from D:\SIP2026\ACL-experiments\Metadrive\policy\scenarios\driver.scenic...
    Compiling Scenic module from D:\SIP2026\Scenic\src\scenic\simulators\metadrive\model.scenic...
      Compiling Scenic module from D:\SIP2026\Scenic\src\scenic\domains\driving\model.scenic...
        Compiling Scenic module from D:\SIP2026\Scenic\src\scenic\domains\driving\behaviors.scenic...
        Compiled Scenic module in 0.91 seconds.
      Loading cached version of road network...
      Loaded cached network in 0.55 seconds.
      Compiled Scenic module in 2.341 seconds.
    Compiled Scenic module in 2.638 seconds.
  Compiled Scenic module in 3.711 seconds.
  Pruning scenario...
  Pruned scenario in 0 seconds.
Counts: {'crossovers': 0, 'mutations': 0, 'replays': 0, 'generations': 0, 'param_failures': 0, 'scenario_failures': 0, 'generation_failures': 0}

=== Buffer state | total scenes: 0 ===
  cat 0 (feature_num<=1): empty
  cat 1 (feature_num<=2): empty
  cat 2 (feature_num<=3): empty
  cat 3 (feature_num<=5): empty
  cat 4 (feature_num<=8): empty
  cat 5 (feature_num<=12): empty
  cat 6 (feature_num<=18): empty
=== Value distribution (all categories) ===
  Compiling Scenic module from D:\SIP2026\ACL-experiments\Metadrive\policy\scenarios\driver.scenic...
    Compiling Scenic module from D:\SIP2026\Scenic\src\scenic\simulators\metadrive\model.scenic...
      Compiling Scenic module from D:\SIP2026\Scenic\src\scenic\domains\driving\model.scenic...
        Compiling Scenic module from D:\SIP2026\Scenic\src\scenic\domains\driving\behaviors.scenic...
        Compiled Scenic module in 0.8257 seconds.
      Loading cached version of road network...
      Loaded cached network in 0.56 seconds.
      Compiled Scenic module in 1.979 seconds.
    Compiled Scenic module in 2.18 seconds.
  Compiled Scenic module in 2.681 seconds.
  Pruning scenario...
  Pruned scenario in 0 seconds.
counted:  {'distractor_cars': 4}
[episode 1] PASSED: {'ego_on_intersection': 0, 'intersection_has_cars': 0, 'distractor_cars': 4, 'has_brake_checker': 0, 'intersection_cars': 3, 'has_cluster': 1, 'maximum_distractor_speed': 20, 'distance_to_nearest': 40, 'cluster_dist': 5, 'brake_dist': 10}
[episode 1] SCENE : {'ego_on_intersection': 0, 'intersection_has_cars': 0, 'distractor_cars': 4, 'has_brake_checker': 0, 'intersection_cars': 3, 'has_cluster': 1, 'maximum_distractor_speed': 20, 'distance_to_nearest': 40, 'cluster_dist': 5, 'brake_dist': 10, 'map': WindowsPath('D:/SIP2026/ACL-experiments/Metadrive/CARLA/Town01.xodr'), 'carla_map': 'Town01', 'use2DMap': True, 'map_options': {}, 'sumo_map': 'D:\\SIP2026\\ACL-experiments\\Metadrive\\CARLA\\Town01.net.xml', 'timestep': 0.1, 'render': 1, 'render3D': 0, 'real_time': 1, 'time_step': 0.1, 'verifaiSamplerType': 'halton', 'select_lane': <Lane at 0x279dd576e90; uid="road83_lane0">}
[episode 1] params: {'ego_on_intersection': 0, 'intersection_has_cars': 0, 'distractor_cars': 4, 'has_brake_checker': 0, 'intersection_cars': 3, 'has_cluster': 1, 'maximum_distractor_speed': 20, 'distance_to_nearest': 40, 'cluster_dist': 5, 'brake_dist': 10, 'map': WindowsPath('D:/SIP2026/ACL-experiments/Metadrive/CARLA/Town01.xodr'), 'carla_map': 'Town01', 'use2DMap': True, 'map_options': {}, 'sumo_map': 'D:\\SIP2026\\ACL-experiments\\Metadrive\\CARLA\\Town01.net.xml', 'timestep': 0.1, 'render': 1, 'render3D': 0, 'real_time': 1, 'time_step': 0.1, 'verifaiSamplerType': 'halton', 'select_lane': <Lane at 0x279dd576e90; uid="road83_lane0">}
Selected destination was: lane_:332_4_0, ['lane_:54_5_0', 'lane_1_0', 'lane_:26_4_0', 'lane_-16_0', 'lane_:222_1_0', 'lane_-17_0', 'lane_:278_0_0', 'lane_4_0', 'lane_:306_0_0', 'lane_22_0', 'lane_:171_2_0', 'lane_-9_0', 'lane_:332_4_0']
Selected destination was: lane_:194_4_0, ['lane_22_0', 'lane_:171_2_0', 'lane_-9_0', 'lane_:332_4_0', 'lane_-10_0', 'lane_:222_4_0', 'lane_-17_0', 'lane_:278_0_0', 'lane_4_0', 'lane_:306_1_0', 'lane_-23_0', 'lane_:255_5_0', 'lane_-12_0', 'lane_:194_4_0']
Selected destination was: lane_:54_4_0, ['lane_:54_4_0', 'lane_-25_0', 'lane_:332_0_0', 'lane_9_0', 'lane_:171_0_0', 'lane_21_0', 'lane_:110_2_0', 'lane_2_0', 'lane_:54_4_0']
Selected destination was: lane_10_0, ['lane_-17_0', 'lane_:278_0_0', 'lane_4_0', 'lane_:306_1_0', 'lane_-23_0', 'lane_:255_5_0', 'lane_-12_0', 'lane_:194_5_0', 'lane_18_0', 'lane_:278_2_0', 'lane_17_0', 'lane_:222_3_0', 'lane_10_0']
Selected destination was: lane_-16_0, ['lane_1_0', 'lane_:26_4_0', 'lane_-16_0']
1
Terminating Early!
Terminating episode
  Compiling Scenic module from D:\SIP2026\ACL-experiments\Metadrive\policy\scenarios\driver.scenic...
    Compiling Scenic module from D:\SIP2026\Scenic\src\scenic\simulators\metadrive\model.scenic...
      Compiling Scenic module from D:\SIP2026\Scenic\src\scenic\domains\driving\model.scenic...
        Compiling Scenic module from D:\SIP2026\Scenic\src\scenic\domains\driving\behaviors.scenic...
        Compiled Scenic module in 0.4971 seconds.
      Loading cached version of road network...
      Loaded cached network in 0.48 seconds.
      Compiled Scenic module in 1.41 seconds.
    Compiled Scenic module in 1.589 seconds.
  Compiled Scenic module in 2.051 seconds.
  Pruning scenario...
  Pruned scenario in 0 seconds.
counted:  {'distractor_cars': 0}
[episode 2] PASSED: {'ego_on_intersection': 1, 'intersection_has_cars': 1, 'distractor_cars': 0, 'has_brake_checker': 1, 'intersection_cars': 0, 'has_cluster': 0, 'maximum_distractor_speed': 20, 'distance_to_nearest': 10, 'cluster_dist': 5, 'brake_dist': 20}
[episode 2] SCENE : {'ego_on_intersection': 1, 'intersection_has_cars': 1, 'distractor_cars': 0, 'has_brake_checker': 1, 'intersection_cars': 0, 'has_cluster': 0, 'maximum_distractor_speed': 20, 'distance_to_nearest': 10, 'cluster_dist': 5, 'brake_dist': 20, 'map': WindowsPath('D:/SIP2026/ACL-experiments/Metadrive/CARLA/Town01.xodr'), 'carla_map': 'Town01', 'use2DMap': True, 'map_options': {}, 'sumo_map': 'D:\\SIP2026\\ACL-experiments\\Metadrive\\CARLA\\Town01.net.xml', 'timestep': 0.1, 'render': 1, 'render3D': 0, 'real_time': 1, 'time_step': 0.1, 'verifaiSamplerType': 'halton', 'select_lane': <Lane at 0x279e2fb4ee0; uid="road0_lane1">}
[episode 2] params: {'ego_on_intersection': 1, 'intersection_has_cars': 1, 'distractor_cars': 0, 'has_brake_checker': 1, 'intersection_cars': 0, 'has_cluster': 0, 'maximum_distractor_speed': 20, 'distance_to_nearest': 10, 'cluster_dist': 5, 'brake_dist': 20, 'map': WindowsPath('D:/SIP2026/ACL-experiments/Metadrive/CARLA/Town01.xodr'), 'carla_map': 'Town01', 'use2DMap': True, 'map_options': {}, 'sumo_map': 'D:\\SIP2026\\ACL-experiments\\Metadrive\\CARLA\\Town01.net.xml', 'timestep': 0.1, 'render': 1, 'render3D': 0, 'real_time': 1, 'time_step': 0.1, 'verifaiSamplerType': 'halton', 'select_lane': <Lane at 0x279e2fb4ee0; uid="road0_lane1">}
Selected destination was: lane_13_0, ['lane_:7.14_0_0', 'lane_7_0', 'lane_:143_2_0', 'lane_19_0', 'lane_:194_2_0', 'lane_18_0', 'lane_:278_3_0', 'lane_4_0', 'lane_:306_0_0', 'lane_22_0', 'lane_:171_3_0', 'lane_21_0', 'lane_:110_3_0', 'lane_-3_0', 'lane_:3.13_0_0', 'lane_13_0']
Selected destination was: lane_:20.15_1_0, ['lane_7_0', 'lane_:143_3_0', 'lane_6_0', 'lane_:87_1_0', 'lane_5_0', 'lane_:5.20_0_0', 'lane_-20_0', 'lane_:20.15_1_0']
2
Terminating episode
  Compiling Scenic module from D:\SIP2026\ACL-experiments\Metadrive\policy\scenarios\driver.scenic...
    Compiling Scenic module from D:\SIP2026\Scenic\src\scenic\simulators\metadrive\model.scenic...
      Compiling Scenic module from D:\SIP2026\Scenic\src\scenic\domains\driving\model.scenic...
        Compiling Scenic module from D:\SIP2026\Scenic\src\scenic\domains\driving\behaviors.scenic...
        Compiled Scenic module in 0.3976 seconds.
      Loading cached version of road network...
      Loaded cached network in 0.31 seconds.
      Compiled Scenic module in 1.192 seconds.
    Compiled Scenic module in 1.317 seconds.
  Compiled Scenic module in 1.737 seconds.
  Pruning scenario...
  Pruned scenario in 0 seconds.
counted:  {'distractor_cars': 18}
[episode 3] PASSED: {'ego_on_intersection': 1, 'intersection_has_cars': 0, 'distractor_cars': 18, 'has_brake_checker': 1, 'intersection_cars': 3, 'has_cluster': 1, 'maximum_distractor_speed': 20, 'distance_to_nearest': 20, 'cluster_dist': 5, 'brake_dist': 35}
[episode 3] SCENE : {'ego_on_intersection': 1, 'intersection_has_cars': 0, 'distractor_cars': 18, 'has_brake_checker': 1, 'intersection_cars': 3, 'has_cluster': 1, 'maximum_distractor_speed': 20, 'distance_to_nearest': 20, 'cluster_dist': 5, 'brake_dist': 35, 'map': WindowsPath('D:/SIP2026/ACL-experiments/Metadrive/CARLA/Town01.xodr'), 'carla_map': 'Town01', 'use2DMap': True, 'map_options': {}, 'sumo_map': 'D:\\SIP2026\\ACL-experiments\\Metadrive\\CARLA\\Town01.net.xml', 'timestep': 0.1, 'render': 1, 'render3D': 0, 'real_time': 1, 'time_step': 0.1, 'verifaiSamplerType': 'halton', 'select_lane': <Lane at 0x279de1495d0; uid="road139_lane0">}
[episode 3] params: {'ego_on_intersection': 1, 'intersection_has_cars': 0, 'distractor_cars': 18, 'has_brake_checker': 1, 'intersection_cars': 3, 'has_cluster': 1, 'maximum_distractor_speed': 20, 'distance_to_nearest': 20, 'cluster_dist': 5, 'brake_dist': 35, 'map': WindowsPath('D:/SIP2026/ACL-experiments/Metadrive/CARLA/Town01.xodr'), 'carla_map': 'Town01', 'use2DMap': True, 'map_options': {}, 'sumo_map': 'D:\\SIP2026\\ACL-experiments\\Metadrive\\CARLA\\Town01.net.xml', 'timestep': 0.1, 'render': 1, 'render3D': 0, 'real_time': 1, 'time_step': 0.1, 'verifaiSamplerType': 'halton', 'select_lane': <Lane at 0x279de1495d0; uid="road139_lane0">}
Selected destination was: lane_:278_3_0, ['lane_:26_6_0', 'lane_-16_0', 'lane_:222_1_0', 'lane_-17_0', 'lane_:278_0_0', 'lane_4_0', 'lane_:306_1_0', 'lane_-23_0', 'lane_:255_5_0', 'lane_-12_0', 'lane_:194_5_0', 'lane_18_0', 'lane_:278_3_0']
Selected destination was: lane_-16_0, ['lane_:222_1_0', 'lane_-17_0', 'lane_:278_0_0', 'lane_4_0', 'lane_:306_0_0', 'lane_22_0', 'lane_:171_2_0', 'lane_-9_0', 'lane_:332_5_0', 'lane_25_0', 'lane_:54_2_0', 'lane_1_0', 'lane_:26_4_0', 'lane_-16_0']
Selected destination was: lane_13_0, ['lane_:306_4_0', 'lane_-23_0', 'lane_:255_5_0', 'lane_-12_0', 'lane_:194_5_0', 'lane_18_0', 'lane_:278_3_0', 'lane_4_0', 'lane_:306_0_0', 'lane_22_0', 'lane_:171_3_0', 'lane_21_0', 'lane_:110_3_0', 'lane_-3_0', 'lane_:3.13_0_0', 'lane_13_0']
Selected destination was: lane_:26_5_0, ['lane_-22_0', 'lane_:306_5_0', 'lane_-4_0', 'lane_:278_5_0', 'lane_17_0', 'lane_:222_3_0', 'lane_10_0', 'lane_:332_2_0', 'lane_25_0', 'lane_:54_2_0', 'lane_1_0', 'lane_:26_5_0']
Selected destination was: lane_:332_5_0, ['lane_17_0', 'lane_:222_2_0', 'lane_16_0', 'lane_:26_3_0', 'lane_-1_0', 'lane_:54_0_0', 'lane_-2_0', 'lane_:110_1_0', 'lane_-21_0', 'lane_:171_5_0', 'lane_-9_0', 'lane_:332_5_0']
Selected destination was: lane_0_0, ['lane_-16_0', 'lane_:222_0_0', 'lane_10_0', 'lane_:332_2_0', 'lane_25_0', 'lane_:54_2_0', 'lane_1_0', 'lane_:26_5_0', 'lane_0_0']
Selected destination was: lane_:143_6_0, ['lane_-16_0', 'lane_:222_1_0', 'lane_-17_0', 'lane_:278_0_0', 'lane_4_0', 'lane_:306_1_0', 'lane_-23_0', 'lane_:255_4_0', 'lane_-24_0', 'lane_:87_5_0', 'lane_-6_0', 'lane_:143_5_0', 'lane_:143_6_0']
Selected destination was: lane_:87_3_0, ['lane_:87_4_0', 'lane_5_0', 'lane_:5.20_0_0', 'lane_-20_0', 'lane_:20.15_1_0', 'lane_15_0', 'lane_:15.13_1_0', 'lane_-13_0', 'lane_:3.13_1_0', 'lane_3_0', 'lane_:110_4_0', 'lane_-21_0', 'lane_:171_5_0', 'lane_-9_0', 'lane_:332_5_0', 'lane_25_0', 'lane_:54_3_0', 'lane_-2_0', 'lane_:110_0_0', 'lane_-3_0', 'lane_:3.13_0_0', 'lane_13_0', 'lane_:15.13_0_0', 'lane_-15_0', 'lane_:20.15_0_0', 'lane_20_0', 'lane_:5.20_1_0', 'lane_-5_0', 'lane_:87_3_0']
Selected destination was: lane_:26_3_0, ['lane_6_0', 'lane_:87_0_0', 'lane_24_0', 'lane_:255_2_0', 'lane_-12_0', 'lane_:194_5_0', 'lane_18_0', 'lane_:278_2_0', 'lane_17_0', 'lane_:222_2_0', 'lane_16_0', 'lane_:26_3_0']
Selected destination was: lane_:143_4_0, ['lane_:110_1_0', 'lane_-21_0', 'lane_:171_4_0', 'lane_-22_0', 'lane_:306_4_0', 'lane_-23_0', 'lane_:255_4_0', 'lane_-24_0', 'lane_:87_5_0', 'lane_-6_0', 'lane_:143_4_0']
Selected destination was: lane_:5.20_1_0, ['lane_-8_0', 'lane_:8.11_1_0', 'lane_11_0', 'lane_:11.0_0_0', 'lane_-0_0', 'lane_:26_0_0', 'lane_-1_0', 'lane_:54_0_0', 'lane_-2_0', 'lane_:110_0_0', 'lane_-3_0', 'lane_:3.13_0_0', 'lane_13_0', 'lane_:15.13_0_0', 'lane_-15_0', 'lane_:20.15_0_0', 'lane_20_0', 'lane_:5.20_1_0']
Selected destination was: lane_:332_5_0, ['lane_:278_0_0', 'lane_4_0', 'lane_:306_0_0', 'lane_22_0', 'lane_:171_2_0', 'lane_-9_0', 'lane_:332_5_0']
Selected destination was: lane_:26_4_0, ['lane_:143_1_0', 'lane_-7_0', 'lane_:7.14_1_0', 'lane_14_0', 'lane_:8.14_0_0', 'lane_-8_0', 'lane_:8.11_1_0', 'lane_11_0', 'lane_:11.0_0_0', 'lane_-0_0', 'lane_:26_1_0', 'lane_-16_0', 'lane_:222_0_0', 'lane_10_0', 'lane_:332_2_0', 'lane_25_0', 'lane_:54_2_0', 'lane_1_0', 'lane_:26_4_0']
Selected destination was: lane_-17_0, ['lane_:306_3_0', 'lane_22_0', 'lane_:171_2_0', 'lane_-9_0', 'lane_:332_4_0', 'lane_-10_0', 'lane_:222_4_0', 'lane_-17_0']
Selected destination was: lane_:110_1_0, ['lane_:278_1_0', 'lane_-18_0', 'lane_:194_0_0', 'lane_12_0', 'lane_:255_0_0', 'lane_23_0', 'lane_:306_3_0', 'lane_22_0', 'lane_:171_2_0', 'lane_-9_0', 'lane_:332_5_0', 'lane_25_0', 'lane_:54_3_0', 'lane_-2_0', 'lane_:110_1_0']
Selected destination was: lane_-23_0, ['lane_:54_3_0', 'lane_-2_0', 'lane_:110_1_0', 'lane_-21_0', 'lane_:171_4_0', 'lane_-22_0', 'lane_:306_4_0', 'lane_-23_0']
Selected destination was: lane_:54_2_0, ['lane_:255_1_0', 'lane_-24_0', 'lane_:87_5_0', 'lane_-6_0', 'lane_:143_5_0', 'lane_19_0', 'lane_:194_2_0', 'lane_18_0', 'lane_:278_2_0', 'lane_17_0', 'lane_:222_3_0', 'lane_10_0', 'lane_:332_2_0', 'lane_25_0', 'lane_:54_2_0']
Selected destination was: lane_-15_0, ['lane_-25_0', 'lane_:332_0_0', 'lane_9_0', 'lane_:171_0_0', 'lane_21_0', 'lane_:110_3_0', 'lane_-3_0', 'lane_:3.13_0_0', 'lane_13_0', 'lane_:15.13_0_0', 'lane_-15_0']
Selected destination was: lane_:3.13_0_0, ['lane_-1_0', 'lane_:54_0_0', 'lane_-2_0', 'lane_:110_0_0', 'lane_-3_0', 'lane_:3.13_0_0']
Selected destination was: lane_:194_1_0, ['lane_12_0', 'lane_:255_0_0', 'lane_23_0', 'lane_:306_2_0', 'lane_-4_0', 'lane_:278_4_0', 'lane_-18_0', 'lane_:194_1_0']
3
SPS: 34
Terminating episode
  Compiling Scenic module from D:\SIP2026\ACL-experiments\Metadrive\policy\scenarios\driver.scenic...
    Compiling Scenic module from D:\SIP2026\Scenic\src\scenic\simulators\metadrive\model.scenic...
      Compiling Scenic module from D:\SIP2026\Scenic\src\scenic\domains\driving\model.scenic...
        Compiling Scenic module from D:\SIP2026\Scenic\src\scenic\domains\driving\behaviors.scenic...
        Compiled Scenic module in 0.3375 seconds.
      Loading cached version of road network...
      Loaded cached network in 0.19 seconds.
      Compiled Scenic module in 0.8039 seconds.
    Compiled Scenic module in 0.907 seconds.
  Compiled Scenic module in 1.168 seconds.
  Pruning scenario...
  Pruned scenario in 0 seconds.
counted:  {'distractor_cars': 2}
[episode 4] PASSED: {'ego_on_intersection': 0, 'intersection_has_cars': 0, 'distractor_cars': 2, 'has_brake_checker': 1, 'intersection_cars': 2, 'has_cluster': 1, 'maximum_distractor_speed': 20, 'distance_to_nearest': 5, 'cluster_dist': 10, 'brake_dist': 20}
[episode 4] SCENE : {'ego_on_intersection': 0, 'intersection_has_cars': 0, 'distractor_cars': 2, 'has_brake_checker': 1, 'intersection_cars': 2, 'has_cluster': 1, 'maximum_distractor_speed': 20, 'distance_to_nearest': 5, 'cluster_dist': 10, 'brake_dist': 20, 'map': WindowsPath('D:/SIP2026/ACL-experiments/Metadrive/CARLA/Town01.xodr'), 'carla_map': 'Town01', 'use2DMap': True, 'map_options': {}, 'sumo_map': 'D:\\SIP2026\\ACL-experiments\\Metadrive\\CARLA\\Town01.net.xml', 'timestep': 0.1, 'render': 1, 'render3D': 0, 'real_time': 1, 'time_step': 0.1, 'verifaiSamplerType': 'halton', 'select_lane': <Lane at 0x279e6778d90; uid="road19_lane1">}
[episode 4] params: {'ego_on_intersection': 0, 'intersection_has_cars': 0, 'distractor_cars': 2, 'has_brake_checker': 1, 'intersection_cars': 2, 'has_cluster': 1, 'maximum_distractor_speed': 20, 'distance_to_nearest': 5, 'cluster_dist': 10, 'brake_dist': 20, 'map': WindowsPath('D:/SIP2026/ACL-experiments/Metadrive/CARLA/Town01.xodr'), 'carla_map': 'Town01', 'use2DMap': True, 'map_options': {}, 'sumo_map': 'D:\\SIP2026\\ACL-experiments\\Metadrive\\CARLA\\Town01.net.xml', 'timestep': 0.1, 'render': 1, 'render3D': 0, 'real_time': 1, 'time_step': 0.1, 'verifaiSamplerType': 'halton', 'select_lane': <Lane at 0x279e6778d90; uid="road19_lane1">}
Selected destination was: lane_:194_6_0, ['lane_19_0', 'lane_:194_3_0', 'lane_:194_6_0']
Selected destination was: lane_:20.15_0_0, ['lane_18_0', 'lane_:278_3_0', 'lane_4_0', 'lane_:306_0_0', 'lane_22_0', 'lane_:171_3_0', 'lane_21_0', 'lane_:110_3_0', 'lane_-3_0', 'lane_:3.13_0_0', 'lane_13_0', 'lane_:15.13_0_0', 'lane_-15_0', 'lane_:20.15_0_0']
Selected destination was: lane_:110_5_0, ['lane_:110_2_0', 'lane_2_0', 'lane_:54_4_0', 'lane_-25_0', 'lane_:332_0_0', 'lane_9_0', 'lane_:171_1_0', 'lane_-22_0', 'lane_:306_4_0', 'lane_-23_0', 'lane_:255_4_0', 'lane_-24_0', 'lane_:87_4_0', 'lane_5_0', 'lane_:5.20_0_0', 'lane_-20_0', 'lane_:20.15_1_0', 'lane_15_0', 'lane_:15.13_1_0', 'lane_-13_0', 'lane_:3.13_1_0', 'lane_3_0', 'lane_:110_5_0']
Selected destination was: lane_:332_0_0, ['lane_-9_0', 'lane_:332_4_0', 'lane_-10_0', 'lane_:222_5_0', 'lane_16_0', 'lane_:26_3_0', 'lane_-1_0', 'lane_:54_1_0', 'lane_-25_0', 'lane_:332_0_0']
4
Terminating Early!
Terminating episode
  Compiling Scenic module from D:\SIP2026\ACL-experiments\Metadrive\policy\scenarios\driver.scenic...
    Compiling Scenic module from D:\SIP2026\Scenic\src\scenic\simulators\metadrive\model.scenic...
      Compiling Scenic module from D:\SIP2026\Scenic\src\scenic\domains\driving\model.scenic...
        Compiling Scenic module from D:\SIP2026\Scenic\src\scenic\domains\driving\behaviors.scenic...
        Compiled Scenic module in 0.4929 seconds.
      Loading cached version of road network...
      Loaded cached network in 0.14 seconds.
      Compiled Scenic module in 0.9695 seconds.
    Compiled Scenic module in 1.106 seconds.
  Compiled Scenic module in 1.469 seconds.
  Pruning scenario...
  Pruned scenario in 0 seconds.
counted:  {'distractor_cars': 8}
[episode 5] PASSED: {'ego_on_intersection': 0, 'intersection_has_cars': 0, 'distractor_cars': 8, 'has_brake_checker': 1, 'intersection_cars': 3, 'has_cluster': 1, 'maximum_distractor_speed': 15, 'distance_to_nearest': 40, 'cluster_dist': 5, 'brake_dist': 55}
[episode 5] SCENE : {'ego_on_intersection': 0, 'intersection_has_cars': 0, 'distractor_cars': 8, 'has_brake_checker': 1, 'intersection_cars': 3, 'has_cluster': 1, 'maximum_distractor_speed': 15, 'distance_to_nearest': 40, 'cluster_dist': 5, 'brake_dist': 55, 'map': WindowsPath('D:/SIP2026/ACL-experiments/Metadrive/CARLA/Town01.xodr'), 'carla_map': 'Town01', 'use2DMap': True, 'map_options': {}, 'sumo_map': 'D:\\SIP2026\\ACL-experiments\\Metadrive\\CARLA\\Town01.net.xml', 'timestep': 0.1, 'render': 1, 'render3D': 0, 'real_time': 1, 'time_step': 0.1, 'verifaiSamplerType': 'halton', 'select_lane': <Lane at 0x279e2c2e680; uid="road17_lane1">}
[episode 5] params: {'ego_on_intersection': 0, 'intersection_has_cars': 0, 'distractor_cars': 8, 'has_brake_checker': 1, 'intersection_cars': 3, 'has_cluster': 1, 'maximum_distractor_speed': 15, 'distance_to_nearest': 40, 'cluster_dist': 5, 'brake_dist': 55, 'map': WindowsPath('D:/SIP2026/ACL-experiments/Metadrive/CARLA/Town01.xodr'), 'carla_map': 'Town01', 'use2DMap': True, 'map_options': {}, 'sumo_map': 'D:\\SIP2026\\ACL-experiments\\Metadrive\\CARLA\\Town01.net.xml', 'timestep': 0.1, 'render': 1, 'render3D': 0, 'real_time': 1, 'time_step': 0.1, 'verifaiSamplerType': 'halton', 'select_lane': <Lane at 0x279e2c2e680; uid="road17_lane1">}
Selected destination was: lane_:87_5_0, ['lane_:278_5_0', 'lane_17_0', 'lane_:222_3_0', 'lane_10_0', 'lane_:332_3_0', 'lane_9_0', 'lane_:171_1_0', 'lane_-22_0', 'lane_:306_4_0', 'lane_-23_0', 'lane_:255_4_0', 'lane_-24_0', 'lane_:87_5_0']
Selected destination was: lane_:5.20_0_0, ['lane_:222_2_0', 'lane_16_0', 'lane_:26_2_0', 'lane_0_0', 'lane_:11.0_1_0', 'lane_-11_0', 'lane_:8.11_0_0', 'lane_8_0', 'lane_:8.14_1_0', 'lane_-14_0', 'lane_:7.14_0_0', 'lane_7_0', 'lane_:143_3_0', 'lane_6_0', 'lane_:87_1_0', 'lane_5_0', 'lane_:5.20_0_0']
Selected destination was: lane_:87_4_0, ['lane_:171_0_0', 'lane_21_0', 'lane_:110_2_0', 'lane_2_0', 'lane_:54_4_0', 'lane_-25_0', 'lane_:332_0_0', 'lane_9_0', 'lane_:171_1_0', 'lane_-22_0', 'lane_:306_4_0', 'lane_-23_0', 'lane_:255_4_0', 'lane_-24_0', 'lane_:87_4_0']
Selected destination was: lane_-7_0, ['lane_19_0', 'lane_:194_3_0', 'lane_12_0', 'lane_:255_1_0', 'lane_-24_0', 'lane_:87_5_0', 'lane_-6_0', 'lane_:143_4_0', 'lane_-7_0']
Selected destination was: lane_:332_4_0, ['lane_-1_0', 'lane_:54_0_0', 'lane_-2_0', 'lane_:110_1_0', 'lane_-21_0', 'lane_:171_5_0', 'lane_-9_0', 'lane_:332_4_0']
Selected destination was: lane_:194_4_0, ['lane_17_0', 'lane_:222_3_0', 'lane_10_0', 'lane_:332_3_0', 'lane_9_0', 'lane_:171_1_0', 'lane_-22_0', 'lane_:306_4_0', 'lane_-23_0', 'lane_:255_5_0', 'lane_-12_0', 'lane_:194_4_0']
Selected destination was: lane_7_0, ['lane_:222_2_0', 'lane_16_0', 'lane_:26_2_0', 'lane_0_0', 'lane_:11.0_1_0', 'lane_-11_0', 'lane_:8.11_0_0', 'lane_8_0', 'lane_:8.14_1_0', 'lane_-14_0', 'lane_:7.14_0_0', 'lane_7_0']
Selected destination was: lane_:110_0_0, ['lane_-5_0', 'lane_:87_3_0', 'lane_24_0', 'lane_:255_3_0', 'lane_23_0', 'lane_:306_3_0', 'lane_22_0', 'lane_:171_2_0', 'lane_-9_0', 'lane_:332_5_0', 'lane_25_0', 'lane_:54_3_0', 'lane_-2_0', 'lane_:110_0_0']
Selected destination was: lane_:194_2_0, ['lane_-21_0', 'lane_:171_4_0', 'lane_-22_0', 'lane_:306_4_0', 'lane_-23_0', 'lane_:255_4_0', 'lane_-24_0', 'lane_:87_5_0', 'lane_-6_0', 'lane_:143_5_0', 'lane_19_0', 'lane_:194_2_0']
Selected destination was: lane_-16_0, ['lane_:54_4_0', 'lane_-25_0', 'lane_:332_0_0', 'lane_9_0', 'lane_:171_0_0', 'lane_21_0', 'lane_:110_2_0', 'lane_2_0', 'lane_:54_5_0', 'lane_1_0', 'lane_:26_4_0', 'lane_-16_0']
5
SPS: 34
Terminating episode
  Compiling Scenic module from D:\SIP2026\ACL-experiments\Metadrive\policy\scenarios\driver.scenic...
    Compiling Scenic module from D:\SIP2026\Scenic\src\scenic\simulators\metadrive\model.scenic...
      Compiling Scenic module from D:\SIP2026\Scenic\src\scenic\domains\driving\model.scenic...
        Compiling Scenic module from D:\SIP2026\Scenic\src\scenic\domains\driving\behaviors.scenic...
        Compiled Scenic module in 0.5067 seconds.
      Loading cached version of road network...
      Loaded cached network in 0.17 seconds.
      Compiled Scenic module in 1.222 seconds.
    Compiled Scenic module in 1.466 seconds.
  Compiled Scenic module in 2.074 seconds.
  Pruning scenario...
  Pruned scenario in 0 seconds.
counted:  {'distractor_cars': 3}
[episode 6] PASSED: {'ego_on_intersection': 0, 'intersection_has_cars': 0, 'distractor_cars': 3, 'has_brake_checker': 1, 'intersection_cars': 3, 'has_cluster': 1, 'maximum_distractor_speed': 20, 'distance_to_nearest': 20, 'cluster_dist': 10, 'brake_dist': 55}
[episode 6] SCENE : {'ego_on_intersection': 0, 'intersection_has_cars': 0, 'distractor_cars': 3, 'has_brake_checker': 1, 'intersection_cars': 3, 'has_cluster': 1, 'maximum_distractor_speed': 20, 'distance_to_nearest': 20, 'cluster_dist': 10, 'brake_dist': 55, 'map': WindowsPath('D:/SIP2026/ACL-experiments/Metadrive/CARLA/Town01.xodr'), 'carla_map': 'Town01', 'use2DMap': True, 'map_options': {}, 'sumo_map': 'D:\\SIP2026\\ACL-experiments\\Metadrive\\CARLA\\Town01.net.xml', 'timestep': 0.1, 'render': 1, 'render3D': 0, 'real_time': 1, 'time_step': 0.1, 'verifaiSamplerType': 'halton', 'select_lane': <Lane at 0x279e75c4850; uid="road4_lane0">}
[episode 6] params: {'ego_on_intersection': 0, 'intersection_has_cars': 0, 'distractor_cars': 3, 'has_brake_checker': 1, 'intersection_cars': 3, 'has_cluster': 1, 'maximum_distractor_speed': 20, 'distance_to_nearest': 20, 'cluster_dist': 10, 'brake_dist': 55, 'map': WindowsPath('D:/SIP2026/ACL-experiments/Metadrive/CARLA/Town01.xodr'), 'carla_map': 'Town01', 'use2DMap': True, 'map_options': {}, 'sumo_map': 'D:\\SIP2026\\ACL-experiments\\Metadrive\\CARLA\\Town01.net.xml', 'timestep': 0.1, 'render': 1, 'render3D': 0, 'real_time': 1, 'time_step': 0.1, 'verifaiSamplerType': 'halton', 'select_lane': <Lane at 0x279e75c4850; uid="road4_lane0">}
Selected destination was: lane_-18_0, ['lane_:306_2_0', 'lane_-4_0', 'lane_:278_4_0', 'lane_-18_0']
Selected destination was: lane_:332_1_0, ['lane_-4_0', 'lane_:278_5_0', 'lane_17_0', 'lane_:222_2_0', 'lane_16_0', 'lane_:26_3_0', 'lane_-1_0', 'lane_:54_1_0', 'lane_-25_0', 'lane_:332_1_0']
Selected destination was: lane_:332_6_0, ['lane_9_0', 'lane_:171_1_0', 'lane_-22_0', 'lane_:306_4_0', 'lane_-23_0', 'lane_:255_5_0', 'lane_-12_0', 'lane_:194_5_0', 'lane_18_0', 'lane_:278_3_0', 'lane_4_0', 'lane_:306_0_0', 'lane_22_0', 'lane_:171_2_0', 'lane_-9_0', 'lane_:332_5_0', 'lane_:332_6_0']
Selected destination was: lane_-15_0, ['lane_-0_0', 'lane_:26_0_0', 'lane_-1_0', 'lane_:54_0_0', 'lane_-2_0', 'lane_:110_0_0', 'lane_-3_0', 'lane_:3.13_0_0', 'lane_13_0', 'lane_:15.13_0_0', 'lane_-15_0']
Selected destination was: lane_22_0, ['lane_-6_0', 'lane_:143_5_0', 'lane_19_0', 'lane_:194_2_0', 'lane_18_0', 'lane_:278_3_0', 'lane_4_0', 'lane_:306_0_0', 'lane_22_0']
6
Terminating episode
  Compiling Scenic module from D:\SIP2026\ACL-experiments\Metadrive\policy\scenarios\driver.scenic...
    Compiling Scenic module from D:\SIP2026\Scenic\src\scenic\simulators\metadrive\model.scenic...
      Compiling Scenic module from D:\SIP2026\Scenic\src\scenic\domains\driving\model.scenic...
        Compiling Scenic module from D:\SIP2026\Scenic\src\scenic\domains\driving\behaviors.scenic...
        Compiled Scenic module in 0.5651 seconds.
      Loading cached version of road network...
      Loaded cached network in 0.24 seconds.
      Compiled Scenic module in 1.864 seconds.
    Compiled Scenic module in 2.067 seconds.
  Compiled Scenic module in 2.509 seconds.
  Pruning scenario...
  Pruned scenario in 0 seconds.
counted:  {'distractor_cars': 5}
[episode 7] PASSED: {'ego_on_intersection': 1, 'intersection_has_cars': 1, 'distractor_cars': 5, 'has_brake_checker': 1, 'intersection_cars': 1, 'has_cluster': 1, 'maximum_distractor_speed': 5, 'distance_to_nearest': 20, 'cluster_dist': 5, 'brake_dist': 35}
[episode 7] SCENE : {'ego_on_intersection': 1, 'intersection_has_cars': 1, 'distractor_cars': 5, 'has_brake_checker': 1, 'intersection_cars': 1, 'has_cluster': 1, 'maximum_distractor_speed': 5, 'distance_to_nearest': 20, 'cluster_dist': 5, 'brake_dist': 35, 'map': WindowsPath('D:/SIP2026/ACL-experiments/Metadrive/CARLA/Town01.xodr'), 'carla_map': 'Town01', 'use2DMap': True, 'map_options': {}, 'sumo_map': 'D:\\SIP2026\\ACL-experiments\\Metadrive\\CARLA\\Town01.net.xml', 'timestep': 0.1, 'render': 1, 'render3D': 0, 'real_time': 1, 'time_step': 0.1, 'verifaiSamplerType': 'halton', 'select_lane': <Lane at 0x279e7a9c9d0; uid="road273_lane0">}
[episode 7] params: {'ego_on_intersection': 1, 'intersection_has_cars': 1, 'distractor_cars': 5, 'has_brake_checker': 1, 'intersection_cars': 1, 'has_cluster': 1, 'maximum_distractor_speed': 5, 'distance_to_nearest': 20, 'cluster_dist': 5, 'brake_dist': 35, 'map': WindowsPath('D:/SIP2026/ACL-experiments/Metadrive/CARLA/Town01.xodr'), 'carla_map': 'Town01', 'use2DMap': True, 'map_options': {}, 'sumo_map': 'D:\\SIP2026\\ACL-experiments\\Metadrive\\CARLA\\Town01.net.xml', 'timestep': 0.1, 'render': 1, 'render3D': 0, 'real_time': 1, 'time_step': 0.1, 'verifaiSamplerType': 'halton', 'select_lane': <Lane at 0x279e7a9c9d0; uid="road273_lane0">}
Selected destination was: lane_23_0, ['lane_-0_0', 'lane_:26_1_0', 'lane_-16_0', 'lane_:222_1_0', 'lane_-17_0', 'lane_:278_1_0', 'lane_-18_0', 'lane_:194_0_0', 'lane_12_0', 'lane_:255_0_0', 'lane_23_0']
Selected destination was: lane_7_0, ['lane_-1_0', 'lane_:54_1_0', 'lane_-25_0', 'lane_:332_1_0', 'lane_-10_0', 'lane_:222_5_0', 'lane_16_0', 'lane_:26_2_0', 'lane_0_0', 'lane_:11.0_1_0', 'lane_-11_0', 'lane_:8.11_0_0', 'lane_8_0', 'lane_:8.14_1_0', 'lane_-14_0', 'lane_:7.14_0_0', 'lane_7_0']
Selected destination was: lane_:15.13_0_0, ['lane_-25_0', 'lane_:332_0_0', 'lane_9_0', 'lane_:171_0_0', 'lane_21_0', 'lane_:110_3_0', 'lane_-3_0', 'lane_:3.13_0_0', 'lane_13_0', 'lane_:15.13_0_0']
Selected destination was: lane_-9_0, ['lane_-1_0', 'lane_:54_0_0', 'lane_-2_0', 'lane_:110_1_0', 'lane_-21_0', 'lane_:171_5_0', 'lane_-9_0']
Selected destination was: lane_25_0, ['lane_-1_0', 'lane_:54_0_0', 'lane_-2_0', 'lane_:110_1_0', 'lane_-21_0', 'lane_:171_5_0', 'lane_-9_0', 'lane_:332_5_0', 'lane_25_0']
Selected destination was: lane_-25_0, ['lane_-5_0', 'lane_:87_3_0', 'lane_24_0', 'lane_:255_3_0', 'lane_23_0', 'lane_:306_3_0', 'lane_22_0', 'lane_:171_3_0', 'lane_21_0', 'lane_:110_2_0', 'lane_2_0', 'lane_:54_4_0', 'lane_-25_0']
Selected destination was: lane_10_0, ['lane_:278_6_0', 'lane_4_0', 'lane_:306_1_0', 'lane_-23_0', 'lane_:255_5_0', 'lane_-12_0', 'lane_:194_5_0', 'lane_18_0', 'lane_:278_2_0', 'lane_17_0', 'lane_:222_3_0', 'lane_10_0']
7
SPS: 36
Terminating episode
  Compiling Scenic module from D:\SIP2026\ACL-experiments\Metadrive\policy\scenarios\driver.scenic...
    Compiling Scenic module from D:\SIP2026\Scenic\src\scenic\simulators\metadrive\model.scenic...
      Compiling Scenic module from D:\SIP2026\Scenic\src\scenic\domains\driving\model.scenic...
        Compiling Scenic module from D:\SIP2026\Scenic\src\scenic\domains\driving\behaviors.scenic...
        Compiled Scenic module in 0.4093 seconds.
      Loading cached version of road network...
      Loaded cached network in 0.55 seconds.
      Compiled Scenic module in 1.341 seconds.
    Compiled Scenic module in 1.465 seconds.
  Compiled Scenic module in 1.81 seconds.
  Pruning scenario...
  Pruned scenario in 0 seconds.
counted:  {'distractor_cars': 2}
[episode 8] PASSED: {'ego_on_intersection': 0, 'intersection_has_cars': 0, 'distractor_cars': 2, 'has_brake_checker': 0, 'intersection_cars': 2, 'has_cluster': 1, 'maximum_distractor_speed': 20, 'distance_to_nearest': 40, 'cluster_dist': 15, 'brake_dist': 55}
[episode 8] SCENE : {'ego_on_intersection': 0, 'intersection_has_cars': 0, 'distractor_cars': 2, 'has_brake_checker': 0, 'intersection_cars': 2, 'has_cluster': 1, 'maximum_distractor_speed': 20, 'distance_to_nearest': 40, 'cluster_dist': 15, 'brake_dist': 55, 'map': WindowsPath('D:/SIP2026/ACL-experiments/Metadrive/CARLA/Town01.xodr'), 'carla_map': 'Town01', 'use2DMap': True, 'map_options': {}, 'sumo_map': 'D:\\SIP2026\\ACL-experiments\\Metadrive\\CARLA\\Town01.net.xml', 'timestep': 0.1, 'render': 1, 'render3D': 0, 'real_time': 1, 'time_step': 0.1, 'verifaiSamplerType': 'halton', 'select_lane': <Lane at 0x279e6309180; uid="road67_lane0">}
[episode 8] params: {'ego_on_intersection': 0, 'intersection_has_cars': 0, 'distractor_cars': 2, 'has_brake_checker': 0, 'intersection_cars': 2, 'has_cluster': 1, 'maximum_distractor_speed': 20, 'distance_to_nearest': 40, 'cluster_dist': 15, 'brake_dist': 55, 'map': WindowsPath('D:/SIP2026/ACL-experiments/Metadrive/CARLA/Town01.xodr'), 'carla_map': 'Town01', 'use2DMap': True, 'map_options': {}, 'sumo_map': 'D:\\SIP2026\\ACL-experiments\\Metadrive\\CARLA\\Town01.net.xml', 'timestep': 0.1, 'render': 1, 'render3D': 0, 'real_time': 1, 'time_step': 0.1, 'verifaiSamplerType': 'halton', 'select_lane': <Lane at 0x279e6309180; uid="road67_lane0">}
Selected destination was: lane_3_0, ['lane_:54_6_0', 'lane_-25_0', 'lane_:332_0_0', 'lane_9_0', 'lane_:171_1_0', 'lane_-22_0', 'lane_:306_4_0', 'lane_-23_0', 'lane_:255_4_0', 'lane_-24_0', 'lane_:87_4_0', 'lane_5_0', 'lane_:5.20_0_0', 'lane_-20_0', 'lane_:20.15_1_0', 'lane_15_0', 'lane_:15.13_1_0', 'lane_-13_0', 'lane_:3.13_1_0', 'lane_3_0']
Selected destination was: lane_-9_0, ['lane_1_0', 'lane_:26_4_0', 'lane_-16_0', 'lane_:222_1_0', 'lane_-17_0', 'lane_:278_0_0', 'lane_4_0', 'lane_:306_0_0', 'lane_22_0', 'lane_:171_2_0', 'lane_-9_0']
Selected destination was: lane_:54_3_0, ['lane_25_0', 'lane_:54_3_0']
8
Terminating Early!
Terminating episode
  Compiling Scenic module from D:\SIP2026\ACL-experiments\Metadrive\policy\scenarios\driver.scenic...
    Compiling Scenic module from D:\SIP2026\Scenic\src\scenic\simulators\metadrive\model.scenic...
      Compiling Scenic module from D:\SIP2026\Scenic\src\scenic\domains\driving\model.scenic...
        Compiling Scenic module from D:\SIP2026\Scenic\src\scenic\domains\driving\behaviors.scenic...
        Compiled Scenic module in 0.516 seconds.
      Loading cached version of road network...
      Loaded cached network in 0.16 seconds.
      Compiled Scenic module in 1.184 seconds.
    Compiled Scenic module in 1.399 seconds.
  Compiled Scenic module in 1.848 seconds.
  Pruning scenario...
  Pruned scenario in 0 seconds.
counted:  {'distractor_cars': 0}
[episode 9] PASSED: {'ego_on_intersection': 0, 'intersection_has_cars': 0, 'distractor_cars': 0, 'has_brake_checker': 0, 'intersection_cars': 0, 'has_cluster': 0, 'maximum_distractor_speed': 15, 'distance_to_nearest': 5, 'cluster_dist': 5, 'brake_dist': 55}
[episode 9] SCENE : {'ego_on_intersection': 0, 'intersection_has_cars': 0, 'distractor_cars': 0, 'has_brake_checker': 0, 'intersection_cars': 0, 'has_cluster': 0, 'maximum_distractor_speed': 15, 'distance_to_nearest': 5, 'cluster_dist': 5, 'brake_dist': 55, 'map': WindowsPath('D:/SIP2026/ACL-experiments/Metadrive/CARLA/Town01.xodr'), 'carla_map': 'Town01', 'use2DMap': True, 'map_options': {}, 'sumo_map': 'D:\\SIP2026\\ACL-experiments\\Metadrive\\CARLA\\Town01.net.xml', 'timestep': 0.1, 'render': 1, 'render3D': 0, 'real_time': 1, 'time_step': 0.1, 'verifaiSamplerType': 'halton', 'select_lane': <Lane at 0x279e6545990; uid="road21_lane1">}
[episode 9] params: {'ego_on_intersection': 0, 'intersection_has_cars': 0, 'distractor_cars': 0, 'has_brake_checker': 0, 'intersection_cars': 0, 'has_cluster': 0, 'maximum_distractor_speed': 15, 'distance_to_nearest': 5, 'cluster_dist': 5, 'brake_dist': 55, 'map': WindowsPath('D:/SIP2026/ACL-experiments/Metadrive/CARLA/Town01.xodr'), 'carla_map': 'Town01', 'use2DMap': True, 'map_options': {}, 'sumo_map': 'D:\\SIP2026\\ACL-experiments\\Metadrive\\CARLA\\Town01.net.xml', 'timestep': 0.1, 'render': 1, 'render3D': 0, 'real_time': 1, 'time_step': 0.1, 'verifaiSamplerType': 'halton', 'select_lane': <Lane at 0x279e6545990; uid="road21_lane1">}
Selected destination was: lane_:8.11_1_0, ['lane_:110_2_0', 'lane_2_0', 'lane_:54_4_0', 'lane_-25_0', 'lane_:332_1_0', 'lane_-10_0', 'lane_:222_4_0', 'lane_-17_0', 'lane_:278_1_0', 'lane_-18_0', 'lane_:194_1_0', 'lane_-19_0', 'lane_:143_1_0', 'lane_-7_0', 'lane_:7.14_1_0', 'lane_14_0', 'lane_:8.14_0_0', 'lane_-8_0', 'lane_:8.11_1_0']
9
Terminating Early!
Terminating episode
  Compiling Scenic module from D:\SIP2026\ACL-experiments\Metadrive\policy\scenarios\driver.scenic...
    Compiling Scenic module from D:\SIP2026\Scenic\src\scenic\simulators\metadrive\model.scenic...
      Compiling Scenic module from D:\SIP2026\Scenic\src\scenic\domains\driving\model.scenic...
        Compiling Scenic module from D:\SIP2026\Scenic\src\scenic\domains\driving\behaviors.scenic...
        Compiled Scenic module in 0.6956 seconds.
      Loading cached version of road network...
      Loaded cached network in 0.27 seconds.
      Compiled Scenic module in 2.15 seconds.
    Compiled Scenic module in 2.408 seconds.
  Compiled Scenic module in 3.094 seconds.
  Pruning scenario...
  Pruned scenario in 0 seconds.
counted:  {'distractor_cars': 12}
[episode 10] PASSED: {'ego_on_intersection': 0, 'intersection_has_cars': 0, 'distractor_cars': 12, 'has_brake_checker': 1, 'intersection_cars': 0, 'has_cluster': 0, 'maximum_distractor_speed': 5, 'distance_to_nearest': 10, 'cluster_dist': 10, 'brake_dist': 20}
[episode 10] SCENE : {'ego_on_intersection': 0, 'intersection_has_cars': 0, 'distractor_cars': 12, 'has_brake_checker': 1, 'intersection_cars': 0, 'has_cluster': 0, 'maximum_distractor_speed': 5, 'distance_to_nearest': 10, 'cluster_dist': 10, 'brake_dist': 20, 'map': WindowsPath('D:/SIP2026/ACL-experiments/Metadrive/CARLA/Town01.xodr'), 'carla_map': 'Town01', 'use2DMap': True, 'map_options': {}, 'sumo_map': 'D:\\SIP2026\\ACL-experiments\\Metadrive\\CARLA\\Town01.net.xml', 'timestep': 0.1, 'render': 1, 'render3D': 0, 'real_time': 1, 'time_step': 0.1, 'verifaiSamplerType': 'halton', 'select_lane': <Lane at 0x279dcdacd90; uid="road3_lane0">}
[episode 10] params: {'ego_on_intersection': 0, 'intersection_has_cars': 0, 'distractor_cars': 12, 'has_brake_checker': 1, 'intersection_cars': 0, 'has_cluster': 0, 'maximum_distractor_speed': 5, 'distance_to_nearest': 10, 'cluster_dist': 10, 'brake_dist': 20, 'map': WindowsPath('D:/SIP2026/ACL-experiments/Metadrive/CARLA/Town01.xodr'), 'carla_map': 'Town01', 'use2DMap': True, 'map_options': {}, 'sumo_map': 'D:\\SIP2026\\ACL-experiments\\Metadrive\\CARLA\\Town01.net.xml', 'timestep': 0.1, 'render': 1, 'render3D': 0, 'real_time': 1, 'time_step': 0.1, 'verifaiSamplerType': 'halton', 'select_lane': <Lane at 0x279dcdacd90; uid="road3_lane0">}
Selected destination was: lane_:278_2_0, ['lane_-3_0', 'lane_:3.13_0_0', 'lane_13_0', 'lane_:15.13_0_0', 'lane_-15_0', 'lane_:20.15_0_0', 'lane_20_0', 'lane_:5.20_1_0', 'lane_-5_0', 'lane_:87_2_0', 'lane_-6_0', 'lane_:143_5_0', 'lane_19_0', 'lane_:194_2_0', 'lane_18_0', 'lane_:278_2_0']
Selected destination was: lane_:26_6_0, ['lane_-3_0', 'lane_:3.13_0_0', 'lane_13_0', 'lane_:15.13_0_0', 'lane_-15_0', 'lane_:20.15_0_0', 'lane_20_0', 'lane_:5.20_1_0', 'lane_-5_0', 'lane_:87_2_0', 'lane_-6_0', 'lane_:143_4_0', 'lane_-7_0', 'lane_:7.14_1_0', 'lane_14_0', 'lane_:8.14_0_0', 'lane_-8_0', 'lane_:8.11_1_0', 'lane_11_0', 'lane_:11.0_0_0', 'lane_-0_0', 'lane_:26_1_0', 'lane_:26_6_0']
Selected destination was: lane_:87_4_0, ['lane_-3_0', 'lane_:3.13_0_0', 'lane_13_0', 'lane_:15.13_0_0', 'lane_-15_0', 'lane_:20.15_0_0', 'lane_20_0', 'lane_:5.20_1_0', 'lane_-5_0', 'lane_:87_2_0', 'lane_-6_0', 'lane_:143_5_0', 'lane_19_0', 'lane_:194_3_0', 'lane_12_0', 'lane_:255_1_0', 'lane_-24_0', 'lane_:87_4_0']
Selected destination was: lane_:26_1_0, ['lane_:278_1_0', 'lane_-18_0', 'lane_:194_1_0', 'lane_-19_0', 'lane_:143_1_0', 'lane_-7_0', 'lane_:7.14_1_0', 'lane_14_0', 'lane_:8.14_0_0', 'lane_-8_0', 'lane_:8.11_1_0', 'lane_11_0', 'lane_:11.0_0_0', 'lane_-0_0', 'lane_:26_1_0']
Selected destination was: lane_:332_6_0, ['lane_6_0', 'lane_:87_0_0', 'lane_24_0', 'lane_:255_3_0', 'lane_23_0', 'lane_:306_3_0', 'lane_22_0', 'lane_:171_2_0', 'lane_-9_0', 'lane_:332_5_0', 'lane_:332_6_0']
Selected destination was: lane_:5.20_1_0, ['lane_:222_4_0', 'lane_-17_0', 'lane_:278_0_0', 'lane_4_0', 'lane_:306_0_0', 'lane_22_0', 'lane_:171_3_0', 'lane_21_0', 'lane_:110_3_0', 'lane_-3_0', 'lane_:3.13_0_0', 'lane_13_0', 'lane_:15.13_0_0', 'lane_-15_0', 'lane_:20.15_0_0', 'lane_20_0', 'lane_:5.20_1_0']
Selected destination was: lane_:87_2_0, ['lane_:194_1_0', 'lane_-19_0', 'lane_:143_0_0', 'lane_6_0', 'lane_:87_0_0', 'lane_24_0', 'lane_:255_3_0', 'lane_23_0', 'lane_:306_3_0', 'lane_22_0', 'lane_:171_3_0', 'lane_21_0', 'lane_:110_3_0', 'lane_-3_0', 'lane_:3.13_0_0', 'lane_13_0', 'lane_:15.13_0_0', 'lane_-15_0', 'lane_:20.15_0_0', 'lane_20_0', 'lane_:5.20_1_0', 'lane_-5_0', 'lane_:87_2_0']
Selected destination was: lane_:278_6_0, ['lane_:143_0_0', 'lane_6_0', 'lane_:87_0_0', 'lane_24_0', 'lane_:255_2_0', 'lane_-12_0', 'lane_:194_5_0', 'lane_18_0', 'lane_:278_3_0', 'lane_:278_6_0']
Selected destination was: lane_:110_4_0, ['lane_:54_5_0', 'lane_1_0', 'lane_:26_4_0', 'lane_-16_0', 'lane_:222_1_0', 'lane_-17_0', 'lane_:278_0_0', 'lane_4_0', 'lane_:306_1_0', 'lane_-23_0', 'lane_:255_4_0', 'lane_-24_0', 'lane_:87_4_0', 'lane_5_0', 'lane_:5.20_0_0', 'lane_-20_0', 'lane_:20.15_1_0', 'lane_15_0', 'lane_:15.13_1_0', 'lane_-13_0', 'lane_:3.13_1_0', 'lane_3_0', 'lane_:110_4_0']
Selected destination was: lane_:3.13_1_0, ['lane_:194_0_0', 'lane_12_0', 'lane_:255_1_0', 'lane_-24_0', 'lane_:87_4_0', 'lane_5_0', 'lane_:5.20_0_0', 'lane_-20_0', 'lane_:20.15_1_0', 'lane_15_0', 'lane_:15.13_1_0', 'lane_-13_0', 'lane_:3.13_1_0']
Selected destination was: lane_:332_0_0, ['lane_:278_1_0', 'lane_-18_0', 'lane_:194_0_0', 'lane_12_0', 'lane_:255_0_0', 'lane_23_0', 'lane_:306_3_0', 'lane_22_0', 'lane_:171_3_0', 'lane_21_0', 'lane_:110_2_0', 'lane_2_0', 'lane_:54_4_0', 'lane_-25_0', 'lane_:332_0_0']
Selected destination was: lane_:5.20_0_0, ['lane_:222_4_0', 'lane_-17_0', 'lane_:278_0_0', 'lane_4_0', 'lane_:306_1_0', 'lane_-23_0', 'lane_:255_4_0', 'lane_-24_0', 'lane_:87_4_0', 'lane_5_0', 'lane_:5.20_0_0']
Selected destination was: lane_:255_5_0, ['lane_23_0', 'lane_:306_2_0', 'lane_-4_0', 'lane_:278_5_0', 'lane_17_0', 'lane_:222_3_0', 'lane_10_0', 'lane_:332_3_0', 'lane_9_0', 'lane_:171_1_0', 'lane_-22_0', 'lane_:306_4_0', 'lane_-23_0', 'lane_:255_5_0']
Selected destination was: lane_:194_6_0, ['lane_:87_3_0', 'lane_24_0', 'lane_:255_2_0', 'lane_-12_0', 'lane_:194_5_0', 'lane_18_0', 'lane_:278_3_0', 'lane_4_0', 'lane_:306_1_0', 'lane_-23_0', 'lane_:255_4_0', 'lane_-24_0', 'lane_:87_5_0', 'lane_-6_0', 'lane_:143_5_0', 'lane_19_0', 'lane_:194_3_0', 'lane_:194_6_0']
10
Terminating Early!
Terminating episode
Counts: {'crossovers': 0, 'mutations': 0, 'replays': 0, 'generations': 10, 'param_failures': 0, 'scenario_failures': 0, 'generation_failures': 0}

=== Buffer state | total scenes: 10 ===
  cat 0 (feature_num<=1): n=2/100, pvl min=0.215 mean=0.220 max=0.226, samples_drawn=0
  cat 1 (feature_num<=2): n=2/100, pvl min=0.114 mean=0.117 max=0.121, samples_drawn=0
  cat 2 (feature_num<=3): n=1/100, pvl min=0.224 mean=0.224 max=0.224, samples_drawn=0
  cat 3 (feature_num<=5): n=2/100, pvl min=0.146 mean=0.488 max=0.829, samples_drawn=0
  cat 4 (feature_num<=8): n=1/100, pvl min=0.151 mean=0.151 max=0.151, samples_drawn=0
  cat 5 (feature_num<=12): n=1/100, pvl min=0.184 mean=0.184 max=0.184, samples_drawn=0
  cat 6 (feature_num<=18): n=1/100, pvl min=0.256 mean=0.256 max=0.256, samples_drawn=0
=== Value distribution (all categories) ===
  ego_on_intersection: {0: 7, 1: 3}
  intersection_has_cars: {0: 8, 1: 2}
  distractor_cars: {0: 2, 2: 2, 3: 1, 4: 1, 5: 1, 8: 1, 12: 1, 18: 1}
  has_brake_checker: {0: 3, 1: 7}
  intersection_cars: {0: 3, 1: 1, 2: 2, 3: 4}
  has_cluster: {0: 3, 1: 7}
  maximum_distractor_speed: {5: 2, 15: 2, 20: 6}
  distance_to_nearest: {5: 2, 10: 2, 20: 3, 40: 3}
  cluster_dist: {5: 6, 10: 3, 15: 1}
  brake_dist: {10: 1, 20: 3, 35: 2, 55: 4}
  Compiling Scenic module from D:\SIP2026\ACL-experiments\Metadrive\policy\scenarios\driver.scenic...
    Compiling Scenic module from D:\SIP2026\Scenic\src\scenic\simulators\metadrive\model.scenic...
      Compiling Scenic module from D:\SIP2026\Scenic\src\scenic\domains\driving\model.scenic...
        Compiling Scenic module from D:\SIP2026\Scenic\src\scenic\domains\driving\behaviors.scenic...
        Compiled Scenic module in 0.7164 seconds.
      Loading cached version of road network...
      Loaded cached network in 0.80 seconds.
      Compiled Scenic module in 2.118 seconds.
    Compiled Scenic module in 2.358 seconds.
  Compiled Scenic module in 3.011 seconds.
  Pruning scenario...
  Pruned scenario in 0 seconds.
counted:  {'distractor_cars': 4}
[episode 11] PASSED: {'ego_on_intersection': 0, 'intersection_has_cars': 0, 'distractor_cars': 4, 'has_brake_checker': 1, 'intersection_cars': 0, 'has_cluster': 1, 'maximum_distractor_speed': 15, 'distance_to_nearest': 5, 'cluster_dist': 10, 'brake_dist': 35}
[episode 11] SCENE : {'ego_on_intersection': 0, 'intersection_has_cars': 0, 'distractor_cars': 4, 'has_brake_checker': 1, 'intersection_cars': 0, 'has_cluster': 1, 'maximum_distractor_speed': 15, 'distance_to_nearest': 5, 'cluster_dist': 10, 'brake_dist': 35, 'map': WindowsPath('D:/SIP2026/ACL-experiments/Metadrive/CARLA/Town01.xodr'), 'carla_map': 'Town01', 'use2DMap': True, 'map_options': {}, 'sumo_map': 'D:\\SIP2026\\ACL-experiments\\Metadrive\\CARLA\\Town01.net.xml', 'timestep': 0.1, 'render': 1, 'render3D': 0, 'real_time': 1, 'time_step': 0.1, 'verifaiSamplerType': 'halton', 'select_lane': <Lane at 0x279efc27910; uid="road61_lane0">}
[episode 11] params: {'ego_on_intersection': 0, 'intersection_has_cars': 0, 'distractor_cars': 4, 'has_brake_checker': 1, 'intersection_cars': 0, 'has_cluster': 1, 'maximum_distractor_speed': 15, 'distance_to_nearest': 5, 'cluster_dist': 10, 'brake_dist': 35, 'map': WindowsPath('D:/SIP2026/ACL-experiments/Metadrive/CARLA/Town01.xodr'), 'carla_map': 'Town01', 'use2DMap': True, 'map_options': {}, 'sumo_map': 'D:\\SIP2026\\ACL-experiments\\Metadrive\\CARLA\\Town01.net.xml', 'timestep': 0.1, 'render': 1, 'render3D': 0, 'real_time': 1, 'time_step': 0.1, 'verifaiSamplerType': 'halton', 'select_lane': <Lane at 0x279efc27910; uid="road61_lane0">}
Selected destination was: lane_-13_0, ['lane_:54_4_0', 'lane_-25_0', 'lane_:332_0_0', 'lane_9_0', 'lane_:171_1_0', 'lane_-22_0', 'lane_:306_4_0', 'lane_-23_0', 'lane_:255_4_0', 'lane_-24_0', 'lane_:87_4_0', 'lane_5_0', 'lane_:5.20_0_0', 'lane_-20_0', 'lane_:20.15_1_0', 'lane_15_0', 'lane_:15.13_1_0', 'lane_-13_0']
Selected destination was: lane_:110_3_0, ['lane_1_0', 'lane_:26_4_0', 'lane_-16_0', 'lane_:222_0_0', 'lane_10_0', 'lane_:332_3_0', 'lane_9_0', 'lane_:171_0_0', 'lane_21_0', 'lane_:110_3_0']
Selected destination was: lane_:306_3_0, ['lane_:54_5_0', 'lane_1_0', 'lane_:26_4_0', 'lane_-16_0', 'lane_:222_1_0', 'lane_-17_0', 'lane_:278_1_0', 'lane_-18_0', 'lane_:194_0_0', 'lane_12_0', 'lane_:255_0_0', 'lane_23_0', 'lane_:306_3_0']
Selected destination was: lane_:143_6_0, ['lane_1_0', 'lane_:26_4_0', 'lane_-16_0', 'lane_:222_1_0', 'lane_-17_0', 'lane_:278_0_0', 'lane_4_0', 'lane_:306_1_0', 'lane_-23_0', 'lane_:255_4_0', 'lane_-24_0', 'lane_:87_5_0', 'lane_-6_0', 'lane_:143_5_0', 'lane_:143_6_0']
Selected destination was: lane_:332_3_0, ['lane_:110_1_0', 'lane_-21_0', 'lane_:171_4_0', 'lane_-22_0', 'lane_:306_5_0', 'lane_-4_0', 'lane_:278_5_0', 'lane_17_0', 'lane_:222_3_0', 'lane_10_0', 'lane_:332_3_0']
Selected destination was: lane_:306_2_0, ['lane_-18_0', 'lane_:194_0_0', 'lane_12_0', 'lane_:255_0_0', 'lane_23_0', 'lane_:306_2_0']
11
SPS: 34
Terminating Early!
Terminating episode
  Compiling Scenic module from D:\SIP2026\ACL-experiments\Metadrive\policy\scenarios\driver.scenic...
    Compiling Scenic module from D:\SIP2026\Scenic\src\scenic\simulators\metadrive\model.scenic...
      Compiling Scenic module from D:\SIP2026\Scenic\src\scenic\domains\driving\model.scenic...
        Compiling Scenic module from D:\SIP2026\Scenic\src\scenic\domains\driving\behaviors.scenic...
        Compiled Scenic module in 0.365 seconds.
      Loading cached version of road network...
      Loaded cached network in 0.14 seconds.
      Compiled Scenic module in 0.807 seconds.
    Compiled Scenic module in 0.9306 seconds.
  Compiled Scenic module in 1.37 seconds.
  Pruning scenario...
  Pruned scenario in 0 seconds.
counted:  {'distractor_cars': 4}
[episode 12] PASSED: {'ego_on_intersection': 1, 'intersection_has_cars': 1, 'distractor_cars': 4, 'has_brake_checker': 1, 'intersection_cars': 0, 'has_cluster': 0, 'maximum_distractor_speed': 5, 'distance_to_nearest': 5, 'cluster_dist': 5, 'brake_dist': 35}
[episode 12] SCENE : {'ego_on_intersection': 1, 'intersection_has_cars': 1, 'distractor_cars': 4, 'has_brake_checker': 1, 'intersection_cars': 0, 'has_cluster': 0, 'maximum_distractor_speed': 5, 'distance_to_nearest': 5, 'cluster_dist': 5, 'brake_dist': 35, 'map': WindowsPath('D:/SIP2026/ACL-experiments/Metadrive/CARLA/Town01.xodr'), 'carla_map': 'Town01', 'use2DMap': True, 'map_options': {}, 'sumo_map': 'D:\\SIP2026\\ACL-experiments\\Metadrive\\CARLA\\Town01.net.xml', 'timestep': 0.1, 'render': 1, 'render3D': 0, 'real_time': 1, 'time_step': 0.1, 'verifaiSamplerType': 'halton', 'select_lane': <Lane at 0x279f2133a90; uid="road330_lane0">}
[episode 12] params: {'ego_on_intersection': 1, 'intersection_has_cars': 1, 'distractor_cars': 4, 'has_brake_checker': 1, 'intersection_cars': 0, 'has_cluster': 0, 'maximum_distractor_speed': 5, 'distance_to_nearest': 5, 'cluster_dist': 5, 'brake_dist': 35, 'map': WindowsPath('D:/SIP2026/ACL-experiments/Metadrive/CARLA/Town01.xodr'), 'carla_map': 'Town01', 'use2DMap': True, 'map_options': {}, 'sumo_map': 'D:\\SIP2026\\ACL-experiments\\Metadrive\\CARLA\\Town01.net.xml', 'timestep': 0.1, 'render': 1, 'render3D': 0, 'real_time': 1, 'time_step': 0.1, 'verifaiSamplerType': 'halton', 'select_lane': <Lane at 0x279f2133a90; uid="road330_lane0">}
Selected destination was: lane_:15.13_1_0, ['lane_-5_0', 'lane_:87_2_0', 'lane_-6_0', 'lane_:143_5_0', 'lane_19_0', 'lane_:194_3_0', 'lane_12_0', 'lane_:255_1_0', 'lane_-24_0', 'lane_:87_4_0', 'lane_5_0', 'lane_:5.20_0_0', 'lane_-20_0', 'lane_:20.15_1_0', 'lane_15_0', 'lane_:15.13_1_0']
Selected destination was: lane_22_0, ['lane_-6_0', 'lane_:143_5_0', 'lane_19_0', 'lane_:194_2_0', 'lane_18_0', 'lane_:278_3_0', 'lane_4_0', 'lane_:306_0_0', 'lane_22_0']
Selected destination was: lane_25_0, ['lane_:87_2_0', 'lane_-6_0', 'lane_:143_5_0', 'lane_19_0', 'lane_:194_2_0', 'lane_18_0', 'lane_:278_2_0', 'lane_17_0', 'lane_:222_3_0', 'lane_10_0', 'lane_:332_2_0', 'lane_25_0']
Selected destination was: lane_8_0, ['lane_:26_5_0', 'lane_0_0', 'lane_:11.0_1_0', 'lane_-11_0', 'lane_:8.11_0_0', 'lane_8_0']
Selected destination was: lane_:87_0_0, ['lane_:54_6_0', 'lane_-25_0', 'lane_:332_1_0', 'lane_-10_0', 'lane_:222_4_0', 'lane_-17_0', 'lane_:278_1_0', 'lane_-18_0', 'lane_:194_1_0', 'lane_-19_0', 'lane_:143_0_0', 'lane_6_0', 'lane_:87_0_0']
Selected destination was: lane_:255_2_0, ['lane_:26_2_0', 'lane_0_0', 'lane_:11.0_1_0', 'lane_-11_0', 'lane_:8.11_0_0', 'lane_8_0', 'lane_:8.14_1_0', 'lane_-14_0', 'lane_:7.14_0_0', 'lane_7_0', 'lane_:143_3_0', 'lane_6_0', 'lane_:87_0_0', 'lane_24_0', 'lane_:255_2_0']
12
Terminating Early!
Terminating episode
  Compiling Scenic module from D:\SIP2026\ACL-experiments\Metadrive\policy\scenarios\driver.scenic...
    Compiling Scenic module from D:\SIP2026\Scenic\src\scenic\simulators\metadrive\model.scenic...
      Compiling Scenic module from D:\SIP2026\Scenic\src\scenic\domains\driving\model.scenic...
        Compiling Scenic module from D:\SIP2026\Scenic\src\scenic\domains\driving\behaviors.scenic...
        Compiled Scenic module in 0.9633 seconds.
      Loading cached version of road network...
      Loaded cached network in 0.31 seconds.
      Compiled Scenic module in 2.047 seconds.
    Compiled Scenic module in 3.368 seconds.
  Compiled Scenic module in 4.316 seconds.
  Pruning scenario...
  Pruned scenario in 0 seconds.
counted:  {'distractor_cars': 18}
[episode 13] PASSED: {'ego_on_intersection': 1, 'intersection_has_cars': 1, 'distractor_cars': 18, 'has_brake_checker': 0, 'intersection_cars': 2, 'has_cluster': 0, 'maximum_distractor_speed': 10, 'distance_to_nearest': 40, 'cluster_dist': 5, 'brake_dist': 10}
[episode 13] SCENE : {'ego_on_intersection': 1, 'intersection_has_cars': 1, 'distractor_cars': 18, 'has_brake_checker': 0, 'intersection_cars': 2, 'has_cluster': 0, 'maximum_distractor_speed': 10, 'distance_to_nearest': 40, 'cluster_dist': 5, 'brake_dist': 10, 'map': WindowsPath('D:/SIP2026/ACL-experiments/Metadrive/CARLA/Town01.xodr'), 'carla_map': 'Town01', 'use2DMap': True, 'map_options': {}, 'sumo_map': 'D:\\SIP2026\\ACL-experiments\\Metadrive\\CARLA\\Town01.net.xml', 'timestep': 0.1, 'render': 1, 'render3D': 0, 'real_time': 1, 'time_step': 0.1, 'verifaiSamplerType': 'halton', 'select_lane': <Lane at 0x279e5f81a20; uid="road33_lane0">}
[episode 13] params: {'ego_on_intersection': 1, 'intersection_has_cars': 1, 'distractor_cars': 18, 'has_brake_checker': 0, 'intersection_cars': 2, 'has_cluster': 0, 'maximum_distractor_speed': 10, 'distance_to_nearest': 40, 'cluster_dist': 5, 'brake_dist': 10, 'map': WindowsPath('D:/SIP2026/ACL-experiments/Metadrive/CARLA/Town01.xodr'), 'carla_map': 'Town01', 'use2DMap': True, 'map_options': {}, 'sumo_map': 'D:\\SIP2026\\ACL-experiments\\Metadrive\\CARLA\\Town01.net.xml', 'timestep': 0.1, 'render': 1, 'render3D': 0, 'real_time': 1, 'time_step': 0.1, 'verifaiSamplerType': 'halton', 'select_lane': <Lane at 0x279e5f81a20; uid="road33_lane0">}
Selected destination was: lane_:11.0_0_0, ['lane_:255_4_0', 'lane_-24_0', 'lane_:87_5_0', 'lane_-6_0', 'lane_:143_4_0', 'lane_-7_0', 'lane_:7.14_1_0', 'lane_14_0', 'lane_:8.14_0_0', 'lane_-8_0', 'lane_:8.11_1_0', 'lane_11_0', 'lane_:11.0_0_0']
Selected destination was: lane_6_0, ['lane_2_0', 'lane_:54_4_0', 'lane_-25_0', 'lane_:332_1_0', 'lane_-10_0', 'lane_:222_4_0', 'lane_-17_0', 'lane_:278_1_0', 'lane_-18_0', 'lane_:194_1_0', 'lane_-19_0', 'lane_:143_0_0', 'lane_6_0']
Selected destination was: lane_1_0, ['lane_:54_4_0', 'lane_-25_0', 'lane_:332_0_0', 'lane_9_0', 'lane_:171_0_0', 'lane_21_0', 'lane_:110_2_0', 'lane_2_0', 'lane_:54_5_0', 'lane_1_0']
Selected destination was: lane_:20.15_1_0, ['lane_-24_0', 'lane_:87_4_0', 'lane_5_0', 'lane_:5.20_0_0', 'lane_-20_0', 'lane_:20.15_1_0']
Selected destination was: lane_:255_4_0, ['lane_:54_3_0', 'lane_-2_0', 'lane_:110_1_0', 'lane_-21_0', 'lane_:171_4_0', 'lane_-22_0', 'lane_:306_4_0', 'lane_-23_0', 'lane_:255_4_0']
Selected destination was: lane_:87_6_0, ['lane_:87_2_0', 'lane_-6_0', 'lane_:143_5_0', 'lane_19_0', 'lane_:194_2_0', 'lane_18_0', 'lane_:278_3_0', 'lane_4_0', 'lane_:306_0_0', 'lane_22_0', 'lane_:171_3_0', 'lane_21_0', 'lane_:110_3_0', 'lane_-3_0', 'lane_:3.13_0_0', 'lane_13_0', 'lane_:15.13_0_0', 'lane_-15_0', 'lane_:20.15_0_0', 'lane_20_0', 'lane_:5.20_1_0', 'lane_-5_0', 'lane_:87_3_0', 'lane_:87_6_0']
Selected destination was: lane_:11.0_0_0, ['lane_-2_0', 'lane_:110_1_0', 'lane_-21_0', 'lane_:171_4_0', 'lane_-22_0', 'lane_:306_4_0', 'lane_-23_0', 'lane_:255_4_0', 'lane_-24_0', 'lane_:87_5_0', 'lane_-6_0', 'lane_:143_4_0', 'lane_-7_0', 'lane_:7.14_1_0', 'lane_14_0', 'lane_:8.14_0_0', 'lane_-8_0', 'lane_:8.11_1_0', 'lane_11_0', 'lane_:11.0_0_0']
Selected destination was: lane_:255_5_0, ['lane_:222_4_0', 'lane_-17_0', 'lane_:278_0_0', 'lane_4_0', 'lane_:306_1_0', 'lane_-23_0', 'lane_:255_5_0']
Selected destination was: lane_:110_6_0, ['lane_19_0', 'lane_:194_2_0', 'lane_18_0', 'lane_:278_2_0', 'lane_17_0', 'lane_:222_2_0', 'lane_16_0', 'lane_:26_3_0', 'lane_-1_0', 'lane_:54_0_0', 'lane_-2_0', 'lane_:110_1_0', 'lane_:110_6_0']
Selected destination was: lane_:306_3_0, ['lane_22_0', 'lane_:171_2_0', 'lane_-9_0', 'lane_:332_4_0', 'lane_-10_0', 'lane_:222_4_0', 'lane_-17_0', 'lane_:278_1_0', 'lane_-18_0', 'lane_:194_0_0', 'lane_12_0', 'lane_:255_0_0', 'lane_23_0', 'lane_:306_3_0']
Selected destination was: lane_:87_0_0, ['lane_-14_0', 'lane_:7.14_0_0', 'lane_7_0', 'lane_:143_3_0', 'lane_6_0', 'lane_:87_0_0']
Selected destination was: lane_:278_0_0, ['lane_:87_4_0', 'lane_5_0', 'lane_:5.20_0_0', 'lane_-20_0', 'lane_:20.15_1_0', 'lane_15_0', 'lane_:15.13_1_0', 'lane_-13_0', 'lane_:3.13_1_0', 'lane_3_0', 'lane_:110_4_0', 'lane_-21_0', 'lane_:171_5_0', 'lane_-9_0', 'lane_:332_4_0', 'lane_-10_0', 'lane_:222_4_0', 'lane_-17_0', 'lane_:278_0_0']
Selected destination was: lane_-12_0, ['lane_:332_4_0', 'lane_-10_0', 'lane_:222_4_0', 'lane_-17_0', 'lane_:278_0_0', 'lane_4_0', 'lane_:306_1_0', 'lane_-23_0', 'lane_:255_5_0', 'lane_-12_0']
Selected destination was: lane_:26_0_0, ['lane_:87_4_0', 'lane_5_0', 'lane_:5.20_0_0', 'lane_-20_0', 'lane_:20.15_1_0', 'lane_15_0', 'lane_:15.13_1_0', 'lane_-13_0', 'lane_:3.13_1_0', 'lane_3_0', 'lane_:110_4_0', 'lane_-21_0', 'lane_:171_4_0', 'lane_-22_0', 'lane_:306_4_0', 'lane_-23_0', 'lane_:255_4_0', 'lane_-24_0', 'lane_:87_5_0', 'lane_-6_0', 'lane_:143_4_0', 'lane_-7_0', 'lane_:7.14_1_0', 'lane_14_0', 'lane_:8.14_0_0', 'lane_-8_0', 'lane_:8.11_1_0', 'lane_11_0', 'lane_:11.0_0_0', 'lane_-0_0', 'lane_:26_0_0']
Selected destination was: lane_:3.13_0_0, ['lane_:143_1_0', 'lane_-7_0', 'lane_:7.14_1_0', 'lane_14_0', 'lane_:8.14_0_0', 'lane_-8_0', 'lane_:8.11_1_0', 'lane_11_0', 'lane_:11.0_0_0', 'lane_-0_0', 'lane_:26_0_0', 'lane_-1_0', 'lane_:54_0_0', 'lane_-2_0', 'lane_:110_0_0', 'lane_-3_0', 'lane_:3.13_0_0']
Selected destination was: lane_-15_0, ['lane_:332_2_0', 'lane_25_0', 'lane_:54_3_0', 'lane_-2_0', 'lane_:110_0_0', 'lane_-3_0', 'lane_:3.13_0_0', 'lane_13_0', 'lane_:15.13_0_0', 'lane_-15_0']
Selected destination was: lane_8_0, ['lane_1_0', 'lane_:26_5_0', 'lane_0_0', 'lane_:11.0_1_0', 'lane_-11_0', 'lane_:8.11_0_0', 'lane_8_0']
Selected destination was: lane_:26_2_0, ['lane_-18_0', 'lane_:194_0_0', 'lane_12_0', 'lane_:255_0_0', 'lane_23_0', 'lane_:306_2_0', 'lane_-4_0', 'lane_:278_5_0', 'lane_17_0', 'lane_:222_2_0', 'lane_16_0', 'lane_:26_2_0']
Selected destination was: lane_-14_0, ['lane_:194_0_0', 'lane_12_0', 'lane_:255_0_0', 'lane_23_0', 'lane_:306_2_0', 'lane_-4_0', 'lane_:278_5_0', 'lane_17_0', 'lane_:222_2_0', 'lane_16_0', 'lane_:26_2_0', 'lane_0_0', 'lane_:11.0_1_0', 'lane_-11_0', 'lane_:8.11_0_0', 'lane_8_0', 'lane_:8.14_1_0', 'lane_-14_0']
13
Terminating Early!
Terminating episode
  Compiling Scenic module from D:\SIP2026\ACL-experiments\Metadrive\policy\scenarios\driver.scenic...
    Compiling Scenic module from D:\SIP2026\Scenic\src\scenic\simulators\metadrive\model.scenic...
      Compiling Scenic module from D:\SIP2026\Scenic\src\scenic\domains\driving\model.scenic...
        Compiling Scenic module from D:\SIP2026\Scenic\src\scenic\domains\driving\behaviors.scenic...
        Compiled Scenic module in 0.956 seconds.
      Loading cached version of road network...
      Loaded cached network in 1.13 seconds.
      Compiled Scenic module in 3.024 seconds.
    Compiled Scenic module in 3.311 seconds.
  Compiled Scenic module in 4.11 seconds.
  Pruning scenario...
  Pruned scenario in 0 seconds.
counted:  {'distractor_cars': 18}
[episode 14] PASSED: {'ego_on_intersection': 0, 'intersection_has_cars': 0, 'distractor_cars': 18, 'has_brake_checker': 1, 'intersection_cars': 0, 'has_cluster': 0, 'maximum_distractor_speed': 10, 'distance_to_nearest': 10, 'cluster_dist': 10, 'brake_dist': 20}
[episode 14] SCENE : {'ego_on_intersection': 0, 'intersection_has_cars': 0, 'distractor_cars': 18, 'has_brake_checker': 1, 'intersection_cars': 0, 'has_cluster': 0, 'maximum_distractor_speed': 10, 'distance_to_nearest': 10, 'cluster_dist': 10, 'brake_dist': 20, 'map': WindowsPath('D:/SIP2026/ACL-experiments/Metadrive/CARLA/Town01.xodr'), 'carla_map': 'Town01', 'use2DMap': True, 'map_options': {}, 'sumo_map': 'D:\\SIP2026\\ACL-experiments\\Metadrive\\CARLA\\Town01.net.xml', 'timestep': 0.1, 'render': 1, 'render3D': 0, 'real_time': 1, 'time_step': 0.1, 'verifaiSamplerType': 'halton', 'select_lane': <Lane at 0x279f4915cf0; uid="road6_lane1">}
[episode 14] params: {'ego_on_intersection': 0, 'intersection_has_cars': 0, 'distractor_cars': 18, 'has_brake_checker': 1, 'intersection_cars': 0, 'has_cluster': 0, 'maximum_distractor_speed': 10, 'distance_to_nearest': 10, 'cluster_dist': 10, 'brake_dist': 20, 'map': WindowsPath('D:/SIP2026/ACL-experiments/Metadrive/CARLA/Town01.xodr'), 'carla_map': 'Town01', 'use2DMap': True, 'map_options': {}, 'sumo_map': 'D:\\SIP2026\\ACL-experiments\\Metadrive\\CARLA\\Town01.net.xml', 'timestep': 0.1, 'render': 1, 'render3D': 0, 'real_time': 1, 'time_step': 0.1, 'verifaiSamplerType': 'halton', 'select_lane': <Lane at 0x279f4915cf0; uid="road6_lane1">}
Selected destination was: lane_:255_3_0, ['lane_6_0', 'lane_:87_0_0', 'lane_24_0', 'lane_:255_3_0']
Selected destination was: lane_-16_0, ['lane_6_0', 'lane_:87_0_0', 'lane_24_0', 'lane_:255_3_0', 'lane_23_0', 'lane_:306_3_0', 'lane_22_0', 'lane_:171_2_0', 'lane_-9_0', 'lane_:332_5_0', 'lane_25_0', 'lane_:54_2_0', 'lane_1_0', 'lane_:26_4_0', 'lane_-16_0']
Selected destination was: lane_:87_1_0, ['lane_6_0', 'lane_:87_1_0']
Selected destination was: lane_:87_2_0, ['lane_17_0', 'lane_:222_2_0', 'lane_16_0', 'lane_:26_3_0', 'lane_-1_0', 'lane_:54_0_0', 'lane_-2_0', 'lane_:110_0_0', 'lane_-3_0', 'lane_:3.13_0_0', 'lane_13_0', 'lane_:15.13_0_0', 'lane_-15_0', 'lane_:20.15_0_0', 'lane_20_0', 'lane_:5.20_1_0', 'lane_-5_0', 'lane_:87_2_0']
Selected destination was: lane_:110_4_0, ['lane_:87_5_0', 'lane_-6_0', 'lane_:143_5_0', 'lane_19_0', 'lane_:194_3_0', 'lane_12_0', 'lane_:255_1_0', 'lane_-24_0', 'lane_:87_4_0', 'lane_5_0', 'lane_:5.20_0_0', 'lane_-20_0', 'lane_:20.15_1_0', 'lane_15_0', 'lane_:15.13_1_0', 'lane_-13_0', 'lane_:3.13_1_0', 'lane_3_0', 'lane_:110_4_0']
Selected destination was: lane_:255_1_0, ['lane_:26_3_0', 'lane_-1_0', 'lane_:54_1_0', 'lane_-25_0', 'lane_:332_1_0', 'lane_-10_0', 'lane_:222_4_0', 'lane_-17_0', 'lane_:278_1_0', 'lane_-18_0', 'lane_:194_0_0', 'lane_12_0', 'lane_:255_1_0']
Selected destination was: lane_:255_5_0, ['lane_:332_3_0', 'lane_9_0', 'lane_:171_1_0', 'lane_-22_0', 'lane_:306_4_0', 'lane_-23_0', 'lane_:255_5_0']
Selected destination was: lane_:8.14_0_0, ['lane_:306_3_0', 'lane_22_0', 'lane_:171_2_0', 'lane_-9_0', 'lane_:332_4_0', 'lane_-10_0', 'lane_:222_4_0', 'lane_-17_0', 'lane_:278_1_0', 'lane_-18_0', 'lane_:194_1_0', 'lane_-19_0', 'lane_:143_1_0', 'lane_-7_0', 'lane_:7.14_1_0', 'lane_14_0', 'lane_:8.14_0_0']
Selected destination was: lane_-4_0, ['lane_-0_0', 'lane_:26_0_0', 'lane_-1_0', 'lane_:54_0_0', 'lane_-2_0', 'lane_:110_1_0', 'lane_-21_0', 'lane_:171_4_0', 'lane_-22_0', 'lane_:306_5_0', 'lane_-4_0']
Selected destination was: lane_-21_0, ['lane_20_0', 'lane_:5.20_1_0', 'lane_-5_0', 'lane_:87_3_0', 'lane_24_0', 'lane_:255_3_0', 'lane_23_0', 'lane_:306_3_0', 'lane_22_0', 'lane_:171_2_0', 'lane_-9_0', 'lane_:332_5_0', 'lane_25_0', 'lane_:54_3_0', 'lane_-2_0', 'lane_:110_1_0', 'lane_-21_0']
Selected destination was: lane_2_0, ['lane_:87_0_0', 'lane_24_0', 'lane_:255_3_0', 'lane_23_0', 'lane_:306_3_0', 'lane_22_0', 'lane_:171_3_0', 'lane_21_0', 'lane_:110_2_0', 'lane_2_0']
Selected destination was: lane_:26_1_0, ['lane_:332_5_0', 'lane_25_0', 'lane_:54_2_0', 'lane_1_0', 'lane_:26_4_0', 'lane_-16_0', 'lane_:222_1_0', 'lane_-17_0', 'lane_:278_1_0', 'lane_-18_0', 'lane_:194_1_0', 'lane_-19_0', 'lane_:143_1_0', 'lane_-7_0', 'lane_:7.14_1_0', 'lane_14_0', 'lane_:8.14_0_0', 'lane_-8_0', 'lane_:8.11_1_0', 'lane_11_0', 'lane_:11.0_0_0', 'lane_-0_0', 'lane_:26_1_0']
Selected destination was: lane_:194_5_0, ['lane_25_0', 'lane_:54_3_0', 'lane_-2_0', 'lane_:110_1_0', 'lane_-21_0', 'lane_:171_4_0', 'lane_-22_0', 'lane_:306_4_0', 'lane_-23_0', 'lane_:255_5_0', 'lane_-12_0', 'lane_:194_5_0']
Selected destination was: lane_:54_6_0, ['lane_:5.20_1_0', 'lane_-5_0', 'lane_:87_2_0', 'lane_-6_0', 'lane_:143_5_0', 'lane_19_0', 'lane_:194_2_0', 'lane_18_0', 'lane_:278_2_0', 'lane_17_0', 'lane_:222_2_0', 'lane_16_0', 'lane_:26_3_0', 'lane_-1_0', 'lane_:54_1_0', 'lane_:54_6_0']
Selected destination was: lane_:110_6_0, ['lane_:332_3_0', 'lane_9_0', 'lane_:171_1_0', 'lane_-22_0', 'lane_:306_5_0', 'lane_-4_0', 'lane_:278_5_0', 'lane_17_0', 'lane_:222_2_0', 'lane_16_0', 'lane_:26_3_0', 'lane_-1_0', 'lane_:54_0_0', 'lane_-2_0', 'lane_:110_1_0', 'lane_:110_6_0']
Selected destination was: lane_-17_0, ['lane_:332_0_0', 'lane_9_0', 'lane_:171_0_0', 'lane_21_0', 'lane_:110_2_0', 'lane_2_0', 'lane_:54_4_0', 'lane_-25_0', 'lane_:332_1_0', 'lane_-10_0', 'lane_:222_4_0', 'lane_-17_0']
Selected destination was: lane_:278_1_0, ['lane_2_0', 'lane_:54_4_0', 'lane_-25_0', 'lane_:332_1_0', 'lane_-10_0', 'lane_:222_4_0', 'lane_-17_0', 'lane_:278_1_0']
Selected destination was: lane_-2_0, ['lane_:26_2_0', 'lane_0_0', 'lane_:11.0_1_0', 'lane_-11_0', 'lane_:8.11_0_0', 'lane_8_0', 'lane_:8.14_1_0', 'lane_-14_0', 'lane_:7.14_0_0', 'lane_7_0', 'lane_:143_2_0', 'lane_19_0', 'lane_:194_2_0', 'lane_18_0', 'lane_:278_2_0', 'lane_17_0', 'lane_:222_2_0', 'lane_16_0', 'lane_:26_3_0', 'lane_-1_0', 'lane_:54_0_0', 'lane_-2_0']
Selected destination was: lane_:5.20_1_0, ['lane_:87_4_0', 'lane_5_0', 'lane_:5.20_0_0', 'lane_-20_0', 'lane_:20.15_1_0', 'lane_15_0', 'lane_:15.13_1_0', 'lane_-13_0', 'lane_:3.13_1_0', 'lane_3_0', 'lane_:110_4_0', 'lane_-21_0', 'lane_:171_5_0', 'lane_-9_0', 'lane_:332_5_0', 'lane_25_0', 'lane_:54_3_0', 'lane_-2_0', 'lane_:110_0_0', 'lane_-3_0', 'lane_:3.13_0_0', 'lane_13_0', 'lane_:15.13_0_0', 'lane_-15_0', 'lane_:20.15_0_0', 'lane_20_0', 'lane_:5.20_1_0']
Selected destination was: lane_-15_0, ['lane_-11_0', 'lane_:8.11_0_0', 'lane_8_0', 'lane_:8.14_1_0', 'lane_-14_0', 'lane_:7.14_0_0', 'lane_7_0', 'lane_:143_2_0', 'lane_19_0', 'lane_:194_2_0', 'lane_18_0', 'lane_:278_3_0', 'lane_4_0', 'lane_:306_0_0', 'lane_22_0', 'lane_:171_3_0', 'lane_21_0', 'lane_:110_3_0', 'lane_-3_0', 'lane_:3.13_0_0', 'lane_13_0', 'lane_:15.13_0_0', 'lane_-15_0']
14
SPS: 29
Terminating Early!
Terminating episode
  Compiling Scenic module from D:\SIP2026\ACL-experiments\Metadrive\policy\scenarios\driver.scenic...
    Compiling Scenic module from D:\SIP2026\Scenic\src\scenic\simulators\metadrive\model.scenic...
      Compiling Scenic module from D:\SIP2026\Scenic\src\scenic\domains\driving\model.scenic...
        Compiling Scenic module from D:\SIP2026\Scenic\src\scenic\domains\driving\behaviors.scenic...
        Compiled Scenic module in 0.6005 seconds.
      Loading cached version of road network...
      Loaded cached network in 0.19 seconds.
      Compiled Scenic module in 1.283 seconds.
    Compiled Scenic module in 1.466 seconds.
  Compiled Scenic module in 2.016 seconds.
  Pruning scenario...
  Pruned scenario in 0 seconds.
counted:  {'distractor_cars': 18}
[episode 15] PASSED: {'ego_on_intersection': 0, 'intersection_has_cars': 0, 'distractor_cars': 18, 'has_brake_checker': 0, 'intersection_cars': 3, 'has_cluster': 1, 'maximum_distractor_speed': 20, 'distance_to_nearest': 40, 'cluster_dist': 5, 'brake_dist': 20}
[episode 15] SCENE : {'ego_on_intersection': 0, 'intersection_has_cars': 0, 'distractor_cars': 18, 'has_brake_checker': 0, 'intersection_cars': 3, 'has_cluster': 1, 'maximum_distractor_speed': 20, 'distance_to_nearest': 40, 'cluster_dist': 5, 'brake_dist': 20, 'map': WindowsPath('D:/SIP2026/ACL-experiments/Metadrive/CARLA/Town01.xodr'), 'carla_map': 'Town01', 'use2DMap': True, 'map_options': {}, 'sumo_map': 'D:\\SIP2026\\ACL-experiments\\Metadrive\\CARLA\\Town01.net.xml', 'timestep': 0.1, 'render': 1, 'render3D': 0, 'real_time': 1, 'time_step': 0.1, 'verifaiSamplerType': 'halton', 'select_lane': <Lane at 0x279f62b6410; uid="road158_lane0">}
[episode 15] params: {'ego_on_intersection': 0, 'intersection_has_cars': 0, 'distractor_cars': 18, 'has_brake_checker': 0, 'intersection_cars': 3, 'has_cluster': 1, 'maximum_distractor_speed': 20, 'distance_to_nearest': 40, 'cluster_dist': 5, 'brake_dist': 20, 'map': WindowsPath('D:/SIP2026/ACL-experiments/Metadrive/CARLA/Town01.xodr'), 'carla_map': 'Town01', 'use2DMap': True, 'map_options': {}, 'sumo_map': 'D:\\SIP2026\\ACL-experiments\\Metadrive\\CARLA\\Town01.net.xml', 'timestep': 0.1, 'render': 1, 'render3D': 0, 'real_time': 1, 'time_step': 0.1, 'verifaiSamplerType': 'halton', 'select_lane': <Lane at 0x279f62b6410; uid="road158_lane0">}
Selected destination was: lane_:278_0_0, ['lane_:143_2_0', 'lane_19_0', 'lane_:194_2_0', 'lane_18_0', 'lane_:278_3_0', 'lane_4_0', 'lane_:306_0_0', 'lane_22_0', 'lane_:171_2_0', 'lane_-9_0', 'lane_:332_4_0', 'lane_-10_0', 'lane_:222_4_0', 'lane_-17_0', 'lane_:278_0_0']
Selected destination was: lane_:11.0_0_0, ['lane_:110_5_0', 'lane_2_0', 'lane_:54_4_0', 'lane_-25_0', 'lane_:332_1_0', 'lane_-10_0', 'lane_:222_4_0', 'lane_-17_0', 'lane_:278_1_0', 'lane_-18_0', 'lane_:194_1_0', 'lane_-19_0', 'lane_:143_1_0', 'lane_-7_0', 'lane_:7.14_1_0', 'lane_14_0', 'lane_:8.14_0_0', 'lane_-8_0', 'lane_:8.11_1_0', 'lane_11_0', 'lane_:11.0_0_0']
Selected destination was: lane_:143_3_0, ['lane_1_0', 'lane_:26_5_0', 'lane_0_0', 'lane_:11.0_1_0', 'lane_-11_0', 'lane_:8.11_0_0', 'lane_8_0', 'lane_:8.14_1_0', 'lane_-14_0', 'lane_:7.14_0_0', 'lane_7_0', 'lane_:143_3_0']
Selected destination was: lane_:278_6_0, ['lane_-6_0', 'lane_:143_5_0', 'lane_19_0', 'lane_:194_2_0', 'lane_18_0', 'lane_:278_3_0', 'lane_:278_6_0']
Selected destination was: lane_:255_2_0, ['lane_6_0', 'lane_:87_0_0', 'lane_24_0', 'lane_:255_2_0']
Selected destination was: lane_-15_0, ['lane_6_0', 'lane_:87_0_0', 'lane_24_0', 'lane_:255_3_0', 'lane_23_0', 'lane_:306_3_0', 'lane_22_0', 'lane_:171_3_0', 'lane_21_0', 'lane_:110_3_0', 'lane_-3_0', 'lane_:3.13_0_0', 'lane_13_0', 'lane_:15.13_0_0', 'lane_-15_0']
Selected destination was: lane_4_0, ['lane_6_0', 'lane_:87_0_0', 'lane_24_0', 'lane_:255_2_0', 'lane_-12_0', 'lane_:194_5_0', 'lane_18_0', 'lane_:278_3_0', 'lane_4_0']
Selected destination was: lane_:278_6_0, ['lane_:110_4_0', 'lane_-21_0', 'lane_:171_4_0', 'lane_-22_0', 'lane_:306_4_0', 'lane_-23_0', 'lane_:255_5_0', 'lane_-12_0', 'lane_:194_5_0', 'lane_18_0', 'lane_:278_3_0', 'lane_:278_6_0']
Selected destination was: lane_:222_2_0, ['lane_12_0', 'lane_:255_0_0', 'lane_23_0', 'lane_:306_2_0', 'lane_-4_0', 'lane_:278_5_0', 'lane_17_0', 'lane_:222_2_0']
Selected destination was: lane_:11.0_1_0, ['lane_:255_4_0', 'lane_-24_0', 'lane_:87_5_0', 'lane_-6_0', 'lane_:143_5_0', 'lane_19_0', 'lane_:194_2_0', 'lane_18_0', 'lane_:278_2_0', 'lane_17_0', 'lane_:222_2_0', 'lane_16_0', 'lane_:26_2_0', 'lane_0_0', 'lane_:11.0_1_0']
Selected destination was: lane_12_0, ['lane_8_0', 'lane_:8.14_1_0', 'lane_-14_0', 'lane_:7.14_0_0', 'lane_7_0', 'lane_:143_2_0', 'lane_19_0', 'lane_:194_3_0', 'lane_12_0']
Selected destination was: lane_-3_0, ['lane_:110_2_0', 'lane_2_0', 'lane_:54_4_0', 'lane_-25_0', 'lane_:332_0_0', 'lane_9_0', 'lane_:171_0_0', 'lane_21_0', 'lane_:110_3_0', 'lane_-3_0']
Selected destination was: lane_-9_0, ['lane_-5_0', 'lane_:87_3_0', 'lane_24_0', 'lane_:255_3_0', 'lane_23_0', 'lane_:306_3_0', 'lane_22_0', 'lane_:171_2_0', 'lane_-9_0']
Selected destination was: lane_:110_5_0, ['lane_:306_2_0', 'lane_-4_0', 'lane_:278_4_0', 'lane_-18_0', 'lane_:194_0_0', 'lane_12_0', 'lane_:255_1_0', 'lane_-24_0', 'lane_:87_4_0', 'lane_5_0', 'lane_:5.20_0_0', 'lane_-20_0', 'lane_:20.15_1_0', 'lane_15_0', 'lane_:15.13_1_0', 'lane_-13_0', 'lane_:3.13_1_0', 'lane_3_0', 'lane_:110_5_0']
Selected destination was: lane_:222_3_0, ['lane_-12_0', 'lane_:194_5_0', 'lane_18_0', 'lane_:278_2_0', 'lane_17_0', 'lane_:222_3_0']
Selected destination was: lane_1_0, ['lane_:255_2_0', 'lane_-12_0', 'lane_:194_5_0', 'lane_18_0', 'lane_:278_2_0', 'lane_17_0', 'lane_:222_3_0', 'lane_10_0', 'lane_:332_2_0', 'lane_25_0', 'lane_:54_2_0', 'lane_1_0']
Selected destination was: lane_:306_1_0, ['lane_:332_3_0', 'lane_9_0', 'lane_:171_1_0', 'lane_-22_0', 'lane_:306_4_0', 'lane_-23_0', 'lane_:255_5_0', 'lane_-12_0', 'lane_:194_5_0', 'lane_18_0', 'lane_:278_3_0', 'lane_4_0', 'lane_:306_1_0']
Selected destination was: lane_-25_0, ['lane_:306_4_0', 'lane_-23_0', 'lane_:255_5_0', 'lane_-12_0', 'lane_:194_5_0', 'lane_18_0', 'lane_:278_2_0', 'lane_17_0', 'lane_:222_2_0', 'lane_16_0', 'lane_:26_3_0', 'lane_-1_0', 'lane_:54_1_0', 'lane_-25_0']
Selected destination was: lane_24_0, ['lane_-23_0', 'lane_:255_5_0', 'lane_-12_0', 'lane_:194_4_0', 'lane_-19_0', 'lane_:143_0_0', 'lane_6_0', 'lane_:87_0_0', 'lane_24_0']
15
Terminating Early!
Terminating episode
  Compiling Scenic module from D:\SIP2026\ACL-experiments\Metadrive\policy\scenarios\driver.scenic...
    Compiling Scenic module from D:\SIP2026\Scenic\src\scenic\simulators\metadrive\model.scenic...
      Compiling Scenic module from D:\SIP2026\Scenic\src\scenic\domains\driving\model.scenic...
        Compiling Scenic module from D:\SIP2026\Scenic\src\scenic\domains\driving\behaviors.scenic...
        Compiled Scenic module in 0.4997 seconds.
      Loading cached version of road network...
      Loaded cached network in 0.15 seconds.
      Compiled Scenic module in 1.035 seconds.
    Compiled Scenic module in 1.167 seconds.
  Compiled Scenic module in 1.55 seconds.
  Pruning scenario...
  Pruned scenario in 0 seconds.
counted:  {'distractor_cars': 2}
[episode 16] PASSED: {'ego_on_intersection': 1, 'intersection_has_cars': 0, 'distractor_cars': 2, 'has_brake_checker': 0, 'intersection_cars': 1, 'has_cluster': 0, 'maximum_distractor_speed': 5, 'distance_to_nearest': 40, 'cluster_dist': 5, 'brake_dist': 55}
[episode 16] SCENE : {'ego_on_intersection': 1, 'intersection_has_cars': 0, 'distractor_cars': 2, 'has_brake_checker': 0, 'intersection_cars': 1, 'has_cluster': 0, 'maximum_distractor_speed': 5, 'distance_to_nearest': 40, 'cluster_dist': 5, 'brake_dist': 55, 'map': WindowsPath('D:/SIP2026/ACL-experiments/Metadrive/CARLA/Town01.xodr'), 'carla_map': 'Town01', 'use2DMap': True, 'map_options': {}, 'sumo_map': 'D:\\SIP2026\\ACL-experiments\\Metadrive\\CARLA\\Town01.net.xml', 'timestep': 0.1, 'render': 1, 'render3D': 0, 'real_time': 1, 'time_step': 0.1, 'verifaiSamplerType': 'halton', 'select_lane': <Lane at 0x279f4c5af20; uid="road27_lane0">}
[episode 16] params: {'ego_on_intersection': 1, 'intersection_has_cars': 0, 'distractor_cars': 2, 'has_brake_checker': 0, 'intersection_cars': 1, 'has_cluster': 0, 'maximum_distractor_speed': 5, 'distance_to_nearest': 40, 'cluster_dist': 5, 'brake_dist': 55, 'map': WindowsPath('D:/SIP2026/ACL-experiments/Metadrive/CARLA/Town01.xodr'), 'carla_map': 'Town01', 'use2DMap': True, 'map_options': {}, 'sumo_map': 'D:\\SIP2026\\ACL-experiments\\Metadrive\\CARLA\\Town01.net.xml', 'timestep': 0.1, 'render': 1, 'render3D': 0, 'real_time': 1, 'time_step': 0.1, 'verifaiSamplerType': 'halton', 'select_lane': <Lane at 0x279f4c5af20; uid="road27_lane0">}
Selected destination was: lane_:332_0_0, ['lane_:278_5_0', 'lane_17_0', 'lane_:222_2_0', 'lane_16_0', 'lane_:26_3_0', 'lane_-1_0', 'lane_:54_1_0', 'lane_-25_0', 'lane_:332_0_0']
Selected destination was: lane_:26_0_0, ['lane_23_0', 'lane_:306_2_0', 'lane_-4_0', 'lane_:278_4_0', 'lane_-18_0', 'lane_:194_1_0', 'lane_-19_0', 'lane_:143_1_0', 'lane_-7_0', 'lane_:7.14_1_0', 'lane_14_0', 'lane_:8.14_0_0', 'lane_-8_0', 'lane_:8.11_1_0', 'lane_11_0', 'lane_:11.0_0_0', 'lane_-0_0', 'lane_:26_0_0']
Selected destination was: lane_:7.14_1_0, ['lane_17_0', 'lane_:222_3_0', 'lane_10_0', 'lane_:332_3_0', 'lane_9_0', 'lane_:171_1_0', 'lane_-22_0', 'lane_:306_4_0', 'lane_-23_0', 'lane_:255_4_0', 'lane_-24_0', 'lane_:87_5_0', 'lane_-6_0', 'lane_:143_4_0', 'lane_-7_0', 'lane_:7.14_1_0']
16
Terminating Early!
Terminating episode
  Compiling Scenic module from D:\SIP2026\ACL-experiments\Metadrive\policy\scenarios\driver.scenic...
    Compiling Scenic module from D:\SIP2026\Scenic\src\scenic\simulators\metadrive\model.scenic...
      Compiling Scenic module from D:\SIP2026\Scenic\src\scenic\domains\driving\model.scenic...
        Compiling Scenic module from D:\SIP2026\Scenic\src\scenic\domains\driving\behaviors.scenic...
        Compiled Scenic module in 0.6724 seconds.
      Loading cached version of road network...
      Loaded cached network in 1.17 seconds.
      Compiled Scenic module in 2.258 seconds.
    Compiled Scenic module in 2.425 seconds.
  Compiled Scenic module in 2.933 seconds.
  Pruning scenario...
  Pruned scenario in 0 seconds.
counted:  {'distractor_cars': 5}
[episode 17] PASSED: {'ego_on_intersection': 0, 'intersection_has_cars': 0, 'distractor_cars': 5, 'has_brake_checker': 0, 'intersection_cars': 3, 'has_cluster': 1, 'maximum_distractor_speed': 15, 'distance_to_nearest': 40, 'cluster_dist': 10, 'brake_dist': 10}
[episode 17] SCENE : {'ego_on_intersection': 0, 'intersection_has_cars': 0, 'distractor_cars': 5, 'has_brake_checker': 0, 'intersection_cars': 3, 'has_cluster': 1, 'maximum_distractor_speed': 15, 'distance_to_nearest': 40, 'cluster_dist': 10, 'brake_dist': 10, 'map': WindowsPath('D:/SIP2026/ACL-experiments/Metadrive/CARLA/Town01.xodr'), 'carla_map': 'Town01', 'use2DMap': True, 'map_options': {}, 'sumo_map': 'D:\\SIP2026\\ACL-experiments\\Metadrive\\CARLA\\Town01.net.xml', 'timestep': 0.1, 'render': 1, 'render3D': 0, 'real_time': 1, 'time_step': 0.1, 'verifaiSamplerType': 'halton', 'select_lane': <Lane at 0x279f4b70a90; uid="road19_lane0">}
[episode 17] params: {'ego_on_intersection': 0, 'intersection_has_cars': 0, 'distractor_cars': 5, 'has_brake_checker': 0, 'intersection_cars': 3, 'has_cluster': 1, 'maximum_distractor_speed': 15, 'distance_to_nearest': 40, 'cluster_dist': 10, 'brake_dist': 10, 'map': WindowsPath('D:/SIP2026/ACL-experiments/Metadrive/CARLA/Town01.xodr'), 'carla_map': 'Town01', 'use2DMap': True, 'map_options': {}, 'sumo_map': 'D:\\SIP2026\\ACL-experiments\\Metadrive\\CARLA\\Town01.net.xml', 'timestep': 0.1, 'render': 1, 'render3D': 0, 'real_time': 1, 'time_step': 0.1, 'verifaiSamplerType': 'halton', 'select_lane': <Lane at 0x279f4b70a90; uid="road19_lane0">}
Selected destination was: lane_:54_0_0, ['lane_:194_1_0', 'lane_-19_0', 'lane_:143_1_0', 'lane_-7_0', 'lane_:7.14_1_0', 'lane_14_0', 'lane_:8.14_0_0', 'lane_-8_0', 'lane_:8.11_1_0', 'lane_11_0', 'lane_:11.0_0_0', 'lane_-0_0', 'lane_:26_0_0', 'lane_-1_0', 'lane_:54_0_0']
Selected destination was: lane_:194_2_0, ['lane_:110_5_0', 'lane_2_0', 'lane_:54_4_0', 'lane_-25_0', 'lane_:332_0_0', 'lane_9_0', 'lane_:171_1_0', 'lane_-22_0', 'lane_:306_4_0', 'lane_-23_0', 'lane_:255_4_0', 'lane_-24_0', 'lane_:87_5_0', 'lane_-6_0', 'lane_:143_5_0', 'lane_19_0', 'lane_:194_2_0']
Selected destination was: lane_-14_0, ['lane_-23_0', 'lane_:255_5_0', 'lane_-12_0', 'lane_:194_5_0', 'lane_18_0', 'lane_:278_2_0', 'lane_17_0', 'lane_:222_2_0', 'lane_16_0', 'lane_:26_2_0', 'lane_0_0', 'lane_:11.0_1_0', 'lane_-11_0', 'lane_:8.11_0_0', 'lane_8_0', 'lane_:8.14_1_0', 'lane_-14_0']
Selected destination was: lane_-4_0, ['lane_:194_0_0', 'lane_12_0', 'lane_:255_0_0', 'lane_23_0', 'lane_:306_2_0', 'lane_-4_0']
Selected destination was: lane_:222_1_0, ['lane_-19_0', 'lane_:143_1_0', 'lane_-7_0', 'lane_:7.14_1_0', 'lane_14_0', 'lane_:8.14_0_0', 'lane_-8_0', 'lane_:8.11_1_0', 'lane_11_0', 'lane_:11.0_0_0', 'lane_-0_0', 'lane_:26_1_0', 'lane_-16_0', 'lane_:222_1_0']
Selected destination was: lane_:143_1_0, ['lane_-19_0', 'lane_:143_1_0']
17
SPS: 27
Terminating episode
  Compiling Scenic module from D:\SIP2026\ACL-experiments\Metadrive\policy\scenarios\driver.scenic...
    Compiling Scenic module from D:\SIP2026\Scenic\src\scenic\simulators\metadrive\model.scenic...
      Compiling Scenic module from D:\SIP2026\Scenic\src\scenic\domains\driving\model.scenic...
        Compiling Scenic module from D:\SIP2026\Scenic\src\scenic\domains\driving\behaviors.scenic...
        Compiled Scenic module in 0.4886 seconds.
      Loading cached version of road network...
      Loaded cached network in 0.19 seconds.
      Compiled Scenic module in 1.151 seconds.
    Compiled Scenic module in 1.376 seconds.
  Compiled Scenic module in 1.883 seconds.
  Pruning scenario...
  Pruned scenario in 0 seconds.
counted:  {'distractor_cars': 2}
[episode 18] PASSED: {'ego_on_intersection': 0, 'intersection_has_cars': 0, 'distractor_cars': 2, 'has_brake_checker': 0, 'intersection_cars': 0, 'has_cluster': 0, 'maximum_distractor_speed': 10, 'distance_to_nearest': 10, 'cluster_dist': 5, 'brake_dist': 20}
[episode 18] SCENE : {'ego_on_intersection': 0, 'intersection_has_cars': 0, 'distractor_cars': 2, 'has_brake_checker': 0, 'intersection_cars': 0, 'has_cluster': 0, 'maximum_distractor_speed': 10, 'distance_to_nearest': 10, 'cluster_dist': 5, 'brake_dist': 20, 'map': WindowsPath('D:/SIP2026/ACL-experiments/Metadrive/CARLA/Town01.xodr'), 'carla_map': 'Town01', 'use2DMap': True, 'map_options': {}, 'sumo_map': 'D:\\SIP2026\\ACL-experiments\\Metadrive\\CARLA\\Town01.net.xml', 'timestep': 0.1, 'render': 1, 'render3D': 0, 'real_time': 1, 'time_step': 0.1, 'verifaiSamplerType': 'halton', 'select_lane': <Lane at 0x279facd8790; uid="road330_lane0">}
[episode 18] params: {'ego_on_intersection': 0, 'intersection_has_cars': 0, 'distractor_cars': 2, 'has_brake_checker': 0, 'intersection_cars': 0, 'has_cluster': 0, 'maximum_distractor_speed': 10, 'distance_to_nearest': 10, 'cluster_dist': 5, 'brake_dist': 20, 'map': WindowsPath('D:/SIP2026/ACL-experiments/Metadrive/CARLA/Town01.xodr'), 'carla_map': 'Town01', 'use2DMap': True, 'map_options': {}, 'sumo_map': 'D:\\SIP2026\\ACL-experiments\\Metadrive\\CARLA\\Town01.net.xml', 'timestep': 0.1, 'render': 1, 'render3D': 0, 'real_time': 1, 'time_step': 0.1, 'verifaiSamplerType': 'halton', 'select_lane': <Lane at 0x279facd8790; uid="road330_lane0">}
Selected destination was: lane_:222_4_0, ['lane_:306_2_0', 'lane_-4_0', 'lane_:278_5_0', 'lane_17_0', 'lane_:222_2_0', 'lane_16_0', 'lane_:26_3_0', 'lane_-1_0', 'lane_:54_1_0', 'lane_-25_0', 'lane_:332_1_0', 'lane_-10_0', 'lane_:222_4_0']
Selected destination was: lane_:194_6_0, ['lane_:306_3_0', 'lane_22_0', 'lane_:171_2_0', 'lane_-9_0', 'lane_:332_4_0', 'lane_-10_0', 'lane_:222_4_0', 'lane_-17_0', 'lane_:278_0_0', 'lane_4_0', 'lane_:306_1_0', 'lane_-23_0', 'lane_:255_4_0', 'lane_-24_0', 'lane_:87_5_0', 'lane_-6_0', 'lane_:143_5_0', 'lane_19_0', 'lane_:194_3_0', 'lane_:194_6_0']
Selected destination was: lane_3_0, ['lane_:171_6_0', 'lane_-9_0', 'lane_:332_4_0', 'lane_-10_0', 'lane_:222_4_0', 'lane_-17_0', 'lane_:278_0_0', 'lane_4_0', 'lane_:306_1_0', 'lane_-23_0', 'lane_:255_4_0', 'lane_-24_0', 'lane_:87_4_0', 'lane_5_0', 'lane_:5.20_0_0', 'lane_-20_0', 'lane_:20.15_1_0', 'lane_15_0', 'lane_:15.13_1_0', 'lane_-13_0', 'lane_:3.13_1_0', 'lane_3_0']
18
Terminating episode
  Compiling Scenic module from D:\SIP2026\ACL-experiments\Metadrive\policy\scenarios\driver.scenic...
    Compiling Scenic module from D:\SIP2026\Scenic\src\scenic\simulators\metadrive\model.scenic...
      Compiling Scenic module from D:\SIP2026\Scenic\src\scenic\domains\driving\model.scenic...
        Compiling Scenic module from D:\SIP2026\Scenic\src\scenic\domains\driving\behaviors.scenic...
        Compiled Scenic module in 0.4671 seconds.
      Loading cached version of road network...
      Loaded cached network in 1.01 seconds.
      Compiled Scenic module in 1.927 seconds.
    Compiled Scenic module in 2.068 seconds.
  Compiled Scenic module in 2.408 seconds.
  Pruning scenario...
  Pruned scenario in 0.0006948 seconds.
counted:  {'distractor_cars': 3}
[episode 19] PASSED: {'ego_on_intersection': 0, 'intersection_has_cars': 0, 'distractor_cars': 3, 'has_brake_checker': 0, 'intersection_cars': 2, 'has_cluster': 1, 'maximum_distractor_speed': 15, 'distance_to_nearest': 5, 'cluster_dist': 5, 'brake_dist': 55}
[episode 19] SCENE : {'ego_on_intersection': 0, 'intersection_has_cars': 0, 'distractor_cars': 3, 'has_brake_checker': 0, 'intersection_cars': 2, 'has_cluster': 1, 'maximum_distractor_speed': 15, 'distance_to_nearest': 5, 'cluster_dist': 5, 'brake_dist': 55, 'map': WindowsPath('D:/SIP2026/ACL-experiments/Metadrive/CARLA/Town01.xodr'), 'carla_map': 'Town01', 'use2DMap': True, 'map_options': {}, 'sumo_map': 'D:\\SIP2026\\ACL-experiments\\Metadrive\\CARLA\\Town01.net.xml', 'timestep': 0.1, 'render': 1, 'render3D': 0, 'real_time': 1, 'time_step': 0.1, 'verifaiSamplerType': 'halton', 'select_lane': <Lane at 0x279f6ad4910; uid="road52_lane0">}
[episode 19] params: {'ego_on_intersection': 0, 'intersection_has_cars': 0, 'distractor_cars': 3, 'has_brake_checker': 0, 'intersection_cars': 2, 'has_cluster': 1, 'maximum_distractor_speed': 15, 'distance_to_nearest': 5, 'cluster_dist': 5, 'brake_dist': 55, 'map': WindowsPath('D:/SIP2026/ACL-experiments/Metadrive/CARLA/Town01.xodr'), 'carla_map': 'Town01', 'use2DMap': True, 'map_options': {}, 'sumo_map': 'D:\\SIP2026\\ACL-experiments\\Metadrive\\CARLA\\Town01.net.xml', 'timestep': 0.1, 'render': 1, 'render3D': 0, 'real_time': 1, 'time_step': 0.1, 'verifaiSamplerType': 'halton', 'select_lane': <Lane at 0x279f6ad4910; uid="road52_lane0">}
Selected destination was: lane_:332_4_0, ['lane_:26_5_0', 'lane_0_0', 'lane_:11.0_1_0', 'lane_-11_0', 'lane_:8.11_0_0', 'lane_8_0', 'lane_:8.14_1_0', 'lane_-14_0', 'lane_:7.14_0_0', 'lane_7_0', 'lane_:143_2_0', 'lane_19_0', 'lane_:194_2_0', 'lane_18_0', 'lane_:278_3_0', 'lane_4_0', 'lane_:306_0_0', 'lane_22_0', 'lane_:171_2_0', 'lane_-9_0', 'lane_:332_4_0']
Selected destination was: lane_:11.0_0_0, ['lane_11_0', 'lane_:11.0_0_0']
Selected destination was: lane_:332_5_0, ['lane_4_0', 'lane_:306_0_0', 'lane_22_0', 'lane_:171_2_0', 'lane_-9_0', 'lane_:332_5_0']
Selected destination was: lane_:194_4_0, ['lane_0_0', 'lane_:11.0_1_0', 'lane_-11_0', 'lane_:8.11_0_0', 'lane_8_0', 'lane_:8.14_1_0', 'lane_-14_0', 'lane_:7.14_0_0', 'lane_7_0', 'lane_:143_3_0', 'lane_6_0', 'lane_:87_0_0', 'lane_24_0', 'lane_:255_2_0', 'lane_-12_0', 'lane_:194_4_0']
19
Terminating Early!
Terminating episode
  Compiling Scenic module from D:\SIP2026\ACL-experiments\Metadrive\policy\scenarios\driver.scenic...
    Compiling Scenic module from D:\SIP2026\Scenic\src\scenic\simulators\metadrive\model.scenic...
      Compiling Scenic module from D:\SIP2026\Scenic\src\scenic\domains\driving\model.scenic...
        Compiling Scenic module from D:\SIP2026\Scenic\src\scenic\domains\driving\behaviors.scenic...
        Compiled Scenic module in 0.5661 seconds.
      Loading cached version of road network...
      Loaded cached network in 0.18 seconds.
      Compiled Scenic module in 1.177 seconds.
    Compiled Scenic module in 1.428 seconds.
  Compiled Scenic module in 2.033 seconds.
  Pruning scenario...
  Pruned scenario in 0 seconds.
counted:  {'distractor_cars': 2}
[episode 20] PASSED: {'ego_on_intersection': 1, 'intersection_has_cars': 0, 'distractor_cars': 2, 'has_brake_checker': 0, 'intersection_cars': 2, 'has_cluster': 1, 'maximum_distractor_speed': 20, 'distance_to_nearest': 10, 'cluster_dist': 5, 'brake_dist': 35}
[episode 20] SCENE : {'ego_on_intersection': 1, 'intersection_has_cars': 0, 'distractor_cars': 2, 'has_brake_checker': 0, 'intersection_cars': 2, 'has_cluster': 1, 'maximum_distractor_speed': 20, 'distance_to_nearest': 10, 'cluster_dist': 5, 'brake_dist': 35, 'map': WindowsPath('D:/SIP2026/ACL-experiments/Metadrive/CARLA/Town01.xodr'), 'carla_map': 'Town01', 'use2DMap': True, 'map_options': {}, 'sumo_map': 'D:\\SIP2026\\ACL-experiments\\Metadrive\\CARLA\\Town01.net.xml', 'timestep': 0.1, 'render': 1, 'render3D': 0, 'real_time': 1, 'time_step': 0.1, 'verifaiSamplerType': 'halton', 'select_lane': <Lane at 0x279fd8607c0; uid="road232_lane0">}
[episode 20] params: {'ego_on_intersection': 1, 'intersection_has_cars': 0, 'distractor_cars': 2, 'has_brake_checker': 0, 'intersection_cars': 2, 'has_cluster': 1, 'maximum_distractor_speed': 20, 'distance_to_nearest': 10, 'cluster_dist': 5, 'brake_dist': 35, 'map': WindowsPath('D:/SIP2026/ACL-experiments/Metadrive/CARLA/Town01.xodr'), 'carla_map': 'Town01', 'use2DMap': True, 'map_options': {}, 'sumo_map': 'D:\\SIP2026\\ACL-experiments\\Metadrive\\CARLA\\Town01.net.xml', 'timestep': 0.1, 'render': 1, 'render3D': 0, 'real_time': 1, 'time_step': 0.1, 'verifaiSamplerType': 'halton', 'select_lane': <Lane at 0x279fd8607c0; uid="road232_lane0">}
Selected destination was: lane_:194_0_0, ['lane_:222_4_0', 'lane_-17_0', 'lane_:278_1_0', 'lane_-18_0', 'lane_:194_0_0']
Selected destination was: lane_:54_6_0, ['lane_-23_0', 'lane_:255_5_0', 'lane_-12_0', 'lane_:194_5_0', 'lane_18_0', 'lane_:278_2_0', 'lane_17_0', 'lane_:222_2_0', 'lane_16_0', 'lane_:26_3_0', 'lane_-1_0', 'lane_:54_1_0', 'lane_:54_6_0']
Selected destination was: lane_-19_0, ['lane_:26_0_0', 'lane_-1_0', 'lane_:54_1_0', 'lane_-25_0', 'lane_:332_1_0', 'lane_-10_0', 'lane_:222_4_0', 'lane_-17_0', 'lane_:278_1_0', 'lane_-18_0', 'lane_:194_1_0', 'lane_-19_0']
20
Terminating Early!
Terminating episode
Counts: {'crossovers': 0, 'mutations': 0, 'replays': 0, 'generations': 20, 'param_failures': 0, 'scenario_failures': 0, 'generation_failures': 0}

=== Buffer state | total scenes: 20 ===
  cat 0 (feature_num<=1): n=2/100, pvl min=0.215 mean=0.220 max=0.226, samples_drawn=0
  cat 1 (feature_num<=2): n=5/100, pvl min=0.114 mean=0.123 max=0.134, samples_drawn=0
  cat 2 (feature_num<=3): n=2/100, pvl min=0.223 mean=0.223 max=0.224, samples_drawn=0
  cat 3 (feature_num<=5): n=5/100, pvl min=0.105 mean=0.271 max=0.829, samples_drawn=0
  cat 4 (feature_num<=8): n=1/100, pvl min=0.151 mean=0.151 max=0.151, samples_drawn=0
  cat 5 (feature_num<=12): n=1/100, pvl min=0.184 mean=0.184 max=0.184, samples_drawn=0
  cat 6 (feature_num<=18): n=4/100, pvl min=0.130 mean=0.227 max=0.279, samples_drawn=0
=== Value distribution (all categories) ===
  ego_on_intersection: {0: 13, 1: 7}
  intersection_has_cars: {0: 16, 1: 4}
  distractor_cars: {0: 2, 2: 5, 3: 2, 4: 3, 5: 2, 8: 1, 12: 1, 18: 4}
  has_brake_checker: {0: 10, 1: 10}
  intersection_cars: {0: 7, 1: 2, 2: 5, 3: 6}
  has_cluster: {0: 8, 1: 12}
  maximum_distractor_speed: {5: 4, 10: 3, 15: 5, 20: 8}
  distance_to_nearest: {5: 5, 10: 5, 20: 3, 40: 7}
  cluster_dist: {5: 13, 10: 6, 15: 1}
  brake_dist: {10: 3, 20: 6, 35: 5, 55: 6}
  Compiling Scenic module from D:\SIP2026\ACL-experiments\Metadrive\policy\scenarios\driver.scenic...
    Compiling Scenic module from D:\SIP2026\Scenic\src\scenic\simulators\metadrive\model.scenic...
      Compiling Scenic module from D:\SIP2026\Scenic\src\scenic\domains\driving\model.scenic...
        Compiling Scenic module from D:\SIP2026\Scenic\src\scenic\domains\driving\behaviors.scenic...
        Compiled Scenic module in 0.5135 seconds.
      Loading cached version of road network...
      Loaded cached network in 0.16 seconds.
      Compiled Scenic module in 1.186 seconds.
    Compiled Scenic module in 1.397 seconds.
  Compiled Scenic module in 1.807 seconds.
  Pruning scenario...
  Pruned scenario in 0 seconds.
counted:  {'distractor_cars': 0}
[episode 21] PASSED: {'ego_on_intersection': 1, 'intersection_has_cars': 0, 'distractor_cars': 0, 'has_brake_checker': 1, 'intersection_cars': 0, 'has_cluster': 0, 'maximum_distractor_speed': 20, 'distance_to_nearest': 20, 'cluster_dist': 5, 'brake_dist': 35}
[episode 21] SCENE : {'ego_on_intersection': 1, 'intersection_has_cars': 0, 'distractor_cars': 0, 'has_brake_checker': 1, 'intersection_cars': 0, 'has_cluster': 0, 'maximum_distractor_speed': 20, 'distance_to_nearest': 20, 'cluster_dist': 5, 'brake_dist': 35, 'map': WindowsPath('D:/SIP2026/ACL-experiments/Metadrive/CARLA/Town01.xodr'), 'carla_map': 'Town01', 'use2DMap': True, 'map_options': {}, 'sumo_map': 'D:\\SIP2026\\ACL-experiments\\Metadrive\\CARLA\\Town01.net.xml', 'timestep': 0.1, 'render': 1, 'render3D': 0, 'real_time': 1, 'time_step': 0.1, 'verifaiSamplerType': 'halton', 'select_lane': <Lane at 0x279fec27ac0; uid="road277_lane0">}
[episode 21] params: {'ego_on_intersection': 1, 'intersection_has_cars': 0, 'distractor_cars': 0, 'has_brake_checker': 1, 'intersection_cars': 0, 'has_cluster': 0, 'maximum_distractor_speed': 20, 'distance_to_nearest': 20, 'cluster_dist': 5, 'brake_dist': 35, 'map': WindowsPath('D:/SIP2026/ACL-experiments/Metadrive/CARLA/Town01.xodr'), 'carla_map': 'Town01', 'use2DMap': True, 'map_options': {}, 'sumo_map': 'D:\\SIP2026\\ACL-experiments\\Metadrive\\CARLA\\Town01.net.xml', 'timestep': 0.1, 'render': 1, 'render3D': 0, 'real_time': 1, 'time_step': 0.1, 'verifaiSamplerType': 'halton', 'select_lane': <Lane at 0x279fec27ac0; uid="road277_lane0">}
Selected destination was: lane_:255_1_0, ['lane_21_0', 'lane_:110_2_0', 'lane_2_0', 'lane_:54_4_0', 'lane_-25_0', 'lane_:332_1_0', 'lane_-10_0', 'lane_:222_4_0', 'lane_-17_0', 'lane_:278_1_0', 'lane_-18_0', 'lane_:194_0_0', 'lane_12_0', 'lane_:255_1_0']
Selected destination was: lane_-18_0, ['lane_:110_3_0', 'lane_-3_0', 'lane_:3.13_0_0', 'lane_13_0', 'lane_:15.13_0_0', 'lane_-15_0', 'lane_:20.15_0_0', 'lane_20_0', 'lane_:5.20_1_0', 'lane_-5_0', 'lane_:87_3_0', 'lane_24_0', 'lane_:255_3_0', 'lane_23_0', 'lane_:306_2_0', 'lane_-4_0', 'lane_:278_4_0', 'lane_-18_0']
21
Terminating Early!
Terminating episode
  Compiling Scenic module from D:\SIP2026\ACL-experiments\Metadrive\policy\scenarios\driver.scenic...
    Compiling Scenic module from D:\SIP2026\Scenic\src\scenic\simulators\metadrive\model.scenic...
      Compiling Scenic module from D:\SIP2026\Scenic\src\scenic\domains\driving\model.scenic...
        Compiling Scenic module from D:\SIP2026\Scenic\src\scenic\domains\driving\behaviors.scenic...
        Compiled Scenic module in 1.433 seconds.
      Loading cached version of road network...
      Loaded cached network in 0.17 seconds.
      Compiled Scenic module in 1.967 seconds.
    Compiled Scenic module in 2.148 seconds.
  Compiled Scenic module in 2.601 seconds.
  Pruning scenario...
  Pruned scenario in 0.0004439 seconds.
counted:  {'distractor_cars': 12}
[episode 22] PASSED: {'ego_on_intersection': 1, 'intersection_has_cars': 0, 'distractor_cars': 12, 'has_brake_checker': 1, 'intersection_cars': 2, 'has_cluster': 0, 'maximum_distractor_speed': 5, 'distance_to_nearest': 5, 'cluster_dist': 10, 'brake_dist': 20}
[episode 22] SCENE : {'ego_on_intersection': 1, 'intersection_has_cars': 0, 'distractor_cars': 12, 'has_brake_checker': 1, 'intersection_cars': 2, 'has_cluster': 0, 'maximum_distractor_speed': 5, 'distance_to_nearest': 5, 'cluster_dist': 10, 'brake_dist': 20, 'map': WindowsPath('D:/SIP2026/ACL-experiments/Metadrive/CARLA/Town01.xodr'), 'carla_map': 'Town01', 'use2DMap': True, 'map_options': {}, 'sumo_map': 'D:\\SIP2026\\ACL-experiments\\Metadrive\\CARLA\\Town01.net.xml', 'timestep': 0.1, 'render': 1, 'render3D': 0, 'real_time': 1, 'time_step': 0.1, 'verifaiSamplerType': 'halton', 'select_lane': <Lane at 0x279feb36500; uid="road6_lane1">}
[episode 22] params: {'ego_on_intersection': 1, 'intersection_has_cars': 0, 'distractor_cars': 12, 'has_brake_checker': 1, 'intersection_cars': 2, 'has_cluster': 0, 'maximum_distractor_speed': 5, 'distance_to_nearest': 5, 'cluster_dist': 10, 'brake_dist': 20, 'map': WindowsPath('D:/SIP2026/ACL-experiments/Metadrive/CARLA/Town01.xodr'), 'carla_map': 'Town01', 'use2DMap': True, 'map_options': {}, 'sumo_map': 'D:\\SIP2026\\ACL-experiments\\Metadrive\\CARLA\\Town01.net.xml', 'timestep': 0.1, 'render': 1, 'render3D': 0, 'real_time': 1, 'time_step': 0.1, 'verifaiSamplerType': 'halton', 'select_lane': <Lane at 0x279feb36500; uid="road6_lane1">}
Selected destination was: lane_17_0, ['lane_-16_0', 'lane_:222_0_0', 'lane_10_0', 'lane_:332_3_0', 'lane_9_0', 'lane_:171_1_0', 'lane_-22_0', 'lane_:306_5_0', 'lane_-4_0', 'lane_:278_5_0', 'lane_17_0']
Selected destination was: lane_-1_0, ['lane_-17_0', 'lane_:278_0_0', 'lane_4_0', 'lane_:306_0_0', 'lane_22_0', 'lane_:171_2_0', 'lane_-9_0', 'lane_:332_4_0', 'lane_-10_0', 'lane_:222_5_0', 'lane_16_0', 'lane_:26_3_0', 'lane_-1_0']
Selected destination was: lane_:255_4_0, ['lane_:143_2_0', 'lane_19_0', 'lane_:194_2_0', 'lane_18_0', 'lane_:278_3_0', 'lane_4_0', 'lane_:306_1_0', 'lane_-23_0', 'lane_:255_4_0']
Selected destination was: lane_:87_2_0, ['lane_:194_1_0', 'lane_-19_0', 'lane_:143_0_0', 'lane_6_0', 'lane_:87_0_0', 'lane_24_0', 'lane_:255_3_0', 'lane_23_0', 'lane_:306_3_0', 'lane_22_0', 'lane_:171_3_0', 'lane_21_0', 'lane_:110_3_0', 'lane_-3_0', 'lane_:3.13_0_0', 'lane_13_0', 'lane_:15.13_0_0', 'lane_-15_0', 'lane_:20.15_0_0', 'lane_20_0', 'lane_:5.20_1_0', 'lane_-5_0', 'lane_:87_2_0']
Selected destination was: lane_:255_5_0, ['lane_:222_1_0', 'lane_-17_0', 'lane_:278_0_0', 'lane_4_0', 'lane_:306_1_0', 'lane_-23_0', 'lane_:255_5_0']
Selected destination was: lane_:15.13_1_0, ['lane_:5.20_1_0', 'lane_-5_0', 'lane_:87_2_0', 'lane_-6_0', 'lane_:143_5_0', 'lane_19_0', 'lane_:194_3_0', 'lane_12_0', 'lane_:255_1_0', 'lane_-24_0', 'lane_:87_4_0', 'lane_5_0', 'lane_:5.20_0_0', 'lane_-20_0', 'lane_:20.15_1_0', 'lane_15_0', 'lane_:15.13_1_0']
Selected destination was: lane_-17_0, ['lane_-6_0', 'lane_:143_4_0', 'lane_-7_0', 'lane_:7.14_1_0', 'lane_14_0', 'lane_:8.14_0_0', 'lane_-8_0', 'lane_:8.11_1_0', 'lane_11_0', 'lane_:11.0_0_0', 'lane_-0_0', 'lane_:26_1_0', 'lane_-16_0', 'lane_:222_1_0', 'lane_-17_0']
Selected destination was: lane_15_0, ['lane_4_0', 'lane_:306_1_0', 'lane_-23_0', 'lane_:255_4_0', 'lane_-24_0', 'lane_:87_4_0', 'lane_5_0', 'lane_:5.20_0_0', 'lane_-20_0', 'lane_:20.15_1_0', 'lane_15_0']
Selected destination was: lane_:110_6_0, ['lane_-24_0', 'lane_:87_5_0', 'lane_-6_0', 'lane_:143_5_0', 'lane_19_0', 'lane_:194_2_0', 'lane_18_0', 'lane_:278_2_0', 'lane_17_0', 'lane_:222_2_0', 'lane_16_0', 'lane_:26_3_0', 'lane_-1_0', 'lane_:54_0_0', 'lane_-2_0', 'lane_:110_1_0', 'lane_:110_6_0']
Selected destination was: lane_:278_3_0, ['lane_:171_3_0', 'lane_21_0', 'lane_:110_2_0', 'lane_2_0', 'lane_:54_4_0', 'lane_-25_0', 'lane_:332_0_0', 'lane_9_0', 'lane_:171_1_0', 'lane_-22_0', 'lane_:306_4_0', 'lane_-23_0', 'lane_:255_5_0', 'lane_-12_0', 'lane_:194_5_0', 'lane_18_0', 'lane_:278_3_0']
Selected destination was: lane_-19_0, ['lane_:26_0_0', 'lane_-1_0', 'lane_:54_1_0', 'lane_-25_0', 'lane_:332_1_0', 'lane_-10_0', 'lane_:222_4_0', 'lane_-17_0', 'lane_:278_1_0', 'lane_-18_0', 'lane_:194_1_0', 'lane_-19_0']
Selected destination was: lane_3_0, ['lane_:278_1_0', 'lane_-18_0', 'lane_:194_0_0', 'lane_12_0', 'lane_:255_1_0', 'lane_-24_0', 'lane_:87_4_0', 'lane_5_0', 'lane_:5.20_0_0', 'lane_-20_0', 'lane_:20.15_1_0', 'lane_15_0', 'lane_:15.13_1_0', 'lane_-13_0', 'lane_:3.13_1_0', 'lane_3_0']
Selected destination was: lane_:255_5_0, ['lane_:26_2_0', 'lane_0_0', 'lane_:11.0_1_0', 'lane_-11_0', 'lane_:8.11_0_0', 'lane_8_0', 'lane_:8.14_1_0', 'lane_-14_0', 'lane_:7.14_0_0', 'lane_7_0', 'lane_:143_2_0', 'lane_19_0', 'lane_:194_2_0', 'lane_18_0', 'lane_:278_3_0', 'lane_4_0', 'lane_:306_1_0', 'lane_-23_0', 'lane_:255_5_0']
Selected destination was: lane_15_0, ['lane_:306_0_0', 'lane_22_0', 'lane_:171_2_0', 'lane_-9_0', 'lane_:332_4_0', 'lane_-10_0', 'lane_:222_4_0', 'lane_-17_0', 'lane_:278_0_0', 'lane_4_0', 'lane_:306_1_0', 'lane_-23_0', 'lane_:255_4_0', 'lane_-24_0', 'lane_:87_4_0', 'lane_5_0', 'lane_:5.20_0_0', 'lane_-20_0', 'lane_:20.15_1_0', 'lane_15_0']
22
SPS: 28
Terminating episode
  Compiling Scenic module from D:\SIP2026\ACL-experiments\Metadrive\policy\scenarios\driver.scenic...
    Compiling Scenic module from D:\SIP2026\Scenic\src\scenic\simulators\metadrive\model.scenic...
      Compiling Scenic module from D:\SIP2026\Scenic\src\scenic\domains\driving\model.scenic...
        Compiling Scenic module from D:\SIP2026\Scenic\src\scenic\domains\driving\behaviors.scenic...
        Compiled Scenic module in 0.4339 seconds.
      Loading cached version of road network...
      Loaded cached network in 0.16 seconds.
      Compiled Scenic module in 0.9866 seconds.
    Compiled Scenic module in 1.14 seconds.
  Compiled Scenic module in 1.487 seconds.
  Pruning scenario...
  Pruned scenario in 0 seconds.
counted:  {'distractor_cars': 1}
[episode 23] PASSED: {'ego_on_intersection': 0, 'intersection_has_cars': 0, 'distractor_cars': 1, 'has_brake_checker': 0, 'intersection_cars': 1, 'has_cluster': 1, 'maximum_distractor_speed': 20, 'distance_to_nearest': 20, 'cluster_dist': 10, 'brake_dist': 35}
[episode 23] SCENE : {'ego_on_intersection': 0, 'intersection_has_cars': 0, 'distractor_cars': 1, 'has_brake_checker': 0, 'intersection_cars': 1, 'has_cluster': 1, 'maximum_distractor_speed': 20, 'distance_to_nearest': 20, 'cluster_dist': 10, 'brake_dist': 35, 'map': WindowsPath('D:/SIP2026/ACL-experiments/Metadrive/CARLA/Town01.xodr'), 'carla_map': 'Town01', 'use2DMap': True, 'map_options': {}, 'sumo_map': 'D:\\SIP2026\\ACL-experiments\\Metadrive\\CARLA\\Town01.net.xml', 'timestep': 0.1, 'render': 1, 'render3D': 0, 'real_time': 1, 'time_step': 0.1, 'verifaiSamplerType': 'halton', 'select_lane': <Lane at 0x27981bc5330; uid="road7_lane1">}
[episode 23] params: {'ego_on_intersection': 0, 'intersection_has_cars': 0, 'distractor_cars': 1, 'has_brake_checker': 0, 'intersection_cars': 1, 'has_cluster': 1, 'maximum_distractor_speed': 20, 'distance_to_nearest': 20, 'cluster_dist': 10, 'brake_dist': 35, 'map': WindowsPath('D:/SIP2026/ACL-experiments/Metadrive/CARLA/Town01.xodr'), 'carla_map': 'Town01', 'use2DMap': True, 'map_options': {}, 'sumo_map': 'D:\\SIP2026\\ACL-experiments\\Metadrive\\CARLA\\Town01.net.xml', 'timestep': 0.1, 'render': 1, 'render3D': 0, 'real_time': 1, 'time_step': 0.1, 'verifaiSamplerType': 'halton', 'select_lane': <Lane at 0x27981bc5330; uid="road7_lane1">}
Selected destination was: lane_:87_1_0, ['lane_:143_2_0', 'lane_19_0', 'lane_:194_2_0', 'lane_18_0', 'lane_:278_3_0', 'lane_4_0', 'lane_:306_1_0', 'lane_-23_0', 'lane_:255_5_0', 'lane_-12_0', 'lane_:194_4_0', 'lane_-19_0', 'lane_:143_0_0', 'lane_6_0', 'lane_:87_1_0']
Selected destination was: lane_-20_0, ['lane_:5.20_1_0', 'lane_-5_0', 'lane_:87_2_0', 'lane_-6_0', 'lane_:143_5_0', 'lane_19_0', 'lane_:194_3_0', 'lane_12_0', 'lane_:255_1_0', 'lane_-24_0', 'lane_:87_4_0', 'lane_5_0', 'lane_:5.20_0_0', 'lane_-20_0']
23
Terminating episode
  Compiling Scenic module from D:\SIP2026\ACL-experiments\Metadrive\policy\scenarios\driver.scenic...
    Compiling Scenic module from D:\SIP2026\Scenic\src\scenic\simulators\metadrive\model.scenic...
      Compiling Scenic module from D:\SIP2026\Scenic\src\scenic\domains\driving\model.scenic...
        Compiling Scenic module from D:\SIP2026\Scenic\src\scenic\domains\driving\behaviors.scenic...
        Compiled Scenic module in 0.3066 seconds.
      Loading cached version of road network...
      Loaded cached network in 0.11 seconds.
      Compiled Scenic module in 1.455 seconds.
    Compiled Scenic module in 1.562 seconds.
  Compiled Scenic module in 1.976 seconds.
  Pruning scenario...
  Pruned scenario in 0 seconds.
counted:  {'distractor_cars': 12}
[episode 24] PASSED: {'ego_on_intersection': 1, 'intersection_has_cars': 1, 'distractor_cars': 12, 'has_brake_checker': 1, 'intersection_cars': 2, 'has_cluster': 1, 'maximum_distractor_speed': 10, 'distance_to_nearest': 10, 'cluster_dist': 5, 'brake_dist': 35}
[episode 24] SCENE : {'ego_on_intersection': 1, 'intersection_has_cars': 1, 'distractor_cars': 12, 'has_brake_checker': 1, 'intersection_cars': 2, 'has_cluster': 1, 'maximum_distractor_speed': 10, 'distance_to_nearest': 10, 'cluster_dist': 5, 'brake_dist': 35, 'map': WindowsPath('D:/SIP2026/ACL-experiments/Metadrive/CARLA/Town01.xodr'), 'carla_map': 'Town01', 'use2DMap': True, 'map_options': {}, 'sumo_map': 'D:\\SIP2026\\ACL-experiments\\Metadrive\\CARLA\\Town01.net.xml', 'timestep': 0.1, 'render': 1, 'render3D': 0, 'real_time': 1, 'time_step': 0.1, 'verifaiSamplerType': 'halton', 'select_lane': <Lane at 0x279f69d5450; uid="road2_lane0">}
[episode 24] params: {'ego_on_intersection': 1, 'intersection_has_cars': 1, 'distractor_cars': 12, 'has_brake_checker': 1, 'intersection_cars': 2, 'has_cluster': 1, 'maximum_distractor_speed': 10, 'distance_to_nearest': 10, 'cluster_dist': 5, 'brake_dist': 35, 'map': WindowsPath('D:/SIP2026/ACL-experiments/Metadrive/CARLA/Town01.xodr'), 'carla_map': 'Town01', 'use2DMap': True, 'map_options': {}, 'sumo_map': 'D:\\SIP2026\\ACL-experiments\\Metadrive\\CARLA\\Town01.net.xml', 'timestep': 0.1, 'render': 1, 'render3D': 0, 'real_time': 1, 'time_step': 0.1, 'verifaiSamplerType': 'halton', 'select_lane': <Lane at 0x279f69d5450; uid="road2_lane0">}
Selected destination was: lane_:143_4_0, ['lane_-6_0', 'lane_:143_4_0']
Selected destination was: lane_:87_6_0, ['lane_-7_0', 'lane_:7.14_1_0', 'lane_14_0', 'lane_:8.14_0_0', 'lane_-8_0', 'lane_:8.11_1_0', 'lane_11_0', 'lane_:11.0_0_0', 'lane_-0_0', 'lane_:26_0_0', 'lane_-1_0', 'lane_:54_0_0', 'lane_-2_0', 'lane_:110_0_0', 'lane_-3_0', 'lane_:3.13_0_0', 'lane_13_0', 'lane_:15.13_0_0', 'lane_-15_0', 'lane_:20.15_0_0', 'lane_20_0', 'lane_:5.20_1_0', 'lane_-5_0', 'lane_:87_3_0', 'lane_:87_6_0']
Selected destination was: lane_:332_3_0, ['lane_-4_0', 'lane_:278_5_0', 'lane_17_0', 'lane_:222_3_0', 'lane_10_0', 'lane_:332_3_0']
Selected destination was: lane_16_0, ['lane_22_0', 'lane_:171_2_0', 'lane_-9_0', 'lane_:332_4_0', 'lane_-10_0', 'lane_:222_5_0', 'lane_16_0']
Selected destination was: lane_-11_0, ['lane_:143_4_0', 'lane_-7_0', 'lane_:7.14_1_0', 'lane_14_0', 'lane_:8.14_0_0', 'lane_-8_0', 'lane_:8.11_1_0', 'lane_11_0', 'lane_:11.0_0_0', 'lane_-0_0', 'lane_:26_0_0', 'lane_-1_0', 'lane_:54_1_0', 'lane_-25_0', 'lane_:332_1_0', 'lane_-10_0', 'lane_:222_5_0', 'lane_16_0', 'lane_:26_2_0', 'lane_0_0', 'lane_:11.0_1_0', 'lane_-11_0']
Selected destination was: lane_:143_1_0, ['lane_-7_0', 'lane_:7.14_1_0', 'lane_14_0', 'lane_:8.14_0_0', 'lane_-8_0', 'lane_:8.11_1_0', 'lane_11_0', 'lane_:11.0_0_0', 'lane_-0_0', 'lane_:26_1_0', 'lane_-16_0', 'lane_:222_1_0', 'lane_-17_0', 'lane_:278_1_0', 'lane_-18_0', 'lane_:194_1_0', 'lane_-19_0', 'lane_:143_1_0']
Selected destination was: lane_:222_0_0, ['lane_:332_3_0', 'lane_9_0', 'lane_:171_0_0', 'lane_21_0', 'lane_:110_2_0', 'lane_2_0', 'lane_:54_5_0', 'lane_1_0', 'lane_:26_4_0', 'lane_-16_0', 'lane_:222_0_0']
Selected destination was: lane_:143_2_0, ['lane_:222_4_0', 'lane_-17_0', 'lane_:278_0_0', 'lane_4_0', 'lane_:306_0_0', 'lane_22_0', 'lane_:171_2_0', 'lane_-9_0', 'lane_:332_4_0', 'lane_-10_0', 'lane_:222_5_0', 'lane_16_0', 'lane_:26_2_0', 'lane_0_0', 'lane_:11.0_1_0', 'lane_-11_0', 'lane_:8.11_0_0', 'lane_8_0', 'lane_:8.14_1_0', 'lane_-14_0', 'lane_:7.14_0_0', 'lane_7_0', 'lane_:143_2_0']
Selected destination was: lane_:26_4_0, ['lane_:306_2_0', 'lane_-4_0', 'lane_:278_5_0', 'lane_17_0', 'lane_:222_3_0', 'lane_10_0', 'lane_:332_2_0', 'lane_25_0', 'lane_:54_2_0', 'lane_1_0', 'lane_:26_4_0']
Selected destination was: lane_:278_2_0, ['lane_:87_5_0', 'lane_-6_0', 'lane_:143_5_0', 'lane_19_0', 'lane_:194_2_0', 'lane_18_0', 'lane_:278_2_0']
Selected destination was: lane_9_0, ['lane_-13_0', 'lane_:3.13_1_0', 'lane_3_0', 'lane_:110_5_0', 'lane_2_0', 'lane_:54_4_0', 'lane_-25_0', 'lane_:332_0_0', 'lane_9_0']
Selected destination was: lane_:87_4_0, ['lane_0_0', 'lane_:11.0_1_0', 'lane_-11_0', 'lane_:8.11_0_0', 'lane_8_0', 'lane_:8.14_1_0', 'lane_-14_0', 'lane_:7.14_0_0', 'lane_7_0', 'lane_:143_2_0', 'lane_19_0', 'lane_:194_3_0', 'lane_12_0', 'lane_:255_1_0', 'lane_-24_0', 'lane_:87_4_0']
Selected destination was: lane_:54_6_0, ['lane_:278_5_0', 'lane_17_0', 'lane_:222_2_0', 'lane_16_0', 'lane_:26_3_0', 'lane_-1_0', 'lane_:54_1_0', 'lane_:54_6_0']
Selected destination was: lane_:7.14_1_0, ['lane_:171_4_0', 'lane_-22_0', 'lane_:306_4_0', 'lane_-23_0', 'lane_:255_4_0', 'lane_-24_0', 'lane_:87_5_0', 'lane_-6_0', 'lane_:143_4_0', 'lane_-7_0', 'lane_:7.14_1_0']
24
SPS: 28
Terminating episode
  Compiling Scenic module from D:\SIP2026\ACL-experiments\Metadrive\policy\scenarios\driver.scenic...
    Compiling Scenic module from D:\SIP2026\Scenic\src\scenic\simulators\metadrive\model.scenic...
      Compiling Scenic module from D:\SIP2026\Scenic\src\scenic\domains\driving\model.scenic...
        Compiling Scenic module from D:\SIP2026\Scenic\src\scenic\domains\driving\behaviors.scenic...
        Compiled Scenic module in 0.5501 seconds.
      Loading cached version of road network...
      Loaded cached network in 0.21 seconds.
      Compiled Scenic module in 1.317 seconds.
    Compiled Scenic module in 1.534 seconds.
  Compiled Scenic module in 2.066 seconds.
  Pruning scenario...
  Pruned scenario in 0 seconds.
counted:  {'distractor_cars': 0}
[episode 25] PASSED: {'ego_on_intersection': 0, 'intersection_has_cars': 0, 'distractor_cars': 0, 'has_brake_checker': 1, 'intersection_cars': 0, 'has_cluster': 0, 'maximum_distractor_speed': 20, 'distance_to_nearest': 5, 'cluster_dist': 15, 'brake_dist': 55}
[episode 25] SCENE : {'ego_on_intersection': 0, 'intersection_has_cars': 0, 'distractor_cars': 0, 'has_brake_checker': 1, 'intersection_cars': 0, 'has_cluster': 0, 'maximum_distractor_speed': 20, 'distance_to_nearest': 5, 'cluster_dist': 15, 'brake_dist': 55, 'map': WindowsPath('D:/SIP2026/ACL-experiments/Metadrive/CARLA/Town01.xodr'), 'carla_map': 'Town01', 'use2DMap': True, 'map_options': {}, 'sumo_map': 'D:\\SIP2026\\ACL-experiments\\Metadrive\\CARLA\\Town01.net.xml', 'timestep': 0.1, 'render': 1, 'render3D': 0, 'real_time': 1, 'time_step': 0.1, 'verifaiSamplerType': 'halton', 'select_lane': <Lane at 0x27983ded4b0; uid="road15_lane0">}
[episode 25] params: {'ego_on_intersection': 0, 'intersection_has_cars': 0, 'distractor_cars': 0, 'has_brake_checker': 1, 'intersection_cars': 0, 'has_cluster': 0, 'maximum_distractor_speed': 20, 'distance_to_nearest': 5, 'cluster_dist': 15, 'brake_dist': 55, 'map': WindowsPath('D:/SIP2026/ACL-experiments/Metadrive/CARLA/Town01.xodr'), 'carla_map': 'Town01', 'use2DMap': True, 'map_options': {}, 'sumo_map': 'D:\\SIP2026\\ACL-experiments\\Metadrive\\CARLA\\Town01.net.xml', 'timestep': 0.1, 'render': 1, 'render3D': 0, 'real_time': 1, 'time_step': 0.1, 'verifaiSamplerType': 'halton', 'select_lane': <Lane at 0x27983ded4b0; uid="road15_lane0">}
Selected destination was: lane_23_0, ['lane_-15_0', 'lane_:20.15_0_0', 'lane_20_0', 'lane_:5.20_1_0', 'lane_-5_0', 'lane_:87_3_0', 'lane_24_0', 'lane_:255_3_0', 'lane_23_0']
Selected destination was: lane_:87_4_0, ['lane_-15_0', 'lane_:20.15_0_0', 'lane_20_0', 'lane_:5.20_1_0', 'lane_-5_0', 'lane_:87_2_0', 'lane_-6_0', 'lane_:143_5_0', 'lane_19_0', 'lane_:194_3_0', 'lane_12_0', 'lane_:255_1_0', 'lane_-24_0', 'lane_:87_4_0']
25
Terminating Early!
Terminating episode
  Compiling Scenic module from D:\SIP2026\ACL-experiments\Metadrive\policy\scenarios\driver.scenic...
    Compiling Scenic module from D:\SIP2026\Scenic\src\scenic\simulators\metadrive\model.scenic...
      Compiling Scenic module from D:\SIP2026\Scenic\src\scenic\domains\driving\model.scenic...
        Compiling Scenic module from D:\SIP2026\Scenic\src\scenic\domains\driving\behaviors.scenic...
        Compiled Scenic module in 1.471 seconds.
      Loading cached version of road network...
      Loaded cached network in 0.17 seconds.
      Compiled Scenic module in 2.092 seconds.
    Compiled Scenic module in 2.22 seconds.
  Compiled Scenic module in 2.788 seconds.
  Pruning scenario...
  Pruned scenario in 0 seconds.
counted:  {'distractor_cars': 18}
[episode 26] PASSED: {'ego_on_intersection': 1, 'intersection_has_cars': 1, 'distractor_cars': 18, 'has_brake_checker': 1, 'intersection_cars': 2, 'has_cluster': 0, 'maximum_distractor_speed': 10, 'distance_to_nearest': 10, 'cluster_dist': 15, 'brake_dist': 20}
[episode 26] SCENE : {'ego_on_intersection': 1, 'intersection_has_cars': 1, 'distractor_cars': 18, 'has_brake_checker': 1, 'intersection_cars': 2, 'has_cluster': 0, 'maximum_distractor_speed': 10, 'distance_to_nearest': 10, 'cluster_dist': 15, 'brake_dist': 20, 'map': WindowsPath('D:/SIP2026/ACL-experiments/Metadrive/CARLA/Town01.xodr'), 'carla_map': 'Town01', 'use2DMap': True, 'map_options': {}, 'sumo_map': 'D:\\SIP2026\\ACL-experiments\\Metadrive\\CARLA\\Town01.net.xml', 'timestep': 0.1, 'render': 1, 'render3D': 0, 'real_time': 1, 'time_step': 0.1, 'verifaiSamplerType': 'halton', 'select_lane': <Lane at 0x279825fae60; uid="road339_lane0">}
[episode 26] params: {'ego_on_intersection': 1, 'intersection_has_cars': 1, 'distractor_cars': 18, 'has_brake_checker': 1, 'intersection_cars': 2, 'has_cluster': 0, 'maximum_distractor_speed': 10, 'distance_to_nearest': 10, 'cluster_dist': 15, 'brake_dist': 20, 'map': WindowsPath('D:/SIP2026/ACL-experiments/Metadrive/CARLA/Town01.xodr'), 'carla_map': 'Town01', 'use2DMap': True, 'map_options': {}, 'sumo_map': 'D:\\SIP2026\\ACL-experiments\\Metadrive\\CARLA\\Town01.net.xml', 'timestep': 0.1, 'render': 1, 'render3D': 0, 'real_time': 1, 'time_step': 0.1, 'verifaiSamplerType': 'halton', 'select_lane': <Lane at 0x279825fae60; uid="road339_lane0">}
Selected destination was: lane_:26_5_0, ['lane_9_0', 'lane_:171_0_0', 'lane_21_0', 'lane_:110_2_0', 'lane_2_0', 'lane_:54_5_0', 'lane_1_0', 'lane_:26_5_0']
Selected destination was: lane_-22_0, ['lane_9_0', 'lane_:171_1_0', 'lane_-22_0']
Selected destination was: lane_-10_0, ['lane_:332_3_0', 'lane_9_0', 'lane_:171_0_0', 'lane_21_0', 'lane_:110_2_0', 'lane_2_0', 'lane_:54_4_0', 'lane_-25_0', 'lane_:332_1_0', 'lane_-10_0']
Selected destination was: lane_:87_4_0, ['lane_2_0', 'lane_:54_4_0', 'lane_-25_0', 'lane_:332_0_0', 'lane_9_0', 'lane_:171_1_0', 'lane_-22_0', 'lane_:306_4_0', 'lane_-23_0', 'lane_:255_4_0', 'lane_-24_0', 'lane_:87_4_0']
Selected destination was: lane_18_0, ['lane_9_0', 'lane_:171_1_0', 'lane_-22_0', 'lane_:306_4_0', 'lane_-23_0', 'lane_:255_5_0', 'lane_-12_0', 'lane_:194_5_0', 'lane_18_0']
Selected destination was: lane_:26_2_0, ['lane_:54_3_0', 'lane_-2_0', 'lane_:110_1_0', 'lane_-21_0', 'lane_:171_5_0', 'lane_-9_0', 'lane_:332_4_0', 'lane_-10_0', 'lane_:222_5_0', 'lane_16_0', 'lane_:26_2_0']
Selected destination was: lane_:3.13_1_0, ['lane_11_0', 'lane_:11.0_0_0', 'lane_-0_0', 'lane_:26_1_0', 'lane_-16_0', 'lane_:222_1_0', 'lane_-17_0', 'lane_:278_0_0', 'lane_4_0', 'lane_:306_1_0', 'lane_-23_0', 'lane_:255_4_0', 'lane_-24_0', 'lane_:87_4_0', 'lane_5_0', 'lane_:5.20_0_0', 'lane_-20_0', 'lane_:20.15_1_0', 'lane_15_0', 'lane_:15.13_1_0', 'lane_-13_0', 'lane_:3.13_1_0']
Selected destination was: lane_-19_0, ['lane_:306_4_0', 'lane_-23_0', 'lane_:255_5_0', 'lane_-12_0', 'lane_:194_4_0', 'lane_-19_0']
Selected destination was: lane_-17_0, ['lane_:54_0_0', 'lane_-2_0', 'lane_:110_1_0', 'lane_-21_0', 'lane_:171_5_0', 'lane_-9_0', 'lane_:332_4_0', 'lane_-10_0', 'lane_:222_4_0', 'lane_-17_0']
Selected destination was: lane_:20.15_0_0, ['lane_14_0', 'lane_:8.14_0_0', 'lane_-8_0', 'lane_:8.11_1_0', 'lane_11_0', 'lane_:11.0_0_0', 'lane_-0_0', 'lane_:26_0_0', 'lane_-1_0', 'lane_:54_0_0', 'lane_-2_0', 'lane_:110_0_0', 'lane_-3_0', 'lane_:3.13_0_0', 'lane_13_0', 'lane_:15.13_0_0', 'lane_-15_0', 'lane_:20.15_0_0']
Selected destination was: lane_:8.11_1_0, ['lane_-24_0', 'lane_:87_5_0', 'lane_-6_0', 'lane_:143_4_0', 'lane_-7_0', 'lane_:7.14_1_0', 'lane_14_0', 'lane_:8.14_0_0', 'lane_-8_0', 'lane_:8.11_1_0']
Selected destination was: lane_:306_6_0, ['lane_-9_0', 'lane_:332_5_0', 'lane_25_0', 'lane_:54_3_0', 'lane_-2_0', 'lane_:110_1_0', 'lane_-21_0', 'lane_:171_4_0', 'lane_-22_0', 'lane_:306_5_0', 'lane_:306_6_0']
Selected destination was: lane_:8.14_1_0, ['lane_-15_0', 'lane_:20.15_0_0', 'lane_20_0', 'lane_:5.20_1_0', 'lane_-5_0', 'lane_:87_2_0', 'lane_-6_0', 'lane_:143_5_0', 'lane_19_0', 'lane_:194_2_0', 'lane_18_0', 'lane_:278_2_0', 'lane_17_0', 'lane_:222_2_0', 'lane_16_0', 'lane_:26_2_0', 'lane_0_0', 'lane_:11.0_1_0', 'lane_-11_0', 'lane_:8.11_0_0', 'lane_8_0', 'lane_:8.14_1_0']
Selected destination was: lane_:194_5_0, ['lane_:26_0_0', 'lane_-1_0', 'lane_:54_0_0', 'lane_-2_0', 'lane_:110_1_0', 'lane_-21_0', 'lane_:171_4_0', 'lane_-22_0', 'lane_:306_4_0', 'lane_-23_0', 'lane_:255_5_0', 'lane_-12_0', 'lane_:194_5_0']
Selected destination was: lane_:143_2_0, ['lane_18_0', 'lane_:278_2_0', 'lane_17_0', 'lane_:222_2_0', 'lane_16_0', 'lane_:26_2_0', 'lane_0_0', 'lane_:11.0_1_0', 'lane_-11_0', 'lane_:8.11_0_0', 'lane_8_0', 'lane_:8.14_1_0', 'lane_-14_0', 'lane_:7.14_0_0', 'lane_7_0', 'lane_:143_2_0']
Selected destination was: lane_:87_6_0, ['lane_-10_0', 'lane_:222_5_0', 'lane_16_0', 'lane_:26_3_0', 'lane_-1_0', 'lane_:54_0_0', 'lane_-2_0', 'lane_:110_0_0', 'lane_-3_0', 'lane_:3.13_0_0', 'lane_13_0', 'lane_:15.13_0_0', 'lane_-15_0', 'lane_:20.15_0_0', 'lane_20_0', 'lane_:5.20_1_0', 'lane_-5_0', 'lane_:87_3_0', 'lane_:87_6_0']
Selected destination was: lane_:87_2_0, ['lane_:171_2_0', 'lane_-9_0', 'lane_:332_5_0', 'lane_25_0', 'lane_:54_3_0', 'lane_-2_0', 'lane_:110_0_0', 'lane_-3_0', 'lane_:3.13_0_0', 'lane_13_0', 'lane_:15.13_0_0', 'lane_-15_0', 'lane_:20.15_0_0', 'lane_20_0', 'lane_:5.20_1_0', 'lane_-5_0', 'lane_:87_2_0']
Selected destination was: lane_-9_0, ['lane_:143_6_0', 'lane_19_0', 'lane_:194_2_0', 'lane_18_0', 'lane_:278_3_0', 'lane_4_0', 'lane_:306_0_0', 'lane_22_0', 'lane_:171_2_0', 'lane_-9_0']
Selected destination was: lane_4_0, ['lane_:143_1_0', 'lane_-7_0', 'lane_:7.14_1_0', 'lane_14_0', 'lane_:8.14_0_0', 'lane_-8_0', 'lane_:8.11_1_0', 'lane_11_0', 'lane_:11.0_0_0', 'lane_-0_0', 'lane_:26_1_0', 'lane_-16_0', 'lane_:222_1_0', 'lane_-17_0', 'lane_:278_0_0', 'lane_4_0']
Selected destination was: lane_:255_6_0, ['lane_:332_1_0', 'lane_-10_0', 'lane_:222_4_0', 'lane_-17_0', 'lane_:278_0_0', 'lane_4_0', 'lane_:306_1_0', 'lane_-23_0', 'lane_:255_5_0', 'lane_:255_6_0']
26
Terminating Early!
Terminating episode
[read_scene_bytes] id=0 took_path=scenario
[read_scene_bytes] id=6 took_path=scenario
  Compiling Scenic module from D:\SIP2026\ACL-experiments\Metadrive\policy\scenarios\driver.scenic...
    Compiling Scenic module from D:\SIP2026\Scenic\src\scenic\simulators\metadrive\model.scenic...
      Compiling Scenic module from D:\SIP2026\Scenic\src\scenic\domains\driving\model.scenic...
        Compiling Scenic module from D:\SIP2026\Scenic\src\scenic\domains\driving\behaviors.scenic...
        Compiled Scenic module in 0.742 seconds.
      Loading cached version of road network...
      Loaded cached network in 0.16 seconds.
      Compiled Scenic module in 1.478 seconds.
    Compiled Scenic module in 1.681 seconds.
  Compiled Scenic module in 2.273 seconds.
  Pruning scenario...
  Pruned scenario in 0 seconds.
counted:  {'distractor_cars': 4}
[episode 27] PASSED: {'select_lane': <Lane at 0x279dd576e90; uid="road83_lane0">, 'ego_on_intersection': 0, 'intersection_has_cars': 0, 'distractor_cars': 4, 'has_brake_checker': 0, 'intersection_cars': 1, 'has_cluster': 1, 'maximum_distractor_speed': 20, 'distance_to_nearest': 40, 'cluster_dist': 5, 'brake_dist': 10}
[episode 27] SCENE : {'select_lane': <Lane at 0x279dd576e90; uid="road83_lane0">, 'ego_on_intersection': 0, 'intersection_has_cars': 0, 'distractor_cars': 4, 'has_brake_checker': 0, 'intersection_cars': 1, 'has_cluster': 1, 'maximum_distractor_speed': 20, 'distance_to_nearest': 40, 'cluster_dist': 5, 'brake_dist': 10, 'map': WindowsPath('D:/SIP2026/ACL-experiments/Metadrive/CARLA/Town01.xodr'), 'carla_map': 'Town01', 'use2DMap': True, 'map_options': {}, 'sumo_map': 'D:\\SIP2026\\ACL-experiments\\Metadrive\\CARLA\\Town01.net.xml', 'timestep': 0.1, 'render': 1, 'render3D': 0, 'real_time': 1, 'time_step': 0.1, 'verifaiSamplerType': 'halton'}
[episode 27] params: {'select_lane': <Lane at 0x279dd576e90; uid="road83_lane0">, 'ego_on_intersection': 0, 'intersection_has_cars': 0, 'distractor_cars': 4, 'has_brake_checker': 0, 'intersection_cars': 1, 'has_cluster': 1, 'maximum_distractor_speed': 20, 'distance_to_nearest': 40, 'cluster_dist': 5, 'brake_dist': 10, 'map': WindowsPath('D:/SIP2026/ACL-experiments/Metadrive/CARLA/Town01.xodr'), 'carla_map': 'Town01', 'use2DMap': True, 'map_options': {}, 'sumo_map': 'D:\\SIP2026\\ACL-experiments\\Metadrive\\CARLA\\Town01.net.xml', 'timestep': 0.1, 'render': 1, 'render3D': 0, 'real_time': 1, 'time_step': 0.1, 'verifaiSamplerType': 'halton'}
Selected destination was: lane_-2_0, ['lane_:54_5_0', 'lane_1_0', 'lane_:26_4_0', 'lane_-16_0', 'lane_:222_0_0', 'lane_10_0', 'lane_:332_2_0', 'lane_25_0', 'lane_:54_3_0', 'lane_-2_0']
Selected destination was: lane_19_0, ['lane_:54_4_0', 'lane_-25_0', 'lane_:332_0_0', 'lane_9_0', 'lane_:171_1_0', 'lane_-22_0', 'lane_:306_4_0', 'lane_-23_0', 'lane_:255_4_0', 'lane_-24_0', 'lane_:87_5_0', 'lane_-6_0', 'lane_:143_5_0', 'lane_19_0']
Selected destination was: lane_:110_5_0, ['lane_1_0', 'lane_:26_4_0', 'lane_-16_0', 'lane_:222_1_0', 'lane_-17_0', 'lane_:278_0_0', 'lane_4_0', 'lane_:306_1_0', 'lane_-23_0', 'lane_:255_4_0', 'lane_-24_0', 'lane_:87_4_0', 'lane_5_0', 'lane_:5.20_0_0', 'lane_-20_0', 'lane_:20.15_1_0', 'lane_15_0', 'lane_:15.13_1_0', 'lane_-13_0', 'lane_:3.13_1_0', 'lane_3_0', 'lane_:110_5_0']
Selected destination was: lane_:110_0_0, ['lane_1_0', 'lane_:26_4_0', 'lane_-16_0', 'lane_:222_0_0', 'lane_10_0', 'lane_:332_2_0', 'lane_25_0', 'lane_:54_3_0', 'lane_-2_0', 'lane_:110_0_0']
Selected destination was: lane_:20.15_1_0, ['lane_1_0', 'lane_:26_4_0', 'lane_-16_0', 'lane_:222_1_0', 'lane_-17_0', 'lane_:278_0_0', 'lane_4_0', 'lane_:306_1_0', 'lane_-23_0', 'lane_:255_4_0', 'lane_-24_0', 'lane_:87_4_0', 'lane_5_0', 'lane_:5.20_0_0', 'lane_-20_0', 'lane_:20.15_1_0']
27
Terminating Early!
Terminating episode
  Compiling Scenic module from D:\SIP2026\ACL-experiments\Metadrive\policy\scenarios\driver.scenic...
    Compiling Scenic module from D:\SIP2026\Scenic\src\scenic\simulators\metadrive\model.scenic...
      Compiling Scenic module from D:\SIP2026\Scenic\src\scenic\domains\driving\model.scenic...
        Compiling Scenic module from D:\SIP2026\Scenic\src\scenic\domains\driving\behaviors.scenic...
        Compiled Scenic module in 0.568 seconds.
      Loading cached version of road network...
      Loaded cached network in 0.23 seconds.
      Compiled Scenic module in 1.274 seconds.
    Compiled Scenic module in 1.526 seconds.
  Compiled Scenic module in 2.089 seconds.
  Pruning scenario...
  Pruned scenario in 0 seconds.
counted:  {'distractor_cars': 12}
[episode 28] PASSED: {'ego_on_intersection': 1, 'intersection_has_cars': 0, 'distractor_cars': 12, 'has_brake_checker': 0, 'intersection_cars': 1, 'has_cluster': 0, 'maximum_distractor_speed': 5, 'distance_to_nearest': 40, 'cluster_dist': 5, 'brake_dist': 10}
[episode 28] SCENE : {'ego_on_intersection': 1, 'intersection_has_cars': 0, 'distractor_cars': 12, 'has_brake_checker': 0, 'intersection_cars': 1, 'has_cluster': 0, 'maximum_distractor_speed': 5, 'distance_to_nearest': 40, 'cluster_dist': 5, 'brake_dist': 10, 'map': WindowsPath('D:/SIP2026/ACL-experiments/Metadrive/CARLA/Town01.xodr'), 'carla_map': 'Town01', 'use2DMap': True, 'map_options': {}, 'sumo_map': 'D:\\SIP2026\\ACL-experiments\\Metadrive\\CARLA\\Town01.net.xml', 'timestep': 0.1, 'render': 1, 'render3D': 0, 'real_time': 1, 'time_step': 0.1, 'verifaiSamplerType': 'halton', 'select_lane': <Lane at 0x2798424a2c0; uid="road11_lane0">}
[episode 28] params: {'ego_on_intersection': 1, 'intersection_has_cars': 0, 'distractor_cars': 12, 'has_brake_checker': 0, 'intersection_cars': 1, 'has_cluster': 0, 'maximum_distractor_speed': 5, 'distance_to_nearest': 40, 'cluster_dist': 5, 'brake_dist': 10, 'map': WindowsPath('D:/SIP2026/ACL-experiments/Metadrive/CARLA/Town01.xodr'), 'carla_map': 'Town01', 'use2DMap': True, 'map_options': {}, 'sumo_map': 'D:\\SIP2026\\ACL-experiments\\Metadrive\\CARLA\\Town01.net.xml', 'timestep': 0.1, 'render': 1, 'render3D': 0, 'real_time': 1, 'time_step': 0.1, 'verifaiSamplerType': 'halton', 'select_lane': <Lane at 0x2798424a2c0; uid="road11_lane0">}
Selected destination was: lane_:26_3_0, ['lane_:306_2_0', 'lane_-4_0', 'lane_:278_5_0', 'lane_17_0', 'lane_:222_2_0', 'lane_16_0', 'lane_:26_3_0']
Selected destination was: lane_:15.13_0_0, ['lane_-18_0', 'lane_:194_0_0', 'lane_12_0', 'lane_:255_0_0', 'lane_23_0', 'lane_:306_3_0', 'lane_22_0', 'lane_:171_3_0', 'lane_21_0', 'lane_:110_3_0', 'lane_-3_0', 'lane_:3.13_0_0', 'lane_13_0', 'lane_:15.13_0_0']
Selected destination was: lane_:332_1_0, ['lane_-4_0', 'lane_:278_5_0', 'lane_17_0', 'lane_:222_2_0', 'lane_16_0', 'lane_:26_3_0', 'lane_-1_0', 'lane_:54_1_0', 'lane_-25_0', 'lane_:332_1_0']
Selected destination was: lane_1_0, ['lane_:87_2_0', 'lane_-6_0', 'lane_:143_5_0', 'lane_19_0', 'lane_:194_2_0', 'lane_18_0', 'lane_:278_2_0', 'lane_17_0', 'lane_:222_3_0', 'lane_10_0', 'lane_:332_2_0', 'lane_25_0', 'lane_:54_2_0', 'lane_1_0']
Selected destination was: lane_10_0, ['lane_:222_4_0', 'lane_-17_0', 'lane_:278_0_0', 'lane_4_0', 'lane_:306_1_0', 'lane_-23_0', 'lane_:255_5_0', 'lane_-12_0', 'lane_:194_5_0', 'lane_18_0', 'lane_:278_2_0', 'lane_17_0', 'lane_:222_3_0', 'lane_10_0']
Selected destination was: lane_-25_0, ['lane_-0_0', 'lane_:26_0_0', 'lane_-1_0', 'lane_:54_1_0', 'lane_-25_0']
Selected destination was: lane_:278_3_0, ['lane_:54_3_0', 'lane_-2_0', 'lane_:110_1_0', 'lane_-21_0', 'lane_:171_4_0', 'lane_-22_0', 'lane_:306_4_0', 'lane_-23_0', 'lane_:255_5_0', 'lane_-12_0', 'lane_:194_5_0', 'lane_18_0', 'lane_:278_3_0']
Selected destination was: lane_:143_3_0, ['lane_:171_2_0', 'lane_-9_0', 'lane_:332_4_0', 'lane_-10_0', 'lane_:222_5_0', 'lane_16_0', 'lane_:26_2_0', 'lane_0_0', 'lane_:11.0_1_0', 'lane_-11_0', 'lane_:8.11_0_0', 'lane_8_0', 'lane_:8.14_1_0', 'lane_-14_0', 'lane_:7.14_0_0', 'lane_7_0', 'lane_:143_3_0']
Selected destination was: lane_:306_2_0, ['lane_-1_0', 'lane_:54_1_0', 'lane_-25_0', 'lane_:332_1_0', 'lane_-10_0', 'lane_:222_4_0', 'lane_-17_0', 'lane_:278_1_0', 'lane_-18_0', 'lane_:194_0_0', 'lane_12_0', 'lane_:255_0_0', 'lane_23_0', 'lane_:306_2_0']
Selected destination was: lane_:54_2_0, ['lane_:222_1_0', 'lane_-17_0', 'lane_:278_0_0', 'lane_4_0', 'lane_:306_0_0', 'lane_22_0', 'lane_:171_2_0', 'lane_-9_0', 'lane_:332_5_0', 'lane_25_0', 'lane_:54_2_0']
Selected destination was: lane_-0_0, ['lane_:26_5_0', 'lane_0_0', 'lane_:11.0_1_0', 'lane_-11_0', 'lane_:8.11_0_0', 'lane_8_0', 'lane_:8.14_1_0', 'lane_-14_0', 'lane_:7.14_0_0', 'lane_7_0', 'lane_:143_2_0', 'lane_19_0', 'lane_:194_3_0', 'lane_12_0', 'lane_:255_1_0', 'lane_-24_0', 'lane_:87_5_0', 'lane_-6_0', 'lane_:143_4_0', 'lane_-7_0', 'lane_:7.14_1_0', 'lane_14_0', 'lane_:8.14_0_0', 'lane_-8_0', 'lane_:8.11_1_0', 'lane_11_0', 'lane_:11.0_0_0', 'lane_-0_0']
Selected destination was: lane_5_0, ['lane_:255_2_0', 'lane_-12_0', 'lane_:194_4_0', 'lane_-19_0', 'lane_:143_0_0', 'lane_6_0', 'lane_:87_1_0', 'lane_5_0']
Selected destination was: lane_:222_4_0, ['lane_11_0', 'lane_:11.0_0_0', 'lane_-0_0', 'lane_:26_0_0', 'lane_-1_0', 'lane_:54_1_0', 'lane_-25_0', 'lane_:332_1_0', 'lane_-10_0', 'lane_:222_4_0']
28
Terminating Early!
Terminating episode
[read_scene_bytes] id=27 took_path=scenario
[read_scene_bytes] id=9 took_path=scenario
  Compiling Scenic module from D:\SIP2026\ACL-experiments\Metadrive\policy\scenarios\driver.scenic...
    Compiling Scenic module from D:\SIP2026\Scenic\src\scenic\simulators\metadrive\model.scenic...
      Compiling Scenic module from D:\SIP2026\Scenic\src\scenic\domains\driving\model.scenic...
        Compiling Scenic module from D:\SIP2026\Scenic\src\scenic\domains\driving\behaviors.scenic...
        Compiled Scenic module in 0.4361 seconds.
      Loading cached version of road network...
      Loaded cached network in 0.15 seconds.
      Compiled Scenic module in 1.137 seconds.
    Compiled Scenic module in 2.553 seconds.
  Compiled Scenic module in 3.001 seconds.
  Pruning scenario...
  Pruned scenario in 0 seconds.
counted:  {'distractor_cars': 12}
[episode 29] PASSED: {'select_lane': <Lane at 0x279dcdacd90; uid="road3_lane0">, 'ego_on_intersection': 0, 'intersection_has_cars': 0, 'distractor_cars': 12, 'has_brake_checker': 1, 'intersection_cars': 1, 'has_cluster': 0, 'maximum_distractor_speed': 5, 'distance_to_nearest': 40, 'cluster_dist': 5, 'brake_dist': 55}
[episode 29] SCENE : {'select_lane': <Lane at 0x279dcdacd90; uid="road3_lane0">, 'ego_on_intersection': 0, 'intersection_has_cars': 0, 'distractor_cars': 12, 'has_brake_checker': 1, 'intersection_cars': 1, 'has_cluster': 0, 'maximum_distractor_speed': 5, 'distance_to_nearest': 40, 'cluster_dist': 5, 'brake_dist': 55, 'map': WindowsPath('D:/SIP2026/ACL-experiments/Metadrive/CARLA/Town01.xodr'), 'carla_map': 'Town01', 'use2DMap': True, 'map_options': {}, 'sumo_map': 'D:\\SIP2026\\ACL-experiments\\Metadrive\\CARLA\\Town01.net.xml', 'timestep': 0.1, 'render': 1, 'render3D': 0, 'real_time': 1, 'time_step': 0.1, 'verifaiSamplerType': 'halton'}
[episode 29] params: {'select_lane': <Lane at 0x279dcdacd90; uid="road3_lane0">, 'ego_on_intersection': 0, 'intersection_has_cars': 0, 'distractor_cars': 12, 'has_brake_checker': 1, 'intersection_cars': 1, 'has_cluster': 0, 'maximum_distractor_speed': 5, 'distance_to_nearest': 40, 'cluster_dist': 5, 'brake_dist': 55, 'map': WindowsPath('D:/SIP2026/ACL-experiments/Metadrive/CARLA/Town01.xodr'), 'carla_map': 'Town01', 'use2DMap': True, 'map_options': {}, 'sumo_map': 'D:\\SIP2026\\ACL-experiments\\Metadrive\\CARLA\\Town01.net.xml', 'timestep': 0.1, 'render': 1, 'render3D': 0, 'real_time': 1, 'time_step': 0.1, 'verifaiSamplerType': 'halton'}
Selected destination was: lane_:332_5_0, ['lane_-3_0', 'lane_:3.13_0_0', 'lane_13_0', 'lane_:15.13_0_0', 'lane_-15_0', 'lane_:20.15_0_0', 'lane_20_0', 'lane_:5.20_1_0', 'lane_-5_0', 'lane_:87_3_0', 'lane_24_0', 'lane_:255_3_0', 'lane_23_0', 'lane_:306_3_0', 'lane_22_0', 'lane_:171_2_0', 'lane_-9_0', 'lane_:332_5_0']
Selected destination was: lane_:26_4_0, ['lane_-3_0', 'lane_:3.13_0_0', 'lane_13_0', 'lane_:15.13_0_0', 'lane_-15_0', 'lane_:20.15_0_0', 'lane_20_0', 'lane_:5.20_1_0', 'lane_-5_0', 'lane_:87_3_0', 'lane_24_0', 'lane_:255_3_0', 'lane_23_0', 'lane_:306_3_0', 'lane_22_0', 'lane_:171_2_0', 'lane_-9_0', 'lane_:332_5_0', 'lane_25_0', 'lane_:54_2_0', 'lane_1_0', 'lane_:26_4_0']
Selected destination was: lane_:87_1_0, ['lane_-2_0', 'lane_:110_1_0', 'lane_-21_0', 'lane_:171_4_0', 'lane_-22_0', 'lane_:306_4_0', 'lane_-23_0', 'lane_:255_5_0', 'lane_-12_0', 'lane_:194_4_0', 'lane_-19_0', 'lane_:143_0_0', 'lane_6_0', 'lane_:87_1_0']
Selected destination was: lane_:332_3_0, ['lane_-3_0', 'lane_:3.13_0_0', 'lane_13_0', 'lane_:15.13_0_0', 'lane_-15_0', 'lane_:20.15_0_0', 'lane_20_0', 'lane_:5.20_1_0', 'lane_-5_0', 'lane_:87_2_0', 'lane_-6_0', 'lane_:143_5_0', 'lane_19_0', 'lane_:194_2_0', 'lane_18_0', 'lane_:278_2_0', 'lane_17_0', 'lane_:222_3_0', 'lane_10_0', 'lane_:332_3_0']
Selected destination was: lane_:110_4_0, ['lane_:194_2_0', 'lane_18_0', 'lane_:278_3_0', 'lane_4_0', 'lane_:306_1_0', 'lane_-23_0', 'lane_:255_4_0', 'lane_-24_0', 'lane_:87_4_0', 'lane_5_0', 'lane_:5.20_0_0', 'lane_-20_0', 'lane_:20.15_1_0', 'lane_15_0', 'lane_:15.13_1_0', 'lane_-13_0', 'lane_:3.13_1_0', 'lane_3_0', 'lane_:110_4_0']
Selected destination was: lane_-7_0, ['lane_:171_0_0', 'lane_21_0', 'lane_:110_2_0', 'lane_2_0', 'lane_:54_4_0', 'lane_-25_0', 'lane_:332_1_0', 'lane_-10_0', 'lane_:222_4_0', 'lane_-17_0', 'lane_:278_1_0', 'lane_-18_0', 'lane_:194_1_0', 'lane_-19_0', 'lane_:143_1_0', 'lane_-7_0']
Selected destination was: lane_17_0, ['lane_16_0', 'lane_:26_3_0', 'lane_-1_0', 'lane_:54_0_0', 'lane_-2_0', 'lane_:110_1_0', 'lane_-21_0', 'lane_:171_4_0', 'lane_-22_0', 'lane_:306_5_0', 'lane_-4_0', 'lane_:278_5_0', 'lane_17_0']
Selected destination was: lane_:255_2_0, ['lane_-0_0', 'lane_:26_1_0', 'lane_-16_0', 'lane_:222_1_0', 'lane_-17_0', 'lane_:278_1_0', 'lane_-18_0', 'lane_:194_1_0', 'lane_-19_0', 'lane_:143_0_0', 'lane_6_0', 'lane_:87_0_0', 'lane_24_0', 'lane_:255_2_0']
Selected destination was: lane_-0_0, ['lane_6_0', 'lane_:87_0_0', 'lane_24_0', 'lane_:255_2_0', 'lane_-12_0', 'lane_:194_4_0', 'lane_-19_0', 'lane_:143_1_0', 'lane_-7_0', 'lane_:7.14_1_0', 'lane_14_0', 'lane_:8.14_0_0', 'lane_-8_0', 'lane_:8.11_1_0', 'lane_11_0', 'lane_:11.0_0_0', 'lane_-0_0']
Selected destination was: lane_3_0, ['lane_20_0', 'lane_:5.20_1_0', 'lane_-5_0', 'lane_:87_2_0', 'lane_-6_0', 'lane_:143_5_0', 'lane_19_0', 'lane_:194_3_0', 'lane_12_0', 'lane_:255_1_0', 'lane_-24_0', 'lane_:87_4_0', 'lane_5_0', 'lane_:5.20_0_0', 'lane_-20_0', 'lane_:20.15_1_0', 'lane_15_0', 'lane_:15.13_1_0', 'lane_-13_0', 'lane_:3.13_1_0', 'lane_3_0']
Selected destination was: lane_:332_0_0, ['lane_-8_0', 'lane_:8.11_1_0', 'lane_11_0', 'lane_:11.0_0_0', 'lane_-0_0', 'lane_:26_0_0', 'lane_-1_0', 'lane_:54_1_0', 'lane_-25_0', 'lane_:332_0_0']
Selected destination was: lane_:222_2_0, ['lane_:278_5_0', 'lane_17_0', 'lane_:222_2_0']
Selected destination was: lane_:306_5_0, ['lane_:332_4_0', 'lane_-10_0', 'lane_:222_5_0', 'lane_16_0', 'lane_:26_3_0', 'lane_-1_0', 'lane_:54_0_0', 'lane_-2_0', 'lane_:110_1_0', 'lane_-21_0', 'lane_:171_4_0', 'lane_-22_0', 'lane_:306_5_0']
Selected destination was: lane_-20_0, ['lane_:332_1_0', 'lane_-10_0', 'lane_:222_4_0', 'lane_-17_0', 'lane_:278_0_0', 'lane_4_0', 'lane_:306_1_0', 'lane_-23_0', 'lane_:255_4_0', 'lane_-24_0', 'lane_:87_4_0', 'lane_5_0', 'lane_:5.20_0_0', 'lane_-20_0']
29
SPS: 27
Terminating Early!
Terminating episode
  Compiling Scenic module from D:\SIP2026\ACL-experiments\Metadrive\policy\scenarios\driver.scenic...
    Compiling Scenic module from D:\SIP2026\Scenic\src\scenic\simulators\metadrive\model.scenic...
      Compiling Scenic module from D:\SIP2026\Scenic\src\scenic\domains\driving\model.scenic...
        Compiling Scenic module from D:\SIP2026\Scenic\src\scenic\domains\driving\behaviors.scenic...
        Compiled Scenic module in 0.5167 seconds.
      Loading cached version of road network...
      Loaded cached network in 0.17 seconds.
      Compiled Scenic module in 1.11 seconds.
    Compiled Scenic module in 1.257 seconds.
  Compiled Scenic module in 1.612 seconds.
  Pruning scenario...
  Pruned scenario in 0 seconds.
counted:  {'distractor_cars': 4}
[episode 30] PASSED: {'ego_on_intersection': 1, 'intersection_has_cars': 0, 'distractor_cars': 4, 'has_brake_checker': 0, 'intersection_cars': 0, 'has_cluster': 1, 'maximum_distractor_speed': 5, 'distance_to_nearest': 10, 'cluster_dist': 15, 'brake_dist': 55}
[episode 30] SCENE : {'ego_on_intersection': 1, 'intersection_has_cars': 0, 'distractor_cars': 4, 'has_brake_checker': 0, 'intersection_cars': 0, 'has_cluster': 1, 'maximum_distractor_speed': 5, 'distance_to_nearest': 10, 'cluster_dist': 15, 'brake_dist': 55, 'map': WindowsPath('D:/SIP2026/ACL-experiments/Metadrive/CARLA/Town01.xodr'), 'carla_map': 'Town01', 'use2DMap': True, 'map_options': {}, 'sumo_map': 'D:\\SIP2026\\ACL-experiments\\Metadrive\\CARLA\\Town01.net.xml', 'timestep': 0.1, 'render': 1, 'render3D': 0, 'real_time': 1, 'time_step': 0.1, 'verifaiSamplerType': 'halton', 'select_lane': <Lane at 0x27988abcd30; uid="road25_lane0">}
[episode 30] params: {'ego_on_intersection': 1, 'intersection_has_cars': 0, 'distractor_cars': 4, 'has_brake_checker': 0, 'intersection_cars': 0, 'has_cluster': 1, 'maximum_distractor_speed': 5, 'distance_to_nearest': 10, 'cluster_dist': 15, 'brake_dist': 55, 'map': WindowsPath('D:/SIP2026/ACL-experiments/Metadrive/CARLA/Town01.xodr'), 'carla_map': 'Town01', 'use2DMap': True, 'map_options': {}, 'sumo_map': 'D:\\SIP2026\\ACL-experiments\\Metadrive\\CARLA\\Town01.net.xml', 'timestep': 0.1, 'render': 1, 'render3D': 0, 'real_time': 1, 'time_step': 0.1, 'verifaiSamplerType': 'halton', 'select_lane': <Lane at 0x27988abcd30; uid="road25_lane0">}
Selected destination was: lane_:171_2_0, ['lane_-21_0', 'lane_:171_5_0', 'lane_-9_0', 'lane_:332_4_0', 'lane_-10_0', 'lane_:222_4_0', 'lane_-17_0', 'lane_:278_0_0', 'lane_4_0', 'lane_:306_0_0', 'lane_22_0', 'lane_:171_2_0']
Selected destination was: lane_:54_4_0, ['lane_-21_0', 'lane_:171_4_0', 'lane_-22_0', 'lane_:306_5_0', 'lane_-4_0', 'lane_:278_5_0', 'lane_17_0', 'lane_:222_3_0', 'lane_10_0', 'lane_:332_3_0', 'lane_9_0', 'lane_:171_0_0', 'lane_21_0', 'lane_:110_2_0', 'lane_2_0', 'lane_:54_4_0']
Selected destination was: lane_:306_3_0, ['lane_-21_0', 'lane_:171_4_0', 'lane_-22_0', 'lane_:306_5_0', 'lane_-4_0', 'lane_:278_4_0', 'lane_-18_0', 'lane_:194_0_0', 'lane_12_0', 'lane_:255_0_0', 'lane_23_0', 'lane_:306_3_0']
Selected destination was: lane_:11.0_0_0, ['lane_:171_4_0', 'lane_-22_0', 'lane_:306_4_0', 'lane_-23_0', 'lane_:255_4_0', 'lane_-24_0', 'lane_:87_5_0', 'lane_-6_0', 'lane_:143_4_0', 'lane_-7_0', 'lane_:7.14_1_0', 'lane_14_0', 'lane_:8.14_0_0', 'lane_-8_0', 'lane_:8.11_1_0', 'lane_11_0', 'lane_:11.0_0_0']
Selected destination was: lane_:54_1_0, ['lane_20_0', 'lane_:5.20_1_0', 'lane_-5_0', 'lane_:87_2_0', 'lane_-6_0', 'lane_:143_5_0', 'lane_19_0', 'lane_:194_2_0', 'lane_18_0', 'lane_:278_2_0', 'lane_17_0', 'lane_:222_2_0', 'lane_16_0', 'lane_:26_3_0', 'lane_-1_0', 'lane_:54_1_0']
30
Terminating episode
Counts: {'crossovers': 2, 'mutations': 0, 'replays': 0, 'generations': 28, 'param_failures': 0, 'scenario_failures': 0, 'generation_failures': 0}

=== Buffer state | total scenes: 30 ===
  cat 0 (feature_num<=1): n=5/100, pvl min=0.115 mean=0.211 max=0.337, samples_drawn=0
  cat 1 (feature_num<=2): n=5/100, pvl min=0.114 mean=0.123 max=0.134, samples_drawn=0
  cat 2 (feature_num<=3): n=2/100, pvl min=0.223 mean=0.223 max=0.224, samples_drawn=0
  cat 3 (feature_num<=5): n=7/100, pvl min=0.105 mean=0.265 max=0.829, samples_drawn=2
  cat 4 (feature_num<=8): n=1/100, pvl min=0.151 mean=0.151 max=0.151, samples_drawn=0
  cat 5 (feature_num<=12): n=5/100, pvl min=0.091 mean=0.157 max=0.221, samples_drawn=2
  cat 6 (feature_num<=18): n=5/100, pvl min=0.058 mean=0.193 max=0.279, samples_drawn=0
=== Value distribution (all categories) ===
  ego_on_intersection: {0: 17, 1: 13}
  intersection_has_cars: {0: 24, 1: 6}
  distractor_cars: {0: 4, 1: 1, 2: 5, 3: 2, 4: 5, 5: 2, 8: 1, 12: 5, 18: 5}
  has_brake_checker: {0: 14, 1: 16}
  intersection_cars: {0: 10, 1: 6, 2: 8, 3: 6}
  has_cluster: {0: 14, 1: 16}
  maximum_distractor_speed: {5: 8, 10: 5, 15: 5, 20: 12}
  distance_to_nearest: {5: 7, 10: 8, 20: 5, 40: 10}
  cluster_dist: {5: 18, 10: 8, 15: 4}
  brake_dist: {10: 5, 20: 8, 35: 8, 55: 9}
[read_scene_bytes] id=0 took_path=scenario
[episode 31] params: {'ego_on_intersection': 1, 'intersection_has_cars': 0, 'distractor_cars': 4, 'has_brake_checker': 0, 'intersection_cars': 0, 'has_cluster': 1, 'maximum_distractor_speed': 5, 'distance_to_nearest': 10, 'cluster_dist': 15, 'brake_dist': 55, 'map': WindowsPath('D:/SIP2026/ACL-experiments/Metadrive/CARLA/Town01.xodr'), 'carla_map': 'Town01', 'use2DMap': True, 'map_options': {}, 'sumo_map': 'D:\\SIP2026\\ACL-experiments\\Metadrive\\CARLA\\Town01.net.xml', 'timestep': 0.1, 'render': 1, 'render3D': 0, 'real_time': 1, 'time_step': 0.1, 'verifaiSamplerType': 'halton', 'select_lane': <Lane at 0x27988abcd30; uid="road25_lane0">}
Selected destination was: lane_-6_0, ['lane_:54_5_0', 'lane_1_0', 'lane_:26_4_0', 'lane_-16_0', 'lane_:222_1_0', 'lane_-17_0', 'lane_:278_0_0', 'lane_4_0', 'lane_:306_1_0', 'lane_-23_0', 'lane_:255_4_0', 'lane_-24_0', 'lane_:87_5_0', 'lane_-6_0']
Selected destination was: lane_:278_0_0, ['lane_22_0', 'lane_:171_2_0', 'lane_-9_0', 'lane_:332_4_0', 'lane_-10_0', 'lane_:222_4_0', 'lane_-17_0', 'lane_:278_0_0']
Selected destination was: lane_10_0, ['lane_:54_4_0', 'lane_-25_0', 'lane_:332_0_0', 'lane_9_0', 'lane_:171_1_0', 'lane_-22_0', 'lane_:306_5_0', 'lane_-4_0', 'lane_:278_5_0', 'lane_17_0', 'lane_:222_3_0', 'lane_10_0']
Selected destination was: lane_:8.11_1_0, ['lane_-17_0', 'lane_:278_1_0', 'lane_-18_0', 'lane_:194_1_0', 'lane_-19_0', 'lane_:143_1_0', 'lane_-7_0', 'lane_:7.14_1_0', 'lane_14_0', 'lane_:8.14_0_0', 'lane_-8_0', 'lane_:8.11_1_0']
Selected destination was: lane_:143_4_0, ['lane_1_0', 'lane_:26_4_0', 'lane_-16_0', 'lane_:222_1_0', 'lane_-17_0', 'lane_:278_0_0', 'lane_4_0', 'lane_:306_1_0', 'lane_-23_0', 'lane_:255_4_0', 'lane_-24_0', 'lane_:87_5_0', 'lane_-6_0', 'lane_:143_4_0']
31
Terminating Early!
Terminating episode
  Compiling Scenic module from D:\SIP2026\ACL-experiments\Metadrive\policy\scenarios\driver.scenic...
    Compiling Scenic module from D:\SIP2026\Scenic\src\scenic\simulators\metadrive\model.scenic...
      Compiling Scenic module from D:\SIP2026\Scenic\src\scenic\domains\driving\model.scenic...
        Compiling Scenic module from D:\SIP2026\Scenic\src\scenic\domains\driving\behaviors.scenic...
        Compiled Scenic module in 0.5828 seconds.
      Loading cached version of road network...
      Loaded cached network in 0.17 seconds.
      Compiled Scenic module in 1.249 seconds.
    Compiled Scenic module in 1.401 seconds.
  Compiled Scenic module in 1.793 seconds.
  Pruning scenario...
  Pruned scenario in 0 seconds.
counted:  {'distractor_cars': 3}
[episode 32] PASSED: {'ego_on_intersection': 1, 'intersection_has_cars': 0, 'distractor_cars': 3, 'has_brake_checker': 0, 'intersection_cars': 3, 'has_cluster': 0, 'maximum_distractor_speed': 5, 'distance_to_nearest': 10, 'cluster_dist': 5, 'brake_dist': 10}
[episode 32] SCENE : {'ego_on_intersection': 1, 'intersection_has_cars': 0, 'distractor_cars': 3, 'has_brake_checker': 0, 'intersection_cars': 3, 'has_cluster': 0, 'maximum_distractor_speed': 5, 'distance_to_nearest': 10, 'cluster_dist': 5, 'brake_dist': 10, 'map': WindowsPath('D:/SIP2026/ACL-experiments/Metadrive/CARLA/Town01.xodr'), 'carla_map': 'Town01', 'use2DMap': True, 'map_options': {}, 'sumo_map': 'D:\\SIP2026\\ACL-experiments\\Metadrive\\CARLA\\Town01.net.xml', 'timestep': 0.1, 'render': 1, 'render3D': 0, 'real_time': 1, 'time_step': 0.1, 'verifaiSamplerType': 'halton', 'select_lane': <Lane at 0x2798c3199f0; uid="road0_lane0">}
[episode 32] params: {'ego_on_intersection': 1, 'intersection_has_cars': 0, 'distractor_cars': 3, 'has_brake_checker': 0, 'intersection_cars': 3, 'has_cluster': 0, 'maximum_distractor_speed': 5, 'distance_to_nearest': 10, 'cluster_dist': 5, 'brake_dist': 10, 'map': WindowsPath('D:/SIP2026/ACL-experiments/Metadrive/CARLA/Town01.xodr'), 'carla_map': 'Town01', 'use2DMap': True, 'map_options': {}, 'sumo_map': 'D:\\SIP2026\\ACL-experiments\\Metadrive\\CARLA\\Town01.net.xml', 'timestep': 0.1, 'render': 1, 'render3D': 0, 'real_time': 1, 'time_step': 0.1, 'verifaiSamplerType': 'halton', 'select_lane': <Lane at 0x2798c3199f0; uid="road0_lane0">}
Selected destination was: lane_:255_1_0, ['lane_-1_0', 'lane_:54_1_0', 'lane_-25_0', 'lane_:332_1_0', 'lane_-10_0', 'lane_:222_4_0', 'lane_-17_0', 'lane_:278_1_0', 'lane_-18_0', 'lane_:194_0_0', 'lane_12_0', 'lane_:255_1_0']
Selected destination was: lane_:8.14_1_0, ['lane_11_0', 'lane_:11.0_0_0', 'lane_-0_0', 'lane_:26_0_0', 'lane_-1_0', 'lane_:54_1_0', 'lane_-25_0', 'lane_:332_1_0', 'lane_-10_0', 'lane_:222_5_0', 'lane_16_0', 'lane_:26_2_0', 'lane_0_0', 'lane_:11.0_1_0', 'lane_-11_0', 'lane_:8.11_0_0', 'lane_8_0', 'lane_:8.14_1_0']
Selected destination was: lane_:110_4_0, ['lane_:255_2_0', 'lane_-12_0', 'lane_:194_4_0', 'lane_-19_0', 'lane_:143_0_0', 'lane_6_0', 'lane_:87_1_0', 'lane_5_0', 'lane_:5.20_0_0', 'lane_-20_0', 'lane_:20.15_1_0', 'lane_15_0', 'lane_:15.13_1_0', 'lane_-13_0', 'lane_:3.13_1_0', 'lane_3_0', 'lane_:110_4_0']
Selected destination was: lane_-17_0, ['lane_:255_4_0', 'lane_-24_0', 'lane_:87_5_0', 'lane_-6_0', 'lane_:143_4_0', 'lane_-7_0', 'lane_:7.14_1_0', 'lane_14_0', 'lane_:8.14_0_0', 'lane_-8_0', 'lane_:8.11_1_0', 'lane_11_0', 'lane_:11.0_0_0', 'lane_-0_0', 'lane_:26_1_0', 'lane_-16_0', 'lane_:222_1_0', 'lane_-17_0']
32
Terminating Early!
Terminating episode
[read_scene_bytes] id=14 took_path=scenario
  Compiling Scenic module from D:\SIP2026\ACL-experiments\Metadrive\policy\scenarios\driver.scenic...
    Compiling Scenic module from D:\SIP2026\Scenic\src\scenic\simulators\metadrive\model.scenic...
      Compiling Scenic module from D:\SIP2026\Scenic\src\scenic\domains\driving\model.scenic...
        Compiling Scenic module from D:\SIP2026\Scenic\src\scenic\domains\driving\behaviors.scenic...
        Compiled Scenic module in 0.5651 seconds.
      Loading cached version of road network...
      Loaded cached network in 0.22 seconds.
      Compiled Scenic module in 1.264 seconds.
    Compiled Scenic module in 1.378 seconds.
  Compiled Scenic module in 3.242 seconds.
  Pruning scenario...
  Pruned scenario in 0.002023 seconds.
counted:  {'distractor_cars': 18}
[episode 33] PASSED: {'select_lane': <Lane at 0x279f62b6410; uid="road158_lane0">, 'ego_on_intersection': 0, 'intersection_has_cars': 0, 'distractor_cars': 18, 'has_brake_checker': 0, 'intersection_cars': 3, 'has_cluster': 1, 'maximum_distractor_speed': 20, 'cluster_dist': 5, 'brake_dist': 20, 'distance_to_nearest': 5}
[episode 33] SCENE : {'select_lane': <Lane at 0x279f62b6410; uid="road158_lane0">, 'ego_on_intersection': 0, 'intersection_has_cars': 0, 'distractor_cars': 18, 'has_brake_checker': 0, 'intersection_cars': 3, 'has_cluster': 1, 'maximum_distractor_speed': 20, 'cluster_dist': 5, 'brake_dist': 20, 'distance_to_nearest': 5, 'map': WindowsPath('D:/SIP2026/ACL-experiments/Metadrive/CARLA/Town01.xodr'), 'carla_map': 'Town01', 'use2DMap': True, 'map_options': {}, 'sumo_map': 'D:\\SIP2026\\ACL-experiments\\Metadrive\\CARLA\\Town01.net.xml', 'timestep': 0.1, 'render': 1, 'render3D': 0, 'real_time': 1, 'time_step': 0.1, 'verifaiSamplerType': 'halton'}
[episode 33] params: {'select_lane': <Lane at 0x279f62b6410; uid="road158_lane0">, 'ego_on_intersection': 0, 'intersection_has_cars': 0, 'distractor_cars': 18, 'has_brake_checker': 0, 'intersection_cars': 3, 'has_cluster': 1, 'maximum_distractor_speed': 20, 'cluster_dist': 5, 'brake_dist': 20, 'distance_to_nearest': 5, 'map': WindowsPath('D:/SIP2026/ACL-experiments/Metadrive/CARLA/Town01.xodr'), 'carla_map': 'Town01', 'use2DMap': True, 'map_options': {}, 'sumo_map': 'D:\\SIP2026\\ACL-experiments\\Metadrive\\CARLA\\Town01.net.xml', 'timestep': 0.1, 'render': 1, 'render3D': 0, 'real_time': 1, 'time_step': 0.1, 'verifaiSamplerType': 'halton'}
Selected destination was: lane_:54_2_0, ['lane_6_0', 'lane_:87_0_0', 'lane_24_0', 'lane_:255_3_0', 'lane_23_0', 'lane_:306_3_0', 'lane_22_0', 'lane_:171_2_0', 'lane_-9_0', 'lane_:332_5_0', 'lane_25_0', 'lane_:54_2_0']
Selected destination was: lane_:5.20_1_0, ['lane_:278_5_0', 'lane_17_0', 'lane_:222_2_0', 'lane_16_0', 'lane_:26_3_0', 'lane_-1_0', 'lane_:54_0_0', 'lane_-2_0', 'lane_:110_0_0', 'lane_-3_0', 'lane_:3.13_0_0', 'lane_13_0', 'lane_:15.13_0_0', 'lane_-15_0', 'lane_:20.15_0_0', 'lane_20_0', 'lane_:5.20_1_0']
Selected destination was: lane_:143_2_0, ['lane_-9_0', 'lane_:332_4_0', 'lane_-10_0', 'lane_:222_5_0', 'lane_16_0', 'lane_:26_2_0', 'lane_0_0', 'lane_:11.0_1_0', 'lane_-11_0', 'lane_:8.11_0_0', 'lane_8_0', 'lane_:8.14_1_0', 'lane_-14_0', 'lane_:7.14_0_0', 'lane_7_0', 'lane_:143_2_0']
Selected destination was: lane_:171_6_0, ['lane_:222_4_0', 'lane_-17_0', 'lane_:278_0_0', 'lane_4_0', 'lane_:306_0_0', 'lane_22_0', 'lane_:171_2_0', 'lane_-9_0', 'lane_:332_5_0', 'lane_25_0', 'lane_:54_3_0', 'lane_-2_0', 'lane_:110_1_0', 'lane_-21_0', 'lane_:171_5_0', 'lane_:171_6_0']
Selected destination was: lane_:87_2_0, ['lane_6_0', 'lane_:87_0_0', 'lane_24_0', 'lane_:255_3_0', 'lane_23_0', 'lane_:306_3_0', 'lane_22_0', 'lane_:171_3_0', 'lane_21_0', 'lane_:110_3_0', 'lane_-3_0', 'lane_:3.13_0_0', 'lane_13_0', 'lane_:15.13_0_0', 'lane_-15_0', 'lane_:20.15_0_0', 'lane_20_0', 'lane_:5.20_1_0', 'lane_-5_0', 'lane_:87_2_0']
Selected destination was: lane_:332_2_0, ['lane_6_0', 'lane_:87_0_0', 'lane_24_0', 'lane_:255_2_0', 'lane_-12_0', 'lane_:194_5_0', 'lane_18_0', 'lane_:278_2_0', 'lane_17_0', 'lane_:222_3_0', 'lane_10_0', 'lane_:332_2_0']
Selected destination was: lane_:143_2_0, ['lane_6_0', 'lane_:87_0_0', 'lane_24_0', 'lane_:255_2_0', 'lane_-12_0', 'lane_:194_5_0', 'lane_18_0', 'lane_:278_2_0', 'lane_17_0', 'lane_:222_2_0', 'lane_16_0', 'lane_:26_2_0', 'lane_0_0', 'lane_:11.0_1_0', 'lane_-11_0', 'lane_:8.11_0_0', 'lane_8_0', 'lane_:8.14_1_0', 'lane_-14_0', 'lane_:7.14_0_0', 'lane_7_0', 'lane_:143_2_0']
Selected destination was: lane_-8_0, ['lane_:306_3_0', 'lane_22_0', 'lane_:171_2_0', 'lane_-9_0', 'lane_:332_4_0', 'lane_-10_0', 'lane_:222_4_0', 'lane_-17_0', 'lane_:278_1_0', 'lane_-18_0', 'lane_:194_1_0', 'lane_-19_0', 'lane_:143_1_0', 'lane_-7_0', 'lane_:7.14_1_0', 'lane_14_0', 'lane_:8.14_0_0', 'lane_-8_0']
Selected destination was: lane_:15.13_1_0, ['lane_1_0', 'lane_:26_4_0', 'lane_-16_0', 'lane_:222_1_0', 'lane_-17_0', 'lane_:278_0_0', 'lane_4_0', 'lane_:306_1_0', 'lane_-23_0', 'lane_:255_4_0', 'lane_-24_0', 'lane_:87_4_0', 'lane_5_0', 'lane_:5.20_0_0', 'lane_-20_0', 'lane_:20.15_1_0', 'lane_15_0', 'lane_:15.13_1_0']
Selected destination was: lane_-5_0, ['lane_:278_4_0', 'lane_-18_0', 'lane_:194_0_0', 'lane_12_0', 'lane_:255_0_0', 'lane_23_0', 'lane_:306_3_0', 'lane_22_0', 'lane_:171_3_0', 'lane_21_0', 'lane_:110_3_0', 'lane_-3_0', 'lane_:3.13_0_0', 'lane_13_0', 'lane_:15.13_0_0', 'lane_-15_0', 'lane_:20.15_0_0', 'lane_20_0', 'lane_:5.20_1_0', 'lane_-5_0']
Selected destination was: lane_-4_0, ['lane_:54_3_0', 'lane_-2_0', 'lane_:110_1_0', 'lane_-21_0', 'lane_:171_4_0', 'lane_-22_0', 'lane_:306_5_0', 'lane_-4_0']
Selected destination was: lane_:3.13_0_0, ['lane_:332_4_0', 'lane_-10_0', 'lane_:222_5_0', 'lane_16_0', 'lane_:26_3_0', 'lane_-1_0', 'lane_:54_0_0', 'lane_-2_0', 'lane_:110_0_0', 'lane_-3_0', 'lane_:3.13_0_0']
Selected destination was: lane_:255_4_0, ['lane_:255_4_0', 'lane_-24_0', 'lane_:87_5_0', 'lane_-6_0', 'lane_:143_5_0', 'lane_19_0', 'lane_:194_2_0', 'lane_18_0', 'lane_:278_3_0', 'lane_4_0', 'lane_:306_1_0', 'lane_-23_0', 'lane_:255_4_0']
Selected destination was: lane_:54_2_0, ['lane_-1_0', 'lane_:54_0_0', 'lane_-2_0', 'lane_:110_1_0', 'lane_-21_0', 'lane_:171_5_0', 'lane_-9_0', 'lane_:332_5_0', 'lane_25_0', 'lane_:54_2_0']
Selected destination was: lane_:306_3_0, ['lane_:110_1_0', 'lane_-21_0', 'lane_:171_4_0', 'lane_-22_0', 'lane_:306_5_0', 'lane_-4_0', 'lane_:278_4_0', 'lane_-18_0', 'lane_:194_0_0', 'lane_12_0', 'lane_:255_0_0', 'lane_23_0', 'lane_:306_3_0']
Selected destination was: lane_:54_3_0, ['lane_:194_5_0', 'lane_18_0', 'lane_:278_2_0', 'lane_17_0', 'lane_:222_3_0', 'lane_10_0', 'lane_:332_2_0', 'lane_25_0', 'lane_:54_3_0']
Selected destination was: lane_:222_5_0, ['lane_:332_4_0', 'lane_-10_0', 'lane_:222_5_0']
Selected destination was: lane_0_0, ['lane_:222_2_0', 'lane_16_0', 'lane_:26_2_0', 'lane_0_0']
Selected destination was: lane_:171_0_0, ['lane_13_0', 'lane_:15.13_0_0', 'lane_-15_0', 'lane_:20.15_0_0', 'lane_20_0', 'lane_:5.20_1_0', 'lane_-5_0', 'lane_:87_2_0', 'lane_-6_0', 'lane_:143_5_0', 'lane_19_0', 'lane_:194_2_0', 'lane_18_0', 'lane_:278_2_0', 'lane_17_0', 'lane_:222_3_0', 'lane_10_0', 'lane_:332_3_0', 'lane_9_0', 'lane_:171_0_0']
33
Terminating Early!
Terminating episode
  Compiling Scenic module from D:\SIP2026\ACL-experiments\Metadrive\policy\scenarios\driver.scenic...
    Compiling Scenic module from D:\SIP2026\Scenic\src\scenic\simulators\metadrive\model.scenic...
      Compiling Scenic module from D:\SIP2026\Scenic\src\scenic\domains\driving\model.scenic...
        Compiling Scenic module from D:\SIP2026\Scenic\src\scenic\domains\driving\behaviors.scenic...
        Compiled Scenic module in 0.9277 seconds.
      Loading cached version of road network...
      Loaded cached network in 0.29 seconds.
      Compiled Scenic module in 1.994 seconds.
    Compiled Scenic module in 2.331 seconds.
  Compiled Scenic module in 3.134 seconds.
  Pruning scenario...
  Pruned scenario in 0 seconds.
counted:  {'distractor_cars': 2}
[episode 34] PASSED: {'ego_on_intersection': 1, 'intersection_has_cars': 0, 'distractor_cars': 2, 'has_brake_checker': 0, 'intersection_cars': 2, 'has_cluster': 0, 'maximum_distractor_speed': 20, 'distance_to_nearest': 40, 'cluster_dist': 10, 'brake_dist': 55}
[episode 34] SCENE : {'ego_on_intersection': 1, 'intersection_has_cars': 0, 'distractor_cars': 2, 'has_brake_checker': 0, 'intersection_cars': 2, 'has_cluster': 0, 'maximum_distractor_speed': 20, 'distance_to_nearest': 40, 'cluster_dist': 10, 'brake_dist': 55, 'map': WindowsPath('D:/SIP2026/ACL-experiments/Metadrive/CARLA/Town01.xodr'), 'carla_map': 'Town01', 'use2DMap': True, 'map_options': {}, 'sumo_map': 'D:\\SIP2026\\ACL-experiments\\Metadrive\\CARLA\\Town01.net.xml', 'timestep': 0.1, 'render': 1, 'render3D': 0, 'real_time': 1, 'time_step': 0.1, 'verifaiSamplerType': 'halton', 'select_lane': <Lane at 0x2798fd243a0; uid="road6_lane0">}
[episode 34] params: {'ego_on_intersection': 1, 'intersection_has_cars': 0, 'distractor_cars': 2, 'has_brake_checker': 0, 'intersection_cars': 2, 'has_cluster': 0, 'maximum_distractor_speed': 20, 'distance_to_nearest': 40, 'cluster_dist': 10, 'brake_dist': 55, 'map': WindowsPath('D:/SIP2026/ACL-experiments/Metadrive/CARLA/Town01.xodr'), 'carla_map': 'Town01', 'use2DMap': True, 'map_options': {}, 'sumo_map': 'D:\\SIP2026\\ACL-experiments\\Metadrive\\CARLA\\Town01.net.xml', 'timestep': 0.1, 'render': 1, 'render3D': 0, 'real_time': 1, 'time_step': 0.1, 'verifaiSamplerType': 'halton', 'select_lane': <Lane at 0x2798fd243a0; uid="road6_lane0">}
Selected destination was: lane_2_0, ['lane_-17_0', 'lane_:278_0_0', 'lane_4_0', 'lane_:306_0_0', 'lane_22_0', 'lane_:171_3_0', 'lane_21_0', 'lane_:110_2_0', 'lane_2_0']
Selected destination was: lane_:278_2_0, ['lane_23_0', 'lane_:306_2_0', 'lane_-4_0', 'lane_:278_4_0', 'lane_-18_0', 'lane_:194_0_0', 'lane_12_0', 'lane_:255_1_0', 'lane_-24_0', 'lane_:87_5_0', 'lane_-6_0', 'lane_:143_5_0', 'lane_19_0', 'lane_:194_2_0', 'lane_18_0', 'lane_:278_2_0']
Selected destination was: lane_-23_0, ['lane_:332_3_0', 'lane_9_0', 'lane_:171_1_0', 'lane_-22_0', 'lane_:306_4_0', 'lane_-23_0']
34
SPS: 28
Terminating Early!
Terminating episode
[read_scene_bytes] id=8 took_path=scenario
  Compiling Scenic module from D:\SIP2026\ACL-experiments\Metadrive\policy\scenarios\driver.scenic...
    Compiling Scenic module from D:\SIP2026\Scenic\src\scenic\simulators\metadrive\model.scenic...
      Compiling Scenic module from D:\SIP2026\Scenic\src\scenic\domains\driving\model.scenic...
        Compiling Scenic module from D:\SIP2026\Scenic\src\scenic\domains\driving\behaviors.scenic...
        Compiled Scenic module in 0.5114 seconds.
      Loading cached version of road network...
      Loaded cached network in 0.21 seconds.
      Compiled Scenic module in 1.139 seconds.
    Compiled Scenic module in 1.248 seconds.
  Compiled Scenic module in 1.642 seconds.
  Pruning scenario...
  Pruned scenario in 0 seconds.
counted:  {'distractor_cars': 0}
[episode 35] PASSED: {'select_lane': <Lane at 0x279e6545990; uid="road21_lane1">, 'ego_on_intersection': 0, 'intersection_has_cars': 0, 'distractor_cars': 0, 'has_brake_checker': 0, 'intersection_cars': 0, 'has_cluster': 0, 'distance_to_nearest': 5, 'cluster_dist': 5, 'brake_dist': 55, 'maximum_distractor_speed': 10}
[episode 35] SCENE : {'select_lane': <Lane at 0x279e6545990; uid="road21_lane1">, 'ego_on_intersection': 0, 'intersection_has_cars': 0, 'distractor_cars': 0, 'has_brake_checker': 0, 'intersection_cars': 0, 'has_cluster': 0, 'distance_to_nearest': 5, 'cluster_dist': 5, 'brake_dist': 55, 'maximum_distractor_speed': 10, 'map': WindowsPath('D:/SIP2026/ACL-experiments/Metadrive/CARLA/Town01.xodr'), 'carla_map': 'Town01', 'use2DMap': True, 'map_options': {}, 'sumo_map': 'D:\\SIP2026\\ACL-experiments\\Metadrive\\CARLA\\Town01.net.xml', 'timestep': 0.1, 'render': 1, 'render3D': 0, 'real_time': 1, 'time_step': 0.1, 'verifaiSamplerType': 'halton'}
[episode 35] params: {'select_lane': <Lane at 0x279e6545990; uid="road21_lane1">, 'ego_on_intersection': 0, 'intersection_has_cars': 0, 'distractor_cars': 0, 'has_brake_checker': 0, 'intersection_cars': 0, 'has_cluster': 0, 'distance_to_nearest': 5, 'cluster_dist': 5, 'brake_dist': 55, 'maximum_distractor_speed': 10, 'map': WindowsPath('D:/SIP2026/ACL-experiments/Metadrive/CARLA/Town01.xodr'), 'carla_map': 'Town01', 'use2DMap': True, 'map_options': {}, 'sumo_map': 'D:\\SIP2026\\ACL-experiments\\Metadrive\\CARLA\\Town01.net.xml', 'timestep': 0.1, 'render': 1, 'render3D': 0, 'real_time': 1, 'time_step': 0.1, 'verifaiSamplerType': 'halton'}
Selected destination was: lane_:15.13_0_0, ['lane_:110_2_0', 'lane_2_0', 'lane_:54_4_0', 'lane_-25_0', 'lane_:332_0_0', 'lane_9_0', 'lane_:171_0_0', 'lane_21_0', 'lane_:110_3_0', 'lane_-3_0', 'lane_:3.13_0_0', 'lane_13_0', 'lane_:15.13_0_0']
35
Terminating Early!
Terminating episode
  Compiling Scenic module from D:\SIP2026\ACL-experiments\Metadrive\policy\scenarios\driver.scenic...
    Compiling Scenic module from D:\SIP2026\Scenic\src\scenic\simulators\metadrive\model.scenic...
      Compiling Scenic module from D:\SIP2026\Scenic\src\scenic\domains\driving\model.scenic...
        Compiling Scenic module from D:\SIP2026\Scenic\src\scenic\domains\driving\behaviors.scenic...
        Compiled Scenic module in 0.5816 seconds.
      Loading cached version of road network...
      Loaded cached network in 0.22 seconds.
      Compiled Scenic module in 1.22 seconds.
    Compiled Scenic module in 1.331 seconds.
  Compiled Scenic module in 1.752 seconds.
  Pruning scenario...
  Pruned scenario in 0 seconds.
counted:  {'distractor_cars': 3}
[episode 36] PASSED: {'ego_on_intersection': 0, 'intersection_has_cars': 0, 'distractor_cars': 3, 'has_brake_checker': 1, 'intersection_cars': 0, 'has_cluster': 1, 'maximum_distractor_speed': 20, 'distance_to_nearest': 10, 'cluster_dist': 15, 'brake_dist': 20}
[episode 36] SCENE : {'ego_on_intersection': 0, 'intersection_has_cars': 0, 'distractor_cars': 3, 'has_brake_checker': 1, 'intersection_cars': 0, 'has_cluster': 1, 'maximum_distractor_speed': 20, 'distance_to_nearest': 10, 'cluster_dist': 15, 'brake_dist': 20, 'map': WindowsPath('D:/SIP2026/ACL-experiments/Metadrive/CARLA/Town01.xodr'), 'carla_map': 'Town01', 'use2DMap': True, 'map_options': {}, 'sumo_map': 'D:\\SIP2026\\ACL-experiments\\Metadrive\\CARLA\\Town01.net.xml', 'timestep': 0.1, 'render': 1, 'render3D': 0, 'real_time': 1, 'time_step': 0.1, 'verifaiSamplerType': 'halton', 'select_lane': <Lane at 0x279900bf400; uid="road295_lane0">}
[episode 36] params: {'ego_on_intersection': 0, 'intersection_has_cars': 0, 'distractor_cars': 3, 'has_brake_checker': 1, 'intersection_cars': 0, 'has_cluster': 1, 'maximum_distractor_speed': 20, 'distance_to_nearest': 10, 'cluster_dist': 15, 'brake_dist': 20, 'map': WindowsPath('D:/SIP2026/ACL-experiments/Metadrive/CARLA/Town01.xodr'), 'carla_map': 'Town01', 'use2DMap': True, 'map_options': {}, 'sumo_map': 'D:\\SIP2026\\ACL-experiments\\Metadrive\\CARLA\\Town01.net.xml', 'timestep': 0.1, 'render': 1, 'render3D': 0, 'real_time': 1, 'time_step': 0.1, 'verifaiSamplerType': 'halton', 'select_lane': <Lane at 0x279900bf400; uid="road295_lane0">}
Selected destination was: lane_:194_1_0, ['lane_18_0', 'lane_:278_2_0', 'lane_17_0', 'lane_:222_3_0', 'lane_10_0', 'lane_:332_3_0', 'lane_9_0', 'lane_:171_1_0', 'lane_-22_0', 'lane_:306_5_0', 'lane_-4_0', 'lane_:278_4_0', 'lane_-18_0', 'lane_:194_1_0']
Selected destination was: lane_:278_3_0, ['lane_17_0', 'lane_:222_3_0', 'lane_10_0', 'lane_:332_3_0', 'lane_9_0', 'lane_:171_1_0', 'lane_-22_0', 'lane_:306_4_0', 'lane_-23_0', 'lane_:255_5_0', 'lane_-12_0', 'lane_:194_5_0', 'lane_18_0', 'lane_:278_3_0']
Selected destination was: lane_:222_2_0, ['lane_:278_2_0', 'lane_17_0', 'lane_:222_2_0']
Selected destination was: lane_5_0, ['lane_17_0', 'lane_:222_3_0', 'lane_10_0', 'lane_:332_3_0', 'lane_9_0', 'lane_:171_1_0', 'lane_-22_0', 'lane_:306_4_0', 'lane_-23_0', 'lane_:255_4_0', 'lane_-24_0', 'lane_:87_4_0', 'lane_5_0']
Selected destination was: lane_:143_2_0, ['lane_:54_3_0', 'lane_-2_0', 'lane_:110_1_0', 'lane_-21_0', 'lane_:171_5_0', 'lane_-9_0', 'lane_:332_4_0', 'lane_-10_0', 'lane_:222_5_0', 'lane_16_0', 'lane_:26_2_0', 'lane_0_0', 'lane_:11.0_1_0', 'lane_-11_0', 'lane_:8.11_0_0', 'lane_8_0', 'lane_:8.14_1_0', 'lane_-14_0', 'lane_:7.14_0_0', 'lane_7_0', 'lane_:143_2_0']
36
Terminating Early!
Terminating episode
[read_scene_bytes] id=12 took_path=scenario
[read_scene_bytes] id=13 took_path=scenario
  Compiling Scenic module from D:\SIP2026\ACL-experiments\Metadrive\policy\scenarios\driver.scenic...
    Compiling Scenic module from D:\SIP2026\Scenic\src\scenic\simulators\metadrive\model.scenic...
      Compiling Scenic module from D:\SIP2026\Scenic\src\scenic\domains\driving\model.scenic...
        Compiling Scenic module from D:\SIP2026\Scenic\src\scenic\domains\driving\behaviors.scenic...
        Compiled Scenic module in 1.012 seconds.
      Loading cached version of road network...
      Loaded cached network in 0.33 seconds.
      Compiled Scenic module in 2.035 seconds.
    Compiled Scenic module in 2.271 seconds.
  Compiled Scenic module in 2.994 seconds.
  Pruning scenario...
  Pruned scenario in 0 seconds.
counted:  {'distractor_cars': 18}
[episode 37] PASSED: {'select_lane': <Lane at 0x279e5f81a20; uid="road33_lane0">, 'ego_on_intersection': 1, 'intersection_has_cars': 1, 'distractor_cars': 18, 'has_brake_checker': 1, 'intersection_cars': 2, 'has_cluster': 0, 'maximum_distractor_speed': 10, 'distance_to_nearest': 40, 'cluster_dist': 10, 'brake_dist': 55}
[episode 37] SCENE : {'select_lane': <Lane at 0x279e5f81a20; uid="road33_lane0">, 'ego_on_intersection': 1, 'intersection_has_cars': 1, 'distractor_cars': 18, 'has_brake_checker': 1, 'intersection_cars': 2, 'has_cluster': 0, 'maximum_distractor_speed': 10, 'distance_to_nearest': 40, 'cluster_dist': 10, 'brake_dist': 55, 'map': WindowsPath('D:/SIP2026/ACL-experiments/Metadrive/CARLA/Town01.xodr'), 'carla_map': 'Town01', 'use2DMap': True, 'map_options': {}, 'sumo_map': 'D:\\SIP2026\\ACL-experiments\\Metadrive\\CARLA\\Town01.net.xml', 'timestep': 0.1, 'render': 1, 'render3D': 0, 'real_time': 1, 'time_step': 0.1, 'verifaiSamplerType': 'halton'}
[episode 37] params: {'select_lane': <Lane at 0x279e5f81a20; uid="road33_lane0">, 'ego_on_intersection': 1, 'intersection_has_cars': 1, 'distractor_cars': 18, 'has_brake_checker': 1, 'intersection_cars': 2, 'has_cluster': 0, 'maximum_distractor_speed': 10, 'distance_to_nearest': 40, 'cluster_dist': 10, 'brake_dist': 55, 'map': WindowsPath('D:/SIP2026/ACL-experiments/Metadrive/CARLA/Town01.xodr'), 'carla_map': 'Town01', 'use2DMap': True, 'map_options': {}, 'sumo_map': 'D:\\SIP2026\\ACL-experiments\\Metadrive\\CARLA\\Town01.net.xml', 'timestep': 0.1, 'render': 1, 'render3D': 0, 'real_time': 1, 'time_step': 0.1, 'verifaiSamplerType': 'halton'}
Selected destination was: lane_:306_4_0, ['lane_:171_2_0', 'lane_-9_0', 'lane_:332_5_0', 'lane_25_0', 'lane_:54_3_0', 'lane_-2_0', 'lane_:110_1_0', 'lane_-21_0', 'lane_:171_4_0', 'lane_-22_0', 'lane_:306_4_0']
Selected destination was: lane_:3.13_1_0, ['lane_:110_3_0', 'lane_-3_0', 'lane_:3.13_0_0', 'lane_13_0', 'lane_:15.13_0_0', 'lane_-15_0', 'lane_:20.15_0_0', 'lane_20_0', 'lane_:5.20_1_0', 'lane_-5_0', 'lane_:87_2_0', 'lane_-6_0', 'lane_:143_5_0', 'lane_19_0', 'lane_:194_3_0', 'lane_12_0', 'lane_:255_1_0', 'lane_-24_0', 'lane_:87_4_0', 'lane_5_0', 'lane_:5.20_0_0', 'lane_-20_0', 'lane_:20.15_1_0', 'lane_15_0', 'lane_:15.13_1_0', 'lane_-13_0', 'lane_:3.13_1_0']
Selected destination was: lane_:255_2_0, ['lane_:255_2_0', 'lane_-12_0', 'lane_:194_4_0', 'lane_-19_0', 'lane_:143_0_0', 'lane_6_0', 'lane_:87_0_0', 'lane_24_0', 'lane_:255_2_0']
Selected destination was: lane_7_0, ['lane_:5.20_1_0', 'lane_-5_0', 'lane_:87_2_0', 'lane_-6_0', 'lane_:143_5_0', 'lane_19_0', 'lane_:194_2_0', 'lane_18_0', 'lane_:278_2_0', 'lane_17_0', 'lane_:222_2_0', 'lane_16_0', 'lane_:26_2_0', 'lane_0_0', 'lane_:11.0_1_0', 'lane_-11_0', 'lane_:8.11_0_0', 'lane_8_0', 'lane_:8.14_1_0', 'lane_-14_0', 'lane_:7.14_0_0', 'lane_7_0']
Selected destination was: lane_:143_3_0, ['lane_21_0', 'lane_:110_2_0', 'lane_2_0', 'lane_:54_5_0', 'lane_1_0', 'lane_:26_5_0', 'lane_0_0', 'lane_:11.0_1_0', 'lane_-11_0', 'lane_:8.11_0_0', 'lane_8_0', 'lane_:8.14_1_0', 'lane_-14_0', 'lane_:7.14_0_0', 'lane_7_0', 'lane_:143_3_0']
Selected destination was: lane_-15_0, ['lane_-11_0', 'lane_:8.11_0_0', 'lane_8_0', 'lane_:8.14_1_0', 'lane_-14_0', 'lane_:7.14_0_0', 'lane_7_0', 'lane_:143_2_0', 'lane_19_0', 'lane_:194_2_0', 'lane_18_0', 'lane_:278_3_0', 'lane_4_0', 'lane_:306_0_0', 'lane_22_0', 'lane_:171_3_0', 'lane_21_0', 'lane_:110_3_0', 'lane_-3_0', 'lane_:3.13_0_0', 'lane_13_0', 'lane_:15.13_0_0', 'lane_-15_0']
Selected destination was: lane_2_0, ['lane_:332_4_0', 'lane_-10_0', 'lane_:222_4_0', 'lane_-17_0', 'lane_:278_0_0', 'lane_4_0', 'lane_:306_0_0', 'lane_22_0', 'lane_:171_3_0', 'lane_21_0', 'lane_:110_2_0', 'lane_2_0']
Selected destination was: lane_:143_1_0, ['lane_14_0', 'lane_:8.14_0_0', 'lane_-8_0', 'lane_:8.11_1_0', 'lane_11_0', 'lane_:11.0_0_0', 'lane_-0_0', 'lane_:26_1_0', 'lane_-16_0', 'lane_:222_1_0', 'lane_-17_0', 'lane_:278_1_0', 'lane_-18_0', 'lane_:194_1_0', 'lane_-19_0', 'lane_:143_1_0']
Selected destination was: lane_12_0, ['lane_1_0', 'lane_:26_4_0', 'lane_-16_0', 'lane_:222_1_0', 'lane_-17_0', 'lane_:278_1_0', 'lane_-18_0', 'lane_:194_0_0', 'lane_12_0']
Selected destination was: lane_:5.20_1_0, ['lane_:255_3_0', 'lane_23_0', 'lane_:306_3_0', 'lane_22_0', 'lane_:171_3_0', 'lane_21_0', 'lane_:110_3_0', 'lane_-3_0', 'lane_:3.13_0_0', 'lane_13_0', 'lane_:15.13_0_0', 'lane_-15_0', 'lane_:20.15_0_0', 'lane_20_0', 'lane_:5.20_1_0']
Selected destination was: lane_:54_2_0, ['lane_:332_3_0', 'lane_9_0', 'lane_:171_1_0', 'lane_-22_0', 'lane_:306_5_0', 'lane_-4_0', 'lane_:278_5_0', 'lane_17_0', 'lane_:222_3_0', 'lane_10_0', 'lane_:332_2_0', 'lane_25_0', 'lane_:54_2_0']
Selected destination was: lane_21_0, ['lane_-20_0', 'lane_:20.15_1_0', 'lane_15_0', 'lane_:15.13_1_0', 'lane_-13_0', 'lane_:3.13_1_0', 'lane_3_0', 'lane_:110_5_0', 'lane_2_0', 'lane_:54_4_0', 'lane_-25_0', 'lane_:332_0_0', 'lane_9_0', 'lane_:171_0_0', 'lane_21_0']
Selected destination was: lane_:26_0_0, ['lane_-17_0', 'lane_:278_1_0', 'lane_-18_0', 'lane_:194_1_0', 'lane_-19_0', 'lane_:143_1_0', 'lane_-7_0', 'lane_:7.14_1_0', 'lane_14_0', 'lane_:8.14_0_0', 'lane_-8_0', 'lane_:8.11_1_0', 'lane_11_0', 'lane_:11.0_0_0', 'lane_-0_0', 'lane_:26_0_0']
Selected destination was: lane_:110_2_0, ['lane_-6_0', 'lane_:143_5_0', 'lane_19_0', 'lane_:194_2_0', 'lane_18_0', 'lane_:278_3_0', 'lane_4_0', 'lane_:306_0_0', 'lane_22_0', 'lane_:171_3_0', 'lane_21_0', 'lane_:110_2_0']
Selected destination was: lane_:87_5_0, ['lane_:194_4_0', 'lane_-19_0', 'lane_:143_0_0', 'lane_6_0', 'lane_:87_0_0', 'lane_24_0', 'lane_:255_2_0', 'lane_-12_0', 'lane_:194_5_0', 'lane_18_0', 'lane_:278_3_0', 'lane_4_0', 'lane_:306_1_0', 'lane_-23_0', 'lane_:255_4_0', 'lane_-24_0', 'lane_:87_5_0']
Selected destination was: lane_21_0, ['lane_:26_0_0', 'lane_-1_0', 'lane_:54_1_0', 'lane_-25_0', 'lane_:332_0_0', 'lane_9_0', 'lane_:171_0_0', 'lane_21_0']
Selected destination was: lane_-0_0, ['lane_:278_2_0', 'lane_17_0', 'lane_:222_3_0', 'lane_10_0', 'lane_:332_3_0', 'lane_9_0', 'lane_:171_1_0', 'lane_-22_0', 'lane_:306_4_0', 'lane_-23_0', 'lane_:255_4_0', 'lane_-24_0', 'lane_:87_5_0', 'lane_-6_0', 'lane_:143_4_0', 'lane_-7_0', 'lane_:7.14_1_0', 'lane_14_0', 'lane_:8.14_0_0', 'lane_-8_0', 'lane_:8.11_1_0', 'lane_11_0', 'lane_:11.0_0_0', 'lane_-0_0']
Selected destination was: lane_:194_2_0, ['lane_:255_1_0', 'lane_-24_0', 'lane_:87_5_0', 'lane_-6_0', 'lane_:143_5_0', 'lane_19_0', 'lane_:194_2_0']
Selected destination was: lane_14_0, ['lane_-6_0', 'lane_:143_4_0', 'lane_-7_0', 'lane_:7.14_1_0', 'lane_14_0']
Selected destination was: lane_:143_3_0, ['lane_11_0', 'lane_:11.0_0_0', 'lane_-0_0', 'lane_:26_0_0', 'lane_-1_0', 'lane_:54_1_0', 'lane_-25_0', 'lane_:332_1_0', 'lane_-10_0', 'lane_:222_5_0', 'lane_16_0', 'lane_:26_2_0', 'lane_0_0', 'lane_:11.0_1_0', 'lane_-11_0', 'lane_:8.11_0_0', 'lane_8_0', 'lane_:8.14_1_0', 'lane_-14_0', 'lane_:7.14_0_0', 'lane_7_0', 'lane_:143_3_0']
37
Terminating Early!
Terminating episode
  Compiling Scenic module from D:\SIP2026\ACL-experiments\Metadrive\policy\scenarios\driver.scenic...
    Compiling Scenic module from D:\SIP2026\Scenic\src\scenic\simulators\metadrive\model.scenic...
      Compiling Scenic module from D:\SIP2026\Scenic\src\scenic\domains\driving\model.scenic...
        Compiling Scenic module from D:\SIP2026\Scenic\src\scenic\domains\driving\behaviors.scenic...
        Compiled Scenic module in 0.5574 seconds.
      Loading cached version of road network...
      Loaded cached network in 0.15 seconds.
      Compiled Scenic module in 1.226 seconds.
    Compiled Scenic module in 1.429 seconds.
  Compiled Scenic module in 1.897 seconds.
  Pruning scenario...
  Pruned scenario in 0 seconds.
counted:  {'distractor_cars': 1}
[episode 38] PASSED: {'ego_on_intersection': 1, 'intersection_has_cars': 1, 'distractor_cars': 1, 'has_brake_checker': 1, 'intersection_cars': 1, 'has_cluster': 0, 'maximum_distractor_speed': 10, 'distance_to_nearest': 10, 'cluster_dist': 10, 'brake_dist': 20}
[episode 38] SCENE : {'ego_on_intersection': 1, 'intersection_has_cars': 1, 'distractor_cars': 1, 'has_brake_checker': 1, 'intersection_cars': 1, 'has_cluster': 0, 'maximum_distractor_speed': 10, 'distance_to_nearest': 10, 'cluster_dist': 10, 'brake_dist': 20, 'map': WindowsPath('D:/SIP2026/ACL-experiments/Metadrive/CARLA/Town01.xodr'), 'carla_map': 'Town01', 'use2DMap': True, 'map_options': {}, 'sumo_map': 'D:\\SIP2026\\ACL-experiments\\Metadrive\\CARLA\\Town01.net.xml', 'timestep': 0.1, 'render': 1, 'render3D': 0, 'real_time': 1, 'time_step': 0.1, 'verifaiSamplerType': 'halton', 'select_lane': <Lane at 0x279951d6230; uid="road18_lane1">}
[episode 38] params: {'ego_on_intersection': 1, 'intersection_has_cars': 1, 'distractor_cars': 1, 'has_brake_checker': 1, 'intersection_cars': 1, 'has_cluster': 0, 'maximum_distractor_speed': 10, 'distance_to_nearest': 10, 'cluster_dist': 10, 'brake_dist': 20, 'map': WindowsPath('D:/SIP2026/ACL-experiments/Metadrive/CARLA/Town01.xodr'), 'carla_map': 'Town01', 'use2DMap': True, 'map_options': {}, 'sumo_map': 'D:\\SIP2026\\ACL-experiments\\Metadrive\\CARLA\\Town01.net.xml', 'timestep': 0.1, 'render': 1, 'render3D': 0, 'real_time': 1, 'time_step': 0.1, 'verifaiSamplerType': 'halton', 'select_lane': <Lane at 0x279951d6230; uid="road18_lane1">}
Selected destination was: lane_:26_3_0, ['lane_:7.14_0_0', 'lane_7_0', 'lane_:143_2_0', 'lane_19_0', 'lane_:194_2_0', 'lane_18_0', 'lane_:278_2_0', 'lane_17_0', 'lane_:222_2_0', 'lane_16_0', 'lane_:26_3_0']
Selected destination was: lane_:15.13_1_0, ['lane_7_0', 'lane_:143_3_0', 'lane_6_0', 'lane_:87_1_0', 'lane_5_0', 'lane_:5.20_0_0', 'lane_-20_0', 'lane_:20.15_1_0', 'lane_15_0', 'lane_:15.13_1_0']
Selected destination was: lane_:306_1_0, ['lane_11_0', 'lane_:11.0_0_0', 'lane_-0_0', 'lane_:26_1_0', 'lane_-16_0', 'lane_:222_1_0', 'lane_-17_0', 'lane_:278_0_0', 'lane_4_0', 'lane_:306_1_0']
38
SPS: 28
Terminating episode
[read_scene_bytes] id=18 took_path=scenario
  Compiling Scenic module from D:\SIP2026\ACL-experiments\Metadrive\policy\scenarios\driver.scenic...
    Compiling Scenic module from D:\SIP2026\Scenic\src\scenic\simulators\metadrive\model.scenic...
      Compiling Scenic module from D:\SIP2026\Scenic\src\scenic\domains\driving\model.scenic...
        Compiling Scenic module from D:\SIP2026\Scenic\src\scenic\domains\driving\behaviors.scenic...
        Compiled Scenic module in 0.4554 seconds.
      Loading cached version of road network...
      Loaded cached network in 0.13 seconds.
      Compiled Scenic module in 1.122 seconds.
    Compiled Scenic module in 1.225 seconds.
  Compiled Scenic module in 2.997 seconds.
  Pruning scenario...
  Pruned scenario in 0 seconds.
counted:  {'distractor_cars': 0}
[episode 39] PASSED: {'select_lane': <Lane at 0x279f6ad4910; uid="road52_lane0">, 'ego_on_intersection': 0, 'intersection_has_cars': 0, 'has_brake_checker': 0, 'intersection_cars': 0, 'has_cluster': 0, 'maximum_distractor_speed': 15, 'distance_to_nearest': 5, 'cluster_dist': 5, 'brake_dist': 55, 'distractor_cars': 0}
[episode 39] SCENE : {'select_lane': <Lane at 0x279f6ad4910; uid="road52_lane0">, 'ego_on_intersection': 0, 'intersection_has_cars': 0, 'has_brake_checker': 0, 'intersection_cars': 0, 'has_cluster': 0, 'maximum_distractor_speed': 15, 'distance_to_nearest': 5, 'cluster_dist': 5, 'brake_dist': 55, 'distractor_cars': 0, 'map': WindowsPath('D:/SIP2026/ACL-experiments/Metadrive/CARLA/Town01.xodr'), 'carla_map': 'Town01', 'use2DMap': True, 'map_options': {}, 'sumo_map': 'D:\\SIP2026\\ACL-experiments\\Metadrive\\CARLA\\Town01.net.xml', 'timestep': 0.1, 'render': 1, 'render3D': 0, 'real_time': 1, 'time_step': 0.1, 'verifaiSamplerType': 'halton'}
[episode 39] params: {'select_lane': <Lane at 0x279f6ad4910; uid="road52_lane0">, 'ego_on_intersection': 0, 'intersection_has_cars': 0, 'has_brake_checker': 0, 'intersection_cars': 0, 'has_cluster': 0, 'maximum_distractor_speed': 15, 'distance_to_nearest': 5, 'cluster_dist': 5, 'brake_dist': 55, 'distractor_cars': 0, 'map': WindowsPath('D:/SIP2026/ACL-experiments/Metadrive/CARLA/Town01.xodr'), 'carla_map': 'Town01', 'use2DMap': True, 'map_options': {}, 'sumo_map': 'D:\\SIP2026\\ACL-experiments\\Metadrive\\CARLA\\Town01.net.xml', 'timestep': 0.1, 'render': 1, 'render3D': 0, 'real_time': 1, 'time_step': 0.1, 'verifaiSamplerType': 'halton'}
Selected destination was: lane_:8.11_0_0, ['lane_:26_5_0', 'lane_0_0', 'lane_:11.0_1_0', 'lane_-11_0', 'lane_:8.11_0_0']
39
Terminating Early!
Terminating episode
  Compiling Scenic module from D:\SIP2026\ACL-experiments\Metadrive\policy\scenarios\driver.scenic...
    Compiling Scenic module from D:\SIP2026\Scenic\src\scenic\simulators\metadrive\model.scenic...
      Compiling Scenic module from D:\SIP2026\Scenic\src\scenic\domains\driving\model.scenic...
        Compiling Scenic module from D:\SIP2026\Scenic\src\scenic\domains\driving\behaviors.scenic...
        Compiled Scenic module in 0.4177 seconds.
      Loading cached version of road network...
      Loaded cached network in 0.14 seconds.
      Compiled Scenic module in 0.9517 seconds.
    Compiled Scenic module in 1.091 seconds.
  Compiled Scenic module in 1.507 seconds.
  Pruning scenario...
  Pruned scenario in 0 seconds.
counted:  {'distractor_cars': 4}
[episode 40] PASSED: {'ego_on_intersection': 1, 'intersection_has_cars': 0, 'distractor_cars': 4, 'has_brake_checker': 0, 'intersection_cars': 2, 'has_cluster': 1, 'maximum_distractor_speed': 5, 'distance_to_nearest': 40, 'cluster_dist': 10, 'brake_dist': 20}
[episode 40] SCENE : {'ego_on_intersection': 1, 'intersection_has_cars': 0, 'distractor_cars': 4, 'has_brake_checker': 0, 'intersection_cars': 2, 'has_cluster': 1, 'maximum_distractor_speed': 5, 'distance_to_nearest': 40, 'cluster_dist': 10, 'brake_dist': 20, 'map': WindowsPath('D:/SIP2026/ACL-experiments/Metadrive/CARLA/Town01.xodr'), 'carla_map': 'Town01', 'use2DMap': True, 'map_options': {}, 'sumo_map': 'D:\\SIP2026\\ACL-experiments\\Metadrive\\CARLA\\Town01.net.xml', 'timestep': 0.1, 'render': 1, 'render3D': 0, 'real_time': 1, 'time_step': 0.1, 'verifaiSamplerType': 'halton', 'select_lane': <Lane at 0x27994a568c0; uid="road131_lane0">}
[episode 40] params: {'ego_on_intersection': 1, 'intersection_has_cars': 0, 'distractor_cars': 4, 'has_brake_checker': 0, 'intersection_cars': 2, 'has_cluster': 1, 'maximum_distractor_speed': 5, 'distance_to_nearest': 40, 'cluster_dist': 10, 'brake_dist': 20, 'map': WindowsPath('D:/SIP2026/ACL-experiments/Metadrive/CARLA/Town01.xodr'), 'carla_map': 'Town01', 'use2DMap': True, 'map_options': {}, 'sumo_map': 'D:\\SIP2026\\ACL-experiments\\Metadrive\\CARLA\\Town01.net.xml', 'timestep': 0.1, 'render': 1, 'render3D': 0, 'real_time': 1, 'time_step': 0.1, 'verifaiSamplerType': 'halton', 'select_lane': <Lane at 0x27994a568c0; uid="road131_lane0">}
Selected destination was: lane_-21_0, ['lane_:143_2_0', 'lane_19_0', 'lane_:194_2_0', 'lane_18_0', 'lane_:278_2_0', 'lane_17_0', 'lane_:222_2_0', 'lane_16_0', 'lane_:26_3_0', 'lane_-1_0', 'lane_:54_0_0', 'lane_-2_0', 'lane_:110_1_0', 'lane_-21_0']
Selected destination was: lane_-2_0, ['lane_:278_5_0', 'lane_17_0', 'lane_:222_2_0', 'lane_16_0', 'lane_:26_3_0', 'lane_-1_0', 'lane_:54_0_0', 'lane_-2_0']
Selected destination was: lane_:171_1_0, ['lane_21_0', 'lane_:110_2_0', 'lane_2_0', 'lane_:54_4_0', 'lane_-25_0', 'lane_:332_0_0', 'lane_9_0', 'lane_:171_1_0']
Selected destination was: lane_14_0, ['lane_6_0', 'lane_:87_0_0', 'lane_24_0', 'lane_:255_2_0', 'lane_-12_0', 'lane_:194_4_0', 'lane_-19_0', 'lane_:143_1_0', 'lane_-7_0', 'lane_:7.14_1_0', 'lane_14_0']
Selected destination was: lane_:110_6_0, ['lane_6_0', 'lane_:87_0_0', 'lane_24_0', 'lane_:255_3_0', 'lane_23_0', 'lane_:306_3_0', 'lane_22_0', 'lane_:171_2_0', 'lane_-9_0', 'lane_:332_5_0', 'lane_25_0', 'lane_:54_3_0', 'lane_-2_0', 'lane_:110_1_0', 'lane_:110_6_0']
40
Terminating Early!
Terminating episode
Counts: {'crossovers': 3, 'mutations': 3, 'replays': 1, 'generations': 33, 'param_failures': 0, 'scenario_failures': 0, 'generation_failures': 0}

=== Buffer state | total scenes: 39 ===
  cat 0 (feature_num<=1): n=8/100, pvl min=0.115 mean=0.219 max=0.337, samples_drawn=1
  cat 1 (feature_num<=2): n=6/100, pvl min=0.114 mean=0.180 max=0.463, samples_drawn=0
  cat 2 (feature_num<=3): n=4/100, pvl min=0.223 mean=0.280 max=0.411, samples_drawn=1
  cat 3 (feature_num<=5): n=8/100, pvl min=0.080 mean=0.158 max=0.308, samples_drawn=3
  cat 4 (feature_num<=8): n=1/100, pvl min=0.151 mean=0.151 max=0.151, samples_drawn=0
  cat 5 (feature_num<=12): n=5/100, pvl min=0.091 mean=0.157 max=0.221, samples_drawn=2
  cat 6 (feature_num<=18): n=7/100, pvl min=0.058 mean=0.170 max=0.279, samples_drawn=3
=== Value distribution (all categories) ===
  ego_on_intersection: {0: 21, 1: 18}
  intersection_has_cars: {0: 31, 1: 8}
  distractor_cars: {0: 6, 1: 2, 2: 6, 3: 4, 4: 6, 5: 2, 8: 1, 12: 5, 18: 7}
  has_brake_checker: {0: 20, 1: 19}
  intersection_cars: {0: 13, 1: 7, 2: 11, 3: 8}
  has_cluster: {0: 20, 1: 19}
  maximum_distractor_speed: {5: 10, 10: 8, 15: 6, 20: 15}
  distance_to_nearest: {5: 10, 10: 11, 20: 5, 40: 13}
  cluster_dist: {5: 22, 10: 12, 15: 5}
  brake_dist: {10: 6, 20: 12, 35: 8, 55: 13}
[read_scene_bytes] id=21 took_path=scenario
  Compiling Scenic module from D:\SIP2026\ACL-experiments\Metadrive\policy\scenarios\driver.scenic...
    Compiling Scenic module from D:\SIP2026\Scenic\src\scenic\simulators\metadrive\model.scenic...
      Compiling Scenic module from D:\SIP2026\Scenic\src\scenic\domains\driving\model.scenic...
        Compiling Scenic module from D:\SIP2026\Scenic\src\scenic\domains\driving\behaviors.scenic...
        Compiled Scenic module in 0.6319 seconds.
      Loading cached version of road network...
      Loaded cached network in 0.18 seconds.
      Compiled Scenic module in 1.229 seconds.
    Compiled Scenic module in 1.445 seconds.
  Compiled Scenic module in 1.988 seconds.
  Pruning scenario...
  Pruned scenario in 0 seconds.
counted:  {'distractor_cars': 12}
[episode 41] PASSED: {'select_lane': <Lane at 0x279feb36500; uid="road6_lane1">, 'ego_on_intersection': 1, 'intersection_has_cars': 0, 'distractor_cars': 12, 'has_brake_checker': 1, 'intersection_cars': 2, 'has_cluster': 0, 'maximum_distractor_speed': 5, 'distance_to_nearest': 5, 'brake_dist': 20, 'cluster_dist': 15}
[episode 41] SCENE : {'select_lane': <Lane at 0x279feb36500; uid="road6_lane1">, 'ego_on_intersection': 1, 'intersection_has_cars': 0, 'distractor_cars': 12, 'has_brake_checker': 1, 'intersection_cars': 2, 'has_cluster': 0, 'maximum_distractor_speed': 5, 'distance_to_nearest': 5, 'brake_dist': 20, 'cluster_dist': 15, 'map': WindowsPath('D:/SIP2026/ACL-experiments/Metadrive/CARLA/Town01.xodr'), 'carla_map': 'Town01', 'use2DMap': True, 'map_options': {}, 'sumo_map': 'D:\\SIP2026\\ACL-experiments\\Metadrive\\CARLA\\Town01.net.xml', 'timestep': 0.1, 'render': 1, 'render3D': 0, 'real_time': 1, 'time_step': 0.1, 'verifaiSamplerType': 'halton'}
[episode 41] params: {'select_lane': <Lane at 0x279feb36500; uid="road6_lane1">, 'ego_on_intersection': 1, 'intersection_has_cars': 0, 'distractor_cars': 12, 'has_brake_checker': 1, 'intersection_cars': 2, 'has_cluster': 0, 'maximum_distractor_speed': 5, 'distance_to_nearest': 5, 'brake_dist': 20, 'cluster_dist': 15, 'map': WindowsPath('D:/SIP2026/ACL-experiments/Metadrive/CARLA/Town01.xodr'), 'carla_map': 'Town01', 'use2DMap': True, 'map_options': {}, 'sumo_map': 'D:\\SIP2026\\ACL-experiments\\Metadrive\\CARLA\\Town01.net.xml', 'timestep': 0.1, 'render': 1, 'render3D': 0, 'real_time': 1, 'time_step': 0.1, 'verifaiSamplerType': 'halton'}
Selected destination was: lane_:332_6_0, ['lane_-2_0', 'lane_:110_1_0', 'lane_-21_0', 'lane_:171_5_0', 'lane_-9_0', 'lane_:332_5_0', 'lane_:332_6_0']
Selected destination was: lane_:143_1_0, ['lane_-3_0', 'lane_:3.13_0_0', 'lane_13_0', 'lane_:15.13_0_0', 'lane_-15_0', 'lane_:20.15_0_0', 'lane_20_0', 'lane_:5.20_1_0', 'lane_-5_0', 'lane_:87_3_0', 'lane_24_0', 'lane_:255_2_0', 'lane_-12_0', 'lane_:194_4_0', 'lane_-19_0', 'lane_:143_1_0']
Selected destination was: lane_22_0, ['lane_:194_5_0', 'lane_18_0', 'lane_:278_3_0', 'lane_4_0', 'lane_:306_0_0', 'lane_22_0']
Selected destination was: lane_:110_0_0, ['lane_:194_0_0', 'lane_12_0', 'lane_:255_0_0', 'lane_23_0', 'lane_:306_3_0', 'lane_22_0', 'lane_:171_2_0', 'lane_-9_0', 'lane_:332_5_0', 'lane_25_0', 'lane_:54_3_0', 'lane_-2_0', 'lane_:110_0_0']
Selected destination was: lane_:332_1_0, ['lane_:110_0_0', 'lane_-3_0', 'lane_:3.13_0_0', 'lane_13_0', 'lane_:15.13_0_0', 'lane_-15_0', 'lane_:20.15_0_0', 'lane_20_0', 'lane_:5.20_1_0', 'lane_-5_0', 'lane_:87_3_0', 'lane_24_0', 'lane_:255_3_0', 'lane_23_0', 'lane_:306_3_0', 'lane_22_0', 'lane_:171_3_0', 'lane_21_0', 'lane_:110_2_0', 'lane_2_0', 'lane_:54_4_0', 'lane_-25_0', 'lane_:332_1_0']
Selected destination was: lane_-8_0, ['lane_:171_2_0', 'lane_-9_0', 'lane_:332_4_0', 'lane_-10_0', 'lane_:222_4_0', 'lane_-17_0', 'lane_:278_1_0', 'lane_-18_0', 'lane_:194_1_0', 'lane_-19_0', 'lane_:143_1_0', 'lane_-7_0', 'lane_:7.14_1_0', 'lane_14_0', 'lane_:8.14_0_0', 'lane_-8_0']
Selected destination was: lane_13_0, ['lane_:143_2_0', 'lane_19_0', 'lane_:194_2_0', 'lane_18_0', 'lane_:278_3_0', 'lane_4_0', 'lane_:306_0_0', 'lane_22_0', 'lane_:171_3_0', 'lane_21_0', 'lane_:110_3_0', 'lane_-3_0', 'lane_:3.13_0_0', 'lane_13_0']
Selected destination was: lane_:332_3_0, ['lane_:222_5_0', 'lane_16_0', 'lane_:26_3_0', 'lane_-1_0', 'lane_:54_0_0', 'lane_-2_0', 'lane_:110_1_0', 'lane_-21_0', 'lane_:171_4_0', 'lane_-22_0', 'lane_:306_5_0', 'lane_-4_0', 'lane_:278_5_0', 'lane_17_0', 'lane_:222_3_0', 'lane_10_0', 'lane_:332_3_0']
Selected destination was: lane_:26_5_0, ['lane_:332_3_0', 'lane_9_0', 'lane_:171_0_0', 'lane_21_0', 'lane_:110_2_0', 'lane_2_0', 'lane_:54_5_0', 'lane_1_0', 'lane_:26_5_0']
Selected destination was: lane_-1_0, ['lane_:54_3_0', 'lane_-2_0', 'lane_:110_1_0', 'lane_-21_0', 'lane_:171_5_0', 'lane_-9_0', 'lane_:332_4_0', 'lane_-10_0', 'lane_:222_5_0', 'lane_16_0', 'lane_:26_3_0', 'lane_-1_0']
Selected destination was: lane_:143_3_0, ['lane_:332_3_0', 'lane_9_0', 'lane_:171_0_0', 'lane_21_0', 'lane_:110_2_0', 'lane_2_0', 'lane_:54_5_0', 'lane_1_0', 'lane_:26_5_0', 'lane_0_0', 'lane_:11.0_1_0', 'lane_-11_0', 'lane_:8.11_0_0', 'lane_8_0', 'lane_:8.14_1_0', 'lane_-14_0', 'lane_:7.14_0_0', 'lane_7_0', 'lane_:143_3_0']
Selected destination was: lane_:7.14_0_0, ['lane_6_0', 'lane_:87_0_0', 'lane_24_0', 'lane_:255_2_0', 'lane_-12_0', 'lane_:194_5_0', 'lane_18_0', 'lane_:278_2_0', 'lane_17_0', 'lane_:222_2_0', 'lane_16_0', 'lane_:26_2_0', 'lane_0_0', 'lane_:11.0_1_0', 'lane_-11_0', 'lane_:8.11_0_0', 'lane_8_0', 'lane_:8.14_1_0', 'lane_-14_0', 'lane_:7.14_0_0']
Selected destination was: lane_-12_0, ['lane_-16_0', 'lane_:222_1_0', 'lane_-17_0', 'lane_:278_0_0', 'lane_4_0', 'lane_:306_1_0', 'lane_-23_0', 'lane_:255_5_0', 'lane_-12_0']
Selected destination was: lane_6_0, ['lane_:110_2_0', 'lane_2_0', 'lane_:54_4_0', 'lane_-25_0', 'lane_:332_1_0', 'lane_-10_0', 'lane_:222_4_0', 'lane_-17_0', 'lane_:278_1_0', 'lane_-18_0', 'lane_:194_1_0', 'lane_-19_0', 'lane_:143_0_0', 'lane_6_0']
41
SPS: 28
Terminating episode
  Compiling Scenic module from D:\SIP2026\ACL-experiments\Metadrive\policy\scenarios\driver.scenic...
    Compiling Scenic module from D:\SIP2026\Scenic\src\scenic\simulators\metadrive\model.scenic...
      Compiling Scenic module from D:\SIP2026\Scenic\src\scenic\domains\driving\model.scenic...
        Compiling Scenic module from D:\SIP2026\Scenic\src\scenic\domains\driving\behaviors.scenic...
        Compiled Scenic module in 0.5032 seconds.
      Loading cached version of road network...
      Loaded cached network in 0.19 seconds.
      Compiled Scenic module in 1.11 seconds.
    Compiled Scenic module in 2.807 seconds.
  Compiled Scenic module in 3.335 seconds.
  Pruning scenario...
  Pruned scenario in 0 seconds.
counted:  {'distractor_cars': 8}
[episode 42] PASSED: {'ego_on_intersection': 0, 'intersection_has_cars': 0, 'distractor_cars': 8, 'has_brake_checker': 1, 'intersection_cars': 0, 'has_cluster': 1, 'maximum_distractor_speed': 20, 'distance_to_nearest': 40, 'cluster_dist': 15, 'brake_dist': 55}
[episode 42] SCENE : {'ego_on_intersection': 0, 'intersection_has_cars': 0, 'distractor_cars': 8, 'has_brake_checker': 1, 'intersection_cars': 0, 'has_cluster': 1, 'maximum_distractor_speed': 20, 'distance_to_nearest': 40, 'cluster_dist': 15, 'brake_dist': 55, 'map': WindowsPath('D:/SIP2026/ACL-experiments/Metadrive/CARLA/Town01.xodr'), 'carla_map': 'Town01', 'use2DMap': True, 'map_options': {}, 'sumo_map': 'D:\\SIP2026\\ACL-experiments\\Metadrive\\CARLA\\Town01.net.xml', 'timestep': 0.1, 'render': 1, 'render3D': 0, 'real_time': 1, 'time_step': 0.1, 'verifaiSamplerType': 'halton', 'select_lane': <Lane at 0x2799adc7340; uid="road8_lane1">}
[episode 42] params: {'ego_on_intersection': 0, 'intersection_has_cars': 0, 'distractor_cars': 8, 'has_brake_checker': 1, 'intersection_cars': 0, 'has_cluster': 1, 'maximum_distractor_speed': 20, 'distance_to_nearest': 40, 'cluster_dist': 15, 'brake_dist': 55, 'map': WindowsPath('D:/SIP2026/ACL-experiments/Metadrive/CARLA/Town01.xodr'), 'carla_map': 'Town01', 'use2DMap': True, 'map_options': {}, 'sumo_map': 'D:\\SIP2026\\ACL-experiments\\Metadrive\\CARLA\\Town01.net.xml', 'timestep': 0.1, 'render': 1, 'render3D': 0, 'real_time': 1, 'time_step': 0.1, 'verifaiSamplerType': 'halton', 'select_lane': <Lane at 0x2799adc7340; uid="road8_lane1">}
Selected destination was: lane_-1_0, ['lane_8_0', 'lane_:8.14_1_0', 'lane_-14_0', 'lane_:7.14_0_0', 'lane_7_0', 'lane_:143_2_0', 'lane_19_0', 'lane_:194_2_0', 'lane_18_0', 'lane_:278_2_0', 'lane_17_0', 'lane_:222_2_0', 'lane_16_0', 'lane_:26_3_0', 'lane_-1_0']
Selected destination was: lane_:222_4_0, ['lane_8_0', 'lane_:8.14_1_0', 'lane_-14_0', 'lane_:7.14_0_0', 'lane_7_0', 'lane_:143_2_0', 'lane_19_0', 'lane_:194_2_0', 'lane_18_0', 'lane_:278_3_0', 'lane_4_0', 'lane_:306_0_0', 'lane_22_0', 'lane_:171_2_0', 'lane_-9_0', 'lane_:332_4_0', 'lane_-10_0', 'lane_:222_4_0']
Selected destination was: lane_-12_0, ['lane_8_0', 'lane_:8.14_1_0', 'lane_-14_0', 'lane_:7.14_0_0', 'lane_7_0', 'lane_:143_3_0', 'lane_6_0', 'lane_:87_0_0', 'lane_24_0', 'lane_:255_2_0', 'lane_-12_0']
Selected destination was: lane_:143_0_0, ['lane_8_0', 'lane_:8.14_1_0', 'lane_-14_0', 'lane_:7.14_0_0', 'lane_7_0', 'lane_:143_3_0', 'lane_6_0', 'lane_:87_0_0', 'lane_24_0', 'lane_:255_2_0', 'lane_-12_0', 'lane_:194_4_0', 'lane_-19_0', 'lane_:143_0_0']
Selected destination was: lane_-5_0, ['lane_10_0', 'lane_:332_2_0', 'lane_25_0', 'lane_:54_3_0', 'lane_-2_0', 'lane_:110_0_0', 'lane_-3_0', 'lane_:3.13_0_0', 'lane_13_0', 'lane_:15.13_0_0', 'lane_-15_0', 'lane_:20.15_0_0', 'lane_20_0', 'lane_:5.20_1_0', 'lane_-5_0']
Selected destination was: lane_:171_2_0, ['lane_25_0', 'lane_:54_2_0', 'lane_1_0', 'lane_:26_4_0', 'lane_-16_0', 'lane_:222_1_0', 'lane_-17_0', 'lane_:278_0_0', 'lane_4_0', 'lane_:306_0_0', 'lane_22_0', 'lane_:171_2_0']
Selected destination was: lane_:278_0_0, ['lane_:222_6_0', 'lane_10_0', 'lane_:332_2_0', 'lane_25_0', 'lane_:54_2_0', 'lane_1_0', 'lane_:26_4_0', 'lane_-16_0', 'lane_:222_1_0', 'lane_-17_0', 'lane_:278_0_0']
Selected destination was: lane_:20.15_0_0, ['lane_:194_5_0', 'lane_18_0', 'lane_:278_3_0', 'lane_4_0', 'lane_:306_0_0', 'lane_22_0', 'lane_:171_3_0', 'lane_21_0', 'lane_:110_3_0', 'lane_-3_0', 'lane_:3.13_0_0', 'lane_13_0', 'lane_:15.13_0_0', 'lane_-15_0', 'lane_:20.15_0_0']
Selected destination was: lane_17_0, ['lane_-6_0', 'lane_:143_5_0', 'lane_19_0', 'lane_:194_2_0', 'lane_18_0', 'lane_:278_2_0', 'lane_17_0']
Selected destination was: lane_:87_6_0, ['lane_13_0', 'lane_:15.13_0_0', 'lane_-15_0', 'lane_:20.15_0_0', 'lane_20_0', 'lane_:5.20_1_0', 'lane_-5_0', 'lane_:87_3_0', 'lane_:87_6_0']
42
Terminating Early!
Terminating episode
[read_scene_bytes] id=31 took_path=scenario
[episode 43] params: {'ego_on_intersection': 0, 'intersection_has_cars': 0, 'distractor_cars': 8, 'has_brake_checker': 1, 'intersection_cars': 0, 'has_cluster': 1, 'maximum_distractor_speed': 20, 'distance_to_nearest': 40, 'cluster_dist': 15, 'brake_dist': 55, 'map': WindowsPath('D:/SIP2026/ACL-experiments/Metadrive/CARLA/Town01.xodr'), 'carla_map': 'Town01', 'use2DMap': True, 'map_options': {}, 'sumo_map': 'D:\\SIP2026\\ACL-experiments\\Metadrive\\CARLA\\Town01.net.xml', 'timestep': 0.1, 'render': 1, 'render3D': 0, 'real_time': 1, 'time_step': 0.1, 'verifaiSamplerType': 'halton', 'select_lane': <Lane at 0x2799adc7340; uid="road8_lane1">}
Selected destination was: lane_:20.15_0_0, ['lane_-1_0', 'lane_:54_0_0', 'lane_-2_0', 'lane_:110_0_0', 'lane_-3_0', 'lane_:3.13_0_0', 'lane_13_0', 'lane_:15.13_0_0', 'lane_-15_0', 'lane_:20.15_0_0']
Selected destination was: lane_-19_0, ['lane_11_0', 'lane_:11.0_0_0', 'lane_-0_0', 'lane_:26_1_0', 'lane_-16_0', 'lane_:222_1_0', 'lane_-17_0', 'lane_:278_1_0', 'lane_-18_0', 'lane_:194_1_0', 'lane_-19_0']
Selected destination was: lane_23_0, ['lane_:255_2_0', 'lane_-12_0', 'lane_:194_4_0', 'lane_-19_0', 'lane_:143_0_0', 'lane_6_0', 'lane_:87_0_0', 'lane_24_0', 'lane_:255_3_0', 'lane_23_0']
Selected destination was: lane_-0_0, ['lane_:255_4_0', 'lane_-24_0', 'lane_:87_5_0', 'lane_-6_0', 'lane_:143_4_0', 'lane_-7_0', 'lane_:7.14_1_0', 'lane_14_0', 'lane_:8.14_0_0', 'lane_-8_0', 'lane_:8.11_1_0', 'lane_11_0', 'lane_:11.0_0_0', 'lane_-0_0']
43
SPS: 28
Terminating episode
  Compiling Scenic module from D:\SIP2026\ACL-experiments\Metadrive\policy\scenarios\driver.scenic...
    Compiling Scenic module from D:\SIP2026\Scenic\src\scenic\simulators\metadrive\model.scenic...
      Compiling Scenic module from D:\SIP2026\Scenic\src\scenic\domains\driving\model.scenic...
        Compiling Scenic module from D:\SIP2026\Scenic\src\scenic\domains\driving\behaviors.scenic...
        Compiled Scenic module in 0.5632 seconds.
      Loading cached version of road network...
      Loaded cached network in 0.22 seconds.
      Compiled Scenic module in 1.16 seconds.
    Compiled Scenic module in 1.272 seconds.
  Compiled Scenic module in 1.745 seconds.
  Pruning scenario...
  Pruned scenario in 0 seconds.
counted:  {'distractor_cars': 12}
[episode 44] PASSED: {'ego_on_intersection': 1, 'intersection_has_cars': 1, 'distractor_cars': 12, 'has_brake_checker': 1, 'intersection_cars': 3, 'has_cluster': 1, 'maximum_distractor_speed': 5, 'distance_to_nearest': 40, 'cluster_dist': 15, 'brake_dist': 55}
[episode 44] SCENE : {'ego_on_intersection': 1, 'intersection_has_cars': 1, 'distractor_cars': 12, 'has_brake_checker': 1, 'intersection_cars': 3, 'has_cluster': 1, 'maximum_distractor_speed': 5, 'distance_to_nearest': 40, 'cluster_dist': 15, 'brake_dist': 55, 'map': WindowsPath('D:/SIP2026/ACL-experiments/Metadrive/CARLA/Town01.xodr'), 'carla_map': 'Town01', 'use2DMap': True, 'map_options': {}, 'sumo_map': 'D:\\SIP2026\\ACL-experiments\\Metadrive\\CARLA\\Town01.net.xml', 'timestep': 0.1, 'render': 1, 'render3D': 0, 'real_time': 1, 'time_step': 0.1, 'verifaiSamplerType': 'halton', 'select_lane': <Lane at 0x2799b8b6410; uid="road277_lane0">}
[episode 44] params: {'ego_on_intersection': 1, 'intersection_has_cars': 1, 'distractor_cars': 12, 'has_brake_checker': 1, 'intersection_cars': 3, 'has_cluster': 1, 'maximum_distractor_speed': 5, 'distance_to_nearest': 40, 'cluster_dist': 15, 'brake_dist': 55, 'map': WindowsPath('D:/SIP2026/ACL-experiments/Metadrive/CARLA/Town01.xodr'), 'carla_map': 'Town01', 'use2DMap': True, 'map_options': {}, 'sumo_map': 'D:\\SIP2026\\ACL-experiments\\Metadrive\\CARLA\\Town01.net.xml', 'timestep': 0.1, 'render': 1, 'render3D': 0, 'real_time': 1, 'time_step': 0.1, 'verifaiSamplerType': 'halton', 'select_lane': <Lane at 0x2799b8b6410; uid="road277_lane0">}
Selected destination was: lane_:194_2_0, ['lane_:7.14_0_0', 'lane_7_0', 'lane_:143_2_0', 'lane_19_0', 'lane_:194_2_0']
Selected destination was: lane_:255_5_0, ['lane_6_0', 'lane_:87_0_0', 'lane_24_0', 'lane_:255_2_0', 'lane_-12_0', 'lane_:194_5_0', 'lane_18_0', 'lane_:278_3_0', 'lane_4_0', 'lane_:306_1_0', 'lane_-23_0', 'lane_:255_5_0']
Selected destination was: lane_:26_1_0, ['lane_18_0', 'lane_:278_3_0', 'lane_4_0', 'lane_:306_1_0', 'lane_-23_0', 'lane_:255_4_0', 'lane_-24_0', 'lane_:87_5_0', 'lane_-6_0', 'lane_:143_4_0', 'lane_-7_0', 'lane_:7.14_1_0', 'lane_14_0', 'lane_:8.14_0_0', 'lane_-8_0', 'lane_:8.11_1_0', 'lane_11_0', 'lane_:11.0_0_0', 'lane_-0_0', 'lane_:26_1_0']
Selected destination was: lane_16_0, ['lane_-25_0', 'lane_:332_1_0', 'lane_-10_0', 'lane_:222_5_0', 'lane_16_0']
Selected destination was: lane_:87_1_0, ['lane_:26_0_0', 'lane_-1_0', 'lane_:54_1_0', 'lane_-25_0', 'lane_:332_1_0', 'lane_-10_0', 'lane_:222_4_0', 'lane_-17_0', 'lane_:278_1_0', 'lane_-18_0', 'lane_:194_1_0', 'lane_-19_0', 'lane_:143_0_0', 'lane_6_0', 'lane_:87_1_0']
Selected destination was: lane_-21_0, ['lane_:143_3_0', 'lane_6_0', 'lane_:87_1_0', 'lane_5_0', 'lane_:5.20_0_0', 'lane_-20_0', 'lane_:20.15_1_0', 'lane_15_0', 'lane_:15.13_1_0', 'lane_-13_0', 'lane_:3.13_1_0', 'lane_3_0', 'lane_:110_4_0', 'lane_-21_0']
Selected destination was: lane_:306_4_0, ['lane_6_0', 'lane_:87_0_0', 'lane_24_0', 'lane_:255_2_0', 'lane_-12_0', 'lane_:194_5_0', 'lane_18_0', 'lane_:278_2_0', 'lane_17_0', 'lane_:222_3_0', 'lane_10_0', 'lane_:332_3_0', 'lane_9_0', 'lane_:171_1_0', 'lane_-22_0', 'lane_:306_4_0']
Selected destination was: lane_:110_4_0, ['lane_:171_3_0', 'lane_21_0', 'lane_:110_2_0', 'lane_2_0', 'lane_:54_4_0', 'lane_-25_0', 'lane_:332_0_0', 'lane_9_0', 'lane_:171_1_0', 'lane_-22_0', 'lane_:306_4_0', 'lane_-23_0', 'lane_:255_4_0', 'lane_-24_0', 'lane_:87_4_0', 'lane_5_0', 'lane_:5.20_0_0', 'lane_-20_0', 'lane_:20.15_1_0', 'lane_15_0', 'lane_:15.13_1_0', 'lane_-13_0', 'lane_:3.13_1_0', 'lane_3_0', 'lane_:110_4_0']
Selected destination was: lane_-7_0, ['lane_:171_3_0', 'lane_21_0', 'lane_:110_2_0', 'lane_2_0', 'lane_:54_4_0', 'lane_-25_0', 'lane_:332_1_0', 'lane_-10_0', 'lane_:222_4_0', 'lane_-17_0', 'lane_:278_1_0', 'lane_-18_0', 'lane_:194_1_0', 'lane_-19_0', 'lane_:143_1_0', 'lane_-7_0']
Selected destination was: lane_:11.0_0_0, ['lane_:278_0_0', 'lane_4_0', 'lane_:306_1_0', 'lane_-23_0', 'lane_:255_4_0', 'lane_-24_0', 'lane_:87_5_0', 'lane_-6_0', 'lane_:143_4_0', 'lane_-7_0', 'lane_:7.14_1_0', 'lane_14_0', 'lane_:8.14_0_0', 'lane_-8_0', 'lane_:8.11_1_0', 'lane_11_0', 'lane_:11.0_0_0']
Selected destination was: lane_:110_6_0, ['lane_-16_0', 'lane_:222_0_0', 'lane_10_0', 'lane_:332_2_0', 'lane_25_0', 'lane_:54_3_0', 'lane_-2_0', 'lane_:110_1_0', 'lane_:110_6_0']
Selected destination was: lane_:8.11_0_0, ['lane_-15_0', 'lane_:20.15_0_0', 'lane_20_0', 'lane_:5.20_1_0', 'lane_-5_0', 'lane_:87_2_0', 'lane_-6_0', 'lane_:143_5_0', 'lane_19_0', 'lane_:194_2_0', 'lane_18_0', 'lane_:278_2_0', 'lane_17_0', 'lane_:222_2_0', 'lane_16_0', 'lane_:26_2_0', 'lane_0_0', 'lane_:11.0_1_0', 'lane_-11_0', 'lane_:8.11_0_0']
Selected destination was: lane_:255_5_0, ['lane_:278_5_0', 'lane_17_0', 'lane_:222_3_0', 'lane_10_0', 'lane_:332_3_0', 'lane_9_0', 'lane_:171_1_0', 'lane_-22_0', 'lane_:306_4_0', 'lane_-23_0', 'lane_:255_5_0']
Selected destination was: lane_:7.14_1_0, ['lane_15_0', 'lane_:15.13_1_0', 'lane_-13_0', 'lane_:3.13_1_0', 'lane_3_0', 'lane_:110_4_0', 'lane_-21_0', 'lane_:171_4_0', 'lane_-22_0', 'lane_:306_4_0', 'lane_-23_0', 'lane_:255_4_0', 'lane_-24_0', 'lane_:87_5_0', 'lane_-6_0', 'lane_:143_4_0', 'lane_-7_0', 'lane_:7.14_1_0']
44
Terminating Early!
Terminating episode
[read_scene_bytes] id=14 took_path=scenario
[read_scene_bytes] id=2 took_path=scenario
  Compiling Scenic module from D:\SIP2026\ACL-experiments\Metadrive\policy\scenarios\driver.scenic...
    Compiling Scenic module from D:\SIP2026\Scenic\src\scenic\simulators\metadrive\model.scenic...
      Compiling Scenic module from D:\SIP2026\Scenic\src\scenic\domains\driving\model.scenic...
        Compiling Scenic module from D:\SIP2026\Scenic\src\scenic\domains\driving\behaviors.scenic...
        Compiled Scenic module in 0.438 seconds.
      Loading cached version of road network...
      Loaded cached network in 0.17 seconds.
      Compiled Scenic module in 1.022 seconds.
    Compiled Scenic module in 1.196 seconds.
  Compiled Scenic module in 1.727 seconds.
  Pruning scenario...
  Pruned scenario in 0.000998 seconds.
counted:  {'distractor_cars': 18}
[episode 45] PASSED: {'select_lane': <Lane at 0x279de1495d0; uid="road139_lane0">, 'ego_on_intersection': 1, 'intersection_has_cars': 0, 'distractor_cars': 18, 'has_brake_checker': 0, 'intersection_cars': 3, 'has_cluster': 1, 'maximum_distractor_speed': 20, 'distance_to_nearest': 40, 'cluster_dist': 5, 'brake_dist': 20}
[episode 45] SCENE : {'select_lane': <Lane at 0x279de1495d0; uid="road139_lane0">, 'ego_on_intersection': 1, 'intersection_has_cars': 0, 'distractor_cars': 18, 'has_brake_checker': 0, 'intersection_cars': 3, 'has_cluster': 1, 'maximum_distractor_speed': 20, 'distance_to_nearest': 40, 'cluster_dist': 5, 'brake_dist': 20, 'map': WindowsPath('D:/SIP2026/ACL-experiments/Metadrive/CARLA/Town01.xodr'), 'carla_map': 'Town01', 'use2DMap': True, 'map_options': {}, 'sumo_map': 'D:\\SIP2026\\ACL-experiments\\Metadrive\\CARLA\\Town01.net.xml', 'timestep': 0.1, 'render': 1, 'render3D': 0, 'real_time': 1, 'time_step': 0.1, 'verifaiSamplerType': 'halton'}
[episode 45] params: {'select_lane': <Lane at 0x279de1495d0; uid="road139_lane0">, 'ego_on_intersection': 1, 'intersection_has_cars': 0, 'distractor_cars': 18, 'has_brake_checker': 0, 'intersection_cars': 3, 'has_cluster': 1, 'maximum_distractor_speed': 20, 'distance_to_nearest': 40, 'cluster_dist': 5, 'brake_dist': 20, 'map': WindowsPath('D:/SIP2026/ACL-experiments/Metadrive/CARLA/Town01.xodr'), 'carla_map': 'Town01', 'use2DMap': True, 'map_options': {}, 'sumo_map': 'D:\\SIP2026\\ACL-experiments\\Metadrive\\CARLA\\Town01.net.xml', 'timestep': 0.1, 'render': 1, 'render3D': 0, 'real_time': 1, 'time_step': 0.1, 'verifaiSamplerType': 'halton'}
Selected destination was: lane_:110_2_0, ['lane_:7.14_0_0', 'lane_7_0', 'lane_:143_2_0', 'lane_19_0', 'lane_:194_2_0', 'lane_18_0', 'lane_:278_3_0', 'lane_4_0', 'lane_:306_0_0', 'lane_22_0', 'lane_:171_3_0', 'lane_21_0', 'lane_:110_2_0']
Selected destination was: lane_:8.14_0_0, ['lane_16_0', 'lane_:26_3_0', 'lane_-1_0', 'lane_:54_1_0', 'lane_-25_0', 'lane_:332_1_0', 'lane_-10_0', 'lane_:222_4_0', 'lane_-17_0', 'lane_:278_1_0', 'lane_-18_0', 'lane_:194_1_0', 'lane_-19_0', 'lane_:143_1_0', 'lane_-7_0', 'lane_:7.14_1_0', 'lane_14_0', 'lane_:8.14_0_0']
Selected destination was: lane_:26_0_0, ['lane_12_0', 'lane_:255_1_0', 'lane_-24_0', 'lane_:87_5_0', 'lane_-6_0', 'lane_:143_4_0', 'lane_-7_0', 'lane_:7.14_1_0', 'lane_14_0', 'lane_:8.14_0_0', 'lane_-8_0', 'lane_:8.11_1_0', 'lane_11_0', 'lane_:11.0_0_0', 'lane_-0_0', 'lane_:26_0_0']
Selected destination was: lane_:194_3_0, ['lane_:255_2_0', 'lane_-12_0', 'lane_:194_5_0', 'lane_18_0', 'lane_:278_3_0', 'lane_4_0', 'lane_:306_1_0', 'lane_-23_0', 'lane_:255_4_0', 'lane_-24_0', 'lane_:87_5_0', 'lane_-6_0', 'lane_:143_5_0', 'lane_19_0', 'lane_:194_3_0']
Selected destination was: lane_24_0, ['lane_:143_3_0', 'lane_6_0', 'lane_:87_0_0', 'lane_24_0']
Selected destination was: lane_:255_6_0, ['lane_:143_3_0', 'lane_6_0', 'lane_:87_0_0', 'lane_24_0', 'lane_:255_2_0', 'lane_-12_0', 'lane_:194_5_0', 'lane_18_0', 'lane_:278_3_0', 'lane_4_0', 'lane_:306_1_0', 'lane_-23_0', 'lane_:255_5_0', 'lane_:255_6_0']
Selected destination was: lane_:278_5_0, ['lane_:143_3_0', 'lane_6_0', 'lane_:87_0_0', 'lane_24_0', 'lane_:255_3_0', 'lane_23_0', 'lane_:306_2_0', 'lane_-4_0', 'lane_:278_5_0']
Selected destination was: lane_-23_0, ['lane_22_0', 'lane_:171_2_0', 'lane_-9_0', 'lane_:332_4_0', 'lane_-10_0', 'lane_:222_4_0', 'lane_-17_0', 'lane_:278_0_0', 'lane_4_0', 'lane_:306_1_0', 'lane_-23_0']
Selected destination was: lane_:54_0_0, ['lane_:306_1_0', 'lane_-23_0', 'lane_:255_5_0', 'lane_-12_0', 'lane_:194_5_0', 'lane_18_0', 'lane_:278_2_0', 'lane_17_0', 'lane_:222_2_0', 'lane_16_0', 'lane_:26_3_0', 'lane_-1_0', 'lane_:54_0_0']
Selected destination was: lane_:332_2_0, ['lane_:110_1_0', 'lane_-21_0', 'lane_:171_4_0', 'lane_-22_0', 'lane_:306_5_0', 'lane_-4_0', 'lane_:278_5_0', 'lane_17_0', 'lane_:222_3_0', 'lane_10_0', 'lane_:332_2_0']
Selected destination was: lane_:306_2_0, ['lane_:26_6_0', 'lane_-16_0', 'lane_:222_1_0', 'lane_-17_0', 'lane_:278_1_0', 'lane_-18_0', 'lane_:194_0_0', 'lane_12_0', 'lane_:255_0_0', 'lane_23_0', 'lane_:306_2_0']
Selected destination was: lane_:143_4_0, ['lane_25_0', 'lane_:54_3_0', 'lane_-2_0', 'lane_:110_1_0', 'lane_-21_0', 'lane_:171_4_0', 'lane_-22_0', 'lane_:306_4_0', 'lane_-23_0', 'lane_:255_4_0', 'lane_-24_0', 'lane_:87_5_0', 'lane_-6_0', 'lane_:143_4_0']
Selected destination was: lane_:306_3_0, ['lane_4_0', 'lane_:306_1_0', 'lane_-23_0', 'lane_:255_4_0', 'lane_-24_0', 'lane_:87_5_0', 'lane_-6_0', 'lane_:143_5_0', 'lane_19_0', 'lane_:194_3_0', 'lane_12_0', 'lane_:255_0_0', 'lane_23_0', 'lane_:306_3_0']
Selected destination was: lane_3_0, ['lane_:87_3_0', 'lane_24_0', 'lane_:255_2_0', 'lane_-12_0', 'lane_:194_4_0', 'lane_-19_0', 'lane_:143_0_0', 'lane_6_0', 'lane_:87_1_0', 'lane_5_0', 'lane_:5.20_0_0', 'lane_-20_0', 'lane_:20.15_1_0', 'lane_15_0', 'lane_:15.13_1_0', 'lane_-13_0', 'lane_:3.13_1_0', 'lane_3_0']
Selected destination was: lane_12_0, ['lane_:54_4_0', 'lane_-25_0', 'lane_:332_1_0', 'lane_-10_0', 'lane_:222_4_0', 'lane_-17_0', 'lane_:278_1_0', 'lane_-18_0', 'lane_:194_0_0', 'lane_12_0']
Selected destination was: lane_:332_4_0, ['lane_19_0', 'lane_:194_2_0', 'lane_18_0', 'lane_:278_3_0', 'lane_4_0', 'lane_:306_0_0', 'lane_22_0', 'lane_:171_2_0', 'lane_-9_0', 'lane_:332_4_0']
Selected destination was: lane_:255_4_0, ['lane_:87_6_0', 'lane_24_0', 'lane_:255_2_0', 'lane_-12_0', 'lane_:194_5_0', 'lane_18_0', 'lane_:278_3_0', 'lane_4_0', 'lane_:306_1_0', 'lane_-23_0', 'lane_:255_4_0']
Selected destination was: lane_:171_0_0, ['lane_:87_4_0', 'lane_5_0', 'lane_:5.20_0_0', 'lane_-20_0', 'lane_:20.15_1_0', 'lane_15_0', 'lane_:15.13_1_0', 'lane_-13_0', 'lane_:3.13_1_0', 'lane_3_0', 'lane_:110_5_0', 'lane_2_0', 'lane_:54_4_0', 'lane_-25_0', 'lane_:332_0_0', 'lane_9_0', 'lane_:171_0_0']
Selected destination was: lane_:110_3_0, ['lane_:26_2_0', 'lane_0_0', 'lane_:11.0_1_0', 'lane_-11_0', 'lane_:8.11_0_0', 'lane_8_0', 'lane_:8.14_1_0', 'lane_-14_0', 'lane_:7.14_0_0', 'lane_7_0', 'lane_:143_2_0', 'lane_19_0', 'lane_:194_2_0', 'lane_18_0', 'lane_:278_3_0', 'lane_4_0', 'lane_:306_0_0', 'lane_22_0', 'lane_:171_3_0', 'lane_21_0', 'lane_:110_3_0']
45
Terminating Early!
Terminating episode
  Compiling Scenic module from D:\SIP2026\ACL-experiments\Metadrive\policy\scenarios\driver.scenic...
    Compiling Scenic module from D:\SIP2026\Scenic\src\scenic\simulators\metadrive\model.scenic...
      Compiling Scenic module from D:\SIP2026\Scenic\src\scenic\domains\driving\model.scenic...
        Compiling Scenic module from D:\SIP2026\Scenic\src\scenic\domains\driving\behaviors.scenic...
        Compiled Scenic module in 0.4745 seconds.
      Loading cached version of road network...
      Loaded cached network in 0.15 seconds.
      Compiled Scenic module in 1.036 seconds.
    Compiled Scenic module in 1.181 seconds.
  Compiled Scenic module in 1.551 seconds.
  Pruning scenario...
  Pruned scenario in 0.001001 seconds.
counted:  {'distractor_cars': 3}
[episode 46] PASSED: {'ego_on_intersection': 1, 'intersection_has_cars': 0, 'distractor_cars': 3, 'has_brake_checker': 1, 'intersection_cars': 2, 'has_cluster': 1, 'maximum_distractor_speed': 5, 'distance_to_nearest': 5, 'cluster_dist': 5, 'brake_dist': 20}
[episode 46] SCENE : {'ego_on_intersection': 1, 'intersection_has_cars': 0, 'distractor_cars': 3, 'has_brake_checker': 1, 'intersection_cars': 2, 'has_cluster': 1, 'maximum_distractor_speed': 5, 'distance_to_nearest': 5, 'cluster_dist': 5, 'brake_dist': 20, 'map': WindowsPath('D:/SIP2026/ACL-experiments/Metadrive/CARLA/Town01.xodr'), 'carla_map': 'Town01', 'use2DMap': True, 'map_options': {}, 'sumo_map': 'D:\\SIP2026\\ACL-experiments\\Metadrive\\CARLA\\Town01.net.xml', 'timestep': 0.1, 'render': 1, 'render3D': 0, 'real_time': 1, 'time_step': 0.1, 'verifaiSamplerType': 'halton', 'select_lane': <Lane at 0x2799f907850; uid="road5_lane1">}
[episode 46] params: {'ego_on_intersection': 1, 'intersection_has_cars': 0, 'distractor_cars': 3, 'has_brake_checker': 1, 'intersection_cars': 2, 'has_cluster': 1, 'maximum_distractor_speed': 5, 'distance_to_nearest': 5, 'cluster_dist': 5, 'brake_dist': 20, 'map': WindowsPath('D:/SIP2026/ACL-experiments/Metadrive/CARLA/Town01.xodr'), 'carla_map': 'Town01', 'use2DMap': True, 'map_options': {}, 'sumo_map': 'D:\\SIP2026\\ACL-experiments\\Metadrive\\CARLA\\Town01.net.xml', 'timestep': 0.1, 'render': 1, 'render3D': 0, 'real_time': 1, 'time_step': 0.1, 'verifaiSamplerType': 'halton', 'select_lane': <Lane at 0x2799f907850; uid="road5_lane1">}
Selected destination was: lane_-9_0, ['lane_:5.20_1_0', 'lane_-5_0', 'lane_:87_3_0', 'lane_24_0', 'lane_:255_3_0', 'lane_23_0', 'lane_:306_3_0', 'lane_22_0', 'lane_:171_2_0', 'lane_-9_0']
Selected destination was: lane_14_0, ['lane_-5_0', 'lane_:87_2_0', 'lane_-6_0', 'lane_:143_4_0', 'lane_-7_0', 'lane_:7.14_1_0', 'lane_14_0']
Selected destination was: lane_:171_5_0, ['lane_:306_2_0', 'lane_-4_0', 'lane_:278_5_0', 'lane_17_0', 'lane_:222_2_0', 'lane_16_0', 'lane_:26_3_0', 'lane_-1_0', 'lane_:54_0_0', 'lane_-2_0', 'lane_:110_1_0', 'lane_-21_0', 'lane_:171_5_0']
Selected destination was: lane_21_0, ['lane_:54_3_0', 'lane_-2_0', 'lane_:110_1_0', 'lane_-21_0', 'lane_:171_4_0', 'lane_-22_0', 'lane_:306_5_0', 'lane_-4_0', 'lane_:278_5_0', 'lane_17_0', 'lane_:222_3_0', 'lane_10_0', 'lane_:332_3_0', 'lane_9_0', 'lane_:171_0_0', 'lane_21_0']
Selected destination was: lane_17_0, ['lane_-5_0', 'lane_:87_2_0', 'lane_-6_0', 'lane_:143_5_0', 'lane_19_0', 'lane_:194_2_0', 'lane_18_0', 'lane_:278_2_0', 'lane_17_0']
46
SPS: 28
Terminating Early!
Terminating episode
[read_scene_bytes] id=43 took_path=scenario
[read_scene_bytes] id=27 took_path=scenario
  Compiling Scenic module from D:\SIP2026\ACL-experiments\Metadrive\policy\scenarios\driver.scenic...
    Compiling Scenic module from D:\SIP2026\Scenic\src\scenic\simulators\metadrive\model.scenic...
      Compiling Scenic module from D:\SIP2026\Scenic\src\scenic\domains\driving\model.scenic...
        Compiling Scenic module from D:\SIP2026\Scenic\src\scenic\domains\driving\behaviors.scenic...
        Compiled Scenic module in 0.495 seconds.
      Loading cached version of road network...
      Loaded cached network in 0.13 seconds.
      Compiled Scenic module in 1.06 seconds.
    Compiled Scenic module in 1.166 seconds.
  Compiled Scenic module in 1.529 seconds.
  Pruning scenario...
  Pruned scenario in 0 seconds.
counted:  {'distractor_cars': 12}
[episode 47] PASSED: {'select_lane': <Lane at 0x2799b8b6410; uid="road277_lane0">, 'ego_on_intersection': 1, 'intersection_has_cars': 1, 'distractor_cars': 12, 'has_brake_checker': 1, 'intersection_cars': 1, 'has_cluster': 0, 'maximum_distractor_speed': 5, 'distance_to_nearest': 40, 'cluster_dist': 15, 'brake_dist': 55}
[episode 47] SCENE : {'select_lane': <Lane at 0x2799b8b6410; uid="road277_lane0">, 'ego_on_intersection': 1, 'intersection_has_cars': 1, 'distractor_cars': 12, 'has_brake_checker': 1, 'intersection_cars': 1, 'has_cluster': 0, 'maximum_distractor_speed': 5, 'distance_to_nearest': 40, 'cluster_dist': 15, 'brake_dist': 55, 'map': WindowsPath('D:/SIP2026/ACL-experiments/Metadrive/CARLA/Town01.xodr'), 'carla_map': 'Town01', 'use2DMap': True, 'map_options': {}, 'sumo_map': 'D:\\SIP2026\\ACL-experiments\\Metadrive\\CARLA\\Town01.net.xml', 'timestep': 0.1, 'render': 1, 'render3D': 0, 'real_time': 1, 'time_step': 0.1, 'verifaiSamplerType': 'halton'}
[episode 47] params: {'select_lane': <Lane at 0x2799b8b6410; uid="road277_lane0">, 'ego_on_intersection': 1, 'intersection_has_cars': 1, 'distractor_cars': 12, 'has_brake_checker': 1, 'intersection_cars': 1, 'has_cluster': 0, 'maximum_distractor_speed': 5, 'distance_to_nearest': 40, 'cluster_dist': 15, 'brake_dist': 55, 'map': WindowsPath('D:/SIP2026/ACL-experiments/Metadrive/CARLA/Town01.xodr'), 'carla_map': 'Town01', 'use2DMap': True, 'map_options': {}, 'sumo_map': 'D:\\SIP2026\\ACL-experiments\\Metadrive\\CARLA\\Town01.net.xml', 'timestep': 0.1, 'render': 1, 'render3D': 0, 'real_time': 1, 'time_step': 0.1, 'verifaiSamplerType': 'halton'}
Selected destination was: lane_:255_0_0, ['lane_11_0', 'lane_:11.0_0_0', 'lane_-0_0', 'lane_:26_1_0', 'lane_-16_0', 'lane_:222_1_0', 'lane_-17_0', 'lane_:278_1_0', 'lane_-18_0', 'lane_:194_0_0', 'lane_12_0', 'lane_:255_0_0']
Selected destination was: lane_:143_0_0, ['lane_-1_0', 'lane_:54_1_0', 'lane_-25_0', 'lane_:332_1_0', 'lane_-10_0', 'lane_:222_4_0', 'lane_-17_0', 'lane_:278_1_0', 'lane_-18_0', 'lane_:194_1_0', 'lane_-19_0', 'lane_:143_0_0']
Selected destination was: lane_-23_0, ['lane_:171_2_0', 'lane_-9_0', 'lane_:332_4_0', 'lane_-10_0', 'lane_:222_4_0', 'lane_-17_0', 'lane_:278_0_0', 'lane_4_0', 'lane_:306_1_0', 'lane_-23_0']
Selected destination was: lane_:278_1_0, ['lane_:26_0_0', 'lane_-1_0', 'lane_:54_1_0', 'lane_-25_0', 'lane_:332_1_0', 'lane_-10_0', 'lane_:222_4_0', 'lane_-17_0', 'lane_:278_1_0']
Selected destination was: lane_:143_6_0, ['lane_13_0', 'lane_:15.13_0_0', 'lane_-15_0', 'lane_:20.15_0_0', 'lane_20_0', 'lane_:5.20_1_0', 'lane_-5_0', 'lane_:87_2_0', 'lane_-6_0', 'lane_:143_5_0', 'lane_:143_6_0']
Selected destination was: lane_-24_0, ['lane_:278_1_0', 'lane_-18_0', 'lane_:194_0_0', 'lane_12_0', 'lane_:255_1_0', 'lane_-24_0']
Selected destination was: lane_12_0, ['lane_4_0', 'lane_:306_1_0', 'lane_-23_0', 'lane_:255_4_0', 'lane_-24_0', 'lane_:87_5_0', 'lane_-6_0', 'lane_:143_5_0', 'lane_19_0', 'lane_:194_3_0', 'lane_12_0']
Selected destination was: lane_:306_0_0, ['lane_:143_3_0', 'lane_6_0', 'lane_:87_0_0', 'lane_24_0', 'lane_:255_2_0', 'lane_-12_0', 'lane_:194_5_0', 'lane_18_0', 'lane_:278_3_0', 'lane_4_0', 'lane_:306_0_0']
Selected destination was: lane_-16_0, ['lane_:87_4_0', 'lane_5_0', 'lane_:5.20_0_0', 'lane_-20_0', 'lane_:20.15_1_0', 'lane_15_0', 'lane_:15.13_1_0', 'lane_-13_0', 'lane_:3.13_1_0', 'lane_3_0', 'lane_:110_5_0', 'lane_2_0', 'lane_:54_5_0', 'lane_1_0', 'lane_:26_4_0', 'lane_-16_0']
Selected destination was: lane_:54_2_0, ['lane_23_0', 'lane_:306_3_0', 'lane_22_0', 'lane_:171_2_0', 'lane_-9_0', 'lane_:332_5_0', 'lane_25_0', 'lane_:54_2_0']
Selected destination was: lane_:110_3_0, ['lane_:194_1_0', 'lane_-19_0', 'lane_:143_0_0', 'lane_6_0', 'lane_:87_0_0', 'lane_24_0', 'lane_:255_3_0', 'lane_23_0', 'lane_:306_3_0', 'lane_22_0', 'lane_:171_3_0', 'lane_21_0', 'lane_:110_3_0']
Selected destination was: lane_:54_0_0, ['lane_:110_6_0', 'lane_-21_0', 'lane_:171_5_0', 'lane_-9_0', 'lane_:332_4_0', 'lane_-10_0', 'lane_:222_5_0', 'lane_16_0', 'lane_:26_3_0', 'lane_-1_0', 'lane_:54_0_0']
Selected destination was: lane_:143_1_0, ['lane_:222_2_0', 'lane_16_0', 'lane_:26_3_0', 'lane_-1_0', 'lane_:54_1_0', 'lane_-25_0', 'lane_:332_1_0', 'lane_-10_0', 'lane_:222_4_0', 'lane_-17_0', 'lane_:278_1_0', 'lane_-18_0', 'lane_:194_1_0', 'lane_-19_0', 'lane_:143_1_0']
Selected destination was: lane_:222_5_0, ['lane_:332_3_0', 'lane_9_0', 'lane_:171_0_0', 'lane_21_0', 'lane_:110_2_0', 'lane_2_0', 'lane_:54_4_0', 'lane_-25_0', 'lane_:332_1_0', 'lane_-10_0', 'lane_:222_5_0']
47
Terminating Early!
Terminating episode
  Compiling Scenic module from D:\SIP2026\ACL-experiments\Metadrive\policy\scenarios\driver.scenic...
    Compiling Scenic module from D:\SIP2026\Scenic\src\scenic\simulators\metadrive\model.scenic...
      Compiling Scenic module from D:\SIP2026\Scenic\src\scenic\domains\driving\model.scenic...
        Compiling Scenic module from D:\SIP2026\Scenic\src\scenic\domains\driving\behaviors.scenic...
        Compiled Scenic module in 0.7048 seconds.
      Loading cached version of road network...
      Loaded cached network in 0.21 seconds.
      Compiled Scenic module in 1.555 seconds.
    Compiled Scenic module in 1.769 seconds.
  Compiled Scenic module in 2.367 seconds.
  Pruning scenario...
  Pruned scenario in 0 seconds.
counted:  {'distractor_cars': 2}
[episode 48] PASSED: {'ego_on_intersection': 0, 'intersection_has_cars': 0, 'distractor_cars': 2, 'has_brake_checker': 1, 'intersection_cars': 2, 'has_cluster': 0, 'maximum_distractor_speed': 15, 'distance_to_nearest': 10, 'cluster_dist': 15, 'brake_dist': 55}
[episode 48] SCENE : {'ego_on_intersection': 0, 'intersection_has_cars': 0, 'distractor_cars': 2, 'has_brake_checker': 1, 'intersection_cars': 2, 'has_cluster': 0, 'maximum_distractor_speed': 15, 'distance_to_nearest': 10, 'cluster_dist': 15, 'brake_dist': 55, 'map': WindowsPath('D:/SIP2026/ACL-experiments/Metadrive/CARLA/Town01.xodr'), 'carla_map': 'Town01', 'use2DMap': True, 'map_options': {}, 'sumo_map': 'D:\\SIP2026\\ACL-experiments\\Metadrive\\CARLA\\Town01.net.xml', 'timestep': 0.1, 'render': 1, 'render3D': 0, 'real_time': 1, 'time_step': 0.1, 'verifaiSamplerType': 'halton', 'select_lane': <Lane at 0x279a41115a0; uid="road304_lane0">}
[episode 48] params: {'ego_on_intersection': 0, 'intersection_has_cars': 0, 'distractor_cars': 2, 'has_brake_checker': 1, 'intersection_cars': 2, 'has_cluster': 0, 'maximum_distractor_speed': 15, 'distance_to_nearest': 10, 'cluster_dist': 15, 'brake_dist': 55, 'map': WindowsPath('D:/SIP2026/ACL-experiments/Metadrive/CARLA/Town01.xodr'), 'carla_map': 'Town01', 'use2DMap': True, 'map_options': {}, 'sumo_map': 'D:\\SIP2026\\ACL-experiments\\Metadrive\\CARLA\\Town01.net.xml', 'timestep': 0.1, 'render': 1, 'render3D': 0, 'real_time': 1, 'time_step': 0.1, 'verifaiSamplerType': 'halton', 'select_lane': <Lane at 0x279a41115a0; uid="road304_lane0">}
Selected destination was: lane_:20.15_0_0, ['lane_:278_0_0', 'lane_4_0', 'lane_:306_0_0', 'lane_22_0', 'lane_:171_3_0', 'lane_21_0', 'lane_:110_3_0', 'lane_-3_0', 'lane_:3.13_0_0', 'lane_13_0', 'lane_:15.13_0_0', 'lane_-15_0', 'lane_:20.15_0_0']
Selected destination was: lane_:306_1_0, ['lane_-4_0', 'lane_:278_4_0', 'lane_-18_0', 'lane_:194_0_0', 'lane_12_0', 'lane_:255_1_0', 'lane_-24_0', 'lane_:87_5_0', 'lane_-6_0', 'lane_:143_5_0', 'lane_19_0', 'lane_:194_2_0', 'lane_18_0', 'lane_:278_3_0', 'lane_4_0', 'lane_:306_1_0']
Selected destination was: lane_-4_0, ['lane_:171_0_0', 'lane_21_0', 'lane_:110_2_0', 'lane_2_0', 'lane_:54_4_0', 'lane_-25_0', 'lane_:332_0_0', 'lane_9_0', 'lane_:171_1_0', 'lane_-22_0', 'lane_:306_5_0', 'lane_-4_0']
Selected destination was: lane_:278_5_0, ['lane_-12_0', 'lane_:194_4_0', 'lane_-19_0', 'lane_:143_0_0', 'lane_6_0', 'lane_:87_0_0', 'lane_24_0', 'lane_:255_3_0', 'lane_23_0', 'lane_:306_2_0', 'lane_-4_0', 'lane_:278_5_0']
48
BREAKKK
BREAKKK
BREAKKK
BREAKKK
BREAKKK
BREAKKK
BREAKKK
BREAKKK
BREAKKK
BREAKKK
BREAKKK
BREAKKK
BREAKKK
BREAKKK
BREAKKK
BREAKKK
BREAKKK
BREAKKK
BREAKKK
BREAKKK
BREAKKK
BREAKKK
BREAKKK
BREAKKK
BREAKKK
BREAKKK
BREAKKK
BREAKKK
BREAKKK
BREAKKK
BREAKKK
BREAKKK
BREAKKK
BREAKKK
BREAKKK
BREAKKK
BREAKKK
BREAKKK
BREAKKK
BREAKKK
BREAKKK
BREAKKK
BREAKKK
BREAKKK
BREAKKK
BREAKKK
BREAKKK
BREAKKK
BREAKKK
BREAKKK
BREAKKK
BREAKKK
BREAKKK
BREAKKK
BREAKKK
BREAKKK
BREAKKK
BREAKKK
BREAKKK
BREAKKK
BREAKKK
BREAKKK
BREAKKK
BREAKKK
BREAKKK
BREAKKK
BREAKKK
BREAKKK
BREAKKK
BREAKKK
BREAKKK
BREAKKK
BREAKKK
BREAKKK
BREAKKK
BREAKKK
BREAKKK
BREAKKK
BREAKKK
BREAKKK
BREAKKK
BREAKKK
BREAKKK
BREAKKK
BREAKKK
BREAKKK
BREAKKK
BREAKKK
BREAKKK
BREAKKK
BREAKKK
BREAKKK
BREAKKK
BREAKKK
BREAKKK
BREAKKK
BREAKKK
BREAKKK
BREAKKK
BREAKKK
BREAKKK
BREAKKK
BREAKKK
BREAKKK
BREAKKK
BREAKKK
BREAKKK
BREAKKK
BREAKKK
BREAKKK
BREAKKK
BREAKKK
BREAKKK
BREAKKK
BREAKKK
BREAKKK
BREAKKK
BREAKKK
BREAKKK
BREAKKK
BREAKKK
BREAKKK
BREAKKK
BREAKKK
BREAKKK
BREAKKK
BREAKKK
BREAKKK
BREAKKK
BREAKKK
BREAKKK
BREAKKK
BREAKKK
BREAKKK
BREAKKK
BREAKKK
BREAKKK
BREAKKK
BREAKKK
BREAKKK
BREAKKK
BREAKKK
BREAKKK
BREAKKK
BREAKKK
BREAKKK
BREAKKK
BREAKKK
BREAKKK
BREAKKK
BREAKKK
BREAKKK
BREAKKK
BREAKKK
BREAKKK
BREAKKK
BREAKKK
BREAKKK
BREAKKK
BREAKKK
BREAKKK
BREAKKK
BREAKKK
BREAKKK
BREAKKK
BREAKKK
BREAKKK
BREAKKK
BREAKKK
BREAKKK
BREAKKK
BREAKKK
BREAKKK
BREAKKK
BREAKKK
BREAKKK
BREAKKK
BREAKKK
BREAKKK
BREAKKK
BREAKKK
BREAKKK
BREAKKK
BREAKKK
BREAKKK
BREAKKK
BREAKKK
BREAKKK
BREAKKK
BREAKKK
BREAKKK
BREAKKK
BREAKKK
BREAKKK
BREAKKK
BREAKKK
BREAKKK
BREAKKK
BREAKKK
BREAKKK
BREAKKK
BREAKKK
BREAKKK
BREAKKK
BREAKKK
BREAKKK
BREAKKK
BREAKKK
BREAKKK
BREAKKK
BREAKKK
BREAKKK
BREAKKK
BREAKKK
BREAKKK
BREAKKK
BREAKKK
BREAKKK
BREAKKK
BREAKKK
BREAKKK
BREAKKK
BREAKKK
BREAKKK
BREAKKK
BREAKKK
BREAKKK
BREAKKK
BREAKKK
BREAKKK
BREAKKK
BREAKKK
BREAKKK
BREAKKK
BREAKKK
BREAKKK
BREAKKK
BREAKKK
BREAKKK
BREAKKK
BREAKKK
BREAKKK
BREAKKK
BREAKKK
BREAKKK
BREAKKK
BREAKKK
BREAKKK
BREAKKK
BREAKKK
BREAKKK
BREAKKK
BREAKKK
BREAKKK
BREAKKK
BREAKKK
BREAKKK
BREAKKK
BREAKKK
BREAKKK
BREAKKK
BREAKKK
BREAKKK
BREAKKK
BREAKKK
BREAKKK
BREAKKK
BREAKKK
BREAKKK
BREAKKK
BREAKKK
BREAKKK
BREAKKK
BREAKKK
BREAKKK
BREAKKK
BREAKKK
BREAKKK
BREAKKK
BREAKKK
BREAKKK
BREAKKK
BREAKKK
BREAKKK
BREAKKK
BREAKKK
BREAKKK
BREAKKK
BREAKKK
BREAKKK
BREAKKK
BREAKKK
BREAKKK
BREAKKK
BREAKKK
BREAKKK
BREAKKK
BREAKKK
BREAKKK
BREAKKK
BREAKKK
BREAKKK
BREAKKK
BREAKKK
BREAKKK
BREAKKK
BREAKKK
BREAKKK
BREAKKK
BREAKKK
BREAKKK
BREAKKK
BREAKKK
BREAKKK
BREAKKK
BREAKKK
BREAKKK
BREAKKK
BREAKKK
BREAKKK
BREAKKK
BREAKKK
BREAKKK
BREAKKK
BREAKKK
BREAKKK
BREAKKK
BREAKKK
BREAKKK
BREAKKK
BREAKKK
BREAKKK
BREAKKK
BREAKKK
BREAKKK
BREAKKK
BREAKKK
BREAKKK
BREAKKK
BREAKKK
BREAKKK
BREAKKK
BREAKKK
BREAKKK
BREAKKK
BREAKKK
BREAKKK
BREAKKK
BREAKKK
BREAKKK
BREAKKK
BREAKKK
BREAKKK
BREAKKK
BREAKKK
BREAKKK
BREAKKK
BREAKKK
BREAKKK
BREAKKK
BREAKKK
BREAKKK
BREAKKK
BREAKKK
BREAKKK
BREAKKK
BREAKKK
BREAKKK
BREAKKK
BREAKKK
BREAKKK
BREAKKK
BREAKKK
BREAKKK
BREAKKK
BREAKKK
BREAKKK
BREAKKK
BREAKKK
BREAKKK
BREAKKK
BREAKKK
BREAKKK
BREAKKK
BREAKKK
BREAKKK
BREAKKK
BREAKKK
BREAKKK
BREAKKK
BREAKKK
BREAKKK
BREAKKK
BREAKKK
BREAKKK
BREAKKK
BREAKKK
BREAKKK
BREAKKK
BREAKKK
BREAKKK
BREAKKK
BREAKKK
BREAKKK
BREAKKK
BREAKKK
BREAKKK
BREAKKK
BREAKKK
BREAKKK
BREAKKK
BREAKKK
BREAKKK
BREAKKK
BREAKKK
BREAKKK
BREAKKK
BREAKKK
BREAKKK
BREAKKK
BREAKKK
BREAKKK
BREAKKK
BREAKKK
BREAKKK
BREAKKK
BREAKKK
BREAKKK
BREAKKK
BREAKKK
BREAKKK
BREAKKK
BREAKKK
BREAKKK
BREAKKK
BREAKKK
BREAKKK
BREAKKK
BREAKKK
BREAKKK
BREAKKK
BREAKKK
BREAKKK
BREAKKK
BREAKKK
BREAKKK
BREAKKK
BREAKKK
BREAKKK
BREAKKK
BREAKKK
BREAKKK
BREAKKK
BREAKKK
BREAKKK
BREAKKK
BREAKKK
BREAKKK
BREAKKK
BREAKKK
BREAKKK
BREAKKK
BREAKKK
BREAKKK
BREAKKK
BREAKKK
BREAKKK
BREAKKK
BREAKKK
BREAKKK
BREAKKK
BREAKKK
BREAKKK
BREAKKK
BREAKKK
BREAKKK
BREAKKK
BREAKKK
BREAKKK
BREAKKK
BREAKKK
BREAKKK
BREAKKK
BREAKKK
BREAKKK
BREAKKK
BREAKKK
BREAKKK
BREAKKK
BREAKKK
BREAKKK
BREAKKK
BREAKKK
BREAKKK
BREAKKK
BREAKKK
BREAKKK
BREAKKK
BREAKKK
BREAKKK
BREAKKK
BREAKKK
BREAKKK
BREAKKK
BREAKKK
BREAKKK
BREAKKK
BREAKKK
BREAKKK
BREAKKK
BREAKKK
BREAKKK
BREAKKK
BREAKKK
BREAKKK
BREAKKK
BREAKKK
BREAKKK
BREAKKK
BREAKKK
BREAKKK
BREAKKK
BREAKKK
BREAKKK
BREAKKK
BREAKKK
BREAKKK
BREAKKK
BREAKKK
BREAKKK
BREAKKK
BREAKKK
BREAKKK
BREAKKK
BREAKKK
BREAKKK
BREAKKK
BREAKKK
BREAKKK
BREAKKK
BREAKKK
BREAKKK
BREAKKK
BREAKKK
BREAKKK
BREAKKK
BREAKKK
BREAKKK
BREAKKK
BREAKKK
BREAKKK
BREAKKK
BREAKKK
BREAKKK
BREAKKK
BREAKKK
BREAKKK
BREAKKK
BREAKKK
BREAKKK
BREAKKK
BREAKKK
BREAKKK
BREAKKK
BREAKKK
BREAKKK
BREAKKK
BREAKKK
BREAKKK
BREAKKK
BREAKKK
BREAKKK
BREAKKK
BREAKKK
BREAKKK
BREAKKK
BREAKKK
BREAKKK
BREAKKK
BREAKKK
BREAKKK
BREAKKK
BREAKKK
BREAKKK
BREAKKK
BREAKKK
BREAKKK
BREAKKK
BREAKKK
BREAKKK
BREAKKK
BREAKKK
BREAKKK
BREAKKK
BREAKKK
BREAKKK
BREAKKK
BREAKKK
BREAKKK
BREAKKK
BREAKKK
BREAKKK
BREAKKK
BREAKKK
BREAKKK
BREAKKK
BREAKKK
BREAKKK
BREAKKK
BREAKKK
BREAKKK
BREAKKK
BREAKKK
BREAKKK
BREAKKK
BREAKKK
BREAKKK
BREAKKK
BREAKKK
BREAKKK
BREAKKK
BREAKKK
BREAKKK
BREAKKK
BREAKKK
BREAKKK
BREAKKK
BREAKKK
BREAKKK
BREAKKK
BREAKKK
BREAKKK
BREAKKK
BREAKKK
BREAKKK
BREAKKK
BREAKKK
BREAKKK
BREAKKK
BREAKKK
BREAKKK
BREAKKK
BREAKKK
BREAKKK
BREAKKK
BREAKKK
BREAKKK
BREAKKK
BREAKKK
BREAKKK
BREAKKK
BREAKKK
BREAKKK
BREAKKK
BREAKKK
BREAKKK
BREAKKK
BREAKKK
BREAKKK
BREAKKK
BREAKKK
BREAKKK
BREAKKK
BREAKKK
BREAKKK
BREAKKK
BREAKKK
BREAKKK
BREAKKK
BREAKKK
BREAKKK
BREAKKK
BREAKKK
BREAKKK
BREAKKK
BREAKKK
BREAKKK
BREAKKK
BREAKKK
BREAKKK
BREAKKK
BREAKKK
BREAKKK
BREAKKK
BREAKKK
BREAKKK
BREAKKK
BREAKKK
BREAKKK
BREAKKK
BREAKKK
BREAKKK
BREAKKK
BREAKKK
BREAKKK
BREAKKK
BREAKKK
BREAKKK
BREAKKK
BREAKKK
BREAKKK
BREAKKK
BREAKKK
BREAKKK
BREAKKK
BREAKKK
BREAKKK
BREAKKK
BREAKKK
BREAKKK
BREAKKK
BREAKKK
BREAKKK
BREAKKK
BREAKKK
BREAKKK
BREAKKK
BREAKKK
BREAKKK
BREAKKK
BREAKKK
BREAKKK
BREAKKK
BREAKKK
BREAKKK
BREAKKK
BREAKKK
BREAKKK
BREAKKK
BREAKKK
BREAKKK
BREAKKK
BREAKKK
BREAKKK
BREAKKK
BREAKKK
BREAKKK
BREAKKK
BREAKKK
BREAKKK
BREAKKK
BREAKKK
BREAKKK
BREAKKK
BREAKKK
BREAKKK
BREAKKK
BREAKKK
BREAKKK
BREAKKK
BREAKKK
BREAKKK
BREAKKK
BREAKKK
BREAKKK
BREAKKK
BREAKKK
BREAKKK
BREAKKK
BREAKKK
BREAKKK
BREAKKK
BREAKKK
BREAKKK
BREAKKK
BREAKKK
BREAKKK
BREAKKK
BREAKKK
BREAKKK
BREAKKK
BREAKKK
BREAKKK
BREAKKK
BREAKKK
BREAKKK
BREAKKK
BREAKKK
BREAKKK
BREAKKK
BREAKKK
BREAKKK
BREAKKK
BREAKKK
BREAKKK
BREAKKK
BREAKKK
BREAKKK
BREAKKK
BREAKKK
BREAKKK
BREAKKK
BREAKKK
BREAKKK
BREAKKK
BREAKKK
BREAKKK
BREAKKK
BREAKKK
BREAKKK
BREAKKK
BREAKKK
BREAKKK
BREAKKK
BREAKKK
BREAKKK
BREAKKK
BREAKKK
BREAKKK
BREAKKK
BREAKKK
BREAKKK
BREAKKK
BREAKKK
BREAKKK
BREAKKK
BREAKKK
BREAKKK
BREAKKK
BREAKKK
BREAKKK
BREAKKK
BREAKKK
BREAKKK
BREAKKK
BREAKKK
BREAKKK
BREAKKK
BREAKKK
BREAKKK
BREAKKK
BREAKKK
BREAKKK
BREAKKK
BREAKKK
BREAKKK
BREAKKK
BREAKKK
BREAKKK
BREAKKK
BREAKKK
BREAKKK
BREAKKK
BREAKKK
BREAKKK
BREAKKK
BREAKKK
BREAKKK
BREAKKK
BREAKKK
BREAKKK
BREAKKK
BREAKKK
BREAKKK
BREAKKK
BREAKKK
BREAKKK
BREAKKK
BREAKKK
BREAKKK
BREAKKK
BREAKKK
BREAKKK
BREAKKK
BREAKKK
BREAKKK
BREAKKK
BREAKKK
BREAKKK
BREAKKK
BREAKKK
BREAKKK
BREAKKK
BREAKKK
BREAKKK
BREAKKK
BREAKKK
BREAKKK
BREAKKK
BREAKKK
BREAKKK
BREAKKK
BREAKKK
BREAKKK
BREAKKK
BREAKKK
BREAKKK
BREAKKK
BREAKKK
BREAKKK
BREAKKK
BREAKKK
BREAKKK
BREAKKK
BREAKKK
BREAKKK
SPS: 28
BREAKKK
BREAKKK
BREAKKK
BREAKKK
BREAKKK
BREAKKK
BREAKKK
BREAKKK
BREAKKK
BREAKKK
BREAKKK
BREAKKK
BREAKKK
BREAKKK
BREAKKK
BREAKKK
BREAKKK
BREAKKK
BREAKKK
Terminating episode
[read_scene_bytes] id=18 took_path=scenario
[episode 49] params: {'ego_on_intersection': 0, 'intersection_has_cars': 0, 'distractor_cars': 2, 'has_brake_checker': 1, 'intersection_cars': 2, 'has_cluster': 0, 'maximum_distractor_speed': 15, 'distance_to_nearest': 10, 'cluster_dist': 15, 'brake_dist': 55, 'map': WindowsPath('D:/SIP2026/ACL-experiments/Metadrive/CARLA/Town01.xodr'), 'carla_map': 'Town01', 'use2DMap': True, 'map_options': {}, 'sumo_map': 'D:\\SIP2026\\ACL-experiments\\Metadrive\\CARLA\\Town01.net.xml', 'timestep': 0.1, 'render': 1, 'render3D': 0, 'real_time': 1, 'time_step': 0.1, 'verifaiSamplerType': 'halton', 'select_lane': <Lane at 0x279a41115a0; uid="road304_lane0">}
Selected destination was: lane_-9_0, ['lane_:26_5_0', 'lane_0_0', 'lane_:11.0_1_0', 'lane_-11_0', 'lane_:8.11_0_0', 'lane_8_0', 'lane_:8.14_1_0', 'lane_-14_0', 'lane_:7.14_0_0', 'lane_7_0', 'lane_:143_2_0', 'lane_19_0', 'lane_:194_2_0', 'lane_18_0', 'lane_:278_3_0', 'lane_4_0', 'lane_:306_0_0', 'lane_22_0', 'lane_:171_2_0', 'lane_-9_0']
Selected destination was: lane_:5.20_0_0, ['lane_11_0', 'lane_:11.0_0_0', 'lane_-0_0', 'lane_:26_1_0', 'lane_-16_0', 'lane_:222_1_0', 'lane_-17_0', 'lane_:278_0_0', 'lane_4_0', 'lane_:306_1_0', 'lane_-23_0', 'lane_:255_4_0', 'lane_-24_0', 'lane_:87_4_0', 'lane_5_0', 'lane_:5.20_0_0']
Selected destination was: lane_6_0, ['lane_4_0', 'lane_:306_1_0', 'lane_-23_0', 'lane_:255_5_0', 'lane_-12_0', 'lane_:194_4_0', 'lane_-19_0', 'lane_:143_0_0', 'lane_6_0']
Selected destination was: lane_:278_1_0, ['lane_0_0', 'lane_:11.0_1_0', 'lane_-11_0', 'lane_:8.11_0_0', 'lane_8_0', 'lane_:8.14_1_0', 'lane_-14_0', 'lane_:7.14_0_0', 'lane_7_0', 'lane_:143_2_0', 'lane_19_0', 'lane_:194_2_0', 'lane_18_0', 'lane_:278_3_0', 'lane_4_0', 'lane_:306_0_0', 'lane_22_0', 'lane_:171_2_0', 'lane_-9_0', 'lane_:332_4_0', 'lane_-10_0', 'lane_:222_4_0', 'lane_-17_0', 'lane_:278_1_0']
49
Terminating Early!
Terminating episode
  Compiling Scenic module from D:\SIP2026\ACL-experiments\Metadrive\policy\scenarios\driver.scenic...
    Compiling Scenic module from D:\SIP2026\Scenic\src\scenic\simulators\metadrive\model.scenic...
      Compiling Scenic module from D:\SIP2026\Scenic\src\scenic\domains\driving\model.scenic...
        Compiling Scenic module from D:\SIP2026\Scenic\src\scenic\domains\driving\behaviors.scenic...
        Compiled Scenic module in 0.4728 seconds.
      Loading cached version of road network...
      Loaded cached network in 0.17 seconds.
      Compiled Scenic module in 2.998 seconds.
    Compiled Scenic module in 3.135 seconds.
  Compiled Scenic module in 3.442 seconds.
  Pruning scenario...
  Pruned scenario in 0 seconds.
counted:  {'distractor_cars': 0}
[episode 50] PASSED: {'ego_on_intersection': 0, 'intersection_has_cars': 0, 'distractor_cars': 0, 'has_brake_checker': 0, 'intersection_cars': 0, 'has_cluster': 0, 'maximum_distractor_speed': 10, 'distance_to_nearest': 20, 'cluster_dist': 15, 'brake_dist': 35}
[episode 50] SCENE : {'ego_on_intersection': 0, 'intersection_has_cars': 0, 'distractor_cars': 0, 'has_brake_checker': 0, 'intersection_cars': 0, 'has_cluster': 0, 'maximum_distractor_speed': 10, 'distance_to_nearest': 20, 'cluster_dist': 15, 'brake_dist': 35, 'map': WindowsPath('D:/SIP2026/ACL-experiments/Metadrive/CARLA/Town01.xodr'), 'carla_map': 'Town01', 'use2DMap': True, 'map_options': {}, 'sumo_map': 'D:\\SIP2026\\ACL-experiments\\Metadrive\\CARLA\\Town01.net.xml', 'timestep': 0.1, 'render': 1, 'render3D': 0, 'real_time': 1, 'time_step': 0.1, 'verifaiSamplerType': 'halton', 'select_lane': <Lane at 0x2799f445900; uid="road25_lane0">}
[episode 50] params: {'ego_on_intersection': 0, 'intersection_has_cars': 0, 'distractor_cars': 0, 'has_brake_checker': 0, 'intersection_cars': 0, 'has_cluster': 0, 'maximum_distractor_speed': 10, 'distance_to_nearest': 20, 'cluster_dist': 15, 'brake_dist': 35, 'map': WindowsPath('D:/SIP2026/ACL-experiments/Metadrive/CARLA/Town01.xodr'), 'carla_map': 'Town01', 'use2DMap': True, 'map_options': {}, 'sumo_map': 'D:\\SIP2026\\ACL-experiments\\Metadrive\\CARLA\\Town01.net.xml', 'timestep': 0.1, 'render': 1, 'render3D': 0, 'real_time': 1, 'time_step': 0.1, 'verifaiSamplerType': 'halton', 'select_lane': <Lane at 0x2799f445900; uid="road25_lane0">}
Selected destination was: lane_:26_1_0, ['lane_-25_0', 'lane_:332_1_0', 'lane_-10_0', 'lane_:222_4_0', 'lane_-17_0', 'lane_:278_1_0', 'lane_-18_0', 'lane_:194_1_0', 'lane_-19_0', 'lane_:143_1_0', 'lane_-7_0', 'lane_:7.14_1_0', 'lane_14_0', 'lane_:8.14_0_0', 'lane_-8_0', 'lane_:8.11_1_0', 'lane_11_0', 'lane_:11.0_0_0', 'lane_-0_0', 'lane_:26_1_0']
50
Terminating episode
Counts: {'crossovers': 5, 'mutations': 4, 'replays': 3, 'generations': 38, 'param_failures': 0, 'scenario_failures': 0, 'generation_failures': 0}

=== Buffer state | total scenes: 47 ===
  cat 0 (feature_num<=1): n=9/100, pvl min=0.115 mean=0.234 max=0.353, samples_drawn=1
  cat 1 (feature_num<=2): n=7/100, pvl min=0.049 mean=0.161 max=0.463, samples_drawn=0
  cat 2 (feature_num<=3): n=5/100, pvl min=0.102 mean=0.203 max=0.261, samples_drawn=3
  cat 3 (feature_num<=5): n=8/100, pvl min=0.080 mean=0.158 max=0.308, samples_drawn=3
  cat 4 (feature_num<=8): n=2/100, pvl min=0.151 mean=0.247 max=0.342, samples_drawn=0
  cat 5 (feature_num<=12): n=8/100, pvl min=0.091 mean=0.169 max=0.227, samples_drawn=5
  cat 6 (feature_num<=18): n=8/100, pvl min=0.058 mean=0.169 max=0.279, samples_drawn=5
=== Value distribution (all categories) ===
  ego_on_intersection: {0: 24, 1: 23}
  intersection_has_cars: {0: 37, 1: 10}
  distractor_cars: {0: 7, 1: 2, 2: 7, 3: 5, 4: 6, 5: 2, 8: 2, 12: 8, 18: 8}
  has_brake_checker: {0: 22, 1: 25}
  intersection_cars: {0: 15, 1: 8, 2: 14, 3: 10}
  has_cluster: {0: 24, 1: 23}
  maximum_distractor_speed: {5: 14, 10: 9, 15: 7, 20: 17}
  distance_to_nearest: {5: 12, 10: 12, 20: 6, 40: 17}
  cluster_dist: {5: 24, 10: 12, 15: 11}
  brake_dist: {10: 6, 20: 15, 35: 9, 55: 17}
[read_scene_bytes] id=26 took_path=scenario
  Compiling Scenic module from D:\SIP2026\ACL-experiments\Metadrive\policy\scenarios\driver.scenic...
    Compiling Scenic module from D:\SIP2026\Scenic\src\scenic\simulators\metadrive\model.scenic...
      Compiling Scenic module from D:\SIP2026\Scenic\src\scenic\domains\driving\model.scenic...
        Compiling Scenic module from D:\SIP2026\Scenic\src\scenic\domains\driving\behaviors.scenic...
        Compiled Scenic module in 0.7254 seconds.
      Loading cached version of road network...
      Loaded cached network in 0.25 seconds.
      Compiled Scenic module in 1.555 seconds.
    Compiled Scenic module in 1.736 seconds.
  Compiled Scenic module in 2.256 seconds.
  Pruning scenario...
  Pruned scenario in 0 seconds.
counted:  {'distractor_cars': 4}
[episode 51] PASSED: {'select_lane': <Lane at 0x279dd576e90; uid="road83_lane0">, 'ego_on_intersection': 0, 'intersection_has_cars': 0, 'distractor_cars': 4, 'intersection_cars': 1, 'has_cluster': 1, 'maximum_distractor_speed': 20, 'distance_to_nearest': 40, 'cluster_dist': 5, 'brake_dist': 55, 'has_brake_checker': 1}
[episode 51] SCENE : {'select_lane': <Lane at 0x279dd576e90; uid="road83_lane0">, 'ego_on_intersection': 0, 'intersection_has_cars': 0, 'distractor_cars': 4, 'intersection_cars': 1, 'has_cluster': 1, 'maximum_distractor_speed': 20, 'distance_to_nearest': 40, 'cluster_dist': 5, 'brake_dist': 55, 'has_brake_checker': 1, 'map': WindowsPath('D:/SIP2026/ACL-experiments/Metadrive/CARLA/Town01.xodr'), 'carla_map': 'Town01', 'use2DMap': True, 'map_options': {}, 'sumo_map': 'D:\\SIP2026\\ACL-experiments\\Metadrive\\CARLA\\Town01.net.xml', 'timestep': 0.1, 'render': 1, 'render3D': 0, 'real_time': 1, 'time_step': 0.1, 'verifaiSamplerType': 'halton'}
[episode 51] params: {'select_lane': <Lane at 0x279dd576e90; uid="road83_lane0">, 'ego_on_intersection': 0, 'intersection_has_cars': 0, 'distractor_cars': 4, 'intersection_cars': 1, 'has_cluster': 1, 'maximum_distractor_speed': 20, 'distance_to_nearest': 40, 'cluster_dist': 5, 'brake_dist': 55, 'has_brake_checker': 1, 'map': WindowsPath('D:/SIP2026/ACL-experiments/Metadrive/CARLA/Town01.xodr'), 'carla_map': 'Town01', 'use2DMap': True, 'map_options': {}, 'sumo_map': 'D:\\SIP2026\\ACL-experiments\\Metadrive\\CARLA\\Town01.net.xml', 'timestep': 0.1, 'render': 1, 'render3D': 0, 'real_time': 1, 'time_step': 0.1, 'verifaiSamplerType': 'halton'}

=== Buffer state | total scenes: 47 ===
  cat 0 (feature_num<=1): n=9/100, pvl min=0.115 mean=0.234 max=0.353, samples_drawn=1
  cat 1 (feature_num<=2): n=7/100, pvl min=0.049 mean=0.161 max=0.463, samples_drawn=0
  cat 2 (feature_num<=3): n=5/100, pvl min=0.102 mean=0.203 max=0.261, samples_drawn=3
  cat 3 (feature_num<=5): n=8/100, pvl min=0.080 mean=0.158 max=0.308, samples_drawn=4
  cat 4 (feature_num<=8): n=2/100, pvl min=0.151 mean=0.247 max=0.342, samples_drawn=0
  cat 5 (feature_num<=12): n=8/100, pvl min=0.091 mean=0.169 max=0.227, samples_drawn=5
  cat 6 (feature_num<=18): n=8/100, pvl min=0.058 mean=0.169 max=0.279, samples_drawn=5
Selected destination was: lane_:332_2_0, ['lane_:54_5_0', 'lane_1_0', 'lane_:26_4_0', 'lane_-16_0', 'lane_:222_0_0', 'lane_10_0', 'lane_:332_2_0']
Selected destination was: lane_8_0, ['lane_1_0', 'lane_:26_5_0', 'lane_0_0', 'lane_:11.0_1_0', 'lane_-11_0', 'lane_:8.11_0_0', 'lane_8_0']
Selected destination was: lane_-15_0, ['lane_-21_0', 'lane_:171_5_0', 'lane_-9_0', 'lane_:332_5_0', 'lane_25_0', 'lane_:54_3_0', 'lane_-2_0', 'lane_:110_0_0', 'lane_-3_0', 'lane_:3.13_0_0', 'lane_13_0', 'lane_:15.13_0_0', 'lane_-15_0']
Selected destination was: lane_-13_0, ['lane_1_0', 'lane_:26_4_0', 'lane_-16_0', 'lane_:222_1_0', 'lane_-17_0', 'lane_:278_0_0', 'lane_4_0', 'lane_:306_1_0', 'lane_-23_0', 'lane_:255_4_0', 'lane_-24_0', 'lane_:87_4_0', 'lane_5_0', 'lane_:5.20_0_0', 'lane_-20_0', 'lane_:20.15_1_0', 'lane_15_0', 'lane_:15.13_1_0', 'lane_-13_0']
Selected destination was: lane_14_0, ['lane_1_0', 'lane_:26_4_0', 'lane_-16_0', 'lane_:222_1_0', 'lane_-17_0', 'lane_:278_1_0', 'lane_-18_0', 'lane_:194_1_0', 'lane_-19_0', 'lane_:143_1_0', 'lane_-7_0', 'lane_:7.14_1_0', 'lane_14_0']
Selected destination was: lane_:306_4_0, ['lane_11_0', 'lane_:11.0_0_0', 'lane_-0_0', 'lane_:26_0_0', 'lane_-1_0', 'lane_:54_0_0', 'lane_-2_0', 'lane_:110_1_0', 'lane_-21_0', 'lane_:171_4_0', 'lane_-22_0', 'lane_:306_4_0']
51
Terminating Early!
Terminating episode
  Compiling Scenic module from D:\SIP2026\ACL-experiments\Metadrive\policy\scenarios\driver.scenic...
    Compiling Scenic module from D:\SIP2026\Scenic\src\scenic\simulators\metadrive\model.scenic...
      Compiling Scenic module from D:\SIP2026\Scenic\src\scenic\domains\driving\model.scenic...
        Compiling Scenic module from D:\SIP2026\Scenic\src\scenic\domains\driving\behaviors.scenic...
        Compiled Scenic module in 0.5996 seconds.
      Loading cached version of road network...
      Loaded cached network in 0.22 seconds.
      Compiled Scenic module in 1.399 seconds.
    Compiled Scenic module in 1.649 seconds.
  Compiled Scenic module in 2.277 seconds.
  Pruning scenario...
  Pruned scenario in 0 seconds.
counted:  {'distractor_cars': 3}
[episode 52] PASSED: {'ego_on_intersection': 0, 'intersection_has_cars': 0, 'distractor_cars': 3, 'has_brake_checker': 0, 'intersection_cars': 3, 'has_cluster': 0, 'maximum_distractor_speed': 20, 'distance_to_nearest': 20, 'cluster_dist': 15, 'brake_dist': 35}
[episode 52] SCENE : {'ego_on_intersection': 0, 'intersection_has_cars': 0, 'distractor_cars': 3, 'has_brake_checker': 0, 'intersection_cars': 3, 'has_cluster': 0, 'maximum_distractor_speed': 20, 'distance_to_nearest': 20, 'cluster_dist': 15, 'brake_dist': 35, 'map': WindowsPath('D:/SIP2026/ACL-experiments/Metadrive/CARLA/Town01.xodr'), 'carla_map': 'Town01', 'use2DMap': True, 'map_options': {}, 'sumo_map': 'D:\\SIP2026\\ACL-experiments\\Metadrive\\CARLA\\Town01.net.xml', 'timestep': 0.1, 'render': 1, 'render3D': 0, 'real_time': 1, 'time_step': 0.1, 'verifaiSamplerType': 'halton', 'select_lane': <Lane at 0x2799b93a080; uid="road24_lane0">}
[episode 52] params: {'ego_on_intersection': 0, 'intersection_has_cars': 0, 'distractor_cars': 3, 'has_brake_checker': 0, 'intersection_cars': 3, 'has_cluster': 0, 'maximum_distractor_speed': 20, 'distance_to_nearest': 20, 'cluster_dist': 15, 'brake_dist': 35, 'map': WindowsPath('D:/SIP2026/ACL-experiments/Metadrive/CARLA/Town01.xodr'), 'carla_map': 'Town01', 'use2DMap': True, 'map_options': {}, 'sumo_map': 'D:\\SIP2026\\ACL-experiments\\Metadrive\\CARLA\\Town01.net.xml', 'timestep': 0.1, 'render': 1, 'render3D': 0, 'real_time': 1, 'time_step': 0.1, 'verifaiSamplerType': 'halton', 'select_lane': <Lane at 0x2799b93a080; uid="road24_lane0">}
Selected destination was: lane_-14_0, ['lane_:87_4_0', 'lane_5_0', 'lane_:5.20_0_0', 'lane_-20_0', 'lane_:20.15_1_0', 'lane_15_0', 'lane_:15.13_1_0', 'lane_-13_0', 'lane_:3.13_1_0', 'lane_3_0', 'lane_:110_5_0', 'lane_2_0', 'lane_:54_5_0', 'lane_1_0', 'lane_:26_5_0', 'lane_0_0', 'lane_:11.0_1_0', 'lane_-11_0', 'lane_:8.11_0_0', 'lane_8_0', 'lane_:8.14_1_0', 'lane_-14_0']
Selected destination was: lane_:110_2_0, ['lane_21_0', 'lane_:110_2_0']
Selected destination was: lane_-6_0, ['lane_:332_2_0', 'lane_25_0', 'lane_:54_3_0', 'lane_-2_0', 'lane_:110_1_0', 'lane_-21_0', 'lane_:171_4_0', 'lane_-22_0', 'lane_:306_4_0', 'lane_-23_0', 'lane_:255_4_0', 'lane_-24_0', 'lane_:87_5_0', 'lane_-6_0']
Selected destination was: lane_:278_0_0, ['lane_-18_0', 'lane_:194_0_0', 'lane_12_0', 'lane_:255_0_0', 'lane_23_0', 'lane_:306_3_0', 'lane_22_0', 'lane_:171_2_0', 'lane_-9_0', 'lane_:332_4_0', 'lane_-10_0', 'lane_:222_4_0', 'lane_-17_0', 'lane_:278_0_0']
52
SPS: 29
Terminating episode
[read_scene_bytes] id=33 took_path=scenario
[read_scene_bytes] id=15 took_path=scenario
  Compiling Scenic module from D:\SIP2026\ACL-experiments\Metadrive\policy\scenarios\driver.scenic...
    Compiling Scenic module from D:\SIP2026\Scenic\src\scenic\simulators\metadrive\model.scenic...
      Compiling Scenic module from D:\SIP2026\Scenic\src\scenic\domains\driving\model.scenic...
        Compiling Scenic module from D:\SIP2026\Scenic\src\scenic\domains\driving\behaviors.scenic...
        Compiled Scenic module in 0.3426 seconds.
      Loading cached version of road network...
      Loaded cached network in 0.12 seconds.
      Compiled Scenic module in 0.8419 seconds.
    Compiled Scenic module in 1.002 seconds.
  Compiled Scenic module in 1.414 seconds.
  Pruning scenario...
  Pruned scenario in 0 seconds.
counted:  {'distractor_cars': 2}
[episode 53] PASSED: {'select_lane': <Lane at 0x279f4c5af20; uid="road27_lane0">, 'ego_on_intersection': 1, 'intersection_has_cars': 0, 'distractor_cars': 2, 'has_brake_checker': 0, 'intersection_cars': 1, 'has_cluster': 0, 'maximum_distractor_speed': 20, 'distance_to_nearest': 40, 'cluster_dist': 10, 'brake_dist': 55}
[episode 53] SCENE : {'select_lane': <Lane at 0x279f4c5af20; uid="road27_lane0">, 'ego_on_intersection': 1, 'intersection_has_cars': 0, 'distractor_cars': 2, 'has_brake_checker': 0, 'intersection_cars': 1, 'has_cluster': 0, 'maximum_distractor_speed': 20, 'distance_to_nearest': 40, 'cluster_dist': 10, 'brake_dist': 55, 'map': WindowsPath('D:/SIP2026/ACL-experiments/Metadrive/CARLA/Town01.xodr'), 'carla_map': 'Town01', 'use2DMap': True, 'map_options': {}, 'sumo_map': 'D:\\SIP2026\\ACL-experiments\\Metadrive\\CARLA\\Town01.net.xml', 'timestep': 0.1, 'render': 1, 'render3D': 0, 'real_time': 1, 'time_step': 0.1, 'verifaiSamplerType': 'halton'}
[episode 53] params: {'select_lane': <Lane at 0x279f4c5af20; uid="road27_lane0">, 'ego_on_intersection': 1, 'intersection_has_cars': 0, 'distractor_cars': 2, 'has_brake_checker': 0, 'intersection_cars': 1, 'has_cluster': 0, 'maximum_distractor_speed': 20, 'distance_to_nearest': 40, 'cluster_dist': 10, 'brake_dist': 55, 'map': WindowsPath('D:/SIP2026/ACL-experiments/Metadrive/CARLA/Town01.xodr'), 'carla_map': 'Town01', 'use2DMap': True, 'map_options': {}, 'sumo_map': 'D:\\SIP2026\\ACL-experiments\\Metadrive\\CARLA\\Town01.net.xml', 'timestep': 0.1, 'render': 1, 'render3D': 0, 'real_time': 1, 'time_step': 0.1, 'verifaiSamplerType': 'halton'}
Selected destination was: lane_-4_0, ['lane_:332_4_0', 'lane_-10_0', 'lane_:222_4_0', 'lane_-17_0', 'lane_:278_1_0', 'lane_-18_0', 'lane_:194_0_0', 'lane_12_0', 'lane_:255_0_0', 'lane_23_0', 'lane_:306_2_0', 'lane_-4_0']
Selected destination was: lane_:306_1_0, ['lane_-12_0', 'lane_:194_5_0', 'lane_18_0', 'lane_:278_3_0', 'lane_4_0', 'lane_:306_1_0']
Selected destination was: lane_:143_2_0, ['lane_-10_0', 'lane_:222_5_0', 'lane_16_0', 'lane_:26_2_0', 'lane_0_0', 'lane_:11.0_1_0', 'lane_-11_0', 'lane_:8.11_0_0', 'lane_8_0', 'lane_:8.14_1_0', 'lane_-14_0', 'lane_:7.14_0_0', 'lane_7_0', 'lane_:143_2_0']
53
Terminating episode
  Compiling Scenic module from D:\SIP2026\ACL-experiments\Metadrive\policy\scenarios\driver.scenic...
    Compiling Scenic module from D:\SIP2026\Scenic\src\scenic\simulators\metadrive\model.scenic...
      Compiling Scenic module from D:\SIP2026\Scenic\src\scenic\domains\driving\model.scenic...
        Compiling Scenic module from D:\SIP2026\Scenic\src\scenic\domains\driving\behaviors.scenic...
        Compiled Scenic module in 0.3217 seconds.
      Loading cached version of road network...
      Loaded cached network in 1.50 seconds.
      Compiled Scenic module in 2.093 seconds.
    Compiled Scenic module in 2.198 seconds.
  Compiled Scenic module in 2.516 seconds.
  Pruning scenario...
  Pruned scenario in 0 seconds.
counted:  {'distractor_cars': 12}
[episode 54] PASSED: {'ego_on_intersection': 1, 'intersection_has_cars': 0, 'distractor_cars': 12, 'has_brake_checker': 1, 'intersection_cars': 3, 'has_cluster': 0, 'maximum_distractor_speed': 15, 'distance_to_nearest': 20, 'cluster_dist': 5, 'brake_dist': 55}
[episode 54] SCENE : {'ego_on_intersection': 1, 'intersection_has_cars': 0, 'distractor_cars': 12, 'has_brake_checker': 1, 'intersection_cars': 3, 'has_cluster': 0, 'maximum_distractor_speed': 15, 'distance_to_nearest': 20, 'cluster_dist': 5, 'brake_dist': 55, 'map': WindowsPath('D:/SIP2026/ACL-experiments/Metadrive/CARLA/Town01.xodr'), 'carla_map': 'Town01', 'use2DMap': True, 'map_options': {}, 'sumo_map': 'D:\\SIP2026\\ACL-experiments\\Metadrive\\CARLA\\Town01.net.xml', 'timestep': 0.1, 'render': 1, 'render3D': 0, 'real_time': 1, 'time_step': 0.1, 'verifaiSamplerType': 'halton', 'select_lane': <Lane at 0x27a00861060; uid="road22_lane1">}
[episode 54] params: {'ego_on_intersection': 1, 'intersection_has_cars': 0, 'distractor_cars': 12, 'has_brake_checker': 1, 'intersection_cars': 3, 'has_cluster': 0, 'maximum_distractor_speed': 15, 'distance_to_nearest': 20, 'cluster_dist': 5, 'brake_dist': 55, 'map': WindowsPath('D:/SIP2026/ACL-experiments/Metadrive/CARLA/Town01.xodr'), 'carla_map': 'Town01', 'use2DMap': True, 'map_options': {}, 'sumo_map': 'D:\\SIP2026\\ACL-experiments\\Metadrive\\CARLA\\Town01.net.xml', 'timestep': 0.1, 'render': 1, 'render3D': 0, 'real_time': 1, 'time_step': 0.1, 'verifaiSamplerType': 'halton', 'select_lane': <Lane at 0x27a00861060; uid="road22_lane1">}
Selected destination was: lane_:194_6_0, ['lane_1_0', 'lane_:26_5_0', 'lane_0_0', 'lane_:11.0_1_0', 'lane_-11_0', 'lane_:8.11_0_0', 'lane_8_0', 'lane_:8.14_1_0', 'lane_-14_0', 'lane_:7.14_0_0', 'lane_7_0', 'lane_:143_2_0', 'lane_19_0', 'lane_:194_3_0', 'lane_:194_6_0']
Selected destination was: lane_:8.14_1_0, ['lane_0_0', 'lane_:11.0_1_0', 'lane_-11_0', 'lane_:8.11_0_0', 'lane_8_0', 'lane_:8.14_1_0']
Selected destination was: lane_:7.14_0_0, ['lane_16_0', 'lane_:26_2_0', 'lane_0_0', 'lane_:11.0_1_0', 'lane_-11_0', 'lane_:8.11_0_0', 'lane_8_0', 'lane_:8.14_1_0', 'lane_-14_0', 'lane_:7.14_0_0']
Selected destination was: lane_14_0, ['lane_-6_0', 'lane_:143_4_0', 'lane_-7_0', 'lane_:7.14_1_0', 'lane_14_0']
Selected destination was: lane_-23_0, ['lane_:171_0_0', 'lane_21_0', 'lane_:110_2_0', 'lane_2_0', 'lane_:54_4_0', 'lane_-25_0', 'lane_:332_0_0', 'lane_9_0', 'lane_:171_1_0', 'lane_-22_0', 'lane_:306_4_0', 'lane_-23_0']
Selected destination was: lane_:332_5_0, ['lane_1_0', 'lane_:26_4_0', 'lane_-16_0', 'lane_:222_1_0', 'lane_-17_0', 'lane_:278_0_0', 'lane_4_0', 'lane_:306_0_0', 'lane_22_0', 'lane_:171_2_0', 'lane_-9_0', 'lane_:332_5_0']
Selected destination was: lane_24_0, ['lane_:87_4_0', 'lane_5_0', 'lane_:5.20_0_0', 'lane_-20_0', 'lane_:20.15_1_0', 'lane_15_0', 'lane_:15.13_1_0', 'lane_-13_0', 'lane_:3.13_1_0', 'lane_3_0', 'lane_:110_4_0', 'lane_-21_0', 'lane_:171_4_0', 'lane_-22_0', 'lane_:306_4_0', 'lane_-23_0', 'lane_:255_5_0', 'lane_-12_0', 'lane_:194_4_0', 'lane_-19_0', 'lane_:143_0_0', 'lane_6_0', 'lane_:87_0_0', 'lane_24_0']
Selected destination was: lane_:26_6_0, ['lane_:7.14_1_0', 'lane_14_0', 'lane_:8.14_0_0', 'lane_-8_0', 'lane_:8.11_1_0', 'lane_11_0', 'lane_:11.0_0_0', 'lane_-0_0', 'lane_:26_1_0', 'lane_:26_6_0']
Selected destination was: lane_:87_4_0, ['lane_:194_5_0', 'lane_18_0', 'lane_:278_3_0', 'lane_4_0', 'lane_:306_1_0', 'lane_-23_0', 'lane_:255_4_0', 'lane_-24_0', 'lane_:87_4_0']
Selected destination was: lane_:222_5_0, ['lane_:110_6_0', 'lane_-21_0', 'lane_:171_5_0', 'lane_-9_0', 'lane_:332_4_0', 'lane_-10_0', 'lane_:222_5_0']
Selected destination was: lane_:15.13_1_0, ['lane_:194_6_0', 'lane_12_0', 'lane_:255_1_0', 'lane_-24_0', 'lane_:87_4_0', 'lane_5_0', 'lane_:5.20_0_0', 'lane_-20_0', 'lane_:20.15_1_0', 'lane_15_0', 'lane_:15.13_1_0']
Selected destination was: lane_:222_6_0, ['lane_18_0', 'lane_:278_2_0', 'lane_17_0', 'lane_:222_3_0', 'lane_:222_6_0']
Selected destination was: lane_:306_4_0, ['lane_-20_0', 'lane_:20.15_1_0', 'lane_15_0', 'lane_:15.13_1_0', 'lane_-13_0', 'lane_:3.13_1_0', 'lane_3_0', 'lane_:110_4_0', 'lane_-21_0', 'lane_:171_4_0', 'lane_-22_0', 'lane_:306_4_0']
Selected destination was: lane_:11.0_0_0, ['lane_:171_3_0', 'lane_21_0', 'lane_:110_2_0', 'lane_2_0', 'lane_:54_4_0', 'lane_-25_0', 'lane_:332_1_0', 'lane_-10_0', 'lane_:222_4_0', 'lane_-17_0', 'lane_:278_1_0', 'lane_-18_0', 'lane_:194_1_0', 'lane_-19_0', 'lane_:143_1_0', 'lane_-7_0', 'lane_:7.14_1_0', 'lane_14_0', 'lane_:8.14_0_0', 'lane_-8_0', 'lane_:8.11_1_0', 'lane_11_0', 'lane_:11.0_0_0']
54
SPS: 30
Terminating Early!
Terminating episode
[read_scene_bytes] id=26 took_path=scenario
  Compiling Scenic module from D:\SIP2026\ACL-experiments\Metadrive\policy\scenarios\driver.scenic...
    Compiling Scenic module from D:\SIP2026\Scenic\src\scenic\simulators\metadrive\model.scenic...
      Compiling Scenic module from D:\SIP2026\Scenic\src\scenic\domains\driving\model.scenic...
        Compiling Scenic module from D:\SIP2026\Scenic\src\scenic\domains\driving\behaviors.scenic...
        Compiled Scenic module in 0.5427 seconds.
      Loading cached version of road network...
      Loaded cached network in 0.18 seconds.
      Compiled Scenic module in 1.444 seconds.
    Compiled Scenic module in 1.662 seconds.
  Compiled Scenic module in 2.162 seconds.
  Pruning scenario...
  Pruned scenario in 0 seconds.
counted:  {'distractor_cars': 4}
[episode 55] PASSED: {'select_lane': <Lane at 0x279dd576e90; uid="road83_lane0">, 'ego_on_intersection': 0, 'intersection_has_cars': 0, 'distractor_cars': 4, 'intersection_cars': 1, 'has_cluster': 1, 'maximum_distractor_speed': 20, 'distance_to_nearest': 40, 'cluster_dist': 5, 'brake_dist': 10, 'has_brake_checker': 0}
[episode 55] SCENE : {'select_lane': <Lane at 0x279dd576e90; uid="road83_lane0">, 'ego_on_intersection': 0, 'intersection_has_cars': 0, 'distractor_cars': 4, 'intersection_cars': 1, 'has_cluster': 1, 'maximum_distractor_speed': 20, 'distance_to_nearest': 40, 'cluster_dist': 5, 'brake_dist': 10, 'has_brake_checker': 0, 'map': WindowsPath('D:/SIP2026/ACL-experiments/Metadrive/CARLA/Town01.xodr'), 'carla_map': 'Town01', 'use2DMap': True, 'map_options': {}, 'sumo_map': 'D:\\SIP2026\\ACL-experiments\\Metadrive\\CARLA\\Town01.net.xml', 'timestep': 0.1, 'render': 1, 'render3D': 0, 'real_time': 1, 'time_step': 0.1, 'verifaiSamplerType': 'halton'}
[episode 55] params: {'select_lane': <Lane at 0x279dd576e90; uid="road83_lane0">, 'ego_on_intersection': 0, 'intersection_has_cars': 0, 'distractor_cars': 4, 'intersection_cars': 1, 'has_cluster': 1, 'maximum_distractor_speed': 20, 'distance_to_nearest': 40, 'cluster_dist': 5, 'brake_dist': 10, 'has_brake_checker': 0, 'map': WindowsPath('D:/SIP2026/ACL-experiments/Metadrive/CARLA/Town01.xodr'), 'carla_map': 'Town01', 'use2DMap': True, 'map_options': {}, 'sumo_map': 'D:\\SIP2026\\ACL-experiments\\Metadrive\\CARLA\\Town01.net.xml', 'timestep': 0.1, 'render': 1, 'render3D': 0, 'real_time': 1, 'time_step': 0.1, 'verifaiSamplerType': 'halton'}
Selected destination was: lane_:171_5_0, ['lane_:54_4_0', 'lane_-25_0', 'lane_:332_1_0', 'lane_-10_0', 'lane_:222_5_0', 'lane_16_0', 'lane_:26_3_0', 'lane_-1_0', 'lane_:54_0_0', 'lane_-2_0', 'lane_:110_1_0', 'lane_-21_0', 'lane_:171_5_0']
Selected destination was: lane_:255_1_0, ['lane_:194_0_0', 'lane_12_0', 'lane_:255_1_0']
Selected destination was: lane_23_0, ['lane_1_0', 'lane_:26_4_0', 'lane_-16_0', 'lane_:222_1_0', 'lane_-17_0', 'lane_:278_1_0', 'lane_-18_0', 'lane_:194_0_0', 'lane_12_0', 'lane_:255_0_0', 'lane_23_0']
Selected destination was: lane_:54_2_0, ['lane_1_0', 'lane_:26_4_0', 'lane_-16_0', 'lane_:222_0_0', 'lane_10_0', 'lane_:332_2_0', 'lane_25_0', 'lane_:54_2_0']
Selected destination was: lane_13_0, ['lane_1_0', 'lane_:26_4_0', 'lane_-16_0', 'lane_:222_0_0', 'lane_10_0', 'lane_:332_2_0', 'lane_25_0', 'lane_:54_3_0', 'lane_-2_0', 'lane_:110_0_0', 'lane_-3_0', 'lane_:3.13_0_0', 'lane_13_0']
55
Terminating episode
  Compiling Scenic module from D:\SIP2026\ACL-experiments\Metadrive\policy\scenarios\driver.scenic...
    Compiling Scenic module from D:\SIP2026\Scenic\src\scenic\simulators\metadrive\model.scenic...
      Compiling Scenic module from D:\SIP2026\Scenic\src\scenic\domains\driving\model.scenic...
        Compiling Scenic module from D:\SIP2026\Scenic\src\scenic\domains\driving\behaviors.scenic...
        Compiled Scenic module in 0.6456 seconds.
      Loading cached version of road network...
      Loaded cached network in 0.23 seconds.
      Compiled Scenic module in 1.392 seconds.
    Compiled Scenic module in 1.627 seconds.
  Compiled Scenic module in 2.383 seconds.
  Pruning scenario...
  Pruned scenario in 0 seconds.
counted:  {'distractor_cars': 3}
[episode 56] PASSED: {'ego_on_intersection': 0, 'intersection_has_cars': 0, 'distractor_cars': 3, 'has_brake_checker': 1, 'intersection_cars': 2, 'has_cluster': 1, 'maximum_distractor_speed': 15, 'distance_to_nearest': 20, 'cluster_dist': 10, 'brake_dist': 35}
[episode 56] SCENE : {'ego_on_intersection': 0, 'intersection_has_cars': 0, 'distractor_cars': 3, 'has_brake_checker': 1, 'intersection_cars': 2, 'has_cluster': 1, 'maximum_distractor_speed': 15, 'distance_to_nearest': 20, 'cluster_dist': 10, 'brake_dist': 35, 'map': WindowsPath('D:/SIP2026/ACL-experiments/Metadrive/CARLA/Town01.xodr'), 'carla_map': 'Town01', 'use2DMap': True, 'map_options': {}, 'sumo_map': 'D:\\SIP2026\\ACL-experiments\\Metadrive\\CARLA\\Town01.net.xml', 'timestep': 0.1, 'render': 1, 'render3D': 0, 'real_time': 1, 'time_step': 0.1, 'verifaiSamplerType': 'halton', 'select_lane': <Lane at 0x27a04eeb160; uid="road158_lane0">}
[episode 56] params: {'ego_on_intersection': 0, 'intersection_has_cars': 0, 'distractor_cars': 3, 'has_brake_checker': 1, 'intersection_cars': 2, 'has_cluster': 1, 'maximum_distractor_speed': 15, 'distance_to_nearest': 20, 'cluster_dist': 10, 'brake_dist': 35, 'map': WindowsPath('D:/SIP2026/ACL-experiments/Metadrive/CARLA/Town01.xodr'), 'carla_map': 'Town01', 'use2DMap': True, 'map_options': {}, 'sumo_map': 'D:\\SIP2026\\ACL-experiments\\Metadrive\\CARLA\\Town01.net.xml', 'timestep': 0.1, 'render': 1, 'render3D': 0, 'real_time': 1, 'time_step': 0.1, 'verifaiSamplerType': 'halton', 'select_lane': <Lane at 0x27a04eeb160; uid="road158_lane0">}
Selected destination was: lane_:332_6_0, ['lane_6_0', 'lane_:87_0_0', 'lane_24_0', 'lane_:255_3_0', 'lane_23_0', 'lane_:306_3_0', 'lane_22_0', 'lane_:171_2_0', 'lane_-9_0', 'lane_:332_5_0', 'lane_:332_6_0']
Selected destination was: lane_-12_0, ['lane_6_0', 'lane_:87_0_0', 'lane_24_0', 'lane_:255_2_0', 'lane_-12_0']
Selected destination was: lane_-20_0, ['lane_19_0', 'lane_:194_3_0', 'lane_12_0', 'lane_:255_1_0', 'lane_-24_0', 'lane_:87_4_0', 'lane_5_0', 'lane_:5.20_0_0', 'lane_-20_0']
Selected destination was: lane_:143_2_0, ['lane_-12_0', 'lane_:194_5_0', 'lane_18_0', 'lane_:278_2_0', 'lane_17_0', 'lane_:222_2_0', 'lane_16_0', 'lane_:26_2_0', 'lane_0_0', 'lane_:11.0_1_0', 'lane_-11_0', 'lane_:8.11_0_0', 'lane_8_0', 'lane_:8.14_1_0', 'lane_-14_0', 'lane_:7.14_0_0', 'lane_7_0', 'lane_:143_2_0']
Selected destination was: lane_:8.11_0_0, ['lane_6_0', 'lane_:87_0_0', 'lane_24_0', 'lane_:255_2_0', 'lane_-12_0', 'lane_:194_5_0', 'lane_18_0', 'lane_:278_2_0', 'lane_17_0', 'lane_:222_2_0', 'lane_16_0', 'lane_:26_2_0', 'lane_0_0', 'lane_:11.0_1_0', 'lane_-11_0', 'lane_:8.11_0_0']
56
SPS: 30
Terminating episode
[read_scene_bytes] id=40 took_path=scenario
  Compiling Scenic module from D:\SIP2026\ACL-experiments\Metadrive\policy\scenarios\driver.scenic...
    Compiling Scenic module from D:\SIP2026\Scenic\src\scenic\simulators\metadrive\model.scenic...
      Compiling Scenic module from D:\SIP2026\Scenic\src\scenic\domains\driving\model.scenic...
        Compiling Scenic module from D:\SIP2026\Scenic\src\scenic\domains\driving\behaviors.scenic...
        Compiled Scenic module in 0.5336 seconds.
      Loading cached version of road network...
      Loaded cached network in 0.19 seconds.
      Compiled Scenic module in 1.147 seconds.
    Compiled Scenic module in 1.355 seconds.
  Compiled Scenic module in 1.866 seconds.
  Pruning scenario...
  Pruned scenario in 0 seconds.
counted:  {'distractor_cars': 12}
[episode 57] PASSED: {'select_lane': <Lane at 0x279feb36500; uid="road6_lane1">, 'ego_on_intersection': 1, 'intersection_has_cars': 0, 'distractor_cars': 12, 'has_brake_checker': 1, 'intersection_cars': 2, 'maximum_distractor_speed': 5, 'distance_to_nearest': 5, 'cluster_dist': 15, 'brake_dist': 20, 'has_cluster': 1}
[episode 57] SCENE : {'select_lane': <Lane at 0x279feb36500; uid="road6_lane1">, 'ego_on_intersection': 1, 'intersection_has_cars': 0, 'distractor_cars': 12, 'has_brake_checker': 1, 'intersection_cars': 2, 'maximum_distractor_speed': 5, 'distance_to_nearest': 5, 'cluster_dist': 15, 'brake_dist': 20, 'has_cluster': 1, 'map': WindowsPath('D:/SIP2026/ACL-experiments/Metadrive/CARLA/Town01.xodr'), 'carla_map': 'Town01', 'use2DMap': True, 'map_options': {}, 'sumo_map': 'D:\\SIP2026\\ACL-experiments\\Metadrive\\CARLA\\Town01.net.xml', 'timestep': 0.1, 'render': 1, 'render3D': 0, 'real_time': 1, 'time_step': 0.1, 'verifaiSamplerType': 'halton'}
[episode 57] params: {'select_lane': <Lane at 0x279feb36500; uid="road6_lane1">, 'ego_on_intersection': 1, 'intersection_has_cars': 0, 'distractor_cars': 12, 'has_brake_checker': 1, 'intersection_cars': 2, 'maximum_distractor_speed': 5, 'distance_to_nearest': 5, 'cluster_dist': 15, 'brake_dist': 20, 'has_cluster': 1, 'map': WindowsPath('D:/SIP2026/ACL-experiments/Metadrive/CARLA/Town01.xodr'), 'carla_map': 'Town01', 'use2DMap': True, 'map_options': {}, 'sumo_map': 'D:\\SIP2026\\ACL-experiments\\Metadrive\\CARLA\\Town01.net.xml', 'timestep': 0.1, 'render': 1, 'render3D': 0, 'real_time': 1, 'time_step': 0.1, 'verifaiSamplerType': 'halton'}
Selected destination was: lane_:306_5_0, ['lane_:306_2_0', 'lane_-4_0', 'lane_:278_5_0', 'lane_17_0', 'lane_:222_3_0', 'lane_10_0', 'lane_:332_3_0', 'lane_9_0', 'lane_:171_1_0', 'lane_-22_0', 'lane_:306_5_0']
Selected destination was: lane_:255_6_0, ['lane_-4_0', 'lane_:278_5_0', 'lane_17_0', 'lane_:222_3_0', 'lane_10_0', 'lane_:332_3_0', 'lane_9_0', 'lane_:171_1_0', 'lane_-22_0', 'lane_:306_4_0', 'lane_-23_0', 'lane_:255_5_0', 'lane_:255_6_0']
Selected destination was: lane_1_0, ['lane_11_0', 'lane_:11.0_0_0', 'lane_-0_0', 'lane_:26_1_0', 'lane_-16_0', 'lane_:222_0_0', 'lane_10_0', 'lane_:332_2_0', 'lane_25_0', 'lane_:54_2_0', 'lane_1_0']
Selected destination was: lane_:143_3_0, ['lane_23_0', 'lane_:306_2_0', 'lane_-4_0', 'lane_:278_5_0', 'lane_17_0', 'lane_:222_2_0', 'lane_16_0', 'lane_:26_2_0', 'lane_0_0', 'lane_:11.0_1_0', 'lane_-11_0', 'lane_:8.11_0_0', 'lane_8_0', 'lane_:8.14_1_0', 'lane_-14_0', 'lane_:7.14_0_0', 'lane_7_0', 'lane_:143_3_0']
Selected destination was: lane_:171_4_0, ['lane_-4_0', 'lane_:278_5_0', 'lane_17_0', 'lane_:222_2_0', 'lane_16_0', 'lane_:26_3_0', 'lane_-1_0', 'lane_:54_0_0', 'lane_-2_0', 'lane_:110_1_0', 'lane_-21_0', 'lane_:171_4_0']
Selected destination was: lane_:143_6_0, ['lane_-4_0', 'lane_:278_4_0', 'lane_-18_0', 'lane_:194_0_0', 'lane_12_0', 'lane_:255_1_0', 'lane_-24_0', 'lane_:87_5_0', 'lane_-6_0', 'lane_:143_5_0', 'lane_:143_6_0']
Selected destination was: lane_:143_4_0, ['lane_:87_5_0', 'lane_-6_0', 'lane_:143_4_0']
Selected destination was: lane_21_0, ['lane_-1_0', 'lane_:54_1_0', 'lane_-25_0', 'lane_:332_0_0', 'lane_9_0', 'lane_:171_0_0', 'lane_21_0']
Selected destination was: lane_10_0, ['lane_:110_5_0', 'lane_2_0', 'lane_:54_5_0', 'lane_1_0', 'lane_:26_4_0', 'lane_-16_0', 'lane_:222_0_0', 'lane_10_0']
Selected destination was: lane_:306_1_0, ['lane_:306_2_0', 'lane_-4_0', 'lane_:278_4_0', 'lane_-18_0', 'lane_:194_0_0', 'lane_12_0', 'lane_:255_1_0', 'lane_-24_0', 'lane_:87_5_0', 'lane_-6_0', 'lane_:143_5_0', 'lane_19_0', 'lane_:194_2_0', 'lane_18_0', 'lane_:278_3_0', 'lane_4_0', 'lane_:306_1_0']
Selected destination was: lane_:222_0_0, ['lane_:255_4_0', 'lane_-24_0', 'lane_:87_5_0', 'lane_-6_0', 'lane_:143_4_0', 'lane_-7_0', 'lane_:7.14_1_0', 'lane_14_0', 'lane_:8.14_0_0', 'lane_-8_0', 'lane_:8.11_1_0', 'lane_11_0', 'lane_:11.0_0_0', 'lane_-0_0', 'lane_:26_1_0', 'lane_-16_0', 'lane_:222_0_0']
Selected destination was: lane_:87_5_0, ['lane_:7.14_1_0', 'lane_14_0', 'lane_:8.14_0_0', 'lane_-8_0', 'lane_:8.11_1_0', 'lane_11_0', 'lane_:11.0_0_0', 'lane_-0_0', 'lane_:26_1_0', 'lane_-16_0', 'lane_:222_1_0', 'lane_-17_0', 'lane_:278_0_0', 'lane_4_0', 'lane_:306_1_0', 'lane_-23_0', 'lane_:255_4_0', 'lane_-24_0', 'lane_:87_5_0']
Selected destination was: lane_15_0, ['lane_9_0', 'lane_:171_1_0', 'lane_-22_0', 'lane_:306_4_0', 'lane_-23_0', 'lane_:255_4_0', 'lane_-24_0', 'lane_:87_4_0', 'lane_5_0', 'lane_:5.20_0_0', 'lane_-20_0', 'lane_:20.15_1_0', 'lane_15_0']
Selected destination was: lane_:20.15_0_0, ['lane_:5.20_0_0', 'lane_-20_0', 'lane_:20.15_1_0', 'lane_15_0', 'lane_:15.13_1_0', 'lane_-13_0', 'lane_:3.13_1_0', 'lane_3_0', 'lane_:110_4_0', 'lane_-21_0', 'lane_:171_5_0', 'lane_-9_0', 'lane_:332_5_0', 'lane_25_0', 'lane_:54_3_0', 'lane_-2_0', 'lane_:110_0_0', 'lane_-3_0', 'lane_:3.13_0_0', 'lane_13_0', 'lane_:15.13_0_0', 'lane_-15_0', 'lane_:20.15_0_0']
57
Terminating Early!
Terminating episode
  Compiling Scenic module from D:\SIP2026\ACL-experiments\Metadrive\policy\scenarios\driver.scenic...
    Compiling Scenic module from D:\SIP2026\Scenic\src\scenic\simulators\metadrive\model.scenic...
      Compiling Scenic module from D:\SIP2026\Scenic\src\scenic\domains\driving\model.scenic...
        Compiling Scenic module from D:\SIP2026\Scenic\src\scenic\domains\driving\behaviors.scenic...
        Compiled Scenic module in 0.5859 seconds.
      Loading cached version of road network...
      Loaded cached network in 0.20 seconds.
      Compiled Scenic module in 1.236 seconds.
    Compiled Scenic module in 1.466 seconds.
  Compiled Scenic module in 1.922 seconds.
  Pruning scenario...
  Pruned scenario in 0 seconds.
counted:  {'distractor_cars': 4}
[episode 58] PASSED: {'ego_on_intersection': 1, 'intersection_has_cars': 1, 'distractor_cars': 4, 'has_brake_checker': 1, 'intersection_cars': 2, 'has_cluster': 1, 'maximum_distractor_speed': 15, 'distance_to_nearest': 20, 'cluster_dist': 15, 'brake_dist': 35}
[episode 58] SCENE : {'ego_on_intersection': 1, 'intersection_has_cars': 1, 'distractor_cars': 4, 'has_brake_checker': 1, 'intersection_cars': 2, 'has_cluster': 1, 'maximum_distractor_speed': 15, 'distance_to_nearest': 20, 'cluster_dist': 15, 'brake_dist': 35, 'map': WindowsPath('D:/SIP2026/ACL-experiments/Metadrive/CARLA/Town01.xodr'), 'carla_map': 'Town01', 'use2DMap': True, 'map_options': {}, 'sumo_map': 'D:\\SIP2026\\ACL-experiments\\Metadrive\\CARLA\\Town01.net.xml', 'timestep': 0.1, 'render': 1, 'render3D': 0, 'real_time': 1, 'time_step': 0.1, 'verifaiSamplerType': 'halton', 'select_lane': <Lane at 0x27a062a6d70; uid="road12_lane1">}
[episode 58] params: {'ego_on_intersection': 1, 'intersection_has_cars': 1, 'distractor_cars': 4, 'has_brake_checker': 1, 'intersection_cars': 2, 'has_cluster': 1, 'maximum_distractor_speed': 15, 'distance_to_nearest': 20, 'cluster_dist': 15, 'brake_dist': 35, 'map': WindowsPath('D:/SIP2026/ACL-experiments/Metadrive/CARLA/Town01.xodr'), 'carla_map': 'Town01', 'use2DMap': True, 'map_options': {}, 'sumo_map': 'D:\\SIP2026\\ACL-experiments\\Metadrive\\CARLA\\Town01.net.xml', 'timestep': 0.1, 'render': 1, 'render3D': 0, 'real_time': 1, 'time_step': 0.1, 'verifaiSamplerType': 'halton', 'select_lane': <Lane at 0x27a062a6d70; uid="road12_lane1">}
Selected destination was: lane_-24_0, ['lane_:332_4_0', 'lane_-10_0', 'lane_:222_4_0', 'lane_-17_0', 'lane_:278_0_0', 'lane_4_0', 'lane_:306_1_0', 'lane_-23_0', 'lane_:255_4_0', 'lane_-24_0']
Selected destination was: lane_:278_3_0, ['lane_-10_0', 'lane_:222_4_0', 'lane_-17_0', 'lane_:278_0_0', 'lane_4_0', 'lane_:306_1_0', 'lane_-23_0', 'lane_:255_5_0', 'lane_-12_0', 'lane_:194_5_0', 'lane_18_0', 'lane_:278_3_0']
Selected destination was: lane_12_0, ['lane_-21_0', 'lane_:171_4_0', 'lane_-22_0', 'lane_:306_5_0', 'lane_-4_0', 'lane_:278_4_0', 'lane_-18_0', 'lane_:194_0_0', 'lane_12_0']
Selected destination was: lane_-22_0, ['lane_:222_4_0', 'lane_-17_0', 'lane_:278_0_0', 'lane_4_0', 'lane_:306_0_0', 'lane_22_0', 'lane_:171_2_0', 'lane_-9_0', 'lane_:332_5_0', 'lane_25_0', 'lane_:54_3_0', 'lane_-2_0', 'lane_:110_1_0', 'lane_-21_0', 'lane_:171_4_0', 'lane_-22_0']
Selected destination was: lane_-16_0, ['lane_-10_0', 'lane_:222_4_0', 'lane_-17_0', 'lane_:278_0_0', 'lane_4_0', 'lane_:306_0_0', 'lane_22_0', 'lane_:171_2_0', 'lane_-9_0', 'lane_:332_5_0', 'lane_25_0', 'lane_:54_2_0', 'lane_1_0', 'lane_:26_4_0', 'lane_-16_0']
Selected destination was: lane_24_0, ['lane_-10_0', 'lane_:222_4_0', 'lane_-17_0', 'lane_:278_1_0', 'lane_-18_0', 'lane_:194_1_0', 'lane_-19_0', 'lane_:143_0_0', 'lane_6_0', 'lane_:87_0_0', 'lane_24_0']
58
Terminating episode
[read_scene_bytes] id=3 took_path=scenario
  Compiling Scenic module from D:\SIP2026\ACL-experiments\Metadrive\policy\scenarios\driver.scenic...
    Compiling Scenic module from D:\SIP2026\Scenic\src\scenic\simulators\metadrive\model.scenic...
      Compiling Scenic module from D:\SIP2026\Scenic\src\scenic\domains\driving\model.scenic...
        Compiling Scenic module from D:\SIP2026\Scenic\src\scenic\domains\driving\behaviors.scenic...
        Compiled Scenic module in 0.7515 seconds.
      Loading cached version of road network...
      Loaded cached network in 0.22 seconds.
      Compiled Scenic module in 1.568 seconds.
    Compiled Scenic module in 1.791 seconds.
  Compiled Scenic module in 4.75 seconds.
  Pruning scenario...
  Pruned scenario in 0 seconds.
counted:  {'distractor_cars': 2}
[episode 59] PASSED: {'select_lane': <Lane at 0x279e6778d90; uid="road19_lane1">, 'ego_on_intersection': 0, 'intersection_has_cars': 0, 'distractor_cars': 2, 'has_brake_checker': 1, 'intersection_cars': 2, 'maximum_distractor_speed': 20, 'distance_to_nearest': 5, 'cluster_dist': 10, 'brake_dist': 20, 'has_cluster': 1}
[episode 59] SCENE : {'select_lane': <Lane at 0x279e6778d90; uid="road19_lane1">, 'ego_on_intersection': 0, 'intersection_has_cars': 0, 'distractor_cars': 2, 'has_brake_checker': 1, 'intersection_cars': 2, 'maximum_distractor_speed': 20, 'distance_to_nearest': 5, 'cluster_dist': 10, 'brake_dist': 20, 'has_cluster': 1, 'map': WindowsPath('D:/SIP2026/ACL-experiments/Metadrive/CARLA/Town01.xodr'), 'carla_map': 'Town01', 'use2DMap': True, 'map_options': {}, 'sumo_map': 'D:\\SIP2026\\ACL-experiments\\Metadrive\\CARLA\\Town01.net.xml', 'timestep': 0.1, 'render': 1, 'render3D': 0, 'real_time': 1, 'time_step': 0.1, 'verifaiSamplerType': 'halton'}
[episode 59] params: {'select_lane': <Lane at 0x279e6778d90; uid="road19_lane1">, 'ego_on_intersection': 0, 'intersection_has_cars': 0, 'distractor_cars': 2, 'has_brake_checker': 1, 'intersection_cars': 2, 'maximum_distractor_speed': 20, 'distance_to_nearest': 5, 'cluster_dist': 10, 'brake_dist': 20, 'has_cluster': 1, 'map': WindowsPath('D:/SIP2026/ACL-experiments/Metadrive/CARLA/Town01.xodr'), 'carla_map': 'Town01', 'use2DMap': True, 'map_options': {}, 'sumo_map': 'D:\\SIP2026\\ACL-experiments\\Metadrive\\CARLA\\Town01.net.xml', 'timestep': 0.1, 'render': 1, 'render3D': 0, 'real_time': 1, 'time_step': 0.1, 'verifaiSamplerType': 'halton'}
Selected destination was: lane_:20.15_0_0, ['lane_:143_6_0', 'lane_19_0', 'lane_:194_2_0', 'lane_18_0', 'lane_:278_3_0', 'lane_4_0', 'lane_:306_0_0', 'lane_22_0', 'lane_:171_3_0', 'lane_21_0', 'lane_:110_3_0', 'lane_-3_0', 'lane_:3.13_0_0', 'lane_13_0', 'lane_:15.13_0_0', 'lane_-15_0', 'lane_:20.15_0_0']
Selected destination was: lane_:110_5_0, ['lane_19_0', 'lane_:194_3_0', 'lane_12_0', 'lane_:255_1_0', 'lane_-24_0', 'lane_:87_4_0', 'lane_5_0', 'lane_:5.20_0_0', 'lane_-20_0', 'lane_:20.15_1_0', 'lane_15_0', 'lane_:15.13_1_0', 'lane_-13_0', 'lane_:3.13_1_0', 'lane_3_0', 'lane_:110_5_0']
Selected destination was: lane_-8_0, ['lane_:110_1_0', 'lane_-21_0', 'lane_:171_4_0', 'lane_-22_0', 'lane_:306_4_0', 'lane_-23_0', 'lane_:255_4_0', 'lane_-24_0', 'lane_:87_5_0', 'lane_-6_0', 'lane_:143_4_0', 'lane_-7_0', 'lane_:7.14_1_0', 'lane_14_0', 'lane_:8.14_0_0', 'lane_-8_0']
Selected destination was: lane_:278_3_0, ['lane_21_0', 'lane_:110_2_0', 'lane_2_0', 'lane_:54_4_0', 'lane_-25_0', 'lane_:332_0_0', 'lane_9_0', 'lane_:171_1_0', 'lane_-22_0', 'lane_:306_4_0', 'lane_-23_0', 'lane_:255_5_0', 'lane_-12_0', 'lane_:194_5_0', 'lane_18_0', 'lane_:278_3_0']
59
Terminating Early!
Terminating episode
  Compiling Scenic module from D:\SIP2026\ACL-experiments\Metadrive\policy\scenarios\driver.scenic...
    Compiling Scenic module from D:\SIP2026\Scenic\src\scenic\simulators\metadrive\model.scenic...
      Compiling Scenic module from D:\SIP2026\Scenic\src\scenic\domains\driving\model.scenic...
        Compiling Scenic module from D:\SIP2026\Scenic\src\scenic\domains\driving\behaviors.scenic...
        Compiled Scenic module in 0.5821 seconds.
      Loading cached version of road network...
      Loaded cached network in 0.21 seconds.
      Compiled Scenic module in 1.251 seconds.
    Compiled Scenic module in 1.439 seconds.
  Compiled Scenic module in 1.875 seconds.
  Pruning scenario...
  Pruned scenario in 0 seconds.
counted:  {'distractor_cars': 1}
[episode 60] PASSED: {'ego_on_intersection': 1, 'intersection_has_cars': 1, 'distractor_cars': 1, 'has_brake_checker': 0, 'intersection_cars': 0, 'has_cluster': 1, 'maximum_distractor_speed': 10, 'distance_to_nearest': 5, 'cluster_dist': 10, 'brake_dist': 35}
[episode 60] SCENE : {'ego_on_intersection': 1, 'intersection_has_cars': 1, 'distractor_cars': 1, 'has_brake_checker': 0, 'intersection_cars': 0, 'has_cluster': 1, 'maximum_distractor_speed': 10, 'distance_to_nearest': 5, 'cluster_dist': 10, 'brake_dist': 35, 'map': WindowsPath('D:/SIP2026/ACL-experiments/Metadrive/CARLA/Town01.xodr'), 'carla_map': 'Town01', 'use2DMap': True, 'map_options': {}, 'sumo_map': 'D:\\SIP2026\\ACL-experiments\\Metadrive\\CARLA\\Town01.net.xml', 'timestep': 0.1, 'render': 1, 'render3D': 0, 'real_time': 1, 'time_step': 0.1, 'verifaiSamplerType': 'halton', 'select_lane': <Lane at 0x27a0aebce50; uid="road313_lane0">}
[episode 60] params: {'ego_on_intersection': 1, 'intersection_has_cars': 1, 'distractor_cars': 1, 'has_brake_checker': 0, 'intersection_cars': 0, 'has_cluster': 1, 'maximum_distractor_speed': 10, 'distance_to_nearest': 5, 'cluster_dist': 10, 'brake_dist': 35, 'map': WindowsPath('D:/SIP2026/ACL-experiments/Metadrive/CARLA/Town01.xodr'), 'carla_map': 'Town01', 'use2DMap': True, 'map_options': {}, 'sumo_map': 'D:\\SIP2026\\ACL-experiments\\Metadrive\\CARLA\\Town01.net.xml', 'timestep': 0.1, 'render': 1, 'render3D': 0, 'real_time': 1, 'time_step': 0.1, 'verifaiSamplerType': 'halton', 'select_lane': <Lane at 0x27a0aebce50; uid="road313_lane0">}
Selected destination was: lane_22_0, ['lane_-18_0', 'lane_:194_0_0', 'lane_12_0', 'lane_:255_0_0', 'lane_23_0', 'lane_:306_3_0', 'lane_22_0']
Selected destination was: lane_:7.14_1_0, ['lane_:194_1_0', 'lane_-19_0', 'lane_:143_1_0', 'lane_-7_0', 'lane_:7.14_1_0']
60
SPS: 31
Terminating episode
Counts: {'crossovers': 6, 'mutations': 8, 'replays': 3, 'generations': 43, 'param_failures': 0, 'scenario_failures': 0, 'generation_failures': 0}

=== Buffer state | total scenes: 57 ===
  cat 0 (feature_num<=1): n=10/100, pvl min=0.115 mean=0.223 max=0.353, samples_drawn=1
  cat 1 (feature_num<=2): n=9/100, pvl min=0.049 mean=0.203 max=0.463, samples_drawn=3
  cat 2 (feature_num<=3): n=7/100, pvl min=0.102 mean=0.219 max=0.325, samples_drawn=3
  cat 3 (feature_num<=5): n=11/100, pvl min=0.031 mean=0.136 max=0.308, samples_drawn=5
  cat 4 (feature_num<=8): n=2/100, pvl min=0.151 mean=0.247 max=0.342, samples_drawn=0
  cat 5 (feature_num<=12): n=10/100, pvl min=0.075 mean=0.170 max=0.267, samples_drawn=6
  cat 6 (feature_num<=18): n=8/100, pvl min=0.058 mean=0.169 max=0.279, samples_drawn=5
=== Value distribution (all categories) ===
  ego_on_intersection: {0: 29, 1: 28}
  intersection_has_cars: {0: 45, 1: 12}
  distractor_cars: {0: 7, 1: 3, 2: 9, 3: 7, 4: 9, 5: 2, 8: 2, 12: 10, 18: 8}
  has_brake_checker: {0: 26, 1: 31}
  intersection_cars: {0: 16, 1: 11, 2: 18, 3: 12}
  has_cluster: {0: 27, 1: 30}
  maximum_distractor_speed: {5: 15, 10: 10, 15: 10, 20: 22}
  distance_to_nearest: {5: 15, 10: 12, 20: 10, 40: 20}
  cluster_dist: {5: 27, 10: 16, 15: 14}
  brake_dist: {10: 7, 20: 17, 35: 13, 55: 20}
[read_scene_bytes] id=3 took_path=scenario
[read_scene_bytes] id=58 took_path=scenario
  Compiling Scenic module from D:\SIP2026\ACL-experiments\Metadrive\policy\scenarios\driver.scenic...
    Compiling Scenic module from D:\SIP2026\Scenic\src\scenic\simulators\metadrive\model.scenic...
      Compiling Scenic module from D:\SIP2026\Scenic\src\scenic\domains\driving\model.scenic...
        Compiling Scenic module from D:\SIP2026\Scenic\src\scenic\domains\driving\behaviors.scenic...
        Compiled Scenic module in 0.6304 seconds.
      Loading cached version of road network...
      Loaded cached network in 0.20 seconds.
      Compiled Scenic module in 1.417 seconds.
    Compiled Scenic module in 1.617 seconds.
  Compiled Scenic module in 2.2 seconds.
  Pruning scenario...
  Pruned scenario in 0.001037 seconds.
counted:  {'distractor_cars': 2}
[episode 61] PASSED: {'select_lane': <Lane at 0x279e6778d90; uid="road19_lane1">, 'ego_on_intersection': 0, 'intersection_has_cars': 0, 'distractor_cars': 2, 'has_brake_checker': 1, 'intersection_cars': 2, 'has_cluster': 1, 'maximum_distractor_speed': 20, 'distance_to_nearest': 5, 'cluster_dist': 10, 'brake_dist': 20}
[episode 61] SCENE : {'select_lane': <Lane at 0x279e6778d90; uid="road19_lane1">, 'ego_on_intersection': 0, 'intersection_has_cars': 0, 'distractor_cars': 2, 'has_brake_checker': 1, 'intersection_cars': 2, 'has_cluster': 1, 'maximum_distractor_speed': 20, 'distance_to_nearest': 5, 'cluster_dist': 10, 'brake_dist': 20, 'map': WindowsPath('D:/SIP2026/ACL-experiments/Metadrive/CARLA/Town01.xodr'), 'carla_map': 'Town01', 'use2DMap': True, 'map_options': {}, 'sumo_map': 'D:\\SIP2026\\ACL-experiments\\Metadrive\\CARLA\\Town01.net.xml', 'timestep': 0.1, 'render': 1, 'render3D': 0, 'real_time': 1, 'time_step': 0.1, 'verifaiSamplerType': 'halton'}
[episode 61] params: {'select_lane': <Lane at 0x279e6778d90; uid="road19_lane1">, 'ego_on_intersection': 0, 'intersection_has_cars': 0, 'distractor_cars': 2, 'has_brake_checker': 1, 'intersection_cars': 2, 'has_cluster': 1, 'maximum_distractor_speed': 20, 'distance_to_nearest': 5, 'cluster_dist': 10, 'brake_dist': 20, 'map': WindowsPath('D:/SIP2026/ACL-experiments/Metadrive/CARLA/Town01.xodr'), 'carla_map': 'Town01', 'use2DMap': True, 'map_options': {}, 'sumo_map': 'D:\\SIP2026\\ACL-experiments\\Metadrive\\CARLA\\Town01.net.xml', 'timestep': 0.1, 'render': 1, 'render3D': 0, 'real_time': 1, 'time_step': 0.1, 'verifaiSamplerType': 'halton'}
Selected destination was: lane_:171_4_0, ['lane_:143_6_0', 'lane_19_0', 'lane_:194_2_0', 'lane_18_0', 'lane_:278_2_0', 'lane_17_0', 'lane_:222_2_0', 'lane_16_0', 'lane_:26_3_0', 'lane_-1_0', 'lane_:54_0_0', 'lane_-2_0', 'lane_:110_1_0', 'lane_-21_0', 'lane_:171_4_0']
Selected destination was: lane_2_0, ['lane_19_0', 'lane_:194_2_0', 'lane_18_0', 'lane_:278_3_0', 'lane_4_0', 'lane_:306_0_0', 'lane_22_0', 'lane_:171_3_0', 'lane_21_0', 'lane_:110_2_0', 'lane_2_0']
Selected destination was: lane_:306_1_0, ['lane_18_0', 'lane_:278_3_0', 'lane_4_0', 'lane_:306_1_0']
Selected destination was: lane_4_0, ['lane_:171_2_0', 'lane_-9_0', 'lane_:332_4_0', 'lane_-10_0', 'lane_:222_4_0', 'lane_-17_0', 'lane_:278_0_0', 'lane_4_0']
61
Terminating episode
  Compiling Scenic module from D:\SIP2026\ACL-experiments\Metadrive\policy\scenarios\driver.scenic...
    Compiling Scenic module from D:\SIP2026\Scenic\src\scenic\simulators\metadrive\model.scenic...
      Compiling Scenic module from D:\SIP2026\Scenic\src\scenic\domains\driving\model.scenic...
        Compiling Scenic module from D:\SIP2026\Scenic\src\scenic\domains\driving\behaviors.scenic...
        Compiled Scenic module in 0.6633 seconds.
      Loading cached version of road network...
      Loaded cached network in 0.27 seconds.
      Compiled Scenic module in 1.369 seconds.
    Compiled Scenic module in 1.512 seconds.
  Compiled Scenic module in 1.89 seconds.
  Pruning scenario...
  Pruned scenario in 0 seconds.
counted:  {'distractor_cars': 1}
[episode 62] PASSED: {'ego_on_intersection': 1, 'intersection_has_cars': 0, 'distractor_cars': 1, 'has_brake_checker': 1, 'intersection_cars': 1, 'has_cluster': 1, 'maximum_distractor_speed': 15, 'distance_to_nearest': 5, 'cluster_dist': 5, 'brake_dist': 55}
[episode 62] SCENE : {'ego_on_intersection': 1, 'intersection_has_cars': 0, 'distractor_cars': 1, 'has_brake_checker': 1, 'intersection_cars': 1, 'has_cluster': 1, 'maximum_distractor_speed': 15, 'distance_to_nearest': 5, 'cluster_dist': 5, 'brake_dist': 55, 'map': WindowsPath('D:/SIP2026/ACL-experiments/Metadrive/CARLA/Town01.xodr'), 'carla_map': 'Town01', 'use2DMap': True, 'map_options': {}, 'sumo_map': 'D:\\SIP2026\\ACL-experiments\\Metadrive\\CARLA\\Town01.net.xml', 'timestep': 0.1, 'render': 1, 'render3D': 0, 'real_time': 1, 'time_step': 0.1, 'verifaiSamplerType': 'halton', 'select_lane': <Lane at 0x27a0ca4ff10; uid="road169_lane0">}
[episode 62] params: {'ego_on_intersection': 1, 'intersection_has_cars': 0, 'distractor_cars': 1, 'has_brake_checker': 1, 'intersection_cars': 1, 'has_cluster': 1, 'maximum_distractor_speed': 15, 'distance_to_nearest': 5, 'cluster_dist': 5, 'brake_dist': 55, 'map': WindowsPath('D:/SIP2026/ACL-experiments/Metadrive/CARLA/Town01.xodr'), 'carla_map': 'Town01', 'use2DMap': True, 'map_options': {}, 'sumo_map': 'D:\\SIP2026\\ACL-experiments\\Metadrive\\CARLA\\Town01.net.xml', 'timestep': 0.1, 'render': 1, 'render3D': 0, 'real_time': 1, 'time_step': 0.1, 'verifaiSamplerType': 'halton', 'select_lane': <Lane at 0x27a0ca4ff10; uid="road169_lane0">}
Selected destination was: lane_-5_0, ['lane_:143_2_0', 'lane_19_0', 'lane_:194_2_0', 'lane_18_0', 'lane_:278_3_0', 'lane_4_0', 'lane_:306_0_0', 'lane_22_0', 'lane_:171_3_0', 'lane_21_0', 'lane_:110_3_0', 'lane_-3_0', 'lane_:3.13_0_0', 'lane_13_0', 'lane_:15.13_0_0', 'lane_-15_0', 'lane_:20.15_0_0', 'lane_20_0', 'lane_:5.20_1_0', 'lane_-5_0']
Selected destination was: lane_-11_0, ['lane_6_0', 'lane_:87_0_0', 'lane_24_0', 'lane_:255_2_0', 'lane_-12_0', 'lane_:194_5_0', 'lane_18_0', 'lane_:278_2_0', 'lane_17_0', 'lane_:222_2_0', 'lane_16_0', 'lane_:26_2_0', 'lane_0_0', 'lane_:11.0_1_0', 'lane_-11_0']
Selected destination was: lane_:332_4_0, ['lane_:306_2_0', 'lane_-4_0', 'lane_:278_4_0', 'lane_-18_0', 'lane_:194_0_0', 'lane_12_0', 'lane_:255_0_0', 'lane_23_0', 'lane_:306_3_0', 'lane_22_0', 'lane_:171_2_0', 'lane_-9_0', 'lane_:332_4_0']
62
SPS: 31
Terminating Early!
Terminating episode
[read_scene_bytes] id=41 took_path=scenario
[episode 63] params: {'ego_on_intersection': 1, 'intersection_has_cars': 0, 'distractor_cars': 1, 'has_brake_checker': 1, 'intersection_cars': 1, 'has_cluster': 1, 'maximum_distractor_speed': 15, 'distance_to_nearest': 5, 'cluster_dist': 5, 'brake_dist': 55, 'map': WindowsPath('D:/SIP2026/ACL-experiments/Metadrive/CARLA/Town01.xodr'), 'carla_map': 'Town01', 'use2DMap': True, 'map_options': {}, 'sumo_map': 'D:\\SIP2026\\ACL-experiments\\Metadrive\\CARLA\\Town01.net.xml', 'timestep': 0.1, 'render': 1, 'render3D': 0, 'real_time': 1, 'time_step': 0.1, 'verifaiSamplerType': 'halton', 'select_lane': <Lane at 0x27a0ca4ff10; uid="road169_lane0">}
Selected destination was: lane_:222_0_0, ['lane_8_0', 'lane_:8.14_1_0', 'lane_-14_0', 'lane_:7.14_0_0', 'lane_7_0', 'lane_:143_2_0', 'lane_19_0', 'lane_:194_2_0', 'lane_18_0', 'lane_:278_2_0', 'lane_17_0', 'lane_:222_3_0', 'lane_10_0', 'lane_:332_2_0', 'lane_25_0', 'lane_:54_2_0', 'lane_1_0', 'lane_:26_4_0', 'lane_-16_0', 'lane_:222_0_0']
Selected destination was: lane_:87_0_0, ['lane_8_0', 'lane_:8.14_1_0', 'lane_-14_0', 'lane_:7.14_0_0', 'lane_7_0', 'lane_:143_3_0', 'lane_6_0', 'lane_:87_0_0']
Selected destination was: lane_15_0, ['lane_8_0', 'lane_:8.14_1_0', 'lane_-14_0', 'lane_:7.14_0_0', 'lane_7_0', 'lane_:143_3_0', 'lane_6_0', 'lane_:87_1_0', 'lane_5_0', 'lane_:5.20_0_0', 'lane_-20_0', 'lane_:20.15_1_0', 'lane_15_0']
Selected destination was: lane_:255_0_0, ['lane_8_0', 'lane_:8.14_1_0', 'lane_-14_0', 'lane_:7.14_0_0', 'lane_7_0', 'lane_:143_2_0', 'lane_19_0', 'lane_:194_3_0', 'lane_12_0', 'lane_:255_0_0']
Selected destination was: lane_:143_1_0, ['lane_10_0', 'lane_:332_3_0', 'lane_9_0', 'lane_:171_1_0', 'lane_-22_0', 'lane_:306_4_0', 'lane_-23_0', 'lane_:255_5_0', 'lane_-12_0', 'lane_:194_4_0', 'lane_-19_0', 'lane_:143_1_0']
Selected destination was: lane_9_0, ['lane_25_0', 'lane_:54_2_0', 'lane_1_0', 'lane_:26_4_0', 'lane_-16_0', 'lane_:222_0_0', 'lane_10_0', 'lane_:332_3_0', 'lane_9_0']
Selected destination was: lane_:222_0_0, ['lane_:222_6_0', 'lane_10_0', 'lane_:332_2_0', 'lane_25_0', 'lane_:54_2_0', 'lane_1_0', 'lane_:26_4_0', 'lane_-16_0', 'lane_:222_0_0']
Selected destination was: lane_:222_5_0, ['lane_:194_5_0', 'lane_18_0', 'lane_:278_3_0', 'lane_4_0', 'lane_:306_0_0', 'lane_22_0', 'lane_:171_2_0', 'lane_-9_0', 'lane_:332_4_0', 'lane_-10_0', 'lane_:222_5_0']
Selected destination was: lane_-22_0, ['lane_-6_0', 'lane_:143_5_0', 'lane_19_0', 'lane_:194_2_0', 'lane_18_0', 'lane_:278_2_0', 'lane_17_0', 'lane_:222_3_0', 'lane_10_0', 'lane_:332_3_0', 'lane_9_0', 'lane_:171_1_0', 'lane_-22_0']
Selected destination was: lane_-1_0, ['lane_13_0', 'lane_:15.13_0_0', 'lane_-15_0', 'lane_:20.15_0_0', 'lane_20_0', 'lane_:5.20_1_0', 'lane_-5_0', 'lane_:87_2_0', 'lane_-6_0', 'lane_:143_5_0', 'lane_19_0', 'lane_:194_2_0', 'lane_18_0', 'lane_:278_2_0', 'lane_17_0', 'lane_:222_2_0', 'lane_16_0', 'lane_:26_3_0', 'lane_-1_0']
63
Terminating episode
  Compiling Scenic module from D:\SIP2026\ACL-experiments\Metadrive\policy\scenarios\driver.scenic...
    Compiling Scenic module from D:\SIP2026\Scenic\src\scenic\simulators\metadrive\model.scenic...
      Compiling Scenic module from D:\SIP2026\Scenic\src\scenic\domains\driving\model.scenic...
        Compiling Scenic module from D:\SIP2026\Scenic\src\scenic\domains\driving\behaviors.scenic...
        Compiled Scenic module in 0.3615 seconds.
      Loading cached version of road network...
      Loaded cached network in 1.61 seconds.
      Compiled Scenic module in 2.259 seconds.
    Compiled Scenic module in 2.35 seconds.
  Compiled Scenic module in 2.606 seconds.
  Pruning scenario...
  Pruned scenario in 0 seconds.
counted:  {'distractor_cars': 2}
[episode 64] PASSED: {'ego_on_intersection': 1, 'intersection_has_cars': 0, 'distractor_cars': 2, 'has_brake_checker': 0, 'intersection_cars': 0, 'has_cluster': 0, 'maximum_distractor_speed': 20, 'distance_to_nearest': 5, 'cluster_dist': 15, 'brake_dist': 35}
[episode 64] SCENE : {'ego_on_intersection': 1, 'intersection_has_cars': 0, 'distractor_cars': 2, 'has_brake_checker': 0, 'intersection_cars': 0, 'has_cluster': 0, 'maximum_distractor_speed': 20, 'distance_to_nearest': 5, 'cluster_dist': 15, 'brake_dist': 35, 'map': WindowsPath('D:/SIP2026/ACL-experiments/Metadrive/CARLA/Town01.xodr'), 'carla_map': 'Town01', 'use2DMap': True, 'map_options': {}, 'sumo_map': 'D:\\SIP2026\\ACL-experiments\\Metadrive\\CARLA\\Town01.net.xml', 'timestep': 0.1, 'render': 1, 'render3D': 0, 'real_time': 1, 'time_step': 0.1, 'verifaiSamplerType': 'halton', 'select_lane': <Lane at 0x27a0f044400; uid="road9_lane0">}
[episode 64] params: {'ego_on_intersection': 1, 'intersection_has_cars': 0, 'distractor_cars': 2, 'has_brake_checker': 0, 'intersection_cars': 0, 'has_cluster': 0, 'maximum_distractor_speed': 20, 'distance_to_nearest': 5, 'cluster_dist': 15, 'brake_dist': 35, 'map': WindowsPath('D:/SIP2026/ACL-experiments/Metadrive/CARLA/Town01.xodr'), 'carla_map': 'Town01', 'use2DMap': True, 'map_options': {}, 'sumo_map': 'D:\\SIP2026\\ACL-experiments\\Metadrive\\CARLA\\Town01.net.xml', 'timestep': 0.1, 'render': 1, 'render3D': 0, 'real_time': 1, 'time_step': 0.1, 'verifaiSamplerType': 'halton', 'select_lane': <Lane at 0x27a0f044400; uid="road9_lane0">}
Selected destination was: lane_:3.13_0_0, ['lane_:306_2_0', 'lane_-4_0', 'lane_:278_5_0', 'lane_17_0', 'lane_:222_2_0', 'lane_16_0', 'lane_:26_3_0', 'lane_-1_0', 'lane_:54_0_0', 'lane_-2_0', 'lane_:110_0_0', 'lane_-3_0', 'lane_:3.13_0_0']
Selected destination was: lane_:171_0_0, ['lane_-4_0', 'lane_:278_5_0', 'lane_17_0', 'lane_:222_3_0', 'lane_10_0', 'lane_:332_3_0', 'lane_9_0', 'lane_:171_0_0']
Selected destination was: lane_-3_0, ['lane_:26_6_0', 'lane_-16_0', 'lane_:222_0_0', 'lane_10_0', 'lane_:332_2_0', 'lane_25_0', 'lane_:54_3_0', 'lane_-2_0', 'lane_:110_0_0', 'lane_-3_0']
64
SPS: 32
Terminating episode
[read_scene_bytes] id=13 took_path=scenario
[episode 65] params: {'ego_on_intersection': 1, 'intersection_has_cars': 0, 'distractor_cars': 2, 'has_brake_checker': 0, 'intersection_cars': 0, 'has_cluster': 0, 'maximum_distractor_speed': 20, 'distance_to_nearest': 5, 'cluster_dist': 15, 'brake_dist': 35, 'map': WindowsPath('D:/SIP2026/ACL-experiments/Metadrive/CARLA/Town01.xodr'), 'carla_map': 'Town01', 'use2DMap': True, 'map_options': {}, 'sumo_map': 'D:\\SIP2026\\ACL-experiments\\Metadrive\\CARLA\\Town01.net.xml', 'timestep': 0.1, 'render': 1, 'render3D': 0, 'real_time': 1, 'time_step': 0.1, 'verifaiSamplerType': 'halton', 'select_lane': <Lane at 0x27a0f044400; uid="road9_lane0">}
Selected destination was: lane_:255_4_0, ['lane_6_0', 'lane_:87_0_0', 'lane_24_0', 'lane_:255_2_0', 'lane_-12_0', 'lane_:194_5_0', 'lane_18_0', 'lane_:278_3_0', 'lane_4_0', 'lane_:306_1_0', 'lane_-23_0', 'lane_:255_4_0']
Selected destination was: lane_5_0, ['lane_6_0', 'lane_:87_1_0', 'lane_5_0']
Selected destination was: lane_:110_4_0, ['lane_6_0', 'lane_:87_1_0', 'lane_5_0', 'lane_:5.20_0_0', 'lane_-20_0', 'lane_:20.15_1_0', 'lane_15_0', 'lane_:15.13_1_0', 'lane_-13_0', 'lane_:3.13_1_0', 'lane_3_0', 'lane_:110_4_0']
Selected destination was: lane_:15.13_0_0, ['lane_17_0', 'lane_:222_2_0', 'lane_16_0', 'lane_:26_3_0', 'lane_-1_0', 'lane_:54_0_0', 'lane_-2_0', 'lane_:110_0_0', 'lane_-3_0', 'lane_:3.13_0_0', 'lane_13_0', 'lane_:15.13_0_0']
Selected destination was: lane_:278_0_0, ['lane_:87_5_0', 'lane_-6_0', 'lane_:143_4_0', 'lane_-7_0', 'lane_:7.14_1_0', 'lane_14_0', 'lane_:8.14_0_0', 'lane_-8_0', 'lane_:8.11_1_0', 'lane_11_0', 'lane_:11.0_0_0', 'lane_-0_0', 'lane_:26_1_0', 'lane_-16_0', 'lane_:222_1_0', 'lane_-17_0', 'lane_:278_0_0']
Selected destination was: lane_:306_5_0, ['lane_:26_3_0', 'lane_-1_0', 'lane_:54_0_0', 'lane_-2_0', 'lane_:110_1_0', 'lane_-21_0', 'lane_:171_4_0', 'lane_-22_0', 'lane_:306_5_0']
Selected destination was: lane_:54_2_0, ['lane_:332_3_0', 'lane_9_0', 'lane_:171_1_0', 'lane_-22_0', 'lane_:306_5_0', 'lane_-4_0', 'lane_:278_5_0', 'lane_17_0', 'lane_:222_3_0', 'lane_10_0', 'lane_:332_2_0', 'lane_25_0', 'lane_:54_2_0']
Selected destination was: lane_8_0, ['lane_:306_3_0', 'lane_22_0', 'lane_:171_2_0', 'lane_-9_0', 'lane_:332_4_0', 'lane_-10_0', 'lane_:222_5_0', 'lane_16_0', 'lane_:26_2_0', 'lane_0_0', 'lane_:11.0_1_0', 'lane_-11_0', 'lane_:8.11_0_0', 'lane_8_0']
Selected destination was: lane_:87_1_0, ['lane_-0_0', 'lane_:26_1_0', 'lane_-16_0', 'lane_:222_1_0', 'lane_-17_0', 'lane_:278_1_0', 'lane_-18_0', 'lane_:194_1_0', 'lane_-19_0', 'lane_:143_0_0', 'lane_6_0', 'lane_:87_1_0']
Selected destination was: lane_-0_0, ['lane_20_0', 'lane_:5.20_1_0', 'lane_-5_0', 'lane_:87_2_0', 'lane_-6_0', 'lane_:143_4_0', 'lane_-7_0', 'lane_:7.14_1_0', 'lane_14_0', 'lane_:8.14_0_0', 'lane_-8_0', 'lane_:8.11_1_0', 'lane_11_0', 'lane_:11.0_0_0', 'lane_-0_0']
Selected destination was: lane_:143_3_0, ['lane_:87_0_0', 'lane_24_0', 'lane_:255_2_0', 'lane_-12_0', 'lane_:194_5_0', 'lane_18_0', 'lane_:278_2_0', 'lane_17_0', 'lane_:222_2_0', 'lane_16_0', 'lane_:26_2_0', 'lane_0_0', 'lane_:11.0_1_0', 'lane_-11_0', 'lane_:8.11_0_0', 'lane_8_0', 'lane_:8.14_1_0', 'lane_-14_0', 'lane_:7.14_0_0', 'lane_7_0', 'lane_:143_3_0']
Selected destination was: lane_:110_3_0, ['lane_:332_5_0', 'lane_25_0', 'lane_:54_2_0', 'lane_1_0', 'lane_:26_4_0', 'lane_-16_0', 'lane_:222_0_0', 'lane_10_0', 'lane_:332_3_0', 'lane_9_0', 'lane_:171_0_0', 'lane_21_0', 'lane_:110_3_0']
Selected destination was: lane_:54_2_0, ['lane_25_0', 'lane_:54_2_0']
Selected destination was: lane_:194_5_0, ['lane_:5.20_1_0', 'lane_-5_0', 'lane_:87_3_0', 'lane_24_0', 'lane_:255_2_0', 'lane_-12_0', 'lane_:194_5_0']
Selected destination was: lane_:143_3_0, ['lane_:332_3_0', 'lane_9_0', 'lane_:171_0_0', 'lane_21_0', 'lane_:110_2_0', 'lane_2_0', 'lane_:54_5_0', 'lane_1_0', 'lane_:26_5_0', 'lane_0_0', 'lane_:11.0_1_0', 'lane_-11_0', 'lane_:8.11_0_0', 'lane_8_0', 'lane_:8.14_1_0', 'lane_-14_0', 'lane_:7.14_0_0', 'lane_7_0', 'lane_:143_3_0']
Selected destination was: lane_:222_5_0, ['lane_:332_0_0', 'lane_9_0', 'lane_:171_0_0', 'lane_21_0', 'lane_:110_2_0', 'lane_2_0', 'lane_:54_4_0', 'lane_-25_0', 'lane_:332_1_0', 'lane_-10_0', 'lane_:222_5_0']
Selected destination was: lane_:87_2_0, ['lane_2_0', 'lane_:54_4_0', 'lane_-25_0', 'lane_:332_0_0', 'lane_9_0', 'lane_:171_0_0', 'lane_21_0', 'lane_:110_3_0', 'lane_-3_0', 'lane_:3.13_0_0', 'lane_13_0', 'lane_:15.13_0_0', 'lane_-15_0', 'lane_:20.15_0_0', 'lane_20_0', 'lane_:5.20_1_0', 'lane_-5_0', 'lane_:87_2_0']
Selected destination was: lane_:306_1_0, ['lane_:26_2_0', 'lane_0_0', 'lane_:11.0_1_0', 'lane_-11_0', 'lane_:8.11_0_0', 'lane_8_0', 'lane_:8.14_1_0', 'lane_-14_0', 'lane_:7.14_0_0', 'lane_7_0', 'lane_:143_2_0', 'lane_19_0', 'lane_:194_2_0', 'lane_18_0', 'lane_:278_3_0', 'lane_4_0', 'lane_:306_1_0']
Selected destination was: lane_:306_3_0, ['lane_:87_4_0', 'lane_5_0', 'lane_:5.20_0_0', 'lane_-20_0', 'lane_:20.15_1_0', 'lane_15_0', 'lane_:15.13_1_0', 'lane_-13_0', 'lane_:3.13_1_0', 'lane_3_0', 'lane_:110_4_0', 'lane_-21_0', 'lane_:171_4_0', 'lane_-22_0', 'lane_:306_5_0', 'lane_-4_0', 'lane_:278_4_0', 'lane_-18_0', 'lane_:194_0_0', 'lane_12_0', 'lane_:255_0_0', 'lane_23_0', 'lane_:306_3_0']
Selected destination was: lane_-8_0, ['lane_-11_0', 'lane_:8.11_0_0', 'lane_8_0', 'lane_:8.14_1_0', 'lane_-14_0', 'lane_:7.14_0_0', 'lane_7_0', 'lane_:143_2_0', 'lane_19_0', 'lane_:194_3_0', 'lane_12_0', 'lane_:255_1_0', 'lane_-24_0', 'lane_:87_5_0', 'lane_-6_0', 'lane_:143_4_0', 'lane_-7_0', 'lane_:7.14_1_0', 'lane_14_0', 'lane_:8.14_0_0', 'lane_-8_0']
65
Terminating episode
  Compiling Scenic module from D:\SIP2026\ACL-experiments\Metadrive\policy\scenarios\driver.scenic...
    Compiling Scenic module from D:\SIP2026\Scenic\src\scenic\simulators\metadrive\model.scenic...
      Compiling Scenic module from D:\SIP2026\Scenic\src\scenic\domains\driving\model.scenic...
        Compiling Scenic module from D:\SIP2026\Scenic\src\scenic\domains\driving\behaviors.scenic...
        Compiled Scenic module in 0.2961 seconds.
      Loading cached version of road network...
      Loaded cached network in 0.09 seconds.
      Compiled Scenic module in 0.6241 seconds.
    Compiled Scenic module in 0.7192 seconds.
  Compiled Scenic module in 0.9703 seconds.
  Pruning scenario...
  Pruned scenario in 0 seconds.
counted:  {'distractor_cars': 3}
[episode 66] PASSED: {'ego_on_intersection': 0, 'intersection_has_cars': 0, 'distractor_cars': 3, 'has_brake_checker': 1, 'intersection_cars': 1, 'has_cluster': 0, 'maximum_distractor_speed': 5, 'distance_to_nearest': 40, 'cluster_dist': 5, 'brake_dist': 55}
